
running 1 test
{"phase":"identity","case":"duel","revision":274,"profile":"local-274 · 127.0.0.1:43594 · revision 274","cache_id":"4aac9b63312dcb75d5de8f686772d083ba0808c57985438246edf21ef522be1c","nav_pack":"/Users/acfrazier/experiments/274bot/.worktrees/rs2b0t-multirevision/.superpowers/world-capabilities/274/274bot.navpack","nav_sha256":"05db24743e9f549ced16c1f00b87c30a390d3aaec391815da3f3563130b3bcd4","catalog_commit":"100adccc037d9f6898080e1cad58fcfc43364775","catalog_identity":"pre-289 frozen catalog","catalog_read_only_path":".superpowers/inputs/rs2b0t-100adccc037d9f6898080e1cad58fcfc43364775","catalog_root":"/Users/acfrazier/experiments/274bot/.worktrees/rs2b0t-multirevision/.superpowers/inputs/rs2b0t-100adccc037d9f6898080e1cad58fcfc43364775","registry_path":"/Users/acfrazier/experiments/274bot/.worktrees/rs2b0t-multirevision/.superpowers/inputs/rs2b0t-100adccc037d9f6898080e1cad58fcfc43364775/src/bot/scripts/index.ts","registry_sha256":"b614aedb3d5adfdfbac3760f082273f3cf5c33fffe4ced0f2b01490ae02d1bc2","card":{"card":"Duel Arena Combat Trainer","source_path":"/Users/acfrazier/experiments/274bot/.worktrees/rs2b0t-multirevision/.superpowers/inputs/rs2b0t-100adccc037d9f6898080e1cad58fcfc43364775/src/bot/scripts/DuelArena/DuelArena.ts","source_sha256":"5656dabb30a47aac590fa1afadba19e689dd792d70da8dc4851e18d62e52d090","compiled_sha256":"15ef9a6f8fbc8fe49a75235bb81edd0d0557cc47c12b97bc1c1b7ffc960d176c","siblings":[{"module":"/rs2b0t/bot/scripts/bot/DuelArenaLogic.js","compiled_sha256":"eabc4391e3d45a79cfc139bb14fc02a6d6d67e8014fbb544b044563c7cd492bb"},{"module":"/rs2b0t/bot/scripts/bot/DuelInterface.js","compiled_sha256":"6b66ebc3e6851614d44aeeb2816a6410268d2fb826f50677dee027c63105dfd0"}]},"accounts":["liveb71btf_0","liveb71btf_1"],"gold_deadline_secs":180,"gold_watch_ticks":150}
[host-play] slot liveb71btf_1: thread up
[host-play] slot liveb71btf_0: thread up
274bot: loaded snapshot (4556 models, 336 anim records)
[host-play] slot liveb71btf_1: handshake begin reconnect=false
[host-play] slot liveb71btf_0: handshake begin reconnect=false
[host-play] slot liveb71btf_1: handshake ok
[host-play] slot liveb71btf_0: handshake ok
[host-play] slot liveb71btf_1: queued mainland tele+setvar (scene 2)
[host-play] slot liveb71btf_0: queued mainland tele+setvar (scene 2)
[host] slot liveb71btf_1: d_loop_us=15084 d_raster_us=0 d_observe_us=29464 max_observe_us=2920 d_paints=0 d_skips=50 d_ticks=5 window_ms=0
[host] slot liveb71btf_0: d_loop_us=13996 d_raster_us=0 d_observe_us=30820 max_observe_us=3947 d_paints=0 d_skips=50 d_ticks=5 window_ms=0
{"phase":"before-relog","account":"liveb71btf_0"}
{"phase":"before-relog","account":"liveb71btf_1"}
[host-play] slot liveb71btf_1: handshake begin reconnect=true
[host-play] slot liveb71btf_0: handshake begin reconnect=true
[host-play] slot liveb71btf_1: handshake ok
{"phase":"relog-observed-logout","account":"liveb71btf_1"}
[host-play] slot liveb71btf_0: handshake ok
{"phase":"relog-observed-logout","account":"liveb71btf_0"}
[host] slot liveb71btf_1: d_loop_us=986 d_raster_us=0 d_observe_us=22539 max_observe_us=2272 d_paints=0 d_skips=50 d_ticks=1 window_ms=0
[host] slot liveb71btf_0: d_loop_us=851 d_raster_us=0 d_observe_us=22327 max_observe_us=2403 d_paints=0 d_skips=50 d_ticks=1 window_ms=0
{"phase":"after-relog","account":"liveb71btf_0"}
[host-play] slot liveb71btf_0: queued mainland tele+setvar (scene 2)
{"phase":"after-relog","account":"liveb71btf_1"}
[host-play] slot liveb71btf_1: queued mainland tele+setvar (scene 2)
{"phase":"seed-queued","account":"liveb71btf_1","kind":"duel_bronze_scimitar_at_challenge_anchor","note":"queued seed is not bank acknowledgement or script restock"}
{"phase":"seed-queued","account":"liveb71btf_0","kind":"duel_bronze_scimitar_at_challenge_anchor","note":"queued seed is not bank acknowledgement or script restock"}
{"phase":"seed-observed","account":"liveb71btf_0","bank_ack_done":false}
{"phase":"seed-observed","account":"liveb71btf_1","bank_ack_done":false}
{"phase":"baseline-after-preparation","account":"liveb71btf_0","observation":{"ingame":true,"scene_state":2,"inventory_tab_available":true,"player":"Liveb71btf 0","tile":[3368,3274,0],"tick":11,"attack_xp":0,"strength_xp":0,"defence_xp":0,"hitpoints_xp":1154,"in_combat":false,"in_challenge_area":true,"in_fight_pen":false,"main_modal":-1,"duel_offer_open":false,"duel_confirm_open":false,"duel_win_open":false,"duel_partner":null,"waiting_for_other":false,"weapon_equipped":true,"peer_visible":true}}
{"phase":"prepared","account":"liveb71btf_0","note":"waiting for shared start barrier; not Start"}
{"phase":"baseline-after-preparation","account":"liveb71btf_1","observation":{"ingame":true,"scene_state":2,"inventory_tab_available":true,"player":"Liveb71btf 1","tile":[3368,3274,0],"tick":12,"attack_xp":0,"strength_xp":0,"defence_xp":0,"hitpoints_xp":1154,"in_combat":false,"in_challenge_area":true,"in_fight_pen":false,"main_modal":-1,"duel_offer_open":false,"duel_confirm_open":false,"duel_win_open":false,"duel_partner":null,"waiting_for_other":false,"weapon_equipped":true,"peer_visible":true}}
{"phase":"prepared","account":"liveb71btf_1","note":"waiting for shared start barrier; not Start"}
[script liveb71btf_0] start load
{"phase":"start","account":"liveb71btf_0","kind":"duel","settings":{"targetAttack":99.0,"targetStrength":99.0,"targetDefence":1.0}}
[script liveb71btf_1] start load
{"phase":"start","account":"liveb71btf_1","kind":"duel","settings":{"targetAttack":99.0,"targetStrength":99.0,"targetDefence":1.0}}
{"phase":"both-started","gold_clock":"begin","note":"gold clock starts only after both Start; preparation is not counted"}
[host] hitch liveb71btf_0: observe_us=18943 paints=0 skips=86 ticks=13
[host] hitch liveb71btf_1: observe_us=18242 paints=0 skips=84 ticks=13
[script liveb71btf_1] Duel Arena trainer starting — melee only; targets Attack 99, Strength 99, Defence 1; challenges every 5s
[script liveb71btf_1] interact Player { name: "Liveb71btf 0", action: "Challenge" }
[script liveb71btf_0] Duel Arena trainer starting — melee only; targets Attack 99, Strength 99, Defence 1; challenges every 5s
[script liveb71btf_0] interact Player { name: "Liveb71btf 1", action: "Challenge" }
[host] slot liveb71btf_0: d_loop_us=29095 d_raster_us=0 d_observe_us=105419 max_observe_us=18943 d_paints=0 d_skips=50 d_ticks=13 window_ms=8065
[host] slot liveb71btf_1: d_loop_us=28351 d_raster_us=0 d_observe_us=107674 max_observe_us=18242 d_paints=0 d_skips=50 d_ticks=13 window_ms=8105
[host] slot liveb71btf_0: d_loop_us=947 d_raster_us=0 d_observe_us=51463 max_observe_us=10300 d_paints=0 d_skips=50 d_ticks=2 window_ms=1209
[host] slot liveb71btf_1: d_loop_us=930 d_raster_us=0 d_observe_us=58378 max_observe_us=14882 d_paints=0 d_skips=50 d_ticks=2 window_ms=1175
[script liveb71btf_0] interact IfButton { component_id: 6674 }
[script liveb71btf_1] interact IfButton { component_id: 6674 }
[host] slot liveb71btf_0: d_loop_us=1158 d_raster_us=0 d_observe_us=71347 max_observe_us=10949 d_paints=0 d_skips=50 d_ticks=2 window_ms=1193
[host] slot liveb71btf_1: d_loop_us=941 d_raster_us=0 d_observe_us=70416 max_observe_us=10673 d_paints=0 d_skips=50 d_ticks=2 window_ms=1192
[script liveb71btf_1] interact IfButton { component_id: 6520 }
[script liveb71btf_0] interact IfButton { component_id: 6520 }
[rs2b0t] listener error Error: not impl: reader.selfChat
    at notImpl (file:///rs2b0t/bot/shim/_kernel.js:5:5)
    at Object.get (file:///rs2b0t/bot/shim/_kernel.js:17:19)
    at DuelArena.observeFightState (file:///rs2b0t/bot/scripts/bot/bot.js:276:50)
    at file:///rs2b0t/bot/scripts/bot/bot.js:93:63
    at globalThis.__rs2b0t_fire_tick_listeners (file:///rs2b0t/bot/runtime/BotHost.js:14:13)
    at globalThis.__rs2b0t_pump (file:///rs2b0t/bot/api/execution/Execution.js:107:37)
[script liveb71btf_1] [rs2b0t] listener error not impl: reader.selfChat
[host] slot liveb71btf_1: d_loop_us=936 d_raster_us=0 d_observe_us=64137 max_observe_us=11592 d_paints=0 d_skips=50 d_ticks=2 window_ms=1174
[rs2b0t] listener error Error: not impl: reader.selfChat
    at notImpl (file:///rs2b0t/bot/shim/_kernel.js:5:5)
    at Object.get (file:///rs2b0t/bot/shim/_kernel.js:17:19)
    at DuelArena.observeFightState (file:///rs2b0t/bot/scripts/bot/bot.js:288:70)
    at file:///rs2b0t/bot/scripts/bot/bot.js:93:63
    at globalThis.__rs2b0t_fire_tick_listeners (file:///rs2b0t/bot/runtime/BotHost.js:14:13)
    at globalThis.__rs2b0t_tick_async (file:///rs2b0t/bot/scripts/bot/main.js:15:37)
    at globalThis.__rs_tick (file:///rs2b0t/bot/scripts/bot/main.js:8:16)
[script liveb71btf_1] [rs2b0t] listener error not impl: reader.selfChat
[script liveb71btf_1] interact WalkTo { x: 3345, z: 3251, level: 0 }
[host] slot liveb71btf_0: d_loop_us=13073 d_raster_us=0 d_observe_us=59400 max_observe_us=8224 d_paints=0 d_skips=50 d_ticks=3 window_ms=2086
[rs2b0t] listener error Error: not impl: reader.selfChat
    at notImpl (file:///rs2b0t/bot/shim/_kernel.js:5:5)
    at Object.get (file:///rs2b0t/bot/shim/_kernel.js:17:19)
    at DuelArena.observeFightState (file:///rs2b0t/bot/scripts/bot/bot.js:288:70)
    at file:///rs2b0t/bot/scripts/bot/bot.js:93:63
    at globalThis.__rs2b0t_fire_tick_listeners (file:///rs2b0t/bot/runtime/BotHost.js:14:13)
    at globalThis.__rs2b0t_pump (file:///rs2b0t/bot/api/execution/Execution.js:107:37)
[script liveb71btf_1] [rs2b0t] listener error not impl: reader.selfChat
[host] slot liveb71btf_1: d_loop_us=863 d_raster_us=0 d_observe_us=62901 max_observe_us=13872 d_paints=0 d_skips=50 d_ticks=2 window_ms=1177
[rs2b0t] listener error Error: not impl: reader.selfChat
    at notImpl (file:///rs2b0t/bot/shim/_kernel.js:5:5)
    at Object.get (file:///rs2b0t/bot/shim/_kernel.js:17:19)
    at DuelArena.observeFightState (file:///rs2b0t/bot/scripts/bot/bot.js:276:50)
    at file:///rs2b0t/bot/scripts/bot/bot.js:93:63
    at globalThis.__rs2b0t_fire_tick_listeners (file:///rs2b0t/bot/runtime/BotHost.js:14:13)
    at globalThis.__rs2b0t_pump (file:///rs2b0t/bot/api/execution/Execution.js:107:37)
[rs2b0t] listener error Error: not impl: reader.selfChat
    at notImpl (file:///rs2b0t/bot/shim/_kernel.js:5:5)
    at Object.get (file:///rs2b0t/bot/shim/_kernel.js:17:19)
    at DuelArena.observeFightState (file:///rs2b0t/bot/scripts/bot/bot.js:288:70)
    at file:///rs2b0t/bot/scripts/bot/bot.js:93:63
    at globalThis.__rs2b0t_fire_tick_listeners (file:///rs2b0t/bot/runtime/BotHost.js:14:13)
    at globalThis.__rs2b0t_tick_async (file:///rs2b0t/bot/scripts/bot/main.js:15:37)
    at globalThis.__rs_tick (file:///rs2b0t/bot/scripts/bot/main.js:8:16)
[rs2b0t] listener error Error: not impl: reader.selfChat
    at notImpl (file:///rs2b0t/bot/shim/_kernel.js:5:5)
    at Object.get (file:///rs2b0t/bot/shim/_kernel.js:17:19)
    at DuelArena.observeFightState (file:///rs2b0t/bot/scripts/bot/bot.js:288:70)
    at file:///rs2b0t/bot/scripts/bot/bot.js:93:63
    at globalThis.__rs2b0t_fire_tick_listeners (file:///rs2b0t/bot/runtime/BotHost.js:14:13)
    at globalThis.__rs2b0t_pump (file:///rs2b0t/bot/api/execution/Execution.js:107:37)
[script liveb71btf_0] [rs2b0t] listener error not impl: reader.selfChat
[script liveb71btf_0] [rs2b0t] listener error not impl: reader.selfChat
[script liveb71btf_1] [rs2b0t] listener error not impl: reader.selfChat
[rs2b0t] listener error Error: not impl: reader.selfChat
    at notImpl (file:///rs2b0t/bot/shim/_kernel.js:5:5)
    at Object.get (file:///rs2b0t/bot/shim/_kernel.js:17:19)
    at DuelArena.observeFightState (file:///rs2b0t/bot/scripts/bot/bot.js:288:70)
    at file:///rs2b0t/bot/scripts/bot/bot.js:93:63
    at globalThis.__rs2b0t_fire_tick_listeners (file:///rs2b0t/bot/runtime/BotHost.js:14:13)
    at globalThis.__rs2b0t_pump (file:///rs2b0t/bot/api/execution/Execution.js:107:37)
[script liveb71btf_0] [rs2b0t] listener error not impl: reader.selfChat
[rs2b0t] listener error Error: not impl: reader.selfChat
    at notImpl (file:///rs2b0t/bot/shim/_kernel.js:5:5)
    at Object.get (file:///rs2b0t/bot/shim/_kernel.js:17:19)
    at DuelArena.observeFightState (file:///rs2b0t/bot/scripts/bot/bot.js:288:70)
    at file:///rs2b0t/bot/scripts/bot/bot.js:93:63
    at globalThis.__rs2b0t_fire_tick_listeners (file:///rs2b0t/bot/runtime/BotHost.js:14:13)
    at globalThis.__rs2b0t_pump (file:///rs2b0t/bot/api/execution/Execution.js:107:37)
[script liveb71btf_1] [rs2b0t] listener error not impl: reader.selfChat
[host] slot liveb71btf_1: d_loop_us=900 d_raster_us=0 d_observe_us=60034 max_observe_us=15333 d_paints=0 d_skips=50 d_ticks=2 window_ms=1199
[host] slot liveb71btf_0: d_loop_us=737 d_raster_us=0 d_observe_us=62096 max_observe_us=15724 d_paints=0 d_skips=50 d_ticks=3 window_ms=1712
[rs2b0t] listener error Error: not impl: reader.selfChat
    at notImpl (file:///rs2b0t/bot/shim/_kernel.js:5:5)
    at Object.get (file:///rs2b0t/bot/shim/_kernel.js:17:19)
    at DuelArena.observeFightState (file:///rs2b0t/bot/scripts/bot/bot.js:288:70)
    at file:///rs2b0t/bot/scripts/bot/bot.js:93:63
    at globalThis.__rs2b0t_fire_tick_listeners (file:///rs2b0t/bot/runtime/BotHost.js:14:13)
    at globalThis.__rs2b0t_tick_async (file:///rs2b0t/bot/scripts/bot/main.js:15:37)
    at globalThis.__rs_tick (file:///rs2b0t/bot/scripts/bot/main.js:8:16)
[script liveb71btf_0] [rs2b0t] listener error not impl: reader.selfChat
[rs2b0t] listener error Error: not impl: reader.selfChat
    at notImpl (file:///rs2b0t/bot/shim/_kernel.js:5:5)
    at Object.get (file:///rs2b0t/bot/shim/_kernel.js:17:19)
    at DuelArena.observeFightState (file:///rs2b0t/bot/scripts/bot/bot.js:288:70)
    at file:///rs2b0t/bot/scripts/bot/bot.js:93:63
    at globalThis.__rs2b0t_fire_tick_listeners (file:///rs2b0t/bot/runtime/BotHost.js:14:13)
    at globalThis.__rs2b0t_tick_async (file:///rs2b0t/bot/scripts/bot/main.js:15:37)
    at globalThis.__rs_tick (file:///rs2b0t/bot/scripts/bot/main.js:8:16)
[script liveb71btf_1] [rs2b0t] listener error not impl: reader.selfChat
[rs2b0t] listener error Error: not impl: reader.selfChat
    at notImpl (file:///rs2b0t/bot/shim/_kernel.js:5:5)
    at Object.get (file:///rs2b0t/bot/shim/_kernel.js:17:19)
    at DuelArena.observeFightState (file:///rs2b0t/bot/scripts/bot/bot.js:288:70)
    at file:///rs2b0t/bot/scripts/bot/bot.js:93:63
    at globalThis.__rs2b0t_fire_tick_listeners (file:///rs2b0t/bot/runtime/BotHost.js:14:13)
    at globalThis.__rs2b0t_pump (file:///rs2b0t/bot/api/execution/Execution.js:107:37)
[rs2b0t] listener error Error: not impl: reader.selfChat
    at notImpl (file:///rs2b0t/bot/shim/_kernel.js:5:5)
    at Object.get (file:///rs2b0t/bot/shim/_kernel.js:17:19)
    at DuelArena.observeFightState (file:///rs2b0t/bot/scripts/bot/bot.js:288:70)
    at file:///rs2b0t/bot/scripts/bot/bot.js:93:63
    at globalThis.__rs2b0t_fire_tick_listeners (file:///rs2b0t/bot/runtime/BotHost.js:14:13)
    at globalThis.__rs2b0t_pump (file:///rs2b0t/bot/api/execution/Execution.js:107:37)
[script liveb71btf_1] [rs2b0t] listener error not impl: reader.selfChat
[script liveb71btf_0] [rs2b0t] listener error not impl: reader.selfChat
[host] slot liveb71btf_1: d_loop_us=850 d_raster_us=0 d_observe_us=51084 max_observe_us=15960 d_paints=0 d_skips=50 d_ticks=2 window_ms=1192
[host] slot liveb71btf_0: d_loop_us=841 d_raster_us=0 d_observe_us=43877 max_observe_us=8001 d_paints=0 d_skips=50 d_ticks=2 window_ms=1199
[rs2b0t] listener error Error: not impl: reader.selfChat
    at notImpl (file:///rs2b0t/bot/shim/_kernel.js:5:5)
    at Object.get (file:///rs2b0t/bot/shim/_kernel.js:17:19)
    at DuelArena.observeFightState (file:///rs2b0t/bot/scripts/bot/bot.js:288:70)
    at file:///rs2b0t/bot/scripts/bot/bot.js:93:63
    at globalThis.__rs2b0t_fire_tick_listeners (file:///rs2b0t/bot/runtime/BotHost.js:14:13)
    at globalThis.__rs2b0t_tick_async (file:///rs2b0t/bot/scripts/bot/main.js:15:37)
    at globalThis.__rs_tick (file:///rs2b0t/bot/scripts/bot/main.js:8:16)
[rs2b0t] listener error Error: not impl: reader.selfChat
    at notImpl (file:///rs2b0t/bot/shim/_kernel.js:5:5)
    at Object.get (file:///rs2b0t/bot/shim/_kernel.js:17:19)
    at DuelArena.observeFightState (file:///rs2b0t/bot/scripts/bot/bot.js:288:70)
    at file:///rs2b0t/bot/scripts/bot/bot.js:93:63
    at globalThis.__rs2b0t_fire_tick_listeners (file:///rs2b0t/bot/runtime/BotHost.js:14:13)
    at globalThis.__rs2b0t_tick_async (file:///rs2b0t/bot/scripts/bot/main.js:15:37)
    at globalThis.__rs_tick (file:///rs2b0t/bot/scripts/bot/main.js:8:16)
[script liveb71btf_1] [rs2b0t] listener error not impl: reader.selfChat
[script liveb71btf_0] [rs2b0t] listener error not impl: reader.selfChat
[rs2b0t] listener error Error: not impl: reader.selfChat
    at notImpl (file:///rs2b0t/bot/shim/_kernel.js:5:5)
    at Object.get (file:///rs2b0t/bot/shim/_kernel.js:17:19)
    at DuelArena.observeFightState (file:///rs2b0t/bot/scripts/bot/bot.js:288:70)
    at file:///rs2b0t/bot/scripts/bot/bot.js:93:63
    at globalThis.__rs2b0t_fire_tick_listeners (file:///rs2b0t/bot/runtime/BotHost.js:14:13)
    at globalThis.__rs2b0t_pump (file:///rs2b0t/bot/api/execution/Execution.js:107:37)
[rs2b0t] listener error Error: not impl: reader.selfChat
    at notImpl (file:///rs2b0t/bot/shim/_kernel.js:5:5)
    at Object.get (file:///rs2b0t/bot/shim/_kernel.js:17:19)
    at DuelArena.observeFightState (file:///rs2b0t/bot/scripts/bot/bot.js:288:70)
    at file:///rs2b0t/bot/scripts/bot/bot.js:93:63
    at globalThis.__rs2b0t_fire_tick_listeners (file:///rs2b0t/bot/runtime/BotHost.js:14:13)
    at globalThis.__rs2b0t_pump (file:///rs2b0t/bot/api/execution/Execution.js:107:37)
[script liveb71btf_0] [rs2b0t] listener error not impl: reader.selfChat
[script liveb71btf_1] [rs2b0t] listener error not impl: reader.selfChat
[host] slot liveb71btf_1: d_loop_us=828 d_raster_us=0 d_observe_us=50200 max_observe_us=8194 d_paints=0 d_skips=50 d_ticks=2 window_ms=1175
[host] slot liveb71btf_0: d_loop_us=831 d_raster_us=0 d_observe_us=52085 max_observe_us=8310 d_paints=0 d_skips=50 d_ticks=2 window_ms=1178
[rs2b0t] listener error Error: not impl: reader.selfChat
    at notImpl (file:///rs2b0t/bot/shim/_kernel.js:5:5)
    at Object.get (file:///rs2b0t/bot/shim/_kernel.js:17:19)
    at DuelArena.observeFightState (file:///rs2b0t/bot/scripts/bot/bot.js:288:70)
    at file:///rs2b0t/bot/scripts/bot/bot.js:93:63
    at globalThis.__rs2b0t_fire_tick_listeners (file:///rs2b0t/bot/runtime/BotHost.js:14:13)
    at globalThis.__rs2b0t_tick_async (file:///rs2b0t/bot/scripts/bot/main.js:15:37)
    at globalThis.__rs_tick (file:///rs2b0t/bot/scripts/bot/main.js:8:16)
[script liveb71btf_1] [rs2b0t] listener error not impl: reader.selfChat
[rs2b0t] listener error Error: not impl: reader.selfChat
    at notImpl (file:///rs2b0t/bot/shim/_kernel.js:5:5)
    at Object.get (file:///rs2b0t/bot/shim/_kernel.js:17:19)
    at DuelArena.observeFightState (file:///rs2b0t/bot/scripts/bot/bot.js:288:70)
    at file:///rs2b0t/bot/scripts/bot/bot.js:93:63
    at globalThis.__rs2b0t_fire_tick_listeners (file:///rs2b0t/bot/runtime/BotHost.js:14:13)
    at globalThis.__rs2b0t_tick_async (file:///rs2b0t/bot/scripts/bot/main.js:15:37)
    at globalThis.__rs_tick (file:///rs2b0t/bot/scripts/bot/main.js:8:16)
[script liveb71btf_0] [rs2b0t] listener error not impl: reader.selfChat
[rs2b0t] listener error Error: not impl: reader.selfChat
    at notImpl (file:///rs2b0t/bot/shim/_kernel.js:5:5)
    at Object.get (file:///rs2b0t/bot/shim/_kernel.js:17:19)
    at DuelArena.observeFightState (file:///rs2b0t/bot/scripts/bot/bot.js:288:70)
    at file:///rs2b0t/bot/scripts/bot/bot.js:93:63
    at globalThis.__rs2b0t_fire_tick_listeners (file:///rs2b0t/bot/runtime/BotHost.js:14:13)
    at globalThis.__rs2b0t_pump (file:///rs2b0t/bot/api/execution/Execution.js:107:37)
[rs2b0t] listener error Error: not impl: reader.selfChat
    at notImpl (file:///rs2b0t/bot/shim/_kernel.js:5:5)
    at Object.get (file:///rs2b0t/bot/shim/_kernel.js:17:19)
    at DuelArena.observeFightState (file:///rs2b0t/bot/scripts/bot/bot.js:288:70)
    at file:///rs2b0t/bot/scripts/bot/bot.js:93:63
    at globalThis.__rs2b0t_fire_tick_listeners (file:///rs2b0t/bot/runtime/BotHost.js:14:13)
    at globalThis.__rs2b0t_pump (file:///rs2b0t/bot/api/execution/Execution.js:107:37)
[script liveb71btf_1] [rs2b0t] listener error not impl: reader.selfChat
[script liveb71btf_0] [rs2b0t] listener error not impl: reader.selfChat
[host] slot liveb71btf_1: d_loop_us=853 d_raster_us=0 d_observe_us=47088 max_observe_us=8848 d_paints=0 d_skips=50 d_ticks=2 window_ms=1185
[host] slot liveb71btf_0: d_loop_us=838 d_raster_us=0 d_observe_us=49096 max_observe_us=8345 d_paints=0 d_skips=50 d_ticks=2 window_ms=1193
[rs2b0t] listener error Error: not impl: reader.selfChat
    at notImpl (file:///rs2b0t/bot/shim/_kernel.js:5:5)
    at Object.get (file:///rs2b0t/bot/shim/_kernel.js:17:19)
    at DuelArena.observeFightState (file:///rs2b0t/bot/scripts/bot/bot.js:288:70)
    at file:///rs2b0t/bot/scripts/bot/bot.js:93:63
    at globalThis.__rs2b0t_fire_tick_listeners (file:///rs2b0t/bot/runtime/BotHost.js:14:13)
    at globalThis.__rs2b0t_tick_async (file:///rs2b0t/bot/scripts/bot/main.js:15:37)
    at globalThis.__rs_tick (file:///rs2b0t/bot/scripts/bot/main.js:8:16)
[rs2b0t] listener error Error: not impl: reader.selfChat
    at notImpl (file:///rs2b0t/bot/shim/_kernel.js:5:5)
    at Object.get (file:///rs2b0t/bot/shim/_kernel.js:17:19)
    at DuelArena.observeFightState (file:///rs2b0t/bot/scripts/bot/bot.js:288:70)
    at file:///rs2b0t/bot/scripts/bot/bot.js:93:63
    at globalThis.__rs2b0t_fire_tick_listeners (file:///rs2b0t/bot/runtime/BotHost.js:14:13)
    at globalThis.__rs2b0t_tick_async (file:///rs2b0t/bot/scripts/bot/main.js:15:37)
    at globalThis.__rs_tick (file:///rs2b0t/bot/scripts/bot/main.js:8:16)
[script liveb71btf_0] [rs2b0t] listener error not impl: reader.selfChat
[script liveb71btf_1] [rs2b0t] listener error not impl: reader.selfChat
[rs2b0t] listener error Error: not impl: reader.selfChat
    at notImpl (file:///rs2b0t/bot/shim/_kernel.js:5:5)
    at Object.get (file:///rs2b0t/bot/shim/_kernel.js:17:19)
    at DuelArena.observeFightState (file:///rs2b0t/bot/scripts/bot/bot.js:288:70)
    at file:///rs2b0t/bot/scripts/bot/bot.js:93:63
    at globalThis.__rs2b0t_fire_tick_listeners (file:///rs2b0t/bot/runtime/BotHost.js:14:13)
    at globalThis.__rs2b0t_pump (file:///rs2b0t/bot/api/execution/Execution.js:107:37)
[rs2b0t] listener error Error: not impl: reader.selfChat
    at notImpl (file:///rs2b0t/bot/shim/_kernel.js:5:5)
    at Object.get (file:///rs2b0t/bot/shim/_kernel.js:17:19)
    at DuelArena.observeFightState (file:///rs2b0t/bot/scripts/bot/bot.js:288:70)
    at file:///rs2b0t/bot/scripts/bot/bot.js:93:63
    at globalThis.__rs2b0t_fire_tick_listeners (file:///rs2b0t/bot/runtime/BotHost.js:14:13)
    at globalThis.__rs2b0t_pump (file:///rs2b0t/bot/api/execution/Execution.js:107:37)
[script liveb71btf_0] [rs2b0t] listener error not impl: reader.selfChat
[script liveb71btf_1] [rs2b0t] listener error not impl: reader.selfChat
[host] slot liveb71btf_1: d_loop_us=810 d_raster_us=0 d_observe_us=48411 max_observe_us=8222 d_paints=0 d_skips=50 d_ticks=2 window_ms=1198
[host] slot liveb71btf_0: d_loop_us=991 d_raster_us=0 d_observe_us=49582 max_observe_us=9713 d_paints=0 d_skips=50 d_ticks=2 window_ms=1186
[rs2b0t] listener error Error: not impl: reader.selfChat
    at notImpl (file:///rs2b0t/bot/shim/_kernel.js:5:5)
    at Object.get (file:///rs2b0t/bot/shim/_kernel.js:17:19)
    at DuelArena.observeFightState (file:///rs2b0t/bot/scripts/bot/bot.js:288:70)
    at file:///rs2b0t/bot/scripts/bot/bot.js:93:63
    at globalThis.__rs2b0t_fire_tick_listeners (file:///rs2b0t/bot/runtime/BotHost.js:14:13)
    at globalThis.__rs2b0t_tick_async (file:///rs2b0t/bot/scripts/bot/main.js:15:37)
    at globalThis.__rs_tick (file:///rs2b0t/bot/scripts/bot/main.js:8:16)
[script liveb71btf_0] [rs2b0t] listener error not impl: reader.selfChat
[rs2b0t] listener error Error: not impl: reader.selfChat
    at notImpl (file:///rs2b0t/bot/shim/_kernel.js:5:5)
    at Object.get (file:///rs2b0t/bot/shim/_kernel.js:17:19)
    at DuelArena.observeFightState (file:///rs2b0t/bot/scripts/bot/bot.js:288:70)
    at file:///rs2b0t/bot/scripts/bot/bot.js:93:63
    at globalThis.__rs2b0t_fire_tick_listeners (file:///rs2b0t/bot/runtime/BotHost.js:14:13)
    at globalThis.__rs2b0t_tick_async (file:///rs2b0t/bot/scripts/bot/main.js:15:37)
    at globalThis.__rs_tick (file:///rs2b0t/bot/scripts/bot/main.js:8:16)
[script liveb71btf_1] [rs2b0t] listener error not impl: reader.selfChat
[rs2b0t] listener error Error: not impl: reader.selfChat
    at notImpl (file:///rs2b0t/bot/shim/_kernel.js:5:5)
    at Object.get (file:///rs2b0t/bot/shim/_kernel.js:17:19)
    at DuelArena.observeFightState (file:///rs2b0t/bot/scripts/bot/bot.js:288:70)
    at file:///rs2b0t/bot/scripts/bot/bot.js:93:63
    at globalThis.__rs2b0t_fire_tick_listeners (file:///rs2b0t/bot/runtime/BotHost.js:14:13)
    at globalThis.__rs2b0t_pump (file:///rs2b0t/bot/api/execution/Execution.js:107:37)
[script liveb71btf_0] [rs2b0t] listener error not impl: reader.selfChat
[rs2b0t] listener error Error: not impl: reader.selfChat
    at notImpl (file:///rs2b0t/bot/shim/_kernel.js:5:5)
    at Object.get (file:///rs2b0t/bot/shim/_kernel.js:17:19)
    at DuelArena.observeFightState (file:///rs2b0t/bot/scripts/bot/bot.js:288:70)
    at file:///rs2b0t/bot/scripts/bot/bot.js:93:63
    at globalThis.__rs2b0t_fire_tick_listeners (file:///rs2b0t/bot/runtime/BotHost.js:14:13)
    at globalThis.__rs2b0t_pump (file:///rs2b0t/bot/api/execution/Execution.js:107:37)
[script liveb71btf_1] [rs2b0t] listener error not impl: reader.selfChat
[host] slot liveb71btf_1: d_loop_us=891 d_raster_us=0 d_observe_us=43843 max_observe_us=8023 d_paints=0 d_skips=50 d_ticks=2 window_ms=1189
[host] slot liveb71btf_0: d_loop_us=822 d_raster_us=0 d_observe_us=50204 max_observe_us=9089 d_paints=0 d_skips=50 d_ticks=2 window_ms=1186
[rs2b0t] listener error Error: not impl: reader.selfChat
    at notImpl (file:///rs2b0t/bot/shim/_kernel.js:5:5)
    at Object.get (file:///rs2b0t/bot/shim/_kernel.js:17:19)
    at DuelArena.observeFightState (file:///rs2b0t/bot/scripts/bot/bot.js:288:70)
    at file:///rs2b0t/bot/scripts/bot/bot.js:93:63
    at globalThis.__rs2b0t_fire_tick_listeners (file:///rs2b0t/bot/runtime/BotHost.js:14:13)
    at globalThis.__rs2b0t_tick_async (file:///rs2b0t/bot/scripts/bot/main.js:15:37)
    at globalThis.__rs_tick (file:///rs2b0t/bot/scripts/bot/main.js:8:16)
[rs2b0t] listener error Error: not impl: reader.selfChat
    at notImpl (file:///rs2b0t/bot/shim/_kernel.js:5:5)
    at Object.get (file:///rs2b0t/bot/shim/_kernel.js:17:19)
    at DuelArena.observeFightState (file:///rs2b0t/bot/scripts/bot/bot.js:288:70)
    at file:///rs2b0t/bot/scripts/bot/bot.js:93:63
    at globalThis.__rs2b0t_fire_tick_listeners (file:///rs2b0t/bot/runtime/BotHost.js:14:13)
    at globalThis.__rs2b0t_tick_async (file:///rs2b0t/bot/scripts/bot/main.js:15:37)
    at globalThis.__rs_tick (file:///rs2b0t/bot/scripts/bot/main.js:8:16)
[script liveb71btf_0] [rs2b0t] listener error not impl: reader.selfChat
[script liveb71btf_1] [rs2b0t] listener error not impl: reader.selfChat
[rs2b0t] listener error Error: not impl: reader.selfChat
    at notImpl (file:///rs2b0t/bot/shim/_kernel.js:5:5)
    at Object.get (file:///rs2b0t/bot/shim/_kernel.js:17:19)
    at DuelArena.observeFightState (file:///rs2b0t/bot/scripts/bot/bot.js:288:70)
    at file:///rs2b0t/bot/scripts/bot/bot.js:93:63
    at globalThis.__rs2b0t_fire_tick_listeners (file:///rs2b0t/bot/runtime/BotHost.js:14:13)
    at globalThis.__rs2b0t_pump (file:///rs2b0t/bot/api/execution/Execution.js:107:37)
[rs2b0t] listener error Error: not impl: reader.selfChat
    at notImpl (file:///rs2b0t/bot/shim/_kernel.js:5:5)
    at Object.get (file:///rs2b0t/bot/shim/_kernel.js:17:19)
    at DuelArena.observeFightState (file:///rs2b0t/bot/scripts/bot/bot.js:288:70)
    at file:///rs2b0t/bot/scripts/bot/bot.js:93:63
    at globalThis.__rs2b0t_fire_tick_listeners (file:///rs2b0t/bot/runtime/BotHost.js:14:13)
    at globalThis.__rs2b0t_pump (file:///rs2b0t/bot/api/execution/Execution.js:107:37)
[script liveb71btf_1] [rs2b0t] listener error not impl: reader.selfChat
[script liveb71btf_0] [rs2b0t] listener error not impl: reader.selfChat
[host] slot liveb71btf_1: d_loop_us=1045 d_raster_us=0 d_observe_us=53068 max_observe_us=11398 d_paints=0 d_skips=50 d_ticks=2 window_ms=1177
[host] slot liveb71btf_0: d_loop_us=967 d_raster_us=0 d_observe_us=50185 max_observe_us=10355 d_paints=0 d_skips=50 d_ticks=2 window_ms=1179
[rs2b0t] listener error Error: not impl: reader.selfChat
    at notImpl (file:///rs2b0t/bot/shim/_kernel.js:5:5)
    at Object.get (file:///rs2b0t/bot/shim/_kernel.js:17:19)
    at DuelArena.observeFightState (file:///rs2b0t/bot/scripts/bot/bot.js:288:70)
    at file:///rs2b0t/bot/scripts/bot/bot.js:93:63
    at globalThis.__rs2b0t_fire_tick_listeners (file:///rs2b0t/bot/runtime/BotHost.js:14:13)
    at globalThis.__rs2b0t_tick_async (file:///rs2b0t/bot/scripts/bot/main.js:15:37)
    at globalThis.__rs_tick (file:///rs2b0t/bot/scripts/bot/main.js:8:16)
[rs2b0t] listener error Error: not impl: reader.selfChat
    at notImpl (file:///rs2b0t/bot/shim/_kernel.js:5:5)
    at Object.get (file:///rs2b0t/bot/shim/_kernel.js:17:19)
    at DuelArena.observeFightState (file:///rs2b0t/bot/scripts/bot/bot.js:288:70)
    at file:///rs2b0t/bot/scripts/bot/bot.js:93:63
    at globalThis.__rs2b0t_fire_tick_listeners (file:///rs2b0t/bot/runtime/BotHost.js:14:13)
    at globalThis.__rs2b0t_tick_async (file:///rs2b0t/bot/scripts/bot/main.js:15:37)
    at globalThis.__rs_tick (file:///rs2b0t/bot/scripts/bot/main.js:8:16)
[script liveb71btf_1] [rs2b0t] listener error not impl: reader.selfChat
[script liveb71btf_0] [rs2b0t] listener error not impl: reader.selfChat
[rs2b0t] listener error Error: not impl: reader.selfChat
    at notImpl (file:///rs2b0t/bot/shim/_kernel.js:5:5)
    at Object.get (file:///rs2b0t/bot/shim/_kernel.js:17:19)
    at DuelArena.observeFightState (file:///rs2b0t/bot/scripts/bot/bot.js:288:70)
    at file:///rs2b0t/bot/scripts/bot/bot.js:93:63
    at globalThis.__rs2b0t_fire_tick_listeners (file:///rs2b0t/bot/runtime/BotHost.js:14:13)
    at globalThis.__rs2b0t_pump (file:///rs2b0t/bot/api/execution/Execution.js:107:37)
[rs2b0t] listener error Error: not impl: reader.selfChat
    at notImpl (file:///rs2b0t/bot/shim/_kernel.js:5:5)
    at Object.get (file:///rs2b0t/bot/shim/_kernel.js:17:19)
    at DuelArena.observeFightState (file:///rs2b0t/bot/scripts/bot/bot.js:288:70)
    at file:///rs2b0t/bot/scripts/bot/bot.js:93:63
    at globalThis.__rs2b0t_fire_tick_listeners (file:///rs2b0t/bot/runtime/BotHost.js:14:13)
    at globalThis.__rs2b0t_pump (file:///rs2b0t/bot/api/execution/Execution.js:107:37)
[script liveb71btf_0] [rs2b0t] listener error not impl: reader.selfChat
[script liveb71btf_1] [rs2b0t] listener error not impl: reader.selfChat
[host] slot liveb71btf_1: d_loop_us=985 d_raster_us=0 d_observe_us=49103 max_observe_us=8109 d_paints=0 d_skips=50 d_ticks=2 window_ms=1191
[host] slot liveb71btf_0: d_loop_us=833 d_raster_us=0 d_observe_us=47926 max_observe_us=9297 d_paints=0 d_skips=50 d_ticks=2 window_ms=1194
[rs2b0t] listener error Error: not impl: reader.selfChat
    at notImpl (file:///rs2b0t/bot/shim/_kernel.js:5:5)
    at Object.get (file:///rs2b0t/bot/shim/_kernel.js:17:19)
    at DuelArena.observeFightState (file:///rs2b0t/bot/scripts/bot/bot.js:288:70)
    at file:///rs2b0t/bot/scripts/bot/bot.js:93:63
    at globalThis.__rs2b0t_fire_tick_listeners (file:///rs2b0t/bot/runtime/BotHost.js:14:13)
    at globalThis.__rs2b0t_tick_async (file:///rs2b0t/bot/scripts/bot/main.js:15:37)
    at globalThis.__rs_tick (file:///rs2b0t/bot/scripts/bot/main.js:8:16)
[rs2b0t] listener error Error: not impl: reader.selfChat
    at notImpl (file:///rs2b0t/bot/shim/_kernel.js:5:5)
    at Object.get (file:///rs2b0t/bot/shim/_kernel.js:17:19)
    at DuelArena.observeFightState (file:///rs2b0t/bot/scripts/bot/bot.js:288:70)
    at file:///rs2b0t/bot/scripts/bot/bot.js:93:63
    at globalThis.__rs2b0t_fire_tick_listeners (file:///rs2b0t/bot/runtime/BotHost.js:14:13)
    at globalThis.__rs2b0t_tick_async (file:///rs2b0t/bot/scripts/bot/main.js:15:37)
    at globalThis.__rs_tick (file:///rs2b0t/bot/scripts/bot/main.js:8:16)
[script liveb71btf_1] [rs2b0t] listener error not impl: reader.selfChat
[script liveb71btf_0] [rs2b0t] listener error not impl: reader.selfChat
[rs2b0t] listener error Error: not impl: reader.selfChat
    at notImpl (file:///rs2b0t/bot/shim/_kernel.js:5:5)
    at Object.get (file:///rs2b0t/bot/shim/_kernel.js:17:19)
    at DuelArena.observeFightState (file:///rs2b0t/bot/scripts/bot/bot.js:288:70)
    at file:///rs2b0t/bot/scripts/bot/bot.js:93:63
    at globalThis.__rs2b0t_fire_tick_listeners (file:///rs2b0t/bot/runtime/BotHost.js:14:13)
    at globalThis.__rs2b0t_pump (file:///rs2b0t/bot/api/execution/Execution.js:107:37)
[rs2b0t] listener error Error: not impl: reader.selfChat
    at notImpl (file:///rs2b0t/bot/shim/_kernel.js:5:5)
    at Object.get (file:///rs2b0t/bot/shim/_kernel.js:17:19)
    at DuelArena.observeFightState (file:///rs2b0t/bot/scripts/bot/bot.js:288:70)
    at file:///rs2b0t/bot/scripts/bot/bot.js:93:63
    at globalThis.__rs2b0t_fire_tick_listeners (file:///rs2b0t/bot/runtime/BotHost.js:14:13)
    at globalThis.__rs2b0t_pump (file:///rs2b0t/bot/api/execution/Execution.js:107:37)
[script liveb71btf_1] [rs2b0t] listener error not impl: reader.selfChat
[script liveb71btf_0] [rs2b0t] listener error not impl: reader.selfChat
[host] slot liveb71btf_1: d_loop_us=882 d_raster_us=0 d_observe_us=49317 max_observe_us=9248 d_paints=0 d_skips=50 d_ticks=2 window_ms=1190
[host] slot liveb71btf_0: d_loop_us=944 d_raster_us=0 d_observe_us=50851 max_observe_us=8343 d_paints=0 d_skips=50 d_ticks=2 window_ms=1182
[rs2b0t] listener error Error: not impl: reader.selfChat
    at notImpl (file:///rs2b0t/bot/shim/_kernel.js:5:5)
    at Object.get (file:///rs2b0t/bot/shim/_kernel.js:17:19)
    at DuelArena.observeFightState (file:///rs2b0t/bot/scripts/bot/bot.js:288:70)
    at file:///rs2b0t/bot/scripts/bot/bot.js:93:63
    at globalThis.__rs2b0t_fire_tick_listeners (file:///rs2b0t/bot/runtime/BotHost.js:14:13)
    at globalThis.__rs2b0t_tick_async (file:///rs2b0t/bot/scripts/bot/main.js:15:37)
    at globalThis.__rs_tick (file:///rs2b0t/bot/scripts/bot/main.js:8:16)
[script liveb71btf_0] [rs2b0t] listener error not impl: reader.selfChat
[rs2b0t] listener error Error: not impl: reader.selfChat
    at notImpl (file:///rs2b0t/bot/shim/_kernel.js:5:5)
    at Object.get (file:///rs2b0t/bot/shim/_kernel.js:17:19)
    at DuelArena.observeFightState (file:///rs2b0t/bot/scripts/bot/bot.js:288:70)
    at file:///rs2b0t/bot/scripts/bot/bot.js:93:63
    at globalThis.__rs2b0t_fire_tick_listeners (file:///rs2b0t/bot/runtime/BotHost.js:14:13)
    at globalThis.__rs2b0t_tick_async (file:///rs2b0t/bot/scripts/bot/main.js:15:37)
    at globalThis.__rs_tick (file:///rs2b0t/bot/scripts/bot/main.js:8:16)
[script liveb71btf_1] [rs2b0t] listener error not impl: reader.selfChat
[rs2b0t] listener error Error: not impl: reader.selfChat
    at notImpl (file:///rs2b0t/bot/shim/_kernel.js:5:5)
    at Object.get (file:///rs2b0t/bot/shim/_kernel.js:17:19)
    at DuelArena.observeFightState (file:///rs2b0t/bot/scripts/bot/bot.js:288:70)
    at file:///rs2b0t/bot/scripts/bot/bot.js:93:63
    at globalThis.__rs2b0t_fire_tick_listeners (file:///rs2b0t/bot/runtime/BotHost.js:14:13)
    at globalThis.__rs2b0t_pump (file:///rs2b0t/bot/api/execution/Execution.js:107:37)
[rs2b0t] listener error Error: not impl: reader.selfChat
    at notImpl (file:///rs2b0t/bot/shim/_kernel.js:5:5)
    at Object.get (file:///rs2b0t/bot/shim/_kernel.js:17:19)
    at DuelArena.observeFightState (file:///rs2b0t/bot/scripts/bot/bot.js:288:70)
    at file:///rs2b0t/bot/scripts/bot/bot.js:93:63
    at globalThis.__rs2b0t_fire_tick_listeners (file:///rs2b0t/bot/runtime/BotHost.js:14:13)
    at globalThis.__rs2b0t_pump (file:///rs2b0t/bot/api/execution/Execution.js:107:37)
[script liveb71btf_1] [rs2b0t] listener error not impl: reader.selfChat
[script liveb71btf_0] [rs2b0t] listener error not impl: reader.selfChat
[host] slot liveb71btf_1: d_loop_us=1033 d_raster_us=0 d_observe_us=51107 max_observe_us=8191 d_paints=0 d_skips=50 d_ticks=2 window_ms=1167
[host] slot liveb71btf_0: d_loop_us=999 d_raster_us=0 d_observe_us=48528 max_observe_us=10319 d_paints=0 d_skips=50 d_ticks=2 window_ms=1179
[rs2b0t] listener error Error: not impl: reader.selfChat
    at notImpl (file:///rs2b0t/bot/shim/_kernel.js:5:5)
    at Object.get (file:///rs2b0t/bot/shim/_kernel.js:17:19)
    at DuelArena.observeFightState (file:///rs2b0t/bot/scripts/bot/bot.js:288:70)
    at file:///rs2b0t/bot/scripts/bot/bot.js:93:63
    at globalThis.__rs2b0t_fire_tick_listeners (file:///rs2b0t/bot/runtime/BotHost.js:14:13)
    at globalThis.__rs2b0t_tick_async (file:///rs2b0t/bot/scripts/bot/main.js:15:37)
    at globalThis.__rs_tick (file:///rs2b0t/bot/scripts/bot/main.js:8:16)
[rs2b0t] listener error Error: not impl: reader.selfChat
    at notImpl (file:///rs2b0t/bot/shim/_kernel.js:5:5)
    at Object.get (file:///rs2b0t/bot/shim/_kernel.js:17:19)
    at DuelArena.observeFightState (file:///rs2b0t/bot/scripts/bot/bot.js:288:70)
    at file:///rs2b0t/bot/scripts/bot/bot.js:93:63
    at globalThis.__rs2b0t_fire_tick_listeners (file:///rs2b0t/bot/runtime/BotHost.js:14:13)
    at globalThis.__rs2b0t_tick_async (file:///rs2b0t/bot/scripts/bot/main.js:15:37)
    at globalThis.__rs_tick (file:///rs2b0t/bot/scripts/bot/main.js:8:16)
[script liveb71btf_0] [rs2b0t] listener error not impl: reader.selfChat
[script liveb71btf_1] [rs2b0t] listener error not impl: reader.selfChat
[rs2b0t] listener error Error: not impl: reader.selfChat
    at notImpl (file:///rs2b0t/bot/shim/_kernel.js:5:5)
    at Object.get (file:///rs2b0t/bot/shim/_kernel.js:17:19)
    at DuelArena.observeFightState (file:///rs2b0t/bot/scripts/bot/bot.js:288:70)
    at file:///rs2b0t/bot/scripts/bot/bot.js:93:63
    at globalThis.__rs2b0t_fire_tick_listeners (file:///rs2b0t/bot/runtime/BotHost.js:14:13)
    at globalThis.__rs2b0t_pump (file:///rs2b0t/bot/api/execution/Execution.js:107:37)
[rs2b0t] listener error Error: not impl: reader.selfChat
    at notImpl (file:///rs2b0t/bot/shim/_kernel.js:5:5)
    at Object.get (file:///rs2b0t/bot/shim/_kernel.js:17:19)
    at DuelArena.observeFightState (file:///rs2b0t/bot/scripts/bot/bot.js:288:70)
    at file:///rs2b0t/bot/scripts/bot/bot.js:93:63
    at globalThis.__rs2b0t_fire_tick_listeners (file:///rs2b0t/bot/runtime/BotHost.js:14:13)
    at globalThis.__rs2b0t_pump (file:///rs2b0t/bot/api/execution/Execution.js:107:37)
[script liveb71btf_0] [rs2b0t] listener error not impl: reader.selfChat
[script liveb71btf_1] [rs2b0t] listener error not impl: reader.selfChat
[host] slot liveb71btf_1: d_loop_us=931 d_raster_us=0 d_observe_us=56402 max_observe_us=10495 d_paints=0 d_skips=50 d_ticks=2 window_ms=1182
[host] slot liveb71btf_0: d_loop_us=994 d_raster_us=0 d_observe_us=61465 max_observe_us=10982 d_paints=0 d_skips=50 d_ticks=2 window_ms=1183
[rs2b0t] listener error Error: not impl: reader.selfChat
    at notImpl (file:///rs2b0t/bot/shim/_kernel.js:5:5)
    at Object.get (file:///rs2b0t/bot/shim/_kernel.js:17:19)
    at DuelArena.observeFightState (file:///rs2b0t/bot/scripts/bot/bot.js:288:70)
    at file:///rs2b0t/bot/scripts/bot/bot.js:93:63
    at globalThis.__rs2b0t_fire_tick_listeners (file:///rs2b0t/bot/runtime/BotHost.js:14:13)
    at globalThis.__rs2b0t_tick_async (file:///rs2b0t/bot/scripts/bot/main.js:15:37)
    at globalThis.__rs_tick (file:///rs2b0t/bot/scripts/bot/main.js:8:16)
[script liveb71btf_1] [rs2b0t] listener error not impl: reader.selfChat
[rs2b0t] listener error Error: not impl: reader.selfChat
    at notImpl (file:///rs2b0t/bot/shim/_kernel.js:5:5)
    at Object.get (file:///rs2b0t/bot/shim/_kernel.js:17:19)
    at DuelArena.observeFightState (file:///rs2b0t/bot/scripts/bot/bot.js:288:70)
    at file:///rs2b0t/bot/scripts/bot/bot.js:93:63
    at globalThis.__rs2b0t_fire_tick_listeners (file:///rs2b0t/bot/runtime/BotHost.js:14:13)
    at globalThis.__rs2b0t_tick_async (file:///rs2b0t/bot/scripts/bot/main.js:15:37)
    at globalThis.__rs_tick (file:///rs2b0t/bot/scripts/bot/main.js:8:16)
[script liveb71btf_0] [rs2b0t] listener error not impl: reader.selfChat
[rs2b0t] listener error Error: not impl: reader.selfChat
    at notImpl (file:///rs2b0t/bot/shim/_kernel.js:5:5)
    at Object.get (file:///rs2b0t/bot/shim/_kernel.js:17:19)
    at DuelArena.observeFightState (file:///rs2b0t/bot/scripts/bot/bot.js:288:70)
    at file:///rs2b0t/bot/scripts/bot/bot.js:93:63
    at globalThis.__rs2b0t_fire_tick_listeners (file:///rs2b0t/bot/runtime/BotHost.js:14:13)
    at globalThis.__rs2b0t_pump (file:///rs2b0t/bot/api/execution/Execution.js:107:37)
[rs2b0t] listener error Error: not impl: reader.selfChat
    at notImpl (file:///rs2b0t/bot/shim/_kernel.js:5:5)
    at Object.get (file:///rs2b0t/bot/shim/_kernel.js:17:19)
    at DuelArena.observeFightState (file:///rs2b0t/bot/scripts/bot/bot.js:288:70)
    at file:///rs2b0t/bot/scripts/bot/bot.js:93:63
    at globalThis.__rs2b0t_fire_tick_listeners (file:///rs2b0t/bot/runtime/BotHost.js:14:13)
    at globalThis.__rs2b0t_pump (file:///rs2b0t/bot/api/execution/Execution.js:107:37)
[script liveb71btf_1] [rs2b0t] listener error not impl: reader.selfChat
[script liveb71btf_0] [rs2b0t] listener error not impl: reader.selfChat
[host] slot liveb71btf_1: d_loop_us=923 d_raster_us=0 d_observe_us=53934 max_observe_us=11060 d_paints=0 d_skips=50 d_ticks=2 window_ms=1201
[host] slot liveb71btf_0: d_loop_us=925 d_raster_us=0 d_observe_us=50503 max_observe_us=9491 d_paints=0 d_skips=50 d_ticks=2 window_ms=1191
[rs2b0t] listener error Error: not impl: reader.selfChat
    at notImpl (file:///rs2b0t/bot/shim/_kernel.js:5:5)
    at Object.get (file:///rs2b0t/bot/shim/_kernel.js:17:19)
    at DuelArena.observeFightState (file:///rs2b0t/bot/scripts/bot/bot.js:288:70)
    at file:///rs2b0t/bot/scripts/bot/bot.js:93:63
    at globalThis.__rs2b0t_fire_tick_listeners (file:///rs2b0t/bot/runtime/BotHost.js:14:13)
    at globalThis.__rs2b0t_tick_async (file:///rs2b0t/bot/scripts/bot/main.js:15:37)
    at globalThis.__rs_tick (file:///rs2b0t/bot/scripts/bot/main.js:8:16)
[rs2b0t] listener error Error: not impl: reader.selfChat
    at notImpl (file:///rs2b0t/bot/shim/_kernel.js:5:5)
    at Object.get (file:///rs2b0t/bot/shim/_kernel.js:17:19)
    at DuelArena.observeFightState (file:///rs2b0t/bot/scripts/bot/bot.js:288:70)
    at file:///rs2b0t/bot/scripts/bot/bot.js:93:63
    at globalThis.__rs2b0t_fire_tick_listeners (file:///rs2b0t/bot/runtime/BotHost.js:14:13)
    at globalThis.__rs2b0t_tick_async (file:///rs2b0t/bot/scripts/bot/main.js:15:37)
    at globalThis.__rs_tick (file:///rs2b0t/bot/scripts/bot/main.js:8:16)
[script liveb71btf_1] [rs2b0t] listener error not impl: reader.selfChat
[script liveb71btf_0] [rs2b0t] listener error not impl: reader.selfChat
[rs2b0t] listener error Error: not impl: reader.selfChat
    at notImpl (file:///rs2b0t/bot/shim/_kernel.js:5:5)
    at Object.get (file:///rs2b0t/bot/shim/_kernel.js:17:19)
    at DuelArena.observeFightState (file:///rs2b0t/bot/scripts/bot/bot.js:288:70)
    at file:///rs2b0t/bot/scripts/bot/bot.js:93:63
    at globalThis.__rs2b0t_fire_tick_listeners (file:///rs2b0t/bot/runtime/BotHost.js:14:13)
    at globalThis.__rs2b0t_pump (file:///rs2b0t/bot/api/execution/Execution.js:107:37)
[script liveb71btf_0] [rs2b0t] listener error not impl: reader.selfChat
[rs2b0t] listener error Error: not impl: reader.selfChat
    at notImpl (file:///rs2b0t/bot/shim/_kernel.js:5:5)
    at Object.get (file:///rs2b0t/bot/shim/_kernel.js:17:19)
    at DuelArena.observeFightState (file:///rs2b0t/bot/scripts/bot/bot.js:288:70)
    at file:///rs2b0t/bot/scripts/bot/bot.js:93:63
    at globalThis.__rs2b0t_fire_tick_listeners (file:///rs2b0t/bot/runtime/BotHost.js:14:13)
    at globalThis.__rs2b0t_pump (file:///rs2b0t/bot/api/execution/Execution.js:107:37)
[script liveb71btf_1] [rs2b0t] listener error not impl: reader.selfChat
[host] slot liveb71btf_1: d_loop_us=878 d_raster_us=0 d_observe_us=53435 max_observe_us=10301 d_paints=0 d_skips=50 d_ticks=2 window_ms=1178
[host] slot liveb71btf_0: d_loop_us=1050 d_raster_us=0 d_observe_us=58452 max_observe_us=11212 d_paints=0 d_skips=50 d_ticks=2 window_ms=1171
[rs2b0t] listener error Error: not impl: reader.selfChat
    at notImpl (file:///rs2b0t/bot/shim/_kernel.js:5:5)
    at Object.get (file:///rs2b0t/bot/shim/_kernel.js:17:19)
    at DuelArena.observeFightState (file:///rs2b0t/bot/scripts/bot/bot.js:288:70)
    at file:///rs2b0t/bot/scripts/bot/bot.js:93:63
    at globalThis.__rs2b0t_fire_tick_listeners (file:///rs2b0t/bot/runtime/BotHost.js:14:13)
    at globalThis.__rs2b0t_tick_async (file:///rs2b0t/bot/scripts/bot/main.js:15:37)
    at globalThis.__rs_tick (file:///rs2b0t/bot/scripts/bot/main.js:8:16)
[rs2b0t] listener error Error: not impl: reader.selfChat
    at notImpl (file:///rs2b0t/bot/shim/_kernel.js:5:5)
    at Object.get (file:///rs2b0t/bot/shim/_kernel.js:17:19)
    at DuelArena.observeFightState (file:///rs2b0t/bot/scripts/bot/bot.js:288:70)
    at file:///rs2b0t/bot/scripts/bot/bot.js:93:63
    at globalThis.__rs2b0t_fire_tick_listeners (file:///rs2b0t/bot/runtime/BotHost.js:14:13)
    at globalThis.__rs2b0t_tick_async (file:///rs2b0t/bot/scripts/bot/main.js:15:37)
    at globalThis.__rs_tick (file:///rs2b0t/bot/scripts/bot/main.js:8:16)
[script liveb71btf_1] [rs2b0t] listener error not impl: reader.selfChat
[script liveb71btf_0] [rs2b0t] listener error not impl: reader.selfChat
[rs2b0t] listener error Error: not impl: reader.selfChat
    at notImpl (file:///rs2b0t/bot/shim/_kernel.js:5:5)
    at Object.get (file:///rs2b0t/bot/shim/_kernel.js:17:19)
    at DuelArena.observeFightState (file:///rs2b0t/bot/scripts/bot/bot.js:288:70)
    at file:///rs2b0t/bot/scripts/bot/bot.js:93:63
    at globalThis.__rs2b0t_fire_tick_listeners (file:///rs2b0t/bot/runtime/BotHost.js:14:13)
    at globalThis.__rs2b0t_pump (file:///rs2b0t/bot/api/execution/Execution.js:107:37)
[script liveb71btf_0] [rs2b0t] listener error not impl: reader.selfChat
[rs2b0t] listener error Error: not impl: reader.selfChat
    at notImpl (file:///rs2b0t/bot/shim/_kernel.js:5:5)
    at Object.get (file:///rs2b0t/bot/shim/_kernel.js:17:19)
    at DuelArena.observeFightState (file:///rs2b0t/bot/scripts/bot/bot.js:288:70)
    at file:///rs2b0t/bot/scripts/bot/bot.js:93:63
    at globalThis.__rs2b0t_fire_tick_listeners (file:///rs2b0t/bot/runtime/BotHost.js:14:13)
    at globalThis.__rs2b0t_pump (file:///rs2b0t/bot/api/execution/Execution.js:107:37)
[script liveb71btf_1] [rs2b0t] listener error not impl: reader.selfChat
[host] slot liveb71btf_1: d_loop_us=904 d_raster_us=0 d_observe_us=57703 max_observe_us=10117 d_paints=0 d_skips=50 d_ticks=2 window_ms=1188
[host] slot liveb71btf_0: d_loop_us=850 d_raster_us=0 d_observe_us=51932 max_observe_us=9226 d_paints=0 d_skips=50 d_ticks=2 window_ms=1187
[rs2b0t] listener error Error: not impl: reader.selfChat
    at notImpl (file:///rs2b0t/bot/shim/_kernel.js:5:5)
    at Object.get (file:///rs2b0t/bot/shim/_kernel.js:17:19)
    at DuelArena.observeFightState (file:///rs2b0t/bot/scripts/bot/bot.js:288:70)
    at file:///rs2b0t/bot/scripts/bot/bot.js:93:63
    at globalThis.__rs2b0t_fire_tick_listeners (file:///rs2b0t/bot/runtime/BotHost.js:14:13)
    at globalThis.__rs2b0t_tick_async (file:///rs2b0t/bot/scripts/bot/main.js:15:37)
    at globalThis.__rs_tick (file:///rs2b0t/bot/scripts/bot/main.js:8:16)
[rs2b0t] listener error Error: not impl: reader.selfChat
    at notImpl (file:///rs2b0t/bot/shim/_kernel.js:5:5)
    at Object.get (file:///rs2b0t/bot/shim/_kernel.js:17:19)
    at DuelArena.observeFightState (file:///rs2b0t/bot/scripts/bot/bot.js:288:70)
    at file:///rs2b0t/bot/scripts/bot/bot.js:93:63
    at globalThis.__rs2b0t_fire_tick_listeners (file:///rs2b0t/bot/runtime/BotHost.js:14:13)
    at globalThis.__rs2b0t_tick_async (file:///rs2b0t/bot/scripts/bot/main.js:15:37)
    at globalThis.__rs_tick (file:///rs2b0t/bot/scripts/bot/main.js:8:16)
[script liveb71btf_0] [rs2b0t] listener error not impl: reader.selfChat
[script liveb71btf_1] [rs2b0t] listener error not impl: reader.selfChat
[rs2b0t] listener error Error: not impl: reader.selfChat
    at notImpl (file:///rs2b0t/bot/shim/_kernel.js:5:5)
    at Object.get (file:///rs2b0t/bot/shim/_kernel.js:17:19)
    at DuelArena.observeFightState (file:///rs2b0t/bot/scripts/bot/bot.js:288:70)
    at file:///rs2b0t/bot/scripts/bot/bot.js:93:63
    at globalThis.__rs2b0t_fire_tick_listeners (file:///rs2b0t/bot/runtime/BotHost.js:14:13)
    at globalThis.__rs2b0t_pump (file:///rs2b0t/bot/api/execution/Execution.js:107:37)
[rs2b0t] listener error Error: not impl: reader.selfChat
    at notImpl (file:///rs2b0t/bot/shim/_kernel.js:5:5)
    at Object.get (file:///rs2b0t/bot/shim/_kernel.js:17:19)
    at DuelArena.observeFightState (file:///rs2b0t/bot/scripts/bot/bot.js:288:70)
    at file:///rs2b0t/bot/scripts/bot/bot.js:93:63
    at globalThis.__rs2b0t_fire_tick_listeners (file:///rs2b0t/bot/runtime/BotHost.js:14:13)
    at globalThis.__rs2b0t_pump (file:///rs2b0t/bot/api/execution/Execution.js:107:37)
[script liveb71btf_1] [rs2b0t] listener error not impl: reader.selfChat
[script liveb71btf_0] [rs2b0t] listener error not impl: reader.selfChat
[host] slot liveb71btf_1: d_loop_us=989 d_raster_us=0 d_observe_us=53029 max_observe_us=9151 d_paints=0 d_skips=50 d_ticks=2 window_ms=1188
[host] slot liveb71btf_0: d_loop_us=769 d_raster_us=0 d_observe_us=49676 max_observe_us=11657 d_paints=0 d_skips=50 d_ticks=2 window_ms=1193
[rs2b0t] listener error Error: not impl: reader.selfChat
    at notImpl (file:///rs2b0t/bot/shim/_kernel.js:5:5)
    at Object.get (file:///rs2b0t/bot/shim/_kernel.js:17:19)
    at DuelArena.observeFightState (file:///rs2b0t/bot/scripts/bot/bot.js:288:70)
    at file:///rs2b0t/bot/scripts/bot/bot.js:93:63
    at globalThis.__rs2b0t_fire_tick_listeners (file:///rs2b0t/bot/runtime/BotHost.js:14:13)
    at globalThis.__rs2b0t_tick_async (file:///rs2b0t/bot/scripts/bot/main.js:15:37)
    at globalThis.__rs_tick (file:///rs2b0t/bot/scripts/bot/main.js:8:16)
[rs2b0t] listener error Error: not impl: reader.selfChat
    at notImpl (file:///rs2b0t/bot/shim/_kernel.js:5:5)
    at Object.get (file:///rs2b0t/bot/shim/_kernel.js:17:19)
    at DuelArena.observeFightState (file:///rs2b0t/bot/scripts/bot/bot.js:288:70)
    at file:///rs2b0t/bot/scripts/bot/bot.js:93:63
    at globalThis.__rs2b0t_fire_tick_listeners (file:///rs2b0t/bot/runtime/BotHost.js:14:13)
    at globalThis.__rs2b0t_tick_async (file:///rs2b0t/bot/scripts/bot/main.js:15:37)
    at globalThis.__rs_tick (file:///rs2b0t/bot/scripts/bot/main.js:8:16)
[script liveb71btf_1] [rs2b0t] listener error not impl: reader.selfChat
[script liveb71btf_0] [rs2b0t] listener error not impl: reader.selfChat
[rs2b0t] listener error Error: not impl: reader.selfChat
    at notImpl (file:///rs2b0t/bot/shim/_kernel.js:5:5)
    at Object.get (file:///rs2b0t/bot/shim/_kernel.js:17:19)
    at DuelArena.observeFightState (file:///rs2b0t/bot/scripts/bot/bot.js:288:70)
    at file:///rs2b0t/bot/scripts/bot/bot.js:93:63
    at globalThis.__rs2b0t_fire_tick_listeners (file:///rs2b0t/bot/runtime/BotHost.js:14:13)
    at globalThis.__rs2b0t_pump (file:///rs2b0t/bot/api/execution/Execution.js:107:37)
[rs2b0t] listener error Error: not impl: reader.selfChat
    at notImpl (file:///rs2b0t/bot/shim/_kernel.js:5:5)
    at Object.get (file:///rs2b0t/bot/shim/_kernel.js:17:19)
    at DuelArena.observeFightState (file:///rs2b0t/bot/scripts/bot/bot.js:288:70)
    at file:///rs2b0t/bot/scripts/bot/bot.js:93:63
    at globalThis.__rs2b0t_fire_tick_listeners (file:///rs2b0t/bot/runtime/BotHost.js:14:13)
    at globalThis.__rs2b0t_pump (file:///rs2b0t/bot/api/execution/Execution.js:107:37)
[script liveb71btf_0] [rs2b0t] listener error not impl: reader.selfChat
[script liveb71btf_1] [rs2b0t] listener error not impl: reader.selfChat
[host] slot liveb71btf_1: d_loop_us=859 d_raster_us=0 d_observe_us=44236 max_observe_us=8642 d_paints=0 d_skips=50 d_ticks=2 window_ms=1184
[host] slot liveb71btf_0: d_loop_us=809 d_raster_us=0 d_observe_us=45703 max_observe_us=8081 d_paints=0 d_skips=50 d_ticks=2 window_ms=1202
[rs2b0t] listener error Error: not impl: reader.selfChat
    at notImpl (file:///rs2b0t/bot/shim/_kernel.js:5:5)
    at Object.get (file:///rs2b0t/bot/shim/_kernel.js:17:19)
    at DuelArena.observeFightState (file:///rs2b0t/bot/scripts/bot/bot.js:288:70)
    at file:///rs2b0t/bot/scripts/bot/bot.js:93:63
    at globalThis.__rs2b0t_fire_tick_listeners (file:///rs2b0t/bot/runtime/BotHost.js:14:13)
    at globalThis.__rs2b0t_tick_async (file:///rs2b0t/bot/scripts/bot/main.js:15:37)
    at globalThis.__rs_tick (file:///rs2b0t/bot/scripts/bot/main.js:8:16)
[rs2b0t] listener error Error: not impl: reader.selfChat
    at notImpl (file:///rs2b0t/bot/shim/_kernel.js:5:5)
    at Object.get (file:///rs2b0t/bot/shim/_kernel.js:17:19)
    at DuelArena.observeFightState (file:///rs2b0t/bot/scripts/bot/bot.js:288:70)
    at file:///rs2b0t/bot/scripts/bot/bot.js:93:63
    at globalThis.__rs2b0t_fire_tick_listeners (file:///rs2b0t/bot/runtime/BotHost.js:14:13)
    at globalThis.__rs2b0t_tick_async (file:///rs2b0t/bot/scripts/bot/main.js:15:37)
    at globalThis.__rs_tick (file:///rs2b0t/bot/scripts/bot/main.js:8:16)
[script liveb71btf_0] [rs2b0t] listener error not impl: reader.selfChat
[script liveb71btf_1] [rs2b0t] listener error not impl: reader.selfChat
[rs2b0t] listener error Error: not impl: reader.selfChat
    at notImpl (file:///rs2b0t/bot/shim/_kernel.js:5:5)
    at Object.get (file:///rs2b0t/bot/shim/_kernel.js:17:19)
    at DuelArena.observeFightState (file:///rs2b0t/bot/scripts/bot/bot.js:288:70)
    at file:///rs2b0t/bot/scripts/bot/bot.js:93:63
    at globalThis.__rs2b0t_fire_tick_listeners (file:///rs2b0t/bot/runtime/BotHost.js:14:13)
    at globalThis.__rs2b0t_pump (file:///rs2b0t/bot/api/execution/Execution.js:107:37)
[rs2b0t] listener error Error: not impl: reader.selfChat
    at notImpl (file:///rs2b0t/bot/shim/_kernel.js:5:5)
    at Object.get (file:///rs2b0t/bot/shim/_kernel.js:17:19)
    at DuelArena.observeFightState (file:///rs2b0t/bot/scripts/bot/bot.js:288:70)
    at file:///rs2b0t/bot/scripts/bot/bot.js:93:63
    at globalThis.__rs2b0t_fire_tick_listeners (file:///rs2b0t/bot/runtime/BotHost.js:14:13)
    at globalThis.__rs2b0t_pump (file:///rs2b0t/bot/api/execution/Execution.js:107:37)
[script liveb71btf_1] [rs2b0t] listener error not impl: reader.selfChat
[script liveb71btf_0] [rs2b0t] listener error not impl: reader.selfChat
[host] slot liveb71btf_1: d_loop_us=947 d_raster_us=0 d_observe_us=54041 max_observe_us=10092 d_paints=0 d_skips=50 d_ticks=2 window_ms=1201
[host] slot liveb71btf_0: d_loop_us=1036 d_raster_us=0 d_observe_us=58758 max_observe_us=13106 d_paints=0 d_skips=50 d_ticks=2 window_ms=1182
[rs2b0t] listener error Error: not impl: reader.selfChat
    at notImpl (file:///rs2b0t/bot/shim/_kernel.js:5:5)
    at Object.get (file:///rs2b0t/bot/shim/_kernel.js:17:19)
    at DuelArena.observeFightState (file:///rs2b0t/bot/scripts/bot/bot.js:288:70)
    at file:///rs2b0t/bot/scripts/bot/bot.js:93:63
    at globalThis.__rs2b0t_fire_tick_listeners (file:///rs2b0t/bot/runtime/BotHost.js:14:13)
    at globalThis.__rs2b0t_tick_async (file:///rs2b0t/bot/scripts/bot/main.js:15:37)
    at globalThis.__rs_tick (file:///rs2b0t/bot/scripts/bot/main.js:8:16)
[script liveb71btf_0] [rs2b0t] listener error not impl: reader.selfChat
[rs2b0t] listener error Error: not impl: reader.selfChat
    at notImpl (file:///rs2b0t/bot/shim/_kernel.js:5:5)
    at Object.get (file:///rs2b0t/bot/shim/_kernel.js:17:19)
    at DuelArena.observeFightState (file:///rs2b0t/bot/scripts/bot/bot.js:288:70)
    at file:///rs2b0t/bot/scripts/bot/bot.js:93:63
    at globalThis.__rs2b0t_fire_tick_listeners (file:///rs2b0t/bot/runtime/BotHost.js:14:13)
    at globalThis.__rs2b0t_tick_async (file:///rs2b0t/bot/scripts/bot/main.js:15:37)
    at globalThis.__rs_tick (file:///rs2b0t/bot/scripts/bot/main.js:8:16)
[script liveb71btf_1] [rs2b0t] listener error not impl: reader.selfChat
[rs2b0t] listener error Error: not impl: reader.selfChat
    at notImpl (file:///rs2b0t/bot/shim/_kernel.js:5:5)
    at Object.get (file:///rs2b0t/bot/shim/_kernel.js:17:19)
    at DuelArena.observeFightState (file:///rs2b0t/bot/scripts/bot/bot.js:288:70)
    at file:///rs2b0t/bot/scripts/bot/bot.js:93:63
    at globalThis.__rs2b0t_fire_tick_listeners (file:///rs2b0t/bot/runtime/BotHost.js:14:13)
    at globalThis.__rs2b0t_pump (file:///rs2b0t/bot/api/execution/Execution.js:107:37)
[rs2b0t] listener error Error: not impl: reader.selfChat
    at notImpl (file:///rs2b0t/bot/shim/_kernel.js:5:5)
    at Object.get (file:///rs2b0t/bot/shim/_kernel.js:17:19)
    at DuelArena.observeFightState (file:///rs2b0t/bot/scripts/bot/bot.js:288:70)
    at file:///rs2b0t/bot/scripts/bot/bot.js:93:63
    at globalThis.__rs2b0t_fire_tick_listeners (file:///rs2b0t/bot/runtime/BotHost.js:14:13)
    at globalThis.__rs2b0t_pump (file:///rs2b0t/bot/api/execution/Execution.js:107:37)
[script liveb71btf_0] [rs2b0t] listener error not impl: reader.selfChat
[script liveb71btf_1] [rs2b0t] listener error not impl: reader.selfChat
[host] slot liveb71btf_1: d_loop_us=874 d_raster_us=0 d_observe_us=50756 max_observe_us=8466 d_paints=0 d_skips=50 d_ticks=2 window_ms=1190
[host] slot liveb71btf_0: d_loop_us=1401 d_raster_us=0 d_observe_us=61088 max_observe_us=10735 d_paints=0 d_skips=50 d_ticks=2 window_ms=1183
[rs2b0t] listener error Error: not impl: reader.selfChat
    at notImpl (file:///rs2b0t/bot/shim/_kernel.js:5:5)
    at Object.get (file:///rs2b0t/bot/shim/_kernel.js:17:19)
    at DuelArena.observeFightState (file:///rs2b0t/bot/scripts/bot/bot.js:288:70)
    at file:///rs2b0t/bot/scripts/bot/bot.js:93:63
    at globalThis.__rs2b0t_fire_tick_listeners (file:///rs2b0t/bot/runtime/BotHost.js:14:13)
    at globalThis.__rs2b0t_tick_async (file:///rs2b0t/bot/scripts/bot/main.js:15:37)
    at globalThis.__rs_tick (file:///rs2b0t/bot/scripts/bot/main.js:8:16)
[rs2b0t] listener error Error: not impl: reader.selfChat
    at notImpl (file:///rs2b0t/bot/shim/_kernel.js:5:5)
    at Object.get (file:///rs2b0t/bot/shim/_kernel.js:17:19)
    at DuelArena.observeFightState (file:///rs2b0t/bot/scripts/bot/bot.js:288:70)
    at file:///rs2b0t/bot/scripts/bot/bot.js:93:63
    at globalThis.__rs2b0t_fire_tick_listeners (file:///rs2b0t/bot/runtime/BotHost.js:14:13)
    at globalThis.__rs2b0t_tick_async (file:///rs2b0t/bot/scripts/bot/main.js:15:37)
    at globalThis.__rs_tick (file:///rs2b0t/bot/scripts/bot/main.js:8:16)
[script liveb71btf_0] [rs2b0t] listener error not impl: reader.selfChat
[script liveb71btf_1] [rs2b0t] listener error not impl: reader.selfChat
[rs2b0t] listener error Error: not impl: reader.selfChat
    at notImpl (file:///rs2b0t/bot/shim/_kernel.js:5:5)
    at Object.get (file:///rs2b0t/bot/shim/_kernel.js:17:19)
    at DuelArena.observeFightState (file:///rs2b0t/bot/scripts/bot/bot.js:288:70)
    at file:///rs2b0t/bot/scripts/bot/bot.js:93:63
    at globalThis.__rs2b0t_fire_tick_listeners (file:///rs2b0t/bot/runtime/BotHost.js:14:13)
    at globalThis.__rs2b0t_pump (file:///rs2b0t/bot/api/execution/Execution.js:107:37)
[rs2b0t] listener error Error: not impl: reader.selfChat
    at notImpl (file:///rs2b0t/bot/shim/_kernel.js:5:5)
    at Object.get (file:///rs2b0t/bot/shim/_kernel.js:17:19)
    at DuelArena.observeFightState (file:///rs2b0t/bot/scripts/bot/bot.js:288:70)
    at file:///rs2b0t/bot/scripts/bot/bot.js:93:63
    at globalThis.__rs2b0t_fire_tick_listeners (file:///rs2b0t/bot/runtime/BotHost.js:14:13)
    at globalThis.__rs2b0t_pump (file:///rs2b0t/bot/api/execution/Execution.js:107:37)
[script liveb71btf_1] [rs2b0t] listener error not impl: reader.selfChat
[host] slot liveb71btf_1: d_loop_us=618 d_raster_us=0 d_observe_us=32439 max_observe_us=5096 d_paints=0 d_skips=50 d_ticks=2 window_ms=1192
[script liveb71btf_0] [rs2b0t] listener error not impl: reader.selfChat
[host] slot liveb71btf_0: d_loop_us=639 d_raster_us=0 d_observe_us=31875 max_observe_us=5635 d_paints=0 d_skips=50 d_ticks=2 window_ms=1191
[rs2b0t] listener error Error: not impl: reader.selfChat
    at notImpl (file:///rs2b0t/bot/shim/_kernel.js:5:5)
    at Object.get (file:///rs2b0t/bot/shim/_kernel.js:17:19)
    at DuelArena.observeFightState (file:///rs2b0t/bot/scripts/bot/bot.js:288:70)
    at file:///rs2b0t/bot/scripts/bot/bot.js:93:63
    at globalThis.__rs2b0t_fire_tick_listeners (file:///rs2b0t/bot/runtime/BotHost.js:14:13)
    at globalThis.__rs2b0t_tick_async (file:///rs2b0t/bot/scripts/bot/main.js:15:37)
    at globalThis.__rs_tick (file:///rs2b0t/bot/scripts/bot/main.js:8:16)
[rs2b0t] listener error Error: not impl: reader.selfChat
    at notImpl (file:///rs2b0t/bot/shim/_kernel.js:5:5)
    at Object.get (file:///rs2b0t/bot/shim/_kernel.js:17:19)
    at DuelArena.observeFightState (file:///rs2b0t/bot/scripts/bot/bot.js:288:70)
    at file:///rs2b0t/bot/scripts/bot/bot.js:93:63
    at globalThis.__rs2b0t_fire_tick_listeners (file:///rs2b0t/bot/runtime/BotHost.js:14:13)
    at globalThis.__rs2b0t_tick_async (file:///rs2b0t/bot/scripts/bot/main.js:15:37)
    at globalThis.__rs_tick (file:///rs2b0t/bot/scripts/bot/main.js:8:16)
[script liveb71btf_1] [rs2b0t] listener error not impl: reader.selfChat
[script liveb71btf_0] [rs2b0t] listener error not impl: reader.selfChat
[rs2b0t] listener error Error: not impl: reader.selfChat
    at notImpl (file:///rs2b0t/bot/shim/_kernel.js:5:5)
    at Object.get (file:///rs2b0t/bot/shim/_kernel.js:17:19)
    at DuelArena.observeFightState (file:///rs2b0t/bot/scripts/bot/bot.js:288:70)
    at file:///rs2b0t/bot/scripts/bot/bot.js:93:63
    at globalThis.__rs2b0t_fire_tick_listeners (file:///rs2b0t/bot/runtime/BotHost.js:14:13)
    at globalThis.__rs2b0t_pump (file:///rs2b0t/bot/api/execution/Execution.js:107:37)
[script liveb71btf_1] [rs2b0t] listener error not impl: reader.selfChat
[host] slot liveb71btf_1: d_loop_us=680 d_raster_us=0 d_observe_us=42121 max_observe_us=9117 d_paints=0 d_skips=50 d_ticks=2 window_ms=1197
[rs2b0t] listener error Error: not impl: reader.selfChat
    at notImpl (file:///rs2b0t/bot/shim/_kernel.js:5:5)
    at Object.get (file:///rs2b0t/bot/shim/_kernel.js:17:19)
    at DuelArena.observeFightState (file:///rs2b0t/bot/scripts/bot/bot.js:288:70)
    at file:///rs2b0t/bot/scripts/bot/bot.js:93:63
    at globalThis.__rs2b0t_fire_tick_listeners (file:///rs2b0t/bot/runtime/BotHost.js:14:13)
    at globalThis.__rs2b0t_pump (file:///rs2b0t/bot/api/execution/Execution.js:107:37)
[script liveb71btf_0] [rs2b0t] listener error not impl: reader.selfChat
[host] slot liveb71btf_0: d_loop_us=780 d_raster_us=0 d_observe_us=42139 max_observe_us=8083 d_paints=0 d_skips=50 d_ticks=2 window_ms=1195
[rs2b0t] listener error Error: not impl: reader.selfChat
    at notImpl (file:///rs2b0t/bot/shim/_kernel.js:5:5)
    at Object.get (file:///rs2b0t/bot/shim/_kernel.js:17:19)
    at DuelArena.observeFightState (file:///rs2b0t/bot/scripts/bot/bot.js:288:70)
    at file:///rs2b0t/bot/scripts/bot/bot.js:93:63
    at globalThis.__rs2b0t_fire_tick_listeners (file:///rs2b0t/bot/runtime/BotHost.js:14:13)
    at globalThis.__rs2b0t_tick_async (file:///rs2b0t/bot/scripts/bot/main.js:15:37)
    at globalThis.__rs_tick (file:///rs2b0t/bot/scripts/bot/main.js:8:16)
[rs2b0t] listener error Error: not impl: reader.selfChat
    at notImpl (file:///rs2b0t/bot/shim/_kernel.js:5:5)
    at Object.get (file:///rs2b0t/bot/shim/_kernel.js:17:19)
    at DuelArena.observeFightState (file:///rs2b0t/bot/scripts/bot/bot.js:288:70)
    at file:///rs2b0t/bot/scripts/bot/bot.js:93:63
    at globalThis.__rs2b0t_fire_tick_listeners (file:///rs2b0t/bot/runtime/BotHost.js:14:13)
    at globalThis.__rs2b0t_tick_async (file:///rs2b0t/bot/scripts/bot/main.js:15:37)
    at globalThis.__rs_tick (file:///rs2b0t/bot/scripts/bot/main.js:8:16)
[script liveb71btf_1] [rs2b0t] listener error not impl: reader.selfChat
[script liveb71btf_0] [rs2b0t] listener error not impl: reader.selfChat
[rs2b0t] listener error Error: not impl: reader.selfChat
    at notImpl (file:///rs2b0t/bot/shim/_kernel.js:5:5)
    at Object.get (file:///rs2b0t/bot/shim/_kernel.js:17:19)
    at DuelArena.observeFightState (file:///rs2b0t/bot/scripts/bot/bot.js:288:70)
    at file:///rs2b0t/bot/scripts/bot/bot.js:93:63
    at globalThis.__rs2b0t_fire_tick_listeners (file:///rs2b0t/bot/runtime/BotHost.js:14:13)
    at globalThis.__rs2b0t_pump (file:///rs2b0t/bot/api/execution/Execution.js:107:37)
[host] slot liveb71btf_1: d_loop_us=1056 d_raster_us=0 d_observe_us=55163 max_observe_us=8941 d_paints=0 d_skips=50 d_ticks=2 window_ms=1192
[rs2b0t] listener error Error: not impl: reader.selfChat
    at notImpl (file:///rs2b0t/bot/shim/_kernel.js:5:5)
    at Object.get (file:///rs2b0t/bot/shim/_kernel.js:17:19)
    at DuelArena.observeFightState (file:///rs2b0t/bot/scripts/bot/bot.js:288:70)
    at file:///rs2b0t/bot/scripts/bot/bot.js:93:63
    at globalThis.__rs2b0t_fire_tick_listeners (file:///rs2b0t/bot/runtime/BotHost.js:14:13)
    at globalThis.__rs2b0t_pump (file:///rs2b0t/bot/api/execution/Execution.js:107:37)
[script liveb71btf_0] [rs2b0t] listener error not impl: reader.selfChat
[script liveb71btf_1] [rs2b0t] listener error not impl: reader.selfChat
[host] slot liveb71btf_0: d_loop_us=991 d_raster_us=0 d_observe_us=56680 max_observe_us=12281 d_paints=0 d_skips=50 d_ticks=2 window_ms=1199
[rs2b0t] listener error Error: not impl: reader.selfChat
    at notImpl (file:///rs2b0t/bot/shim/_kernel.js:5:5)
    at Object.get (file:///rs2b0t/bot/shim/_kernel.js:17:19)
    at DuelArena.observeFightState (file:///rs2b0t/bot/scripts/bot/bot.js:288:70)
    at file:///rs2b0t/bot/scripts/bot/bot.js:93:63
    at globalThis.__rs2b0t_fire_tick_listeners (file:///rs2b0t/bot/runtime/BotHost.js:14:13)
    at globalThis.__rs2b0t_tick_async (file:///rs2b0t/bot/scripts/bot/main.js:15:37)
    at globalThis.__rs_tick (file:///rs2b0t/bot/scripts/bot/main.js:8:16)
[rs2b0t] listener error Error: not impl: reader.selfChat
    at notImpl (file:///rs2b0t/bot/shim/_kernel.js:5:5)
    at Object.get (file:///rs2b0t/bot/shim/_kernel.js:17:19)
    at DuelArena.observeFightState (file:///rs2b0t/bot/scripts/bot/bot.js:288:70)
    at file:///rs2b0t/bot/scripts/bot/bot.js:93:63
    at globalThis.__rs2b0t_fire_tick_listeners (file:///rs2b0t/bot/runtime/BotHost.js:14:13)
    at globalThis.__rs2b0t_tick_async (file:///rs2b0t/bot/scripts/bot/main.js:15:37)
    at globalThis.__rs_tick (file:///rs2b0t/bot/scripts/bot/main.js:8:16)
[script liveb71btf_0] [rs2b0t] listener error not impl: reader.selfChat
[script liveb71btf_1] [rs2b0t] listener error not impl: reader.selfChat
[host] slot liveb71btf_1: d_loop_us=948 d_raster_us=0 d_observe_us=40379 max_observe_us=5490 d_paints=0 d_skips=50 d_ticks=2 window_ms=1173
[rs2b0t] listener error Error: not impl: reader.selfChat
    at notImpl (file:///rs2b0t/bot/shim/_kernel.js:5:5)
    at Object.get (file:///rs2b0t/bot/shim/_kernel.js:17:19)
    at DuelArena.observeFightState (file:///rs2b0t/bot/scripts/bot/bot.js:288:70)
    at file:///rs2b0t/bot/scripts/bot/bot.js:93:63
    at globalThis.__rs2b0t_fire_tick_listeners (file:///rs2b0t/bot/runtime/BotHost.js:14:13)
    at globalThis.__rs2b0t_pump (file:///rs2b0t/bot/api/execution/Execution.js:107:37)
[script liveb71btf_0] [rs2b0t] listener error not impl: reader.selfChat
[rs2b0t] listener error Error: not impl: reader.selfChat
    at notImpl (file:///rs2b0t/bot/shim/_kernel.js:5:5)
    at Object.get (file:///rs2b0t/bot/shim/_kernel.js:17:19)
    at DuelArena.observeFightState (file:///rs2b0t/bot/scripts/bot/bot.js:288:70)
    at file:///rs2b0t/bot/scripts/bot/bot.js:93:63
    at globalThis.__rs2b0t_fire_tick_listeners (file:///rs2b0t/bot/runtime/BotHost.js:14:13)
    at globalThis.__rs2b0t_pump (file:///rs2b0t/bot/api/execution/Execution.js:107:37)
[script liveb71btf_1] [rs2b0t] listener error not impl: reader.selfChat
[host] slot liveb71btf_0: d_loop_us=965 d_raster_us=0 d_observe_us=47278 max_observe_us=8176 d_paints=0 d_skips=50 d_ticks=2 window_ms=1174
[rs2b0t] listener error Error: not impl: reader.selfChat
    at notImpl (file:///rs2b0t/bot/shim/_kernel.js:5:5)
    at Object.get (file:///rs2b0t/bot/shim/_kernel.js:17:19)
    at DuelArena.observeFightState (file:///rs2b0t/bot/scripts/bot/bot.js:288:70)
    at file:///rs2b0t/bot/scripts/bot/bot.js:93:63
    at globalThis.__rs2b0t_fire_tick_listeners (file:///rs2b0t/bot/runtime/BotHost.js:14:13)
    at globalThis.__rs2b0t_tick_async (file:///rs2b0t/bot/scripts/bot/main.js:15:37)
    at globalThis.__rs_tick (file:///rs2b0t/bot/scripts/bot/main.js:8:16)
[rs2b0t] listener error Error: not impl: reader.selfChat
    at notImpl (file:///rs2b0t/bot/shim/_kernel.js:5:5)
    at Object.get (file:///rs2b0t/bot/shim/_kernel.js:17:19)
    at DuelArena.observeFightState (file:///rs2b0t/bot/scripts/bot/bot.js:288:70)
    at file:///rs2b0t/bot/scripts/bot/bot.js:93:63
    at globalThis.__rs2b0t_fire_tick_listeners (file:///rs2b0t/bot/runtime/BotHost.js:14:13)
    at globalThis.__rs2b0t_tick_async (file:///rs2b0t/bot/scripts/bot/main.js:15:37)
    at globalThis.__rs_tick (file:///rs2b0t/bot/scripts/bot/main.js:8:16)
[script liveb71btf_0] [rs2b0t] listener error not impl: reader.selfChat
[script liveb71btf_1] [rs2b0t] listener error not impl: reader.selfChat
[host] slot liveb71btf_1: d_loop_us=664 d_raster_us=0 d_observe_us=39971 max_observe_us=7137 d_paints=0 d_skips=50 d_ticks=2 window_ms=1198
[rs2b0t] listener error Error: not impl: reader.selfChat
    at notImpl (file:///rs2b0t/bot/shim/_kernel.js:5:5)
    at Object.get (file:///rs2b0t/bot/shim/_kernel.js:17:19)
    at DuelArena.observeFightState (file:///rs2b0t/bot/scripts/bot/bot.js:288:70)
    at file:///rs2b0t/bot/scripts/bot/bot.js:93:63
    at globalThis.__rs2b0t_fire_tick_listeners (file:///rs2b0t/bot/runtime/BotHost.js:14:13)
    at globalThis.__rs2b0t_pump (file:///rs2b0t/bot/api/execution/Execution.js:107:37)
[rs2b0t] listener error Error: not impl: reader.selfChat
    at notImpl (file:///rs2b0t/bot/shim/_kernel.js:5:5)
    at Object.get (file:///rs2b0t/bot/shim/_kernel.js:17:19)
    at DuelArena.observeFightState (file:///rs2b0t/bot/scripts/bot/bot.js:288:70)
    at file:///rs2b0t/bot/scripts/bot/bot.js:93:63
    at globalThis.__rs2b0t_fire_tick_listeners (file:///rs2b0t/bot/runtime/BotHost.js:14:13)
    at globalThis.__rs2b0t_pump (file:///rs2b0t/bot/api/execution/Execution.js:107:37)
[script liveb71btf_1] [rs2b0t] listener error not impl: reader.selfChat
[script liveb71btf_0] [rs2b0t] listener error not impl: reader.selfChat
[host] slot liveb71btf_0: d_loop_us=817 d_raster_us=0 d_observe_us=38337 max_observe_us=6527 d_paints=0 d_skips=50 d_ticks=2 window_ms=1200
[rs2b0t] listener error Error: not impl: reader.selfChat
    at notImpl (file:///rs2b0t/bot/shim/_kernel.js:5:5)
    at Object.get (file:///rs2b0t/bot/shim/_kernel.js:17:19)
    at DuelArena.observeFightState (file:///rs2b0t/bot/scripts/bot/bot.js:288:70)
    at file:///rs2b0t/bot/scripts/bot/bot.js:93:63
    at globalThis.__rs2b0t_fire_tick_listeners (file:///rs2b0t/bot/runtime/BotHost.js:14:13)
    at globalThis.__rs2b0t_tick_async (file:///rs2b0t/bot/scripts/bot/main.js:15:37)
    at globalThis.__rs_tick (file:///rs2b0t/bot/scripts/bot/main.js:8:16)
[rs2b0t] listener error Error: not impl: reader.selfChat
    at notImpl (file:///rs2b0t/bot/shim/_kernel.js:5:5)
    at Object.get (file:///rs2b0t/bot/shim/_kernel.js:17:19)
    at DuelArena.observeFightState (file:///rs2b0t/bot/scripts/bot/bot.js:288:70)
    at file:///rs2b0t/bot/scripts/bot/bot.js:93:63
    at globalThis.__rs2b0t_fire_tick_listeners (file:///rs2b0t/bot/runtime/BotHost.js:14:13)
    at globalThis.__rs2b0t_tick_async (file:///rs2b0t/bot/scripts/bot/main.js:15:37)
    at globalThis.__rs_tick (file:///rs2b0t/bot/scripts/bot/main.js:8:16)
[script liveb71btf_1] [rs2b0t] listener error not impl: reader.selfChat
[script liveb71btf_0] [rs2b0t] listener error not impl: reader.selfChat
[host] slot liveb71btf_1: d_loop_us=896 d_raster_us=0 d_observe_us=42956 max_observe_us=7749 d_paints=0 d_skips=50 d_ticks=2 window_ms=1196
[rs2b0t] listener error Error: not impl: reader.selfChat
    at notImpl (file:///rs2b0t/bot/shim/_kernel.js:5:5)
    at Object.get (file:///rs2b0t/bot/shim/_kernel.js:17:19)
    at DuelArena.observeFightState (file:///rs2b0t/bot/scripts/bot/bot.js:288:70)
    at file:///rs2b0t/bot/scripts/bot/bot.js:93:63
    at globalThis.__rs2b0t_fire_tick_listeners (file:///rs2b0t/bot/runtime/BotHost.js:14:13)
    at globalThis.__rs2b0t_pump (file:///rs2b0t/bot/api/execution/Execution.js:107:37)
[rs2b0t] listener error Error: not impl: reader.selfChat
    at notImpl (file:///rs2b0t/bot/shim/_kernel.js:5:5)
    at Object.get (file:///rs2b0t/bot/shim/_kernel.js:17:19)
    at DuelArena.observeFightState (file:///rs2b0t/bot/scripts/bot/bot.js:288:70)
    at file:///rs2b0t/bot/scripts/bot/bot.js:93:63
    at globalThis.__rs2b0t_fire_tick_listeners (file:///rs2b0t/bot/runtime/BotHost.js:14:13)
    at globalThis.__rs2b0t_pump (file:///rs2b0t/bot/api/execution/Execution.js:107:37)
[script liveb71btf_0] [rs2b0t] listener error not impl: reader.selfChat
[script liveb71btf_1] [rs2b0t] listener error not impl: reader.selfChat
[host] slot liveb71btf_0: d_loop_us=862 d_raster_us=0 d_observe_us=45517 max_observe_us=7889 d_paints=0 d_skips=50 d_ticks=2 window_ms=1192
[rs2b0t] listener error Error: not impl: reader.selfChat
    at notImpl (file:///rs2b0t/bot/shim/_kernel.js:5:5)
    at Object.get (file:///rs2b0t/bot/shim/_kernel.js:17:19)
    at DuelArena.observeFightState (file:///rs2b0t/bot/scripts/bot/bot.js:288:70)
    at file:///rs2b0t/bot/scripts/bot/bot.js:93:63
    at globalThis.__rs2b0t_fire_tick_listeners (file:///rs2b0t/bot/runtime/BotHost.js:14:13)
    at globalThis.__rs2b0t_tick_async (file:///rs2b0t/bot/scripts/bot/main.js:15:37)
    at globalThis.__rs_tick (file:///rs2b0t/bot/scripts/bot/main.js:8:16)
[rs2b0t] listener error Error: not impl: reader.selfChat
    at notImpl (file:///rs2b0t/bot/shim/_kernel.js:5:5)
    at Object.get (file:///rs2b0t/bot/shim/_kernel.js:17:19)
    at DuelArena.observeFightState (file:///rs2b0t/bot/scripts/bot/bot.js:288:70)
    at file:///rs2b0t/bot/scripts/bot/bot.js:93:63
    at globalThis.__rs2b0t_fire_tick_listeners (file:///rs2b0t/bot/runtime/BotHost.js:14:13)
    at globalThis.__rs2b0t_tick_async (file:///rs2b0t/bot/scripts/bot/main.js:15:37)
    at globalThis.__rs_tick (file:///rs2b0t/bot/scripts/bot/main.js:8:16)
[script liveb71btf_1] [rs2b0t] listener error not impl: reader.selfChat
[script liveb71btf_0] [rs2b0t] listener error not impl: reader.selfChat
[host] slot liveb71btf_1: d_loop_us=837 d_raster_us=0 d_observe_us=50380 max_observe_us=7749 d_paints=0 d_skips=50 d_ticks=1 window_ms=1164
[rs2b0t] listener error Error: not impl: reader.selfChat
    at notImpl (file:///rs2b0t/bot/shim/_kernel.js:5:5)
    at Object.get (file:///rs2b0t/bot/shim/_kernel.js:17:19)
    at DuelArena.observeFightState (file:///rs2b0t/bot/scripts/bot/bot.js:288:70)
    at file:///rs2b0t/bot/scripts/bot/bot.js:93:63
    at globalThis.__rs2b0t_fire_tick_listeners (file:///rs2b0t/bot/runtime/BotHost.js:14:13)
    at globalThis.__rs2b0t_pump (file:///rs2b0t/bot/api/execution/Execution.js:107:37)
[rs2b0t] listener error Error: not impl: reader.selfChat
    at notImpl (file:///rs2b0t/bot/shim/_kernel.js:5:5)
    at Object.get (file:///rs2b0t/bot/shim/_kernel.js:17:19)
    at DuelArena.observeFightState (file:///rs2b0t/bot/scripts/bot/bot.js:288:70)
    at file:///rs2b0t/bot/scripts/bot/bot.js:93:63
    at globalThis.__rs2b0t_fire_tick_listeners (file:///rs2b0t/bot/runtime/BotHost.js:14:13)
    at globalThis.__rs2b0t_pump (file:///rs2b0t/bot/api/execution/Execution.js:107:37)
[script liveb71btf_0] [rs2b0t] listener error not impl: reader.selfChat
[script liveb71btf_1] [rs2b0t] listener error not impl: reader.selfChat
[host] slot liveb71btf_0: d_loop_us=1120 d_raster_us=0 d_observe_us=53020 max_observe_us=10131 d_paints=0 d_skips=50 d_ticks=2 window_ms=1179
[rs2b0t] listener error Error: not impl: reader.selfChat
    at notImpl (file:///rs2b0t/bot/shim/_kernel.js:5:5)
    at Object.get (file:///rs2b0t/bot/shim/_kernel.js:17:19)
    at DuelArena.observeFightState (file:///rs2b0t/bot/scripts/bot/bot.js:288:70)
    at file:///rs2b0t/bot/scripts/bot/bot.js:93:63
    at globalThis.__rs2b0t_fire_tick_listeners (file:///rs2b0t/bot/runtime/BotHost.js:14:13)
    at globalThis.__rs2b0t_tick_async (file:///rs2b0t/bot/scripts/bot/main.js:15:37)
    at globalThis.__rs_tick (file:///rs2b0t/bot/scripts/bot/main.js:8:16)
[rs2b0t] listener error Error: not impl: reader.selfChat
    at notImpl (file:///rs2b0t/bot/shim/_kernel.js:5:5)
    at Object.get (file:///rs2b0t/bot/shim/_kernel.js:17:19)
    at DuelArena.observeFightState (file:///rs2b0t/bot/scripts/bot/bot.js:288:70)
    at file:///rs2b0t/bot/scripts/bot/bot.js:93:63
    at globalThis.__rs2b0t_fire_tick_listeners (file:///rs2b0t/bot/runtime/BotHost.js:14:13)
    at globalThis.__rs2b0t_tick_async (file:///rs2b0t/bot/scripts/bot/main.js:15:37)
    at globalThis.__rs_tick (file:///rs2b0t/bot/scripts/bot/main.js:8:16)
[script liveb71btf_0] [rs2b0t] listener error not impl: reader.selfChat
[script liveb71btf_1] [rs2b0t] listener error not impl: reader.selfChat
[host] slot liveb71btf_1: d_loop_us=874 d_raster_us=0 d_observe_us=58054 max_observe_us=9818 d_paints=0 d_skips=50 d_ticks=2 window_ms=1176
[rs2b0t] listener error Error: not impl: reader.selfChat
    at notImpl (file:///rs2b0t/bot/shim/_kernel.js:5:5)
    at Object.get (file:///rs2b0t/bot/shim/_kernel.js:17:19)
    at DuelArena.observeFightState (file:///rs2b0t/bot/scripts/bot/bot.js:288:70)
    at file:///rs2b0t/bot/scripts/bot/bot.js:93:63
    at globalThis.__rs2b0t_fire_tick_listeners (file:///rs2b0t/bot/runtime/BotHost.js:14:13)
    at globalThis.__rs2b0t_pump (file:///rs2b0t/bot/api/execution/Execution.js:107:37)
[rs2b0t] listener error Error: not impl: reader.selfChat
    at notImpl (file:///rs2b0t/bot/shim/_kernel.js:5:5)
    at Object.get (file:///rs2b0t/bot/shim/_kernel.js:17:19)
    at DuelArena.observeFightState (file:///rs2b0t/bot/scripts/bot/bot.js:288:70)
    at file:///rs2b0t/bot/scripts/bot/bot.js:93:63
    at globalThis.__rs2b0t_fire_tick_listeners (file:///rs2b0t/bot/runtime/BotHost.js:14:13)
    at globalThis.__rs2b0t_pump (file:///rs2b0t/bot/api/execution/Execution.js:107:37)
[script liveb71btf_1] [rs2b0t] listener error not impl: reader.selfChat
[script liveb71btf_0] [rs2b0t] listener error not impl: reader.selfChat
[host] slot liveb71btf_0: d_loop_us=978 d_raster_us=0 d_observe_us=56191 max_observe_us=10741 d_paints=0 d_skips=50 d_ticks=2 window_ms=1194
[rs2b0t] listener error Error: not impl: reader.selfChat
    at notImpl (file:///rs2b0t/bot/shim/_kernel.js:5:5)
    at Object.get (file:///rs2b0t/bot/shim/_kernel.js:17:19)
    at DuelArena.observeFightState (file:///rs2b0t/bot/scripts/bot/bot.js:288:70)
    at file:///rs2b0t/bot/scripts/bot/bot.js:93:63
    at globalThis.__rs2b0t_fire_tick_listeners (file:///rs2b0t/bot/runtime/BotHost.js:14:13)
    at globalThis.__rs2b0t_tick_async (file:///rs2b0t/bot/scripts/bot/main.js:15:37)
    at globalThis.__rs_tick (file:///rs2b0t/bot/scripts/bot/main.js:8:16)
[script liveb71btf_0] [rs2b0t] listener error not impl: reader.selfChat
[rs2b0t] listener error Error: not impl: reader.selfChat
    at notImpl (file:///rs2b0t/bot/shim/_kernel.js:5:5)
    at Object.get (file:///rs2b0t/bot/shim/_kernel.js:17:19)
    at DuelArena.observeFightState (file:///rs2b0t/bot/scripts/bot/bot.js:288:70)
    at file:///rs2b0t/bot/scripts/bot/bot.js:93:63
    at globalThis.__rs2b0t_fire_tick_listeners (file:///rs2b0t/bot/runtime/BotHost.js:14:13)
    at globalThis.__rs2b0t_tick_async (file:///rs2b0t/bot/scripts/bot/main.js:15:37)
    at globalThis.__rs_tick (file:///rs2b0t/bot/scripts/bot/main.js:8:16)
[script liveb71btf_1] [rs2b0t] listener error not impl: reader.selfChat
[host] slot liveb71btf_1: d_loop_us=807 d_raster_us=0 d_observe_us=46590 max_observe_us=7937 d_paints=0 d_skips=50 d_ticks=2 window_ms=1199
[rs2b0t] listener error Error: not impl: reader.selfChat
    at notImpl (file:///rs2b0t/bot/shim/_kernel.js:5:5)
    at Object.get (file:///rs2b0t/bot/shim/_kernel.js:17:19)
    at DuelArena.observeFightState (file:///rs2b0t/bot/scripts/bot/bot.js:288:70)
    at file:///rs2b0t/bot/scripts/bot/bot.js:93:63
    at globalThis.__rs2b0t_fire_tick_listeners (file:///rs2b0t/bot/runtime/BotHost.js:14:13)
    at globalThis.__rs2b0t_pump (file:///rs2b0t/bot/api/execution/Execution.js:107:37)
[rs2b0t] listener error Error: not impl: reader.selfChat
    at notImpl (file:///rs2b0t/bot/shim/_kernel.js:5:5)
    at Object.get (file:///rs2b0t/bot/shim/_kernel.js:17:19)
    at DuelArena.observeFightState (file:///rs2b0t/bot/scripts/bot/bot.js:288:70)
    at file:///rs2b0t/bot/scripts/bot/bot.js:93:63
    at globalThis.__rs2b0t_fire_tick_listeners (file:///rs2b0t/bot/runtime/BotHost.js:14:13)
    at globalThis.__rs2b0t_pump (file:///rs2b0t/bot/api/execution/Execution.js:107:37)
[script liveb71btf_1] [rs2b0t] listener error not impl: reader.selfChat
[script liveb71btf_0] [rs2b0t] listener error not impl: reader.selfChat
[host] slot liveb71btf_0: d_loop_us=869 d_raster_us=0 d_observe_us=48365 max_observe_us=8958 d_paints=0 d_skips=50 d_ticks=2 window_ms=1201
[rs2b0t] listener error Error: not impl: reader.selfChat
    at notImpl (file:///rs2b0t/bot/shim/_kernel.js:5:5)
    at Object.get (file:///rs2b0t/bot/shim/_kernel.js:17:19)
    at DuelArena.observeFightState (file:///rs2b0t/bot/scripts/bot/bot.js:288:70)
    at file:///rs2b0t/bot/scripts/bot/bot.js:93:63
    at globalThis.__rs2b0t_fire_tick_listeners (file:///rs2b0t/bot/runtime/BotHost.js:14:13)
    at globalThis.__rs2b0t_tick_async (file:///rs2b0t/bot/scripts/bot/main.js:15:37)
    at globalThis.__rs_tick (file:///rs2b0t/bot/scripts/bot/main.js:8:16)
[rs2b0t] listener error Error: not impl: reader.selfChat
    at notImpl (file:///rs2b0t/bot/shim/_kernel.js:5:5)
    at Object.get (file:///rs2b0t/bot/shim/_kernel.js:17:19)
    at DuelArena.observeFightState (file:///rs2b0t/bot/scripts/bot/bot.js:288:70)
    at file:///rs2b0t/bot/scripts/bot/bot.js:93:63
    at globalThis.__rs2b0t_fire_tick_listeners (file:///rs2b0t/bot/runtime/BotHost.js:14:13)
    at globalThis.__rs2b0t_tick_async (file:///rs2b0t/bot/scripts/bot/main.js:15:37)
    at globalThis.__rs_tick (file:///rs2b0t/bot/scripts/bot/main.js:8:16)
[script liveb71btf_0] [rs2b0t] listener error not impl: reader.selfChat
[script liveb71btf_1] [rs2b0t] listener error not impl: reader.selfChat
[host] slot liveb71btf_1: d_loop_us=923 d_raster_us=0 d_observe_us=56493 max_observe_us=9939 d_paints=0 d_skips=50 d_ticks=2 window_ms=1187
[rs2b0t] listener error Error: not impl: reader.selfChat
    at notImpl (file:///rs2b0t/bot/shim/_kernel.js:5:5)
    at Object.get (file:///rs2b0t/bot/shim/_kernel.js:17:19)
    at DuelArena.observeFightState (file:///rs2b0t/bot/scripts/bot/bot.js:288:70)
    at file:///rs2b0t/bot/scripts/bot/bot.js:93:63
    at globalThis.__rs2b0t_fire_tick_listeners (file:///rs2b0t/bot/runtime/BotHost.js:14:13)
    at globalThis.__rs2b0t_pump (file:///rs2b0t/bot/api/execution/Execution.js:107:37)
[rs2b0t] listener error Error: not impl: reader.selfChat
    at notImpl (file:///rs2b0t/bot/shim/_kernel.js:5:5)
    at Object.get (file:///rs2b0t/bot/shim/_kernel.js:17:19)
    at DuelArena.observeFightState (file:///rs2b0t/bot/scripts/bot/bot.js:288:70)
    at file:///rs2b0t/bot/scripts/bot/bot.js:93:63
    at globalThis.__rs2b0t_fire_tick_listeners (file:///rs2b0t/bot/runtime/BotHost.js:14:13)
    at globalThis.__rs2b0t_pump (file:///rs2b0t/bot/api/execution/Execution.js:107:37)
[script liveb71btf_0] [rs2b0t] listener error not impl: reader.selfChat
[script liveb71btf_1] [rs2b0t] listener error not impl: reader.selfChat
[host] slot liveb71btf_0: d_loop_us=1144 d_raster_us=0 d_observe_us=57793 max_observe_us=11021 d_paints=0 d_skips=50 d_ticks=2 window_ms=1166
[rs2b0t] listener error Error: not impl: reader.selfChat
    at notImpl (file:///rs2b0t/bot/shim/_kernel.js:5:5)
    at Object.get (file:///rs2b0t/bot/shim/_kernel.js:17:19)
    at DuelArena.observeFightState (file:///rs2b0t/bot/scripts/bot/bot.js:288:70)
    at file:///rs2b0t/bot/scripts/bot/bot.js:93:63
    at globalThis.__rs2b0t_fire_tick_listeners (file:///rs2b0t/bot/runtime/BotHost.js:14:13)
    at globalThis.__rs2b0t_tick_async (file:///rs2b0t/bot/scripts/bot/main.js:15:37)
    at globalThis.__rs_tick (file:///rs2b0t/bot/scripts/bot/main.js:8:16)
[rs2b0t] listener error Error: not impl: reader.selfChat
    at notImpl (file:///rs2b0t/bot/shim/_kernel.js:5:5)
    at Object.get (file:///rs2b0t/bot/shim/_kernel.js:17:19)
    at DuelArena.observeFightState (file:///rs2b0t/bot/scripts/bot/bot.js:288:70)
    at file:///rs2b0t/bot/scripts/bot/bot.js:93:63
    at globalThis.__rs2b0t_fire_tick_listeners (file:///rs2b0t/bot/runtime/BotHost.js:14:13)
    at globalThis.__rs2b0t_tick_async (file:///rs2b0t/bot/scripts/bot/main.js:15:37)
    at globalThis.__rs_tick (file:///rs2b0t/bot/scripts/bot/main.js:8:16)
[script liveb71btf_1] [rs2b0t] listener error not impl: reader.selfChat
[script liveb71btf_0] [rs2b0t] listener error not impl: reader.selfChat
[host] slot liveb71btf_1: d_loop_us=874 d_raster_us=0 d_observe_us=52733 max_observe_us=10494 d_paints=0 d_skips=50 d_ticks=2 window_ms=1201
[rs2b0t] listener error Error: not impl: reader.selfChat
    at notImpl (file:///rs2b0t/bot/shim/_kernel.js:5:5)
    at Object.get (file:///rs2b0t/bot/shim/_kernel.js:17:19)
    at DuelArena.observeFightState (file:///rs2b0t/bot/scripts/bot/bot.js:288:70)
    at file:///rs2b0t/bot/scripts/bot/bot.js:93:63
    at globalThis.__rs2b0t_fire_tick_listeners (file:///rs2b0t/bot/runtime/BotHost.js:14:13)
    at globalThis.__rs2b0t_pump (file:///rs2b0t/bot/api/execution/Execution.js:107:37)
[rs2b0t] listener error Error: not impl: reader.selfChat
    at notImpl (file:///rs2b0t/bot/shim/_kernel.js:5:5)
    at Object.get (file:///rs2b0t/bot/shim/_kernel.js:17:19)
    at DuelArena.observeFightState (file:///rs2b0t/bot/scripts/bot/bot.js:288:70)
    at file:///rs2b0t/bot/scripts/bot/bot.js:93:63
    at globalThis.__rs2b0t_fire_tick_listeners (file:///rs2b0t/bot/runtime/BotHost.js:14:13)
    at globalThis.__rs2b0t_pump (file:///rs2b0t/bot/api/execution/Execution.js:107:37)
[script liveb71btf_0] [rs2b0t] listener error not impl: reader.selfChat
[script liveb71btf_1] [rs2b0t] listener error not impl: reader.selfChat
[host] slot liveb71btf_0: d_loop_us=924 d_raster_us=0 d_observe_us=51397 max_observe_us=9221 d_paints=0 d_skips=50 d_ticks=2 window_ms=1187
[rs2b0t] listener error Error: not impl: reader.selfChat
    at notImpl (file:///rs2b0t/bot/shim/_kernel.js:5:5)
    at Object.get (file:///rs2b0t/bot/shim/_kernel.js:17:19)
    at DuelArena.observeFightState (file:///rs2b0t/bot/scripts/bot/bot.js:288:70)
    at file:///rs2b0t/bot/scripts/bot/bot.js:93:63
    at globalThis.__rs2b0t_fire_tick_listeners (file:///rs2b0t/bot/runtime/BotHost.js:14:13)
    at globalThis.__rs2b0t_tick_async (file:///rs2b0t/bot/scripts/bot/main.js:15:37)
    at globalThis.__rs_tick (file:///rs2b0t/bot/scripts/bot/main.js:8:16)
[rs2b0t] listener error Error: not impl: reader.selfChat
    at notImpl (file:///rs2b0t/bot/shim/_kernel.js:5:5)
    at Object.get (file:///rs2b0t/bot/shim/_kernel.js:17:19)
    at DuelArena.observeFightState (file:///rs2b0t/bot/scripts/bot/bot.js:288:70)
    at file:///rs2b0t/bot/scripts/bot/bot.js:93:63
    at globalThis.__rs2b0t_fire_tick_listeners (file:///rs2b0t/bot/runtime/BotHost.js:14:13)
    at globalThis.__rs2b0t_tick_async (file:///rs2b0t/bot/scripts/bot/main.js:15:37)
    at globalThis.__rs_tick (file:///rs2b0t/bot/scripts/bot/main.js:8:16)
[script liveb71btf_0] [rs2b0t] listener error not impl: reader.selfChat
[script liveb71btf_1] [rs2b0t] listener error not impl: reader.selfChat
[host] slot liveb71btf_1: d_loop_us=786 d_raster_us=0 d_observe_us=44112 max_observe_us=7301 d_paints=0 d_skips=50 d_ticks=2 window_ms=1197
[rs2b0t] listener error Error: not impl: reader.selfChat
    at notImpl (file:///rs2b0t/bot/shim/_kernel.js:5:5)
    at Object.get (file:///rs2b0t/bot/shim/_kernel.js:17:19)
    at DuelArena.observeFightState (file:///rs2b0t/bot/scripts/bot/bot.js:288:70)
    at file:///rs2b0t/bot/scripts/bot/bot.js:93:63
    at globalThis.__rs2b0t_fire_tick_listeners (file:///rs2b0t/bot/runtime/BotHost.js:14:13)
    at globalThis.__rs2b0t_pump (file:///rs2b0t/bot/api/execution/Execution.js:107:37)
[rs2b0t] listener error Error: not impl: reader.selfChat
    at notImpl (file:///rs2b0t/bot/shim/_kernel.js:5:5)
    at Object.get (file:///rs2b0t/bot/shim/_kernel.js:17:19)
    at DuelArena.observeFightState (file:///rs2b0t/bot/scripts/bot/bot.js:288:70)
    at file:///rs2b0t/bot/scripts/bot/bot.js:93:63
    at globalThis.__rs2b0t_fire_tick_listeners (file:///rs2b0t/bot/runtime/BotHost.js:14:13)
    at globalThis.__rs2b0t_pump (file:///rs2b0t/bot/api/execution/Execution.js:107:37)
[script liveb71btf_0] [rs2b0t] listener error not impl: reader.selfChat
[script liveb71btf_1] [rs2b0t] listener error not impl: reader.selfChat
[host] slot liveb71btf_0: d_loop_us=809 d_raster_us=0 d_observe_us=46483 max_observe_us=8833 d_paints=0 d_skips=50 d_ticks=2 window_ms=1167
[rs2b0t] listener error Error: not impl: reader.selfChat
    at notImpl (file:///rs2b0t/bot/shim/_kernel.js:5:5)
    at Object.get (file:///rs2b0t/bot/shim/_kernel.js:17:19)
    at DuelArena.observeFightState (file:///rs2b0t/bot/scripts/bot/bot.js:288:70)
    at file:///rs2b0t/bot/scripts/bot/bot.js:93:63
    at globalThis.__rs2b0t_fire_tick_listeners (file:///rs2b0t/bot/runtime/BotHost.js:14:13)
    at globalThis.__rs2b0t_tick_async (file:///rs2b0t/bot/scripts/bot/main.js:15:37)
    at globalThis.__rs_tick (file:///rs2b0t/bot/scripts/bot/main.js:8:16)
[rs2b0t] listener error Error: not impl: reader.selfChat
    at notImpl (file:///rs2b0t/bot/shim/_kernel.js:5:5)
    at Object.get (file:///rs2b0t/bot/shim/_kernel.js:17:19)
    at DuelArena.observeFightState (file:///rs2b0t/bot/scripts/bot/bot.js:288:70)
    at file:///rs2b0t/bot/scripts/bot/bot.js:93:63
    at globalThis.__rs2b0t_fire_tick_listeners (file:///rs2b0t/bot/runtime/BotHost.js:14:13)
    at globalThis.__rs2b0t_tick_async (file:///rs2b0t/bot/scripts/bot/main.js:15:37)
    at globalThis.__rs_tick (file:///rs2b0t/bot/scripts/bot/main.js:8:16)
[script liveb71btf_0] [rs2b0t] listener error not impl: reader.selfChat
[script liveb71btf_1] [rs2b0t] listener error not impl: reader.selfChat
test paired_catalog_duel_live has been running for over 60 seconds
[host] slot liveb71btf_1: d_loop_us=907 d_raster_us=0 d_observe_us=52162 max_observe_us=8073 d_paints=0 d_skips=50 d_ticks=2 window_ms=1153
[rs2b0t] listener error Error: not impl: reader.selfChat
    at notImpl (file:///rs2b0t/bot/shim/_kernel.js:5:5)
    at Object.get (file:///rs2b0t/bot/shim/_kernel.js:17:19)
    at DuelArena.observeFightState (file:///rs2b0t/bot/scripts/bot/bot.js:288:70)
    at file:///rs2b0t/bot/scripts/bot/bot.js:93:63
    at globalThis.__rs2b0t_fire_tick_listeners (file:///rs2b0t/bot/runtime/BotHost.js:14:13)
    at globalThis.__rs2b0t_pump (file:///rs2b0t/bot/api/execution/Execution.js:107:37)
[rs2b0t] listener error Error: not impl: reader.selfChat
    at notImpl (file:///rs2b0t/bot/shim/_kernel.js:5:5)
    at Object.get (file:///rs2b0t/bot/shim/_kernel.js:17:19)
    at DuelArena.observeFightState (file:///rs2b0t/bot/scripts/bot/bot.js:288:70)
    at file:///rs2b0t/bot/scripts/bot/bot.js:93:63
    at globalThis.__rs2b0t_fire_tick_listeners (file:///rs2b0t/bot/runtime/BotHost.js:14:13)
    at globalThis.__rs2b0t_pump (file:///rs2b0t/bot/api/execution/Execution.js:107:37)
[script liveb71btf_1] [rs2b0t] listener error not impl: reader.selfChat
[script liveb71btf_0] [rs2b0t] listener error not impl: reader.selfChat
[host] slot liveb71btf_0: d_loop_us=1002 d_raster_us=0 d_observe_us=58473 max_observe_us=10282 d_paints=0 d_skips=50 d_ticks=2 window_ms=1185
[rs2b0t] listener error Error: not impl: reader.selfChat
    at notImpl (file:///rs2b0t/bot/shim/_kernel.js:5:5)
    at Object.get (file:///rs2b0t/bot/shim/_kernel.js:17:19)
    at DuelArena.observeFightState (file:///rs2b0t/bot/scripts/bot/bot.js:288:70)
    at file:///rs2b0t/bot/scripts/bot/bot.js:93:63
    at globalThis.__rs2b0t_fire_tick_listeners (file:///rs2b0t/bot/runtime/BotHost.js:14:13)
    at globalThis.__rs2b0t_tick_async (file:///rs2b0t/bot/scripts/bot/main.js:15:37)
    at globalThis.__rs_tick (file:///rs2b0t/bot/scripts/bot/main.js:8:16)
[rs2b0t] listener error Error: not impl: reader.selfChat
    at notImpl (file:///rs2b0t/bot/shim/_kernel.js:5:5)
    at Object.get (file:///rs2b0t/bot/shim/_kernel.js:17:19)
    at DuelArena.observeFightState (file:///rs2b0t/bot/scripts/bot/bot.js:288:70)
    at file:///rs2b0t/bot/scripts/bot/bot.js:93:63
    at globalThis.__rs2b0t_fire_tick_listeners (file:///rs2b0t/bot/runtime/BotHost.js:14:13)
    at globalThis.__rs2b0t_tick_async (file:///rs2b0t/bot/scripts/bot/main.js:15:37)
    at globalThis.__rs_tick (file:///rs2b0t/bot/scripts/bot/main.js:8:16)
[script liveb71btf_1] [rs2b0t] listener error not impl: reader.selfChat
[script liveb71btf_0] [rs2b0t] listener error not impl: reader.selfChat
[host] slot liveb71btf_1: d_loop_us=811 d_raster_us=0 d_observe_us=50908 max_observe_us=10432 d_paints=0 d_skips=50 d_ticks=2 window_ms=1187
[rs2b0t] listener error Error: not impl: reader.selfChat
    at notImpl (file:///rs2b0t/bot/shim/_kernel.js:5:5)
    at Object.get (file:///rs2b0t/bot/shim/_kernel.js:17:19)
    at DuelArena.observeFightState (file:///rs2b0t/bot/scripts/bot/bot.js:288:70)
    at file:///rs2b0t/bot/scripts/bot/bot.js:93:63
    at globalThis.__rs2b0t_fire_tick_listeners (file:///rs2b0t/bot/runtime/BotHost.js:14:13)
    at globalThis.__rs2b0t_pump (file:///rs2b0t/bot/api/execution/Execution.js:107:37)
[rs2b0t] listener error Error: not impl: reader.selfChat
    at notImpl (file:///rs2b0t/bot/shim/_kernel.js:5:5)
    at Object.get (file:///rs2b0t/bot/shim/_kernel.js:17:19)
    at DuelArena.observeFightState (file:///rs2b0t/bot/scripts/bot/bot.js:288:70)
    at file:///rs2b0t/bot/scripts/bot/bot.js:93:63
    at globalThis.__rs2b0t_fire_tick_listeners (file:///rs2b0t/bot/runtime/BotHost.js:14:13)
    at globalThis.__rs2b0t_pump (file:///rs2b0t/bot/api/execution/Execution.js:107:37)
[script liveb71btf_0] [rs2b0t] listener error not impl: reader.selfChat
[script liveb71btf_1] [rs2b0t] listener error not impl: reader.selfChat
[host] slot liveb71btf_0: d_loop_us=794 d_raster_us=0 d_observe_us=49306 max_observe_us=9483 d_paints=0 d_skips=50 d_ticks=2 window_ms=1188
[rs2b0t] listener error Error: not impl: reader.selfChat
    at notImpl (file:///rs2b0t/bot/shim/_kernel.js:5:5)
    at Object.get (file:///rs2b0t/bot/shim/_kernel.js:17:19)
    at DuelArena.observeFightState (file:///rs2b0t/bot/scripts/bot/bot.js:288:70)
    at file:///rs2b0t/bot/scripts/bot/bot.js:93:63
    at globalThis.__rs2b0t_fire_tick_listeners (file:///rs2b0t/bot/runtime/BotHost.js:14:13)
    at globalThis.__rs2b0t_tick_async (file:///rs2b0t/bot/scripts/bot/main.js:15:37)
    at globalThis.__rs_tick (file:///rs2b0t/bot/scripts/bot/main.js:8:16)
[rs2b0t] listener error Error: not impl: reader.selfChat
    at notImpl (file:///rs2b0t/bot/shim/_kernel.js:5:5)
    at Object.get (file:///rs2b0t/bot/shim/_kernel.js:17:19)
    at DuelArena.observeFightState (file:///rs2b0t/bot/scripts/bot/bot.js:288:70)
    at file:///rs2b0t/bot/scripts/bot/bot.js:93:63
    at globalThis.__rs2b0t_fire_tick_listeners (file:///rs2b0t/bot/runtime/BotHost.js:14:13)
    at globalThis.__rs2b0t_tick_async (file:///rs2b0t/bot/scripts/bot/main.js:15:37)
    at globalThis.__rs_tick (file:///rs2b0t/bot/scripts/bot/main.js:8:16)
[script liveb71btf_1] [rs2b0t] listener error not impl: reader.selfChat
[script liveb71btf_0] [rs2b0t] listener error not impl: reader.selfChat
[host] slot liveb71btf_1: d_loop_us=773 d_raster_us=0 d_observe_us=45225 max_observe_us=9097 d_paints=0 d_skips=50 d_ticks=2 window_ms=1179
[rs2b0t] listener error Error: not impl: reader.selfChat
    at notImpl (file:///rs2b0t/bot/shim/_kernel.js:5:5)
    at Object.get (file:///rs2b0t/bot/shim/_kernel.js:17:19)
    at DuelArena.observeFightState (file:///rs2b0t/bot/scripts/bot/bot.js:288:70)
    at file:///rs2b0t/bot/scripts/bot/bot.js:93:63
    at globalThis.__rs2b0t_fire_tick_listeners (file:///rs2b0t/bot/runtime/BotHost.js:14:13)
    at globalThis.__rs2b0t_pump (file:///rs2b0t/bot/api/execution/Execution.js:107:37)
[rs2b0t] listener error Error: not impl: reader.selfChat
    at notImpl (file:///rs2b0t/bot/shim/_kernel.js:5:5)
    at Object.get (file:///rs2b0t/bot/shim/_kernel.js:17:19)
    at DuelArena.observeFightState (file:///rs2b0t/bot/scripts/bot/bot.js:288:70)
    at file:///rs2b0t/bot/scripts/bot/bot.js:93:63
    at globalThis.__rs2b0t_fire_tick_listeners (file:///rs2b0t/bot/runtime/BotHost.js:14:13)
    at globalThis.__rs2b0t_pump (file:///rs2b0t/bot/api/execution/Execution.js:107:37)
[script liveb71btf_0] [rs2b0t] listener error not impl: reader.selfChat
[script liveb71btf_1] [rs2b0t] listener error not impl: reader.selfChat
[host] slot liveb71btf_0: d_loop_us=808 d_raster_us=0 d_observe_us=40551 max_observe_us=6547 d_paints=0 d_skips=50 d_ticks=2 window_ms=1181
[rs2b0t] listener error Error: not impl: reader.selfChat
    at notImpl (file:///rs2b0t/bot/shim/_kernel.js:5:5)
    at Object.get (file:///rs2b0t/bot/shim/_kernel.js:17:19)
    at DuelArena.observeFightState (file:///rs2b0t/bot/scripts/bot/bot.js:288:70)
    at file:///rs2b0t/bot/scripts/bot/bot.js:93:63
    at globalThis.__rs2b0t_fire_tick_listeners (file:///rs2b0t/bot/runtime/BotHost.js:14:13)
    at globalThis.__rs2b0t_tick_async (file:///rs2b0t/bot/scripts/bot/main.js:15:37)
    at globalThis.__rs_tick (file:///rs2b0t/bot/scripts/bot/main.js:8:16)
[rs2b0t] listener error Error: not impl: reader.selfChat
    at notImpl (file:///rs2b0t/bot/shim/_kernel.js:5:5)
    at Object.get (file:///rs2b0t/bot/shim/_kernel.js:17:19)
    at DuelArena.observeFightState (file:///rs2b0t/bot/scripts/bot/bot.js:288:70)
    at file:///rs2b0t/bot/scripts/bot/bot.js:93:63
    at globalThis.__rs2b0t_fire_tick_listeners (file:///rs2b0t/bot/runtime/BotHost.js:14:13)
    at globalThis.__rs2b0t_tick_async (file:///rs2b0t/bot/scripts/bot/main.js:15:37)
    at globalThis.__rs_tick (file:///rs2b0t/bot/scripts/bot/main.js:8:16)
[script liveb71btf_1] [rs2b0t] listener error not impl: reader.selfChat
[script liveb71btf_0] [rs2b0t] listener error not impl: reader.selfChat
[host] slot liveb71btf_1: d_loop_us=975 d_raster_us=0 d_observe_us=46871 max_observe_us=8487 d_paints=0 d_skips=50 d_ticks=2 window_ms=1191
[rs2b0t] listener error Error: not impl: reader.selfChat
    at notImpl (file:///rs2b0t/bot/shim/_kernel.js:5:5)
    at Object.get (file:///rs2b0t/bot/shim/_kernel.js:17:19)
    at DuelArena.observeFightState (file:///rs2b0t/bot/scripts/bot/bot.js:288:70)
    at file:///rs2b0t/bot/scripts/bot/bot.js:93:63
    at globalThis.__rs2b0t_fire_tick_listeners (file:///rs2b0t/bot/runtime/BotHost.js:14:13)
    at globalThis.__rs2b0t_pump (file:///rs2b0t/bot/api/execution/Execution.js:107:37)
[rs2b0t] listener error Error: not impl: reader.selfChat
    at notImpl (file:///rs2b0t/bot/shim/_kernel.js:5:5)
    at Object.get (file:///rs2b0t/bot/shim/_kernel.js:17:19)
    at DuelArena.observeFightState (file:///rs2b0t/bot/scripts/bot/bot.js:288:70)
    at file:///rs2b0t/bot/scripts/bot/bot.js:93:63
    at globalThis.__rs2b0t_fire_tick_listeners (file:///rs2b0t/bot/runtime/BotHost.js:14:13)
    at globalThis.__rs2b0t_pump (file:///rs2b0t/bot/api/execution/Execution.js:107:37)
[script liveb71btf_1] [rs2b0t] listener error not impl: reader.selfChat
[script liveb71btf_0] [rs2b0t] listener error not impl: reader.selfChat
[host] slot liveb71btf_0: d_loop_us=875 d_raster_us=0 d_observe_us=57669 max_observe_us=6792 d_paints=0 d_skips=50 d_ticks=2 window_ms=1198
[rs2b0t] listener error Error: not impl: reader.selfChat
    at notImpl (file:///rs2b0t/bot/shim/_kernel.js:5:5)
    at Object.get (file:///rs2b0t/bot/shim/_kernel.js:17:19)
    at DuelArena.observeFightState (file:///rs2b0t/bot/scripts/bot/bot.js:288:70)
    at file:///rs2b0t/bot/scripts/bot/bot.js:93:63
    at globalThis.__rs2b0t_fire_tick_listeners (file:///rs2b0t/bot/runtime/BotHost.js:14:13)
    at globalThis.__rs2b0t_tick_async (file:///rs2b0t/bot/scripts/bot/main.js:15:37)
    at globalThis.__rs_tick (file:///rs2b0t/bot/scripts/bot/main.js:8:16)
[rs2b0t] listener error Error: not impl: reader.selfChat
    at notImpl (file:///rs2b0t/bot/shim/_kernel.js:5:5)
    at Object.get (file:///rs2b0t/bot/shim/_kernel.js:17:19)
    at DuelArena.observeFightState (file:///rs2b0t/bot/scripts/bot/bot.js:288:70)
    at file:///rs2b0t/bot/scripts/bot/bot.js:93:63
    at globalThis.__rs2b0t_fire_tick_listeners (file:///rs2b0t/bot/runtime/BotHost.js:14:13)
    at globalThis.__rs2b0t_tick_async (file:///rs2b0t/bot/scripts/bot/main.js:15:37)
    at globalThis.__rs_tick (file:///rs2b0t/bot/scripts/bot/main.js:8:16)
[script liveb71btf_0] [rs2b0t] listener error not impl: reader.selfChat
[script liveb71btf_1] [rs2b0t] listener error not impl: reader.selfChat
[host] slot liveb71btf_1: d_loop_us=753 d_raster_us=0 d_observe_us=43731 max_observe_us=5327 d_paints=0 d_skips=50 d_ticks=2 window_ms=1198
[rs2b0t] listener error Error: not impl: reader.selfChat
    at notImpl (file:///rs2b0t/bot/shim/_kernel.js:5:5)
    at Object.get (file:///rs2b0t/bot/shim/_kernel.js:17:19)
    at DuelArena.observeFightState (file:///rs2b0t/bot/scripts/bot/bot.js:288:70)
    at file:///rs2b0t/bot/scripts/bot/bot.js:93:63
    at globalThis.__rs2b0t_fire_tick_listeners (file:///rs2b0t/bot/runtime/BotHost.js:14:13)
    at globalThis.__rs2b0t_pump (file:///rs2b0t/bot/api/execution/Execution.js:107:37)
[rs2b0t] listener error Error: not impl: reader.selfChat
    at notImpl (file:///rs2b0t/bot/shim/_kernel.js:5:5)
    at Object.get (file:///rs2b0t/bot/shim/_kernel.js:17:19)
    at DuelArena.observeFightState (file:///rs2b0t/bot/scripts/bot/bot.js:288:70)
    at file:///rs2b0t/bot/scripts/bot/bot.js:93:63
    at globalThis.__rs2b0t_fire_tick_listeners (file:///rs2b0t/bot/runtime/BotHost.js:14:13)
    at globalThis.__rs2b0t_pump (file:///rs2b0t/bot/api/execution/Execution.js:107:37)
[script liveb71btf_0] [rs2b0t] listener error not impl: reader.selfChat
[script liveb71btf_1] [rs2b0t] listener error not impl: reader.selfChat
[host] slot liveb71btf_0: d_loop_us=930 d_raster_us=0 d_observe_us=54652 max_observe_us=10023 d_paints=0 d_skips=50 d_ticks=2 window_ms=1182
[rs2b0t] listener error Error: not impl: reader.selfChat
    at notImpl (file:///rs2b0t/bot/shim/_kernel.js:5:5)
    at Object.get (file:///rs2b0t/bot/shim/_kernel.js:17:19)
    at DuelArena.observeFightState (file:///rs2b0t/bot/scripts/bot/bot.js:288:70)
    at file:///rs2b0t/bot/scripts/bot/bot.js:93:63
    at globalThis.__rs2b0t_fire_tick_listeners (file:///rs2b0t/bot/runtime/BotHost.js:14:13)
    at globalThis.__rs2b0t_tick_async (file:///rs2b0t/bot/scripts/bot/main.js:15:37)
    at globalThis.__rs_tick (file:///rs2b0t/bot/scripts/bot/main.js:8:16)
[rs2b0t] listener error Error: not impl: reader.selfChat
    at notImpl (file:///rs2b0t/bot/shim/_kernel.js:5:5)
    at Object.get (file:///rs2b0t/bot/shim/_kernel.js:17:19)
    at DuelArena.observeFightState (file:///rs2b0t/bot/scripts/bot/bot.js:288:70)
    at file:///rs2b0t/bot/scripts/bot/bot.js:93:63
    at globalThis.__rs2b0t_fire_tick_listeners (file:///rs2b0t/bot/runtime/BotHost.js:14:13)
    at globalThis.__rs2b0t_tick_async (file:///rs2b0t/bot/scripts/bot/main.js:15:37)
    at globalThis.__rs_tick (file:///rs2b0t/bot/scripts/bot/main.js:8:16)
[script liveb71btf_0] [rs2b0t] listener error not impl: reader.selfChat
[script liveb71btf_1] [rs2b0t] listener error not impl: reader.selfChat
[host] slot liveb71btf_1: d_loop_us=784 d_raster_us=0 d_observe_us=52860 max_observe_us=9878 d_paints=0 d_skips=50 d_ticks=2 window_ms=1192
[rs2b0t] listener error Error: not impl: reader.selfChat
    at notImpl (file:///rs2b0t/bot/shim/_kernel.js:5:5)
    at Object.get (file:///rs2b0t/bot/shim/_kernel.js:17:19)
    at DuelArena.observeFightState (file:///rs2b0t/bot/scripts/bot/bot.js:288:70)
    at file:///rs2b0t/bot/scripts/bot/bot.js:93:63
    at globalThis.__rs2b0t_fire_tick_listeners (file:///rs2b0t/bot/runtime/BotHost.js:14:13)
    at globalThis.__rs2b0t_pump (file:///rs2b0t/bot/api/execution/Execution.js:107:37)
[rs2b0t] listener error Error: not impl: reader.selfChat
    at notImpl (file:///rs2b0t/bot/shim/_kernel.js:5:5)
    at Object.get (file:///rs2b0t/bot/shim/_kernel.js:17:19)
    at DuelArena.observeFightState (file:///rs2b0t/bot/scripts/bot/bot.js:288:70)
    at file:///rs2b0t/bot/scripts/bot/bot.js:93:63
    at globalThis.__rs2b0t_fire_tick_listeners (file:///rs2b0t/bot/runtime/BotHost.js:14:13)
    at globalThis.__rs2b0t_pump (file:///rs2b0t/bot/api/execution/Execution.js:107:37)
[script liveb71btf_1] [rs2b0t] listener error not impl: reader.selfChat
[script liveb71btf_0] [rs2b0t] listener error not impl: reader.selfChat
[host] slot liveb71btf_0: d_loop_us=858 d_raster_us=0 d_observe_us=50284 max_observe_us=9364 d_paints=0 d_skips=50 d_ticks=2 window_ms=1193
[rs2b0t] listener error Error: not impl: reader.selfChat
    at notImpl (file:///rs2b0t/bot/shim/_kernel.js:5:5)
    at Object.get (file:///rs2b0t/bot/shim/_kernel.js:17:19)
    at DuelArena.observeFightState (file:///rs2b0t/bot/scripts/bot/bot.js:288:70)
    at file:///rs2b0t/bot/scripts/bot/bot.js:93:63
    at globalThis.__rs2b0t_fire_tick_listeners (file:///rs2b0t/bot/runtime/BotHost.js:14:13)
    at globalThis.__rs2b0t_tick_async (file:///rs2b0t/bot/scripts/bot/main.js:15:37)
    at globalThis.__rs_tick (file:///rs2b0t/bot/scripts/bot/main.js:8:16)
[rs2b0t] listener error Error: not impl: reader.selfChat
    at notImpl (file:///rs2b0t/bot/shim/_kernel.js:5:5)
    at Object.get (file:///rs2b0t/bot/shim/_kernel.js:17:19)
    at DuelArena.observeFightState (file:///rs2b0t/bot/scripts/bot/bot.js:288:70)
    at file:///rs2b0t/bot/scripts/bot/bot.js:93:63
    at globalThis.__rs2b0t_fire_tick_listeners (file:///rs2b0t/bot/runtime/BotHost.js:14:13)
    at globalThis.__rs2b0t_tick_async (file:///rs2b0t/bot/scripts/bot/main.js:15:37)
    at globalThis.__rs_tick (file:///rs2b0t/bot/scripts/bot/main.js:8:16)
[script liveb71btf_1] [rs2b0t] listener error not impl: reader.selfChat
[script liveb71btf_0] [rs2b0t] listener error not impl: reader.selfChat
[host] slot liveb71btf_1: d_loop_us=832 d_raster_us=0 d_observe_us=49223 max_observe_us=8009 d_paints=0 d_skips=50 d_ticks=2 window_ms=1189
[rs2b0t] listener error Error: not impl: reader.selfChat
    at notImpl (file:///rs2b0t/bot/shim/_kernel.js:5:5)
    at Object.get (file:///rs2b0t/bot/shim/_kernel.js:17:19)
    at DuelArena.observeFightState (file:///rs2b0t/bot/scripts/bot/bot.js:288:70)
    at file:///rs2b0t/bot/scripts/bot/bot.js:93:63
    at globalThis.__rs2b0t_fire_tick_listeners (file:///rs2b0t/bot/runtime/BotHost.js:14:13)
    at globalThis.__rs2b0t_pump (file:///rs2b0t/bot/api/execution/Execution.js:107:37)
[rs2b0t] listener error Error: not impl: reader.selfChat
    at notImpl (file:///rs2b0t/bot/shim/_kernel.js:5:5)
    at Object.get (file:///rs2b0t/bot/shim/_kernel.js:17:19)
    at DuelArena.observeFightState (file:///rs2b0t/bot/scripts/bot/bot.js:288:70)
    at file:///rs2b0t/bot/scripts/bot/bot.js:93:63
    at globalThis.__rs2b0t_fire_tick_listeners (file:///rs2b0t/bot/runtime/BotHost.js:14:13)
    at globalThis.__rs2b0t_pump (file:///rs2b0t/bot/api/execution/Execution.js:107:37)
[script liveb71btf_1] [rs2b0t] listener error not impl: reader.selfChat
[script liveb71btf_0] [rs2b0t] listener error not impl: reader.selfChat
[host] slot liveb71btf_0: d_loop_us=745 d_raster_us=0 d_observe_us=50280 max_observe_us=10414 d_paints=0 d_skips=50 d_ticks=2 window_ms=1180
[rs2b0t] listener error Error: not impl: reader.selfChat
    at notImpl (file:///rs2b0t/bot/shim/_kernel.js:5:5)
    at Object.get (file:///rs2b0t/bot/shim/_kernel.js:17:19)
    at DuelArena.observeFightState (file:///rs2b0t/bot/scripts/bot/bot.js:288:70)
    at file:///rs2b0t/bot/scripts/bot/bot.js:93:63
    at globalThis.__rs2b0t_fire_tick_listeners (file:///rs2b0t/bot/runtime/BotHost.js:14:13)
    at globalThis.__rs2b0t_tick_async (file:///rs2b0t/bot/scripts/bot/main.js:15:37)
    at globalThis.__rs_tick (file:///rs2b0t/bot/scripts/bot/main.js:8:16)
[rs2b0t] listener error Error: not impl: reader.selfChat
    at notImpl (file:///rs2b0t/bot/shim/_kernel.js:5:5)
    at Object.get (file:///rs2b0t/bot/shim/_kernel.js:17:19)
    at DuelArena.observeFightState (file:///rs2b0t/bot/scripts/bot/bot.js:288:70)
    at file:///rs2b0t/bot/scripts/bot/bot.js:93:63
    at globalThis.__rs2b0t_fire_tick_listeners (file:///rs2b0t/bot/runtime/BotHost.js:14:13)
    at globalThis.__rs2b0t_tick_async (file:///rs2b0t/bot/scripts/bot/main.js:15:37)
    at globalThis.__rs_tick (file:///rs2b0t/bot/scripts/bot/main.js:8:16)
[script liveb71btf_1] [rs2b0t] listener error not impl: reader.selfChat
[script liveb71btf_0] [rs2b0t] listener error not impl: reader.selfChat
[host] slot liveb71btf_1: d_loop_us=963 d_raster_us=0 d_observe_us=56803 max_observe_us=10404 d_paints=0 d_skips=50 d_ticks=2 window_ms=1167
[rs2b0t] listener error Error: not impl: reader.selfChat
    at notImpl (file:///rs2b0t/bot/shim/_kernel.js:5:5)
    at Object.get (file:///rs2b0t/bot/shim/_kernel.js:17:19)
    at DuelArena.observeFightState (file:///rs2b0t/bot/scripts/bot/bot.js:288:70)
    at file:///rs2b0t/bot/scripts/bot/bot.js:93:63
    at globalThis.__rs2b0t_fire_tick_listeners (file:///rs2b0t/bot/runtime/BotHost.js:14:13)
    at globalThis.__rs2b0t_pump (file:///rs2b0t/bot/api/execution/Execution.js:107:37)
[rs2b0t] listener error Error: not impl: reader.selfChat
    at notImpl (file:///rs2b0t/bot/shim/_kernel.js:5:5)
    at Object.get (file:///rs2b0t/bot/shim/_kernel.js:17:19)
    at DuelArena.observeFightState (file:///rs2b0t/bot/scripts/bot/bot.js:288:70)
    at file:///rs2b0t/bot/scripts/bot/bot.js:93:63
    at globalThis.__rs2b0t_fire_tick_listeners (file:///rs2b0t/bot/runtime/BotHost.js:14:13)
    at globalThis.__rs2b0t_pump (file:///rs2b0t/bot/api/execution/Execution.js:107:37)
[script liveb71btf_0] [rs2b0t] listener error not impl: reader.selfChat
[host] slot liveb71btf_0: d_loop_us=758 d_raster_us=0 d_observe_us=46148 max_observe_us=7989 d_paints=0 d_skips=50 d_ticks=2 window_ms=1197
[script liveb71btf_1] [rs2b0t] listener error not impl: reader.selfChat
[rs2b0t] listener error Error: not impl: reader.selfChat
    at notImpl (file:///rs2b0t/bot/shim/_kernel.js:5:5)
    at Object.get (file:///rs2b0t/bot/shim/_kernel.js:17:19)
    at DuelArena.observeFightState (file:///rs2b0t/bot/scripts/bot/bot.js:288:70)
    at file:///rs2b0t/bot/scripts/bot/bot.js:93:63
    at globalThis.__rs2b0t_fire_tick_listeners (file:///rs2b0t/bot/runtime/BotHost.js:14:13)
    at globalThis.__rs2b0t_tick_async (file:///rs2b0t/bot/scripts/bot/main.js:15:37)
    at globalThis.__rs_tick (file:///rs2b0t/bot/scripts/bot/main.js:8:16)
[rs2b0t] listener error Error: not impl: reader.selfChat
    at notImpl (file:///rs2b0t/bot/shim/_kernel.js:5:5)
    at Object.get (file:///rs2b0t/bot/shim/_kernel.js:17:19)
    at DuelArena.observeFightState (file:///rs2b0t/bot/scripts/bot/bot.js:288:70)
    at file:///rs2b0t/bot/scripts/bot/bot.js:93:63
    at globalThis.__rs2b0t_fire_tick_listeners (file:///rs2b0t/bot/runtime/BotHost.js:14:13)
    at globalThis.__rs2b0t_tick_async (file:///rs2b0t/bot/scripts/bot/main.js:15:37)
    at globalThis.__rs_tick (file:///rs2b0t/bot/scripts/bot/main.js:8:16)
[script liveb71btf_0] [rs2b0t] listener error not impl: reader.selfChat
[script liveb71btf_1] [rs2b0t] listener error not impl: reader.selfChat
[host] slot liveb71btf_1: d_loop_us=638 d_raster_us=0 d_observe_us=31004 max_observe_us=5671 d_paints=0 d_skips=50 d_ticks=2 window_ms=1201
[rs2b0t] listener error Error: not impl: reader.selfChat
    at notImpl (file:///rs2b0t/bot/shim/_kernel.js:5:5)
    at Object.get (file:///rs2b0t/bot/shim/_kernel.js:17:19)
    at DuelArena.observeFightState (file:///rs2b0t/bot/scripts/bot/bot.js:288:70)
    at file:///rs2b0t/bot/scripts/bot/bot.js:93:63
    at globalThis.__rs2b0t_fire_tick_listeners (file:///rs2b0t/bot/runtime/BotHost.js:14:13)
    at globalThis.__rs2b0t_pump (file:///rs2b0t/bot/api/execution/Execution.js:107:37)
[rs2b0t] listener error Error: not impl: reader.selfChat
    at notImpl (file:///rs2b0t/bot/shim/_kernel.js:5:5)
    at Object.get (file:///rs2b0t/bot/shim/_kernel.js:17:19)
    at DuelArena.observeFightState (file:///rs2b0t/bot/scripts/bot/bot.js:288:70)
    at file:///rs2b0t/bot/scripts/bot/bot.js:93:63
    at globalThis.__rs2b0t_fire_tick_listeners (file:///rs2b0t/bot/runtime/BotHost.js:14:13)
    at globalThis.__rs2b0t_pump (file:///rs2b0t/bot/api/execution/Execution.js:107:37)
[script liveb71btf_1] [rs2b0t] listener error not impl: reader.selfChat
[script liveb71btf_0] [rs2b0t] listener error not impl: reader.selfChat
[host] slot liveb71btf_0: d_loop_us=590 d_raster_us=0 d_observe_us=32309 max_observe_us=5212 d_paints=0 d_skips=50 d_ticks=2 window_ms=1196
[rs2b0t] listener error Error: not impl: reader.selfChat
    at notImpl (file:///rs2b0t/bot/shim/_kernel.js:5:5)
    at Object.get (file:///rs2b0t/bot/shim/_kernel.js:17:19)
    at DuelArena.observeFightState (file:///rs2b0t/bot/scripts/bot/bot.js:288:70)
    at file:///rs2b0t/bot/scripts/bot/bot.js:93:63
    at globalThis.__rs2b0t_fire_tick_listeners (file:///rs2b0t/bot/runtime/BotHost.js:14:13)
    at globalThis.__rs2b0t_tick_async (file:///rs2b0t/bot/scripts/bot/main.js:15:37)
    at globalThis.__rs_tick (file:///rs2b0t/bot/scripts/bot/main.js:8:16)
[rs2b0t] listener error Error: not impl: reader.selfChat
    at notImpl (file:///rs2b0t/bot/shim/_kernel.js:5:5)
    at Object.get (file:///rs2b0t/bot/shim/_kernel.js:17:19)
    at DuelArena.observeFightState (file:///rs2b0t/bot/scripts/bot/bot.js:288:70)
    at file:///rs2b0t/bot/scripts/bot/bot.js:93:63
    at globalThis.__rs2b0t_fire_tick_listeners (file:///rs2b0t/bot/runtime/BotHost.js:14:13)
    at globalThis.__rs2b0t_tick_async (file:///rs2b0t/bot/scripts/bot/main.js:15:37)
    at globalThis.__rs_tick (file:///rs2b0t/bot/scripts/bot/main.js:8:16)
[script liveb71btf_1] [rs2b0t] listener error not impl: reader.selfChat
[script liveb71btf_0] [rs2b0t] listener error not impl: reader.selfChat
[host] slot liveb71btf_1: d_loop_us=700 d_raster_us=0 d_observe_us=29505 max_observe_us=5101 d_paints=0 d_skips=50 d_ticks=2 window_ms=1206
[rs2b0t] listener error Error: not impl: reader.selfChat
    at notImpl (file:///rs2b0t/bot/shim/_kernel.js:5:5)
    at Object.get (file:///rs2b0t/bot/shim/_kernel.js:17:19)
    at DuelArena.observeFightState (file:///rs2b0t/bot/scripts/bot/bot.js:288:70)
    at file:///rs2b0t/bot/scripts/bot/bot.js:93:63
    at globalThis.__rs2b0t_fire_tick_listeners (file:///rs2b0t/bot/runtime/BotHost.js:14:13)
    at globalThis.__rs2b0t_pump (file:///rs2b0t/bot/api/execution/Execution.js:107:37)
[rs2b0t] listener error Error: not impl: reader.selfChat
    at notImpl (file:///rs2b0t/bot/shim/_kernel.js:5:5)
    at Object.get (file:///rs2b0t/bot/shim/_kernel.js:17:19)
    at DuelArena.observeFightState (file:///rs2b0t/bot/scripts/bot/bot.js:288:70)
    at file:///rs2b0t/bot/scripts/bot/bot.js:93:63
    at globalThis.__rs2b0t_fire_tick_listeners (file:///rs2b0t/bot/runtime/BotHost.js:14:13)
    at globalThis.__rs2b0t_pump (file:///rs2b0t/bot/api/execution/Execution.js:107:37)
[script liveb71btf_0] [rs2b0t] listener error not impl: reader.selfChat
[host] slot liveb71btf_0: d_loop_us=559 d_raster_us=0 d_observe_us=30642 max_observe_us=5438 d_paints=0 d_skips=50 d_ticks=2 window_ms=1195
[script liveb71btf_1] [rs2b0t] listener error not impl: reader.selfChat
[rs2b0t] listener error Error: not impl: reader.selfChat
    at notImpl (file:///rs2b0t/bot/shim/_kernel.js:5:5)
    at Object.get (file:///rs2b0t/bot/shim/_kernel.js:17:19)
    at DuelArena.observeFightState (file:///rs2b0t/bot/scripts/bot/bot.js:288:70)
    at file:///rs2b0t/bot/scripts/bot/bot.js:93:63
    at globalThis.__rs2b0t_fire_tick_listeners (file:///rs2b0t/bot/runtime/BotHost.js:14:13)
    at globalThis.__rs2b0t_tick_async (file:///rs2b0t/bot/scripts/bot/main.js:15:37)
    at globalThis.__rs_tick (file:///rs2b0t/bot/scripts/bot/main.js:8:16)
[rs2b0t] listener error Error: not impl: reader.selfChat
    at notImpl (file:///rs2b0t/bot/shim/_kernel.js:5:5)
    at Object.get (file:///rs2b0t/bot/shim/_kernel.js:17:19)
    at DuelArena.observeFightState (file:///rs2b0t/bot/scripts/bot/bot.js:288:70)
    at file:///rs2b0t/bot/scripts/bot/bot.js:93:63
    at globalThis.__rs2b0t_fire_tick_listeners (file:///rs2b0t/bot/runtime/BotHost.js:14:13)
    at globalThis.__rs2b0t_tick_async (file:///rs2b0t/bot/scripts/bot/main.js:15:37)
    at globalThis.__rs_tick (file:///rs2b0t/bot/scripts/bot/main.js:8:16)
[script liveb71btf_0] [rs2b0t] listener error not impl: reader.selfChat
[script liveb71btf_1] [rs2b0t] listener error not impl: reader.selfChat
[host] slot liveb71btf_1: d_loop_us=786 d_raster_us=0 d_observe_us=31285 max_observe_us=5158 d_paints=0 d_skips=50 d_ticks=2 window_ms=1184
[rs2b0t] listener error Error: not impl: reader.selfChat
    at notImpl (file:///rs2b0t/bot/shim/_kernel.js:5:5)
    at Object.get (file:///rs2b0t/bot/shim/_kernel.js:17:19)
    at DuelArena.observeFightState (file:///rs2b0t/bot/scripts/bot/bot.js:288:70)
    at file:///rs2b0t/bot/scripts/bot/bot.js:93:63
    at globalThis.__rs2b0t_fire_tick_listeners (file:///rs2b0t/bot/runtime/BotHost.js:14:13)
    at globalThis.__rs2b0t_pump (file:///rs2b0t/bot/api/execution/Execution.js:107:37)
[rs2b0t] listener error Error: not impl: reader.selfChat
    at notImpl (file:///rs2b0t/bot/shim/_kernel.js:5:5)
    at Object.get (file:///rs2b0t/bot/shim/_kernel.js:17:19)
    at DuelArena.observeFightState (file:///rs2b0t/bot/scripts/bot/bot.js:288:70)
    at file:///rs2b0t/bot/scripts/bot/bot.js:93:63
    at globalThis.__rs2b0t_fire_tick_listeners (file:///rs2b0t/bot/runtime/BotHost.js:14:13)
    at globalThis.__rs2b0t_pump (file:///rs2b0t/bot/api/execution/Execution.js:107:37)
[script liveb71btf_0] [rs2b0t] listener error not impl: reader.selfChat
[host] slot liveb71btf_0: d_loop_us=646 d_raster_us=0 d_observe_us=30969 max_observe_us=5394 d_paints=0 d_skips=50 d_ticks=2 window_ms=1200
[script liveb71btf_1] [rs2b0t] listener error not impl: reader.selfChat
[rs2b0t] listener error Error: not impl: reader.selfChat
    at notImpl (file:///rs2b0t/bot/shim/_kernel.js:5:5)
    at Object.get (file:///rs2b0t/bot/shim/_kernel.js:17:19)
    at DuelArena.observeFightState (file:///rs2b0t/bot/scripts/bot/bot.js:288:70)
    at file:///rs2b0t/bot/scripts/bot/bot.js:93:63
    at globalThis.__rs2b0t_fire_tick_listeners (file:///rs2b0t/bot/runtime/BotHost.js:14:13)
    at globalThis.__rs2b0t_tick_async (file:///rs2b0t/bot/scripts/bot/main.js:15:37)
    at globalThis.__rs_tick (file:///rs2b0t/bot/scripts/bot/main.js:8:16)
[rs2b0t] listener error Error: not impl: reader.selfChat
    at notImpl (file:///rs2b0t/bot/shim/_kernel.js:5:5)
    at Object.get (file:///rs2b0t/bot/shim/_kernel.js:17:19)
    at DuelArena.observeFightState (file:///rs2b0t/bot/scripts/bot/bot.js:288:70)
    at file:///rs2b0t/bot/scripts/bot/bot.js:93:63
    at globalThis.__rs2b0t_fire_tick_listeners (file:///rs2b0t/bot/runtime/BotHost.js:14:13)
    at globalThis.__rs2b0t_tick_async (file:///rs2b0t/bot/scripts/bot/main.js:15:37)
    at globalThis.__rs_tick (file:///rs2b0t/bot/scripts/bot/main.js:8:16)
[script liveb71btf_1] [rs2b0t] listener error not impl: reader.selfChat
[script liveb71btf_0] [rs2b0t] listener error not impl: reader.selfChat
[host] slot liveb71btf_1: d_loop_us=791 d_raster_us=0 d_observe_us=34961 max_observe_us=4923 d_paints=0 d_skips=50 d_ticks=2 window_ms=1204
[rs2b0t] listener error Error: not impl: reader.selfChat
    at notImpl (file:///rs2b0t/bot/shim/_kernel.js:5:5)
    at Object.get (file:///rs2b0t/bot/shim/_kernel.js:17:19)
    at DuelArena.observeFightState (file:///rs2b0t/bot/scripts/bot/bot.js:288:70)
    at file:///rs2b0t/bot/scripts/bot/bot.js:93:63
    at globalThis.__rs2b0t_fire_tick_listeners (file:///rs2b0t/bot/runtime/BotHost.js:14:13)
    at globalThis.__rs2b0t_pump (file:///rs2b0t/bot/api/execution/Execution.js:107:37)
[host] slot liveb71btf_0: d_loop_us=742 d_raster_us=0 d_observe_us=36361 max_observe_us=5388 d_paints=0 d_skips=50 d_ticks=2 window_ms=1190
[rs2b0t] listener error Error: not impl: reader.selfChat
    at notImpl (file:///rs2b0t/bot/shim/_kernel.js:5:5)
    at Object.get (file:///rs2b0t/bot/shim/_kernel.js:17:19)
    at DuelArena.observeFightState (file:///rs2b0t/bot/scripts/bot/bot.js:288:70)
    at file:///rs2b0t/bot/scripts/bot/bot.js:93:63
    at globalThis.__rs2b0t_fire_tick_listeners (file:///rs2b0t/bot/runtime/BotHost.js:14:13)
    at globalThis.__rs2b0t_pump (file:///rs2b0t/bot/api/execution/Execution.js:107:37)
[script liveb71btf_1] [rs2b0t] listener error not impl: reader.selfChat
[script liveb71btf_0] [rs2b0t] listener error not impl: reader.selfChat
[rs2b0t] listener error Error: not impl: reader.selfChat
    at notImpl (file:///rs2b0t/bot/shim/_kernel.js:5:5)
    at Object.get (file:///rs2b0t/bot/shim/_kernel.js:17:19)
    at DuelArena.observeFightState (file:///rs2b0t/bot/scripts/bot/bot.js:288:70)
    at file:///rs2b0t/bot/scripts/bot/bot.js:93:63
    at globalThis.__rs2b0t_fire_tick_listeners (file:///rs2b0t/bot/runtime/BotHost.js:14:13)
    at globalThis.__rs2b0t_tick_async (file:///rs2b0t/bot/scripts/bot/main.js:15:37)
    at globalThis.__rs_tick (file:///rs2b0t/bot/scripts/bot/main.js:8:16)
[rs2b0t] listener error Error: not impl: reader.selfChat
    at notImpl (file:///rs2b0t/bot/shim/_kernel.js:5:5)
    at Object.get (file:///rs2b0t/bot/shim/_kernel.js:17:19)
    at DuelArena.observeFightState (file:///rs2b0t/bot/scripts/bot/bot.js:288:70)
    at file:///rs2b0t/bot/scripts/bot/bot.js:93:63
    at globalThis.__rs2b0t_fire_tick_listeners (file:///rs2b0t/bot/runtime/BotHost.js:14:13)
    at globalThis.__rs2b0t_tick_async (file:///rs2b0t/bot/scripts/bot/main.js:15:37)
    at globalThis.__rs_tick (file:///rs2b0t/bot/scripts/bot/main.js:8:16)
[script liveb71btf_0] [rs2b0t] listener error not impl: reader.selfChat
[script liveb71btf_1] [rs2b0t] listener error not impl: reader.selfChat
[host] slot liveb71btf_1: d_loop_us=800 d_raster_us=0 d_observe_us=32508 max_observe_us=5516 d_paints=0 d_skips=50 d_ticks=2 window_ms=1212
[rs2b0t] listener error Error: not impl: reader.selfChat
    at notImpl (file:///rs2b0t/bot/shim/_kernel.js:5:5)
    at Object.get (file:///rs2b0t/bot/shim/_kernel.js:17:19)
    at DuelArena.observeFightState (file:///rs2b0t/bot/scripts/bot/bot.js:288:70)
    at file:///rs2b0t/bot/scripts/bot/bot.js:93:63
    at globalThis.__rs2b0t_fire_tick_listeners (file:///rs2b0t/bot/runtime/BotHost.js:14:13)
    at globalThis.__rs2b0t_pump (file:///rs2b0t/bot/api/execution/Execution.js:107:37)
[rs2b0t] listener error Error: not impl: reader.selfChat
    at notImpl (file:///rs2b0t/bot/shim/_kernel.js:5:5)
    at Object.get (file:///rs2b0t/bot/shim/_kernel.js:17:19)
    at DuelArena.observeFightState (file:///rs2b0t/bot/scripts/bot/bot.js:288:70)
    at file:///rs2b0t/bot/scripts/bot/bot.js:93:63
    at globalThis.__rs2b0t_fire_tick_listeners (file:///rs2b0t/bot/runtime/BotHost.js:14:13)
    at globalThis.__rs2b0t_pump (file:///rs2b0t/bot/api/execution/Execution.js:107:37)
[script liveb71btf_0] [rs2b0t] listener error not impl: reader.selfChat
[host] slot liveb71btf_0: d_loop_us=748 d_raster_us=0 d_observe_us=32926 max_observe_us=5316 d_paints=0 d_skips=50 d_ticks=2 window_ms=1206
[script liveb71btf_1] [rs2b0t] listener error not impl: reader.selfChat
[rs2b0t] listener error Error: not impl: reader.selfChat
    at notImpl (file:///rs2b0t/bot/shim/_kernel.js:5:5)
    at Object.get (file:///rs2b0t/bot/shim/_kernel.js:17:19)
    at DuelArena.observeFightState (file:///rs2b0t/bot/scripts/bot/bot.js:288:70)
    at file:///rs2b0t/bot/scripts/bot/bot.js:93:63
    at globalThis.__rs2b0t_fire_tick_listeners (file:///rs2b0t/bot/runtime/BotHost.js:14:13)
    at globalThis.__rs2b0t_tick_async (file:///rs2b0t/bot/scripts/bot/main.js:15:37)
    at globalThis.__rs_tick (file:///rs2b0t/bot/scripts/bot/main.js:8:16)
[rs2b0t] listener error Error: not impl: reader.selfChat
    at notImpl (file:///rs2b0t/bot/shim/_kernel.js:5:5)
    at Object.get (file:///rs2b0t/bot/shim/_kernel.js:17:19)
    at DuelArena.observeFightState (file:///rs2b0t/bot/scripts/bot/bot.js:288:70)
    at file:///rs2b0t/bot/scripts/bot/bot.js:93:63
    at globalThis.__rs2b0t_fire_tick_listeners (file:///rs2b0t/bot/runtime/BotHost.js:14:13)
    at globalThis.__rs2b0t_tick_async (file:///rs2b0t/bot/scripts/bot/main.js:15:37)
    at globalThis.__rs_tick (file:///rs2b0t/bot/scripts/bot/main.js:8:16)
[script liveb71btf_0] [rs2b0t] listener error not impl: reader.selfChat
[script liveb71btf_1] [rs2b0t] listener error not impl: reader.selfChat
[host] slot liveb71btf_1: d_loop_us=739 d_raster_us=0 d_observe_us=32686 max_observe_us=5531 d_paints=0 d_skips=50 d_ticks=2 window_ms=1199
[rs2b0t] listener error Error: not impl: reader.selfChat
    at notImpl (file:///rs2b0t/bot/shim/_kernel.js:5:5)
    at Object.get (file:///rs2b0t/bot/shim/_kernel.js:17:19)
    at DuelArena.observeFightState (file:///rs2b0t/bot/scripts/bot/bot.js:288:70)
    at file:///rs2b0t/bot/scripts/bot/bot.js:93:63
    at globalThis.__rs2b0t_fire_tick_listeners (file:///rs2b0t/bot/runtime/BotHost.js:14:13)
    at globalThis.__rs2b0t_pump (file:///rs2b0t/bot/api/execution/Execution.js:107:37)
[rs2b0t] listener error Error: not impl: reader.selfChat
    at notImpl (file:///rs2b0t/bot/shim/_kernel.js:5:5)
    at Object.get (file:///rs2b0t/bot/shim/_kernel.js:17:19)
    at DuelArena.observeFightState (file:///rs2b0t/bot/scripts/bot/bot.js:288:70)
    at file:///rs2b0t/bot/scripts/bot/bot.js:93:63
    at globalThis.__rs2b0t_fire_tick_listeners (file:///rs2b0t/bot/runtime/BotHost.js:14:13)
    at globalThis.__rs2b0t_pump (file:///rs2b0t/bot/api/execution/Execution.js:107:37)
[script liveb71btf_1] [rs2b0t] listener error not impl: reader.selfChat
[script liveb71btf_0] [rs2b0t] listener error not impl: reader.selfChat
[host] slot liveb71btf_0: d_loop_us=735 d_raster_us=0 d_observe_us=34934 max_observe_us=6085 d_paints=0 d_skips=50 d_ticks=2 window_ms=1212
[rs2b0t] listener error Error: not impl: reader.selfChat
    at notImpl (file:///rs2b0t/bot/shim/_kernel.js:5:5)
    at Object.get (file:///rs2b0t/bot/shim/_kernel.js:17:19)
    at DuelArena.observeFightState (file:///rs2b0t/bot/scripts/bot/bot.js:288:70)
    at file:///rs2b0t/bot/scripts/bot/bot.js:93:63
    at globalThis.__rs2b0t_fire_tick_listeners (file:///rs2b0t/bot/runtime/BotHost.js:14:13)
    at globalThis.__rs2b0t_tick_async (file:///rs2b0t/bot/scripts/bot/main.js:15:37)
    at globalThis.__rs_tick (file:///rs2b0t/bot/scripts/bot/main.js:8:16)
[rs2b0t] listener error Error: not impl: reader.selfChat
    at notImpl (file:///rs2b0t/bot/shim/_kernel.js:5:5)
    at Object.get (file:///rs2b0t/bot/shim/_kernel.js:17:19)
    at DuelArena.observeFightState (file:///rs2b0t/bot/scripts/bot/bot.js:288:70)
    at file:///rs2b0t/bot/scripts/bot/bot.js:93:63
    at globalThis.__rs2b0t_fire_tick_listeners (file:///rs2b0t/bot/runtime/BotHost.js:14:13)
    at globalThis.__rs2b0t_tick_async (file:///rs2b0t/bot/scripts/bot/main.js:15:37)
    at globalThis.__rs_tick (file:///rs2b0t/bot/scripts/bot/main.js:8:16)
[script liveb71btf_0] [rs2b0t] listener error not impl: reader.selfChat
[script liveb71btf_1] [rs2b0t] listener error not impl: reader.selfChat
[host] slot liveb71btf_1: d_loop_us=828 d_raster_us=0 d_observe_us=39117 max_observe_us=7144 d_paints=0 d_skips=50 d_ticks=2 window_ms=1184
[rs2b0t] listener error Error: not impl: reader.selfChat
    at notImpl (file:///rs2b0t/bot/shim/_kernel.js:5:5)
    at Object.get (file:///rs2b0t/bot/shim/_kernel.js:17:19)
    at DuelArena.observeFightState (file:///rs2b0t/bot/scripts/bot/bot.js:288:70)
    at file:///rs2b0t/bot/scripts/bot/bot.js:93:63
    at globalThis.__rs2b0t_fire_tick_listeners (file:///rs2b0t/bot/runtime/BotHost.js:14:13)
    at globalThis.__rs2b0t_pump (file:///rs2b0t/bot/api/execution/Execution.js:107:37)
[rs2b0t] listener error Error: not impl: reader.selfChat
    at notImpl (file:///rs2b0t/bot/shim/_kernel.js:5:5)
    at Object.get (file:///rs2b0t/bot/shim/_kernel.js:17:19)
    at DuelArena.observeFightState (file:///rs2b0t/bot/scripts/bot/bot.js:288:70)
    at file:///rs2b0t/bot/scripts/bot/bot.js:93:63
    at globalThis.__rs2b0t_fire_tick_listeners (file:///rs2b0t/bot/runtime/BotHost.js:14:13)
    at globalThis.__rs2b0t_pump (file:///rs2b0t/bot/api/execution/Execution.js:107:37)
[script liveb71btf_0] [rs2b0t] listener error not impl: reader.selfChat
[script liveb71btf_1] [rs2b0t] listener error not impl: reader.selfChat
[host] slot liveb71btf_0: d_loop_us=774 d_raster_us=0 d_observe_us=39858 max_observe_us=8290 d_paints=0 d_skips=50 d_ticks=2 window_ms=1190
[rs2b0t] listener error Error: not impl: reader.selfChat
    at notImpl (file:///rs2b0t/bot/shim/_kernel.js:5:5)
    at Object.get (file:///rs2b0t/bot/shim/_kernel.js:17:19)
    at DuelArena.observeFightState (file:///rs2b0t/bot/scripts/bot/bot.js:288:70)
    at file:///rs2b0t/bot/scripts/bot/bot.js:93:63
    at globalThis.__rs2b0t_fire_tick_listeners (file:///rs2b0t/bot/runtime/BotHost.js:14:13)
    at globalThis.__rs2b0t_tick_async (file:///rs2b0t/bot/scripts/bot/main.js:15:37)
    at globalThis.__rs_tick (file:///rs2b0t/bot/scripts/bot/main.js:8:16)
[script liveb71btf_1] [rs2b0t] listener error not impl: reader.selfChat
[rs2b0t] listener error Error: not impl: reader.selfChat
    at notImpl (file:///rs2b0t/bot/shim/_kernel.js:5:5)
    at Object.get (file:///rs2b0t/bot/shim/_kernel.js:17:19)
    at DuelArena.observeFightState (file:///rs2b0t/bot/scripts/bot/bot.js:288:70)
    at file:///rs2b0t/bot/scripts/bot/bot.js:93:63
    at globalThis.__rs2b0t_fire_tick_listeners (file:///rs2b0t/bot/runtime/BotHost.js:14:13)
    at globalThis.__rs2b0t_tick_async (file:///rs2b0t/bot/scripts/bot/main.js:15:37)
    at globalThis.__rs_tick (file:///rs2b0t/bot/scripts/bot/main.js:8:16)
[script liveb71btf_0] [rs2b0t] listener error not impl: reader.selfChat
[host] slot liveb71btf_1: d_loop_us=824 d_raster_us=0 d_observe_us=45034 max_observe_us=6372 d_paints=0 d_skips=50 d_ticks=2 window_ms=1175
[rs2b0t] listener error Error: not impl: reader.selfChat
    at notImpl (file:///rs2b0t/bot/shim/_kernel.js:5:5)
    at Object.get (file:///rs2b0t/bot/shim/_kernel.js:17:19)
    at DuelArena.observeFightState (file:///rs2b0t/bot/scripts/bot/bot.js:288:70)
    at file:///rs2b0t/bot/scripts/bot/bot.js:93:63
    at globalThis.__rs2b0t_fire_tick_listeners (file:///rs2b0t/bot/runtime/BotHost.js:14:13)
    at globalThis.__rs2b0t_pump (file:///rs2b0t/bot/api/execution/Execution.js:107:37)
[rs2b0t] listener error Error: not impl: reader.selfChat
    at notImpl (file:///rs2b0t/bot/shim/_kernel.js:5:5)
    at Object.get (file:///rs2b0t/bot/shim/_kernel.js:17:19)
    at DuelArena.observeFightState (file:///rs2b0t/bot/scripts/bot/bot.js:288:70)
    at file:///rs2b0t/bot/scripts/bot/bot.js:93:63
    at globalThis.__rs2b0t_fire_tick_listeners (file:///rs2b0t/bot/runtime/BotHost.js:14:13)
    at globalThis.__rs2b0t_pump (file:///rs2b0t/bot/api/execution/Execution.js:107:37)
[host] slot liveb71btf_0: d_loop_us=804 d_raster_us=0 d_observe_us=48509 max_observe_us=5807 d_paints=0 d_skips=50 d_ticks=2 window_ms=1196
[script liveb71btf_1] [rs2b0t] listener error not impl: reader.selfChat
[script liveb71btf_0] [rs2b0t] listener error not impl: reader.selfChat
[rs2b0t] listener error Error: not impl: reader.selfChat
    at notImpl (file:///rs2b0t/bot/shim/_kernel.js:5:5)
    at Object.get (file:///rs2b0t/bot/shim/_kernel.js:17:19)
    at DuelArena.observeFightState (file:///rs2b0t/bot/scripts/bot/bot.js:288:70)
    at file:///rs2b0t/bot/scripts/bot/bot.js:93:63
    at globalThis.__rs2b0t_fire_tick_listeners (file:///rs2b0t/bot/runtime/BotHost.js:14:13)
    at globalThis.__rs2b0t_tick_async (file:///rs2b0t/bot/scripts/bot/main.js:15:37)
    at globalThis.__rs_tick (file:///rs2b0t/bot/scripts/bot/main.js:8:16)
[rs2b0t] listener error Error: not impl: reader.selfChat
    at notImpl (file:///rs2b0t/bot/shim/_kernel.js:5:5)
    at Object.get (file:///rs2b0t/bot/shim/_kernel.js:17:19)
    at DuelArena.observeFightState (file:///rs2b0t/bot/scripts/bot/bot.js:288:70)
    at file:///rs2b0t/bot/scripts/bot/bot.js:93:63
    at globalThis.__rs2b0t_fire_tick_listeners (file:///rs2b0t/bot/runtime/BotHost.js:14:13)
    at globalThis.__rs2b0t_tick_async (file:///rs2b0t/bot/scripts/bot/main.js:15:37)
    at globalThis.__rs_tick (file:///rs2b0t/bot/scripts/bot/main.js:8:16)
[script liveb71btf_1] [rs2b0t] listener error not impl: reader.selfChat
[script liveb71btf_0] [rs2b0t] listener error not impl: reader.selfChat
[host] slot liveb71btf_1: d_loop_us=869 d_raster_us=0 d_observe_us=56586 max_observe_us=7423 d_paints=0 d_skips=50 d_ticks=2 window_ms=1195
[rs2b0t] listener error Error: not impl: reader.selfChat
    at notImpl (file:///rs2b0t/bot/shim/_kernel.js:5:5)
    at Object.get (file:///rs2b0t/bot/shim/_kernel.js:17:19)
    at DuelArena.observeFightState (file:///rs2b0t/bot/scripts/bot/bot.js:288:70)
    at file:///rs2b0t/bot/scripts/bot/bot.js:93:63
    at globalThis.__rs2b0t_fire_tick_listeners (file:///rs2b0t/bot/runtime/BotHost.js:14:13)
    at globalThis.__rs2b0t_pump (file:///rs2b0t/bot/api/execution/Execution.js:107:37)
[rs2b0t] listener error Error: not impl: reader.selfChat
    at notImpl (file:///rs2b0t/bot/shim/_kernel.js:5:5)
    at Object.get (file:///rs2b0t/bot/shim/_kernel.js:17:19)
    at DuelArena.observeFightState (file:///rs2b0t/bot/scripts/bot/bot.js:288:70)
    at file:///rs2b0t/bot/scripts/bot/bot.js:93:63
    at globalThis.__rs2b0t_fire_tick_listeners (file:///rs2b0t/bot/runtime/BotHost.js:14:13)
    at globalThis.__rs2b0t_pump (file:///rs2b0t/bot/api/execution/Execution.js:107:37)
[host] slot liveb71btf_0: d_loop_us=709 d_raster_us=0 d_observe_us=48552 max_observe_us=5579 d_paints=0 d_skips=50 d_ticks=2 window_ms=1186
[script liveb71btf_1] [rs2b0t] listener error not impl: reader.selfChat
[script liveb71btf_0] [rs2b0t] listener error not impl: reader.selfChat
[rs2b0t] listener error Error: not impl: reader.selfChat
    at notImpl (file:///rs2b0t/bot/shim/_kernel.js:5:5)
    at Object.get (file:///rs2b0t/bot/shim/_kernel.js:17:19)
    at DuelArena.observeFightState (file:///rs2b0t/bot/scripts/bot/bot.js:288:70)
    at file:///rs2b0t/bot/scripts/bot/bot.js:93:63
    at globalThis.__rs2b0t_fire_tick_listeners (file:///rs2b0t/bot/runtime/BotHost.js:14:13)
    at globalThis.__rs2b0t_tick_async (file:///rs2b0t/bot/scripts/bot/main.js:15:37)
    at globalThis.__rs_tick (file:///rs2b0t/bot/scripts/bot/main.js:8:16)
[rs2b0t] listener error Error: not impl: reader.selfChat
    at notImpl (file:///rs2b0t/bot/shim/_kernel.js:5:5)
    at Object.get (file:///rs2b0t/bot/shim/_kernel.js:17:19)
    at DuelArena.observeFightState (file:///rs2b0t/bot/scripts/bot/bot.js:288:70)
    at file:///rs2b0t/bot/scripts/bot/bot.js:93:63
    at globalThis.__rs2b0t_fire_tick_listeners (file:///rs2b0t/bot/runtime/BotHost.js:14:13)
    at globalThis.__rs2b0t_tick_async (file:///rs2b0t/bot/scripts/bot/main.js:15:37)
    at globalThis.__rs_tick (file:///rs2b0t/bot/scripts/bot/main.js:8:16)
[script liveb71btf_0] [rs2b0t] listener error not impl: reader.selfChat
[script liveb71btf_1] [rs2b0t] listener error not impl: reader.selfChat
[host] slot liveb71btf_1: d_loop_us=739 d_raster_us=0 d_observe_us=51022 max_observe_us=7558 d_paints=0 d_skips=50 d_ticks=2 window_ms=1202
[rs2b0t] listener error Error: not impl: reader.selfChat
    at notImpl (file:///rs2b0t/bot/shim/_kernel.js:5:5)
    at Object.get (file:///rs2b0t/bot/shim/_kernel.js:17:19)
    at DuelArena.observeFightState (file:///rs2b0t/bot/scripts/bot/bot.js:288:70)
    at file:///rs2b0t/bot/scripts/bot/bot.js:93:63
    at globalThis.__rs2b0t_fire_tick_listeners (file:///rs2b0t/bot/runtime/BotHost.js:14:13)
    at globalThis.__rs2b0t_pump (file:///rs2b0t/bot/api/execution/Execution.js:107:37)
[rs2b0t] listener error Error: not impl: reader.selfChat
    at notImpl (file:///rs2b0t/bot/shim/_kernel.js:5:5)
    at Object.get (file:///rs2b0t/bot/shim/_kernel.js:17:19)
    at DuelArena.observeFightState (file:///rs2b0t/bot/scripts/bot/bot.js:288:70)
    at file:///rs2b0t/bot/scripts/bot/bot.js:93:63
    at globalThis.__rs2b0t_fire_tick_listeners (file:///rs2b0t/bot/runtime/BotHost.js:14:13)
    at globalThis.__rs2b0t_pump (file:///rs2b0t/bot/api/execution/Execution.js:107:37)
[host] slot liveb71btf_0: d_loop_us=752 d_raster_us=0 d_observe_us=48174 max_observe_us=6374 d_paints=0 d_skips=50 d_ticks=2 window_ms=1202
[script liveb71btf_1] [rs2b0t] listener error not impl: reader.selfChat
[script liveb71btf_0] [rs2b0t] listener error not impl: reader.selfChat
[rs2b0t] listener error Error: not impl: reader.selfChat
    at notImpl (file:///rs2b0t/bot/shim/_kernel.js:5:5)
    at Object.get (file:///rs2b0t/bot/shim/_kernel.js:17:19)
    at DuelArena.observeFightState (file:///rs2b0t/bot/scripts/bot/bot.js:288:70)
    at file:///rs2b0t/bot/scripts/bot/bot.js:93:63
    at globalThis.__rs2b0t_fire_tick_listeners (file:///rs2b0t/bot/runtime/BotHost.js:14:13)
    at globalThis.__rs2b0t_tick_async (file:///rs2b0t/bot/scripts/bot/main.js:15:37)
    at globalThis.__rs_tick (file:///rs2b0t/bot/scripts/bot/main.js:8:16)
[rs2b0t] listener error Error: not impl: reader.selfChat
    at notImpl (file:///rs2b0t/bot/shim/_kernel.js:5:5)
    at Object.get (file:///rs2b0t/bot/shim/_kernel.js:17:19)
    at DuelArena.observeFightState (file:///rs2b0t/bot/scripts/bot/bot.js:288:70)
    at file:///rs2b0t/bot/scripts/bot/bot.js:93:63
    at globalThis.__rs2b0t_fire_tick_listeners (file:///rs2b0t/bot/runtime/BotHost.js:14:13)
    at globalThis.__rs2b0t_tick_async (file:///rs2b0t/bot/scripts/bot/main.js:15:37)
    at globalThis.__rs_tick (file:///rs2b0t/bot/scripts/bot/main.js:8:16)
[script liveb71btf_0] [rs2b0t] listener error not impl: reader.selfChat
[script liveb71btf_1] [rs2b0t] listener error not impl: reader.selfChat
[host] slot liveb71btf_1: d_loop_us=868 d_raster_us=0 d_observe_us=61165 max_observe_us=5141 d_paints=0 d_skips=50 d_ticks=2 window_ms=1183
[rs2b0t] listener error Error: not impl: reader.selfChat
    at notImpl (file:///rs2b0t/bot/shim/_kernel.js:5:5)
    at Object.get (file:///rs2b0t/bot/shim/_kernel.js:17:19)
    at DuelArena.observeFightState (file:///rs2b0t/bot/scripts/bot/bot.js:288:70)
    at file:///rs2b0t/bot/scripts/bot/bot.js:93:63
    at globalThis.__rs2b0t_fire_tick_listeners (file:///rs2b0t/bot/runtime/BotHost.js:14:13)
    at globalThis.__rs2b0t_pump (file:///rs2b0t/bot/api/execution/Execution.js:107:37)
[rs2b0t] listener error Error: not impl: reader.selfChat
    at notImpl (file:///rs2b0t/bot/shim/_kernel.js:5:5)
    at Object.get (file:///rs2b0t/bot/shim/_kernel.js:17:19)
    at DuelArena.observeFightState (file:///rs2b0t/bot/scripts/bot/bot.js:288:70)
    at file:///rs2b0t/bot/scripts/bot/bot.js:93:63
    at globalThis.__rs2b0t_fire_tick_listeners (file:///rs2b0t/bot/runtime/BotHost.js:14:13)
    at globalThis.__rs2b0t_pump (file:///rs2b0t/bot/api/execution/Execution.js:107:37)
[host] slot liveb71btf_0: d_loop_us=749 d_raster_us=0 d_observe_us=62760 max_observe_us=7880 d_paints=0 d_skips=50 d_ticks=2 window_ms=1190
[script liveb71btf_0] [rs2b0t] listener error not impl: reader.selfChat
[script liveb71btf_1] [rs2b0t] listener error not impl: reader.selfChat
[rs2b0t] listener error Error: not impl: reader.selfChat
    at notImpl (file:///rs2b0t/bot/shim/_kernel.js:5:5)
    at Object.get (file:///rs2b0t/bot/shim/_kernel.js:17:19)
    at DuelArena.observeFightState (file:///rs2b0t/bot/scripts/bot/bot.js:288:70)
    at file:///rs2b0t/bot/scripts/bot/bot.js:93:63
    at globalThis.__rs2b0t_fire_tick_listeners (file:///rs2b0t/bot/runtime/BotHost.js:14:13)
    at globalThis.__rs2b0t_tick_async (file:///rs2b0t/bot/scripts/bot/main.js:15:37)
    at globalThis.__rs_tick (file:///rs2b0t/bot/scripts/bot/main.js:8:16)
[script liveb71btf_1] [rs2b0t] listener error not impl: reader.selfChat
[rs2b0t] listener error Error: not impl: reader.selfChat
    at notImpl (file:///rs2b0t/bot/shim/_kernel.js:5:5)
    at Object.get (file:///rs2b0t/bot/shim/_kernel.js:17:19)
    at DuelArena.observeFightState (file:///rs2b0t/bot/scripts/bot/bot.js:288:70)
    at file:///rs2b0t/bot/scripts/bot/bot.js:93:63
    at globalThis.__rs2b0t_fire_tick_listeners (file:///rs2b0t/bot/runtime/BotHost.js:14:13)
    at globalThis.__rs2b0t_tick_async (file:///rs2b0t/bot/scripts/bot/main.js:15:37)
    at globalThis.__rs_tick (file:///rs2b0t/bot/scripts/bot/main.js:8:16)
[script liveb71btf_0] [rs2b0t] listener error not impl: reader.selfChat
[host] slot liveb71btf_1: d_loop_us=823 d_raster_us=0 d_observe_us=54521 max_observe_us=8210 d_paints=0 d_skips=50 d_ticks=2 window_ms=1199
[host] slot liveb71btf_0: d_loop_us=725 d_raster_us=0 d_observe_us=50410 max_observe_us=5261 d_paints=0 d_skips=50 d_ticks=2 window_ms=1187
[rs2b0t] listener error Error: not impl: reader.selfChat
    at notImpl (file:///rs2b0t/bot/shim/_kernel.js:5:5)
    at Object.get (file:///rs2b0t/bot/shim/_kernel.js:17:19)
    at DuelArena.observeFightState (file:///rs2b0t/bot/scripts/bot/bot.js:288:70)
    at file:///rs2b0t/bot/scripts/bot/bot.js:93:63
    at globalThis.__rs2b0t_fire_tick_listeners (file:///rs2b0t/bot/runtime/BotHost.js:14:13)
    at globalThis.__rs2b0t_pump (file:///rs2b0t/bot/api/execution/Execution.js:107:37)
[rs2b0t] listener error Error: not impl: reader.selfChat
    at notImpl (file:///rs2b0t/bot/shim/_kernel.js:5:5)
    at Object.get (file:///rs2b0t/bot/shim/_kernel.js:17:19)
    at DuelArena.observeFightState (file:///rs2b0t/bot/scripts/bot/bot.js:288:70)
    at file:///rs2b0t/bot/scripts/bot/bot.js:93:63
    at globalThis.__rs2b0t_fire_tick_listeners (file:///rs2b0t/bot/runtime/BotHost.js:14:13)
    at globalThis.__rs2b0t_pump (file:///rs2b0t/bot/api/execution/Execution.js:107:37)
[script liveb71btf_1] [rs2b0t] listener error not impl: reader.selfChat
[script liveb71btf_0] [rs2b0t] listener error not impl: reader.selfChat
[rs2b0t] listener error Error: not impl: reader.selfChat
    at notImpl (file:///rs2b0t/bot/shim/_kernel.js:5:5)
    at Object.get (file:///rs2b0t/bot/shim/_kernel.js:17:19)
    at DuelArena.observeFightState (file:///rs2b0t/bot/scripts/bot/bot.js:288:70)
    at file:///rs2b0t/bot/scripts/bot/bot.js:93:63
    at globalThis.__rs2b0t_fire_tick_listeners (file:///rs2b0t/bot/runtime/BotHost.js:14:13)
    at globalThis.__rs2b0t_tick_async (file:///rs2b0t/bot/scripts/bot/main.js:15:37)
    at globalThis.__rs_tick (file:///rs2b0t/bot/scripts/bot/main.js:8:16)
[rs2b0t] listener error Error: not impl: reader.selfChat
    at notImpl (file:///rs2b0t/bot/shim/_kernel.js:5:5)
    at Object.get (file:///rs2b0t/bot/shim/_kernel.js:17:19)
    at DuelArena.observeFightState (file:///rs2b0t/bot/scripts/bot/bot.js:288:70)
    at file:///rs2b0t/bot/scripts/bot/bot.js:93:63
    at globalThis.__rs2b0t_fire_tick_listeners (file:///rs2b0t/bot/runtime/BotHost.js:14:13)
    at globalThis.__rs2b0t_tick_async (file:///rs2b0t/bot/scripts/bot/main.js:15:37)
    at globalThis.__rs_tick (file:///rs2b0t/bot/scripts/bot/main.js:8:16)
[script liveb71btf_1] [rs2b0t] listener error not impl: reader.selfChat
[script liveb71btf_0] [rs2b0t] listener error not impl: reader.selfChat
[host] slot liveb71btf_1: d_loop_us=2314 d_raster_us=0 d_observe_us=49758 max_observe_us=5853 d_paints=0 d_skips=50 d_ticks=2 window_ms=1195
[host] slot liveb71btf_0: d_loop_us=2539 d_raster_us=0 d_observe_us=46308 max_observe_us=6473 d_paints=0 d_skips=50 d_ticks=2 window_ms=1193
[rs2b0t] listener error Error: not impl: reader.selfChat
    at notImpl (file:///rs2b0t/bot/shim/_kernel.js:5:5)
    at Object.get (file:///rs2b0t/bot/shim/_kernel.js:17:19)
    at DuelArena.observeFightState (file:///rs2b0t/bot/scripts/bot/bot.js:288:70)
    at file:///rs2b0t/bot/scripts/bot/bot.js:93:63
    at globalThis.__rs2b0t_fire_tick_listeners (file:///rs2b0t/bot/runtime/BotHost.js:14:13)
    at globalThis.__rs2b0t_pump (file:///rs2b0t/bot/api/execution/Execution.js:107:37)
[rs2b0t] listener error Error: not impl: reader.selfChat
    at notImpl (file:///rs2b0t/bot/shim/_kernel.js:5:5)
    at Object.get (file:///rs2b0t/bot/shim/_kernel.js:17:19)
    at DuelArena.observeFightState (file:///rs2b0t/bot/scripts/bot/bot.js:288:70)
    at file:///rs2b0t/bot/scripts/bot/bot.js:93:63
    at globalThis.__rs2b0t_fire_tick_listeners (file:///rs2b0t/bot/runtime/BotHost.js:14:13)
    at globalThis.__rs2b0t_pump (file:///rs2b0t/bot/api/execution/Execution.js:107:37)
[script liveb71btf_1] [rs2b0t] listener error not impl: reader.selfChat
[script liveb71btf_0] [rs2b0t] listener error not impl: reader.selfChat
[rs2b0t] listener error Error: not impl: reader.selfChat
    at notImpl (file:///rs2b0t/bot/shim/_kernel.js:5:5)
    at Object.get (file:///rs2b0t/bot/shim/_kernel.js:17:19)
    at DuelArena.observeFightState (file:///rs2b0t/bot/scripts/bot/bot.js:288:70)
    at file:///rs2b0t/bot/scripts/bot/bot.js:93:63
    at globalThis.__rs2b0t_fire_tick_listeners (file:///rs2b0t/bot/runtime/BotHost.js:14:13)
    at globalThis.__rs2b0t_tick_async (file:///rs2b0t/bot/scripts/bot/main.js:15:37)
    at globalThis.__rs_tick (file:///rs2b0t/bot/scripts/bot/main.js:8:16)
[rs2b0t] listener error Error: not impl: reader.selfChat
    at notImpl (file:///rs2b0t/bot/shim/_kernel.js:5:5)
    at Object.get (file:///rs2b0t/bot/shim/_kernel.js:17:19)
    at DuelArena.observeFightState (file:///rs2b0t/bot/scripts/bot/bot.js:288:70)
    at file:///rs2b0t/bot/scripts/bot/bot.js:93:63
    at globalThis.__rs2b0t_fire_tick_listeners (file:///rs2b0t/bot/runtime/BotHost.js:14:13)
    at globalThis.__rs2b0t_tick_async (file:///rs2b0t/bot/scripts/bot/main.js:15:37)
    at globalThis.__rs_tick (file:///rs2b0t/bot/scripts/bot/main.js:8:16)
[script liveb71btf_0] [rs2b0t] listener error not impl: reader.selfChat
[script liveb71btf_1] [rs2b0t] listener error not impl: reader.selfChat
[host] slot liveb71btf_1: d_loop_us=937 d_raster_us=0 d_observe_us=42249 max_observe_us=7161 d_paints=0 d_skips=50 d_ticks=2 window_ms=1201
[rs2b0t] listener error Error: not impl: reader.selfChat
    at notImpl (file:///rs2b0t/bot/shim/_kernel.js:5:5)
    at Object.get (file:///rs2b0t/bot/shim/_kernel.js:17:19)
    at DuelArena.observeFightState (file:///rs2b0t/bot/scripts/bot/bot.js:288:70)
    at file:///rs2b0t/bot/scripts/bot/bot.js:93:63
    at globalThis.__rs2b0t_fire_tick_listeners (file:///rs2b0t/bot/runtime/BotHost.js:14:13)
    at globalThis.__rs2b0t_pump (file:///rs2b0t/bot/api/execution/Execution.js:107:37)
[rs2b0t] listener error Error: not impl: reader.selfChat
    at notImpl (file:///rs2b0t/bot/shim/_kernel.js:5:5)
    at Object.get (file:///rs2b0t/bot/shim/_kernel.js:17:19)
    at DuelArena.observeFightState (file:///rs2b0t/bot/scripts/bot/bot.js:288:70)
    at file:///rs2b0t/bot/scripts/bot/bot.js:93:63
    at globalThis.__rs2b0t_fire_tick_listeners (file:///rs2b0t/bot/runtime/BotHost.js:14:13)
    at globalThis.__rs2b0t_pump (file:///rs2b0t/bot/api/execution/Execution.js:107:37)
[host] slot liveb71btf_0: d_loop_us=782 d_raster_us=0 d_observe_us=52690 max_observe_us=9198 d_paints=0 d_skips=50 d_ticks=2 window_ms=1214
[script liveb71btf_1] [rs2b0t] listener error not impl: reader.selfChat
[script liveb71btf_0] [rs2b0t] listener error not impl: reader.selfChat
[rs2b0t] listener error Error: not impl: reader.selfChat
    at notImpl (file:///rs2b0t/bot/shim/_kernel.js:5:5)
    at Object.get (file:///rs2b0t/bot/shim/_kernel.js:17:19)
    at DuelArena.observeFightState (file:///rs2b0t/bot/scripts/bot/bot.js:288:70)
    at file:///rs2b0t/bot/scripts/bot/bot.js:93:63
    at globalThis.__rs2b0t_fire_tick_listeners (file:///rs2b0t/bot/runtime/BotHost.js:14:13)
    at globalThis.__rs2b0t_tick_async (file:///rs2b0t/bot/scripts/bot/main.js:15:37)
    at globalThis.__rs_tick (file:///rs2b0t/bot/scripts/bot/main.js:8:16)
[script liveb71btf_1] [rs2b0t] listener error not impl: reader.selfChat
[rs2b0t] listener error Error: not impl: reader.selfChat
    at notImpl (file:///rs2b0t/bot/shim/_kernel.js:5:5)
    at Object.get (file:///rs2b0t/bot/shim/_kernel.js:17:19)
    at DuelArena.observeFightState (file:///rs2b0t/bot/scripts/bot/bot.js:288:70)
    at file:///rs2b0t/bot/scripts/bot/bot.js:93:63
    at globalThis.__rs2b0t_fire_tick_listeners (file:///rs2b0t/bot/runtime/BotHost.js:14:13)
    at globalThis.__rs2b0t_tick_async (file:///rs2b0t/bot/scripts/bot/main.js:15:37)
    at globalThis.__rs_tick (file:///rs2b0t/bot/scripts/bot/main.js:8:16)
[script liveb71btf_0] [rs2b0t] listener error not impl: reader.selfChat
[host] slot liveb71btf_1: d_loop_us=1926 d_raster_us=0 d_observe_us=50312 max_observe_us=8501 d_paints=0 d_skips=50 d_ticks=2 window_ms=1205
[host] slot liveb71btf_0: d_loop_us=834 d_raster_us=0 d_observe_us=40322 max_observe_us=6990 d_paints=0 d_skips=50 d_ticks=2 window_ms=1182
[rs2b0t] listener error Error: not impl: reader.selfChat
    at notImpl (file:///rs2b0t/bot/shim/_kernel.js:5:5)
    at Object.get (file:///rs2b0t/bot/shim/_kernel.js:17:19)
    at DuelArena.observeFightState (file:///rs2b0t/bot/scripts/bot/bot.js:288:70)
    at file:///rs2b0t/bot/scripts/bot/bot.js:93:63
    at globalThis.__rs2b0t_fire_tick_listeners (file:///rs2b0t/bot/runtime/BotHost.js:14:13)
    at globalThis.__rs2b0t_pump (file:///rs2b0t/bot/api/execution/Execution.js:107:37)
[rs2b0t] listener error Error: not impl: reader.selfChat
    at notImpl (file:///rs2b0t/bot/shim/_kernel.js:5:5)
    at Object.get (file:///rs2b0t/bot/shim/_kernel.js:17:19)
    at DuelArena.observeFightState (file:///rs2b0t/bot/scripts/bot/bot.js:288:70)
    at file:///rs2b0t/bot/scripts/bot/bot.js:93:63
    at globalThis.__rs2b0t_fire_tick_listeners (file:///rs2b0t/bot/runtime/BotHost.js:14:13)
    at globalThis.__rs2b0t_pump (file:///rs2b0t/bot/api/execution/Execution.js:107:37)
[script liveb71btf_0] [rs2b0t] listener error not impl: reader.selfChat
[script liveb71btf_1] [rs2b0t] listener error not impl: reader.selfChat
[rs2b0t] listener error Error: not impl: reader.selfChat
    at notImpl (file:///rs2b0t/bot/shim/_kernel.js:5:5)
    at Object.get (file:///rs2b0t/bot/shim/_kernel.js:17:19)
    at DuelArena.observeFightState (file:///rs2b0t/bot/scripts/bot/bot.js:288:70)
    at file:///rs2b0t/bot/scripts/bot/bot.js:93:63
    at globalThis.__rs2b0t_fire_tick_listeners (file:///rs2b0t/bot/runtime/BotHost.js:14:13)
    at globalThis.__rs2b0t_tick_async (file:///rs2b0t/bot/scripts/bot/main.js:15:37)
    at globalThis.__rs_tick (file:///rs2b0t/bot/scripts/bot/main.js:8:16)
[rs2b0t] listener error Error: not impl: reader.selfChat
    at notImpl (file:///rs2b0t/bot/shim/_kernel.js:5:5)
    at Object.get (file:///rs2b0t/bot/shim/_kernel.js:17:19)
    at DuelArena.observeFightState (file:///rs2b0t/bot/scripts/bot/bot.js:288:70)
    at file:///rs2b0t/bot/scripts/bot/bot.js:93:63
    at globalThis.__rs2b0t_fire_tick_listeners (file:///rs2b0t/bot/runtime/BotHost.js:14:13)
    at globalThis.__rs2b0t_tick_async (file:///rs2b0t/bot/scripts/bot/main.js:15:37)
    at globalThis.__rs_tick (file:///rs2b0t/bot/scripts/bot/main.js:8:16)
[script liveb71btf_1] [rs2b0t] listener error not impl: reader.selfChat
[script liveb71btf_0] [rs2b0t] listener error not impl: reader.selfChat
[host] slot liveb71btf_1: d_loop_us=925 d_raster_us=0 d_observe_us=44108 max_observe_us=8459 d_paints=0 d_skips=50 d_ticks=2 window_ms=1207
[host] slot liveb71btf_0: d_loop_us=838 d_raster_us=0 d_observe_us=51403 max_observe_us=9403 d_paints=0 d_skips=50 d_ticks=2 window_ms=1191
[rs2b0t] listener error Error: not impl: reader.selfChat
    at notImpl (file:///rs2b0t/bot/shim/_kernel.js:5:5)
    at Object.get (file:///rs2b0t/bot/shim/_kernel.js:17:19)
    at DuelArena.observeFightState (file:///rs2b0t/bot/scripts/bot/bot.js:288:70)
    at file:///rs2b0t/bot/scripts/bot/bot.js:93:63
    at globalThis.__rs2b0t_fire_tick_listeners (file:///rs2b0t/bot/runtime/BotHost.js:14:13)
    at globalThis.__rs2b0t_pump (file:///rs2b0t/bot/api/execution/Execution.js:107:37)
[rs2b0t] listener error Error: not impl: reader.selfChat
    at notImpl (file:///rs2b0t/bot/shim/_kernel.js:5:5)
    at Object.get (file:///rs2b0t/bot/shim/_kernel.js:17:19)
    at DuelArena.observeFightState (file:///rs2b0t/bot/scripts/bot/bot.js:288:70)
    at file:///rs2b0t/bot/scripts/bot/bot.js:93:63
    at globalThis.__rs2b0t_fire_tick_listeners (file:///rs2b0t/bot/runtime/BotHost.js:14:13)
    at globalThis.__rs2b0t_pump (file:///rs2b0t/bot/api/execution/Execution.js:107:37)
[script liveb71btf_1] [rs2b0t] listener error not impl: reader.selfChat
[script liveb71btf_0] [rs2b0t] listener error not impl: reader.selfChat
[rs2b0t] listener error Error: not impl: reader.selfChat
    at notImpl (file:///rs2b0t/bot/shim/_kernel.js:5:5)
    at Object.get (file:///rs2b0t/bot/shim/_kernel.js:17:19)
    at DuelArena.observeFightState (file:///rs2b0t/bot/scripts/bot/bot.js:288:70)
    at file:///rs2b0t/bot/scripts/bot/bot.js:93:63
    at globalThis.__rs2b0t_fire_tick_listeners (file:///rs2b0t/bot/runtime/BotHost.js:14:13)
    at globalThis.__rs2b0t_tick_async (file:///rs2b0t/bot/scripts/bot/main.js:15:37)
    at globalThis.__rs_tick (file:///rs2b0t/bot/scripts/bot/main.js:8:16)
[rs2b0t] listener error Error: not impl: reader.selfChat
    at notImpl (file:///rs2b0t/bot/shim/_kernel.js:5:5)
    at Object.get (file:///rs2b0t/bot/shim/_kernel.js:17:19)
    at DuelArena.observeFightState (file:///rs2b0t/bot/scripts/bot/bot.js:288:70)
    at file:///rs2b0t/bot/scripts/bot/bot.js:93:63
    at globalThis.__rs2b0t_fire_tick_listeners (file:///rs2b0t/bot/runtime/BotHost.js:14:13)
    at globalThis.__rs2b0t_tick_async (file:///rs2b0t/bot/scripts/bot/main.js:15:37)
    at globalThis.__rs_tick (file:///rs2b0t/bot/scripts/bot/main.js:8:16)
[script liveb71btf_1] [rs2b0t] listener error not impl: reader.selfChat
[script liveb71btf_0] [rs2b0t] listener error not impl: reader.selfChat
[host] slot liveb71btf_1: d_loop_us=848 d_raster_us=0 d_observe_us=48987 max_observe_us=7653 d_paints=0 d_skips=50 d_ticks=2 window_ms=1197
[host] slot liveb71btf_0: d_loop_us=741 d_raster_us=0 d_observe_us=53984 max_observe_us=7360 d_paints=0 d_skips=50 d_ticks=2 window_ms=1204
[rs2b0t] listener error Error: not impl: reader.selfChat
    at notImpl (file:///rs2b0t/bot/shim/_kernel.js:5:5)
    at Object.get (file:///rs2b0t/bot/shim/_kernel.js:17:19)
    at DuelArena.observeFightState (file:///rs2b0t/bot/scripts/bot/bot.js:288:70)
    at file:///rs2b0t/bot/scripts/bot/bot.js:93:63
    at globalThis.__rs2b0t_fire_tick_listeners (file:///rs2b0t/bot/runtime/BotHost.js:14:13)
    at globalThis.__rs2b0t_pump (file:///rs2b0t/bot/api/execution/Execution.js:107:37)
[rs2b0t] listener error Error: not impl: reader.selfChat
    at notImpl (file:///rs2b0t/bot/shim/_kernel.js:5:5)
    at Object.get (file:///rs2b0t/bot/shim/_kernel.js:17:19)
    at DuelArena.observeFightState (file:///rs2b0t/bot/scripts/bot/bot.js:288:70)
    at file:///rs2b0t/bot/scripts/bot/bot.js:93:63
    at globalThis.__rs2b0t_fire_tick_listeners (file:///rs2b0t/bot/runtime/BotHost.js:14:13)
    at globalThis.__rs2b0t_pump (file:///rs2b0t/bot/api/execution/Execution.js:107:37)
[script liveb71btf_1] [rs2b0t] listener error not impl: reader.selfChat
[script liveb71btf_0] [rs2b0t] listener error not impl: reader.selfChat
[rs2b0t] listener error Error: not impl: reader.selfChat
    at notImpl (file:///rs2b0t/bot/shim/_kernel.js:5:5)
    at Object.get (file:///rs2b0t/bot/shim/_kernel.js:17:19)
    at DuelArena.observeFightState (file:///rs2b0t/bot/scripts/bot/bot.js:288:70)
    at file:///rs2b0t/bot/scripts/bot/bot.js:93:63
    at globalThis.__rs2b0t_fire_tick_listeners (file:///rs2b0t/bot/runtime/BotHost.js:14:13)
    at globalThis.__rs2b0t_tick_async (file:///rs2b0t/bot/scripts/bot/main.js:15:37)
    at globalThis.__rs_tick (file:///rs2b0t/bot/scripts/bot/main.js:8:16)
[rs2b0t] listener error Error: not impl: reader.selfChat
    at notImpl (file:///rs2b0t/bot/shim/_kernel.js:5:5)
    at Object.get (file:///rs2b0t/bot/shim/_kernel.js:17:19)
    at DuelArena.observeFightState (file:///rs2b0t/bot/scripts/bot/bot.js:288:70)
    at file:///rs2b0t/bot/scripts/bot/bot.js:93:63
    at globalThis.__rs2b0t_fire_tick_listeners (file:///rs2b0t/bot/runtime/BotHost.js:14:13)
    at globalThis.__rs2b0t_tick_async (file:///rs2b0t/bot/scripts/bot/main.js:15:37)
    at globalThis.__rs_tick (file:///rs2b0t/bot/scripts/bot/main.js:8:16)
[script liveb71btf_1] [rs2b0t] listener error not impl: reader.selfChat
[script liveb71btf_0] [rs2b0t] listener error not impl: reader.selfChat
[host] slot liveb71btf_1: d_loop_us=818 d_raster_us=0 d_observe_us=52168 max_observe_us=6873 d_paints=0 d_skips=50 d_ticks=2 window_ms=1203
[host] slot liveb71btf_0: d_loop_us=686 d_raster_us=0 d_observe_us=49967 max_observe_us=7846 d_paints=0 d_skips=50 d_ticks=2 window_ms=1205
[rs2b0t] listener error Error: not impl: reader.selfChat
    at notImpl (file:///rs2b0t/bot/shim/_kernel.js:5:5)
    at Object.get (file:///rs2b0t/bot/shim/_kernel.js:17:19)
    at DuelArena.observeFightState (file:///rs2b0t/bot/scripts/bot/bot.js:288:70)
    at file:///rs2b0t/bot/scripts/bot/bot.js:93:63
    at globalThis.__rs2b0t_fire_tick_listeners (file:///rs2b0t/bot/runtime/BotHost.js:14:13)
    at globalThis.__rs2b0t_pump (file:///rs2b0t/bot/api/execution/Execution.js:107:37)
[rs2b0t] listener error Error: not impl: reader.selfChat
    at notImpl (file:///rs2b0t/bot/shim/_kernel.js:5:5)
    at Object.get (file:///rs2b0t/bot/shim/_kernel.js:17:19)
    at DuelArena.observeFightState (file:///rs2b0t/bot/scripts/bot/bot.js:288:70)
    at file:///rs2b0t/bot/scripts/bot/bot.js:93:63
    at globalThis.__rs2b0t_fire_tick_listeners (file:///rs2b0t/bot/runtime/BotHost.js:14:13)
    at globalThis.__rs2b0t_pump (file:///rs2b0t/bot/api/execution/Execution.js:107:37)
[script liveb71btf_1] [rs2b0t] listener error not impl: reader.selfChat
[script liveb71btf_0] [rs2b0t] listener error not impl: reader.selfChat
[rs2b0t] listener error Error: not impl: reader.selfChat
    at notImpl (file:///rs2b0t/bot/shim/_kernel.js:5:5)
    at Object.get (file:///rs2b0t/bot/shim/_kernel.js:17:19)
    at DuelArena.observeFightState (file:///rs2b0t/bot/scripts/bot/bot.js:288:70)
    at file:///rs2b0t/bot/scripts/bot/bot.js:93:63
    at globalThis.__rs2b0t_fire_tick_listeners (file:///rs2b0t/bot/runtime/BotHost.js:14:13)
    at globalThis.__rs2b0t_tick_async (file:///rs2b0t/bot/scripts/bot/main.js:15:37)
    at globalThis.__rs_tick (file:///rs2b0t/bot/scripts/bot/main.js:8:16)
[rs2b0t] listener error Error: not impl: reader.selfChat
    at notImpl (file:///rs2b0t/bot/shim/_kernel.js:5:5)
    at Object.get (file:///rs2b0t/bot/shim/_kernel.js:17:19)
    at DuelArena.observeFightState (file:///rs2b0t/bot/scripts/bot/bot.js:288:70)
    at file:///rs2b0t/bot/scripts/bot/bot.js:93:63
    at globalThis.__rs2b0t_fire_tick_listeners (file:///rs2b0t/bot/runtime/BotHost.js:14:13)
    at globalThis.__rs2b0t_tick_async (file:///rs2b0t/bot/scripts/bot/main.js:15:37)
    at globalThis.__rs_tick (file:///rs2b0t/bot/scripts/bot/main.js:8:16)
[script liveb71btf_1] [rs2b0t] listener error not impl: reader.selfChat
[script liveb71btf_0] [rs2b0t] listener error not impl: reader.selfChat
[host] slot liveb71btf_1: d_loop_us=850 d_raster_us=0 d_observe_us=51559 max_observe_us=8763 d_paints=0 d_skips=50 d_ticks=2 window_ms=1207
[rs2b0t] listener error Error: not impl: reader.selfChat
    at notImpl (file:///rs2b0t/bot/shim/_kernel.js:5:5)
    at Object.get (file:///rs2b0t/bot/shim/_kernel.js:17:19)
    at DuelArena.observeFightState (file:///rs2b0t/bot/scripts/bot/bot.js:288:70)
    at file:///rs2b0t/bot/scripts/bot/bot.js:93:63
    at globalThis.__rs2b0t_fire_tick_listeners (file:///rs2b0t/bot/runtime/BotHost.js:14:13)
    at globalThis.__rs2b0t_pump (file:///rs2b0t/bot/api/execution/Execution.js:107:37)
[rs2b0t] listener error Error: not impl: reader.selfChat
    at notImpl (file:///rs2b0t/bot/shim/_kernel.js:5:5)
    at Object.get (file:///rs2b0t/bot/shim/_kernel.js:17:19)
    at DuelArena.observeFightState (file:///rs2b0t/bot/scripts/bot/bot.js:288:70)
    at file:///rs2b0t/bot/scripts/bot/bot.js:93:63
    at globalThis.__rs2b0t_fire_tick_listeners (file:///rs2b0t/bot/runtime/BotHost.js:14:13)
    at globalThis.__rs2b0t_pump (file:///rs2b0t/bot/api/execution/Execution.js:107:37)
[host] slot liveb71btf_0: d_loop_us=731 d_raster_us=0 d_observe_us=53289 max_observe_us=8238 d_paints=0 d_skips=50 d_ticks=2 window_ms=1215
[script liveb71btf_1] [rs2b0t] listener error not impl: reader.selfChat
[script liveb71btf_0] [rs2b0t] listener error not impl: reader.selfChat
[rs2b0t] listener error Error: not impl: reader.selfChat
    at notImpl (file:///rs2b0t/bot/shim/_kernel.js:5:5)
    at Object.get (file:///rs2b0t/bot/shim/_kernel.js:17:19)
    at DuelArena.observeFightState (file:///rs2b0t/bot/scripts/bot/bot.js:288:70)
    at file:///rs2b0t/bot/scripts/bot/bot.js:93:63
    at globalThis.__rs2b0t_fire_tick_listeners (file:///rs2b0t/bot/runtime/BotHost.js:14:13)
    at globalThis.__rs2b0t_tick_async (file:///rs2b0t/bot/scripts/bot/main.js:15:37)
    at globalThis.__rs_tick (file:///rs2b0t/bot/scripts/bot/main.js:8:16)
[rs2b0t] listener error Error: not impl: reader.selfChat
    at notImpl (file:///rs2b0t/bot/shim/_kernel.js:5:5)
    at Object.get (file:///rs2b0t/bot/shim/_kernel.js:17:19)
    at DuelArena.observeFightState (file:///rs2b0t/bot/scripts/bot/bot.js:288:70)
    at file:///rs2b0t/bot/scripts/bot/bot.js:93:63
    at globalThis.__rs2b0t_fire_tick_listeners (file:///rs2b0t/bot/runtime/BotHost.js:14:13)
    at globalThis.__rs2b0t_tick_async (file:///rs2b0t/bot/scripts/bot/main.js:15:37)
    at globalThis.__rs_tick (file:///rs2b0t/bot/scripts/bot/main.js:8:16)
[script liveb71btf_1] [rs2b0t] listener error not impl: reader.selfChat
[script liveb71btf_0] [rs2b0t] listener error not impl: reader.selfChat
[host] slot liveb71btf_1: d_loop_us=825 d_raster_us=0 d_observe_us=44750 max_observe_us=5432 d_paints=0 d_skips=50 d_ticks=2 window_ms=1211
[rs2b0t] listener error Error: not impl: reader.selfChat
    at notImpl (file:///rs2b0t/bot/shim/_kernel.js:5:5)
    at Object.get (file:///rs2b0t/bot/shim/_kernel.js:17:19)
    at DuelArena.observeFightState (file:///rs2b0t/bot/scripts/bot/bot.js:288:70)
    at file:///rs2b0t/bot/scripts/bot/bot.js:93:63
    at globalThis.__rs2b0t_fire_tick_listeners (file:///rs2b0t/bot/runtime/BotHost.js:14:13)
    at globalThis.__rs2b0t_pump (file:///rs2b0t/bot/api/execution/Execution.js:107:37)
[rs2b0t] listener error Error: not impl: reader.selfChat
    at notImpl (file:///rs2b0t/bot/shim/_kernel.js:5:5)
    at Object.get (file:///rs2b0t/bot/shim/_kernel.js:17:19)
    at DuelArena.observeFightState (file:///rs2b0t/bot/scripts/bot/bot.js:288:70)
    at file:///rs2b0t/bot/scripts/bot/bot.js:93:63
    at globalThis.__rs2b0t_fire_tick_listeners (file:///rs2b0t/bot/runtime/BotHost.js:14:13)
    at globalThis.__rs2b0t_pump (file:///rs2b0t/bot/api/execution/Execution.js:107:37)
[host] slot liveb71btf_0: d_loop_us=801 d_raster_us=0 d_observe_us=51394 max_observe_us=5514 d_paints=0 d_skips=50 d_ticks=2 window_ms=1216
[script liveb71btf_1] [rs2b0t] listener error not impl: reader.selfChat
[script liveb71btf_0] [rs2b0t] listener error not impl: reader.selfChat
[rs2b0t] listener error Error: not impl: reader.selfChat
    at notImpl (file:///rs2b0t/bot/shim/_kernel.js:5:5)
    at Object.get (file:///rs2b0t/bot/shim/_kernel.js:17:19)
    at DuelArena.observeFightState (file:///rs2b0t/bot/scripts/bot/bot.js:288:70)
    at file:///rs2b0t/bot/scripts/bot/bot.js:93:63
    at globalThis.__rs2b0t_fire_tick_listeners (file:///rs2b0t/bot/runtime/BotHost.js:14:13)
    at globalThis.__rs2b0t_tick_async (file:///rs2b0t/bot/scripts/bot/main.js:15:37)
    at globalThis.__rs_tick (file:///rs2b0t/bot/scripts/bot/main.js:8:16)
[rs2b0t] listener error Error: not impl: reader.selfChat
    at notImpl (file:///rs2b0t/bot/shim/_kernel.js:5:5)
    at Object.get (file:///rs2b0t/bot/shim/_kernel.js:17:19)
    at DuelArena.observeFightState (file:///rs2b0t/bot/scripts/bot/bot.js:288:70)
    at file:///rs2b0t/bot/scripts/bot/bot.js:93:63
    at globalThis.__rs2b0t_fire_tick_listeners (file:///rs2b0t/bot/runtime/BotHost.js:14:13)
    at globalThis.__rs2b0t_tick_async (file:///rs2b0t/bot/scripts/bot/main.js:15:37)
    at globalThis.__rs_tick (file:///rs2b0t/bot/scripts/bot/main.js:8:16)
[script liveb71btf_1] [rs2b0t] listener error not impl: reader.selfChat
[script liveb71btf_0] [rs2b0t] listener error not impl: reader.selfChat
[host] slot liveb71btf_1: d_loop_us=831 d_raster_us=0 d_observe_us=46579 max_observe_us=8012 d_paints=0 d_skips=50 d_ticks=2 window_ms=1212
[rs2b0t] listener error Error: not impl: reader.selfChat
    at notImpl (file:///rs2b0t/bot/shim/_kernel.js:5:5)
    at Object.get (file:///rs2b0t/bot/shim/_kernel.js:17:19)
    at DuelArena.observeFightState (file:///rs2b0t/bot/scripts/bot/bot.js:288:70)
    at file:///rs2b0t/bot/scripts/bot/bot.js:93:63
    at globalThis.__rs2b0t_fire_tick_listeners (file:///rs2b0t/bot/runtime/BotHost.js:14:13)
    at globalThis.__rs2b0t_pump (file:///rs2b0t/bot/api/execution/Execution.js:107:37)
[rs2b0t] listener error Error: not impl: reader.selfChat
    at notImpl (file:///rs2b0t/bot/shim/_kernel.js:5:5)
    at Object.get (file:///rs2b0t/bot/shim/_kernel.js:17:19)
    at DuelArena.observeFightState (file:///rs2b0t/bot/scripts/bot/bot.js:288:70)
    at file:///rs2b0t/bot/scripts/bot/bot.js:93:63
    at globalThis.__rs2b0t_fire_tick_listeners (file:///rs2b0t/bot/runtime/BotHost.js:14:13)
    at globalThis.__rs2b0t_pump (file:///rs2b0t/bot/api/execution/Execution.js:107:37)
[host] slot liveb71btf_0: d_loop_us=746 d_raster_us=0 d_observe_us=43992 max_observe_us=8976 d_paints=0 d_skips=50 d_ticks=2 window_ms=1201
[script liveb71btf_0] [rs2b0t] listener error not impl: reader.selfChat
[script liveb71btf_1] [rs2b0t] listener error not impl: reader.selfChat
[rs2b0t] listener error Error: not impl: reader.selfChat
    at notImpl (file:///rs2b0t/bot/shim/_kernel.js:5:5)
    at Object.get (file:///rs2b0t/bot/shim/_kernel.js:17:19)
    at DuelArena.observeFightState (file:///rs2b0t/bot/scripts/bot/bot.js:288:70)
    at file:///rs2b0t/bot/scripts/bot/bot.js:93:63
    at globalThis.__rs2b0t_fire_tick_listeners (file:///rs2b0t/bot/runtime/BotHost.js:14:13)
    at globalThis.__rs2b0t_tick_async (file:///rs2b0t/bot/scripts/bot/main.js:15:37)
    at globalThis.__rs_tick (file:///rs2b0t/bot/scripts/bot/main.js:8:16)
[rs2b0t] listener error Error: not impl: reader.selfChat
    at notImpl (file:///rs2b0t/bot/shim/_kernel.js:5:5)
    at Object.get (file:///rs2b0t/bot/shim/_kernel.js:17:19)
    at DuelArena.observeFightState (file:///rs2b0t/bot/scripts/bot/bot.js:288:70)
    at file:///rs2b0t/bot/scripts/bot/bot.js:93:63
    at globalThis.__rs2b0t_fire_tick_listeners (file:///rs2b0t/bot/runtime/BotHost.js:14:13)
    at globalThis.__rs2b0t_tick_async (file:///rs2b0t/bot/scripts/bot/main.js:15:37)
    at globalThis.__rs_tick (file:///rs2b0t/bot/scripts/bot/main.js:8:16)
[script liveb71btf_1] [rs2b0t] listener error not impl: reader.selfChat
[script liveb71btf_0] [rs2b0t] listener error not impl: reader.selfChat
[host] slot liveb71btf_1: d_loop_us=775 d_raster_us=0 d_observe_us=46229 max_observe_us=9522 d_paints=0 d_skips=50 d_ticks=2 window_ms=1199
[rs2b0t] listener error Error: not impl: reader.selfChat
    at notImpl (file:///rs2b0t/bot/shim/_kernel.js:5:5)
    at Object.get (file:///rs2b0t/bot/shim/_kernel.js:17:19)
    at DuelArena.observeFightState (file:///rs2b0t/bot/scripts/bot/bot.js:288:70)
    at file:///rs2b0t/bot/scripts/bot/bot.js:93:63
    at globalThis.__rs2b0t_fire_tick_listeners (file:///rs2b0t/bot/runtime/BotHost.js:14:13)
    at globalThis.__rs2b0t_pump (file:///rs2b0t/bot/api/execution/Execution.js:107:37)
[script liveb71btf_1] [rs2b0t] listener error not impl: reader.selfChat
[rs2b0t] listener error Error: not impl: reader.selfChat
    at notImpl (file:///rs2b0t/bot/shim/_kernel.js:5:5)
    at Object.get (file:///rs2b0t/bot/shim/_kernel.js:17:19)
    at DuelArena.observeFightState (file:///rs2b0t/bot/scripts/bot/bot.js:288:70)
    at file:///rs2b0t/bot/scripts/bot/bot.js:93:63
    at globalThis.__rs2b0t_fire_tick_listeners (file:///rs2b0t/bot/runtime/BotHost.js:14:13)
    at globalThis.__rs2b0t_pump (file:///rs2b0t/bot/api/execution/Execution.js:107:37)
[host] slot liveb71btf_0: d_loop_us=813 d_raster_us=0 d_observe_us=44804 max_observe_us=8498 d_paints=0 d_skips=50 d_ticks=2 window_ms=1206
[script liveb71btf_0] [rs2b0t] listener error not impl: reader.selfChat
[rs2b0t] listener error Error: not impl: reader.selfChat
    at notImpl (file:///rs2b0t/bot/shim/_kernel.js:5:5)
    at Object.get (file:///rs2b0t/bot/shim/_kernel.js:17:19)
    at DuelArena.observeFightState (file:///rs2b0t/bot/scripts/bot/bot.js:288:70)
    at file:///rs2b0t/bot/scripts/bot/bot.js:93:63
    at globalThis.__rs2b0t_fire_tick_listeners (file:///rs2b0t/bot/runtime/BotHost.js:14:13)
    at globalThis.__rs2b0t_tick_async (file:///rs2b0t/bot/scripts/bot/main.js:15:37)
    at globalThis.__rs_tick (file:///rs2b0t/bot/scripts/bot/main.js:8:16)
[rs2b0t] listener error Error: not impl: reader.selfChat
    at notImpl (file:///rs2b0t/bot/shim/_kernel.js:5:5)
    at Object.get (file:///rs2b0t/bot/shim/_kernel.js:17:19)
    at DuelArena.observeFightState (file:///rs2b0t/bot/scripts/bot/bot.js:288:70)
    at file:///rs2b0t/bot/scripts/bot/bot.js:93:63
    at globalThis.__rs2b0t_fire_tick_listeners (file:///rs2b0t/bot/runtime/BotHost.js:14:13)
    at globalThis.__rs2b0t_tick_async (file:///rs2b0t/bot/scripts/bot/main.js:15:37)
    at globalThis.__rs_tick (file:///rs2b0t/bot/scripts/bot/main.js:8:16)
[script liveb71btf_0] [rs2b0t] listener error not impl: reader.selfChat
[script liveb71btf_1] [rs2b0t] listener error not impl: reader.selfChat
[host] slot liveb71btf_1: d_loop_us=723 d_raster_us=0 d_observe_us=42452 max_observe_us=7924 d_paints=0 d_skips=50 d_ticks=2 window_ms=1179
[rs2b0t] listener error Error: not impl: reader.selfChat
    at notImpl (file:///rs2b0t/bot/shim/_kernel.js:5:5)
    at Object.get (file:///rs2b0t/bot/shim/_kernel.js:17:19)
    at DuelArena.observeFightState (file:///rs2b0t/bot/scripts/bot/bot.js:288:70)
    at file:///rs2b0t/bot/scripts/bot/bot.js:93:63
    at globalThis.__rs2b0t_fire_tick_listeners (file:///rs2b0t/bot/runtime/BotHost.js:14:13)
    at globalThis.__rs2b0t_pump (file:///rs2b0t/bot/api/execution/Execution.js:107:37)
[host] slot liveb71btf_0: d_loop_us=721 d_raster_us=0 d_observe_us=61189 max_observe_us=13513 d_paints=0 d_skips=50 d_ticks=2 window_ms=1196
[rs2b0t] listener error Error: not impl: reader.selfChat
    at notImpl (file:///rs2b0t/bot/shim/_kernel.js:5:5)
    at Object.get (file:///rs2b0t/bot/shim/_kernel.js:17:19)
    at DuelArena.observeFightState (file:///rs2b0t/bot/scripts/bot/bot.js:288:70)
    at file:///rs2b0t/bot/scripts/bot/bot.js:93:63
    at globalThis.__rs2b0t_fire_tick_listeners (file:///rs2b0t/bot/runtime/BotHost.js:14:13)
    at globalThis.__rs2b0t_pump (file:///rs2b0t/bot/api/execution/Execution.js:107:37)
[script liveb71btf_1] [rs2b0t] listener error not impl: reader.selfChat
[script liveb71btf_0] [rs2b0t] listener error not impl: reader.selfChat
[rs2b0t] listener error Error: not impl: reader.selfChat
    at notImpl (file:///rs2b0t/bot/shim/_kernel.js:5:5)
    at Object.get (file:///rs2b0t/bot/shim/_kernel.js:17:19)
    at DuelArena.observeFightState (file:///rs2b0t/bot/scripts/bot/bot.js:288:70)
    at file:///rs2b0t/bot/scripts/bot/bot.js:93:63
    at globalThis.__rs2b0t_fire_tick_listeners (file:///rs2b0t/bot/runtime/BotHost.js:14:13)
    at globalThis.__rs2b0t_tick_async (file:///rs2b0t/bot/scripts/bot/main.js:15:37)
    at globalThis.__rs_tick (file:///rs2b0t/bot/scripts/bot/main.js:8:16)
[rs2b0t] listener error Error: not impl: reader.selfChat
    at notImpl (file:///rs2b0t/bot/shim/_kernel.js:5:5)
    at Object.get (file:///rs2b0t/bot/shim/_kernel.js:17:19)
    at DuelArena.observeFightState (file:///rs2b0t/bot/scripts/bot/bot.js:288:70)
    at file:///rs2b0t/bot/scripts/bot/bot.js:93:63
    at globalThis.__rs2b0t_fire_tick_listeners (file:///rs2b0t/bot/runtime/BotHost.js:14:13)
    at globalThis.__rs2b0t_tick_async (file:///rs2b0t/bot/scripts/bot/main.js:15:37)
    at globalThis.__rs_tick (file:///rs2b0t/bot/scripts/bot/main.js:8:16)
[script liveb71btf_1] [rs2b0t] listener error not impl: reader.selfChat
[script liveb71btf_0] [rs2b0t] listener error not impl: reader.selfChat
[host] slot liveb71btf_1: d_loop_us=934 d_raster_us=0 d_observe_us=46598 max_observe_us=9519 d_paints=0 d_skips=50 d_ticks=2 window_ms=1189
[rs2b0t] listener error Error: not impl: reader.selfChat
    at notImpl (file:///rs2b0t/bot/shim/_kernel.js:5:5)
    at Object.get (file:///rs2b0t/bot/shim/_kernel.js:17:19)
    at DuelArena.observeFightState (file:///rs2b0t/bot/scripts/bot/bot.js:288:70)
    at file:///rs2b0t/bot/scripts/bot/bot.js:93:63
    at globalThis.__rs2b0t_fire_tick_listeners (file:///rs2b0t/bot/runtime/BotHost.js:14:13)
    at globalThis.__rs2b0t_pump (file:///rs2b0t/bot/api/execution/Execution.js:107:37)
[script liveb71btf_1] [rs2b0t] listener error not impl: reader.selfChat
[host] slot liveb71btf_0: d_loop_us=916 d_raster_us=0 d_observe_us=44420 max_observe_us=7880 d_paints=0 d_skips=50 d_ticks=2 window_ms=1205
[rs2b0t] listener error Error: not impl: reader.selfChat
    at notImpl (file:///rs2b0t/bot/shim/_kernel.js:5:5)
    at Object.get (file:///rs2b0t/bot/shim/_kernel.js:17:19)
    at DuelArena.observeFightState (file:///rs2b0t/bot/scripts/bot/bot.js:288:70)
    at file:///rs2b0t/bot/scripts/bot/bot.js:93:63
    at globalThis.__rs2b0t_fire_tick_listeners (file:///rs2b0t/bot/runtime/BotHost.js:14:13)
    at globalThis.__rs2b0t_pump (file:///rs2b0t/bot/api/execution/Execution.js:107:37)
[script liveb71btf_0] [rs2b0t] listener error not impl: reader.selfChat
[rs2b0t] listener error Error: not impl: reader.selfChat
    at notImpl (file:///rs2b0t/bot/shim/_kernel.js:5:5)
    at Object.get (file:///rs2b0t/bot/shim/_kernel.js:17:19)
    at DuelArena.observeFightState (file:///rs2b0t/bot/scripts/bot/bot.js:288:70)
    at file:///rs2b0t/bot/scripts/bot/bot.js:93:63
    at globalThis.__rs2b0t_fire_tick_listeners (file:///rs2b0t/bot/runtime/BotHost.js:14:13)
    at globalThis.__rs2b0t_tick_async (file:///rs2b0t/bot/scripts/bot/main.js:15:37)
    at globalThis.__rs_tick (file:///rs2b0t/bot/scripts/bot/main.js:8:16)
[rs2b0t] listener error Error: not impl: reader.selfChat
    at notImpl (file:///rs2b0t/bot/shim/_kernel.js:5:5)
    at Object.get (file:///rs2b0t/bot/shim/_kernel.js:17:19)
    at DuelArena.observeFightState (file:///rs2b0t/bot/scripts/bot/bot.js:288:70)
    at file:///rs2b0t/bot/scripts/bot/bot.js:93:63
    at globalThis.__rs2b0t_fire_tick_listeners (file:///rs2b0t/bot/runtime/BotHost.js:14:13)
    at globalThis.__rs2b0t_tick_async (file:///rs2b0t/bot/scripts/bot/main.js:15:37)
    at globalThis.__rs_tick (file:///rs2b0t/bot/scripts/bot/main.js:8:16)
[script liveb71btf_0] [rs2b0t] listener error not impl: reader.selfChat
[script liveb71btf_1] [rs2b0t] listener error not impl: reader.selfChat
[host] slot liveb71btf_1: d_loop_us=746 d_raster_us=0 d_observe_us=50650 max_observe_us=8347 d_paints=0 d_skips=50 d_ticks=2 window_ms=1198
[rs2b0t] listener error Error: not impl: reader.selfChat
    at notImpl (file:///rs2b0t/bot/shim/_kernel.js:5:5)
    at Object.get (file:///rs2b0t/bot/shim/_kernel.js:17:19)
    at DuelArena.observeFightState (file:///rs2b0t/bot/scripts/bot/bot.js:288:70)
    at file:///rs2b0t/bot/scripts/bot/bot.js:93:63
    at globalThis.__rs2b0t_fire_tick_listeners (file:///rs2b0t/bot/runtime/BotHost.js:14:13)
    at globalThis.__rs2b0t_pump (file:///rs2b0t/bot/api/execution/Execution.js:107:37)
[rs2b0t] listener error Error: not impl: reader.selfChat
    at notImpl (file:///rs2b0t/bot/shim/_kernel.js:5:5)
    at Object.get (file:///rs2b0t/bot/shim/_kernel.js:17:19)
    at DuelArena.observeFightState (file:///rs2b0t/bot/scripts/bot/bot.js:288:70)
    at file:///rs2b0t/bot/scripts/bot/bot.js:93:63
    at globalThis.__rs2b0t_fire_tick_listeners (file:///rs2b0t/bot/runtime/BotHost.js:14:13)
    at globalThis.__rs2b0t_pump (file:///rs2b0t/bot/api/execution/Execution.js:107:37)
[host] slot liveb71btf_0: d_loop_us=821 d_raster_us=0 d_observe_us=49414 max_observe_us=8694 d_paints=0 d_skips=50 d_ticks=2 window_ms=1193
[script liveb71btf_1] [rs2b0t] listener error not impl: reader.selfChat
[script liveb71btf_0] [rs2b0t] listener error not impl: reader.selfChat
[rs2b0t] listener error Error: not impl: reader.selfChat
    at notImpl (file:///rs2b0t/bot/shim/_kernel.js:5:5)
    at Object.get (file:///rs2b0t/bot/shim/_kernel.js:17:19)
    at DuelArena.observeFightState (file:///rs2b0t/bot/scripts/bot/bot.js:288:70)
    at file:///rs2b0t/bot/scripts/bot/bot.js:93:63
    at globalThis.__rs2b0t_fire_tick_listeners (file:///rs2b0t/bot/runtime/BotHost.js:14:13)
    at globalThis.__rs2b0t_tick_async (file:///rs2b0t/bot/scripts/bot/main.js:15:37)
    at globalThis.__rs_tick (file:///rs2b0t/bot/scripts/bot/main.js:8:16)
[script liveb71btf_1] [rs2b0t] listener error not impl: reader.selfChat
[rs2b0t] listener error Error: not impl: reader.selfChat
    at notImpl (file:///rs2b0t/bot/shim/_kernel.js:5:5)
    at Object.get (file:///rs2b0t/bot/shim/_kernel.js:17:19)
    at DuelArena.observeFightState (file:///rs2b0t/bot/scripts/bot/bot.js:288:70)
    at file:///rs2b0t/bot/scripts/bot/bot.js:93:63
    at globalThis.__rs2b0t_fire_tick_listeners (file:///rs2b0t/bot/runtime/BotHost.js:14:13)
    at globalThis.__rs2b0t_tick_async (file:///rs2b0t/bot/scripts/bot/main.js:15:37)
    at globalThis.__rs_tick (file:///rs2b0t/bot/scripts/bot/main.js:8:16)
[script liveb71btf_0] [rs2b0t] listener error not impl: reader.selfChat
[host] slot liveb71btf_1: d_loop_us=807 d_raster_us=0 d_observe_us=50348 max_observe_us=9980 d_paints=0 d_skips=50 d_ticks=2 window_ms=1180
[host] slot liveb71btf_0: d_loop_us=901 d_raster_us=0 d_observe_us=51015 max_observe_us=7636 d_paints=0 d_skips=50 d_ticks=2 window_ms=1185
[rs2b0t] listener error Error: not impl: reader.selfChat
    at notImpl (file:///rs2b0t/bot/shim/_kernel.js:5:5)
    at Object.get (file:///rs2b0t/bot/shim/_kernel.js:17:19)
    at DuelArena.observeFightState (file:///rs2b0t/bot/scripts/bot/bot.js:288:70)
    at file:///rs2b0t/bot/scripts/bot/bot.js:93:63
    at globalThis.__rs2b0t_fire_tick_listeners (file:///rs2b0t/bot/runtime/BotHost.js:14:13)
    at globalThis.__rs2b0t_pump (file:///rs2b0t/bot/api/execution/Execution.js:107:37)
[rs2b0t] listener error Error: not impl: reader.selfChat
    at notImpl (file:///rs2b0t/bot/shim/_kernel.js:5:5)
    at Object.get (file:///rs2b0t/bot/shim/_kernel.js:17:19)
    at DuelArena.observeFightState (file:///rs2b0t/bot/scripts/bot/bot.js:288:70)
    at file:///rs2b0t/bot/scripts/bot/bot.js:93:63
    at globalThis.__rs2b0t_fire_tick_listeners (file:///rs2b0t/bot/runtime/BotHost.js:14:13)
    at globalThis.__rs2b0t_pump (file:///rs2b0t/bot/api/execution/Execution.js:107:37)
[script liveb71btf_0] [rs2b0t] listener error not impl: reader.selfChat
[script liveb71btf_1] [rs2b0t] listener error not impl: reader.selfChat
[rs2b0t] listener error Error: not impl: reader.selfChat
    at notImpl (file:///rs2b0t/bot/shim/_kernel.js:5:5)
    at Object.get (file:///rs2b0t/bot/shim/_kernel.js:17:19)
    at DuelArena.observeFightState (file:///rs2b0t/bot/scripts/bot/bot.js:288:70)
    at file:///rs2b0t/bot/scripts/bot/bot.js:93:63
    at globalThis.__rs2b0t_fire_tick_listeners (file:///rs2b0t/bot/runtime/BotHost.js:14:13)
    at globalThis.__rs2b0t_tick_async (file:///rs2b0t/bot/scripts/bot/main.js:15:37)
    at globalThis.__rs_tick (file:///rs2b0t/bot/scripts/bot/main.js:8:16)
[rs2b0t] listener error Error: not impl: reader.selfChat
    at notImpl (file:///rs2b0t/bot/shim/_kernel.js:5:5)
    at Object.get (file:///rs2b0t/bot/shim/_kernel.js:17:19)
    at DuelArena.observeFightState (file:///rs2b0t/bot/scripts/bot/bot.js:288:70)
    at file:///rs2b0t/bot/scripts/bot/bot.js:93:63
    at globalThis.__rs2b0t_fire_tick_listeners (file:///rs2b0t/bot/runtime/BotHost.js:14:13)
    at globalThis.__rs2b0t_tick_async (file:///rs2b0t/bot/scripts/bot/main.js:15:37)
    at globalThis.__rs_tick (file:///rs2b0t/bot/scripts/bot/main.js:8:16)
[script liveb71btf_0] [rs2b0t] listener error not impl: reader.selfChat
[script liveb71btf_1] [rs2b0t] listener error not impl: reader.selfChat
[host] slot liveb71btf_1: d_loop_us=673 d_raster_us=0 d_observe_us=53927 max_observe_us=5318 d_paints=0 d_skips=50 d_ticks=2 window_ms=1187
[rs2b0t] listener error Error: not impl: reader.selfChat
    at notImpl (file:///rs2b0t/bot/shim/_kernel.js:5:5)
    at Object.get (file:///rs2b0t/bot/shim/_kernel.js:17:19)
    at DuelArena.observeFightState (file:///rs2b0t/bot/scripts/bot/bot.js:288:70)
    at file:///rs2b0t/bot/scripts/bot/bot.js:93:63
    at globalThis.__rs2b0t_fire_tick_listeners (file:///rs2b0t/bot/runtime/BotHost.js:14:13)
    at globalThis.__rs2b0t_pump (file:///rs2b0t/bot/api/execution/Execution.js:107:37)
[rs2b0t] listener error Error: not impl: reader.selfChat
    at notImpl (file:///rs2b0t/bot/shim/_kernel.js:5:5)
    at Object.get (file:///rs2b0t/bot/shim/_kernel.js:17:19)
    at DuelArena.observeFightState (file:///rs2b0t/bot/scripts/bot/bot.js:288:70)
    at file:///rs2b0t/bot/scripts/bot/bot.js:93:63
    at globalThis.__rs2b0t_fire_tick_listeners (file:///rs2b0t/bot/runtime/BotHost.js:14:13)
    at globalThis.__rs2b0t_pump (file:///rs2b0t/bot/api/execution/Execution.js:107:37)
[host] slot liveb71btf_0: d_loop_us=797 d_raster_us=0 d_observe_us=42138 max_observe_us=7682 d_paints=0 d_skips=50 d_ticks=2 window_ms=1200
[script liveb71btf_1] [rs2b0t] listener error not impl: reader.selfChat
[script liveb71btf_0] [rs2b0t] listener error not impl: reader.selfChat
[rs2b0t] listener error Error: not impl: reader.selfChat
    at notImpl (file:///rs2b0t/bot/shim/_kernel.js:5:5)
    at Object.get (file:///rs2b0t/bot/shim/_kernel.js:17:19)
    at DuelArena.observeFightState (file:///rs2b0t/bot/scripts/bot/bot.js:288:70)
    at file:///rs2b0t/bot/scripts/bot/bot.js:93:63
    at globalThis.__rs2b0t_fire_tick_listeners (file:///rs2b0t/bot/runtime/BotHost.js:14:13)
    at globalThis.__rs2b0t_tick_async (file:///rs2b0t/bot/scripts/bot/main.js:15:37)
    at globalThis.__rs_tick (file:///rs2b0t/bot/scripts/bot/main.js:8:16)
[rs2b0t] listener error Error: not impl: reader.selfChat
    at notImpl (file:///rs2b0t/bot/shim/_kernel.js:5:5)
    at Object.get (file:///rs2b0t/bot/shim/_kernel.js:17:19)
    at DuelArena.observeFightState (file:///rs2b0t/bot/scripts/bot/bot.js:288:70)
    at file:///rs2b0t/bot/scripts/bot/bot.js:93:63
    at globalThis.__rs2b0t_fire_tick_listeners (file:///rs2b0t/bot/runtime/BotHost.js:14:13)
    at globalThis.__rs2b0t_tick_async (file:///rs2b0t/bot/scripts/bot/main.js:15:37)
    at globalThis.__rs_tick (file:///rs2b0t/bot/scripts/bot/main.js:8:16)
[script liveb71btf_1] [rs2b0t] listener error not impl: reader.selfChat
[script liveb71btf_0] [rs2b0t] listener error not impl: reader.selfChat
[host] slot liveb71btf_1: d_loop_us=750 d_raster_us=0 d_observe_us=44519 max_observe_us=7318 d_paints=0 d_skips=50 d_ticks=2 window_ms=1205
[rs2b0t] listener error Error: not impl: reader.selfChat
    at notImpl (file:///rs2b0t/bot/shim/_kernel.js:5:5)
    at Object.get (file:///rs2b0t/bot/shim/_kernel.js:17:19)
    at DuelArena.observeFightState (file:///rs2b0t/bot/scripts/bot/bot.js:288:70)
    at file:///rs2b0t/bot/scripts/bot/bot.js:93:63
    at globalThis.__rs2b0t_fire_tick_listeners (file:///rs2b0t/bot/runtime/BotHost.js:14:13)
    at globalThis.__rs2b0t_pump (file:///rs2b0t/bot/api/execution/Execution.js:107:37)
[rs2b0t] listener error Error: not impl: reader.selfChat
    at notImpl (file:///rs2b0t/bot/shim/_kernel.js:5:5)
    at Object.get (file:///rs2b0t/bot/shim/_kernel.js:17:19)
    at DuelArena.observeFightState (file:///rs2b0t/bot/scripts/bot/bot.js:288:70)
    at file:///rs2b0t/bot/scripts/bot/bot.js:93:63
    at globalThis.__rs2b0t_fire_tick_listeners (file:///rs2b0t/bot/runtime/BotHost.js:14:13)
    at globalThis.__rs2b0t_pump (file:///rs2b0t/bot/api/execution/Execution.js:107:37)
[host] slot liveb71btf_0: d_loop_us=790 d_raster_us=0 d_observe_us=51231 max_observe_us=10650 d_paints=0 d_skips=50 d_ticks=2 window_ms=1202
[script liveb71btf_1] [rs2b0t] listener error not impl: reader.selfChat
[script liveb71btf_0] [rs2b0t] listener error not impl: reader.selfChat
[rs2b0t] listener error Error: not impl: reader.selfChat
    at notImpl (file:///rs2b0t/bot/shim/_kernel.js:5:5)
    at Object.get (file:///rs2b0t/bot/shim/_kernel.js:17:19)
    at DuelArena.observeFightState (file:///rs2b0t/bot/scripts/bot/bot.js:288:70)
    at file:///rs2b0t/bot/scripts/bot/bot.js:93:63
    at globalThis.__rs2b0t_fire_tick_listeners (file:///rs2b0t/bot/runtime/BotHost.js:14:13)
    at globalThis.__rs2b0t_tick_async (file:///rs2b0t/bot/scripts/bot/main.js:15:37)
    at globalThis.__rs_tick (file:///rs2b0t/bot/scripts/bot/main.js:8:16)
[rs2b0t] listener error Error: not impl: reader.selfChat
    at notImpl (file:///rs2b0t/bot/shim/_kernel.js:5:5)
    at Object.get (file:///rs2b0t/bot/shim/_kernel.js:17:19)
    at DuelArena.observeFightState (file:///rs2b0t/bot/scripts/bot/bot.js:288:70)
    at file:///rs2b0t/bot/scripts/bot/bot.js:93:63
    at globalThis.__rs2b0t_fire_tick_listeners (file:///rs2b0t/bot/runtime/BotHost.js:14:13)
    at globalThis.__rs2b0t_tick_async (file:///rs2b0t/bot/scripts/bot/main.js:15:37)
    at globalThis.__rs_tick (file:///rs2b0t/bot/scripts/bot/main.js:8:16)
[script liveb71btf_1] [rs2b0t] listener error not impl: reader.selfChat
[script liveb71btf_0] [rs2b0t] listener error not impl: reader.selfChat
[host] slot liveb71btf_1: d_loop_us=658 d_raster_us=0 d_observe_us=56493 max_observe_us=10382 d_paints=0 d_skips=50 d_ticks=2 window_ms=1196
[rs2b0t] listener error Error: not impl: reader.selfChat
    at notImpl (file:///rs2b0t/bot/shim/_kernel.js:5:5)
    at Object.get (file:///rs2b0t/bot/shim/_kernel.js:17:19)
    at DuelArena.observeFightState (file:///rs2b0t/bot/scripts/bot/bot.js:288:70)
    at file:///rs2b0t/bot/scripts/bot/bot.js:93:63
    at globalThis.__rs2b0t_fire_tick_listeners (file:///rs2b0t/bot/runtime/BotHost.js:14:13)
    at globalThis.__rs2b0t_pump (file:///rs2b0t/bot/api/execution/Execution.js:107:37)
[host] slot liveb71btf_0: d_loop_us=700 d_raster_us=0 d_observe_us=39580 max_observe_us=8242 d_paints=0 d_skips=50 d_ticks=2 window_ms=1200
[rs2b0t] listener error Error: not impl: reader.selfChat
    at notImpl (file:///rs2b0t/bot/shim/_kernel.js:5:5)
    at Object.get (file:///rs2b0t/bot/shim/_kernel.js:17:19)
    at DuelArena.observeFightState (file:///rs2b0t/bot/scripts/bot/bot.js:288:70)
    at file:///rs2b0t/bot/scripts/bot/bot.js:93:63
    at globalThis.__rs2b0t_fire_tick_listeners (file:///rs2b0t/bot/runtime/BotHost.js:14:13)
    at globalThis.__rs2b0t_pump (file:///rs2b0t/bot/api/execution/Execution.js:107:37)
[script liveb71btf_1] [rs2b0t] listener error not impl: reader.selfChat
[script liveb71btf_0] [rs2b0t] listener error not impl: reader.selfChat
[rs2b0t] listener error Error: not impl: reader.selfChat
    at notImpl (file:///rs2b0t/bot/shim/_kernel.js:5:5)
    at Object.get (file:///rs2b0t/bot/shim/_kernel.js:17:19)
    at DuelArena.observeFightState (file:///rs2b0t/bot/scripts/bot/bot.js:288:70)
    at file:///rs2b0t/bot/scripts/bot/bot.js:93:63
    at globalThis.__rs2b0t_fire_tick_listeners (file:///rs2b0t/bot/runtime/BotHost.js:14:13)
    at globalThis.__rs2b0t_tick_async (file:///rs2b0t/bot/scripts/bot/main.js:15:37)
    at globalThis.__rs_tick (file:///rs2b0t/bot/scripts/bot/main.js:8:16)
[rs2b0t] listener error Error: not impl: reader.selfChat
    at notImpl (file:///rs2b0t/bot/shim/_kernel.js:5:5)
    at Object.get (file:///rs2b0t/bot/shim/_kernel.js:17:19)
    at DuelArena.observeFightState (file:///rs2b0t/bot/scripts/bot/bot.js:288:70)
    at file:///rs2b0t/bot/scripts/bot/bot.js:93:63
    at globalThis.__rs2b0t_fire_tick_listeners (file:///rs2b0t/bot/runtime/BotHost.js:14:13)
    at globalThis.__rs2b0t_tick_async (file:///rs2b0t/bot/scripts/bot/main.js:15:37)
    at globalThis.__rs_tick (file:///rs2b0t/bot/scripts/bot/main.js:8:16)
[script liveb71btf_0] [rs2b0t] listener error not impl: reader.selfChat
[script liveb71btf_1] [rs2b0t] listener error not impl: reader.selfChat
[host] slot liveb71btf_1: d_loop_us=787 d_raster_us=0 d_observe_us=43271 max_observe_us=5952 d_paints=0 d_skips=50 d_ticks=2 window_ms=1211
[host] slot liveb71btf_0: d_loop_us=859 d_raster_us=0 d_observe_us=48528 max_observe_us=10538 d_paints=0 d_skips=50 d_ticks=2 window_ms=1200
[rs2b0t] listener error Error: not impl: reader.selfChat
    at notImpl (file:///rs2b0t/bot/shim/_kernel.js:5:5)
    at Object.get (file:///rs2b0t/bot/shim/_kernel.js:17:19)
    at DuelArena.observeFightState (file:///rs2b0t/bot/scripts/bot/bot.js:288:70)
    at file:///rs2b0t/bot/scripts/bot/bot.js:93:63
    at globalThis.__rs2b0t_fire_tick_listeners (file:///rs2b0t/bot/runtime/BotHost.js:14:13)
    at globalThis.__rs2b0t_pump (file:///rs2b0t/bot/api/execution/Execution.js:107:37)
[rs2b0t] listener error Error: not impl: reader.selfChat
    at notImpl (file:///rs2b0t/bot/shim/_kernel.js:5:5)
    at Object.get (file:///rs2b0t/bot/shim/_kernel.js:17:19)
    at DuelArena.observeFightState (file:///rs2b0t/bot/scripts/bot/bot.js:288:70)
    at file:///rs2b0t/bot/scripts/bot/bot.js:93:63
    at globalThis.__rs2b0t_fire_tick_listeners (file:///rs2b0t/bot/runtime/BotHost.js:14:13)
    at globalThis.__rs2b0t_pump (file:///rs2b0t/bot/api/execution/Execution.js:107:37)
[script liveb71btf_0] [rs2b0t] listener error not impl: reader.selfChat
[script liveb71btf_1] [rs2b0t] listener error not impl: reader.selfChat
[rs2b0t] listener error Error: not impl: reader.selfChat
    at notImpl (file:///rs2b0t/bot/shim/_kernel.js:5:5)
    at Object.get (file:///rs2b0t/bot/shim/_kernel.js:17:19)
    at DuelArena.observeFightState (file:///rs2b0t/bot/scripts/bot/bot.js:288:70)
    at file:///rs2b0t/bot/scripts/bot/bot.js:93:63
    at globalThis.__rs2b0t_fire_tick_listeners (file:///rs2b0t/bot/runtime/BotHost.js:14:13)
    at globalThis.__rs2b0t_tick_async (file:///rs2b0t/bot/scripts/bot/main.js:15:37)
    at globalThis.__rs_tick (file:///rs2b0t/bot/scripts/bot/main.js:8:16)
[rs2b0t] listener error Error: not impl: reader.selfChat
    at notImpl (file:///rs2b0t/bot/shim/_kernel.js:5:5)
    at Object.get (file:///rs2b0t/bot/shim/_kernel.js:17:19)
    at DuelArena.observeFightState (file:///rs2b0t/bot/scripts/bot/bot.js:288:70)
    at file:///rs2b0t/bot/scripts/bot/bot.js:93:63
    at globalThis.__rs2b0t_fire_tick_listeners (file:///rs2b0t/bot/runtime/BotHost.js:14:13)
    at globalThis.__rs2b0t_tick_async (file:///rs2b0t/bot/scripts/bot/main.js:15:37)
    at globalThis.__rs_tick (file:///rs2b0t/bot/scripts/bot/main.js:8:16)
[script liveb71btf_1] [rs2b0t] listener error not impl: reader.selfChat
[script liveb71btf_0] [rs2b0t] listener error not impl: reader.selfChat
[host] slot liveb71btf_1: d_loop_us=753 d_raster_us=0 d_observe_us=47067 max_observe_us=8198 d_paints=0 d_skips=50 d_ticks=2 window_ms=1189
[rs2b0t] listener error Error: not impl: reader.selfChat
    at notImpl (file:///rs2b0t/bot/shim/_kernel.js:5:5)
    at Object.get (file:///rs2b0t/bot/shim/_kernel.js:17:19)
    at DuelArena.observeFightState (file:///rs2b0t/bot/scripts/bot/bot.js:288:70)
    at file:///rs2b0t/bot/scripts/bot/bot.js:93:63
    at globalThis.__rs2b0t_fire_tick_listeners (file:///rs2b0t/bot/runtime/BotHost.js:14:13)
    at globalThis.__rs2b0t_pump (file:///rs2b0t/bot/api/execution/Execution.js:107:37)
[rs2b0t] listener error Error: not impl: reader.selfChat
    at notImpl (file:///rs2b0t/bot/shim/_kernel.js:5:5)
    at Object.get (file:///rs2b0t/bot/shim/_kernel.js:17:19)
    at DuelArena.observeFightState (file:///rs2b0t/bot/scripts/bot/bot.js:288:70)
    at file:///rs2b0t/bot/scripts/bot/bot.js:93:63
    at globalThis.__rs2b0t_fire_tick_listeners (file:///rs2b0t/bot/runtime/BotHost.js:14:13)
    at globalThis.__rs2b0t_pump (file:///rs2b0t/bot/api/execution/Execution.js:107:37)
[host] slot liveb71btf_0: d_loop_us=806 d_raster_us=0 d_observe_us=48245 max_observe_us=5600 d_paints=0 d_skips=50 d_ticks=2 window_ms=1208
[script liveb71btf_1] [rs2b0t] listener error not impl: reader.selfChat
[script liveb71btf_0] [rs2b0t] listener error not impl: reader.selfChat
[rs2b0t] listener error Error: not impl: reader.selfChat
    at notImpl (file:///rs2b0t/bot/shim/_kernel.js:5:5)
    at Object.get (file:///rs2b0t/bot/shim/_kernel.js:17:19)
    at DuelArena.observeFightState (file:///rs2b0t/bot/scripts/bot/bot.js:288:70)
    at file:///rs2b0t/bot/scripts/bot/bot.js:93:63
    at globalThis.__rs2b0t_fire_tick_listeners (file:///rs2b0t/bot/runtime/BotHost.js:14:13)
    at globalThis.__rs2b0t_tick_async (file:///rs2b0t/bot/scripts/bot/main.js:15:37)
    at globalThis.__rs_tick (file:///rs2b0t/bot/scripts/bot/main.js:8:16)
[rs2b0t] listener error Error: not impl: reader.selfChat
    at notImpl (file:///rs2b0t/bot/shim/_kernel.js:5:5)
    at Object.get (file:///rs2b0t/bot/shim/_kernel.js:17:19)
    at DuelArena.observeFightState (file:///rs2b0t/bot/scripts/bot/bot.js:288:70)
    at file:///rs2b0t/bot/scripts/bot/bot.js:93:63
    at globalThis.__rs2b0t_fire_tick_listeners (file:///rs2b0t/bot/runtime/BotHost.js:14:13)
    at globalThis.__rs2b0t_tick_async (file:///rs2b0t/bot/scripts/bot/main.js:15:37)
    at globalThis.__rs_tick (file:///rs2b0t/bot/scripts/bot/main.js:8:16)
[script liveb71btf_0] [rs2b0t] listener error not impl: reader.selfChat
[script liveb71btf_1] [rs2b0t] listener error not impl: reader.selfChat
[host] slot liveb71btf_1: d_loop_us=725 d_raster_us=0 d_observe_us=40526 max_observe_us=7343 d_paints=0 d_skips=50 d_ticks=2 window_ms=1192
[rs2b0t] listener error Error: not impl: reader.selfChat
    at notImpl (file:///rs2b0t/bot/shim/_kernel.js:5:5)
    at Object.get (file:///rs2b0t/bot/shim/_kernel.js:17:19)
    at DuelArena.observeFightState (file:///rs2b0t/bot/scripts/bot/bot.js:288:70)
    at file:///rs2b0t/bot/scripts/bot/bot.js:93:63
    at globalThis.__rs2b0t_fire_tick_listeners (file:///rs2b0t/bot/runtime/BotHost.js:14:13)
    at globalThis.__rs2b0t_pump (file:///rs2b0t/bot/api/execution/Execution.js:107:37)
[rs2b0t] listener error Error: not impl: reader.selfChat
    at notImpl (file:///rs2b0t/bot/shim/_kernel.js:5:5)
    at Object.get (file:///rs2b0t/bot/shim/_kernel.js:17:19)
    at DuelArena.observeFightState (file:///rs2b0t/bot/scripts/bot/bot.js:288:70)
    at file:///rs2b0t/bot/scripts/bot/bot.js:93:63
    at globalThis.__rs2b0t_fire_tick_listeners (file:///rs2b0t/bot/runtime/BotHost.js:14:13)
    at globalThis.__rs2b0t_pump (file:///rs2b0t/bot/api/execution/Execution.js:107:37)
[host] slot liveb71btf_0: d_loop_us=837 d_raster_us=0 d_observe_us=37574 max_observe_us=7398 d_paints=0 d_skips=50 d_ticks=2 window_ms=1193
[script liveb71btf_1] [rs2b0t] listener error not impl: reader.selfChat
[script liveb71btf_0] [rs2b0t] listener error not impl: reader.selfChat
[rs2b0t] listener error Error: not impl: reader.selfChat
    at notImpl (file:///rs2b0t/bot/shim/_kernel.js:5:5)
    at Object.get (file:///rs2b0t/bot/shim/_kernel.js:17:19)
    at DuelArena.observeFightState (file:///rs2b0t/bot/scripts/bot/bot.js:288:70)
    at file:///rs2b0t/bot/scripts/bot/bot.js:93:63
    at globalThis.__rs2b0t_fire_tick_listeners (file:///rs2b0t/bot/runtime/BotHost.js:14:13)
    at globalThis.__rs2b0t_tick_async (file:///rs2b0t/bot/scripts/bot/main.js:15:37)
    at globalThis.__rs_tick (file:///rs2b0t/bot/scripts/bot/main.js:8:16)
[rs2b0t] listener error Error: not impl: reader.selfChat
    at notImpl (file:///rs2b0t/bot/shim/_kernel.js:5:5)
    at Object.get (file:///rs2b0t/bot/shim/_kernel.js:17:19)
    at DuelArena.observeFightState (file:///rs2b0t/bot/scripts/bot/bot.js:288:70)
    at file:///rs2b0t/bot/scripts/bot/bot.js:93:63
    at globalThis.__rs2b0t_fire_tick_listeners (file:///rs2b0t/bot/runtime/BotHost.js:14:13)
    at globalThis.__rs2b0t_tick_async (file:///rs2b0t/bot/scripts/bot/main.js:15:37)
    at globalThis.__rs_tick (file:///rs2b0t/bot/scripts/bot/main.js:8:16)
[script liveb71btf_1] [rs2b0t] listener error not impl: reader.selfChat
[script liveb71btf_0] [rs2b0t] listener error not impl: reader.selfChat
[host] slot liveb71btf_1: d_loop_us=755 d_raster_us=0 d_observe_us=39874 max_observe_us=6431 d_paints=0 d_skips=50 d_ticks=2 window_ms=1203
[rs2b0t] listener error Error: not impl: reader.selfChat
    at notImpl (file:///rs2b0t/bot/shim/_kernel.js:5:5)
    at Object.get (file:///rs2b0t/bot/shim/_kernel.js:17:19)
    at DuelArena.observeFightState (file:///rs2b0t/bot/scripts/bot/bot.js:288:70)
    at file:///rs2b0t/bot/scripts/bot/bot.js:93:63
    at globalThis.__rs2b0t_fire_tick_listeners (file:///rs2b0t/bot/runtime/BotHost.js:14:13)
    at globalThis.__rs2b0t_pump (file:///rs2b0t/bot/api/execution/Execution.js:107:37)
[rs2b0t] listener error Error: not impl: reader.selfChat
    at notImpl (file:///rs2b0t/bot/shim/_kernel.js:5:5)
    at Object.get (file:///rs2b0t/bot/shim/_kernel.js:17:19)
    at DuelArena.observeFightState (file:///rs2b0t/bot/scripts/bot/bot.js:288:70)
    at file:///rs2b0t/bot/scripts/bot/bot.js:93:63
    at globalThis.__rs2b0t_fire_tick_listeners (file:///rs2b0t/bot/runtime/BotHost.js:14:13)
    at globalThis.__rs2b0t_pump (file:///rs2b0t/bot/api/execution/Execution.js:107:37)
[host] slot liveb71btf_0: d_loop_us=821 d_raster_us=0 d_observe_us=51692 max_observe_us=7901 d_paints=0 d_skips=50 d_ticks=2 window_ms=1195
[script liveb71btf_1] [rs2b0t] listener error not impl: reader.selfChat
[script liveb71btf_0] [rs2b0t] listener error not impl: reader.selfChat
[rs2b0t] listener error Error: not impl: reader.selfChat
    at notImpl (file:///rs2b0t/bot/shim/_kernel.js:5:5)
    at Object.get (file:///rs2b0t/bot/shim/_kernel.js:17:19)
    at DuelArena.observeFightState (file:///rs2b0t/bot/scripts/bot/bot.js:288:70)
    at file:///rs2b0t/bot/scripts/bot/bot.js:93:63
    at globalThis.__rs2b0t_fire_tick_listeners (file:///rs2b0t/bot/runtime/BotHost.js:14:13)
    at globalThis.__rs2b0t_tick_async (file:///rs2b0t/bot/scripts/bot/main.js:15:37)
    at globalThis.__rs_tick (file:///rs2b0t/bot/scripts/bot/main.js:8:16)
[script liveb71btf_0] [rs2b0t] listener error not impl: reader.selfChat
[rs2b0t] listener error Error: not impl: reader.selfChat
    at notImpl (file:///rs2b0t/bot/shim/_kernel.js:5:5)
    at Object.get (file:///rs2b0t/bot/shim/_kernel.js:17:19)
    at DuelArena.observeFightState (file:///rs2b0t/bot/scripts/bot/bot.js:288:70)
    at file:///rs2b0t/bot/scripts/bot/bot.js:93:63
    at globalThis.__rs2b0t_fire_tick_listeners (file:///rs2b0t/bot/runtime/BotHost.js:14:13)
    at globalThis.__rs2b0t_tick_async (file:///rs2b0t/bot/scripts/bot/main.js:15:37)
    at globalThis.__rs_tick (file:///rs2b0t/bot/scripts/bot/main.js:8:16)
[script liveb71btf_1] [rs2b0t] listener error not impl: reader.selfChat
[host] slot liveb71btf_1: d_loop_us=858 d_raster_us=0 d_observe_us=63656 max_observe_us=5841 d_paints=0 d_skips=50 d_ticks=2 window_ms=1195
[host] slot liveb71btf_0: d_loop_us=3694 d_raster_us=0 d_observe_us=47014 max_observe_us=5769 d_paints=0 d_skips=50 d_ticks=2 window_ms=1183
[rs2b0t] listener error Error: not impl: reader.selfChat
    at notImpl (file:///rs2b0t/bot/shim/_kernel.js:5:5)
    at Object.get (file:///rs2b0t/bot/shim/_kernel.js:17:19)
    at DuelArena.observeFightState (file:///rs2b0t/bot/scripts/bot/bot.js:288:70)
    at file:///rs2b0t/bot/scripts/bot/bot.js:93:63
    at globalThis.__rs2b0t_fire_tick_listeners (file:///rs2b0t/bot/runtime/BotHost.js:14:13)
    at globalThis.__rs2b0t_pump (file:///rs2b0t/bot/api/execution/Execution.js:107:37)
[rs2b0t] listener error Error: not impl: reader.selfChat
    at notImpl (file:///rs2b0t/bot/shim/_kernel.js:5:5)
    at Object.get (file:///rs2b0t/bot/shim/_kernel.js:17:19)
    at DuelArena.observeFightState (file:///rs2b0t/bot/scripts/bot/bot.js:288:70)
    at file:///rs2b0t/bot/scripts/bot/bot.js:93:63
    at globalThis.__rs2b0t_fire_tick_listeners (file:///rs2b0t/bot/runtime/BotHost.js:14:13)
    at globalThis.__rs2b0t_pump (file:///rs2b0t/bot/api/execution/Execution.js:107:37)
[script liveb71btf_1] [rs2b0t] listener error not impl: reader.selfChat
[script liveb71btf_0] [rs2b0t] listener error not impl: reader.selfChat
[rs2b0t] listener error Error: not impl: reader.selfChat
    at notImpl (file:///rs2b0t/bot/shim/_kernel.js:5:5)
    at Object.get (file:///rs2b0t/bot/shim/_kernel.js:17:19)
    at DuelArena.observeFightState (file:///rs2b0t/bot/scripts/bot/bot.js:288:70)
    at file:///rs2b0t/bot/scripts/bot/bot.js:93:63
    at globalThis.__rs2b0t_fire_tick_listeners (file:///rs2b0t/bot/runtime/BotHost.js:14:13)
    at globalThis.__rs2b0t_tick_async (file:///rs2b0t/bot/scripts/bot/main.js:15:37)
    at globalThis.__rs_tick (file:///rs2b0t/bot/scripts/bot/main.js:8:16)
[rs2b0t] listener error Error: not impl: reader.selfChat
    at notImpl (file:///rs2b0t/bot/shim/_kernel.js:5:5)
    at Object.get (file:///rs2b0t/bot/shim/_kernel.js:17:19)
    at DuelArena.observeFightState (file:///rs2b0t/bot/scripts/bot/bot.js:288:70)
    at file:///rs2b0t/bot/scripts/bot/bot.js:93:63
    at globalThis.__rs2b0t_fire_tick_listeners (file:///rs2b0t/bot/runtime/BotHost.js:14:13)
    at globalThis.__rs2b0t_tick_async (file:///rs2b0t/bot/scripts/bot/main.js:15:37)
    at globalThis.__rs_tick (file:///rs2b0t/bot/scripts/bot/main.js:8:16)
[script liveb71btf_1] [rs2b0t] listener error not impl: reader.selfChat
[script liveb71btf_0] [rs2b0t] listener error not impl: reader.selfChat
[host] slot liveb71btf_1: d_loop_us=820 d_raster_us=0 d_observe_us=45450 max_observe_us=8648 d_paints=0 d_skips=50 d_ticks=2 window_ms=1186
[host] slot liveb71btf_0: d_loop_us=781 d_raster_us=0 d_observe_us=39230 max_observe_us=7286 d_paints=0 d_skips=50 d_ticks=2 window_ms=1193
[rs2b0t] listener error Error: not impl: reader.selfChat
    at notImpl (file:///rs2b0t/bot/shim/_kernel.js:5:5)
    at Object.get (file:///rs2b0t/bot/shim/_kernel.js:17:19)
    at DuelArena.observeFightState (file:///rs2b0t/bot/scripts/bot/bot.js:288:70)
    at file:///rs2b0t/bot/scripts/bot/bot.js:93:63
    at globalThis.__rs2b0t_fire_tick_listeners (file:///rs2b0t/bot/runtime/BotHost.js:14:13)
    at globalThis.__rs2b0t_pump (file:///rs2b0t/bot/api/execution/Execution.js:107:37)
[rs2b0t] listener error Error: not impl: reader.selfChat
    at notImpl (file:///rs2b0t/bot/shim/_kernel.js:5:5)
    at Object.get (file:///rs2b0t/bot/shim/_kernel.js:17:19)
    at DuelArena.observeFightState (file:///rs2b0t/bot/scripts/bot/bot.js:288:70)
    at file:///rs2b0t/bot/scripts/bot/bot.js:93:63
    at globalThis.__rs2b0t_fire_tick_listeners (file:///rs2b0t/bot/runtime/BotHost.js:14:13)
    at globalThis.__rs2b0t_pump (file:///rs2b0t/bot/api/execution/Execution.js:107:37)
[script liveb71btf_1] [rs2b0t] listener error not impl: reader.selfChat
[script liveb71btf_0] [rs2b0t] listener error not impl: reader.selfChat
[rs2b0t] listener error Error: not impl: reader.selfChat
    at notImpl (file:///rs2b0t/bot/shim/_kernel.js:5:5)
    at Object.get (file:///rs2b0t/bot/shim/_kernel.js:17:19)
    at DuelArena.observeFightState (file:///rs2b0t/bot/scripts/bot/bot.js:288:70)
    at file:///rs2b0t/bot/scripts/bot/bot.js:93:63
    at globalThis.__rs2b0t_fire_tick_listeners (file:///rs2b0t/bot/runtime/BotHost.js:14:13)
    at globalThis.__rs2b0t_tick_async (file:///rs2b0t/bot/scripts/bot/main.js:15:37)
    at globalThis.__rs_tick (file:///rs2b0t/bot/scripts/bot/main.js:8:16)
[rs2b0t] listener error Error: not impl: reader.selfChat
    at notImpl (file:///rs2b0t/bot/shim/_kernel.js:5:5)
    at Object.get (file:///rs2b0t/bot/shim/_kernel.js:17:19)
    at DuelArena.observeFightState (file:///rs2b0t/bot/scripts/bot/bot.js:288:70)
    at file:///rs2b0t/bot/scripts/bot/bot.js:93:63
    at globalThis.__rs2b0t_fire_tick_listeners (file:///rs2b0t/bot/runtime/BotHost.js:14:13)
    at globalThis.__rs2b0t_tick_async (file:///rs2b0t/bot/scripts/bot/main.js:15:37)
    at globalThis.__rs_tick (file:///rs2b0t/bot/scripts/bot/main.js:8:16)
[script liveb71btf_0] [rs2b0t] listener error not impl: reader.selfChat
[script liveb71btf_1] [rs2b0t] listener error not impl: reader.selfChat
[host] slot liveb71btf_1: d_loop_us=765 d_raster_us=0 d_observe_us=41347 max_observe_us=7311 d_paints=0 d_skips=50 d_ticks=2 window_ms=1189
[host] slot liveb71btf_0: d_loop_us=713 d_raster_us=0 d_observe_us=36441 max_observe_us=7604 d_paints=0 d_skips=50 d_ticks=1 window_ms=1187
[rs2b0t] listener error Error: not impl: reader.selfChat
    at notImpl (file:///rs2b0t/bot/shim/_kernel.js:5:5)
    at Object.get (file:///rs2b0t/bot/shim/_kernel.js:17:19)
    at DuelArena.observeFightState (file:///rs2b0t/bot/scripts/bot/bot.js:288:70)
    at file:///rs2b0t/bot/scripts/bot/bot.js:93:63
    at globalThis.__rs2b0t_fire_tick_listeners (file:///rs2b0t/bot/runtime/BotHost.js:14:13)
    at globalThis.__rs2b0t_pump (file:///rs2b0t/bot/api/execution/Execution.js:107:37)
[script liveb71btf_1] [rs2b0t] listener error not impl: reader.selfChat
[rs2b0t] listener error Error: not impl: reader.selfChat
    at notImpl (file:///rs2b0t/bot/shim/_kernel.js:5:5)
    at Object.get (file:///rs2b0t/bot/shim/_kernel.js:17:19)
    at DuelArena.observeFightState (file:///rs2b0t/bot/scripts/bot/bot.js:288:70)
    at file:///rs2b0t/bot/scripts/bot/bot.js:93:63
    at globalThis.__rs2b0t_fire_tick_listeners (file:///rs2b0t/bot/runtime/BotHost.js:14:13)
    at globalThis.__rs2b0t_pump (file:///rs2b0t/bot/api/execution/Execution.js:107:37)
[script liveb71btf_0] [rs2b0t] listener error not impl: reader.selfChat
[rs2b0t] listener error Error: not impl: reader.selfChat
    at notImpl (file:///rs2b0t/bot/shim/_kernel.js:5:5)
    at Object.get (file:///rs2b0t/bot/shim/_kernel.js:17:19)
    at DuelArena.observeFightState (file:///rs2b0t/bot/scripts/bot/bot.js:288:70)
    at file:///rs2b0t/bot/scripts/bot/bot.js:93:63
    at globalThis.__rs2b0t_fire_tick_listeners (file:///rs2b0t/bot/runtime/BotHost.js:14:13)
    at globalThis.__rs2b0t_tick_async (file:///rs2b0t/bot/scripts/bot/main.js:15:37)
    at globalThis.__rs_tick (file:///rs2b0t/bot/scripts/bot/main.js:8:16)
[rs2b0t] listener error Error: not impl: reader.selfChat
    at notImpl (file:///rs2b0t/bot/shim/_kernel.js:5:5)
    at Object.get (file:///rs2b0t/bot/shim/_kernel.js:17:19)
    at DuelArena.observeFightState (file:///rs2b0t/bot/scripts/bot/bot.js:288:70)
    at file:///rs2b0t/bot/scripts/bot/bot.js:93:63
    at globalThis.__rs2b0t_fire_tick_listeners (file:///rs2b0t/bot/runtime/BotHost.js:14:13)
    at globalThis.__rs2b0t_tick_async (file:///rs2b0t/bot/scripts/bot/main.js:15:37)
    at globalThis.__rs_tick (file:///rs2b0t/bot/scripts/bot/main.js:8:16)
[script liveb71btf_1] [rs2b0t] listener error not impl: reader.selfChat
[script liveb71btf_0] [rs2b0t] listener error not impl: reader.selfChat
[host] slot liveb71btf_1: d_loop_us=798 d_raster_us=0 d_observe_us=44045 max_observe_us=5659 d_paints=0 d_skips=50 d_ticks=2 window_ms=1210
[host] slot liveb71btf_0: d_loop_us=769 d_raster_us=0 d_observe_us=53894 max_observe_us=5572 d_paints=0 d_skips=50 d_ticks=2 window_ms=1183
[rs2b0t] listener error Error: not impl: reader.selfChat
    at notImpl (file:///rs2b0t/bot/shim/_kernel.js:5:5)
    at Object.get (file:///rs2b0t/bot/shim/_kernel.js:17:19)
    at DuelArena.observeFightState (file:///rs2b0t/bot/scripts/bot/bot.js:288:70)
    at file:///rs2b0t/bot/scripts/bot/bot.js:93:63
    at globalThis.__rs2b0t_fire_tick_listeners (file:///rs2b0t/bot/runtime/BotHost.js:14:13)
    at globalThis.__rs2b0t_pump (file:///rs2b0t/bot/api/execution/Execution.js:107:37)
[rs2b0t] listener error Error: not impl: reader.selfChat
    at notImpl (file:///rs2b0t/bot/shim/_kernel.js:5:5)
    at Object.get (file:///rs2b0t/bot/shim/_kernel.js:17:19)
    at DuelArena.observeFightState (file:///rs2b0t/bot/scripts/bot/bot.js:288:70)
    at file:///rs2b0t/bot/scripts/bot/bot.js:93:63
    at globalThis.__rs2b0t_fire_tick_listeners (file:///rs2b0t/bot/runtime/BotHost.js:14:13)
    at globalThis.__rs2b0t_pump (file:///rs2b0t/bot/api/execution/Execution.js:107:37)
[script liveb71btf_1] [rs2b0t] listener error not impl: reader.selfChat
[script liveb71btf_0] [rs2b0t] listener error not impl: reader.selfChat
[rs2b0t] listener error Error: not impl: reader.selfChat
    at notImpl (file:///rs2b0t/bot/shim/_kernel.js:5:5)
    at Object.get (file:///rs2b0t/bot/shim/_kernel.js:17:19)
    at DuelArena.observeFightState (file:///rs2b0t/bot/scripts/bot/bot.js:288:70)
    at file:///rs2b0t/bot/scripts/bot/bot.js:93:63
    at globalThis.__rs2b0t_fire_tick_listeners (file:///rs2b0t/bot/runtime/BotHost.js:14:13)
    at globalThis.__rs2b0t_tick_async (file:///rs2b0t/bot/scripts/bot/main.js:15:37)
    at globalThis.__rs_tick (file:///rs2b0t/bot/scripts/bot/main.js:8:16)
[rs2b0t] listener error Error: not impl: reader.selfChat
    at notImpl (file:///rs2b0t/bot/shim/_kernel.js:5:5)
    at Object.get (file:///rs2b0t/bot/shim/_kernel.js:17:19)
    at DuelArena.observeFightState (file:///rs2b0t/bot/scripts/bot/bot.js:288:70)
    at file:///rs2b0t/bot/scripts/bot/bot.js:93:63
    at globalThis.__rs2b0t_fire_tick_listeners (file:///rs2b0t/bot/runtime/BotHost.js:14:13)
    at globalThis.__rs2b0t_tick_async (file:///rs2b0t/bot/scripts/bot/main.js:15:37)
    at globalThis.__rs_tick (file:///rs2b0t/bot/scripts/bot/main.js:8:16)
[script liveb71btf_1] [rs2b0t] listener error not impl: reader.selfChat
[script liveb71btf_0] [rs2b0t] listener error not impl: reader.selfChat
[host] slot liveb71btf_1: d_loop_us=757 d_raster_us=0 d_observe_us=41613 max_observe_us=5228 d_paints=0 d_skips=50 d_ticks=2 window_ms=1196
[host] slot liveb71btf_0: d_loop_us=729 d_raster_us=0 d_observe_us=38192 max_observe_us=5570 d_paints=0 d_skips=50 d_ticks=3 window_ms=1214
[rs2b0t] listener error Error: not impl: reader.selfChat
    at notImpl (file:///rs2b0t/bot/shim/_kernel.js:5:5)
    at Object.get (file:///rs2b0t/bot/shim/_kernel.js:17:19)
    at DuelArena.observeFightState (file:///rs2b0t/bot/scripts/bot/bot.js:288:70)
    at file:///rs2b0t/bot/scripts/bot/bot.js:93:63
    at globalThis.__rs2b0t_fire_tick_listeners (file:///rs2b0t/bot/runtime/BotHost.js:14:13)
    at globalThis.__rs2b0t_pump (file:///rs2b0t/bot/api/execution/Execution.js:107:37)
[rs2b0t] listener error Error: not impl: reader.selfChat
    at notImpl (file:///rs2b0t/bot/shim/_kernel.js:5:5)
    at Object.get (file:///rs2b0t/bot/shim/_kernel.js:17:19)
    at DuelArena.observeFightState (file:///rs2b0t/bot/scripts/bot/bot.js:288:70)
    at file:///rs2b0t/bot/scripts/bot/bot.js:93:63
    at globalThis.__rs2b0t_fire_tick_listeners (file:///rs2b0t/bot/runtime/BotHost.js:14:13)
    at globalThis.__rs2b0t_pump (file:///rs2b0t/bot/api/execution/Execution.js:107:37)
[script liveb71btf_0] [rs2b0t] listener error not impl: reader.selfChat
[script liveb71btf_1] [rs2b0t] listener error not impl: reader.selfChat
[rs2b0t] listener error Error: not impl: reader.selfChat
    at notImpl (file:///rs2b0t/bot/shim/_kernel.js:5:5)
    at Object.get (file:///rs2b0t/bot/shim/_kernel.js:17:19)
    at DuelArena.observeFightState (file:///rs2b0t/bot/scripts/bot/bot.js:288:70)
    at file:///rs2b0t/bot/scripts/bot/bot.js:93:63
    at globalThis.__rs2b0t_fire_tick_listeners (file:///rs2b0t/bot/runtime/BotHost.js:14:13)
    at globalThis.__rs2b0t_tick_async (file:///rs2b0t/bot/scripts/bot/main.js:15:37)
    at globalThis.__rs_tick (file:///rs2b0t/bot/scripts/bot/main.js:8:16)
[rs2b0t] listener error Error: not impl: reader.selfChat
    at notImpl (file:///rs2b0t/bot/shim/_kernel.js:5:5)
    at Object.get (file:///rs2b0t/bot/shim/_kernel.js:17:19)
    at DuelArena.observeFightState (file:///rs2b0t/bot/scripts/bot/bot.js:288:70)
    at file:///rs2b0t/bot/scripts/bot/bot.js:93:63
    at globalThis.__rs2b0t_fire_tick_listeners (file:///rs2b0t/bot/runtime/BotHost.js:14:13)
    at globalThis.__rs2b0t_tick_async (file:///rs2b0t/bot/scripts/bot/main.js:15:37)
    at globalThis.__rs_tick (file:///rs2b0t/bot/scripts/bot/main.js:8:16)
[script liveb71btf_0] [rs2b0t] listener error not impl: reader.selfChat
[script liveb71btf_1] [rs2b0t] listener error not impl: reader.selfChat
[host] slot liveb71btf_1: d_loop_us=680 d_raster_us=0 d_observe_us=34976 max_observe_us=5186 d_paints=0 d_skips=50 d_ticks=2 window_ms=1199
[host] slot liveb71btf_0: d_loop_us=689 d_raster_us=0 d_observe_us=37014 max_observe_us=5251 d_paints=0 d_skips=50 d_ticks=2 window_ms=1201
[rs2b0t] listener error Error: not impl: reader.selfChat
    at notImpl (file:///rs2b0t/bot/shim/_kernel.js:5:5)
    at Object.get (file:///rs2b0t/bot/shim/_kernel.js:17:19)
    at DuelArena.observeFightState (file:///rs2b0t/bot/scripts/bot/bot.js:288:70)
    at file:///rs2b0t/bot/scripts/bot/bot.js:93:63
    at globalThis.__rs2b0t_fire_tick_listeners (file:///rs2b0t/bot/runtime/BotHost.js:14:13)
    at globalThis.__rs2b0t_pump (file:///rs2b0t/bot/api/execution/Execution.js:107:37)
[rs2b0t] listener error Error: not impl: reader.selfChat
    at notImpl (file:///rs2b0t/bot/shim/_kernel.js:5:5)
    at Object.get (file:///rs2b0t/bot/shim/_kernel.js:17:19)
    at DuelArena.observeFightState (file:///rs2b0t/bot/scripts/bot/bot.js:288:70)
    at file:///rs2b0t/bot/scripts/bot/bot.js:93:63
    at globalThis.__rs2b0t_fire_tick_listeners (file:///rs2b0t/bot/runtime/BotHost.js:14:13)
    at globalThis.__rs2b0t_pump (file:///rs2b0t/bot/api/execution/Execution.js:107:37)
[script liveb71btf_0] [rs2b0t] listener error not impl: reader.selfChat
[script liveb71btf_1] [rs2b0t] listener error not impl: reader.selfChat
[rs2b0t] listener error Error: not impl: reader.selfChat
    at notImpl (file:///rs2b0t/bot/shim/_kernel.js:5:5)
    at Object.get (file:///rs2b0t/bot/shim/_kernel.js:17:19)
    at DuelArena.observeFightState (file:///rs2b0t/bot/scripts/bot/bot.js:288:70)
    at file:///rs2b0t/bot/scripts/bot/bot.js:93:63
    at globalThis.__rs2b0t_fire_tick_listeners (file:///rs2b0t/bot/runtime/BotHost.js:14:13)
    at globalThis.__rs2b0t_tick_async (file:///rs2b0t/bot/scripts/bot/main.js:15:37)
    at globalThis.__rs_tick (file:///rs2b0t/bot/scripts/bot/main.js:8:16)
[rs2b0t] listener error Error: not impl: reader.selfChat
    at notImpl (file:///rs2b0t/bot/shim/_kernel.js:5:5)
    at Object.get (file:///rs2b0t/bot/shim/_kernel.js:17:19)
    at DuelArena.observeFightState (file:///rs2b0t/bot/scripts/bot/bot.js:288:70)
    at file:///rs2b0t/bot/scripts/bot/bot.js:93:63
    at globalThis.__rs2b0t_fire_tick_listeners (file:///rs2b0t/bot/runtime/BotHost.js:14:13)
    at globalThis.__rs2b0t_tick_async (file:///rs2b0t/bot/scripts/bot/main.js:15:37)
    at globalThis.__rs_tick (file:///rs2b0t/bot/scripts/bot/main.js:8:16)
[script liveb71btf_0] [rs2b0t] listener error not impl: reader.selfChat
[script liveb71btf_1] [rs2b0t] listener error not impl: reader.selfChat
[host] slot liveb71btf_1: d_loop_us=785 d_raster_us=0 d_observe_us=45163 max_observe_us=7938 d_paints=0 d_skips=50 d_ticks=2 window_ms=1209
[host] slot liveb71btf_0: d_loop_us=789 d_raster_us=0 d_observe_us=49683 max_observe_us=9320 d_paints=0 d_skips=50 d_ticks=1 window_ms=1188
[rs2b0t] listener error Error: not impl: reader.selfChat
    at notImpl (file:///rs2b0t/bot/shim/_kernel.js:5:5)
    at Object.get (file:///rs2b0t/bot/shim/_kernel.js:17:19)
    at DuelArena.observeFightState (file:///rs2b0t/bot/scripts/bot/bot.js:288:70)
    at file:///rs2b0t/bot/scripts/bot/bot.js:93:63
    at globalThis.__rs2b0t_fire_tick_listeners (file:///rs2b0t/bot/runtime/BotHost.js:14:13)
    at globalThis.__rs2b0t_pump (file:///rs2b0t/bot/api/execution/Execution.js:107:37)
[rs2b0t] listener error Error: not impl: reader.selfChat
    at notImpl (file:///rs2b0t/bot/shim/_kernel.js:5:5)
    at Object.get (file:///rs2b0t/bot/shim/_kernel.js:17:19)
    at DuelArena.observeFightState (file:///rs2b0t/bot/scripts/bot/bot.js:288:70)
    at file:///rs2b0t/bot/scripts/bot/bot.js:93:63
    at globalThis.__rs2b0t_fire_tick_listeners (file:///rs2b0t/bot/runtime/BotHost.js:14:13)
    at globalThis.__rs2b0t_pump (file:///rs2b0t/bot/api/execution/Execution.js:107:37)
[script liveb71btf_0] [rs2b0t] listener error not impl: reader.selfChat
[script liveb71btf_1] [rs2b0t] listener error not impl: reader.selfChat
[rs2b0t] listener error Error: not impl: reader.selfChat
    at notImpl (file:///rs2b0t/bot/shim/_kernel.js:5:5)
    at Object.get (file:///rs2b0t/bot/shim/_kernel.js:17:19)
    at DuelArena.observeFightState (file:///rs2b0t/bot/scripts/bot/bot.js:288:70)
    at file:///rs2b0t/bot/scripts/bot/bot.js:93:63
    at globalThis.__rs2b0t_fire_tick_listeners (file:///rs2b0t/bot/runtime/BotHost.js:14:13)
    at globalThis.__rs2b0t_tick_async (file:///rs2b0t/bot/scripts/bot/main.js:15:37)
    at globalThis.__rs_tick (file:///rs2b0t/bot/scripts/bot/main.js:8:16)
[rs2b0t] listener error Error: not impl: reader.selfChat
    at notImpl (file:///rs2b0t/bot/shim/_kernel.js:5:5)
    at Object.get (file:///rs2b0t/bot/shim/_kernel.js:17:19)
    at DuelArena.observeFightState (file:///rs2b0t/bot/scripts/bot/bot.js:288:70)
    at file:///rs2b0t/bot/scripts/bot/bot.js:93:63
    at globalThis.__rs2b0t_fire_tick_listeners (file:///rs2b0t/bot/runtime/BotHost.js:14:13)
    at globalThis.__rs2b0t_tick_async (file:///rs2b0t/bot/scripts/bot/main.js:15:37)
    at globalThis.__rs_tick (file:///rs2b0t/bot/scripts/bot/main.js:8:16)
[script liveb71btf_1] [rs2b0t] listener error not impl: reader.selfChat
[script liveb71btf_0] [rs2b0t] listener error not impl: reader.selfChat
[host] slot liveb71btf_1: d_loop_us=860 d_raster_us=0 d_observe_us=55105 max_observe_us=10766 d_paints=0 d_skips=50 d_ticks=2 window_ms=1198
[host] slot liveb71btf_0: d_loop_us=766 d_raster_us=0 d_observe_us=55459 max_observe_us=11184 d_paints=0 d_skips=50 d_ticks=2 window_ms=1174
[rs2b0t] listener error Error: not impl: reader.selfChat
    at notImpl (file:///rs2b0t/bot/shim/_kernel.js:5:5)
    at Object.get (file:///rs2b0t/bot/shim/_kernel.js:17:19)
    at DuelArena.observeFightState (file:///rs2b0t/bot/scripts/bot/bot.js:288:70)
    at file:///rs2b0t/bot/scripts/bot/bot.js:93:63
    at globalThis.__rs2b0t_fire_tick_listeners (file:///rs2b0t/bot/runtime/BotHost.js:14:13)
    at globalThis.__rs2b0t_pump (file:///rs2b0t/bot/api/execution/Execution.js:107:37)
[rs2b0t] listener error Error: not impl: reader.selfChat
    at notImpl (file:///rs2b0t/bot/shim/_kernel.js:5:5)
    at Object.get (file:///rs2b0t/bot/shim/_kernel.js:17:19)
    at DuelArena.observeFightState (file:///rs2b0t/bot/scripts/bot/bot.js:288:70)
    at file:///rs2b0t/bot/scripts/bot/bot.js:93:63
    at globalThis.__rs2b0t_fire_tick_listeners (file:///rs2b0t/bot/runtime/BotHost.js:14:13)
    at globalThis.__rs2b0t_pump (file:///rs2b0t/bot/api/execution/Execution.js:107:37)
[script liveb71btf_0] [rs2b0t] listener error not impl: reader.selfChat
[script liveb71btf_1] [rs2b0t] listener error not impl: reader.selfChat
[rs2b0t] listener error Error: not impl: reader.selfChat
    at notImpl (file:///rs2b0t/bot/shim/_kernel.js:5:5)
    at Object.get (file:///rs2b0t/bot/shim/_kernel.js:17:19)
    at DuelArena.observeFightState (file:///rs2b0t/bot/scripts/bot/bot.js:288:70)
    at file:///rs2b0t/bot/scripts/bot/bot.js:93:63
    at globalThis.__rs2b0t_fire_tick_listeners (file:///rs2b0t/bot/runtime/BotHost.js:14:13)
    at globalThis.__rs2b0t_tick_async (file:///rs2b0t/bot/scripts/bot/main.js:15:37)
    at globalThis.__rs_tick (file:///rs2b0t/bot/scripts/bot/main.js:8:16)
[rs2b0t] listener error Error: not impl: reader.selfChat
    at notImpl (file:///rs2b0t/bot/shim/_kernel.js:5:5)
    at Object.get (file:///rs2b0t/bot/shim/_kernel.js:17:19)
    at DuelArena.observeFightState (file:///rs2b0t/bot/scripts/bot/bot.js:288:70)
    at file:///rs2b0t/bot/scripts/bot/bot.js:93:63
    at globalThis.__rs2b0t_fire_tick_listeners (file:///rs2b0t/bot/runtime/BotHost.js:14:13)
    at globalThis.__rs2b0t_tick_async (file:///rs2b0t/bot/scripts/bot/main.js:15:37)
    at globalThis.__rs_tick (file:///rs2b0t/bot/scripts/bot/main.js:8:16)
[script liveb71btf_0] [rs2b0t] listener error not impl: reader.selfChat
[script liveb71btf_1] [rs2b0t] listener error not impl: reader.selfChat
[host] slot liveb71btf_1: d_loop_us=723 d_raster_us=0 d_observe_us=48916 max_observe_us=5651 d_paints=0 d_skips=50 d_ticks=2 window_ms=1198
[host] slot liveb71btf_0: d_loop_us=783 d_raster_us=0 d_observe_us=45905 max_observe_us=6270 d_paints=0 d_skips=50 d_ticks=2 window_ms=1187
[rs2b0t] listener error Error: not impl: reader.selfChat
    at notImpl (file:///rs2b0t/bot/shim/_kernel.js:5:5)
    at Object.get (file:///rs2b0t/bot/shim/_kernel.js:17:19)
    at DuelArena.observeFightState (file:///rs2b0t/bot/scripts/bot/bot.js:288:70)
    at file:///rs2b0t/bot/scripts/bot/bot.js:93:63
    at globalThis.__rs2b0t_fire_tick_listeners (file:///rs2b0t/bot/runtime/BotHost.js:14:13)
    at globalThis.__rs2b0t_pump (file:///rs2b0t/bot/api/execution/Execution.js:107:37)
[rs2b0t] listener error Error: not impl: reader.selfChat
    at notImpl (file:///rs2b0t/bot/shim/_kernel.js:5:5)
    at Object.get (file:///rs2b0t/bot/shim/_kernel.js:17:19)
    at DuelArena.observeFightState (file:///rs2b0t/bot/scripts/bot/bot.js:288:70)
    at file:///rs2b0t/bot/scripts/bot/bot.js:93:63
    at globalThis.__rs2b0t_fire_tick_listeners (file:///rs2b0t/bot/runtime/BotHost.js:14:13)
    at globalThis.__rs2b0t_pump (file:///rs2b0t/bot/api/execution/Execution.js:107:37)
[script liveb71btf_0] [rs2b0t] listener error not impl: reader.selfChat
[script liveb71btf_1] [rs2b0t] listener error not impl: reader.selfChat
[rs2b0t] listener error Error: not impl: reader.selfChat
    at notImpl (file:///rs2b0t/bot/shim/_kernel.js:5:5)
    at Object.get (file:///rs2b0t/bot/shim/_kernel.js:17:19)
    at DuelArena.observeFightState (file:///rs2b0t/bot/scripts/bot/bot.js:288:70)
    at file:///rs2b0t/bot/scripts/bot/bot.js:93:63
    at globalThis.__rs2b0t_fire_tick_listeners (file:///rs2b0t/bot/runtime/BotHost.js:14:13)
    at globalThis.__rs2b0t_tick_async (file:///rs2b0t/bot/scripts/bot/main.js:15:37)
    at globalThis.__rs_tick (file:///rs2b0t/bot/scripts/bot/main.js:8:16)
[script liveb71btf_1] [rs2b0t] listener error not impl: reader.selfChat
[rs2b0t] listener error Error: not impl: reader.selfChat
    at notImpl (file:///rs2b0t/bot/shim/_kernel.js:5:5)
    at Object.get (file:///rs2b0t/bot/shim/_kernel.js:17:19)
    at DuelArena.observeFightState (file:///rs2b0t/bot/scripts/bot/bot.js:288:70)
    at file:///rs2b0t/bot/scripts/bot/bot.js:93:63
    at globalThis.__rs2b0t_fire_tick_listeners (file:///rs2b0t/bot/runtime/BotHost.js:14:13)
    at globalThis.__rs2b0t_tick_async (file:///rs2b0t/bot/scripts/bot/main.js:15:37)
    at globalThis.__rs_tick (file:///rs2b0t/bot/scripts/bot/main.js:8:16)
[script liveb71btf_0] [rs2b0t] listener error not impl: reader.selfChat
[host] slot liveb71btf_1: d_loop_us=804 d_raster_us=0 d_observe_us=45508 max_observe_us=11084 d_paints=0 d_skips=50 d_ticks=2 window_ms=1197
[host] slot liveb71btf_0: d_loop_us=864 d_raster_us=0 d_observe_us=58635 max_observe_us=8509 d_paints=0 d_skips=50 d_ticks=2 window_ms=1198
[rs2b0t] listener error Error: not impl: reader.selfChat
    at notImpl (file:///rs2b0t/bot/shim/_kernel.js:5:5)
    at Object.get (file:///rs2b0t/bot/shim/_kernel.js:17:19)
    at DuelArena.observeFightState (file:///rs2b0t/bot/scripts/bot/bot.js:288:70)
    at file:///rs2b0t/bot/scripts/bot/bot.js:93:63
    at globalThis.__rs2b0t_fire_tick_listeners (file:///rs2b0t/bot/runtime/BotHost.js:14:13)
    at globalThis.__rs2b0t_pump (file:///rs2b0t/bot/api/execution/Execution.js:107:37)
[rs2b0t] listener error Error: not impl: reader.selfChat
    at notImpl (file:///rs2b0t/bot/shim/_kernel.js:5:5)
    at Object.get (file:///rs2b0t/bot/shim/_kernel.js:17:19)
    at DuelArena.observeFightState (file:///rs2b0t/bot/scripts/bot/bot.js:288:70)
    at file:///rs2b0t/bot/scripts/bot/bot.js:93:63
    at globalThis.__rs2b0t_fire_tick_listeners (file:///rs2b0t/bot/runtime/BotHost.js:14:13)
    at globalThis.__rs2b0t_pump (file:///rs2b0t/bot/api/execution/Execution.js:107:37)
[script liveb71btf_1] [rs2b0t] listener error not impl: reader.selfChat
[script liveb71btf_0] [rs2b0t] listener error not impl: reader.selfChat
[rs2b0t] listener error Error: not impl: reader.selfChat
    at notImpl (file:///rs2b0t/bot/shim/_kernel.js:5:5)
    at Object.get (file:///rs2b0t/bot/shim/_kernel.js:17:19)
    at DuelArena.observeFightState (file:///rs2b0t/bot/scripts/bot/bot.js:288:70)
    at file:///rs2b0t/bot/scripts/bot/bot.js:93:63
    at globalThis.__rs2b0t_fire_tick_listeners (file:///rs2b0t/bot/runtime/BotHost.js:14:13)
    at globalThis.__rs2b0t_tick_async (file:///rs2b0t/bot/scripts/bot/main.js:15:37)
    at globalThis.__rs_tick (file:///rs2b0t/bot/scripts/bot/main.js:8:16)
[rs2b0t] listener error Error: not impl: reader.selfChat
    at notImpl (file:///rs2b0t/bot/shim/_kernel.js:5:5)
    at Object.get (file:///rs2b0t/bot/shim/_kernel.js:17:19)
    at DuelArena.observeFightState (file:///rs2b0t/bot/scripts/bot/bot.js:288:70)
    at file:///rs2b0t/bot/scripts/bot/bot.js:93:63
    at globalThis.__rs2b0t_fire_tick_listeners (file:///rs2b0t/bot/runtime/BotHost.js:14:13)
    at globalThis.__rs2b0t_tick_async (file:///rs2b0t/bot/scripts/bot/main.js:15:37)
    at globalThis.__rs_tick (file:///rs2b0t/bot/scripts/bot/main.js:8:16)
[script liveb71btf_1] [rs2b0t] listener error not impl: reader.selfChat
[script liveb71btf_0] [rs2b0t] listener error not impl: reader.selfChat
[host] slot liveb71btf_1: d_loop_us=808 d_raster_us=0 d_observe_us=55782 max_observe_us=7340 d_paints=0 d_skips=50 d_ticks=2 window_ms=1198
[host] slot liveb71btf_0: d_loop_us=699 d_raster_us=0 d_observe_us=48808 max_observe_us=5199 d_paints=0 d_skips=50 d_ticks=2 window_ms=1196
[rs2b0t] listener error Error: not impl: reader.selfChat
    at notImpl (file:///rs2b0t/bot/shim/_kernel.js:5:5)
    at Object.get (file:///rs2b0t/bot/shim/_kernel.js:17:19)
    at DuelArena.observeFightState (file:///rs2b0t/bot/scripts/bot/bot.js:288:70)
    at file:///rs2b0t/bot/scripts/bot/bot.js:93:63
    at globalThis.__rs2b0t_fire_tick_listeners (file:///rs2b0t/bot/runtime/BotHost.js:14:13)
    at globalThis.__rs2b0t_pump (file:///rs2b0t/bot/api/execution/Execution.js:107:37)
[script liveb71btf_1] [rs2b0t] listener error not impl: reader.selfChat
[rs2b0t] listener error Error: not impl: reader.selfChat
    at notImpl (file:///rs2b0t/bot/shim/_kernel.js:5:5)
    at Object.get (file:///rs2b0t/bot/shim/_kernel.js:17:19)
    at DuelArena.observeFightState (file:///rs2b0t/bot/scripts/bot/bot.js:288:70)
    at file:///rs2b0t/bot/scripts/bot/bot.js:93:63
    at globalThis.__rs2b0t_fire_tick_listeners (file:///rs2b0t/bot/runtime/BotHost.js:14:13)
    at globalThis.__rs2b0t_pump (file:///rs2b0t/bot/api/execution/Execution.js:107:37)
[script liveb71btf_0] [rs2b0t] listener error not impl: reader.selfChat
[rs2b0t] listener error Error: not impl: reader.selfChat
    at notImpl (file:///rs2b0t/bot/shim/_kernel.js:5:5)
    at Object.get (file:///rs2b0t/bot/shim/_kernel.js:17:19)
    at DuelArena.observeFightState (file:///rs2b0t/bot/scripts/bot/bot.js:288:70)
    at file:///rs2b0t/bot/scripts/bot/bot.js:93:63
    at globalThis.__rs2b0t_fire_tick_listeners (file:///rs2b0t/bot/runtime/BotHost.js:14:13)
    at globalThis.__rs2b0t_tick_async (file:///rs2b0t/bot/scripts/bot/main.js:15:37)
    at globalThis.__rs_tick (file:///rs2b0t/bot/scripts/bot/main.js:8:16)
[rs2b0t] listener error Error: not impl: reader.selfChat
    at notImpl (file:///rs2b0t/bot/shim/_kernel.js:5:5)
    at Object.get (file:///rs2b0t/bot/shim/_kernel.js:17:19)
    at DuelArena.observeFightState (file:///rs2b0t/bot/scripts/bot/bot.js:288:70)
    at file:///rs2b0t/bot/scripts/bot/bot.js:93:63
    at globalThis.__rs2b0t_fire_tick_listeners (file:///rs2b0t/bot/runtime/BotHost.js:14:13)
    at globalThis.__rs2b0t_tick_async (file:///rs2b0t/bot/scripts/bot/main.js:15:37)
    at globalThis.__rs_tick (file:///rs2b0t/bot/scripts/bot/main.js:8:16)
[script liveb71btf_0] [rs2b0t] listener error not impl: reader.selfChat
[script liveb71btf_1] [rs2b0t] listener error not impl: reader.selfChat
[host] slot liveb71btf_1: d_loop_us=813 d_raster_us=0 d_observe_us=47791 max_observe_us=7167 d_paints=0 d_skips=50 d_ticks=2 window_ms=1186
[host] slot liveb71btf_0: d_loop_us=780 d_raster_us=0 d_observe_us=41060 max_observe_us=5316 d_paints=0 d_skips=50 d_ticks=2 window_ms=1184
[rs2b0t] listener error Error: not impl: reader.selfChat
    at notImpl (file:///rs2b0t/bot/shim/_kernel.js:5:5)
    at Object.get (file:///rs2b0t/bot/shim/_kernel.js:17:19)
    at DuelArena.observeFightState (file:///rs2b0t/bot/scripts/bot/bot.js:288:70)
    at file:///rs2b0t/bot/scripts/bot/bot.js:93:63
    at globalThis.__rs2b0t_fire_tick_listeners (file:///rs2b0t/bot/runtime/BotHost.js:14:13)
    at globalThis.__rs2b0t_pump (file:///rs2b0t/bot/api/execution/Execution.js:107:37)
[rs2b0t] listener error Error: not impl: reader.selfChat
    at notImpl (file:///rs2b0t/bot/shim/_kernel.js:5:5)
    at Object.get (file:///rs2b0t/bot/shim/_kernel.js:17:19)
    at DuelArena.observeFightState (file:///rs2b0t/bot/scripts/bot/bot.js:288:70)
    at file:///rs2b0t/bot/scripts/bot/bot.js:93:63
    at globalThis.__rs2b0t_fire_tick_listeners (file:///rs2b0t/bot/runtime/BotHost.js:14:13)
    at globalThis.__rs2b0t_pump (file:///rs2b0t/bot/api/execution/Execution.js:107:37)
[script liveb71btf_0] [rs2b0t] listener error not impl: reader.selfChat
[script liveb71btf_1] [rs2b0t] listener error not impl: reader.selfChat
[rs2b0t] listener error Error: not impl: reader.selfChat
    at notImpl (file:///rs2b0t/bot/shim/_kernel.js:5:5)
    at Object.get (file:///rs2b0t/bot/shim/_kernel.js:17:19)
    at DuelArena.observeFightState (file:///rs2b0t/bot/scripts/bot/bot.js:288:70)
    at file:///rs2b0t/bot/scripts/bot/bot.js:93:63
    at globalThis.__rs2b0t_fire_tick_listeners (file:///rs2b0t/bot/runtime/BotHost.js:14:13)
    at globalThis.__rs2b0t_tick_async (file:///rs2b0t/bot/scripts/bot/main.js:15:37)
    at globalThis.__rs_tick (file:///rs2b0t/bot/scripts/bot/main.js:8:16)
[rs2b0t] listener error Error: not impl: reader.selfChat
    at notImpl (file:///rs2b0t/bot/shim/_kernel.js:5:5)
    at Object.get (file:///rs2b0t/bot/shim/_kernel.js:17:19)
    at DuelArena.observeFightState (file:///rs2b0t/bot/scripts/bot/bot.js:288:70)
    at file:///rs2b0t/bot/scripts/bot/bot.js:93:63
    at globalThis.__rs2b0t_fire_tick_listeners (file:///rs2b0t/bot/runtime/BotHost.js:14:13)
    at globalThis.__rs2b0t_tick_async (file:///rs2b0t/bot/scripts/bot/main.js:15:37)
    at globalThis.__rs_tick (file:///rs2b0t/bot/scripts/bot/main.js:8:16)
[script liveb71btf_1] [rs2b0t] listener error not impl: reader.selfChat
[script liveb71btf_0] [rs2b0t] listener error not impl: reader.selfChat
[host] slot liveb71btf_1: d_loop_us=2227 d_raster_us=0 d_observe_us=43786 max_observe_us=10347 d_paints=0 d_skips=50 d_ticks=2 window_ms=1172
[host] slot liveb71btf_0: d_loop_us=737 d_raster_us=0 d_observe_us=54586 max_observe_us=9923 d_paints=0 d_skips=50 d_ticks=2 window_ms=1169
[rs2b0t] listener error Error: not impl: reader.selfChat
    at notImpl (file:///rs2b0t/bot/shim/_kernel.js:5:5)
    at Object.get (file:///rs2b0t/bot/shim/_kernel.js:17:19)
    at DuelArena.observeFightState (file:///rs2b0t/bot/scripts/bot/bot.js:288:70)
    at file:///rs2b0t/bot/scripts/bot/bot.js:93:63
    at globalThis.__rs2b0t_fire_tick_listeners (file:///rs2b0t/bot/runtime/BotHost.js:14:13)
    at globalThis.__rs2b0t_pump (file:///rs2b0t/bot/api/execution/Execution.js:107:37)
[rs2b0t] listener error Error: not impl: reader.selfChat
    at notImpl (file:///rs2b0t/bot/shim/_kernel.js:5:5)
    at Object.get (file:///rs2b0t/bot/shim/_kernel.js:17:19)
    at DuelArena.observeFightState (file:///rs2b0t/bot/scripts/bot/bot.js:288:70)
    at file:///rs2b0t/bot/scripts/bot/bot.js:93:63
    at globalThis.__rs2b0t_fire_tick_listeners (file:///rs2b0t/bot/runtime/BotHost.js:14:13)
    at globalThis.__rs2b0t_pump (file:///rs2b0t/bot/api/execution/Execution.js:107:37)
[script liveb71btf_1] [rs2b0t] listener error not impl: reader.selfChat
[script liveb71btf_0] [rs2b0t] listener error not impl: reader.selfChat
[rs2b0t] listener error Error: not impl: reader.selfChat
    at notImpl (file:///rs2b0t/bot/shim/_kernel.js:5:5)
    at Object.get (file:///rs2b0t/bot/shim/_kernel.js:17:19)
    at DuelArena.observeFightState (file:///rs2b0t/bot/scripts/bot/bot.js:288:70)
    at file:///rs2b0t/bot/scripts/bot/bot.js:93:63
    at globalThis.__rs2b0t_fire_tick_listeners (file:///rs2b0t/bot/runtime/BotHost.js:14:13)
    at globalThis.__rs2b0t_tick_async (file:///rs2b0t/bot/scripts/bot/main.js:15:37)
    at globalThis.__rs_tick (file:///rs2b0t/bot/scripts/bot/main.js:8:16)
[rs2b0t] listener error Error: not impl: reader.selfChat
    at notImpl (file:///rs2b0t/bot/shim/_kernel.js:5:5)
    at Object.get (file:///rs2b0t/bot/shim/_kernel.js:17:19)
    at DuelArena.observeFightState (file:///rs2b0t/bot/scripts/bot/bot.js:288:70)
    at file:///rs2b0t/bot/scripts/bot/bot.js:93:63
    at globalThis.__rs2b0t_fire_tick_listeners (file:///rs2b0t/bot/runtime/BotHost.js:14:13)
    at globalThis.__rs2b0t_tick_async (file:///rs2b0t/bot/scripts/bot/main.js:15:37)
    at globalThis.__rs_tick (file:///rs2b0t/bot/scripts/bot/main.js:8:16)
[script liveb71btf_0] [rs2b0t] listener error not impl: reader.selfChat
[script liveb71btf_1] [rs2b0t] listener error not impl: reader.selfChat
[host] slot liveb71btf_1: d_loop_us=722 d_raster_us=0 d_observe_us=48098 max_observe_us=6703 d_paints=0 d_skips=50 d_ticks=2 window_ms=1179
[host] slot liveb71btf_0: d_loop_us=809 d_raster_us=0 d_observe_us=43611 max_observe_us=5713 d_paints=0 d_skips=50 d_ticks=2 window_ms=1181
[rs2b0t] listener error Error: not impl: reader.selfChat
    at notImpl (file:///rs2b0t/bot/shim/_kernel.js:5:5)
    at Object.get (file:///rs2b0t/bot/shim/_kernel.js:17:19)
    at DuelArena.observeFightState (file:///rs2b0t/bot/scripts/bot/bot.js:288:70)
    at file:///rs2b0t/bot/scripts/bot/bot.js:93:63
    at globalThis.__rs2b0t_fire_tick_listeners (file:///rs2b0t/bot/runtime/BotHost.js:14:13)
    at globalThis.__rs2b0t_pump (file:///rs2b0t/bot/api/execution/Execution.js:107:37)
[rs2b0t] listener error Error: not impl: reader.selfChat
    at notImpl (file:///rs2b0t/bot/shim/_kernel.js:5:5)
    at Object.get (file:///rs2b0t/bot/shim/_kernel.js:17:19)
    at DuelArena.observeFightState (file:///rs2b0t/bot/scripts/bot/bot.js:288:70)
    at file:///rs2b0t/bot/scripts/bot/bot.js:93:63
    at globalThis.__rs2b0t_fire_tick_listeners (file:///rs2b0t/bot/runtime/BotHost.js:14:13)
    at globalThis.__rs2b0t_pump (file:///rs2b0t/bot/api/execution/Execution.js:107:37)
[script liveb71btf_1] [rs2b0t] listener error not impl: reader.selfChat
[script liveb71btf_0] [rs2b0t] listener error not impl: reader.selfChat
[rs2b0t] listener error Error: not impl: reader.selfChat
    at notImpl (file:///rs2b0t/bot/shim/_kernel.js:5:5)
    at Object.get (file:///rs2b0t/bot/shim/_kernel.js:17:19)
    at DuelArena.observeFightState (file:///rs2b0t/bot/scripts/bot/bot.js:288:70)
    at file:///rs2b0t/bot/scripts/bot/bot.js:93:63
    at globalThis.__rs2b0t_fire_tick_listeners (file:///rs2b0t/bot/runtime/BotHost.js:14:13)
    at globalThis.__rs2b0t_tick_async (file:///rs2b0t/bot/scripts/bot/main.js:15:37)
    at globalThis.__rs_tick (file:///rs2b0t/bot/scripts/bot/main.js:8:16)
[rs2b0t] listener error Error: not impl: reader.selfChat
    at notImpl (file:///rs2b0t/bot/shim/_kernel.js:5:5)
    at Object.get (file:///rs2b0t/bot/shim/_kernel.js:17:19)
    at DuelArena.observeFightState (file:///rs2b0t/bot/scripts/bot/bot.js:288:70)
    at file:///rs2b0t/bot/scripts/bot/bot.js:93:63
    at globalThis.__rs2b0t_fire_tick_listeners (file:///rs2b0t/bot/runtime/BotHost.js:14:13)
    at globalThis.__rs2b0t_tick_async (file:///rs2b0t/bot/scripts/bot/main.js:15:37)
    at globalThis.__rs_tick (file:///rs2b0t/bot/scripts/bot/main.js:8:16)
[script liveb71btf_1] [rs2b0t] listener error not impl: reader.selfChat
[script liveb71btf_0] [rs2b0t] listener error not impl: reader.selfChat
[host] slot liveb71btf_1: d_loop_us=888 d_raster_us=0 d_observe_us=46418 max_observe_us=5095 d_paints=0 d_skips=50 d_ticks=2 window_ms=1175
[host] slot liveb71btf_0: d_loop_us=824 d_raster_us=0 d_observe_us=40871 max_observe_us=5694 d_paints=0 d_skips=50 d_ticks=2 window_ms=1168
[rs2b0t] listener error Error: not impl: reader.selfChat
    at notImpl (file:///rs2b0t/bot/shim/_kernel.js:5:5)
    at Object.get (file:///rs2b0t/bot/shim/_kernel.js:17:19)
    at DuelArena.observeFightState (file:///rs2b0t/bot/scripts/bot/bot.js:288:70)
    at file:///rs2b0t/bot/scripts/bot/bot.js:93:63
    at globalThis.__rs2b0t_fire_tick_listeners (file:///rs2b0t/bot/runtime/BotHost.js:14:13)
    at globalThis.__rs2b0t_pump (file:///rs2b0t/bot/api/execution/Execution.js:107:37)
[rs2b0t] listener error Error: not impl: reader.selfChat
    at notImpl (file:///rs2b0t/bot/shim/_kernel.js:5:5)
    at Object.get (file:///rs2b0t/bot/shim/_kernel.js:17:19)
    at DuelArena.observeFightState (file:///rs2b0t/bot/scripts/bot/bot.js:288:70)
    at file:///rs2b0t/bot/scripts/bot/bot.js:93:63
    at globalThis.__rs2b0t_fire_tick_listeners (file:///rs2b0t/bot/runtime/BotHost.js:14:13)
    at globalThis.__rs2b0t_pump (file:///rs2b0t/bot/api/execution/Execution.js:107:37)
[script liveb71btf_1] [rs2b0t] listener error not impl: reader.selfChat
[script liveb71btf_0] [rs2b0t] listener error not impl: reader.selfChat
[rs2b0t] listener error Error: not impl: reader.selfChat
    at notImpl (file:///rs2b0t/bot/shim/_kernel.js:5:5)
    at Object.get (file:///rs2b0t/bot/shim/_kernel.js:17:19)
    at DuelArena.observeFightState (file:///rs2b0t/bot/scripts/bot/bot.js:288:70)
    at file:///rs2b0t/bot/scripts/bot/bot.js:93:63
    at globalThis.__rs2b0t_fire_tick_listeners (file:///rs2b0t/bot/runtime/BotHost.js:14:13)
    at globalThis.__rs2b0t_tick_async (file:///rs2b0t/bot/scripts/bot/main.js:15:37)
    at globalThis.__rs_tick (file:///rs2b0t/bot/scripts/bot/main.js:8:16)
[rs2b0t] listener error Error: not impl: reader.selfChat
    at notImpl (file:///rs2b0t/bot/shim/_kernel.js:5:5)
    at Object.get (file:///rs2b0t/bot/shim/_kernel.js:17:19)
    at DuelArena.observeFightState (file:///rs2b0t/bot/scripts/bot/bot.js:288:70)
    at file:///rs2b0t/bot/scripts/bot/bot.js:93:63
    at globalThis.__rs2b0t_fire_tick_listeners (file:///rs2b0t/bot/runtime/BotHost.js:14:13)
    at globalThis.__rs2b0t_tick_async (file:///rs2b0t/bot/scripts/bot/main.js:15:37)
    at globalThis.__rs_tick (file:///rs2b0t/bot/scripts/bot/main.js:8:16)
[script liveb71btf_0] [rs2b0t] listener error not impl: reader.selfChat
[script liveb71btf_1] [rs2b0t] listener error not impl: reader.selfChat
[host] slot liveb71btf_1: d_loop_us=620 d_raster_us=0 d_observe_us=37985 max_observe_us=5019 d_paints=0 d_skips=50 d_ticks=2 window_ms=1189
[host] slot liveb71btf_0: d_loop_us=670 d_raster_us=0 d_observe_us=32567 max_observe_us=6163 d_paints=0 d_skips=50 d_ticks=2 window_ms=1181
[rs2b0t] listener error Error: not impl: reader.selfChat
    at notImpl (file:///rs2b0t/bot/shim/_kernel.js:5:5)
    at Object.get (file:///rs2b0t/bot/shim/_kernel.js:17:19)
    at DuelArena.observeFightState (file:///rs2b0t/bot/scripts/bot/bot.js:288:70)
    at file:///rs2b0t/bot/scripts/bot/bot.js:93:63
    at globalThis.__rs2b0t_fire_tick_listeners (file:///rs2b0t/bot/runtime/BotHost.js:14:13)
    at globalThis.__rs2b0t_pump (file:///rs2b0t/bot/api/execution/Execution.js:107:37)
[rs2b0t] listener error Error: not impl: reader.selfChat
    at notImpl (file:///rs2b0t/bot/shim/_kernel.js:5:5)
    at Object.get (file:///rs2b0t/bot/shim/_kernel.js:17:19)
    at DuelArena.observeFightState (file:///rs2b0t/bot/scripts/bot/bot.js:288:70)
    at file:///rs2b0t/bot/scripts/bot/bot.js:93:63
    at globalThis.__rs2b0t_fire_tick_listeners (file:///rs2b0t/bot/runtime/BotHost.js:14:13)
    at globalThis.__rs2b0t_pump (file:///rs2b0t/bot/api/execution/Execution.js:107:37)
[script liveb71btf_1] [rs2b0t] listener error not impl: reader.selfChat
[script liveb71btf_0] [rs2b0t] listener error not impl: reader.selfChat
[rs2b0t] listener error Error: not impl: reader.selfChat
    at notImpl (file:///rs2b0t/bot/shim/_kernel.js:5:5)
    at Object.get (file:///rs2b0t/bot/shim/_kernel.js:17:19)
    at DuelArena.observeFightState (file:///rs2b0t/bot/scripts/bot/bot.js:288:70)
    at file:///rs2b0t/bot/scripts/bot/bot.js:93:63
    at globalThis.__rs2b0t_fire_tick_listeners (file:///rs2b0t/bot/runtime/BotHost.js:14:13)
    at globalThis.__rs2b0t_tick_async (file:///rs2b0t/bot/scripts/bot/main.js:15:37)
    at globalThis.__rs_tick (file:///rs2b0t/bot/scripts/bot/main.js:8:16)
[rs2b0t] listener error Error: not impl: reader.selfChat
    at notImpl (file:///rs2b0t/bot/shim/_kernel.js:5:5)
    at Object.get (file:///rs2b0t/bot/shim/_kernel.js:17:19)
    at DuelArena.observeFightState (file:///rs2b0t/bot/scripts/bot/bot.js:288:70)
    at file:///rs2b0t/bot/scripts/bot/bot.js:93:63
    at globalThis.__rs2b0t_fire_tick_listeners (file:///rs2b0t/bot/runtime/BotHost.js:14:13)
    at globalThis.__rs2b0t_tick_async (file:///rs2b0t/bot/scripts/bot/main.js:15:37)
    at globalThis.__rs_tick (file:///rs2b0t/bot/scripts/bot/main.js:8:16)
[script liveb71btf_0] [rs2b0t] listener error not impl: reader.selfChat
[script liveb71btf_1] [rs2b0t] listener error not impl: reader.selfChat
[host] slot liveb71btf_1: d_loop_us=829 d_raster_us=0 d_observe_us=53162 max_observe_us=6407 d_paints=0 d_skips=50 d_ticks=2 window_ms=1196
[host] slot liveb71btf_0: d_loop_us=836 d_raster_us=0 d_observe_us=53651 max_observe_us=7343 d_paints=0 d_skips=50 d_ticks=2 window_ms=1181
[rs2b0t] listener error Error: not impl: reader.selfChat
    at notImpl (file:///rs2b0t/bot/shim/_kernel.js:5:5)
    at Object.get (file:///rs2b0t/bot/shim/_kernel.js:17:19)
    at DuelArena.observeFightState (file:///rs2b0t/bot/scripts/bot/bot.js:288:70)
    at file:///rs2b0t/bot/scripts/bot/bot.js:93:63
    at globalThis.__rs2b0t_fire_tick_listeners (file:///rs2b0t/bot/runtime/BotHost.js:14:13)
    at globalThis.__rs2b0t_pump (file:///rs2b0t/bot/api/execution/Execution.js:107:37)
[rs2b0t] listener error Error: not impl: reader.selfChat
    at notImpl (file:///rs2b0t/bot/shim/_kernel.js:5:5)
    at Object.get (file:///rs2b0t/bot/shim/_kernel.js:17:19)
    at DuelArena.observeFightState (file:///rs2b0t/bot/scripts/bot/bot.js:288:70)
    at file:///rs2b0t/bot/scripts/bot/bot.js:93:63
    at globalThis.__rs2b0t_fire_tick_listeners (file:///rs2b0t/bot/runtime/BotHost.js:14:13)
    at globalThis.__rs2b0t_pump (file:///rs2b0t/bot/api/execution/Execution.js:107:37)
[script liveb71btf_0] [rs2b0t] listener error not impl: reader.selfChat
[script liveb71btf_1] [rs2b0t] listener error not impl: reader.selfChat
[rs2b0t] listener error Error: not impl: reader.selfChat
    at notImpl (file:///rs2b0t/bot/shim/_kernel.js:5:5)
    at Object.get (file:///rs2b0t/bot/shim/_kernel.js:17:19)
    at DuelArena.observeFightState (file:///rs2b0t/bot/scripts/bot/bot.js:288:70)
    at file:///rs2b0t/bot/scripts/bot/bot.js:93:63
    at globalThis.__rs2b0t_fire_tick_listeners (file:///rs2b0t/bot/runtime/BotHost.js:14:13)
    at globalThis.__rs2b0t_tick_async (file:///rs2b0t/bot/scripts/bot/main.js:15:37)
    at globalThis.__rs_tick (file:///rs2b0t/bot/scripts/bot/main.js:8:16)
[rs2b0t] listener error Error: not impl: reader.selfChat
    at notImpl (file:///rs2b0t/bot/shim/_kernel.js:5:5)
    at Object.get (file:///rs2b0t/bot/shim/_kernel.js:17:19)
    at DuelArena.observeFightState (file:///rs2b0t/bot/scripts/bot/bot.js:288:70)
    at file:///rs2b0t/bot/scripts/bot/bot.js:93:63
    at globalThis.__rs2b0t_fire_tick_listeners (file:///rs2b0t/bot/runtime/BotHost.js:14:13)
    at globalThis.__rs2b0t_tick_async (file:///rs2b0t/bot/scripts/bot/main.js:15:37)
    at globalThis.__rs_tick (file:///rs2b0t/bot/scripts/bot/main.js:8:16)
[script liveb71btf_0] [rs2b0t] listener error not impl: reader.selfChat
[script liveb71btf_1] [rs2b0t] listener error not impl: reader.selfChat
[host] slot liveb71btf_1: d_loop_us=761 d_raster_us=0 d_observe_us=43454 max_observe_us=5192 d_paints=0 d_skips=50 d_ticks=2 window_ms=1180
[host] slot liveb71btf_0: d_loop_us=726 d_raster_us=0 d_observe_us=40443 max_observe_us=5577 d_paints=0 d_skips=50 d_ticks=2 window_ms=1151
[rs2b0t] listener error Error: not impl: reader.selfChat
    at notImpl (file:///rs2b0t/bot/shim/_kernel.js:5:5)
    at Object.get (file:///rs2b0t/bot/shim/_kernel.js:17:19)
    at DuelArena.observeFightState (file:///rs2b0t/bot/scripts/bot/bot.js:288:70)
    at file:///rs2b0t/bot/scripts/bot/bot.js:93:63
    at globalThis.__rs2b0t_fire_tick_listeners (file:///rs2b0t/bot/runtime/BotHost.js:14:13)
    at globalThis.__rs2b0t_pump (file:///rs2b0t/bot/api/execution/Execution.js:107:37)
[rs2b0t] listener error Error: not impl: reader.selfChat
    at notImpl (file:///rs2b0t/bot/shim/_kernel.js:5:5)
    at Object.get (file:///rs2b0t/bot/shim/_kernel.js:17:19)
    at DuelArena.observeFightState (file:///rs2b0t/bot/scripts/bot/bot.js:288:70)
    at file:///rs2b0t/bot/scripts/bot/bot.js:93:63
    at globalThis.__rs2b0t_fire_tick_listeners (file:///rs2b0t/bot/runtime/BotHost.js:14:13)
    at globalThis.__rs2b0t_pump (file:///rs2b0t/bot/api/execution/Execution.js:107:37)
[script liveb71btf_0] [rs2b0t] listener error not impl: reader.selfChat
[script liveb71btf_1] [rs2b0t] listener error not impl: reader.selfChat
[rs2b0t] listener error Error: not impl: reader.selfChat
    at notImpl (file:///rs2b0t/bot/shim/_kernel.js:5:5)
    at Object.get (file:///rs2b0t/bot/shim/_kernel.js:17:19)
    at DuelArena.observeFightState (file:///rs2b0t/bot/scripts/bot/bot.js:288:70)
    at file:///rs2b0t/bot/scripts/bot/bot.js:93:63
    at globalThis.__rs2b0t_fire_tick_listeners (file:///rs2b0t/bot/runtime/BotHost.js:14:13)
    at globalThis.__rs2b0t_tick_async (file:///rs2b0t/bot/scripts/bot/main.js:15:37)
    at globalThis.__rs_tick (file:///rs2b0t/bot/scripts/bot/main.js:8:16)
[rs2b0t] listener error Error: not impl: reader.selfChat
    at notImpl (file:///rs2b0t/bot/shim/_kernel.js:5:5)
    at Object.get (file:///rs2b0t/bot/shim/_kernel.js:17:19)
    at DuelArena.observeFightState (file:///rs2b0t/bot/scripts/bot/bot.js:288:70)
    at file:///rs2b0t/bot/scripts/bot/bot.js:93:63
    at globalThis.__rs2b0t_fire_tick_listeners (file:///rs2b0t/bot/runtime/BotHost.js:14:13)
    at globalThis.__rs2b0t_tick_async (file:///rs2b0t/bot/scripts/bot/main.js:15:37)
    at globalThis.__rs_tick (file:///rs2b0t/bot/scripts/bot/main.js:8:16)
[script liveb71btf_1] [rs2b0t] listener error not impl: reader.selfChat
[script liveb71btf_0] [rs2b0t] listener error not impl: reader.selfChat
[host] slot liveb71btf_1: d_loop_us=760 d_raster_us=0 d_observe_us=32600 max_observe_us=5110 d_paints=0 d_skips=50 d_ticks=2 window_ms=1167
[host] slot liveb71btf_0: d_loop_us=794 d_raster_us=0 d_observe_us=31544 max_observe_us=5858 d_paints=0 d_skips=50 d_ticks=2 window_ms=1192
[rs2b0t] listener error Error: not impl: reader.selfChat
    at notImpl (file:///rs2b0t/bot/shim/_kernel.js:5:5)
    at Object.get (file:///rs2b0t/bot/shim/_kernel.js:17:19)
    at DuelArena.observeFightState (file:///rs2b0t/bot/scripts/bot/bot.js:288:70)
    at file:///rs2b0t/bot/scripts/bot/bot.js:93:63
    at globalThis.__rs2b0t_fire_tick_listeners (file:///rs2b0t/bot/runtime/BotHost.js:14:13)
    at globalThis.__rs2b0t_pump (file:///rs2b0t/bot/api/execution/Execution.js:107:37)
[rs2b0t] listener error Error: not impl: reader.selfChat
    at notImpl (file:///rs2b0t/bot/shim/_kernel.js:5:5)
    at Object.get (file:///rs2b0t/bot/shim/_kernel.js:17:19)
    at DuelArena.observeFightState (file:///rs2b0t/bot/scripts/bot/bot.js:288:70)
    at file:///rs2b0t/bot/scripts/bot/bot.js:93:63
    at globalThis.__rs2b0t_fire_tick_listeners (file:///rs2b0t/bot/runtime/BotHost.js:14:13)
    at globalThis.__rs2b0t_pump (file:///rs2b0t/bot/api/execution/Execution.js:107:37)
[script liveb71btf_1] [rs2b0t] listener error not impl: reader.selfChat
[script liveb71btf_0] [rs2b0t] listener error not impl: reader.selfChat
[rs2b0t] listener error Error: not impl: reader.selfChat
    at notImpl (file:///rs2b0t/bot/shim/_kernel.js:5:5)
    at Object.get (file:///rs2b0t/bot/shim/_kernel.js:17:19)
    at DuelArena.observeFightState (file:///rs2b0t/bot/scripts/bot/bot.js:288:70)
    at file:///rs2b0t/bot/scripts/bot/bot.js:93:63
    at globalThis.__rs2b0t_fire_tick_listeners (file:///rs2b0t/bot/runtime/BotHost.js:14:13)
    at globalThis.__rs2b0t_tick_async (file:///rs2b0t/bot/scripts/bot/main.js:15:37)
    at globalThis.__rs_tick (file:///rs2b0t/bot/scripts/bot/main.js:8:16)
[rs2b0t] listener error Error: not impl: reader.selfChat
    at notImpl (file:///rs2b0t/bot/shim/_kernel.js:5:5)
    at Object.get (file:///rs2b0t/bot/shim/_kernel.js:17:19)
    at DuelArena.observeFightState (file:///rs2b0t/bot/scripts/bot/bot.js:288:70)
    at file:///rs2b0t/bot/scripts/bot/bot.js:93:63
    at globalThis.__rs2b0t_fire_tick_listeners (file:///rs2b0t/bot/runtime/BotHost.js:14:13)
    at globalThis.__rs2b0t_tick_async (file:///rs2b0t/bot/scripts/bot/main.js:15:37)
    at globalThis.__rs_tick (file:///rs2b0t/bot/scripts/bot/main.js:8:16)
[script liveb71btf_0] [rs2b0t] listener error not impl: reader.selfChat
[script liveb71btf_1] [rs2b0t] listener error not impl: reader.selfChat
[host] slot liveb71btf_1: d_loop_us=657 d_raster_us=0 d_observe_us=32867 max_observe_us=5311 d_paints=0 d_skips=50 d_ticks=2 window_ms=1166
[host] slot liveb71btf_0: d_loop_us=775 d_raster_us=0 d_observe_us=31678 max_observe_us=5350 d_paints=0 d_skips=50 d_ticks=2 window_ms=1176
[rs2b0t] listener error Error: not impl: reader.selfChat
    at notImpl (file:///rs2b0t/bot/shim/_kernel.js:5:5)
    at Object.get (file:///rs2b0t/bot/shim/_kernel.js:17:19)
    at DuelArena.observeFightState (file:///rs2b0t/bot/scripts/bot/bot.js:288:70)
    at file:///rs2b0t/bot/scripts/bot/bot.js:93:63
    at globalThis.__rs2b0t_fire_tick_listeners (file:///rs2b0t/bot/runtime/BotHost.js:14:13)
    at globalThis.__rs2b0t_pump (file:///rs2b0t/bot/api/execution/Execution.js:107:37)
[rs2b0t] listener error Error: not impl: reader.selfChat
    at notImpl (file:///rs2b0t/bot/shim/_kernel.js:5:5)
    at Object.get (file:///rs2b0t/bot/shim/_kernel.js:17:19)
    at DuelArena.observeFightState (file:///rs2b0t/bot/scripts/bot/bot.js:288:70)
    at file:///rs2b0t/bot/scripts/bot/bot.js:93:63
    at globalThis.__rs2b0t_fire_tick_listeners (file:///rs2b0t/bot/runtime/BotHost.js:14:13)
    at globalThis.__rs2b0t_pump (file:///rs2b0t/bot/api/execution/Execution.js:107:37)
[script liveb71btf_0] [rs2b0t] listener error not impl: reader.selfChat
[script liveb71btf_1] [rs2b0t] listener error not impl: reader.selfChat
[rs2b0t] listener error Error: not impl: reader.selfChat
    at notImpl (file:///rs2b0t/bot/shim/_kernel.js:5:5)
    at Object.get (file:///rs2b0t/bot/shim/_kernel.js:17:19)
    at DuelArena.observeFightState (file:///rs2b0t/bot/scripts/bot/bot.js:288:70)
    at file:///rs2b0t/bot/scripts/bot/bot.js:93:63
    at globalThis.__rs2b0t_fire_tick_listeners (file:///rs2b0t/bot/runtime/BotHost.js:14:13)
    at globalThis.__rs2b0t_tick_async (file:///rs2b0t/bot/scripts/bot/main.js:15:37)
    at globalThis.__rs_tick (file:///rs2b0t/bot/scripts/bot/main.js:8:16)
[rs2b0t] listener error Error: not impl: reader.selfChat
    at notImpl (file:///rs2b0t/bot/shim/_kernel.js:5:5)
    at Object.get (file:///rs2b0t/bot/shim/_kernel.js:17:19)
    at DuelArena.observeFightState (file:///rs2b0t/bot/scripts/bot/bot.js:288:70)
    at file:///rs2b0t/bot/scripts/bot/bot.js:93:63
    at globalThis.__rs2b0t_fire_tick_listeners (file:///rs2b0t/bot/runtime/BotHost.js:14:13)
    at globalThis.__rs2b0t_tick_async (file:///rs2b0t/bot/scripts/bot/main.js:15:37)
    at globalThis.__rs_tick (file:///rs2b0t/bot/scripts/bot/main.js:8:16)
[script liveb71btf_1] [rs2b0t] listener error not impl: reader.selfChat
[script liveb71btf_0] [rs2b0t] listener error not impl: reader.selfChat
[host] slot liveb71btf_1: d_loop_us=704 d_raster_us=0 d_observe_us=33340 max_observe_us=5353 d_paints=0 d_skips=50 d_ticks=2 window_ms=1190
[host] slot liveb71btf_0: d_loop_us=705 d_raster_us=0 d_observe_us=31730 max_observe_us=5305 d_paints=0 d_skips=50 d_ticks=2 window_ms=1200
[rs2b0t] listener error Error: not impl: reader.selfChat
    at notImpl (file:///rs2b0t/bot/shim/_kernel.js:5:5)
    at Object.get (file:///rs2b0t/bot/shim/_kernel.js:17:19)
    at DuelArena.observeFightState (file:///rs2b0t/bot/scripts/bot/bot.js:288:70)
    at file:///rs2b0t/bot/scripts/bot/bot.js:93:63
    at globalThis.__rs2b0t_fire_tick_listeners (file:///rs2b0t/bot/runtime/BotHost.js:14:13)
    at globalThis.__rs2b0t_pump (file:///rs2b0t/bot/api/execution/Execution.js:107:37)
[rs2b0t] listener error Error: not impl: reader.selfChat
    at notImpl (file:///rs2b0t/bot/shim/_kernel.js:5:5)
    at Object.get (file:///rs2b0t/bot/shim/_kernel.js:17:19)
    at DuelArena.observeFightState (file:///rs2b0t/bot/scripts/bot/bot.js:288:70)
    at file:///rs2b0t/bot/scripts/bot/bot.js:93:63
    at globalThis.__rs2b0t_fire_tick_listeners (file:///rs2b0t/bot/runtime/BotHost.js:14:13)
    at globalThis.__rs2b0t_pump (file:///rs2b0t/bot/api/execution/Execution.js:107:37)
[script liveb71btf_1] [rs2b0t] listener error not impl: reader.selfChat
[script liveb71btf_0] [rs2b0t] listener error not impl: reader.selfChat
[rs2b0t] listener error Error: not impl: reader.selfChat
    at notImpl (file:///rs2b0t/bot/shim/_kernel.js:5:5)
    at Object.get (file:///rs2b0t/bot/shim/_kernel.js:17:19)
    at DuelArena.observeFightState (file:///rs2b0t/bot/scripts/bot/bot.js:288:70)
    at file:///rs2b0t/bot/scripts/bot/bot.js:93:63
    at globalThis.__rs2b0t_fire_tick_listeners (file:///rs2b0t/bot/runtime/BotHost.js:14:13)
    at globalThis.__rs2b0t_tick_async (file:///rs2b0t/bot/scripts/bot/main.js:15:37)
    at globalThis.__rs_tick (file:///rs2b0t/bot/scripts/bot/main.js:8:16)
[rs2b0t] listener error Error: not impl: reader.selfChat
    at notImpl (file:///rs2b0t/bot/shim/_kernel.js:5:5)
    at Object.get (file:///rs2b0t/bot/shim/_kernel.js:17:19)
    at DuelArena.observeFightState (file:///rs2b0t/bot/scripts/bot/bot.js:288:70)
    at file:///rs2b0t/bot/scripts/bot/bot.js:93:63
    at globalThis.__rs2b0t_fire_tick_listeners (file:///rs2b0t/bot/runtime/BotHost.js:14:13)
    at globalThis.__rs2b0t_tick_async (file:///rs2b0t/bot/scripts/bot/main.js:15:37)
    at globalThis.__rs_tick (file:///rs2b0t/bot/scripts/bot/main.js:8:16)
[script liveb71btf_0] [rs2b0t] listener error not impl: reader.selfChat
[script liveb71btf_1] [rs2b0t] listener error not impl: reader.selfChat
[host] slot liveb71btf_1: d_loop_us=685 d_raster_us=0 d_observe_us=32366 max_observe_us=5275 d_paints=0 d_skips=50 d_ticks=2 window_ms=1162
[host] slot liveb71btf_0: d_loop_us=680 d_raster_us=0 d_observe_us=32071 max_observe_us=5359 d_paints=0 d_skips=50 d_ticks=2 window_ms=1179
[rs2b0t] listener error Error: not impl: reader.selfChat
    at notImpl (file:///rs2b0t/bot/shim/_kernel.js:5:5)
    at Object.get (file:///rs2b0t/bot/shim/_kernel.js:17:19)
    at DuelArena.observeFightState (file:///rs2b0t/bot/scripts/bot/bot.js:288:70)
    at file:///rs2b0t/bot/scripts/bot/bot.js:93:63
    at globalThis.__rs2b0t_fire_tick_listeners (file:///rs2b0t/bot/runtime/BotHost.js:14:13)
    at globalThis.__rs2b0t_pump (file:///rs2b0t/bot/api/execution/Execution.js:107:37)
[rs2b0t] listener error Error: not impl: reader.selfChat
    at notImpl (file:///rs2b0t/bot/shim/_kernel.js:5:5)
    at Object.get (file:///rs2b0t/bot/shim/_kernel.js:17:19)
    at DuelArena.observeFightState (file:///rs2b0t/bot/scripts/bot/bot.js:288:70)
    at file:///rs2b0t/bot/scripts/bot/bot.js:93:63
    at globalThis.__rs2b0t_fire_tick_listeners (file:///rs2b0t/bot/runtime/BotHost.js:14:13)
    at globalThis.__rs2b0t_pump (file:///rs2b0t/bot/api/execution/Execution.js:107:37)
[script liveb71btf_0] [rs2b0t] listener error not impl: reader.selfChat
[script liveb71btf_1] [rs2b0t] listener error not impl: reader.selfChat
[rs2b0t] listener error Error: not impl: reader.selfChat
    at notImpl (file:///rs2b0t/bot/shim/_kernel.js:5:5)
    at Object.get (file:///rs2b0t/bot/shim/_kernel.js:17:19)
    at DuelArena.observeFightState (file:///rs2b0t/bot/scripts/bot/bot.js:288:70)
    at file:///rs2b0t/bot/scripts/bot/bot.js:93:63
    at globalThis.__rs2b0t_fire_tick_listeners (file:///rs2b0t/bot/runtime/BotHost.js:14:13)
    at globalThis.__rs2b0t_tick_async (file:///rs2b0t/bot/scripts/bot/main.js:15:37)
    at globalThis.__rs_tick (file:///rs2b0t/bot/scripts/bot/main.js:8:16)
[rs2b0t] listener error Error: not impl: reader.selfChat
    at notImpl (file:///rs2b0t/bot/shim/_kernel.js:5:5)
    at Object.get (file:///rs2b0t/bot/shim/_kernel.js:17:19)
    at DuelArena.observeFightState (file:///rs2b0t/bot/scripts/bot/bot.js:288:70)
    at file:///rs2b0t/bot/scripts/bot/bot.js:93:63
    at globalThis.__rs2b0t_fire_tick_listeners (file:///rs2b0t/bot/runtime/BotHost.js:14:13)
    at globalThis.__rs2b0t_tick_async (file:///rs2b0t/bot/scripts/bot/main.js:15:37)
    at globalThis.__rs_tick (file:///rs2b0t/bot/scripts/bot/main.js:8:16)
[script liveb71btf_0] [rs2b0t] listener error not impl: reader.selfChat
[script liveb71btf_1] [rs2b0t] listener error not impl: reader.selfChat
[host] slot liveb71btf_1: d_loop_us=658 d_raster_us=0 d_observe_us=31436 max_observe_us=5005 d_paints=0 d_skips=50 d_ticks=2 window_ms=1177
[host] slot liveb71btf_0: d_loop_us=761 d_raster_us=0 d_observe_us=32958 max_observe_us=5289 d_paints=0 d_skips=50 d_ticks=2 window_ms=1186
[rs2b0t] listener error Error: not impl: reader.selfChat
    at notImpl (file:///rs2b0t/bot/shim/_kernel.js:5:5)
    at Object.get (file:///rs2b0t/bot/shim/_kernel.js:17:19)
    at DuelArena.observeFightState (file:///rs2b0t/bot/scripts/bot/bot.js:288:70)
    at file:///rs2b0t/bot/scripts/bot/bot.js:93:63
    at globalThis.__rs2b0t_fire_tick_listeners (file:///rs2b0t/bot/runtime/BotHost.js:14:13)
    at globalThis.__rs2b0t_pump (file:///rs2b0t/bot/api/execution/Execution.js:107:37)
[rs2b0t] listener error Error: not impl: reader.selfChat
    at notImpl (file:///rs2b0t/bot/shim/_kernel.js:5:5)
    at Object.get (file:///rs2b0t/bot/shim/_kernel.js:17:19)
    at DuelArena.observeFightState (file:///rs2b0t/bot/scripts/bot/bot.js:288:70)
    at file:///rs2b0t/bot/scripts/bot/bot.js:93:63
    at globalThis.__rs2b0t_fire_tick_listeners (file:///rs2b0t/bot/runtime/BotHost.js:14:13)
    at globalThis.__rs2b0t_pump (file:///rs2b0t/bot/api/execution/Execution.js:107:37)
[script liveb71btf_1] [rs2b0t] listener error not impl: reader.selfChat
[script liveb71btf_0] [rs2b0t] listener error not impl: reader.selfChat
[host] slot liveb71btf_1: d_loop_us=590 d_raster_us=0 d_observe_us=32594 max_observe_us=5211 d_paints=0 d_skips=50 d_ticks=2 window_ms=1163
[rs2b0t] listener error Error: not impl: reader.selfChat
    at notImpl (file:///rs2b0t/bot/shim/_kernel.js:5:5)
    at Object.get (file:///rs2b0t/bot/shim/_kernel.js:17:19)
    at DuelArena.observeFightState (file:///rs2b0t/bot/scripts/bot/bot.js:288:70)
    at file:///rs2b0t/bot/scripts/bot/bot.js:93:63
    at globalThis.__rs2b0t_fire_tick_listeners (file:///rs2b0t/bot/runtime/BotHost.js:14:13)
    at globalThis.__rs2b0t_tick_async (file:///rs2b0t/bot/scripts/bot/main.js:15:37)
    at globalThis.__rs_tick (file:///rs2b0t/bot/scripts/bot/main.js:8:16)
[script liveb71btf_1] [rs2b0t] listener error not impl: reader.selfChat
[rs2b0t] listener error Error: not impl: reader.selfChat
    at notImpl (file:///rs2b0t/bot/shim/_kernel.js:5:5)
    at Object.get (file:///rs2b0t/bot/shim/_kernel.js:17:19)
    at DuelArena.observeFightState (file:///rs2b0t/bot/scripts/bot/bot.js:288:70)
    at file:///rs2b0t/bot/scripts/bot/bot.js:93:63
    at globalThis.__rs2b0t_fire_tick_listeners (file:///rs2b0t/bot/runtime/BotHost.js:14:13)
    at globalThis.__rs2b0t_tick_async (file:///rs2b0t/bot/scripts/bot/main.js:15:37)
    at globalThis.__rs_tick (file:///rs2b0t/bot/scripts/bot/main.js:8:16)
[script liveb71btf_0] [rs2b0t] listener error not impl: reader.selfChat
[host] slot liveb71btf_0: d_loop_us=659 d_raster_us=0 d_observe_us=31566 max_observe_us=5196 d_paints=0 d_skips=50 d_ticks=2 window_ms=1176
[rs2b0t] listener error Error: not impl: reader.selfChat
    at notImpl (file:///rs2b0t/bot/shim/_kernel.js:5:5)
    at Object.get (file:///rs2b0t/bot/shim/_kernel.js:17:19)
    at DuelArena.observeFightState (file:///rs2b0t/bot/scripts/bot/bot.js:288:70)
    at file:///rs2b0t/bot/scripts/bot/bot.js:93:63
    at globalThis.__rs2b0t_fire_tick_listeners (file:///rs2b0t/bot/runtime/BotHost.js:14:13)
    at globalThis.__rs2b0t_pump (file:///rs2b0t/bot/api/execution/Execution.js:107:37)
[rs2b0t] listener error Error: not impl: reader.selfChat
    at notImpl (file:///rs2b0t/bot/shim/_kernel.js:5:5)
    at Object.get (file:///rs2b0t/bot/shim/_kernel.js:17:19)
    at DuelArena.observeFightState (file:///rs2b0t/bot/scripts/bot/bot.js:288:70)
    at file:///rs2b0t/bot/scripts/bot/bot.js:93:63
    at globalThis.__rs2b0t_fire_tick_listeners (file:///rs2b0t/bot/runtime/BotHost.js:14:13)
    at globalThis.__rs2b0t_pump (file:///rs2b0t/bot/api/execution/Execution.js:107:37)
[script liveb71btf_1] [rs2b0t] listener error not impl: reader.selfChat
[script liveb71btf_0] [rs2b0t] listener error not impl: reader.selfChat
[host] slot liveb71btf_1: d_loop_us=664 d_raster_us=0 d_observe_us=28109 max_observe_us=5137 d_paints=0 d_skips=50 d_ticks=1 window_ms=1166
[rs2b0t] listener error Error: not impl: reader.selfChat
    at notImpl (file:///rs2b0t/bot/shim/_kernel.js:5:5)
    at Object.get (file:///rs2b0t/bot/shim/_kernel.js:17:19)
    at DuelArena.observeFightState (file:///rs2b0t/bot/scripts/bot/bot.js:288:70)
    at file:///rs2b0t/bot/scripts/bot/bot.js:93:63
    at globalThis.__rs2b0t_fire_tick_listeners (file:///rs2b0t/bot/runtime/BotHost.js:14:13)
    at globalThis.__rs2b0t_tick_async (file:///rs2b0t/bot/scripts/bot/main.js:15:37)
    at globalThis.__rs_tick (file:///rs2b0t/bot/scripts/bot/main.js:8:16)
[script liveb71btf_0] [rs2b0t] listener error not impl: reader.selfChat
[rs2b0t] listener error Error: not impl: reader.selfChat
    at notImpl (file:///rs2b0t/bot/shim/_kernel.js:5:5)
    at Object.get (file:///rs2b0t/bot/shim/_kernel.js:17:19)
    at DuelArena.observeFightState (file:///rs2b0t/bot/scripts/bot/bot.js:288:70)
    at file:///rs2b0t/bot/scripts/bot/bot.js:93:63
    at globalThis.__rs2b0t_fire_tick_listeners (file:///rs2b0t/bot/runtime/BotHost.js:14:13)
    at globalThis.__rs2b0t_tick_async (file:///rs2b0t/bot/scripts/bot/main.js:15:37)
    at globalThis.__rs_tick (file:///rs2b0t/bot/scripts/bot/main.js:8:16)
[script liveb71btf_1] [rs2b0t] listener error not impl: reader.selfChat
[host] slot liveb71btf_0: d_loop_us=728 d_raster_us=0 d_observe_us=31439 max_observe_us=5450 d_paints=0 d_skips=50 d_ticks=2 window_ms=1179
[rs2b0t] listener error Error: not impl: reader.selfChat
    at notImpl (file:///rs2b0t/bot/shim/_kernel.js:5:5)
    at Object.get (file:///rs2b0t/bot/shim/_kernel.js:17:19)
    at DuelArena.observeFightState (file:///rs2b0t/bot/scripts/bot/bot.js:288:70)
    at file:///rs2b0t/bot/scripts/bot/bot.js:93:63
    at globalThis.__rs2b0t_fire_tick_listeners (file:///rs2b0t/bot/runtime/BotHost.js:14:13)
    at globalThis.__rs2b0t_pump (file:///rs2b0t/bot/api/execution/Execution.js:107:37)
[rs2b0t] listener error Error: not impl: reader.selfChat
    at notImpl (file:///rs2b0t/bot/shim/_kernel.js:5:5)
    at Object.get (file:///rs2b0t/bot/shim/_kernel.js:17:19)
    at DuelArena.observeFightState (file:///rs2b0t/bot/scripts/bot/bot.js:288:70)
    at file:///rs2b0t/bot/scripts/bot/bot.js:93:63
    at globalThis.__rs2b0t_fire_tick_listeners (file:///rs2b0t/bot/runtime/BotHost.js:14:13)
    at globalThis.__rs2b0t_pump (file:///rs2b0t/bot/api/execution/Execution.js:107:37)
[script liveb71btf_0] [rs2b0t] listener error not impl: reader.selfChat
[script liveb71btf_1] [rs2b0t] listener error not impl: reader.selfChat
[host] slot liveb71btf_1: d_loop_us=644 d_raster_us=0 d_observe_us=32428 max_observe_us=5263 d_paints=0 d_skips=50 d_ticks=2 window_ms=1169
[rs2b0t] listener error Error: not impl: reader.selfChat
    at notImpl (file:///rs2b0t/bot/shim/_kernel.js:5:5)
    at Object.get (file:///rs2b0t/bot/shim/_kernel.js:17:19)
    at DuelArena.observeFightState (file:///rs2b0t/bot/scripts/bot/bot.js:288:70)
    at file:///rs2b0t/bot/scripts/bot/bot.js:93:63
    at globalThis.__rs2b0t_fire_tick_listeners (file:///rs2b0t/bot/runtime/BotHost.js:14:13)
    at globalThis.__rs2b0t_tick_async (file:///rs2b0t/bot/scripts/bot/main.js:15:37)
    at globalThis.__rs_tick (file:///rs2b0t/bot/scripts/bot/main.js:8:16)
[rs2b0t] listener error Error: not impl: reader.selfChat
    at notImpl (file:///rs2b0t/bot/shim/_kernel.js:5:5)
    at Object.get (file:///rs2b0t/bot/shim/_kernel.js:17:19)
    at DuelArena.observeFightState (file:///rs2b0t/bot/scripts/bot/bot.js:288:70)
    at file:///rs2b0t/bot/scripts/bot/bot.js:93:63
    at globalThis.__rs2b0t_fire_tick_listeners (file:///rs2b0t/bot/runtime/BotHost.js:14:13)
    at globalThis.__rs2b0t_tick_async (file:///rs2b0t/bot/scripts/bot/main.js:15:37)
    at globalThis.__rs_tick (file:///rs2b0t/bot/scripts/bot/main.js:8:16)
[script liveb71btf_1] [rs2b0t] listener error not impl: reader.selfChat
[script liveb71btf_0] [rs2b0t] listener error not impl: reader.selfChat
[host] slot liveb71btf_0: d_loop_us=715 d_raster_us=0 d_observe_us=32183 max_observe_us=5449 d_paints=0 d_skips=50 d_ticks=2 window_ms=1170
[rs2b0t] listener error Error: not impl: reader.selfChat
    at notImpl (file:///rs2b0t/bot/shim/_kernel.js:5:5)
    at Object.get (file:///rs2b0t/bot/shim/_kernel.js:17:19)
    at DuelArena.observeFightState (file:///rs2b0t/bot/scripts/bot/bot.js:288:70)
    at file:///rs2b0t/bot/scripts/bot/bot.js:93:63
    at globalThis.__rs2b0t_fire_tick_listeners (file:///rs2b0t/bot/runtime/BotHost.js:14:13)
    at globalThis.__rs2b0t_pump (file:///rs2b0t/bot/api/execution/Execution.js:107:37)
[rs2b0t] listener error Error: not impl: reader.selfChat
    at notImpl (file:///rs2b0t/bot/shim/_kernel.js:5:5)
    at Object.get (file:///rs2b0t/bot/shim/_kernel.js:17:19)
    at DuelArena.observeFightState (file:///rs2b0t/bot/scripts/bot/bot.js:288:70)
    at file:///rs2b0t/bot/scripts/bot/bot.js:93:63
    at globalThis.__rs2b0t_fire_tick_listeners (file:///rs2b0t/bot/runtime/BotHost.js:14:13)
    at globalThis.__rs2b0t_pump (file:///rs2b0t/bot/api/execution/Execution.js:107:37)
[script liveb71btf_1] [rs2b0t] listener error not impl: reader.selfChat
[script liveb71btf_0] [rs2b0t] listener error not impl: reader.selfChat
[host] slot liveb71btf_1: d_loop_us=596 d_raster_us=0 d_observe_us=32619 max_observe_us=5277 d_paints=0 d_skips=50 d_ticks=2 window_ms=1167
[rs2b0t] listener error Error: not impl: reader.selfChat
    at notImpl (file:///rs2b0t/bot/shim/_kernel.js:5:5)
    at Object.get (file:///rs2b0t/bot/shim/_kernel.js:17:19)
    at DuelArena.observeFightState (file:///rs2b0t/bot/scripts/bot/bot.js:288:70)
    at file:///rs2b0t/bot/scripts/bot/bot.js:93:63
    at globalThis.__rs2b0t_fire_tick_listeners (file:///rs2b0t/bot/runtime/BotHost.js:14:13)
    at globalThis.__rs2b0t_tick_async (file:///rs2b0t/bot/scripts/bot/main.js:15:37)
    at globalThis.__rs_tick (file:///rs2b0t/bot/scripts/bot/main.js:8:16)
[rs2b0t] listener error Error: not impl: reader.selfChat
    at notImpl (file:///rs2b0t/bot/shim/_kernel.js:5:5)
    at Object.get (file:///rs2b0t/bot/shim/_kernel.js:17:19)
    at DuelArena.observeFightState (file:///rs2b0t/bot/scripts/bot/bot.js:288:70)
    at file:///rs2b0t/bot/scripts/bot/bot.js:93:63
    at globalThis.__rs2b0t_fire_tick_listeners (file:///rs2b0t/bot/runtime/BotHost.js:14:13)
    at globalThis.__rs2b0t_tick_async (file:///rs2b0t/bot/scripts/bot/main.js:15:37)
    at globalThis.__rs_tick (file:///rs2b0t/bot/scripts/bot/main.js:8:16)
[script liveb71btf_1] [rs2b0t] listener error not impl: reader.selfChat
[script liveb71btf_0] [rs2b0t] listener error not impl: reader.selfChat
[host] slot liveb71btf_0: d_loop_us=810 d_raster_us=0 d_observe_us=31386 max_observe_us=5499 d_paints=0 d_skips=50 d_ticks=2 window_ms=1170
[rs2b0t] listener error Error: not impl: reader.selfChat
    at notImpl (file:///rs2b0t/bot/shim/_kernel.js:5:5)
    at Object.get (file:///rs2b0t/bot/shim/_kernel.js:17:19)
    at DuelArena.observeFightState (file:///rs2b0t/bot/scripts/bot/bot.js:288:70)
    at file:///rs2b0t/bot/scripts/bot/bot.js:93:63
    at globalThis.__rs2b0t_fire_tick_listeners (file:///rs2b0t/bot/runtime/BotHost.js:14:13)
    at globalThis.__rs2b0t_pump (file:///rs2b0t/bot/api/execution/Execution.js:107:37)
[rs2b0t] listener error Error: not impl: reader.selfChat
    at notImpl (file:///rs2b0t/bot/shim/_kernel.js:5:5)
    at Object.get (file:///rs2b0t/bot/shim/_kernel.js:17:19)
    at DuelArena.observeFightState (file:///rs2b0t/bot/scripts/bot/bot.js:288:70)
    at file:///rs2b0t/bot/scripts/bot/bot.js:93:63
    at globalThis.__rs2b0t_fire_tick_listeners (file:///rs2b0t/bot/runtime/BotHost.js:14:13)
    at globalThis.__rs2b0t_pump (file:///rs2b0t/bot/api/execution/Execution.js:107:37)
[script liveb71btf_1] [rs2b0t] listener error not impl: reader.selfChat
[script liveb71btf_0] [rs2b0t] listener error not impl: reader.selfChat
[host] slot liveb71btf_1: d_loop_us=718 d_raster_us=0 d_observe_us=32614 max_observe_us=5287 d_paints=0 d_skips=50 d_ticks=2 window_ms=1155
[rs2b0t] listener error Error: not impl: reader.selfChat
    at notImpl (file:///rs2b0t/bot/shim/_kernel.js:5:5)
    at Object.get (file:///rs2b0t/bot/shim/_kernel.js:17:19)
    at DuelArena.observeFightState (file:///rs2b0t/bot/scripts/bot/bot.js:288:70)
    at file:///rs2b0t/bot/scripts/bot/bot.js:93:63
    at globalThis.__rs2b0t_fire_tick_listeners (file:///rs2b0t/bot/runtime/BotHost.js:14:13)
    at globalThis.__rs2b0t_tick_async (file:///rs2b0t/bot/scripts/bot/main.js:15:37)
    at globalThis.__rs_tick (file:///rs2b0t/bot/scripts/bot/main.js:8:16)
[rs2b0t] listener error Error: not impl: reader.selfChat
    at notImpl (file:///rs2b0t/bot/shim/_kernel.js:5:5)
    at Object.get (file:///rs2b0t/bot/shim/_kernel.js:17:19)
    at DuelArena.observeFightState (file:///rs2b0t/bot/scripts/bot/bot.js:288:70)
    at file:///rs2b0t/bot/scripts/bot/bot.js:93:63
    at globalThis.__rs2b0t_fire_tick_listeners (file:///rs2b0t/bot/runtime/BotHost.js:14:13)
    at globalThis.__rs2b0t_tick_async (file:///rs2b0t/bot/scripts/bot/main.js:15:37)
    at globalThis.__rs_tick (file:///rs2b0t/bot/scripts/bot/main.js:8:16)
[script liveb71btf_0] [rs2b0t] listener error not impl: reader.selfChat
[script liveb71btf_1] [rs2b0t] listener error not impl: reader.selfChat
[host] slot liveb71btf_0: d_loop_us=840 d_raster_us=0 d_observe_us=34663 max_observe_us=5598 d_paints=0 d_skips=50 d_ticks=2 window_ms=1194
[rs2b0t] listener error Error: not impl: reader.selfChat
    at notImpl (file:///rs2b0t/bot/shim/_kernel.js:5:5)
    at Object.get (file:///rs2b0t/bot/shim/_kernel.js:17:19)
    at DuelArena.observeFightState (file:///rs2b0t/bot/scripts/bot/bot.js:288:70)
    at file:///rs2b0t/bot/scripts/bot/bot.js:93:63
    at globalThis.__rs2b0t_fire_tick_listeners (file:///rs2b0t/bot/runtime/BotHost.js:14:13)
    at globalThis.__rs2b0t_pump (file:///rs2b0t/bot/api/execution/Execution.js:107:37)
[script liveb71btf_0] [rs2b0t] listener error not impl: reader.selfChat
[rs2b0t] listener error Error: not impl: reader.selfChat
    at notImpl (file:///rs2b0t/bot/shim/_kernel.js:5:5)
    at Object.get (file:///rs2b0t/bot/shim/_kernel.js:17:19)
    at DuelArena.observeFightState (file:///rs2b0t/bot/scripts/bot/bot.js:288:70)
    at file:///rs2b0t/bot/scripts/bot/bot.js:93:63
    at globalThis.__rs2b0t_fire_tick_listeners (file:///rs2b0t/bot/runtime/BotHost.js:14:13)
    at globalThis.__rs2b0t_pump (file:///rs2b0t/bot/api/execution/Execution.js:107:37)
[script liveb71btf_1] [rs2b0t] listener error not impl: reader.selfChat
[host] slot liveb71btf_1: d_loop_us=706 d_raster_us=0 d_observe_us=33028 max_observe_us=5575 d_paints=0 d_skips=50 d_ticks=2 window_ms=1201
[rs2b0t] listener error Error: not impl: reader.selfChat
    at notImpl (file:///rs2b0t/bot/shim/_kernel.js:5:5)
    at Object.get (file:///rs2b0t/bot/shim/_kernel.js:17:19)
    at DuelArena.observeFightState (file:///rs2b0t/bot/scripts/bot/bot.js:288:70)
    at file:///rs2b0t/bot/scripts/bot/bot.js:93:63
    at globalThis.__rs2b0t_fire_tick_listeners (file:///rs2b0t/bot/runtime/BotHost.js:14:13)
    at globalThis.__rs2b0t_tick_async (file:///rs2b0t/bot/scripts/bot/main.js:15:37)
    at globalThis.__rs_tick (file:///rs2b0t/bot/scripts/bot/main.js:8:16)
[rs2b0t] listener error Error: not impl: reader.selfChat
    at notImpl (file:///rs2b0t/bot/shim/_kernel.js:5:5)
    at Object.get (file:///rs2b0t/bot/shim/_kernel.js:17:19)
    at DuelArena.observeFightState (file:///rs2b0t/bot/scripts/bot/bot.js:288:70)
    at file:///rs2b0t/bot/scripts/bot/bot.js:93:63
    at globalThis.__rs2b0t_fire_tick_listeners (file:///rs2b0t/bot/runtime/BotHost.js:14:13)
    at globalThis.__rs2b0t_tick_async (file:///rs2b0t/bot/scripts/bot/main.js:15:37)
    at globalThis.__rs_tick (file:///rs2b0t/bot/scripts/bot/main.js:8:16)
[script liveb71btf_0] [rs2b0t] listener error not impl: reader.selfChat
[script liveb71btf_1] [rs2b0t] listener error not impl: reader.selfChat
[host] slot liveb71btf_0: d_loop_us=776 d_raster_us=0 d_observe_us=32059 max_observe_us=5402 d_paints=0 d_skips=50 d_ticks=2 window_ms=1173
[rs2b0t] listener error Error: not impl: reader.selfChat
    at notImpl (file:///rs2b0t/bot/shim/_kernel.js:5:5)
    at Object.get (file:///rs2b0t/bot/shim/_kernel.js:17:19)
    at DuelArena.observeFightState (file:///rs2b0t/bot/scripts/bot/bot.js:288:70)
    at file:///rs2b0t/bot/scripts/bot/bot.js:93:63
    at globalThis.__rs2b0t_fire_tick_listeners (file:///rs2b0t/bot/runtime/BotHost.js:14:13)
    at globalThis.__rs2b0t_pump (file:///rs2b0t/bot/api/execution/Execution.js:107:37)
[rs2b0t] listener error Error: not impl: reader.selfChat
    at notImpl (file:///rs2b0t/bot/shim/_kernel.js:5:5)
    at Object.get (file:///rs2b0t/bot/shim/_kernel.js:17:19)
    at DuelArena.observeFightState (file:///rs2b0t/bot/scripts/bot/bot.js:288:70)
    at file:///rs2b0t/bot/scripts/bot/bot.js:93:63
    at globalThis.__rs2b0t_fire_tick_listeners (file:///rs2b0t/bot/runtime/BotHost.js:14:13)
    at globalThis.__rs2b0t_pump (file:///rs2b0t/bot/api/execution/Execution.js:107:37)
[script liveb71btf_0] [rs2b0t] listener error not impl: reader.selfChat
[script liveb71btf_1] [rs2b0t] listener error not impl: reader.selfChat
[host] slot liveb71btf_1: d_loop_us=702 d_raster_us=0 d_observe_us=32840 max_observe_us=5142 d_paints=0 d_skips=50 d_ticks=2 window_ms=1182
[rs2b0t] listener error Error: not impl: reader.selfChat
    at notImpl (file:///rs2b0t/bot/shim/_kernel.js:5:5)
    at Object.get (file:///rs2b0t/bot/shim/_kernel.js:17:19)
    at DuelArena.observeFightState (file:///rs2b0t/bot/scripts/bot/bot.js:288:70)
    at file:///rs2b0t/bot/scripts/bot/bot.js:93:63
    at globalThis.__rs2b0t_fire_tick_listeners (file:///rs2b0t/bot/runtime/BotHost.js:14:13)
    at globalThis.__rs2b0t_tick_async (file:///rs2b0t/bot/scripts/bot/main.js:15:37)
    at globalThis.__rs_tick (file:///rs2b0t/bot/scripts/bot/main.js:8:16)
[rs2b0t] listener error Error: not impl: reader.selfChat
    at notImpl (file:///rs2b0t/bot/shim/_kernel.js:5:5)
    at Object.get (file:///rs2b0t/bot/shim/_kernel.js:17:19)
    at DuelArena.observeFightState (file:///rs2b0t/bot/scripts/bot/bot.js:288:70)
    at file:///rs2b0t/bot/scripts/bot/bot.js:93:63
    at globalThis.__rs2b0t_fire_tick_listeners (file:///rs2b0t/bot/runtime/BotHost.js:14:13)
    at globalThis.__rs2b0t_tick_async (file:///rs2b0t/bot/scripts/bot/main.js:15:37)
    at globalThis.__rs_tick (file:///rs2b0t/bot/scripts/bot/main.js:8:16)
[script liveb71btf_1] [rs2b0t] listener error not impl: reader.selfChat
[script liveb71btf_0] [rs2b0t] listener error not impl: reader.selfChat
[host] slot liveb71btf_0: d_loop_us=723 d_raster_us=0 d_observe_us=32303 max_observe_us=5646 d_paints=0 d_skips=50 d_ticks=2 window_ms=1199
[rs2b0t] listener error Error: not impl: reader.selfChat
    at notImpl (file:///rs2b0t/bot/shim/_kernel.js:5:5)
    at Object.get (file:///rs2b0t/bot/shim/_kernel.js:17:19)
    at DuelArena.observeFightState (file:///rs2b0t/bot/scripts/bot/bot.js:288:70)
    at file:///rs2b0t/bot/scripts/bot/bot.js:93:63
    at globalThis.__rs2b0t_fire_tick_listeners (file:///rs2b0t/bot/runtime/BotHost.js:14:13)
    at globalThis.__rs2b0t_pump (file:///rs2b0t/bot/api/execution/Execution.js:107:37)
[rs2b0t] listener error Error: not impl: reader.selfChat
    at notImpl (file:///rs2b0t/bot/shim/_kernel.js:5:5)
    at Object.get (file:///rs2b0t/bot/shim/_kernel.js:17:19)
    at DuelArena.observeFightState (file:///rs2b0t/bot/scripts/bot/bot.js:288:70)
    at file:///rs2b0t/bot/scripts/bot/bot.js:93:63
    at globalThis.__rs2b0t_fire_tick_listeners (file:///rs2b0t/bot/runtime/BotHost.js:14:13)
    at globalThis.__rs2b0t_pump (file:///rs2b0t/bot/api/execution/Execution.js:107:37)
[script liveb71btf_0] [rs2b0t] listener error not impl: reader.selfChat
[script liveb71btf_1] [rs2b0t] listener error not impl: reader.selfChat
[host] slot liveb71btf_1: d_loop_us=719 d_raster_us=0 d_observe_us=34187 max_observe_us=5417 d_paints=0 d_skips=50 d_ticks=2 window_ms=1175
[rs2b0t] listener error Error: not impl: reader.selfChat
    at notImpl (file:///rs2b0t/bot/shim/_kernel.js:5:5)
    at Object.get (file:///rs2b0t/bot/shim/_kernel.js:17:19)
    at DuelArena.observeFightState (file:///rs2b0t/bot/scripts/bot/bot.js:288:70)
    at file:///rs2b0t/bot/scripts/bot/bot.js:93:63
    at globalThis.__rs2b0t_fire_tick_listeners (file:///rs2b0t/bot/runtime/BotHost.js:14:13)
    at globalThis.__rs2b0t_tick_async (file:///rs2b0t/bot/scripts/bot/main.js:15:37)
    at globalThis.__rs_tick (file:///rs2b0t/bot/scripts/bot/main.js:8:16)
[rs2b0t] listener error Error: not impl: reader.selfChat
    at notImpl (file:///rs2b0t/bot/shim/_kernel.js:5:5)
    at Object.get (file:///rs2b0t/bot/shim/_kernel.js:17:19)
    at DuelArena.observeFightState (file:///rs2b0t/bot/scripts/bot/bot.js:288:70)
    at file:///rs2b0t/bot/scripts/bot/bot.js:93:63
    at globalThis.__rs2b0t_fire_tick_listeners (file:///rs2b0t/bot/runtime/BotHost.js:14:13)
    at globalThis.__rs2b0t_tick_async (file:///rs2b0t/bot/scripts/bot/main.js:15:37)
    at globalThis.__rs_tick (file:///rs2b0t/bot/scripts/bot/main.js:8:16)
[script liveb71btf_0] [rs2b0t] listener error not impl: reader.selfChat
[script liveb71btf_1] [rs2b0t] listener error not impl: reader.selfChat
[host] slot liveb71btf_0: d_loop_us=838 d_raster_us=0 d_observe_us=33183 max_observe_us=5878 d_paints=0 d_skips=50 d_ticks=2 window_ms=1182
[rs2b0t] listener error Error: not impl: reader.selfChat
    at notImpl (file:///rs2b0t/bot/shim/_kernel.js:5:5)
    at Object.get (file:///rs2b0t/bot/shim/_kernel.js:17:19)
    at DuelArena.observeFightState (file:///rs2b0t/bot/scripts/bot/bot.js:288:70)
    at file:///rs2b0t/bot/scripts/bot/bot.js:93:63
    at globalThis.__rs2b0t_fire_tick_listeners (file:///rs2b0t/bot/runtime/BotHost.js:14:13)
    at globalThis.__rs2b0t_pump (file:///rs2b0t/bot/api/execution/Execution.js:107:37)
[rs2b0t] listener error Error: not impl: reader.selfChat
    at notImpl (file:///rs2b0t/bot/shim/_kernel.js:5:5)
    at Object.get (file:///rs2b0t/bot/shim/_kernel.js:17:19)
    at DuelArena.observeFightState (file:///rs2b0t/bot/scripts/bot/bot.js:288:70)
    at file:///rs2b0t/bot/scripts/bot/bot.js:93:63
    at globalThis.__rs2b0t_fire_tick_listeners (file:///rs2b0t/bot/runtime/BotHost.js:14:13)
    at globalThis.__rs2b0t_pump (file:///rs2b0t/bot/api/execution/Execution.js:107:37)
[script liveb71btf_0] [rs2b0t] listener error not impl: reader.selfChat
[script liveb71btf_1] [rs2b0t] listener error not impl: reader.selfChat
[host] slot liveb71btf_1: d_loop_us=752 d_raster_us=0 d_observe_us=32960 max_observe_us=5005 d_paints=0 d_skips=50 d_ticks=2 window_ms=1189
[rs2b0t] listener error Error: not impl: reader.selfChat
    at notImpl (file:///rs2b0t/bot/shim/_kernel.js:5:5)
    at Object.get (file:///rs2b0t/bot/shim/_kernel.js:17:19)
    at DuelArena.observeFightState (file:///rs2b0t/bot/scripts/bot/bot.js:288:70)
    at file:///rs2b0t/bot/scripts/bot/bot.js:93:63
    at globalThis.__rs2b0t_fire_tick_listeners (file:///rs2b0t/bot/runtime/BotHost.js:14:13)
    at globalThis.__rs2b0t_tick_async (file:///rs2b0t/bot/scripts/bot/main.js:15:37)
    at globalThis.__rs_tick (file:///rs2b0t/bot/scripts/bot/main.js:8:16)
[rs2b0t] listener error Error: not impl: reader.selfChat
    at notImpl (file:///rs2b0t/bot/shim/_kernel.js:5:5)
    at Object.get (file:///rs2b0t/bot/shim/_kernel.js:17:19)
    at DuelArena.observeFightState (file:///rs2b0t/bot/scripts/bot/bot.js:288:70)
    at file:///rs2b0t/bot/scripts/bot/bot.js:93:63
    at globalThis.__rs2b0t_fire_tick_listeners (file:///rs2b0t/bot/runtime/BotHost.js:14:13)
    at globalThis.__rs2b0t_tick_async (file:///rs2b0t/bot/scripts/bot/main.js:15:37)
    at globalThis.__rs_tick (file:///rs2b0t/bot/scripts/bot/main.js:8:16)
[script liveb71btf_1] [rs2b0t] listener error not impl: reader.selfChat
[script liveb71btf_0] [rs2b0t] listener error not impl: reader.selfChat
[host] slot liveb71btf_0: d_loop_us=757 d_raster_us=0 d_observe_us=31932 max_observe_us=5266 d_paints=0 d_skips=50 d_ticks=2 window_ms=1186
[rs2b0t] listener error Error: not impl: reader.selfChat
    at notImpl (file:///rs2b0t/bot/shim/_kernel.js:5:5)
    at Object.get (file:///rs2b0t/bot/shim/_kernel.js:17:19)
    at DuelArena.observeFightState (file:///rs2b0t/bot/scripts/bot/bot.js:288:70)
    at file:///rs2b0t/bot/scripts/bot/bot.js:93:63
    at globalThis.__rs2b0t_fire_tick_listeners (file:///rs2b0t/bot/runtime/BotHost.js:14:13)
    at globalThis.__rs2b0t_pump (file:///rs2b0t/bot/api/execution/Execution.js:107:37)
[rs2b0t] listener error Error: not impl: reader.selfChat
    at notImpl (file:///rs2b0t/bot/shim/_kernel.js:5:5)
    at Object.get (file:///rs2b0t/bot/shim/_kernel.js:17:19)
    at DuelArena.observeFightState (file:///rs2b0t/bot/scripts/bot/bot.js:288:70)
    at file:///rs2b0t/bot/scripts/bot/bot.js:93:63
    at globalThis.__rs2b0t_fire_tick_listeners (file:///rs2b0t/bot/runtime/BotHost.js:14:13)
    at globalThis.__rs2b0t_pump (file:///rs2b0t/bot/api/execution/Execution.js:107:37)
[script liveb71btf_0] [rs2b0t] listener error not impl: reader.selfChat
[script liveb71btf_1] [rs2b0t] listener error not impl: reader.selfChat
[host] slot liveb71btf_1: d_loop_us=656 d_raster_us=0 d_observe_us=30458 max_observe_us=5249 d_paints=0 d_skips=50 d_ticks=2 window_ms=1186
[rs2b0t] listener error Error: not impl: reader.selfChat
    at notImpl (file:///rs2b0t/bot/shim/_kernel.js:5:5)
    at Object.get (file:///rs2b0t/bot/shim/_kernel.js:17:19)
    at DuelArena.observeFightState (file:///rs2b0t/bot/scripts/bot/bot.js:288:70)
    at file:///rs2b0t/bot/scripts/bot/bot.js:93:63
    at globalThis.__rs2b0t_fire_tick_listeners (file:///rs2b0t/bot/runtime/BotHost.js:14:13)
    at globalThis.__rs2b0t_tick_async (file:///rs2b0t/bot/scripts/bot/main.js:15:37)
    at globalThis.__rs_tick (file:///rs2b0t/bot/scripts/bot/main.js:8:16)
[rs2b0t] listener error Error: not impl: reader.selfChat
    at notImpl (file:///rs2b0t/bot/shim/_kernel.js:5:5)
    at Object.get (file:///rs2b0t/bot/shim/_kernel.js:17:19)
    at DuelArena.observeFightState (file:///rs2b0t/bot/scripts/bot/bot.js:288:70)
    at file:///rs2b0t/bot/scripts/bot/bot.js:93:63
    at globalThis.__rs2b0t_fire_tick_listeners (file:///rs2b0t/bot/runtime/BotHost.js:14:13)
    at globalThis.__rs2b0t_tick_async (file:///rs2b0t/bot/scripts/bot/main.js:15:37)
    at globalThis.__rs_tick (file:///rs2b0t/bot/scripts/bot/main.js:8:16)
[script liveb71btf_0] [rs2b0t] listener error not impl: reader.selfChat
[script liveb71btf_1] [rs2b0t] listener error not impl: reader.selfChat
[host] slot liveb71btf_0: d_loop_us=687 d_raster_us=0 d_observe_us=30088 max_observe_us=5308 d_paints=0 d_skips=50 d_ticks=2 window_ms=1211
[rs2b0t] listener error Error: not impl: reader.selfChat
    at notImpl (file:///rs2b0t/bot/shim/_kernel.js:5:5)
    at Object.get (file:///rs2b0t/bot/shim/_kernel.js:17:19)
    at DuelArena.observeFightState (file:///rs2b0t/bot/scripts/bot/bot.js:288:70)
    at file:///rs2b0t/bot/scripts/bot/bot.js:93:63
    at globalThis.__rs2b0t_fire_tick_listeners (file:///rs2b0t/bot/runtime/BotHost.js:14:13)
    at globalThis.__rs2b0t_pump (file:///rs2b0t/bot/api/execution/Execution.js:107:37)
[rs2b0t] listener error Error: not impl: reader.selfChat
    at notImpl (file:///rs2b0t/bot/shim/_kernel.js:5:5)
    at Object.get (file:///rs2b0t/bot/shim/_kernel.js:17:19)
    at DuelArena.observeFightState (file:///rs2b0t/bot/scripts/bot/bot.js:288:70)
    at file:///rs2b0t/bot/scripts/bot/bot.js:93:63
    at globalThis.__rs2b0t_fire_tick_listeners (file:///rs2b0t/bot/runtime/BotHost.js:14:13)
    at globalThis.__rs2b0t_pump (file:///rs2b0t/bot/api/execution/Execution.js:107:37)
[script liveb71btf_0] [rs2b0t] listener error not impl: reader.selfChat
[script liveb71btf_1] [rs2b0t] listener error not impl: reader.selfChat
[host] slot liveb71btf_1: d_loop_us=706 d_raster_us=0 d_observe_us=31761 max_observe_us=4994 d_paints=0 d_skips=50 d_ticks=2 window_ms=1192
[rs2b0t] listener error Error: not impl: reader.selfChat
    at notImpl (file:///rs2b0t/bot/shim/_kernel.js:5:5)
    at Object.get (file:///rs2b0t/bot/shim/_kernel.js:17:19)
    at DuelArena.observeFightState (file:///rs2b0t/bot/scripts/bot/bot.js:288:70)
    at file:///rs2b0t/bot/scripts/bot/bot.js:93:63
    at globalThis.__rs2b0t_fire_tick_listeners (file:///rs2b0t/bot/runtime/BotHost.js:14:13)
    at globalThis.__rs2b0t_tick_async (file:///rs2b0t/bot/scripts/bot/main.js:15:37)
    at globalThis.__rs_tick (file:///rs2b0t/bot/scripts/bot/main.js:8:16)
[rs2b0t] listener error Error: not impl: reader.selfChat
    at notImpl (file:///rs2b0t/bot/shim/_kernel.js:5:5)
    at Object.get (file:///rs2b0t/bot/shim/_kernel.js:17:19)
    at DuelArena.observeFightState (file:///rs2b0t/bot/scripts/bot/bot.js:288:70)
    at file:///rs2b0t/bot/scripts/bot/bot.js:93:63
    at globalThis.__rs2b0t_fire_tick_listeners (file:///rs2b0t/bot/runtime/BotHost.js:14:13)
    at globalThis.__rs2b0t_tick_async (file:///rs2b0t/bot/scripts/bot/main.js:15:37)
    at globalThis.__rs_tick (file:///rs2b0t/bot/scripts/bot/main.js:8:16)
[script liveb71btf_0] [rs2b0t] listener error not impl: reader.selfChat
[script liveb71btf_1] [rs2b0t] listener error not impl: reader.selfChat
[host] slot liveb71btf_0: d_loop_us=679 d_raster_us=0 d_observe_us=30078 max_observe_us=5318 d_paints=0 d_skips=50 d_ticks=2 window_ms=1195
[rs2b0t] listener error Error: not impl: reader.selfChat
    at notImpl (file:///rs2b0t/bot/shim/_kernel.js:5:5)
    at Object.get (file:///rs2b0t/bot/shim/_kernel.js:17:19)
    at DuelArena.observeFightState (file:///rs2b0t/bot/scripts/bot/bot.js:288:70)
    at file:///rs2b0t/bot/scripts/bot/bot.js:93:63
    at globalThis.__rs2b0t_fire_tick_listeners (file:///rs2b0t/bot/runtime/BotHost.js:14:13)
    at globalThis.__rs2b0t_pump (file:///rs2b0t/bot/api/execution/Execution.js:107:37)
[rs2b0t] listener error Error: not impl: reader.selfChat
    at notImpl (file:///rs2b0t/bot/shim/_kernel.js:5:5)
    at Object.get (file:///rs2b0t/bot/shim/_kernel.js:17:19)
    at DuelArena.observeFightState (file:///rs2b0t/bot/scripts/bot/bot.js:288:70)
    at file:///rs2b0t/bot/scripts/bot/bot.js:93:63
    at globalThis.__rs2b0t_fire_tick_listeners (file:///rs2b0t/bot/runtime/BotHost.js:14:13)
    at globalThis.__rs2b0t_pump (file:///rs2b0t/bot/api/execution/Execution.js:107:37)
[script liveb71btf_0] [rs2b0t] listener error not impl: reader.selfChat
[script liveb71btf_1] [rs2b0t] listener error not impl: reader.selfChat
[host] slot liveb71btf_1: d_loop_us=685 d_raster_us=0 d_observe_us=31943 max_observe_us=5178 d_paints=0 d_skips=50 d_ticks=2 window_ms=1182
[rs2b0t] listener error Error: not impl: reader.selfChat
    at notImpl (file:///rs2b0t/bot/shim/_kernel.js:5:5)
    at Object.get (file:///rs2b0t/bot/shim/_kernel.js:17:19)
    at DuelArena.observeFightState (file:///rs2b0t/bot/scripts/bot/bot.js:288:70)
    at file:///rs2b0t/bot/scripts/bot/bot.js:93:63
    at globalThis.__rs2b0t_fire_tick_listeners (file:///rs2b0t/bot/runtime/BotHost.js:14:13)
    at globalThis.__rs2b0t_tick_async (file:///rs2b0t/bot/scripts/bot/main.js:15:37)
    at globalThis.__rs_tick (file:///rs2b0t/bot/scripts/bot/main.js:8:16)
[rs2b0t] listener error Error: not impl: reader.selfChat
    at notImpl (file:///rs2b0t/bot/shim/_kernel.js:5:5)
    at Object.get (file:///rs2b0t/bot/shim/_kernel.js:17:19)
    at DuelArena.observeFightState (file:///rs2b0t/bot/scripts/bot/bot.js:288:70)
    at file:///rs2b0t/bot/scripts/bot/bot.js:93:63
    at globalThis.__rs2b0t_fire_tick_listeners (file:///rs2b0t/bot/runtime/BotHost.js:14:13)
    at globalThis.__rs2b0t_tick_async (file:///rs2b0t/bot/scripts/bot/main.js:15:37)
    at globalThis.__rs_tick (file:///rs2b0t/bot/scripts/bot/main.js:8:16)
[script liveb71btf_0] [rs2b0t] listener error not impl: reader.selfChat
[script liveb71btf_1] [rs2b0t] listener error not impl: reader.selfChat
[host] slot liveb71btf_0: d_loop_us=732 d_raster_us=0 d_observe_us=32058 max_observe_us=5448 d_paints=0 d_skips=50 d_ticks=2 window_ms=1192
[rs2b0t] listener error Error: not impl: reader.selfChat
    at notImpl (file:///rs2b0t/bot/shim/_kernel.js:5:5)
    at Object.get (file:///rs2b0t/bot/shim/_kernel.js:17:19)
    at DuelArena.observeFightState (file:///rs2b0t/bot/scripts/bot/bot.js:288:70)
    at file:///rs2b0t/bot/scripts/bot/bot.js:93:63
    at globalThis.__rs2b0t_fire_tick_listeners (file:///rs2b0t/bot/runtime/BotHost.js:14:13)
    at globalThis.__rs2b0t_pump (file:///rs2b0t/bot/api/execution/Execution.js:107:37)
[rs2b0t] listener error Error: not impl: reader.selfChat
    at notImpl (file:///rs2b0t/bot/shim/_kernel.js:5:5)
    at Object.get (file:///rs2b0t/bot/shim/_kernel.js:17:19)
    at DuelArena.observeFightState (file:///rs2b0t/bot/scripts/bot/bot.js:288:70)
    at file:///rs2b0t/bot/scripts/bot/bot.js:93:63
    at globalThis.__rs2b0t_fire_tick_listeners (file:///rs2b0t/bot/runtime/BotHost.js:14:13)
    at globalThis.__rs2b0t_pump (file:///rs2b0t/bot/api/execution/Execution.js:107:37)
[script liveb71btf_0] [rs2b0t] listener error not impl: reader.selfChat
[script liveb71btf_1] [rs2b0t] listener error not impl: reader.selfChat
[host] slot liveb71btf_1: d_loop_us=588 d_raster_us=0 d_observe_us=29771 max_observe_us=5155 d_paints=0 d_skips=50 d_ticks=2 window_ms=1198
[rs2b0t] listener error Error: not impl: reader.selfChat
    at notImpl (file:///rs2b0t/bot/shim/_kernel.js:5:5)
    at Object.get (file:///rs2b0t/bot/shim/_kernel.js:17:19)
    at DuelArena.observeFightState (file:///rs2b0t/bot/scripts/bot/bot.js:288:70)
    at file:///rs2b0t/bot/scripts/bot/bot.js:93:63
    at globalThis.__rs2b0t_fire_tick_listeners (file:///rs2b0t/bot/runtime/BotHost.js:14:13)
    at globalThis.__rs2b0t_tick_async (file:///rs2b0t/bot/scripts/bot/main.js:15:37)
    at globalThis.__rs_tick (file:///rs2b0t/bot/scripts/bot/main.js:8:16)
[rs2b0t] listener error Error: not impl: reader.selfChat
    at notImpl (file:///rs2b0t/bot/shim/_kernel.js:5:5)
    at Object.get (file:///rs2b0t/bot/shim/_kernel.js:17:19)
    at DuelArena.observeFightState (file:///rs2b0t/bot/scripts/bot/bot.js:288:70)
    at file:///rs2b0t/bot/scripts/bot/bot.js:93:63
    at globalThis.__rs2b0t_fire_tick_listeners (file:///rs2b0t/bot/runtime/BotHost.js:14:13)
    at globalThis.__rs2b0t_tick_async (file:///rs2b0t/bot/scripts/bot/main.js:15:37)
    at globalThis.__rs_tick (file:///rs2b0t/bot/scripts/bot/main.js:8:16)
[script liveb71btf_1] [rs2b0t] listener error not impl: reader.selfChat
[script liveb71btf_0] [rs2b0t] listener error not impl: reader.selfChat
[host] slot liveb71btf_0: d_loop_us=651 d_raster_us=0 d_observe_us=30691 max_observe_us=5322 d_paints=0 d_skips=50 d_ticks=2 window_ms=1196
[rs2b0t] listener error Error: not impl: reader.selfChat
    at notImpl (file:///rs2b0t/bot/shim/_kernel.js:5:5)
    at Object.get (file:///rs2b0t/bot/shim/_kernel.js:17:19)
    at DuelArena.observeFightState (file:///rs2b0t/bot/scripts/bot/bot.js:288:70)
    at file:///rs2b0t/bot/scripts/bot/bot.js:93:63
    at globalThis.__rs2b0t_fire_tick_listeners (file:///rs2b0t/bot/runtime/BotHost.js:14:13)
    at globalThis.__rs2b0t_pump (file:///rs2b0t/bot/api/execution/Execution.js:107:37)
[rs2b0t] listener error Error: not impl: reader.selfChat
    at notImpl (file:///rs2b0t/bot/shim/_kernel.js:5:5)
    at Object.get (file:///rs2b0t/bot/shim/_kernel.js:17:19)
    at DuelArena.observeFightState (file:///rs2b0t/bot/scripts/bot/bot.js:288:70)
    at file:///rs2b0t/bot/scripts/bot/bot.js:93:63
    at globalThis.__rs2b0t_fire_tick_listeners (file:///rs2b0t/bot/runtime/BotHost.js:14:13)
    at globalThis.__rs2b0t_pump (file:///rs2b0t/bot/api/execution/Execution.js:107:37)
[script liveb71btf_0] [rs2b0t] listener error not impl: reader.selfChat
[script liveb71btf_1] [rs2b0t] listener error not impl: reader.selfChat
[host] slot liveb71btf_1: d_loop_us=710 d_raster_us=0 d_observe_us=31596 max_observe_us=5273 d_paints=0 d_skips=50 d_ticks=2 window_ms=1200
[rs2b0t] listener error Error: not impl: reader.selfChat
    at notImpl (file:///rs2b0t/bot/shim/_kernel.js:5:5)
    at Object.get (file:///rs2b0t/bot/shim/_kernel.js:17:19)
    at DuelArena.observeFightState (file:///rs2b0t/bot/scripts/bot/bot.js:288:70)
    at file:///rs2b0t/bot/scripts/bot/bot.js:93:63
    at globalThis.__rs2b0t_fire_tick_listeners (file:///rs2b0t/bot/runtime/BotHost.js:14:13)
    at globalThis.__rs2b0t_tick_async (file:///rs2b0t/bot/scripts/bot/main.js:15:37)
    at globalThis.__rs_tick (file:///rs2b0t/bot/scripts/bot/main.js:8:16)
[rs2b0t] listener error Error: not impl: reader.selfChat
    at notImpl (file:///rs2b0t/bot/shim/_kernel.js:5:5)
    at Object.get (file:///rs2b0t/bot/shim/_kernel.js:17:19)
    at DuelArena.observeFightState (file:///rs2b0t/bot/scripts/bot/bot.js:288:70)
    at file:///rs2b0t/bot/scripts/bot/bot.js:93:63
    at globalThis.__rs2b0t_fire_tick_listeners (file:///rs2b0t/bot/runtime/BotHost.js:14:13)
    at globalThis.__rs2b0t_tick_async (file:///rs2b0t/bot/scripts/bot/main.js:15:37)
    at globalThis.__rs_tick (file:///rs2b0t/bot/scripts/bot/main.js:8:16)
[script liveb71btf_0] [rs2b0t] listener error not impl: reader.selfChat
[script liveb71btf_1] [rs2b0t] listener error not impl: reader.selfChat
[host] slot liveb71btf_0: d_loop_us=684 d_raster_us=0 d_observe_us=31108 max_observe_us=5320 d_paints=0 d_skips=50 d_ticks=2 window_ms=1192
[rs2b0t] listener error Error: not impl: reader.selfChat
    at notImpl (file:///rs2b0t/bot/shim/_kernel.js:5:5)
    at Object.get (file:///rs2b0t/bot/shim/_kernel.js:17:19)
    at DuelArena.observeFightState (file:///rs2b0t/bot/scripts/bot/bot.js:288:70)
    at file:///rs2b0t/bot/scripts/bot/bot.js:93:63
    at globalThis.__rs2b0t_fire_tick_listeners (file:///rs2b0t/bot/runtime/BotHost.js:14:13)
    at globalThis.__rs2b0t_pump (file:///rs2b0t/bot/api/execution/Execution.js:107:37)
[rs2b0t] listener error Error: not impl: reader.selfChat
    at notImpl (file:///rs2b0t/bot/shim/_kernel.js:5:5)
    at Object.get (file:///rs2b0t/bot/shim/_kernel.js:17:19)
    at DuelArena.observeFightState (file:///rs2b0t/bot/scripts/bot/bot.js:288:70)
    at file:///rs2b0t/bot/scripts/bot/bot.js:93:63
    at globalThis.__rs2b0t_fire_tick_listeners (file:///rs2b0t/bot/runtime/BotHost.js:14:13)
    at globalThis.__rs2b0t_pump (file:///rs2b0t/bot/api/execution/Execution.js:107:37)
[script liveb71btf_0] [rs2b0t] listener error not impl: reader.selfChat
[script liveb71btf_1] [rs2b0t] listener error not impl: reader.selfChat
[host] slot liveb71btf_1: d_loop_us=684 d_raster_us=0 d_observe_us=30983 max_observe_us=5077 d_paints=0 d_skips=50 d_ticks=2 window_ms=1201
[rs2b0t] listener error Error: not impl: reader.selfChat
    at notImpl (file:///rs2b0t/bot/shim/_kernel.js:5:5)
    at Object.get (file:///rs2b0t/bot/shim/_kernel.js:17:19)
    at DuelArena.observeFightState (file:///rs2b0t/bot/scripts/bot/bot.js:288:70)
    at file:///rs2b0t/bot/scripts/bot/bot.js:93:63
    at globalThis.__rs2b0t_fire_tick_listeners (file:///rs2b0t/bot/runtime/BotHost.js:14:13)
    at globalThis.__rs2b0t_tick_async (file:///rs2b0t/bot/scripts/bot/main.js:15:37)
    at globalThis.__rs_tick (file:///rs2b0t/bot/scripts/bot/main.js:8:16)
[rs2b0t] listener error Error: not impl: reader.selfChat
    at notImpl (file:///rs2b0t/bot/shim/_kernel.js:5:5)
    at Object.get (file:///rs2b0t/bot/shim/_kernel.js:17:19)
    at DuelArena.observeFightState (file:///rs2b0t/bot/scripts/bot/bot.js:288:70)
    at file:///rs2b0t/bot/scripts/bot/bot.js:93:63
    at globalThis.__rs2b0t_fire_tick_listeners (file:///rs2b0t/bot/runtime/BotHost.js:14:13)
    at globalThis.__rs2b0t_tick_async (file:///rs2b0t/bot/scripts/bot/main.js:15:37)
    at globalThis.__rs_tick (file:///rs2b0t/bot/scripts/bot/main.js:8:16)
[script liveb71btf_0] [rs2b0t] listener error not impl: reader.selfChat
[script liveb71btf_1] [rs2b0t] listener error not impl: reader.selfChat
[host] slot liveb71btf_0: d_loop_us=602 d_raster_us=0 d_observe_us=30998 max_observe_us=5442 d_paints=0 d_skips=50 d_ticks=2 window_ms=1184
[rs2b0t] listener error Error: not impl: reader.selfChat
    at notImpl (file:///rs2b0t/bot/shim/_kernel.js:5:5)
    at Object.get (file:///rs2b0t/bot/shim/_kernel.js:17:19)
    at DuelArena.observeFightState (file:///rs2b0t/bot/scripts/bot/bot.js:288:70)
    at file:///rs2b0t/bot/scripts/bot/bot.js:93:63
    at globalThis.__rs2b0t_fire_tick_listeners (file:///rs2b0t/bot/runtime/BotHost.js:14:13)
    at globalThis.__rs2b0t_pump (file:///rs2b0t/bot/api/execution/Execution.js:107:37)
[rs2b0t] listener error Error: not impl: reader.selfChat
    at notImpl (file:///rs2b0t/bot/shim/_kernel.js:5:5)
    at Object.get (file:///rs2b0t/bot/shim/_kernel.js:17:19)
    at DuelArena.observeFightState (file:///rs2b0t/bot/scripts/bot/bot.js:288:70)
    at file:///rs2b0t/bot/scripts/bot/bot.js:93:63
    at globalThis.__rs2b0t_fire_tick_listeners (file:///rs2b0t/bot/runtime/BotHost.js:14:13)
    at globalThis.__rs2b0t_pump (file:///rs2b0t/bot/api/execution/Execution.js:107:37)
[script liveb71btf_1] [rs2b0t] listener error not impl: reader.selfChat
[script liveb71btf_0] [rs2b0t] listener error not impl: reader.selfChat
[host] slot liveb71btf_1: d_loop_us=585 d_raster_us=0 d_observe_us=30069 max_observe_us=5071 d_paints=0 d_skips=50 d_ticks=2 window_ms=1205
[rs2b0t] listener error Error: not impl: reader.selfChat
    at notImpl (file:///rs2b0t/bot/shim/_kernel.js:5:5)
    at Object.get (file:///rs2b0t/bot/shim/_kernel.js:17:19)
    at DuelArena.observeFightState (file:///rs2b0t/bot/scripts/bot/bot.js:288:70)
    at file:///rs2b0t/bot/scripts/bot/bot.js:93:63
    at globalThis.__rs2b0t_fire_tick_listeners (file:///rs2b0t/bot/runtime/BotHost.js:14:13)
    at globalThis.__rs2b0t_tick_async (file:///rs2b0t/bot/scripts/bot/main.js:15:37)
    at globalThis.__rs_tick (file:///rs2b0t/bot/scripts/bot/main.js:8:16)
[rs2b0t] listener error Error: not impl: reader.selfChat
    at notImpl (file:///rs2b0t/bot/shim/_kernel.js:5:5)
    at Object.get (file:///rs2b0t/bot/shim/_kernel.js:17:19)
    at DuelArena.observeFightState (file:///rs2b0t/bot/scripts/bot/bot.js:288:70)
    at file:///rs2b0t/bot/scripts/bot/bot.js:93:63
    at globalThis.__rs2b0t_fire_tick_listeners (file:///rs2b0t/bot/runtime/BotHost.js:14:13)
    at globalThis.__rs2b0t_tick_async (file:///rs2b0t/bot/scripts/bot/main.js:15:37)
    at globalThis.__rs_tick (file:///rs2b0t/bot/scripts/bot/main.js:8:16)
[script liveb71btf_0] [rs2b0t] listener error not impl: reader.selfChat
[script liveb71btf_1] [rs2b0t] listener error not impl: reader.selfChat
[host] slot liveb71btf_0: d_loop_us=690 d_raster_us=0 d_observe_us=30130 max_observe_us=5456 d_paints=0 d_skips=50 d_ticks=2 window_ms=1198
[rs2b0t] listener error Error: not impl: reader.selfChat
    at notImpl (file:///rs2b0t/bot/shim/_kernel.js:5:5)
    at Object.get (file:///rs2b0t/bot/shim/_kernel.js:17:19)
    at DuelArena.observeFightState (file:///rs2b0t/bot/scripts/bot/bot.js:288:70)
    at file:///rs2b0t/bot/scripts/bot/bot.js:93:63
    at globalThis.__rs2b0t_fire_tick_listeners (file:///rs2b0t/bot/runtime/BotHost.js:14:13)
    at globalThis.__rs2b0t_pump (file:///rs2b0t/bot/api/execution/Execution.js:107:37)
[rs2b0t] listener error Error: not impl: reader.selfChat
    at notImpl (file:///rs2b0t/bot/shim/_kernel.js:5:5)
    at Object.get (file:///rs2b0t/bot/shim/_kernel.js:17:19)
    at DuelArena.observeFightState (file:///rs2b0t/bot/scripts/bot/bot.js:288:70)
    at file:///rs2b0t/bot/scripts/bot/bot.js:93:63
    at globalThis.__rs2b0t_fire_tick_listeners (file:///rs2b0t/bot/runtime/BotHost.js:14:13)
    at globalThis.__rs2b0t_pump (file:///rs2b0t/bot/api/execution/Execution.js:107:37)
[script liveb71btf_1] [rs2b0t] listener error not impl: reader.selfChat
[script liveb71btf_0] [rs2b0t] listener error not impl: reader.selfChat
[host] slot liveb71btf_1: d_loop_us=603 d_raster_us=0 d_observe_us=30344 max_observe_us=4870 d_paints=0 d_skips=50 d_ticks=2 window_ms=1193
[rs2b0t] listener error Error: not impl: reader.selfChat
    at notImpl (file:///rs2b0t/bot/shim/_kernel.js:5:5)
    at Object.get (file:///rs2b0t/bot/shim/_kernel.js:17:19)
    at DuelArena.observeFightState (file:///rs2b0t/bot/scripts/bot/bot.js:288:70)
    at file:///rs2b0t/bot/scripts/bot/bot.js:93:63
    at globalThis.__rs2b0t_fire_tick_listeners (file:///rs2b0t/bot/runtime/BotHost.js:14:13)
    at globalThis.__rs2b0t_tick_async (file:///rs2b0t/bot/scripts/bot/main.js:15:37)
    at globalThis.__rs_tick (file:///rs2b0t/bot/scripts/bot/main.js:8:16)
[rs2b0t] listener error Error: not impl: reader.selfChat
    at notImpl (file:///rs2b0t/bot/shim/_kernel.js:5:5)
    at Object.get (file:///rs2b0t/bot/shim/_kernel.js:17:19)
    at DuelArena.observeFightState (file:///rs2b0t/bot/scripts/bot/bot.js:288:70)
    at file:///rs2b0t/bot/scripts/bot/bot.js:93:63
    at globalThis.__rs2b0t_fire_tick_listeners (file:///rs2b0t/bot/runtime/BotHost.js:14:13)
    at globalThis.__rs2b0t_tick_async (file:///rs2b0t/bot/scripts/bot/main.js:15:37)
    at globalThis.__rs_tick (file:///rs2b0t/bot/scripts/bot/main.js:8:16)
[script liveb71btf_1] [rs2b0t] listener error not impl: reader.selfChat
[script liveb71btf_0] [rs2b0t] listener error not impl: reader.selfChat
[host] slot liveb71btf_0: d_loop_us=642 d_raster_us=0 d_observe_us=29831 max_observe_us=5350 d_paints=0 d_skips=50 d_ticks=2 window_ms=1211
[rs2b0t] listener error Error: not impl: reader.selfChat
    at notImpl (file:///rs2b0t/bot/shim/_kernel.js:5:5)
    at Object.get (file:///rs2b0t/bot/shim/_kernel.js:17:19)
    at DuelArena.observeFightState (file:///rs2b0t/bot/scripts/bot/bot.js:288:70)
    at file:///rs2b0t/bot/scripts/bot/bot.js:93:63
    at globalThis.__rs2b0t_fire_tick_listeners (file:///rs2b0t/bot/runtime/BotHost.js:14:13)
    at globalThis.__rs2b0t_pump (file:///rs2b0t/bot/api/execution/Execution.js:107:37)
[script liveb71btf_1] [rs2b0t] listener error not impl: reader.selfChat
[rs2b0t] listener error Error: not impl: reader.selfChat
    at notImpl (file:///rs2b0t/bot/shim/_kernel.js:5:5)
    at Object.get (file:///rs2b0t/bot/shim/_kernel.js:17:19)
    at DuelArena.observeFightState (file:///rs2b0t/bot/scripts/bot/bot.js:288:70)
    at file:///rs2b0t/bot/scripts/bot/bot.js:93:63
    at globalThis.__rs2b0t_fire_tick_listeners (file:///rs2b0t/bot/runtime/BotHost.js:14:13)
    at globalThis.__rs2b0t_pump (file:///rs2b0t/bot/api/execution/Execution.js:107:37)
[script liveb71btf_0] [rs2b0t] listener error not impl: reader.selfChat
[host] slot liveb71btf_1: d_loop_us=647 d_raster_us=0 d_observe_us=31291 max_observe_us=5231 d_paints=0 d_skips=50 d_ticks=2 window_ms=1179
[rs2b0t] listener error Error: not impl: reader.selfChat
    at notImpl (file:///rs2b0t/bot/shim/_kernel.js:5:5)
    at Object.get (file:///rs2b0t/bot/shim/_kernel.js:17:19)
    at DuelArena.observeFightState (file:///rs2b0t/bot/scripts/bot/bot.js:288:70)
    at file:///rs2b0t/bot/scripts/bot/bot.js:93:63
    at globalThis.__rs2b0t_fire_tick_listeners (file:///rs2b0t/bot/runtime/BotHost.js:14:13)
    at globalThis.__rs2b0t_tick_async (file:///rs2b0t/bot/scripts/bot/main.js:15:37)
    at globalThis.__rs_tick (file:///rs2b0t/bot/scripts/bot/main.js:8:16)
[rs2b0t] listener error Error: not impl: reader.selfChat
    at notImpl (file:///rs2b0t/bot/shim/_kernel.js:5:5)
    at Object.get (file:///rs2b0t/bot/shim/_kernel.js:17:19)
    at DuelArena.observeFightState (file:///rs2b0t/bot/scripts/bot/bot.js:288:70)
    at file:///rs2b0t/bot/scripts/bot/bot.js:93:63
    at globalThis.__rs2b0t_fire_tick_listeners (file:///rs2b0t/bot/runtime/BotHost.js:14:13)
    at globalThis.__rs2b0t_tick_async (file:///rs2b0t/bot/scripts/bot/main.js:15:37)
    at globalThis.__rs_tick (file:///rs2b0t/bot/scripts/bot/main.js:8:16)
[script liveb71btf_0] [rs2b0t] listener error not impl: reader.selfChat
[script liveb71btf_1] [rs2b0t] listener error not impl: reader.selfChat
[host] slot liveb71btf_0: d_loop_us=717 d_raster_us=0 d_observe_us=30793 max_observe_us=5494 d_paints=0 d_skips=50 d_ticks=2 window_ms=1190
[rs2b0t] listener error Error: not impl: reader.selfChat
    at notImpl (file:///rs2b0t/bot/shim/_kernel.js:5:5)
    at Object.get (file:///rs2b0t/bot/shim/_kernel.js:17:19)
    at DuelArena.observeFightState (file:///rs2b0t/bot/scripts/bot/bot.js:288:70)
    at file:///rs2b0t/bot/scripts/bot/bot.js:93:63
    at globalThis.__rs2b0t_fire_tick_listeners (file:///rs2b0t/bot/runtime/BotHost.js:14:13)
    at globalThis.__rs2b0t_pump (file:///rs2b0t/bot/api/execution/Execution.js:107:37)
[rs2b0t] listener error Error: not impl: reader.selfChat
    at notImpl (file:///rs2b0t/bot/shim/_kernel.js:5:5)
    at Object.get (file:///rs2b0t/bot/shim/_kernel.js:17:19)
    at DuelArena.observeFightState (file:///rs2b0t/bot/scripts/bot/bot.js:288:70)
    at file:///rs2b0t/bot/scripts/bot/bot.js:93:63
    at globalThis.__rs2b0t_fire_tick_listeners (file:///rs2b0t/bot/runtime/BotHost.js:14:13)
    at globalThis.__rs2b0t_pump (file:///rs2b0t/bot/api/execution/Execution.js:107:37)
[script liveb71btf_0] [rs2b0t] listener error not impl: reader.selfChat
[script liveb71btf_1] [rs2b0t] listener error not impl: reader.selfChat
[host] slot liveb71btf_1: d_loop_us=613 d_raster_us=0 d_observe_us=31719 max_observe_us=5429 d_paints=0 d_skips=50 d_ticks=2 window_ms=1186
[rs2b0t] listener error Error: not impl: reader.selfChat
    at notImpl (file:///rs2b0t/bot/shim/_kernel.js:5:5)
    at Object.get (file:///rs2b0t/bot/shim/_kernel.js:17:19)
    at DuelArena.observeFightState (file:///rs2b0t/bot/scripts/bot/bot.js:288:70)
    at file:///rs2b0t/bot/scripts/bot/bot.js:93:63
    at globalThis.__rs2b0t_fire_tick_listeners (file:///rs2b0t/bot/runtime/BotHost.js:14:13)
    at globalThis.__rs2b0t_tick_async (file:///rs2b0t/bot/scripts/bot/main.js:15:37)
    at globalThis.__rs_tick (file:///rs2b0t/bot/scripts/bot/main.js:8:16)
[rs2b0t] listener error Error: not impl: reader.selfChat
    at notImpl (file:///rs2b0t/bot/shim/_kernel.js:5:5)
    at Object.get (file:///rs2b0t/bot/shim/_kernel.js:17:19)
    at DuelArena.observeFightState (file:///rs2b0t/bot/scripts/bot/bot.js:288:70)
    at file:///rs2b0t/bot/scripts/bot/bot.js:93:63
    at globalThis.__rs2b0t_fire_tick_listeners (file:///rs2b0t/bot/runtime/BotHost.js:14:13)
    at globalThis.__rs2b0t_tick_async (file:///rs2b0t/bot/scripts/bot/main.js:15:37)
    at globalThis.__rs_tick (file:///rs2b0t/bot/scripts/bot/main.js:8:16)
[script liveb71btf_0] [rs2b0t] listener error not impl: reader.selfChat
[script liveb71btf_1] [rs2b0t] listener error not impl: reader.selfChat
[host] slot liveb71btf_0: d_loop_us=792 d_raster_us=0 d_observe_us=33026 max_observe_us=5510 d_paints=0 d_skips=50 d_ticks=2 window_ms=1189
[rs2b0t] listener error Error: not impl: reader.selfChat
    at notImpl (file:///rs2b0t/bot/shim/_kernel.js:5:5)
    at Object.get (file:///rs2b0t/bot/shim/_kernel.js:17:19)
    at DuelArena.observeFightState (file:///rs2b0t/bot/scripts/bot/bot.js:288:70)
    at file:///rs2b0t/bot/scripts/bot/bot.js:93:63
    at globalThis.__rs2b0t_fire_tick_listeners (file:///rs2b0t/bot/runtime/BotHost.js:14:13)
    at globalThis.__rs2b0t_pump (file:///rs2b0t/bot/api/execution/Execution.js:107:37)
[script liveb71btf_0] [rs2b0t] listener error not impl: reader.selfChat
[rs2b0t] listener error Error: not impl: reader.selfChat
    at notImpl (file:///rs2b0t/bot/shim/_kernel.js:5:5)
    at Object.get (file:///rs2b0t/bot/shim/_kernel.js:17:19)
    at DuelArena.observeFightState (file:///rs2b0t/bot/scripts/bot/bot.js:288:70)
    at file:///rs2b0t/bot/scripts/bot/bot.js:93:63
    at globalThis.__rs2b0t_fire_tick_listeners (file:///rs2b0t/bot/runtime/BotHost.js:14:13)
    at globalThis.__rs2b0t_pump (file:///rs2b0t/bot/api/execution/Execution.js:107:37)
[script liveb71btf_1] [rs2b0t] listener error not impl: reader.selfChat
[host] slot liveb71btf_1: d_loop_us=686 d_raster_us=0 d_observe_us=30537 max_observe_us=5015 d_paints=0 d_skips=50 d_ticks=2 window_ms=1193
[rs2b0t] listener error Error: not impl: reader.selfChat
    at notImpl (file:///rs2b0t/bot/shim/_kernel.js:5:5)
    at Object.get (file:///rs2b0t/bot/shim/_kernel.js:17:19)
    at DuelArena.observeFightState (file:///rs2b0t/bot/scripts/bot/bot.js:288:70)
    at file:///rs2b0t/bot/scripts/bot/bot.js:93:63
    at globalThis.__rs2b0t_fire_tick_listeners (file:///rs2b0t/bot/runtime/BotHost.js:14:13)
    at globalThis.__rs2b0t_tick_async (file:///rs2b0t/bot/scripts/bot/main.js:15:37)
    at globalThis.__rs_tick (file:///rs2b0t/bot/scripts/bot/main.js:8:16)
[rs2b0t] listener error Error: not impl: reader.selfChat
    at notImpl (file:///rs2b0t/bot/shim/_kernel.js:5:5)
    at Object.get (file:///rs2b0t/bot/shim/_kernel.js:17:19)
    at DuelArena.observeFightState (file:///rs2b0t/bot/scripts/bot/bot.js:288:70)
    at file:///rs2b0t/bot/scripts/bot/bot.js:93:63
    at globalThis.__rs2b0t_fire_tick_listeners (file:///rs2b0t/bot/runtime/BotHost.js:14:13)
    at globalThis.__rs2b0t_tick_async (file:///rs2b0t/bot/scripts/bot/main.js:15:37)
    at globalThis.__rs_tick (file:///rs2b0t/bot/scripts/bot/main.js:8:16)
[script liveb71btf_1] [rs2b0t] listener error not impl: reader.selfChat
[script liveb71btf_0] [rs2b0t] listener error not impl: reader.selfChat
[host] slot liveb71btf_0: d_loop_us=612 d_raster_us=0 d_observe_us=30201 max_observe_us=5360 d_paints=0 d_skips=50 d_ticks=2 window_ms=1192
[rs2b0t] listener error Error: not impl: reader.selfChat
    at notImpl (file:///rs2b0t/bot/shim/_kernel.js:5:5)
    at Object.get (file:///rs2b0t/bot/shim/_kernel.js:17:19)
    at DuelArena.observeFightState (file:///rs2b0t/bot/scripts/bot/bot.js:288:70)
    at file:///rs2b0t/bot/scripts/bot/bot.js:93:63
    at globalThis.__rs2b0t_fire_tick_listeners (file:///rs2b0t/bot/runtime/BotHost.js:14:13)
    at globalThis.__rs2b0t_pump (file:///rs2b0t/bot/api/execution/Execution.js:107:37)
[rs2b0t] listener error Error: not impl: reader.selfChat
    at notImpl (file:///rs2b0t/bot/shim/_kernel.js:5:5)
    at Object.get (file:///rs2b0t/bot/shim/_kernel.js:17:19)
    at DuelArena.observeFightState (file:///rs2b0t/bot/scripts/bot/bot.js:288:70)
    at file:///rs2b0t/bot/scripts/bot/bot.js:93:63
    at globalThis.__rs2b0t_fire_tick_listeners (file:///rs2b0t/bot/runtime/BotHost.js:14:13)
    at globalThis.__rs2b0t_pump (file:///rs2b0t/bot/api/execution/Execution.js:107:37)
[script liveb71btf_0] [rs2b0t] listener error not impl: reader.selfChat
[script liveb71btf_1] [rs2b0t] listener error not impl: reader.selfChat
[host] slot liveb71btf_1: d_loop_us=701 d_raster_us=0 d_observe_us=31506 max_observe_us=5154 d_paints=0 d_skips=50 d_ticks=2 window_ms=1195
[rs2b0t] listener error Error: not impl: reader.selfChat
    at notImpl (file:///rs2b0t/bot/shim/_kernel.js:5:5)
    at Object.get (file:///rs2b0t/bot/shim/_kernel.js:17:19)
    at DuelArena.observeFightState (file:///rs2b0t/bot/scripts/bot/bot.js:288:70)
    at file:///rs2b0t/bot/scripts/bot/bot.js:93:63
    at globalThis.__rs2b0t_fire_tick_listeners (file:///rs2b0t/bot/runtime/BotHost.js:14:13)
    at globalThis.__rs2b0t_tick_async (file:///rs2b0t/bot/scripts/bot/main.js:15:37)
    at globalThis.__rs_tick (file:///rs2b0t/bot/scripts/bot/main.js:8:16)
[rs2b0t] listener error Error: not impl: reader.selfChat
    at notImpl (file:///rs2b0t/bot/shim/_kernel.js:5:5)
    at Object.get (file:///rs2b0t/bot/shim/_kernel.js:17:19)
    at DuelArena.observeFightState (file:///rs2b0t/bot/scripts/bot/bot.js:288:70)
    at file:///rs2b0t/bot/scripts/bot/bot.js:93:63
    at globalThis.__rs2b0t_fire_tick_listeners (file:///rs2b0t/bot/runtime/BotHost.js:14:13)
    at globalThis.__rs2b0t_tick_async (file:///rs2b0t/bot/scripts/bot/main.js:15:37)
    at globalThis.__rs_tick (file:///rs2b0t/bot/scripts/bot/main.js:8:16)
[script liveb71btf_0] [rs2b0t] listener error not impl: reader.selfChat
[script liveb71btf_1] [rs2b0t] listener error not impl: reader.selfChat
[host] slot liveb71btf_0: d_loop_us=726 d_raster_us=0 d_observe_us=32349 max_observe_us=5379 d_paints=0 d_skips=50 d_ticks=2 window_ms=1190
[rs2b0t] listener error Error: not impl: reader.selfChat
    at notImpl (file:///rs2b0t/bot/shim/_kernel.js:5:5)
    at Object.get (file:///rs2b0t/bot/shim/_kernel.js:17:19)
    at DuelArena.observeFightState (file:///rs2b0t/bot/scripts/bot/bot.js:288:70)
    at file:///rs2b0t/bot/scripts/bot/bot.js:93:63
    at globalThis.__rs2b0t_fire_tick_listeners (file:///rs2b0t/bot/runtime/BotHost.js:14:13)
    at globalThis.__rs2b0t_pump (file:///rs2b0t/bot/api/execution/Execution.js:107:37)
[rs2b0t] listener error Error: not impl: reader.selfChat
    at notImpl (file:///rs2b0t/bot/shim/_kernel.js:5:5)
    at Object.get (file:///rs2b0t/bot/shim/_kernel.js:17:19)
    at DuelArena.observeFightState (file:///rs2b0t/bot/scripts/bot/bot.js:288:70)
    at file:///rs2b0t/bot/scripts/bot/bot.js:93:63
    at globalThis.__rs2b0t_fire_tick_listeners (file:///rs2b0t/bot/runtime/BotHost.js:14:13)
    at globalThis.__rs2b0t_pump (file:///rs2b0t/bot/api/execution/Execution.js:107:37)
[script liveb71btf_0] [rs2b0t] listener error not impl: reader.selfChat
[script liveb71btf_1] [rs2b0t] listener error not impl: reader.selfChat
[host] slot liveb71btf_1: d_loop_us=575 d_raster_us=0 d_observe_us=31791 max_observe_us=5122 d_paints=0 d_skips=50 d_ticks=2 window_ms=1187
[rs2b0t] listener error Error: not impl: reader.selfChat
    at notImpl (file:///rs2b0t/bot/shim/_kernel.js:5:5)
    at Object.get (file:///rs2b0t/bot/shim/_kernel.js:17:19)
    at DuelArena.observeFightState (file:///rs2b0t/bot/scripts/bot/bot.js:288:70)
    at file:///rs2b0t/bot/scripts/bot/bot.js:93:63
    at globalThis.__rs2b0t_fire_tick_listeners (file:///rs2b0t/bot/runtime/BotHost.js:14:13)
    at globalThis.__rs2b0t_tick_async (file:///rs2b0t/bot/scripts/bot/main.js:15:37)
    at globalThis.__rs_tick (file:///rs2b0t/bot/scripts/bot/main.js:8:16)
[rs2b0t] listener error Error: not impl: reader.selfChat
    at notImpl (file:///rs2b0t/bot/shim/_kernel.js:5:5)
    at Object.get (file:///rs2b0t/bot/shim/_kernel.js:17:19)
    at DuelArena.observeFightState (file:///rs2b0t/bot/scripts/bot/bot.js:288:70)
    at file:///rs2b0t/bot/scripts/bot/bot.js:93:63
    at globalThis.__rs2b0t_fire_tick_listeners (file:///rs2b0t/bot/runtime/BotHost.js:14:13)
    at globalThis.__rs2b0t_tick_async (file:///rs2b0t/bot/scripts/bot/main.js:15:37)
    at globalThis.__rs_tick (file:///rs2b0t/bot/scripts/bot/main.js:8:16)
[script liveb71btf_1] [rs2b0t] listener error not impl: reader.selfChat
[script liveb71btf_0] [rs2b0t] listener error not impl: reader.selfChat
[host] slot liveb71btf_0: d_loop_us=668 d_raster_us=0 d_observe_us=31385 max_observe_us=5404 d_paints=0 d_skips=50 d_ticks=2 window_ms=1194
[rs2b0t] listener error Error: not impl: reader.selfChat
    at notImpl (file:///rs2b0t/bot/shim/_kernel.js:5:5)
    at Object.get (file:///rs2b0t/bot/shim/_kernel.js:17:19)
    at DuelArena.observeFightState (file:///rs2b0t/bot/scripts/bot/bot.js:288:70)
    at file:///rs2b0t/bot/scripts/bot/bot.js:93:63
    at globalThis.__rs2b0t_fire_tick_listeners (file:///rs2b0t/bot/runtime/BotHost.js:14:13)
    at globalThis.__rs2b0t_pump (file:///rs2b0t/bot/api/execution/Execution.js:107:37)
[rs2b0t] listener error Error: not impl: reader.selfChat
    at notImpl (file:///rs2b0t/bot/shim/_kernel.js:5:5)
    at Object.get (file:///rs2b0t/bot/shim/_kernel.js:17:19)
    at DuelArena.observeFightState (file:///rs2b0t/bot/scripts/bot/bot.js:288:70)
    at file:///rs2b0t/bot/scripts/bot/bot.js:93:63
    at globalThis.__rs2b0t_fire_tick_listeners (file:///rs2b0t/bot/runtime/BotHost.js:14:13)
    at globalThis.__rs2b0t_pump (file:///rs2b0t/bot/api/execution/Execution.js:107:37)
[script liveb71btf_0] [rs2b0t] listener error not impl: reader.selfChat
[script liveb71btf_1] [rs2b0t] listener error not impl: reader.selfChat
[host] slot liveb71btf_1: d_loop_us=643 d_raster_us=0 d_observe_us=30856 max_observe_us=5107 d_paints=0 d_skips=50 d_ticks=2 window_ms=1187
[rs2b0t] listener error Error: not impl: reader.selfChat
    at notImpl (file:///rs2b0t/bot/shim/_kernel.js:5:5)
    at Object.get (file:///rs2b0t/bot/shim/_kernel.js:17:19)
    at DuelArena.observeFightState (file:///rs2b0t/bot/scripts/bot/bot.js:288:70)
    at file:///rs2b0t/bot/scripts/bot/bot.js:93:63
    at globalThis.__rs2b0t_fire_tick_listeners (file:///rs2b0t/bot/runtime/BotHost.js:14:13)
    at globalThis.__rs2b0t_tick_async (file:///rs2b0t/bot/scripts/bot/main.js:15:37)
    at globalThis.__rs_tick (file:///rs2b0t/bot/scripts/bot/main.js:8:16)
[rs2b0t] listener error Error: not impl: reader.selfChat
    at notImpl (file:///rs2b0t/bot/shim/_kernel.js:5:5)
    at Object.get (file:///rs2b0t/bot/shim/_kernel.js:17:19)
    at DuelArena.observeFightState (file:///rs2b0t/bot/scripts/bot/bot.js:288:70)
    at file:///rs2b0t/bot/scripts/bot/bot.js:93:63
    at globalThis.__rs2b0t_fire_tick_listeners (file:///rs2b0t/bot/runtime/BotHost.js:14:13)
    at globalThis.__rs2b0t_tick_async (file:///rs2b0t/bot/scripts/bot/main.js:15:37)
    at globalThis.__rs_tick (file:///rs2b0t/bot/scripts/bot/main.js:8:16)
[script liveb71btf_0] [rs2b0t] listener error not impl: reader.selfChat
[script liveb71btf_1] [rs2b0t] listener error not impl: reader.selfChat
[host] slot liveb71btf_0: d_loop_us=652 d_raster_us=0 d_observe_us=30193 max_observe_us=5452 d_paints=0 d_skips=50 d_ticks=2 window_ms=1196
[rs2b0t] listener error Error: not impl: reader.selfChat
    at notImpl (file:///rs2b0t/bot/shim/_kernel.js:5:5)
    at Object.get (file:///rs2b0t/bot/shim/_kernel.js:17:19)
    at DuelArena.observeFightState (file:///rs2b0t/bot/scripts/bot/bot.js:288:70)
    at file:///rs2b0t/bot/scripts/bot/bot.js:93:63
    at globalThis.__rs2b0t_fire_tick_listeners (file:///rs2b0t/bot/runtime/BotHost.js:14:13)
    at globalThis.__rs2b0t_pump (file:///rs2b0t/bot/api/execution/Execution.js:107:37)
[rs2b0t] listener error Error: not impl: reader.selfChat
    at notImpl (file:///rs2b0t/bot/shim/_kernel.js:5:5)
    at Object.get (file:///rs2b0t/bot/shim/_kernel.js:17:19)
    at DuelArena.observeFightState (file:///rs2b0t/bot/scripts/bot/bot.js:288:70)
    at file:///rs2b0t/bot/scripts/bot/bot.js:93:63
    at globalThis.__rs2b0t_fire_tick_listeners (file:///rs2b0t/bot/runtime/BotHost.js:14:13)
    at globalThis.__rs2b0t_pump (file:///rs2b0t/bot/api/execution/Execution.js:107:37)
[script liveb71btf_0] [rs2b0t] listener error not impl: reader.selfChat
[script liveb71btf_1] [rs2b0t] listener error not impl: reader.selfChat
[host] slot liveb71btf_1: d_loop_us=638 d_raster_us=0 d_observe_us=30969 max_observe_us=5186 d_paints=0 d_skips=50 d_ticks=2 window_ms=1161
[rs2b0t] listener error Error: not impl: reader.selfChat
    at notImpl (file:///rs2b0t/bot/shim/_kernel.js:5:5)
    at Object.get (file:///rs2b0t/bot/shim/_kernel.js:17:19)
    at DuelArena.observeFightState (file:///rs2b0t/bot/scripts/bot/bot.js:288:70)
    at file:///rs2b0t/bot/scripts/bot/bot.js:93:63
    at globalThis.__rs2b0t_fire_tick_listeners (file:///rs2b0t/bot/runtime/BotHost.js:14:13)
    at globalThis.__rs2b0t_tick_async (file:///rs2b0t/bot/scripts/bot/main.js:15:37)
    at globalThis.__rs_tick (file:///rs2b0t/bot/scripts/bot/main.js:8:16)
[rs2b0t] listener error Error: not impl: reader.selfChat
    at notImpl (file:///rs2b0t/bot/shim/_kernel.js:5:5)
    at Object.get (file:///rs2b0t/bot/shim/_kernel.js:17:19)
    at DuelArena.observeFightState (file:///rs2b0t/bot/scripts/bot/bot.js:288:70)
    at file:///rs2b0t/bot/scripts/bot/bot.js:93:63
    at globalThis.__rs2b0t_fire_tick_listeners (file:///rs2b0t/bot/runtime/BotHost.js:14:13)
    at globalThis.__rs2b0t_tick_async (file:///rs2b0t/bot/scripts/bot/main.js:15:37)
    at globalThis.__rs_tick (file:///rs2b0t/bot/scripts/bot/main.js:8:16)
[script liveb71btf_1] [rs2b0t] listener error not impl: reader.selfChat
[script liveb71btf_0] [rs2b0t] listener error not impl: reader.selfChat
[host] slot liveb71btf_0: d_loop_us=705 d_raster_us=0 d_observe_us=30802 max_observe_us=5438 d_paints=0 d_skips=50 d_ticks=2 window_ms=1194
[rs2b0t] listener error Error: not impl: reader.selfChat
    at notImpl (file:///rs2b0t/bot/shim/_kernel.js:5:5)
    at Object.get (file:///rs2b0t/bot/shim/_kernel.js:17:19)
    at DuelArena.observeFightState (file:///rs2b0t/bot/scripts/bot/bot.js:288:70)
    at file:///rs2b0t/bot/scripts/bot/bot.js:93:63
    at globalThis.__rs2b0t_fire_tick_listeners (file:///rs2b0t/bot/runtime/BotHost.js:14:13)
    at globalThis.__rs2b0t_pump (file:///rs2b0t/bot/api/execution/Execution.js:107:37)
[rs2b0t] listener error Error: not impl: reader.selfChat
    at notImpl (file:///rs2b0t/bot/shim/_kernel.js:5:5)
    at Object.get (file:///rs2b0t/bot/shim/_kernel.js:17:19)
    at DuelArena.observeFightState (file:///rs2b0t/bot/scripts/bot/bot.js:288:70)
    at file:///rs2b0t/bot/scripts/bot/bot.js:93:63
    at globalThis.__rs2b0t_fire_tick_listeners (file:///rs2b0t/bot/runtime/BotHost.js:14:13)
    at globalThis.__rs2b0t_pump (file:///rs2b0t/bot/api/execution/Execution.js:107:37)
[script liveb71btf_0] [rs2b0t] listener error not impl: reader.selfChat
[script liveb71btf_1] [rs2b0t] listener error not impl: reader.selfChat
[host] slot liveb71btf_1: d_loop_us=626 d_raster_us=0 d_observe_us=31214 max_observe_us=5024 d_paints=0 d_skips=50 d_ticks=2 window_ms=1196
[rs2b0t] listener error Error: not impl: reader.selfChat
    at notImpl (file:///rs2b0t/bot/shim/_kernel.js:5:5)
    at Object.get (file:///rs2b0t/bot/shim/_kernel.js:17:19)
    at DuelArena.observeFightState (file:///rs2b0t/bot/scripts/bot/bot.js:288:70)
    at file:///rs2b0t/bot/scripts/bot/bot.js:93:63
    at globalThis.__rs2b0t_fire_tick_listeners (file:///rs2b0t/bot/runtime/BotHost.js:14:13)
    at globalThis.__rs2b0t_tick_async (file:///rs2b0t/bot/scripts/bot/main.js:15:37)
    at globalThis.__rs_tick (file:///rs2b0t/bot/scripts/bot/main.js:8:16)
[rs2b0t] listener error Error: not impl: reader.selfChat
    at notImpl (file:///rs2b0t/bot/shim/_kernel.js:5:5)
    at Object.get (file:///rs2b0t/bot/shim/_kernel.js:17:19)
    at DuelArena.observeFightState (file:///rs2b0t/bot/scripts/bot/bot.js:288:70)
    at file:///rs2b0t/bot/scripts/bot/bot.js:93:63
    at globalThis.__rs2b0t_fire_tick_listeners (file:///rs2b0t/bot/runtime/BotHost.js:14:13)
    at globalThis.__rs2b0t_tick_async (file:///rs2b0t/bot/scripts/bot/main.js:15:37)
    at globalThis.__rs_tick (file:///rs2b0t/bot/scripts/bot/main.js:8:16)
[script liveb71btf_0] [rs2b0t] listener error not impl: reader.selfChat
[host] slot liveb71btf_0: d_loop_us=777 d_raster_us=0 d_observe_us=32562 max_observe_us=5535 d_paints=0 d_skips=50 d_ticks=2 window_ms=1196
[script liveb71btf_1] [rs2b0t] listener error not impl: reader.selfChat
[rs2b0t] listener error Error: not impl: reader.selfChat
    at notImpl (file:///rs2b0t/bot/shim/_kernel.js:5:5)
    at Object.get (file:///rs2b0t/bot/shim/_kernel.js:17:19)
    at DuelArena.observeFightState (file:///rs2b0t/bot/scripts/bot/bot.js:288:70)
    at file:///rs2b0t/bot/scripts/bot/bot.js:93:63
    at globalThis.__rs2b0t_fire_tick_listeners (file:///rs2b0t/bot/runtime/BotHost.js:14:13)
    at globalThis.__rs2b0t_pump (file:///rs2b0t/bot/api/execution/Execution.js:107:37)
[rs2b0t] listener error Error: not impl: reader.selfChat
    at notImpl (file:///rs2b0t/bot/shim/_kernel.js:5:5)
    at Object.get (file:///rs2b0t/bot/shim/_kernel.js:17:19)
    at DuelArena.observeFightState (file:///rs2b0t/bot/scripts/bot/bot.js:288:70)
    at file:///rs2b0t/bot/scripts/bot/bot.js:93:63
    at globalThis.__rs2b0t_fire_tick_listeners (file:///rs2b0t/bot/runtime/BotHost.js:14:13)
    at globalThis.__rs2b0t_pump (file:///rs2b0t/bot/api/execution/Execution.js:107:37)
[script liveb71btf_1] [rs2b0t] listener error not impl: reader.selfChat
[script liveb71btf_0] [rs2b0t] listener error not impl: reader.selfChat
[host] slot liveb71btf_1: d_loop_us=613 d_raster_us=0 d_observe_us=33295 max_observe_us=5171 d_paints=0 d_skips=50 d_ticks=2 window_ms=1187
[rs2b0t] listener error Error: not impl: reader.selfChat
    at notImpl (file:///rs2b0t/bot/shim/_kernel.js:5:5)
    at Object.get (file:///rs2b0t/bot/shim/_kernel.js:17:19)
    at DuelArena.observeFightState (file:///rs2b0t/bot/scripts/bot/bot.js:288:70)
    at file:///rs2b0t/bot/scripts/bot/bot.js:93:63
    at globalThis.__rs2b0t_fire_tick_listeners (file:///rs2b0t/bot/runtime/BotHost.js:14:13)
    at globalThis.__rs2b0t_tick_async (file:///rs2b0t/bot/scripts/bot/main.js:15:37)
    at globalThis.__rs_tick (file:///rs2b0t/bot/scripts/bot/main.js:8:16)
[rs2b0t] listener error Error: not impl: reader.selfChat
    at notImpl (file:///rs2b0t/bot/shim/_kernel.js:5:5)
    at Object.get (file:///rs2b0t/bot/shim/_kernel.js:17:19)
    at DuelArena.observeFightState (file:///rs2b0t/bot/scripts/bot/bot.js:288:70)
    at file:///rs2b0t/bot/scripts/bot/bot.js:93:63
    at globalThis.__rs2b0t_fire_tick_listeners (file:///rs2b0t/bot/runtime/BotHost.js:14:13)
    at globalThis.__rs2b0t_tick_async (file:///rs2b0t/bot/scripts/bot/main.js:15:37)
    at globalThis.__rs_tick (file:///rs2b0t/bot/scripts/bot/main.js:8:16)
[script liveb71btf_1] [rs2b0t] listener error not impl: reader.selfChat
[script liveb71btf_0] [rs2b0t] listener error not impl: reader.selfChat
[host] slot liveb71btf_0: d_loop_us=757 d_raster_us=0 d_observe_us=32459 max_observe_us=5446 d_paints=0 d_skips=50 d_ticks=2 window_ms=1206
[rs2b0t] listener error Error: not impl: reader.selfChat
    at notImpl (file:///rs2b0t/bot/shim/_kernel.js:5:5)
    at Object.get (file:///rs2b0t/bot/shim/_kernel.js:17:19)
    at DuelArena.observeFightState (file:///rs2b0t/bot/scripts/bot/bot.js:288:70)
    at file:///rs2b0t/bot/scripts/bot/bot.js:93:63
    at globalThis.__rs2b0t_fire_tick_listeners (file:///rs2b0t/bot/runtime/BotHost.js:14:13)
    at globalThis.__rs2b0t_pump (file:///rs2b0t/bot/api/execution/Execution.js:107:37)
[rs2b0t] listener error Error: not impl: reader.selfChat
    at notImpl (file:///rs2b0t/bot/shim/_kernel.js:5:5)
    at Object.get (file:///rs2b0t/bot/shim/_kernel.js:17:19)
    at DuelArena.observeFightState (file:///rs2b0t/bot/scripts/bot/bot.js:288:70)
    at file:///rs2b0t/bot/scripts/bot/bot.js:93:63
    at globalThis.__rs2b0t_fire_tick_listeners (file:///rs2b0t/bot/runtime/BotHost.js:14:13)
    at globalThis.__rs2b0t_pump (file:///rs2b0t/bot/api/execution/Execution.js:107:37)
[script liveb71btf_1] [rs2b0t] listener error not impl: reader.selfChat
[script liveb71btf_0] [rs2b0t] listener error not impl: reader.selfChat
[host] slot liveb71btf_1: d_loop_us=882 d_raster_us=0 d_observe_us=34662 max_observe_us=5312 d_paints=0 d_skips=50 d_ticks=2 window_ms=1191
[rs2b0t] listener error Error: not impl: reader.selfChat
    at notImpl (file:///rs2b0t/bot/shim/_kernel.js:5:5)
    at Object.get (file:///rs2b0t/bot/shim/_kernel.js:17:19)
    at DuelArena.observeFightState (file:///rs2b0t/bot/scripts/bot/bot.js:288:70)
    at file:///rs2b0t/bot/scripts/bot/bot.js:93:63
    at globalThis.__rs2b0t_fire_tick_listeners (file:///rs2b0t/bot/runtime/BotHost.js:14:13)
    at globalThis.__rs2b0t_tick_async (file:///rs2b0t/bot/scripts/bot/main.js:15:37)
    at globalThis.__rs_tick (file:///rs2b0t/bot/scripts/bot/main.js:8:16)
[rs2b0t] listener error Error: not impl: reader.selfChat
    at notImpl (file:///rs2b0t/bot/shim/_kernel.js:5:5)
    at Object.get (file:///rs2b0t/bot/shim/_kernel.js:17:19)
    at DuelArena.observeFightState (file:///rs2b0t/bot/scripts/bot/bot.js:288:70)
    at file:///rs2b0t/bot/scripts/bot/bot.js:93:63
    at globalThis.__rs2b0t_fire_tick_listeners (file:///rs2b0t/bot/runtime/BotHost.js:14:13)
    at globalThis.__rs2b0t_tick_async (file:///rs2b0t/bot/scripts/bot/main.js:15:37)
    at globalThis.__rs_tick (file:///rs2b0t/bot/scripts/bot/main.js:8:16)
[script liveb71btf_1] [rs2b0t] listener error not impl: reader.selfChat
[script liveb71btf_0] [rs2b0t] listener error not impl: reader.selfChat
[host] slot liveb71btf_0: d_loop_us=912 d_raster_us=0 d_observe_us=36618 max_observe_us=5260 d_paints=0 d_skips=50 d_ticks=2 window_ms=1185
[rs2b0t] listener error Error: not impl: reader.selfChat
    at notImpl (file:///rs2b0t/bot/shim/_kernel.js:5:5)
    at Object.get (file:///rs2b0t/bot/shim/_kernel.js:17:19)
    at DuelArena.observeFightState (file:///rs2b0t/bot/scripts/bot/bot.js:288:70)
    at file:///rs2b0t/bot/scripts/bot/bot.js:93:63
    at globalThis.__rs2b0t_fire_tick_listeners (file:///rs2b0t/bot/runtime/BotHost.js:14:13)
    at globalThis.__rs2b0t_pump (file:///rs2b0t/bot/api/execution/Execution.js:107:37)
[rs2b0t] listener error Error: not impl: reader.selfChat
    at notImpl (file:///rs2b0t/bot/shim/_kernel.js:5:5)
    at Object.get (file:///rs2b0t/bot/shim/_kernel.js:17:19)
    at DuelArena.observeFightState (file:///rs2b0t/bot/scripts/bot/bot.js:288:70)
    at file:///rs2b0t/bot/scripts/bot/bot.js:93:63
    at globalThis.__rs2b0t_fire_tick_listeners (file:///rs2b0t/bot/runtime/BotHost.js:14:13)
    at globalThis.__rs2b0t_pump (file:///rs2b0t/bot/api/execution/Execution.js:107:37)
[script liveb71btf_0] [rs2b0t] listener error not impl: reader.selfChat
[script liveb71btf_1] [rs2b0t] listener error not impl: reader.selfChat
[host] slot liveb71btf_1: d_loop_us=660 d_raster_us=0 d_observe_us=31384 max_observe_us=5151 d_paints=0 d_skips=50 d_ticks=2 window_ms=1197
[rs2b0t] listener error Error: not impl: reader.selfChat
    at notImpl (file:///rs2b0t/bot/shim/_kernel.js:5:5)
    at Object.get (file:///rs2b0t/bot/shim/_kernel.js:17:19)
    at DuelArena.observeFightState (file:///rs2b0t/bot/scripts/bot/bot.js:288:70)
    at file:///rs2b0t/bot/scripts/bot/bot.js:93:63
    at globalThis.__rs2b0t_fire_tick_listeners (file:///rs2b0t/bot/runtime/BotHost.js:14:13)
    at globalThis.__rs2b0t_tick_async (file:///rs2b0t/bot/scripts/bot/main.js:15:37)
    at globalThis.__rs_tick (file:///rs2b0t/bot/scripts/bot/main.js:8:16)
[script liveb71btf_0] [rs2b0t] listener error not impl: reader.selfChat
[host] slot liveb71btf_0: d_loop_us=666 d_raster_us=0 d_observe_us=32476 max_observe_us=5278 d_paints=0 d_skips=50 d_ticks=2 window_ms=1185
[rs2b0t] listener error Error: not impl: reader.selfChat
    at notImpl (file:///rs2b0t/bot/shim/_kernel.js:5:5)
    at Object.get (file:///rs2b0t/bot/shim/_kernel.js:17:19)
    at DuelArena.observeFightState (file:///rs2b0t/bot/scripts/bot/bot.js:288:70)
    at file:///rs2b0t/bot/scripts/bot/bot.js:93:63
    at globalThis.__rs2b0t_fire_tick_listeners (file:///rs2b0t/bot/runtime/BotHost.js:14:13)
    at globalThis.__rs2b0t_tick_async (file:///rs2b0t/bot/scripts/bot/main.js:15:37)
    at globalThis.__rs_tick (file:///rs2b0t/bot/scripts/bot/main.js:8:16)
[script liveb71btf_1] [rs2b0t] listener error not impl: reader.selfChat
[rs2b0t] listener error Error: not impl: reader.selfChat
    at notImpl (file:///rs2b0t/bot/shim/_kernel.js:5:5)
    at Object.get (file:///rs2b0t/bot/shim/_kernel.js:17:19)
    at DuelArena.observeFightState (file:///rs2b0t/bot/scripts/bot/bot.js:288:70)
    at file:///rs2b0t/bot/scripts/bot/bot.js:93:63
    at globalThis.__rs2b0t_fire_tick_listeners (file:///rs2b0t/bot/runtime/BotHost.js:14:13)
    at globalThis.__rs2b0t_pump (file:///rs2b0t/bot/api/execution/Execution.js:107:37)
[rs2b0t] listener error Error: not impl: reader.selfChat
    at notImpl (file:///rs2b0t/bot/shim/_kernel.js:5:5)
    at Object.get (file:///rs2b0t/bot/shim/_kernel.js:17:19)
    at DuelArena.observeFightState (file:///rs2b0t/bot/scripts/bot/bot.js:288:70)
    at file:///rs2b0t/bot/scripts/bot/bot.js:93:63
    at globalThis.__rs2b0t_fire_tick_listeners (file:///rs2b0t/bot/runtime/BotHost.js:14:13)
    at globalThis.__rs2b0t_pump (file:///rs2b0t/bot/api/execution/Execution.js:107:37)
[script liveb71btf_1] [rs2b0t] listener error not impl: reader.selfChat
[script liveb71btf_0] [rs2b0t] listener error not impl: reader.selfChat
[host] slot liveb71btf_1: d_loop_us=730 d_raster_us=0 d_observe_us=33309 max_observe_us=5506 d_paints=0 d_skips=50 d_ticks=2 window_ms=1178
[host] slot liveb71btf_0: d_loop_us=696 d_raster_us=0 d_observe_us=31285 max_observe_us=5706 d_paints=0 d_skips=50 d_ticks=2 window_ms=1195
[rs2b0t] listener error Error: not impl: reader.selfChat
    at notImpl (file:///rs2b0t/bot/shim/_kernel.js:5:5)
    at Object.get (file:///rs2b0t/bot/shim/_kernel.js:17:19)
    at DuelArena.observeFightState (file:///rs2b0t/bot/scripts/bot/bot.js:288:70)
    at file:///rs2b0t/bot/scripts/bot/bot.js:93:63
    at globalThis.__rs2b0t_fire_tick_listeners (file:///rs2b0t/bot/runtime/BotHost.js:14:13)
    at globalThis.__rs2b0t_tick_async (file:///rs2b0t/bot/scripts/bot/main.js:15:37)
    at globalThis.__rs_tick (file:///rs2b0t/bot/scripts/bot/main.js:8:16)
[rs2b0t] listener error Error: not impl: reader.selfChat
    at notImpl (file:///rs2b0t/bot/shim/_kernel.js:5:5)
    at Object.get (file:///rs2b0t/bot/shim/_kernel.js:17:19)
    at DuelArena.observeFightState (file:///rs2b0t/bot/scripts/bot/bot.js:288:70)
    at file:///rs2b0t/bot/scripts/bot/bot.js:93:63
    at globalThis.__rs2b0t_fire_tick_listeners (file:///rs2b0t/bot/runtime/BotHost.js:14:13)
    at globalThis.__rs2b0t_tick_async (file:///rs2b0t/bot/scripts/bot/main.js:15:37)
    at globalThis.__rs_tick (file:///rs2b0t/bot/scripts/bot/main.js:8:16)
[script liveb71btf_0] [rs2b0t] listener error not impl: reader.selfChat
[script liveb71btf_1] [rs2b0t] listener error not impl: reader.selfChat
[rs2b0t] listener error Error: not impl: reader.selfChat
    at notImpl (file:///rs2b0t/bot/shim/_kernel.js:5:5)
    at Object.get (file:///rs2b0t/bot/shim/_kernel.js:17:19)
    at DuelArena.observeFightState (file:///rs2b0t/bot/scripts/bot/bot.js:288:70)
    at file:///rs2b0t/bot/scripts/bot/bot.js:93:63
    at globalThis.__rs2b0t_fire_tick_listeners (file:///rs2b0t/bot/runtime/BotHost.js:14:13)
    at globalThis.__rs2b0t_pump (file:///rs2b0t/bot/api/execution/Execution.js:107:37)
[rs2b0t] listener error Error: not impl: reader.selfChat
    at notImpl (file:///rs2b0t/bot/shim/_kernel.js:5:5)
    at Object.get (file:///rs2b0t/bot/shim/_kernel.js:17:19)
    at DuelArena.observeFightState (file:///rs2b0t/bot/scripts/bot/bot.js:288:70)
    at file:///rs2b0t/bot/scripts/bot/bot.js:93:63
    at globalThis.__rs2b0t_fire_tick_listeners (file:///rs2b0t/bot/runtime/BotHost.js:14:13)
    at globalThis.__rs2b0t_pump (file:///rs2b0t/bot/api/execution/Execution.js:107:37)
[script liveb71btf_1] [rs2b0t] listener error not impl: reader.selfChat
[script liveb71btf_0] [rs2b0t] listener error not impl: reader.selfChat
[host] slot liveb71btf_1: d_loop_us=661 d_raster_us=0 d_observe_us=31075 max_observe_us=4988 d_paints=0 d_skips=50 d_ticks=2 window_ms=1189
[host] slot liveb71btf_0: d_loop_us=668 d_raster_us=0 d_observe_us=26901 max_observe_us=5109 d_paints=0 d_skips=50 d_ticks=2 window_ms=1169
[rs2b0t] listener error Error: not impl: reader.selfChat
    at notImpl (file:///rs2b0t/bot/shim/_kernel.js:5:5)
    at Object.get (file:///rs2b0t/bot/shim/_kernel.js:17:19)
    at DuelArena.observeFightState (file:///rs2b0t/bot/scripts/bot/bot.js:288:70)
    at file:///rs2b0t/bot/scripts/bot/bot.js:93:63
    at globalThis.__rs2b0t_fire_tick_listeners (file:///rs2b0t/bot/runtime/BotHost.js:14:13)
    at globalThis.__rs2b0t_tick_async (file:///rs2b0t/bot/scripts/bot/main.js:15:37)
    at globalThis.__rs_tick (file:///rs2b0t/bot/scripts/bot/main.js:8:16)
[rs2b0t] listener error Error: not impl: reader.selfChat
    at notImpl (file:///rs2b0t/bot/shim/_kernel.js:5:5)
    at Object.get (file:///rs2b0t/bot/shim/_kernel.js:17:19)
    at DuelArena.observeFightState (file:///rs2b0t/bot/scripts/bot/bot.js:288:70)
    at file:///rs2b0t/bot/scripts/bot/bot.js:93:63
    at globalThis.__rs2b0t_fire_tick_listeners (file:///rs2b0t/bot/runtime/BotHost.js:14:13)
    at globalThis.__rs2b0t_tick_async (file:///rs2b0t/bot/scripts/bot/main.js:15:37)
    at globalThis.__rs_tick (file:///rs2b0t/bot/scripts/bot/main.js:8:16)
[script liveb71btf_1] [rs2b0t] listener error not impl: reader.selfChat
[script liveb71btf_0] [rs2b0t] listener error not impl: reader.selfChat
[rs2b0t] listener error Error: not impl: reader.selfChat
    at notImpl (file:///rs2b0t/bot/shim/_kernel.js:5:5)
    at Object.get (file:///rs2b0t/bot/shim/_kernel.js:17:19)
    at DuelArena.observeFightState (file:///rs2b0t/bot/scripts/bot/bot.js:288:70)
    at file:///rs2b0t/bot/scripts/bot/bot.js:93:63
    at globalThis.__rs2b0t_fire_tick_listeners (file:///rs2b0t/bot/runtime/BotHost.js:14:13)
    at globalThis.__rs2b0t_pump (file:///rs2b0t/bot/api/execution/Execution.js:107:37)
[rs2b0t] listener error Error: not impl: reader.selfChat
    at notImpl (file:///rs2b0t/bot/shim/_kernel.js:5:5)
    at Object.get (file:///rs2b0t/bot/shim/_kernel.js:17:19)
    at DuelArena.observeFightState (file:///rs2b0t/bot/scripts/bot/bot.js:288:70)
    at file:///rs2b0t/bot/scripts/bot/bot.js:93:63
    at globalThis.__rs2b0t_fire_tick_listeners (file:///rs2b0t/bot/runtime/BotHost.js:14:13)
    at globalThis.__rs2b0t_pump (file:///rs2b0t/bot/api/execution/Execution.js:107:37)
[script liveb71btf_0] [rs2b0t] listener error not impl: reader.selfChat
[script liveb71btf_1] [rs2b0t] listener error not impl: reader.selfChat
[host] slot liveb71btf_1: d_loop_us=710 d_raster_us=0 d_observe_us=32122 max_observe_us=5363 d_paints=0 d_skips=50 d_ticks=2 window_ms=1176
[host] slot liveb71btf_0: d_loop_us=615 d_raster_us=0 d_observe_us=30110 max_observe_us=5488 d_paints=0 d_skips=50 d_ticks=2 window_ms=1206
[rs2b0t] listener error Error: not impl: reader.selfChat
    at notImpl (file:///rs2b0t/bot/shim/_kernel.js:5:5)
    at Object.get (file:///rs2b0t/bot/shim/_kernel.js:17:19)
    at DuelArena.observeFightState (file:///rs2b0t/bot/scripts/bot/bot.js:288:70)
    at file:///rs2b0t/bot/scripts/bot/bot.js:93:63
    at globalThis.__rs2b0t_fire_tick_listeners (file:///rs2b0t/bot/runtime/BotHost.js:14:13)
    at globalThis.__rs2b0t_tick_async (file:///rs2b0t/bot/scripts/bot/main.js:15:37)
    at globalThis.__rs_tick (file:///rs2b0t/bot/scripts/bot/main.js:8:16)
[rs2b0t] listener error Error: not impl: reader.selfChat
    at notImpl (file:///rs2b0t/bot/shim/_kernel.js:5:5)
    at Object.get (file:///rs2b0t/bot/shim/_kernel.js:17:19)
    at DuelArena.observeFightState (file:///rs2b0t/bot/scripts/bot/bot.js:288:70)
    at file:///rs2b0t/bot/scripts/bot/bot.js:93:63
    at globalThis.__rs2b0t_fire_tick_listeners (file:///rs2b0t/bot/runtime/BotHost.js:14:13)
    at globalThis.__rs2b0t_tick_async (file:///rs2b0t/bot/scripts/bot/main.js:15:37)
    at globalThis.__rs_tick (file:///rs2b0t/bot/scripts/bot/main.js:8:16)
[script liveb71btf_0] [rs2b0t] listener error not impl: reader.selfChat
[script liveb71btf_1] [rs2b0t] listener error not impl: reader.selfChat
[rs2b0t] listener error Error: not impl: reader.selfChat
    at notImpl (file:///rs2b0t/bot/shim/_kernel.js:5:5)
    at Object.get (file:///rs2b0t/bot/shim/_kernel.js:17:19)
    at DuelArena.observeFightState (file:///rs2b0t/bot/scripts/bot/bot.js:288:70)
    at file:///rs2b0t/bot/scripts/bot/bot.js:93:63
    at globalThis.__rs2b0t_fire_tick_listeners (file:///rs2b0t/bot/runtime/BotHost.js:14:13)
    at globalThis.__rs2b0t_pump (file:///rs2b0t/bot/api/execution/Execution.js:107:37)
[rs2b0t] listener error Error: not impl: reader.selfChat
    at notImpl (file:///rs2b0t/bot/shim/_kernel.js:5:5)
    at Object.get (file:///rs2b0t/bot/shim/_kernel.js:17:19)
    at DuelArena.observeFightState (file:///rs2b0t/bot/scripts/bot/bot.js:288:70)
    at file:///rs2b0t/bot/scripts/bot/bot.js:93:63
    at globalThis.__rs2b0t_fire_tick_listeners (file:///rs2b0t/bot/runtime/BotHost.js:14:13)
    at globalThis.__rs2b0t_pump (file:///rs2b0t/bot/api/execution/Execution.js:107:37)
[script liveb71btf_1] [rs2b0t] listener error not impl: reader.selfChat
[script liveb71btf_0] [rs2b0t] listener error not impl: reader.selfChat
[host] slot liveb71btf_1: d_loop_us=698 d_raster_us=0 d_observe_us=31017 max_observe_us=5071 d_paints=0 d_skips=50 d_ticks=2 window_ms=1183
[host] slot liveb71btf_0: d_loop_us=700 d_raster_us=0 d_observe_us=30797 max_observe_us=5378 d_paints=0 d_skips=50 d_ticks=2 window_ms=1194
[rs2b0t] listener error Error: not impl: reader.selfChat
    at notImpl (file:///rs2b0t/bot/shim/_kernel.js:5:5)
    at Object.get (file:///rs2b0t/bot/shim/_kernel.js:17:19)
    at DuelArena.observeFightState (file:///rs2b0t/bot/scripts/bot/bot.js:288:70)
    at file:///rs2b0t/bot/scripts/bot/bot.js:93:63
    at globalThis.__rs2b0t_fire_tick_listeners (file:///rs2b0t/bot/runtime/BotHost.js:14:13)
    at globalThis.__rs2b0t_tick_async (file:///rs2b0t/bot/scripts/bot/main.js:15:37)
    at globalThis.__rs_tick (file:///rs2b0t/bot/scripts/bot/main.js:8:16)
[rs2b0t] listener error Error: not impl: reader.selfChat
    at notImpl (file:///rs2b0t/bot/shim/_kernel.js:5:5)
    at Object.get (file:///rs2b0t/bot/shim/_kernel.js:17:19)
    at DuelArena.observeFightState (file:///rs2b0t/bot/scripts/bot/bot.js:288:70)
    at file:///rs2b0t/bot/scripts/bot/bot.js:93:63
    at globalThis.__rs2b0t_fire_tick_listeners (file:///rs2b0t/bot/runtime/BotHost.js:14:13)
    at globalThis.__rs2b0t_tick_async (file:///rs2b0t/bot/scripts/bot/main.js:15:37)
    at globalThis.__rs_tick (file:///rs2b0t/bot/scripts/bot/main.js:8:16)
[script liveb71btf_0] [rs2b0t] listener error not impl: reader.selfChat
[script liveb71btf_1] [rs2b0t] listener error not impl: reader.selfChat
[rs2b0t] listener error Error: not impl: reader.selfChat
    at notImpl (file:///rs2b0t/bot/shim/_kernel.js:5:5)
    at Object.get (file:///rs2b0t/bot/shim/_kernel.js:17:19)
    at DuelArena.observeFightState (file:///rs2b0t/bot/scripts/bot/bot.js:288:70)
    at file:///rs2b0t/bot/scripts/bot/bot.js:93:63
    at globalThis.__rs2b0t_fire_tick_listeners (file:///rs2b0t/bot/runtime/BotHost.js:14:13)
    at globalThis.__rs2b0t_pump (file:///rs2b0t/bot/api/execution/Execution.js:107:37)
[script liveb71btf_0] [rs2b0t] listener error not impl: reader.selfChat
[rs2b0t] listener error Error: not impl: reader.selfChat
    at notImpl (file:///rs2b0t/bot/shim/_kernel.js:5:5)
    at Object.get (file:///rs2b0t/bot/shim/_kernel.js:17:19)
    at DuelArena.observeFightState (file:///rs2b0t/bot/scripts/bot/bot.js:288:70)
    at file:///rs2b0t/bot/scripts/bot/bot.js:93:63
    at globalThis.__rs2b0t_fire_tick_listeners (file:///rs2b0t/bot/runtime/BotHost.js:14:13)
    at globalThis.__rs2b0t_pump (file:///rs2b0t/bot/api/execution/Execution.js:107:37)
[script liveb71btf_1] [rs2b0t] listener error not impl: reader.selfChat
[host] slot liveb71btf_1: d_loop_us=714 d_raster_us=0 d_observe_us=34331 max_observe_us=5627 d_paints=0 d_skips=50 d_ticks=2 window_ms=1170
[host] slot liveb71btf_0: d_loop_us=607 d_raster_us=0 d_observe_us=33618 max_observe_us=6112 d_paints=0 d_skips=50 d_ticks=1 window_ms=1183
[rs2b0t] listener error Error: not impl: reader.selfChat
    at notImpl (file:///rs2b0t/bot/shim/_kernel.js:5:5)
    at Object.get (file:///rs2b0t/bot/shim/_kernel.js:17:19)
    at DuelArena.observeFightState (file:///rs2b0t/bot/scripts/bot/bot.js:288:70)
    at file:///rs2b0t/bot/scripts/bot/bot.js:93:63
    at globalThis.__rs2b0t_fire_tick_listeners (file:///rs2b0t/bot/runtime/BotHost.js:14:13)
    at globalThis.__rs2b0t_tick_async (file:///rs2b0t/bot/scripts/bot/main.js:15:37)
    at globalThis.__rs_tick (file:///rs2b0t/bot/scripts/bot/main.js:8:16)
[rs2b0t] listener error Error: not impl: reader.selfChat
    at notImpl (file:///rs2b0t/bot/shim/_kernel.js:5:5)
    at Object.get (file:///rs2b0t/bot/shim/_kernel.js:17:19)
    at DuelArena.observeFightState (file:///rs2b0t/bot/scripts/bot/bot.js:288:70)
    at file:///rs2b0t/bot/scripts/bot/bot.js:93:63
    at globalThis.__rs2b0t_fire_tick_listeners (file:///rs2b0t/bot/runtime/BotHost.js:14:13)
    at globalThis.__rs2b0t_tick_async (file:///rs2b0t/bot/scripts/bot/main.js:15:37)
    at globalThis.__rs_tick (file:///rs2b0t/bot/scripts/bot/main.js:8:16)
[script liveb71btf_1] [rs2b0t] listener error not impl: reader.selfChat
[script liveb71btf_0] [rs2b0t] listener error not impl: reader.selfChat
[rs2b0t] listener error Error: not impl: reader.selfChat
    at notImpl (file:///rs2b0t/bot/shim/_kernel.js:5:5)
    at Object.get (file:///rs2b0t/bot/shim/_kernel.js:17:19)
    at DuelArena.observeFightState (file:///rs2b0t/bot/scripts/bot/bot.js:288:70)
    at file:///rs2b0t/bot/scripts/bot/bot.js:93:63
    at globalThis.__rs2b0t_fire_tick_listeners (file:///rs2b0t/bot/runtime/BotHost.js:14:13)
    at globalThis.__rs2b0t_pump (file:///rs2b0t/bot/api/execution/Execution.js:107:37)
[script liveb71btf_0] [rs2b0t] listener error not impl: reader.selfChat
[rs2b0t] listener error Error: not impl: reader.selfChat
    at notImpl (file:///rs2b0t/bot/shim/_kernel.js:5:5)
    at Object.get (file:///rs2b0t/bot/shim/_kernel.js:17:19)
    at DuelArena.observeFightState (file:///rs2b0t/bot/scripts/bot/bot.js:288:70)
    at file:///rs2b0t/bot/scripts/bot/bot.js:93:63
    at globalThis.__rs2b0t_fire_tick_listeners (file:///rs2b0t/bot/runtime/BotHost.js:14:13)
    at globalThis.__rs2b0t_pump (file:///rs2b0t/bot/api/execution/Execution.js:107:37)
[script liveb71btf_1] [rs2b0t] listener error not impl: reader.selfChat
[host] slot liveb71btf_1: d_loop_us=693 d_raster_us=0 d_observe_us=38820 max_observe_us=7314 d_paints=0 d_skips=50 d_ticks=2 window_ms=1171
[host] slot liveb71btf_0: d_loop_us=638 d_raster_us=0 d_observe_us=44536 max_observe_us=7317 d_paints=0 d_skips=50 d_ticks=2 window_ms=1172
[rs2b0t] listener error Error: not impl: reader.selfChat
    at notImpl (file:///rs2b0t/bot/shim/_kernel.js:5:5)
    at Object.get (file:///rs2b0t/bot/shim/_kernel.js:17:19)
    at DuelArena.observeFightState (file:///rs2b0t/bot/scripts/bot/bot.js:288:70)
    at file:///rs2b0t/bot/scripts/bot/bot.js:93:63
    at globalThis.__rs2b0t_fire_tick_listeners (file:///rs2b0t/bot/runtime/BotHost.js:14:13)
    at globalThis.__rs2b0t_tick_async (file:///rs2b0t/bot/scripts/bot/main.js:15:37)
    at globalThis.__rs_tick (file:///rs2b0t/bot/scripts/bot/main.js:8:16)
[rs2b0t] listener error Error: not impl: reader.selfChat
    at notImpl (file:///rs2b0t/bot/shim/_kernel.js:5:5)
    at Object.get (file:///rs2b0t/bot/shim/_kernel.js:17:19)
    at DuelArena.observeFightState (file:///rs2b0t/bot/scripts/bot/bot.js:288:70)
    at file:///rs2b0t/bot/scripts/bot/bot.js:93:63
    at globalThis.__rs2b0t_fire_tick_listeners (file:///rs2b0t/bot/runtime/BotHost.js:14:13)
    at globalThis.__rs2b0t_tick_async (file:///rs2b0t/bot/scripts/bot/main.js:15:37)
    at globalThis.__rs_tick (file:///rs2b0t/bot/scripts/bot/main.js:8:16)
[script liveb71btf_0] [rs2b0t] listener error not impl: reader.selfChat
[script liveb71btf_1] [rs2b0t] listener error not impl: reader.selfChat
[rs2b0t] listener error Error: not impl: reader.selfChat
    at notImpl (file:///rs2b0t/bot/shim/_kernel.js:5:5)
    at Object.get (file:///rs2b0t/bot/shim/_kernel.js:17:19)
    at DuelArena.observeFightState (file:///rs2b0t/bot/scripts/bot/bot.js:288:70)
    at file:///rs2b0t/bot/scripts/bot/bot.js:93:63
    at globalThis.__rs2b0t_fire_tick_listeners (file:///rs2b0t/bot/runtime/BotHost.js:14:13)
    at globalThis.__rs2b0t_pump (file:///rs2b0t/bot/api/execution/Execution.js:107:37)
[rs2b0t] listener error Error: not impl: reader.selfChat
    at notImpl (file:///rs2b0t/bot/shim/_kernel.js:5:5)
    at Object.get (file:///rs2b0t/bot/shim/_kernel.js:17:19)
    at DuelArena.observeFightState (file:///rs2b0t/bot/scripts/bot/bot.js:288:70)
    at file:///rs2b0t/bot/scripts/bot/bot.js:93:63
    at globalThis.__rs2b0t_fire_tick_listeners (file:///rs2b0t/bot/runtime/BotHost.js:14:13)
    at globalThis.__rs2b0t_pump (file:///rs2b0t/bot/api/execution/Execution.js:107:37)
[script liveb71btf_0] [rs2b0t] listener error not impl: reader.selfChat
[script liveb71btf_1] [rs2b0t] listener error not impl: reader.selfChat
[host] slot liveb71btf_1: d_loop_us=695 d_raster_us=0 d_observe_us=45290 max_observe_us=7723 d_paints=0 d_skips=50 d_ticks=2 window_ms=1199
[host] slot liveb71btf_0: d_loop_us=718 d_raster_us=0 d_observe_us=36252 max_observe_us=5966 d_paints=0 d_skips=50 d_ticks=2 window_ms=1186
[rs2b0t] listener error Error: not impl: reader.selfChat
    at notImpl (file:///rs2b0t/bot/shim/_kernel.js:5:5)
    at Object.get (file:///rs2b0t/bot/shim/_kernel.js:17:19)
    at DuelArena.observeFightState (file:///rs2b0t/bot/scripts/bot/bot.js:288:70)
    at file:///rs2b0t/bot/scripts/bot/bot.js:93:63
    at globalThis.__rs2b0t_fire_tick_listeners (file:///rs2b0t/bot/runtime/BotHost.js:14:13)
    at globalThis.__rs2b0t_tick_async (file:///rs2b0t/bot/scripts/bot/main.js:15:37)
    at globalThis.__rs_tick (file:///rs2b0t/bot/scripts/bot/main.js:8:16)
[rs2b0t] listener error Error: not impl: reader.selfChat
    at notImpl (file:///rs2b0t/bot/shim/_kernel.js:5:5)
    at Object.get (file:///rs2b0t/bot/shim/_kernel.js:17:19)
    at DuelArena.observeFightState (file:///rs2b0t/bot/scripts/bot/bot.js:288:70)
    at file:///rs2b0t/bot/scripts/bot/bot.js:93:63
    at globalThis.__rs2b0t_fire_tick_listeners (file:///rs2b0t/bot/runtime/BotHost.js:14:13)
    at globalThis.__rs2b0t_tick_async (file:///rs2b0t/bot/scripts/bot/main.js:15:37)
    at globalThis.__rs_tick (file:///rs2b0t/bot/scripts/bot/main.js:8:16)
[script liveb71btf_0] [rs2b0t] listener error not impl: reader.selfChat
[script liveb71btf_1] [rs2b0t] listener error not impl: reader.selfChat
[rs2b0t] listener error Error: not impl: reader.selfChat
    at notImpl (file:///rs2b0t/bot/shim/_kernel.js:5:5)
    at Object.get (file:///rs2b0t/bot/shim/_kernel.js:17:19)
    at DuelArena.observeFightState (file:///rs2b0t/bot/scripts/bot/bot.js:288:70)
    at file:///rs2b0t/bot/scripts/bot/bot.js:93:63
    at globalThis.__rs2b0t_fire_tick_listeners (file:///rs2b0t/bot/runtime/BotHost.js:14:13)
    at globalThis.__rs2b0t_pump (file:///rs2b0t/bot/api/execution/Execution.js:107:37)
[rs2b0t] listener error Error: not impl: reader.selfChat
    at notImpl (file:///rs2b0t/bot/shim/_kernel.js:5:5)
    at Object.get (file:///rs2b0t/bot/shim/_kernel.js:17:19)
    at DuelArena.observeFightState (file:///rs2b0t/bot/scripts/bot/bot.js:288:70)
    at file:///rs2b0t/bot/scripts/bot/bot.js:93:63
    at globalThis.__rs2b0t_fire_tick_listeners (file:///rs2b0t/bot/runtime/BotHost.js:14:13)
    at globalThis.__rs2b0t_pump (file:///rs2b0t/bot/api/execution/Execution.js:107:37)
[script liveb71btf_0] [rs2b0t] listener error not impl: reader.selfChat
[script liveb71btf_1] [rs2b0t] listener error not impl: reader.selfChat
[host] slot liveb71btf_1: d_loop_us=847 d_raster_us=0 d_observe_us=46209 max_observe_us=6888 d_paints=0 d_skips=50 d_ticks=2 window_ms=1187
[host] slot liveb71btf_0: d_loop_us=712 d_raster_us=0 d_observe_us=53748 max_observe_us=10971 d_paints=0 d_skips=50 d_ticks=2 window_ms=1169
[rs2b0t] listener error Error: not impl: reader.selfChat
    at notImpl (file:///rs2b0t/bot/shim/_kernel.js:5:5)
    at Object.get (file:///rs2b0t/bot/shim/_kernel.js:17:19)
    at DuelArena.observeFightState (file:///rs2b0t/bot/scripts/bot/bot.js:288:70)
    at file:///rs2b0t/bot/scripts/bot/bot.js:93:63
    at globalThis.__rs2b0t_fire_tick_listeners (file:///rs2b0t/bot/runtime/BotHost.js:14:13)
    at globalThis.__rs2b0t_tick_async (file:///rs2b0t/bot/scripts/bot/main.js:15:37)
    at globalThis.__rs_tick (file:///rs2b0t/bot/scripts/bot/main.js:8:16)
[rs2b0t] listener error Error: not impl: reader.selfChat
    at notImpl (file:///rs2b0t/bot/shim/_kernel.js:5:5)
    at Object.get (file:///rs2b0t/bot/shim/_kernel.js:17:19)
    at DuelArena.observeFightState (file:///rs2b0t/bot/scripts/bot/bot.js:288:70)
    at file:///rs2b0t/bot/scripts/bot/bot.js:93:63
    at globalThis.__rs2b0t_fire_tick_listeners (file:///rs2b0t/bot/runtime/BotHost.js:14:13)
    at globalThis.__rs2b0t_tick_async (file:///rs2b0t/bot/scripts/bot/main.js:15:37)
    at globalThis.__rs_tick (file:///rs2b0t/bot/scripts/bot/main.js:8:16)
[script liveb71btf_0] [rs2b0t] listener error not impl: reader.selfChat
[script liveb71btf_1] [rs2b0t] listener error not impl: reader.selfChat
[rs2b0t] listener error Error: not impl: reader.selfChat
    at notImpl (file:///rs2b0t/bot/shim/_kernel.js:5:5)
    at Object.get (file:///rs2b0t/bot/shim/_kernel.js:17:19)
    at DuelArena.observeFightState (file:///rs2b0t/bot/scripts/bot/bot.js:288:70)
    at file:///rs2b0t/bot/scripts/bot/bot.js:93:63
    at globalThis.__rs2b0t_fire_tick_listeners (file:///rs2b0t/bot/runtime/BotHost.js:14:13)
    at globalThis.__rs2b0t_pump (file:///rs2b0t/bot/api/execution/Execution.js:107:37)
[rs2b0t] listener error Error: not impl: reader.selfChat
    at notImpl (file:///rs2b0t/bot/shim/_kernel.js:5:5)
    at Object.get (file:///rs2b0t/bot/shim/_kernel.js:17:19)
    at DuelArena.observeFightState (file:///rs2b0t/bot/scripts/bot/bot.js:288:70)
    at file:///rs2b0t/bot/scripts/bot/bot.js:93:63
    at globalThis.__rs2b0t_fire_tick_listeners (file:///rs2b0t/bot/runtime/BotHost.js:14:13)
    at globalThis.__rs2b0t_pump (file:///rs2b0t/bot/api/execution/Execution.js:107:37)
[script liveb71btf_1] [rs2b0t] listener error not impl: reader.selfChat
[script liveb71btf_0] [rs2b0t] listener error not impl: reader.selfChat
[host] slot liveb71btf_1: d_loop_us=797 d_raster_us=0 d_observe_us=52375 max_observe_us=7512 d_paints=0 d_skips=50 d_ticks=2 window_ms=1155
[host] slot liveb71btf_0: d_loop_us=782 d_raster_us=0 d_observe_us=47194 max_observe_us=9991 d_paints=0 d_skips=50 d_ticks=2 window_ms=1185
[rs2b0t] listener error Error: not impl: reader.selfChat
    at notImpl (file:///rs2b0t/bot/shim/_kernel.js:5:5)
    at Object.get (file:///rs2b0t/bot/shim/_kernel.js:17:19)
    at DuelArena.observeFightState (file:///rs2b0t/bot/scripts/bot/bot.js:288:70)
    at file:///rs2b0t/bot/scripts/bot/bot.js:93:63
    at globalThis.__rs2b0t_fire_tick_listeners (file:///rs2b0t/bot/runtime/BotHost.js:14:13)
    at globalThis.__rs2b0t_tick_async (file:///rs2b0t/bot/scripts/bot/main.js:15:37)
    at globalThis.__rs_tick (file:///rs2b0t/bot/scripts/bot/main.js:8:16)
[rs2b0t] listener error Error: not impl: reader.selfChat
    at notImpl (file:///rs2b0t/bot/shim/_kernel.js:5:5)
    at Object.get (file:///rs2b0t/bot/shim/_kernel.js:17:19)
    at DuelArena.observeFightState (file:///rs2b0t/bot/scripts/bot/bot.js:288:70)
    at file:///rs2b0t/bot/scripts/bot/bot.js:93:63
    at globalThis.__rs2b0t_fire_tick_listeners (file:///rs2b0t/bot/runtime/BotHost.js:14:13)
    at globalThis.__rs2b0t_tick_async (file:///rs2b0t/bot/scripts/bot/main.js:15:37)
    at globalThis.__rs_tick (file:///rs2b0t/bot/scripts/bot/main.js:8:16)
[script liveb71btf_1] [rs2b0t] listener error not impl: reader.selfChat
[script liveb71btf_0] [rs2b0t] listener error not impl: reader.selfChat
[rs2b0t] listener error Error: not impl: reader.selfChat
    at notImpl (file:///rs2b0t/bot/shim/_kernel.js:5:5)
    at Object.get (file:///rs2b0t/bot/shim/_kernel.js:17:19)
    at DuelArena.observeFightState (file:///rs2b0t/bot/scripts/bot/bot.js:288:70)
    at file:///rs2b0t/bot/scripts/bot/bot.js:93:63
    at globalThis.__rs2b0t_fire_tick_listeners (file:///rs2b0t/bot/runtime/BotHost.js:14:13)
    at globalThis.__rs2b0t_pump (file:///rs2b0t/bot/api/execution/Execution.js:107:37)
[rs2b0t] listener error Error: not impl: reader.selfChat
    at notImpl (file:///rs2b0t/bot/shim/_kernel.js:5:5)
    at Object.get (file:///rs2b0t/bot/shim/_kernel.js:17:19)
    at DuelArena.observeFightState (file:///rs2b0t/bot/scripts/bot/bot.js:288:70)
    at file:///rs2b0t/bot/scripts/bot/bot.js:93:63
    at globalThis.__rs2b0t_fire_tick_listeners (file:///rs2b0t/bot/runtime/BotHost.js:14:13)
    at globalThis.__rs2b0t_pump (file:///rs2b0t/bot/api/execution/Execution.js:107:37)
[script liveb71btf_1] [rs2b0t] listener error not impl: reader.selfChat
[host] slot liveb71btf_1: d_loop_us=918 d_raster_us=0 d_observe_us=57279 max_observe_us=6225 d_paints=0 d_skips=50 d_ticks=2 window_ms=1174
[script liveb71btf_0] [rs2b0t] listener error not impl: reader.selfChat
[host] slot liveb71btf_0: d_loop_us=859 d_raster_us=0 d_observe_us=50261 max_observe_us=7593 d_paints=0 d_skips=50 d_ticks=2 window_ms=1169
[rs2b0t] listener error Error: not impl: reader.selfChat
    at notImpl (file:///rs2b0t/bot/shim/_kernel.js:5:5)
    at Object.get (file:///rs2b0t/bot/shim/_kernel.js:17:19)
    at DuelArena.observeFightState (file:///rs2b0t/bot/scripts/bot/bot.js:288:70)
    at file:///rs2b0t/bot/scripts/bot/bot.js:93:63
    at globalThis.__rs2b0t_fire_tick_listeners (file:///rs2b0t/bot/runtime/BotHost.js:14:13)
    at globalThis.__rs2b0t_tick_async (file:///rs2b0t/bot/scripts/bot/main.js:15:37)
    at globalThis.__rs_tick (file:///rs2b0t/bot/scripts/bot/main.js:8:16)
[script liveb71btf_1] [rs2b0t] listener error not impl: reader.selfChat
[rs2b0t] listener error Error: not impl: reader.selfChat
    at notImpl (file:///rs2b0t/bot/shim/_kernel.js:5:5)
    at Object.get (file:///rs2b0t/bot/shim/_kernel.js:17:19)
    at DuelArena.observeFightState (file:///rs2b0t/bot/scripts/bot/bot.js:288:70)
    at file:///rs2b0t/bot/scripts/bot/bot.js:93:63
    at globalThis.__rs2b0t_fire_tick_listeners (file:///rs2b0t/bot/runtime/BotHost.js:14:13)
    at globalThis.__rs2b0t_tick_async (file:///rs2b0t/bot/scripts/bot/main.js:15:37)
    at globalThis.__rs_tick (file:///rs2b0t/bot/scripts/bot/main.js:8:16)
[script liveb71btf_0] [rs2b0t] listener error not impl: reader.selfChat
[host] slot liveb71btf_1: d_loop_us=692 d_raster_us=0 d_observe_us=57209 max_observe_us=8534 d_paints=0 d_skips=50 d_ticks=2 window_ms=1187
[rs2b0t] listener error Error: not impl: reader.selfChat
    at notImpl (file:///rs2b0t/bot/shim/_kernel.js:5:5)
    at Object.get (file:///rs2b0t/bot/shim/_kernel.js:17:19)
    at DuelArena.observeFightState (file:///rs2b0t/bot/scripts/bot/bot.js:288:70)
    at file:///rs2b0t/bot/scripts/bot/bot.js:93:63
    at globalThis.__rs2b0t_fire_tick_listeners (file:///rs2b0t/bot/runtime/BotHost.js:14:13)
    at globalThis.__rs2b0t_pump (file:///rs2b0t/bot/api/execution/Execution.js:107:37)
[rs2b0t] listener error Error: not impl: reader.selfChat
    at notImpl (file:///rs2b0t/bot/shim/_kernel.js:5:5)
    at Object.get (file:///rs2b0t/bot/shim/_kernel.js:17:19)
    at DuelArena.observeFightState (file:///rs2b0t/bot/scripts/bot/bot.js:288:70)
    at file:///rs2b0t/bot/scripts/bot/bot.js:93:63
    at globalThis.__rs2b0t_fire_tick_listeners (file:///rs2b0t/bot/runtime/BotHost.js:14:13)
    at globalThis.__rs2b0t_pump (file:///rs2b0t/bot/api/execution/Execution.js:107:37)
[script liveb71btf_1] [rs2b0t] listener error not impl: reader.selfChat
[script liveb71btf_0] [rs2b0t] listener error not impl: reader.selfChat
[host] slot liveb71btf_0: d_loop_us=900 d_raster_us=0 d_observe_us=59416 max_observe_us=7223 d_paints=0 d_skips=50 d_ticks=2 window_ms=1166
[rs2b0t] listener error Error: not impl: reader.selfChat
    at notImpl (file:///rs2b0t/bot/shim/_kernel.js:5:5)
    at Object.get (file:///rs2b0t/bot/shim/_kernel.js:17:19)
    at DuelArena.observeFightState (file:///rs2b0t/bot/scripts/bot/bot.js:288:70)
    at file:///rs2b0t/bot/scripts/bot/bot.js:93:63
    at globalThis.__rs2b0t_fire_tick_listeners (file:///rs2b0t/bot/runtime/BotHost.js:14:13)
    at globalThis.__rs2b0t_tick_async (file:///rs2b0t/bot/scripts/bot/main.js:15:37)
    at globalThis.__rs_tick (file:///rs2b0t/bot/scripts/bot/main.js:8:16)
[rs2b0t] listener error Error: not impl: reader.selfChat
    at notImpl (file:///rs2b0t/bot/shim/_kernel.js:5:5)
    at Object.get (file:///rs2b0t/bot/shim/_kernel.js:17:19)
    at DuelArena.observeFightState (file:///rs2b0t/bot/scripts/bot/bot.js:288:70)
    at file:///rs2b0t/bot/scripts/bot/bot.js:93:63
    at globalThis.__rs2b0t_fire_tick_listeners (file:///rs2b0t/bot/runtime/BotHost.js:14:13)
    at globalThis.__rs2b0t_tick_async (file:///rs2b0t/bot/scripts/bot/main.js:15:37)
    at globalThis.__rs_tick (file:///rs2b0t/bot/scripts/bot/main.js:8:16)
[script liveb71btf_0] [rs2b0t] listener error not impl: reader.selfChat
[script liveb71btf_1] [rs2b0t] listener error not impl: reader.selfChat
[host] slot liveb71btf_1: d_loop_us=778 d_raster_us=0 d_observe_us=41983 max_observe_us=6520 d_paints=0 d_skips=50 d_ticks=2 window_ms=1164
[rs2b0t] listener error Error: not impl: reader.selfChat
    at notImpl (file:///rs2b0t/bot/shim/_kernel.js:5:5)
    at Object.get (file:///rs2b0t/bot/shim/_kernel.js:17:19)
    at DuelArena.observeFightState (file:///rs2b0t/bot/scripts/bot/bot.js:288:70)
    at file:///rs2b0t/bot/scripts/bot/bot.js:93:63
    at globalThis.__rs2b0t_fire_tick_listeners (file:///rs2b0t/bot/runtime/BotHost.js:14:13)
    at globalThis.__rs2b0t_pump (file:///rs2b0t/bot/api/execution/Execution.js:107:37)
[rs2b0t] listener error Error: not impl: reader.selfChat
    at notImpl (file:///rs2b0t/bot/shim/_kernel.js:5:5)
    at Object.get (file:///rs2b0t/bot/shim/_kernel.js:17:19)
    at DuelArena.observeFightState (file:///rs2b0t/bot/scripts/bot/bot.js:288:70)
    at file:///rs2b0t/bot/scripts/bot/bot.js:93:63
    at globalThis.__rs2b0t_fire_tick_listeners (file:///rs2b0t/bot/runtime/BotHost.js:14:13)
    at globalThis.__rs2b0t_pump (file:///rs2b0t/bot/api/execution/Execution.js:107:37)
[script liveb71btf_0] [rs2b0t] listener error not impl: reader.selfChat
[script liveb71btf_1] [rs2b0t] listener error not impl: reader.selfChat
[host] slot liveb71btf_0: d_loop_us=766 d_raster_us=0 d_observe_us=49366 max_observe_us=7745 d_paints=0 d_skips=50 d_ticks=2 window_ms=1173
[rs2b0t] listener error Error: not impl: reader.selfChat
    at notImpl (file:///rs2b0t/bot/shim/_kernel.js:5:5)
    at Object.get (file:///rs2b0t/bot/shim/_kernel.js:17:19)
    at DuelArena.observeFightState (file:///rs2b0t/bot/scripts/bot/bot.js:288:70)
    at file:///rs2b0t/bot/scripts/bot/bot.js:93:63
    at globalThis.__rs2b0t_fire_tick_listeners (file:///rs2b0t/bot/runtime/BotHost.js:14:13)
    at globalThis.__rs2b0t_tick_async (file:///rs2b0t/bot/scripts/bot/main.js:15:37)
    at globalThis.__rs_tick (file:///rs2b0t/bot/scripts/bot/main.js:8:16)
[rs2b0t] listener error Error: not impl: reader.selfChat
    at notImpl (file:///rs2b0t/bot/shim/_kernel.js:5:5)
    at Object.get (file:///rs2b0t/bot/shim/_kernel.js:17:19)
    at DuelArena.observeFightState (file:///rs2b0t/bot/scripts/bot/bot.js:288:70)
    at file:///rs2b0t/bot/scripts/bot/bot.js:93:63
    at globalThis.__rs2b0t_fire_tick_listeners (file:///rs2b0t/bot/runtime/BotHost.js:14:13)
    at globalThis.__rs2b0t_tick_async (file:///rs2b0t/bot/scripts/bot/main.js:15:37)
    at globalThis.__rs_tick (file:///rs2b0t/bot/scripts/bot/main.js:8:16)
[script liveb71btf_0] [rs2b0t] listener error not impl: reader.selfChat
[script liveb71btf_1] [rs2b0t] listener error not impl: reader.selfChat
[host] slot liveb71btf_1: d_loop_us=824 d_raster_us=0 d_observe_us=43660 max_observe_us=7341 d_paints=0 d_skips=50 d_ticks=1 window_ms=1184
[rs2b0t] listener error Error: not impl: reader.selfChat
    at notImpl (file:///rs2b0t/bot/shim/_kernel.js:5:5)
    at Object.get (file:///rs2b0t/bot/shim/_kernel.js:17:19)
    at DuelArena.observeFightState (file:///rs2b0t/bot/scripts/bot/bot.js:288:70)
    at file:///rs2b0t/bot/scripts/bot/bot.js:93:63
    at globalThis.__rs2b0t_fire_tick_listeners (file:///rs2b0t/bot/runtime/BotHost.js:14:13)
    at globalThis.__rs2b0t_pump (file:///rs2b0t/bot/api/execution/Execution.js:107:37)
[rs2b0t] listener error Error: not impl: reader.selfChat
    at notImpl (file:///rs2b0t/bot/shim/_kernel.js:5:5)
    at Object.get (file:///rs2b0t/bot/shim/_kernel.js:17:19)
    at DuelArena.observeFightState (file:///rs2b0t/bot/scripts/bot/bot.js:288:70)
    at file:///rs2b0t/bot/scripts/bot/bot.js:93:63
    at globalThis.__rs2b0t_fire_tick_listeners (file:///rs2b0t/bot/runtime/BotHost.js:14:13)
    at globalThis.__rs2b0t_pump (file:///rs2b0t/bot/api/execution/Execution.js:107:37)
[script liveb71btf_0] [rs2b0t] listener error not impl: reader.selfChat
[script liveb71btf_1] [rs2b0t] listener error not impl: reader.selfChat
[host] slot liveb71btf_0: d_loop_us=928 d_raster_us=0 d_observe_us=46989 max_observe_us=10441 d_paints=0 d_skips=50 d_ticks=2 window_ms=1189
[rs2b0t] listener error Error: not impl: reader.selfChat
    at notImpl (file:///rs2b0t/bot/shim/_kernel.js:5:5)
    at Object.get (file:///rs2b0t/bot/shim/_kernel.js:17:19)
    at DuelArena.observeFightState (file:///rs2b0t/bot/scripts/bot/bot.js:288:70)
    at file:///rs2b0t/bot/scripts/bot/bot.js:93:63
    at globalThis.__rs2b0t_fire_tick_listeners (file:///rs2b0t/bot/runtime/BotHost.js:14:13)
    at globalThis.__rs2b0t_tick_async (file:///rs2b0t/bot/scripts/bot/main.js:15:37)
    at globalThis.__rs_tick (file:///rs2b0t/bot/scripts/bot/main.js:8:16)
[script liveb71btf_1] [rs2b0t] listener error not impl: reader.selfChat
[rs2b0t] listener error Error: not impl: reader.selfChat
    at notImpl (file:///rs2b0t/bot/shim/_kernel.js:5:5)
    at Object.get (file:///rs2b0t/bot/shim/_kernel.js:17:19)
    at DuelArena.observeFightState (file:///rs2b0t/bot/scripts/bot/bot.js:288:70)
    at file:///rs2b0t/bot/scripts/bot/bot.js:93:63
    at globalThis.__rs2b0t_fire_tick_listeners (file:///rs2b0t/bot/runtime/BotHost.js:14:13)
    at globalThis.__rs2b0t_tick_async (file:///rs2b0t/bot/scripts/bot/main.js:15:37)
    at globalThis.__rs_tick (file:///rs2b0t/bot/scripts/bot/main.js:8:16)
[script liveb71btf_0] [rs2b0t] listener error not impl: reader.selfChat
[host] slot liveb71btf_1: d_loop_us=939 d_raster_us=0 d_observe_us=57009 max_observe_us=9207 d_paints=0 d_skips=50 d_ticks=2 window_ms=1167
[rs2b0t] listener error Error: not impl: reader.selfChat
    at notImpl (file:///rs2b0t/bot/shim/_kernel.js:5:5)
    at Object.get (file:///rs2b0t/bot/shim/_kernel.js:17:19)
    at DuelArena.observeFightState (file:///rs2b0t/bot/scripts/bot/bot.js:288:70)
    at file:///rs2b0t/bot/scripts/bot/bot.js:93:63
    at globalThis.__rs2b0t_fire_tick_listeners (file:///rs2b0t/bot/runtime/BotHost.js:14:13)
    at globalThis.__rs2b0t_pump (file:///rs2b0t/bot/api/execution/Execution.js:107:37)
[rs2b0t] listener error Error: not impl: reader.selfChat
    at notImpl (file:///rs2b0t/bot/shim/_kernel.js:5:5)
    at Object.get (file:///rs2b0t/bot/shim/_kernel.js:17:19)
    at DuelArena.observeFightState (file:///rs2b0t/bot/scripts/bot/bot.js:288:70)
    at file:///rs2b0t/bot/scripts/bot/bot.js:93:63
    at globalThis.__rs2b0t_fire_tick_listeners (file:///rs2b0t/bot/runtime/BotHost.js:14:13)
    at globalThis.__rs2b0t_pump (file:///rs2b0t/bot/api/execution/Execution.js:107:37)
[script liveb71btf_0] [rs2b0t] listener error not impl: reader.selfChat
[script liveb71btf_1] [rs2b0t] listener error not impl: reader.selfChat
[host] slot liveb71btf_0: d_loop_us=725 d_raster_us=0 d_observe_us=62506 max_observe_us=11364 d_paints=0 d_skips=50 d_ticks=2 window_ms=1184
[rs2b0t] listener error Error: not impl: reader.selfChat
    at notImpl (file:///rs2b0t/bot/shim/_kernel.js:5:5)
    at Object.get (file:///rs2b0t/bot/shim/_kernel.js:17:19)
    at DuelArena.observeFightState (file:///rs2b0t/bot/scripts/bot/bot.js:288:70)
    at file:///rs2b0t/bot/scripts/bot/bot.js:93:63
    at globalThis.__rs2b0t_fire_tick_listeners (file:///rs2b0t/bot/runtime/BotHost.js:14:13)
    at globalThis.__rs2b0t_tick_async (file:///rs2b0t/bot/scripts/bot/main.js:15:37)
    at globalThis.__rs_tick (file:///rs2b0t/bot/scripts/bot/main.js:8:16)
[rs2b0t] listener error Error: not impl: reader.selfChat
    at notImpl (file:///rs2b0t/bot/shim/_kernel.js:5:5)
    at Object.get (file:///rs2b0t/bot/shim/_kernel.js:17:19)
    at DuelArena.observeFightState (file:///rs2b0t/bot/scripts/bot/bot.js:288:70)
    at file:///rs2b0t/bot/scripts/bot/bot.js:93:63
    at globalThis.__rs2b0t_fire_tick_listeners (file:///rs2b0t/bot/runtime/BotHost.js:14:13)
    at globalThis.__rs2b0t_tick_async (file:///rs2b0t/bot/scripts/bot/main.js:15:37)
    at globalThis.__rs_tick (file:///rs2b0t/bot/scripts/bot/main.js:8:16)
[script liveb71btf_1] [rs2b0t] listener error not impl: reader.selfChat
[script liveb71btf_0] [rs2b0t] listener error not impl: reader.selfChat
[host] slot liveb71btf_1: d_loop_us=840 d_raster_us=0 d_observe_us=55422 max_observe_us=12010 d_paints=0 d_skips=50 d_ticks=2 window_ms=1176
[rs2b0t] listener error Error: not impl: reader.selfChat
    at notImpl (file:///rs2b0t/bot/shim/_kernel.js:5:5)
    at Object.get (file:///rs2b0t/bot/shim/_kernel.js:17:19)
    at DuelArena.observeFightState (file:///rs2b0t/bot/scripts/bot/bot.js:288:70)
    at file:///rs2b0t/bot/scripts/bot/bot.js:93:63
    at globalThis.__rs2b0t_fire_tick_listeners (file:///rs2b0t/bot/runtime/BotHost.js:14:13)
    at globalThis.__rs2b0t_pump (file:///rs2b0t/bot/api/execution/Execution.js:107:37)
[script liveb71btf_1] [rs2b0t] listener error not impl: reader.selfChat
[rs2b0t] listener error Error: not impl: reader.selfChat
    at notImpl (file:///rs2b0t/bot/shim/_kernel.js:5:5)
    at Object.get (file:///rs2b0t/bot/shim/_kernel.js:17:19)
    at DuelArena.observeFightState (file:///rs2b0t/bot/scripts/bot/bot.js:288:70)
    at file:///rs2b0t/bot/scripts/bot/bot.js:93:63
    at globalThis.__rs2b0t_fire_tick_listeners (file:///rs2b0t/bot/runtime/BotHost.js:14:13)
    at globalThis.__rs2b0t_pump (file:///rs2b0t/bot/api/execution/Execution.js:107:37)
[script liveb71btf_0] [rs2b0t] listener error not impl: reader.selfChat
[host] slot liveb71btf_0: d_loop_us=870 d_raster_us=0 d_observe_us=44295 max_observe_us=8168 d_paints=0 d_skips=50 d_ticks=2 window_ms=1194
[rs2b0t] listener error Error: not impl: reader.selfChat
    at notImpl (file:///rs2b0t/bot/shim/_kernel.js:5:5)
    at Object.get (file:///rs2b0t/bot/shim/_kernel.js:17:19)
    at DuelArena.observeFightState (file:///rs2b0t/bot/scripts/bot/bot.js:288:70)
    at file:///rs2b0t/bot/scripts/bot/bot.js:93:63
    at globalThis.__rs2b0t_fire_tick_listeners (file:///rs2b0t/bot/runtime/BotHost.js:14:13)
    at globalThis.__rs2b0t_tick_async (file:///rs2b0t/bot/scripts/bot/main.js:15:37)
    at globalThis.__rs_tick (file:///rs2b0t/bot/scripts/bot/main.js:8:16)
[rs2b0t] listener error Error: not impl: reader.selfChat
    at notImpl (file:///rs2b0t/bot/shim/_kernel.js:5:5)
    at Object.get (file:///rs2b0t/bot/shim/_kernel.js:17:19)
    at DuelArena.observeFightState (file:///rs2b0t/bot/scripts/bot/bot.js:288:70)
    at file:///rs2b0t/bot/scripts/bot/bot.js:93:63
    at globalThis.__rs2b0t_fire_tick_listeners (file:///rs2b0t/bot/runtime/BotHost.js:14:13)
    at globalThis.__rs2b0t_tick_async (file:///rs2b0t/bot/scripts/bot/main.js:15:37)
    at globalThis.__rs_tick (file:///rs2b0t/bot/scripts/bot/main.js:8:16)
[script liveb71btf_1] [rs2b0t] listener error not impl: reader.selfChat
[script liveb71btf_0] [rs2b0t] listener error not impl: reader.selfChat
[host] slot liveb71btf_1: d_loop_us=805 d_raster_us=0 d_observe_us=39140 max_observe_us=7373 d_paints=0 d_skips=50 d_ticks=2 window_ms=1168
[rs2b0t] listener error Error: not impl: reader.selfChat
    at notImpl (file:///rs2b0t/bot/shim/_kernel.js:5:5)
    at Object.get (file:///rs2b0t/bot/shim/_kernel.js:17:19)
    at DuelArena.observeFightState (file:///rs2b0t/bot/scripts/bot/bot.js:288:70)
    at file:///rs2b0t/bot/scripts/bot/bot.js:93:63
    at globalThis.__rs2b0t_fire_tick_listeners (file:///rs2b0t/bot/runtime/BotHost.js:14:13)
    at globalThis.__rs2b0t_pump (file:///rs2b0t/bot/api/execution/Execution.js:107:37)
[rs2b0t] listener error Error: not impl: reader.selfChat
    at notImpl (file:///rs2b0t/bot/shim/_kernel.js:5:5)
    at Object.get (file:///rs2b0t/bot/shim/_kernel.js:17:19)
    at DuelArena.observeFightState (file:///rs2b0t/bot/scripts/bot/bot.js:288:70)
    at file:///rs2b0t/bot/scripts/bot/bot.js:93:63
    at globalThis.__rs2b0t_fire_tick_listeners (file:///rs2b0t/bot/runtime/BotHost.js:14:13)
    at globalThis.__rs2b0t_pump (file:///rs2b0t/bot/api/execution/Execution.js:107:37)
[script liveb71btf_1] [rs2b0t] listener error not impl: reader.selfChat
[script liveb71btf_0] [rs2b0t] listener error not impl: reader.selfChat
[host] slot liveb71btf_0: d_loop_us=797 d_raster_us=0 d_observe_us=35849 max_observe_us=5409 d_paints=0 d_skips=50 d_ticks=2 window_ms=1182
[rs2b0t] listener error Error: not impl: reader.selfChat
    at notImpl (file:///rs2b0t/bot/shim/_kernel.js:5:5)
    at Object.get (file:///rs2b0t/bot/shim/_kernel.js:17:19)
    at DuelArena.observeFightState (file:///rs2b0t/bot/scripts/bot/bot.js:288:70)
    at file:///rs2b0t/bot/scripts/bot/bot.js:93:63
    at globalThis.__rs2b0t_fire_tick_listeners (file:///rs2b0t/bot/runtime/BotHost.js:14:13)
    at globalThis.__rs2b0t_tick_async (file:///rs2b0t/bot/scripts/bot/main.js:15:37)
    at globalThis.__rs_tick (file:///rs2b0t/bot/scripts/bot/main.js:8:16)
[rs2b0t] listener error Error: not impl: reader.selfChat
    at notImpl (file:///rs2b0t/bot/shim/_kernel.js:5:5)
    at Object.get (file:///rs2b0t/bot/shim/_kernel.js:17:19)
    at DuelArena.observeFightState (file:///rs2b0t/bot/scripts/bot/bot.js:288:70)
    at file:///rs2b0t/bot/scripts/bot/bot.js:93:63
    at globalThis.__rs2b0t_fire_tick_listeners (file:///rs2b0t/bot/runtime/BotHost.js:14:13)
    at globalThis.__rs2b0t_tick_async (file:///rs2b0t/bot/scripts/bot/main.js:15:37)
    at globalThis.__rs_tick (file:///rs2b0t/bot/scripts/bot/main.js:8:16)
[script liveb71btf_1] [rs2b0t] listener error not impl: reader.selfChat
[script liveb71btf_0] [rs2b0t] listener error not impl: reader.selfChat
[host] slot liveb71btf_1: d_loop_us=854 d_raster_us=0 d_observe_us=43751 max_observe_us=7835 d_paints=0 d_skips=50 d_ticks=2 window_ms=1199
[rs2b0t] listener error Error: not impl: reader.selfChat
    at notImpl (file:///rs2b0t/bot/shim/_kernel.js:5:5)
    at Object.get (file:///rs2b0t/bot/shim/_kernel.js:17:19)
    at DuelArena.observeFightState (file:///rs2b0t/bot/scripts/bot/bot.js:288:70)
    at file:///rs2b0t/bot/scripts/bot/bot.js:93:63
    at globalThis.__rs2b0t_fire_tick_listeners (file:///rs2b0t/bot/runtime/BotHost.js:14:13)
    at globalThis.__rs2b0t_pump (file:///rs2b0t/bot/api/execution/Execution.js:107:37)
[rs2b0t] listener error Error: not impl: reader.selfChat
    at notImpl (file:///rs2b0t/bot/shim/_kernel.js:5:5)
    at Object.get (file:///rs2b0t/bot/shim/_kernel.js:17:19)
    at DuelArena.observeFightState (file:///rs2b0t/bot/scripts/bot/bot.js:288:70)
    at file:///rs2b0t/bot/scripts/bot/bot.js:93:63
    at globalThis.__rs2b0t_fire_tick_listeners (file:///rs2b0t/bot/runtime/BotHost.js:14:13)
    at globalThis.__rs2b0t_pump (file:///rs2b0t/bot/api/execution/Execution.js:107:37)
[script liveb71btf_0] [rs2b0t] listener error not impl: reader.selfChat
[script liveb71btf_1] [rs2b0t] listener error not impl: reader.selfChat
[host] slot liveb71btf_0: d_loop_us=803 d_raster_us=0 d_observe_us=55254 max_observe_us=13607 d_paints=0 d_skips=50 d_ticks=2 window_ms=1184
[rs2b0t] listener error Error: not impl: reader.selfChat
    at notImpl (file:///rs2b0t/bot/shim/_kernel.js:5:5)
    at Object.get (file:///rs2b0t/bot/shim/_kernel.js:17:19)
    at DuelArena.observeFightState (file:///rs2b0t/bot/scripts/bot/bot.js:288:70)
    at file:///rs2b0t/bot/scripts/bot/bot.js:93:63
    at globalThis.__rs2b0t_fire_tick_listeners (file:///rs2b0t/bot/runtime/BotHost.js:14:13)
    at globalThis.__rs2b0t_tick_async (file:///rs2b0t/bot/scripts/bot/main.js:15:37)
    at globalThis.__rs_tick (file:///rs2b0t/bot/scripts/bot/main.js:8:16)
[rs2b0t] listener error Error: not impl: reader.selfChat
    at notImpl (file:///rs2b0t/bot/shim/_kernel.js:5:5)
    at Object.get (file:///rs2b0t/bot/shim/_kernel.js:17:19)
    at DuelArena.observeFightState (file:///rs2b0t/bot/scripts/bot/bot.js:288:70)
    at file:///rs2b0t/bot/scripts/bot/bot.js:93:63
    at globalThis.__rs2b0t_fire_tick_listeners (file:///rs2b0t/bot/runtime/BotHost.js:14:13)
    at globalThis.__rs2b0t_tick_async (file:///rs2b0t/bot/scripts/bot/main.js:15:37)
    at globalThis.__rs_tick (file:///rs2b0t/bot/scripts/bot/main.js:8:16)
[script liveb71btf_0] [rs2b0t] listener error not impl: reader.selfChat
[script liveb71btf_1] [rs2b0t] listener error not impl: reader.selfChat
[host] slot liveb71btf_1: d_loop_us=988 d_raster_us=0 d_observe_us=59846 max_observe_us=9370 d_paints=0 d_skips=50 d_ticks=2 window_ms=1184
[rs2b0t] listener error Error: not impl: reader.selfChat
    at notImpl (file:///rs2b0t/bot/shim/_kernel.js:5:5)
    at Object.get (file:///rs2b0t/bot/shim/_kernel.js:17:19)
    at DuelArena.observeFightState (file:///rs2b0t/bot/scripts/bot/bot.js:288:70)
    at file:///rs2b0t/bot/scripts/bot/bot.js:93:63
    at globalThis.__rs2b0t_fire_tick_listeners (file:///rs2b0t/bot/runtime/BotHost.js:14:13)
    at globalThis.__rs2b0t_pump (file:///rs2b0t/bot/api/execution/Execution.js:107:37)
[rs2b0t] listener error Error: not impl: reader.selfChat
    at notImpl (file:///rs2b0t/bot/shim/_kernel.js:5:5)
    at Object.get (file:///rs2b0t/bot/shim/_kernel.js:17:19)
    at DuelArena.observeFightState (file:///rs2b0t/bot/scripts/bot/bot.js:288:70)
    at file:///rs2b0t/bot/scripts/bot/bot.js:93:63
    at globalThis.__rs2b0t_fire_tick_listeners (file:///rs2b0t/bot/runtime/BotHost.js:14:13)
    at globalThis.__rs2b0t_pump (file:///rs2b0t/bot/api/execution/Execution.js:107:37)
[script liveb71btf_1] [rs2b0t] listener error not impl: reader.selfChat
[script liveb71btf_0] [rs2b0t] listener error not impl: reader.selfChat
[host] slot liveb71btf_0: d_loop_us=924 d_raster_us=0 d_observe_us=64175 max_observe_us=13247 d_paints=0 d_skips=50 d_ticks=2 window_ms=1161
[rs2b0t] listener error Error: not impl: reader.selfChat
    at notImpl (file:///rs2b0t/bot/shim/_kernel.js:5:5)
    at Object.get (file:///rs2b0t/bot/shim/_kernel.js:17:19)
    at DuelArena.observeFightState (file:///rs2b0t/bot/scripts/bot/bot.js:288:70)
    at file:///rs2b0t/bot/scripts/bot/bot.js:93:63
    at globalThis.__rs2b0t_fire_tick_listeners (file:///rs2b0t/bot/runtime/BotHost.js:14:13)
    at globalThis.__rs2b0t_tick_async (file:///rs2b0t/bot/scripts/bot/main.js:15:37)
    at globalThis.__rs_tick (file:///rs2b0t/bot/scripts/bot/main.js:8:16)
[script liveb71btf_1] [rs2b0t] listener error not impl: reader.selfChat
[rs2b0t] listener error Error: not impl: reader.selfChat
    at notImpl (file:///rs2b0t/bot/shim/_kernel.js:5:5)
    at Object.get (file:///rs2b0t/bot/shim/_kernel.js:17:19)
    at DuelArena.observeFightState (file:///rs2b0t/bot/scripts/bot/bot.js:288:70)
    at file:///rs2b0t/bot/scripts/bot/bot.js:93:63
    at globalThis.__rs2b0t_fire_tick_listeners (file:///rs2b0t/bot/runtime/BotHost.js:14:13)
    at globalThis.__rs2b0t_tick_async (file:///rs2b0t/bot/scripts/bot/main.js:15:37)
    at globalThis.__rs_tick (file:///rs2b0t/bot/scripts/bot/main.js:8:16)
[script liveb71btf_0] [rs2b0t] listener error not impl: reader.selfChat
[host] slot liveb71btf_1: d_loop_us=836 d_raster_us=0 d_observe_us=45419 max_observe_us=7234 d_paints=0 d_skips=50 d_ticks=2 window_ms=1193
[rs2b0t] listener error Error: not impl: reader.selfChat
    at notImpl (file:///rs2b0t/bot/shim/_kernel.js:5:5)
    at Object.get (file:///rs2b0t/bot/shim/_kernel.js:17:19)
    at DuelArena.observeFightState (file:///rs2b0t/bot/scripts/bot/bot.js:288:70)
    at file:///rs2b0t/bot/scripts/bot/bot.js:93:63
    at globalThis.__rs2b0t_fire_tick_listeners (file:///rs2b0t/bot/runtime/BotHost.js:14:13)
    at globalThis.__rs2b0t_pump (file:///rs2b0t/bot/api/execution/Execution.js:107:37)
[rs2b0t] listener error Error: not impl: reader.selfChat
    at notImpl (file:///rs2b0t/bot/shim/_kernel.js:5:5)
    at Object.get (file:///rs2b0t/bot/shim/_kernel.js:17:19)
    at DuelArena.observeFightState (file:///rs2b0t/bot/scripts/bot/bot.js:288:70)
    at file:///rs2b0t/bot/scripts/bot/bot.js:93:63
    at globalThis.__rs2b0t_fire_tick_listeners (file:///rs2b0t/bot/runtime/BotHost.js:14:13)
    at globalThis.__rs2b0t_pump (file:///rs2b0t/bot/api/execution/Execution.js:107:37)
[script liveb71btf_1] [rs2b0t] listener error not impl: reader.selfChat
[script liveb71btf_0] [rs2b0t] listener error not impl: reader.selfChat
[host] slot liveb71btf_0: d_loop_us=1002 d_raster_us=0 d_observe_us=56013 max_observe_us=6960 d_paints=0 d_skips=50 d_ticks=2 window_ms=1182
[rs2b0t] listener error Error: not impl: reader.selfChat
    at notImpl (file:///rs2b0t/bot/shim/_kernel.js:5:5)
    at Object.get (file:///rs2b0t/bot/shim/_kernel.js:17:19)
    at DuelArena.observeFightState (file:///rs2b0t/bot/scripts/bot/bot.js:288:70)
    at file:///rs2b0t/bot/scripts/bot/bot.js:93:63
    at globalThis.__rs2b0t_fire_tick_listeners (file:///rs2b0t/bot/runtime/BotHost.js:14:13)
    at globalThis.__rs2b0t_tick_async (file:///rs2b0t/bot/scripts/bot/main.js:15:37)
    at globalThis.__rs_tick (file:///rs2b0t/bot/scripts/bot/main.js:8:16)
[rs2b0t] listener error Error: not impl: reader.selfChat
    at notImpl (file:///rs2b0t/bot/shim/_kernel.js:5:5)
    at Object.get (file:///rs2b0t/bot/shim/_kernel.js:17:19)
    at DuelArena.observeFightState (file:///rs2b0t/bot/scripts/bot/bot.js:288:70)
    at file:///rs2b0t/bot/scripts/bot/bot.js:93:63
    at globalThis.__rs2b0t_fire_tick_listeners (file:///rs2b0t/bot/runtime/BotHost.js:14:13)
    at globalThis.__rs2b0t_tick_async (file:///rs2b0t/bot/scripts/bot/main.js:15:37)
    at globalThis.__rs_tick (file:///rs2b0t/bot/scripts/bot/main.js:8:16)
[script liveb71btf_0] [rs2b0t] listener error not impl: reader.selfChat
[script liveb71btf_1] [rs2b0t] listener error not impl: reader.selfChat
[host] slot liveb71btf_1: d_loop_us=799 d_raster_us=0 d_observe_us=41542 max_observe_us=8191 d_paints=0 d_skips=50 d_ticks=2 window_ms=1172
[rs2b0t] listener error Error: not impl: reader.selfChat
    at notImpl (file:///rs2b0t/bot/shim/_kernel.js:5:5)
    at Object.get (file:///rs2b0t/bot/shim/_kernel.js:17:19)
    at DuelArena.observeFightState (file:///rs2b0t/bot/scripts/bot/bot.js:288:70)
    at file:///rs2b0t/bot/scripts/bot/bot.js:93:63
    at globalThis.__rs2b0t_fire_tick_listeners (file:///rs2b0t/bot/runtime/BotHost.js:14:13)
    at globalThis.__rs2b0t_pump (file:///rs2b0t/bot/api/execution/Execution.js:107:37)
[rs2b0t] listener error Error: not impl: reader.selfChat
    at notImpl (file:///rs2b0t/bot/shim/_kernel.js:5:5)
    at Object.get (file:///rs2b0t/bot/shim/_kernel.js:17:19)
    at DuelArena.observeFightState (file:///rs2b0t/bot/scripts/bot/bot.js:288:70)
    at file:///rs2b0t/bot/scripts/bot/bot.js:93:63
    at globalThis.__rs2b0t_fire_tick_listeners (file:///rs2b0t/bot/runtime/BotHost.js:14:13)
    at globalThis.__rs2b0t_pump (file:///rs2b0t/bot/api/execution/Execution.js:107:37)
[script liveb71btf_1] [rs2b0t] listener error not impl: reader.selfChat
[script liveb71btf_0] [rs2b0t] listener error not impl: reader.selfChat
[host] slot liveb71btf_0: d_loop_us=1215 d_raster_us=0 d_observe_us=48366 max_observe_us=10479 d_paints=0 d_skips=50 d_ticks=2 window_ms=1186
[rs2b0t] listener error Error: not impl: reader.selfChat
    at notImpl (file:///rs2b0t/bot/shim/_kernel.js:5:5)
    at Object.get (file:///rs2b0t/bot/shim/_kernel.js:17:19)
    at DuelArena.observeFightState (file:///rs2b0t/bot/scripts/bot/bot.js:288:70)
    at file:///rs2b0t/bot/scripts/bot/bot.js:93:63
    at globalThis.__rs2b0t_fire_tick_listeners (file:///rs2b0t/bot/runtime/BotHost.js:14:13)
    at globalThis.__rs2b0t_tick_async (file:///rs2b0t/bot/scripts/bot/main.js:15:37)
    at globalThis.__rs_tick (file:///rs2b0t/bot/scripts/bot/main.js:8:16)
[rs2b0t] listener error Error: not impl: reader.selfChat
    at notImpl (file:///rs2b0t/bot/shim/_kernel.js:5:5)
    at Object.get (file:///rs2b0t/bot/shim/_kernel.js:17:19)
    at DuelArena.observeFightState (file:///rs2b0t/bot/scripts/bot/bot.js:288:70)
    at file:///rs2b0t/bot/scripts/bot/bot.js:93:63
    at globalThis.__rs2b0t_fire_tick_listeners (file:///rs2b0t/bot/runtime/BotHost.js:14:13)
    at globalThis.__rs2b0t_tick_async (file:///rs2b0t/bot/scripts/bot/main.js:15:37)
    at globalThis.__rs_tick (file:///rs2b0t/bot/scripts/bot/main.js:8:16)
[script liveb71btf_0] [rs2b0t] listener error not impl: reader.selfChat
[script liveb71btf_1] [rs2b0t] listener error not impl: reader.selfChat
[host] slot liveb71btf_1: d_loop_us=815 d_raster_us=0 d_observe_us=58143 max_observe_us=8856 d_paints=0 d_skips=50 d_ticks=2 window_ms=1169
[rs2b0t] listener error Error: not impl: reader.selfChat
    at notImpl (file:///rs2b0t/bot/shim/_kernel.js:5:5)
    at Object.get (file:///rs2b0t/bot/shim/_kernel.js:17:19)
    at DuelArena.observeFightState (file:///rs2b0t/bot/scripts/bot/bot.js:288:70)
    at file:///rs2b0t/bot/scripts/bot/bot.js:93:63
    at globalThis.__rs2b0t_fire_tick_listeners (file:///rs2b0t/bot/runtime/BotHost.js:14:13)
    at globalThis.__rs2b0t_pump (file:///rs2b0t/bot/api/execution/Execution.js:107:37)
[rs2b0t] listener error Error: not impl: reader.selfChat
    at notImpl (file:///rs2b0t/bot/shim/_kernel.js:5:5)
    at Object.get (file:///rs2b0t/bot/shim/_kernel.js:17:19)
    at DuelArena.observeFightState (file:///rs2b0t/bot/scripts/bot/bot.js:288:70)
    at file:///rs2b0t/bot/scripts/bot/bot.js:93:63
    at globalThis.__rs2b0t_fire_tick_listeners (file:///rs2b0t/bot/runtime/BotHost.js:14:13)
    at globalThis.__rs2b0t_pump (file:///rs2b0t/bot/api/execution/Execution.js:107:37)
[script liveb71btf_1] [rs2b0t] listener error not impl: reader.selfChat
[script liveb71btf_0] [rs2b0t] listener error not impl: reader.selfChat
[host] slot liveb71btf_0: d_loop_us=778 d_raster_us=0 d_observe_us=45973 max_observe_us=6192 d_paints=0 d_skips=50 d_ticks=2 window_ms=1204
[rs2b0t] listener error Error: not impl: reader.selfChat
    at notImpl (file:///rs2b0t/bot/shim/_kernel.js:5:5)
    at Object.get (file:///rs2b0t/bot/shim/_kernel.js:17:19)
    at DuelArena.observeFightState (file:///rs2b0t/bot/scripts/bot/bot.js:288:70)
    at file:///rs2b0t/bot/scripts/bot/bot.js:93:63
    at globalThis.__rs2b0t_fire_tick_listeners (file:///rs2b0t/bot/runtime/BotHost.js:14:13)
    at globalThis.__rs2b0t_tick_async (file:///rs2b0t/bot/scripts/bot/main.js:15:37)
    at globalThis.__rs_tick (file:///rs2b0t/bot/scripts/bot/main.js:8:16)
[script liveb71btf_0] [rs2b0t] listener error not impl: reader.selfChat
[rs2b0t] listener error Error: not impl: reader.selfChat
    at notImpl (file:///rs2b0t/bot/shim/_kernel.js:5:5)
    at Object.get (file:///rs2b0t/bot/shim/_kernel.js:17:19)
    at DuelArena.observeFightState (file:///rs2b0t/bot/scripts/bot/bot.js:288:70)
    at file:///rs2b0t/bot/scripts/bot/bot.js:93:63
    at globalThis.__rs2b0t_fire_tick_listeners (file:///rs2b0t/bot/runtime/BotHost.js:14:13)
    at globalThis.__rs2b0t_tick_async (file:///rs2b0t/bot/scripts/bot/main.js:15:37)
    at globalThis.__rs_tick (file:///rs2b0t/bot/scripts/bot/main.js:8:16)
[script liveb71btf_1] [rs2b0t] listener error not impl: reader.selfChat
[host] slot liveb71btf_1: d_loop_us=761 d_raster_us=0 d_observe_us=46648 max_observe_us=8284 d_paints=0 d_skips=50 d_ticks=2 window_ms=1172
[rs2b0t] listener error Error: not impl: reader.selfChat
    at notImpl (file:///rs2b0t/bot/shim/_kernel.js:5:5)
    at Object.get (file:///rs2b0t/bot/shim/_kernel.js:17:19)
    at DuelArena.observeFightState (file:///rs2b0t/bot/scripts/bot/bot.js:288:70)
    at file:///rs2b0t/bot/scripts/bot/bot.js:93:63
    at globalThis.__rs2b0t_fire_tick_listeners (file:///rs2b0t/bot/runtime/BotHost.js:14:13)
    at globalThis.__rs2b0t_pump (file:///rs2b0t/bot/api/execution/Execution.js:107:37)
[script liveb71btf_1] [rs2b0t] listener error not impl: reader.selfChat
[rs2b0t] listener error Error: not impl: reader.selfChat
    at notImpl (file:///rs2b0t/bot/shim/_kernel.js:5:5)
    at Object.get (file:///rs2b0t/bot/shim/_kernel.js:17:19)
    at DuelArena.observeFightState (file:///rs2b0t/bot/scripts/bot/bot.js:288:70)
    at file:///rs2b0t/bot/scripts/bot/bot.js:93:63
    at globalThis.__rs2b0t_fire_tick_listeners (file:///rs2b0t/bot/runtime/BotHost.js:14:13)
    at globalThis.__rs2b0t_pump (file:///rs2b0t/bot/api/execution/Execution.js:107:37)
[script liveb71btf_0] [rs2b0t] listener error not impl: reader.selfChat
[host] slot liveb71btf_0: d_loop_us=858 d_raster_us=0 d_observe_us=48434 max_observe_us=10411 d_paints=0 d_skips=50 d_ticks=2 window_ms=1153
[rs2b0t] listener error Error: not impl: reader.selfChat
    at notImpl (file:///rs2b0t/bot/shim/_kernel.js:5:5)
    at Object.get (file:///rs2b0t/bot/shim/_kernel.js:17:19)
    at DuelArena.observeFightState (file:///rs2b0t/bot/scripts/bot/bot.js:288:70)
    at file:///rs2b0t/bot/scripts/bot/bot.js:93:63
    at globalThis.__rs2b0t_fire_tick_listeners (file:///rs2b0t/bot/runtime/BotHost.js:14:13)
    at globalThis.__rs2b0t_tick_async (file:///rs2b0t/bot/scripts/bot/main.js:15:37)
    at globalThis.__rs_tick (file:///rs2b0t/bot/scripts/bot/main.js:8:16)
[rs2b0t] listener error Error: not impl: reader.selfChat
    at notImpl (file:///rs2b0t/bot/shim/_kernel.js:5:5)
    at Object.get (file:///rs2b0t/bot/shim/_kernel.js:17:19)
    at DuelArena.observeFightState (file:///rs2b0t/bot/scripts/bot/bot.js:288:70)
    at file:///rs2b0t/bot/scripts/bot/bot.js:93:63
    at globalThis.__rs2b0t_fire_tick_listeners (file:///rs2b0t/bot/runtime/BotHost.js:14:13)
    at globalThis.__rs2b0t_tick_async (file:///rs2b0t/bot/scripts/bot/main.js:15:37)
    at globalThis.__rs_tick (file:///rs2b0t/bot/scripts/bot/main.js:8:16)
[script liveb71btf_0] [rs2b0t] listener error not impl: reader.selfChat
[script liveb71btf_1] [rs2b0t] listener error not impl: reader.selfChat
[host] slot liveb71btf_1: d_loop_us=625 d_raster_us=0 d_observe_us=43391 max_observe_us=8301 d_paints=0 d_skips=50 d_ticks=2 window_ms=1180
[rs2b0t] listener error Error: not impl: reader.selfChat
    at notImpl (file:///rs2b0t/bot/shim/_kernel.js:5:5)
    at Object.get (file:///rs2b0t/bot/shim/_kernel.js:17:19)
    at DuelArena.observeFightState (file:///rs2b0t/bot/scripts/bot/bot.js:288:70)
    at file:///rs2b0t/bot/scripts/bot/bot.js:93:63
    at globalThis.__rs2b0t_fire_tick_listeners (file:///rs2b0t/bot/runtime/BotHost.js:14:13)
    at globalThis.__rs2b0t_pump (file:///rs2b0t/bot/api/execution/Execution.js:107:37)
[rs2b0t] listener error Error: not impl: reader.selfChat
    at notImpl (file:///rs2b0t/bot/shim/_kernel.js:5:5)
    at Object.get (file:///rs2b0t/bot/shim/_kernel.js:17:19)
    at DuelArena.observeFightState (file:///rs2b0t/bot/scripts/bot/bot.js:288:70)
    at file:///rs2b0t/bot/scripts/bot/bot.js:93:63
    at globalThis.__rs2b0t_fire_tick_listeners (file:///rs2b0t/bot/runtime/BotHost.js:14:13)
    at globalThis.__rs2b0t_pump (file:///rs2b0t/bot/api/execution/Execution.js:107:37)
[script liveb71btf_0] [rs2b0t] listener error not impl: reader.selfChat
[script liveb71btf_1] [rs2b0t] listener error not impl: reader.selfChat
[host] slot liveb71btf_0: d_loop_us=820 d_raster_us=0 d_observe_us=38470 max_observe_us=5994 d_paints=0 d_skips=50 d_ticks=2 window_ms=1162
[rs2b0t] listener error Error: not impl: reader.selfChat
    at notImpl (file:///rs2b0t/bot/shim/_kernel.js:5:5)
    at Object.get (file:///rs2b0t/bot/shim/_kernel.js:17:19)
    at DuelArena.observeFightState (file:///rs2b0t/bot/scripts/bot/bot.js:288:70)
    at file:///rs2b0t/bot/scripts/bot/bot.js:93:63
    at globalThis.__rs2b0t_fire_tick_listeners (file:///rs2b0t/bot/runtime/BotHost.js:14:13)
    at globalThis.__rs2b0t_tick_async (file:///rs2b0t/bot/scripts/bot/main.js:15:37)
    at globalThis.__rs_tick (file:///rs2b0t/bot/scripts/bot/main.js:8:16)
[rs2b0t] listener error Error: not impl: reader.selfChat
    at notImpl (file:///rs2b0t/bot/shim/_kernel.js:5:5)
    at Object.get (file:///rs2b0t/bot/shim/_kernel.js:17:19)
    at DuelArena.observeFightState (file:///rs2b0t/bot/scripts/bot/bot.js:288:70)
    at file:///rs2b0t/bot/scripts/bot/bot.js:93:63
    at globalThis.__rs2b0t_fire_tick_listeners (file:///rs2b0t/bot/runtime/BotHost.js:14:13)
    at globalThis.__rs2b0t_tick_async (file:///rs2b0t/bot/scripts/bot/main.js:15:37)
    at globalThis.__rs_tick (file:///rs2b0t/bot/scripts/bot/main.js:8:16)
[script liveb71btf_1] [rs2b0t] listener error not impl: reader.selfChat
[script liveb71btf_0] [rs2b0t] listener error not impl: reader.selfChat
[host] slot liveb71btf_1: d_loop_us=778 d_raster_us=0 d_observe_us=55231 max_observe_us=8038 d_paints=0 d_skips=50 d_ticks=2 window_ms=1183
[rs2b0t] listener error Error: not impl: reader.selfChat
    at notImpl (file:///rs2b0t/bot/shim/_kernel.js:5:5)
    at Object.get (file:///rs2b0t/bot/shim/_kernel.js:17:19)
    at DuelArena.observeFightState (file:///rs2b0t/bot/scripts/bot/bot.js:288:70)
    at file:///rs2b0t/bot/scripts/bot/bot.js:93:63
    at globalThis.__rs2b0t_fire_tick_listeners (file:///rs2b0t/bot/runtime/BotHost.js:14:13)
    at globalThis.__rs2b0t_pump (file:///rs2b0t/bot/api/execution/Execution.js:107:37)
[rs2b0t] listener error Error: not impl: reader.selfChat
    at notImpl (file:///rs2b0t/bot/shim/_kernel.js:5:5)
    at Object.get (file:///rs2b0t/bot/shim/_kernel.js:17:19)
    at DuelArena.observeFightState (file:///rs2b0t/bot/scripts/bot/bot.js:288:70)
    at file:///rs2b0t/bot/scripts/bot/bot.js:93:63
    at globalThis.__rs2b0t_fire_tick_listeners (file:///rs2b0t/bot/runtime/BotHost.js:14:13)
    at globalThis.__rs2b0t_pump (file:///rs2b0t/bot/api/execution/Execution.js:107:37)
[script liveb71btf_1] [rs2b0t] listener error not impl: reader.selfChat
[script liveb71btf_0] [rs2b0t] listener error not impl: reader.selfChat
[host] slot liveb71btf_0: d_loop_us=814 d_raster_us=0 d_observe_us=44584 max_observe_us=8056 d_paints=0 d_skips=50 d_ticks=2 window_ms=1172
[rs2b0t] listener error Error: not impl: reader.selfChat
    at notImpl (file:///rs2b0t/bot/shim/_kernel.js:5:5)
    at Object.get (file:///rs2b0t/bot/shim/_kernel.js:17:19)
    at DuelArena.observeFightState (file:///rs2b0t/bot/scripts/bot/bot.js:288:70)
    at file:///rs2b0t/bot/scripts/bot/bot.js:93:63
    at globalThis.__rs2b0t_fire_tick_listeners (file:///rs2b0t/bot/runtime/BotHost.js:14:13)
    at globalThis.__rs2b0t_tick_async (file:///rs2b0t/bot/scripts/bot/main.js:15:37)
    at globalThis.__rs_tick (file:///rs2b0t/bot/scripts/bot/main.js:8:16)
[rs2b0t] listener error Error: not impl: reader.selfChat
    at notImpl (file:///rs2b0t/bot/shim/_kernel.js:5:5)
    at Object.get (file:///rs2b0t/bot/shim/_kernel.js:17:19)
    at DuelArena.observeFightState (file:///rs2b0t/bot/scripts/bot/bot.js:288:70)
    at file:///rs2b0t/bot/scripts/bot/bot.js:93:63
    at globalThis.__rs2b0t_fire_tick_listeners (file:///rs2b0t/bot/runtime/BotHost.js:14:13)
    at globalThis.__rs2b0t_tick_async (file:///rs2b0t/bot/scripts/bot/main.js:15:37)
    at globalThis.__rs_tick (file:///rs2b0t/bot/scripts/bot/main.js:8:16)
[script liveb71btf_1] [rs2b0t] listener error not impl: reader.selfChat
[script liveb71btf_0] [rs2b0t] listener error not impl: reader.selfChat
{"phase":"witness","air_a":null,"air_b":null,"duel_a":{"account":"liveb71btf_0","expected_player":"Liveb71btf 0","partner":"Liveb71btf 1","settings":{"targetAttack":99.0,"targetStrength":99.0,"targetDefence":1.0},"baseline":{"ingame":true,"scene_state":2,"inventory_tab_available":true,"player":"Liveb71btf 0","tile":[3368,3274,0],"tick":11,"attack_xp":0,"strength_xp":0,"defence_xp":0,"hitpoints_xp":1154,"in_combat":false,"in_challenge_area":true,"in_fight_pen":false,"main_modal":-1,"duel_offer_open":false,"duel_confirm_open":false,"duel_win_open":false,"duel_partner":null,"waiting_for_other":false,"weapon_equipped":true,"peer_visible":true},"latest":{"ingame":true,"scene_state":2,"inventory_tab_available":true,"player":"Liveb71btf 0","tile":[3335,3249,0],"tick":313,"attack_xp":0,"strength_xp":0,"defence_xp":0,"hitpoints_xp":1154,"in_combat":false,"in_challenge_area":false,"in_fight_pen":true,"main_modal":-1,"duel_offer_open":false,"duel_confirm_open":false,"duel_win_open":false,"duel_partner":null,"waiting_for_other":false,"weapon_equipped":true,"peer_visible":true},"post_start":7490,"mixed_identity":false,"saw_offer":true,"saw_confirm":true,"saw_wrong_partner":false,"saw_pen":true,"saw_combat":false,"saw_win_or_lobby_return":false,"melee_xp_from_script":0,"further_combat":false},"duel_b":{"account":"liveb71btf_1","expected_player":"Liveb71btf 1","partner":"Liveb71btf 0","settings":{"targetAttack":99.0,"targetStrength":99.0,"targetDefence":1.0},"baseline":{"ingame":true,"scene_state":2,"inventory_tab_available":true,"player":"Liveb71btf 1","tile":[3368,3274,0],"tick":12,"attack_xp":0,"strength_xp":0,"defence_xp":0,"hitpoints_xp":1154,"in_combat":false,"in_challenge_area":true,"in_fight_pen":false,"main_modal":-1,"duel_offer_open":false,"duel_confirm_open":false,"duel_win_open":false,"duel_partner":null,"waiting_for_other":false,"weapon_equipped":true,"peer_visible":true},"latest":{"ingame":true,"scene_state":2,"inventory_tab_available":true,"player":"Liveb71btf 1","tile":[3345,3251,0],"tick":313,"attack_xp":0,"strength_xp":0,"defence_xp":0,"hitpoints_xp":1154,"in_combat":false,"in_challenge_area":false,"in_fight_pen":true,"main_modal":-1,"duel_offer_open":false,"duel_confirm_open":false,"duel_win_open":false,"duel_partner":null,"waiting_for_other":false,"weapon_equipped":true,"peer_visible":true},"post_start":7560,"mixed_identity":false,"saw_offer":true,"saw_confirm":true,"saw_wrong_partner":false,"saw_pen":true,"saw_combat":false,"saw_win_or_lobby_return":false,"melee_xp_from_script":0,"further_combat":false}}
FAIL: paired_catalog_duel_live: no real duel combat: in-combat was never observed inside a pen
