
running 1 test
{"phase":"identity","case":"duel","revision":289,"profile":"local-289 · 127.0.0.1:44594 · revision 289","cache_id":"c4d8ab36bcfd2a7907535b4f619e28623b0a22e98d496fd2a9620d544c5b5b09","nav_pack":"/Users/acfrazier/experiments/274bot/.worktrees/rs2b0t-multirevision/.superpowers/world-capabilities/289/274bot.navpack","nav_sha256":"131db92e32eddcb08148909d477589544320fe7e34a422e8004e97e888032924","catalog_commit":"100adccc037d9f6898080e1cad58fcfc43364775","catalog_identity":"pre-289 frozen catalog","catalog_read_only_path":".superpowers/inputs/rs2b0t-100adccc037d9f6898080e1cad58fcfc43364775","catalog_root":"/Users/acfrazier/experiments/274bot/.worktrees/rs2b0t-multirevision/.superpowers/inputs/rs2b0t-100adccc037d9f6898080e1cad58fcfc43364775","registry_path":"/Users/acfrazier/experiments/274bot/.worktrees/rs2b0t-multirevision/.superpowers/inputs/rs2b0t-100adccc037d9f6898080e1cad58fcfc43364775/src/bot/scripts/index.ts","registry_sha256":"b614aedb3d5adfdfbac3760f082273f3cf5c33fffe4ced0f2b01490ae02d1bc2","card":{"card":"Duel Arena Combat Trainer","source_path":"/Users/acfrazier/experiments/274bot/.worktrees/rs2b0t-multirevision/.superpowers/inputs/rs2b0t-100adccc037d9f6898080e1cad58fcfc43364775/src/bot/scripts/DuelArena/DuelArena.ts","source_sha256":"5656dabb30a47aac590fa1afadba19e689dd792d70da8dc4851e18d62e52d090","compiled_sha256":"15ef9a6f8fbc8fe49a75235bb81edd0d0557cc47c12b97bc1c1b7ffc960d176c","siblings":[{"module":"/rs2b0t/bot/scripts/bot/DuelArenaLogic.js","compiled_sha256":"eabc4391e3d45a79cfc139bb14fc02a6d6d67e8014fbb544b044563c7cd492bb"},{"module":"/rs2b0t/bot/scripts/bot/DuelInterface.js","compiled_sha256":"6b66ebc3e6851614d44aeeb2816a6410268d2fb826f50677dee027c63105dfd0"}]},"accounts":["livejleo1e_0","livejleo1e_1"],"gold_deadline_secs":180,"gold_watch_ticks":150}
[host-play] slot livejleo1e_0: thread up
[host-play] slot livejleo1e_1: thread up
274bot: snapshot load skipped: read /Users/acfrazier/.274bot/unpack-289/37214163f1e6ceca/models.bin: No such file or directory (os error 2)
274bot: snapshot load skipped: read /Users/acfrazier/.274bot/unpack-289/37214163f1e6ceca/models.bin: No such file or directory (os error 2)
[host-play] slot livejleo1e_1: handshake begin reconnect=false
[host-play] slot livejleo1e_0: handshake begin reconnect=false
[host-play] slot livejleo1e_1: handshake ok
[host-play] slot livejleo1e_0: handshake ok
[host] slot livejleo1e_1: d_loop_us=2249 d_raster_us=0 d_observe_us=12554 max_observe_us=780 d_paints=0 d_skips=50 d_ticks=1 window_ms=0
[host] slot livejleo1e_0: d_loop_us=1245 d_raster_us=0 d_observe_us=12452 max_observe_us=723 d_paints=0 d_skips=50 d_ticks=1 window_ms=0
[host-play] slot livejleo1e_1: queued mainland tele+setvar (scene 2)
[host-play] slot livejleo1e_0: queued mainland tele+setvar (scene 2)
{"phase":"before-relog","account":"livejleo1e_1"}
{"phase":"before-relog","account":"livejleo1e_0"}
[host-play] slot livejleo1e_0: handshake begin reconnect=true
[host-play] slot livejleo1e_1: handshake begin reconnect=true
[host-play] slot livejleo1e_0: handshake ok
{"phase":"relog-observed-logout","account":"livejleo1e_0"}
[host-play] slot livejleo1e_1: handshake ok
{"phase":"relog-observed-logout","account":"livejleo1e_1"}
[host] slot livejleo1e_0: d_loop_us=1194 d_raster_us=0 d_observe_us=26059 max_observe_us=1398 d_paints=0 d_skips=50 d_ticks=1 window_ms=0
[host] slot livejleo1e_1: d_loop_us=1095 d_raster_us=0 d_observe_us=25708 max_observe_us=1363 d_paints=0 d_skips=50 d_ticks=1 window_ms=0
{"phase":"after-relog","account":"livejleo1e_0"}
[host-play] slot livejleo1e_0: queued mainland tele+setvar (scene 2)
{"phase":"after-relog","account":"livejleo1e_1"}
[host-play] slot livejleo1e_1: queued mainland tele+setvar (scene 2)
{"phase":"seed-queued","account":"livejleo1e_0","kind":"duel_bronze_scimitar_at_challenge_anchor","note":"queued seed is not bank acknowledgement or script restock"}
{"phase":"seed-queued","account":"livejleo1e_1","kind":"duel_bronze_scimitar_at_challenge_anchor","note":"queued seed is not bank acknowledgement or script restock"}
{"phase":"seed-observed","account":"livejleo1e_0","bank_ack_done":false}
{"phase":"seed-observed","account":"livejleo1e_1","bank_ack_done":false}
{"phase":"baseline-after-preparation","account":"livejleo1e_0","observation":{"ingame":true,"scene_state":2,"inventory_tab_available":true,"player":"Livejleo1e 0","tile":[3368,3274,0],"tick":10,"attack_xp":0,"strength_xp":0,"defence_xp":0,"hitpoints_xp":1154,"in_combat":false,"in_challenge_area":true,"in_fight_pen":false,"main_modal":-1,"duel_offer_open":false,"duel_confirm_open":false,"duel_win_open":false,"duel_partner":null,"waiting_for_other":false,"weapon_equipped":true,"peer_visible":true}}
{"phase":"prepared","account":"livejleo1e_0","note":"waiting for shared start barrier; not Start"}
{"phase":"baseline-after-preparation","account":"livejleo1e_1","observation":{"ingame":true,"scene_state":2,"inventory_tab_available":true,"player":"Livejleo1e 1","tile":[3368,3274,0],"tick":11,"attack_xp":0,"strength_xp":0,"defence_xp":0,"hitpoints_xp":1154,"in_combat":false,"in_challenge_area":true,"in_fight_pen":false,"main_modal":-1,"duel_offer_open":false,"duel_confirm_open":false,"duel_win_open":false,"duel_partner":null,"waiting_for_other":false,"weapon_equipped":true,"peer_visible":true}}
{"phase":"prepared","account":"livejleo1e_1","note":"waiting for shared start barrier; not Start"}
[script livejleo1e_0] start load
{"phase":"start","account":"livejleo1e_0","kind":"duel","settings":{"targetAttack":99.0,"targetStrength":99.0,"targetDefence":1.0}}
[script livejleo1e_1] start load
{"phase":"start","account":"livejleo1e_1","kind":"duel","settings":{"targetAttack":99.0,"targetStrength":99.0,"targetDefence":1.0}}
{"phase":"both-started","gold_clock":"begin","note":"gold clock starts only after both Start; preparation is not counted"}
[host] hitch livejleo1e_0: observe_us=20040 paints=0 skips=88 ticks=12
[host] hitch livejleo1e_1: observe_us=20009 paints=0 skips=86 ticks=12
[script livejleo1e_0] Duel Arena trainer starting — melee only; targets Attack 99, Strength 99, Defence 1; challenges every 5s
[script livejleo1e_0] interact Player { name: "Livejleo1e 1", action: "Challenge" }
[script livejleo1e_1] Duel Arena trainer starting — melee only; targets Attack 99, Strength 99, Defence 1; challenges every 5s
[script livejleo1e_1] interact Player { name: "Livejleo1e 0", action: "Challenge" }
[host] slot livejleo1e_0: d_loop_us=27173 d_raster_us=0 d_observe_us=105822 max_observe_us=20040 d_paints=0 d_skips=50 d_ticks=12 window_ms=7395
[host] slot livejleo1e_1: d_loop_us=26632 d_raster_us=0 d_observe_us=117894 max_observe_us=20009 d_paints=0 d_skips=50 d_ticks=12 window_ms=7441
[host] hitch livejleo1e_0: observe_us=20290 paints=0 skips=116 ticks=14
[host] slot livejleo1e_0: d_loop_us=1091 d_raster_us=0 d_observe_us=63269 max_observe_us=20290 d_paints=0 d_skips=50 d_ticks=2 window_ms=1183
[host] slot livejleo1e_1: d_loop_us=1101 d_raster_us=0 d_observe_us=64496 max_observe_us=14042 d_paints=0 d_skips=50 d_ticks=2 window_ms=1180
[script livejleo1e_1] interact IfButton { component_id: 6674 }
[script livejleo1e_0] interact IfButton { component_id: 6674 }
[host] slot livejleo1e_0: d_loop_us=1093 d_raster_us=0 d_observe_us=69194 max_observe_us=10266 d_paints=0 d_skips=50 d_ticks=2 window_ms=1184
[host] slot livejleo1e_1: d_loop_us=1302 d_raster_us=0 d_observe_us=83612 max_observe_us=14486 d_paints=0 d_skips=50 d_ticks=2 window_ms=1189
[script livejleo1e_1] interact IfButton { component_id: 6520 }
[script livejleo1e_0] interact IfButton { component_id: 6520 }
[host] hitch livejleo1e_1: observe_us=16433 paints=0 skips=239 ticks=19
[rs2b0t] listener error Error: not impl: reader.selfChat
    at notImpl (file:///rs2b0t/bot/shim/_kernel.js:5:5)
    at Object.get (file:///rs2b0t/bot/shim/_kernel.js:17:19)
    at DuelArena.observeFightState (file:///rs2b0t/bot/scripts/bot/bot.js:276:50)
    at file:///rs2b0t/bot/scripts/bot/bot.js:93:63
    at globalThis.__rs2b0t_fire_tick_listeners (file:///rs2b0t/bot/runtime/BotHost.js:14:13)
    at globalThis.__rs2b0t_pump (file:///rs2b0t/bot/api/execution/Execution.js:107:37)
[script livejleo1e_1] [rs2b0t] listener error not impl: reader.selfChat
[rs2b0t] listener error Error: not impl: reader.selfChat
    at notImpl (file:///rs2b0t/bot/shim/_kernel.js:5:5)
    at Object.get (file:///rs2b0t/bot/shim/_kernel.js:17:19)
    at DuelArena.observeFightState (file:///rs2b0t/bot/scripts/bot/bot.js:276:50)
    at file:///rs2b0t/bot/scripts/bot/bot.js:93:63
    at globalThis.__rs2b0t_fire_tick_listeners (file:///rs2b0t/bot/runtime/BotHost.js:14:13)
    at globalThis.__rs2b0t_pump (file:///rs2b0t/bot/api/execution/Execution.js:107:37)
[script livejleo1e_0] [rs2b0t] listener error not impl: reader.selfChat
[host] slot livejleo1e_0: d_loop_us=1129 d_raster_us=0 d_observe_us=76848 max_observe_us=14443 d_paints=0 d_skips=50 d_ticks=2 window_ms=1185
[host] slot livejleo1e_1: d_loop_us=1180 d_raster_us=0 d_observe_us=78022 max_observe_us=16433 d_paints=0 d_skips=50 d_ticks=2 window_ms=1190
[rs2b0t] listener error Error: not impl: reader.selfChat
    at notImpl (file:///rs2b0t/bot/shim/_kernel.js:5:5)
    at Object.get (file:///rs2b0t/bot/shim/_kernel.js:17:19)
    at DuelArena.observeFightState (file:///rs2b0t/bot/scripts/bot/bot.js:288:70)
    at file:///rs2b0t/bot/scripts/bot/bot.js:93:63
    at globalThis.__rs2b0t_fire_tick_listeners (file:///rs2b0t/bot/runtime/BotHost.js:14:13)
    at globalThis.__rs2b0t_pump (file:///rs2b0t/bot/api/execution/Execution.js:107:37)
[rs2b0t] listener error Error: not impl: reader.selfChat
    at notImpl (file:///rs2b0t/bot/shim/_kernel.js:5:5)
    at Object.get (file:///rs2b0t/bot/shim/_kernel.js:17:19)
    at DuelArena.observeFightState (file:///rs2b0t/bot/scripts/bot/bot.js:288:70)
    at file:///rs2b0t/bot/scripts/bot/bot.js:93:63
    at globalThis.__rs2b0t_fire_tick_listeners (file:///rs2b0t/bot/runtime/BotHost.js:14:13)
    at globalThis.__rs2b0t_tick_async (file:///rs2b0t/bot/scripts/bot/main.js:15:37)
    at globalThis.__rs_tick (file:///rs2b0t/bot/scripts/bot/main.js:8:16)
[script livejleo1e_1] [rs2b0t] listener error not impl: reader.selfChat
[script livejleo1e_0] [rs2b0t] listener error not impl: reader.selfChat
[rs2b0t] listener error Error: not impl: reader.selfChat
    at notImpl (file:///rs2b0t/bot/shim/_kernel.js:5:5)
    at Object.get (file:///rs2b0t/bot/shim/_kernel.js:17:19)
    at DuelArena.observeFightState (file:///rs2b0t/bot/scripts/bot/bot.js:288:70)
    at file:///rs2b0t/bot/scripts/bot/bot.js:93:63
    at globalThis.__rs2b0t_fire_tick_listeners (file:///rs2b0t/bot/runtime/BotHost.js:14:13)
    at globalThis.__rs2b0t_tick_async (file:///rs2b0t/bot/scripts/bot/main.js:15:37)
    at globalThis.__rs_tick (file:///rs2b0t/bot/scripts/bot/main.js:8:16)
[rs2b0t] listener error Error: not impl: reader.selfChat
    at notImpl (file:///rs2b0t/bot/shim/_kernel.js:5:5)
    at Object.get (file:///rs2b0t/bot/shim/_kernel.js:17:19)
    at DuelArena.observeFightState (file:///rs2b0t/bot/scripts/bot/bot.js:288:70)
    at file:///rs2b0t/bot/scripts/bot/bot.js:93:63
    at globalThis.__rs2b0t_fire_tick_listeners (file:///rs2b0t/bot/runtime/BotHost.js:14:13)
    at globalThis.__rs2b0t_pump (file:///rs2b0t/bot/api/execution/Execution.js:107:37)
[script livejleo1e_1] [rs2b0t] listener error not impl: reader.selfChat
[script livejleo1e_0] [rs2b0t] listener error not impl: reader.selfChat
[host] slot livejleo1e_0: d_loop_us=823 d_raster_us=0 d_observe_us=38137 max_observe_us=8000 d_paints=0 d_skips=50 d_ticks=2 window_ms=1195
[host] slot livejleo1e_1: d_loop_us=875 d_raster_us=0 d_observe_us=44329 max_observe_us=8807 d_paints=0 d_skips=50 d_ticks=2 window_ms=1184
[rs2b0t] listener error Error: not impl: reader.selfChat
    at notImpl (file:///rs2b0t/bot/shim/_kernel.js:5:5)
    at Object.get (file:///rs2b0t/bot/shim/_kernel.js:17:19)
    at DuelArena.observeFightState (file:///rs2b0t/bot/scripts/bot/bot.js:288:70)
    at file:///rs2b0t/bot/scripts/bot/bot.js:93:63
    at globalThis.__rs2b0t_fire_tick_listeners (file:///rs2b0t/bot/runtime/BotHost.js:14:13)
    at globalThis.__rs2b0t_pump (file:///rs2b0t/bot/api/execution/Execution.js:107:37)
[rs2b0t] listener error Error: not impl: reader.selfChat
    at notImpl (file:///rs2b0t/bot/shim/_kernel.js:5:5)
    at Object.get (file:///rs2b0t/bot/shim/_kernel.js:17:19)
    at DuelArena.observeFightState (file:///rs2b0t/bot/scripts/bot/bot.js:288:70)
    at file:///rs2b0t/bot/scripts/bot/bot.js:93:63
    at globalThis.__rs2b0t_fire_tick_listeners (file:///rs2b0t/bot/runtime/BotHost.js:14:13)
    at globalThis.__rs2b0t_tick_async (file:///rs2b0t/bot/scripts/bot/main.js:15:37)
    at globalThis.__rs_tick (file:///rs2b0t/bot/scripts/bot/main.js:8:16)
[script livejleo1e_1] [rs2b0t] listener error not impl: reader.selfChat
[script livejleo1e_0] [rs2b0t] listener error not impl: reader.selfChat
[rs2b0t] listener error Error: not impl: reader.selfChat
    at notImpl (file:///rs2b0t/bot/shim/_kernel.js:5:5)
    at Object.get (file:///rs2b0t/bot/shim/_kernel.js:17:19)
    at DuelArena.observeFightState (file:///rs2b0t/bot/scripts/bot/bot.js:288:70)
    at file:///rs2b0t/bot/scripts/bot/bot.js:93:63
    at globalThis.__rs2b0t_fire_tick_listeners (file:///rs2b0t/bot/runtime/BotHost.js:14:13)
    at globalThis.__rs2b0t_tick_async (file:///rs2b0t/bot/scripts/bot/main.js:15:37)
    at globalThis.__rs_tick (file:///rs2b0t/bot/scripts/bot/main.js:8:16)
[rs2b0t] listener error Error: not impl: reader.selfChat
    at notImpl (file:///rs2b0t/bot/shim/_kernel.js:5:5)
    at Object.get (file:///rs2b0t/bot/shim/_kernel.js:17:19)
    at DuelArena.observeFightState (file:///rs2b0t/bot/scripts/bot/bot.js:288:70)
    at file:///rs2b0t/bot/scripts/bot/bot.js:93:63
    at globalThis.__rs2b0t_fire_tick_listeners (file:///rs2b0t/bot/runtime/BotHost.js:14:13)
    at globalThis.__rs2b0t_pump (file:///rs2b0t/bot/api/execution/Execution.js:107:37)
[script livejleo1e_1] [rs2b0t] listener error not impl: reader.selfChat
[script livejleo1e_0] [rs2b0t] listener error not impl: reader.selfChat
[host] slot livejleo1e_0: d_loop_us=695 d_raster_us=0 d_observe_us=33873 max_observe_us=5272 d_paints=0 d_skips=50 d_ticks=2 window_ms=1192
[host] slot livejleo1e_1: d_loop_us=692 d_raster_us=0 d_observe_us=33941 max_observe_us=5963 d_paints=0 d_skips=50 d_ticks=2 window_ms=1192
[rs2b0t] listener error Error: not impl: reader.selfChat
    at notImpl (file:///rs2b0t/bot/shim/_kernel.js:5:5)
    at Object.get (file:///rs2b0t/bot/shim/_kernel.js:17:19)
    at DuelArena.observeFightState (file:///rs2b0t/bot/scripts/bot/bot.js:288:70)
    at file:///rs2b0t/bot/scripts/bot/bot.js:93:63
    at globalThis.__rs2b0t_fire_tick_listeners (file:///rs2b0t/bot/runtime/BotHost.js:14:13)
    at globalThis.__rs2b0t_tick_async (file:///rs2b0t/bot/scripts/bot/main.js:15:37)
    at globalThis.__rs_tick (file:///rs2b0t/bot/scripts/bot/main.js:8:16)
[script livejleo1e_0] [rs2b0t] listener error not impl: reader.selfChat
[rs2b0t] listener error Error: not impl: reader.selfChat
    at notImpl (file:///rs2b0t/bot/shim/_kernel.js:5:5)
    at Object.get (file:///rs2b0t/bot/shim/_kernel.js:17:19)
    at DuelArena.observeFightState (file:///rs2b0t/bot/scripts/bot/bot.js:288:70)
    at file:///rs2b0t/bot/scripts/bot/bot.js:93:63
    at globalThis.__rs2b0t_fire_tick_listeners (file:///rs2b0t/bot/runtime/BotHost.js:14:13)
    at globalThis.__rs2b0t_pump (file:///rs2b0t/bot/api/execution/Execution.js:107:37)
[script livejleo1e_1] [rs2b0t] listener error not impl: reader.selfChat
[rs2b0t] listener error Error: not impl: reader.selfChat
    at notImpl (file:///rs2b0t/bot/shim/_kernel.js:5:5)
    at Object.get (file:///rs2b0t/bot/shim/_kernel.js:17:19)
    at DuelArena.observeFightState (file:///rs2b0t/bot/scripts/bot/bot.js:288:70)
    at file:///rs2b0t/bot/scripts/bot/bot.js:93:63
    at globalThis.__rs2b0t_fire_tick_listeners (file:///rs2b0t/bot/runtime/BotHost.js:14:13)
    at globalThis.__rs2b0t_tick_async (file:///rs2b0t/bot/scripts/bot/main.js:15:37)
    at globalThis.__rs_tick (file:///rs2b0t/bot/scripts/bot/main.js:8:16)
[rs2b0t] listener error Error: not impl: reader.selfChat
    at notImpl (file:///rs2b0t/bot/shim/_kernel.js:5:5)
    at Object.get (file:///rs2b0t/bot/shim/_kernel.js:17:19)
    at DuelArena.observeFightState (file:///rs2b0t/bot/scripts/bot/bot.js:288:70)
    at file:///rs2b0t/bot/scripts/bot/bot.js:93:63
    at globalThis.__rs2b0t_fire_tick_listeners (file:///rs2b0t/bot/runtime/BotHost.js:14:13)
    at globalThis.__rs2b0t_pump (file:///rs2b0t/bot/api/execution/Execution.js:107:37)
[script livejleo1e_1] [rs2b0t] listener error not impl: reader.selfChat
[script livejleo1e_0] [rs2b0t] listener error not impl: reader.selfChat
[host] slot livejleo1e_0: d_loop_us=977 d_raster_us=0 d_observe_us=53037 max_observe_us=12372 d_paints=0 d_skips=50 d_ticks=2 window_ms=1184
[host] slot livejleo1e_1: d_loop_us=934 d_raster_us=0 d_observe_us=59879 max_observe_us=9638 d_paints=0 d_skips=50 d_ticks=2 window_ms=1176
[rs2b0t] listener error Error: not impl: reader.selfChat
    at notImpl (file:///rs2b0t/bot/shim/_kernel.js:5:5)
    at Object.get (file:///rs2b0t/bot/shim/_kernel.js:17:19)
    at DuelArena.observeFightState (file:///rs2b0t/bot/scripts/bot/bot.js:288:70)
    at file:///rs2b0t/bot/scripts/bot/bot.js:93:63
    at globalThis.__rs2b0t_fire_tick_listeners (file:///rs2b0t/bot/runtime/BotHost.js:14:13)
    at globalThis.__rs2b0t_pump (file:///rs2b0t/bot/api/execution/Execution.js:107:37)
[rs2b0t] listener error Error: not impl: reader.selfChat
    at notImpl (file:///rs2b0t/bot/shim/_kernel.js:5:5)
    at Object.get (file:///rs2b0t/bot/shim/_kernel.js:17:19)
    at DuelArena.observeFightState (file:///rs2b0t/bot/scripts/bot/bot.js:288:70)
    at file:///rs2b0t/bot/scripts/bot/bot.js:93:63
    at globalThis.__rs2b0t_fire_tick_listeners (file:///rs2b0t/bot/runtime/BotHost.js:14:13)
    at globalThis.__rs2b0t_tick_async (file:///rs2b0t/bot/scripts/bot/main.js:15:37)
    at globalThis.__rs_tick (file:///rs2b0t/bot/scripts/bot/main.js:8:16)
[script livejleo1e_1] [rs2b0t] listener error not impl: reader.selfChat
[script livejleo1e_0] [rs2b0t] listener error not impl: reader.selfChat
[rs2b0t] listener error Error: not impl: reader.selfChat
    at notImpl (file:///rs2b0t/bot/shim/_kernel.js:5:5)
    at Object.get (file:///rs2b0t/bot/shim/_kernel.js:17:19)
    at DuelArena.observeFightState (file:///rs2b0t/bot/scripts/bot/bot.js:288:70)
    at file:///rs2b0t/bot/scripts/bot/bot.js:93:63
    at globalThis.__rs2b0t_fire_tick_listeners (file:///rs2b0t/bot/runtime/BotHost.js:14:13)
    at globalThis.__rs2b0t_pump (file:///rs2b0t/bot/api/execution/Execution.js:107:37)
[script livejleo1e_0] [rs2b0t] listener error not impl: reader.selfChat
[rs2b0t] listener error Error: not impl: reader.selfChat
    at notImpl (file:///rs2b0t/bot/shim/_kernel.js:5:5)
    at Object.get (file:///rs2b0t/bot/shim/_kernel.js:17:19)
    at DuelArena.observeFightState (file:///rs2b0t/bot/scripts/bot/bot.js:288:70)
    at file:///rs2b0t/bot/scripts/bot/bot.js:93:63
    at globalThis.__rs2b0t_fire_tick_listeners (file:///rs2b0t/bot/runtime/BotHost.js:14:13)
    at globalThis.__rs2b0t_tick_async (file:///rs2b0t/bot/scripts/bot/main.js:15:37)
    at globalThis.__rs_tick (file:///rs2b0t/bot/scripts/bot/main.js:8:16)
[script livejleo1e_1] [rs2b0t] listener error not impl: reader.selfChat
[host] slot livejleo1e_0: d_loop_us=1017 d_raster_us=0 d_observe_us=50438 max_observe_us=8297 d_paints=0 d_skips=50 d_ticks=2 window_ms=1184
[host] slot livejleo1e_1: d_loop_us=980 d_raster_us=0 d_observe_us=52142 max_observe_us=9895 d_paints=0 d_skips=50 d_ticks=2 window_ms=1189
[rs2b0t] listener error Error: not impl: reader.selfChat
    at notImpl (file:///rs2b0t/bot/shim/_kernel.js:5:5)
    at Object.get (file:///rs2b0t/bot/shim/_kernel.js:17:19)
    at DuelArena.observeFightState (file:///rs2b0t/bot/scripts/bot/bot.js:288:70)
    at file:///rs2b0t/bot/scripts/bot/bot.js:93:63
    at globalThis.__rs2b0t_fire_tick_listeners (file:///rs2b0t/bot/runtime/BotHost.js:14:13)
    at globalThis.__rs2b0t_pump (file:///rs2b0t/bot/api/execution/Execution.js:107:37)
[rs2b0t] listener error Error: not impl: reader.selfChat
    at notImpl (file:///rs2b0t/bot/shim/_kernel.js:5:5)
    at Object.get (file:///rs2b0t/bot/shim/_kernel.js:17:19)
    at DuelArena.observeFightState (file:///rs2b0t/bot/scripts/bot/bot.js:288:70)
    at file:///rs2b0t/bot/scripts/bot/bot.js:93:63
    at globalThis.__rs2b0t_fire_tick_listeners (file:///rs2b0t/bot/runtime/BotHost.js:14:13)
    at globalThis.__rs2b0t_tick_async (file:///rs2b0t/bot/scripts/bot/main.js:15:37)
    at globalThis.__rs_tick (file:///rs2b0t/bot/scripts/bot/main.js:8:16)
[script livejleo1e_1] [rs2b0t] listener error not impl: reader.selfChat
[script livejleo1e_0] [rs2b0t] listener error not impl: reader.selfChat
[rs2b0t] listener error Error: not impl: reader.selfChat
    at notImpl (file:///rs2b0t/bot/shim/_kernel.js:5:5)
    at Object.get (file:///rs2b0t/bot/shim/_kernel.js:17:19)
    at DuelArena.observeFightState (file:///rs2b0t/bot/scripts/bot/bot.js:288:70)
    at file:///rs2b0t/bot/scripts/bot/bot.js:93:63
    at globalThis.__rs2b0t_fire_tick_listeners (file:///rs2b0t/bot/runtime/BotHost.js:14:13)
    at globalThis.__rs2b0t_tick_async (file:///rs2b0t/bot/scripts/bot/main.js:15:37)
    at globalThis.__rs_tick (file:///rs2b0t/bot/scripts/bot/main.js:8:16)
[script livejleo1e_1] [rs2b0t] listener error not impl: reader.selfChat
[rs2b0t] listener error Error: not impl: reader.selfChat
    at notImpl (file:///rs2b0t/bot/shim/_kernel.js:5:5)
    at Object.get (file:///rs2b0t/bot/shim/_kernel.js:17:19)
    at DuelArena.observeFightState (file:///rs2b0t/bot/scripts/bot/bot.js:288:70)
    at file:///rs2b0t/bot/scripts/bot/bot.js:93:63
    at globalThis.__rs2b0t_fire_tick_listeners (file:///rs2b0t/bot/runtime/BotHost.js:14:13)
    at globalThis.__rs2b0t_pump (file:///rs2b0t/bot/api/execution/Execution.js:107:37)
[script livejleo1e_0] [rs2b0t] listener error not impl: reader.selfChat
[host] slot livejleo1e_0: d_loop_us=958 d_raster_us=0 d_observe_us=58214 max_observe_us=9890 d_paints=0 d_skips=50 d_ticks=2 window_ms=1180
[host] slot livejleo1e_1: d_loop_us=1024 d_raster_us=0 d_observe_us=68205 max_observe_us=11414 d_paints=0 d_skips=50 d_ticks=2 window_ms=1192
[rs2b0t] listener error Error: not impl: reader.selfChat
    at notImpl (file:///rs2b0t/bot/shim/_kernel.js:5:5)
    at Object.get (file:///rs2b0t/bot/shim/_kernel.js:17:19)
    at DuelArena.observeFightState (file:///rs2b0t/bot/scripts/bot/bot.js:288:70)
    at file:///rs2b0t/bot/scripts/bot/bot.js:93:63
    at globalThis.__rs2b0t_fire_tick_listeners (file:///rs2b0t/bot/runtime/BotHost.js:14:13)
    at globalThis.__rs2b0t_pump (file:///rs2b0t/bot/api/execution/Execution.js:107:37)
[rs2b0t] listener error Error: not impl: reader.selfChat
    at notImpl (file:///rs2b0t/bot/shim/_kernel.js:5:5)
    at Object.get (file:///rs2b0t/bot/shim/_kernel.js:17:19)
    at DuelArena.observeFightState (file:///rs2b0t/bot/scripts/bot/bot.js:288:70)
    at file:///rs2b0t/bot/scripts/bot/bot.js:93:63
    at globalThis.__rs2b0t_fire_tick_listeners (file:///rs2b0t/bot/runtime/BotHost.js:14:13)
    at globalThis.__rs2b0t_tick_async (file:///rs2b0t/bot/scripts/bot/main.js:15:37)
    at globalThis.__rs_tick (file:///rs2b0t/bot/scripts/bot/main.js:8:16)
[script livejleo1e_1] [rs2b0t] listener error not impl: reader.selfChat
[script livejleo1e_0] [rs2b0t] listener error not impl: reader.selfChat
[rs2b0t] listener error Error: not impl: reader.selfChat
    at notImpl (file:///rs2b0t/bot/shim/_kernel.js:5:5)
    at Object.get (file:///rs2b0t/bot/shim/_kernel.js:17:19)
    at DuelArena.observeFightState (file:///rs2b0t/bot/scripts/bot/bot.js:288:70)
    at file:///rs2b0t/bot/scripts/bot/bot.js:93:63
    at globalThis.__rs2b0t_fire_tick_listeners (file:///rs2b0t/bot/runtime/BotHost.js:14:13)
    at globalThis.__rs2b0t_pump (file:///rs2b0t/bot/api/execution/Execution.js:107:37)
[rs2b0t] listener error Error: not impl: reader.selfChat
    at notImpl (file:///rs2b0t/bot/shim/_kernel.js:5:5)
    at Object.get (file:///rs2b0t/bot/shim/_kernel.js:17:19)
    at DuelArena.observeFightState (file:///rs2b0t/bot/scripts/bot/bot.js:288:70)
    at file:///rs2b0t/bot/scripts/bot/bot.js:93:63
    at globalThis.__rs2b0t_fire_tick_listeners (file:///rs2b0t/bot/runtime/BotHost.js:14:13)
    at globalThis.__rs2b0t_tick_async (file:///rs2b0t/bot/scripts/bot/main.js:15:37)
    at globalThis.__rs_tick (file:///rs2b0t/bot/scripts/bot/main.js:8:16)
[script livejleo1e_0] [rs2b0t] listener error not impl: reader.selfChat
[script livejleo1e_1] [rs2b0t] listener error not impl: reader.selfChat
[host] slot livejleo1e_0: d_loop_us=1059 d_raster_us=0 d_observe_us=62586 max_observe_us=9571 d_paints=0 d_skips=50 d_ticks=2 window_ms=1166
[host] slot livejleo1e_1: d_loop_us=1012 d_raster_us=0 d_observe_us=60962 max_observe_us=11001 d_paints=0 d_skips=50 d_ticks=2 window_ms=1191
[rs2b0t] listener error Error: not impl: reader.selfChat
    at notImpl (file:///rs2b0t/bot/shim/_kernel.js:5:5)
    at Object.get (file:///rs2b0t/bot/shim/_kernel.js:17:19)
    at DuelArena.observeFightState (file:///rs2b0t/bot/scripts/bot/bot.js:288:70)
    at file:///rs2b0t/bot/scripts/bot/bot.js:93:63
    at globalThis.__rs2b0t_fire_tick_listeners (file:///rs2b0t/bot/runtime/BotHost.js:14:13)
    at globalThis.__rs2b0t_tick_async (file:///rs2b0t/bot/scripts/bot/main.js:15:37)
    at globalThis.__rs_tick (file:///rs2b0t/bot/scripts/bot/main.js:8:16)
[rs2b0t] listener error Error: not impl: reader.selfChat
    at notImpl (file:///rs2b0t/bot/shim/_kernel.js:5:5)
    at Object.get (file:///rs2b0t/bot/shim/_kernel.js:17:19)
    at DuelArena.observeFightState (file:///rs2b0t/bot/scripts/bot/bot.js:288:70)
    at file:///rs2b0t/bot/scripts/bot/bot.js:93:63
    at globalThis.__rs2b0t_fire_tick_listeners (file:///rs2b0t/bot/runtime/BotHost.js:14:13)
    at globalThis.__rs2b0t_pump (file:///rs2b0t/bot/api/execution/Execution.js:107:37)
[script livejleo1e_0] [rs2b0t] listener error not impl: reader.selfChat
[script livejleo1e_1] [rs2b0t] listener error not impl: reader.selfChat
[rs2b0t] listener error Error: not impl: reader.selfChat
    at notImpl (file:///rs2b0t/bot/shim/_kernel.js:5:5)
    at Object.get (file:///rs2b0t/bot/shim/_kernel.js:17:19)
    at DuelArena.observeFightState (file:///rs2b0t/bot/scripts/bot/bot.js:288:70)
    at file:///rs2b0t/bot/scripts/bot/bot.js:93:63
    at globalThis.__rs2b0t_fire_tick_listeners (file:///rs2b0t/bot/runtime/BotHost.js:14:13)
    at globalThis.__rs2b0t_tick_async (file:///rs2b0t/bot/scripts/bot/main.js:15:37)
    at globalThis.__rs_tick (file:///rs2b0t/bot/scripts/bot/main.js:8:16)
[rs2b0t] listener error Error: not impl: reader.selfChat
    at notImpl (file:///rs2b0t/bot/shim/_kernel.js:5:5)
    at Object.get (file:///rs2b0t/bot/shim/_kernel.js:17:19)
    at DuelArena.observeFightState (file:///rs2b0t/bot/scripts/bot/bot.js:288:70)
    at file:///rs2b0t/bot/scripts/bot/bot.js:93:63
    at globalThis.__rs2b0t_fire_tick_listeners (file:///rs2b0t/bot/runtime/BotHost.js:14:13)
    at globalThis.__rs2b0t_pump (file:///rs2b0t/bot/api/execution/Execution.js:107:37)
[script livejleo1e_1] [rs2b0t] listener error not impl: reader.selfChat
[script livejleo1e_0] [rs2b0t] listener error not impl: reader.selfChat
[host] slot livejleo1e_0: d_loop_us=2031 d_raster_us=0 d_observe_us=65159 max_observe_us=10515 d_paints=0 d_skips=50 d_ticks=2 window_ms=1187
[host] slot livejleo1e_1: d_loop_us=847 d_raster_us=0 d_observe_us=67581 max_observe_us=10310 d_paints=0 d_skips=50 d_ticks=2 window_ms=1178
[rs2b0t] listener error Error: not impl: reader.selfChat
    at notImpl (file:///rs2b0t/bot/shim/_kernel.js:5:5)
    at Object.get (file:///rs2b0t/bot/shim/_kernel.js:17:19)
    at DuelArena.observeFightState (file:///rs2b0t/bot/scripts/bot/bot.js:288:70)
    at file:///rs2b0t/bot/scripts/bot/bot.js:93:63
    at globalThis.__rs2b0t_fire_tick_listeners (file:///rs2b0t/bot/runtime/BotHost.js:14:13)
    at globalThis.__rs2b0t_pump (file:///rs2b0t/bot/api/execution/Execution.js:107:37)
[script livejleo1e_1] [rs2b0t] listener error not impl: reader.selfChat
[rs2b0t] listener error Error: not impl: reader.selfChat
    at notImpl (file:///rs2b0t/bot/shim/_kernel.js:5:5)
    at Object.get (file:///rs2b0t/bot/shim/_kernel.js:17:19)
    at DuelArena.observeFightState (file:///rs2b0t/bot/scripts/bot/bot.js:288:70)
    at file:///rs2b0t/bot/scripts/bot/bot.js:93:63
    at globalThis.__rs2b0t_fire_tick_listeners (file:///rs2b0t/bot/runtime/BotHost.js:14:13)
    at globalThis.__rs2b0t_tick_async (file:///rs2b0t/bot/scripts/bot/main.js:15:37)
    at globalThis.__rs_tick (file:///rs2b0t/bot/scripts/bot/main.js:8:16)
[script livejleo1e_0] [rs2b0t] listener error not impl: reader.selfChat
[rs2b0t] listener error Error: not impl: reader.selfChat
    at notImpl (file:///rs2b0t/bot/shim/_kernel.js:5:5)
    at Object.get (file:///rs2b0t/bot/shim/_kernel.js:17:19)
    at DuelArena.observeFightState (file:///rs2b0t/bot/scripts/bot/bot.js:288:70)
    at file:///rs2b0t/bot/scripts/bot/bot.js:93:63
    at globalThis.__rs2b0t_fire_tick_listeners (file:///rs2b0t/bot/runtime/BotHost.js:14:13)
    at globalThis.__rs2b0t_pump (file:///rs2b0t/bot/api/execution/Execution.js:107:37)
[rs2b0t] listener error Error: not impl: reader.selfChat
    at notImpl (file:///rs2b0t/bot/shim/_kernel.js:5:5)
    at Object.get (file:///rs2b0t/bot/shim/_kernel.js:17:19)
    at DuelArena.observeFightState (file:///rs2b0t/bot/scripts/bot/bot.js:288:70)
    at file:///rs2b0t/bot/scripts/bot/bot.js:93:63
    at globalThis.__rs2b0t_fire_tick_listeners (file:///rs2b0t/bot/runtime/BotHost.js:14:13)
    at globalThis.__rs2b0t_tick_async (file:///rs2b0t/bot/scripts/bot/main.js:15:37)
    at globalThis.__rs_tick (file:///rs2b0t/bot/scripts/bot/main.js:8:16)
[script livejleo1e_0] [rs2b0t] listener error not impl: reader.selfChat
[script livejleo1e_1] [rs2b0t] listener error not impl: reader.selfChat
[host] slot livejleo1e_0: d_loop_us=1059 d_raster_us=0 d_observe_us=54405 max_observe_us=10239 d_paints=0 d_skips=50 d_ticks=2 window_ms=1196
[host] slot livejleo1e_1: d_loop_us=950 d_raster_us=0 d_observe_us=60684 max_observe_us=12085 d_paints=0 d_skips=50 d_ticks=2 window_ms=1189
[rs2b0t] listener error Error: not impl: reader.selfChat
    at notImpl (file:///rs2b0t/bot/shim/_kernel.js:5:5)
    at Object.get (file:///rs2b0t/bot/shim/_kernel.js:17:19)
    at DuelArena.observeFightState (file:///rs2b0t/bot/scripts/bot/bot.js:288:70)
    at file:///rs2b0t/bot/scripts/bot/bot.js:93:63
    at globalThis.__rs2b0t_fire_tick_listeners (file:///rs2b0t/bot/runtime/BotHost.js:14:13)
    at globalThis.__rs2b0t_tick_async (file:///rs2b0t/bot/scripts/bot/main.js:15:37)
    at globalThis.__rs_tick (file:///rs2b0t/bot/scripts/bot/main.js:8:16)
[rs2b0t] listener error Error: not impl: reader.selfChat
    at notImpl (file:///rs2b0t/bot/shim/_kernel.js:5:5)
    at Object.get (file:///rs2b0t/bot/shim/_kernel.js:17:19)
    at DuelArena.observeFightState (file:///rs2b0t/bot/scripts/bot/bot.js:288:70)
    at file:///rs2b0t/bot/scripts/bot/bot.js:93:63
    at globalThis.__rs2b0t_fire_tick_listeners (file:///rs2b0t/bot/runtime/BotHost.js:14:13)
    at globalThis.__rs2b0t_pump (file:///rs2b0t/bot/api/execution/Execution.js:107:37)
[script livejleo1e_0] [rs2b0t] listener error not impl: reader.selfChat
[script livejleo1e_1] [rs2b0t] listener error not impl: reader.selfChat
[rs2b0t] listener error Error: not impl: reader.selfChat
    at notImpl (file:///rs2b0t/bot/shim/_kernel.js:5:5)
    at Object.get (file:///rs2b0t/bot/shim/_kernel.js:17:19)
    at DuelArena.observeFightState (file:///rs2b0t/bot/scripts/bot/bot.js:288:70)
    at file:///rs2b0t/bot/scripts/bot/bot.js:93:63
    at globalThis.__rs2b0t_fire_tick_listeners (file:///rs2b0t/bot/runtime/BotHost.js:14:13)
    at globalThis.__rs2b0t_tick_async (file:///rs2b0t/bot/scripts/bot/main.js:15:37)
    at globalThis.__rs_tick (file:///rs2b0t/bot/scripts/bot/main.js:8:16)
[script livejleo1e_1] [rs2b0t] listener error not impl: reader.selfChat
[rs2b0t] listener error Error: not impl: reader.selfChat
    at notImpl (file:///rs2b0t/bot/shim/_kernel.js:5:5)
    at Object.get (file:///rs2b0t/bot/shim/_kernel.js:17:19)
    at DuelArena.observeFightState (file:///rs2b0t/bot/scripts/bot/bot.js:288:70)
    at file:///rs2b0t/bot/scripts/bot/bot.js:93:63
    at globalThis.__rs2b0t_fire_tick_listeners (file:///rs2b0t/bot/runtime/BotHost.js:14:13)
    at globalThis.__rs2b0t_pump (file:///rs2b0t/bot/api/execution/Execution.js:107:37)
[script livejleo1e_0] [rs2b0t] listener error not impl: reader.selfChat
[host] slot livejleo1e_0: d_loop_us=988 d_raster_us=0 d_observe_us=50180 max_observe_us=9646 d_paints=0 d_skips=50 d_ticks=2 window_ms=1208
[host] slot livejleo1e_1: d_loop_us=866 d_raster_us=0 d_observe_us=52490 max_observe_us=8850 d_paints=0 d_skips=50 d_ticks=2 window_ms=1208
[rs2b0t] listener error Error: not impl: reader.selfChat
    at notImpl (file:///rs2b0t/bot/shim/_kernel.js:5:5)
    at Object.get (file:///rs2b0t/bot/shim/_kernel.js:17:19)
    at DuelArena.observeFightState (file:///rs2b0t/bot/scripts/bot/bot.js:288:70)
    at file:///rs2b0t/bot/scripts/bot/bot.js:93:63
    at globalThis.__rs2b0t_fire_tick_listeners (file:///rs2b0t/bot/runtime/BotHost.js:14:13)
    at globalThis.__rs2b0t_pump (file:///rs2b0t/bot/api/execution/Execution.js:107:37)
[script livejleo1e_1] [rs2b0t] listener error not impl: reader.selfChat
[rs2b0t] listener error Error: not impl: reader.selfChat
    at notImpl (file:///rs2b0t/bot/shim/_kernel.js:5:5)
    at Object.get (file:///rs2b0t/bot/shim/_kernel.js:17:19)
    at DuelArena.observeFightState (file:///rs2b0t/bot/scripts/bot/bot.js:288:70)
    at file:///rs2b0t/bot/scripts/bot/bot.js:93:63
    at globalThis.__rs2b0t_fire_tick_listeners (file:///rs2b0t/bot/runtime/BotHost.js:14:13)
    at globalThis.__rs2b0t_tick_async (file:///rs2b0t/bot/scripts/bot/main.js:15:37)
    at globalThis.__rs_tick (file:///rs2b0t/bot/scripts/bot/main.js:8:16)
[script livejleo1e_0] [rs2b0t] listener error not impl: reader.selfChat
[rs2b0t] listener error Error: not impl: reader.selfChat
    at notImpl (file:///rs2b0t/bot/shim/_kernel.js:5:5)
    at Object.get (file:///rs2b0t/bot/shim/_kernel.js:17:19)
    at DuelArena.observeFightState (file:///rs2b0t/bot/scripts/bot/bot.js:288:70)
    at file:///rs2b0t/bot/scripts/bot/bot.js:93:63
    at globalThis.__rs2b0t_fire_tick_listeners (file:///rs2b0t/bot/runtime/BotHost.js:14:13)
    at globalThis.__rs2b0t_pump (file:///rs2b0t/bot/api/execution/Execution.js:107:37)
[rs2b0t] listener error Error: not impl: reader.selfChat
    at notImpl (file:///rs2b0t/bot/shim/_kernel.js:5:5)
    at Object.get (file:///rs2b0t/bot/shim/_kernel.js:17:19)
    at DuelArena.observeFightState (file:///rs2b0t/bot/scripts/bot/bot.js:288:70)
    at file:///rs2b0t/bot/scripts/bot/bot.js:93:63
    at globalThis.__rs2b0t_fire_tick_listeners (file:///rs2b0t/bot/runtime/BotHost.js:14:13)
    at globalThis.__rs2b0t_tick_async (file:///rs2b0t/bot/scripts/bot/main.js:15:37)
    at globalThis.__rs_tick (file:///rs2b0t/bot/scripts/bot/main.js:8:16)
[script livejleo1e_0] [rs2b0t] listener error not impl: reader.selfChat
[script livejleo1e_1] [rs2b0t] listener error not impl: reader.selfChat
[host] slot livejleo1e_0: d_loop_us=927 d_raster_us=0 d_observe_us=51971 max_observe_us=10746 d_paints=0 d_skips=50 d_ticks=2 window_ms=1206
[host] slot livejleo1e_1: d_loop_us=771 d_raster_us=0 d_observe_us=51829 max_observe_us=9611 d_paints=0 d_skips=50 d_ticks=2 window_ms=1197
[rs2b0t] listener error Error: not impl: reader.selfChat
    at notImpl (file:///rs2b0t/bot/shim/_kernel.js:5:5)
    at Object.get (file:///rs2b0t/bot/shim/_kernel.js:17:19)
    at DuelArena.observeFightState (file:///rs2b0t/bot/scripts/bot/bot.js:288:70)
    at file:///rs2b0t/bot/scripts/bot/bot.js:93:63
    at globalThis.__rs2b0t_fire_tick_listeners (file:///rs2b0t/bot/runtime/BotHost.js:14:13)
    at globalThis.__rs2b0t_pump (file:///rs2b0t/bot/api/execution/Execution.js:107:37)
[rs2b0t] listener error Error: not impl: reader.selfChat
    at notImpl (file:///rs2b0t/bot/shim/_kernel.js:5:5)
    at Object.get (file:///rs2b0t/bot/shim/_kernel.js:17:19)
    at DuelArena.observeFightState (file:///rs2b0t/bot/scripts/bot/bot.js:288:70)
    at file:///rs2b0t/bot/scripts/bot/bot.js:93:63
    at globalThis.__rs2b0t_fire_tick_listeners (file:///rs2b0t/bot/runtime/BotHost.js:14:13)
    at globalThis.__rs2b0t_tick_async (file:///rs2b0t/bot/scripts/bot/main.js:15:37)
    at globalThis.__rs_tick (file:///rs2b0t/bot/scripts/bot/main.js:8:16)
[script livejleo1e_0] [rs2b0t] listener error not impl: reader.selfChat
[script livejleo1e_1] [rs2b0t] listener error not impl: reader.selfChat
[rs2b0t] listener error Error: not impl: reader.selfChat
    at notImpl (file:///rs2b0t/bot/shim/_kernel.js:5:5)
    at Object.get (file:///rs2b0t/bot/shim/_kernel.js:17:19)
    at DuelArena.observeFightState (file:///rs2b0t/bot/scripts/bot/bot.js:288:70)
    at file:///rs2b0t/bot/scripts/bot/bot.js:93:63
    at globalThis.__rs2b0t_fire_tick_listeners (file:///rs2b0t/bot/runtime/BotHost.js:14:13)
    at globalThis.__rs2b0t_pump (file:///rs2b0t/bot/api/execution/Execution.js:107:37)
[rs2b0t] listener error Error: not impl: reader.selfChat
    at notImpl (file:///rs2b0t/bot/shim/_kernel.js:5:5)
    at Object.get (file:///rs2b0t/bot/shim/_kernel.js:17:19)
    at DuelArena.observeFightState (file:///rs2b0t/bot/scripts/bot/bot.js:288:70)
    at file:///rs2b0t/bot/scripts/bot/bot.js:93:63
    at globalThis.__rs2b0t_fire_tick_listeners (file:///rs2b0t/bot/runtime/BotHost.js:14:13)
    at globalThis.__rs2b0t_tick_async (file:///rs2b0t/bot/scripts/bot/main.js:15:37)
    at globalThis.__rs_tick (file:///rs2b0t/bot/scripts/bot/main.js:8:16)
[script livejleo1e_1] [rs2b0t] listener error not impl: reader.selfChat
[script livejleo1e_0] [rs2b0t] listener error not impl: reader.selfChat
[host] slot livejleo1e_0: d_loop_us=849 d_raster_us=0 d_observe_us=49133 max_observe_us=11177 d_paints=0 d_skips=50 d_ticks=2 window_ms=1191
[host] slot livejleo1e_1: d_loop_us=781 d_raster_us=0 d_observe_us=52959 max_observe_us=11276 d_paints=0 d_skips=50 d_ticks=2 window_ms=1193
[rs2b0t] listener error Error: not impl: reader.selfChat
    at notImpl (file:///rs2b0t/bot/shim/_kernel.js:5:5)
    at Object.get (file:///rs2b0t/bot/shim/_kernel.js:17:19)
    at DuelArena.observeFightState (file:///rs2b0t/bot/scripts/bot/bot.js:288:70)
    at file:///rs2b0t/bot/scripts/bot/bot.js:93:63
    at globalThis.__rs2b0t_fire_tick_listeners (file:///rs2b0t/bot/runtime/BotHost.js:14:13)
    at globalThis.__rs2b0t_pump (file:///rs2b0t/bot/api/execution/Execution.js:107:37)
[rs2b0t] listener error Error: not impl: reader.selfChat
    at notImpl (file:///rs2b0t/bot/shim/_kernel.js:5:5)
    at Object.get (file:///rs2b0t/bot/shim/_kernel.js:17:19)
    at DuelArena.observeFightState (file:///rs2b0t/bot/scripts/bot/bot.js:288:70)
    at file:///rs2b0t/bot/scripts/bot/bot.js:93:63
    at globalThis.__rs2b0t_fire_tick_listeners (file:///rs2b0t/bot/runtime/BotHost.js:14:13)
    at globalThis.__rs2b0t_tick_async (file:///rs2b0t/bot/scripts/bot/main.js:15:37)
    at globalThis.__rs_tick (file:///rs2b0t/bot/scripts/bot/main.js:8:16)
[script livejleo1e_1] [rs2b0t] listener error not impl: reader.selfChat
[script livejleo1e_0] [rs2b0t] listener error not impl: reader.selfChat
[rs2b0t] listener error Error: not impl: reader.selfChat
    at notImpl (file:///rs2b0t/bot/shim/_kernel.js:5:5)
    at Object.get (file:///rs2b0t/bot/shim/_kernel.js:17:19)
    at DuelArena.observeFightState (file:///rs2b0t/bot/scripts/bot/bot.js:288:70)
    at file:///rs2b0t/bot/scripts/bot/bot.js:93:63
    at globalThis.__rs2b0t_fire_tick_listeners (file:///rs2b0t/bot/runtime/BotHost.js:14:13)
    at globalThis.__rs2b0t_tick_async (file:///rs2b0t/bot/scripts/bot/main.js:15:37)
    at globalThis.__rs_tick (file:///rs2b0t/bot/scripts/bot/main.js:8:16)
[rs2b0t] listener error Error: not impl: reader.selfChat
    at notImpl (file:///rs2b0t/bot/shim/_kernel.js:5:5)
    at Object.get (file:///rs2b0t/bot/shim/_kernel.js:17:19)
    at DuelArena.observeFightState (file:///rs2b0t/bot/scripts/bot/bot.js:288:70)
    at file:///rs2b0t/bot/scripts/bot/bot.js:93:63
    at globalThis.__rs2b0t_fire_tick_listeners (file:///rs2b0t/bot/runtime/BotHost.js:14:13)
    at globalThis.__rs2b0t_pump (file:///rs2b0t/bot/api/execution/Execution.js:107:37)
[script livejleo1e_1] [rs2b0t] listener error not impl: reader.selfChat
[script livejleo1e_0] [rs2b0t] listener error not impl: reader.selfChat
[host] slot livejleo1e_0: d_loop_us=848 d_raster_us=0 d_observe_us=57461 max_observe_us=9621 d_paints=0 d_skips=50 d_ticks=2 window_ms=1207
[host] slot livejleo1e_1: d_loop_us=853 d_raster_us=0 d_observe_us=62594 max_observe_us=10002 d_paints=0 d_skips=50 d_ticks=2 window_ms=1206
[rs2b0t] listener error Error: not impl: reader.selfChat
    at notImpl (file:///rs2b0t/bot/shim/_kernel.js:5:5)
    at Object.get (file:///rs2b0t/bot/shim/_kernel.js:17:19)
    at DuelArena.observeFightState (file:///rs2b0t/bot/scripts/bot/bot.js:288:70)
    at file:///rs2b0t/bot/scripts/bot/bot.js:93:63
    at globalThis.__rs2b0t_fire_tick_listeners (file:///rs2b0t/bot/runtime/BotHost.js:14:13)
    at globalThis.__rs2b0t_tick_async (file:///rs2b0t/bot/scripts/bot/main.js:15:37)
    at globalThis.__rs_tick (file:///rs2b0t/bot/scripts/bot/main.js:8:16)
[rs2b0t] listener error Error: not impl: reader.selfChat
    at notImpl (file:///rs2b0t/bot/shim/_kernel.js:5:5)
    at Object.get (file:///rs2b0t/bot/shim/_kernel.js:17:19)
    at DuelArena.observeFightState (file:///rs2b0t/bot/scripts/bot/bot.js:288:70)
    at file:///rs2b0t/bot/scripts/bot/bot.js:93:63
    at globalThis.__rs2b0t_fire_tick_listeners (file:///rs2b0t/bot/runtime/BotHost.js:14:13)
    at globalThis.__rs2b0t_pump (file:///rs2b0t/bot/api/execution/Execution.js:107:37)
[script livejleo1e_0] [rs2b0t] listener error not impl: reader.selfChat
[script livejleo1e_1] [rs2b0t] listener error not impl: reader.selfChat
[rs2b0t] listener error Error: not impl: reader.selfChat
    at notImpl (file:///rs2b0t/bot/shim/_kernel.js:5:5)
    at Object.get (file:///rs2b0t/bot/shim/_kernel.js:17:19)
    at DuelArena.observeFightState (file:///rs2b0t/bot/scripts/bot/bot.js:288:70)
    at file:///rs2b0t/bot/scripts/bot/bot.js:93:63
    at globalThis.__rs2b0t_fire_tick_listeners (file:///rs2b0t/bot/runtime/BotHost.js:14:13)
    at globalThis.__rs2b0t_pump (file:///rs2b0t/bot/api/execution/Execution.js:107:37)
[rs2b0t] listener error Error: not impl: reader.selfChat
    at notImpl (file:///rs2b0t/bot/shim/_kernel.js:5:5)
    at Object.get (file:///rs2b0t/bot/shim/_kernel.js:17:19)
    at DuelArena.observeFightState (file:///rs2b0t/bot/scripts/bot/bot.js:288:70)
    at file:///rs2b0t/bot/scripts/bot/bot.js:93:63
    at globalThis.__rs2b0t_fire_tick_listeners (file:///rs2b0t/bot/runtime/BotHost.js:14:13)
    at globalThis.__rs2b0t_tick_async (file:///rs2b0t/bot/scripts/bot/main.js:15:37)
    at globalThis.__rs_tick (file:///rs2b0t/bot/scripts/bot/main.js:8:16)
[script livejleo1e_0] [rs2b0t] listener error not impl: reader.selfChat
[script livejleo1e_1] [rs2b0t] listener error not impl: reader.selfChat
[host] slot livejleo1e_0: d_loop_us=863 d_raster_us=0 d_observe_us=46220 max_observe_us=10186 d_paints=0 d_skips=50 d_ticks=2 window_ms=1200
[host] slot livejleo1e_1: d_loop_us=778 d_raster_us=0 d_observe_us=44798 max_observe_us=8320 d_paints=0 d_skips=50 d_ticks=2 window_ms=1216
[rs2b0t] listener error Error: not impl: reader.selfChat
    at notImpl (file:///rs2b0t/bot/shim/_kernel.js:5:5)
    at Object.get (file:///rs2b0t/bot/shim/_kernel.js:17:19)
    at DuelArena.observeFightState (file:///rs2b0t/bot/scripts/bot/bot.js:288:70)
    at file:///rs2b0t/bot/scripts/bot/bot.js:93:63
    at globalThis.__rs2b0t_fire_tick_listeners (file:///rs2b0t/bot/runtime/BotHost.js:14:13)
    at globalThis.__rs2b0t_pump (file:///rs2b0t/bot/api/execution/Execution.js:107:37)
[rs2b0t] listener error Error: not impl: reader.selfChat
    at notImpl (file:///rs2b0t/bot/shim/_kernel.js:5:5)
    at Object.get (file:///rs2b0t/bot/shim/_kernel.js:17:19)
    at DuelArena.observeFightState (file:///rs2b0t/bot/scripts/bot/bot.js:288:70)
    at file:///rs2b0t/bot/scripts/bot/bot.js:93:63
    at globalThis.__rs2b0t_fire_tick_listeners (file:///rs2b0t/bot/runtime/BotHost.js:14:13)
    at globalThis.__rs2b0t_tick_async (file:///rs2b0t/bot/scripts/bot/main.js:15:37)
    at globalThis.__rs_tick (file:///rs2b0t/bot/scripts/bot/main.js:8:16)
[script livejleo1e_1] [rs2b0t] listener error not impl: reader.selfChat
[script livejleo1e_0] [rs2b0t] listener error not impl: reader.selfChat
[rs2b0t] listener error Error: not impl: reader.selfChat
    at notImpl (file:///rs2b0t/bot/shim/_kernel.js:5:5)
    at Object.get (file:///rs2b0t/bot/shim/_kernel.js:17:19)
    at DuelArena.observeFightState (file:///rs2b0t/bot/scripts/bot/bot.js:288:70)
    at file:///rs2b0t/bot/scripts/bot/bot.js:93:63
    at globalThis.__rs2b0t_fire_tick_listeners (file:///rs2b0t/bot/runtime/BotHost.js:14:13)
    at globalThis.__rs2b0t_tick_async (file:///rs2b0t/bot/scripts/bot/main.js:15:37)
    at globalThis.__rs_tick (file:///rs2b0t/bot/scripts/bot/main.js:8:16)
[rs2b0t] listener error Error: not impl: reader.selfChat
    at notImpl (file:///rs2b0t/bot/shim/_kernel.js:5:5)
    at Object.get (file:///rs2b0t/bot/shim/_kernel.js:17:19)
    at DuelArena.observeFightState (file:///rs2b0t/bot/scripts/bot/bot.js:288:70)
    at file:///rs2b0t/bot/scripts/bot/bot.js:93:63
    at globalThis.__rs2b0t_fire_tick_listeners (file:///rs2b0t/bot/runtime/BotHost.js:14:13)
    at globalThis.__rs2b0t_pump (file:///rs2b0t/bot/api/execution/Execution.js:107:37)
[script livejleo1e_1] [rs2b0t] listener error not impl: reader.selfChat
[script livejleo1e_0] [rs2b0t] listener error not impl: reader.selfChat
[host] slot livejleo1e_0: d_loop_us=856 d_raster_us=0 d_observe_us=51287 max_observe_us=10116 d_paints=0 d_skips=50 d_ticks=2 window_ms=1197
[host] slot livejleo1e_1: d_loop_us=845 d_raster_us=0 d_observe_us=49302 max_observe_us=10665 d_paints=0 d_skips=50 d_ticks=2 window_ms=1175
[rs2b0t] listener error Error: not impl: reader.selfChat
    at notImpl (file:///rs2b0t/bot/shim/_kernel.js:5:5)
    at Object.get (file:///rs2b0t/bot/shim/_kernel.js:17:19)
    at DuelArena.observeFightState (file:///rs2b0t/bot/scripts/bot/bot.js:288:70)
    at file:///rs2b0t/bot/scripts/bot/bot.js:93:63
    at globalThis.__rs2b0t_fire_tick_listeners (file:///rs2b0t/bot/runtime/BotHost.js:14:13)
    at globalThis.__rs2b0t_pump (file:///rs2b0t/bot/api/execution/Execution.js:107:37)
[rs2b0t] listener error Error: not impl: reader.selfChat
    at notImpl (file:///rs2b0t/bot/shim/_kernel.js:5:5)
    at Object.get (file:///rs2b0t/bot/shim/_kernel.js:17:19)
    at DuelArena.observeFightState (file:///rs2b0t/bot/scripts/bot/bot.js:288:70)
    at file:///rs2b0t/bot/scripts/bot/bot.js:93:63
    at globalThis.__rs2b0t_fire_tick_listeners (file:///rs2b0t/bot/runtime/BotHost.js:14:13)
    at globalThis.__rs2b0t_tick_async (file:///rs2b0t/bot/scripts/bot/main.js:15:37)
    at globalThis.__rs_tick (file:///rs2b0t/bot/scripts/bot/main.js:8:16)
[script livejleo1e_1] [rs2b0t] listener error not impl: reader.selfChat
[script livejleo1e_0] [rs2b0t] listener error not impl: reader.selfChat
[rs2b0t] listener error Error: not impl: reader.selfChat
    at notImpl (file:///rs2b0t/bot/shim/_kernel.js:5:5)
    at Object.get (file:///rs2b0t/bot/shim/_kernel.js:17:19)
    at DuelArena.observeFightState (file:///rs2b0t/bot/scripts/bot/bot.js:288:70)
    at file:///rs2b0t/bot/scripts/bot/bot.js:93:63
    at globalThis.__rs2b0t_fire_tick_listeners (file:///rs2b0t/bot/runtime/BotHost.js:14:13)
    at globalThis.__rs2b0t_pump (file:///rs2b0t/bot/api/execution/Execution.js:107:37)
[script livejleo1e_0] [rs2b0t] listener error not impl: reader.selfChat
[rs2b0t] listener error Error: not impl: reader.selfChat
    at notImpl (file:///rs2b0t/bot/shim/_kernel.js:5:5)
    at Object.get (file:///rs2b0t/bot/shim/_kernel.js:17:19)
    at DuelArena.observeFightState (file:///rs2b0t/bot/scripts/bot/bot.js:288:70)
    at file:///rs2b0t/bot/scripts/bot/bot.js:93:63
    at globalThis.__rs2b0t_fire_tick_listeners (file:///rs2b0t/bot/runtime/BotHost.js:14:13)
    at globalThis.__rs2b0t_tick_async (file:///rs2b0t/bot/scripts/bot/main.js:15:37)
    at globalThis.__rs_tick (file:///rs2b0t/bot/scripts/bot/main.js:8:16)
[script livejleo1e_1] [rs2b0t] listener error not impl: reader.selfChat
[host] slot livejleo1e_0: d_loop_us=1952 d_raster_us=0 d_observe_us=49917 max_observe_us=9928 d_paints=0 d_skips=50 d_ticks=2 window_ms=1201
[host] slot livejleo1e_1: d_loop_us=787 d_raster_us=0 d_observe_us=48303 max_observe_us=8273 d_paints=0 d_skips=50 d_ticks=2 window_ms=1203
[rs2b0t] listener error Error: not impl: reader.selfChat
    at notImpl (file:///rs2b0t/bot/shim/_kernel.js:5:5)
    at Object.get (file:///rs2b0t/bot/shim/_kernel.js:17:19)
    at DuelArena.observeFightState (file:///rs2b0t/bot/scripts/bot/bot.js:288:70)
    at file:///rs2b0t/bot/scripts/bot/bot.js:93:63
    at globalThis.__rs2b0t_fire_tick_listeners (file:///rs2b0t/bot/runtime/BotHost.js:14:13)
    at globalThis.__rs2b0t_pump (file:///rs2b0t/bot/api/execution/Execution.js:107:37)
[rs2b0t] listener error Error: not impl: reader.selfChat
    at notImpl (file:///rs2b0t/bot/shim/_kernel.js:5:5)
    at Object.get (file:///rs2b0t/bot/shim/_kernel.js:17:19)
    at DuelArena.observeFightState (file:///rs2b0t/bot/scripts/bot/bot.js:288:70)
    at file:///rs2b0t/bot/scripts/bot/bot.js:93:63
    at globalThis.__rs2b0t_fire_tick_listeners (file:///rs2b0t/bot/runtime/BotHost.js:14:13)
    at globalThis.__rs2b0t_tick_async (file:///rs2b0t/bot/scripts/bot/main.js:15:37)
    at globalThis.__rs_tick (file:///rs2b0t/bot/scripts/bot/main.js:8:16)
[script livejleo1e_1] [rs2b0t] listener error not impl: reader.selfChat
[script livejleo1e_0] [rs2b0t] listener error not impl: reader.selfChat
[rs2b0t] listener error Error: not impl: reader.selfChat
    at notImpl (file:///rs2b0t/bot/shim/_kernel.js:5:5)
    at Object.get (file:///rs2b0t/bot/shim/_kernel.js:17:19)
    at DuelArena.observeFightState (file:///rs2b0t/bot/scripts/bot/bot.js:288:70)
    at file:///rs2b0t/bot/scripts/bot/bot.js:93:63
    at globalThis.__rs2b0t_fire_tick_listeners (file:///rs2b0t/bot/runtime/BotHost.js:14:13)
    at globalThis.__rs2b0t_pump (file:///rs2b0t/bot/api/execution/Execution.js:107:37)
[rs2b0t] listener error Error: not impl: reader.selfChat
    at notImpl (file:///rs2b0t/bot/shim/_kernel.js:5:5)
    at Object.get (file:///rs2b0t/bot/shim/_kernel.js:17:19)
    at DuelArena.observeFightState (file:///rs2b0t/bot/scripts/bot/bot.js:288:70)
    at file:///rs2b0t/bot/scripts/bot/bot.js:93:63
    at globalThis.__rs2b0t_fire_tick_listeners (file:///rs2b0t/bot/runtime/BotHost.js:14:13)
    at globalThis.__rs2b0t_tick_async (file:///rs2b0t/bot/scripts/bot/main.js:15:37)
    at globalThis.__rs_tick (file:///rs2b0t/bot/scripts/bot/main.js:8:16)
[script livejleo1e_1] [rs2b0t] listener error not impl: reader.selfChat
[script livejleo1e_0] [rs2b0t] listener error not impl: reader.selfChat
[host] slot livejleo1e_0: d_loop_us=784 d_raster_us=0 d_observe_us=48680 max_observe_us=10734 d_paints=0 d_skips=50 d_ticks=2 window_ms=1201
[host] slot livejleo1e_1: d_loop_us=737 d_raster_us=0 d_observe_us=49024 max_observe_us=10095 d_paints=0 d_skips=50 d_ticks=2 window_ms=1204
[rs2b0t] listener error Error: not impl: reader.selfChat
    at notImpl (file:///rs2b0t/bot/shim/_kernel.js:5:5)
    at Object.get (file:///rs2b0t/bot/shim/_kernel.js:17:19)
    at DuelArena.observeFightState (file:///rs2b0t/bot/scripts/bot/bot.js:288:70)
    at file:///rs2b0t/bot/scripts/bot/bot.js:93:63
    at globalThis.__rs2b0t_fire_tick_listeners (file:///rs2b0t/bot/runtime/BotHost.js:14:13)
    at globalThis.__rs2b0t_tick_async (file:///rs2b0t/bot/scripts/bot/main.js:15:37)
    at globalThis.__rs_tick (file:///rs2b0t/bot/scripts/bot/main.js:8:16)
[rs2b0t] listener error Error: not impl: reader.selfChat
    at notImpl (file:///rs2b0t/bot/shim/_kernel.js:5:5)
    at Object.get (file:///rs2b0t/bot/shim/_kernel.js:17:19)
    at DuelArena.observeFightState (file:///rs2b0t/bot/scripts/bot/bot.js:288:70)
    at file:///rs2b0t/bot/scripts/bot/bot.js:93:63
    at globalThis.__rs2b0t_fire_tick_listeners (file:///rs2b0t/bot/runtime/BotHost.js:14:13)
    at globalThis.__rs2b0t_pump (file:///rs2b0t/bot/api/execution/Execution.js:107:37)
[script livejleo1e_0] [rs2b0t] listener error not impl: reader.selfChat
[script livejleo1e_1] [rs2b0t] listener error not impl: reader.selfChat
[rs2b0t] listener error Error: not impl: reader.selfChat
    at notImpl (file:///rs2b0t/bot/shim/_kernel.js:5:5)
    at Object.get (file:///rs2b0t/bot/shim/_kernel.js:17:19)
    at DuelArena.observeFightState (file:///rs2b0t/bot/scripts/bot/bot.js:288:70)
    at file:///rs2b0t/bot/scripts/bot/bot.js:93:63
    at globalThis.__rs2b0t_fire_tick_listeners (file:///rs2b0t/bot/runtime/BotHost.js:14:13)
    at globalThis.__rs2b0t_tick_async (file:///rs2b0t/bot/scripts/bot/main.js:15:37)
    at globalThis.__rs_tick (file:///rs2b0t/bot/scripts/bot/main.js:8:16)
[rs2b0t] listener error Error: not impl: reader.selfChat
    at notImpl (file:///rs2b0t/bot/shim/_kernel.js:5:5)
    at Object.get (file:///rs2b0t/bot/shim/_kernel.js:17:19)
    at DuelArena.observeFightState (file:///rs2b0t/bot/scripts/bot/bot.js:288:70)
    at file:///rs2b0t/bot/scripts/bot/bot.js:93:63
    at globalThis.__rs2b0t_fire_tick_listeners (file:///rs2b0t/bot/runtime/BotHost.js:14:13)
    at globalThis.__rs2b0t_pump (file:///rs2b0t/bot/api/execution/Execution.js:107:37)
[script livejleo1e_1] [rs2b0t] listener error not impl: reader.selfChat
[script livejleo1e_0] [rs2b0t] listener error not impl: reader.selfChat
[host] slot livejleo1e_0: d_loop_us=848 d_raster_us=0 d_observe_us=46449 max_observe_us=8041 d_paints=0 d_skips=50 d_ticks=2 window_ms=1207
[host] slot livejleo1e_1: d_loop_us=737 d_raster_us=0 d_observe_us=48429 max_observe_us=9587 d_paints=0 d_skips=50 d_ticks=2 window_ms=1199
[rs2b0t] listener error Error: not impl: reader.selfChat
    at notImpl (file:///rs2b0t/bot/shim/_kernel.js:5:5)
    at Object.get (file:///rs2b0t/bot/shim/_kernel.js:17:19)
    at DuelArena.observeFightState (file:///rs2b0t/bot/scripts/bot/bot.js:288:70)
    at file:///rs2b0t/bot/scripts/bot/bot.js:93:63
    at globalThis.__rs2b0t_fire_tick_listeners (file:///rs2b0t/bot/runtime/BotHost.js:14:13)
    at globalThis.__rs2b0t_pump (file:///rs2b0t/bot/api/execution/Execution.js:107:37)
[rs2b0t] listener error Error: not impl: reader.selfChat
    at notImpl (file:///rs2b0t/bot/shim/_kernel.js:5:5)
    at Object.get (file:///rs2b0t/bot/shim/_kernel.js:17:19)
    at DuelArena.observeFightState (file:///rs2b0t/bot/scripts/bot/bot.js:288:70)
    at file:///rs2b0t/bot/scripts/bot/bot.js:93:63
    at globalThis.__rs2b0t_fire_tick_listeners (file:///rs2b0t/bot/runtime/BotHost.js:14:13)
    at globalThis.__rs2b0t_tick_async (file:///rs2b0t/bot/scripts/bot/main.js:15:37)
    at globalThis.__rs_tick (file:///rs2b0t/bot/scripts/bot/main.js:8:16)
[script livejleo1e_1] [rs2b0t] listener error not impl: reader.selfChat
[script livejleo1e_0] [rs2b0t] listener error not impl: reader.selfChat
[rs2b0t] listener error Error: not impl: reader.selfChat
    at notImpl (file:///rs2b0t/bot/shim/_kernel.js:5:5)
    at Object.get (file:///rs2b0t/bot/shim/_kernel.js:17:19)
    at DuelArena.observeFightState (file:///rs2b0t/bot/scripts/bot/bot.js:288:70)
    at file:///rs2b0t/bot/scripts/bot/bot.js:93:63
    at globalThis.__rs2b0t_fire_tick_listeners (file:///rs2b0t/bot/runtime/BotHost.js:14:13)
    at globalThis.__rs2b0t_tick_async (file:///rs2b0t/bot/scripts/bot/main.js:15:37)
    at globalThis.__rs_tick (file:///rs2b0t/bot/scripts/bot/main.js:8:16)
[rs2b0t] listener error Error: not impl: reader.selfChat
    at notImpl (file:///rs2b0t/bot/shim/_kernel.js:5:5)
    at Object.get (file:///rs2b0t/bot/shim/_kernel.js:17:19)
    at DuelArena.observeFightState (file:///rs2b0t/bot/scripts/bot/bot.js:288:70)
    at file:///rs2b0t/bot/scripts/bot/bot.js:93:63
    at globalThis.__rs2b0t_fire_tick_listeners (file:///rs2b0t/bot/runtime/BotHost.js:14:13)
    at globalThis.__rs2b0t_pump (file:///rs2b0t/bot/api/execution/Execution.js:107:37)
[script livejleo1e_1] [rs2b0t] listener error not impl: reader.selfChat
[script livejleo1e_0] [rs2b0t] listener error not impl: reader.selfChat
[host] slot livejleo1e_0: d_loop_us=811 d_raster_us=0 d_observe_us=48009 max_observe_us=8642 d_paints=0 d_skips=50 d_ticks=2 window_ms=1212
[host] slot livejleo1e_1: d_loop_us=787 d_raster_us=0 d_observe_us=48894 max_observe_us=10048 d_paints=0 d_skips=50 d_ticks=2 window_ms=1213
[rs2b0t] listener error Error: not impl: reader.selfChat
    at notImpl (file:///rs2b0t/bot/shim/_kernel.js:5:5)
    at Object.get (file:///rs2b0t/bot/shim/_kernel.js:17:19)
    at DuelArena.observeFightState (file:///rs2b0t/bot/scripts/bot/bot.js:288:70)
    at file:///rs2b0t/bot/scripts/bot/bot.js:93:63
    at globalThis.__rs2b0t_fire_tick_listeners (file:///rs2b0t/bot/runtime/BotHost.js:14:13)
    at globalThis.__rs2b0t_tick_async (file:///rs2b0t/bot/scripts/bot/main.js:15:37)
    at globalThis.__rs_tick (file:///rs2b0t/bot/scripts/bot/main.js:8:16)
[script livejleo1e_0] [rs2b0t] listener error not impl: reader.selfChat
[rs2b0t] listener error Error: not impl: reader.selfChat
    at notImpl (file:///rs2b0t/bot/shim/_kernel.js:5:5)
    at Object.get (file:///rs2b0t/bot/shim/_kernel.js:17:19)
    at DuelArena.observeFightState (file:///rs2b0t/bot/scripts/bot/bot.js:288:70)
    at file:///rs2b0t/bot/scripts/bot/bot.js:93:63
    at globalThis.__rs2b0t_fire_tick_listeners (file:///rs2b0t/bot/runtime/BotHost.js:14:13)
    at globalThis.__rs2b0t_pump (file:///rs2b0t/bot/api/execution/Execution.js:107:37)
[script livejleo1e_1] [rs2b0t] listener error not impl: reader.selfChat
[rs2b0t] listener error Error: not impl: reader.selfChat
    at notImpl (file:///rs2b0t/bot/shim/_kernel.js:5:5)
    at Object.get (file:///rs2b0t/bot/shim/_kernel.js:17:19)
    at DuelArena.observeFightState (file:///rs2b0t/bot/scripts/bot/bot.js:288:70)
    at file:///rs2b0t/bot/scripts/bot/bot.js:93:63
    at globalThis.__rs2b0t_fire_tick_listeners (file:///rs2b0t/bot/runtime/BotHost.js:14:13)
    at globalThis.__rs2b0t_pump (file:///rs2b0t/bot/api/execution/Execution.js:107:37)
[rs2b0t] listener error Error: not impl: reader.selfChat
    at notImpl (file:///rs2b0t/bot/shim/_kernel.js:5:5)
    at Object.get (file:///rs2b0t/bot/shim/_kernel.js:17:19)
    at DuelArena.observeFightState (file:///rs2b0t/bot/scripts/bot/bot.js:288:70)
    at file:///rs2b0t/bot/scripts/bot/bot.js:93:63
    at globalThis.__rs2b0t_fire_tick_listeners (file:///rs2b0t/bot/runtime/BotHost.js:14:13)
    at globalThis.__rs2b0t_tick_async (file:///rs2b0t/bot/scripts/bot/main.js:15:37)
    at globalThis.__rs_tick (file:///rs2b0t/bot/scripts/bot/main.js:8:16)
[script livejleo1e_0] [rs2b0t] listener error not impl: reader.selfChat
[script livejleo1e_1] [rs2b0t] listener error not impl: reader.selfChat
[host] slot livejleo1e_0: d_loop_us=800 d_raster_us=0 d_observe_us=51181 max_observe_us=11132 d_paints=0 d_skips=50 d_ticks=2 window_ms=1187
[host] slot livejleo1e_1: d_loop_us=730 d_raster_us=0 d_observe_us=45959 max_observe_us=8728 d_paints=0 d_skips=50 d_ticks=2 window_ms=1202
[rs2b0t] listener error Error: not impl: reader.selfChat
    at notImpl (file:///rs2b0t/bot/shim/_kernel.js:5:5)
    at Object.get (file:///rs2b0t/bot/shim/_kernel.js:17:19)
    at DuelArena.observeFightState (file:///rs2b0t/bot/scripts/bot/bot.js:288:70)
    at file:///rs2b0t/bot/scripts/bot/bot.js:93:63
    at globalThis.__rs2b0t_fire_tick_listeners (file:///rs2b0t/bot/runtime/BotHost.js:14:13)
    at globalThis.__rs2b0t_pump (file:///rs2b0t/bot/api/execution/Execution.js:107:37)
[script livejleo1e_1] [rs2b0t] listener error not impl: reader.selfChat
[rs2b0t] listener error Error: not impl: reader.selfChat
    at notImpl (file:///rs2b0t/bot/shim/_kernel.js:5:5)
    at Object.get (file:///rs2b0t/bot/shim/_kernel.js:17:19)
    at DuelArena.observeFightState (file:///rs2b0t/bot/scripts/bot/bot.js:288:70)
    at file:///rs2b0t/bot/scripts/bot/bot.js:93:63
    at globalThis.__rs2b0t_fire_tick_listeners (file:///rs2b0t/bot/runtime/BotHost.js:14:13)
    at globalThis.__rs2b0t_tick_async (file:///rs2b0t/bot/scripts/bot/main.js:15:37)
    at globalThis.__rs_tick (file:///rs2b0t/bot/scripts/bot/main.js:8:16)
[script livejleo1e_0] [rs2b0t] listener error not impl: reader.selfChat
[rs2b0t] listener error Error: not impl: reader.selfChat
    at notImpl (file:///rs2b0t/bot/shim/_kernel.js:5:5)
    at Object.get (file:///rs2b0t/bot/shim/_kernel.js:17:19)
    at DuelArena.observeFightState (file:///rs2b0t/bot/scripts/bot/bot.js:288:70)
    at file:///rs2b0t/bot/scripts/bot/bot.js:93:63
    at globalThis.__rs2b0t_fire_tick_listeners (file:///rs2b0t/bot/runtime/BotHost.js:14:13)
    at globalThis.__rs2b0t_pump (file:///rs2b0t/bot/api/execution/Execution.js:107:37)
[rs2b0t] listener error Error: not impl: reader.selfChat
    at notImpl (file:///rs2b0t/bot/shim/_kernel.js:5:5)
    at Object.get (file:///rs2b0t/bot/shim/_kernel.js:17:19)
    at DuelArena.observeFightState (file:///rs2b0t/bot/scripts/bot/bot.js:288:70)
    at file:///rs2b0t/bot/scripts/bot/bot.js:93:63
    at globalThis.__rs2b0t_fire_tick_listeners (file:///rs2b0t/bot/runtime/BotHost.js:14:13)
    at globalThis.__rs2b0t_tick_async (file:///rs2b0t/bot/scripts/bot/main.js:15:37)
    at globalThis.__rs_tick (file:///rs2b0t/bot/scripts/bot/main.js:8:16)
[script livejleo1e_0] [rs2b0t] listener error not impl: reader.selfChat
[script livejleo1e_1] [rs2b0t] listener error not impl: reader.selfChat
[host] slot livejleo1e_0: d_loop_us=910 d_raster_us=0 d_observe_us=41470 max_observe_us=8019 d_paints=0 d_skips=50 d_ticks=2 window_ms=1177
[host] slot livejleo1e_1: d_loop_us=701 d_raster_us=0 d_observe_us=41660 max_observe_us=9421 d_paints=0 d_skips=50 d_ticks=2 window_ms=1224
[rs2b0t] listener error Error: not impl: reader.selfChat
    at notImpl (file:///rs2b0t/bot/shim/_kernel.js:5:5)
    at Object.get (file:///rs2b0t/bot/shim/_kernel.js:17:19)
    at DuelArena.observeFightState (file:///rs2b0t/bot/scripts/bot/bot.js:288:70)
    at file:///rs2b0t/bot/scripts/bot/bot.js:93:63
    at globalThis.__rs2b0t_fire_tick_listeners (file:///rs2b0t/bot/runtime/BotHost.js:14:13)
    at globalThis.__rs2b0t_tick_async (file:///rs2b0t/bot/scripts/bot/main.js:15:37)
    at globalThis.__rs_tick (file:///rs2b0t/bot/scripts/bot/main.js:8:16)
[rs2b0t] listener error Error: not impl: reader.selfChat
    at notImpl (file:///rs2b0t/bot/shim/_kernel.js:5:5)
    at Object.get (file:///rs2b0t/bot/shim/_kernel.js:17:19)
    at DuelArena.observeFightState (file:///rs2b0t/bot/scripts/bot/bot.js:288:70)
    at file:///rs2b0t/bot/scripts/bot/bot.js:93:63
    at globalThis.__rs2b0t_fire_tick_listeners (file:///rs2b0t/bot/runtime/BotHost.js:14:13)
    at globalThis.__rs2b0t_pump (file:///rs2b0t/bot/api/execution/Execution.js:107:37)
[script livejleo1e_0] [rs2b0t] listener error not impl: reader.selfChat
[script livejleo1e_1] [rs2b0t] listener error not impl: reader.selfChat
[rs2b0t] listener error Error: not impl: reader.selfChat
    at notImpl (file:///rs2b0t/bot/shim/_kernel.js:5:5)
    at Object.get (file:///rs2b0t/bot/shim/_kernel.js:17:19)
    at DuelArena.observeFightState (file:///rs2b0t/bot/scripts/bot/bot.js:288:70)
    at file:///rs2b0t/bot/scripts/bot/bot.js:93:63
    at globalThis.__rs2b0t_fire_tick_listeners (file:///rs2b0t/bot/runtime/BotHost.js:14:13)
    at globalThis.__rs2b0t_tick_async (file:///rs2b0t/bot/scripts/bot/main.js:15:37)
    at globalThis.__rs_tick (file:///rs2b0t/bot/scripts/bot/main.js:8:16)
[rs2b0t] listener error Error: not impl: reader.selfChat
    at notImpl (file:///rs2b0t/bot/shim/_kernel.js:5:5)
    at Object.get (file:///rs2b0t/bot/shim/_kernel.js:17:19)
    at DuelArena.observeFightState (file:///rs2b0t/bot/scripts/bot/bot.js:288:70)
    at file:///rs2b0t/bot/scripts/bot/bot.js:93:63
    at globalThis.__rs2b0t_fire_tick_listeners (file:///rs2b0t/bot/runtime/BotHost.js:14:13)
    at globalThis.__rs2b0t_pump (file:///rs2b0t/bot/api/execution/Execution.js:107:37)
[script livejleo1e_1] [rs2b0t] listener error not impl: reader.selfChat
[script livejleo1e_0] [rs2b0t] listener error not impl: reader.selfChat
[host] slot livejleo1e_0: d_loop_us=720 d_raster_us=0 d_observe_us=39214 max_observe_us=5067 d_paints=0 d_skips=50 d_ticks=2 window_ms=1212
[host] slot livejleo1e_1: d_loop_us=2985 d_raster_us=0 d_observe_us=38347 max_observe_us=5074 d_paints=0 d_skips=50 d_ticks=2 window_ms=1207
[rs2b0t] listener error Error: not impl: reader.selfChat
    at notImpl (file:///rs2b0t/bot/shim/_kernel.js:5:5)
    at Object.get (file:///rs2b0t/bot/shim/_kernel.js:17:19)
    at DuelArena.observeFightState (file:///rs2b0t/bot/scripts/bot/bot.js:288:70)
    at file:///rs2b0t/bot/scripts/bot/bot.js:93:63
    at globalThis.__rs2b0t_fire_tick_listeners (file:///rs2b0t/bot/runtime/BotHost.js:14:13)
    at globalThis.__rs2b0t_tick_async (file:///rs2b0t/bot/scripts/bot/main.js:15:37)
    at globalThis.__rs_tick (file:///rs2b0t/bot/scripts/bot/main.js:8:16)
[rs2b0t] listener error Error: not impl: reader.selfChat
    at notImpl (file:///rs2b0t/bot/shim/_kernel.js:5:5)
    at Object.get (file:///rs2b0t/bot/shim/_kernel.js:17:19)
    at DuelArena.observeFightState (file:///rs2b0t/bot/scripts/bot/bot.js:288:70)
    at file:///rs2b0t/bot/scripts/bot/bot.js:93:63
    at globalThis.__rs2b0t_fire_tick_listeners (file:///rs2b0t/bot/runtime/BotHost.js:14:13)
    at globalThis.__rs2b0t_pump (file:///rs2b0t/bot/api/execution/Execution.js:107:37)
[script livejleo1e_0] [rs2b0t] listener error not impl: reader.selfChat
[script livejleo1e_1] [rs2b0t] listener error not impl: reader.selfChat
[rs2b0t] listener error Error: not impl: reader.selfChat
    at notImpl (file:///rs2b0t/bot/shim/_kernel.js:5:5)
    at Object.get (file:///rs2b0t/bot/shim/_kernel.js:17:19)
    at DuelArena.observeFightState (file:///rs2b0t/bot/scripts/bot/bot.js:288:70)
    at file:///rs2b0t/bot/scripts/bot/bot.js:93:63
    at globalThis.__rs2b0t_fire_tick_listeners (file:///rs2b0t/bot/runtime/BotHost.js:14:13)
    at globalThis.__rs2b0t_pump (file:///rs2b0t/bot/api/execution/Execution.js:107:37)
[rs2b0t] listener error Error: not impl: reader.selfChat
    at notImpl (file:///rs2b0t/bot/shim/_kernel.js:5:5)
    at Object.get (file:///rs2b0t/bot/shim/_kernel.js:17:19)
    at DuelArena.observeFightState (file:///rs2b0t/bot/scripts/bot/bot.js:288:70)
    at file:///rs2b0t/bot/scripts/bot/bot.js:93:63
    at globalThis.__rs2b0t_fire_tick_listeners (file:///rs2b0t/bot/runtime/BotHost.js:14:13)
    at globalThis.__rs2b0t_tick_async (file:///rs2b0t/bot/scripts/bot/main.js:15:37)
    at globalThis.__rs_tick (file:///rs2b0t/bot/scripts/bot/main.js:8:16)
[script livejleo1e_0] [rs2b0t] listener error not impl: reader.selfChat
[script livejleo1e_1] [rs2b0t] listener error not impl: reader.selfChat
[host] slot livejleo1e_0: d_loop_us=866 d_raster_us=0 d_observe_us=60805 max_observe_us=13403 d_paints=0 d_skips=50 d_ticks=2 window_ms=1184
[host] slot livejleo1e_1: d_loop_us=799 d_raster_us=0 d_observe_us=51313 max_observe_us=9321 d_paints=0 d_skips=50 d_ticks=2 window_ms=1192
[rs2b0t] listener error Error: not impl: reader.selfChat
    at notImpl (file:///rs2b0t/bot/shim/_kernel.js:5:5)
    at Object.get (file:///rs2b0t/bot/shim/_kernel.js:17:19)
    at DuelArena.observeFightState (file:///rs2b0t/bot/scripts/bot/bot.js:288:70)
    at file:///rs2b0t/bot/scripts/bot/bot.js:93:63
    at globalThis.__rs2b0t_fire_tick_listeners (file:///rs2b0t/bot/runtime/BotHost.js:14:13)
    at globalThis.__rs2b0t_tick_async (file:///rs2b0t/bot/scripts/bot/main.js:15:37)
    at globalThis.__rs_tick (file:///rs2b0t/bot/scripts/bot/main.js:8:16)
[rs2b0t] listener error Error: not impl: reader.selfChat
    at notImpl (file:///rs2b0t/bot/shim/_kernel.js:5:5)
    at Object.get (file:///rs2b0t/bot/shim/_kernel.js:17:19)
    at DuelArena.observeFightState (file:///rs2b0t/bot/scripts/bot/bot.js:288:70)
    at file:///rs2b0t/bot/scripts/bot/bot.js:93:63
    at globalThis.__rs2b0t_fire_tick_listeners (file:///rs2b0t/bot/runtime/BotHost.js:14:13)
    at globalThis.__rs2b0t_pump (file:///rs2b0t/bot/api/execution/Execution.js:107:37)
[script livejleo1e_0] [rs2b0t] listener error not impl: reader.selfChat
[script livejleo1e_1] [rs2b0t] listener error not impl: reader.selfChat
[rs2b0t] listener error Error: not impl: reader.selfChat
    at notImpl (file:///rs2b0t/bot/shim/_kernel.js:5:5)
    at Object.get (file:///rs2b0t/bot/shim/_kernel.js:17:19)
    at DuelArena.observeFightState (file:///rs2b0t/bot/scripts/bot/bot.js:288:70)
    at file:///rs2b0t/bot/scripts/bot/bot.js:93:63
    at globalThis.__rs2b0t_fire_tick_listeners (file:///rs2b0t/bot/runtime/BotHost.js:14:13)
    at globalThis.__rs2b0t_pump (file:///rs2b0t/bot/api/execution/Execution.js:107:37)
[rs2b0t] listener error Error: not impl: reader.selfChat
    at notImpl (file:///rs2b0t/bot/shim/_kernel.js:5:5)
    at Object.get (file:///rs2b0t/bot/shim/_kernel.js:17:19)
    at DuelArena.observeFightState (file:///rs2b0t/bot/scripts/bot/bot.js:288:70)
    at file:///rs2b0t/bot/scripts/bot/bot.js:93:63
    at globalThis.__rs2b0t_fire_tick_listeners (file:///rs2b0t/bot/runtime/BotHost.js:14:13)
    at globalThis.__rs2b0t_tick_async (file:///rs2b0t/bot/scripts/bot/main.js:15:37)
    at globalThis.__rs_tick (file:///rs2b0t/bot/scripts/bot/main.js:8:16)
[script livejleo1e_0] [rs2b0t] listener error not impl: reader.selfChat
[script livejleo1e_1] [rs2b0t] listener error not impl: reader.selfChat
[host] slot livejleo1e_0: d_loop_us=810 d_raster_us=0 d_observe_us=49814 max_observe_us=11008 d_paints=0 d_skips=50 d_ticks=2 window_ms=1200
[host] slot livejleo1e_1: d_loop_us=734 d_raster_us=0 d_observe_us=46384 max_observe_us=8752 d_paints=0 d_skips=50 d_ticks=2 window_ms=1198
[rs2b0t] listener error Error: not impl: reader.selfChat
    at notImpl (file:///rs2b0t/bot/shim/_kernel.js:5:5)
    at Object.get (file:///rs2b0t/bot/shim/_kernel.js:17:19)
    at DuelArena.observeFightState (file:///rs2b0t/bot/scripts/bot/bot.js:288:70)
    at file:///rs2b0t/bot/scripts/bot/bot.js:93:63
    at globalThis.__rs2b0t_fire_tick_listeners (file:///rs2b0t/bot/runtime/BotHost.js:14:13)
    at globalThis.__rs2b0t_pump (file:///rs2b0t/bot/api/execution/Execution.js:107:37)
[rs2b0t] listener error Error: not impl: reader.selfChat
    at notImpl (file:///rs2b0t/bot/shim/_kernel.js:5:5)
    at Object.get (file:///rs2b0t/bot/shim/_kernel.js:17:19)
    at DuelArena.observeFightState (file:///rs2b0t/bot/scripts/bot/bot.js:288:70)
    at file:///rs2b0t/bot/scripts/bot/bot.js:93:63
    at globalThis.__rs2b0t_fire_tick_listeners (file:///rs2b0t/bot/runtime/BotHost.js:14:13)
    at globalThis.__rs2b0t_tick_async (file:///rs2b0t/bot/scripts/bot/main.js:15:37)
    at globalThis.__rs_tick (file:///rs2b0t/bot/scripts/bot/main.js:8:16)
[script livejleo1e_1] [rs2b0t] listener error not impl: reader.selfChat
[script livejleo1e_0] [rs2b0t] listener error not impl: reader.selfChat
[rs2b0t] listener error Error: not impl: reader.selfChat
    at notImpl (file:///rs2b0t/bot/shim/_kernel.js:5:5)
    at Object.get (file:///rs2b0t/bot/shim/_kernel.js:17:19)
    at DuelArena.observeFightState (file:///rs2b0t/bot/scripts/bot/bot.js:288:70)
    at file:///rs2b0t/bot/scripts/bot/bot.js:93:63
    at globalThis.__rs2b0t_fire_tick_listeners (file:///rs2b0t/bot/runtime/BotHost.js:14:13)
    at globalThis.__rs2b0t_tick_async (file:///rs2b0t/bot/scripts/bot/main.js:15:37)
    at globalThis.__rs_tick (file:///rs2b0t/bot/scripts/bot/main.js:8:16)
[script livejleo1e_1] [rs2b0t] listener error not impl: reader.selfChat
[rs2b0t] listener error Error: not impl: reader.selfChat
    at notImpl (file:///rs2b0t/bot/shim/_kernel.js:5:5)
    at Object.get (file:///rs2b0t/bot/shim/_kernel.js:17:19)
    at DuelArena.observeFightState (file:///rs2b0t/bot/scripts/bot/bot.js:288:70)
    at file:///rs2b0t/bot/scripts/bot/bot.js:93:63
    at globalThis.__rs2b0t_fire_tick_listeners (file:///rs2b0t/bot/runtime/BotHost.js:14:13)
    at globalThis.__rs2b0t_pump (file:///rs2b0t/bot/api/execution/Execution.js:107:37)
[script livejleo1e_0] [rs2b0t] listener error not impl: reader.selfChat
[host] slot livejleo1e_0: d_loop_us=904 d_raster_us=0 d_observe_us=54025 max_observe_us=11156 d_paints=0 d_skips=50 d_ticks=2 window_ms=1209
[host] slot livejleo1e_1: d_loop_us=876 d_raster_us=0 d_observe_us=55010 max_observe_us=11251 d_paints=0 d_skips=50 d_ticks=2 window_ms=1200
[rs2b0t] listener error Error: not impl: reader.selfChat
    at notImpl (file:///rs2b0t/bot/shim/_kernel.js:5:5)
    at Object.get (file:///rs2b0t/bot/shim/_kernel.js:17:19)
    at DuelArena.observeFightState (file:///rs2b0t/bot/scripts/bot/bot.js:288:70)
    at file:///rs2b0t/bot/scripts/bot/bot.js:93:63
    at globalThis.__rs2b0t_fire_tick_listeners (file:///rs2b0t/bot/runtime/BotHost.js:14:13)
    at globalThis.__rs2b0t_pump (file:///rs2b0t/bot/api/execution/Execution.js:107:37)
[rs2b0t] listener error Error: not impl: reader.selfChat
    at notImpl (file:///rs2b0t/bot/shim/_kernel.js:5:5)
    at Object.get (file:///rs2b0t/bot/shim/_kernel.js:17:19)
    at DuelArena.observeFightState (file:///rs2b0t/bot/scripts/bot/bot.js:288:70)
    at file:///rs2b0t/bot/scripts/bot/bot.js:93:63
    at globalThis.__rs2b0t_fire_tick_listeners (file:///rs2b0t/bot/runtime/BotHost.js:14:13)
    at globalThis.__rs2b0t_tick_async (file:///rs2b0t/bot/scripts/bot/main.js:15:37)
    at globalThis.__rs_tick (file:///rs2b0t/bot/scripts/bot/main.js:8:16)
[script livejleo1e_1] [rs2b0t] listener error not impl: reader.selfChat
[script livejleo1e_0] [rs2b0t] listener error not impl: reader.selfChat
[rs2b0t] listener error Error: not impl: reader.selfChat
    at notImpl (file:///rs2b0t/bot/shim/_kernel.js:5:5)
    at Object.get (file:///rs2b0t/bot/shim/_kernel.js:17:19)
    at DuelArena.observeFightState (file:///rs2b0t/bot/scripts/bot/bot.js:288:70)
    at file:///rs2b0t/bot/scripts/bot/bot.js:93:63
    at globalThis.__rs2b0t_fire_tick_listeners (file:///rs2b0t/bot/runtime/BotHost.js:14:13)
    at globalThis.__rs2b0t_tick_async (file:///rs2b0t/bot/scripts/bot/main.js:15:37)
    at globalThis.__rs_tick (file:///rs2b0t/bot/scripts/bot/main.js:8:16)
[rs2b0t] listener error Error: not impl: reader.selfChat
    at notImpl (file:///rs2b0t/bot/shim/_kernel.js:5:5)
    at Object.get (file:///rs2b0t/bot/shim/_kernel.js:17:19)
    at DuelArena.observeFightState (file:///rs2b0t/bot/scripts/bot/bot.js:288:70)
    at file:///rs2b0t/bot/scripts/bot/bot.js:93:63
    at globalThis.__rs2b0t_fire_tick_listeners (file:///rs2b0t/bot/runtime/BotHost.js:14:13)
    at globalThis.__rs2b0t_pump (file:///rs2b0t/bot/api/execution/Execution.js:107:37)
[script livejleo1e_1] [rs2b0t] listener error not impl: reader.selfChat
[script livejleo1e_0] [rs2b0t] listener error not impl: reader.selfChat
[host] slot livejleo1e_0: d_loop_us=1513 d_raster_us=0 d_observe_us=53221 max_observe_us=8942 d_paints=0 d_skips=50 d_ticks=2 window_ms=1205
[host] slot livejleo1e_1: d_loop_us=1790 d_raster_us=0 d_observe_us=52492 max_observe_us=8508 d_paints=0 d_skips=50 d_ticks=2 window_ms=1192
[rs2b0t] listener error Error: not impl: reader.selfChat
    at notImpl (file:///rs2b0t/bot/shim/_kernel.js:5:5)
    at Object.get (file:///rs2b0t/bot/shim/_kernel.js:17:19)
    at DuelArena.observeFightState (file:///rs2b0t/bot/scripts/bot/bot.js:288:70)
    at file:///rs2b0t/bot/scripts/bot/bot.js:93:63
    at globalThis.__rs2b0t_fire_tick_listeners (file:///rs2b0t/bot/runtime/BotHost.js:14:13)
    at globalThis.__rs2b0t_pump (file:///rs2b0t/bot/api/execution/Execution.js:107:37)
[rs2b0t] listener error Error: not impl: reader.selfChat
    at notImpl (file:///rs2b0t/bot/shim/_kernel.js:5:5)
    at Object.get (file:///rs2b0t/bot/shim/_kernel.js:17:19)
    at DuelArena.observeFightState (file:///rs2b0t/bot/scripts/bot/bot.js:288:70)
    at file:///rs2b0t/bot/scripts/bot/bot.js:93:63
    at globalThis.__rs2b0t_fire_tick_listeners (file:///rs2b0t/bot/runtime/BotHost.js:14:13)
    at globalThis.__rs2b0t_tick_async (file:///rs2b0t/bot/scripts/bot/main.js:15:37)
    at globalThis.__rs_tick (file:///rs2b0t/bot/scripts/bot/main.js:8:16)
[script livejleo1e_1] [rs2b0t] listener error not impl: reader.selfChat
[script livejleo1e_0] [rs2b0t] listener error not impl: reader.selfChat
[rs2b0t] listener error Error: not impl: reader.selfChat
    at notImpl (file:///rs2b0t/bot/shim/_kernel.js:5:5)
    at Object.get (file:///rs2b0t/bot/shim/_kernel.js:17:19)
    at DuelArena.observeFightState (file:///rs2b0t/bot/scripts/bot/bot.js:288:70)
    at file:///rs2b0t/bot/scripts/bot/bot.js:93:63
    at globalThis.__rs2b0t_fire_tick_listeners (file:///rs2b0t/bot/runtime/BotHost.js:14:13)
    at globalThis.__rs2b0t_tick_async (file:///rs2b0t/bot/scripts/bot/main.js:15:37)
    at globalThis.__rs_tick (file:///rs2b0t/bot/scripts/bot/main.js:8:16)
[rs2b0t] listener error Error: not impl: reader.selfChat
    at notImpl (file:///rs2b0t/bot/shim/_kernel.js:5:5)
    at Object.get (file:///rs2b0t/bot/shim/_kernel.js:17:19)
    at DuelArena.observeFightState (file:///rs2b0t/bot/scripts/bot/bot.js:288:70)
    at file:///rs2b0t/bot/scripts/bot/bot.js:93:63
    at globalThis.__rs2b0t_fire_tick_listeners (file:///rs2b0t/bot/runtime/BotHost.js:14:13)
    at globalThis.__rs2b0t_pump (file:///rs2b0t/bot/api/execution/Execution.js:107:37)
[script livejleo1e_1] [rs2b0t] listener error not impl: reader.selfChat
[script livejleo1e_0] [rs2b0t] listener error not impl: reader.selfChat
[host] slot livejleo1e_0: d_loop_us=850 d_raster_us=0 d_observe_us=47757 max_observe_us=8649 d_paints=0 d_skips=50 d_ticks=2 window_ms=1213
[host] slot livejleo1e_1: d_loop_us=875 d_raster_us=0 d_observe_us=55202 max_observe_us=10621 d_paints=0 d_skips=50 d_ticks=2 window_ms=1216
[rs2b0t] listener error Error: not impl: reader.selfChat
    at notImpl (file:///rs2b0t/bot/shim/_kernel.js:5:5)
    at Object.get (file:///rs2b0t/bot/shim/_kernel.js:17:19)
    at DuelArena.observeFightState (file:///rs2b0t/bot/scripts/bot/bot.js:288:70)
    at file:///rs2b0t/bot/scripts/bot/bot.js:93:63
    at globalThis.__rs2b0t_fire_tick_listeners (file:///rs2b0t/bot/runtime/BotHost.js:14:13)
    at globalThis.__rs2b0t_pump (file:///rs2b0t/bot/api/execution/Execution.js:107:37)
[script livejleo1e_1] [rs2b0t] listener error not impl: reader.selfChat
[rs2b0t] listener error Error: not impl: reader.selfChat
    at notImpl (file:///rs2b0t/bot/shim/_kernel.js:5:5)
    at Object.get (file:///rs2b0t/bot/shim/_kernel.js:17:19)
    at DuelArena.observeFightState (file:///rs2b0t/bot/scripts/bot/bot.js:288:70)
    at file:///rs2b0t/bot/scripts/bot/bot.js:93:63
    at globalThis.__rs2b0t_fire_tick_listeners (file:///rs2b0t/bot/runtime/BotHost.js:14:13)
    at globalThis.__rs2b0t_tick_async (file:///rs2b0t/bot/scripts/bot/main.js:15:37)
    at globalThis.__rs_tick (file:///rs2b0t/bot/scripts/bot/main.js:8:16)
[script livejleo1e_0] [rs2b0t] listener error not impl: reader.selfChat
[rs2b0t] listener error Error: not impl: reader.selfChat
    at notImpl (file:///rs2b0t/bot/shim/_kernel.js:5:5)
    at Object.get (file:///rs2b0t/bot/shim/_kernel.js:17:19)
    at DuelArena.observeFightState (file:///rs2b0t/bot/scripts/bot/bot.js:288:70)
    at file:///rs2b0t/bot/scripts/bot/bot.js:93:63
    at globalThis.__rs2b0t_fire_tick_listeners (file:///rs2b0t/bot/runtime/BotHost.js:14:13)
    at globalThis.__rs2b0t_tick_async (file:///rs2b0t/bot/scripts/bot/main.js:15:37)
    at globalThis.__rs_tick (file:///rs2b0t/bot/scripts/bot/main.js:8:16)
[rs2b0t] listener error Error: not impl: reader.selfChat
    at notImpl (file:///rs2b0t/bot/shim/_kernel.js:5:5)
    at Object.get (file:///rs2b0t/bot/shim/_kernel.js:17:19)
    at DuelArena.observeFightState (file:///rs2b0t/bot/scripts/bot/bot.js:288:70)
    at file:///rs2b0t/bot/scripts/bot/bot.js:93:63
    at globalThis.__rs2b0t_fire_tick_listeners (file:///rs2b0t/bot/runtime/BotHost.js:14:13)
    at globalThis.__rs2b0t_pump (file:///rs2b0t/bot/api/execution/Execution.js:107:37)
[script livejleo1e_1] [rs2b0t] listener error not impl: reader.selfChat
[script livejleo1e_0] [rs2b0t] listener error not impl: reader.selfChat
[host] slot livejleo1e_0: d_loop_us=1131 d_raster_us=0 d_observe_us=51791 max_observe_us=9363 d_paints=0 d_skips=50 d_ticks=2 window_ms=1198
[host] slot livejleo1e_1: d_loop_us=962 d_raster_us=0 d_observe_us=53056 max_observe_us=10433 d_paints=0 d_skips=50 d_ticks=2 window_ms=1198
[rs2b0t] listener error Error: not impl: reader.selfChat
    at notImpl (file:///rs2b0t/bot/shim/_kernel.js:5:5)
    at Object.get (file:///rs2b0t/bot/shim/_kernel.js:17:19)
    at DuelArena.observeFightState (file:///rs2b0t/bot/scripts/bot/bot.js:288:70)
    at file:///rs2b0t/bot/scripts/bot/bot.js:93:63
    at globalThis.__rs2b0t_fire_tick_listeners (file:///rs2b0t/bot/runtime/BotHost.js:14:13)
    at globalThis.__rs2b0t_tick_async (file:///rs2b0t/bot/scripts/bot/main.js:15:37)
    at globalThis.__rs_tick (file:///rs2b0t/bot/scripts/bot/main.js:8:16)
[rs2b0t] listener error Error: not impl: reader.selfChat
    at notImpl (file:///rs2b0t/bot/shim/_kernel.js:5:5)
    at Object.get (file:///rs2b0t/bot/shim/_kernel.js:17:19)
    at DuelArena.observeFightState (file:///rs2b0t/bot/scripts/bot/bot.js:288:70)
    at file:///rs2b0t/bot/scripts/bot/bot.js:93:63
    at globalThis.__rs2b0t_fire_tick_listeners (file:///rs2b0t/bot/runtime/BotHost.js:14:13)
    at globalThis.__rs2b0t_pump (file:///rs2b0t/bot/api/execution/Execution.js:107:37)
[script livejleo1e_0] [rs2b0t] listener error not impl: reader.selfChat
[script livejleo1e_1] [rs2b0t] listener error not impl: reader.selfChat
[rs2b0t] listener error Error: not impl: reader.selfChat
    at notImpl (file:///rs2b0t/bot/shim/_kernel.js:5:5)
    at Object.get (file:///rs2b0t/bot/shim/_kernel.js:17:19)
    at DuelArena.observeFightState (file:///rs2b0t/bot/scripts/bot/bot.js:288:70)
    at file:///rs2b0t/bot/scripts/bot/bot.js:93:63
    at globalThis.__rs2b0t_fire_tick_listeners (file:///rs2b0t/bot/runtime/BotHost.js:14:13)
    at globalThis.__rs2b0t_pump (file:///rs2b0t/bot/api/execution/Execution.js:107:37)
[rs2b0t] listener error Error: not impl: reader.selfChat
    at notImpl (file:///rs2b0t/bot/shim/_kernel.js:5:5)
    at Object.get (file:///rs2b0t/bot/shim/_kernel.js:17:19)
    at DuelArena.observeFightState (file:///rs2b0t/bot/scripts/bot/bot.js:288:70)
    at file:///rs2b0t/bot/scripts/bot/bot.js:93:63
    at globalThis.__rs2b0t_fire_tick_listeners (file:///rs2b0t/bot/runtime/BotHost.js:14:13)
    at globalThis.__rs2b0t_tick_async (file:///rs2b0t/bot/scripts/bot/main.js:15:37)
    at globalThis.__rs_tick (file:///rs2b0t/bot/scripts/bot/main.js:8:16)
[script livejleo1e_0] [rs2b0t] listener error not impl: reader.selfChat
[script livejleo1e_1] [rs2b0t] listener error not impl: reader.selfChat
[host] slot livejleo1e_0: d_loop_us=1028 d_raster_us=0 d_observe_us=54662 max_observe_us=9264 d_paints=0 d_skips=50 d_ticks=2 window_ms=1205
[host] slot livejleo1e_1: d_loop_us=977 d_raster_us=0 d_observe_us=52735 max_observe_us=9229 d_paints=0 d_skips=50 d_ticks=2 window_ms=1208
[rs2b0t] listener error Error: not impl: reader.selfChat
    at notImpl (file:///rs2b0t/bot/shim/_kernel.js:5:5)
    at Object.get (file:///rs2b0t/bot/shim/_kernel.js:17:19)
    at DuelArena.observeFightState (file:///rs2b0t/bot/scripts/bot/bot.js:288:70)
    at file:///rs2b0t/bot/scripts/bot/bot.js:93:63
    at globalThis.__rs2b0t_fire_tick_listeners (file:///rs2b0t/bot/runtime/BotHost.js:14:13)
    at globalThis.__rs2b0t_pump (file:///rs2b0t/bot/api/execution/Execution.js:107:37)
[script livejleo1e_1] [rs2b0t] listener error not impl: reader.selfChat
[rs2b0t] listener error Error: not impl: reader.selfChat
    at notImpl (file:///rs2b0t/bot/shim/_kernel.js:5:5)
    at Object.get (file:///rs2b0t/bot/shim/_kernel.js:17:19)
    at DuelArena.observeFightState (file:///rs2b0t/bot/scripts/bot/bot.js:288:70)
    at file:///rs2b0t/bot/scripts/bot/bot.js:93:63
    at globalThis.__rs2b0t_fire_tick_listeners (file:///rs2b0t/bot/runtime/BotHost.js:14:13)
    at globalThis.__rs2b0t_tick_async (file:///rs2b0t/bot/scripts/bot/main.js:15:37)
    at globalThis.__rs_tick (file:///rs2b0t/bot/scripts/bot/main.js:8:16)
[script livejleo1e_0] [rs2b0t] listener error not impl: reader.selfChat
[rs2b0t] listener error Error: not impl: reader.selfChat
    at notImpl (file:///rs2b0t/bot/shim/_kernel.js:5:5)
    at Object.get (file:///rs2b0t/bot/shim/_kernel.js:17:19)
    at DuelArena.observeFightState (file:///rs2b0t/bot/scripts/bot/bot.js:288:70)
    at file:///rs2b0t/bot/scripts/bot/bot.js:93:63
    at globalThis.__rs2b0t_fire_tick_listeners (file:///rs2b0t/bot/runtime/BotHost.js:14:13)
    at globalThis.__rs2b0t_pump (file:///rs2b0t/bot/api/execution/Execution.js:107:37)
[script livejleo1e_0] [rs2b0t] listener error not impl: reader.selfChat
[rs2b0t] listener error Error: not impl: reader.selfChat
    at notImpl (file:///rs2b0t/bot/shim/_kernel.js:5:5)
    at Object.get (file:///rs2b0t/bot/shim/_kernel.js:17:19)
    at DuelArena.observeFightState (file:///rs2b0t/bot/scripts/bot/bot.js:288:70)
    at file:///rs2b0t/bot/scripts/bot/bot.js:93:63
    at globalThis.__rs2b0t_fire_tick_listeners (file:///rs2b0t/bot/runtime/BotHost.js:14:13)
    at globalThis.__rs2b0t_tick_async (file:///rs2b0t/bot/scripts/bot/main.js:15:37)
    at globalThis.__rs_tick (file:///rs2b0t/bot/scripts/bot/main.js:8:16)
[script livejleo1e_1] [rs2b0t] listener error not impl: reader.selfChat
[host] slot livejleo1e_0: d_loop_us=1084 d_raster_us=0 d_observe_us=56854 max_observe_us=10731 d_paints=0 d_skips=50 d_ticks=2 window_ms=1206
[host] slot livejleo1e_1: d_loop_us=980 d_raster_us=0 d_observe_us=56828 max_observe_us=9892 d_paints=0 d_skips=50 d_ticks=2 window_ms=1176
[rs2b0t] listener error Error: not impl: reader.selfChat
    at notImpl (file:///rs2b0t/bot/shim/_kernel.js:5:5)
    at Object.get (file:///rs2b0t/bot/shim/_kernel.js:17:19)
    at DuelArena.observeFightState (file:///rs2b0t/bot/scripts/bot/bot.js:288:70)
    at file:///rs2b0t/bot/scripts/bot/bot.js:93:63
    at globalThis.__rs2b0t_fire_tick_listeners (file:///rs2b0t/bot/runtime/BotHost.js:14:13)
    at globalThis.__rs2b0t_pump (file:///rs2b0t/bot/api/execution/Execution.js:107:37)
[rs2b0t] listener error Error: not impl: reader.selfChat
    at notImpl (file:///rs2b0t/bot/shim/_kernel.js:5:5)
    at Object.get (file:///rs2b0t/bot/shim/_kernel.js:17:19)
    at DuelArena.observeFightState (file:///rs2b0t/bot/scripts/bot/bot.js:288:70)
    at file:///rs2b0t/bot/scripts/bot/bot.js:93:63
    at globalThis.__rs2b0t_fire_tick_listeners (file:///rs2b0t/bot/runtime/BotHost.js:14:13)
    at globalThis.__rs2b0t_tick_async (file:///rs2b0t/bot/scripts/bot/main.js:15:37)
    at globalThis.__rs_tick (file:///rs2b0t/bot/scripts/bot/main.js:8:16)
[script livejleo1e_1] [rs2b0t] listener error not impl: reader.selfChat
[script livejleo1e_0] [rs2b0t] listener error not impl: reader.selfChat
[rs2b0t] listener error Error: not impl: reader.selfChat
    at notImpl (file:///rs2b0t/bot/shim/_kernel.js:5:5)
    at Object.get (file:///rs2b0t/bot/shim/_kernel.js:17:19)
    at DuelArena.observeFightState (file:///rs2b0t/bot/scripts/bot/bot.js:288:70)
    at file:///rs2b0t/bot/scripts/bot/bot.js:93:63
    at globalThis.__rs2b0t_fire_tick_listeners (file:///rs2b0t/bot/runtime/BotHost.js:14:13)
    at globalThis.__rs2b0t_pump (file:///rs2b0t/bot/api/execution/Execution.js:107:37)
[rs2b0t] listener error Error: not impl: reader.selfChat
    at notImpl (file:///rs2b0t/bot/shim/_kernel.js:5:5)
    at Object.get (file:///rs2b0t/bot/shim/_kernel.js:17:19)
    at DuelArena.observeFightState (file:///rs2b0t/bot/scripts/bot/bot.js:288:70)
    at file:///rs2b0t/bot/scripts/bot/bot.js:93:63
    at globalThis.__rs2b0t_fire_tick_listeners (file:///rs2b0t/bot/runtime/BotHost.js:14:13)
    at globalThis.__rs2b0t_tick_async (file:///rs2b0t/bot/scripts/bot/main.js:15:37)
    at globalThis.__rs_tick (file:///rs2b0t/bot/scripts/bot/main.js:8:16)
[script livejleo1e_0] [rs2b0t] listener error not impl: reader.selfChat
[script livejleo1e_1] [rs2b0t] listener error not impl: reader.selfChat
[host] slot livejleo1e_0: d_loop_us=733 d_raster_us=0 d_observe_us=45853 max_observe_us=10688 d_paints=0 d_skips=50 d_ticks=2 window_ms=1191
[host] slot livejleo1e_1: d_loop_us=736 d_raster_us=0 d_observe_us=44998 max_observe_us=11024 d_paints=0 d_skips=50 d_ticks=2 window_ms=1207
[rs2b0t] listener error Error: not impl: reader.selfChat
    at notImpl (file:///rs2b0t/bot/shim/_kernel.js:5:5)
    at Object.get (file:///rs2b0t/bot/shim/_kernel.js:17:19)
    at DuelArena.observeFightState (file:///rs2b0t/bot/scripts/bot/bot.js:288:70)
    at file:///rs2b0t/bot/scripts/bot/bot.js:93:63
    at globalThis.__rs2b0t_fire_tick_listeners (file:///rs2b0t/bot/runtime/BotHost.js:14:13)
    at globalThis.__rs2b0t_pump (file:///rs2b0t/bot/api/execution/Execution.js:107:37)
[rs2b0t] listener error Error: not impl: reader.selfChat
    at notImpl (file:///rs2b0t/bot/shim/_kernel.js:5:5)
    at Object.get (file:///rs2b0t/bot/shim/_kernel.js:17:19)
    at DuelArena.observeFightState (file:///rs2b0t/bot/scripts/bot/bot.js:288:70)
    at file:///rs2b0t/bot/scripts/bot/bot.js:93:63
    at globalThis.__rs2b0t_fire_tick_listeners (file:///rs2b0t/bot/runtime/BotHost.js:14:13)
    at globalThis.__rs2b0t_tick_async (file:///rs2b0t/bot/scripts/bot/main.js:15:37)
    at globalThis.__rs_tick (file:///rs2b0t/bot/scripts/bot/main.js:8:16)
[script livejleo1e_1] [rs2b0t] listener error not impl: reader.selfChat
[script livejleo1e_0] [rs2b0t] listener error not impl: reader.selfChat
[rs2b0t] listener error Error: not impl: reader.selfChat
    at notImpl (file:///rs2b0t/bot/shim/_kernel.js:5:5)
    at Object.get (file:///rs2b0t/bot/shim/_kernel.js:17:19)
    at DuelArena.observeFightState (file:///rs2b0t/bot/scripts/bot/bot.js:288:70)
    at file:///rs2b0t/bot/scripts/bot/bot.js:93:63
    at globalThis.__rs2b0t_fire_tick_listeners (file:///rs2b0t/bot/runtime/BotHost.js:14:13)
    at globalThis.__rs2b0t_pump (file:///rs2b0t/bot/api/execution/Execution.js:107:37)
test paired_catalog_duel_live has been running for over 60 seconds
[rs2b0t] listener error Error: not impl: reader.selfChat
    at notImpl (file:///rs2b0t/bot/shim/_kernel.js:5:5)
    at Object.get (file:///rs2b0t/bot/shim/_kernel.js:17:19)
    at DuelArena.observeFightState (file:///rs2b0t/bot/scripts/bot/bot.js:288:70)
    at file:///rs2b0t/bot/scripts/bot/bot.js:93:63
    at globalThis.__rs2b0t_fire_tick_listeners (file:///rs2b0t/bot/runtime/BotHost.js:14:13)
    at globalThis.__rs2b0t_tick_async (file:///rs2b0t/bot/scripts/bot/main.js:15:37)
    at globalThis.__rs_tick (file:///rs2b0t/bot/scripts/bot/main.js:8:16)
[script livejleo1e_0] [rs2b0t] listener error not impl: reader.selfChat
[script livejleo1e_1] [rs2b0t] listener error not impl: reader.selfChat
[host] slot livejleo1e_0: d_loop_us=730 d_raster_us=0 d_observe_us=45894 max_observe_us=9366 d_paints=0 d_skips=50 d_ticks=2 window_ms=1213
[host] slot livejleo1e_1: d_loop_us=758 d_raster_us=0 d_observe_us=43783 max_observe_us=7943 d_paints=0 d_skips=50 d_ticks=2 window_ms=1196
[rs2b0t] listener error Error: not impl: reader.selfChat
    at notImpl (file:///rs2b0t/bot/shim/_kernel.js:5:5)
    at Object.get (file:///rs2b0t/bot/shim/_kernel.js:17:19)
    at DuelArena.observeFightState (file:///rs2b0t/bot/scripts/bot/bot.js:288:70)
    at file:///rs2b0t/bot/scripts/bot/bot.js:93:63
    at globalThis.__rs2b0t_fire_tick_listeners (file:///rs2b0t/bot/runtime/BotHost.js:14:13)
    at globalThis.__rs2b0t_tick_async (file:///rs2b0t/bot/scripts/bot/main.js:15:37)
    at globalThis.__rs_tick (file:///rs2b0t/bot/scripts/bot/main.js:8:16)
[rs2b0t] listener error Error: not impl: reader.selfChat
    at notImpl (file:///rs2b0t/bot/shim/_kernel.js:5:5)
    at Object.get (file:///rs2b0t/bot/shim/_kernel.js:17:19)
    at DuelArena.observeFightState (file:///rs2b0t/bot/scripts/bot/bot.js:288:70)
    at file:///rs2b0t/bot/scripts/bot/bot.js:93:63
    at globalThis.__rs2b0t_fire_tick_listeners (file:///rs2b0t/bot/runtime/BotHost.js:14:13)
    at globalThis.__rs2b0t_pump (file:///rs2b0t/bot/api/execution/Execution.js:107:37)
[script livejleo1e_0] [rs2b0t] listener error not impl: reader.selfChat
[script livejleo1e_1] [rs2b0t] listener error not impl: reader.selfChat
[rs2b0t] listener error Error: not impl: reader.selfChat
    at notImpl (file:///rs2b0t/bot/shim/_kernel.js:5:5)
    at Object.get (file:///rs2b0t/bot/shim/_kernel.js:17:19)
    at DuelArena.observeFightState (file:///rs2b0t/bot/scripts/bot/bot.js:288:70)
    at file:///rs2b0t/bot/scripts/bot/bot.js:93:63
    at globalThis.__rs2b0t_fire_tick_listeners (file:///rs2b0t/bot/runtime/BotHost.js:14:13)
    at globalThis.__rs2b0t_tick_async (file:///rs2b0t/bot/scripts/bot/main.js:15:37)
    at globalThis.__rs_tick (file:///rs2b0t/bot/scripts/bot/main.js:8:16)
[rs2b0t] listener error Error: not impl: reader.selfChat
    at notImpl (file:///rs2b0t/bot/shim/_kernel.js:5:5)
    at Object.get (file:///rs2b0t/bot/shim/_kernel.js:17:19)
    at DuelArena.observeFightState (file:///rs2b0t/bot/scripts/bot/bot.js:288:70)
    at file:///rs2b0t/bot/scripts/bot/bot.js:93:63
    at globalThis.__rs2b0t_fire_tick_listeners (file:///rs2b0t/bot/runtime/BotHost.js:14:13)
    at globalThis.__rs2b0t_pump (file:///rs2b0t/bot/api/execution/Execution.js:107:37)
[script livejleo1e_1] [rs2b0t] listener error not impl: reader.selfChat
[script livejleo1e_0] [rs2b0t] listener error not impl: reader.selfChat
[host] slot livejleo1e_0: d_loop_us=886 d_raster_us=0 d_observe_us=47227 max_observe_us=8349 d_paints=0 d_skips=50 d_ticks=2 window_ms=1213
[host] slot livejleo1e_1: d_loop_us=749 d_raster_us=0 d_observe_us=46238 max_observe_us=8697 d_paints=0 d_skips=50 d_ticks=2 window_ms=1197
[rs2b0t] listener error Error: not impl: reader.selfChat
    at notImpl (file:///rs2b0t/bot/shim/_kernel.js:5:5)
    at Object.get (file:///rs2b0t/bot/shim/_kernel.js:17:19)
    at DuelArena.observeFightState (file:///rs2b0t/bot/scripts/bot/bot.js:288:70)
    at file:///rs2b0t/bot/scripts/bot/bot.js:93:63
    at globalThis.__rs2b0t_fire_tick_listeners (file:///rs2b0t/bot/runtime/BotHost.js:14:13)
    at globalThis.__rs2b0t_pump (file:///rs2b0t/bot/api/execution/Execution.js:107:37)
[rs2b0t] listener error Error: not impl: reader.selfChat
    at notImpl (file:///rs2b0t/bot/shim/_kernel.js:5:5)
    at Object.get (file:///rs2b0t/bot/shim/_kernel.js:17:19)
    at DuelArena.observeFightState (file:///rs2b0t/bot/scripts/bot/bot.js:288:70)
    at file:///rs2b0t/bot/scripts/bot/bot.js:93:63
    at globalThis.__rs2b0t_fire_tick_listeners (file:///rs2b0t/bot/runtime/BotHost.js:14:13)
    at globalThis.__rs2b0t_tick_async (file:///rs2b0t/bot/scripts/bot/main.js:15:37)
    at globalThis.__rs_tick (file:///rs2b0t/bot/scripts/bot/main.js:8:16)
[script livejleo1e_1] [rs2b0t] listener error not impl: reader.selfChat
[script livejleo1e_0] [rs2b0t] listener error not impl: reader.selfChat
[rs2b0t] listener error Error: not impl: reader.selfChat
    at notImpl (file:///rs2b0t/bot/shim/_kernel.js:5:5)
    at Object.get (file:///rs2b0t/bot/shim/_kernel.js:17:19)
    at DuelArena.observeFightState (file:///rs2b0t/bot/scripts/bot/bot.js:288:70)
    at file:///rs2b0t/bot/scripts/bot/bot.js:93:63
    at globalThis.__rs2b0t_fire_tick_listeners (file:///rs2b0t/bot/runtime/BotHost.js:14:13)
    at globalThis.__rs2b0t_pump (file:///rs2b0t/bot/api/execution/Execution.js:107:37)
[rs2b0t] listener error Error: not impl: reader.selfChat
    at notImpl (file:///rs2b0t/bot/shim/_kernel.js:5:5)
    at Object.get (file:///rs2b0t/bot/shim/_kernel.js:17:19)
    at DuelArena.observeFightState (file:///rs2b0t/bot/scripts/bot/bot.js:288:70)
    at file:///rs2b0t/bot/scripts/bot/bot.js:93:63
    at globalThis.__rs2b0t_fire_tick_listeners (file:///rs2b0t/bot/runtime/BotHost.js:14:13)
    at globalThis.__rs2b0t_tick_async (file:///rs2b0t/bot/scripts/bot/main.js:15:37)
    at globalThis.__rs_tick (file:///rs2b0t/bot/scripts/bot/main.js:8:16)
[script livejleo1e_0] [rs2b0t] listener error not impl: reader.selfChat
[script livejleo1e_1] [rs2b0t] listener error not impl: reader.selfChat
[host] slot livejleo1e_0: d_loop_us=687 d_raster_us=0 d_observe_us=43011 max_observe_us=7583 d_paints=0 d_skips=50 d_ticks=2 window_ms=1199
[host] slot livejleo1e_1: d_loop_us=694 d_raster_us=0 d_observe_us=43089 max_observe_us=6900 d_paints=0 d_skips=50 d_ticks=2 window_ms=1187
[rs2b0t] listener error Error: not impl: reader.selfChat
    at notImpl (file:///rs2b0t/bot/shim/_kernel.js:5:5)
    at Object.get (file:///rs2b0t/bot/shim/_kernel.js:17:19)
    at DuelArena.observeFightState (file:///rs2b0t/bot/scripts/bot/bot.js:288:70)
    at file:///rs2b0t/bot/scripts/bot/bot.js:93:63
    at globalThis.__rs2b0t_fire_tick_listeners (file:///rs2b0t/bot/runtime/BotHost.js:14:13)
    at globalThis.__rs2b0t_tick_async (file:///rs2b0t/bot/scripts/bot/main.js:15:37)
    at globalThis.__rs_tick (file:///rs2b0t/bot/scripts/bot/main.js:8:16)
[rs2b0t] listener error Error: not impl: reader.selfChat
    at notImpl (file:///rs2b0t/bot/shim/_kernel.js:5:5)
    at Object.get (file:///rs2b0t/bot/shim/_kernel.js:17:19)
    at DuelArena.observeFightState (file:///rs2b0t/bot/scripts/bot/bot.js:288:70)
    at file:///rs2b0t/bot/scripts/bot/bot.js:93:63
    at globalThis.__rs2b0t_fire_tick_listeners (file:///rs2b0t/bot/runtime/BotHost.js:14:13)
    at globalThis.__rs2b0t_pump (file:///rs2b0t/bot/api/execution/Execution.js:107:37)
[script livejleo1e_0] [rs2b0t] listener error not impl: reader.selfChat
[script livejleo1e_1] [rs2b0t] listener error not impl: reader.selfChat
[rs2b0t] listener error Error: not impl: reader.selfChat
    at notImpl (file:///rs2b0t/bot/shim/_kernel.js:5:5)
    at Object.get (file:///rs2b0t/bot/shim/_kernel.js:17:19)
    at DuelArena.observeFightState (file:///rs2b0t/bot/scripts/bot/bot.js:288:70)
    at file:///rs2b0t/bot/scripts/bot/bot.js:93:63
    at globalThis.__rs2b0t_fire_tick_listeners (file:///rs2b0t/bot/runtime/BotHost.js:14:13)
    at globalThis.__rs2b0t_pump (file:///rs2b0t/bot/api/execution/Execution.js:107:37)
[rs2b0t] listener error Error: not impl: reader.selfChat
    at notImpl (file:///rs2b0t/bot/shim/_kernel.js:5:5)
    at Object.get (file:///rs2b0t/bot/shim/_kernel.js:17:19)
    at DuelArena.observeFightState (file:///rs2b0t/bot/scripts/bot/bot.js:288:70)
    at file:///rs2b0t/bot/scripts/bot/bot.js:93:63
    at globalThis.__rs2b0t_fire_tick_listeners (file:///rs2b0t/bot/runtime/BotHost.js:14:13)
    at globalThis.__rs2b0t_tick_async (file:///rs2b0t/bot/scripts/bot/main.js:15:37)
    at globalThis.__rs_tick (file:///rs2b0t/bot/scripts/bot/main.js:8:16)
[script livejleo1e_0] [rs2b0t] listener error not impl: reader.selfChat
[script livejleo1e_1] [rs2b0t] listener error not impl: reader.selfChat
[host] slot livejleo1e_0: d_loop_us=819 d_raster_us=0 d_observe_us=54835 max_observe_us=9827 d_paints=0 d_skips=50 d_ticks=2 window_ms=1208
[host] slot livejleo1e_1: d_loop_us=779 d_raster_us=0 d_observe_us=54528 max_observe_us=9778 d_paints=0 d_skips=50 d_ticks=2 window_ms=1197
[rs2b0t] listener error Error: not impl: reader.selfChat
    at notImpl (file:///rs2b0t/bot/shim/_kernel.js:5:5)
    at Object.get (file:///rs2b0t/bot/shim/_kernel.js:17:19)
    at DuelArena.observeFightState (file:///rs2b0t/bot/scripts/bot/bot.js:288:70)
    at file:///rs2b0t/bot/scripts/bot/bot.js:93:63
    at globalThis.__rs2b0t_fire_tick_listeners (file:///rs2b0t/bot/runtime/BotHost.js:14:13)
    at globalThis.__rs2b0t_tick_async (file:///rs2b0t/bot/scripts/bot/main.js:15:37)
    at globalThis.__rs_tick (file:///rs2b0t/bot/scripts/bot/main.js:8:16)
[script livejleo1e_0] [rs2b0t] listener error not impl: reader.selfChat
[rs2b0t] listener error Error: not impl: reader.selfChat
    at notImpl (file:///rs2b0t/bot/shim/_kernel.js:5:5)
    at Object.get (file:///rs2b0t/bot/shim/_kernel.js:17:19)
    at DuelArena.observeFightState (file:///rs2b0t/bot/scripts/bot/bot.js:288:70)
    at file:///rs2b0t/bot/scripts/bot/bot.js:93:63
    at globalThis.__rs2b0t_fire_tick_listeners (file:///rs2b0t/bot/runtime/BotHost.js:14:13)
    at globalThis.__rs2b0t_pump (file:///rs2b0t/bot/api/execution/Execution.js:107:37)
[script livejleo1e_1] [rs2b0t] listener error not impl: reader.selfChat
[rs2b0t] listener error Error: not impl: reader.selfChat
    at notImpl (file:///rs2b0t/bot/shim/_kernel.js:5:5)
    at Object.get (file:///rs2b0t/bot/shim/_kernel.js:17:19)
    at DuelArena.observeFightState (file:///rs2b0t/bot/scripts/bot/bot.js:288:70)
    at file:///rs2b0t/bot/scripts/bot/bot.js:93:63
    at globalThis.__rs2b0t_fire_tick_listeners (file:///rs2b0t/bot/runtime/BotHost.js:14:13)
    at globalThis.__rs2b0t_tick_async (file:///rs2b0t/bot/scripts/bot/main.js:15:37)
    at globalThis.__rs_tick (file:///rs2b0t/bot/scripts/bot/main.js:8:16)
[rs2b0t] listener error Error: not impl: reader.selfChat
    at notImpl (file:///rs2b0t/bot/shim/_kernel.js:5:5)
    at Object.get (file:///rs2b0t/bot/shim/_kernel.js:17:19)
    at DuelArena.observeFightState (file:///rs2b0t/bot/scripts/bot/bot.js:288:70)
    at file:///rs2b0t/bot/scripts/bot/bot.js:93:63
    at globalThis.__rs2b0t_fire_tick_listeners (file:///rs2b0t/bot/runtime/BotHost.js:14:13)
    at globalThis.__rs2b0t_pump (file:///rs2b0t/bot/api/execution/Execution.js:107:37)
[script livejleo1e_1] [rs2b0t] listener error not impl: reader.selfChat
[script livejleo1e_0] [rs2b0t] listener error not impl: reader.selfChat
[host] slot livejleo1e_0: d_loop_us=837 d_raster_us=0 d_observe_us=57745 max_observe_us=11317 d_paints=0 d_skips=50 d_ticks=2 window_ms=1175
[host] slot livejleo1e_1: d_loop_us=871 d_raster_us=0 d_observe_us=60651 max_observe_us=10792 d_paints=0 d_skips=50 d_ticks=2 window_ms=1191
[rs2b0t] listener error Error: not impl: reader.selfChat
    at notImpl (file:///rs2b0t/bot/shim/_kernel.js:5:5)
    at Object.get (file:///rs2b0t/bot/shim/_kernel.js:17:19)
    at DuelArena.observeFightState (file:///rs2b0t/bot/scripts/bot/bot.js:288:70)
    at file:///rs2b0t/bot/scripts/bot/bot.js:93:63
    at globalThis.__rs2b0t_fire_tick_listeners (file:///rs2b0t/bot/runtime/BotHost.js:14:13)
    at globalThis.__rs2b0t_pump (file:///rs2b0t/bot/api/execution/Execution.js:107:37)
[script livejleo1e_1] [rs2b0t] listener error not impl: reader.selfChat
[rs2b0t] listener error Error: not impl: reader.selfChat
    at notImpl (file:///rs2b0t/bot/shim/_kernel.js:5:5)
    at Object.get (file:///rs2b0t/bot/shim/_kernel.js:17:19)
    at DuelArena.observeFightState (file:///rs2b0t/bot/scripts/bot/bot.js:288:70)
    at file:///rs2b0t/bot/scripts/bot/bot.js:93:63
    at globalThis.__rs2b0t_fire_tick_listeners (file:///rs2b0t/bot/runtime/BotHost.js:14:13)
    at globalThis.__rs2b0t_tick_async (file:///rs2b0t/bot/scripts/bot/main.js:15:37)
    at globalThis.__rs_tick (file:///rs2b0t/bot/scripts/bot/main.js:8:16)
[script livejleo1e_0] [rs2b0t] listener error not impl: reader.selfChat
[rs2b0t] listener error Error: not impl: reader.selfChat
    at notImpl (file:///rs2b0t/bot/shim/_kernel.js:5:5)
    at Object.get (file:///rs2b0t/bot/shim/_kernel.js:17:19)
    at DuelArena.observeFightState (file:///rs2b0t/bot/scripts/bot/bot.js:288:70)
    at file:///rs2b0t/bot/scripts/bot/bot.js:93:63
    at globalThis.__rs2b0t_fire_tick_listeners (file:///rs2b0t/bot/runtime/BotHost.js:14:13)
    at globalThis.__rs2b0t_tick_async (file:///rs2b0t/bot/scripts/bot/main.js:15:37)
    at globalThis.__rs_tick (file:///rs2b0t/bot/scripts/bot/main.js:8:16)
[script livejleo1e_1] [rs2b0t] listener error not impl: reader.selfChat
[rs2b0t] listener error Error: not impl: reader.selfChat
    at notImpl (file:///rs2b0t/bot/shim/_kernel.js:5:5)
    at Object.get (file:///rs2b0t/bot/shim/_kernel.js:17:19)
    at DuelArena.observeFightState (file:///rs2b0t/bot/scripts/bot/bot.js:288:70)
    at file:///rs2b0t/bot/scripts/bot/bot.js:93:63
    at globalThis.__rs2b0t_fire_tick_listeners (file:///rs2b0t/bot/runtime/BotHost.js:14:13)
    at globalThis.__rs2b0t_pump (file:///rs2b0t/bot/api/execution/Execution.js:107:37)
[script livejleo1e_0] [rs2b0t] listener error not impl: reader.selfChat
[host] slot livejleo1e_0: d_loop_us=801 d_raster_us=0 d_observe_us=52327 max_observe_us=8504 d_paints=0 d_skips=50 d_ticks=2 window_ms=1207
[host] slot livejleo1e_1: d_loop_us=754 d_raster_us=0 d_observe_us=56070 max_observe_us=10723 d_paints=0 d_skips=50 d_ticks=2 window_ms=1194
[rs2b0t] listener error Error: not impl: reader.selfChat
    at notImpl (file:///rs2b0t/bot/shim/_kernel.js:5:5)
    at Object.get (file:///rs2b0t/bot/shim/_kernel.js:17:19)
    at DuelArena.observeFightState (file:///rs2b0t/bot/scripts/bot/bot.js:288:70)
    at file:///rs2b0t/bot/scripts/bot/bot.js:93:63
    at globalThis.__rs2b0t_fire_tick_listeners (file:///rs2b0t/bot/runtime/BotHost.js:14:13)
    at globalThis.__rs2b0t_pump (file:///rs2b0t/bot/api/execution/Execution.js:107:37)
[rs2b0t] listener error Error: not impl: reader.selfChat
    at notImpl (file:///rs2b0t/bot/shim/_kernel.js:5:5)
    at Object.get (file:///rs2b0t/bot/shim/_kernel.js:17:19)
    at DuelArena.observeFightState (file:///rs2b0t/bot/scripts/bot/bot.js:288:70)
    at file:///rs2b0t/bot/scripts/bot/bot.js:93:63
    at globalThis.__rs2b0t_fire_tick_listeners (file:///rs2b0t/bot/runtime/BotHost.js:14:13)
    at globalThis.__rs2b0t_tick_async (file:///rs2b0t/bot/scripts/bot/main.js:15:37)
    at globalThis.__rs_tick (file:///rs2b0t/bot/scripts/bot/main.js:8:16)
[script livejleo1e_1] [rs2b0t] listener error not impl: reader.selfChat
[script livejleo1e_0] [rs2b0t] listener error not impl: reader.selfChat
[rs2b0t] listener error Error: not impl: reader.selfChat
    at notImpl (file:///rs2b0t/bot/shim/_kernel.js:5:5)
    at Object.get (file:///rs2b0t/bot/shim/_kernel.js:17:19)
    at DuelArena.observeFightState (file:///rs2b0t/bot/scripts/bot/bot.js:288:70)
    at file:///rs2b0t/bot/scripts/bot/bot.js:93:63
    at globalThis.__rs2b0t_fire_tick_listeners (file:///rs2b0t/bot/runtime/BotHost.js:14:13)
    at globalThis.__rs2b0t_tick_async (file:///rs2b0t/bot/scripts/bot/main.js:15:37)
    at globalThis.__rs_tick (file:///rs2b0t/bot/scripts/bot/main.js:8:16)
[script livejleo1e_1] [rs2b0t] listener error not impl: reader.selfChat
[rs2b0t] listener error Error: not impl: reader.selfChat
    at notImpl (file:///rs2b0t/bot/shim/_kernel.js:5:5)
    at Object.get (file:///rs2b0t/bot/shim/_kernel.js:17:19)
    at DuelArena.observeFightState (file:///rs2b0t/bot/scripts/bot/bot.js:288:70)
    at file:///rs2b0t/bot/scripts/bot/bot.js:93:63
    at globalThis.__rs2b0t_fire_tick_listeners (file:///rs2b0t/bot/runtime/BotHost.js:14:13)
    at globalThis.__rs2b0t_pump (file:///rs2b0t/bot/api/execution/Execution.js:107:37)
[script livejleo1e_0] [rs2b0t] listener error not impl: reader.selfChat
[host] slot livejleo1e_0: d_loop_us=754 d_raster_us=0 d_observe_us=48895 max_observe_us=9386 d_paints=0 d_skips=50 d_ticks=2 window_ms=1185
[host] slot livejleo1e_1: d_loop_us=789 d_raster_us=0 d_observe_us=49692 max_observe_us=9296 d_paints=0 d_skips=50 d_ticks=2 window_ms=1194
[rs2b0t] listener error Error: not impl: reader.selfChat
    at notImpl (file:///rs2b0t/bot/shim/_kernel.js:5:5)
    at Object.get (file:///rs2b0t/bot/shim/_kernel.js:17:19)
    at DuelArena.observeFightState (file:///rs2b0t/bot/scripts/bot/bot.js:288:70)
    at file:///rs2b0t/bot/scripts/bot/bot.js:93:63
    at globalThis.__rs2b0t_fire_tick_listeners (file:///rs2b0t/bot/runtime/BotHost.js:14:13)
    at globalThis.__rs2b0t_pump (file:///rs2b0t/bot/api/execution/Execution.js:107:37)
[script livejleo1e_1] [rs2b0t] listener error not impl: reader.selfChat
[rs2b0t] listener error Error: not impl: reader.selfChat
    at notImpl (file:///rs2b0t/bot/shim/_kernel.js:5:5)
    at Object.get (file:///rs2b0t/bot/shim/_kernel.js:17:19)
    at DuelArena.observeFightState (file:///rs2b0t/bot/scripts/bot/bot.js:288:70)
    at file:///rs2b0t/bot/scripts/bot/bot.js:93:63
    at globalThis.__rs2b0t_fire_tick_listeners (file:///rs2b0t/bot/runtime/BotHost.js:14:13)
    at globalThis.__rs2b0t_tick_async (file:///rs2b0t/bot/scripts/bot/main.js:15:37)
    at globalThis.__rs_tick (file:///rs2b0t/bot/scripts/bot/main.js:8:16)
[script livejleo1e_0] [rs2b0t] listener error not impl: reader.selfChat
[rs2b0t] listener error Error: not impl: reader.selfChat
    at notImpl (file:///rs2b0t/bot/shim/_kernel.js:5:5)
    at Object.get (file:///rs2b0t/bot/shim/_kernel.js:17:19)
    at DuelArena.observeFightState (file:///rs2b0t/bot/scripts/bot/bot.js:288:70)
    at file:///rs2b0t/bot/scripts/bot/bot.js:93:63
    at globalThis.__rs2b0t_fire_tick_listeners (file:///rs2b0t/bot/runtime/BotHost.js:14:13)
    at globalThis.__rs2b0t_pump (file:///rs2b0t/bot/api/execution/Execution.js:107:37)
[rs2b0t] listener error Error: not impl: reader.selfChat
    at notImpl (file:///rs2b0t/bot/shim/_kernel.js:5:5)
    at Object.get (file:///rs2b0t/bot/shim/_kernel.js:17:19)
    at DuelArena.observeFightState (file:///rs2b0t/bot/scripts/bot/bot.js:288:70)
    at file:///rs2b0t/bot/scripts/bot/bot.js:93:63
    at globalThis.__rs2b0t_fire_tick_listeners (file:///rs2b0t/bot/runtime/BotHost.js:14:13)
    at globalThis.__rs2b0t_tick_async (file:///rs2b0t/bot/scripts/bot/main.js:15:37)
    at globalThis.__rs_tick (file:///rs2b0t/bot/scripts/bot/main.js:8:16)
[script livejleo1e_0] [rs2b0t] listener error not impl: reader.selfChat
[script livejleo1e_1] [rs2b0t] listener error not impl: reader.selfChat
[host] slot livejleo1e_0: d_loop_us=946 d_raster_us=0 d_observe_us=53321 max_observe_us=10227 d_paints=0 d_skips=50 d_ticks=2 window_ms=1204
[host] slot livejleo1e_1: d_loop_us=933 d_raster_us=0 d_observe_us=50766 max_observe_us=8474 d_paints=0 d_skips=50 d_ticks=2 window_ms=1212
[rs2b0t] listener error Error: not impl: reader.selfChat
    at notImpl (file:///rs2b0t/bot/shim/_kernel.js:5:5)
    at Object.get (file:///rs2b0t/bot/shim/_kernel.js:17:19)
    at DuelArena.observeFightState (file:///rs2b0t/bot/scripts/bot/bot.js:288:70)
    at file:///rs2b0t/bot/scripts/bot/bot.js:93:63
    at globalThis.__rs2b0t_fire_tick_listeners (file:///rs2b0t/bot/runtime/BotHost.js:14:13)
    at globalThis.__rs2b0t_tick_async (file:///rs2b0t/bot/scripts/bot/main.js:15:37)
    at globalThis.__rs_tick (file:///rs2b0t/bot/scripts/bot/main.js:8:16)
[script livejleo1e_0] [rs2b0t] listener error not impl: reader.selfChat
[rs2b0t] listener error Error: not impl: reader.selfChat
    at notImpl (file:///rs2b0t/bot/shim/_kernel.js:5:5)
    at Object.get (file:///rs2b0t/bot/shim/_kernel.js:17:19)
    at DuelArena.observeFightState (file:///rs2b0t/bot/scripts/bot/bot.js:288:70)
    at file:///rs2b0t/bot/scripts/bot/bot.js:93:63
    at globalThis.__rs2b0t_fire_tick_listeners (file:///rs2b0t/bot/runtime/BotHost.js:14:13)
    at globalThis.__rs2b0t_pump (file:///rs2b0t/bot/api/execution/Execution.js:107:37)
[script livejleo1e_1] [rs2b0t] listener error not impl: reader.selfChat
[rs2b0t] listener error Error: not impl: reader.selfChat
    at notImpl (file:///rs2b0t/bot/shim/_kernel.js:5:5)
    at Object.get (file:///rs2b0t/bot/shim/_kernel.js:17:19)
    at DuelArena.observeFightState (file:///rs2b0t/bot/scripts/bot/bot.js:288:70)
    at file:///rs2b0t/bot/scripts/bot/bot.js:93:63
    at globalThis.__rs2b0t_fire_tick_listeners (file:///rs2b0t/bot/runtime/BotHost.js:14:13)
    at globalThis.__rs2b0t_pump (file:///rs2b0t/bot/api/execution/Execution.js:107:37)
[script livejleo1e_0] [rs2b0t] listener error not impl: reader.selfChat
[rs2b0t] listener error Error: not impl: reader.selfChat
    at notImpl (file:///rs2b0t/bot/shim/_kernel.js:5:5)
    at Object.get (file:///rs2b0t/bot/shim/_kernel.js:17:19)
    at DuelArena.observeFightState (file:///rs2b0t/bot/scripts/bot/bot.js:288:70)
    at file:///rs2b0t/bot/scripts/bot/bot.js:93:63
    at globalThis.__rs2b0t_fire_tick_listeners (file:///rs2b0t/bot/runtime/BotHost.js:14:13)
    at globalThis.__rs2b0t_tick_async (file:///rs2b0t/bot/scripts/bot/main.js:15:37)
    at globalThis.__rs_tick (file:///rs2b0t/bot/scripts/bot/main.js:8:16)
[script livejleo1e_1] [rs2b0t] listener error not impl: reader.selfChat
[host] slot livejleo1e_0: d_loop_us=760 d_raster_us=0 d_observe_us=45672 max_observe_us=8405 d_paints=0 d_skips=50 d_ticks=2 window_ms=1202
[host] slot livejleo1e_1: d_loop_us=815 d_raster_us=0 d_observe_us=45404 max_observe_us=7476 d_paints=0 d_skips=50 d_ticks=2 window_ms=1203
[rs2b0t] listener error Error: not impl: reader.selfChat
    at notImpl (file:///rs2b0t/bot/shim/_kernel.js:5:5)
    at Object.get (file:///rs2b0t/bot/shim/_kernel.js:17:19)
    at DuelArena.observeFightState (file:///rs2b0t/bot/scripts/bot/bot.js:288:70)
    at file:///rs2b0t/bot/scripts/bot/bot.js:93:63
    at globalThis.__rs2b0t_fire_tick_listeners (file:///rs2b0t/bot/runtime/BotHost.js:14:13)
    at globalThis.__rs2b0t_tick_async (file:///rs2b0t/bot/scripts/bot/main.js:15:37)
    at globalThis.__rs_tick (file:///rs2b0t/bot/scripts/bot/main.js:8:16)
[rs2b0t] listener error Error: not impl: reader.selfChat
    at notImpl (file:///rs2b0t/bot/shim/_kernel.js:5:5)
    at Object.get (file:///rs2b0t/bot/shim/_kernel.js:17:19)
    at DuelArena.observeFightState (file:///rs2b0t/bot/scripts/bot/bot.js:288:70)
    at file:///rs2b0t/bot/scripts/bot/bot.js:93:63
    at globalThis.__rs2b0t_fire_tick_listeners (file:///rs2b0t/bot/runtime/BotHost.js:14:13)
    at globalThis.__rs2b0t_pump (file:///rs2b0t/bot/api/execution/Execution.js:107:37)
[script livejleo1e_0] [rs2b0t] listener error not impl: reader.selfChat
[script livejleo1e_1] [rs2b0t] listener error not impl: reader.selfChat
[rs2b0t] listener error Error: not impl: reader.selfChat
    at notImpl (file:///rs2b0t/bot/shim/_kernel.js:5:5)
    at Object.get (file:///rs2b0t/bot/shim/_kernel.js:17:19)
    at DuelArena.observeFightState (file:///rs2b0t/bot/scripts/bot/bot.js:288:70)
    at file:///rs2b0t/bot/scripts/bot/bot.js:93:63
    at globalThis.__rs2b0t_fire_tick_listeners (file:///rs2b0t/bot/runtime/BotHost.js:14:13)
    at globalThis.__rs2b0t_pump (file:///rs2b0t/bot/api/execution/Execution.js:107:37)
[script livejleo1e_0] [rs2b0t] listener error not impl: reader.selfChat
[rs2b0t] listener error Error: not impl: reader.selfChat
    at notImpl (file:///rs2b0t/bot/shim/_kernel.js:5:5)
    at Object.get (file:///rs2b0t/bot/shim/_kernel.js:17:19)
    at DuelArena.observeFightState (file:///rs2b0t/bot/scripts/bot/bot.js:288:70)
    at file:///rs2b0t/bot/scripts/bot/bot.js:93:63
    at globalThis.__rs2b0t_fire_tick_listeners (file:///rs2b0t/bot/runtime/BotHost.js:14:13)
    at globalThis.__rs2b0t_tick_async (file:///rs2b0t/bot/scripts/bot/main.js:15:37)
    at globalThis.__rs_tick (file:///rs2b0t/bot/scripts/bot/main.js:8:16)
[script livejleo1e_1] [rs2b0t] listener error not impl: reader.selfChat
[host] slot livejleo1e_0: d_loop_us=913 d_raster_us=0 d_observe_us=52652 max_observe_us=10286 d_paints=0 d_skips=50 d_ticks=2 window_ms=1199
[host] slot livejleo1e_1: d_loop_us=861 d_raster_us=0 d_observe_us=45746 max_observe_us=8744 d_paints=0 d_skips=50 d_ticks=2 window_ms=1196
[rs2b0t] listener error Error: not impl: reader.selfChat
    at notImpl (file:///rs2b0t/bot/shim/_kernel.js:5:5)
    at Object.get (file:///rs2b0t/bot/shim/_kernel.js:17:19)
    at DuelArena.observeFightState (file:///rs2b0t/bot/scripts/bot/bot.js:288:70)
    at file:///rs2b0t/bot/scripts/bot/bot.js:93:63
    at globalThis.__rs2b0t_fire_tick_listeners (file:///rs2b0t/bot/runtime/BotHost.js:14:13)
    at globalThis.__rs2b0t_pump (file:///rs2b0t/bot/api/execution/Execution.js:107:37)
[rs2b0t] listener error Error: not impl: reader.selfChat
    at notImpl (file:///rs2b0t/bot/shim/_kernel.js:5:5)
    at Object.get (file:///rs2b0t/bot/shim/_kernel.js:17:19)
    at DuelArena.observeFightState (file:///rs2b0t/bot/scripts/bot/bot.js:288:70)
    at file:///rs2b0t/bot/scripts/bot/bot.js:93:63
    at globalThis.__rs2b0t_fire_tick_listeners (file:///rs2b0t/bot/runtime/BotHost.js:14:13)
    at globalThis.__rs2b0t_tick_async (file:///rs2b0t/bot/scripts/bot/main.js:15:37)
    at globalThis.__rs_tick (file:///rs2b0t/bot/scripts/bot/main.js:8:16)
[script livejleo1e_1] [rs2b0t] listener error not impl: reader.selfChat
[script livejleo1e_0] [rs2b0t] listener error not impl: reader.selfChat
[rs2b0t] listener error Error: not impl: reader.selfChat
    at notImpl (file:///rs2b0t/bot/shim/_kernel.js:5:5)
    at Object.get (file:///rs2b0t/bot/shim/_kernel.js:17:19)
    at DuelArena.observeFightState (file:///rs2b0t/bot/scripts/bot/bot.js:288:70)
    at file:///rs2b0t/bot/scripts/bot/bot.js:93:63
    at globalThis.__rs2b0t_fire_tick_listeners (file:///rs2b0t/bot/runtime/BotHost.js:14:13)
    at globalThis.__rs2b0t_pump (file:///rs2b0t/bot/api/execution/Execution.js:107:37)
[rs2b0t] listener error Error: not impl: reader.selfChat
    at notImpl (file:///rs2b0t/bot/shim/_kernel.js:5:5)
    at Object.get (file:///rs2b0t/bot/shim/_kernel.js:17:19)
    at DuelArena.observeFightState (file:///rs2b0t/bot/scripts/bot/bot.js:288:70)
    at file:///rs2b0t/bot/scripts/bot/bot.js:93:63
    at globalThis.__rs2b0t_fire_tick_listeners (file:///rs2b0t/bot/runtime/BotHost.js:14:13)
    at globalThis.__rs2b0t_tick_async (file:///rs2b0t/bot/scripts/bot/main.js:15:37)
    at globalThis.__rs_tick (file:///rs2b0t/bot/scripts/bot/main.js:8:16)
[script livejleo1e_0] [rs2b0t] listener error not impl: reader.selfChat
[script livejleo1e_1] [rs2b0t] listener error not impl: reader.selfChat
[host] slot livejleo1e_0: d_loop_us=867 d_raster_us=0 d_observe_us=45465 max_observe_us=8395 d_paints=0 d_skips=50 d_ticks=2 window_ms=1200
[host] slot livejleo1e_1: d_loop_us=842 d_raster_us=0 d_observe_us=44728 max_observe_us=9811 d_paints=0 d_skips=50 d_ticks=2 window_ms=1192
[rs2b0t] listener error Error: not impl: reader.selfChat
    at notImpl (file:///rs2b0t/bot/shim/_kernel.js:5:5)
    at Object.get (file:///rs2b0t/bot/shim/_kernel.js:17:19)
    at DuelArena.observeFightState (file:///rs2b0t/bot/scripts/bot/bot.js:288:70)
    at file:///rs2b0t/bot/scripts/bot/bot.js:93:63
    at globalThis.__rs2b0t_fire_tick_listeners (file:///rs2b0t/bot/runtime/BotHost.js:14:13)
    at globalThis.__rs2b0t_tick_async (file:///rs2b0t/bot/scripts/bot/main.js:15:37)
    at globalThis.__rs_tick (file:///rs2b0t/bot/scripts/bot/main.js:8:16)
[rs2b0t] listener error Error: not impl: reader.selfChat
    at notImpl (file:///rs2b0t/bot/shim/_kernel.js:5:5)
    at Object.get (file:///rs2b0t/bot/shim/_kernel.js:17:19)
    at DuelArena.observeFightState (file:///rs2b0t/bot/scripts/bot/bot.js:288:70)
    at file:///rs2b0t/bot/scripts/bot/bot.js:93:63
    at globalThis.__rs2b0t_fire_tick_listeners (file:///rs2b0t/bot/runtime/BotHost.js:14:13)
    at globalThis.__rs2b0t_pump (file:///rs2b0t/bot/api/execution/Execution.js:107:37)
[script livejleo1e_0] [rs2b0t] listener error not impl: reader.selfChat
[script livejleo1e_1] [rs2b0t] listener error not impl: reader.selfChat
[rs2b0t] listener error Error: not impl: reader.selfChat
    at notImpl (file:///rs2b0t/bot/shim/_kernel.js:5:5)
    at Object.get (file:///rs2b0t/bot/shim/_kernel.js:17:19)
    at DuelArena.observeFightState (file:///rs2b0t/bot/scripts/bot/bot.js:288:70)
    at file:///rs2b0t/bot/scripts/bot/bot.js:93:63
    at globalThis.__rs2b0t_fire_tick_listeners (file:///rs2b0t/bot/runtime/BotHost.js:14:13)
    at globalThis.__rs2b0t_pump (file:///rs2b0t/bot/api/execution/Execution.js:107:37)
[rs2b0t] listener error Error: not impl: reader.selfChat
    at notImpl (file:///rs2b0t/bot/shim/_kernel.js:5:5)
    at Object.get (file:///rs2b0t/bot/shim/_kernel.js:17:19)
    at DuelArena.observeFightState (file:///rs2b0t/bot/scripts/bot/bot.js:288:70)
    at file:///rs2b0t/bot/scripts/bot/bot.js:93:63
    at globalThis.__rs2b0t_fire_tick_listeners (file:///rs2b0t/bot/runtime/BotHost.js:14:13)
    at globalThis.__rs2b0t_tick_async (file:///rs2b0t/bot/scripts/bot/main.js:15:37)
    at globalThis.__rs_tick (file:///rs2b0t/bot/scripts/bot/main.js:8:16)
[script livejleo1e_0] [rs2b0t] listener error not impl: reader.selfChat
[script livejleo1e_1] [rs2b0t] listener error not impl: reader.selfChat
[host] slot livejleo1e_0: d_loop_us=888 d_raster_us=0 d_observe_us=47673 max_observe_us=10576 d_paints=0 d_skips=50 d_ticks=2 window_ms=1208
[host] slot livejleo1e_1: d_loop_us=809 d_raster_us=0 d_observe_us=44917 max_observe_us=9400 d_paints=0 d_skips=50 d_ticks=2 window_ms=1205
[rs2b0t] listener error Error: not impl: reader.selfChat
    at notImpl (file:///rs2b0t/bot/shim/_kernel.js:5:5)
    at Object.get (file:///rs2b0t/bot/shim/_kernel.js:17:19)
    at DuelArena.observeFightState (file:///rs2b0t/bot/scripts/bot/bot.js:288:70)
    at file:///rs2b0t/bot/scripts/bot/bot.js:93:63
    at globalThis.__rs2b0t_fire_tick_listeners (file:///rs2b0t/bot/runtime/BotHost.js:14:13)
    at globalThis.__rs2b0t_tick_async (file:///rs2b0t/bot/scripts/bot/main.js:15:37)
    at globalThis.__rs_tick (file:///rs2b0t/bot/scripts/bot/main.js:8:16)
[rs2b0t] listener error Error: not impl: reader.selfChat
    at notImpl (file:///rs2b0t/bot/shim/_kernel.js:5:5)
    at Object.get (file:///rs2b0t/bot/shim/_kernel.js:17:19)
    at DuelArena.observeFightState (file:///rs2b0t/bot/scripts/bot/bot.js:288:70)
    at file:///rs2b0t/bot/scripts/bot/bot.js:93:63
    at globalThis.__rs2b0t_fire_tick_listeners (file:///rs2b0t/bot/runtime/BotHost.js:14:13)
    at globalThis.__rs2b0t_pump (file:///rs2b0t/bot/api/execution/Execution.js:107:37)
[script livejleo1e_0] [rs2b0t] listener error not impl: reader.selfChat
[script livejleo1e_1] [rs2b0t] listener error not impl: reader.selfChat
[rs2b0t] listener error Error: not impl: reader.selfChat
    at notImpl (file:///rs2b0t/bot/shim/_kernel.js:5:5)
    at Object.get (file:///rs2b0t/bot/shim/_kernel.js:17:19)
    at DuelArena.observeFightState (file:///rs2b0t/bot/scripts/bot/bot.js:288:70)
    at file:///rs2b0t/bot/scripts/bot/bot.js:93:63
    at globalThis.__rs2b0t_fire_tick_listeners (file:///rs2b0t/bot/runtime/BotHost.js:14:13)
    at globalThis.__rs2b0t_tick_async (file:///rs2b0t/bot/scripts/bot/main.js:15:37)
    at globalThis.__rs_tick (file:///rs2b0t/bot/scripts/bot/main.js:8:16)
[rs2b0t] listener error Error: not impl: reader.selfChat
    at notImpl (file:///rs2b0t/bot/shim/_kernel.js:5:5)
    at Object.get (file:///rs2b0t/bot/shim/_kernel.js:17:19)
    at DuelArena.observeFightState (file:///rs2b0t/bot/scripts/bot/bot.js:288:70)
    at file:///rs2b0t/bot/scripts/bot/bot.js:93:63
    at globalThis.__rs2b0t_fire_tick_listeners (file:///rs2b0t/bot/runtime/BotHost.js:14:13)
    at globalThis.__rs2b0t_pump (file:///rs2b0t/bot/api/execution/Execution.js:107:37)
[script livejleo1e_1] [rs2b0t] listener error not impl: reader.selfChat
[script livejleo1e_0] [rs2b0t] listener error not impl: reader.selfChat
[host] slot livejleo1e_0: d_loop_us=916 d_raster_us=0 d_observe_us=50555 max_observe_us=9510 d_paints=0 d_skips=50 d_ticks=2 window_ms=1199
[host] slot livejleo1e_1: d_loop_us=826 d_raster_us=0 d_observe_us=50904 max_observe_us=10149 d_paints=0 d_skips=50 d_ticks=2 window_ms=1191
[rs2b0t] listener error Error: not impl: reader.selfChat
    at notImpl (file:///rs2b0t/bot/shim/_kernel.js:5:5)
    at Object.get (file:///rs2b0t/bot/shim/_kernel.js:17:19)
    at DuelArena.observeFightState (file:///rs2b0t/bot/scripts/bot/bot.js:288:70)
    at file:///rs2b0t/bot/scripts/bot/bot.js:93:63
    at globalThis.__rs2b0t_fire_tick_listeners (file:///rs2b0t/bot/runtime/BotHost.js:14:13)
    at globalThis.__rs2b0t_pump (file:///rs2b0t/bot/api/execution/Execution.js:107:37)
[rs2b0t] listener error Error: not impl: reader.selfChat
    at notImpl (file:///rs2b0t/bot/shim/_kernel.js:5:5)
    at Object.get (file:///rs2b0t/bot/shim/_kernel.js:17:19)
    at DuelArena.observeFightState (file:///rs2b0t/bot/scripts/bot/bot.js:288:70)
    at file:///rs2b0t/bot/scripts/bot/bot.js:93:63
    at globalThis.__rs2b0t_fire_tick_listeners (file:///rs2b0t/bot/runtime/BotHost.js:14:13)
    at globalThis.__rs2b0t_tick_async (file:///rs2b0t/bot/scripts/bot/main.js:15:37)
    at globalThis.__rs_tick (file:///rs2b0t/bot/scripts/bot/main.js:8:16)
[script livejleo1e_1] [rs2b0t] listener error not impl: reader.selfChat
[script livejleo1e_0] [rs2b0t] listener error not impl: reader.selfChat
[rs2b0t] listener error Error: not impl: reader.selfChat
    at notImpl (file:///rs2b0t/bot/shim/_kernel.js:5:5)
    at Object.get (file:///rs2b0t/bot/shim/_kernel.js:17:19)
    at DuelArena.observeFightState (file:///rs2b0t/bot/scripts/bot/bot.js:288:70)
    at file:///rs2b0t/bot/scripts/bot/bot.js:93:63
    at globalThis.__rs2b0t_fire_tick_listeners (file:///rs2b0t/bot/runtime/BotHost.js:14:13)
    at globalThis.__rs2b0t_tick_async (file:///rs2b0t/bot/scripts/bot/main.js:15:37)
    at globalThis.__rs_tick (file:///rs2b0t/bot/scripts/bot/main.js:8:16)
[rs2b0t] listener error Error: not impl: reader.selfChat
    at notImpl (file:///rs2b0t/bot/shim/_kernel.js:5:5)
    at Object.get (file:///rs2b0t/bot/shim/_kernel.js:17:19)
    at DuelArena.observeFightState (file:///rs2b0t/bot/scripts/bot/bot.js:288:70)
    at file:///rs2b0t/bot/scripts/bot/bot.js:93:63
    at globalThis.__rs2b0t_fire_tick_listeners (file:///rs2b0t/bot/runtime/BotHost.js:14:13)
    at globalThis.__rs2b0t_pump (file:///rs2b0t/bot/api/execution/Execution.js:107:37)
[script livejleo1e_1] [rs2b0t] listener error not impl: reader.selfChat
[script livejleo1e_0] [rs2b0t] listener error not impl: reader.selfChat
[host] slot livejleo1e_0: d_loop_us=999 d_raster_us=0 d_observe_us=46719 max_observe_us=7888 d_paints=0 d_skips=50 d_ticks=2 window_ms=1208
[host] slot livejleo1e_1: d_loop_us=969 d_raster_us=0 d_observe_us=50476 max_observe_us=9321 d_paints=0 d_skips=50 d_ticks=2 window_ms=1195
[rs2b0t] listener error Error: not impl: reader.selfChat
    at notImpl (file:///rs2b0t/bot/shim/_kernel.js:5:5)
    at Object.get (file:///rs2b0t/bot/shim/_kernel.js:17:19)
    at DuelArena.observeFightState (file:///rs2b0t/bot/scripts/bot/bot.js:288:70)
    at file:///rs2b0t/bot/scripts/bot/bot.js:93:63
    at globalThis.__rs2b0t_fire_tick_listeners (file:///rs2b0t/bot/runtime/BotHost.js:14:13)
    at globalThis.__rs2b0t_pump (file:///rs2b0t/bot/api/execution/Execution.js:107:37)
[rs2b0t] listener error Error: not impl: reader.selfChat
    at notImpl (file:///rs2b0t/bot/shim/_kernel.js:5:5)
    at Object.get (file:///rs2b0t/bot/shim/_kernel.js:17:19)
    at DuelArena.observeFightState (file:///rs2b0t/bot/scripts/bot/bot.js:288:70)
    at file:///rs2b0t/bot/scripts/bot/bot.js:93:63
    at globalThis.__rs2b0t_fire_tick_listeners (file:///rs2b0t/bot/runtime/BotHost.js:14:13)
    at globalThis.__rs2b0t_tick_async (file:///rs2b0t/bot/scripts/bot/main.js:15:37)
    at globalThis.__rs_tick (file:///rs2b0t/bot/scripts/bot/main.js:8:16)
[script livejleo1e_1] [rs2b0t] listener error not impl: reader.selfChat
[script livejleo1e_0] [rs2b0t] listener error not impl: reader.selfChat
[rs2b0t] listener error Error: not impl: reader.selfChat
    at notImpl (file:///rs2b0t/bot/shim/_kernel.js:5:5)
    at Object.get (file:///rs2b0t/bot/shim/_kernel.js:17:19)
    at DuelArena.observeFightState (file:///rs2b0t/bot/scripts/bot/bot.js:288:70)
    at file:///rs2b0t/bot/scripts/bot/bot.js:93:63
    at globalThis.__rs2b0t_fire_tick_listeners (file:///rs2b0t/bot/runtime/BotHost.js:14:13)
    at globalThis.__rs2b0t_pump (file:///rs2b0t/bot/api/execution/Execution.js:107:37)
[rs2b0t] listener error Error: not impl: reader.selfChat
    at notImpl (file:///rs2b0t/bot/shim/_kernel.js:5:5)
    at Object.get (file:///rs2b0t/bot/shim/_kernel.js:17:19)
    at DuelArena.observeFightState (file:///rs2b0t/bot/scripts/bot/bot.js:288:70)
    at file:///rs2b0t/bot/scripts/bot/bot.js:93:63
    at globalThis.__rs2b0t_fire_tick_listeners (file:///rs2b0t/bot/runtime/BotHost.js:14:13)
    at globalThis.__rs2b0t_tick_async (file:///rs2b0t/bot/scripts/bot/main.js:15:37)
    at globalThis.__rs_tick (file:///rs2b0t/bot/scripts/bot/main.js:8:16)
[script livejleo1e_0] [rs2b0t] listener error not impl: reader.selfChat
[script livejleo1e_1] [rs2b0t] listener error not impl: reader.selfChat
[host] slot livejleo1e_0: d_loop_us=941 d_raster_us=0 d_observe_us=46843 max_observe_us=8722 d_paints=0 d_skips=50 d_ticks=2 window_ms=1191
[host] slot livejleo1e_1: d_loop_us=803 d_raster_us=0 d_observe_us=46392 max_observe_us=8688 d_paints=0 d_skips=50 d_ticks=2 window_ms=1187
[rs2b0t] listener error Error: not impl: reader.selfChat
    at notImpl (file:///rs2b0t/bot/shim/_kernel.js:5:5)
    at Object.get (file:///rs2b0t/bot/shim/_kernel.js:17:19)
    at DuelArena.observeFightState (file:///rs2b0t/bot/scripts/bot/bot.js:288:70)
    at file:///rs2b0t/bot/scripts/bot/bot.js:93:63
    at globalThis.__rs2b0t_fire_tick_listeners (file:///rs2b0t/bot/runtime/BotHost.js:14:13)
    at globalThis.__rs2b0t_tick_async (file:///rs2b0t/bot/scripts/bot/main.js:15:37)
    at globalThis.__rs_tick (file:///rs2b0t/bot/scripts/bot/main.js:8:16)
[rs2b0t] listener error Error: not impl: reader.selfChat
    at notImpl (file:///rs2b0t/bot/shim/_kernel.js:5:5)
    at Object.get (file:///rs2b0t/bot/shim/_kernel.js:17:19)
    at DuelArena.observeFightState (file:///rs2b0t/bot/scripts/bot/bot.js:288:70)
    at file:///rs2b0t/bot/scripts/bot/bot.js:93:63
    at globalThis.__rs2b0t_fire_tick_listeners (file:///rs2b0t/bot/runtime/BotHost.js:14:13)
    at globalThis.__rs2b0t_pump (file:///rs2b0t/bot/api/execution/Execution.js:107:37)
[script livejleo1e_0] [rs2b0t] listener error not impl: reader.selfChat
[script livejleo1e_1] [rs2b0t] listener error not impl: reader.selfChat
[rs2b0t] listener error Error: not impl: reader.selfChat
    at notImpl (file:///rs2b0t/bot/shim/_kernel.js:5:5)
    at Object.get (file:///rs2b0t/bot/shim/_kernel.js:17:19)
    at DuelArena.observeFightState (file:///rs2b0t/bot/scripts/bot/bot.js:288:70)
    at file:///rs2b0t/bot/scripts/bot/bot.js:93:63
    at globalThis.__rs2b0t_fire_tick_listeners (file:///rs2b0t/bot/runtime/BotHost.js:14:13)
    at globalThis.__rs2b0t_tick_async (file:///rs2b0t/bot/scripts/bot/main.js:15:37)
    at globalThis.__rs_tick (file:///rs2b0t/bot/scripts/bot/main.js:8:16)
[rs2b0t] listener error Error: not impl: reader.selfChat
    at notImpl (file:///rs2b0t/bot/shim/_kernel.js:5:5)
    at Object.get (file:///rs2b0t/bot/shim/_kernel.js:17:19)
    at DuelArena.observeFightState (file:///rs2b0t/bot/scripts/bot/bot.js:288:70)
    at file:///rs2b0t/bot/scripts/bot/bot.js:93:63
    at globalThis.__rs2b0t_fire_tick_listeners (file:///rs2b0t/bot/runtime/BotHost.js:14:13)
    at globalThis.__rs2b0t_pump (file:///rs2b0t/bot/api/execution/Execution.js:107:37)
[script livejleo1e_1] [rs2b0t] listener error not impl: reader.selfChat
[script livejleo1e_0] [rs2b0t] listener error not impl: reader.selfChat
[host] slot livejleo1e_0: d_loop_us=995 d_raster_us=0 d_observe_us=44023 max_observe_us=7909 d_paints=0 d_skips=50 d_ticks=2 window_ms=1181
[host] slot livejleo1e_1: d_loop_us=892 d_raster_us=0 d_observe_us=43274 max_observe_us=7557 d_paints=0 d_skips=50 d_ticks=2 window_ms=1192
[rs2b0t] listener error Error: not impl: reader.selfChat
    at notImpl (file:///rs2b0t/bot/shim/_kernel.js:5:5)
    at Object.get (file:///rs2b0t/bot/shim/_kernel.js:17:19)
    at DuelArena.observeFightState (file:///rs2b0t/bot/scripts/bot/bot.js:288:70)
    at file:///rs2b0t/bot/scripts/bot/bot.js:93:63
    at globalThis.__rs2b0t_fire_tick_listeners (file:///rs2b0t/bot/runtime/BotHost.js:14:13)
    at globalThis.__rs2b0t_pump (file:///rs2b0t/bot/api/execution/Execution.js:107:37)
[script livejleo1e_1] [rs2b0t] listener error not impl: reader.selfChat
[rs2b0t] listener error Error: not impl: reader.selfChat
    at notImpl (file:///rs2b0t/bot/shim/_kernel.js:5:5)
    at Object.get (file:///rs2b0t/bot/shim/_kernel.js:17:19)
    at DuelArena.observeFightState (file:///rs2b0t/bot/scripts/bot/bot.js:288:70)
    at file:///rs2b0t/bot/scripts/bot/bot.js:93:63
    at globalThis.__rs2b0t_fire_tick_listeners (file:///rs2b0t/bot/runtime/BotHost.js:14:13)
    at globalThis.__rs2b0t_tick_async (file:///rs2b0t/bot/scripts/bot/main.js:15:37)
    at globalThis.__rs_tick (file:///rs2b0t/bot/scripts/bot/main.js:8:16)
[script livejleo1e_0] [rs2b0t] listener error not impl: reader.selfChat
[rs2b0t] listener error Error: not impl: reader.selfChat
    at notImpl (file:///rs2b0t/bot/shim/_kernel.js:5:5)
    at Object.get (file:///rs2b0t/bot/shim/_kernel.js:17:19)
    at DuelArena.observeFightState (file:///rs2b0t/bot/scripts/bot/bot.js:288:70)
    at file:///rs2b0t/bot/scripts/bot/bot.js:93:63
    at globalThis.__rs2b0t_fire_tick_listeners (file:///rs2b0t/bot/runtime/BotHost.js:14:13)
    at globalThis.__rs2b0t_tick_async (file:///rs2b0t/bot/scripts/bot/main.js:15:37)
    at globalThis.__rs_tick (file:///rs2b0t/bot/scripts/bot/main.js:8:16)
[rs2b0t] listener error Error: not impl: reader.selfChat
    at notImpl (file:///rs2b0t/bot/shim/_kernel.js:5:5)
    at Object.get (file:///rs2b0t/bot/shim/_kernel.js:17:19)
    at DuelArena.observeFightState (file:///rs2b0t/bot/scripts/bot/bot.js:288:70)
    at file:///rs2b0t/bot/scripts/bot/bot.js:93:63
    at globalThis.__rs2b0t_fire_tick_listeners (file:///rs2b0t/bot/runtime/BotHost.js:14:13)
    at globalThis.__rs2b0t_pump (file:///rs2b0t/bot/api/execution/Execution.js:107:37)
[script livejleo1e_1] [rs2b0t] listener error not impl: reader.selfChat
[script livejleo1e_0] [rs2b0t] listener error not impl: reader.selfChat
[host] slot livejleo1e_1: d_loop_us=853 d_raster_us=0 d_observe_us=47815 max_observe_us=9567 d_paints=0 d_skips=50 d_ticks=2 window_ms=1186
[host] slot livejleo1e_0: d_loop_us=892 d_raster_us=0 d_observe_us=46352 max_observe_us=8382 d_paints=0 d_skips=50 d_ticks=2 window_ms=1201
[rs2b0t] listener error Error: not impl: reader.selfChat
    at notImpl (file:///rs2b0t/bot/shim/_kernel.js:5:5)
    at Object.get (file:///rs2b0t/bot/shim/_kernel.js:17:19)
    at DuelArena.observeFightState (file:///rs2b0t/bot/scripts/bot/bot.js:288:70)
    at file:///rs2b0t/bot/scripts/bot/bot.js:93:63
    at globalThis.__rs2b0t_fire_tick_listeners (file:///rs2b0t/bot/runtime/BotHost.js:14:13)
    at globalThis.__rs2b0t_pump (file:///rs2b0t/bot/api/execution/Execution.js:107:37)
[rs2b0t] listener error Error: not impl: reader.selfChat
    at notImpl (file:///rs2b0t/bot/shim/_kernel.js:5:5)
    at Object.get (file:///rs2b0t/bot/shim/_kernel.js:17:19)
    at DuelArena.observeFightState (file:///rs2b0t/bot/scripts/bot/bot.js:288:70)
    at file:///rs2b0t/bot/scripts/bot/bot.js:93:63
    at globalThis.__rs2b0t_fire_tick_listeners (file:///rs2b0t/bot/runtime/BotHost.js:14:13)
    at globalThis.__rs2b0t_tick_async (file:///rs2b0t/bot/scripts/bot/main.js:15:37)
    at globalThis.__rs_tick (file:///rs2b0t/bot/scripts/bot/main.js:8:16)
[script livejleo1e_1] [rs2b0t] listener error not impl: reader.selfChat
[script livejleo1e_0] [rs2b0t] listener error not impl: reader.selfChat
[rs2b0t] listener error Error: not impl: reader.selfChat
    at notImpl (file:///rs2b0t/bot/shim/_kernel.js:5:5)
    at Object.get (file:///rs2b0t/bot/shim/_kernel.js:17:19)
    at DuelArena.observeFightState (file:///rs2b0t/bot/scripts/bot/bot.js:288:70)
    at file:///rs2b0t/bot/scripts/bot/bot.js:93:63
    at globalThis.__rs2b0t_fire_tick_listeners (file:///rs2b0t/bot/runtime/BotHost.js:14:13)
    at globalThis.__rs2b0t_tick_async (file:///rs2b0t/bot/scripts/bot/main.js:15:37)
    at globalThis.__rs_tick (file:///rs2b0t/bot/scripts/bot/main.js:8:16)
[rs2b0t] listener error Error: not impl: reader.selfChat
    at notImpl (file:///rs2b0t/bot/shim/_kernel.js:5:5)
    at Object.get (file:///rs2b0t/bot/shim/_kernel.js:17:19)
    at DuelArena.observeFightState (file:///rs2b0t/bot/scripts/bot/bot.js:288:70)
    at file:///rs2b0t/bot/scripts/bot/bot.js:93:63
    at globalThis.__rs2b0t_fire_tick_listeners (file:///rs2b0t/bot/runtime/BotHost.js:14:13)
    at globalThis.__rs2b0t_pump (file:///rs2b0t/bot/api/execution/Execution.js:107:37)
[script livejleo1e_1] [rs2b0t] listener error not impl: reader.selfChat
[script livejleo1e_0] [rs2b0t] listener error not impl: reader.selfChat
[host] slot livejleo1e_1: d_loop_us=970 d_raster_us=0 d_observe_us=55571 max_observe_us=8270 d_paints=0 d_skips=50 d_ticks=2 window_ms=1195
[host] slot livejleo1e_0: d_loop_us=785 d_raster_us=0 d_observe_us=48525 max_observe_us=7851 d_paints=0 d_skips=50 d_ticks=2 window_ms=1195
[rs2b0t] listener error Error: not impl: reader.selfChat
    at notImpl (file:///rs2b0t/bot/shim/_kernel.js:5:5)
    at Object.get (file:///rs2b0t/bot/shim/_kernel.js:17:19)
    at DuelArena.observeFightState (file:///rs2b0t/bot/scripts/bot/bot.js:288:70)
    at file:///rs2b0t/bot/scripts/bot/bot.js:93:63
    at globalThis.__rs2b0t_fire_tick_listeners (file:///rs2b0t/bot/runtime/BotHost.js:14:13)
    at globalThis.__rs2b0t_tick_async (file:///rs2b0t/bot/scripts/bot/main.js:15:37)
    at globalThis.__rs_tick (file:///rs2b0t/bot/scripts/bot/main.js:8:16)
[rs2b0t] listener error Error: not impl: reader.selfChat
    at notImpl (file:///rs2b0t/bot/shim/_kernel.js:5:5)
    at Object.get (file:///rs2b0t/bot/shim/_kernel.js:17:19)
    at DuelArena.observeFightState (file:///rs2b0t/bot/scripts/bot/bot.js:288:70)
    at file:///rs2b0t/bot/scripts/bot/bot.js:93:63
    at globalThis.__rs2b0t_fire_tick_listeners (file:///rs2b0t/bot/runtime/BotHost.js:14:13)
    at globalThis.__rs2b0t_pump (file:///rs2b0t/bot/api/execution/Execution.js:107:37)
[script livejleo1e_0] [rs2b0t] listener error not impl: reader.selfChat
[script livejleo1e_1] [rs2b0t] listener error not impl: reader.selfChat
[rs2b0t] listener error Error: not impl: reader.selfChat
    at notImpl (file:///rs2b0t/bot/shim/_kernel.js:5:5)
    at Object.get (file:///rs2b0t/bot/shim/_kernel.js:17:19)
    at DuelArena.observeFightState (file:///rs2b0t/bot/scripts/bot/bot.js:288:70)
    at file:///rs2b0t/bot/scripts/bot/bot.js:93:63
    at globalThis.__rs2b0t_fire_tick_listeners (file:///rs2b0t/bot/runtime/BotHost.js:14:13)
    at globalThis.__rs2b0t_tick_async (file:///rs2b0t/bot/scripts/bot/main.js:15:37)
    at globalThis.__rs_tick (file:///rs2b0t/bot/scripts/bot/main.js:8:16)
[script livejleo1e_1] [rs2b0t] listener error not impl: reader.selfChat
[rs2b0t] listener error Error: not impl: reader.selfChat
    at notImpl (file:///rs2b0t/bot/shim/_kernel.js:5:5)
    at Object.get (file:///rs2b0t/bot/shim/_kernel.js:17:19)
    at DuelArena.observeFightState (file:///rs2b0t/bot/scripts/bot/bot.js:288:70)
    at file:///rs2b0t/bot/scripts/bot/bot.js:93:63
    at globalThis.__rs2b0t_fire_tick_listeners (file:///rs2b0t/bot/runtime/BotHost.js:14:13)
    at globalThis.__rs2b0t_pump (file:///rs2b0t/bot/api/execution/Execution.js:107:37)
[script livejleo1e_0] [rs2b0t] listener error not impl: reader.selfChat
[host] slot livejleo1e_0: d_loop_us=780 d_raster_us=0 d_observe_us=54036 max_observe_us=8156 d_paints=0 d_skips=50 d_ticks=2 window_ms=1165
[host] slot livejleo1e_1: d_loop_us=695 d_raster_us=0 d_observe_us=52002 max_observe_us=9815 d_paints=0 d_skips=50 d_ticks=2 window_ms=1176
[rs2b0t] listener error Error: not impl: reader.selfChat
    at notImpl (file:///rs2b0t/bot/shim/_kernel.js:5:5)
    at Object.get (file:///rs2b0t/bot/shim/_kernel.js:17:19)
    at DuelArena.observeFightState (file:///rs2b0t/bot/scripts/bot/bot.js:288:70)
    at file:///rs2b0t/bot/scripts/bot/bot.js:93:63
    at globalThis.__rs2b0t_fire_tick_listeners (file:///rs2b0t/bot/runtime/BotHost.js:14:13)
    at globalThis.__rs2b0t_pump (file:///rs2b0t/bot/api/execution/Execution.js:107:37)
[rs2b0t] listener error Error: not impl: reader.selfChat
    at notImpl (file:///rs2b0t/bot/shim/_kernel.js:5:5)
    at Object.get (file:///rs2b0t/bot/shim/_kernel.js:17:19)
    at DuelArena.observeFightState (file:///rs2b0t/bot/scripts/bot/bot.js:288:70)
    at file:///rs2b0t/bot/scripts/bot/bot.js:93:63
    at globalThis.__rs2b0t_fire_tick_listeners (file:///rs2b0t/bot/runtime/BotHost.js:14:13)
    at globalThis.__rs2b0t_tick_async (file:///rs2b0t/bot/scripts/bot/main.js:15:37)
    at globalThis.__rs_tick (file:///rs2b0t/bot/scripts/bot/main.js:8:16)
[script livejleo1e_1] [rs2b0t] listener error not impl: reader.selfChat
[script livejleo1e_0] [rs2b0t] listener error not impl: reader.selfChat
[rs2b0t] listener error Error: not impl: reader.selfChat
    at notImpl (file:///rs2b0t/bot/shim/_kernel.js:5:5)
    at Object.get (file:///rs2b0t/bot/shim/_kernel.js:17:19)
    at DuelArena.observeFightState (file:///rs2b0t/bot/scripts/bot/bot.js:288:70)
    at file:///rs2b0t/bot/scripts/bot/bot.js:93:63
    at globalThis.__rs2b0t_fire_tick_listeners (file:///rs2b0t/bot/runtime/BotHost.js:14:13)
    at globalThis.__rs2b0t_pump (file:///rs2b0t/bot/api/execution/Execution.js:107:37)
[rs2b0t] listener error Error: not impl: reader.selfChat
    at notImpl (file:///rs2b0t/bot/shim/_kernel.js:5:5)
    at Object.get (file:///rs2b0t/bot/shim/_kernel.js:17:19)
    at DuelArena.observeFightState (file:///rs2b0t/bot/scripts/bot/bot.js:288:70)
    at file:///rs2b0t/bot/scripts/bot/bot.js:93:63
    at globalThis.__rs2b0t_fire_tick_listeners (file:///rs2b0t/bot/runtime/BotHost.js:14:13)
    at globalThis.__rs2b0t_tick_async (file:///rs2b0t/bot/scripts/bot/main.js:15:37)
    at globalThis.__rs_tick (file:///rs2b0t/bot/scripts/bot/main.js:8:16)
[script livejleo1e_0] [rs2b0t] listener error not impl: reader.selfChat
[script livejleo1e_1] [rs2b0t] listener error not impl: reader.selfChat
[host] slot livejleo1e_1: d_loop_us=775 d_raster_us=0 d_observe_us=44950 max_observe_us=8296 d_paints=0 d_skips=50 d_ticks=2 window_ms=1177
[host] slot livejleo1e_0: d_loop_us=639 d_raster_us=0 d_observe_us=43716 max_observe_us=8790 d_paints=0 d_skips=50 d_ticks=2 window_ms=1200
[rs2b0t] listener error Error: not impl: reader.selfChat
    at notImpl (file:///rs2b0t/bot/shim/_kernel.js:5:5)
    at Object.get (file:///rs2b0t/bot/shim/_kernel.js:17:19)
    at DuelArena.observeFightState (file:///rs2b0t/bot/scripts/bot/bot.js:288:70)
    at file:///rs2b0t/bot/scripts/bot/bot.js:93:63
    at globalThis.__rs2b0t_fire_tick_listeners (file:///rs2b0t/bot/runtime/BotHost.js:14:13)
    at globalThis.__rs2b0t_pump (file:///rs2b0t/bot/api/execution/Execution.js:107:37)
[script livejleo1e_1] [rs2b0t] listener error not impl: reader.selfChat
[rs2b0t] listener error Error: not impl: reader.selfChat
    at notImpl (file:///rs2b0t/bot/shim/_kernel.js:5:5)
    at Object.get (file:///rs2b0t/bot/shim/_kernel.js:17:19)
    at DuelArena.observeFightState (file:///rs2b0t/bot/scripts/bot/bot.js:288:70)
    at file:///rs2b0t/bot/scripts/bot/bot.js:93:63
    at globalThis.__rs2b0t_fire_tick_listeners (file:///rs2b0t/bot/runtime/BotHost.js:14:13)
    at globalThis.__rs2b0t_tick_async (file:///rs2b0t/bot/scripts/bot/main.js:15:37)
    at globalThis.__rs_tick (file:///rs2b0t/bot/scripts/bot/main.js:8:16)
[script livejleo1e_0] [rs2b0t] listener error not impl: reader.selfChat
[rs2b0t] listener error Error: not impl: reader.selfChat
    at notImpl (file:///rs2b0t/bot/shim/_kernel.js:5:5)
    at Object.get (file:///rs2b0t/bot/shim/_kernel.js:17:19)
    at DuelArena.observeFightState (file:///rs2b0t/bot/scripts/bot/bot.js:288:70)
    at file:///rs2b0t/bot/scripts/bot/bot.js:93:63
    at globalThis.__rs2b0t_fire_tick_listeners (file:///rs2b0t/bot/runtime/BotHost.js:14:13)
    at globalThis.__rs2b0t_tick_async (file:///rs2b0t/bot/scripts/bot/main.js:15:37)
    at globalThis.__rs_tick (file:///rs2b0t/bot/scripts/bot/main.js:8:16)
[rs2b0t] listener error Error: not impl: reader.selfChat
    at notImpl (file:///rs2b0t/bot/shim/_kernel.js:5:5)
    at Object.get (file:///rs2b0t/bot/shim/_kernel.js:17:19)
    at DuelArena.observeFightState (file:///rs2b0t/bot/scripts/bot/bot.js:288:70)
    at file:///rs2b0t/bot/scripts/bot/bot.js:93:63
    at globalThis.__rs2b0t_fire_tick_listeners (file:///rs2b0t/bot/runtime/BotHost.js:14:13)
    at globalThis.__rs2b0t_pump (file:///rs2b0t/bot/api/execution/Execution.js:107:37)
[script livejleo1e_1] [rs2b0t] listener error not impl: reader.selfChat
[script livejleo1e_0] [rs2b0t] listener error not impl: reader.selfChat
[host] slot livejleo1e_0: d_loop_us=662 d_raster_us=0 d_observe_us=35994 max_observe_us=6125 d_paints=0 d_skips=50 d_ticks=2 window_ms=1170
[host] slot livejleo1e_1: d_loop_us=614 d_raster_us=0 d_observe_us=37492 max_observe_us=6788 d_paints=0 d_skips=50 d_ticks=2 window_ms=1185
[rs2b0t] listener error Error: not impl: reader.selfChat
    at notImpl (file:///rs2b0t/bot/shim/_kernel.js:5:5)
    at Object.get (file:///rs2b0t/bot/shim/_kernel.js:17:19)
    at DuelArena.observeFightState (file:///rs2b0t/bot/scripts/bot/bot.js:288:70)
    at file:///rs2b0t/bot/scripts/bot/bot.js:93:63
    at globalThis.__rs2b0t_fire_tick_listeners (file:///rs2b0t/bot/runtime/BotHost.js:14:13)
    at globalThis.__rs2b0t_tick_async (file:///rs2b0t/bot/scripts/bot/main.js:15:37)
    at globalThis.__rs_tick (file:///rs2b0t/bot/scripts/bot/main.js:8:16)
[script livejleo1e_0] [rs2b0t] listener error not impl: reader.selfChat
[rs2b0t] listener error Error: not impl: reader.selfChat
    at notImpl (file:///rs2b0t/bot/shim/_kernel.js:5:5)
    at Object.get (file:///rs2b0t/bot/shim/_kernel.js:17:19)
    at DuelArena.observeFightState (file:///rs2b0t/bot/scripts/bot/bot.js:288:70)
    at file:///rs2b0t/bot/scripts/bot/bot.js:93:63
    at globalThis.__rs2b0t_fire_tick_listeners (file:///rs2b0t/bot/runtime/BotHost.js:14:13)
    at globalThis.__rs2b0t_pump (file:///rs2b0t/bot/api/execution/Execution.js:107:37)
[script livejleo1e_1] [rs2b0t] listener error not impl: reader.selfChat
[host] slot livejleo1e_0: d_loop_us=769 d_raster_us=0 d_observe_us=42362 max_observe_us=7666 d_paints=0 d_skips=50 d_ticks=2 window_ms=1163
[rs2b0t] listener error Error: not impl: reader.selfChat
    at notImpl (file:///rs2b0t/bot/shim/_kernel.js:5:5)
    at Object.get (file:///rs2b0t/bot/shim/_kernel.js:17:19)
    at DuelArena.observeFightState (file:///rs2b0t/bot/scripts/bot/bot.js:288:70)
    at file:///rs2b0t/bot/scripts/bot/bot.js:93:63
    at globalThis.__rs2b0t_fire_tick_listeners (file:///rs2b0t/bot/runtime/BotHost.js:14:13)
    at globalThis.__rs2b0t_pump (file:///rs2b0t/bot/api/execution/Execution.js:107:37)
[rs2b0t] listener error Error: not impl: reader.selfChat
    at notImpl (file:///rs2b0t/bot/shim/_kernel.js:5:5)
    at Object.get (file:///rs2b0t/bot/shim/_kernel.js:17:19)
    at DuelArena.observeFightState (file:///rs2b0t/bot/scripts/bot/bot.js:288:70)
    at file:///rs2b0t/bot/scripts/bot/bot.js:93:63
    at globalThis.__rs2b0t_fire_tick_listeners (file:///rs2b0t/bot/runtime/BotHost.js:14:13)
    at globalThis.__rs2b0t_tick_async (file:///rs2b0t/bot/scripts/bot/main.js:15:37)
    at globalThis.__rs_tick (file:///rs2b0t/bot/scripts/bot/main.js:8:16)
[script livejleo1e_0] [rs2b0t] listener error not impl: reader.selfChat
[script livejleo1e_1] [rs2b0t] listener error not impl: reader.selfChat
[host] slot livejleo1e_1: d_loop_us=748 d_raster_us=0 d_observe_us=39715 max_observe_us=6962 d_paints=0 d_skips=50 d_ticks=2 window_ms=1182
[rs2b0t] listener error Error: not impl: reader.selfChat
    at notImpl (file:///rs2b0t/bot/shim/_kernel.js:5:5)
    at Object.get (file:///rs2b0t/bot/shim/_kernel.js:17:19)
    at DuelArena.observeFightState (file:///rs2b0t/bot/scripts/bot/bot.js:288:70)
    at file:///rs2b0t/bot/scripts/bot/bot.js:93:63
    at globalThis.__rs2b0t_fire_tick_listeners (file:///rs2b0t/bot/runtime/BotHost.js:14:13)
    at globalThis.__rs2b0t_tick_async (file:///rs2b0t/bot/scripts/bot/main.js:15:37)
    at globalThis.__rs_tick (file:///rs2b0t/bot/scripts/bot/main.js:8:16)
[rs2b0t] listener error Error: not impl: reader.selfChat
    at notImpl (file:///rs2b0t/bot/shim/_kernel.js:5:5)
    at Object.get (file:///rs2b0t/bot/shim/_kernel.js:17:19)
    at DuelArena.observeFightState (file:///rs2b0t/bot/scripts/bot/bot.js:288:70)
    at file:///rs2b0t/bot/scripts/bot/bot.js:93:63
    at globalThis.__rs2b0t_fire_tick_listeners (file:///rs2b0t/bot/runtime/BotHost.js:14:13)
    at globalThis.__rs2b0t_pump (file:///rs2b0t/bot/api/execution/Execution.js:107:37)
[script livejleo1e_0] [rs2b0t] listener error not impl: reader.selfChat
[script livejleo1e_1] [rs2b0t] listener error not impl: reader.selfChat
[host] slot livejleo1e_0: d_loop_us=695 d_raster_us=0 d_observe_us=32474 max_observe_us=5110 d_paints=0 d_skips=50 d_ticks=2 window_ms=1190
[host] slot livejleo1e_1: d_loop_us=717 d_raster_us=0 d_observe_us=44098 max_observe_us=10524 d_paints=0 d_skips=50 d_ticks=2 window_ms=1184
[rs2b0t] listener error Error: not impl: reader.selfChat
    at notImpl (file:///rs2b0t/bot/shim/_kernel.js:5:5)
    at Object.get (file:///rs2b0t/bot/shim/_kernel.js:17:19)
    at DuelArena.observeFightState (file:///rs2b0t/bot/scripts/bot/bot.js:288:70)
    at file:///rs2b0t/bot/scripts/bot/bot.js:93:63
    at globalThis.__rs2b0t_fire_tick_listeners (file:///rs2b0t/bot/runtime/BotHost.js:14:13)
    at globalThis.__rs2b0t_tick_async (file:///rs2b0t/bot/scripts/bot/main.js:15:37)
    at globalThis.__rs_tick (file:///rs2b0t/bot/scripts/bot/main.js:8:16)
[script livejleo1e_1] [rs2b0t] listener error not impl: reader.selfChat
[rs2b0t] listener error Error: not impl: reader.selfChat
    at notImpl (file:///rs2b0t/bot/shim/_kernel.js:5:5)
    at Object.get (file:///rs2b0t/bot/shim/_kernel.js:17:19)
    at DuelArena.observeFightState (file:///rs2b0t/bot/scripts/bot/bot.js:288:70)
    at file:///rs2b0t/bot/scripts/bot/bot.js:93:63
    at globalThis.__rs2b0t_fire_tick_listeners (file:///rs2b0t/bot/runtime/BotHost.js:14:13)
    at globalThis.__rs2b0t_pump (file:///rs2b0t/bot/api/execution/Execution.js:107:37)
[script livejleo1e_0] [rs2b0t] listener error not impl: reader.selfChat
[rs2b0t] listener error Error: not impl: reader.selfChat
    at notImpl (file:///rs2b0t/bot/shim/_kernel.js:5:5)
    at Object.get (file:///rs2b0t/bot/shim/_kernel.js:17:19)
    at DuelArena.observeFightState (file:///rs2b0t/bot/scripts/bot/bot.js:288:70)
    at file:///rs2b0t/bot/scripts/bot/bot.js:93:63
    at globalThis.__rs2b0t_fire_tick_listeners (file:///rs2b0t/bot/runtime/BotHost.js:14:13)
    at globalThis.__rs2b0t_tick_async (file:///rs2b0t/bot/scripts/bot/main.js:15:37)
    at globalThis.__rs_tick (file:///rs2b0t/bot/scripts/bot/main.js:8:16)
[rs2b0t] listener error Error: not impl: reader.selfChat
    at notImpl (file:///rs2b0t/bot/shim/_kernel.js:5:5)
    at Object.get (file:///rs2b0t/bot/shim/_kernel.js:17:19)
    at DuelArena.observeFightState (file:///rs2b0t/bot/scripts/bot/bot.js:288:70)
    at file:///rs2b0t/bot/scripts/bot/bot.js:93:63
    at globalThis.__rs2b0t_fire_tick_listeners (file:///rs2b0t/bot/runtime/BotHost.js:14:13)
    at globalThis.__rs2b0t_pump (file:///rs2b0t/bot/api/execution/Execution.js:107:37)
[script livejleo1e_0] [rs2b0t] listener error not impl: reader.selfChat
[script livejleo1e_1] [rs2b0t] listener error not impl: reader.selfChat
[host] slot livejleo1e_0: d_loop_us=779 d_raster_us=0 d_observe_us=62953 max_observe_us=15307 d_paints=0 d_skips=50 d_ticks=2 window_ms=1191
[host] slot livejleo1e_1: d_loop_us=808 d_raster_us=0 d_observe_us=41682 max_observe_us=8161 d_paints=0 d_skips=50 d_ticks=2 window_ms=1179
[rs2b0t] listener error Error: not impl: reader.selfChat
    at notImpl (file:///rs2b0t/bot/shim/_kernel.js:5:5)
    at Object.get (file:///rs2b0t/bot/shim/_kernel.js:17:19)
    at DuelArena.observeFightState (file:///rs2b0t/bot/scripts/bot/bot.js:288:70)
    at file:///rs2b0t/bot/scripts/bot/bot.js:93:63
    at globalThis.__rs2b0t_fire_tick_listeners (file:///rs2b0t/bot/runtime/BotHost.js:14:13)
    at globalThis.__rs2b0t_pump (file:///rs2b0t/bot/api/execution/Execution.js:107:37)
[rs2b0t] listener error Error: not impl: reader.selfChat
    at notImpl (file:///rs2b0t/bot/shim/_kernel.js:5:5)
    at Object.get (file:///rs2b0t/bot/shim/_kernel.js:17:19)
    at DuelArena.observeFightState (file:///rs2b0t/bot/scripts/bot/bot.js:288:70)
    at file:///rs2b0t/bot/scripts/bot/bot.js:93:63
    at globalThis.__rs2b0t_fire_tick_listeners (file:///rs2b0t/bot/runtime/BotHost.js:14:13)
    at globalThis.__rs2b0t_tick_async (file:///rs2b0t/bot/scripts/bot/main.js:15:37)
    at globalThis.__rs_tick (file:///rs2b0t/bot/scripts/bot/main.js:8:16)
[script livejleo1e_0] [rs2b0t] listener error not impl: reader.selfChat
[script livejleo1e_1] [rs2b0t] listener error not impl: reader.selfChat
[rs2b0t] listener error Error: not impl: reader.selfChat
    at notImpl (file:///rs2b0t/bot/shim/_kernel.js:5:5)
    at Object.get (file:///rs2b0t/bot/shim/_kernel.js:17:19)
    at DuelArena.observeFightState (file:///rs2b0t/bot/scripts/bot/bot.js:288:70)
    at file:///rs2b0t/bot/scripts/bot/bot.js:93:63
    at globalThis.__rs2b0t_fire_tick_listeners (file:///rs2b0t/bot/runtime/BotHost.js:14:13)
    at globalThis.__rs2b0t_tick_async (file:///rs2b0t/bot/scripts/bot/main.js:15:37)
    at globalThis.__rs_tick (file:///rs2b0t/bot/scripts/bot/main.js:8:16)
[rs2b0t] listener error Error: not impl: reader.selfChat
    at notImpl (file:///rs2b0t/bot/shim/_kernel.js:5:5)
    at Object.get (file:///rs2b0t/bot/shim/_kernel.js:17:19)
    at DuelArena.observeFightState (file:///rs2b0t/bot/scripts/bot/bot.js:288:70)
    at file:///rs2b0t/bot/scripts/bot/bot.js:93:63
    at globalThis.__rs2b0t_fire_tick_listeners (file:///rs2b0t/bot/runtime/BotHost.js:14:13)
    at globalThis.__rs2b0t_pump (file:///rs2b0t/bot/api/execution/Execution.js:107:37)
[script livejleo1e_0] [rs2b0t] listener error not impl: reader.selfChat
[script livejleo1e_1] [rs2b0t] listener error not impl: reader.selfChat
[host] slot livejleo1e_0: d_loop_us=1022 d_raster_us=0 d_observe_us=70732 max_observe_us=10736 d_paints=0 d_skips=50 d_ticks=1 window_ms=1151
[host] slot livejleo1e_1: d_loop_us=845 d_raster_us=0 d_observe_us=60394 max_observe_us=9686 d_paints=0 d_skips=50 d_ticks=2 window_ms=1199
[host] hitch livejleo1e_1: observe_us=19174 paints=0 skips=3000 ticks=129
[rs2b0t] listener error Error: not impl: reader.selfChat
    at notImpl (file:///rs2b0t/bot/shim/_kernel.js:5:5)
    at Object.get (file:///rs2b0t/bot/shim/_kernel.js:17:19)
    at DuelArena.observeFightState (file:///rs2b0t/bot/scripts/bot/bot.js:288:70)
    at file:///rs2b0t/bot/scripts/bot/bot.js:93:63
    at globalThis.__rs2b0t_fire_tick_listeners (file:///rs2b0t/bot/runtime/BotHost.js:14:13)
    at globalThis.__rs2b0t_tick_async (file:///rs2b0t/bot/scripts/bot/main.js:15:37)
    at globalThis.__rs_tick (file:///rs2b0t/bot/scripts/bot/main.js:8:16)
[script livejleo1e_1] [rs2b0t] listener error not impl: reader.selfChat
[rs2b0t] listener error Error: not impl: reader.selfChat
    at notImpl (file:///rs2b0t/bot/shim/_kernel.js:5:5)
    at Object.get (file:///rs2b0t/bot/shim/_kernel.js:17:19)
    at DuelArena.observeFightState (file:///rs2b0t/bot/scripts/bot/bot.js:288:70)
    at file:///rs2b0t/bot/scripts/bot/bot.js:93:63
    at globalThis.__rs2b0t_fire_tick_listeners (file:///rs2b0t/bot/runtime/BotHost.js:14:13)
    at globalThis.__rs2b0t_pump (file:///rs2b0t/bot/api/execution/Execution.js:107:37)
[script livejleo1e_0] [rs2b0t] listener error not impl: reader.selfChat
[rs2b0t] listener error Error: not impl: reader.selfChat
    at notImpl (file:///rs2b0t/bot/shim/_kernel.js:5:5)
    at Object.get (file:///rs2b0t/bot/shim/_kernel.js:17:19)
    at DuelArena.observeFightState (file:///rs2b0t/bot/scripts/bot/bot.js:288:70)
    at file:///rs2b0t/bot/scripts/bot/bot.js:93:63
    at globalThis.__rs2b0t_fire_tick_listeners (file:///rs2b0t/bot/runtime/BotHost.js:14:13)
    at globalThis.__rs2b0t_pump (file:///rs2b0t/bot/api/execution/Execution.js:107:37)
[rs2b0t] listener error Error: not impl: reader.selfChat
    at notImpl (file:///rs2b0t/bot/shim/_kernel.js:5:5)
    at Object.get (file:///rs2b0t/bot/shim/_kernel.js:17:19)
    at DuelArena.observeFightState (file:///rs2b0t/bot/scripts/bot/bot.js:288:70)
    at file:///rs2b0t/bot/scripts/bot/bot.js:93:63
    at globalThis.__rs2b0t_fire_tick_listeners (file:///rs2b0t/bot/runtime/BotHost.js:14:13)
    at globalThis.__rs2b0t_tick_async (file:///rs2b0t/bot/scripts/bot/main.js:15:37)
    at globalThis.__rs_tick (file:///rs2b0t/bot/scripts/bot/main.js:8:16)
[script livejleo1e_0] [rs2b0t] listener error not impl: reader.selfChat
[script livejleo1e_1] [rs2b0t] listener error not impl: reader.selfChat
[host] slot livejleo1e_0: d_loop_us=1036 d_raster_us=0 d_observe_us=64814 max_observe_us=11426 d_paints=0 d_skips=50 d_ticks=2 window_ms=1185
[host] slot livejleo1e_1: d_loop_us=945 d_raster_us=0 d_observe_us=82356 max_observe_us=19174 d_paints=0 d_skips=50 d_ticks=1 window_ms=1176
[rs2b0t] listener error Error: not impl: reader.selfChat
    at notImpl (file:///rs2b0t/bot/shim/_kernel.js:5:5)
    at Object.get (file:///rs2b0t/bot/shim/_kernel.js:17:19)
    at DuelArena.observeFightState (file:///rs2b0t/bot/scripts/bot/bot.js:288:70)
    at file:///rs2b0t/bot/scripts/bot/bot.js:93:63
    at globalThis.__rs2b0t_fire_tick_listeners (file:///rs2b0t/bot/runtime/BotHost.js:14:13)
    at globalThis.__rs2b0t_tick_async (file:///rs2b0t/bot/scripts/bot/main.js:15:37)
    at globalThis.__rs_tick (file:///rs2b0t/bot/scripts/bot/main.js:8:16)
[rs2b0t] listener error Error: not impl: reader.selfChat
    at notImpl (file:///rs2b0t/bot/shim/_kernel.js:5:5)
    at Object.get (file:///rs2b0t/bot/shim/_kernel.js:17:19)
    at DuelArena.observeFightState (file:///rs2b0t/bot/scripts/bot/bot.js:288:70)
    at file:///rs2b0t/bot/scripts/bot/bot.js:93:63
    at globalThis.__rs2b0t_fire_tick_listeners (file:///rs2b0t/bot/runtime/BotHost.js:14:13)
    at globalThis.__rs2b0t_pump (file:///rs2b0t/bot/api/execution/Execution.js:107:37)
[script livejleo1e_1] [rs2b0t] listener error not impl: reader.selfChat
[script livejleo1e_0] [rs2b0t] listener error not impl: reader.selfChat
[rs2b0t] listener error Error: not impl: reader.selfChat
    at notImpl (file:///rs2b0t/bot/shim/_kernel.js:5:5)
    at Object.get (file:///rs2b0t/bot/shim/_kernel.js:17:19)
    at DuelArena.observeFightState (file:///rs2b0t/bot/scripts/bot/bot.js:288:70)
    at file:///rs2b0t/bot/scripts/bot/bot.js:93:63
    at globalThis.__rs2b0t_fire_tick_listeners (file:///rs2b0t/bot/runtime/BotHost.js:14:13)
    at globalThis.__rs2b0t_tick_async (file:///rs2b0t/bot/scripts/bot/main.js:15:37)
    at globalThis.__rs_tick (file:///rs2b0t/bot/scripts/bot/main.js:8:16)
[rs2b0t] listener error Error: not impl: reader.selfChat
    at notImpl (file:///rs2b0t/bot/shim/_kernel.js:5:5)
    at Object.get (file:///rs2b0t/bot/shim/_kernel.js:17:19)
    at DuelArena.observeFightState (file:///rs2b0t/bot/scripts/bot/bot.js:288:70)
    at file:///rs2b0t/bot/scripts/bot/bot.js:93:63
    at globalThis.__rs2b0t_fire_tick_listeners (file:///rs2b0t/bot/runtime/BotHost.js:14:13)
    at globalThis.__rs2b0t_pump (file:///rs2b0t/bot/api/execution/Execution.js:107:37)
[script livejleo1e_0] [rs2b0t] listener error not impl: reader.selfChat
[script livejleo1e_1] [rs2b0t] listener error not impl: reader.selfChat
[host] slot livejleo1e_0: d_loop_us=813 d_raster_us=0 d_observe_us=70236 max_observe_us=7689 d_paints=0 d_skips=50 d_ticks=2 window_ms=1177
[host] slot livejleo1e_1: d_loop_us=1042 d_raster_us=0 d_observe_us=64139 max_observe_us=7455 d_paints=0 d_skips=50 d_ticks=2 window_ms=1179
[rs2b0t] listener error Error: not impl: reader.selfChat
    at notImpl (file:///rs2b0t/bot/shim/_kernel.js:5:5)
    at Object.get (file:///rs2b0t/bot/shim/_kernel.js:17:19)
    at DuelArena.observeFightState (file:///rs2b0t/bot/scripts/bot/bot.js:288:70)
    at file:///rs2b0t/bot/scripts/bot/bot.js:93:63
    at globalThis.__rs2b0t_fire_tick_listeners (file:///rs2b0t/bot/runtime/BotHost.js:14:13)
    at globalThis.__rs2b0t_tick_async (file:///rs2b0t/bot/scripts/bot/main.js:15:37)
    at globalThis.__rs_tick (file:///rs2b0t/bot/scripts/bot/main.js:8:16)
[rs2b0t] listener error Error: not impl: reader.selfChat
    at notImpl (file:///rs2b0t/bot/shim/_kernel.js:5:5)
    at Object.get (file:///rs2b0t/bot/shim/_kernel.js:17:19)
    at DuelArena.observeFightState (file:///rs2b0t/bot/scripts/bot/bot.js:288:70)
    at file:///rs2b0t/bot/scripts/bot/bot.js:93:63
    at globalThis.__rs2b0t_fire_tick_listeners (file:///rs2b0t/bot/runtime/BotHost.js:14:13)
    at globalThis.__rs2b0t_pump (file:///rs2b0t/bot/api/execution/Execution.js:107:37)
[script livejleo1e_1] [rs2b0t] listener error not impl: reader.selfChat
[script livejleo1e_0] [rs2b0t] listener error not impl: reader.selfChat
[rs2b0t] listener error Error: not impl: reader.selfChat
    at notImpl (file:///rs2b0t/bot/shim/_kernel.js:5:5)
    at Object.get (file:///rs2b0t/bot/shim/_kernel.js:17:19)
    at DuelArena.observeFightState (file:///rs2b0t/bot/scripts/bot/bot.js:288:70)
    at file:///rs2b0t/bot/scripts/bot/bot.js:93:63
    at globalThis.__rs2b0t_fire_tick_listeners (file:///rs2b0t/bot/runtime/BotHost.js:14:13)
    at globalThis.__rs2b0t_pump (file:///rs2b0t/bot/api/execution/Execution.js:107:37)
[rs2b0t] listener error Error: not impl: reader.selfChat
    at notImpl (file:///rs2b0t/bot/shim/_kernel.js:5:5)
    at Object.get (file:///rs2b0t/bot/shim/_kernel.js:17:19)
    at DuelArena.observeFightState (file:///rs2b0t/bot/scripts/bot/bot.js:288:70)
    at file:///rs2b0t/bot/scripts/bot/bot.js:93:63
    at globalThis.__rs2b0t_fire_tick_listeners (file:///rs2b0t/bot/runtime/BotHost.js:14:13)
    at globalThis.__rs2b0t_tick_async (file:///rs2b0t/bot/scripts/bot/main.js:15:37)
    at globalThis.__rs_tick (file:///rs2b0t/bot/scripts/bot/main.js:8:16)
[script livejleo1e_1] [rs2b0t] listener error not impl: reader.selfChat
[script livejleo1e_0] [rs2b0t] listener error not impl: reader.selfChat
[host] slot livejleo1e_0: d_loop_us=1044 d_raster_us=0 d_observe_us=60646 max_observe_us=9702 d_paints=0 d_skips=50 d_ticks=2 window_ms=1182
[host] slot livejleo1e_1: d_loop_us=1246 d_raster_us=0 d_observe_us=70452 max_observe_us=11766 d_paints=0 d_skips=50 d_ticks=2 window_ms=1177
[rs2b0t] listener error Error: not impl: reader.selfChat
    at notImpl (file:///rs2b0t/bot/shim/_kernel.js:5:5)
    at Object.get (file:///rs2b0t/bot/shim/_kernel.js:17:19)
    at DuelArena.observeFightState (file:///rs2b0t/bot/scripts/bot/bot.js:288:70)
    at file:///rs2b0t/bot/scripts/bot/bot.js:93:63
    at globalThis.__rs2b0t_fire_tick_listeners (file:///rs2b0t/bot/runtime/BotHost.js:14:13)
    at globalThis.__rs2b0t_pump (file:///rs2b0t/bot/api/execution/Execution.js:107:37)
[rs2b0t] listener error Error: not impl: reader.selfChat
    at notImpl (file:///rs2b0t/bot/shim/_kernel.js:5:5)
    at Object.get (file:///rs2b0t/bot/shim/_kernel.js:17:19)
    at DuelArena.observeFightState (file:///rs2b0t/bot/scripts/bot/bot.js:288:70)
    at file:///rs2b0t/bot/scripts/bot/bot.js:93:63
    at globalThis.__rs2b0t_fire_tick_listeners (file:///rs2b0t/bot/runtime/BotHost.js:14:13)
    at globalThis.__rs2b0t_tick_async (file:///rs2b0t/bot/scripts/bot/main.js:15:37)
    at globalThis.__rs_tick (file:///rs2b0t/bot/scripts/bot/main.js:8:16)
[script livejleo1e_0] [rs2b0t] listener error not impl: reader.selfChat
[script livejleo1e_1] [rs2b0t] listener error not impl: reader.selfChat
[rs2b0t] listener error Error: not impl: reader.selfChat
    at notImpl (file:///rs2b0t/bot/shim/_kernel.js:5:5)
    at Object.get (file:///rs2b0t/bot/shim/_kernel.js:17:19)
    at DuelArena.observeFightState (file:///rs2b0t/bot/scripts/bot/bot.js:288:70)
    at file:///rs2b0t/bot/scripts/bot/bot.js:93:63
    at globalThis.__rs2b0t_fire_tick_listeners (file:///rs2b0t/bot/runtime/BotHost.js:14:13)
    at globalThis.__rs2b0t_tick_async (file:///rs2b0t/bot/scripts/bot/main.js:15:37)
    at globalThis.__rs_tick (file:///rs2b0t/bot/scripts/bot/main.js:8:16)
[rs2b0t] listener error Error: not impl: reader.selfChat
    at notImpl (file:///rs2b0t/bot/shim/_kernel.js:5:5)
    at Object.get (file:///rs2b0t/bot/shim/_kernel.js:17:19)
    at DuelArena.observeFightState (file:///rs2b0t/bot/scripts/bot/bot.js:288:70)
    at file:///rs2b0t/bot/scripts/bot/bot.js:93:63
    at globalThis.__rs2b0t_fire_tick_listeners (file:///rs2b0t/bot/runtime/BotHost.js:14:13)
    at globalThis.__rs2b0t_pump (file:///rs2b0t/bot/api/execution/Execution.js:107:37)
[script livejleo1e_0] [rs2b0t] listener error not impl: reader.selfChat
[script livejleo1e_1] [rs2b0t] listener error not impl: reader.selfChat
[host] slot livejleo1e_0: d_loop_us=971 d_raster_us=0 d_observe_us=63681 max_observe_us=11656 d_paints=0 d_skips=50 d_ticks=2 window_ms=1177
[host] slot livejleo1e_1: d_loop_us=1043 d_raster_us=0 d_observe_us=62468 max_observe_us=10291 d_paints=0 d_skips=50 d_ticks=2 window_ms=1195
[rs2b0t] listener error Error: not impl: reader.selfChat
    at notImpl (file:///rs2b0t/bot/shim/_kernel.js:5:5)
    at Object.get (file:///rs2b0t/bot/shim/_kernel.js:17:19)
    at DuelArena.observeFightState (file:///rs2b0t/bot/scripts/bot/bot.js:288:70)
    at file:///rs2b0t/bot/scripts/bot/bot.js:93:63
    at globalThis.__rs2b0t_fire_tick_listeners (file:///rs2b0t/bot/runtime/BotHost.js:14:13)
    at globalThis.__rs2b0t_tick_async (file:///rs2b0t/bot/scripts/bot/main.js:15:37)
    at globalThis.__rs_tick (file:///rs2b0t/bot/scripts/bot/main.js:8:16)
[rs2b0t] listener error Error: not impl: reader.selfChat
    at notImpl (file:///rs2b0t/bot/shim/_kernel.js:5:5)
    at Object.get (file:///rs2b0t/bot/shim/_kernel.js:17:19)
    at DuelArena.observeFightState (file:///rs2b0t/bot/scripts/bot/bot.js:288:70)
    at file:///rs2b0t/bot/scripts/bot/bot.js:93:63
    at globalThis.__rs2b0t_fire_tick_listeners (file:///rs2b0t/bot/runtime/BotHost.js:14:13)
    at globalThis.__rs2b0t_pump (file:///rs2b0t/bot/api/execution/Execution.js:107:37)
[script livejleo1e_1] [rs2b0t] listener error not impl: reader.selfChat
[script livejleo1e_0] [rs2b0t] listener error not impl: reader.selfChat
[rs2b0t] listener error Error: not impl: reader.selfChat
    at notImpl (file:///rs2b0t/bot/shim/_kernel.js:5:5)
    at Object.get (file:///rs2b0t/bot/shim/_kernel.js:17:19)
    at DuelArena.observeFightState (file:///rs2b0t/bot/scripts/bot/bot.js:288:70)
    at file:///rs2b0t/bot/scripts/bot/bot.js:93:63
    at globalThis.__rs2b0t_fire_tick_listeners (file:///rs2b0t/bot/runtime/BotHost.js:14:13)
    at globalThis.__rs2b0t_tick_async (file:///rs2b0t/bot/scripts/bot/main.js:15:37)
    at globalThis.__rs_tick (file:///rs2b0t/bot/scripts/bot/main.js:8:16)
[rs2b0t] listener error Error: not impl: reader.selfChat
    at notImpl (file:///rs2b0t/bot/shim/_kernel.js:5:5)
    at Object.get (file:///rs2b0t/bot/shim/_kernel.js:17:19)
    at DuelArena.observeFightState (file:///rs2b0t/bot/scripts/bot/bot.js:288:70)
    at file:///rs2b0t/bot/scripts/bot/bot.js:93:63
    at globalThis.__rs2b0t_fire_tick_listeners (file:///rs2b0t/bot/runtime/BotHost.js:14:13)
    at globalThis.__rs2b0t_pump (file:///rs2b0t/bot/api/execution/Execution.js:107:37)
[script livejleo1e_0] [rs2b0t] listener error not impl: reader.selfChat
[script livejleo1e_1] [rs2b0t] listener error not impl: reader.selfChat
[host] slot livejleo1e_0: d_loop_us=1025 d_raster_us=0 d_observe_us=58587 max_observe_us=11589 d_paints=0 d_skips=50 d_ticks=2 window_ms=1182
[host] slot livejleo1e_1: d_loop_us=1145 d_raster_us=0 d_observe_us=62222 max_observe_us=10036 d_paints=0 d_skips=50 d_ticks=2 window_ms=1166
[rs2b0t] listener error Error: not impl: reader.selfChat
    at notImpl (file:///rs2b0t/bot/shim/_kernel.js:5:5)
    at Object.get (file:///rs2b0t/bot/shim/_kernel.js:17:19)
    at DuelArena.observeFightState (file:///rs2b0t/bot/scripts/bot/bot.js:288:70)
    at file:///rs2b0t/bot/scripts/bot/bot.js:93:63
    at globalThis.__rs2b0t_fire_tick_listeners (file:///rs2b0t/bot/runtime/BotHost.js:14:13)
    at globalThis.__rs2b0t_pump (file:///rs2b0t/bot/api/execution/Execution.js:107:37)
[script livejleo1e_0] [rs2b0t] listener error not impl: reader.selfChat
[rs2b0t] listener error Error: not impl: reader.selfChat
    at notImpl (file:///rs2b0t/bot/shim/_kernel.js:5:5)
    at Object.get (file:///rs2b0t/bot/shim/_kernel.js:17:19)
    at DuelArena.observeFightState (file:///rs2b0t/bot/scripts/bot/bot.js:288:70)
    at file:///rs2b0t/bot/scripts/bot/bot.js:93:63
    at globalThis.__rs2b0t_fire_tick_listeners (file:///rs2b0t/bot/runtime/BotHost.js:14:13)
    at globalThis.__rs2b0t_tick_async (file:///rs2b0t/bot/scripts/bot/main.js:15:37)
    at globalThis.__rs_tick (file:///rs2b0t/bot/scripts/bot/main.js:8:16)
[script livejleo1e_1] [rs2b0t] listener error not impl: reader.selfChat
[rs2b0t] listener error Error: not impl: reader.selfChat
    at notImpl (file:///rs2b0t/bot/shim/_kernel.js:5:5)
    at Object.get (file:///rs2b0t/bot/shim/_kernel.js:17:19)
    at DuelArena.observeFightState (file:///rs2b0t/bot/scripts/bot/bot.js:288:70)
    at file:///rs2b0t/bot/scripts/bot/bot.js:93:63
    at globalThis.__rs2b0t_fire_tick_listeners (file:///rs2b0t/bot/runtime/BotHost.js:14:13)
    at globalThis.__rs2b0t_tick_async (file:///rs2b0t/bot/scripts/bot/main.js:15:37)
    at globalThis.__rs_tick (file:///rs2b0t/bot/scripts/bot/main.js:8:16)
[rs2b0t] listener error Error: not impl: reader.selfChat
    at notImpl (file:///rs2b0t/bot/shim/_kernel.js:5:5)
    at Object.get (file:///rs2b0t/bot/shim/_kernel.js:17:19)
    at DuelArena.observeFightState (file:///rs2b0t/bot/scripts/bot/bot.js:288:70)
    at file:///rs2b0t/bot/scripts/bot/bot.js:93:63
    at globalThis.__rs2b0t_fire_tick_listeners (file:///rs2b0t/bot/runtime/BotHost.js:14:13)
    at globalThis.__rs2b0t_pump (file:///rs2b0t/bot/api/execution/Execution.js:107:37)
[script livejleo1e_0] [rs2b0t] listener error not impl: reader.selfChat
[script livejleo1e_1] [rs2b0t] listener error not impl: reader.selfChat
[host] slot livejleo1e_0: d_loop_us=1072 d_raster_us=0 d_observe_us=70920 max_observe_us=11976 d_paints=0 d_skips=50 d_ticks=2 window_ms=1179
[host] slot livejleo1e_1: d_loop_us=976 d_raster_us=0 d_observe_us=63762 max_observe_us=9792 d_paints=0 d_skips=50 d_ticks=2 window_ms=1174
[rs2b0t] listener error Error: not impl: reader.selfChat
    at notImpl (file:///rs2b0t/bot/shim/_kernel.js:5:5)
    at Object.get (file:///rs2b0t/bot/shim/_kernel.js:17:19)
    at DuelArena.observeFightState (file:///rs2b0t/bot/scripts/bot/bot.js:288:70)
    at file:///rs2b0t/bot/scripts/bot/bot.js:93:63
    at globalThis.__rs2b0t_fire_tick_listeners (file:///rs2b0t/bot/runtime/BotHost.js:14:13)
    at globalThis.__rs2b0t_tick_async (file:///rs2b0t/bot/scripts/bot/main.js:15:37)
    at globalThis.__rs_tick (file:///rs2b0t/bot/scripts/bot/main.js:8:16)
[script livejleo1e_1] [rs2b0t] listener error not impl: reader.selfChat
[rs2b0t] listener error Error: not impl: reader.selfChat
    at notImpl (file:///rs2b0t/bot/shim/_kernel.js:5:5)
    at Object.get (file:///rs2b0t/bot/shim/_kernel.js:17:19)
    at DuelArena.observeFightState (file:///rs2b0t/bot/scripts/bot/bot.js:288:70)
    at file:///rs2b0t/bot/scripts/bot/bot.js:93:63
    at globalThis.__rs2b0t_fire_tick_listeners (file:///rs2b0t/bot/runtime/BotHost.js:14:13)
    at globalThis.__rs2b0t_pump (file:///rs2b0t/bot/api/execution/Execution.js:107:37)
[script livejleo1e_0] [rs2b0t] listener error not impl: reader.selfChat
[rs2b0t] listener error Error: not impl: reader.selfChat
    at notImpl (file:///rs2b0t/bot/shim/_kernel.js:5:5)
    at Object.get (file:///rs2b0t/bot/shim/_kernel.js:17:19)
    at DuelArena.observeFightState (file:///rs2b0t/bot/scripts/bot/bot.js:288:70)
    at file:///rs2b0t/bot/scripts/bot/bot.js:93:63
    at globalThis.__rs2b0t_fire_tick_listeners (file:///rs2b0t/bot/runtime/BotHost.js:14:13)
    at globalThis.__rs2b0t_tick_async (file:///rs2b0t/bot/scripts/bot/main.js:15:37)
    at globalThis.__rs_tick (file:///rs2b0t/bot/scripts/bot/main.js:8:16)
[rs2b0t] listener error Error: not impl: reader.selfChat
    at notImpl (file:///rs2b0t/bot/shim/_kernel.js:5:5)
    at Object.get (file:///rs2b0t/bot/shim/_kernel.js:17:19)
    at DuelArena.observeFightState (file:///rs2b0t/bot/scripts/bot/bot.js:288:70)
    at file:///rs2b0t/bot/scripts/bot/bot.js:93:63
    at globalThis.__rs2b0t_fire_tick_listeners (file:///rs2b0t/bot/runtime/BotHost.js:14:13)
    at globalThis.__rs2b0t_pump (file:///rs2b0t/bot/api/execution/Execution.js:107:37)
[script livejleo1e_0] [rs2b0t] listener error not impl: reader.selfChat
[script livejleo1e_1] [rs2b0t] listener error not impl: reader.selfChat
[host] slot livejleo1e_0: d_loop_us=926 d_raster_us=0 d_observe_us=66261 max_observe_us=11156 d_paints=0 d_skips=50 d_ticks=2 window_ms=1181
[host] slot livejleo1e_1: d_loop_us=1009 d_raster_us=0 d_observe_us=62306 max_observe_us=10839 d_paints=0 d_skips=50 d_ticks=2 window_ms=1170
[rs2b0t] listener error Error: not impl: reader.selfChat
    at notImpl (file:///rs2b0t/bot/shim/_kernel.js:5:5)
    at Object.get (file:///rs2b0t/bot/shim/_kernel.js:17:19)
    at DuelArena.observeFightState (file:///rs2b0t/bot/scripts/bot/bot.js:288:70)
    at file:///rs2b0t/bot/scripts/bot/bot.js:93:63
    at globalThis.__rs2b0t_fire_tick_listeners (file:///rs2b0t/bot/runtime/BotHost.js:14:13)
    at globalThis.__rs2b0t_pump (file:///rs2b0t/bot/api/execution/Execution.js:107:37)
[rs2b0t] listener error Error: not impl: reader.selfChat
    at notImpl (file:///rs2b0t/bot/shim/_kernel.js:5:5)
    at Object.get (file:///rs2b0t/bot/shim/_kernel.js:17:19)
    at DuelArena.observeFightState (file:///rs2b0t/bot/scripts/bot/bot.js:288:70)
    at file:///rs2b0t/bot/scripts/bot/bot.js:93:63
    at globalThis.__rs2b0t_fire_tick_listeners (file:///rs2b0t/bot/runtime/BotHost.js:14:13)
    at globalThis.__rs2b0t_tick_async (file:///rs2b0t/bot/scripts/bot/main.js:15:37)
    at globalThis.__rs_tick (file:///rs2b0t/bot/scripts/bot/main.js:8:16)
[script livejleo1e_0] [rs2b0t] listener error not impl: reader.selfChat
[script livejleo1e_1] [rs2b0t] listener error not impl: reader.selfChat
[rs2b0t] listener error Error: not impl: reader.selfChat
    at notImpl (file:///rs2b0t/bot/shim/_kernel.js:5:5)
    at Object.get (file:///rs2b0t/bot/shim/_kernel.js:17:19)
    at DuelArena.observeFightState (file:///rs2b0t/bot/scripts/bot/bot.js:288:70)
    at file:///rs2b0t/bot/scripts/bot/bot.js:93:63
    at globalThis.__rs2b0t_fire_tick_listeners (file:///rs2b0t/bot/runtime/BotHost.js:14:13)
    at globalThis.__rs2b0t_tick_async (file:///rs2b0t/bot/scripts/bot/main.js:15:37)
    at globalThis.__rs_tick (file:///rs2b0t/bot/scripts/bot/main.js:8:16)
[rs2b0t] listener error Error: not impl: reader.selfChat
    at notImpl (file:///rs2b0t/bot/shim/_kernel.js:5:5)
    at Object.get (file:///rs2b0t/bot/shim/_kernel.js:17:19)
    at DuelArena.observeFightState (file:///rs2b0t/bot/scripts/bot/bot.js:288:70)
    at file:///rs2b0t/bot/scripts/bot/bot.js:93:63
    at globalThis.__rs2b0t_fire_tick_listeners (file:///rs2b0t/bot/runtime/BotHost.js:14:13)
    at globalThis.__rs2b0t_pump (file:///rs2b0t/bot/api/execution/Execution.js:107:37)
[script livejleo1e_0] [rs2b0t] listener error not impl: reader.selfChat
[script livejleo1e_1] [rs2b0t] listener error not impl: reader.selfChat
[host] slot livejleo1e_0: d_loop_us=1000 d_raster_us=0 d_observe_us=53031 max_observe_us=10180 d_paints=0 d_skips=50 d_ticks=2 window_ms=1186
[host] slot livejleo1e_1: d_loop_us=765 d_raster_us=0 d_observe_us=51229 max_observe_us=10081 d_paints=0 d_skips=50 d_ticks=2 window_ms=1189
[rs2b0t] listener error Error: not impl: reader.selfChat
    at notImpl (file:///rs2b0t/bot/shim/_kernel.js:5:5)
    at Object.get (file:///rs2b0t/bot/shim/_kernel.js:17:19)
    at DuelArena.observeFightState (file:///rs2b0t/bot/scripts/bot/bot.js:288:70)
    at file:///rs2b0t/bot/scripts/bot/bot.js:93:63
    at globalThis.__rs2b0t_fire_tick_listeners (file:///rs2b0t/bot/runtime/BotHost.js:14:13)
    at globalThis.__rs2b0t_pump (file:///rs2b0t/bot/api/execution/Execution.js:107:37)
[rs2b0t] listener error Error: not impl: reader.selfChat
    at notImpl (file:///rs2b0t/bot/shim/_kernel.js:5:5)
    at Object.get (file:///rs2b0t/bot/shim/_kernel.js:17:19)
    at DuelArena.observeFightState (file:///rs2b0t/bot/scripts/bot/bot.js:288:70)
    at file:///rs2b0t/bot/scripts/bot/bot.js:93:63
    at globalThis.__rs2b0t_fire_tick_listeners (file:///rs2b0t/bot/runtime/BotHost.js:14:13)
    at globalThis.__rs2b0t_tick_async (file:///rs2b0t/bot/scripts/bot/main.js:15:37)
    at globalThis.__rs_tick (file:///rs2b0t/bot/scripts/bot/main.js:8:16)
[script livejleo1e_0] [rs2b0t] listener error not impl: reader.selfChat
[script livejleo1e_1] [rs2b0t] listener error not impl: reader.selfChat
[rs2b0t] listener error Error: not impl: reader.selfChat
    at notImpl (file:///rs2b0t/bot/shim/_kernel.js:5:5)
    at Object.get (file:///rs2b0t/bot/shim/_kernel.js:17:19)
    at DuelArena.observeFightState (file:///rs2b0t/bot/scripts/bot/bot.js:288:70)
    at file:///rs2b0t/bot/scripts/bot/bot.js:93:63
    at globalThis.__rs2b0t_fire_tick_listeners (file:///rs2b0t/bot/runtime/BotHost.js:14:13)
    at globalThis.__rs2b0t_tick_async (file:///rs2b0t/bot/scripts/bot/main.js:15:37)
    at globalThis.__rs_tick (file:///rs2b0t/bot/scripts/bot/main.js:8:16)
[rs2b0t] listener error Error: not impl: reader.selfChat
    at notImpl (file:///rs2b0t/bot/shim/_kernel.js:5:5)
    at Object.get (file:///rs2b0t/bot/shim/_kernel.js:17:19)
    at DuelArena.observeFightState (file:///rs2b0t/bot/scripts/bot/bot.js:288:70)
    at file:///rs2b0t/bot/scripts/bot/bot.js:93:63
    at globalThis.__rs2b0t_fire_tick_listeners (file:///rs2b0t/bot/runtime/BotHost.js:14:13)
    at globalThis.__rs2b0t_pump (file:///rs2b0t/bot/api/execution/Execution.js:107:37)
[script livejleo1e_0] [rs2b0t] listener error not impl: reader.selfChat
[script livejleo1e_1] [rs2b0t] listener error not impl: reader.selfChat
[host] slot livejleo1e_0: d_loop_us=1174 d_raster_us=0 d_observe_us=67936 max_observe_us=11098 d_paints=0 d_skips=50 d_ticks=2 window_ms=1186
[host] slot livejleo1e_1: d_loop_us=897 d_raster_us=0 d_observe_us=63886 max_observe_us=10486 d_paints=0 d_skips=50 d_ticks=2 window_ms=1202
[rs2b0t] listener error Error: not impl: reader.selfChat
    at notImpl (file:///rs2b0t/bot/shim/_kernel.js:5:5)
    at Object.get (file:///rs2b0t/bot/shim/_kernel.js:17:19)
    at DuelArena.observeFightState (file:///rs2b0t/bot/scripts/bot/bot.js:288:70)
    at file:///rs2b0t/bot/scripts/bot/bot.js:93:63
    at globalThis.__rs2b0t_fire_tick_listeners (file:///rs2b0t/bot/runtime/BotHost.js:14:13)
    at globalThis.__rs2b0t_tick_async (file:///rs2b0t/bot/scripts/bot/main.js:15:37)
    at globalThis.__rs_tick (file:///rs2b0t/bot/scripts/bot/main.js:8:16)
[rs2b0t] listener error Error: not impl: reader.selfChat
    at notImpl (file:///rs2b0t/bot/shim/_kernel.js:5:5)
    at Object.get (file:///rs2b0t/bot/shim/_kernel.js:17:19)
    at DuelArena.observeFightState (file:///rs2b0t/bot/scripts/bot/bot.js:288:70)
    at file:///rs2b0t/bot/scripts/bot/bot.js:93:63
    at globalThis.__rs2b0t_fire_tick_listeners (file:///rs2b0t/bot/runtime/BotHost.js:14:13)
    at globalThis.__rs2b0t_pump (file:///rs2b0t/bot/api/execution/Execution.js:107:37)
[script livejleo1e_0] [rs2b0t] listener error not impl: reader.selfChat
[script livejleo1e_1] [rs2b0t] listener error not impl: reader.selfChat
[rs2b0t] listener error Error: not impl: reader.selfChat
    at notImpl (file:///rs2b0t/bot/shim/_kernel.js:5:5)
    at Object.get (file:///rs2b0t/bot/shim/_kernel.js:17:19)
    at DuelArena.observeFightState (file:///rs2b0t/bot/scripts/bot/bot.js:288:70)
    at file:///rs2b0t/bot/scripts/bot/bot.js:93:63
    at globalThis.__rs2b0t_fire_tick_listeners (file:///rs2b0t/bot/runtime/BotHost.js:14:13)
    at globalThis.__rs2b0t_pump (file:///rs2b0t/bot/api/execution/Execution.js:107:37)
[rs2b0t] listener error Error: not impl: reader.selfChat
    at notImpl (file:///rs2b0t/bot/shim/_kernel.js:5:5)
    at Object.get (file:///rs2b0t/bot/shim/_kernel.js:17:19)
    at DuelArena.observeFightState (file:///rs2b0t/bot/scripts/bot/bot.js:288:70)
    at file:///rs2b0t/bot/scripts/bot/bot.js:93:63
    at globalThis.__rs2b0t_fire_tick_listeners (file:///rs2b0t/bot/runtime/BotHost.js:14:13)
    at globalThis.__rs2b0t_tick_async (file:///rs2b0t/bot/scripts/bot/main.js:15:37)
    at globalThis.__rs_tick (file:///rs2b0t/bot/scripts/bot/main.js:8:16)
[script livejleo1e_1] [rs2b0t] listener error not impl: reader.selfChat
[script livejleo1e_0] [rs2b0t] listener error not impl: reader.selfChat
[host] slot livejleo1e_0: d_loop_us=944 d_raster_us=0 d_observe_us=76230 max_observe_us=14601 d_paints=0 d_skips=50 d_ticks=2 window_ms=1174
[host] slot livejleo1e_1: d_loop_us=976 d_raster_us=0 d_observe_us=71332 max_observe_us=14409 d_paints=0 d_skips=50 d_ticks=2 window_ms=1196
[rs2b0t] listener error Error: not impl: reader.selfChat
    at notImpl (file:///rs2b0t/bot/shim/_kernel.js:5:5)
    at Object.get (file:///rs2b0t/bot/shim/_kernel.js:17:19)
    at DuelArena.observeFightState (file:///rs2b0t/bot/scripts/bot/bot.js:288:70)
    at file:///rs2b0t/bot/scripts/bot/bot.js:93:63
    at globalThis.__rs2b0t_fire_tick_listeners (file:///rs2b0t/bot/runtime/BotHost.js:14:13)
    at globalThis.__rs2b0t_pump (file:///rs2b0t/bot/api/execution/Execution.js:107:37)
[rs2b0t] listener error Error: not impl: reader.selfChat
    at notImpl (file:///rs2b0t/bot/shim/_kernel.js:5:5)
    at Object.get (file:///rs2b0t/bot/shim/_kernel.js:17:19)
    at DuelArena.observeFightState (file:///rs2b0t/bot/scripts/bot/bot.js:288:70)
    at file:///rs2b0t/bot/scripts/bot/bot.js:93:63
    at globalThis.__rs2b0t_fire_tick_listeners (file:///rs2b0t/bot/runtime/BotHost.js:14:13)
    at globalThis.__rs2b0t_tick_async (file:///rs2b0t/bot/scripts/bot/main.js:15:37)
    at globalThis.__rs_tick (file:///rs2b0t/bot/scripts/bot/main.js:8:16)
[script livejleo1e_1] [rs2b0t] listener error not impl: reader.selfChat
[script livejleo1e_0] [rs2b0t] listener error not impl: reader.selfChat
[rs2b0t] listener error Error: not impl: reader.selfChat
    at notImpl (file:///rs2b0t/bot/shim/_kernel.js:5:5)
    at Object.get (file:///rs2b0t/bot/shim/_kernel.js:17:19)
    at DuelArena.observeFightState (file:///rs2b0t/bot/scripts/bot/bot.js:288:70)
    at file:///rs2b0t/bot/scripts/bot/bot.js:93:63
    at globalThis.__rs2b0t_fire_tick_listeners (file:///rs2b0t/bot/runtime/BotHost.js:14:13)
    at globalThis.__rs2b0t_pump (file:///rs2b0t/bot/api/execution/Execution.js:107:37)
[rs2b0t] listener error Error: not impl: reader.selfChat
    at notImpl (file:///rs2b0t/bot/shim/_kernel.js:5:5)
    at Object.get (file:///rs2b0t/bot/shim/_kernel.js:17:19)
    at DuelArena.observeFightState (file:///rs2b0t/bot/scripts/bot/bot.js:288:70)
    at file:///rs2b0t/bot/scripts/bot/bot.js:93:63
    at globalThis.__rs2b0t_fire_tick_listeners (file:///rs2b0t/bot/runtime/BotHost.js:14:13)
    at globalThis.__rs2b0t_tick_async (file:///rs2b0t/bot/scripts/bot/main.js:15:37)
    at globalThis.__rs_tick (file:///rs2b0t/bot/scripts/bot/main.js:8:16)
[script livejleo1e_1] [rs2b0t] listener error not impl: reader.selfChat
[script livejleo1e_0] [rs2b0t] listener error not impl: reader.selfChat
[host] slot livejleo1e_0: d_loop_us=752 d_raster_us=0 d_observe_us=51560 max_observe_us=7584 d_paints=0 d_skips=50 d_ticks=2 window_ms=1179
[host] slot livejleo1e_1: d_loop_us=880 d_raster_us=0 d_observe_us=50172 max_observe_us=7582 d_paints=0 d_skips=50 d_ticks=2 window_ms=1184
[rs2b0t] listener error Error: not impl: reader.selfChat
    at notImpl (file:///rs2b0t/bot/shim/_kernel.js:5:5)
    at Object.get (file:///rs2b0t/bot/shim/_kernel.js:17:19)
    at DuelArena.observeFightState (file:///rs2b0t/bot/scripts/bot/bot.js:288:70)
    at file:///rs2b0t/bot/scripts/bot/bot.js:93:63
    at globalThis.__rs2b0t_fire_tick_listeners (file:///rs2b0t/bot/runtime/BotHost.js:14:13)
    at globalThis.__rs2b0t_pump (file:///rs2b0t/bot/api/execution/Execution.js:107:37)
[script livejleo1e_0] [rs2b0t] listener error not impl: reader.selfChat
[rs2b0t] listener error Error: not impl: reader.selfChat
    at notImpl (file:///rs2b0t/bot/shim/_kernel.js:5:5)
    at Object.get (file:///rs2b0t/bot/shim/_kernel.js:17:19)
    at DuelArena.observeFightState (file:///rs2b0t/bot/scripts/bot/bot.js:288:70)
    at file:///rs2b0t/bot/scripts/bot/bot.js:93:63
    at globalThis.__rs2b0t_fire_tick_listeners (file:///rs2b0t/bot/runtime/BotHost.js:14:13)
    at globalThis.__rs2b0t_tick_async (file:///rs2b0t/bot/scripts/bot/main.js:15:37)
    at globalThis.__rs_tick (file:///rs2b0t/bot/scripts/bot/main.js:8:16)
[script livejleo1e_1] [rs2b0t] listener error not impl: reader.selfChat
[rs2b0t] listener error Error: not impl: reader.selfChat
    at notImpl (file:///rs2b0t/bot/shim/_kernel.js:5:5)
    at Object.get (file:///rs2b0t/bot/shim/_kernel.js:17:19)
    at DuelArena.observeFightState (file:///rs2b0t/bot/scripts/bot/bot.js:288:70)
    at file:///rs2b0t/bot/scripts/bot/bot.js:93:63
    at globalThis.__rs2b0t_fire_tick_listeners (file:///rs2b0t/bot/runtime/BotHost.js:14:13)
    at globalThis.__rs2b0t_tick_async (file:///rs2b0t/bot/scripts/bot/main.js:15:37)
    at globalThis.__rs_tick (file:///rs2b0t/bot/scripts/bot/main.js:8:16)
[rs2b0t] listener error Error: not impl: reader.selfChat
    at notImpl (file:///rs2b0t/bot/shim/_kernel.js:5:5)
    at Object.get (file:///rs2b0t/bot/shim/_kernel.js:17:19)
    at DuelArena.observeFightState (file:///rs2b0t/bot/scripts/bot/bot.js:288:70)
    at file:///rs2b0t/bot/scripts/bot/bot.js:93:63
    at globalThis.__rs2b0t_fire_tick_listeners (file:///rs2b0t/bot/runtime/BotHost.js:14:13)
    at globalThis.__rs2b0t_pump (file:///rs2b0t/bot/api/execution/Execution.js:107:37)
[script livejleo1e_0] [rs2b0t] listener error not impl: reader.selfChat
[script livejleo1e_1] [rs2b0t] listener error not impl: reader.selfChat
[host] slot livejleo1e_0: d_loop_us=899 d_raster_us=0 d_observe_us=52677 max_observe_us=8421 d_paints=0 d_skips=50 d_ticks=2 window_ms=1172
[host] slot livejleo1e_1: d_loop_us=906 d_raster_us=0 d_observe_us=45928 max_observe_us=7362 d_paints=0 d_skips=50 d_ticks=2 window_ms=1201
[rs2b0t] listener error Error: not impl: reader.selfChat
    at notImpl (file:///rs2b0t/bot/shim/_kernel.js:5:5)
    at Object.get (file:///rs2b0t/bot/shim/_kernel.js:17:19)
    at DuelArena.observeFightState (file:///rs2b0t/bot/scripts/bot/bot.js:288:70)
    at file:///rs2b0t/bot/scripts/bot/bot.js:93:63
    at globalThis.__rs2b0t_fire_tick_listeners (file:///rs2b0t/bot/runtime/BotHost.js:14:13)
    at globalThis.__rs2b0t_pump (file:///rs2b0t/bot/api/execution/Execution.js:107:37)
[rs2b0t] listener error Error: not impl: reader.selfChat
    at notImpl (file:///rs2b0t/bot/shim/_kernel.js:5:5)
    at Object.get (file:///rs2b0t/bot/shim/_kernel.js:17:19)
    at DuelArena.observeFightState (file:///rs2b0t/bot/scripts/bot/bot.js:288:70)
    at file:///rs2b0t/bot/scripts/bot/bot.js:93:63
    at globalThis.__rs2b0t_fire_tick_listeners (file:///rs2b0t/bot/runtime/BotHost.js:14:13)
    at globalThis.__rs2b0t_tick_async (file:///rs2b0t/bot/scripts/bot/main.js:15:37)
    at globalThis.__rs_tick (file:///rs2b0t/bot/scripts/bot/main.js:8:16)
[script livejleo1e_0] [rs2b0t] listener error not impl: reader.selfChat
[script livejleo1e_1] [rs2b0t] listener error not impl: reader.selfChat
[rs2b0t] listener error Error: not impl: reader.selfChat
    at notImpl (file:///rs2b0t/bot/shim/_kernel.js:5:5)
    at Object.get (file:///rs2b0t/bot/shim/_kernel.js:17:19)
    at DuelArena.observeFightState (file:///rs2b0t/bot/scripts/bot/bot.js:288:70)
    at file:///rs2b0t/bot/scripts/bot/bot.js:93:63
    at globalThis.__rs2b0t_fire_tick_listeners (file:///rs2b0t/bot/runtime/BotHost.js:14:13)
    at globalThis.__rs2b0t_tick_async (file:///rs2b0t/bot/scripts/bot/main.js:15:37)
    at globalThis.__rs_tick (file:///rs2b0t/bot/scripts/bot/main.js:8:16)
[script livejleo1e_0] [rs2b0t] listener error not impl: reader.selfChat
[rs2b0t] listener error Error: not impl: reader.selfChat
    at notImpl (file:///rs2b0t/bot/shim/_kernel.js:5:5)
    at Object.get (file:///rs2b0t/bot/shim/_kernel.js:17:19)
    at DuelArena.observeFightState (file:///rs2b0t/bot/scripts/bot/bot.js:288:70)
    at file:///rs2b0t/bot/scripts/bot/bot.js:93:63
    at globalThis.__rs2b0t_fire_tick_listeners (file:///rs2b0t/bot/runtime/BotHost.js:14:13)
    at globalThis.__rs2b0t_pump (file:///rs2b0t/bot/api/execution/Execution.js:107:37)
[script livejleo1e_1] [rs2b0t] listener error not impl: reader.selfChat
[host] slot livejleo1e_0: d_loop_us=934 d_raster_us=0 d_observe_us=63408 max_observe_us=11953 d_paints=0 d_skips=50 d_ticks=2 window_ms=1180
[host] slot livejleo1e_1: d_loop_us=1024 d_raster_us=0 d_observe_us=66530 max_observe_us=9845 d_paints=0 d_skips=50 d_ticks=2 window_ms=1177
[rs2b0t] listener error Error: not impl: reader.selfChat
    at notImpl (file:///rs2b0t/bot/shim/_kernel.js:5:5)
    at Object.get (file:///rs2b0t/bot/shim/_kernel.js:17:19)
    at DuelArena.observeFightState (file:///rs2b0t/bot/scripts/bot/bot.js:288:70)
    at file:///rs2b0t/bot/scripts/bot/bot.js:93:63
    at globalThis.__rs2b0t_fire_tick_listeners (file:///rs2b0t/bot/runtime/BotHost.js:14:13)
    at globalThis.__rs2b0t_pump (file:///rs2b0t/bot/api/execution/Execution.js:107:37)
[rs2b0t] listener error Error: not impl: reader.selfChat
    at notImpl (file:///rs2b0t/bot/shim/_kernel.js:5:5)
    at Object.get (file:///rs2b0t/bot/shim/_kernel.js:17:19)
    at DuelArena.observeFightState (file:///rs2b0t/bot/scripts/bot/bot.js:288:70)
    at file:///rs2b0t/bot/scripts/bot/bot.js:93:63
    at globalThis.__rs2b0t_fire_tick_listeners (file:///rs2b0t/bot/runtime/BotHost.js:14:13)
    at globalThis.__rs2b0t_tick_async (file:///rs2b0t/bot/scripts/bot/main.js:15:37)
    at globalThis.__rs_tick (file:///rs2b0t/bot/scripts/bot/main.js:8:16)
[script livejleo1e_0] [rs2b0t] listener error not impl: reader.selfChat
[script livejleo1e_1] [rs2b0t] listener error not impl: reader.selfChat
[rs2b0t] listener error Error: not impl: reader.selfChat
    at notImpl (file:///rs2b0t/bot/shim/_kernel.js:5:5)
    at Object.get (file:///rs2b0t/bot/shim/_kernel.js:17:19)
    at DuelArena.observeFightState (file:///rs2b0t/bot/scripts/bot/bot.js:288:70)
    at file:///rs2b0t/bot/scripts/bot/bot.js:93:63
    at globalThis.__rs2b0t_fire_tick_listeners (file:///rs2b0t/bot/runtime/BotHost.js:14:13)
    at globalThis.__rs2b0t_pump (file:///rs2b0t/bot/api/execution/Execution.js:107:37)
[rs2b0t] listener error Error: not impl: reader.selfChat
    at notImpl (file:///rs2b0t/bot/shim/_kernel.js:5:5)
    at Object.get (file:///rs2b0t/bot/shim/_kernel.js:17:19)
    at DuelArena.observeFightState (file:///rs2b0t/bot/scripts/bot/bot.js:288:70)
    at file:///rs2b0t/bot/scripts/bot/bot.js:93:63
    at globalThis.__rs2b0t_fire_tick_listeners (file:///rs2b0t/bot/runtime/BotHost.js:14:13)
    at globalThis.__rs2b0t_tick_async (file:///rs2b0t/bot/scripts/bot/main.js:15:37)
    at globalThis.__rs_tick (file:///rs2b0t/bot/scripts/bot/main.js:8:16)
[script livejleo1e_1] [rs2b0t] listener error not impl: reader.selfChat
[script livejleo1e_0] [rs2b0t] listener error not impl: reader.selfChat
[host] slot livejleo1e_0: d_loop_us=880 d_raster_us=0 d_observe_us=62857 max_observe_us=9890 d_paints=0 d_skips=50 d_ticks=2 window_ms=1196
[host] slot livejleo1e_1: d_loop_us=1096 d_raster_us=0 d_observe_us=66890 max_observe_us=11404 d_paints=0 d_skips=50 d_ticks=2 window_ms=1169
[rs2b0t] listener error Error: not impl: reader.selfChat
    at notImpl (file:///rs2b0t/bot/shim/_kernel.js:5:5)
    at Object.get (file:///rs2b0t/bot/shim/_kernel.js:17:19)
    at DuelArena.observeFightState (file:///rs2b0t/bot/scripts/bot/bot.js:288:70)
    at file:///rs2b0t/bot/scripts/bot/bot.js:93:63
    at globalThis.__rs2b0t_fire_tick_listeners (file:///rs2b0t/bot/runtime/BotHost.js:14:13)
    at globalThis.__rs2b0t_tick_async (file:///rs2b0t/bot/scripts/bot/main.js:15:37)
    at globalThis.__rs_tick (file:///rs2b0t/bot/scripts/bot/main.js:8:16)
[rs2b0t] listener error Error: not impl: reader.selfChat
    at notImpl (file:///rs2b0t/bot/shim/_kernel.js:5:5)
    at Object.get (file:///rs2b0t/bot/shim/_kernel.js:17:19)
    at DuelArena.observeFightState (file:///rs2b0t/bot/scripts/bot/bot.js:288:70)
    at file:///rs2b0t/bot/scripts/bot/bot.js:93:63
    at globalThis.__rs2b0t_fire_tick_listeners (file:///rs2b0t/bot/runtime/BotHost.js:14:13)
    at globalThis.__rs2b0t_pump (file:///rs2b0t/bot/api/execution/Execution.js:107:37)
[script livejleo1e_1] [rs2b0t] listener error not impl: reader.selfChat
[script livejleo1e_0] [rs2b0t] listener error not impl: reader.selfChat
[rs2b0t] listener error Error: not impl: reader.selfChat
    at notImpl (file:///rs2b0t/bot/shim/_kernel.js:5:5)
    at Object.get (file:///rs2b0t/bot/shim/_kernel.js:17:19)
    at DuelArena.observeFightState (file:///rs2b0t/bot/scripts/bot/bot.js:288:70)
    at file:///rs2b0t/bot/scripts/bot/bot.js:93:63
    at globalThis.__rs2b0t_fire_tick_listeners (file:///rs2b0t/bot/runtime/BotHost.js:14:13)
    at globalThis.__rs2b0t_pump (file:///rs2b0t/bot/api/execution/Execution.js:107:37)
[rs2b0t] listener error Error: not impl: reader.selfChat
    at notImpl (file:///rs2b0t/bot/shim/_kernel.js:5:5)
    at Object.get (file:///rs2b0t/bot/shim/_kernel.js:17:19)
    at DuelArena.observeFightState (file:///rs2b0t/bot/scripts/bot/bot.js:288:70)
    at file:///rs2b0t/bot/scripts/bot/bot.js:93:63
    at globalThis.__rs2b0t_fire_tick_listeners (file:///rs2b0t/bot/runtime/BotHost.js:14:13)
    at globalThis.__rs2b0t_tick_async (file:///rs2b0t/bot/scripts/bot/main.js:15:37)
    at globalThis.__rs_tick (file:///rs2b0t/bot/scripts/bot/main.js:8:16)
[script livejleo1e_1] [rs2b0t] listener error not impl: reader.selfChat
[script livejleo1e_0] [rs2b0t] listener error not impl: reader.selfChat
[host] slot livejleo1e_0: d_loop_us=589 d_raster_us=0 d_observe_us=34297 max_observe_us=5194 d_paints=0 d_skips=50 d_ticks=2 window_ms=1182
[host] slot livejleo1e_1: d_loop_us=529 d_raster_us=0 d_observe_us=33803 max_observe_us=5152 d_paints=0 d_skips=50 d_ticks=2 window_ms=1172
[rs2b0t] listener error Error: not impl: reader.selfChat
    at notImpl (file:///rs2b0t/bot/shim/_kernel.js:5:5)
    at Object.get (file:///rs2b0t/bot/shim/_kernel.js:17:19)
    at DuelArena.observeFightState (file:///rs2b0t/bot/scripts/bot/bot.js:288:70)
    at file:///rs2b0t/bot/scripts/bot/bot.js:93:63
    at globalThis.__rs2b0t_fire_tick_listeners (file:///rs2b0t/bot/runtime/BotHost.js:14:13)
    at globalThis.__rs2b0t_pump (file:///rs2b0t/bot/api/execution/Execution.js:107:37)
[script livejleo1e_0] [rs2b0t] listener error not impl: reader.selfChat
[rs2b0t] listener error Error: not impl: reader.selfChat
    at notImpl (file:///rs2b0t/bot/shim/_kernel.js:5:5)
    at Object.get (file:///rs2b0t/bot/shim/_kernel.js:17:19)
    at DuelArena.observeFightState (file:///rs2b0t/bot/scripts/bot/bot.js:288:70)
    at file:///rs2b0t/bot/scripts/bot/bot.js:93:63
    at globalThis.__rs2b0t_fire_tick_listeners (file:///rs2b0t/bot/runtime/BotHost.js:14:13)
    at globalThis.__rs2b0t_tick_async (file:///rs2b0t/bot/scripts/bot/main.js:15:37)
    at globalThis.__rs_tick (file:///rs2b0t/bot/scripts/bot/main.js:8:16)
[script livejleo1e_1] [rs2b0t] listener error not impl: reader.selfChat
[rs2b0t] listener error Error: not impl: reader.selfChat
    at notImpl (file:///rs2b0t/bot/shim/_kernel.js:5:5)
    at Object.get (file:///rs2b0t/bot/shim/_kernel.js:17:19)
    at DuelArena.observeFightState (file:///rs2b0t/bot/scripts/bot/bot.js:288:70)
    at file:///rs2b0t/bot/scripts/bot/bot.js:93:63
    at globalThis.__rs2b0t_fire_tick_listeners (file:///rs2b0t/bot/runtime/BotHost.js:14:13)
    at globalThis.__rs2b0t_tick_async (file:///rs2b0t/bot/scripts/bot/main.js:15:37)
    at globalThis.__rs_tick (file:///rs2b0t/bot/scripts/bot/main.js:8:16)
[script livejleo1e_0] [rs2b0t] listener error not impl: reader.selfChat
[rs2b0t] listener error Error: not impl: reader.selfChat
    at notImpl (file:///rs2b0t/bot/shim/_kernel.js:5:5)
    at Object.get (file:///rs2b0t/bot/shim/_kernel.js:17:19)
    at DuelArena.observeFightState (file:///rs2b0t/bot/scripts/bot/bot.js:288:70)
    at file:///rs2b0t/bot/scripts/bot/bot.js:93:63
    at globalThis.__rs2b0t_fire_tick_listeners (file:///rs2b0t/bot/runtime/BotHost.js:14:13)
    at globalThis.__rs2b0t_pump (file:///rs2b0t/bot/api/execution/Execution.js:107:37)
[script livejleo1e_1] [rs2b0t] listener error not impl: reader.selfChat
[host] slot livejleo1e_0: d_loop_us=717 d_raster_us=0 d_observe_us=46229 max_observe_us=10673 d_paints=0 d_skips=50 d_ticks=2 window_ms=1190
[host] slot livejleo1e_1: d_loop_us=680 d_raster_us=0 d_observe_us=47758 max_observe_us=8675 d_paints=0 d_skips=50 d_ticks=2 window_ms=1203
[rs2b0t] listener error Error: not impl: reader.selfChat
    at notImpl (file:///rs2b0t/bot/shim/_kernel.js:5:5)
    at Object.get (file:///rs2b0t/bot/shim/_kernel.js:17:19)
    at DuelArena.observeFightState (file:///rs2b0t/bot/scripts/bot/bot.js:288:70)
    at file:///rs2b0t/bot/scripts/bot/bot.js:93:63
    at globalThis.__rs2b0t_fire_tick_listeners (file:///rs2b0t/bot/runtime/BotHost.js:14:13)
    at globalThis.__rs2b0t_pump (file:///rs2b0t/bot/api/execution/Execution.js:107:37)
[script livejleo1e_0] [rs2b0t] listener error not impl: reader.selfChat
[rs2b0t] listener error Error: not impl: reader.selfChat
    at notImpl (file:///rs2b0t/bot/shim/_kernel.js:5:5)
    at Object.get (file:///rs2b0t/bot/shim/_kernel.js:17:19)
    at DuelArena.observeFightState (file:///rs2b0t/bot/scripts/bot/bot.js:288:70)
    at file:///rs2b0t/bot/scripts/bot/bot.js:93:63
    at globalThis.__rs2b0t_fire_tick_listeners (file:///rs2b0t/bot/runtime/BotHost.js:14:13)
    at globalThis.__rs2b0t_tick_async (file:///rs2b0t/bot/scripts/bot/main.js:15:37)
    at globalThis.__rs_tick (file:///rs2b0t/bot/scripts/bot/main.js:8:16)
[script livejleo1e_1] [rs2b0t] listener error not impl: reader.selfChat
[rs2b0t] listener error Error: not impl: reader.selfChat
    at notImpl (file:///rs2b0t/bot/shim/_kernel.js:5:5)
    at Object.get (file:///rs2b0t/bot/shim/_kernel.js:17:19)
    at DuelArena.observeFightState (file:///rs2b0t/bot/scripts/bot/bot.js:288:70)
    at file:///rs2b0t/bot/scripts/bot/bot.js:93:63
    at globalThis.__rs2b0t_fire_tick_listeners (file:///rs2b0t/bot/runtime/BotHost.js:14:13)
    at globalThis.__rs2b0t_tick_async (file:///rs2b0t/bot/scripts/bot/main.js:15:37)
    at globalThis.__rs_tick (file:///rs2b0t/bot/scripts/bot/main.js:8:16)
[script livejleo1e_0] [rs2b0t] listener error not impl: reader.selfChat
[rs2b0t] listener error Error: not impl: reader.selfChat
    at notImpl (file:///rs2b0t/bot/shim/_kernel.js:5:5)
    at Object.get (file:///rs2b0t/bot/shim/_kernel.js:17:19)
    at DuelArena.observeFightState (file:///rs2b0t/bot/scripts/bot/bot.js:288:70)
    at file:///rs2b0t/bot/scripts/bot/bot.js:93:63
    at globalThis.__rs2b0t_fire_tick_listeners (file:///rs2b0t/bot/runtime/BotHost.js:14:13)
    at globalThis.__rs2b0t_pump (file:///rs2b0t/bot/api/execution/Execution.js:107:37)
[script livejleo1e_1] [rs2b0t] listener error not impl: reader.selfChat
[host] slot livejleo1e_0: d_loop_us=796 d_raster_us=0 d_observe_us=62858 max_observe_us=11900 d_paints=0 d_skips=50 d_ticks=2 window_ms=1182
[host] slot livejleo1e_1: d_loop_us=761 d_raster_us=0 d_observe_us=55434 max_observe_us=9019 d_paints=0 d_skips=50 d_ticks=2 window_ms=1176
[rs2b0t] listener error Error: not impl: reader.selfChat
    at notImpl (file:///rs2b0t/bot/shim/_kernel.js:5:5)
    at Object.get (file:///rs2b0t/bot/shim/_kernel.js:17:19)
    at DuelArena.observeFightState (file:///rs2b0t/bot/scripts/bot/bot.js:288:70)
    at file:///rs2b0t/bot/scripts/bot/bot.js:93:63
    at globalThis.__rs2b0t_fire_tick_listeners (file:///rs2b0t/bot/runtime/BotHost.js:14:13)
    at globalThis.__rs2b0t_tick_async (file:///rs2b0t/bot/scripts/bot/main.js:15:37)
    at globalThis.__rs_tick (file:///rs2b0t/bot/scripts/bot/main.js:8:16)
[rs2b0t] listener error Error: not impl: reader.selfChat
    at notImpl (file:///rs2b0t/bot/shim/_kernel.js:5:5)
    at Object.get (file:///rs2b0t/bot/shim/_kernel.js:17:19)
    at DuelArena.observeFightState (file:///rs2b0t/bot/scripts/bot/bot.js:288:70)
    at file:///rs2b0t/bot/scripts/bot/bot.js:93:63
    at globalThis.__rs2b0t_fire_tick_listeners (file:///rs2b0t/bot/runtime/BotHost.js:14:13)
    at globalThis.__rs2b0t_pump (file:///rs2b0t/bot/api/execution/Execution.js:107:37)
[script livejleo1e_1] [rs2b0t] listener error not impl: reader.selfChat
[script livejleo1e_0] [rs2b0t] listener error not impl: reader.selfChat
[rs2b0t] listener error Error: not impl: reader.selfChat
    at notImpl (file:///rs2b0t/bot/shim/_kernel.js:5:5)
    at Object.get (file:///rs2b0t/bot/shim/_kernel.js:17:19)
    at DuelArena.observeFightState (file:///rs2b0t/bot/scripts/bot/bot.js:288:70)
    at file:///rs2b0t/bot/scripts/bot/bot.js:93:63
    at globalThis.__rs2b0t_fire_tick_listeners (file:///rs2b0t/bot/runtime/BotHost.js:14:13)
    at globalThis.__rs2b0t_tick_async (file:///rs2b0t/bot/scripts/bot/main.js:15:37)
    at globalThis.__rs_tick (file:///rs2b0t/bot/scripts/bot/main.js:8:16)
[script livejleo1e_0] [rs2b0t] listener error not impl: reader.selfChat
[rs2b0t] listener error Error: not impl: reader.selfChat
    at notImpl (file:///rs2b0t/bot/shim/_kernel.js:5:5)
    at Object.get (file:///rs2b0t/bot/shim/_kernel.js:17:19)
    at DuelArena.observeFightState (file:///rs2b0t/bot/scripts/bot/bot.js:288:70)
    at file:///rs2b0t/bot/scripts/bot/bot.js:93:63
    at globalThis.__rs2b0t_fire_tick_listeners (file:///rs2b0t/bot/runtime/BotHost.js:14:13)
    at globalThis.__rs2b0t_pump (file:///rs2b0t/bot/api/execution/Execution.js:107:37)
[script livejleo1e_1] [rs2b0t] listener error not impl: reader.selfChat
[host] slot livejleo1e_0: d_loop_us=895 d_raster_us=0 d_observe_us=57150 max_observe_us=10168 d_paints=0 d_skips=50 d_ticks=2 window_ms=1203
[host] slot livejleo1e_1: d_loop_us=1009 d_raster_us=0 d_observe_us=58554 max_observe_us=10809 d_paints=0 d_skips=50 d_ticks=2 window_ms=1198
[rs2b0t] listener error Error: not impl: reader.selfChat
    at notImpl (file:///rs2b0t/bot/shim/_kernel.js:5:5)
    at Object.get (file:///rs2b0t/bot/shim/_kernel.js:17:19)
    at DuelArena.observeFightState (file:///rs2b0t/bot/scripts/bot/bot.js:288:70)
    at file:///rs2b0t/bot/scripts/bot/bot.js:93:63
    at globalThis.__rs2b0t_fire_tick_listeners (file:///rs2b0t/bot/runtime/BotHost.js:14:13)
    at globalThis.__rs2b0t_pump (file:///rs2b0t/bot/api/execution/Execution.js:107:37)
[script livejleo1e_0] [rs2b0t] listener error not impl: reader.selfChat
[rs2b0t] listener error Error: not impl: reader.selfChat
    at notImpl (file:///rs2b0t/bot/shim/_kernel.js:5:5)
    at Object.get (file:///rs2b0t/bot/shim/_kernel.js:17:19)
    at DuelArena.observeFightState (file:///rs2b0t/bot/scripts/bot/bot.js:288:70)
    at file:///rs2b0t/bot/scripts/bot/bot.js:93:63
    at globalThis.__rs2b0t_fire_tick_listeners (file:///rs2b0t/bot/runtime/BotHost.js:14:13)
    at globalThis.__rs2b0t_tick_async (file:///rs2b0t/bot/scripts/bot/main.js:15:37)
    at globalThis.__rs_tick (file:///rs2b0t/bot/scripts/bot/main.js:8:16)
[script livejleo1e_1] [rs2b0t] listener error not impl: reader.selfChat
[rs2b0t] listener error Error: not impl: reader.selfChat
    at notImpl (file:///rs2b0t/bot/shim/_kernel.js:5:5)
    at Object.get (file:///rs2b0t/bot/shim/_kernel.js:17:19)
    at DuelArena.observeFightState (file:///rs2b0t/bot/scripts/bot/bot.js:288:70)
    at file:///rs2b0t/bot/scripts/bot/bot.js:93:63
    at globalThis.__rs2b0t_fire_tick_listeners (file:///rs2b0t/bot/runtime/BotHost.js:14:13)
    at globalThis.__rs2b0t_pump (file:///rs2b0t/bot/api/execution/Execution.js:107:37)
[script livejleo1e_1] [rs2b0t] listener error not impl: reader.selfChat
[rs2b0t] listener error Error: not impl: reader.selfChat
    at notImpl (file:///rs2b0t/bot/shim/_kernel.js:5:5)
    at Object.get (file:///rs2b0t/bot/shim/_kernel.js:17:19)
    at DuelArena.observeFightState (file:///rs2b0t/bot/scripts/bot/bot.js:288:70)
    at file:///rs2b0t/bot/scripts/bot/bot.js:93:63
    at globalThis.__rs2b0t_fire_tick_listeners (file:///rs2b0t/bot/runtime/BotHost.js:14:13)
    at globalThis.__rs2b0t_tick_async (file:///rs2b0t/bot/scripts/bot/main.js:15:37)
    at globalThis.__rs_tick (file:///rs2b0t/bot/scripts/bot/main.js:8:16)
[script livejleo1e_0] [rs2b0t] listener error not impl: reader.selfChat
[host] slot livejleo1e_0: d_loop_us=949 d_raster_us=0 d_observe_us=53977 max_observe_us=10693 d_paints=0 d_skips=50 d_ticks=2 window_ms=1190
[host] slot livejleo1e_1: d_loop_us=833 d_raster_us=0 d_observe_us=54363 max_observe_us=9382 d_paints=0 d_skips=50 d_ticks=2 window_ms=1180
[rs2b0t] listener error Error: not impl: reader.selfChat
    at notImpl (file:///rs2b0t/bot/shim/_kernel.js:5:5)
    at Object.get (file:///rs2b0t/bot/shim/_kernel.js:17:19)
    at DuelArena.observeFightState (file:///rs2b0t/bot/scripts/bot/bot.js:288:70)
    at file:///rs2b0t/bot/scripts/bot/bot.js:93:63
    at globalThis.__rs2b0t_fire_tick_listeners (file:///rs2b0t/bot/runtime/BotHost.js:14:13)
    at globalThis.__rs2b0t_tick_async (file:///rs2b0t/bot/scripts/bot/main.js:15:37)
    at globalThis.__rs_tick (file:///rs2b0t/bot/scripts/bot/main.js:8:16)
[rs2b0t] listener error Error: not impl: reader.selfChat
    at notImpl (file:///rs2b0t/bot/shim/_kernel.js:5:5)
    at Object.get (file:///rs2b0t/bot/shim/_kernel.js:17:19)
    at DuelArena.observeFightState (file:///rs2b0t/bot/scripts/bot/bot.js:288:70)
    at file:///rs2b0t/bot/scripts/bot/bot.js:93:63
    at globalThis.__rs2b0t_fire_tick_listeners (file:///rs2b0t/bot/runtime/BotHost.js:14:13)
    at globalThis.__rs2b0t_pump (file:///rs2b0t/bot/api/execution/Execution.js:107:37)
[script livejleo1e_1] [rs2b0t] listener error not impl: reader.selfChat
[script livejleo1e_0] [rs2b0t] listener error not impl: reader.selfChat
[rs2b0t] listener error Error: not impl: reader.selfChat
    at notImpl (file:///rs2b0t/bot/shim/_kernel.js:5:5)
    at Object.get (file:///rs2b0t/bot/shim/_kernel.js:17:19)
    at DuelArena.observeFightState (file:///rs2b0t/bot/scripts/bot/bot.js:288:70)
    at file:///rs2b0t/bot/scripts/bot/bot.js:93:63
    at globalThis.__rs2b0t_fire_tick_listeners (file:///rs2b0t/bot/runtime/BotHost.js:14:13)
    at globalThis.__rs2b0t_tick_async (file:///rs2b0t/bot/scripts/bot/main.js:15:37)
    at globalThis.__rs_tick (file:///rs2b0t/bot/scripts/bot/main.js:8:16)
[script livejleo1e_0] [rs2b0t] listener error not impl: reader.selfChat
[rs2b0t] listener error Error: not impl: reader.selfChat
    at notImpl (file:///rs2b0t/bot/shim/_kernel.js:5:5)
    at Object.get (file:///rs2b0t/bot/shim/_kernel.js:17:19)
    at DuelArena.observeFightState (file:///rs2b0t/bot/scripts/bot/bot.js:288:70)
    at file:///rs2b0t/bot/scripts/bot/bot.js:93:63
    at globalThis.__rs2b0t_fire_tick_listeners (file:///rs2b0t/bot/runtime/BotHost.js:14:13)
    at globalThis.__rs2b0t_pump (file:///rs2b0t/bot/api/execution/Execution.js:107:37)
[script livejleo1e_1] [rs2b0t] listener error not impl: reader.selfChat
[host] slot livejleo1e_0: d_loop_us=1227 d_raster_us=0 d_observe_us=68882 max_observe_us=11014 d_paints=0 d_skips=50 d_ticks=2 window_ms=1184
[host] slot livejleo1e_1: d_loop_us=916 d_raster_us=0 d_observe_us=64615 max_observe_us=10163 d_paints=0 d_skips=50 d_ticks=2 window_ms=1168
[rs2b0t] listener error Error: not impl: reader.selfChat
    at notImpl (file:///rs2b0t/bot/shim/_kernel.js:5:5)
    at Object.get (file:///rs2b0t/bot/shim/_kernel.js:17:19)
    at DuelArena.observeFightState (file:///rs2b0t/bot/scripts/bot/bot.js:288:70)
    at file:///rs2b0t/bot/scripts/bot/bot.js:93:63
    at globalThis.__rs2b0t_fire_tick_listeners (file:///rs2b0t/bot/runtime/BotHost.js:14:13)
    at globalThis.__rs2b0t_pump (file:///rs2b0t/bot/api/execution/Execution.js:107:37)
[rs2b0t] listener error Error: not impl: reader.selfChat
    at notImpl (file:///rs2b0t/bot/shim/_kernel.js:5:5)
    at Object.get (file:///rs2b0t/bot/shim/_kernel.js:17:19)
    at DuelArena.observeFightState (file:///rs2b0t/bot/scripts/bot/bot.js:288:70)
    at file:///rs2b0t/bot/scripts/bot/bot.js:93:63
    at globalThis.__rs2b0t_fire_tick_listeners (file:///rs2b0t/bot/runtime/BotHost.js:14:13)
    at globalThis.__rs2b0t_tick_async (file:///rs2b0t/bot/scripts/bot/main.js:15:37)
    at globalThis.__rs_tick (file:///rs2b0t/bot/scripts/bot/main.js:8:16)
[script livejleo1e_0] [rs2b0t] listener error not impl: reader.selfChat
[script livejleo1e_1] [rs2b0t] listener error not impl: reader.selfChat
[rs2b0t] listener error Error: not impl: reader.selfChat
    at notImpl (file:///rs2b0t/bot/shim/_kernel.js:5:5)
    at Object.get (file:///rs2b0t/bot/shim/_kernel.js:17:19)
    at DuelArena.observeFightState (file:///rs2b0t/bot/scripts/bot/bot.js:288:70)
    at file:///rs2b0t/bot/scripts/bot/bot.js:93:63
    at globalThis.__rs2b0t_fire_tick_listeners (file:///rs2b0t/bot/runtime/BotHost.js:14:13)
    at globalThis.__rs2b0t_tick_async (file:///rs2b0t/bot/scripts/bot/main.js:15:37)
    at globalThis.__rs_tick (file:///rs2b0t/bot/scripts/bot/main.js:8:16)
[rs2b0t] listener error Error: not impl: reader.selfChat
    at notImpl (file:///rs2b0t/bot/shim/_kernel.js:5:5)
    at Object.get (file:///rs2b0t/bot/shim/_kernel.js:17:19)
    at DuelArena.observeFightState (file:///rs2b0t/bot/scripts/bot/bot.js:288:70)
    at file:///rs2b0t/bot/scripts/bot/bot.js:93:63
    at globalThis.__rs2b0t_fire_tick_listeners (file:///rs2b0t/bot/runtime/BotHost.js:14:13)
    at globalThis.__rs2b0t_pump (file:///rs2b0t/bot/api/execution/Execution.js:107:37)
[script livejleo1e_0] [rs2b0t] listener error not impl: reader.selfChat
[script livejleo1e_1] [rs2b0t] listener error not impl: reader.selfChat
[host] slot livejleo1e_0: d_loop_us=753 d_raster_us=0 d_observe_us=43341 max_observe_us=5219 d_paints=0 d_skips=50 d_ticks=2 window_ms=1192
[host] slot livejleo1e_1: d_loop_us=703 d_raster_us=0 d_observe_us=47838 max_observe_us=7448 d_paints=0 d_skips=50 d_ticks=2 window_ms=1193
[rs2b0t] listener error Error: not impl: reader.selfChat
    at notImpl (file:///rs2b0t/bot/shim/_kernel.js:5:5)
    at Object.get (file:///rs2b0t/bot/shim/_kernel.js:17:19)
    at DuelArena.observeFightState (file:///rs2b0t/bot/scripts/bot/bot.js:288:70)
    at file:///rs2b0t/bot/scripts/bot/bot.js:93:63
    at globalThis.__rs2b0t_fire_tick_listeners (file:///rs2b0t/bot/runtime/BotHost.js:14:13)
    at globalThis.__rs2b0t_tick_async (file:///rs2b0t/bot/scripts/bot/main.js:15:37)
    at globalThis.__rs_tick (file:///rs2b0t/bot/scripts/bot/main.js:8:16)
[rs2b0t] listener error Error: not impl: reader.selfChat
    at notImpl (file:///rs2b0t/bot/shim/_kernel.js:5:5)
    at Object.get (file:///rs2b0t/bot/shim/_kernel.js:17:19)
    at DuelArena.observeFightState (file:///rs2b0t/bot/scripts/bot/bot.js:288:70)
    at file:///rs2b0t/bot/scripts/bot/bot.js:93:63
    at globalThis.__rs2b0t_fire_tick_listeners (file:///rs2b0t/bot/runtime/BotHost.js:14:13)
    at globalThis.__rs2b0t_pump (file:///rs2b0t/bot/api/execution/Execution.js:107:37)
[script livejleo1e_1] [rs2b0t] listener error not impl: reader.selfChat
[script livejleo1e_0] [rs2b0t] listener error not impl: reader.selfChat
[rs2b0t] listener error Error: not impl: reader.selfChat
    at notImpl (file:///rs2b0t/bot/shim/_kernel.js:5:5)
    at Object.get (file:///rs2b0t/bot/shim/_kernel.js:17:19)
    at DuelArena.observeFightState (file:///rs2b0t/bot/scripts/bot/bot.js:288:70)
    at file:///rs2b0t/bot/scripts/bot/bot.js:93:63
    at globalThis.__rs2b0t_fire_tick_listeners (file:///rs2b0t/bot/runtime/BotHost.js:14:13)
    at globalThis.__rs2b0t_tick_async (file:///rs2b0t/bot/scripts/bot/main.js:15:37)
    at globalThis.__rs_tick (file:///rs2b0t/bot/scripts/bot/main.js:8:16)
[rs2b0t] listener error Error: not impl: reader.selfChat
    at notImpl (file:///rs2b0t/bot/shim/_kernel.js:5:5)
    at Object.get (file:///rs2b0t/bot/shim/_kernel.js:17:19)
    at DuelArena.observeFightState (file:///rs2b0t/bot/scripts/bot/bot.js:288:70)
    at file:///rs2b0t/bot/scripts/bot/bot.js:93:63
    at globalThis.__rs2b0t_fire_tick_listeners (file:///rs2b0t/bot/runtime/BotHost.js:14:13)
    at globalThis.__rs2b0t_pump (file:///rs2b0t/bot/api/execution/Execution.js:107:37)
[script livejleo1e_0] [rs2b0t] listener error not impl: reader.selfChat
[script livejleo1e_1] [rs2b0t] listener error not impl: reader.selfChat
[host] slot livejleo1e_0: d_loop_us=1282 d_raster_us=0 d_observe_us=67439 max_observe_us=9497 d_paints=0 d_skips=50 d_ticks=2 window_ms=1203
[host] slot livejleo1e_1: d_loop_us=1012 d_raster_us=0 d_observe_us=63282 max_observe_us=11531 d_paints=0 d_skips=50 d_ticks=2 window_ms=1198
[rs2b0t] listener error Error: not impl: reader.selfChat
    at notImpl (file:///rs2b0t/bot/shim/_kernel.js:5:5)
    at Object.get (file:///rs2b0t/bot/shim/_kernel.js:17:19)
    at DuelArena.observeFightState (file:///rs2b0t/bot/scripts/bot/bot.js:288:70)
    at file:///rs2b0t/bot/scripts/bot/bot.js:93:63
    at globalThis.__rs2b0t_fire_tick_listeners (file:///rs2b0t/bot/runtime/BotHost.js:14:13)
    at globalThis.__rs2b0t_pump (file:///rs2b0t/bot/api/execution/Execution.js:107:37)
[rs2b0t] listener error Error: not impl: reader.selfChat
    at notImpl (file:///rs2b0t/bot/shim/_kernel.js:5:5)
    at Object.get (file:///rs2b0t/bot/shim/_kernel.js:17:19)
    at DuelArena.observeFightState (file:///rs2b0t/bot/scripts/bot/bot.js:288:70)
    at file:///rs2b0t/bot/scripts/bot/bot.js:93:63
    at globalThis.__rs2b0t_fire_tick_listeners (file:///rs2b0t/bot/runtime/BotHost.js:14:13)
    at globalThis.__rs2b0t_tick_async (file:///rs2b0t/bot/scripts/bot/main.js:15:37)
    at globalThis.__rs_tick (file:///rs2b0t/bot/scripts/bot/main.js:8:16)
[script livejleo1e_1] [rs2b0t] listener error not impl: reader.selfChat
[script livejleo1e_0] [rs2b0t] listener error not impl: reader.selfChat
[rs2b0t] listener error Error: not impl: reader.selfChat
    at notImpl (file:///rs2b0t/bot/shim/_kernel.js:5:5)
    at Object.get (file:///rs2b0t/bot/shim/_kernel.js:17:19)
    at DuelArena.observeFightState (file:///rs2b0t/bot/scripts/bot/bot.js:288:70)
    at file:///rs2b0t/bot/scripts/bot/bot.js:93:63
    at globalThis.__rs2b0t_fire_tick_listeners (file:///rs2b0t/bot/runtime/BotHost.js:14:13)
    at globalThis.__rs2b0t_pump (file:///rs2b0t/bot/api/execution/Execution.js:107:37)
[script livejleo1e_1] [rs2b0t] listener error not impl: reader.selfChat
[rs2b0t] listener error Error: not impl: reader.selfChat
    at notImpl (file:///rs2b0t/bot/shim/_kernel.js:5:5)
    at Object.get (file:///rs2b0t/bot/shim/_kernel.js:17:19)
    at DuelArena.observeFightState (file:///rs2b0t/bot/scripts/bot/bot.js:288:70)
    at file:///rs2b0t/bot/scripts/bot/bot.js:93:63
    at globalThis.__rs2b0t_fire_tick_listeners (file:///rs2b0t/bot/runtime/BotHost.js:14:13)
    at globalThis.__rs2b0t_tick_async (file:///rs2b0t/bot/scripts/bot/main.js:15:37)
    at globalThis.__rs_tick (file:///rs2b0t/bot/scripts/bot/main.js:8:16)
[script livejleo1e_0] [rs2b0t] listener error not impl: reader.selfChat
[host] slot livejleo1e_0: d_loop_us=1204 d_raster_us=0 d_observe_us=64244 max_observe_us=9025 d_paints=0 d_skips=50 d_ticks=2 window_ms=1206
[host] slot livejleo1e_1: d_loop_us=1055 d_raster_us=0 d_observe_us=77585 max_observe_us=14732 d_paints=0 d_skips=50 d_ticks=2 window_ms=1178
[rs2b0t] listener error Error: not impl: reader.selfChat
    at notImpl (file:///rs2b0t/bot/shim/_kernel.js:5:5)
    at Object.get (file:///rs2b0t/bot/shim/_kernel.js:17:19)
    at DuelArena.observeFightState (file:///rs2b0t/bot/scripts/bot/bot.js:288:70)
    at file:///rs2b0t/bot/scripts/bot/bot.js:93:63
    at globalThis.__rs2b0t_fire_tick_listeners (file:///rs2b0t/bot/runtime/BotHost.js:14:13)
    at globalThis.__rs2b0t_tick_async (file:///rs2b0t/bot/scripts/bot/main.js:15:37)
    at globalThis.__rs_tick (file:///rs2b0t/bot/scripts/bot/main.js:8:16)
[script livejleo1e_1] [rs2b0t] listener error not impl: reader.selfChat
[rs2b0t] listener error Error: not impl: reader.selfChat
    at notImpl (file:///rs2b0t/bot/shim/_kernel.js:5:5)
    at Object.get (file:///rs2b0t/bot/shim/_kernel.js:17:19)
    at DuelArena.observeFightState (file:///rs2b0t/bot/scripts/bot/bot.js:288:70)
    at file:///rs2b0t/bot/scripts/bot/bot.js:93:63
    at globalThis.__rs2b0t_fire_tick_listeners (file:///rs2b0t/bot/runtime/BotHost.js:14:13)
    at globalThis.__rs2b0t_pump (file:///rs2b0t/bot/api/execution/Execution.js:107:37)
[script livejleo1e_0] [rs2b0t] listener error not impl: reader.selfChat
[rs2b0t] listener error Error: not impl: reader.selfChat
    at notImpl (file:///rs2b0t/bot/shim/_kernel.js:5:5)
    at Object.get (file:///rs2b0t/bot/shim/_kernel.js:17:19)
    at DuelArena.observeFightState (file:///rs2b0t/bot/scripts/bot/bot.js:288:70)
    at file:///rs2b0t/bot/scripts/bot/bot.js:93:63
    at globalThis.__rs2b0t_fire_tick_listeners (file:///rs2b0t/bot/runtime/BotHost.js:14:13)
    at globalThis.__rs2b0t_pump (file:///rs2b0t/bot/api/execution/Execution.js:107:37)
[rs2b0t] listener error Error: not impl: reader.selfChat
    at notImpl (file:///rs2b0t/bot/shim/_kernel.js:5:5)
    at Object.get (file:///rs2b0t/bot/shim/_kernel.js:17:19)
    at DuelArena.observeFightState (file:///rs2b0t/bot/scripts/bot/bot.js:288:70)
    at file:///rs2b0t/bot/scripts/bot/bot.js:93:63
    at globalThis.__rs2b0t_fire_tick_listeners (file:///rs2b0t/bot/runtime/BotHost.js:14:13)
    at globalThis.__rs2b0t_tick_async (file:///rs2b0t/bot/scripts/bot/main.js:15:37)
    at globalThis.__rs_tick (file:///rs2b0t/bot/scripts/bot/main.js:8:16)
[script livejleo1e_1] [rs2b0t] listener error not impl: reader.selfChat
[script livejleo1e_0] [rs2b0t] listener error not impl: reader.selfChat
[host] slot livejleo1e_1: d_loop_us=917 d_raster_us=0 d_observe_us=67606 max_observe_us=10431 d_paints=0 d_skips=50 d_ticks=2 window_ms=1163
[host] slot livejleo1e_0: d_loop_us=971 d_raster_us=0 d_observe_us=66516 max_observe_us=10994 d_paints=0 d_skips=50 d_ticks=2 window_ms=1193
[rs2b0t] listener error Error: not impl: reader.selfChat
    at notImpl (file:///rs2b0t/bot/shim/_kernel.js:5:5)
    at Object.get (file:///rs2b0t/bot/shim/_kernel.js:17:19)
    at DuelArena.observeFightState (file:///rs2b0t/bot/scripts/bot/bot.js:288:70)
    at file:///rs2b0t/bot/scripts/bot/bot.js:93:63
    at globalThis.__rs2b0t_fire_tick_listeners (file:///rs2b0t/bot/runtime/BotHost.js:14:13)
    at globalThis.__rs2b0t_pump (file:///rs2b0t/bot/api/execution/Execution.js:107:37)
[script livejleo1e_0] [rs2b0t] listener error not impl: reader.selfChat
[rs2b0t] listener error Error: not impl: reader.selfChat
    at notImpl (file:///rs2b0t/bot/shim/_kernel.js:5:5)
    at Object.get (file:///rs2b0t/bot/shim/_kernel.js:17:19)
    at DuelArena.observeFightState (file:///rs2b0t/bot/scripts/bot/bot.js:288:70)
    at file:///rs2b0t/bot/scripts/bot/bot.js:93:63
    at globalThis.__rs2b0t_fire_tick_listeners (file:///rs2b0t/bot/runtime/BotHost.js:14:13)
    at globalThis.__rs2b0t_tick_async (file:///rs2b0t/bot/scripts/bot/main.js:15:37)
    at globalThis.__rs_tick (file:///rs2b0t/bot/scripts/bot/main.js:8:16)
[script livejleo1e_1] [rs2b0t] listener error not impl: reader.selfChat
[rs2b0t] listener error Error: not impl: reader.selfChat
    at notImpl (file:///rs2b0t/bot/shim/_kernel.js:5:5)
    at Object.get (file:///rs2b0t/bot/shim/_kernel.js:17:19)
    at DuelArena.observeFightState (file:///rs2b0t/bot/scripts/bot/bot.js:288:70)
    at file:///rs2b0t/bot/scripts/bot/bot.js:93:63
    at globalThis.__rs2b0t_fire_tick_listeners (file:///rs2b0t/bot/runtime/BotHost.js:14:13)
    at globalThis.__rs2b0t_tick_async (file:///rs2b0t/bot/scripts/bot/main.js:15:37)
    at globalThis.__rs_tick (file:///rs2b0t/bot/scripts/bot/main.js:8:16)
[rs2b0t] listener error Error: not impl: reader.selfChat
    at notImpl (file:///rs2b0t/bot/shim/_kernel.js:5:5)
    at Object.get (file:///rs2b0t/bot/shim/_kernel.js:17:19)
    at DuelArena.observeFightState (file:///rs2b0t/bot/scripts/bot/bot.js:288:70)
    at file:///rs2b0t/bot/scripts/bot/bot.js:93:63
    at globalThis.__rs2b0t_fire_tick_listeners (file:///rs2b0t/bot/runtime/BotHost.js:14:13)
    at globalThis.__rs2b0t_pump (file:///rs2b0t/bot/api/execution/Execution.js:107:37)
[script livejleo1e_0] [rs2b0t] listener error not impl: reader.selfChat
[script livejleo1e_1] [rs2b0t] listener error not impl: reader.selfChat
[host] slot livejleo1e_1: d_loop_us=805 d_raster_us=0 d_observe_us=53792 max_observe_us=9812 d_paints=0 d_skips=50 d_ticks=2 window_ms=1180
[host] slot livejleo1e_0: d_loop_us=998 d_raster_us=0 d_observe_us=67011 max_observe_us=12469 d_paints=0 d_skips=50 d_ticks=2 window_ms=1199
[rs2b0t] listener error Error: not impl: reader.selfChat
    at notImpl (file:///rs2b0t/bot/shim/_kernel.js:5:5)
    at Object.get (file:///rs2b0t/bot/shim/_kernel.js:17:19)
    at DuelArena.observeFightState (file:///rs2b0t/bot/scripts/bot/bot.js:288:70)
    at file:///rs2b0t/bot/scripts/bot/bot.js:93:63
    at globalThis.__rs2b0t_fire_tick_listeners (file:///rs2b0t/bot/runtime/BotHost.js:14:13)
    at globalThis.__rs2b0t_pump (file:///rs2b0t/bot/api/execution/Execution.js:107:37)
[rs2b0t] listener error Error: not impl: reader.selfChat
    at notImpl (file:///rs2b0t/bot/shim/_kernel.js:5:5)
    at Object.get (file:///rs2b0t/bot/shim/_kernel.js:17:19)
    at DuelArena.observeFightState (file:///rs2b0t/bot/scripts/bot/bot.js:288:70)
    at file:///rs2b0t/bot/scripts/bot/bot.js:93:63
    at globalThis.__rs2b0t_fire_tick_listeners (file:///rs2b0t/bot/runtime/BotHost.js:14:13)
    at globalThis.__rs2b0t_tick_async (file:///rs2b0t/bot/scripts/bot/main.js:15:37)
    at globalThis.__rs_tick (file:///rs2b0t/bot/scripts/bot/main.js:8:16)
[script livejleo1e_0] [rs2b0t] listener error not impl: reader.selfChat
[script livejleo1e_1] [rs2b0t] listener error not impl: reader.selfChat
[rs2b0t] listener error Error: not impl: reader.selfChat
    at notImpl (file:///rs2b0t/bot/shim/_kernel.js:5:5)
    at Object.get (file:///rs2b0t/bot/shim/_kernel.js:17:19)
    at DuelArena.observeFightState (file:///rs2b0t/bot/scripts/bot/bot.js:288:70)
    at file:///rs2b0t/bot/scripts/bot/bot.js:93:63
    at globalThis.__rs2b0t_fire_tick_listeners (file:///rs2b0t/bot/runtime/BotHost.js:14:13)
    at globalThis.__rs2b0t_pump (file:///rs2b0t/bot/api/execution/Execution.js:107:37)
[rs2b0t] listener error Error: not impl: reader.selfChat
    at notImpl (file:///rs2b0t/bot/shim/_kernel.js:5:5)
    at Object.get (file:///rs2b0t/bot/shim/_kernel.js:17:19)
    at DuelArena.observeFightState (file:///rs2b0t/bot/scripts/bot/bot.js:288:70)
    at file:///rs2b0t/bot/scripts/bot/bot.js:93:63
    at globalThis.__rs2b0t_fire_tick_listeners (file:///rs2b0t/bot/runtime/BotHost.js:14:13)
    at globalThis.__rs2b0t_tick_async (file:///rs2b0t/bot/scripts/bot/main.js:15:37)
    at globalThis.__rs_tick (file:///rs2b0t/bot/scripts/bot/main.js:8:16)
[script livejleo1e_1] [rs2b0t] listener error not impl: reader.selfChat
[script livejleo1e_0] [rs2b0t] listener error not impl: reader.selfChat
[host] slot livejleo1e_1: d_loop_us=694 d_raster_us=0 d_observe_us=61194 max_observe_us=9134 d_paints=0 d_skips=50 d_ticks=2 window_ms=1190
[host] slot livejleo1e_0: d_loop_us=938 d_raster_us=0 d_observe_us=77088 max_observe_us=7181 d_paints=0 d_skips=50 d_ticks=2 window_ms=1176
[rs2b0t] listener error Error: not impl: reader.selfChat
    at notImpl (file:///rs2b0t/bot/shim/_kernel.js:5:5)
    at Object.get (file:///rs2b0t/bot/shim/_kernel.js:17:19)
    at DuelArena.observeFightState (file:///rs2b0t/bot/scripts/bot/bot.js:288:70)
    at file:///rs2b0t/bot/scripts/bot/bot.js:93:63
    at globalThis.__rs2b0t_fire_tick_listeners (file:///rs2b0t/bot/runtime/BotHost.js:14:13)
    at globalThis.__rs2b0t_tick_async (file:///rs2b0t/bot/scripts/bot/main.js:15:37)
    at globalThis.__rs_tick (file:///rs2b0t/bot/scripts/bot/main.js:8:16)
[rs2b0t] listener error Error: not impl: reader.selfChat
    at notImpl (file:///rs2b0t/bot/shim/_kernel.js:5:5)
    at Object.get (file:///rs2b0t/bot/shim/_kernel.js:17:19)
    at DuelArena.observeFightState (file:///rs2b0t/bot/scripts/bot/bot.js:288:70)
    at file:///rs2b0t/bot/scripts/bot/bot.js:93:63
    at globalThis.__rs2b0t_fire_tick_listeners (file:///rs2b0t/bot/runtime/BotHost.js:14:13)
    at globalThis.__rs2b0t_pump (file:///rs2b0t/bot/api/execution/Execution.js:107:37)
[script livejleo1e_1] [rs2b0t] listener error not impl: reader.selfChat
[script livejleo1e_0] [rs2b0t] listener error not impl: reader.selfChat
[rs2b0t] listener error Error: not impl: reader.selfChat
    at notImpl (file:///rs2b0t/bot/shim/_kernel.js:5:5)
    at Object.get (file:///rs2b0t/bot/shim/_kernel.js:17:19)
    at DuelArena.observeFightState (file:///rs2b0t/bot/scripts/bot/bot.js:288:70)
    at file:///rs2b0t/bot/scripts/bot/bot.js:93:63
    at globalThis.__rs2b0t_fire_tick_listeners (file:///rs2b0t/bot/runtime/BotHost.js:14:13)
    at globalThis.__rs2b0t_tick_async (file:///rs2b0t/bot/scripts/bot/main.js:15:37)
    at globalThis.__rs_tick (file:///rs2b0t/bot/scripts/bot/main.js:8:16)
[rs2b0t] listener error Error: not impl: reader.selfChat
    at notImpl (file:///rs2b0t/bot/shim/_kernel.js:5:5)
    at Object.get (file:///rs2b0t/bot/shim/_kernel.js:17:19)
    at DuelArena.observeFightState (file:///rs2b0t/bot/scripts/bot/bot.js:288:70)
    at file:///rs2b0t/bot/scripts/bot/bot.js:93:63
    at globalThis.__rs2b0t_fire_tick_listeners (file:///rs2b0t/bot/runtime/BotHost.js:14:13)
    at globalThis.__rs2b0t_pump (file:///rs2b0t/bot/api/execution/Execution.js:107:37)
[script livejleo1e_0] [rs2b0t] listener error not impl: reader.selfChat
[script livejleo1e_1] [rs2b0t] listener error not impl: reader.selfChat
[host] slot livejleo1e_1: d_loop_us=1068 d_raster_us=0 d_observe_us=68956 max_observe_us=10602 d_paints=0 d_skips=50 d_ticks=2 window_ms=1175
[host] slot livejleo1e_0: d_loop_us=1111 d_raster_us=0 d_observe_us=69175 max_observe_us=11392 d_paints=0 d_skips=50 d_ticks=2 window_ms=1183
[rs2b0t] listener error Error: not impl: reader.selfChat
    at notImpl (file:///rs2b0t/bot/shim/_kernel.js:5:5)
    at Object.get (file:///rs2b0t/bot/shim/_kernel.js:17:19)
    at DuelArena.observeFightState (file:///rs2b0t/bot/scripts/bot/bot.js:288:70)
    at file:///rs2b0t/bot/scripts/bot/bot.js:93:63
    at globalThis.__rs2b0t_fire_tick_listeners (file:///rs2b0t/bot/runtime/BotHost.js:14:13)
    at globalThis.__rs2b0t_pump (file:///rs2b0t/bot/api/execution/Execution.js:107:37)
[rs2b0t] listener error Error: not impl: reader.selfChat
    at notImpl (file:///rs2b0t/bot/shim/_kernel.js:5:5)
    at Object.get (file:///rs2b0t/bot/shim/_kernel.js:17:19)
    at DuelArena.observeFightState (file:///rs2b0t/bot/scripts/bot/bot.js:288:70)
    at file:///rs2b0t/bot/scripts/bot/bot.js:93:63
    at globalThis.__rs2b0t_fire_tick_listeners (file:///rs2b0t/bot/runtime/BotHost.js:14:13)
    at globalThis.__rs2b0t_tick_async (file:///rs2b0t/bot/scripts/bot/main.js:15:37)
    at globalThis.__rs_tick (file:///rs2b0t/bot/scripts/bot/main.js:8:16)
[script livejleo1e_0] [rs2b0t] listener error not impl: reader.selfChat
[script livejleo1e_1] [rs2b0t] listener error not impl: reader.selfChat
[rs2b0t] listener error Error: not impl: reader.selfChat
    at notImpl (file:///rs2b0t/bot/shim/_kernel.js:5:5)
    at Object.get (file:///rs2b0t/bot/shim/_kernel.js:17:19)
    at DuelArena.observeFightState (file:///rs2b0t/bot/scripts/bot/bot.js:288:70)
    at file:///rs2b0t/bot/scripts/bot/bot.js:93:63
    at globalThis.__rs2b0t_fire_tick_listeners (file:///rs2b0t/bot/runtime/BotHost.js:14:13)
    at globalThis.__rs2b0t_pump (file:///rs2b0t/bot/api/execution/Execution.js:107:37)
[rs2b0t] listener error Error: not impl: reader.selfChat
    at notImpl (file:///rs2b0t/bot/shim/_kernel.js:5:5)
    at Object.get (file:///rs2b0t/bot/shim/_kernel.js:17:19)
    at DuelArena.observeFightState (file:///rs2b0t/bot/scripts/bot/bot.js:288:70)
    at file:///rs2b0t/bot/scripts/bot/bot.js:93:63
    at globalThis.__rs2b0t_fire_tick_listeners (file:///rs2b0t/bot/runtime/BotHost.js:14:13)
    at globalThis.__rs2b0t_tick_async (file:///rs2b0t/bot/scripts/bot/main.js:15:37)
    at globalThis.__rs_tick (file:///rs2b0t/bot/scripts/bot/main.js:8:16)
[script livejleo1e_1] [rs2b0t] listener error not impl: reader.selfChat
[script livejleo1e_0] [rs2b0t] listener error not impl: reader.selfChat
[host] slot livejleo1e_1: d_loop_us=1050 d_raster_us=0 d_observe_us=67480 max_observe_us=11303 d_paints=0 d_skips=50 d_ticks=2 window_ms=1188
[host] slot livejleo1e_0: d_loop_us=1206 d_raster_us=0 d_observe_us=83427 max_observe_us=10939 d_paints=0 d_skips=50 d_ticks=2 window_ms=1179
[rs2b0t] listener error Error: not impl: reader.selfChat
    at notImpl (file:///rs2b0t/bot/shim/_kernel.js:5:5)
    at Object.get (file:///rs2b0t/bot/shim/_kernel.js:17:19)
    at DuelArena.observeFightState (file:///rs2b0t/bot/scripts/bot/bot.js:288:70)
    at file:///rs2b0t/bot/scripts/bot/bot.js:93:63
    at globalThis.__rs2b0t_fire_tick_listeners (file:///rs2b0t/bot/runtime/BotHost.js:14:13)
    at globalThis.__rs2b0t_tick_async (file:///rs2b0t/bot/scripts/bot/main.js:15:37)
    at globalThis.__rs_tick (file:///rs2b0t/bot/scripts/bot/main.js:8:16)
[rs2b0t] listener error Error: not impl: reader.selfChat
    at notImpl (file:///rs2b0t/bot/shim/_kernel.js:5:5)
    at Object.get (file:///rs2b0t/bot/shim/_kernel.js:17:19)
    at DuelArena.observeFightState (file:///rs2b0t/bot/scripts/bot/bot.js:288:70)
    at file:///rs2b0t/bot/scripts/bot/bot.js:93:63
    at globalThis.__rs2b0t_fire_tick_listeners (file:///rs2b0t/bot/runtime/BotHost.js:14:13)
    at globalThis.__rs2b0t_pump (file:///rs2b0t/bot/api/execution/Execution.js:107:37)
[script livejleo1e_1] [rs2b0t] listener error not impl: reader.selfChat
[script livejleo1e_0] [rs2b0t] listener error not impl: reader.selfChat
[rs2b0t] listener error Error: not impl: reader.selfChat
    at notImpl (file:///rs2b0t/bot/shim/_kernel.js:5:5)
    at Object.get (file:///rs2b0t/bot/shim/_kernel.js:17:19)
    at DuelArena.observeFightState (file:///rs2b0t/bot/scripts/bot/bot.js:288:70)
    at file:///rs2b0t/bot/scripts/bot/bot.js:93:63
    at globalThis.__rs2b0t_fire_tick_listeners (file:///rs2b0t/bot/runtime/BotHost.js:14:13)
    at globalThis.__rs2b0t_pump (file:///rs2b0t/bot/api/execution/Execution.js:107:37)
[rs2b0t] listener error Error: not impl: reader.selfChat
    at notImpl (file:///rs2b0t/bot/shim/_kernel.js:5:5)
    at Object.get (file:///rs2b0t/bot/shim/_kernel.js:17:19)
    at DuelArena.observeFightState (file:///rs2b0t/bot/scripts/bot/bot.js:288:70)
    at file:///rs2b0t/bot/scripts/bot/bot.js:93:63
    at globalThis.__rs2b0t_fire_tick_listeners (file:///rs2b0t/bot/runtime/BotHost.js:14:13)
    at globalThis.__rs2b0t_tick_async (file:///rs2b0t/bot/scripts/bot/main.js:15:37)
    at globalThis.__rs_tick (file:///rs2b0t/bot/scripts/bot/main.js:8:16)
[script livejleo1e_1] [rs2b0t] listener error not impl: reader.selfChat
[script livejleo1e_0] [rs2b0t] listener error not impl: reader.selfChat
[host] slot livejleo1e_1: d_loop_us=1203 d_raster_us=0 d_observe_us=69361 max_observe_us=11070 d_paints=0 d_skips=50 d_ticks=2 window_ms=1170
[host] slot livejleo1e_0: d_loop_us=1079 d_raster_us=0 d_observe_us=70718 max_observe_us=10281 d_paints=0 d_skips=50 d_ticks=2 window_ms=1194
[rs2b0t] listener error Error: not impl: reader.selfChat
    at notImpl (file:///rs2b0t/bot/shim/_kernel.js:5:5)
    at Object.get (file:///rs2b0t/bot/shim/_kernel.js:17:19)
    at DuelArena.observeFightState (file:///rs2b0t/bot/scripts/bot/bot.js:288:70)
    at file:///rs2b0t/bot/scripts/bot/bot.js:93:63
    at globalThis.__rs2b0t_fire_tick_listeners (file:///rs2b0t/bot/runtime/BotHost.js:14:13)
    at globalThis.__rs2b0t_pump (file:///rs2b0t/bot/api/execution/Execution.js:107:37)
[rs2b0t] listener error Error: not impl: reader.selfChat
    at notImpl (file:///rs2b0t/bot/shim/_kernel.js:5:5)
    at Object.get (file:///rs2b0t/bot/shim/_kernel.js:17:19)
    at DuelArena.observeFightState (file:///rs2b0t/bot/scripts/bot/bot.js:288:70)
    at file:///rs2b0t/bot/scripts/bot/bot.js:93:63
    at globalThis.__rs2b0t_fire_tick_listeners (file:///rs2b0t/bot/runtime/BotHost.js:14:13)
    at globalThis.__rs2b0t_tick_async (file:///rs2b0t/bot/scripts/bot/main.js:15:37)
    at globalThis.__rs_tick (file:///rs2b0t/bot/scripts/bot/main.js:8:16)
[script livejleo1e_0] [rs2b0t] listener error not impl: reader.selfChat
[script livejleo1e_1] [rs2b0t] listener error not impl: reader.selfChat
[rs2b0t] listener error Error: not impl: reader.selfChat
    at notImpl (file:///rs2b0t/bot/shim/_kernel.js:5:5)
    at Object.get (file:///rs2b0t/bot/shim/_kernel.js:17:19)
    at DuelArena.observeFightState (file:///rs2b0t/bot/scripts/bot/bot.js:288:70)
    at file:///rs2b0t/bot/scripts/bot/bot.js:93:63
    at globalThis.__rs2b0t_fire_tick_listeners (file:///rs2b0t/bot/runtime/BotHost.js:14:13)
    at globalThis.__rs2b0t_tick_async (file:///rs2b0t/bot/scripts/bot/main.js:15:37)
    at globalThis.__rs_tick (file:///rs2b0t/bot/scripts/bot/main.js:8:16)
[script livejleo1e_0] [rs2b0t] listener error not impl: reader.selfChat
[rs2b0t] listener error Error: not impl: reader.selfChat
    at notImpl (file:///rs2b0t/bot/shim/_kernel.js:5:5)
    at Object.get (file:///rs2b0t/bot/shim/_kernel.js:17:19)
    at DuelArena.observeFightState (file:///rs2b0t/bot/scripts/bot/bot.js:288:70)
    at file:///rs2b0t/bot/scripts/bot/bot.js:93:63
    at globalThis.__rs2b0t_fire_tick_listeners (file:///rs2b0t/bot/runtime/BotHost.js:14:13)
    at globalThis.__rs2b0t_pump (file:///rs2b0t/bot/api/execution/Execution.js:107:37)
[script livejleo1e_1] [rs2b0t] listener error not impl: reader.selfChat
[host] slot livejleo1e_1: d_loop_us=1080 d_raster_us=0 d_observe_us=65935 max_observe_us=10254 d_paints=0 d_skips=50 d_ticks=2 window_ms=1195
[host] slot livejleo1e_0: d_loop_us=1076 d_raster_us=0 d_observe_us=63758 max_observe_us=11100 d_paints=0 d_skips=50 d_ticks=2 window_ms=1192
[rs2b0t] listener error Error: not impl: reader.selfChat
    at notImpl (file:///rs2b0t/bot/shim/_kernel.js:5:5)
    at Object.get (file:///rs2b0t/bot/shim/_kernel.js:17:19)
    at DuelArena.observeFightState (file:///rs2b0t/bot/scripts/bot/bot.js:288:70)
    at file:///rs2b0t/bot/scripts/bot/bot.js:93:63
    at globalThis.__rs2b0t_fire_tick_listeners (file:///rs2b0t/bot/runtime/BotHost.js:14:13)
    at globalThis.__rs2b0t_pump (file:///rs2b0t/bot/api/execution/Execution.js:107:37)
[script livejleo1e_0] [rs2b0t] listener error not impl: reader.selfChat
[rs2b0t] listener error Error: not impl: reader.selfChat
    at notImpl (file:///rs2b0t/bot/shim/_kernel.js:5:5)
    at Object.get (file:///rs2b0t/bot/shim/_kernel.js:17:19)
    at DuelArena.observeFightState (file:///rs2b0t/bot/scripts/bot/bot.js:288:70)
    at file:///rs2b0t/bot/scripts/bot/bot.js:93:63
    at globalThis.__rs2b0t_fire_tick_listeners (file:///rs2b0t/bot/runtime/BotHost.js:14:13)
    at globalThis.__rs2b0t_tick_async (file:///rs2b0t/bot/scripts/bot/main.js:15:37)
    at globalThis.__rs_tick (file:///rs2b0t/bot/scripts/bot/main.js:8:16)
[script livejleo1e_1] [rs2b0t] listener error not impl: reader.selfChat
[rs2b0t] listener error Error: not impl: reader.selfChat
    at notImpl (file:///rs2b0t/bot/shim/_kernel.js:5:5)
    at Object.get (file:///rs2b0t/bot/shim/_kernel.js:17:19)
    at DuelArena.observeFightState (file:///rs2b0t/bot/scripts/bot/bot.js:288:70)
    at file:///rs2b0t/bot/scripts/bot/bot.js:93:63
    at globalThis.__rs2b0t_fire_tick_listeners (file:///rs2b0t/bot/runtime/BotHost.js:14:13)
    at globalThis.__rs2b0t_pump (file:///rs2b0t/bot/api/execution/Execution.js:107:37)
[rs2b0t] listener error Error: not impl: reader.selfChat
    at notImpl (file:///rs2b0t/bot/shim/_kernel.js:5:5)
    at Object.get (file:///rs2b0t/bot/shim/_kernel.js:17:19)
    at DuelArena.observeFightState (file:///rs2b0t/bot/scripts/bot/bot.js:288:70)
    at file:///rs2b0t/bot/scripts/bot/bot.js:93:63
    at globalThis.__rs2b0t_fire_tick_listeners (file:///rs2b0t/bot/runtime/BotHost.js:14:13)
    at globalThis.__rs2b0t_tick_async (file:///rs2b0t/bot/scripts/bot/main.js:15:37)
    at globalThis.__rs_tick (file:///rs2b0t/bot/scripts/bot/main.js:8:16)
[script livejleo1e_1] [rs2b0t] listener error not impl: reader.selfChat
[script livejleo1e_0] [rs2b0t] listener error not impl: reader.selfChat
[host] slot livejleo1e_1: d_loop_us=866 d_raster_us=0 d_observe_us=59986 max_observe_us=9164 d_paints=0 d_skips=50 d_ticks=2 window_ms=1182
[host] slot livejleo1e_0: d_loop_us=970 d_raster_us=0 d_observe_us=66383 max_observe_us=11320 d_paints=0 d_skips=50 d_ticks=2 window_ms=1166
[rs2b0t] listener error Error: not impl: reader.selfChat
    at notImpl (file:///rs2b0t/bot/shim/_kernel.js:5:5)
    at Object.get (file:///rs2b0t/bot/shim/_kernel.js:17:19)
    at DuelArena.observeFightState (file:///rs2b0t/bot/scripts/bot/bot.js:288:70)
    at file:///rs2b0t/bot/scripts/bot/bot.js:93:63
    at globalThis.__rs2b0t_fire_tick_listeners (file:///rs2b0t/bot/runtime/BotHost.js:14:13)
    at globalThis.__rs2b0t_pump (file:///rs2b0t/bot/api/execution/Execution.js:107:37)
[rs2b0t] listener error Error: not impl: reader.selfChat
    at notImpl (file:///rs2b0t/bot/shim/_kernel.js:5:5)
    at Object.get (file:///rs2b0t/bot/shim/_kernel.js:17:19)
    at DuelArena.observeFightState (file:///rs2b0t/bot/scripts/bot/bot.js:288:70)
    at file:///rs2b0t/bot/scripts/bot/bot.js:93:63
    at globalThis.__rs2b0t_fire_tick_listeners (file:///rs2b0t/bot/runtime/BotHost.js:14:13)
    at globalThis.__rs2b0t_tick_async (file:///rs2b0t/bot/scripts/bot/main.js:15:37)
    at globalThis.__rs_tick (file:///rs2b0t/bot/scripts/bot/main.js:8:16)
[script livejleo1e_0] [rs2b0t] listener error not impl: reader.selfChat
[script livejleo1e_1] [rs2b0t] listener error not impl: reader.selfChat
[rs2b0t] listener error Error: not impl: reader.selfChat
    at notImpl (file:///rs2b0t/bot/shim/_kernel.js:5:5)
    at Object.get (file:///rs2b0t/bot/shim/_kernel.js:17:19)
    at DuelArena.observeFightState (file:///rs2b0t/bot/scripts/bot/bot.js:288:70)
    at file:///rs2b0t/bot/scripts/bot/bot.js:93:63
    at globalThis.__rs2b0t_fire_tick_listeners (file:///rs2b0t/bot/runtime/BotHost.js:14:13)
    at globalThis.__rs2b0t_pump (file:///rs2b0t/bot/api/execution/Execution.js:107:37)
[script livejleo1e_1] [rs2b0t] listener error not impl: reader.selfChat
[rs2b0t] listener error Error: not impl: reader.selfChat
    at notImpl (file:///rs2b0t/bot/shim/_kernel.js:5:5)
    at Object.get (file:///rs2b0t/bot/shim/_kernel.js:17:19)
    at DuelArena.observeFightState (file:///rs2b0t/bot/scripts/bot/bot.js:288:70)
    at file:///rs2b0t/bot/scripts/bot/bot.js:93:63
    at globalThis.__rs2b0t_fire_tick_listeners (file:///rs2b0t/bot/runtime/BotHost.js:14:13)
    at globalThis.__rs2b0t_tick_async (file:///rs2b0t/bot/scripts/bot/main.js:15:37)
    at globalThis.__rs_tick (file:///rs2b0t/bot/scripts/bot/main.js:8:16)
[script livejleo1e_0] [rs2b0t] listener error not impl: reader.selfChat
[host] slot livejleo1e_1: d_loop_us=928 d_raster_us=0 d_observe_us=70019 max_observe_us=10639 d_paints=0 d_skips=50 d_ticks=2 window_ms=1202
[host] slot livejleo1e_0: d_loop_us=1091 d_raster_us=0 d_observe_us=70616 max_observe_us=10769 d_paints=0 d_skips=50 d_ticks=2 window_ms=1182
[rs2b0t] listener error Error: not impl: reader.selfChat
    at notImpl (file:///rs2b0t/bot/shim/_kernel.js:5:5)
    at Object.get (file:///rs2b0t/bot/shim/_kernel.js:17:19)
    at DuelArena.observeFightState (file:///rs2b0t/bot/scripts/bot/bot.js:288:70)
    at file:///rs2b0t/bot/scripts/bot/bot.js:93:63
    at globalThis.__rs2b0t_fire_tick_listeners (file:///rs2b0t/bot/runtime/BotHost.js:14:13)
    at globalThis.__rs2b0t_tick_async (file:///rs2b0t/bot/scripts/bot/main.js:15:37)
    at globalThis.__rs_tick (file:///rs2b0t/bot/scripts/bot/main.js:8:16)
[rs2b0t] listener error Error: not impl: reader.selfChat
    at notImpl (file:///rs2b0t/bot/shim/_kernel.js:5:5)
    at Object.get (file:///rs2b0t/bot/shim/_kernel.js:17:19)
    at DuelArena.observeFightState (file:///rs2b0t/bot/scripts/bot/bot.js:288:70)
    at file:///rs2b0t/bot/scripts/bot/bot.js:93:63
    at globalThis.__rs2b0t_fire_tick_listeners (file:///rs2b0t/bot/runtime/BotHost.js:14:13)
    at globalThis.__rs2b0t_pump (file:///rs2b0t/bot/api/execution/Execution.js:107:37)
[script livejleo1e_1] [rs2b0t] listener error not impl: reader.selfChat
[script livejleo1e_0] [rs2b0t] listener error not impl: reader.selfChat
[rs2b0t] listener error Error: not impl: reader.selfChat
    at notImpl (file:///rs2b0t/bot/shim/_kernel.js:5:5)
    at Object.get (file:///rs2b0t/bot/shim/_kernel.js:17:19)
    at DuelArena.observeFightState (file:///rs2b0t/bot/scripts/bot/bot.js:288:70)
    at file:///rs2b0t/bot/scripts/bot/bot.js:93:63
    at globalThis.__rs2b0t_fire_tick_listeners (file:///rs2b0t/bot/runtime/BotHost.js:14:13)
    at globalThis.__rs2b0t_pump (file:///rs2b0t/bot/api/execution/Execution.js:107:37)
[rs2b0t] listener error Error: not impl: reader.selfChat
    at notImpl (file:///rs2b0t/bot/shim/_kernel.js:5:5)
    at Object.get (file:///rs2b0t/bot/shim/_kernel.js:17:19)
    at DuelArena.observeFightState (file:///rs2b0t/bot/scripts/bot/bot.js:288:70)
    at file:///rs2b0t/bot/scripts/bot/bot.js:93:63
    at globalThis.__rs2b0t_fire_tick_listeners (file:///rs2b0t/bot/runtime/BotHost.js:14:13)
    at globalThis.__rs2b0t_tick_async (file:///rs2b0t/bot/scripts/bot/main.js:15:37)
    at globalThis.__rs_tick (file:///rs2b0t/bot/scripts/bot/main.js:8:16)
[script livejleo1e_1] [rs2b0t] listener error not impl: reader.selfChat
[script livejleo1e_0] [rs2b0t] listener error not impl: reader.selfChat
[host] slot livejleo1e_1: d_loop_us=1162 d_raster_us=0 d_observe_us=75724 max_observe_us=11487 d_paints=0 d_skips=50 d_ticks=2 window_ms=1200
[host] slot livejleo1e_0: d_loop_us=994 d_raster_us=0 d_observe_us=67809 max_observe_us=10244 d_paints=0 d_skips=50 d_ticks=2 window_ms=1192
[rs2b0t] listener error Error: not impl: reader.selfChat
    at notImpl (file:///rs2b0t/bot/shim/_kernel.js:5:5)
    at Object.get (file:///rs2b0t/bot/shim/_kernel.js:17:19)
    at DuelArena.observeFightState (file:///rs2b0t/bot/scripts/bot/bot.js:288:70)
    at file:///rs2b0t/bot/scripts/bot/bot.js:93:63
    at globalThis.__rs2b0t_fire_tick_listeners (file:///rs2b0t/bot/runtime/BotHost.js:14:13)
    at globalThis.__rs2b0t_pump (file:///rs2b0t/bot/api/execution/Execution.js:107:37)
[script livejleo1e_0] [rs2b0t] listener error not impl: reader.selfChat
[rs2b0t] listener error Error: not impl: reader.selfChat
    at notImpl (file:///rs2b0t/bot/shim/_kernel.js:5:5)
    at Object.get (file:///rs2b0t/bot/shim/_kernel.js:17:19)
    at DuelArena.observeFightState (file:///rs2b0t/bot/scripts/bot/bot.js:288:70)
    at file:///rs2b0t/bot/scripts/bot/bot.js:93:63
    at globalThis.__rs2b0t_fire_tick_listeners (file:///rs2b0t/bot/runtime/BotHost.js:14:13)
    at globalThis.__rs2b0t_tick_async (file:///rs2b0t/bot/scripts/bot/main.js:15:37)
    at globalThis.__rs_tick (file:///rs2b0t/bot/scripts/bot/main.js:8:16)
[script livejleo1e_1] [rs2b0t] listener error not impl: reader.selfChat
[rs2b0t] listener error Error: not impl: reader.selfChat
    at notImpl (file:///rs2b0t/bot/shim/_kernel.js:5:5)
    at Object.get (file:///rs2b0t/bot/shim/_kernel.js:17:19)
    at DuelArena.observeFightState (file:///rs2b0t/bot/scripts/bot/bot.js:288:70)
    at file:///rs2b0t/bot/scripts/bot/bot.js:93:63
    at globalThis.__rs2b0t_fire_tick_listeners (file:///rs2b0t/bot/runtime/BotHost.js:14:13)
    at globalThis.__rs2b0t_tick_async (file:///rs2b0t/bot/scripts/bot/main.js:15:37)
    at globalThis.__rs_tick (file:///rs2b0t/bot/scripts/bot/main.js:8:16)
[rs2b0t] listener error Error: not impl: reader.selfChat
    at notImpl (file:///rs2b0t/bot/shim/_kernel.js:5:5)
    at Object.get (file:///rs2b0t/bot/shim/_kernel.js:17:19)
    at DuelArena.observeFightState (file:///rs2b0t/bot/scripts/bot/bot.js:288:70)
    at file:///rs2b0t/bot/scripts/bot/bot.js:93:63
    at globalThis.__rs2b0t_fire_tick_listeners (file:///rs2b0t/bot/runtime/BotHost.js:14:13)
    at globalThis.__rs2b0t_pump (file:///rs2b0t/bot/api/execution/Execution.js:107:37)
[script livejleo1e_0] [rs2b0t] listener error not impl: reader.selfChat
[script livejleo1e_1] [rs2b0t] listener error not impl: reader.selfChat
[host] slot livejleo1e_1: d_loop_us=890 d_raster_us=0 d_observe_us=57654 max_observe_us=8779 d_paints=0 d_skips=50 d_ticks=2 window_ms=1177
[host] slot livejleo1e_0: d_loop_us=903 d_raster_us=0 d_observe_us=59280 max_observe_us=10290 d_paints=0 d_skips=50 d_ticks=2 window_ms=1185
[rs2b0t] listener error Error: not impl: reader.selfChat
    at notImpl (file:///rs2b0t/bot/shim/_kernel.js:5:5)
    at Object.get (file:///rs2b0t/bot/shim/_kernel.js:17:19)
    at DuelArena.observeFightState (file:///rs2b0t/bot/scripts/bot/bot.js:288:70)
    at file:///rs2b0t/bot/scripts/bot/bot.js:93:63
    at globalThis.__rs2b0t_fire_tick_listeners (file:///rs2b0t/bot/runtime/BotHost.js:14:13)
    at globalThis.__rs2b0t_tick_async (file:///rs2b0t/bot/scripts/bot/main.js:15:37)
    at globalThis.__rs_tick (file:///rs2b0t/bot/scripts/bot/main.js:8:16)
[rs2b0t] listener error Error: not impl: reader.selfChat
    at notImpl (file:///rs2b0t/bot/shim/_kernel.js:5:5)
    at Object.get (file:///rs2b0t/bot/shim/_kernel.js:17:19)
    at DuelArena.observeFightState (file:///rs2b0t/bot/scripts/bot/bot.js:288:70)
    at file:///rs2b0t/bot/scripts/bot/bot.js:93:63
    at globalThis.__rs2b0t_fire_tick_listeners (file:///rs2b0t/bot/runtime/BotHost.js:14:13)
    at globalThis.__rs2b0t_pump (file:///rs2b0t/bot/api/execution/Execution.js:107:37)
[script livejleo1e_1] [rs2b0t] listener error not impl: reader.selfChat
[script livejleo1e_0] [rs2b0t] listener error not impl: reader.selfChat
[rs2b0t] listener error Error: not impl: reader.selfChat
    at notImpl (file:///rs2b0t/bot/shim/_kernel.js:5:5)
    at Object.get (file:///rs2b0t/bot/shim/_kernel.js:17:19)
    at DuelArena.observeFightState (file:///rs2b0t/bot/scripts/bot/bot.js:288:70)
    at file:///rs2b0t/bot/scripts/bot/bot.js:93:63
    at globalThis.__rs2b0t_fire_tick_listeners (file:///rs2b0t/bot/runtime/BotHost.js:14:13)
    at globalThis.__rs2b0t_pump (file:///rs2b0t/bot/api/execution/Execution.js:107:37)
[rs2b0t] listener error Error: not impl: reader.selfChat
    at notImpl (file:///rs2b0t/bot/shim/_kernel.js:5:5)
    at Object.get (file:///rs2b0t/bot/shim/_kernel.js:17:19)
    at DuelArena.observeFightState (file:///rs2b0t/bot/scripts/bot/bot.js:288:70)
    at file:///rs2b0t/bot/scripts/bot/bot.js:93:63
    at globalThis.__rs2b0t_fire_tick_listeners (file:///rs2b0t/bot/runtime/BotHost.js:14:13)
    at globalThis.__rs2b0t_tick_async (file:///rs2b0t/bot/scripts/bot/main.js:15:37)
    at globalThis.__rs_tick (file:///rs2b0t/bot/scripts/bot/main.js:8:16)
[script livejleo1e_1] [rs2b0t] listener error not impl: reader.selfChat
[script livejleo1e_0] [rs2b0t] listener error not impl: reader.selfChat
[host] slot livejleo1e_1: d_loop_us=906 d_raster_us=0 d_observe_us=53985 max_observe_us=10166 d_paints=0 d_skips=50 d_ticks=2 window_ms=1193
[host] slot livejleo1e_0: d_loop_us=881 d_raster_us=0 d_observe_us=50087 max_observe_us=8650 d_paints=0 d_skips=50 d_ticks=2 window_ms=1188
[rs2b0t] listener error Error: not impl: reader.selfChat
    at notImpl (file:///rs2b0t/bot/shim/_kernel.js:5:5)
    at Object.get (file:///rs2b0t/bot/shim/_kernel.js:17:19)
    at DuelArena.observeFightState (file:///rs2b0t/bot/scripts/bot/bot.js:288:70)
    at file:///rs2b0t/bot/scripts/bot/bot.js:93:63
    at globalThis.__rs2b0t_fire_tick_listeners (file:///rs2b0t/bot/runtime/BotHost.js:14:13)
    at globalThis.__rs2b0t_pump (file:///rs2b0t/bot/api/execution/Execution.js:107:37)
[script livejleo1e_0] [rs2b0t] listener error not impl: reader.selfChat
[rs2b0t] listener error Error: not impl: reader.selfChat
    at notImpl (file:///rs2b0t/bot/shim/_kernel.js:5:5)
    at Object.get (file:///rs2b0t/bot/shim/_kernel.js:17:19)
    at DuelArena.observeFightState (file:///rs2b0t/bot/scripts/bot/bot.js:288:70)
    at file:///rs2b0t/bot/scripts/bot/bot.js:93:63
    at globalThis.__rs2b0t_fire_tick_listeners (file:///rs2b0t/bot/runtime/BotHost.js:14:13)
    at globalThis.__rs2b0t_tick_async (file:///rs2b0t/bot/scripts/bot/main.js:15:37)
    at globalThis.__rs_tick (file:///rs2b0t/bot/scripts/bot/main.js:8:16)
[script livejleo1e_1] [rs2b0t] listener error not impl: reader.selfChat
[rs2b0t] listener error Error: not impl: reader.selfChat
    at notImpl (file:///rs2b0t/bot/shim/_kernel.js:5:5)
    at Object.get (file:///rs2b0t/bot/shim/_kernel.js:17:19)
    at DuelArena.observeFightState (file:///rs2b0t/bot/scripts/bot/bot.js:288:70)
    at file:///rs2b0t/bot/scripts/bot/bot.js:93:63
    at globalThis.__rs2b0t_fire_tick_listeners (file:///rs2b0t/bot/runtime/BotHost.js:14:13)
    at globalThis.__rs2b0t_pump (file:///rs2b0t/bot/api/execution/Execution.js:107:37)
[rs2b0t] listener error Error: not impl: reader.selfChat
    at notImpl (file:///rs2b0t/bot/shim/_kernel.js:5:5)
    at Object.get (file:///rs2b0t/bot/shim/_kernel.js:17:19)
    at DuelArena.observeFightState (file:///rs2b0t/bot/scripts/bot/bot.js:288:70)
    at file:///rs2b0t/bot/scripts/bot/bot.js:93:63
    at globalThis.__rs2b0t_fire_tick_listeners (file:///rs2b0t/bot/runtime/BotHost.js:14:13)
    at globalThis.__rs2b0t_tick_async (file:///rs2b0t/bot/scripts/bot/main.js:15:37)
    at globalThis.__rs_tick (file:///rs2b0t/bot/scripts/bot/main.js:8:16)
[script livejleo1e_1] [rs2b0t] listener error not impl: reader.selfChat
[host] slot livejleo1e_1: d_loop_us=1131 d_raster_us=0 d_observe_us=68614 max_observe_us=10980 d_paints=0 d_skips=50 d_ticks=2 window_ms=1195
[script livejleo1e_0] [rs2b0t] listener error not impl: reader.selfChat
[host] slot livejleo1e_0: d_loop_us=1101 d_raster_us=0 d_observe_us=74830 max_observe_us=11803 d_paints=0 d_skips=50 d_ticks=2 window_ms=1196
[rs2b0t] listener error Error: not impl: reader.selfChat
    at notImpl (file:///rs2b0t/bot/shim/_kernel.js:5:5)
    at Object.get (file:///rs2b0t/bot/shim/_kernel.js:17:19)
    at DuelArena.observeFightState (file:///rs2b0t/bot/scripts/bot/bot.js:288:70)
    at file:///rs2b0t/bot/scripts/bot/bot.js:93:63
    at globalThis.__rs2b0t_fire_tick_listeners (file:///rs2b0t/bot/runtime/BotHost.js:14:13)
    at globalThis.__rs2b0t_tick_async (file:///rs2b0t/bot/scripts/bot/main.js:15:37)
    at globalThis.__rs_tick (file:///rs2b0t/bot/scripts/bot/main.js:8:16)
[script livejleo1e_1] [rs2b0t] listener error not impl: reader.selfChat
[rs2b0t] listener error Error: not impl: reader.selfChat
    at notImpl (file:///rs2b0t/bot/shim/_kernel.js:5:5)
    at Object.get (file:///rs2b0t/bot/shim/_kernel.js:17:19)
    at DuelArena.observeFightState (file:///rs2b0t/bot/scripts/bot/bot.js:288:70)
    at file:///rs2b0t/bot/scripts/bot/bot.js:93:63
    at globalThis.__rs2b0t_fire_tick_listeners (file:///rs2b0t/bot/runtime/BotHost.js:14:13)
    at globalThis.__rs2b0t_pump (file:///rs2b0t/bot/api/execution/Execution.js:107:37)
[script livejleo1e_0] [rs2b0t] listener error not impl: reader.selfChat
[host] slot livejleo1e_1: d_loop_us=785 d_raster_us=0 d_observe_us=63895 max_observe_us=9485 d_paints=0 d_skips=50 d_ticks=2 window_ms=1184
[rs2b0t] listener error Error: not impl: reader.selfChat
    at notImpl (file:///rs2b0t/bot/shim/_kernel.js:5:5)
    at Object.get (file:///rs2b0t/bot/shim/_kernel.js:17:19)
    at DuelArena.observeFightState (file:///rs2b0t/bot/scripts/bot/bot.js:288:70)
    at file:///rs2b0t/bot/scripts/bot/bot.js:93:63
    at globalThis.__rs2b0t_fire_tick_listeners (file:///rs2b0t/bot/runtime/BotHost.js:14:13)
    at globalThis.__rs2b0t_pump (file:///rs2b0t/bot/api/execution/Execution.js:107:37)
[rs2b0t] listener error Error: not impl: reader.selfChat
    at notImpl (file:///rs2b0t/bot/shim/_kernel.js:5:5)
    at Object.get (file:///rs2b0t/bot/shim/_kernel.js:17:19)
    at DuelArena.observeFightState (file:///rs2b0t/bot/scripts/bot/bot.js:288:70)
    at file:///rs2b0t/bot/scripts/bot/bot.js:93:63
    at globalThis.__rs2b0t_fire_tick_listeners (file:///rs2b0t/bot/runtime/BotHost.js:14:13)
    at globalThis.__rs2b0t_tick_async (file:///rs2b0t/bot/scripts/bot/main.js:15:37)
    at globalThis.__rs_tick (file:///rs2b0t/bot/scripts/bot/main.js:8:16)
[script livejleo1e_1] [rs2b0t] listener error not impl: reader.selfChat
[script livejleo1e_0] [rs2b0t] listener error not impl: reader.selfChat
[host] slot livejleo1e_0: d_loop_us=1104 d_raster_us=0 d_observe_us=79524 max_observe_us=10484 d_paints=0 d_skips=50 d_ticks=2 window_ms=1191
[rs2b0t] listener error Error: not impl: reader.selfChat
    at notImpl (file:///rs2b0t/bot/shim/_kernel.js:5:5)
    at Object.get (file:///rs2b0t/bot/shim/_kernel.js:17:19)
    at DuelArena.observeFightState (file:///rs2b0t/bot/scripts/bot/bot.js:288:70)
    at file:///rs2b0t/bot/scripts/bot/bot.js:93:63
    at globalThis.__rs2b0t_fire_tick_listeners (file:///rs2b0t/bot/runtime/BotHost.js:14:13)
    at globalThis.__rs2b0t_pump (file:///rs2b0t/bot/api/execution/Execution.js:107:37)
[rs2b0t] listener error Error: not impl: reader.selfChat
    at notImpl (file:///rs2b0t/bot/shim/_kernel.js:5:5)
    at Object.get (file:///rs2b0t/bot/shim/_kernel.js:17:19)
    at DuelArena.observeFightState (file:///rs2b0t/bot/scripts/bot/bot.js:288:70)
    at file:///rs2b0t/bot/scripts/bot/bot.js:93:63
    at globalThis.__rs2b0t_fire_tick_listeners (file:///rs2b0t/bot/runtime/BotHost.js:14:13)
    at globalThis.__rs2b0t_tick_async (file:///rs2b0t/bot/scripts/bot/main.js:15:37)
    at globalThis.__rs_tick (file:///rs2b0t/bot/scripts/bot/main.js:8:16)
[script livejleo1e_0] [rs2b0t] listener error not impl: reader.selfChat
[script livejleo1e_1] [rs2b0t] listener error not impl: reader.selfChat
[host] slot livejleo1e_1: d_loop_us=1104 d_raster_us=0 d_observe_us=73385 max_observe_us=11452 d_paints=0 d_skips=50 d_ticks=2 window_ms=1188
[rs2b0t] listener error Error: not impl: reader.selfChat
    at notImpl (file:///rs2b0t/bot/shim/_kernel.js:5:5)
    at Object.get (file:///rs2b0t/bot/shim/_kernel.js:17:19)
    at DuelArena.observeFightState (file:///rs2b0t/bot/scripts/bot/bot.js:288:70)
    at file:///rs2b0t/bot/scripts/bot/bot.js:93:63
    at globalThis.__rs2b0t_fire_tick_listeners (file:///rs2b0t/bot/runtime/BotHost.js:14:13)
    at globalThis.__rs2b0t_pump (file:///rs2b0t/bot/api/execution/Execution.js:107:37)
[rs2b0t] listener error Error: not impl: reader.selfChat
    at notImpl (file:///rs2b0t/bot/shim/_kernel.js:5:5)
    at Object.get (file:///rs2b0t/bot/shim/_kernel.js:17:19)
    at DuelArena.observeFightState (file:///rs2b0t/bot/scripts/bot/bot.js:288:70)
    at file:///rs2b0t/bot/scripts/bot/bot.js:93:63
    at globalThis.__rs2b0t_fire_tick_listeners (file:///rs2b0t/bot/runtime/BotHost.js:14:13)
    at globalThis.__rs2b0t_tick_async (file:///rs2b0t/bot/scripts/bot/main.js:15:37)
    at globalThis.__rs_tick (file:///rs2b0t/bot/scripts/bot/main.js:8:16)
[script livejleo1e_1] [rs2b0t] listener error not impl: reader.selfChat
[script livejleo1e_0] [rs2b0t] listener error not impl: reader.selfChat
[host] slot livejleo1e_0: d_loop_us=1463 d_raster_us=0 d_observe_us=69008 max_observe_us=11466 d_paints=0 d_skips=50 d_ticks=2 window_ms=1183
[rs2b0t] listener error Error: not impl: reader.selfChat
    at notImpl (file:///rs2b0t/bot/shim/_kernel.js:5:5)
    at Object.get (file:///rs2b0t/bot/shim/_kernel.js:17:19)
    at DuelArena.observeFightState (file:///rs2b0t/bot/scripts/bot/bot.js:288:70)
    at file:///rs2b0t/bot/scripts/bot/bot.js:93:63
    at globalThis.__rs2b0t_fire_tick_listeners (file:///rs2b0t/bot/runtime/BotHost.js:14:13)
    at globalThis.__rs2b0t_pump (file:///rs2b0t/bot/api/execution/Execution.js:107:37)
[rs2b0t] listener error Error: not impl: reader.selfChat
    at notImpl (file:///rs2b0t/bot/shim/_kernel.js:5:5)
    at Object.get (file:///rs2b0t/bot/shim/_kernel.js:17:19)
    at DuelArena.observeFightState (file:///rs2b0t/bot/scripts/bot/bot.js:288:70)
    at file:///rs2b0t/bot/scripts/bot/bot.js:93:63
    at globalThis.__rs2b0t_fire_tick_listeners (file:///rs2b0t/bot/runtime/BotHost.js:14:13)
    at globalThis.__rs2b0t_tick_async (file:///rs2b0t/bot/scripts/bot/main.js:15:37)
    at globalThis.__rs_tick (file:///rs2b0t/bot/scripts/bot/main.js:8:16)
[script livejleo1e_1] [rs2b0t] listener error not impl: reader.selfChat
[script livejleo1e_0] [rs2b0t] listener error not impl: reader.selfChat
[host] slot livejleo1e_1: d_loop_us=960 d_raster_us=0 d_observe_us=58036 max_observe_us=12024 d_paints=0 d_skips=50 d_ticks=1 window_ms=1165
[host] slot livejleo1e_0: d_loop_us=1249 d_raster_us=0 d_observe_us=63831 max_observe_us=12338 d_paints=0 d_skips=50 d_ticks=2 window_ms=1171
[rs2b0t] listener error Error: not impl: reader.selfChat
    at notImpl (file:///rs2b0t/bot/shim/_kernel.js:5:5)
    at Object.get (file:///rs2b0t/bot/shim/_kernel.js:17:19)
    at DuelArena.observeFightState (file:///rs2b0t/bot/scripts/bot/bot.js:288:70)
    at file:///rs2b0t/bot/scripts/bot/bot.js:93:63
    at globalThis.__rs2b0t_fire_tick_listeners (file:///rs2b0t/bot/runtime/BotHost.js:14:13)
    at globalThis.__rs2b0t_tick_async (file:///rs2b0t/bot/scripts/bot/main.js:15:37)
    at globalThis.__rs_tick (file:///rs2b0t/bot/scripts/bot/main.js:8:16)
[rs2b0t] listener error Error: not impl: reader.selfChat
    at notImpl (file:///rs2b0t/bot/shim/_kernel.js:5:5)
    at Object.get (file:///rs2b0t/bot/shim/_kernel.js:17:19)
    at DuelArena.observeFightState (file:///rs2b0t/bot/scripts/bot/bot.js:288:70)
    at file:///rs2b0t/bot/scripts/bot/bot.js:93:63
    at globalThis.__rs2b0t_fire_tick_listeners (file:///rs2b0t/bot/runtime/BotHost.js:14:13)
    at globalThis.__rs2b0t_pump (file:///rs2b0t/bot/api/execution/Execution.js:107:37)
[script livejleo1e_0] [rs2b0t] listener error not impl: reader.selfChat
[script livejleo1e_1] [rs2b0t] listener error not impl: reader.selfChat
[rs2b0t] listener error Error: not impl: reader.selfChat
    at notImpl (file:///rs2b0t/bot/shim/_kernel.js:5:5)
    at Object.get (file:///rs2b0t/bot/shim/_kernel.js:17:19)
    at DuelArena.observeFightState (file:///rs2b0t/bot/scripts/bot/bot.js:288:70)
    at file:///rs2b0t/bot/scripts/bot/bot.js:93:63
    at globalThis.__rs2b0t_fire_tick_listeners (file:///rs2b0t/bot/runtime/BotHost.js:14:13)
    at globalThis.__rs2b0t_tick_async (file:///rs2b0t/bot/scripts/bot/main.js:15:37)
    at globalThis.__rs_tick (file:///rs2b0t/bot/scripts/bot/main.js:8:16)
[rs2b0t] listener error Error: not impl: reader.selfChat
    at notImpl (file:///rs2b0t/bot/shim/_kernel.js:5:5)
    at Object.get (file:///rs2b0t/bot/shim/_kernel.js:17:19)
    at DuelArena.observeFightState (file:///rs2b0t/bot/scripts/bot/bot.js:288:70)
    at file:///rs2b0t/bot/scripts/bot/bot.js:93:63
    at globalThis.__rs2b0t_fire_tick_listeners (file:///rs2b0t/bot/runtime/BotHost.js:14:13)
    at globalThis.__rs2b0t_pump (file:///rs2b0t/bot/api/execution/Execution.js:107:37)
[script livejleo1e_1] [rs2b0t] listener error not impl: reader.selfChat
[script livejleo1e_0] [rs2b0t] listener error not impl: reader.selfChat
[host] slot livejleo1e_1: d_loop_us=900 d_raster_us=0 d_observe_us=63625 max_observe_us=11366 d_paints=0 d_skips=50 d_ticks=2 window_ms=1199
[host] slot livejleo1e_0: d_loop_us=1049 d_raster_us=0 d_observe_us=71674 max_observe_us=11958 d_paints=0 d_skips=50 d_ticks=2 window_ms=1194
[rs2b0t] listener error Error: not impl: reader.selfChat
    at notImpl (file:///rs2b0t/bot/shim/_kernel.js:5:5)
    at Object.get (file:///rs2b0t/bot/shim/_kernel.js:17:19)
    at DuelArena.observeFightState (file:///rs2b0t/bot/scripts/bot/bot.js:288:70)
    at file:///rs2b0t/bot/scripts/bot/bot.js:93:63
    at globalThis.__rs2b0t_fire_tick_listeners (file:///rs2b0t/bot/runtime/BotHost.js:14:13)
    at globalThis.__rs2b0t_tick_async (file:///rs2b0t/bot/scripts/bot/main.js:15:37)
    at globalThis.__rs_tick (file:///rs2b0t/bot/scripts/bot/main.js:8:16)
[rs2b0t] listener error Error: not impl: reader.selfChat
    at notImpl (file:///rs2b0t/bot/shim/_kernel.js:5:5)
    at Object.get (file:///rs2b0t/bot/shim/_kernel.js:17:19)
    at DuelArena.observeFightState (file:///rs2b0t/bot/scripts/bot/bot.js:288:70)
    at file:///rs2b0t/bot/scripts/bot/bot.js:93:63
    at globalThis.__rs2b0t_fire_tick_listeners (file:///rs2b0t/bot/runtime/BotHost.js:14:13)
    at globalThis.__rs2b0t_pump (file:///rs2b0t/bot/api/execution/Execution.js:107:37)
[script livejleo1e_0] [rs2b0t] listener error not impl: reader.selfChat
[script livejleo1e_1] [rs2b0t] listener error not impl: reader.selfChat
[rs2b0t] listener error Error: not impl: reader.selfChat
    at notImpl (file:///rs2b0t/bot/shim/_kernel.js:5:5)
    at Object.get (file:///rs2b0t/bot/shim/_kernel.js:17:19)
    at DuelArena.observeFightState (file:///rs2b0t/bot/scripts/bot/bot.js:288:70)
    at file:///rs2b0t/bot/scripts/bot/bot.js:93:63
    at globalThis.__rs2b0t_fire_tick_listeners (file:///rs2b0t/bot/runtime/BotHost.js:14:13)
    at globalThis.__rs2b0t_tick_async (file:///rs2b0t/bot/scripts/bot/main.js:15:37)
    at globalThis.__rs_tick (file:///rs2b0t/bot/scripts/bot/main.js:8:16)
[rs2b0t] listener error Error: not impl: reader.selfChat
    at notImpl (file:///rs2b0t/bot/shim/_kernel.js:5:5)
    at Object.get (file:///rs2b0t/bot/shim/_kernel.js:17:19)
    at DuelArena.observeFightState (file:///rs2b0t/bot/scripts/bot/bot.js:288:70)
    at file:///rs2b0t/bot/scripts/bot/bot.js:93:63
    at globalThis.__rs2b0t_fire_tick_listeners (file:///rs2b0t/bot/runtime/BotHost.js:14:13)
    at globalThis.__rs2b0t_pump (file:///rs2b0t/bot/api/execution/Execution.js:107:37)
[script livejleo1e_1] [rs2b0t] listener error not impl: reader.selfChat
[script livejleo1e_0] [rs2b0t] listener error not impl: reader.selfChat
[host] slot livejleo1e_1: d_loop_us=1116 d_raster_us=0 d_observe_us=60609 max_observe_us=11378 d_paints=0 d_skips=50 d_ticks=2 window_ms=1183
[host] slot livejleo1e_0: d_loop_us=992 d_raster_us=0 d_observe_us=61945 max_observe_us=11983 d_paints=0 d_skips=50 d_ticks=2 window_ms=1200
[rs2b0t] listener error Error: not impl: reader.selfChat
    at notImpl (file:///rs2b0t/bot/shim/_kernel.js:5:5)
    at Object.get (file:///rs2b0t/bot/shim/_kernel.js:17:19)
    at DuelArena.observeFightState (file:///rs2b0t/bot/scripts/bot/bot.js:288:70)
    at file:///rs2b0t/bot/scripts/bot/bot.js:93:63
    at globalThis.__rs2b0t_fire_tick_listeners (file:///rs2b0t/bot/runtime/BotHost.js:14:13)
    at globalThis.__rs2b0t_pump (file:///rs2b0t/bot/api/execution/Execution.js:107:37)
[rs2b0t] listener error Error: not impl: reader.selfChat
    at notImpl (file:///rs2b0t/bot/shim/_kernel.js:5:5)
    at Object.get (file:///rs2b0t/bot/shim/_kernel.js:17:19)
    at DuelArena.observeFightState (file:///rs2b0t/bot/scripts/bot/bot.js:288:70)
    at file:///rs2b0t/bot/scripts/bot/bot.js:93:63
    at globalThis.__rs2b0t_fire_tick_listeners (file:///rs2b0t/bot/runtime/BotHost.js:14:13)
    at globalThis.__rs2b0t_tick_async (file:///rs2b0t/bot/scripts/bot/main.js:15:37)
    at globalThis.__rs_tick (file:///rs2b0t/bot/scripts/bot/main.js:8:16)
[script livejleo1e_1] [rs2b0t] listener error not impl: reader.selfChat
[script livejleo1e_0] [rs2b0t] listener error not impl: reader.selfChat
[rs2b0t] listener error Error: not impl: reader.selfChat
    at notImpl (file:///rs2b0t/bot/shim/_kernel.js:5:5)
    at Object.get (file:///rs2b0t/bot/shim/_kernel.js:17:19)
    at DuelArena.observeFightState (file:///rs2b0t/bot/scripts/bot/bot.js:288:70)
    at file:///rs2b0t/bot/scripts/bot/bot.js:93:63
    at globalThis.__rs2b0t_fire_tick_listeners (file:///rs2b0t/bot/runtime/BotHost.js:14:13)
    at globalThis.__rs2b0t_pump (file:///rs2b0t/bot/api/execution/Execution.js:107:37)
[rs2b0t] listener error Error: not impl: reader.selfChat
    at notImpl (file:///rs2b0t/bot/shim/_kernel.js:5:5)
    at Object.get (file:///rs2b0t/bot/shim/_kernel.js:17:19)
    at DuelArena.observeFightState (file:///rs2b0t/bot/scripts/bot/bot.js:288:70)
    at file:///rs2b0t/bot/scripts/bot/bot.js:93:63
    at globalThis.__rs2b0t_fire_tick_listeners (file:///rs2b0t/bot/runtime/BotHost.js:14:13)
    at globalThis.__rs2b0t_tick_async (file:///rs2b0t/bot/scripts/bot/main.js:15:37)
    at globalThis.__rs_tick (file:///rs2b0t/bot/scripts/bot/main.js:8:16)
[script livejleo1e_0] [rs2b0t] listener error not impl: reader.selfChat
[script livejleo1e_1] [rs2b0t] listener error not impl: reader.selfChat
[host] slot livejleo1e_0: d_loop_us=838 d_raster_us=0 d_observe_us=59898 max_observe_us=11689 d_paints=0 d_skips=50 d_ticks=1 window_ms=1169
[host] slot livejleo1e_1: d_loop_us=1629 d_raster_us=0 d_observe_us=60311 max_observe_us=11265 d_paints=0 d_skips=50 d_ticks=2 window_ms=1197
[rs2b0t] listener error Error: not impl: reader.selfChat
    at notImpl (file:///rs2b0t/bot/shim/_kernel.js:5:5)
    at Object.get (file:///rs2b0t/bot/shim/_kernel.js:17:19)
    at DuelArena.observeFightState (file:///rs2b0t/bot/scripts/bot/bot.js:288:70)
    at file:///rs2b0t/bot/scripts/bot/bot.js:93:63
    at globalThis.__rs2b0t_fire_tick_listeners (file:///rs2b0t/bot/runtime/BotHost.js:14:13)
    at globalThis.__rs2b0t_pump (file:///rs2b0t/bot/api/execution/Execution.js:107:37)
[rs2b0t] listener error Error: not impl: reader.selfChat
    at notImpl (file:///rs2b0t/bot/shim/_kernel.js:5:5)
    at Object.get (file:///rs2b0t/bot/shim/_kernel.js:17:19)
    at DuelArena.observeFightState (file:///rs2b0t/bot/scripts/bot/bot.js:288:70)
    at file:///rs2b0t/bot/scripts/bot/bot.js:93:63
    at globalThis.__rs2b0t_fire_tick_listeners (file:///rs2b0t/bot/runtime/BotHost.js:14:13)
    at globalThis.__rs2b0t_tick_async (file:///rs2b0t/bot/scripts/bot/main.js:15:37)
    at globalThis.__rs_tick (file:///rs2b0t/bot/scripts/bot/main.js:8:16)
[script livejleo1e_1] [rs2b0t] listener error not impl: reader.selfChat
[script livejleo1e_0] [rs2b0t] listener error not impl: reader.selfChat
[rs2b0t] listener error Error: not impl: reader.selfChat
    at notImpl (file:///rs2b0t/bot/shim/_kernel.js:5:5)
    at Object.get (file:///rs2b0t/bot/shim/_kernel.js:17:19)
    at DuelArena.observeFightState (file:///rs2b0t/bot/scripts/bot/bot.js:288:70)
    at file:///rs2b0t/bot/scripts/bot/bot.js:93:63
    at globalThis.__rs2b0t_fire_tick_listeners (file:///rs2b0t/bot/runtime/BotHost.js:14:13)
    at globalThis.__rs2b0t_tick_async (file:///rs2b0t/bot/scripts/bot/main.js:15:37)
    at globalThis.__rs_tick (file:///rs2b0t/bot/scripts/bot/main.js:8:16)
[script livejleo1e_1] [rs2b0t] listener error not impl: reader.selfChat
[rs2b0t] listener error Error: not impl: reader.selfChat
    at notImpl (file:///rs2b0t/bot/shim/_kernel.js:5:5)
    at Object.get (file:///rs2b0t/bot/shim/_kernel.js:17:19)
    at DuelArena.observeFightState (file:///rs2b0t/bot/scripts/bot/bot.js:288:70)
    at file:///rs2b0t/bot/scripts/bot/bot.js:93:63
    at globalThis.__rs2b0t_fire_tick_listeners (file:///rs2b0t/bot/runtime/BotHost.js:14:13)
    at globalThis.__rs2b0t_pump (file:///rs2b0t/bot/api/execution/Execution.js:107:37)
[script livejleo1e_0] [rs2b0t] listener error not impl: reader.selfChat
[host] slot livejleo1e_0: d_loop_us=806 d_raster_us=0 d_observe_us=45116 max_observe_us=7905 d_paints=0 d_skips=50 d_ticks=2 window_ms=1165
[host] slot livejleo1e_1: d_loop_us=754 d_raster_us=0 d_observe_us=43446 max_observe_us=8929 d_paints=0 d_skips=50 d_ticks=2 window_ms=1199
[rs2b0t] listener error Error: not impl: reader.selfChat
    at notImpl (file:///rs2b0t/bot/shim/_kernel.js:5:5)
    at Object.get (file:///rs2b0t/bot/shim/_kernel.js:17:19)
    at DuelArena.observeFightState (file:///rs2b0t/bot/scripts/bot/bot.js:288:70)
    at file:///rs2b0t/bot/scripts/bot/bot.js:93:63
    at globalThis.__rs2b0t_fire_tick_listeners (file:///rs2b0t/bot/runtime/BotHost.js:14:13)
    at globalThis.__rs2b0t_tick_async (file:///rs2b0t/bot/scripts/bot/main.js:15:37)
    at globalThis.__rs_tick (file:///rs2b0t/bot/scripts/bot/main.js:8:16)
[rs2b0t] listener error Error: not impl: reader.selfChat
    at notImpl (file:///rs2b0t/bot/shim/_kernel.js:5:5)
    at Object.get (file:///rs2b0t/bot/shim/_kernel.js:17:19)
    at DuelArena.observeFightState (file:///rs2b0t/bot/scripts/bot/bot.js:288:70)
    at file:///rs2b0t/bot/scripts/bot/bot.js:93:63
    at globalThis.__rs2b0t_fire_tick_listeners (file:///rs2b0t/bot/runtime/BotHost.js:14:13)
    at globalThis.__rs2b0t_pump (file:///rs2b0t/bot/api/execution/Execution.js:107:37)
[script livejleo1e_0] [rs2b0t] listener error not impl: reader.selfChat
[script livejleo1e_1] [rs2b0t] listener error not impl: reader.selfChat
[rs2b0t] listener error Error: not impl: reader.selfChat
    at notImpl (file:///rs2b0t/bot/shim/_kernel.js:5:5)
    at Object.get (file:///rs2b0t/bot/shim/_kernel.js:17:19)
    at DuelArena.observeFightState (file:///rs2b0t/bot/scripts/bot/bot.js:288:70)
    at file:///rs2b0t/bot/scripts/bot/bot.js:93:63
    at globalThis.__rs2b0t_fire_tick_listeners (file:///rs2b0t/bot/runtime/BotHost.js:14:13)
    at globalThis.__rs2b0t_tick_async (file:///rs2b0t/bot/scripts/bot/main.js:15:37)
    at globalThis.__rs_tick (file:///rs2b0t/bot/scripts/bot/main.js:8:16)
[script livejleo1e_1] [rs2b0t] listener error not impl: reader.selfChat
[rs2b0t] listener error Error: not impl: reader.selfChat
    at notImpl (file:///rs2b0t/bot/shim/_kernel.js:5:5)
    at Object.get (file:///rs2b0t/bot/shim/_kernel.js:17:19)
    at DuelArena.observeFightState (file:///rs2b0t/bot/scripts/bot/bot.js:288:70)
    at file:///rs2b0t/bot/scripts/bot/bot.js:93:63
    at globalThis.__rs2b0t_fire_tick_listeners (file:///rs2b0t/bot/runtime/BotHost.js:14:13)
    at globalThis.__rs2b0t_pump (file:///rs2b0t/bot/api/execution/Execution.js:107:37)
[script livejleo1e_0] [rs2b0t] listener error not impl: reader.selfChat
[host] slot livejleo1e_0: d_loop_us=893 d_raster_us=0 d_observe_us=55719 max_observe_us=8323 d_paints=0 d_skips=50 d_ticks=2 window_ms=1195
[host] slot livejleo1e_1: d_loop_us=907 d_raster_us=0 d_observe_us=52542 max_observe_us=9612 d_paints=0 d_skips=50 d_ticks=2 window_ms=1205
[rs2b0t] listener error Error: not impl: reader.selfChat
    at notImpl (file:///rs2b0t/bot/shim/_kernel.js:5:5)
    at Object.get (file:///rs2b0t/bot/shim/_kernel.js:17:19)
    at DuelArena.observeFightState (file:///rs2b0t/bot/scripts/bot/bot.js:288:70)
    at file:///rs2b0t/bot/scripts/bot/bot.js:93:63
    at globalThis.__rs2b0t_fire_tick_listeners (file:///rs2b0t/bot/runtime/BotHost.js:14:13)
    at globalThis.__rs2b0t_tick_async (file:///rs2b0t/bot/scripts/bot/main.js:15:37)
    at globalThis.__rs_tick (file:///rs2b0t/bot/scripts/bot/main.js:8:16)
[rs2b0t] listener error Error: not impl: reader.selfChat
    at notImpl (file:///rs2b0t/bot/shim/_kernel.js:5:5)
    at Object.get (file:///rs2b0t/bot/shim/_kernel.js:17:19)
    at DuelArena.observeFightState (file:///rs2b0t/bot/scripts/bot/bot.js:288:70)
    at file:///rs2b0t/bot/scripts/bot/bot.js:93:63
    at globalThis.__rs2b0t_fire_tick_listeners (file:///rs2b0t/bot/runtime/BotHost.js:14:13)
    at globalThis.__rs2b0t_pump (file:///rs2b0t/bot/api/execution/Execution.js:107:37)
[script livejleo1e_0] [rs2b0t] listener error not impl: reader.selfChat
[script livejleo1e_1] [rs2b0t] listener error not impl: reader.selfChat
[rs2b0t] listener error Error: not impl: reader.selfChat
    at notImpl (file:///rs2b0t/bot/shim/_kernel.js:5:5)
    at Object.get (file:///rs2b0t/bot/shim/_kernel.js:17:19)
    at DuelArena.observeFightState (file:///rs2b0t/bot/scripts/bot/bot.js:288:70)
    at file:///rs2b0t/bot/scripts/bot/bot.js:93:63
    at globalThis.__rs2b0t_fire_tick_listeners (file:///rs2b0t/bot/runtime/BotHost.js:14:13)
    at globalThis.__rs2b0t_pump (file:///rs2b0t/bot/api/execution/Execution.js:107:37)
[rs2b0t] listener error Error: not impl: reader.selfChat
    at notImpl (file:///rs2b0t/bot/shim/_kernel.js:5:5)
    at Object.get (file:///rs2b0t/bot/shim/_kernel.js:17:19)
    at DuelArena.observeFightState (file:///rs2b0t/bot/scripts/bot/bot.js:288:70)
    at file:///rs2b0t/bot/scripts/bot/bot.js:93:63
    at globalThis.__rs2b0t_fire_tick_listeners (file:///rs2b0t/bot/runtime/BotHost.js:14:13)
    at globalThis.__rs2b0t_tick_async (file:///rs2b0t/bot/scripts/bot/main.js:15:37)
    at globalThis.__rs_tick (file:///rs2b0t/bot/scripts/bot/main.js:8:16)
[script livejleo1e_0] [rs2b0t] listener error not impl: reader.selfChat
[script livejleo1e_1] [rs2b0t] listener error not impl: reader.selfChat
[host] slot livejleo1e_0: d_loop_us=830 d_raster_us=0 d_observe_us=51891 max_observe_us=9561 d_paints=0 d_skips=50 d_ticks=2 window_ms=1172
[host] slot livejleo1e_1: d_loop_us=925 d_raster_us=0 d_observe_us=46730 max_observe_us=8222 d_paints=0 d_skips=50 d_ticks=2 window_ms=1186
[rs2b0t] listener error Error: not impl: reader.selfChat
    at notImpl (file:///rs2b0t/bot/shim/_kernel.js:5:5)
    at Object.get (file:///rs2b0t/bot/shim/_kernel.js:17:19)
    at DuelArena.observeFightState (file:///rs2b0t/bot/scripts/bot/bot.js:288:70)
    at file:///rs2b0t/bot/scripts/bot/bot.js:93:63
    at globalThis.__rs2b0t_fire_tick_listeners (file:///rs2b0t/bot/runtime/BotHost.js:14:13)
    at globalThis.__rs2b0t_pump (file:///rs2b0t/bot/api/execution/Execution.js:107:37)
[script livejleo1e_1] [rs2b0t] listener error not impl: reader.selfChat
[rs2b0t] listener error Error: not impl: reader.selfChat
    at notImpl (file:///rs2b0t/bot/shim/_kernel.js:5:5)
    at Object.get (file:///rs2b0t/bot/shim/_kernel.js:17:19)
    at DuelArena.observeFightState (file:///rs2b0t/bot/scripts/bot/bot.js:288:70)
    at file:///rs2b0t/bot/scripts/bot/bot.js:93:63
    at globalThis.__rs2b0t_fire_tick_listeners (file:///rs2b0t/bot/runtime/BotHost.js:14:13)
    at globalThis.__rs2b0t_tick_async (file:///rs2b0t/bot/scripts/bot/main.js:15:37)
    at globalThis.__rs_tick (file:///rs2b0t/bot/scripts/bot/main.js:8:16)
[script livejleo1e_0] [rs2b0t] listener error not impl: reader.selfChat
[rs2b0t] listener error Error: not impl: reader.selfChat
    at notImpl (file:///rs2b0t/bot/shim/_kernel.js:5:5)
    at Object.get (file:///rs2b0t/bot/shim/_kernel.js:17:19)
    at DuelArena.observeFightState (file:///rs2b0t/bot/scripts/bot/bot.js:288:70)
    at file:///rs2b0t/bot/scripts/bot/bot.js:93:63
    at globalThis.__rs2b0t_fire_tick_listeners (file:///rs2b0t/bot/runtime/BotHost.js:14:13)
    at globalThis.__rs2b0t_tick_async (file:///rs2b0t/bot/scripts/bot/main.js:15:37)
    at globalThis.__rs_tick (file:///rs2b0t/bot/scripts/bot/main.js:8:16)
[script livejleo1e_1] [rs2b0t] listener error not impl: reader.selfChat
[rs2b0t] listener error Error: not impl: reader.selfChat
    at notImpl (file:///rs2b0t/bot/shim/_kernel.js:5:5)
    at Object.get (file:///rs2b0t/bot/shim/_kernel.js:17:19)
    at DuelArena.observeFightState (file:///rs2b0t/bot/scripts/bot/bot.js:288:70)
    at file:///rs2b0t/bot/scripts/bot/bot.js:93:63
    at globalThis.__rs2b0t_fire_tick_listeners (file:///rs2b0t/bot/runtime/BotHost.js:14:13)
    at globalThis.__rs2b0t_pump (file:///rs2b0t/bot/api/execution/Execution.js:107:37)
[script livejleo1e_0] [rs2b0t] listener error not impl: reader.selfChat
[host] slot livejleo1e_0: d_loop_us=881 d_raster_us=0 d_observe_us=50875 max_observe_us=8108 d_paints=0 d_skips=50 d_ticks=2 window_ms=1200
[host] slot livejleo1e_1: d_loop_us=784 d_raster_us=0 d_observe_us=51169 max_observe_us=9454 d_paints=0 d_skips=50 d_ticks=2 window_ms=1202
[rs2b0t] listener error Error: not impl: reader.selfChat
    at notImpl (file:///rs2b0t/bot/shim/_kernel.js:5:5)
    at Object.get (file:///rs2b0t/bot/shim/_kernel.js:17:19)
    at DuelArena.observeFightState (file:///rs2b0t/bot/scripts/bot/bot.js:288:70)
    at file:///rs2b0t/bot/scripts/bot/bot.js:93:63
    at globalThis.__rs2b0t_fire_tick_listeners (file:///rs2b0t/bot/runtime/BotHost.js:14:13)
    at globalThis.__rs2b0t_pump (file:///rs2b0t/bot/api/execution/Execution.js:107:37)
[rs2b0t] listener error Error: not impl: reader.selfChat
    at notImpl (file:///rs2b0t/bot/shim/_kernel.js:5:5)
    at Object.get (file:///rs2b0t/bot/shim/_kernel.js:17:19)
    at DuelArena.observeFightState (file:///rs2b0t/bot/scripts/bot/bot.js:288:70)
    at file:///rs2b0t/bot/scripts/bot/bot.js:93:63
    at globalThis.__rs2b0t_fire_tick_listeners (file:///rs2b0t/bot/runtime/BotHost.js:14:13)
    at globalThis.__rs2b0t_tick_async (file:///rs2b0t/bot/scripts/bot/main.js:15:37)
    at globalThis.__rs_tick (file:///rs2b0t/bot/scripts/bot/main.js:8:16)
[script livejleo1e_1] [rs2b0t] listener error not impl: reader.selfChat
[script livejleo1e_0] [rs2b0t] listener error not impl: reader.selfChat
[rs2b0t] listener error Error: not impl: reader.selfChat
    at notImpl (file:///rs2b0t/bot/shim/_kernel.js:5:5)
    at Object.get (file:///rs2b0t/bot/shim/_kernel.js:17:19)
    at DuelArena.observeFightState (file:///rs2b0t/bot/scripts/bot/bot.js:288:70)
    at file:///rs2b0t/bot/scripts/bot/bot.js:93:63
    at globalThis.__rs2b0t_fire_tick_listeners (file:///rs2b0t/bot/runtime/BotHost.js:14:13)
    at globalThis.__rs2b0t_tick_async (file:///rs2b0t/bot/scripts/bot/main.js:15:37)
    at globalThis.__rs_tick (file:///rs2b0t/bot/scripts/bot/main.js:8:16)
[rs2b0t] listener error Error: not impl: reader.selfChat
    at notImpl (file:///rs2b0t/bot/shim/_kernel.js:5:5)
    at Object.get (file:///rs2b0t/bot/shim/_kernel.js:17:19)
    at DuelArena.observeFightState (file:///rs2b0t/bot/scripts/bot/bot.js:288:70)
    at file:///rs2b0t/bot/scripts/bot/bot.js:93:63
    at globalThis.__rs2b0t_fire_tick_listeners (file:///rs2b0t/bot/runtime/BotHost.js:14:13)
    at globalThis.__rs2b0t_pump (file:///rs2b0t/bot/api/execution/Execution.js:107:37)
[script livejleo1e_1] [rs2b0t] listener error not impl: reader.selfChat
[script livejleo1e_0] [rs2b0t] listener error not impl: reader.selfChat
[host] slot livejleo1e_0: d_loop_us=944 d_raster_us=0 d_observe_us=57623 max_observe_us=10016 d_paints=0 d_skips=50 d_ticks=2 window_ms=1183
[host] slot livejleo1e_1: d_loop_us=1082 d_raster_us=0 d_observe_us=57142 max_observe_us=11778 d_paints=0 d_skips=50 d_ticks=2 window_ms=1182
[rs2b0t] listener error Error: not impl: reader.selfChat
    at notImpl (file:///rs2b0t/bot/shim/_kernel.js:5:5)
    at Object.get (file:///rs2b0t/bot/shim/_kernel.js:17:19)
    at DuelArena.observeFightState (file:///rs2b0t/bot/scripts/bot/bot.js:288:70)
    at file:///rs2b0t/bot/scripts/bot/bot.js:93:63
    at globalThis.__rs2b0t_fire_tick_listeners (file:///rs2b0t/bot/runtime/BotHost.js:14:13)
    at globalThis.__rs2b0t_tick_async (file:///rs2b0t/bot/scripts/bot/main.js:15:37)
    at globalThis.__rs_tick (file:///rs2b0t/bot/scripts/bot/main.js:8:16)
[rs2b0t] listener error Error: not impl: reader.selfChat
    at notImpl (file:///rs2b0t/bot/shim/_kernel.js:5:5)
    at Object.get (file:///rs2b0t/bot/shim/_kernel.js:17:19)
    at DuelArena.observeFightState (file:///rs2b0t/bot/scripts/bot/bot.js:288:70)
    at file:///rs2b0t/bot/scripts/bot/bot.js:93:63
    at globalThis.__rs2b0t_fire_tick_listeners (file:///rs2b0t/bot/runtime/BotHost.js:14:13)
    at globalThis.__rs2b0t_pump (file:///rs2b0t/bot/api/execution/Execution.js:107:37)
[script livejleo1e_0] [rs2b0t] listener error not impl: reader.selfChat
[script livejleo1e_1] [rs2b0t] listener error not impl: reader.selfChat
[rs2b0t] listener error Error: not impl: reader.selfChat
    at notImpl (file:///rs2b0t/bot/shim/_kernel.js:5:5)
    at Object.get (file:///rs2b0t/bot/shim/_kernel.js:17:19)
    at DuelArena.observeFightState (file:///rs2b0t/bot/scripts/bot/bot.js:288:70)
    at file:///rs2b0t/bot/scripts/bot/bot.js:93:63
    at globalThis.__rs2b0t_fire_tick_listeners (file:///rs2b0t/bot/runtime/BotHost.js:14:13)
    at globalThis.__rs2b0t_pump (file:///rs2b0t/bot/api/execution/Execution.js:107:37)
[rs2b0t] listener error Error: not impl: reader.selfChat
    at notImpl (file:///rs2b0t/bot/shim/_kernel.js:5:5)
    at Object.get (file:///rs2b0t/bot/shim/_kernel.js:17:19)
    at DuelArena.observeFightState (file:///rs2b0t/bot/scripts/bot/bot.js:288:70)
    at file:///rs2b0t/bot/scripts/bot/bot.js:93:63
    at globalThis.__rs2b0t_fire_tick_listeners (file:///rs2b0t/bot/runtime/BotHost.js:14:13)
    at globalThis.__rs2b0t_tick_async (file:///rs2b0t/bot/scripts/bot/main.js:15:37)
    at globalThis.__rs_tick (file:///rs2b0t/bot/scripts/bot/main.js:8:16)
[script livejleo1e_0] [rs2b0t] listener error not impl: reader.selfChat
[script livejleo1e_1] [rs2b0t] listener error not impl: reader.selfChat
[host] slot livejleo1e_0: d_loop_us=1182 d_raster_us=0 d_observe_us=54782 max_observe_us=9808 d_paints=0 d_skips=50 d_ticks=2 window_ms=1183
[host] slot livejleo1e_1: d_loop_us=881 d_raster_us=0 d_observe_us=53010 max_observe_us=9084 d_paints=0 d_skips=50 d_ticks=2 window_ms=1171
[rs2b0t] listener error Error: not impl: reader.selfChat
    at notImpl (file:///rs2b0t/bot/shim/_kernel.js:5:5)
    at Object.get (file:///rs2b0t/bot/shim/_kernel.js:17:19)
    at DuelArena.observeFightState (file:///rs2b0t/bot/scripts/bot/bot.js:288:70)
    at file:///rs2b0t/bot/scripts/bot/bot.js:93:63
    at globalThis.__rs2b0t_fire_tick_listeners (file:///rs2b0t/bot/runtime/BotHost.js:14:13)
    at globalThis.__rs2b0t_tick_async (file:///rs2b0t/bot/scripts/bot/main.js:15:37)
    at globalThis.__rs_tick (file:///rs2b0t/bot/scripts/bot/main.js:8:16)
[rs2b0t] listener error Error: not impl: reader.selfChat
    at notImpl (file:///rs2b0t/bot/shim/_kernel.js:5:5)
    at Object.get (file:///rs2b0t/bot/shim/_kernel.js:17:19)
    at DuelArena.observeFightState (file:///rs2b0t/bot/scripts/bot/bot.js:288:70)
    at file:///rs2b0t/bot/scripts/bot/bot.js:93:63
    at globalThis.__rs2b0t_fire_tick_listeners (file:///rs2b0t/bot/runtime/BotHost.js:14:13)
    at globalThis.__rs2b0t_pump (file:///rs2b0t/bot/api/execution/Execution.js:107:37)
[script livejleo1e_0] [rs2b0t] listener error not impl: reader.selfChat
[script livejleo1e_1] [rs2b0t] listener error not impl: reader.selfChat
[rs2b0t] listener error Error: not impl: reader.selfChat
    at notImpl (file:///rs2b0t/bot/shim/_kernel.js:5:5)
    at Object.get (file:///rs2b0t/bot/shim/_kernel.js:17:19)
    at DuelArena.observeFightState (file:///rs2b0t/bot/scripts/bot/bot.js:288:70)
    at file:///rs2b0t/bot/scripts/bot/bot.js:93:63
    at globalThis.__rs2b0t_fire_tick_listeners (file:///rs2b0t/bot/runtime/BotHost.js:14:13)
    at globalThis.__rs2b0t_tick_async (file:///rs2b0t/bot/scripts/bot/main.js:15:37)
    at globalThis.__rs_tick (file:///rs2b0t/bot/scripts/bot/main.js:8:16)
[script livejleo1e_1] [rs2b0t] listener error not impl: reader.selfChat
[rs2b0t] listener error Error: not impl: reader.selfChat
    at notImpl (file:///rs2b0t/bot/shim/_kernel.js:5:5)
    at Object.get (file:///rs2b0t/bot/shim/_kernel.js:17:19)
    at DuelArena.observeFightState (file:///rs2b0t/bot/scripts/bot/bot.js:288:70)
    at file:///rs2b0t/bot/scripts/bot/bot.js:93:63
    at globalThis.__rs2b0t_fire_tick_listeners (file:///rs2b0t/bot/runtime/BotHost.js:14:13)
    at globalThis.__rs2b0t_pump (file:///rs2b0t/bot/api/execution/Execution.js:107:37)
[script livejleo1e_0] [rs2b0t] listener error not impl: reader.selfChat
[host] slot livejleo1e_0: d_loop_us=820 d_raster_us=0 d_observe_us=46319 max_observe_us=8757 d_paints=0 d_skips=50 d_ticks=2 window_ms=1190
[host] slot livejleo1e_1: d_loop_us=743 d_raster_us=0 d_observe_us=43584 max_observe_us=7990 d_paints=0 d_skips=50 d_ticks=2 window_ms=1194
[rs2b0t] listener error Error: not impl: reader.selfChat
    at notImpl (file:///rs2b0t/bot/shim/_kernel.js:5:5)
    at Object.get (file:///rs2b0t/bot/shim/_kernel.js:17:19)
    at DuelArena.observeFightState (file:///rs2b0t/bot/scripts/bot/bot.js:288:70)
    at file:///rs2b0t/bot/scripts/bot/bot.js:93:63
    at globalThis.__rs2b0t_fire_tick_listeners (file:///rs2b0t/bot/runtime/BotHost.js:14:13)
    at globalThis.__rs2b0t_tick_async (file:///rs2b0t/bot/scripts/bot/main.js:15:37)
    at globalThis.__rs_tick (file:///rs2b0t/bot/scripts/bot/main.js:8:16)
[rs2b0t] listener error Error: not impl: reader.selfChat
    at notImpl (file:///rs2b0t/bot/shim/_kernel.js:5:5)
    at Object.get (file:///rs2b0t/bot/shim/_kernel.js:17:19)
    at DuelArena.observeFightState (file:///rs2b0t/bot/scripts/bot/bot.js:288:70)
    at file:///rs2b0t/bot/scripts/bot/bot.js:93:63
    at globalThis.__rs2b0t_fire_tick_listeners (file:///rs2b0t/bot/runtime/BotHost.js:14:13)
    at globalThis.__rs2b0t_pump (file:///rs2b0t/bot/api/execution/Execution.js:107:37)
[script livejleo1e_0] [rs2b0t] listener error not impl: reader.selfChat
[script livejleo1e_1] [rs2b0t] listener error not impl: reader.selfChat
[rs2b0t] listener error Error: not impl: reader.selfChat
    at notImpl (file:///rs2b0t/bot/shim/_kernel.js:5:5)
    at Object.get (file:///rs2b0t/bot/shim/_kernel.js:17:19)
    at DuelArena.observeFightState (file:///rs2b0t/bot/scripts/bot/bot.js:288:70)
    at file:///rs2b0t/bot/scripts/bot/bot.js:93:63
    at globalThis.__rs2b0t_fire_tick_listeners (file:///rs2b0t/bot/runtime/BotHost.js:14:13)
    at globalThis.__rs2b0t_tick_async (file:///rs2b0t/bot/scripts/bot/main.js:15:37)
    at globalThis.__rs_tick (file:///rs2b0t/bot/scripts/bot/main.js:8:16)
[rs2b0t] listener error Error: not impl: reader.selfChat
    at notImpl (file:///rs2b0t/bot/shim/_kernel.js:5:5)
    at Object.get (file:///rs2b0t/bot/shim/_kernel.js:17:19)
    at DuelArena.observeFightState (file:///rs2b0t/bot/scripts/bot/bot.js:288:70)
    at file:///rs2b0t/bot/scripts/bot/bot.js:93:63
    at globalThis.__rs2b0t_fire_tick_listeners (file:///rs2b0t/bot/runtime/BotHost.js:14:13)
    at globalThis.__rs2b0t_pump (file:///rs2b0t/bot/api/execution/Execution.js:107:37)
[script livejleo1e_1] [rs2b0t] listener error not impl: reader.selfChat
[script livejleo1e_0] [rs2b0t] listener error not impl: reader.selfChat
[host] slot livejleo1e_0: d_loop_us=910 d_raster_us=0 d_observe_us=52236 max_observe_us=11224 d_paints=0 d_skips=50 d_ticks=2 window_ms=1191
[host] slot livejleo1e_1: d_loop_us=840 d_raster_us=0 d_observe_us=50828 max_observe_us=9839 d_paints=0 d_skips=50 d_ticks=2 window_ms=1191
[rs2b0t] listener error Error: not impl: reader.selfChat
    at notImpl (file:///rs2b0t/bot/shim/_kernel.js:5:5)
    at Object.get (file:///rs2b0t/bot/shim/_kernel.js:17:19)
    at DuelArena.observeFightState (file:///rs2b0t/bot/scripts/bot/bot.js:288:70)
    at file:///rs2b0t/bot/scripts/bot/bot.js:93:63
    at globalThis.__rs2b0t_fire_tick_listeners (file:///rs2b0t/bot/runtime/BotHost.js:14:13)
    at globalThis.__rs2b0t_tick_async (file:///rs2b0t/bot/scripts/bot/main.js:15:37)
    at globalThis.__rs_tick (file:///rs2b0t/bot/scripts/bot/main.js:8:16)
[rs2b0t] listener error Error: not impl: reader.selfChat
    at notImpl (file:///rs2b0t/bot/shim/_kernel.js:5:5)
    at Object.get (file:///rs2b0t/bot/shim/_kernel.js:17:19)
    at DuelArena.observeFightState (file:///rs2b0t/bot/scripts/bot/bot.js:288:70)
    at file:///rs2b0t/bot/scripts/bot/bot.js:93:63
    at globalThis.__rs2b0t_fire_tick_listeners (file:///rs2b0t/bot/runtime/BotHost.js:14:13)
    at globalThis.__rs2b0t_pump (file:///rs2b0t/bot/api/execution/Execution.js:107:37)
[script livejleo1e_0] [rs2b0t] listener error not impl: reader.selfChat
[script livejleo1e_1] [rs2b0t] listener error not impl: reader.selfChat
[rs2b0t] listener error Error: not impl: reader.selfChat
    at notImpl (file:///rs2b0t/bot/shim/_kernel.js:5:5)
    at Object.get (file:///rs2b0t/bot/shim/_kernel.js:17:19)
    at DuelArena.observeFightState (file:///rs2b0t/bot/scripts/bot/bot.js:288:70)
    at file:///rs2b0t/bot/scripts/bot/bot.js:93:63
    at globalThis.__rs2b0t_fire_tick_listeners (file:///rs2b0t/bot/runtime/BotHost.js:14:13)
    at globalThis.__rs2b0t_pump (file:///rs2b0t/bot/api/execution/Execution.js:107:37)
[rs2b0t] listener error Error: not impl: reader.selfChat
    at notImpl (file:///rs2b0t/bot/shim/_kernel.js:5:5)
    at Object.get (file:///rs2b0t/bot/shim/_kernel.js:17:19)
    at DuelArena.observeFightState (file:///rs2b0t/bot/scripts/bot/bot.js:288:70)
    at file:///rs2b0t/bot/scripts/bot/bot.js:93:63
    at globalThis.__rs2b0t_fire_tick_listeners (file:///rs2b0t/bot/runtime/BotHost.js:14:13)
    at globalThis.__rs2b0t_tick_async (file:///rs2b0t/bot/scripts/bot/main.js:15:37)
    at globalThis.__rs_tick (file:///rs2b0t/bot/scripts/bot/main.js:8:16)
[script livejleo1e_1] [rs2b0t] listener error not impl: reader.selfChat
[script livejleo1e_0] [rs2b0t] listener error not impl: reader.selfChat
[host] slot livejleo1e_0: d_loop_us=942 d_raster_us=0 d_observe_us=70643 max_observe_us=10448 d_paints=0 d_skips=50 d_ticks=2 window_ms=1164
[host] slot livejleo1e_1: d_loop_us=882 d_raster_us=0 d_observe_us=68075 max_observe_us=10507 d_paints=0 d_skips=50 d_ticks=2 window_ms=1189
[rs2b0t] listener error Error: not impl: reader.selfChat
    at notImpl (file:///rs2b0t/bot/shim/_kernel.js:5:5)
    at Object.get (file:///rs2b0t/bot/shim/_kernel.js:17:19)
    at DuelArena.observeFightState (file:///rs2b0t/bot/scripts/bot/bot.js:288:70)
    at file:///rs2b0t/bot/scripts/bot/bot.js:93:63
    at globalThis.__rs2b0t_fire_tick_listeners (file:///rs2b0t/bot/runtime/BotHost.js:14:13)
    at globalThis.__rs2b0t_pump (file:///rs2b0t/bot/api/execution/Execution.js:107:37)
[rs2b0t] listener error Error: not impl: reader.selfChat
    at notImpl (file:///rs2b0t/bot/shim/_kernel.js:5:5)
    at Object.get (file:///rs2b0t/bot/shim/_kernel.js:17:19)
    at DuelArena.observeFightState (file:///rs2b0t/bot/scripts/bot/bot.js:288:70)
    at file:///rs2b0t/bot/scripts/bot/bot.js:93:63
    at globalThis.__rs2b0t_fire_tick_listeners (file:///rs2b0t/bot/runtime/BotHost.js:14:13)
    at globalThis.__rs2b0t_tick_async (file:///rs2b0t/bot/scripts/bot/main.js:15:37)
    at globalThis.__rs_tick (file:///rs2b0t/bot/scripts/bot/main.js:8:16)
[script livejleo1e_1] [rs2b0t] listener error not impl: reader.selfChat
[script livejleo1e_0] [rs2b0t] listener error not impl: reader.selfChat
[rs2b0t] listener error Error: not impl: reader.selfChat
    at notImpl (file:///rs2b0t/bot/shim/_kernel.js:5:5)
    at Object.get (file:///rs2b0t/bot/shim/_kernel.js:17:19)
    at DuelArena.observeFightState (file:///rs2b0t/bot/scripts/bot/bot.js:288:70)
    at file:///rs2b0t/bot/scripts/bot/bot.js:93:63
    at globalThis.__rs2b0t_fire_tick_listeners (file:///rs2b0t/bot/runtime/BotHost.js:14:13)
    at globalThis.__rs2b0t_tick_async (file:///rs2b0t/bot/scripts/bot/main.js:15:37)
    at globalThis.__rs_tick (file:///rs2b0t/bot/scripts/bot/main.js:8:16)
[rs2b0t] listener error Error: not impl: reader.selfChat
    at notImpl (file:///rs2b0t/bot/shim/_kernel.js:5:5)
    at Object.get (file:///rs2b0t/bot/shim/_kernel.js:17:19)
    at DuelArena.observeFightState (file:///rs2b0t/bot/scripts/bot/bot.js:288:70)
    at file:///rs2b0t/bot/scripts/bot/bot.js:93:63
    at globalThis.__rs2b0t_fire_tick_listeners (file:///rs2b0t/bot/runtime/BotHost.js:14:13)
    at globalThis.__rs2b0t_pump (file:///rs2b0t/bot/api/execution/Execution.js:107:37)
[script livejleo1e_1] [rs2b0t] listener error not impl: reader.selfChat
[script livejleo1e_0] [rs2b0t] listener error not impl: reader.selfChat
[host] slot livejleo1e_0: d_loop_us=994 d_raster_us=0 d_observe_us=55764 max_observe_us=8556 d_paints=0 d_skips=50 d_ticks=2 window_ms=1193
[host] slot livejleo1e_1: d_loop_us=826 d_raster_us=0 d_observe_us=57994 max_observe_us=9769 d_paints=0 d_skips=50 d_ticks=2 window_ms=1203
[rs2b0t] listener error Error: not impl: reader.selfChat
    at notImpl (file:///rs2b0t/bot/shim/_kernel.js:5:5)
    at Object.get (file:///rs2b0t/bot/shim/_kernel.js:17:19)
    at DuelArena.observeFightState (file:///rs2b0t/bot/scripts/bot/bot.js:288:70)
    at file:///rs2b0t/bot/scripts/bot/bot.js:93:63
    at globalThis.__rs2b0t_fire_tick_listeners (file:///rs2b0t/bot/runtime/BotHost.js:14:13)
    at globalThis.__rs2b0t_pump (file:///rs2b0t/bot/api/execution/Execution.js:107:37)
[rs2b0t] listener error Error: not impl: reader.selfChat
    at notImpl (file:///rs2b0t/bot/shim/_kernel.js:5:5)
    at Object.get (file:///rs2b0t/bot/shim/_kernel.js:17:19)
    at DuelArena.observeFightState (file:///rs2b0t/bot/scripts/bot/bot.js:288:70)
    at file:///rs2b0t/bot/scripts/bot/bot.js:93:63
    at globalThis.__rs2b0t_fire_tick_listeners (file:///rs2b0t/bot/runtime/BotHost.js:14:13)
    at globalThis.__rs2b0t_tick_async (file:///rs2b0t/bot/scripts/bot/main.js:15:37)
    at globalThis.__rs_tick (file:///rs2b0t/bot/scripts/bot/main.js:8:16)
[script livejleo1e_0] [rs2b0t] listener error not impl: reader.selfChat
[script livejleo1e_1] [rs2b0t] listener error not impl: reader.selfChat
[rs2b0t] listener error Error: not impl: reader.selfChat
    at notImpl (file:///rs2b0t/bot/shim/_kernel.js:5:5)
    at Object.get (file:///rs2b0t/bot/shim/_kernel.js:17:19)
    at DuelArena.observeFightState (file:///rs2b0t/bot/scripts/bot/bot.js:288:70)
    at file:///rs2b0t/bot/scripts/bot/bot.js:93:63
    at globalThis.__rs2b0t_fire_tick_listeners (file:///rs2b0t/bot/runtime/BotHost.js:14:13)
    at globalThis.__rs2b0t_tick_async (file:///rs2b0t/bot/scripts/bot/main.js:15:37)
    at globalThis.__rs_tick (file:///rs2b0t/bot/scripts/bot/main.js:8:16)
[rs2b0t] listener error Error: not impl: reader.selfChat
    at notImpl (file:///rs2b0t/bot/shim/_kernel.js:5:5)
    at Object.get (file:///rs2b0t/bot/shim/_kernel.js:17:19)
    at DuelArena.observeFightState (file:///rs2b0t/bot/scripts/bot/bot.js:288:70)
    at file:///rs2b0t/bot/scripts/bot/bot.js:93:63
    at globalThis.__rs2b0t_fire_tick_listeners (file:///rs2b0t/bot/runtime/BotHost.js:14:13)
    at globalThis.__rs2b0t_pump (file:///rs2b0t/bot/api/execution/Execution.js:107:37)
[script livejleo1e_1] [rs2b0t] listener error not impl: reader.selfChat
[script livejleo1e_0] [rs2b0t] listener error not impl: reader.selfChat
[host] slot livejleo1e_0: d_loop_us=878 d_raster_us=0 d_observe_us=50613 max_observe_us=8971 d_paints=0 d_skips=50 d_ticks=2 window_ms=1174
[host] slot livejleo1e_1: d_loop_us=853 d_raster_us=0 d_observe_us=51432 max_observe_us=9307 d_paints=0 d_skips=50 d_ticks=2 window_ms=1187
[rs2b0t] listener error Error: not impl: reader.selfChat
    at notImpl (file:///rs2b0t/bot/shim/_kernel.js:5:5)
    at Object.get (file:///rs2b0t/bot/shim/_kernel.js:17:19)
    at DuelArena.observeFightState (file:///rs2b0t/bot/scripts/bot/bot.js:288:70)
    at file:///rs2b0t/bot/scripts/bot/bot.js:93:63
    at globalThis.__rs2b0t_fire_tick_listeners (file:///rs2b0t/bot/runtime/BotHost.js:14:13)
    at globalThis.__rs2b0t_pump (file:///rs2b0t/bot/api/execution/Execution.js:107:37)
[rs2b0t] listener error Error: not impl: reader.selfChat
    at notImpl (file:///rs2b0t/bot/shim/_kernel.js:5:5)
    at Object.get (file:///rs2b0t/bot/shim/_kernel.js:17:19)
    at DuelArena.observeFightState (file:///rs2b0t/bot/scripts/bot/bot.js:288:70)
    at file:///rs2b0t/bot/scripts/bot/bot.js:93:63
    at globalThis.__rs2b0t_fire_tick_listeners (file:///rs2b0t/bot/runtime/BotHost.js:14:13)
    at globalThis.__rs2b0t_tick_async (file:///rs2b0t/bot/scripts/bot/main.js:15:37)
    at globalThis.__rs_tick (file:///rs2b0t/bot/scripts/bot/main.js:8:16)
[script livejleo1e_1] [rs2b0t] listener error not impl: reader.selfChat
[script livejleo1e_0] [rs2b0t] listener error not impl: reader.selfChat
[rs2b0t] listener error Error: not impl: reader.selfChat
    at notImpl (file:///rs2b0t/bot/shim/_kernel.js:5:5)
    at Object.get (file:///rs2b0t/bot/shim/_kernel.js:17:19)
    at DuelArena.observeFightState (file:///rs2b0t/bot/scripts/bot/bot.js:288:70)
    at file:///rs2b0t/bot/scripts/bot/bot.js:93:63
    at globalThis.__rs2b0t_fire_tick_listeners (file:///rs2b0t/bot/runtime/BotHost.js:14:13)
    at globalThis.__rs2b0t_pump (file:///rs2b0t/bot/api/execution/Execution.js:107:37)
[script livejleo1e_0] [rs2b0t] listener error not impl: reader.selfChat
[rs2b0t] listener error Error: not impl: reader.selfChat
    at notImpl (file:///rs2b0t/bot/shim/_kernel.js:5:5)
    at Object.get (file:///rs2b0t/bot/shim/_kernel.js:17:19)
    at DuelArena.observeFightState (file:///rs2b0t/bot/scripts/bot/bot.js:288:70)
    at file:///rs2b0t/bot/scripts/bot/bot.js:93:63
    at globalThis.__rs2b0t_fire_tick_listeners (file:///rs2b0t/bot/runtime/BotHost.js:14:13)
    at globalThis.__rs2b0t_tick_async (file:///rs2b0t/bot/scripts/bot/main.js:15:37)
    at globalThis.__rs_tick (file:///rs2b0t/bot/scripts/bot/main.js:8:16)
[script livejleo1e_1] [rs2b0t] listener error not impl: reader.selfChat
[host] slot livejleo1e_0: d_loop_us=931 d_raster_us=0 d_observe_us=59883 max_observe_us=10996 d_paints=0 d_skips=50 d_ticks=2 window_ms=1176
[host] slot livejleo1e_1: d_loop_us=1181 d_raster_us=0 d_observe_us=60031 max_observe_us=9551 d_paints=0 d_skips=50 d_ticks=2 window_ms=1194
[rs2b0t] listener error Error: not impl: reader.selfChat
    at notImpl (file:///rs2b0t/bot/shim/_kernel.js:5:5)
    at Object.get (file:///rs2b0t/bot/shim/_kernel.js:17:19)
    at DuelArena.observeFightState (file:///rs2b0t/bot/scripts/bot/bot.js:288:70)
    at file:///rs2b0t/bot/scripts/bot/bot.js:93:63
    at globalThis.__rs2b0t_fire_tick_listeners (file:///rs2b0t/bot/runtime/BotHost.js:14:13)
    at globalThis.__rs2b0t_pump (file:///rs2b0t/bot/api/execution/Execution.js:107:37)
[rs2b0t] listener error Error: not impl: reader.selfChat
    at notImpl (file:///rs2b0t/bot/shim/_kernel.js:5:5)
    at Object.get (file:///rs2b0t/bot/shim/_kernel.js:17:19)
    at DuelArena.observeFightState (file:///rs2b0t/bot/scripts/bot/bot.js:288:70)
    at file:///rs2b0t/bot/scripts/bot/bot.js:93:63
    at globalThis.__rs2b0t_fire_tick_listeners (file:///rs2b0t/bot/runtime/BotHost.js:14:13)
    at globalThis.__rs2b0t_tick_async (file:///rs2b0t/bot/scripts/bot/main.js:15:37)
    at globalThis.__rs_tick (file:///rs2b0t/bot/scripts/bot/main.js:8:16)
[script livejleo1e_1] [rs2b0t] listener error not impl: reader.selfChat
[script livejleo1e_0] [rs2b0t] listener error not impl: reader.selfChat
[rs2b0t] listener error Error: not impl: reader.selfChat
    at notImpl (file:///rs2b0t/bot/shim/_kernel.js:5:5)
    at Object.get (file:///rs2b0t/bot/shim/_kernel.js:17:19)
    at DuelArena.observeFightState (file:///rs2b0t/bot/scripts/bot/bot.js:288:70)
    at file:///rs2b0t/bot/scripts/bot/bot.js:93:63
    at globalThis.__rs2b0t_fire_tick_listeners (file:///rs2b0t/bot/runtime/BotHost.js:14:13)
    at globalThis.__rs2b0t_pump (file:///rs2b0t/bot/api/execution/Execution.js:107:37)
[rs2b0t] listener error Error: not impl: reader.selfChat
    at notImpl (file:///rs2b0t/bot/shim/_kernel.js:5:5)
    at Object.get (file:///rs2b0t/bot/shim/_kernel.js:17:19)
    at DuelArena.observeFightState (file:///rs2b0t/bot/scripts/bot/bot.js:288:70)
    at file:///rs2b0t/bot/scripts/bot/bot.js:93:63
    at globalThis.__rs2b0t_fire_tick_listeners (file:///rs2b0t/bot/runtime/BotHost.js:14:13)
    at globalThis.__rs2b0t_tick_async (file:///rs2b0t/bot/scripts/bot/main.js:15:37)
    at globalThis.__rs_tick (file:///rs2b0t/bot/scripts/bot/main.js:8:16)
[script livejleo1e_0] [rs2b0t] listener error not impl: reader.selfChat
[script livejleo1e_1] [rs2b0t] listener error not impl: reader.selfChat
[host] slot livejleo1e_0: d_loop_us=1279 d_raster_us=0 d_observe_us=70769 max_observe_us=11306 d_paints=0 d_skips=50 d_ticks=2 window_ms=1184
[host] slot livejleo1e_1: d_loop_us=1214 d_raster_us=0 d_observe_us=70056 max_observe_us=11110 d_paints=0 d_skips=50 d_ticks=2 window_ms=1189
[rs2b0t] listener error Error: not impl: reader.selfChat
    at notImpl (file:///rs2b0t/bot/shim/_kernel.js:5:5)
    at Object.get (file:///rs2b0t/bot/shim/_kernel.js:17:19)
    at DuelArena.observeFightState (file:///rs2b0t/bot/scripts/bot/bot.js:288:70)
    at file:///rs2b0t/bot/scripts/bot/bot.js:93:63
    at globalThis.__rs2b0t_fire_tick_listeners (file:///rs2b0t/bot/runtime/BotHost.js:14:13)
    at globalThis.__rs2b0t_pump (file:///rs2b0t/bot/api/execution/Execution.js:107:37)
[script livejleo1e_1] [rs2b0t] listener error not impl: reader.selfChat
[rs2b0t] listener error Error: not impl: reader.selfChat
    at notImpl (file:///rs2b0t/bot/shim/_kernel.js:5:5)
    at Object.get (file:///rs2b0t/bot/shim/_kernel.js:17:19)
    at DuelArena.observeFightState (file:///rs2b0t/bot/scripts/bot/bot.js:288:70)
    at file:///rs2b0t/bot/scripts/bot/bot.js:93:63
    at globalThis.__rs2b0t_fire_tick_listeners (file:///rs2b0t/bot/runtime/BotHost.js:14:13)
    at globalThis.__rs2b0t_tick_async (file:///rs2b0t/bot/scripts/bot/main.js:15:37)
    at globalThis.__rs_tick (file:///rs2b0t/bot/scripts/bot/main.js:8:16)
[script livejleo1e_0] [rs2b0t] listener error not impl: reader.selfChat
[rs2b0t] listener error Error: not impl: reader.selfChat
    at notImpl (file:///rs2b0t/bot/shim/_kernel.js:5:5)
    at Object.get (file:///rs2b0t/bot/shim/_kernel.js:17:19)
    at DuelArena.observeFightState (file:///rs2b0t/bot/scripts/bot/bot.js:288:70)
    at file:///rs2b0t/bot/scripts/bot/bot.js:93:63
    at globalThis.__rs2b0t_fire_tick_listeners (file:///rs2b0t/bot/runtime/BotHost.js:14:13)
    at globalThis.__rs2b0t_tick_async (file:///rs2b0t/bot/scripts/bot/main.js:15:37)
    at globalThis.__rs_tick (file:///rs2b0t/bot/scripts/bot/main.js:8:16)
[rs2b0t] listener error Error: not impl: reader.selfChat
    at notImpl (file:///rs2b0t/bot/shim/_kernel.js:5:5)
    at Object.get (file:///rs2b0t/bot/shim/_kernel.js:17:19)
    at DuelArena.observeFightState (file:///rs2b0t/bot/scripts/bot/bot.js:288:70)
    at file:///rs2b0t/bot/scripts/bot/bot.js:93:63
    at globalThis.__rs2b0t_fire_tick_listeners (file:///rs2b0t/bot/runtime/BotHost.js:14:13)
    at globalThis.__rs2b0t_pump (file:///rs2b0t/bot/api/execution/Execution.js:107:37)
[script livejleo1e_0] [rs2b0t] listener error not impl: reader.selfChat
[script livejleo1e_1] [rs2b0t] listener error not impl: reader.selfChat
[host] slot livejleo1e_0: d_loop_us=1043 d_raster_us=0 d_observe_us=61691 max_observe_us=11329 d_paints=0 d_skips=50 d_ticks=2 window_ms=1197
[host] slot livejleo1e_1: d_loop_us=970 d_raster_us=0 d_observe_us=59659 max_observe_us=10917 d_paints=0 d_skips=50 d_ticks=2 window_ms=1188
[rs2b0t] listener error Error: not impl: reader.selfChat
    at notImpl (file:///rs2b0t/bot/shim/_kernel.js:5:5)
    at Object.get (file:///rs2b0t/bot/shim/_kernel.js:17:19)
    at DuelArena.observeFightState (file:///rs2b0t/bot/scripts/bot/bot.js:288:70)
    at file:///rs2b0t/bot/scripts/bot/bot.js:93:63
    at globalThis.__rs2b0t_fire_tick_listeners (file:///rs2b0t/bot/runtime/BotHost.js:14:13)
    at globalThis.__rs2b0t_tick_async (file:///rs2b0t/bot/scripts/bot/main.js:15:37)
    at globalThis.__rs_tick (file:///rs2b0t/bot/scripts/bot/main.js:8:16)
[script livejleo1e_0] [rs2b0t] listener error not impl: reader.selfChat
[rs2b0t] listener error Error: not impl: reader.selfChat
    at notImpl (file:///rs2b0t/bot/shim/_kernel.js:5:5)
    at Object.get (file:///rs2b0t/bot/shim/_kernel.js:17:19)
    at DuelArena.observeFightState (file:///rs2b0t/bot/scripts/bot/bot.js:288:70)
    at file:///rs2b0t/bot/scripts/bot/bot.js:93:63
    at globalThis.__rs2b0t_fire_tick_listeners (file:///rs2b0t/bot/runtime/BotHost.js:14:13)
    at globalThis.__rs2b0t_pump (file:///rs2b0t/bot/api/execution/Execution.js:107:37)
[script livejleo1e_1] [rs2b0t] listener error not impl: reader.selfChat
[rs2b0t] listener error Error: not impl: reader.selfChat
    at notImpl (file:///rs2b0t/bot/shim/_kernel.js:5:5)
    at Object.get (file:///rs2b0t/bot/shim/_kernel.js:17:19)
    at DuelArena.observeFightState (file:///rs2b0t/bot/scripts/bot/bot.js:288:70)
    at file:///rs2b0t/bot/scripts/bot/bot.js:93:63
    at globalThis.__rs2b0t_fire_tick_listeners (file:///rs2b0t/bot/runtime/BotHost.js:14:13)
    at globalThis.__rs2b0t_tick_async (file:///rs2b0t/bot/scripts/bot/main.js:15:37)
    at globalThis.__rs_tick (file:///rs2b0t/bot/scripts/bot/main.js:8:16)
[rs2b0t] listener error Error: not impl: reader.selfChat
    at notImpl (file:///rs2b0t/bot/shim/_kernel.js:5:5)
    at Object.get (file:///rs2b0t/bot/shim/_kernel.js:17:19)
    at DuelArena.observeFightState (file:///rs2b0t/bot/scripts/bot/bot.js:288:70)
    at file:///rs2b0t/bot/scripts/bot/bot.js:93:63
    at globalThis.__rs2b0t_fire_tick_listeners (file:///rs2b0t/bot/runtime/BotHost.js:14:13)
    at globalThis.__rs2b0t_pump (file:///rs2b0t/bot/api/execution/Execution.js:107:37)
[script livejleo1e_1] [rs2b0t] listener error not impl: reader.selfChat
[script livejleo1e_0] [rs2b0t] listener error not impl: reader.selfChat
[host] slot livejleo1e_0: d_loop_us=1161 d_raster_us=0 d_observe_us=64751 max_observe_us=10706 d_paints=0 d_skips=50 d_ticks=2 window_ms=1190
[host] slot livejleo1e_1: d_loop_us=1014 d_raster_us=0 d_observe_us=65239 max_observe_us=13037 d_paints=0 d_skips=50 d_ticks=2 window_ms=1171
[rs2b0t] listener error Error: not impl: reader.selfChat
    at notImpl (file:///rs2b0t/bot/shim/_kernel.js:5:5)
    at Object.get (file:///rs2b0t/bot/shim/_kernel.js:17:19)
    at DuelArena.observeFightState (file:///rs2b0t/bot/scripts/bot/bot.js:288:70)
    at file:///rs2b0t/bot/scripts/bot/bot.js:93:63
    at globalThis.__rs2b0t_fire_tick_listeners (file:///rs2b0t/bot/runtime/BotHost.js:14:13)
    at globalThis.__rs2b0t_pump (file:///rs2b0t/bot/api/execution/Execution.js:107:37)
[rs2b0t] listener error Error: not impl: reader.selfChat
    at notImpl (file:///rs2b0t/bot/shim/_kernel.js:5:5)
    at Object.get (file:///rs2b0t/bot/shim/_kernel.js:17:19)
    at DuelArena.observeFightState (file:///rs2b0t/bot/scripts/bot/bot.js:288:70)
    at file:///rs2b0t/bot/scripts/bot/bot.js:93:63
    at globalThis.__rs2b0t_fire_tick_listeners (file:///rs2b0t/bot/runtime/BotHost.js:14:13)
    at globalThis.__rs2b0t_tick_async (file:///rs2b0t/bot/scripts/bot/main.js:15:37)
    at globalThis.__rs_tick (file:///rs2b0t/bot/scripts/bot/main.js:8:16)
[script livejleo1e_1] [rs2b0t] listener error not impl: reader.selfChat
[script livejleo1e_0] [rs2b0t] listener error not impl: reader.selfChat
[rs2b0t] listener error Error: not impl: reader.selfChat
    at notImpl (file:///rs2b0t/bot/shim/_kernel.js:5:5)
    at Object.get (file:///rs2b0t/bot/shim/_kernel.js:17:19)
    at DuelArena.observeFightState (file:///rs2b0t/bot/scripts/bot/bot.js:288:70)
    at file:///rs2b0t/bot/scripts/bot/bot.js:93:63
    at globalThis.__rs2b0t_fire_tick_listeners (file:///rs2b0t/bot/runtime/BotHost.js:14:13)
    at globalThis.__rs2b0t_pump (file:///rs2b0t/bot/api/execution/Execution.js:107:37)
[rs2b0t] listener error Error: not impl: reader.selfChat
    at notImpl (file:///rs2b0t/bot/shim/_kernel.js:5:5)
    at Object.get (file:///rs2b0t/bot/shim/_kernel.js:17:19)
    at DuelArena.observeFightState (file:///rs2b0t/bot/scripts/bot/bot.js:288:70)
    at file:///rs2b0t/bot/scripts/bot/bot.js:93:63
    at globalThis.__rs2b0t_fire_tick_listeners (file:///rs2b0t/bot/runtime/BotHost.js:14:13)
    at globalThis.__rs2b0t_tick_async (file:///rs2b0t/bot/scripts/bot/main.js:15:37)
    at globalThis.__rs_tick (file:///rs2b0t/bot/scripts/bot/main.js:8:16)
[script livejleo1e_0] [rs2b0t] listener error not impl: reader.selfChat
[script livejleo1e_1] [rs2b0t] listener error not impl: reader.selfChat
[host] slot livejleo1e_0: d_loop_us=822 d_raster_us=0 d_observe_us=50936 max_observe_us=8212 d_paints=0 d_skips=50 d_ticks=2 window_ms=1172
[host] slot livejleo1e_1: d_loop_us=1171 d_raster_us=0 d_observe_us=54460 max_observe_us=9057 d_paints=0 d_skips=50 d_ticks=2 window_ms=1185
[rs2b0t] listener error Error: not impl: reader.selfChat
    at notImpl (file:///rs2b0t/bot/shim/_kernel.js:5:5)
    at Object.get (file:///rs2b0t/bot/shim/_kernel.js:17:19)
    at DuelArena.observeFightState (file:///rs2b0t/bot/scripts/bot/bot.js:288:70)
    at file:///rs2b0t/bot/scripts/bot/bot.js:93:63
    at globalThis.__rs2b0t_fire_tick_listeners (file:///rs2b0t/bot/runtime/BotHost.js:14:13)
    at globalThis.__rs2b0t_tick_async (file:///rs2b0t/bot/scripts/bot/main.js:15:37)
    at globalThis.__rs_tick (file:///rs2b0t/bot/scripts/bot/main.js:8:16)
[script livejleo1e_0] [rs2b0t] listener error not impl: reader.selfChat
[rs2b0t] listener error Error: not impl: reader.selfChat
    at notImpl (file:///rs2b0t/bot/shim/_kernel.js:5:5)
    at Object.get (file:///rs2b0t/bot/shim/_kernel.js:17:19)
    at DuelArena.observeFightState (file:///rs2b0t/bot/scripts/bot/bot.js:288:70)
    at file:///rs2b0t/bot/scripts/bot/bot.js:93:63
    at globalThis.__rs2b0t_fire_tick_listeners (file:///rs2b0t/bot/runtime/BotHost.js:14:13)
    at globalThis.__rs2b0t_pump (file:///rs2b0t/bot/api/execution/Execution.js:107:37)
[script livejleo1e_1] [rs2b0t] listener error not impl: reader.selfChat
[rs2b0t] listener error Error: not impl: reader.selfChat
    at notImpl (file:///rs2b0t/bot/shim/_kernel.js:5:5)
    at Object.get (file:///rs2b0t/bot/shim/_kernel.js:17:19)
    at DuelArena.observeFightState (file:///rs2b0t/bot/scripts/bot/bot.js:288:70)
    at file:///rs2b0t/bot/scripts/bot/bot.js:93:63
    at globalThis.__rs2b0t_fire_tick_listeners (file:///rs2b0t/bot/runtime/BotHost.js:14:13)
    at globalThis.__rs2b0t_pump (file:///rs2b0t/bot/api/execution/Execution.js:107:37)
[rs2b0t] listener error Error: not impl: reader.selfChat
    at notImpl (file:///rs2b0t/bot/shim/_kernel.js:5:5)
    at Object.get (file:///rs2b0t/bot/shim/_kernel.js:17:19)
    at DuelArena.observeFightState (file:///rs2b0t/bot/scripts/bot/bot.js:288:70)
    at file:///rs2b0t/bot/scripts/bot/bot.js:93:63
    at globalThis.__rs2b0t_fire_tick_listeners (file:///rs2b0t/bot/runtime/BotHost.js:14:13)
    at globalThis.__rs2b0t_tick_async (file:///rs2b0t/bot/scripts/bot/main.js:15:37)
    at globalThis.__rs_tick (file:///rs2b0t/bot/scripts/bot/main.js:8:16)
[script livejleo1e_0] [rs2b0t] listener error not impl: reader.selfChat
[script livejleo1e_1] [rs2b0t] listener error not impl: reader.selfChat
[host] slot livejleo1e_0: d_loop_us=1091 d_raster_us=0 d_observe_us=59981 max_observe_us=11695 d_paints=0 d_skips=50 d_ticks=2 window_ms=1164
[host] slot livejleo1e_1: d_loop_us=989 d_raster_us=0 d_observe_us=57007 max_observe_us=9602 d_paints=0 d_skips=50 d_ticks=2 window_ms=1195
[rs2b0t] listener error Error: not impl: reader.selfChat
    at notImpl (file:///rs2b0t/bot/shim/_kernel.js:5:5)
    at Object.get (file:///rs2b0t/bot/shim/_kernel.js:17:19)
    at DuelArena.observeFightState (file:///rs2b0t/bot/scripts/bot/bot.js:288:70)
    at file:///rs2b0t/bot/scripts/bot/bot.js:93:63
    at globalThis.__rs2b0t_fire_tick_listeners (file:///rs2b0t/bot/runtime/BotHost.js:14:13)
    at globalThis.__rs2b0t_tick_async (file:///rs2b0t/bot/scripts/bot/main.js:15:37)
    at globalThis.__rs_tick (file:///rs2b0t/bot/scripts/bot/main.js:8:16)
[rs2b0t] listener error Error: not impl: reader.selfChat
    at notImpl (file:///rs2b0t/bot/shim/_kernel.js:5:5)
    at Object.get (file:///rs2b0t/bot/shim/_kernel.js:17:19)
    at DuelArena.observeFightState (file:///rs2b0t/bot/scripts/bot/bot.js:288:70)
    at file:///rs2b0t/bot/scripts/bot/bot.js:93:63
    at globalThis.__rs2b0t_fire_tick_listeners (file:///rs2b0t/bot/runtime/BotHost.js:14:13)
    at globalThis.__rs2b0t_pump (file:///rs2b0t/bot/api/execution/Execution.js:107:37)
[script livejleo1e_0] [rs2b0t] listener error not impl: reader.selfChat
[script livejleo1e_1] [rs2b0t] listener error not impl: reader.selfChat
[rs2b0t] listener error Error: not impl: reader.selfChat
    at notImpl (file:///rs2b0t/bot/shim/_kernel.js:5:5)
    at Object.get (file:///rs2b0t/bot/shim/_kernel.js:17:19)
    at DuelArena.observeFightState (file:///rs2b0t/bot/scripts/bot/bot.js:288:70)
    at file:///rs2b0t/bot/scripts/bot/bot.js:93:63
    at globalThis.__rs2b0t_fire_tick_listeners (file:///rs2b0t/bot/runtime/BotHost.js:14:13)
    at globalThis.__rs2b0t_pump (file:///rs2b0t/bot/api/execution/Execution.js:107:37)
[rs2b0t] listener error Error: not impl: reader.selfChat
    at notImpl (file:///rs2b0t/bot/shim/_kernel.js:5:5)
    at Object.get (file:///rs2b0t/bot/shim/_kernel.js:17:19)
    at DuelArena.observeFightState (file:///rs2b0t/bot/scripts/bot/bot.js:288:70)
    at file:///rs2b0t/bot/scripts/bot/bot.js:93:63
    at globalThis.__rs2b0t_fire_tick_listeners (file:///rs2b0t/bot/runtime/BotHost.js:14:13)
    at globalThis.__rs2b0t_tick_async (file:///rs2b0t/bot/scripts/bot/main.js:15:37)
    at globalThis.__rs_tick (file:///rs2b0t/bot/scripts/bot/main.js:8:16)
[script livejleo1e_0] [rs2b0t] listener error not impl: reader.selfChat
[script livejleo1e_1] [rs2b0t] listener error not impl: reader.selfChat
[host] slot livejleo1e_0: d_loop_us=850 d_raster_us=0 d_observe_us=52628 max_observe_us=8902 d_paints=0 d_skips=50 d_ticks=2 window_ms=1188
[host] slot livejleo1e_1: d_loop_us=1044 d_raster_us=0 d_observe_us=62056 max_observe_us=8290 d_paints=0 d_skips=50 d_ticks=2 window_ms=1161
[rs2b0t] listener error Error: not impl: reader.selfChat
    at notImpl (file:///rs2b0t/bot/shim/_kernel.js:5:5)
    at Object.get (file:///rs2b0t/bot/shim/_kernel.js:17:19)
    at DuelArena.observeFightState (file:///rs2b0t/bot/scripts/bot/bot.js:288:70)
    at file:///rs2b0t/bot/scripts/bot/bot.js:93:63
    at globalThis.__rs2b0t_fire_tick_listeners (file:///rs2b0t/bot/runtime/BotHost.js:14:13)
    at globalThis.__rs2b0t_pump (file:///rs2b0t/bot/api/execution/Execution.js:107:37)
[rs2b0t] listener error Error: not impl: reader.selfChat
    at notImpl (file:///rs2b0t/bot/shim/_kernel.js:5:5)
    at Object.get (file:///rs2b0t/bot/shim/_kernel.js:17:19)
    at DuelArena.observeFightState (file:///rs2b0t/bot/scripts/bot/bot.js:288:70)
    at file:///rs2b0t/bot/scripts/bot/bot.js:93:63
    at globalThis.__rs2b0t_fire_tick_listeners (file:///rs2b0t/bot/runtime/BotHost.js:14:13)
    at globalThis.__rs2b0t_tick_async (file:///rs2b0t/bot/scripts/bot/main.js:15:37)
    at globalThis.__rs_tick (file:///rs2b0t/bot/scripts/bot/main.js:8:16)
[script livejleo1e_1] [rs2b0t] listener error not impl: reader.selfChat
[script livejleo1e_0] [rs2b0t] listener error not impl: reader.selfChat
[rs2b0t] listener error Error: not impl: reader.selfChat
    at notImpl (file:///rs2b0t/bot/shim/_kernel.js:5:5)
    at Object.get (file:///rs2b0t/bot/shim/_kernel.js:17:19)
    at DuelArena.observeFightState (file:///rs2b0t/bot/scripts/bot/bot.js:288:70)
    at file:///rs2b0t/bot/scripts/bot/bot.js:93:63
    at globalThis.__rs2b0t_fire_tick_listeners (file:///rs2b0t/bot/runtime/BotHost.js:14:13)
    at globalThis.__rs2b0t_tick_async (file:///rs2b0t/bot/scripts/bot/main.js:15:37)
    at globalThis.__rs_tick (file:///rs2b0t/bot/scripts/bot/main.js:8:16)
[rs2b0t] listener error Error: not impl: reader.selfChat
    at notImpl (file:///rs2b0t/bot/shim/_kernel.js:5:5)
    at Object.get (file:///rs2b0t/bot/shim/_kernel.js:17:19)
    at DuelArena.observeFightState (file:///rs2b0t/bot/scripts/bot/bot.js:288:70)
    at file:///rs2b0t/bot/scripts/bot/bot.js:93:63
    at globalThis.__rs2b0t_fire_tick_listeners (file:///rs2b0t/bot/runtime/BotHost.js:14:13)
    at globalThis.__rs2b0t_pump (file:///rs2b0t/bot/api/execution/Execution.js:107:37)
[script livejleo1e_1] [rs2b0t] listener error not impl: reader.selfChat
[script livejleo1e_0] [rs2b0t] listener error not impl: reader.selfChat
[host] slot livejleo1e_0: d_loop_us=989 d_raster_us=0 d_observe_us=54632 max_observe_us=9622 d_paints=0 d_skips=50 d_ticks=2 window_ms=1182
[host] slot livejleo1e_1: d_loop_us=930 d_raster_us=0 d_observe_us=55611 max_observe_us=10659 d_paints=0 d_skips=50 d_ticks=2 window_ms=1196
[rs2b0t] listener error Error: not impl: reader.selfChat
    at notImpl (file:///rs2b0t/bot/shim/_kernel.js:5:5)
    at Object.get (file:///rs2b0t/bot/shim/_kernel.js:17:19)
    at DuelArena.observeFightState (file:///rs2b0t/bot/scripts/bot/bot.js:288:70)
    at file:///rs2b0t/bot/scripts/bot/bot.js:93:63
    at globalThis.__rs2b0t_fire_tick_listeners (file:///rs2b0t/bot/runtime/BotHost.js:14:13)
    at globalThis.__rs2b0t_pump (file:///rs2b0t/bot/api/execution/Execution.js:107:37)
[rs2b0t] listener error Error: not impl: reader.selfChat
    at notImpl (file:///rs2b0t/bot/shim/_kernel.js:5:5)
    at Object.get (file:///rs2b0t/bot/shim/_kernel.js:17:19)
    at DuelArena.observeFightState (file:///rs2b0t/bot/scripts/bot/bot.js:288:70)
    at file:///rs2b0t/bot/scripts/bot/bot.js:93:63
    at globalThis.__rs2b0t_fire_tick_listeners (file:///rs2b0t/bot/runtime/BotHost.js:14:13)
    at globalThis.__rs2b0t_tick_async (file:///rs2b0t/bot/scripts/bot/main.js:15:37)
    at globalThis.__rs_tick (file:///rs2b0t/bot/scripts/bot/main.js:8:16)
[script livejleo1e_1] [rs2b0t] listener error not impl: reader.selfChat
[script livejleo1e_0] [rs2b0t] listener error not impl: reader.selfChat
[rs2b0t] listener error Error: not impl: reader.selfChat
    at notImpl (file:///rs2b0t/bot/shim/_kernel.js:5:5)
    at Object.get (file:///rs2b0t/bot/shim/_kernel.js:17:19)
    at DuelArena.observeFightState (file:///rs2b0t/bot/scripts/bot/bot.js:288:70)
    at file:///rs2b0t/bot/scripts/bot/bot.js:93:63
    at globalThis.__rs2b0t_fire_tick_listeners (file:///rs2b0t/bot/runtime/BotHost.js:14:13)
    at globalThis.__rs2b0t_tick_async (file:///rs2b0t/bot/scripts/bot/main.js:15:37)
    at globalThis.__rs_tick (file:///rs2b0t/bot/scripts/bot/main.js:8:16)
[rs2b0t] listener error Error: not impl: reader.selfChat
    at notImpl (file:///rs2b0t/bot/shim/_kernel.js:5:5)
    at Object.get (file:///rs2b0t/bot/shim/_kernel.js:17:19)
    at DuelArena.observeFightState (file:///rs2b0t/bot/scripts/bot/bot.js:288:70)
    at file:///rs2b0t/bot/scripts/bot/bot.js:93:63
    at globalThis.__rs2b0t_fire_tick_listeners (file:///rs2b0t/bot/runtime/BotHost.js:14:13)
    at globalThis.__rs2b0t_pump (file:///rs2b0t/bot/api/execution/Execution.js:107:37)
[script livejleo1e_1] [rs2b0t] listener error not impl: reader.selfChat
[script livejleo1e_0] [rs2b0t] listener error not impl: reader.selfChat
[host] slot livejleo1e_0: d_loop_us=971 d_raster_us=0 d_observe_us=59207 max_observe_us=8948 d_paints=0 d_skips=50 d_ticks=2 window_ms=1185
[host] slot livejleo1e_1: d_loop_us=889 d_raster_us=0 d_observe_us=55746 max_observe_us=10095 d_paints=0 d_skips=50 d_ticks=2 window_ms=1189
[rs2b0t] listener error Error: not impl: reader.selfChat
    at notImpl (file:///rs2b0t/bot/shim/_kernel.js:5:5)
    at Object.get (file:///rs2b0t/bot/shim/_kernel.js:17:19)
    at DuelArena.observeFightState (file:///rs2b0t/bot/scripts/bot/bot.js:288:70)
    at file:///rs2b0t/bot/scripts/bot/bot.js:93:63
    at globalThis.__rs2b0t_fire_tick_listeners (file:///rs2b0t/bot/runtime/BotHost.js:14:13)
    at globalThis.__rs2b0t_pump (file:///rs2b0t/bot/api/execution/Execution.js:107:37)
[rs2b0t] listener error Error: not impl: reader.selfChat
    at notImpl (file:///rs2b0t/bot/shim/_kernel.js:5:5)
    at Object.get (file:///rs2b0t/bot/shim/_kernel.js:17:19)
    at DuelArena.observeFightState (file:///rs2b0t/bot/scripts/bot/bot.js:288:70)
    at file:///rs2b0t/bot/scripts/bot/bot.js:93:63
    at globalThis.__rs2b0t_fire_tick_listeners (file:///rs2b0t/bot/runtime/BotHost.js:14:13)
    at globalThis.__rs2b0t_tick_async (file:///rs2b0t/bot/scripts/bot/main.js:15:37)
    at globalThis.__rs_tick (file:///rs2b0t/bot/scripts/bot/main.js:8:16)
[script livejleo1e_1] [rs2b0t] listener error not impl: reader.selfChat
[script livejleo1e_0] [rs2b0t] listener error not impl: reader.selfChat
[rs2b0t] listener error Error: not impl: reader.selfChat
    at notImpl (file:///rs2b0t/bot/shim/_kernel.js:5:5)
    at Object.get (file:///rs2b0t/bot/shim/_kernel.js:17:19)
    at DuelArena.observeFightState (file:///rs2b0t/bot/scripts/bot/bot.js:288:70)
    at file:///rs2b0t/bot/scripts/bot/bot.js:93:63
    at globalThis.__rs2b0t_fire_tick_listeners (file:///rs2b0t/bot/runtime/BotHost.js:14:13)
    at globalThis.__rs2b0t_tick_async (file:///rs2b0t/bot/scripts/bot/main.js:15:37)
    at globalThis.__rs_tick (file:///rs2b0t/bot/scripts/bot/main.js:8:16)
[rs2b0t] listener error Error: not impl: reader.selfChat
    at notImpl (file:///rs2b0t/bot/shim/_kernel.js:5:5)
    at Object.get (file:///rs2b0t/bot/shim/_kernel.js:17:19)
    at DuelArena.observeFightState (file:///rs2b0t/bot/scripts/bot/bot.js:288:70)
    at file:///rs2b0t/bot/scripts/bot/bot.js:93:63
    at globalThis.__rs2b0t_fire_tick_listeners (file:///rs2b0t/bot/runtime/BotHost.js:14:13)
    at globalThis.__rs2b0t_pump (file:///rs2b0t/bot/api/execution/Execution.js:107:37)
[script livejleo1e_1] [rs2b0t] listener error not impl: reader.selfChat
[script livejleo1e_0] [rs2b0t] listener error not impl: reader.selfChat
[host] slot livejleo1e_0: d_loop_us=916 d_raster_us=0 d_observe_us=54110 max_observe_us=10090 d_paints=0 d_skips=50 d_ticks=2 window_ms=1188
[host] slot livejleo1e_1: d_loop_us=1003 d_raster_us=0 d_observe_us=57978 max_observe_us=10839 d_paints=0 d_skips=50 d_ticks=2 window_ms=1200
[rs2b0t] listener error Error: not impl: reader.selfChat
    at notImpl (file:///rs2b0t/bot/shim/_kernel.js:5:5)
    at Object.get (file:///rs2b0t/bot/shim/_kernel.js:17:19)
    at DuelArena.observeFightState (file:///rs2b0t/bot/scripts/bot/bot.js:288:70)
    at file:///rs2b0t/bot/scripts/bot/bot.js:93:63
    at globalThis.__rs2b0t_fire_tick_listeners (file:///rs2b0t/bot/runtime/BotHost.js:14:13)
    at globalThis.__rs2b0t_tick_async (file:///rs2b0t/bot/scripts/bot/main.js:15:37)
    at globalThis.__rs_tick (file:///rs2b0t/bot/scripts/bot/main.js:8:16)
[rs2b0t] listener error Error: not impl: reader.selfChat
    at notImpl (file:///rs2b0t/bot/shim/_kernel.js:5:5)
    at Object.get (file:///rs2b0t/bot/shim/_kernel.js:17:19)
    at DuelArena.observeFightState (file:///rs2b0t/bot/scripts/bot/bot.js:288:70)
    at file:///rs2b0t/bot/scripts/bot/bot.js:93:63
    at globalThis.__rs2b0t_fire_tick_listeners (file:///rs2b0t/bot/runtime/BotHost.js:14:13)
    at globalThis.__rs2b0t_pump (file:///rs2b0t/bot/api/execution/Execution.js:107:37)
[script livejleo1e_0] [rs2b0t] listener error not impl: reader.selfChat
[script livejleo1e_1] [rs2b0t] listener error not impl: reader.selfChat
[rs2b0t] listener error Error: not impl: reader.selfChat
    at notImpl (file:///rs2b0t/bot/shim/_kernel.js:5:5)
    at Object.get (file:///rs2b0t/bot/shim/_kernel.js:17:19)
    at DuelArena.observeFightState (file:///rs2b0t/bot/scripts/bot/bot.js:288:70)
    at file:///rs2b0t/bot/scripts/bot/bot.js:93:63
    at globalThis.__rs2b0t_fire_tick_listeners (file:///rs2b0t/bot/runtime/BotHost.js:14:13)
    at globalThis.__rs2b0t_pump (file:///rs2b0t/bot/api/execution/Execution.js:107:37)
[rs2b0t] listener error Error: not impl: reader.selfChat
    at notImpl (file:///rs2b0t/bot/shim/_kernel.js:5:5)
    at Object.get (file:///rs2b0t/bot/shim/_kernel.js:17:19)
    at DuelArena.observeFightState (file:///rs2b0t/bot/scripts/bot/bot.js:288:70)
    at file:///rs2b0t/bot/scripts/bot/bot.js:93:63
    at globalThis.__rs2b0t_fire_tick_listeners (file:///rs2b0t/bot/runtime/BotHost.js:14:13)
    at globalThis.__rs2b0t_tick_async (file:///rs2b0t/bot/scripts/bot/main.js:15:37)
    at globalThis.__rs_tick (file:///rs2b0t/bot/scripts/bot/main.js:8:16)
[script livejleo1e_0] [rs2b0t] listener error not impl: reader.selfChat
[script livejleo1e_1] [rs2b0t] listener error not impl: reader.selfChat
[host] slot livejleo1e_0: d_loop_us=1076 d_raster_us=0 d_observe_us=48442 max_observe_us=9269 d_paints=0 d_skips=50 d_ticks=2 window_ms=1175
[host] slot livejleo1e_1: d_loop_us=915 d_raster_us=0 d_observe_us=50126 max_observe_us=8448 d_paints=0 d_skips=50 d_ticks=2 window_ms=1200
[rs2b0t] listener error Error: not impl: reader.selfChat
    at notImpl (file:///rs2b0t/bot/shim/_kernel.js:5:5)
    at Object.get (file:///rs2b0t/bot/shim/_kernel.js:17:19)
    at DuelArena.observeFightState (file:///rs2b0t/bot/scripts/bot/bot.js:288:70)
    at file:///rs2b0t/bot/scripts/bot/bot.js:93:63
    at globalThis.__rs2b0t_fire_tick_listeners (file:///rs2b0t/bot/runtime/BotHost.js:14:13)
    at globalThis.__rs2b0t_pump (file:///rs2b0t/bot/api/execution/Execution.js:107:37)
[rs2b0t] listener error Error: not impl: reader.selfChat
    at notImpl (file:///rs2b0t/bot/shim/_kernel.js:5:5)
    at Object.get (file:///rs2b0t/bot/shim/_kernel.js:17:19)
    at DuelArena.observeFightState (file:///rs2b0t/bot/scripts/bot/bot.js:288:70)
    at file:///rs2b0t/bot/scripts/bot/bot.js:93:63
    at globalThis.__rs2b0t_fire_tick_listeners (file:///rs2b0t/bot/runtime/BotHost.js:14:13)
    at globalThis.__rs2b0t_tick_async (file:///rs2b0t/bot/scripts/bot/main.js:15:37)
    at globalThis.__rs_tick (file:///rs2b0t/bot/scripts/bot/main.js:8:16)
[script livejleo1e_1] [rs2b0t] listener error not impl: reader.selfChat
[script livejleo1e_0] [rs2b0t] listener error not impl: reader.selfChat
[rs2b0t] listener error Error: not impl: reader.selfChat
    at notImpl (file:///rs2b0t/bot/shim/_kernel.js:5:5)
    at Object.get (file:///rs2b0t/bot/shim/_kernel.js:17:19)
    at DuelArena.observeFightState (file:///rs2b0t/bot/scripts/bot/bot.js:288:70)
    at file:///rs2b0t/bot/scripts/bot/bot.js:93:63
    at globalThis.__rs2b0t_fire_tick_listeners (file:///rs2b0t/bot/runtime/BotHost.js:14:13)
    at globalThis.__rs2b0t_tick_async (file:///rs2b0t/bot/scripts/bot/main.js:15:37)
    at globalThis.__rs_tick (file:///rs2b0t/bot/scripts/bot/main.js:8:16)
[rs2b0t] listener error Error: not impl: reader.selfChat
    at notImpl (file:///rs2b0t/bot/shim/_kernel.js:5:5)
    at Object.get (file:///rs2b0t/bot/shim/_kernel.js:17:19)
    at DuelArena.observeFightState (file:///rs2b0t/bot/scripts/bot/bot.js:288:70)
    at file:///rs2b0t/bot/scripts/bot/bot.js:93:63
    at globalThis.__rs2b0t_fire_tick_listeners (file:///rs2b0t/bot/runtime/BotHost.js:14:13)
    at globalThis.__rs2b0t_pump (file:///rs2b0t/bot/api/execution/Execution.js:107:37)
[script livejleo1e_1] [rs2b0t] listener error not impl: reader.selfChat
[script livejleo1e_0] [rs2b0t] listener error not impl: reader.selfChat
[host] slot livejleo1e_0: d_loop_us=858 d_raster_us=0 d_observe_us=56368 max_observe_us=10287 d_paints=0 d_skips=50 d_ticks=2 window_ms=1191
[host] slot livejleo1e_1: d_loop_us=939 d_raster_us=0 d_observe_us=64561 max_observe_us=11976 d_paints=0 d_skips=50 d_ticks=2 window_ms=1185
[rs2b0t] listener error Error: not impl: reader.selfChat
    at notImpl (file:///rs2b0t/bot/shim/_kernel.js:5:5)
    at Object.get (file:///rs2b0t/bot/shim/_kernel.js:17:19)
    at DuelArena.observeFightState (file:///rs2b0t/bot/scripts/bot/bot.js:288:70)
    at file:///rs2b0t/bot/scripts/bot/bot.js:93:63
    at globalThis.__rs2b0t_fire_tick_listeners (file:///rs2b0t/bot/runtime/BotHost.js:14:13)
    at globalThis.__rs2b0t_pump (file:///rs2b0t/bot/api/execution/Execution.js:107:37)
[rs2b0t] listener error Error: not impl: reader.selfChat
    at notImpl (file:///rs2b0t/bot/shim/_kernel.js:5:5)
    at Object.get (file:///rs2b0t/bot/shim/_kernel.js:17:19)
    at DuelArena.observeFightState (file:///rs2b0t/bot/scripts/bot/bot.js:288:70)
    at file:///rs2b0t/bot/scripts/bot/bot.js:93:63
    at globalThis.__rs2b0t_fire_tick_listeners (file:///rs2b0t/bot/runtime/BotHost.js:14:13)
    at globalThis.__rs2b0t_tick_async (file:///rs2b0t/bot/scripts/bot/main.js:15:37)
    at globalThis.__rs_tick (file:///rs2b0t/bot/scripts/bot/main.js:8:16)
[script livejleo1e_0] [rs2b0t] listener error not impl: reader.selfChat
[script livejleo1e_1] [rs2b0t] listener error not impl: reader.selfChat
[rs2b0t] listener error Error: not impl: reader.selfChat
    at notImpl (file:///rs2b0t/bot/shim/_kernel.js:5:5)
    at Object.get (file:///rs2b0t/bot/shim/_kernel.js:17:19)
    at DuelArena.observeFightState (file:///rs2b0t/bot/scripts/bot/bot.js:288:70)
    at file:///rs2b0t/bot/scripts/bot/bot.js:93:63
    at globalThis.__rs2b0t_fire_tick_listeners (file:///rs2b0t/bot/runtime/BotHost.js:14:13)
    at globalThis.__rs2b0t_pump (file:///rs2b0t/bot/api/execution/Execution.js:107:37)
[script livejleo1e_0] [rs2b0t] listener error not impl: reader.selfChat
[rs2b0t] listener error Error: not impl: reader.selfChat
    at notImpl (file:///rs2b0t/bot/shim/_kernel.js:5:5)
    at Object.get (file:///rs2b0t/bot/shim/_kernel.js:17:19)
    at DuelArena.observeFightState (file:///rs2b0t/bot/scripts/bot/bot.js:288:70)
    at file:///rs2b0t/bot/scripts/bot/bot.js:93:63
    at globalThis.__rs2b0t_fire_tick_listeners (file:///rs2b0t/bot/runtime/BotHost.js:14:13)
    at globalThis.__rs2b0t_tick_async (file:///rs2b0t/bot/scripts/bot/main.js:15:37)
    at globalThis.__rs_tick (file:///rs2b0t/bot/scripts/bot/main.js:8:16)
[script livejleo1e_1] [rs2b0t] listener error not impl: reader.selfChat
[host] slot livejleo1e_0: d_loop_us=960 d_raster_us=0 d_observe_us=67934 max_observe_us=11007 d_paints=0 d_skips=50 d_ticks=2 window_ms=1193
[host] slot livejleo1e_1: d_loop_us=948 d_raster_us=0 d_observe_us=62273 max_observe_us=10839 d_paints=0 d_skips=50 d_ticks=2 window_ms=1190
[rs2b0t] listener error Error: not impl: reader.selfChat
    at notImpl (file:///rs2b0t/bot/shim/_kernel.js:5:5)
    at Object.get (file:///rs2b0t/bot/shim/_kernel.js:17:19)
    at DuelArena.observeFightState (file:///rs2b0t/bot/scripts/bot/bot.js:288:70)
    at file:///rs2b0t/bot/scripts/bot/bot.js:93:63
    at globalThis.__rs2b0t_fire_tick_listeners (file:///rs2b0t/bot/runtime/BotHost.js:14:13)
    at globalThis.__rs2b0t_tick_async (file:///rs2b0t/bot/scripts/bot/main.js:15:37)
    at globalThis.__rs_tick (file:///rs2b0t/bot/scripts/bot/main.js:8:16)
[rs2b0t] listener error Error: not impl: reader.selfChat
    at notImpl (file:///rs2b0t/bot/shim/_kernel.js:5:5)
    at Object.get (file:///rs2b0t/bot/shim/_kernel.js:17:19)
    at DuelArena.observeFightState (file:///rs2b0t/bot/scripts/bot/bot.js:288:70)
    at file:///rs2b0t/bot/scripts/bot/bot.js:93:63
    at globalThis.__rs2b0t_fire_tick_listeners (file:///rs2b0t/bot/runtime/BotHost.js:14:13)
    at globalThis.__rs2b0t_pump (file:///rs2b0t/bot/api/execution/Execution.js:107:37)
[script livejleo1e_0] [rs2b0t] listener error not impl: reader.selfChat
[script livejleo1e_1] [rs2b0t] listener error not impl: reader.selfChat
[rs2b0t] listener error Error: not impl: reader.selfChat
    at notImpl (file:///rs2b0t/bot/shim/_kernel.js:5:5)
    at Object.get (file:///rs2b0t/bot/shim/_kernel.js:17:19)
    at DuelArena.observeFightState (file:///rs2b0t/bot/scripts/bot/bot.js:288:70)
    at file:///rs2b0t/bot/scripts/bot/bot.js:93:63
    at globalThis.__rs2b0t_fire_tick_listeners (file:///rs2b0t/bot/runtime/BotHost.js:14:13)
    at globalThis.__rs2b0t_pump (file:///rs2b0t/bot/api/execution/Execution.js:107:37)
[script livejleo1e_0] [rs2b0t] listener error not impl: reader.selfChat
[rs2b0t] listener error Error: not impl: reader.selfChat
    at notImpl (file:///rs2b0t/bot/shim/_kernel.js:5:5)
    at Object.get (file:///rs2b0t/bot/shim/_kernel.js:17:19)
    at DuelArena.observeFightState (file:///rs2b0t/bot/scripts/bot/bot.js:288:70)
    at file:///rs2b0t/bot/scripts/bot/bot.js:93:63
    at globalThis.__rs2b0t_fire_tick_listeners (file:///rs2b0t/bot/runtime/BotHost.js:14:13)
    at globalThis.__rs2b0t_tick_async (file:///rs2b0t/bot/scripts/bot/main.js:15:37)
    at globalThis.__rs_tick (file:///rs2b0t/bot/scripts/bot/main.js:8:16)
[script livejleo1e_1] [rs2b0t] listener error not impl: reader.selfChat
[host] slot livejleo1e_0: d_loop_us=1058 d_raster_us=0 d_observe_us=68804 max_observe_us=11159 d_paints=0 d_skips=50 d_ticks=2 window_ms=1192
[host] slot livejleo1e_1: d_loop_us=1051 d_raster_us=0 d_observe_us=60734 max_observe_us=9382 d_paints=0 d_skips=50 d_ticks=2 window_ms=1172
[rs2b0t] listener error Error: not impl: reader.selfChat
    at notImpl (file:///rs2b0t/bot/shim/_kernel.js:5:5)
    at Object.get (file:///rs2b0t/bot/shim/_kernel.js:17:19)
    at DuelArena.observeFightState (file:///rs2b0t/bot/scripts/bot/bot.js:288:70)
    at file:///rs2b0t/bot/scripts/bot/bot.js:93:63
    at globalThis.__rs2b0t_fire_tick_listeners (file:///rs2b0t/bot/runtime/BotHost.js:14:13)
    at globalThis.__rs2b0t_pump (file:///rs2b0t/bot/api/execution/Execution.js:107:37)
[rs2b0t] listener error Error: not impl: reader.selfChat
    at notImpl (file:///rs2b0t/bot/shim/_kernel.js:5:5)
    at Object.get (file:///rs2b0t/bot/shim/_kernel.js:17:19)
    at DuelArena.observeFightState (file:///rs2b0t/bot/scripts/bot/bot.js:288:70)
    at file:///rs2b0t/bot/scripts/bot/bot.js:93:63
    at globalThis.__rs2b0t_fire_tick_listeners (file:///rs2b0t/bot/runtime/BotHost.js:14:13)
    at globalThis.__rs2b0t_tick_async (file:///rs2b0t/bot/scripts/bot/main.js:15:37)
    at globalThis.__rs_tick (file:///rs2b0t/bot/scripts/bot/main.js:8:16)
[script livejleo1e_1] [rs2b0t] listener error not impl: reader.selfChat
[script livejleo1e_0] [rs2b0t] listener error not impl: reader.selfChat
[rs2b0t] listener error Error: not impl: reader.selfChat
    at notImpl (file:///rs2b0t/bot/shim/_kernel.js:5:5)
    at Object.get (file:///rs2b0t/bot/shim/_kernel.js:17:19)
    at DuelArena.observeFightState (file:///rs2b0t/bot/scripts/bot/bot.js:288:70)
    at file:///rs2b0t/bot/scripts/bot/bot.js:93:63
    at globalThis.__rs2b0t_fire_tick_listeners (file:///rs2b0t/bot/runtime/BotHost.js:14:13)
    at globalThis.__rs2b0t_tick_async (file:///rs2b0t/bot/scripts/bot/main.js:15:37)
    at globalThis.__rs_tick (file:///rs2b0t/bot/scripts/bot/main.js:8:16)
[rs2b0t] listener error Error: not impl: reader.selfChat
    at notImpl (file:///rs2b0t/bot/shim/_kernel.js:5:5)
    at Object.get (file:///rs2b0t/bot/shim/_kernel.js:17:19)
    at DuelArena.observeFightState (file:///rs2b0t/bot/scripts/bot/bot.js:288:70)
    at file:///rs2b0t/bot/scripts/bot/bot.js:93:63
    at globalThis.__rs2b0t_fire_tick_listeners (file:///rs2b0t/bot/runtime/BotHost.js:14:13)
    at globalThis.__rs2b0t_pump (file:///rs2b0t/bot/api/execution/Execution.js:107:37)
[script livejleo1e_1] [rs2b0t] listener error not impl: reader.selfChat
[script livejleo1e_0] [rs2b0t] listener error not impl: reader.selfChat
[host] slot livejleo1e_0: d_loop_us=771 d_raster_us=0 d_observe_us=44940 max_observe_us=5939 d_paints=0 d_skips=50 d_ticks=2 window_ms=1190
[host] slot livejleo1e_1: d_loop_us=734 d_raster_us=0 d_observe_us=45459 max_observe_us=6149 d_paints=0 d_skips=50 d_ticks=2 window_ms=1156
[rs2b0t] listener error Error: not impl: reader.selfChat
    at notImpl (file:///rs2b0t/bot/shim/_kernel.js:5:5)
    at Object.get (file:///rs2b0t/bot/shim/_kernel.js:17:19)
    at DuelArena.observeFightState (file:///rs2b0t/bot/scripts/bot/bot.js:288:70)
    at file:///rs2b0t/bot/scripts/bot/bot.js:93:63
    at globalThis.__rs2b0t_fire_tick_listeners (file:///rs2b0t/bot/runtime/BotHost.js:14:13)
    at globalThis.__rs2b0t_tick_async (file:///rs2b0t/bot/scripts/bot/main.js:15:37)
    at globalThis.__rs_tick (file:///rs2b0t/bot/scripts/bot/main.js:8:16)
[script livejleo1e_0] [rs2b0t] listener error not impl: reader.selfChat
[rs2b0t] listener error Error: not impl: reader.selfChat
    at notImpl (file:///rs2b0t/bot/shim/_kernel.js:5:5)
    at Object.get (file:///rs2b0t/bot/shim/_kernel.js:17:19)
    at DuelArena.observeFightState (file:///rs2b0t/bot/scripts/bot/bot.js:288:70)
    at file:///rs2b0t/bot/scripts/bot/bot.js:93:63
    at globalThis.__rs2b0t_fire_tick_listeners (file:///rs2b0t/bot/runtime/BotHost.js:14:13)
    at globalThis.__rs2b0t_pump (file:///rs2b0t/bot/api/execution/Execution.js:107:37)
[script livejleo1e_1] [rs2b0t] listener error not impl: reader.selfChat
[rs2b0t] listener error Error: not impl: reader.selfChat
    at notImpl (file:///rs2b0t/bot/shim/_kernel.js:5:5)
    at Object.get (file:///rs2b0t/bot/shim/_kernel.js:17:19)
    at DuelArena.observeFightState (file:///rs2b0t/bot/scripts/bot/bot.js:288:70)
    at file:///rs2b0t/bot/scripts/bot/bot.js:93:63
    at globalThis.__rs2b0t_fire_tick_listeners (file:///rs2b0t/bot/runtime/BotHost.js:14:13)
    at globalThis.__rs2b0t_pump (file:///rs2b0t/bot/api/execution/Execution.js:107:37)
[rs2b0t] listener error Error: not impl: reader.selfChat
    at notImpl (file:///rs2b0t/bot/shim/_kernel.js:5:5)
    at Object.get (file:///rs2b0t/bot/shim/_kernel.js:17:19)
    at DuelArena.observeFightState (file:///rs2b0t/bot/scripts/bot/bot.js:288:70)
    at file:///rs2b0t/bot/scripts/bot/bot.js:93:63
    at globalThis.__rs2b0t_fire_tick_listeners (file:///rs2b0t/bot/runtime/BotHost.js:14:13)
    at globalThis.__rs2b0t_tick_async (file:///rs2b0t/bot/scripts/bot/main.js:15:37)
    at globalThis.__rs_tick (file:///rs2b0t/bot/scripts/bot/main.js:8:16)
[script livejleo1e_0] [rs2b0t] listener error not impl: reader.selfChat
[script livejleo1e_1] [rs2b0t] listener error not impl: reader.selfChat
[host] slot livejleo1e_0: d_loop_us=671 d_raster_us=0 d_observe_us=31508 max_observe_us=5130 d_paints=0 d_skips=50 d_ticks=2 window_ms=1211
[host] slot livejleo1e_1: d_loop_us=665 d_raster_us=0 d_observe_us=32183 max_observe_us=5142 d_paints=0 d_skips=50 d_ticks=2 window_ms=1193
[rs2b0t] listener error Error: not impl: reader.selfChat
    at notImpl (file:///rs2b0t/bot/shim/_kernel.js:5:5)
    at Object.get (file:///rs2b0t/bot/shim/_kernel.js:17:19)
    at DuelArena.observeFightState (file:///rs2b0t/bot/scripts/bot/bot.js:288:70)
    at file:///rs2b0t/bot/scripts/bot/bot.js:93:63
    at globalThis.__rs2b0t_fire_tick_listeners (file:///rs2b0t/bot/runtime/BotHost.js:14:13)
    at globalThis.__rs2b0t_tick_async (file:///rs2b0t/bot/scripts/bot/main.js:15:37)
    at globalThis.__rs_tick (file:///rs2b0t/bot/scripts/bot/main.js:8:16)
[rs2b0t] listener error Error: not impl: reader.selfChat
    at notImpl (file:///rs2b0t/bot/shim/_kernel.js:5:5)
    at Object.get (file:///rs2b0t/bot/shim/_kernel.js:17:19)
    at DuelArena.observeFightState (file:///rs2b0t/bot/scripts/bot/bot.js:288:70)
    at file:///rs2b0t/bot/scripts/bot/bot.js:93:63
    at globalThis.__rs2b0t_fire_tick_listeners (file:///rs2b0t/bot/runtime/BotHost.js:14:13)
    at globalThis.__rs2b0t_pump (file:///rs2b0t/bot/api/execution/Execution.js:107:37)
[script livejleo1e_0] [rs2b0t] listener error not impl: reader.selfChat
[script livejleo1e_1] [rs2b0t] listener error not impl: reader.selfChat
[rs2b0t] listener error Error: not impl: reader.selfChat
    at notImpl (file:///rs2b0t/bot/shim/_kernel.js:5:5)
    at Object.get (file:///rs2b0t/bot/shim/_kernel.js:17:19)
    at DuelArena.observeFightState (file:///rs2b0t/bot/scripts/bot/bot.js:288:70)
    at file:///rs2b0t/bot/scripts/bot/bot.js:93:63
    at globalThis.__rs2b0t_fire_tick_listeners (file:///rs2b0t/bot/runtime/BotHost.js:14:13)
    at globalThis.__rs2b0t_tick_async (file:///rs2b0t/bot/scripts/bot/main.js:15:37)
    at globalThis.__rs_tick (file:///rs2b0t/bot/scripts/bot/main.js:8:16)
[script livejleo1e_1] [rs2b0t] listener error not impl: reader.selfChat
[rs2b0t] listener error Error: not impl: reader.selfChat
    at notImpl (file:///rs2b0t/bot/shim/_kernel.js:5:5)
    at Object.get (file:///rs2b0t/bot/shim/_kernel.js:17:19)
    at DuelArena.observeFightState (file:///rs2b0t/bot/scripts/bot/bot.js:288:70)
    at file:///rs2b0t/bot/scripts/bot/bot.js:93:63
    at globalThis.__rs2b0t_fire_tick_listeners (file:///rs2b0t/bot/runtime/BotHost.js:14:13)
    at globalThis.__rs2b0t_pump (file:///rs2b0t/bot/api/execution/Execution.js:107:37)
[script livejleo1e_0] [rs2b0t] listener error not impl: reader.selfChat
[host] slot livejleo1e_0: d_loop_us=732 d_raster_us=0 d_observe_us=32080 max_observe_us=4994 d_paints=0 d_skips=50 d_ticks=2 window_ms=1183
[host] slot livejleo1e_1: d_loop_us=649 d_raster_us=0 d_observe_us=31062 max_observe_us=5021 d_paints=0 d_skips=50 d_ticks=2 window_ms=1202
[rs2b0t] listener error Error: not impl: reader.selfChat
    at notImpl (file:///rs2b0t/bot/shim/_kernel.js:5:5)
    at Object.get (file:///rs2b0t/bot/shim/_kernel.js:17:19)
    at DuelArena.observeFightState (file:///rs2b0t/bot/scripts/bot/bot.js:288:70)
    at file:///rs2b0t/bot/scripts/bot/bot.js:93:63
    at globalThis.__rs2b0t_fire_tick_listeners (file:///rs2b0t/bot/runtime/BotHost.js:14:13)
    at globalThis.__rs2b0t_tick_async (file:///rs2b0t/bot/scripts/bot/main.js:15:37)
    at globalThis.__rs_tick (file:///rs2b0t/bot/scripts/bot/main.js:8:16)
[rs2b0t] listener error Error: not impl: reader.selfChat
    at notImpl (file:///rs2b0t/bot/shim/_kernel.js:5:5)
    at Object.get (file:///rs2b0t/bot/shim/_kernel.js:17:19)
    at DuelArena.observeFightState (file:///rs2b0t/bot/scripts/bot/bot.js:288:70)
    at file:///rs2b0t/bot/scripts/bot/bot.js:93:63
    at globalThis.__rs2b0t_fire_tick_listeners (file:///rs2b0t/bot/runtime/BotHost.js:14:13)
    at globalThis.__rs2b0t_pump (file:///rs2b0t/bot/api/execution/Execution.js:107:37)
[script livejleo1e_0] [rs2b0t] listener error not impl: reader.selfChat
[script livejleo1e_1] [rs2b0t] listener error not impl: reader.selfChat
[rs2b0t] listener error Error: not impl: reader.selfChat
    at notImpl (file:///rs2b0t/bot/shim/_kernel.js:5:5)
    at Object.get (file:///rs2b0t/bot/shim/_kernel.js:17:19)
    at DuelArena.observeFightState (file:///rs2b0t/bot/scripts/bot/bot.js:288:70)
    at file:///rs2b0t/bot/scripts/bot/bot.js:93:63
    at globalThis.__rs2b0t_fire_tick_listeners (file:///rs2b0t/bot/runtime/BotHost.js:14:13)
    at globalThis.__rs2b0t_pump (file:///rs2b0t/bot/api/execution/Execution.js:107:37)
[rs2b0t] listener error Error: not impl: reader.selfChat
    at notImpl (file:///rs2b0t/bot/shim/_kernel.js:5:5)
    at Object.get (file:///rs2b0t/bot/shim/_kernel.js:17:19)
    at DuelArena.observeFightState (file:///rs2b0t/bot/scripts/bot/bot.js:288:70)
    at file:///rs2b0t/bot/scripts/bot/bot.js:93:63
    at globalThis.__rs2b0t_fire_tick_listeners (file:///rs2b0t/bot/runtime/BotHost.js:14:13)
    at globalThis.__rs2b0t_tick_async (file:///rs2b0t/bot/scripts/bot/main.js:15:37)
    at globalThis.__rs_tick (file:///rs2b0t/bot/scripts/bot/main.js:8:16)
[script livejleo1e_0] [rs2b0t] listener error not impl: reader.selfChat
[script livejleo1e_1] [rs2b0t] listener error not impl: reader.selfChat
[host] slot livejleo1e_0: d_loop_us=968 d_raster_us=0 d_observe_us=47740 max_observe_us=10272 d_paints=0 d_skips=50 d_ticks=2 window_ms=1196
[host] slot livejleo1e_1: d_loop_us=872 d_raster_us=0 d_observe_us=46947 max_observe_us=8351 d_paints=0 d_skips=50 d_ticks=2 window_ms=1205
[rs2b0t] listener error Error: not impl: reader.selfChat
    at notImpl (file:///rs2b0t/bot/shim/_kernel.js:5:5)
    at Object.get (file:///rs2b0t/bot/shim/_kernel.js:17:19)
    at DuelArena.observeFightState (file:///rs2b0t/bot/scripts/bot/bot.js:288:70)
    at file:///rs2b0t/bot/scripts/bot/bot.js:93:63
    at globalThis.__rs2b0t_fire_tick_listeners (file:///rs2b0t/bot/runtime/BotHost.js:14:13)
    at globalThis.__rs2b0t_pump (file:///rs2b0t/bot/api/execution/Execution.js:107:37)
[rs2b0t] listener error Error: not impl: reader.selfChat
    at notImpl (file:///rs2b0t/bot/shim/_kernel.js:5:5)
    at Object.get (file:///rs2b0t/bot/shim/_kernel.js:17:19)
    at DuelArena.observeFightState (file:///rs2b0t/bot/scripts/bot/bot.js:288:70)
    at file:///rs2b0t/bot/scripts/bot/bot.js:93:63
    at globalThis.__rs2b0t_fire_tick_listeners (file:///rs2b0t/bot/runtime/BotHost.js:14:13)
    at globalThis.__rs2b0t_tick_async (file:///rs2b0t/bot/scripts/bot/main.js:15:37)
    at globalThis.__rs_tick (file:///rs2b0t/bot/scripts/bot/main.js:8:16)
[script livejleo1e_1] [rs2b0t] listener error not impl: reader.selfChat
[script livejleo1e_0] [rs2b0t] listener error not impl: reader.selfChat
[rs2b0t] listener error Error: not impl: reader.selfChat
    at notImpl (file:///rs2b0t/bot/shim/_kernel.js:5:5)
    at Object.get (file:///rs2b0t/bot/shim/_kernel.js:17:19)
    at DuelArena.observeFightState (file:///rs2b0t/bot/scripts/bot/bot.js:288:70)
    at file:///rs2b0t/bot/scripts/bot/bot.js:93:63
    at globalThis.__rs2b0t_fire_tick_listeners (file:///rs2b0t/bot/runtime/BotHost.js:14:13)
    at globalThis.__rs2b0t_pump (file:///rs2b0t/bot/api/execution/Execution.js:107:37)
[rs2b0t] listener error Error: not impl: reader.selfChat
    at notImpl (file:///rs2b0t/bot/shim/_kernel.js:5:5)
    at Object.get (file:///rs2b0t/bot/shim/_kernel.js:17:19)
    at DuelArena.observeFightState (file:///rs2b0t/bot/scripts/bot/bot.js:288:70)
    at file:///rs2b0t/bot/scripts/bot/bot.js:93:63
    at globalThis.__rs2b0t_fire_tick_listeners (file:///rs2b0t/bot/runtime/BotHost.js:14:13)
    at globalThis.__rs2b0t_tick_async (file:///rs2b0t/bot/scripts/bot/main.js:15:37)
    at globalThis.__rs_tick (file:///rs2b0t/bot/scripts/bot/main.js:8:16)
[script livejleo1e_0] [rs2b0t] listener error not impl: reader.selfChat
[script livejleo1e_1] [rs2b0t] listener error not impl: reader.selfChat
[host] slot livejleo1e_0: d_loop_us=986 d_raster_us=0 d_observe_us=59938 max_observe_us=8912 d_paints=0 d_skips=50 d_ticks=2 window_ms=1198
[host] slot livejleo1e_1: d_loop_us=977 d_raster_us=0 d_observe_us=59513 max_observe_us=10020 d_paints=0 d_skips=50 d_ticks=2 window_ms=1184
[rs2b0t] listener error Error: not impl: reader.selfChat
    at notImpl (file:///rs2b0t/bot/shim/_kernel.js:5:5)
    at Object.get (file:///rs2b0t/bot/shim/_kernel.js:17:19)
    at DuelArena.observeFightState (file:///rs2b0t/bot/scripts/bot/bot.js:288:70)
    at file:///rs2b0t/bot/scripts/bot/bot.js:93:63
    at globalThis.__rs2b0t_fire_tick_listeners (file:///rs2b0t/bot/runtime/BotHost.js:14:13)
    at globalThis.__rs2b0t_pump (file:///rs2b0t/bot/api/execution/Execution.js:107:37)
[rs2b0t] listener error Error: not impl: reader.selfChat
    at notImpl (file:///rs2b0t/bot/shim/_kernel.js:5:5)
    at Object.get (file:///rs2b0t/bot/shim/_kernel.js:17:19)
    at DuelArena.observeFightState (file:///rs2b0t/bot/scripts/bot/bot.js:288:70)
    at file:///rs2b0t/bot/scripts/bot/bot.js:93:63
    at globalThis.__rs2b0t_fire_tick_listeners (file:///rs2b0t/bot/runtime/BotHost.js:14:13)
    at globalThis.__rs2b0t_tick_async (file:///rs2b0t/bot/scripts/bot/main.js:15:37)
    at globalThis.__rs_tick (file:///rs2b0t/bot/scripts/bot/main.js:8:16)
[script livejleo1e_1] [rs2b0t] listener error not impl: reader.selfChat
[script livejleo1e_0] [rs2b0t] listener error not impl: reader.selfChat
[rs2b0t] listener error Error: not impl: reader.selfChat
    at notImpl (file:///rs2b0t/bot/shim/_kernel.js:5:5)
    at Object.get (file:///rs2b0t/bot/shim/_kernel.js:17:19)
    at DuelArena.observeFightState (file:///rs2b0t/bot/scripts/bot/bot.js:288:70)
    at file:///rs2b0t/bot/scripts/bot/bot.js:93:63
    at globalThis.__rs2b0t_fire_tick_listeners (file:///rs2b0t/bot/runtime/BotHost.js:14:13)
    at globalThis.__rs2b0t_pump (file:///rs2b0t/bot/api/execution/Execution.js:107:37)
[rs2b0t] listener error Error: not impl: reader.selfChat
    at notImpl (file:///rs2b0t/bot/shim/_kernel.js:5:5)
    at Object.get (file:///rs2b0t/bot/shim/_kernel.js:17:19)
    at DuelArena.observeFightState (file:///rs2b0t/bot/scripts/bot/bot.js:288:70)
    at file:///rs2b0t/bot/scripts/bot/bot.js:93:63
    at globalThis.__rs2b0t_fire_tick_listeners (file:///rs2b0t/bot/runtime/BotHost.js:14:13)
    at globalThis.__rs2b0t_tick_async (file:///rs2b0t/bot/scripts/bot/main.js:15:37)
    at globalThis.__rs_tick (file:///rs2b0t/bot/scripts/bot/main.js:8:16)
[script livejleo1e_0] [rs2b0t] listener error not impl: reader.selfChat
[script livejleo1e_1] [rs2b0t] listener error not impl: reader.selfChat
[host] slot livejleo1e_0: d_loop_us=913 d_raster_us=0 d_observe_us=57975 max_observe_us=10846 d_paints=0 d_skips=50 d_ticks=2 window_ms=1176
[host] slot livejleo1e_1: d_loop_us=831 d_raster_us=0 d_observe_us=61864 max_observe_us=10864 d_paints=0 d_skips=50 d_ticks=2 window_ms=1201
[rs2b0t] listener error Error: not impl: reader.selfChat
    at notImpl (file:///rs2b0t/bot/shim/_kernel.js:5:5)
    at Object.get (file:///rs2b0t/bot/shim/_kernel.js:17:19)
    at DuelArena.observeFightState (file:///rs2b0t/bot/scripts/bot/bot.js:288:70)
    at file:///rs2b0t/bot/scripts/bot/bot.js:93:63
    at globalThis.__rs2b0t_fire_tick_listeners (file:///rs2b0t/bot/runtime/BotHost.js:14:13)
    at globalThis.__rs2b0t_pump (file:///rs2b0t/bot/api/execution/Execution.js:107:37)
[script livejleo1e_1] [rs2b0t] listener error not impl: reader.selfChat
[rs2b0t] listener error Error: not impl: reader.selfChat
    at notImpl (file:///rs2b0t/bot/shim/_kernel.js:5:5)
    at Object.get (file:///rs2b0t/bot/shim/_kernel.js:17:19)
    at DuelArena.observeFightState (file:///rs2b0t/bot/scripts/bot/bot.js:288:70)
    at file:///rs2b0t/bot/scripts/bot/bot.js:93:63
    at globalThis.__rs2b0t_fire_tick_listeners (file:///rs2b0t/bot/runtime/BotHost.js:14:13)
    at globalThis.__rs2b0t_tick_async (file:///rs2b0t/bot/scripts/bot/main.js:15:37)
    at globalThis.__rs_tick (file:///rs2b0t/bot/scripts/bot/main.js:8:16)
[script livejleo1e_0] [rs2b0t] listener error not impl: reader.selfChat
[rs2b0t] listener error Error: not impl: reader.selfChat
    at notImpl (file:///rs2b0t/bot/shim/_kernel.js:5:5)
    at Object.get (file:///rs2b0t/bot/shim/_kernel.js:17:19)
    at DuelArena.observeFightState (file:///rs2b0t/bot/scripts/bot/bot.js:288:70)
    at file:///rs2b0t/bot/scripts/bot/bot.js:93:63
    at globalThis.__rs2b0t_fire_tick_listeners (file:///rs2b0t/bot/runtime/BotHost.js:14:13)
    at globalThis.__rs2b0t_tick_async (file:///rs2b0t/bot/scripts/bot/main.js:15:37)
    at globalThis.__rs_tick (file:///rs2b0t/bot/scripts/bot/main.js:8:16)
[script livejleo1e_1] [rs2b0t] listener error not impl: reader.selfChat
[rs2b0t] listener error Error: not impl: reader.selfChat
    at notImpl (file:///rs2b0t/bot/shim/_kernel.js:5:5)
    at Object.get (file:///rs2b0t/bot/shim/_kernel.js:17:19)
    at DuelArena.observeFightState (file:///rs2b0t/bot/scripts/bot/bot.js:288:70)
    at file:///rs2b0t/bot/scripts/bot/bot.js:93:63
    at globalThis.__rs2b0t_fire_tick_listeners (file:///rs2b0t/bot/runtime/BotHost.js:14:13)
    at globalThis.__rs2b0t_pump (file:///rs2b0t/bot/api/execution/Execution.js:107:37)
[script livejleo1e_0] [rs2b0t] listener error not impl: reader.selfChat
[host] slot livejleo1e_0: d_loop_us=1013 d_raster_us=0 d_observe_us=59949 max_observe_us=9155 d_paints=0 d_skips=50 d_ticks=2 window_ms=1191
[host] slot livejleo1e_1: d_loop_us=956 d_raster_us=0 d_observe_us=58775 max_observe_us=10576 d_paints=0 d_skips=50 d_ticks=2 window_ms=1192
[rs2b0t] listener error Error: not impl: reader.selfChat
    at notImpl (file:///rs2b0t/bot/shim/_kernel.js:5:5)
    at Object.get (file:///rs2b0t/bot/shim/_kernel.js:17:19)
    at DuelArena.observeFightState (file:///rs2b0t/bot/scripts/bot/bot.js:288:70)
    at file:///rs2b0t/bot/scripts/bot/bot.js:93:63
    at globalThis.__rs2b0t_fire_tick_listeners (file:///rs2b0t/bot/runtime/BotHost.js:14:13)
    at globalThis.__rs2b0t_pump (file:///rs2b0t/bot/api/execution/Execution.js:107:37)
[rs2b0t] listener error Error: not impl: reader.selfChat
    at notImpl (file:///rs2b0t/bot/shim/_kernel.js:5:5)
    at Object.get (file:///rs2b0t/bot/shim/_kernel.js:17:19)
    at DuelArena.observeFightState (file:///rs2b0t/bot/scripts/bot/bot.js:288:70)
    at file:///rs2b0t/bot/scripts/bot/bot.js:93:63
    at globalThis.__rs2b0t_fire_tick_listeners (file:///rs2b0t/bot/runtime/BotHost.js:14:13)
    at globalThis.__rs2b0t_tick_async (file:///rs2b0t/bot/scripts/bot/main.js:15:37)
    at globalThis.__rs_tick (file:///rs2b0t/bot/scripts/bot/main.js:8:16)
[script livejleo1e_1] [rs2b0t] listener error not impl: reader.selfChat
[script livejleo1e_0] [rs2b0t] listener error not impl: reader.selfChat
[rs2b0t] listener error Error: not impl: reader.selfChat
    at notImpl (file:///rs2b0t/bot/shim/_kernel.js:5:5)
    at Object.get (file:///rs2b0t/bot/shim/_kernel.js:17:19)
    at DuelArena.observeFightState (file:///rs2b0t/bot/scripts/bot/bot.js:288:70)
    at file:///rs2b0t/bot/scripts/bot/bot.js:93:63
    at globalThis.__rs2b0t_fire_tick_listeners (file:///rs2b0t/bot/runtime/BotHost.js:14:13)
    at globalThis.__rs2b0t_pump (file:///rs2b0t/bot/api/execution/Execution.js:107:37)
[rs2b0t] listener error Error: not impl: reader.selfChat
    at notImpl (file:///rs2b0t/bot/shim/_kernel.js:5:5)
    at Object.get (file:///rs2b0t/bot/shim/_kernel.js:17:19)
    at DuelArena.observeFightState (file:///rs2b0t/bot/scripts/bot/bot.js:288:70)
    at file:///rs2b0t/bot/scripts/bot/bot.js:93:63
    at globalThis.__rs2b0t_fire_tick_listeners (file:///rs2b0t/bot/runtime/BotHost.js:14:13)
    at globalThis.__rs2b0t_tick_async (file:///rs2b0t/bot/scripts/bot/main.js:15:37)
    at globalThis.__rs_tick (file:///rs2b0t/bot/scripts/bot/main.js:8:16)
[script livejleo1e_0] [rs2b0t] listener error not impl: reader.selfChat
[script livejleo1e_1] [rs2b0t] listener error not impl: reader.selfChat
[host] slot livejleo1e_0: d_loop_us=922 d_raster_us=0 d_observe_us=57623 max_observe_us=11983 d_paints=0 d_skips=50 d_ticks=2 window_ms=1178
[host] slot livejleo1e_1: d_loop_us=806 d_raster_us=0 d_observe_us=49143 max_observe_us=9965 d_paints=0 d_skips=50 d_ticks=2 window_ms=1206
[rs2b0t] listener error Error: not impl: reader.selfChat
    at notImpl (file:///rs2b0t/bot/shim/_kernel.js:5:5)
    at Object.get (file:///rs2b0t/bot/shim/_kernel.js:17:19)
    at DuelArena.observeFightState (file:///rs2b0t/bot/scripts/bot/bot.js:288:70)
    at file:///rs2b0t/bot/scripts/bot/bot.js:93:63
    at globalThis.__rs2b0t_fire_tick_listeners (file:///rs2b0t/bot/runtime/BotHost.js:14:13)
    at globalThis.__rs2b0t_pump (file:///rs2b0t/bot/api/execution/Execution.js:107:37)
[script livejleo1e_1] [rs2b0t] listener error not impl: reader.selfChat
[rs2b0t] listener error Error: not impl: reader.selfChat
    at notImpl (file:///rs2b0t/bot/shim/_kernel.js:5:5)
    at Object.get (file:///rs2b0t/bot/shim/_kernel.js:17:19)
    at DuelArena.observeFightState (file:///rs2b0t/bot/scripts/bot/bot.js:288:70)
    at file:///rs2b0t/bot/scripts/bot/bot.js:93:63
    at globalThis.__rs2b0t_fire_tick_listeners (file:///rs2b0t/bot/runtime/BotHost.js:14:13)
    at globalThis.__rs2b0t_tick_async (file:///rs2b0t/bot/scripts/bot/main.js:15:37)
    at globalThis.__rs_tick (file:///rs2b0t/bot/scripts/bot/main.js:8:16)
[script livejleo1e_0] [rs2b0t] listener error not impl: reader.selfChat
[rs2b0t] listener error Error: not impl: reader.selfChat
    at notImpl (file:///rs2b0t/bot/shim/_kernel.js:5:5)
    at Object.get (file:///rs2b0t/bot/shim/_kernel.js:17:19)
    at DuelArena.observeFightState (file:///rs2b0t/bot/scripts/bot/bot.js:288:70)
    at file:///rs2b0t/bot/scripts/bot/bot.js:93:63
    at globalThis.__rs2b0t_fire_tick_listeners (file:///rs2b0t/bot/runtime/BotHost.js:14:13)
    at globalThis.__rs2b0t_pump (file:///rs2b0t/bot/api/execution/Execution.js:107:37)
[rs2b0t] listener error Error: not impl: reader.selfChat
    at notImpl (file:///rs2b0t/bot/shim/_kernel.js:5:5)
    at Object.get (file:///rs2b0t/bot/shim/_kernel.js:17:19)
    at DuelArena.observeFightState (file:///rs2b0t/bot/scripts/bot/bot.js:288:70)
    at file:///rs2b0t/bot/scripts/bot/bot.js:93:63
    at globalThis.__rs2b0t_fire_tick_listeners (file:///rs2b0t/bot/runtime/BotHost.js:14:13)
    at globalThis.__rs2b0t_tick_async (file:///rs2b0t/bot/scripts/bot/main.js:15:37)
    at globalThis.__rs_tick (file:///rs2b0t/bot/scripts/bot/main.js:8:16)
[script livejleo1e_0] [rs2b0t] listener error not impl: reader.selfChat
[script livejleo1e_1] [rs2b0t] listener error not impl: reader.selfChat
[host] slot livejleo1e_0: d_loop_us=866 d_raster_us=0 d_observe_us=38879 max_observe_us=6566 d_paints=0 d_skips=50 d_ticks=2 window_ms=1196
[host] slot livejleo1e_1: d_loop_us=775 d_raster_us=0 d_observe_us=38897 max_observe_us=6394 d_paints=0 d_skips=50 d_ticks=2 window_ms=1174
[rs2b0t] listener error Error: not impl: reader.selfChat
    at notImpl (file:///rs2b0t/bot/shim/_kernel.js:5:5)
    at Object.get (file:///rs2b0t/bot/shim/_kernel.js:17:19)
    at DuelArena.observeFightState (file:///rs2b0t/bot/scripts/bot/bot.js:288:70)
    at file:///rs2b0t/bot/scripts/bot/bot.js:93:63
    at globalThis.__rs2b0t_fire_tick_listeners (file:///rs2b0t/bot/runtime/BotHost.js:14:13)
    at globalThis.__rs2b0t_pump (file:///rs2b0t/bot/api/execution/Execution.js:107:37)
[script livejleo1e_1] [rs2b0t] listener error not impl: reader.selfChat
[rs2b0t] listener error Error: not impl: reader.selfChat
    at notImpl (file:///rs2b0t/bot/shim/_kernel.js:5:5)
    at Object.get (file:///rs2b0t/bot/shim/_kernel.js:17:19)
    at DuelArena.observeFightState (file:///rs2b0t/bot/scripts/bot/bot.js:288:70)
    at file:///rs2b0t/bot/scripts/bot/bot.js:93:63
    at globalThis.__rs2b0t_fire_tick_listeners (file:///rs2b0t/bot/runtime/BotHost.js:14:13)
    at globalThis.__rs2b0t_tick_async (file:///rs2b0t/bot/scripts/bot/main.js:15:37)
    at globalThis.__rs_tick (file:///rs2b0t/bot/scripts/bot/main.js:8:16)
[script livejleo1e_0] [rs2b0t] listener error not impl: reader.selfChat
[rs2b0t] listener error Error: not impl: reader.selfChat
    at notImpl (file:///rs2b0t/bot/shim/_kernel.js:5:5)
    at Object.get (file:///rs2b0t/bot/shim/_kernel.js:17:19)
    at DuelArena.observeFightState (file:///rs2b0t/bot/scripts/bot/bot.js:288:70)
    at file:///rs2b0t/bot/scripts/bot/bot.js:93:63
    at globalThis.__rs2b0t_fire_tick_listeners (file:///rs2b0t/bot/runtime/BotHost.js:14:13)
    at globalThis.__rs2b0t_tick_async (file:///rs2b0t/bot/scripts/bot/main.js:15:37)
    at globalThis.__rs_tick (file:///rs2b0t/bot/scripts/bot/main.js:8:16)
[script livejleo1e_1] [rs2b0t] listener error not impl: reader.selfChat
[rs2b0t] listener error Error: not impl: reader.selfChat
    at notImpl (file:///rs2b0t/bot/shim/_kernel.js:5:5)
    at Object.get (file:///rs2b0t/bot/shim/_kernel.js:17:19)
    at DuelArena.observeFightState (file:///rs2b0t/bot/scripts/bot/bot.js:288:70)
    at file:///rs2b0t/bot/scripts/bot/bot.js:93:63
    at globalThis.__rs2b0t_fire_tick_listeners (file:///rs2b0t/bot/runtime/BotHost.js:14:13)
    at globalThis.__rs2b0t_pump (file:///rs2b0t/bot/api/execution/Execution.js:107:37)
[script livejleo1e_0] [rs2b0t] listener error not impl: reader.selfChat
[host] slot livejleo1e_0: d_loop_us=949 d_raster_us=0 d_observe_us=47257 max_observe_us=8105 d_paints=0 d_skips=50 d_ticks=2 window_ms=1194
[host] slot livejleo1e_1: d_loop_us=833 d_raster_us=0 d_observe_us=46364 max_observe_us=8969 d_paints=0 d_skips=50 d_ticks=2 window_ms=1190
[rs2b0t] listener error Error: not impl: reader.selfChat
    at notImpl (file:///rs2b0t/bot/shim/_kernel.js:5:5)
    at Object.get (file:///rs2b0t/bot/shim/_kernel.js:17:19)
    at DuelArena.observeFightState (file:///rs2b0t/bot/scripts/bot/bot.js:288:70)
    at file:///rs2b0t/bot/scripts/bot/bot.js:93:63
    at globalThis.__rs2b0t_fire_tick_listeners (file:///rs2b0t/bot/runtime/BotHost.js:14:13)
    at globalThis.__rs2b0t_pump (file:///rs2b0t/bot/api/execution/Execution.js:107:37)
[script livejleo1e_1] [rs2b0t] listener error not impl: reader.selfChat
[rs2b0t] listener error Error: not impl: reader.selfChat
    at notImpl (file:///rs2b0t/bot/shim/_kernel.js:5:5)
    at Object.get (file:///rs2b0t/bot/shim/_kernel.js:17:19)
    at DuelArena.observeFightState (file:///rs2b0t/bot/scripts/bot/bot.js:288:70)
    at file:///rs2b0t/bot/scripts/bot/bot.js:93:63
    at globalThis.__rs2b0t_fire_tick_listeners (file:///rs2b0t/bot/runtime/BotHost.js:14:13)
    at globalThis.__rs2b0t_tick_async (file:///rs2b0t/bot/scripts/bot/main.js:15:37)
    at globalThis.__rs_tick (file:///rs2b0t/bot/scripts/bot/main.js:8:16)
[script livejleo1e_0] [rs2b0t] listener error not impl: reader.selfChat
[rs2b0t] listener error Error: not impl: reader.selfChat
    at notImpl (file:///rs2b0t/bot/shim/_kernel.js:5:5)
    at Object.get (file:///rs2b0t/bot/shim/_kernel.js:17:19)
    at DuelArena.observeFightState (file:///rs2b0t/bot/scripts/bot/bot.js:288:70)
    at file:///rs2b0t/bot/scripts/bot/bot.js:93:63
    at globalThis.__rs2b0t_fire_tick_listeners (file:///rs2b0t/bot/runtime/BotHost.js:14:13)
    at globalThis.__rs2b0t_pump (file:///rs2b0t/bot/api/execution/Execution.js:107:37)
[rs2b0t] listener error Error: not impl: reader.selfChat
    at notImpl (file:///rs2b0t/bot/shim/_kernel.js:5:5)
    at Object.get (file:///rs2b0t/bot/shim/_kernel.js:17:19)
    at DuelArena.observeFightState (file:///rs2b0t/bot/scripts/bot/bot.js:288:70)
    at file:///rs2b0t/bot/scripts/bot/bot.js:93:63
    at globalThis.__rs2b0t_fire_tick_listeners (file:///rs2b0t/bot/runtime/BotHost.js:14:13)
    at globalThis.__rs2b0t_tick_async (file:///rs2b0t/bot/scripts/bot/main.js:15:37)
    at globalThis.__rs_tick (file:///rs2b0t/bot/scripts/bot/main.js:8:16)
[script livejleo1e_0] [rs2b0t] listener error not impl: reader.selfChat
[script livejleo1e_1] [rs2b0t] listener error not impl: reader.selfChat
[host] slot livejleo1e_0: d_loop_us=854 d_raster_us=0 d_observe_us=42767 max_observe_us=7379 d_paints=0 d_skips=50 d_ticks=2 window_ms=1194
[host] slot livejleo1e_1: d_loop_us=767 d_raster_us=0 d_observe_us=43344 max_observe_us=9080 d_paints=0 d_skips=50 d_ticks=2 window_ms=1190
[rs2b0t] listener error Error: not impl: reader.selfChat
    at notImpl (file:///rs2b0t/bot/shim/_kernel.js:5:5)
    at Object.get (file:///rs2b0t/bot/shim/_kernel.js:17:19)
    at DuelArena.observeFightState (file:///rs2b0t/bot/scripts/bot/bot.js:288:70)
    at file:///rs2b0t/bot/scripts/bot/bot.js:93:63
    at globalThis.__rs2b0t_fire_tick_listeners (file:///rs2b0t/bot/runtime/BotHost.js:14:13)
    at globalThis.__rs2b0t_tick_async (file:///rs2b0t/bot/scripts/bot/main.js:15:37)
    at globalThis.__rs_tick (file:///rs2b0t/bot/scripts/bot/main.js:8:16)
[rs2b0t] listener error Error: not impl: reader.selfChat
    at notImpl (file:///rs2b0t/bot/shim/_kernel.js:5:5)
    at Object.get (file:///rs2b0t/bot/shim/_kernel.js:17:19)
    at DuelArena.observeFightState (file:///rs2b0t/bot/scripts/bot/bot.js:288:70)
    at file:///rs2b0t/bot/scripts/bot/bot.js:93:63
    at globalThis.__rs2b0t_fire_tick_listeners (file:///rs2b0t/bot/runtime/BotHost.js:14:13)
    at globalThis.__rs2b0t_pump (file:///rs2b0t/bot/api/execution/Execution.js:107:37)
[script livejleo1e_0] [rs2b0t] listener error not impl: reader.selfChat
[script livejleo1e_1] [rs2b0t] listener error not impl: reader.selfChat
[rs2b0t] listener error Error: not impl: reader.selfChat
    at notImpl (file:///rs2b0t/bot/shim/_kernel.js:5:5)
    at Object.get (file:///rs2b0t/bot/shim/_kernel.js:17:19)
    at DuelArena.observeFightState (file:///rs2b0t/bot/scripts/bot/bot.js:288:70)
    at file:///rs2b0t/bot/scripts/bot/bot.js:93:63
    at globalThis.__rs2b0t_fire_tick_listeners (file:///rs2b0t/bot/runtime/BotHost.js:14:13)
    at globalThis.__rs2b0t_tick_async (file:///rs2b0t/bot/scripts/bot/main.js:15:37)
    at globalThis.__rs_tick (file:///rs2b0t/bot/scripts/bot/main.js:8:16)
[rs2b0t] listener error Error: not impl: reader.selfChat
    at notImpl (file:///rs2b0t/bot/shim/_kernel.js:5:5)
    at Object.get (file:///rs2b0t/bot/shim/_kernel.js:17:19)
    at DuelArena.observeFightState (file:///rs2b0t/bot/scripts/bot/bot.js:288:70)
    at file:///rs2b0t/bot/scripts/bot/bot.js:93:63
    at globalThis.__rs2b0t_fire_tick_listeners (file:///rs2b0t/bot/runtime/BotHost.js:14:13)
    at globalThis.__rs2b0t_pump (file:///rs2b0t/bot/api/execution/Execution.js:107:37)
[script livejleo1e_1] [rs2b0t] listener error not impl: reader.selfChat
[script livejleo1e_0] [rs2b0t] listener error not impl: reader.selfChat
[host] slot livejleo1e_0: d_loop_us=824 d_raster_us=0 d_observe_us=41892 max_observe_us=7489 d_paints=0 d_skips=50 d_ticks=2 window_ms=1199
[host] slot livejleo1e_1: d_loop_us=772 d_raster_us=0 d_observe_us=42078 max_observe_us=7067 d_paints=0 d_skips=50 d_ticks=2 window_ms=1216
[rs2b0t] listener error Error: not impl: reader.selfChat
    at notImpl (file:///rs2b0t/bot/shim/_kernel.js:5:5)
    at Object.get (file:///rs2b0t/bot/shim/_kernel.js:17:19)
    at DuelArena.observeFightState (file:///rs2b0t/bot/scripts/bot/bot.js:288:70)
    at file:///rs2b0t/bot/scripts/bot/bot.js:93:63
    at globalThis.__rs2b0t_fire_tick_listeners (file:///rs2b0t/bot/runtime/BotHost.js:14:13)
    at globalThis.__rs2b0t_tick_async (file:///rs2b0t/bot/scripts/bot/main.js:15:37)
    at globalThis.__rs_tick (file:///rs2b0t/bot/scripts/bot/main.js:8:16)
[script livejleo1e_0] [rs2b0t] listener error not impl: reader.selfChat
[rs2b0t] listener error Error: not impl: reader.selfChat
    at notImpl (file:///rs2b0t/bot/shim/_kernel.js:5:5)
    at Object.get (file:///rs2b0t/bot/shim/_kernel.js:17:19)
    at DuelArena.observeFightState (file:///rs2b0t/bot/scripts/bot/bot.js:288:70)
    at file:///rs2b0t/bot/scripts/bot/bot.js:93:63
    at globalThis.__rs2b0t_fire_tick_listeners (file:///rs2b0t/bot/runtime/BotHost.js:14:13)
    at globalThis.__rs2b0t_pump (file:///rs2b0t/bot/api/execution/Execution.js:107:37)
[script livejleo1e_1] [rs2b0t] listener error not impl: reader.selfChat
[rs2b0t] listener error Error: not impl: reader.selfChat
    at notImpl (file:///rs2b0t/bot/shim/_kernel.js:5:5)
    at Object.get (file:///rs2b0t/bot/shim/_kernel.js:17:19)
    at DuelArena.observeFightState (file:///rs2b0t/bot/scripts/bot/bot.js:288:70)
    at file:///rs2b0t/bot/scripts/bot/bot.js:93:63
    at globalThis.__rs2b0t_fire_tick_listeners (file:///rs2b0t/bot/runtime/BotHost.js:14:13)
    at globalThis.__rs2b0t_pump (file:///rs2b0t/bot/api/execution/Execution.js:107:37)
[rs2b0t] listener error Error: not impl: reader.selfChat
    at notImpl (file:///rs2b0t/bot/shim/_kernel.js:5:5)
    at Object.get (file:///rs2b0t/bot/shim/_kernel.js:17:19)
    at DuelArena.observeFightState (file:///rs2b0t/bot/scripts/bot/bot.js:288:70)
    at file:///rs2b0t/bot/scripts/bot/bot.js:93:63
    at globalThis.__rs2b0t_fire_tick_listeners (file:///rs2b0t/bot/runtime/BotHost.js:14:13)
    at globalThis.__rs2b0t_tick_async (file:///rs2b0t/bot/scripts/bot/main.js:15:37)
    at globalThis.__rs_tick (file:///rs2b0t/bot/scripts/bot/main.js:8:16)
[script livejleo1e_0] [rs2b0t] listener error not impl: reader.selfChat
[script livejleo1e_1] [rs2b0t] listener error not impl: reader.selfChat
[host] slot livejleo1e_0: d_loop_us=783 d_raster_us=0 d_observe_us=45507 max_observe_us=8098 d_paints=0 d_skips=50 d_ticks=2 window_ms=1194
[host] slot livejleo1e_1: d_loop_us=796 d_raster_us=0 d_observe_us=45758 max_observe_us=7694 d_paints=0 d_skips=50 d_ticks=2 window_ms=1177
[rs2b0t] listener error Error: not impl: reader.selfChat
    at notImpl (file:///rs2b0t/bot/shim/_kernel.js:5:5)
    at Object.get (file:///rs2b0t/bot/shim/_kernel.js:17:19)
    at DuelArena.observeFightState (file:///rs2b0t/bot/scripts/bot/bot.js:288:70)
    at file:///rs2b0t/bot/scripts/bot/bot.js:93:63
    at globalThis.__rs2b0t_fire_tick_listeners (file:///rs2b0t/bot/runtime/BotHost.js:14:13)
    at globalThis.__rs2b0t_pump (file:///rs2b0t/bot/api/execution/Execution.js:107:37)
[rs2b0t] listener error Error: not impl: reader.selfChat
    at notImpl (file:///rs2b0t/bot/shim/_kernel.js:5:5)
    at Object.get (file:///rs2b0t/bot/shim/_kernel.js:17:19)
    at DuelArena.observeFightState (file:///rs2b0t/bot/scripts/bot/bot.js:288:70)
    at file:///rs2b0t/bot/scripts/bot/bot.js:93:63
    at globalThis.__rs2b0t_fire_tick_listeners (file:///rs2b0t/bot/runtime/BotHost.js:14:13)
    at globalThis.__rs2b0t_tick_async (file:///rs2b0t/bot/scripts/bot/main.js:15:37)
    at globalThis.__rs_tick (file:///rs2b0t/bot/scripts/bot/main.js:8:16)
[script livejleo1e_0] [rs2b0t] listener error not impl: reader.selfChat
[script livejleo1e_1] [rs2b0t] listener error not impl: reader.selfChat
[rs2b0t] listener error Error: not impl: reader.selfChat
    at notImpl (file:///rs2b0t/bot/shim/_kernel.js:5:5)
    at Object.get (file:///rs2b0t/bot/shim/_kernel.js:17:19)
    at DuelArena.observeFightState (file:///rs2b0t/bot/scripts/bot/bot.js:288:70)
    at file:///rs2b0t/bot/scripts/bot/bot.js:93:63
    at globalThis.__rs2b0t_fire_tick_listeners (file:///rs2b0t/bot/runtime/BotHost.js:14:13)
    at globalThis.__rs2b0t_tick_async (file:///rs2b0t/bot/scripts/bot/main.js:15:37)
    at globalThis.__rs_tick (file:///rs2b0t/bot/scripts/bot/main.js:8:16)
[script livejleo1e_1] [rs2b0t] listener error not impl: reader.selfChat
[rs2b0t] listener error Error: not impl: reader.selfChat
    at notImpl (file:///rs2b0t/bot/shim/_kernel.js:5:5)
    at Object.get (file:///rs2b0t/bot/shim/_kernel.js:17:19)
    at DuelArena.observeFightState (file:///rs2b0t/bot/scripts/bot/bot.js:288:70)
    at file:///rs2b0t/bot/scripts/bot/bot.js:93:63
    at globalThis.__rs2b0t_fire_tick_listeners (file:///rs2b0t/bot/runtime/BotHost.js:14:13)
    at globalThis.__rs2b0t_pump (file:///rs2b0t/bot/api/execution/Execution.js:107:37)
[script livejleo1e_0] [rs2b0t] listener error not impl: reader.selfChat
[host] slot livejleo1e_0: d_loop_us=985 d_raster_us=0 d_observe_us=56385 max_observe_us=9357 d_paints=0 d_skips=50 d_ticks=2 window_ms=1172
[host] slot livejleo1e_1: d_loop_us=868 d_raster_us=0 d_observe_us=54218 max_observe_us=11559 d_paints=0 d_skips=50 d_ticks=2 window_ms=1170
[rs2b0t] listener error Error: not impl: reader.selfChat
    at notImpl (file:///rs2b0t/bot/shim/_kernel.js:5:5)
    at Object.get (file:///rs2b0t/bot/shim/_kernel.js:17:19)
    at DuelArena.observeFightState (file:///rs2b0t/bot/scripts/bot/bot.js:288:70)
    at file:///rs2b0t/bot/scripts/bot/bot.js:93:63
    at globalThis.__rs2b0t_fire_tick_listeners (file:///rs2b0t/bot/runtime/BotHost.js:14:13)
    at globalThis.__rs2b0t_pump (file:///rs2b0t/bot/api/execution/Execution.js:107:37)
[rs2b0t] listener error Error: not impl: reader.selfChat
    at notImpl (file:///rs2b0t/bot/shim/_kernel.js:5:5)
    at Object.get (file:///rs2b0t/bot/shim/_kernel.js:17:19)
    at DuelArena.observeFightState (file:///rs2b0t/bot/scripts/bot/bot.js:288:70)
    at file:///rs2b0t/bot/scripts/bot/bot.js:93:63
    at globalThis.__rs2b0t_fire_tick_listeners (file:///rs2b0t/bot/runtime/BotHost.js:14:13)
    at globalThis.__rs2b0t_tick_async (file:///rs2b0t/bot/scripts/bot/main.js:15:37)
    at globalThis.__rs_tick (file:///rs2b0t/bot/scripts/bot/main.js:8:16)
[script livejleo1e_1] [rs2b0t] listener error not impl: reader.selfChat
[script livejleo1e_0] [rs2b0t] listener error not impl: reader.selfChat
[rs2b0t] listener error Error: not impl: reader.selfChat
    at notImpl (file:///rs2b0t/bot/shim/_kernel.js:5:5)
    at Object.get (file:///rs2b0t/bot/shim/_kernel.js:17:19)
    at DuelArena.observeFightState (file:///rs2b0t/bot/scripts/bot/bot.js:288:70)
    at file:///rs2b0t/bot/scripts/bot/bot.js:93:63
    at globalThis.__rs2b0t_fire_tick_listeners (file:///rs2b0t/bot/runtime/BotHost.js:14:13)
    at globalThis.__rs2b0t_pump (file:///rs2b0t/bot/api/execution/Execution.js:107:37)
[script livejleo1e_0] [rs2b0t] listener error not impl: reader.selfChat
[host] slot livejleo1e_0: d_loop_us=1052 d_raster_us=0 d_observe_us=58787 max_observe_us=8243 d_paints=0 d_skips=50 d_ticks=2 window_ms=1175
[rs2b0t] listener error Error: not impl: reader.selfChat
    at notImpl (file:///rs2b0t/bot/shim/_kernel.js:5:5)
    at Object.get (file:///rs2b0t/bot/shim/_kernel.js:17:19)
    at DuelArena.observeFightState (file:///rs2b0t/bot/scripts/bot/bot.js:288:70)
    at file:///rs2b0t/bot/scripts/bot/bot.js:93:63
    at globalThis.__rs2b0t_fire_tick_listeners (file:///rs2b0t/bot/runtime/BotHost.js:14:13)
    at globalThis.__rs2b0t_tick_async (file:///rs2b0t/bot/scripts/bot/main.js:15:37)
    at globalThis.__rs_tick (file:///rs2b0t/bot/scripts/bot/main.js:8:16)
[script livejleo1e_1] [rs2b0t] listener error not impl: reader.selfChat
[host] slot livejleo1e_1: d_loop_us=955 d_raster_us=0 d_observe_us=48844 max_observe_us=10234 d_paints=0 d_skips=50 d_ticks=2 window_ms=1187
[rs2b0t] listener error Error: not impl: reader.selfChat
    at notImpl (file:///rs2b0t/bot/shim/_kernel.js:5:5)
    at Object.get (file:///rs2b0t/bot/shim/_kernel.js:17:19)
    at DuelArena.observeFightState (file:///rs2b0t/bot/scripts/bot/bot.js:288:70)
    at file:///rs2b0t/bot/scripts/bot/bot.js:93:63
    at globalThis.__rs2b0t_fire_tick_listeners (file:///rs2b0t/bot/runtime/BotHost.js:14:13)
    at globalThis.__rs2b0t_tick_async (file:///rs2b0t/bot/scripts/bot/main.js:15:37)
    at globalThis.__rs_tick (file:///rs2b0t/bot/scripts/bot/main.js:8:16)
[rs2b0t] listener error Error: not impl: reader.selfChat
    at notImpl (file:///rs2b0t/bot/shim/_kernel.js:5:5)
    at Object.get (file:///rs2b0t/bot/shim/_kernel.js:17:19)
    at DuelArena.observeFightState (file:///rs2b0t/bot/scripts/bot/bot.js:288:70)
    at file:///rs2b0t/bot/scripts/bot/bot.js:93:63
    at globalThis.__rs2b0t_fire_tick_listeners (file:///rs2b0t/bot/runtime/BotHost.js:14:13)
    at globalThis.__rs2b0t_pump (file:///rs2b0t/bot/api/execution/Execution.js:107:37)
[script livejleo1e_0] [rs2b0t] listener error not impl: reader.selfChat
[script livejleo1e_1] [rs2b0t] listener error not impl: reader.selfChat
[host] slot livejleo1e_0: d_loop_us=935 d_raster_us=0 d_observe_us=63955 max_observe_us=8725 d_paints=0 d_skips=50 d_ticks=2 window_ms=1183
[rs2b0t] listener error Error: not impl: reader.selfChat
    at notImpl (file:///rs2b0t/bot/shim/_kernel.js:5:5)
    at Object.get (file:///rs2b0t/bot/shim/_kernel.js:17:19)
    at DuelArena.observeFightState (file:///rs2b0t/bot/scripts/bot/bot.js:288:70)
    at file:///rs2b0t/bot/scripts/bot/bot.js:93:63
    at globalThis.__rs2b0t_fire_tick_listeners (file:///rs2b0t/bot/runtime/BotHost.js:14:13)
    at globalThis.__rs2b0t_pump (file:///rs2b0t/bot/api/execution/Execution.js:107:37)
[rs2b0t] listener error Error: not impl: reader.selfChat
    at notImpl (file:///rs2b0t/bot/shim/_kernel.js:5:5)
    at Object.get (file:///rs2b0t/bot/shim/_kernel.js:17:19)
    at DuelArena.observeFightState (file:///rs2b0t/bot/scripts/bot/bot.js:288:70)
    at file:///rs2b0t/bot/scripts/bot/bot.js:93:63
    at globalThis.__rs2b0t_fire_tick_listeners (file:///rs2b0t/bot/runtime/BotHost.js:14:13)
    at globalThis.__rs2b0t_tick_async (file:///rs2b0t/bot/scripts/bot/main.js:15:37)
    at globalThis.__rs_tick (file:///rs2b0t/bot/scripts/bot/main.js:8:16)
[script livejleo1e_0] [rs2b0t] listener error not impl: reader.selfChat
[script livejleo1e_1] [rs2b0t] listener error not impl: reader.selfChat
[host] slot livejleo1e_1: d_loop_us=782 d_raster_us=0 d_observe_us=56157 max_observe_us=8996 d_paints=0 d_skips=50 d_ticks=2 window_ms=1196
[rs2b0t] listener error Error: not impl: reader.selfChat
    at notImpl (file:///rs2b0t/bot/shim/_kernel.js:5:5)
    at Object.get (file:///rs2b0t/bot/shim/_kernel.js:17:19)
    at DuelArena.observeFightState (file:///rs2b0t/bot/scripts/bot/bot.js:288:70)
    at file:///rs2b0t/bot/scripts/bot/bot.js:93:63
    at globalThis.__rs2b0t_fire_tick_listeners (file:///rs2b0t/bot/runtime/BotHost.js:14:13)
    at globalThis.__rs2b0t_pump (file:///rs2b0t/bot/api/execution/Execution.js:107:37)
[rs2b0t] listener error Error: not impl: reader.selfChat
    at notImpl (file:///rs2b0t/bot/shim/_kernel.js:5:5)
    at Object.get (file:///rs2b0t/bot/shim/_kernel.js:17:19)
    at DuelArena.observeFightState (file:///rs2b0t/bot/scripts/bot/bot.js:288:70)
    at file:///rs2b0t/bot/scripts/bot/bot.js:93:63
    at globalThis.__rs2b0t_fire_tick_listeners (file:///rs2b0t/bot/runtime/BotHost.js:14:13)
    at globalThis.__rs2b0t_tick_async (file:///rs2b0t/bot/scripts/bot/main.js:15:37)
    at globalThis.__rs_tick (file:///rs2b0t/bot/scripts/bot/main.js:8:16)
[script livejleo1e_1] [rs2b0t] listener error not impl: reader.selfChat
[script livejleo1e_0] [rs2b0t] listener error not impl: reader.selfChat
[host] slot livejleo1e_0: d_loop_us=1175 d_raster_us=0 d_observe_us=68582 max_observe_us=9455 d_paints=0 d_skips=50 d_ticks=1 window_ms=1168
[rs2b0t] listener error Error: not impl: reader.selfChat
    at notImpl (file:///rs2b0t/bot/shim/_kernel.js:5:5)
    at Object.get (file:///rs2b0t/bot/shim/_kernel.js:17:19)
    at DuelArena.observeFightState (file:///rs2b0t/bot/scripts/bot/bot.js:288:70)
    at file:///rs2b0t/bot/scripts/bot/bot.js:93:63
    at globalThis.__rs2b0t_fire_tick_listeners (file:///rs2b0t/bot/runtime/BotHost.js:14:13)
    at globalThis.__rs2b0t_tick_async (file:///rs2b0t/bot/scripts/bot/main.js:15:37)
    at globalThis.__rs_tick (file:///rs2b0t/bot/scripts/bot/main.js:8:16)
[rs2b0t] listener error Error: not impl: reader.selfChat
    at notImpl (file:///rs2b0t/bot/shim/_kernel.js:5:5)
    at Object.get (file:///rs2b0t/bot/shim/_kernel.js:17:19)
    at DuelArena.observeFightState (file:///rs2b0t/bot/scripts/bot/bot.js:288:70)
    at file:///rs2b0t/bot/scripts/bot/bot.js:93:63
    at globalThis.__rs2b0t_fire_tick_listeners (file:///rs2b0t/bot/runtime/BotHost.js:14:13)
    at globalThis.__rs2b0t_pump (file:///rs2b0t/bot/api/execution/Execution.js:107:37)
[script livejleo1e_1] [rs2b0t] listener error not impl: reader.selfChat
[script livejleo1e_0] [rs2b0t] listener error not impl: reader.selfChat
[host] slot livejleo1e_1: d_loop_us=985 d_raster_us=0 d_observe_us=68091 max_observe_us=9968 d_paints=0 d_skips=50 d_ticks=2 window_ms=1192
[rs2b0t] listener error Error: not impl: reader.selfChat
    at notImpl (file:///rs2b0t/bot/shim/_kernel.js:5:5)
    at Object.get (file:///rs2b0t/bot/shim/_kernel.js:17:19)
    at DuelArena.observeFightState (file:///rs2b0t/bot/scripts/bot/bot.js:288:70)
    at file:///rs2b0t/bot/scripts/bot/bot.js:93:63
    at globalThis.__rs2b0t_fire_tick_listeners (file:///rs2b0t/bot/runtime/BotHost.js:14:13)
    at globalThis.__rs2b0t_tick_async (file:///rs2b0t/bot/scripts/bot/main.js:15:37)
    at globalThis.__rs_tick (file:///rs2b0t/bot/scripts/bot/main.js:8:16)
[rs2b0t] listener error Error: not impl: reader.selfChat
    at notImpl (file:///rs2b0t/bot/shim/_kernel.js:5:5)
    at Object.get (file:///rs2b0t/bot/shim/_kernel.js:17:19)
    at DuelArena.observeFightState (file:///rs2b0t/bot/scripts/bot/bot.js:288:70)
    at file:///rs2b0t/bot/scripts/bot/bot.js:93:63
    at globalThis.__rs2b0t_fire_tick_listeners (file:///rs2b0t/bot/runtime/BotHost.js:14:13)
    at globalThis.__rs2b0t_pump (file:///rs2b0t/bot/api/execution/Execution.js:107:37)
[script livejleo1e_0] [rs2b0t] listener error not impl: reader.selfChat
[script livejleo1e_1] [rs2b0t] listener error not impl: reader.selfChat
[host] slot livejleo1e_0: d_loop_us=805 d_raster_us=0 d_observe_us=50045 max_observe_us=7447 d_paints=0 d_skips=50 d_ticks=2 window_ms=1184
[rs2b0t] listener error Error: not impl: reader.selfChat
    at notImpl (file:///rs2b0t/bot/shim/_kernel.js:5:5)
    at Object.get (file:///rs2b0t/bot/shim/_kernel.js:17:19)
    at DuelArena.observeFightState (file:///rs2b0t/bot/scripts/bot/bot.js:288:70)
    at file:///rs2b0t/bot/scripts/bot/bot.js:93:63
    at globalThis.__rs2b0t_fire_tick_listeners (file:///rs2b0t/bot/runtime/BotHost.js:14:13)
    at globalThis.__rs2b0t_pump (file:///rs2b0t/bot/api/execution/Execution.js:107:37)
[rs2b0t] listener error Error: not impl: reader.selfChat
    at notImpl (file:///rs2b0t/bot/shim/_kernel.js:5:5)
    at Object.get (file:///rs2b0t/bot/shim/_kernel.js:17:19)
    at DuelArena.observeFightState (file:///rs2b0t/bot/scripts/bot/bot.js:288:70)
    at file:///rs2b0t/bot/scripts/bot/bot.js:93:63
    at globalThis.__rs2b0t_fire_tick_listeners (file:///rs2b0t/bot/runtime/BotHost.js:14:13)
    at globalThis.__rs2b0t_tick_async (file:///rs2b0t/bot/scripts/bot/main.js:15:37)
    at globalThis.__rs_tick (file:///rs2b0t/bot/scripts/bot/main.js:8:16)
[script livejleo1e_0] [rs2b0t] listener error not impl: reader.selfChat
[script livejleo1e_1] [rs2b0t] listener error not impl: reader.selfChat
[host] slot livejleo1e_1: d_loop_us=879 d_raster_us=0 d_observe_us=54883 max_observe_us=10507 d_paints=0 d_skips=50 d_ticks=2 window_ms=1203
[rs2b0t] listener error Error: not impl: reader.selfChat
    at notImpl (file:///rs2b0t/bot/shim/_kernel.js:5:5)
    at Object.get (file:///rs2b0t/bot/shim/_kernel.js:17:19)
    at DuelArena.observeFightState (file:///rs2b0t/bot/scripts/bot/bot.js:288:70)
    at file:///rs2b0t/bot/scripts/bot/bot.js:93:63
    at globalThis.__rs2b0t_fire_tick_listeners (file:///rs2b0t/bot/runtime/BotHost.js:14:13)
    at globalThis.__rs2b0t_tick_async (file:///rs2b0t/bot/scripts/bot/main.js:15:37)
    at globalThis.__rs_tick (file:///rs2b0t/bot/scripts/bot/main.js:8:16)
[script livejleo1e_0] [rs2b0t] listener error not impl: reader.selfChat
[rs2b0t] listener error Error: not impl: reader.selfChat
    at notImpl (file:///rs2b0t/bot/shim/_kernel.js:5:5)
    at Object.get (file:///rs2b0t/bot/shim/_kernel.js:17:19)
    at DuelArena.observeFightState (file:///rs2b0t/bot/scripts/bot/bot.js:288:70)
    at file:///rs2b0t/bot/scripts/bot/bot.js:93:63
    at globalThis.__rs2b0t_fire_tick_listeners (file:///rs2b0t/bot/runtime/BotHost.js:14:13)
    at globalThis.__rs2b0t_pump (file:///rs2b0t/bot/api/execution/Execution.js:107:37)
[script livejleo1e_1] [rs2b0t] listener error not impl: reader.selfChat
[host] slot livejleo1e_0: d_loop_us=759 d_raster_us=0 d_observe_us=48161 max_observe_us=10825 d_paints=0 d_skips=50 d_ticks=2 window_ms=1193
[rs2b0t] listener error Error: not impl: reader.selfChat
    at notImpl (file:///rs2b0t/bot/shim/_kernel.js:5:5)
    at Object.get (file:///rs2b0t/bot/shim/_kernel.js:17:19)
    at DuelArena.observeFightState (file:///rs2b0t/bot/scripts/bot/bot.js:288:70)
    at file:///rs2b0t/bot/scripts/bot/bot.js:93:63
    at globalThis.__rs2b0t_fire_tick_listeners (file:///rs2b0t/bot/runtime/BotHost.js:14:13)
    at globalThis.__rs2b0t_pump (file:///rs2b0t/bot/api/execution/Execution.js:107:37)
[rs2b0t] listener error Error: not impl: reader.selfChat
    at notImpl (file:///rs2b0t/bot/shim/_kernel.js:5:5)
    at Object.get (file:///rs2b0t/bot/shim/_kernel.js:17:19)
    at DuelArena.observeFightState (file:///rs2b0t/bot/scripts/bot/bot.js:288:70)
    at file:///rs2b0t/bot/scripts/bot/bot.js:93:63
    at globalThis.__rs2b0t_fire_tick_listeners (file:///rs2b0t/bot/runtime/BotHost.js:14:13)
    at globalThis.__rs2b0t_tick_async (file:///rs2b0t/bot/scripts/bot/main.js:15:37)
    at globalThis.__rs_tick (file:///rs2b0t/bot/scripts/bot/main.js:8:16)
[script livejleo1e_0] [rs2b0t] listener error not impl: reader.selfChat
[script livejleo1e_1] [rs2b0t] listener error not impl: reader.selfChat
[host] slot livejleo1e_1: d_loop_us=769 d_raster_us=0 d_observe_us=44325 max_observe_us=7411 d_paints=0 d_skips=50 d_ticks=2 window_ms=1179
[rs2b0t] listener error Error: not impl: reader.selfChat
    at notImpl (file:///rs2b0t/bot/shim/_kernel.js:5:5)
    at Object.get (file:///rs2b0t/bot/shim/_kernel.js:17:19)
    at DuelArena.observeFightState (file:///rs2b0t/bot/scripts/bot/bot.js:288:70)
    at file:///rs2b0t/bot/scripts/bot/bot.js:93:63
    at globalThis.__rs2b0t_fire_tick_listeners (file:///rs2b0t/bot/runtime/BotHost.js:14:13)
    at globalThis.__rs2b0t_tick_async (file:///rs2b0t/bot/scripts/bot/main.js:15:37)
    at globalThis.__rs_tick (file:///rs2b0t/bot/scripts/bot/main.js:8:16)
[rs2b0t] listener error Error: not impl: reader.selfChat
    at notImpl (file:///rs2b0t/bot/shim/_kernel.js:5:5)
    at Object.get (file:///rs2b0t/bot/shim/_kernel.js:17:19)
    at DuelArena.observeFightState (file:///rs2b0t/bot/scripts/bot/bot.js:288:70)
    at file:///rs2b0t/bot/scripts/bot/bot.js:93:63
    at globalThis.__rs2b0t_fire_tick_listeners (file:///rs2b0t/bot/runtime/BotHost.js:14:13)
    at globalThis.__rs2b0t_pump (file:///rs2b0t/bot/api/execution/Execution.js:107:37)
[script livejleo1e_0] [rs2b0t] listener error not impl: reader.selfChat
[script livejleo1e_1] [rs2b0t] listener error not impl: reader.selfChat
[host] slot livejleo1e_0: d_loop_us=867 d_raster_us=0 d_observe_us=55736 max_observe_us=8218 d_paints=0 d_skips=50 d_ticks=2 window_ms=1196
[rs2b0t] listener error Error: not impl: reader.selfChat
    at notImpl (file:///rs2b0t/bot/shim/_kernel.js:5:5)
    at Object.get (file:///rs2b0t/bot/shim/_kernel.js:17:19)
    at DuelArena.observeFightState (file:///rs2b0t/bot/scripts/bot/bot.js:288:70)
    at file:///rs2b0t/bot/scripts/bot/bot.js:93:63
    at globalThis.__rs2b0t_fire_tick_listeners (file:///rs2b0t/bot/runtime/BotHost.js:14:13)
    at globalThis.__rs2b0t_pump (file:///rs2b0t/bot/api/execution/Execution.js:107:37)
[script livejleo1e_0] [rs2b0t] listener error not impl: reader.selfChat
[rs2b0t] listener error Error: not impl: reader.selfChat
    at notImpl (file:///rs2b0t/bot/shim/_kernel.js:5:5)
    at Object.get (file:///rs2b0t/bot/shim/_kernel.js:17:19)
    at DuelArena.observeFightState (file:///rs2b0t/bot/scripts/bot/bot.js:288:70)
    at file:///rs2b0t/bot/scripts/bot/bot.js:93:63
    at globalThis.__rs2b0t_fire_tick_listeners (file:///rs2b0t/bot/runtime/BotHost.js:14:13)
    at globalThis.__rs2b0t_tick_async (file:///rs2b0t/bot/scripts/bot/main.js:15:37)
    at globalThis.__rs_tick (file:///rs2b0t/bot/scripts/bot/main.js:8:16)
[script livejleo1e_1] [rs2b0t] listener error not impl: reader.selfChat
[host] slot livejleo1e_1: d_loop_us=814 d_raster_us=0 d_observe_us=66881 max_observe_us=8952 d_paints=0 d_skips=50 d_ticks=2 window_ms=1196
[rs2b0t] listener error Error: not impl: reader.selfChat
    at notImpl (file:///rs2b0t/bot/shim/_kernel.js:5:5)
    at Object.get (file:///rs2b0t/bot/shim/_kernel.js:17:19)
    at DuelArena.observeFightState (file:///rs2b0t/bot/scripts/bot/bot.js:288:70)
    at file:///rs2b0t/bot/scripts/bot/bot.js:93:63
    at globalThis.__rs2b0t_fire_tick_listeners (file:///rs2b0t/bot/runtime/BotHost.js:14:13)
    at globalThis.__rs2b0t_pump (file:///rs2b0t/bot/api/execution/Execution.js:107:37)
[rs2b0t] listener error Error: not impl: reader.selfChat
    at notImpl (file:///rs2b0t/bot/shim/_kernel.js:5:5)
    at Object.get (file:///rs2b0t/bot/shim/_kernel.js:17:19)
    at DuelArena.observeFightState (file:///rs2b0t/bot/scripts/bot/bot.js:288:70)
    at file:///rs2b0t/bot/scripts/bot/bot.js:93:63
    at globalThis.__rs2b0t_fire_tick_listeners (file:///rs2b0t/bot/runtime/BotHost.js:14:13)
    at globalThis.__rs2b0t_tick_async (file:///rs2b0t/bot/scripts/bot/main.js:15:37)
    at globalThis.__rs_tick (file:///rs2b0t/bot/scripts/bot/main.js:8:16)
[script livejleo1e_1] [rs2b0t] listener error not impl: reader.selfChat
[script livejleo1e_0] [rs2b0t] listener error not impl: reader.selfChat
[host] slot livejleo1e_0: d_loop_us=898 d_raster_us=0 d_observe_us=58943 max_observe_us=13171 d_paints=0 d_skips=50 d_ticks=2 window_ms=1195
[rs2b0t] listener error Error: not impl: reader.selfChat
    at notImpl (file:///rs2b0t/bot/shim/_kernel.js:5:5)
    at Object.get (file:///rs2b0t/bot/shim/_kernel.js:17:19)
    at DuelArena.observeFightState (file:///rs2b0t/bot/scripts/bot/bot.js:288:70)
    at file:///rs2b0t/bot/scripts/bot/bot.js:93:63
    at globalThis.__rs2b0t_fire_tick_listeners (file:///rs2b0t/bot/runtime/BotHost.js:14:13)
    at globalThis.__rs2b0t_pump (file:///rs2b0t/bot/api/execution/Execution.js:107:37)
[rs2b0t] listener error Error: not impl: reader.selfChat
    at notImpl (file:///rs2b0t/bot/shim/_kernel.js:5:5)
    at Object.get (file:///rs2b0t/bot/shim/_kernel.js:17:19)
    at DuelArena.observeFightState (file:///rs2b0t/bot/scripts/bot/bot.js:288:70)
    at file:///rs2b0t/bot/scripts/bot/bot.js:93:63
    at globalThis.__rs2b0t_fire_tick_listeners (file:///rs2b0t/bot/runtime/BotHost.js:14:13)
    at globalThis.__rs2b0t_tick_async (file:///rs2b0t/bot/scripts/bot/main.js:15:37)
    at globalThis.__rs_tick (file:///rs2b0t/bot/scripts/bot/main.js:8:16)
[script livejleo1e_0] [rs2b0t] listener error not impl: reader.selfChat
[script livejleo1e_1] [rs2b0t] listener error not impl: reader.selfChat
[host] slot livejleo1e_1: d_loop_us=944 d_raster_us=0 d_observe_us=57683 max_observe_us=10715 d_paints=0 d_skips=50 d_ticks=2 window_ms=1185
[rs2b0t] listener error Error: not impl: reader.selfChat
    at notImpl (file:///rs2b0t/bot/shim/_kernel.js:5:5)
    at Object.get (file:///rs2b0t/bot/shim/_kernel.js:17:19)
    at DuelArena.observeFightState (file:///rs2b0t/bot/scripts/bot/bot.js:288:70)
    at file:///rs2b0t/bot/scripts/bot/bot.js:93:63
    at globalThis.__rs2b0t_fire_tick_listeners (file:///rs2b0t/bot/runtime/BotHost.js:14:13)
    at globalThis.__rs2b0t_tick_async (file:///rs2b0t/bot/scripts/bot/main.js:15:37)
    at globalThis.__rs_tick (file:///rs2b0t/bot/scripts/bot/main.js:8:16)
[rs2b0t] listener error Error: not impl: reader.selfChat
    at notImpl (file:///rs2b0t/bot/shim/_kernel.js:5:5)
    at Object.get (file:///rs2b0t/bot/shim/_kernel.js:17:19)
    at DuelArena.observeFightState (file:///rs2b0t/bot/scripts/bot/bot.js:288:70)
    at file:///rs2b0t/bot/scripts/bot/bot.js:93:63
    at globalThis.__rs2b0t_fire_tick_listeners (file:///rs2b0t/bot/runtime/BotHost.js:14:13)
    at globalThis.__rs2b0t_pump (file:///rs2b0t/bot/api/execution/Execution.js:107:37)
[script livejleo1e_0] [rs2b0t] listener error not impl: reader.selfChat
[script livejleo1e_1] [rs2b0t] listener error not impl: reader.selfChat
[host] slot livejleo1e_0: d_loop_us=1203 d_raster_us=0 d_observe_us=62164 max_observe_us=11692 d_paints=0 d_skips=50 d_ticks=2 window_ms=1187
[rs2b0t] listener error Error: not impl: reader.selfChat
    at notImpl (file:///rs2b0t/bot/shim/_kernel.js:5:5)
    at Object.get (file:///rs2b0t/bot/shim/_kernel.js:17:19)
    at DuelArena.observeFightState (file:///rs2b0t/bot/scripts/bot/bot.js:288:70)
    at file:///rs2b0t/bot/scripts/bot/bot.js:93:63
    at globalThis.__rs2b0t_fire_tick_listeners (file:///rs2b0t/bot/runtime/BotHost.js:14:13)
    at globalThis.__rs2b0t_pump (file:///rs2b0t/bot/api/execution/Execution.js:107:37)
[rs2b0t] listener error Error: not impl: reader.selfChat
    at notImpl (file:///rs2b0t/bot/shim/_kernel.js:5:5)
    at Object.get (file:///rs2b0t/bot/shim/_kernel.js:17:19)
    at DuelArena.observeFightState (file:///rs2b0t/bot/scripts/bot/bot.js:288:70)
    at file:///rs2b0t/bot/scripts/bot/bot.js:93:63
    at globalThis.__rs2b0t_fire_tick_listeners (file:///rs2b0t/bot/runtime/BotHost.js:14:13)
    at globalThis.__rs2b0t_tick_async (file:///rs2b0t/bot/scripts/bot/main.js:15:37)
    at globalThis.__rs_tick (file:///rs2b0t/bot/scripts/bot/main.js:8:16)
[script livejleo1e_0] [rs2b0t] listener error not impl: reader.selfChat
[script livejleo1e_1] [rs2b0t] listener error not impl: reader.selfChat
[host] slot livejleo1e_1: d_loop_us=846 d_raster_us=0 d_observe_us=57633 max_observe_us=10397 d_paints=0 d_skips=50 d_ticks=2 window_ms=1184
[rs2b0t] listener error Error: not impl: reader.selfChat
    at notImpl (file:///rs2b0t/bot/shim/_kernel.js:5:5)
    at Object.get (file:///rs2b0t/bot/shim/_kernel.js:17:19)
    at DuelArena.observeFightState (file:///rs2b0t/bot/scripts/bot/bot.js:288:70)
    at file:///rs2b0t/bot/scripts/bot/bot.js:93:63
    at globalThis.__rs2b0t_fire_tick_listeners (file:///rs2b0t/bot/runtime/BotHost.js:14:13)
    at globalThis.__rs2b0t_pump (file:///rs2b0t/bot/api/execution/Execution.js:107:37)
[rs2b0t] listener error Error: not impl: reader.selfChat
    at notImpl (file:///rs2b0t/bot/shim/_kernel.js:5:5)
    at Object.get (file:///rs2b0t/bot/shim/_kernel.js:17:19)
    at DuelArena.observeFightState (file:///rs2b0t/bot/scripts/bot/bot.js:288:70)
    at file:///rs2b0t/bot/scripts/bot/bot.js:93:63
    at globalThis.__rs2b0t_fire_tick_listeners (file:///rs2b0t/bot/runtime/BotHost.js:14:13)
    at globalThis.__rs2b0t_tick_async (file:///rs2b0t/bot/scripts/bot/main.js:15:37)
    at globalThis.__rs_tick (file:///rs2b0t/bot/scripts/bot/main.js:8:16)
[script livejleo1e_1] [rs2b0t] listener error not impl: reader.selfChat
[script livejleo1e_0] [rs2b0t] listener error not impl: reader.selfChat
[host] slot livejleo1e_0: d_loop_us=925 d_raster_us=0 d_observe_us=60052 max_observe_us=10403 d_paints=0 d_skips=50 d_ticks=2 window_ms=1195
[rs2b0t] listener error Error: not impl: reader.selfChat
    at notImpl (file:///rs2b0t/bot/shim/_kernel.js:5:5)
    at Object.get (file:///rs2b0t/bot/shim/_kernel.js:17:19)
    at DuelArena.observeFightState (file:///rs2b0t/bot/scripts/bot/bot.js:288:70)
    at file:///rs2b0t/bot/scripts/bot/bot.js:93:63
    at globalThis.__rs2b0t_fire_tick_listeners (file:///rs2b0t/bot/runtime/BotHost.js:14:13)
    at globalThis.__rs2b0t_tick_async (file:///rs2b0t/bot/scripts/bot/main.js:15:37)
    at globalThis.__rs_tick (file:///rs2b0t/bot/scripts/bot/main.js:8:16)
[rs2b0t] listener error Error: not impl: reader.selfChat
    at notImpl (file:///rs2b0t/bot/shim/_kernel.js:5:5)
    at Object.get (file:///rs2b0t/bot/shim/_kernel.js:17:19)
    at DuelArena.observeFightState (file:///rs2b0t/bot/scripts/bot/bot.js:288:70)
    at file:///rs2b0t/bot/scripts/bot/bot.js:93:63
    at globalThis.__rs2b0t_fire_tick_listeners (file:///rs2b0t/bot/runtime/BotHost.js:14:13)
    at globalThis.__rs2b0t_pump (file:///rs2b0t/bot/api/execution/Execution.js:107:37)
[script livejleo1e_1] [rs2b0t] listener error not impl: reader.selfChat
[script livejleo1e_0] [rs2b0t] listener error not impl: reader.selfChat
[host] slot livejleo1e_1: d_loop_us=926 d_raster_us=0 d_observe_us=62216 max_observe_us=11847 d_paints=0 d_skips=50 d_ticks=2 window_ms=1191
[rs2b0t] listener error Error: not impl: reader.selfChat
    at notImpl (file:///rs2b0t/bot/shim/_kernel.js:5:5)
    at Object.get (file:///rs2b0t/bot/shim/_kernel.js:17:19)
    at DuelArena.observeFightState (file:///rs2b0t/bot/scripts/bot/bot.js:288:70)
    at file:///rs2b0t/bot/scripts/bot/bot.js:93:63
    at globalThis.__rs2b0t_fire_tick_listeners (file:///rs2b0t/bot/runtime/BotHost.js:14:13)
    at globalThis.__rs2b0t_pump (file:///rs2b0t/bot/api/execution/Execution.js:107:37)
[rs2b0t] listener error Error: not impl: reader.selfChat
    at notImpl (file:///rs2b0t/bot/shim/_kernel.js:5:5)
    at Object.get (file:///rs2b0t/bot/shim/_kernel.js:17:19)
    at DuelArena.observeFightState (file:///rs2b0t/bot/scripts/bot/bot.js:288:70)
    at file:///rs2b0t/bot/scripts/bot/bot.js:93:63
    at globalThis.__rs2b0t_fire_tick_listeners (file:///rs2b0t/bot/runtime/BotHost.js:14:13)
    at globalThis.__rs2b0t_tick_async (file:///rs2b0t/bot/scripts/bot/main.js:15:37)
    at globalThis.__rs_tick (file:///rs2b0t/bot/scripts/bot/main.js:8:16)
[script livejleo1e_1] [rs2b0t] listener error not impl: reader.selfChat
[script livejleo1e_0] [rs2b0t] listener error not impl: reader.selfChat
[host] slot livejleo1e_0: d_loop_us=871 d_raster_us=0 d_observe_us=59909 max_observe_us=9670 d_paints=0 d_skips=50 d_ticks=2 window_ms=1188
[rs2b0t] listener error Error: not impl: reader.selfChat
    at notImpl (file:///rs2b0t/bot/shim/_kernel.js:5:5)
    at Object.get (file:///rs2b0t/bot/shim/_kernel.js:17:19)
    at DuelArena.observeFightState (file:///rs2b0t/bot/scripts/bot/bot.js:288:70)
    at file:///rs2b0t/bot/scripts/bot/bot.js:93:63
    at globalThis.__rs2b0t_fire_tick_listeners (file:///rs2b0t/bot/runtime/BotHost.js:14:13)
    at globalThis.__rs2b0t_pump (file:///rs2b0t/bot/api/execution/Execution.js:107:37)
[script livejleo1e_0] [rs2b0t] listener error not impl: reader.selfChat
[rs2b0t] listener error Error: not impl: reader.selfChat
    at notImpl (file:///rs2b0t/bot/shim/_kernel.js:5:5)
    at Object.get (file:///rs2b0t/bot/shim/_kernel.js:17:19)
    at DuelArena.observeFightState (file:///rs2b0t/bot/scripts/bot/bot.js:288:70)
    at file:///rs2b0t/bot/scripts/bot/bot.js:93:63
    at globalThis.__rs2b0t_fire_tick_listeners (file:///rs2b0t/bot/runtime/BotHost.js:14:13)
    at globalThis.__rs2b0t_tick_async (file:///rs2b0t/bot/scripts/bot/main.js:15:37)
    at globalThis.__rs_tick (file:///rs2b0t/bot/scripts/bot/main.js:8:16)
[script livejleo1e_1] [rs2b0t] listener error not impl: reader.selfChat
[host] slot livejleo1e_1: d_loop_us=939 d_raster_us=0 d_observe_us=59407 max_observe_us=8825 d_paints=0 d_skips=50 d_ticks=2 window_ms=1182
[rs2b0t] listener error Error: not impl: reader.selfChat
    at notImpl (file:///rs2b0t/bot/shim/_kernel.js:5:5)
    at Object.get (file:///rs2b0t/bot/shim/_kernel.js:17:19)
    at DuelArena.observeFightState (file:///rs2b0t/bot/scripts/bot/bot.js:288:70)
    at file:///rs2b0t/bot/scripts/bot/bot.js:93:63
    at globalThis.__rs2b0t_fire_tick_listeners (file:///rs2b0t/bot/runtime/BotHost.js:14:13)
    at globalThis.__rs2b0t_pump (file:///rs2b0t/bot/api/execution/Execution.js:107:37)
[rs2b0t] listener error Error: not impl: reader.selfChat
    at notImpl (file:///rs2b0t/bot/shim/_kernel.js:5:5)
    at Object.get (file:///rs2b0t/bot/shim/_kernel.js:17:19)
    at DuelArena.observeFightState (file:///rs2b0t/bot/scripts/bot/bot.js:288:70)
    at file:///rs2b0t/bot/scripts/bot/bot.js:93:63
    at globalThis.__rs2b0t_fire_tick_listeners (file:///rs2b0t/bot/runtime/BotHost.js:14:13)
    at globalThis.__rs2b0t_tick_async (file:///rs2b0t/bot/scripts/bot/main.js:15:37)
    at globalThis.__rs_tick (file:///rs2b0t/bot/scripts/bot/main.js:8:16)
[script livejleo1e_1] [rs2b0t] listener error not impl: reader.selfChat
[script livejleo1e_0] [rs2b0t] listener error not impl: reader.selfChat
[host] slot livejleo1e_0: d_loop_us=823 d_raster_us=0 d_observe_us=55334 max_observe_us=9906 d_paints=0 d_skips=50 d_ticks=2 window_ms=1190
[rs2b0t] listener error Error: not impl: reader.selfChat
    at notImpl (file:///rs2b0t/bot/shim/_kernel.js:5:5)
    at Object.get (file:///rs2b0t/bot/shim/_kernel.js:17:19)
    at DuelArena.observeFightState (file:///rs2b0t/bot/scripts/bot/bot.js:288:70)
    at file:///rs2b0t/bot/scripts/bot/bot.js:93:63
    at globalThis.__rs2b0t_fire_tick_listeners (file:///rs2b0t/bot/runtime/BotHost.js:14:13)
    at globalThis.__rs2b0t_pump (file:///rs2b0t/bot/api/execution/Execution.js:107:37)
[rs2b0t] listener error Error: not impl: reader.selfChat
    at notImpl (file:///rs2b0t/bot/shim/_kernel.js:5:5)
    at Object.get (file:///rs2b0t/bot/shim/_kernel.js:17:19)
    at DuelArena.observeFightState (file:///rs2b0t/bot/scripts/bot/bot.js:288:70)
    at file:///rs2b0t/bot/scripts/bot/bot.js:93:63
    at globalThis.__rs2b0t_fire_tick_listeners (file:///rs2b0t/bot/runtime/BotHost.js:14:13)
    at globalThis.__rs2b0t_tick_async (file:///rs2b0t/bot/scripts/bot/main.js:15:37)
    at globalThis.__rs_tick (file:///rs2b0t/bot/scripts/bot/main.js:8:16)
[script livejleo1e_0] [rs2b0t] listener error not impl: reader.selfChat
[script livejleo1e_1] [rs2b0t] listener error not impl: reader.selfChat
[host] slot livejleo1e_1: d_loop_us=978 d_raster_us=0 d_observe_us=58434 max_observe_us=10422 d_paints=0 d_skips=50 d_ticks=2 window_ms=1190
[rs2b0t] listener error Error: not impl: reader.selfChat
    at notImpl (file:///rs2b0t/bot/shim/_kernel.js:5:5)
    at Object.get (file:///rs2b0t/bot/shim/_kernel.js:17:19)
    at DuelArena.observeFightState (file:///rs2b0t/bot/scripts/bot/bot.js:288:70)
    at file:///rs2b0t/bot/scripts/bot/bot.js:93:63
    at globalThis.__rs2b0t_fire_tick_listeners (file:///rs2b0t/bot/runtime/BotHost.js:14:13)
    at globalThis.__rs2b0t_pump (file:///rs2b0t/bot/api/execution/Execution.js:107:37)
[rs2b0t] listener error Error: not impl: reader.selfChat
    at notImpl (file:///rs2b0t/bot/shim/_kernel.js:5:5)
    at Object.get (file:///rs2b0t/bot/shim/_kernel.js:17:19)
    at DuelArena.observeFightState (file:///rs2b0t/bot/scripts/bot/bot.js:288:70)
    at file:///rs2b0t/bot/scripts/bot/bot.js:93:63
    at globalThis.__rs2b0t_fire_tick_listeners (file:///rs2b0t/bot/runtime/BotHost.js:14:13)
    at globalThis.__rs2b0t_tick_async (file:///rs2b0t/bot/scripts/bot/main.js:15:37)
    at globalThis.__rs_tick (file:///rs2b0t/bot/scripts/bot/main.js:8:16)
[script livejleo1e_1] [rs2b0t] listener error not impl: reader.selfChat
[script livejleo1e_0] [rs2b0t] listener error not impl: reader.selfChat
{"phase":"witness","air_a":null,"air_b":null,"duel_a":{"account":"livejleo1e_0","expected_player":"Livejleo1e 0","partner":"Livejleo1e 1","settings":{"targetAttack":99.0,"targetStrength":99.0,"targetDefence":1.0},"baseline":{"ingame":true,"scene_state":2,"inventory_tab_available":true,"player":"Livejleo1e 0","tile":[3368,3274,0],"tick":10,"attack_xp":0,"strength_xp":0,"defence_xp":0,"hitpoints_xp":1154,"in_combat":false,"in_challenge_area":true,"in_fight_pen":false,"main_modal":-1,"duel_offer_open":false,"duel_confirm_open":false,"duel_win_open":false,"duel_partner":null,"waiting_for_other":false,"weapon_equipped":true,"peer_visible":true},"latest":{"ingame":true,"scene_state":2,"inventory_tab_available":true,"player":"Livejleo1e 0","tile":[3348,3248,0],"tick":312,"attack_xp":0,"strength_xp":0,"defence_xp":0,"hitpoints_xp":1154,"in_combat":false,"in_challenge_area":false,"in_fight_pen":true,"main_modal":-1,"duel_offer_open":false,"duel_confirm_open":false,"duel_win_open":false,"duel_partner":null,"waiting_for_other":false,"weapon_equipped":true,"peer_visible":true},"post_start":7548,"mixed_identity":false,"saw_offer":true,"saw_confirm":true,"saw_wrong_partner":false,"saw_pen":true,"saw_combat":false,"saw_win_or_lobby_return":false,"melee_xp_from_script":0,"further_combat":false},"duel_b":{"account":"livejleo1e_1","expected_player":"Livejleo1e 1","partner":"Livejleo1e 0","settings":{"targetAttack":99.0,"targetStrength":99.0,"targetDefence":1.0},"baseline":{"ingame":true,"scene_state":2,"inventory_tab_available":true,"player":"Livejleo1e 1","tile":[3368,3274,0],"tick":11,"attack_xp":0,"strength_xp":0,"defence_xp":0,"hitpoints_xp":1154,"in_combat":false,"in_challenge_area":true,"in_fight_pen":false,"main_modal":-1,"duel_offer_open":false,"duel_confirm_open":false,"duel_win_open":false,"duel_partner":null,"waiting_for_other":false,"weapon_equipped":true,"peer_visible":true},"latest":{"ingame":true,"scene_state":2,"inventory_tab_available":true,"player":"Livejleo1e 1","tile":[3348,3256,0],"tick":312,"attack_xp":0,"strength_xp":0,"defence_xp":0,"hitpoints_xp":1154,"in_combat":false,"in_challenge_area":false,"in_fight_pen":true,"main_modal":-1,"duel_offer_open":false,"duel_confirm_open":false,"duel_win_open":false,"duel_partner":null,"waiting_for_other":false,"weapon_equipped":true,"peer_visible":true},"post_start":7543,"mixed_identity":false,"saw_offer":true,"saw_confirm":true,"saw_wrong_partner":false,"saw_pen":true,"saw_combat":false,"saw_win_or_lobby_return":false,"melee_xp_from_script":0,"further_combat":false}}
FAIL: paired_catalog_duel_live: no real duel combat: in-combat was never observed inside a pen
