
running 1 test
{"phase":"identity","revision":274,"profile":"local-274 · 127.0.0.1:43594 · revision 274","cache_id":"4aac9b63312dcb75d5de8f686772d083ba0808c57985438246edf21ef522be1c","nav_pack":"/Users/acfrazier/experiments/274bot/.worktrees/rs2b0t-multirevision/.superpowers/world-capabilities/274/274bot.navpack","nav_sha256":"05db24743e9f549ced16c1f00b87c30a390d3aaec391815da3f3563130b3bcd4","catalog_commit":"8e7d965be2071d6ec65c3265e12af797082d720a","catalog_identity":"289-updated frozen catalog","catalog_read_only_path":".superpowers/inputs/rs2b0t-8e7d965be2071d6ec65c3265e12af797082d720a","catalog_root":"/Users/acfrazier/experiments/274bot/.worktrees/rs2b0t-multirevision/.superpowers/inputs/rs2b0t-8e7d965be2071d6ec65c3265e12af797082d720a","registry_path":"/Users/acfrazier/experiments/274bot/.worktrees/rs2b0t-multirevision/.superpowers/inputs/rs2b0t-8e7d965be2071d6ec65c3265e12af797082d720a/src/bot/scripts/index.ts","registry_sha256":"b614aedb3d5adfdfbac3760f082273f3cf5c33fffe4ced0f2b01490ae02d1bc2","card":{"card":"PotionMaker","source_path":"/Users/acfrazier/experiments/274bot/.worktrees/rs2b0t-multirevision/.superpowers/inputs/rs2b0t-8e7d965be2071d6ec65c3265e12af797082d720a/src/bot/scripts/PotionMaker/PotionMaker.ts","source_sha256":"36704aa9951b18bcb27c16d5740577937757847209daa504b0df5ecd9e758beb","compiled_sha256":"7373464469d13fd33abf4aba136425d2b788c9623379ed83c00537b1edc034d7","siblings":[{"module":"/rs2b0t/bot/scripts/bot/PotionMakerLogic.js","compiled_sha256":"cbd2edc1ce4e4419db9e94ee5fadb5fee51eb2efbd7a4dedc8c5d47761f490c1"}],"settings":{"herbCustom":"Guam leaf","secondaryCustom":"Eye of newt","herb":"Ranarr weed","secondary":"Snape grass"}},"account":"livefzoju9_0","engine_speed_ms":null}
[host-play] slot livefzoju9_0: thread up
274bot: loaded snapshot (4556 models, 336 anim records)
[host-play] slot livefzoju9_0: handshake begin reconnect=false
[host-play] slot livefzoju9_0: handshake ok
[host-play] slot livefzoju9_0: queued mainland tele+setvar (scene 2)
[host] slot livefzoju9_0: d_loop_us=7992 d_raster_us=0 d_observe_us=36442 max_observe_us=3260 d_paints=0 d_skips=50 d_ticks=5 window_ms=0
[host-play] slot livefzoju9_0: handshake begin reconnect=true
[host-play] slot livefzoju9_0: handshake ok
[host] slot livefzoju9_0: d_loop_us=728 d_raster_us=0 d_observe_us=31093 max_observe_us=2692 d_paints=0 d_skips=50 d_ticks=1 window_ms=0
[host-play] slot livefzoju9_0: queued mainland tele+setvar (scene 2)
[host] slot livefzoju9_0: d_loop_us=17959 d_raster_us=0 d_observe_us=59789 max_observe_us=4969 d_paints=0 d_skips=50 d_ticks=26 window_ms=15548
{"phase":"baseline-after-preparation","scenario":"potion_maker_named","account":"livefzoju9_0","observation":{"ingame":true,"scene_state":2,"player":"Livefzoju9 0","tile":[3185,3440,0],"tick":36,"items":{},"item_ids":{},"bank":{},"bank_ids":{},"bank_open":false,"bank_loaded":false,"bank_generation":2,"levels":{"-unused-":0,"agility":1,"attack":1,"cooking":1,"crafting":1,"defence":1,"firemaking":1,"fishing":1,"fletching":1,"herblore":38,"hitpoints":10,"magic":1,"mining":1,"prayer":1,"ranged":1,"runecraft":1,"slayer":1,"smithing":1,"strength":1,"thieving":1,"woodcutting":1},"xp":{"-unused-":0,"agility":0,"attack":0,"cooking":0,"crafting":0,"defence":0,"firemaking":0,"fishing":0,"fletching":0,"herblore":30408,"hitpoints":1154,"magic":0,"mining":0,"prayer":0,"ranged":0,"runecraft":0,"slayer":0,"smithing":0,"strength":0,"thieving":0,"woodcutting":0},"chat":[[8,"Inventory wiped."],[7,"set tutorial: to 1000"],[6,"Welcome to RuneScape."]],"loc_facts":[{"id":1533,"x":3183,"z":3434,"level":0,"name":"Door","open":true}],"equipment_ids":{}}}
[script livefzoju9_0] start load
{"phase":"start","account":"livefzoju9_0","count":1}
[host] hitch livefzoju9_0: observe_us=86650 paints=0 skips=110 ticks=36
[script livefzoju9_0] PotionMaker — Ranarr weed + Snape grass at the nearest bank
[script livefzoju9_0] interact OpenBooth { x: 3186, z: 3440, level: 0, id: 2213, name: None, action: None }
[host] slot livefzoju9_0: d_loop_us=1036 d_raster_us=0 d_observe_us=154891 max_observe_us=86650 d_paints=0 d_skips=50 d_ticks=11 window_ms=7067
[host] slot livefzoju9_0: d_loop_us=867 d_raster_us=0 d_observe_us=53685 max_observe_us=10504 d_paints=0 d_skips=50 d_ticks=2 window_ms=1316
[script livefzoju9_0] interact Close
[shim-close] sent
[host] slot livefzoju9_0: d_loop_us=802 d_raster_us=0 d_observe_us=67611 max_observe_us=12201 d_paints=0 d_skips=50 d_ticks=3 window_ms=1305
[script livefzoju9_0] withdrew 14 vials of water + 14 Ranarr weed
[script livefzoju9_0] interact UseOn { name: "Ranarr weed", kind: "inv", target_name: Some("Vial of water"), x: 0, z: 0, level: 0, index: None, source_item_id: Some(257), source_item_slot: Some(27), target_item_id: Some(227), target_item_slot: Some(13) }
[script livefzoju9_0] interact UseOn { name: "Ranarr weed", kind: "inv", target_name: Some("Vial of water"), x: 0, z: 0, level: 0, index: None, source_item_id: Some(257), source_item_slot: Some(27), target_item_id: Some(227), target_item_slot: Some(13) }
[script livefzoju9_0] interact UseOn { name: "Ranarr weed", kind: "inv", target_name: Some("Vial of water"), x: 0, z: 0, level: 0, index: None, source_item_id: Some(257), source_item_slot: Some(27), target_item_id: Some(227), target_item_slot: Some(13) }
[script livefzoju9_0] interact UseOn { name: "Ranarr weed", kind: "inv", target_name: Some("Vial of water"), x: 0, z: 0, level: 0, index: None, source_item_id: Some(257), source_item_slot: Some(27), target_item_id: Some(227), target_item_slot: Some(13) }
[script livefzoju9_0] interact UseOn { name: "Ranarr weed", kind: "inv", target_name: Some("Vial of water"), x: 0, z: 0, level: 0, index: None, source_item_id: Some(257), source_item_slot: Some(27), target_item_id: Some(227), target_item_slot: Some(13) }
[script livefzoju9_0] interact UseOn { name: "Ranarr weed", kind: "inv", target_name: Some("Vial of water"), x: 0, z: 0, level: 0, index: None, source_item_id: Some(257), source_item_slot: Some(27), target_item_id: Some(227), target_item_slot: Some(13) }
[script livefzoju9_0] interact UseOn { name: "Ranarr weed", kind: "inv", target_name: Some("Vial of water"), x: 0, z: 0, level: 0, index: None, source_item_id: Some(257), source_item_slot: Some(27), target_item_id: Some(227), target_item_slot: Some(13) }
[script livefzoju9_0] interact UseOn { name: "Ranarr weed", kind: "inv", target_name: Some("Vial of water"), x: 0, z: 0, level: 0, index: None, source_item_id: Some(257), source_item_slot: Some(27), target_item_id: Some(227), target_item_slot: Some(13) }
[script livefzoju9_0] interact UseOn { name: "Ranarr weed", kind: "inv", target_name: Some("Vial of water"), x: 0, z: 0, level: 0, index: None, source_item_id: Some(257), source_item_slot: Some(27), target_item_id: Some(227), target_item_slot: Some(13) }
[script livefzoju9_0] interact UseOn { name: "Ranarr weed", kind: "inv", target_name: Some("Vial of water"), x: 0, z: 0, level: 0, index: None, source_item_id: Some(257), source_item_slot: Some(27), target_item_id: Some(227), target_item_slot: Some(13) }
[script livefzoju9_0] interact UseOn { name: "Ranarr weed", kind: "inv", target_name: Some("Vial of water"), x: 0, z: 0, level: 0, index: None, source_item_id: Some(257), source_item_slot: Some(27), target_item_id: Some(227), target_item_slot: Some(13) }
[script livefzoju9_0] interact UseOn { name: "Ranarr weed", kind: "inv", target_name: Some("Vial of water"), x: 0, z: 0, level: 0, index: None, source_item_id: Some(257), source_item_slot: Some(27), target_item_id: Some(227), target_item_slot: Some(13) }
[script livefzoju9_0] interact UseOn { name: "Ranarr weed", kind: "inv", target_name: Some("Vial of water"), x: 0, z: 0, level: 0, index: None, source_item_id: Some(257), source_item_slot: Some(27), target_item_id: Some(227), target_item_slot: Some(13) }
[script livefzoju9_0] interact UseOn { name: "Ranarr weed", kind: "inv", target_name: Some("Vial of water"), x: 0, z: 0, level: 0, index: None, source_item_id: Some(257), source_item_slot: Some(27), target_item_id: Some(227), target_item_slot: Some(13) }
[script livefzoju9_0] interact UseOn { name: "Ranarr weed", kind: "inv", target_name: Some("Vial of water"), x: 0, z: 0, level: 0, index: None, source_item_id: Some(257), source_item_slot: Some(27), target_item_id: Some(227), target_item_slot: Some(13) }
[script livefzoju9_0] interact UseOn { name: "Ranarr weed", kind: "inv", target_name: Some("Vial of water"), x: 0, z: 0, level: 0, index: None, source_item_id: Some(257), source_item_slot: Some(27), target_item_id: Some(227), target_item_slot: Some(13) }
[script livefzoju9_0] interact UseOn { name: "Ranarr weed", kind: "inv", target_name: Some("Vial of water"), x: 0, z: 0, level: 0, index: None, source_item_id: Some(257), source_item_slot: Some(27), target_item_id: Some(227), target_item_slot: Some(13) }
[script livefzoju9_0] interact UseOn { name: "Ranarr weed", kind: "inv", target_name: Some("Vial of water"), x: 0, z: 0, level: 0, index: None, source_item_id: Some(257), source_item_slot: Some(27), target_item_id: Some(227), target_item_slot: Some(13) }
[script livefzoju9_0] interact UseOn { name: "Ranarr weed", kind: "inv", target_name: Some("Vial of water"), x: 0, z: 0, level: 0, index: None, source_item_id: Some(257), source_item_slot: Some(27), target_item_id: Some(227), target_item_slot: Some(13) }
[script livefzoju9_0] interact UseOn { name: "Ranarr weed", kind: "inv", target_name: Some("Vial of water"), x: 0, z: 0, level: 0, index: None, source_item_id: Some(257), source_item_slot: Some(27), target_item_id: Some(227), target_item_slot: Some(13) }
[script livefzoju9_0] interact UseOn { name: "Ranarr weed", kind: "inv", target_name: Some("Vial of water"), x: 0, z: 0, level: 0, index: None, source_item_id: Some(257), source_item_slot: Some(27), target_item_id: Some(227), target_item_slot: Some(13) }
[script livefzoju9_0] interact UseOn { name: "Ranarr weed", kind: "inv", target_name: Some("Vial of water"), x: 0, z: 0, level: 0, index: None, source_item_id: Some(257), source_item_slot: Some(27), target_item_id: Some(227), target_item_slot: Some(13) }
[script livefzoju9_0] interact UseOn { name: "Ranarr weed", kind: "inv", target_name: Some("Vial of water"), x: 0, z: 0, level: 0, index: None, source_item_id: Some(257), source_item_slot: Some(27), target_item_id: Some(227), target_item_slot: Some(13) }
[script livefzoju9_0] interact UseOn { name: "Ranarr weed", kind: "inv", target_name: Some("Vial of water"), x: 0, z: 0, level: 0, index: None, source_item_id: Some(257), source_item_slot: Some(27), target_item_id: Some(227), target_item_slot: Some(13) }
[script livefzoju9_0] interact UseOn { name: "Ranarr weed", kind: "inv", target_name: Some("Vial of water"), x: 0, z: 0, level: 0, index: None, source_item_id: Some(257), source_item_slot: Some(27), target_item_id: Some(227), target_item_slot: Some(13) }
[script livefzoju9_0] interact UseOn { name: "Ranarr weed", kind: "inv", target_name: Some("Vial of water"), x: 0, z: 0, level: 0, index: None, source_item_id: Some(257), source_item_slot: Some(27), target_item_id: Some(227), target_item_slot: Some(13) }
[script livefzoju9_0] interact UseOn { name: "Ranarr weed", kind: "inv", target_name: Some("Vial of water"), x: 0, z: 0, level: 0, index: None, source_item_id: Some(257), source_item_slot: Some(27), target_item_id: Some(227), target_item_slot: Some(13) }
[script livefzoju9_0] interact UseOn { name: "Ranarr weed", kind: "inv", target_name: Some("Vial of water"), x: 0, z: 0, level: 0, index: None, source_item_id: Some(257), source_item_slot: Some(27), target_item_id: Some(227), target_item_slot: Some(13) }
[script livefzoju9_0] interact UseOn { name: "Ranarr weed", kind: "inv", target_name: Some("Vial of water"), x: 0, z: 0, level: 0, index: None, source_item_id: Some(257), source_item_slot: Some(27), target_item_id: Some(227), target_item_slot: Some(13) }
[script livefzoju9_0] interact UseOn { name: "Ranarr weed", kind: "inv", target_name: Some("Vial of water"), x: 0, z: 0, level: 0, index: None, source_item_id: Some(257), source_item_slot: Some(27), target_item_id: Some(227), target_item_slot: Some(13) }
[script livefzoju9_0] interact UseOn { name: "Ranarr weed", kind: "inv", target_name: Some("Vial of water"), x: 0, z: 0, level: 0, index: None, source_item_id: Some(257), source_item_slot: Some(27), target_item_id: Some(227), target_item_slot: Some(13) }
[script livefzoju9_0] interact UseOn { name: "Ranarr weed", kind: "inv", target_name: Some("Vial of water"), x: 0, z: 0, level: 0, index: None, source_item_id: Some(257), source_item_slot: Some(27), target_item_id: Some(227), target_item_slot: Some(13) }
[script livefzoju9_0] interact UseOn { name: "Ranarr weed", kind: "inv", target_name: Some("Vial of water"), x: 0, z: 0, level: 0, index: None, source_item_id: Some(257), source_item_slot: Some(27), target_item_id: Some(227), target_item_slot: Some(13) }
[script livefzoju9_0] interact UseOn { name: "Ranarr weed", kind: "inv", target_name: Some("Vial of water"), x: 0, z: 0, level: 0, index: None, source_item_id: Some(257), source_item_slot: Some(27), target_item_id: Some(227), target_item_slot: Some(13) }
[script livefzoju9_0] interact UseOn { name: "Ranarr weed", kind: "inv", target_name: Some("Vial of water"), x: 0, z: 0, level: 0, index: None, source_item_id: Some(257), source_item_slot: Some(27), target_item_id: Some(227), target_item_slot: Some(13) }
[script livefzoju9_0] interact UseOn { name: "Ranarr weed", kind: "inv", target_name: Some("Vial of water"), x: 0, z: 0, level: 0, index: None, source_item_id: Some(257), source_item_slot: Some(27), target_item_id: Some(227), target_item_slot: Some(13) }
[script livefzoju9_0] interact UseOn { name: "Ranarr weed", kind: "inv", target_name: Some("Vial of water"), x: 0, z: 0, level: 0, index: None, source_item_id: Some(257), source_item_slot: Some(27), target_item_id: Some(227), target_item_slot: Some(13) }
[script livefzoju9_0] interact UseOn { name: "Ranarr weed", kind: "inv", target_name: Some("Vial of water"), x: 0, z: 0, level: 0, index: None, source_item_id: Some(257), source_item_slot: Some(27), target_item_id: Some(227), target_item_slot: Some(13) }
[script livefzoju9_0] interact UseOn { name: "Ranarr weed", kind: "inv", target_name: Some("Vial of water"), x: 0, z: 0, level: 0, index: None, source_item_id: Some(257), source_item_slot: Some(27), target_item_id: Some(227), target_item_slot: Some(13) }
[script livefzoju9_0] interact UseOn { name: "Ranarr weed", kind: "inv", target_name: Some("Vial of water"), x: 0, z: 0, level: 0, index: None, source_item_id: Some(257), source_item_slot: Some(27), target_item_id: Some(227), target_item_slot: Some(13) }
[script livefzoju9_0] interact UseOn { name: "Ranarr weed", kind: "inv", target_name: Some("Vial of water"), x: 0, z: 0, level: 0, index: None, source_item_id: Some(257), source_item_slot: Some(27), target_item_id: Some(227), target_item_slot: Some(13) }
[script livefzoju9_0] interact UseOn { name: "Ranarr weed", kind: "inv", target_name: Some("Vial of water"), x: 0, z: 0, level: 0, index: None, source_item_id: Some(257), source_item_slot: Some(27), target_item_id: Some(227), target_item_slot: Some(13) }
[script livefzoju9_0] interact UseOn { name: "Ranarr weed", kind: "inv", target_name: Some("Vial of water"), x: 0, z: 0, level: 0, index: None, source_item_id: Some(257), source_item_slot: Some(27), target_item_id: Some(227), target_item_slot: Some(13) }
[script livefzoju9_0] interact UseOn { name: "Ranarr weed", kind: "inv", target_name: Some("Vial of water"), x: 0, z: 0, level: 0, index: None, source_item_id: Some(257), source_item_slot: Some(27), target_item_id: Some(227), target_item_slot: Some(13) }
[script livefzoju9_0] interact UseOn { name: "Ranarr weed", kind: "inv", target_name: Some("Vial of water"), x: 0, z: 0, level: 0, index: None, source_item_id: Some(257), source_item_slot: Some(27), target_item_id: Some(227), target_item_slot: Some(13) }
[script livefzoju9_0] interact UseOn { name: "Ranarr weed", kind: "inv", target_name: Some("Vial of water"), x: 0, z: 0, level: 0, index: None, source_item_id: Some(257), source_item_slot: Some(27), target_item_id: Some(227), target_item_slot: Some(13) }
[script livefzoju9_0] interact UseOn { name: "Ranarr weed", kind: "inv", target_name: Some("Vial of water"), x: 0, z: 0, level: 0, index: None, source_item_id: Some(257), source_item_slot: Some(27), target_item_id: Some(227), target_item_slot: Some(13) }
[script livefzoju9_0] interact UseOn { name: "Ranarr weed", kind: "inv", target_name: Some("Vial of water"), x: 0, z: 0, level: 0, index: None, source_item_id: Some(257), source_item_slot: Some(27), target_item_id: Some(227), target_item_slot: Some(13) }
[script livefzoju9_0] interact UseOn { name: "Ranarr weed", kind: "inv", target_name: Some("Vial of water"), x: 0, z: 0, level: 0, index: None, source_item_id: Some(257), source_item_slot: Some(27), target_item_id: Some(227), target_item_slot: Some(13) }
[script livefzoju9_0] interact UseOn { name: "Ranarr weed", kind: "inv", target_name: Some("Vial of water"), x: 0, z: 0, level: 0, index: None, source_item_id: Some(257), source_item_slot: Some(27), target_item_id: Some(227), target_item_slot: Some(13) }
[script livefzoju9_0] interact UseOn { name: "Ranarr weed", kind: "inv", target_name: Some("Vial of water"), x: 0, z: 0, level: 0, index: None, source_item_id: Some(257), source_item_slot: Some(27), target_item_id: Some(227), target_item_slot: Some(13) }
[script livefzoju9_0] interact UseOn { name: "Ranarr weed", kind: "inv", target_name: Some("Vial of water"), x: 0, z: 0, level: 0, index: None, source_item_id: Some(257), source_item_slot: Some(27), target_item_id: Some(227), target_item_slot: Some(13) }
[script livefzoju9_0] interact UseOn { name: "Ranarr weed", kind: "inv", target_name: Some("Vial of water"), x: 0, z: 0, level: 0, index: None, source_item_id: Some(257), source_item_slot: Some(27), target_item_id: Some(227), target_item_slot: Some(13) }
[script livefzoju9_0] interact UseOn { name: "Ranarr weed", kind: "inv", target_name: Some("Vial of water"), x: 0, z: 0, level: 0, index: None, source_item_id: Some(257), source_item_slot: Some(27), target_item_id: Some(227), target_item_slot: Some(13) }
[script livefzoju9_0] interact UseOn { name: "Ranarr weed", kind: "inv", target_name: Some("Vial of water"), x: 0, z: 0, level: 0, index: None, source_item_id: Some(257), source_item_slot: Some(27), target_item_id: Some(227), target_item_slot: Some(13) }
[script livefzoju9_0] interact UseOn { name: "Ranarr weed", kind: "inv", target_name: Some("Vial of water"), x: 0, z: 0, level: 0, index: None, source_item_id: Some(257), source_item_slot: Some(27), target_item_id: Some(227), target_item_slot: Some(13) }
[host] slot livefzoju9_0: d_loop_us=793 d_raster_us=0 d_observe_us=63835 max_observe_us=10994 d_paints=0 d_skips=50 d_ticks=2 window_ms=1296
[host] slot livefzoju9_0: d_loop_us=907 d_raster_us=0 d_observe_us=55710 max_observe_us=11011 d_paints=0 d_skips=50 d_ticks=2 window_ms=1321
[host] slot livefzoju9_0: d_loop_us=808 d_raster_us=0 d_observe_us=52865 max_observe_us=8897 d_paints=0 d_skips=50 d_ticks=2 window_ms=1307
[script livefzoju9_0] interact OpenBooth { x: 3186, z: 3440, level: 0, id: 2213, name: None, action: None }
[host] slot livefzoju9_0: d_loop_us=822 d_raster_us=0 d_observe_us=52520 max_observe_us=9420 d_paints=0 d_skips=50 d_ticks=2 window_ms=1283
[host] slot livefzoju9_0: d_loop_us=823 d_raster_us=0 d_observe_us=62275 max_observe_us=11029 d_paints=0 d_skips=50 d_ticks=3 window_ms=1319
[script livefzoju9_0] interact Close
[shim-close] sent
[script livefzoju9_0] interact UseOn { name: "Snape grass", kind: "inv", target_name: Some("Unfinished potion"), x: 0, z: 0, level: 0, index: None, source_item_id: Some(231), source_item_slot: Some(27), target_item_id: Some(99), target_item_slot: Some(13) }
[script livefzoju9_0] interact UseOn { name: "Snape grass", kind: "inv", target_name: Some("Unfinished potion"), x: 0, z: 0, level: 0, index: None, source_item_id: Some(231), source_item_slot: Some(27), target_item_id: Some(99), target_item_slot: Some(13) }
[script livefzoju9_0] interact UseOn { name: "Snape grass", kind: "inv", target_name: Some("Unfinished potion"), x: 0, z: 0, level: 0, index: None, source_item_id: Some(231), source_item_slot: Some(27), target_item_id: Some(99), target_item_slot: Some(13) }
[script livefzoju9_0] interact UseOn { name: "Snape grass", kind: "inv", target_name: Some("Unfinished potion"), x: 0, z: 0, level: 0, index: None, source_item_id: Some(231), source_item_slot: Some(27), target_item_id: Some(99), target_item_slot: Some(13) }
[script livefzoju9_0] interact UseOn { name: "Snape grass", kind: "inv", target_name: Some("Unfinished potion"), x: 0, z: 0, level: 0, index: None, source_item_id: Some(231), source_item_slot: Some(27), target_item_id: Some(99), target_item_slot: Some(13) }
[script livefzoju9_0] interact UseOn { name: "Snape grass", kind: "inv", target_name: Some("Unfinished potion"), x: 0, z: 0, level: 0, index: None, source_item_id: Some(231), source_item_slot: Some(27), target_item_id: Some(99), target_item_slot: Some(13) }
[script livefzoju9_0] interact UseOn { name: "Snape grass", kind: "inv", target_name: Some("Unfinished potion"), x: 0, z: 0, level: 0, index: None, source_item_id: Some(231), source_item_slot: Some(27), target_item_id: Some(99), target_item_slot: Some(13) }
[script livefzoju9_0] interact UseOn { name: "Snape grass", kind: "inv", target_name: Some("Unfinished potion"), x: 0, z: 0, level: 0, index: None, source_item_id: Some(231), source_item_slot: Some(27), target_item_id: Some(99), target_item_slot: Some(13) }
[script livefzoju9_0] interact UseOn { name: "Snape grass", kind: "inv", target_name: Some("Unfinished potion"), x: 0, z: 0, level: 0, index: None, source_item_id: Some(231), source_item_slot: Some(27), target_item_id: Some(99), target_item_slot: Some(13) }
[script livefzoju9_0] interact UseOn { name: "Snape grass", kind: "inv", target_name: Some("Unfinished potion"), x: 0, z: 0, level: 0, index: None, source_item_id: Some(231), source_item_slot: Some(27), target_item_id: Some(99), target_item_slot: Some(13) }
[script livefzoju9_0] interact UseOn { name: "Snape grass", kind: "inv", target_name: Some("Unfinished potion"), x: 0, z: 0, level: 0, index: None, source_item_id: Some(231), source_item_slot: Some(27), target_item_id: Some(99), target_item_slot: Some(13) }
[script livefzoju9_0] interact UseOn { name: "Snape grass", kind: "inv", target_name: Some("Unfinished potion"), x: 0, z: 0, level: 0, index: None, source_item_id: Some(231), source_item_slot: Some(27), target_item_id: Some(99), target_item_slot: Some(13) }
[script livefzoju9_0] interact UseOn { name: "Snape grass", kind: "inv", target_name: Some("Unfinished potion"), x: 0, z: 0, level: 0, index: None, source_item_id: Some(231), source_item_slot: Some(27), target_item_id: Some(99), target_item_slot: Some(13) }
[script livefzoju9_0] interact UseOn { name: "Snape grass", kind: "inv", target_name: Some("Unfinished potion"), x: 0, z: 0, level: 0, index: None, source_item_id: Some(231), source_item_slot: Some(27), target_item_id: Some(99), target_item_slot: Some(13) }
[script livefzoju9_0] interact UseOn { name: "Snape grass", kind: "inv", target_name: Some("Unfinished potion"), x: 0, z: 0, level: 0, index: None, source_item_id: Some(231), source_item_slot: Some(27), target_item_id: Some(99), target_item_slot: Some(13) }
[script livefzoju9_0] interact UseOn { name: "Snape grass", kind: "inv", target_name: Some("Unfinished potion"), x: 0, z: 0, level: 0, index: None, source_item_id: Some(231), source_item_slot: Some(27), target_item_id: Some(99), target_item_slot: Some(13) }
[script livefzoju9_0] interact UseOn { name: "Snape grass", kind: "inv", target_name: Some("Unfinished potion"), x: 0, z: 0, level: 0, index: None, source_item_id: Some(231), source_item_slot: Some(27), target_item_id: Some(99), target_item_slot: Some(13) }
[script livefzoju9_0] interact UseOn { name: "Snape grass", kind: "inv", target_name: Some("Unfinished potion"), x: 0, z: 0, level: 0, index: None, source_item_id: Some(231), source_item_slot: Some(27), target_item_id: Some(99), target_item_slot: Some(13) }
[script livefzoju9_0] interact UseOn { name: "Snape grass", kind: "inv", target_name: Some("Unfinished potion"), x: 0, z: 0, level: 0, index: None, source_item_id: Some(231), source_item_slot: Some(27), target_item_id: Some(99), target_item_slot: Some(13) }
[script livefzoju9_0] interact UseOn { name: "Snape grass", kind: "inv", target_name: Some("Unfinished potion"), x: 0, z: 0, level: 0, index: None, source_item_id: Some(231), source_item_slot: Some(27), target_item_id: Some(99), target_item_slot: Some(13) }
[script livefzoju9_0] interact UseOn { name: "Snape grass", kind: "inv", target_name: Some("Unfinished potion"), x: 0, z: 0, level: 0, index: None, source_item_id: Some(231), source_item_slot: Some(27), target_item_id: Some(99), target_item_slot: Some(13) }
[script livefzoju9_0] interact UseOn { name: "Snape grass", kind: "inv", target_name: Some("Unfinished potion"), x: 0, z: 0, level: 0, index: None, source_item_id: Some(231), source_item_slot: Some(27), target_item_id: Some(99), target_item_slot: Some(13) }
[script livefzoju9_0] interact UseOn { name: "Snape grass", kind: "inv", target_name: Some("Unfinished potion"), x: 0, z: 0, level: 0, index: None, source_item_id: Some(231), source_item_slot: Some(27), target_item_id: Some(99), target_item_slot: Some(13) }
[script livefzoju9_0] interact UseOn { name: "Snape grass", kind: "inv", target_name: Some("Unfinished potion"), x: 0, z: 0, level: 0, index: None, source_item_id: Some(231), source_item_slot: Some(27), target_item_id: Some(99), target_item_slot: Some(13) }
[script livefzoju9_0] interact UseOn { name: "Snape grass", kind: "inv", target_name: Some("Unfinished potion"), x: 0, z: 0, level: 0, index: None, source_item_id: Some(231), source_item_slot: Some(27), target_item_id: Some(99), target_item_slot: Some(13) }
[script livefzoju9_0] interact UseOn { name: "Snape grass", kind: "inv", target_name: Some("Unfinished potion"), x: 0, z: 0, level: 0, index: None, source_item_id: Some(231), source_item_slot: Some(27), target_item_id: Some(99), target_item_slot: Some(13) }
[script livefzoju9_0] interact UseOn { name: "Snape grass", kind: "inv", target_name: Some("Unfinished potion"), x: 0, z: 0, level: 0, index: None, source_item_id: Some(231), source_item_slot: Some(27), target_item_id: Some(99), target_item_slot: Some(13) }
[script livefzoju9_0] interact UseOn { name: "Snape grass", kind: "inv", target_name: Some("Unfinished potion"), x: 0, z: 0, level: 0, index: None, source_item_id: Some(231), source_item_slot: Some(27), target_item_id: Some(99), target_item_slot: Some(13) }
[script livefzoju9_0] interact UseOn { name: "Snape grass", kind: "inv", target_name: Some("Unfinished potion"), x: 0, z: 0, level: 0, index: None, source_item_id: Some(231), source_item_slot: Some(27), target_item_id: Some(99), target_item_slot: Some(13) }
[script livefzoju9_0] interact UseOn { name: "Snape grass", kind: "inv", target_name: Some("Unfinished potion"), x: 0, z: 0, level: 0, index: None, source_item_id: Some(231), source_item_slot: Some(27), target_item_id: Some(99), target_item_slot: Some(13) }
[script livefzoju9_0] interact UseOn { name: "Snape grass", kind: "inv", target_name: Some("Unfinished potion"), x: 0, z: 0, level: 0, index: None, source_item_id: Some(231), source_item_slot: Some(27), target_item_id: Some(99), target_item_slot: Some(13) }
[script livefzoju9_0] interact UseOn { name: "Snape grass", kind: "inv", target_name: Some("Unfinished potion"), x: 0, z: 0, level: 0, index: None, source_item_id: Some(231), source_item_slot: Some(27), target_item_id: Some(99), target_item_slot: Some(13) }
[script livefzoju9_0] interact UseOn { name: "Snape grass", kind: "inv", target_name: Some("Unfinished potion"), x: 0, z: 0, level: 0, index: None, source_item_id: Some(231), source_item_slot: Some(27), target_item_id: Some(99), target_item_slot: Some(13) }
[script livefzoju9_0] interact UseOn { name: "Snape grass", kind: "inv", target_name: Some("Unfinished potion"), x: 0, z: 0, level: 0, index: None, source_item_id: Some(231), source_item_slot: Some(27), target_item_id: Some(99), target_item_slot: Some(13) }
[script livefzoju9_0] interact UseOn { name: "Snape grass", kind: "inv", target_name: Some("Unfinished potion"), x: 0, z: 0, level: 0, index: None, source_item_id: Some(231), source_item_slot: Some(27), target_item_id: Some(99), target_item_slot: Some(13) }
[script livefzoju9_0] interact UseOn { name: "Snape grass", kind: "inv", target_name: Some("Unfinished potion"), x: 0, z: 0, level: 0, index: None, source_item_id: Some(231), source_item_slot: Some(27), target_item_id: Some(99), target_item_slot: Some(13) }
[script livefzoju9_0] interact UseOn { name: "Snape grass", kind: "inv", target_name: Some("Unfinished potion"), x: 0, z: 0, level: 0, index: None, source_item_id: Some(231), source_item_slot: Some(27), target_item_id: Some(99), target_item_slot: Some(13) }
[script livefzoju9_0] interact UseOn { name: "Snape grass", kind: "inv", target_name: Some("Unfinished potion"), x: 0, z: 0, level: 0, index: None, source_item_id: Some(231), source_item_slot: Some(27), target_item_id: Some(99), target_item_slot: Some(13) }
[script livefzoju9_0] interact UseOn { name: "Snape grass", kind: "inv", target_name: Some("Unfinished potion"), x: 0, z: 0, level: 0, index: None, source_item_id: Some(231), source_item_slot: Some(27), target_item_id: Some(99), target_item_slot: Some(13) }
[script livefzoju9_0] interact UseOn { name: "Snape grass", kind: "inv", target_name: Some("Unfinished potion"), x: 0, z: 0, level: 0, index: None, source_item_id: Some(231), source_item_slot: Some(27), target_item_id: Some(99), target_item_slot: Some(13) }
[script livefzoju9_0] interact UseOn { name: "Snape grass", kind: "inv", target_name: Some("Unfinished potion"), x: 0, z: 0, level: 0, index: None, source_item_id: Some(231), source_item_slot: Some(27), target_item_id: Some(99), target_item_slot: Some(13) }
[script livefzoju9_0] interact UseOn { name: "Snape grass", kind: "inv", target_name: Some("Unfinished potion"), x: 0, z: 0, level: 0, index: None, source_item_id: Some(231), source_item_slot: Some(27), target_item_id: Some(99), target_item_slot: Some(13) }
[script livefzoju9_0] interact UseOn { name: "Snape grass", kind: "inv", target_name: Some("Unfinished potion"), x: 0, z: 0, level: 0, index: None, source_item_id: Some(231), source_item_slot: Some(27), target_item_id: Some(99), target_item_slot: Some(13) }
[script livefzoju9_0] interact UseOn { name: "Snape grass", kind: "inv", target_name: Some("Unfinished potion"), x: 0, z: 0, level: 0, index: None, source_item_id: Some(231), source_item_slot: Some(27), target_item_id: Some(99), target_item_slot: Some(13) }
[script livefzoju9_0] interact UseOn { name: "Snape grass", kind: "inv", target_name: Some("Unfinished potion"), x: 0, z: 0, level: 0, index: None, source_item_id: Some(231), source_item_slot: Some(27), target_item_id: Some(99), target_item_slot: Some(13) }
[script livefzoju9_0] interact UseOn { name: "Snape grass", kind: "inv", target_name: Some("Unfinished potion"), x: 0, z: 0, level: 0, index: None, source_item_id: Some(231), source_item_slot: Some(27), target_item_id: Some(99), target_item_slot: Some(13) }
[script livefzoju9_0] interact UseOn { name: "Snape grass", kind: "inv", target_name: Some("Unfinished potion"), x: 0, z: 0, level: 0, index: None, source_item_id: Some(231), source_item_slot: Some(27), target_item_id: Some(99), target_item_slot: Some(13) }
[script livefzoju9_0] interact UseOn { name: "Snape grass", kind: "inv", target_name: Some("Unfinished potion"), x: 0, z: 0, level: 0, index: None, source_item_id: Some(231), source_item_slot: Some(27), target_item_id: Some(99), target_item_slot: Some(13) }
[script livefzoju9_0] interact UseOn { name: "Snape grass", kind: "inv", target_name: Some("Unfinished potion"), x: 0, z: 0, level: 0, index: None, source_item_id: Some(231), source_item_slot: Some(27), target_item_id: Some(99), target_item_slot: Some(13) }
[script livefzoju9_0] interact UseOn { name: "Snape grass", kind: "inv", target_name: Some("Unfinished potion"), x: 0, z: 0, level: 0, index: None, source_item_id: Some(231), source_item_slot: Some(27), target_item_id: Some(99), target_item_slot: Some(13) }
[script livefzoju9_0] interact UseOn { name: "Snape grass", kind: "inv", target_name: Some("Unfinished potion"), x: 0, z: 0, level: 0, index: None, source_item_id: Some(231), source_item_slot: Some(27), target_item_id: Some(99), target_item_slot: Some(13) }
[script livefzoju9_0] interact UseOn { name: "Snape grass", kind: "inv", target_name: Some("Unfinished potion"), x: 0, z: 0, level: 0, index: None, source_item_id: Some(231), source_item_slot: Some(27), target_item_id: Some(99), target_item_slot: Some(13) }
[script livefzoju9_0] interact UseOn { name: "Snape grass", kind: "inv", target_name: Some("Unfinished potion"), x: 0, z: 0, level: 0, index: None, source_item_id: Some(231), source_item_slot: Some(27), target_item_id: Some(99), target_item_slot: Some(13) }
[script livefzoju9_0] interact UseOn { name: "Snape grass", kind: "inv", target_name: Some("Unfinished potion"), x: 0, z: 0, level: 0, index: None, source_item_id: Some(231), source_item_slot: Some(27), target_item_id: Some(99), target_item_slot: Some(13) }
[script livefzoju9_0] interact UseOn { name: "Snape grass", kind: "inv", target_name: Some("Unfinished potion"), x: 0, z: 0, level: 0, index: None, source_item_id: Some(231), source_item_slot: Some(27), target_item_id: Some(99), target_item_slot: Some(13) }
[script livefzoju9_0] interact UseOn { name: "Snape grass", kind: "inv", target_name: Some("Unfinished potion"), x: 0, z: 0, level: 0, index: None, source_item_id: Some(231), source_item_slot: Some(27), target_item_id: Some(99), target_item_slot: Some(13) }
[host] slot livefzoju9_0: d_loop_us=843 d_raster_us=0 d_observe_us=73932 max_observe_us=11636 d_paints=0 d_skips=50 d_ticks=2 window_ms=1297
[script livefzoju9_0] interact OpenBooth { x: 3186, z: 3440, level: 0, id: 2213, name: None, action: None }
[host] slot livefzoju9_0: d_loop_us=968 d_raster_us=0 d_observe_us=58808 max_observe_us=12135 d_paints=0 d_skips=50 d_ticks=2 window_ms=1295
[host] slot livefzoju9_0: d_loop_us=789 d_raster_us=0 d_observe_us=54530 max_observe_us=11236 d_paints=0 d_skips=50 d_ticks=2 window_ms=1290
[host] slot livefzoju9_0: d_loop_us=900 d_raster_us=0 d_observe_us=61379 max_observe_us=11310 d_paints=0 d_skips=50 d_ticks=2 window_ms=1319
[host] slot livefzoju9_0: d_loop_us=922 d_raster_us=0 d_observe_us=56313 max_observe_us=11352 d_paints=0 d_skips=50 d_ticks=3 window_ms=1375
[host] slot livefzoju9_0: d_loop_us=892 d_raster_us=0 d_observe_us=63891 max_observe_us=10791 d_paints=0 d_skips=50 d_ticks=2 window_ms=1356
[host] slot livefzoju9_0: d_loop_us=894 d_raster_us=0 d_observe_us=58345 max_observe_us=11667 d_paints=0 d_skips=50 d_ticks=2 window_ms=1301
[script livefzoju9_0] interact Close
[shim-close] sent
[script livefzoju9_0] withdrew 14 vials of water + 14 Ranarr weed
[host] slot livefzoju9_0: d_loop_us=878 d_raster_us=0 d_observe_us=60703 max_observe_us=11293 d_paints=0 d_skips=50 d_ticks=2 window_ms=1326
[script livefzoju9_0] interact UseOn { name: "Ranarr weed", kind: "inv", target_name: Some("Vial of water"), x: 0, z: 0, level: 0, index: None, source_item_id: Some(257), source_item_slot: Some(27), target_item_id: Some(227), target_item_slot: Some(13) }
[script livefzoju9_0] interact UseOn { name: "Ranarr weed", kind: "inv", target_name: Some("Vial of water"), x: 0, z: 0, level: 0, index: None, source_item_id: Some(257), source_item_slot: Some(27), target_item_id: Some(227), target_item_slot: Some(13) }
[script livefzoju9_0] interact UseOn { name: "Ranarr weed", kind: "inv", target_name: Some("Vial of water"), x: 0, z: 0, level: 0, index: None, source_item_id: Some(257), source_item_slot: Some(27), target_item_id: Some(227), target_item_slot: Some(13) }
[script livefzoju9_0] interact UseOn { name: "Ranarr weed", kind: "inv", target_name: Some("Vial of water"), x: 0, z: 0, level: 0, index: None, source_item_id: Some(257), source_item_slot: Some(27), target_item_id: Some(227), target_item_slot: Some(13) }
[script livefzoju9_0] interact UseOn { name: "Ranarr weed", kind: "inv", target_name: Some("Vial of water"), x: 0, z: 0, level: 0, index: None, source_item_id: Some(257), source_item_slot: Some(27), target_item_id: Some(227), target_item_slot: Some(13) }
[script livefzoju9_0] interact UseOn { name: "Ranarr weed", kind: "inv", target_name: Some("Vial of water"), x: 0, z: 0, level: 0, index: None, source_item_id: Some(257), source_item_slot: Some(27), target_item_id: Some(227), target_item_slot: Some(13) }
[script livefzoju9_0] interact UseOn { name: "Ranarr weed", kind: "inv", target_name: Some("Vial of water"), x: 0, z: 0, level: 0, index: None, source_item_id: Some(257), source_item_slot: Some(27), target_item_id: Some(227), target_item_slot: Some(13) }
[script livefzoju9_0] interact UseOn { name: "Ranarr weed", kind: "inv", target_name: Some("Vial of water"), x: 0, z: 0, level: 0, index: None, source_item_id: Some(257), source_item_slot: Some(27), target_item_id: Some(227), target_item_slot: Some(13) }
[script livefzoju9_0] interact UseOn { name: "Ranarr weed", kind: "inv", target_name: Some("Vial of water"), x: 0, z: 0, level: 0, index: None, source_item_id: Some(257), source_item_slot: Some(27), target_item_id: Some(227), target_item_slot: Some(13) }
[script livefzoju9_0] interact UseOn { name: "Ranarr weed", kind: "inv", target_name: Some("Vial of water"), x: 0, z: 0, level: 0, index: None, source_item_id: Some(257), source_item_slot: Some(27), target_item_id: Some(227), target_item_slot: Some(13) }
[script livefzoju9_0] interact UseOn { name: "Ranarr weed", kind: "inv", target_name: Some("Vial of water"), x: 0, z: 0, level: 0, index: None, source_item_id: Some(257), source_item_slot: Some(27), target_item_id: Some(227), target_item_slot: Some(13) }
[script livefzoju9_0] interact UseOn { name: "Ranarr weed", kind: "inv", target_name: Some("Vial of water"), x: 0, z: 0, level: 0, index: None, source_item_id: Some(257), source_item_slot: Some(27), target_item_id: Some(227), target_item_slot: Some(13) }
[script livefzoju9_0] interact UseOn { name: "Ranarr weed", kind: "inv", target_name: Some("Vial of water"), x: 0, z: 0, level: 0, index: None, source_item_id: Some(257), source_item_slot: Some(27), target_item_id: Some(227), target_item_slot: Some(13) }
[script livefzoju9_0] interact UseOn { name: "Ranarr weed", kind: "inv", target_name: Some("Vial of water"), x: 0, z: 0, level: 0, index: None, source_item_id: Some(257), source_item_slot: Some(27), target_item_id: Some(227), target_item_slot: Some(13) }
[script livefzoju9_0] interact UseOn { name: "Ranarr weed", kind: "inv", target_name: Some("Vial of water"), x: 0, z: 0, level: 0, index: None, source_item_id: Some(257), source_item_slot: Some(27), target_item_id: Some(227), target_item_slot: Some(13) }
[script livefzoju9_0] interact UseOn { name: "Ranarr weed", kind: "inv", target_name: Some("Vial of water"), x: 0, z: 0, level: 0, index: None, source_item_id: Some(257), source_item_slot: Some(27), target_item_id: Some(227), target_item_slot: Some(13) }
[script livefzoju9_0] interact UseOn { name: "Ranarr weed", kind: "inv", target_name: Some("Vial of water"), x: 0, z: 0, level: 0, index: None, source_item_id: Some(257), source_item_slot: Some(27), target_item_id: Some(227), target_item_slot: Some(13) }
[script livefzoju9_0] interact UseOn { name: "Ranarr weed", kind: "inv", target_name: Some("Vial of water"), x: 0, z: 0, level: 0, index: None, source_item_id: Some(257), source_item_slot: Some(27), target_item_id: Some(227), target_item_slot: Some(13) }
[script livefzoju9_0] interact UseOn { name: "Ranarr weed", kind: "inv", target_name: Some("Vial of water"), x: 0, z: 0, level: 0, index: None, source_item_id: Some(257), source_item_slot: Some(27), target_item_id: Some(227), target_item_slot: Some(13) }
[script livefzoju9_0] interact UseOn { name: "Ranarr weed", kind: "inv", target_name: Some("Vial of water"), x: 0, z: 0, level: 0, index: None, source_item_id: Some(257), source_item_slot: Some(27), target_item_id: Some(227), target_item_slot: Some(13) }
[script livefzoju9_0] interact UseOn { name: "Ranarr weed", kind: "inv", target_name: Some("Vial of water"), x: 0, z: 0, level: 0, index: None, source_item_id: Some(257), source_item_slot: Some(27), target_item_id: Some(227), target_item_slot: Some(13) }
[script livefzoju9_0] interact UseOn { name: "Ranarr weed", kind: "inv", target_name: Some("Vial of water"), x: 0, z: 0, level: 0, index: None, source_item_id: Some(257), source_item_slot: Some(27), target_item_id: Some(227), target_item_slot: Some(13) }
[script livefzoju9_0] interact UseOn { name: "Ranarr weed", kind: "inv", target_name: Some("Vial of water"), x: 0, z: 0, level: 0, index: None, source_item_id: Some(257), source_item_slot: Some(27), target_item_id: Some(227), target_item_slot: Some(13) }
[script livefzoju9_0] interact UseOn { name: "Ranarr weed", kind: "inv", target_name: Some("Vial of water"), x: 0, z: 0, level: 0, index: None, source_item_id: Some(257), source_item_slot: Some(27), target_item_id: Some(227), target_item_slot: Some(13) }
[script livefzoju9_0] interact UseOn { name: "Ranarr weed", kind: "inv", target_name: Some("Vial of water"), x: 0, z: 0, level: 0, index: None, source_item_id: Some(257), source_item_slot: Some(27), target_item_id: Some(227), target_item_slot: Some(13) }
[script livefzoju9_0] interact UseOn { name: "Ranarr weed", kind: "inv", target_name: Some("Vial of water"), x: 0, z: 0, level: 0, index: None, source_item_id: Some(257), source_item_slot: Some(27), target_item_id: Some(227), target_item_slot: Some(13) }
[script livefzoju9_0] interact UseOn { name: "Ranarr weed", kind: "inv", target_name: Some("Vial of water"), x: 0, z: 0, level: 0, index: None, source_item_id: Some(257), source_item_slot: Some(27), target_item_id: Some(227), target_item_slot: Some(13) }
[script livefzoju9_0] interact UseOn { name: "Ranarr weed", kind: "inv", target_name: Some("Vial of water"), x: 0, z: 0, level: 0, index: None, source_item_id: Some(257), source_item_slot: Some(27), target_item_id: Some(227), target_item_slot: Some(13) }
[script livefzoju9_0] interact UseOn { name: "Ranarr weed", kind: "inv", target_name: Some("Vial of water"), x: 0, z: 0, level: 0, index: None, source_item_id: Some(257), source_item_slot: Some(27), target_item_id: Some(227), target_item_slot: Some(13) }
[script livefzoju9_0] interact UseOn { name: "Ranarr weed", kind: "inv", target_name: Some("Vial of water"), x: 0, z: 0, level: 0, index: None, source_item_id: Some(257), source_item_slot: Some(27), target_item_id: Some(227), target_item_slot: Some(13) }
[script livefzoju9_0] interact UseOn { name: "Ranarr weed", kind: "inv", target_name: Some("Vial of water"), x: 0, z: 0, level: 0, index: None, source_item_id: Some(257), source_item_slot: Some(27), target_item_id: Some(227), target_item_slot: Some(13) }
[script livefzoju9_0] interact UseOn { name: "Ranarr weed", kind: "inv", target_name: Some("Vial of water"), x: 0, z: 0, level: 0, index: None, source_item_id: Some(257), source_item_slot: Some(27), target_item_id: Some(227), target_item_slot: Some(13) }
[script livefzoju9_0] interact UseOn { name: "Ranarr weed", kind: "inv", target_name: Some("Vial of water"), x: 0, z: 0, level: 0, index: None, source_item_id: Some(257), source_item_slot: Some(27), target_item_id: Some(227), target_item_slot: Some(13) }
[script livefzoju9_0] interact UseOn { name: "Ranarr weed", kind: "inv", target_name: Some("Vial of water"), x: 0, z: 0, level: 0, index: None, source_item_id: Some(257), source_item_slot: Some(27), target_item_id: Some(227), target_item_slot: Some(13) }
[script livefzoju9_0] interact UseOn { name: "Ranarr weed", kind: "inv", target_name: Some("Vial of water"), x: 0, z: 0, level: 0, index: None, source_item_id: Some(257), source_item_slot: Some(27), target_item_id: Some(227), target_item_slot: Some(13) }
[script livefzoju9_0] interact UseOn { name: "Ranarr weed", kind: "inv", target_name: Some("Vial of water"), x: 0, z: 0, level: 0, index: None, source_item_id: Some(257), source_item_slot: Some(27), target_item_id: Some(227), target_item_slot: Some(13) }
[script livefzoju9_0] interact UseOn { name: "Ranarr weed", kind: "inv", target_name: Some("Vial of water"), x: 0, z: 0, level: 0, index: None, source_item_id: Some(257), source_item_slot: Some(27), target_item_id: Some(227), target_item_slot: Some(13) }
[script livefzoju9_0] interact UseOn { name: "Ranarr weed", kind: "inv", target_name: Some("Vial of water"), x: 0, z: 0, level: 0, index: None, source_item_id: Some(257), source_item_slot: Some(27), target_item_id: Some(227), target_item_slot: Some(13) }
[script livefzoju9_0] interact UseOn { name: "Ranarr weed", kind: "inv", target_name: Some("Vial of water"), x: 0, z: 0, level: 0, index: None, source_item_id: Some(257), source_item_slot: Some(27), target_item_id: Some(227), target_item_slot: Some(13) }
[script livefzoju9_0] interact UseOn { name: "Ranarr weed", kind: "inv", target_name: Some("Vial of water"), x: 0, z: 0, level: 0, index: None, source_item_id: Some(257), source_item_slot: Some(27), target_item_id: Some(227), target_item_slot: Some(13) }
[script livefzoju9_0] interact UseOn { name: "Ranarr weed", kind: "inv", target_name: Some("Vial of water"), x: 0, z: 0, level: 0, index: None, source_item_id: Some(257), source_item_slot: Some(27), target_item_id: Some(227), target_item_slot: Some(13) }
[script livefzoju9_0] interact UseOn { name: "Ranarr weed", kind: "inv", target_name: Some("Vial of water"), x: 0, z: 0, level: 0, index: None, source_item_id: Some(257), source_item_slot: Some(27), target_item_id: Some(227), target_item_slot: Some(13) }
[script livefzoju9_0] interact UseOn { name: "Ranarr weed", kind: "inv", target_name: Some("Vial of water"), x: 0, z: 0, level: 0, index: None, source_item_id: Some(257), source_item_slot: Some(27), target_item_id: Some(227), target_item_slot: Some(13) }
[script livefzoju9_0] interact UseOn { name: "Ranarr weed", kind: "inv", target_name: Some("Vial of water"), x: 0, z: 0, level: 0, index: None, source_item_id: Some(257), source_item_slot: Some(27), target_item_id: Some(227), target_item_slot: Some(13) }
[script livefzoju9_0] interact UseOn { name: "Ranarr weed", kind: "inv", target_name: Some("Vial of water"), x: 0, z: 0, level: 0, index: None, source_item_id: Some(257), source_item_slot: Some(27), target_item_id: Some(227), target_item_slot: Some(13) }
[script livefzoju9_0] interact UseOn { name: "Ranarr weed", kind: "inv", target_name: Some("Vial of water"), x: 0, z: 0, level: 0, index: None, source_item_id: Some(257), source_item_slot: Some(27), target_item_id: Some(227), target_item_slot: Some(13) }
[script livefzoju9_0] interact UseOn { name: "Ranarr weed", kind: "inv", target_name: Some("Vial of water"), x: 0, z: 0, level: 0, index: None, source_item_id: Some(257), source_item_slot: Some(27), target_item_id: Some(227), target_item_slot: Some(13) }
[script livefzoju9_0] interact UseOn { name: "Ranarr weed", kind: "inv", target_name: Some("Vial of water"), x: 0, z: 0, level: 0, index: None, source_item_id: Some(257), source_item_slot: Some(27), target_item_id: Some(227), target_item_slot: Some(13) }
[script livefzoju9_0] interact UseOn { name: "Ranarr weed", kind: "inv", target_name: Some("Vial of water"), x: 0, z: 0, level: 0, index: None, source_item_id: Some(257), source_item_slot: Some(27), target_item_id: Some(227), target_item_slot: Some(13) }
[script livefzoju9_0] interact UseOn { name: "Ranarr weed", kind: "inv", target_name: Some("Vial of water"), x: 0, z: 0, level: 0, index: None, source_item_id: Some(257), source_item_slot: Some(27), target_item_id: Some(227), target_item_slot: Some(13) }
[script livefzoju9_0] interact UseOn { name: "Ranarr weed", kind: "inv", target_name: Some("Vial of water"), x: 0, z: 0, level: 0, index: None, source_item_id: Some(257), source_item_slot: Some(27), target_item_id: Some(227), target_item_slot: Some(13) }
[script livefzoju9_0] interact UseOn { name: "Ranarr weed", kind: "inv", target_name: Some("Vial of water"), x: 0, z: 0, level: 0, index: None, source_item_id: Some(257), source_item_slot: Some(27), target_item_id: Some(227), target_item_slot: Some(13) }
[script livefzoju9_0] interact UseOn { name: "Ranarr weed", kind: "inv", target_name: Some("Vial of water"), x: 0, z: 0, level: 0, index: None, source_item_id: Some(257), source_item_slot: Some(27), target_item_id: Some(227), target_item_slot: Some(13) }
[script livefzoju9_0] interact UseOn { name: "Ranarr weed", kind: "inv", target_name: Some("Vial of water"), x: 0, z: 0, level: 0, index: None, source_item_id: Some(257), source_item_slot: Some(27), target_item_id: Some(227), target_item_slot: Some(13) }
[script livefzoju9_0] interact UseOn { name: "Ranarr weed", kind: "inv", target_name: Some("Vial of water"), x: 0, z: 0, level: 0, index: None, source_item_id: Some(257), source_item_slot: Some(27), target_item_id: Some(227), target_item_slot: Some(13) }
[script livefzoju9_0] interact UseOn { name: "Ranarr weed", kind: "inv", target_name: Some("Vial of water"), x: 0, z: 0, level: 0, index: None, source_item_id: Some(257), source_item_slot: Some(27), target_item_id: Some(227), target_item_slot: Some(13) }
[host] slot livefzoju9_0: d_loop_us=890 d_raster_us=0 d_observe_us=58290 max_observe_us=11230 d_paints=0 d_skips=50 d_ticks=2 window_ms=1346
[host] slot livefzoju9_0: d_loop_us=899 d_raster_us=0 d_observe_us=62658 max_observe_us=11252 d_paints=0 d_skips=50 d_ticks=3 window_ms=1334
test catalog_boundary_live has been running for over 60 seconds
[script livefzoju9_0] interact OpenBooth { x: 3186, z: 3440, level: 0, id: 2213, name: None, action: None }
[host] slot livefzoju9_0: d_loop_us=827 d_raster_us=0 d_observe_us=49787 max_observe_us=8282 d_paints=0 d_skips=50 d_ticks=2 window_ms=1373
[host] slot livefzoju9_0: d_loop_us=850 d_raster_us=0 d_observe_us=55337 max_observe_us=10572 d_paints=0 d_skips=50 d_ticks=2 window_ms=1360
[script livefzoju9_0] interact Close
[shim-close] sent
[host] slot livefzoju9_0: d_loop_us=883 d_raster_us=0 d_observe_us=59478 max_observe_us=12695 d_paints=0 d_skips=50 d_ticks=2 window_ms=1318
[script livefzoju9_0] interact UseOn { name: "Snape grass", kind: "inv", target_name: Some("Unfinished potion"), x: 0, z: 0, level: 0, index: None, source_item_id: Some(231), source_item_slot: Some(27), target_item_id: Some(99), target_item_slot: Some(13) }
[script livefzoju9_0] interact UseOn { name: "Snape grass", kind: "inv", target_name: Some("Unfinished potion"), x: 0, z: 0, level: 0, index: None, source_item_id: Some(231), source_item_slot: Some(27), target_item_id: Some(99), target_item_slot: Some(13) }
[script livefzoju9_0] interact UseOn { name: "Snape grass", kind: "inv", target_name: Some("Unfinished potion"), x: 0, z: 0, level: 0, index: None, source_item_id: Some(231), source_item_slot: Some(27), target_item_id: Some(99), target_item_slot: Some(13) }
[script livefzoju9_0] interact UseOn { name: "Snape grass", kind: "inv", target_name: Some("Unfinished potion"), x: 0, z: 0, level: 0, index: None, source_item_id: Some(231), source_item_slot: Some(27), target_item_id: Some(99), target_item_slot: Some(13) }
[script livefzoju9_0] interact UseOn { name: "Snape grass", kind: "inv", target_name: Some("Unfinished potion"), x: 0, z: 0, level: 0, index: None, source_item_id: Some(231), source_item_slot: Some(27), target_item_id: Some(99), target_item_slot: Some(13) }
[script livefzoju9_0] interact UseOn { name: "Snape grass", kind: "inv", target_name: Some("Unfinished potion"), x: 0, z: 0, level: 0, index: None, source_item_id: Some(231), source_item_slot: Some(27), target_item_id: Some(99), target_item_slot: Some(13) }
[script livefzoju9_0] interact UseOn { name: "Snape grass", kind: "inv", target_name: Some("Unfinished potion"), x: 0, z: 0, level: 0, index: None, source_item_id: Some(231), source_item_slot: Some(27), target_item_id: Some(99), target_item_slot: Some(13) }
[script livefzoju9_0] interact UseOn { name: "Snape grass", kind: "inv", target_name: Some("Unfinished potion"), x: 0, z: 0, level: 0, index: None, source_item_id: Some(231), source_item_slot: Some(27), target_item_id: Some(99), target_item_slot: Some(13) }
[script livefzoju9_0] interact UseOn { name: "Snape grass", kind: "inv", target_name: Some("Unfinished potion"), x: 0, z: 0, level: 0, index: None, source_item_id: Some(231), source_item_slot: Some(27), target_item_id: Some(99), target_item_slot: Some(13) }
[script livefzoju9_0] interact UseOn { name: "Snape grass", kind: "inv", target_name: Some("Unfinished potion"), x: 0, z: 0, level: 0, index: None, source_item_id: Some(231), source_item_slot: Some(27), target_item_id: Some(99), target_item_slot: Some(13) }
[script livefzoju9_0] interact UseOn { name: "Snape grass", kind: "inv", target_name: Some("Unfinished potion"), x: 0, z: 0, level: 0, index: None, source_item_id: Some(231), source_item_slot: Some(27), target_item_id: Some(99), target_item_slot: Some(13) }
[script livefzoju9_0] interact UseOn { name: "Snape grass", kind: "inv", target_name: Some("Unfinished potion"), x: 0, z: 0, level: 0, index: None, source_item_id: Some(231), source_item_slot: Some(27), target_item_id: Some(99), target_item_slot: Some(13) }
[script livefzoju9_0] interact UseOn { name: "Snape grass", kind: "inv", target_name: Some("Unfinished potion"), x: 0, z: 0, level: 0, index: None, source_item_id: Some(231), source_item_slot: Some(27), target_item_id: Some(99), target_item_slot: Some(13) }
[script livefzoju9_0] interact UseOn { name: "Snape grass", kind: "inv", target_name: Some("Unfinished potion"), x: 0, z: 0, level: 0, index: None, source_item_id: Some(231), source_item_slot: Some(27), target_item_id: Some(99), target_item_slot: Some(13) }
[script livefzoju9_0] interact UseOn { name: "Snape grass", kind: "inv", target_name: Some("Unfinished potion"), x: 0, z: 0, level: 0, index: None, source_item_id: Some(231), source_item_slot: Some(27), target_item_id: Some(99), target_item_slot: Some(13) }
[script livefzoju9_0] interact UseOn { name: "Snape grass", kind: "inv", target_name: Some("Unfinished potion"), x: 0, z: 0, level: 0, index: None, source_item_id: Some(231), source_item_slot: Some(27), target_item_id: Some(99), target_item_slot: Some(13) }
[script livefzoju9_0] interact UseOn { name: "Snape grass", kind: "inv", target_name: Some("Unfinished potion"), x: 0, z: 0, level: 0, index: None, source_item_id: Some(231), source_item_slot: Some(27), target_item_id: Some(99), target_item_slot: Some(13) }
[script livefzoju9_0] interact UseOn { name: "Snape grass", kind: "inv", target_name: Some("Unfinished potion"), x: 0, z: 0, level: 0, index: None, source_item_id: Some(231), source_item_slot: Some(27), target_item_id: Some(99), target_item_slot: Some(13) }
[script livefzoju9_0] interact UseOn { name: "Snape grass", kind: "inv", target_name: Some("Unfinished potion"), x: 0, z: 0, level: 0, index: None, source_item_id: Some(231), source_item_slot: Some(27), target_item_id: Some(99), target_item_slot: Some(13) }
[script livefzoju9_0] interact UseOn { name: "Snape grass", kind: "inv", target_name: Some("Unfinished potion"), x: 0, z: 0, level: 0, index: None, source_item_id: Some(231), source_item_slot: Some(27), target_item_id: Some(99), target_item_slot: Some(13) }
[script livefzoju9_0] interact UseOn { name: "Snape grass", kind: "inv", target_name: Some("Unfinished potion"), x: 0, z: 0, level: 0, index: None, source_item_id: Some(231), source_item_slot: Some(27), target_item_id: Some(99), target_item_slot: Some(13) }
[script livefzoju9_0] interact UseOn { name: "Snape grass", kind: "inv", target_name: Some("Unfinished potion"), x: 0, z: 0, level: 0, index: None, source_item_id: Some(231), source_item_slot: Some(27), target_item_id: Some(99), target_item_slot: Some(13) }
[script livefzoju9_0] interact UseOn { name: "Snape grass", kind: "inv", target_name: Some("Unfinished potion"), x: 0, z: 0, level: 0, index: None, source_item_id: Some(231), source_item_slot: Some(27), target_item_id: Some(99), target_item_slot: Some(13) }
[script livefzoju9_0] interact UseOn { name: "Snape grass", kind: "inv", target_name: Some("Unfinished potion"), x: 0, z: 0, level: 0, index: None, source_item_id: Some(231), source_item_slot: Some(27), target_item_id: Some(99), target_item_slot: Some(13) }
[script livefzoju9_0] interact UseOn { name: "Snape grass", kind: "inv", target_name: Some("Unfinished potion"), x: 0, z: 0, level: 0, index: None, source_item_id: Some(231), source_item_slot: Some(27), target_item_id: Some(99), target_item_slot: Some(13) }
[script livefzoju9_0] interact UseOn { name: "Snape grass", kind: "inv", target_name: Some("Unfinished potion"), x: 0, z: 0, level: 0, index: None, source_item_id: Some(231), source_item_slot: Some(27), target_item_id: Some(99), target_item_slot: Some(13) }
[script livefzoju9_0] interact UseOn { name: "Snape grass", kind: "inv", target_name: Some("Unfinished potion"), x: 0, z: 0, level: 0, index: None, source_item_id: Some(231), source_item_slot: Some(27), target_item_id: Some(99), target_item_slot: Some(13) }
[script livefzoju9_0] interact UseOn { name: "Snape grass", kind: "inv", target_name: Some("Unfinished potion"), x: 0, z: 0, level: 0, index: None, source_item_id: Some(231), source_item_slot: Some(27), target_item_id: Some(99), target_item_slot: Some(13) }
[script livefzoju9_0] interact UseOn { name: "Snape grass", kind: "inv", target_name: Some("Unfinished potion"), x: 0, z: 0, level: 0, index: None, source_item_id: Some(231), source_item_slot: Some(27), target_item_id: Some(99), target_item_slot: Some(13) }
[script livefzoju9_0] interact UseOn { name: "Snape grass", kind: "inv", target_name: Some("Unfinished potion"), x: 0, z: 0, level: 0, index: None, source_item_id: Some(231), source_item_slot: Some(27), target_item_id: Some(99), target_item_slot: Some(13) }
[script livefzoju9_0] interact UseOn { name: "Snape grass", kind: "inv", target_name: Some("Unfinished potion"), x: 0, z: 0, level: 0, index: None, source_item_id: Some(231), source_item_slot: Some(27), target_item_id: Some(99), target_item_slot: Some(13) }
[script livefzoju9_0] interact UseOn { name: "Snape grass", kind: "inv", target_name: Some("Unfinished potion"), x: 0, z: 0, level: 0, index: None, source_item_id: Some(231), source_item_slot: Some(27), target_item_id: Some(99), target_item_slot: Some(13) }
[script livefzoju9_0] interact UseOn { name: "Snape grass", kind: "inv", target_name: Some("Unfinished potion"), x: 0, z: 0, level: 0, index: None, source_item_id: Some(231), source_item_slot: Some(27), target_item_id: Some(99), target_item_slot: Some(13) }
[script livefzoju9_0] interact UseOn { name: "Snape grass", kind: "inv", target_name: Some("Unfinished potion"), x: 0, z: 0, level: 0, index: None, source_item_id: Some(231), source_item_slot: Some(27), target_item_id: Some(99), target_item_slot: Some(13) }
[script livefzoju9_0] interact UseOn { name: "Snape grass", kind: "inv", target_name: Some("Unfinished potion"), x: 0, z: 0, level: 0, index: None, source_item_id: Some(231), source_item_slot: Some(27), target_item_id: Some(99), target_item_slot: Some(13) }
[script livefzoju9_0] interact UseOn { name: "Snape grass", kind: "inv", target_name: Some("Unfinished potion"), x: 0, z: 0, level: 0, index: None, source_item_id: Some(231), source_item_slot: Some(27), target_item_id: Some(99), target_item_slot: Some(13) }
[script livefzoju9_0] interact UseOn { name: "Snape grass", kind: "inv", target_name: Some("Unfinished potion"), x: 0, z: 0, level: 0, index: None, source_item_id: Some(231), source_item_slot: Some(27), target_item_id: Some(99), target_item_slot: Some(13) }
[script livefzoju9_0] interact UseOn { name: "Snape grass", kind: "inv", target_name: Some("Unfinished potion"), x: 0, z: 0, level: 0, index: None, source_item_id: Some(231), source_item_slot: Some(27), target_item_id: Some(99), target_item_slot: Some(13) }
[script livefzoju9_0] interact UseOn { name: "Snape grass", kind: "inv", target_name: Some("Unfinished potion"), x: 0, z: 0, level: 0, index: None, source_item_id: Some(231), source_item_slot: Some(27), target_item_id: Some(99), target_item_slot: Some(13) }
[script livefzoju9_0] interact UseOn { name: "Snape grass", kind: "inv", target_name: Some("Unfinished potion"), x: 0, z: 0, level: 0, index: None, source_item_id: Some(231), source_item_slot: Some(27), target_item_id: Some(99), target_item_slot: Some(13) }
[script livefzoju9_0] interact UseOn { name: "Snape grass", kind: "inv", target_name: Some("Unfinished potion"), x: 0, z: 0, level: 0, index: None, source_item_id: Some(231), source_item_slot: Some(27), target_item_id: Some(99), target_item_slot: Some(13) }
[script livefzoju9_0] interact UseOn { name: "Snape grass", kind: "inv", target_name: Some("Unfinished potion"), x: 0, z: 0, level: 0, index: None, source_item_id: Some(231), source_item_slot: Some(27), target_item_id: Some(99), target_item_slot: Some(13) }
[script livefzoju9_0] interact UseOn { name: "Snape grass", kind: "inv", target_name: Some("Unfinished potion"), x: 0, z: 0, level: 0, index: None, source_item_id: Some(231), source_item_slot: Some(27), target_item_id: Some(99), target_item_slot: Some(13) }
[script livefzoju9_0] interact UseOn { name: "Snape grass", kind: "inv", target_name: Some("Unfinished potion"), x: 0, z: 0, level: 0, index: None, source_item_id: Some(231), source_item_slot: Some(27), target_item_id: Some(99), target_item_slot: Some(13) }
[script livefzoju9_0] interact UseOn { name: "Snape grass", kind: "inv", target_name: Some("Unfinished potion"), x: 0, z: 0, level: 0, index: None, source_item_id: Some(231), source_item_slot: Some(27), target_item_id: Some(99), target_item_slot: Some(13) }
[script livefzoju9_0] interact UseOn { name: "Snape grass", kind: "inv", target_name: Some("Unfinished potion"), x: 0, z: 0, level: 0, index: None, source_item_id: Some(231), source_item_slot: Some(27), target_item_id: Some(99), target_item_slot: Some(13) }
[script livefzoju9_0] interact UseOn { name: "Snape grass", kind: "inv", target_name: Some("Unfinished potion"), x: 0, z: 0, level: 0, index: None, source_item_id: Some(231), source_item_slot: Some(27), target_item_id: Some(99), target_item_slot: Some(13) }
[script livefzoju9_0] interact UseOn { name: "Snape grass", kind: "inv", target_name: Some("Unfinished potion"), x: 0, z: 0, level: 0, index: None, source_item_id: Some(231), source_item_slot: Some(27), target_item_id: Some(99), target_item_slot: Some(13) }
[script livefzoju9_0] interact UseOn { name: "Snape grass", kind: "inv", target_name: Some("Unfinished potion"), x: 0, z: 0, level: 0, index: None, source_item_id: Some(231), source_item_slot: Some(27), target_item_id: Some(99), target_item_slot: Some(13) }
[script livefzoju9_0] interact UseOn { name: "Snape grass", kind: "inv", target_name: Some("Unfinished potion"), x: 0, z: 0, level: 0, index: None, source_item_id: Some(231), source_item_slot: Some(27), target_item_id: Some(99), target_item_slot: Some(13) }
[script livefzoju9_0] interact UseOn { name: "Snape grass", kind: "inv", target_name: Some("Unfinished potion"), x: 0, z: 0, level: 0, index: None, source_item_id: Some(231), source_item_slot: Some(27), target_item_id: Some(99), target_item_slot: Some(13) }
[script livefzoju9_0] interact UseOn { name: "Snape grass", kind: "inv", target_name: Some("Unfinished potion"), x: 0, z: 0, level: 0, index: None, source_item_id: Some(231), source_item_slot: Some(27), target_item_id: Some(99), target_item_slot: Some(13) }
[script livefzoju9_0] interact UseOn { name: "Snape grass", kind: "inv", target_name: Some("Unfinished potion"), x: 0, z: 0, level: 0, index: None, source_item_id: Some(231), source_item_slot: Some(27), target_item_id: Some(99), target_item_slot: Some(13) }
[script livefzoju9_0] interact UseOn { name: "Snape grass", kind: "inv", target_name: Some("Unfinished potion"), x: 0, z: 0, level: 0, index: None, source_item_id: Some(231), source_item_slot: Some(27), target_item_id: Some(99), target_item_slot: Some(13) }
[script livefzoju9_0] interact UseOn { name: "Snape grass", kind: "inv", target_name: Some("Unfinished potion"), x: 0, z: 0, level: 0, index: None, source_item_id: Some(231), source_item_slot: Some(27), target_item_id: Some(99), target_item_slot: Some(13) }
[script livefzoju9_0] interact UseOn { name: "Snape grass", kind: "inv", target_name: Some("Unfinished potion"), x: 0, z: 0, level: 0, index: None, source_item_id: Some(231), source_item_slot: Some(27), target_item_id: Some(99), target_item_slot: Some(13) }
[script livefzoju9_0] interact OpenBooth { x: 3186, z: 3440, level: 0, id: 2213, name: None, action: None }
[host] slot livefzoju9_0: d_loop_us=978 d_raster_us=0 d_observe_us=61706 max_observe_us=12158 d_paints=0 d_skips=50 d_ticks=3 window_ms=1285
[host] slot livefzoju9_0: d_loop_us=863 d_raster_us=0 d_observe_us=55479 max_observe_us=11291 d_paints=0 d_skips=50 d_ticks=1 window_ms=1180
[host] slot livefzoju9_0: d_loop_us=829 d_raster_us=0 d_observe_us=56638 max_observe_us=11233 d_paints=0 d_skips=50 d_ticks=2 window_ms=1198
[host] slot livefzoju9_0: d_loop_us=878 d_raster_us=0 d_observe_us=53942 max_observe_us=10603 d_paints=0 d_skips=50 d_ticks=2 window_ms=1184
[host] slot livefzoju9_0: d_loop_us=842 d_raster_us=0 d_observe_us=52955 max_observe_us=8474 d_paints=0 d_skips=50 d_ticks=2 window_ms=1192
[host] slot livefzoju9_0: d_loop_us=805 d_raster_us=0 d_observe_us=53522 max_observe_us=8004 d_paints=0 d_skips=50 d_ticks=2 window_ms=1191
[host] slot livefzoju9_0: d_loop_us=856 d_raster_us=0 d_observe_us=57335 max_observe_us=11220 d_paints=0 d_skips=50 d_ticks=2 window_ms=1189
[script livefzoju9_0] interact Close
[shim-close] sent
[script livefzoju9_0] withdrew 14 vials of water + 14 Ranarr weed
[host] slot livefzoju9_0: d_loop_us=924 d_raster_us=0 d_observe_us=56844 max_observe_us=11639 d_paints=0 d_skips=50 d_ticks=2 window_ms=1188
[script livefzoju9_0] interact UseOn { name: "Ranarr weed", kind: "inv", target_name: Some("Vial of water"), x: 0, z: 0, level: 0, index: None, source_item_id: Some(257), source_item_slot: Some(27), target_item_id: Some(227), target_item_slot: Some(13) }
[script livefzoju9_0] interact UseOn { name: "Ranarr weed", kind: "inv", target_name: Some("Vial of water"), x: 0, z: 0, level: 0, index: None, source_item_id: Some(257), source_item_slot: Some(27), target_item_id: Some(227), target_item_slot: Some(13) }
[script livefzoju9_0] interact UseOn { name: "Ranarr weed", kind: "inv", target_name: Some("Vial of water"), x: 0, z: 0, level: 0, index: None, source_item_id: Some(257), source_item_slot: Some(27), target_item_id: Some(227), target_item_slot: Some(13) }
[script livefzoju9_0] interact UseOn { name: "Ranarr weed", kind: "inv", target_name: Some("Vial of water"), x: 0, z: 0, level: 0, index: None, source_item_id: Some(257), source_item_slot: Some(27), target_item_id: Some(227), target_item_slot: Some(13) }
[script livefzoju9_0] interact UseOn { name: "Ranarr weed", kind: "inv", target_name: Some("Vial of water"), x: 0, z: 0, level: 0, index: None, source_item_id: Some(257), source_item_slot: Some(27), target_item_id: Some(227), target_item_slot: Some(13) }
[script livefzoju9_0] interact UseOn { name: "Ranarr weed", kind: "inv", target_name: Some("Vial of water"), x: 0, z: 0, level: 0, index: None, source_item_id: Some(257), source_item_slot: Some(27), target_item_id: Some(227), target_item_slot: Some(13) }
[script livefzoju9_0] interact UseOn { name: "Ranarr weed", kind: "inv", target_name: Some("Vial of water"), x: 0, z: 0, level: 0, index: None, source_item_id: Some(257), source_item_slot: Some(27), target_item_id: Some(227), target_item_slot: Some(13) }
[script livefzoju9_0] interact UseOn { name: "Ranarr weed", kind: "inv", target_name: Some("Vial of water"), x: 0, z: 0, level: 0, index: None, source_item_id: Some(257), source_item_slot: Some(27), target_item_id: Some(227), target_item_slot: Some(13) }
[script livefzoju9_0] interact UseOn { name: "Ranarr weed", kind: "inv", target_name: Some("Vial of water"), x: 0, z: 0, level: 0, index: None, source_item_id: Some(257), source_item_slot: Some(27), target_item_id: Some(227), target_item_slot: Some(13) }
[script livefzoju9_0] interact UseOn { name: "Ranarr weed", kind: "inv", target_name: Some("Vial of water"), x: 0, z: 0, level: 0, index: None, source_item_id: Some(257), source_item_slot: Some(27), target_item_id: Some(227), target_item_slot: Some(13) }
[script livefzoju9_0] interact UseOn { name: "Ranarr weed", kind: "inv", target_name: Some("Vial of water"), x: 0, z: 0, level: 0, index: None, source_item_id: Some(257), source_item_slot: Some(27), target_item_id: Some(227), target_item_slot: Some(13) }
[script livefzoju9_0] interact UseOn { name: "Ranarr weed", kind: "inv", target_name: Some("Vial of water"), x: 0, z: 0, level: 0, index: None, source_item_id: Some(257), source_item_slot: Some(27), target_item_id: Some(227), target_item_slot: Some(13) }
[script livefzoju9_0] interact UseOn { name: "Ranarr weed", kind: "inv", target_name: Some("Vial of water"), x: 0, z: 0, level: 0, index: None, source_item_id: Some(257), source_item_slot: Some(27), target_item_id: Some(227), target_item_slot: Some(13) }
[script livefzoju9_0] interact UseOn { name: "Ranarr weed", kind: "inv", target_name: Some("Vial of water"), x: 0, z: 0, level: 0, index: None, source_item_id: Some(257), source_item_slot: Some(27), target_item_id: Some(227), target_item_slot: Some(13) }
[script livefzoju9_0] interact UseOn { name: "Ranarr weed", kind: "inv", target_name: Some("Vial of water"), x: 0, z: 0, level: 0, index: None, source_item_id: Some(257), source_item_slot: Some(27), target_item_id: Some(227), target_item_slot: Some(13) }
[script livefzoju9_0] interact UseOn { name: "Ranarr weed", kind: "inv", target_name: Some("Vial of water"), x: 0, z: 0, level: 0, index: None, source_item_id: Some(257), source_item_slot: Some(27), target_item_id: Some(227), target_item_slot: Some(13) }
[script livefzoju9_0] interact UseOn { name: "Ranarr weed", kind: "inv", target_name: Some("Vial of water"), x: 0, z: 0, level: 0, index: None, source_item_id: Some(257), source_item_slot: Some(27), target_item_id: Some(227), target_item_slot: Some(13) }
[script livefzoju9_0] interact UseOn { name: "Ranarr weed", kind: "inv", target_name: Some("Vial of water"), x: 0, z: 0, level: 0, index: None, source_item_id: Some(257), source_item_slot: Some(27), target_item_id: Some(227), target_item_slot: Some(13) }
[script livefzoju9_0] interact UseOn { name: "Ranarr weed", kind: "inv", target_name: Some("Vial of water"), x: 0, z: 0, level: 0, index: None, source_item_id: Some(257), source_item_slot: Some(27), target_item_id: Some(227), target_item_slot: Some(13) }
[script livefzoju9_0] interact UseOn { name: "Ranarr weed", kind: "inv", target_name: Some("Vial of water"), x: 0, z: 0, level: 0, index: None, source_item_id: Some(257), source_item_slot: Some(27), target_item_id: Some(227), target_item_slot: Some(13) }
[script livefzoju9_0] interact UseOn { name: "Ranarr weed", kind: "inv", target_name: Some("Vial of water"), x: 0, z: 0, level: 0, index: None, source_item_id: Some(257), source_item_slot: Some(27), target_item_id: Some(227), target_item_slot: Some(13) }
[script livefzoju9_0] interact UseOn { name: "Ranarr weed", kind: "inv", target_name: Some("Vial of water"), x: 0, z: 0, level: 0, index: None, source_item_id: Some(257), source_item_slot: Some(27), target_item_id: Some(227), target_item_slot: Some(13) }
[script livefzoju9_0] interact UseOn { name: "Ranarr weed", kind: "inv", target_name: Some("Vial of water"), x: 0, z: 0, level: 0, index: None, source_item_id: Some(257), source_item_slot: Some(27), target_item_id: Some(227), target_item_slot: Some(13) }
[script livefzoju9_0] interact UseOn { name: "Ranarr weed", kind: "inv", target_name: Some("Vial of water"), x: 0, z: 0, level: 0, index: None, source_item_id: Some(257), source_item_slot: Some(27), target_item_id: Some(227), target_item_slot: Some(13) }
[script livefzoju9_0] interact UseOn { name: "Ranarr weed", kind: "inv", target_name: Some("Vial of water"), x: 0, z: 0, level: 0, index: None, source_item_id: Some(257), source_item_slot: Some(27), target_item_id: Some(227), target_item_slot: Some(13) }
[script livefzoju9_0] interact UseOn { name: "Ranarr weed", kind: "inv", target_name: Some("Vial of water"), x: 0, z: 0, level: 0, index: None, source_item_id: Some(257), source_item_slot: Some(27), target_item_id: Some(227), target_item_slot: Some(13) }
[script livefzoju9_0] interact UseOn { name: "Ranarr weed", kind: "inv", target_name: Some("Vial of water"), x: 0, z: 0, level: 0, index: None, source_item_id: Some(257), source_item_slot: Some(27), target_item_id: Some(227), target_item_slot: Some(13) }
[script livefzoju9_0] interact UseOn { name: "Ranarr weed", kind: "inv", target_name: Some("Vial of water"), x: 0, z: 0, level: 0, index: None, source_item_id: Some(257), source_item_slot: Some(27), target_item_id: Some(227), target_item_slot: Some(13) }
[script livefzoju9_0] interact UseOn { name: "Ranarr weed", kind: "inv", target_name: Some("Vial of water"), x: 0, z: 0, level: 0, index: None, source_item_id: Some(257), source_item_slot: Some(27), target_item_id: Some(227), target_item_slot: Some(13) }
[script livefzoju9_0] interact UseOn { name: "Ranarr weed", kind: "inv", target_name: Some("Vial of water"), x: 0, z: 0, level: 0, index: None, source_item_id: Some(257), source_item_slot: Some(27), target_item_id: Some(227), target_item_slot: Some(13) }
[script livefzoju9_0] interact UseOn { name: "Ranarr weed", kind: "inv", target_name: Some("Vial of water"), x: 0, z: 0, level: 0, index: None, source_item_id: Some(257), source_item_slot: Some(27), target_item_id: Some(227), target_item_slot: Some(13) }
[script livefzoju9_0] interact UseOn { name: "Ranarr weed", kind: "inv", target_name: Some("Vial of water"), x: 0, z: 0, level: 0, index: None, source_item_id: Some(257), source_item_slot: Some(27), target_item_id: Some(227), target_item_slot: Some(13) }
[script livefzoju9_0] interact UseOn { name: "Ranarr weed", kind: "inv", target_name: Some("Vial of water"), x: 0, z: 0, level: 0, index: None, source_item_id: Some(257), source_item_slot: Some(27), target_item_id: Some(227), target_item_slot: Some(13) }
[script livefzoju9_0] interact UseOn { name: "Ranarr weed", kind: "inv", target_name: Some("Vial of water"), x: 0, z: 0, level: 0, index: None, source_item_id: Some(257), source_item_slot: Some(27), target_item_id: Some(227), target_item_slot: Some(13) }
[script livefzoju9_0] interact UseOn { name: "Ranarr weed", kind: "inv", target_name: Some("Vial of water"), x: 0, z: 0, level: 0, index: None, source_item_id: Some(257), source_item_slot: Some(27), target_item_id: Some(227), target_item_slot: Some(13) }
[script livefzoju9_0] interact UseOn { name: "Ranarr weed", kind: "inv", target_name: Some("Vial of water"), x: 0, z: 0, level: 0, index: None, source_item_id: Some(257), source_item_slot: Some(27), target_item_id: Some(227), target_item_slot: Some(13) }
[script livefzoju9_0] interact UseOn { name: "Ranarr weed", kind: "inv", target_name: Some("Vial of water"), x: 0, z: 0, level: 0, index: None, source_item_id: Some(257), source_item_slot: Some(27), target_item_id: Some(227), target_item_slot: Some(13) }
[script livefzoju9_0] interact UseOn { name: "Ranarr weed", kind: "inv", target_name: Some("Vial of water"), x: 0, z: 0, level: 0, index: None, source_item_id: Some(257), source_item_slot: Some(27), target_item_id: Some(227), target_item_slot: Some(13) }
[script livefzoju9_0] interact UseOn { name: "Ranarr weed", kind: "inv", target_name: Some("Vial of water"), x: 0, z: 0, level: 0, index: None, source_item_id: Some(257), source_item_slot: Some(27), target_item_id: Some(227), target_item_slot: Some(13) }
[script livefzoju9_0] interact UseOn { name: "Ranarr weed", kind: "inv", target_name: Some("Vial of water"), x: 0, z: 0, level: 0, index: None, source_item_id: Some(257), source_item_slot: Some(27), target_item_id: Some(227), target_item_slot: Some(13) }
[script livefzoju9_0] interact UseOn { name: "Ranarr weed", kind: "inv", target_name: Some("Vial of water"), x: 0, z: 0, level: 0, index: None, source_item_id: Some(257), source_item_slot: Some(27), target_item_id: Some(227), target_item_slot: Some(13) }
[script livefzoju9_0] interact UseOn { name: "Ranarr weed", kind: "inv", target_name: Some("Vial of water"), x: 0, z: 0, level: 0, index: None, source_item_id: Some(257), source_item_slot: Some(27), target_item_id: Some(227), target_item_slot: Some(13) }
[script livefzoju9_0] interact UseOn { name: "Ranarr weed", kind: "inv", target_name: Some("Vial of water"), x: 0, z: 0, level: 0, index: None, source_item_id: Some(257), source_item_slot: Some(27), target_item_id: Some(227), target_item_slot: Some(13) }
[script livefzoju9_0] interact UseOn { name: "Ranarr weed", kind: "inv", target_name: Some("Vial of water"), x: 0, z: 0, level: 0, index: None, source_item_id: Some(257), source_item_slot: Some(27), target_item_id: Some(227), target_item_slot: Some(13) }
[script livefzoju9_0] interact UseOn { name: "Ranarr weed", kind: "inv", target_name: Some("Vial of water"), x: 0, z: 0, level: 0, index: None, source_item_id: Some(257), source_item_slot: Some(27), target_item_id: Some(227), target_item_slot: Some(13) }
[script livefzoju9_0] interact UseOn { name: "Ranarr weed", kind: "inv", target_name: Some("Vial of water"), x: 0, z: 0, level: 0, index: None, source_item_id: Some(257), source_item_slot: Some(27), target_item_id: Some(227), target_item_slot: Some(13) }
[script livefzoju9_0] interact UseOn { name: "Ranarr weed", kind: "inv", target_name: Some("Vial of water"), x: 0, z: 0, level: 0, index: None, source_item_id: Some(257), source_item_slot: Some(27), target_item_id: Some(227), target_item_slot: Some(13) }
[script livefzoju9_0] interact UseOn { name: "Ranarr weed", kind: "inv", target_name: Some("Vial of water"), x: 0, z: 0, level: 0, index: None, source_item_id: Some(257), source_item_slot: Some(27), target_item_id: Some(227), target_item_slot: Some(13) }
[script livefzoju9_0] interact UseOn { name: "Ranarr weed", kind: "inv", target_name: Some("Vial of water"), x: 0, z: 0, level: 0, index: None, source_item_id: Some(257), source_item_slot: Some(27), target_item_id: Some(227), target_item_slot: Some(13) }
[script livefzoju9_0] interact UseOn { name: "Ranarr weed", kind: "inv", target_name: Some("Vial of water"), x: 0, z: 0, level: 0, index: None, source_item_id: Some(257), source_item_slot: Some(27), target_item_id: Some(227), target_item_slot: Some(13) }
[script livefzoju9_0] interact UseOn { name: "Ranarr weed", kind: "inv", target_name: Some("Vial of water"), x: 0, z: 0, level: 0, index: None, source_item_id: Some(257), source_item_slot: Some(27), target_item_id: Some(227), target_item_slot: Some(13) }
[script livefzoju9_0] interact UseOn { name: "Ranarr weed", kind: "inv", target_name: Some("Vial of water"), x: 0, z: 0, level: 0, index: None, source_item_id: Some(257), source_item_slot: Some(27), target_item_id: Some(227), target_item_slot: Some(13) }
[script livefzoju9_0] interact UseOn { name: "Ranarr weed", kind: "inv", target_name: Some("Vial of water"), x: 0, z: 0, level: 0, index: None, source_item_id: Some(257), source_item_slot: Some(27), target_item_id: Some(227), target_item_slot: Some(13) }
[script livefzoju9_0] interact UseOn { name: "Ranarr weed", kind: "inv", target_name: Some("Vial of water"), x: 0, z: 0, level: 0, index: None, source_item_id: Some(257), source_item_slot: Some(27), target_item_id: Some(227), target_item_slot: Some(13) }
[script livefzoju9_0] interact UseOn { name: "Ranarr weed", kind: "inv", target_name: Some("Vial of water"), x: 0, z: 0, level: 0, index: None, source_item_id: Some(257), source_item_slot: Some(27), target_item_id: Some(227), target_item_slot: Some(13) }
[script livefzoju9_0] interact UseOn { name: "Ranarr weed", kind: "inv", target_name: Some("Vial of water"), x: 0, z: 0, level: 0, index: None, source_item_id: Some(257), source_item_slot: Some(27), target_item_id: Some(227), target_item_slot: Some(13) }
[host] slot livefzoju9_0: d_loop_us=922 d_raster_us=0 d_observe_us=60009 max_observe_us=11388 d_paints=0 d_skips=50 d_ticks=2 window_ms=1179
[host] slot livefzoju9_0: d_loop_us=1203 d_raster_us=0 d_observe_us=56079 max_observe_us=10630 d_paints=0 d_skips=50 d_ticks=2 window_ms=1168
[script livefzoju9_0] interact OpenBooth { x: 3186, z: 3440, level: 0, id: 2213, name: None, action: None }
[host] slot livefzoju9_0: d_loop_us=922 d_raster_us=0 d_observe_us=49957 max_observe_us=8279 d_paints=0 d_skips=50 d_ticks=2 window_ms=1178
[host] slot livefzoju9_0: d_loop_us=887 d_raster_us=0 d_observe_us=60072 max_observe_us=10750 d_paints=0 d_skips=50 d_ticks=2 window_ms=1177
[script livefzoju9_0] interact Close
[shim-close] sent
[host] slot livefzoju9_0: d_loop_us=978 d_raster_us=0 d_observe_us=57588 max_observe_us=11910 d_paints=0 d_skips=50 d_ticks=2 window_ms=1192
[script livefzoju9_0] interact UseOn { name: "Snape grass", kind: "inv", target_name: Some("Unfinished potion"), x: 0, z: 0, level: 0, index: None, source_item_id: Some(231), source_item_slot: Some(27), target_item_id: Some(99), target_item_slot: Some(13) }
[script livefzoju9_0] interact UseOn { name: "Snape grass", kind: "inv", target_name: Some("Unfinished potion"), x: 0, z: 0, level: 0, index: None, source_item_id: Some(231), source_item_slot: Some(27), target_item_id: Some(99), target_item_slot: Some(13) }
[script livefzoju9_0] interact UseOn { name: "Snape grass", kind: "inv", target_name: Some("Unfinished potion"), x: 0, z: 0, level: 0, index: None, source_item_id: Some(231), source_item_slot: Some(27), target_item_id: Some(99), target_item_slot: Some(13) }
[script livefzoju9_0] interact UseOn { name: "Snape grass", kind: "inv", target_name: Some("Unfinished potion"), x: 0, z: 0, level: 0, index: None, source_item_id: Some(231), source_item_slot: Some(27), target_item_id: Some(99), target_item_slot: Some(13) }
[script livefzoju9_0] interact UseOn { name: "Snape grass", kind: "inv", target_name: Some("Unfinished potion"), x: 0, z: 0, level: 0, index: None, source_item_id: Some(231), source_item_slot: Some(27), target_item_id: Some(99), target_item_slot: Some(13) }
[script livefzoju9_0] interact UseOn { name: "Snape grass", kind: "inv", target_name: Some("Unfinished potion"), x: 0, z: 0, level: 0, index: None, source_item_id: Some(231), source_item_slot: Some(27), target_item_id: Some(99), target_item_slot: Some(13) }
[script livefzoju9_0] interact UseOn { name: "Snape grass", kind: "inv", target_name: Some("Unfinished potion"), x: 0, z: 0, level: 0, index: None, source_item_id: Some(231), source_item_slot: Some(27), target_item_id: Some(99), target_item_slot: Some(13) }
[script livefzoju9_0] interact UseOn { name: "Snape grass", kind: "inv", target_name: Some("Unfinished potion"), x: 0, z: 0, level: 0, index: None, source_item_id: Some(231), source_item_slot: Some(27), target_item_id: Some(99), target_item_slot: Some(13) }
[script livefzoju9_0] interact UseOn { name: "Snape grass", kind: "inv", target_name: Some("Unfinished potion"), x: 0, z: 0, level: 0, index: None, source_item_id: Some(231), source_item_slot: Some(27), target_item_id: Some(99), target_item_slot: Some(13) }
[script livefzoju9_0] interact UseOn { name: "Snape grass", kind: "inv", target_name: Some("Unfinished potion"), x: 0, z: 0, level: 0, index: None, source_item_id: Some(231), source_item_slot: Some(27), target_item_id: Some(99), target_item_slot: Some(13) }
[script livefzoju9_0] interact UseOn { name: "Snape grass", kind: "inv", target_name: Some("Unfinished potion"), x: 0, z: 0, level: 0, index: None, source_item_id: Some(231), source_item_slot: Some(27), target_item_id: Some(99), target_item_slot: Some(13) }
[script livefzoju9_0] interact UseOn { name: "Snape grass", kind: "inv", target_name: Some("Unfinished potion"), x: 0, z: 0, level: 0, index: None, source_item_id: Some(231), source_item_slot: Some(27), target_item_id: Some(99), target_item_slot: Some(13) }
[script livefzoju9_0] interact UseOn { name: "Snape grass", kind: "inv", target_name: Some("Unfinished potion"), x: 0, z: 0, level: 0, index: None, source_item_id: Some(231), source_item_slot: Some(27), target_item_id: Some(99), target_item_slot: Some(13) }
[script livefzoju9_0] interact UseOn { name: "Snape grass", kind: "inv", target_name: Some("Unfinished potion"), x: 0, z: 0, level: 0, index: None, source_item_id: Some(231), source_item_slot: Some(27), target_item_id: Some(99), target_item_slot: Some(13) }
[script livefzoju9_0] interact UseOn { name: "Snape grass", kind: "inv", target_name: Some("Unfinished potion"), x: 0, z: 0, level: 0, index: None, source_item_id: Some(231), source_item_slot: Some(27), target_item_id: Some(99), target_item_slot: Some(13) }
[script livefzoju9_0] interact UseOn { name: "Snape grass", kind: "inv", target_name: Some("Unfinished potion"), x: 0, z: 0, level: 0, index: None, source_item_id: Some(231), source_item_slot: Some(27), target_item_id: Some(99), target_item_slot: Some(13) }
[script livefzoju9_0] interact UseOn { name: "Snape grass", kind: "inv", target_name: Some("Unfinished potion"), x: 0, z: 0, level: 0, index: None, source_item_id: Some(231), source_item_slot: Some(27), target_item_id: Some(99), target_item_slot: Some(13) }
[script livefzoju9_0] interact UseOn { name: "Snape grass", kind: "inv", target_name: Some("Unfinished potion"), x: 0, z: 0, level: 0, index: None, source_item_id: Some(231), source_item_slot: Some(27), target_item_id: Some(99), target_item_slot: Some(13) }
[script livefzoju9_0] interact UseOn { name: "Snape grass", kind: "inv", target_name: Some("Unfinished potion"), x: 0, z: 0, level: 0, index: None, source_item_id: Some(231), source_item_slot: Some(27), target_item_id: Some(99), target_item_slot: Some(13) }
[script livefzoju9_0] interact UseOn { name: "Snape grass", kind: "inv", target_name: Some("Unfinished potion"), x: 0, z: 0, level: 0, index: None, source_item_id: Some(231), source_item_slot: Some(27), target_item_id: Some(99), target_item_slot: Some(13) }
[script livefzoju9_0] interact UseOn { name: "Snape grass", kind: "inv", target_name: Some("Unfinished potion"), x: 0, z: 0, level: 0, index: None, source_item_id: Some(231), source_item_slot: Some(27), target_item_id: Some(99), target_item_slot: Some(13) }
[script livefzoju9_0] interact UseOn { name: "Snape grass", kind: "inv", target_name: Some("Unfinished potion"), x: 0, z: 0, level: 0, index: None, source_item_id: Some(231), source_item_slot: Some(27), target_item_id: Some(99), target_item_slot: Some(13) }
[script livefzoju9_0] interact UseOn { name: "Snape grass", kind: "inv", target_name: Some("Unfinished potion"), x: 0, z: 0, level: 0, index: None, source_item_id: Some(231), source_item_slot: Some(27), target_item_id: Some(99), target_item_slot: Some(13) }
[script livefzoju9_0] interact UseOn { name: "Snape grass", kind: "inv", target_name: Some("Unfinished potion"), x: 0, z: 0, level: 0, index: None, source_item_id: Some(231), source_item_slot: Some(27), target_item_id: Some(99), target_item_slot: Some(13) }
[script livefzoju9_0] interact UseOn { name: "Snape grass", kind: "inv", target_name: Some("Unfinished potion"), x: 0, z: 0, level: 0, index: None, source_item_id: Some(231), source_item_slot: Some(27), target_item_id: Some(99), target_item_slot: Some(13) }
[script livefzoju9_0] interact UseOn { name: "Snape grass", kind: "inv", target_name: Some("Unfinished potion"), x: 0, z: 0, level: 0, index: None, source_item_id: Some(231), source_item_slot: Some(27), target_item_id: Some(99), target_item_slot: Some(13) }
[script livefzoju9_0] interact UseOn { name: "Snape grass", kind: "inv", target_name: Some("Unfinished potion"), x: 0, z: 0, level: 0, index: None, source_item_id: Some(231), source_item_slot: Some(27), target_item_id: Some(99), target_item_slot: Some(13) }
[script livefzoju9_0] interact UseOn { name: "Snape grass", kind: "inv", target_name: Some("Unfinished potion"), x: 0, z: 0, level: 0, index: None, source_item_id: Some(231), source_item_slot: Some(27), target_item_id: Some(99), target_item_slot: Some(13) }
[script livefzoju9_0] interact UseOn { name: "Snape grass", kind: "inv", target_name: Some("Unfinished potion"), x: 0, z: 0, level: 0, index: None, source_item_id: Some(231), source_item_slot: Some(27), target_item_id: Some(99), target_item_slot: Some(13) }
[script livefzoju9_0] interact UseOn { name: "Snape grass", kind: "inv", target_name: Some("Unfinished potion"), x: 0, z: 0, level: 0, index: None, source_item_id: Some(231), source_item_slot: Some(27), target_item_id: Some(99), target_item_slot: Some(13) }
[script livefzoju9_0] interact UseOn { name: "Snape grass", kind: "inv", target_name: Some("Unfinished potion"), x: 0, z: 0, level: 0, index: None, source_item_id: Some(231), source_item_slot: Some(27), target_item_id: Some(99), target_item_slot: Some(13) }
[script livefzoju9_0] interact UseOn { name: "Snape grass", kind: "inv", target_name: Some("Unfinished potion"), x: 0, z: 0, level: 0, index: None, source_item_id: Some(231), source_item_slot: Some(27), target_item_id: Some(99), target_item_slot: Some(13) }
[script livefzoju9_0] interact UseOn { name: "Snape grass", kind: "inv", target_name: Some("Unfinished potion"), x: 0, z: 0, level: 0, index: None, source_item_id: Some(231), source_item_slot: Some(27), target_item_id: Some(99), target_item_slot: Some(13) }
[script livefzoju9_0] interact UseOn { name: "Snape grass", kind: "inv", target_name: Some("Unfinished potion"), x: 0, z: 0, level: 0, index: None, source_item_id: Some(231), source_item_slot: Some(27), target_item_id: Some(99), target_item_slot: Some(13) }
[script livefzoju9_0] interact UseOn { name: "Snape grass", kind: "inv", target_name: Some("Unfinished potion"), x: 0, z: 0, level: 0, index: None, source_item_id: Some(231), source_item_slot: Some(27), target_item_id: Some(99), target_item_slot: Some(13) }
[script livefzoju9_0] interact UseOn { name: "Snape grass", kind: "inv", target_name: Some("Unfinished potion"), x: 0, z: 0, level: 0, index: None, source_item_id: Some(231), source_item_slot: Some(27), target_item_id: Some(99), target_item_slot: Some(13) }
[script livefzoju9_0] interact UseOn { name: "Snape grass", kind: "inv", target_name: Some("Unfinished potion"), x: 0, z: 0, level: 0, index: None, source_item_id: Some(231), source_item_slot: Some(27), target_item_id: Some(99), target_item_slot: Some(13) }
[script livefzoju9_0] interact UseOn { name: "Snape grass", kind: "inv", target_name: Some("Unfinished potion"), x: 0, z: 0, level: 0, index: None, source_item_id: Some(231), source_item_slot: Some(27), target_item_id: Some(99), target_item_slot: Some(13) }
[script livefzoju9_0] interact UseOn { name: "Snape grass", kind: "inv", target_name: Some("Unfinished potion"), x: 0, z: 0, level: 0, index: None, source_item_id: Some(231), source_item_slot: Some(27), target_item_id: Some(99), target_item_slot: Some(13) }
[script livefzoju9_0] interact UseOn { name: "Snape grass", kind: "inv", target_name: Some("Unfinished potion"), x: 0, z: 0, level: 0, index: None, source_item_id: Some(231), source_item_slot: Some(27), target_item_id: Some(99), target_item_slot: Some(13) }
[script livefzoju9_0] interact UseOn { name: "Snape grass", kind: "inv", target_name: Some("Unfinished potion"), x: 0, z: 0, level: 0, index: None, source_item_id: Some(231), source_item_slot: Some(27), target_item_id: Some(99), target_item_slot: Some(13) }
[script livefzoju9_0] interact UseOn { name: "Snape grass", kind: "inv", target_name: Some("Unfinished potion"), x: 0, z: 0, level: 0, index: None, source_item_id: Some(231), source_item_slot: Some(27), target_item_id: Some(99), target_item_slot: Some(13) }
[script livefzoju9_0] interact UseOn { name: "Snape grass", kind: "inv", target_name: Some("Unfinished potion"), x: 0, z: 0, level: 0, index: None, source_item_id: Some(231), source_item_slot: Some(27), target_item_id: Some(99), target_item_slot: Some(13) }
[script livefzoju9_0] interact UseOn { name: "Snape grass", kind: "inv", target_name: Some("Unfinished potion"), x: 0, z: 0, level: 0, index: None, source_item_id: Some(231), source_item_slot: Some(27), target_item_id: Some(99), target_item_slot: Some(13) }
[script livefzoju9_0] interact UseOn { name: "Snape grass", kind: "inv", target_name: Some("Unfinished potion"), x: 0, z: 0, level: 0, index: None, source_item_id: Some(231), source_item_slot: Some(27), target_item_id: Some(99), target_item_slot: Some(13) }
[script livefzoju9_0] interact UseOn { name: "Snape grass", kind: "inv", target_name: Some("Unfinished potion"), x: 0, z: 0, level: 0, index: None, source_item_id: Some(231), source_item_slot: Some(27), target_item_id: Some(99), target_item_slot: Some(13) }
[script livefzoju9_0] interact UseOn { name: "Snape grass", kind: "inv", target_name: Some("Unfinished potion"), x: 0, z: 0, level: 0, index: None, source_item_id: Some(231), source_item_slot: Some(27), target_item_id: Some(99), target_item_slot: Some(13) }
[script livefzoju9_0] interact UseOn { name: "Snape grass", kind: "inv", target_name: Some("Unfinished potion"), x: 0, z: 0, level: 0, index: None, source_item_id: Some(231), source_item_slot: Some(27), target_item_id: Some(99), target_item_slot: Some(13) }
[script livefzoju9_0] interact UseOn { name: "Snape grass", kind: "inv", target_name: Some("Unfinished potion"), x: 0, z: 0, level: 0, index: None, source_item_id: Some(231), source_item_slot: Some(27), target_item_id: Some(99), target_item_slot: Some(13) }
[script livefzoju9_0] interact UseOn { name: "Snape grass", kind: "inv", target_name: Some("Unfinished potion"), x: 0, z: 0, level: 0, index: None, source_item_id: Some(231), source_item_slot: Some(27), target_item_id: Some(99), target_item_slot: Some(13) }
[script livefzoju9_0] interact UseOn { name: "Snape grass", kind: "inv", target_name: Some("Unfinished potion"), x: 0, z: 0, level: 0, index: None, source_item_id: Some(231), source_item_slot: Some(27), target_item_id: Some(99), target_item_slot: Some(13) }
[script livefzoju9_0] interact UseOn { name: "Snape grass", kind: "inv", target_name: Some("Unfinished potion"), x: 0, z: 0, level: 0, index: None, source_item_id: Some(231), source_item_slot: Some(27), target_item_id: Some(99), target_item_slot: Some(13) }
[script livefzoju9_0] interact UseOn { name: "Snape grass", kind: "inv", target_name: Some("Unfinished potion"), x: 0, z: 0, level: 0, index: None, source_item_id: Some(231), source_item_slot: Some(27), target_item_id: Some(99), target_item_slot: Some(13) }
[script livefzoju9_0] interact UseOn { name: "Snape grass", kind: "inv", target_name: Some("Unfinished potion"), x: 0, z: 0, level: 0, index: None, source_item_id: Some(231), source_item_slot: Some(27), target_item_id: Some(99), target_item_slot: Some(13) }
[script livefzoju9_0] interact UseOn { name: "Snape grass", kind: "inv", target_name: Some("Unfinished potion"), x: 0, z: 0, level: 0, index: None, source_item_id: Some(231), source_item_slot: Some(27), target_item_id: Some(99), target_item_slot: Some(13) }
[script livefzoju9_0] interact UseOn { name: "Snape grass", kind: "inv", target_name: Some("Unfinished potion"), x: 0, z: 0, level: 0, index: None, source_item_id: Some(231), source_item_slot: Some(27), target_item_id: Some(99), target_item_slot: Some(13) }
PASS: catalog_boundary_live: {"scenario":"potion_maker_named","runner":"Some(Evidence { scenario: \"potion_maker_named\", outcome: \"PASS\", predicate: \"has_item_id(139)>=1\", ticks: 149, elapsed_ms: 77072, message: None, tile: Some([3185, 3440, 0]), inv: [InvRow { id: 139, name: Some(\"Prayer potion(3)\"), count: 1 }, InvRow { id: 139, name: Some(\"Prayer potion(3)\"), count: 1 }, InvRow { id: 139, name: Some(\"Prayer potion(3)\"), count: 1 }, InvRow { id: 139, name: Some(\"Prayer potion(3)\"), count: 1 }, InvRow { id: 139, name: Some(\"Prayer potion(3)\"), count: 1 }, InvRow { id: 99, name: Some(\"Unfinished potion\"), count: 1 }, InvRow { id: 99, name: Some(\"Unfinished potion\"), count: 1 }, InvRow { id: 99, name: Some(\"Unfinished potion\"), count: 1 }, InvRow { id: 99, name: Some(\"Unfinished potion\"), count: 1 }, InvRow { id: 99, name: Some(\"Unfinished potion\"), count: 1 }, InvRow { id: 99, name: Some(\"Unfinished potion\"), count: 1 }, InvRow { id: 99, name: Some(\"Unfinished potion\"), count: 1 }, InvRow { id: 99, name: Some(\"Unfinished potion\"), count: 1 }, InvRow { id: 99, name: Some(\"Unfinished potion\"), count: 1 }, InvRow { id: 231, name: Some(\"Snape grass\"), count: 1 }, InvRow { id: 231, name: Some(\"Snape grass\"), count: 1 }, InvRow { id: 231, name: Some(\"Snape grass\"), count: 1 }, InvRow { id: 231, name: Some(\"Snape grass\"), count: 1 }, InvRow { id: 231, name: Some(\"Snape grass\"), count: 1 }, InvRow { id: 231, name: Some(\"Snape grass\"), count: 1 }, InvRow { id: 231, name: Some(\"Snape grass\"), count: 1 }, InvRow { id: 231, name: Some(\"Snape grass\"), count: 1 }, InvRow { id: 231, name: Some(\"Snape grass\"), count: 1 }], stat: Some(StatRow { runenergy: 100 }), chat: [ChatRow { text: \"You mix the snape grass into your potion.\", username: None }, ChatRow { text: \"You mix the snape grass into your potion.\", username: None }, ChatRow { text: \"You mix the snape grass into your potion.\", username: None }, ChatRow { text: \"You mix the snape grass into your potion.\", username: None }, ChatRow { text: \"You mix the snape grass into your potion.\", username: None }, ChatRow { text: \"You put the Ranarr Weed into the vial of water.\", username: None }, ChatRow { text: \"You put the Ranarr Weed into the vial of water.\", username: None }, ChatRow { text: \"You put the Ranarr Weed into the vial of water.\", username: None }, ChatRow { text: \"You put the Ranarr Weed into the vial of water.\", username: None }, ChatRow { text: \"You put the Ranarr Weed into the vial of water.\", username: None }, ChatRow { text: \"You put the Ranarr Weed into the vial of water.\", username: None }, ChatRow { text: \"You put the Ranarr Weed into the vial of water.\", username: None }, ChatRow { text: \"You put the Ranarr Weed into the vial of water.\", username: None }, ChatRow { text: \"You put the Ranarr Weed into the vial of water.\", username: None }, ChatRow { text: \"You put the Ranarr Weed into the vial of water.\", username: None }, ChatRow { text: \"You put the Ranarr Weed into the vial of water.\", username: None }, ChatRow { text: \"You put the Ranarr Weed into the vial of water.\", username: None }, ChatRow { text: \"You put the Ranarr Weed into the vial of water.\", username: None }, ChatRow { text: \"You put the Ranarr Weed into the vial of water.\", username: None }, ChatRow { text: \"You mix the snape grass into your potion.\", username: None }, ChatRow { text: \"You mix the snape grass into your potion.\", username: None }, ChatRow { text: \"You mix the snape grass into your potion.\", username: None }, ChatRow { text: \"You mix the snape grass into your potion.\", username: None }, ChatRow { text: \"You mix the snape grass into your potion.\", username: None }, ChatRow { text: \"You mix the snape grass into your potion.\", username: None }, ChatRow { text: \"You mix the snape grass into your potion.\", username: None }, ChatRow { text: \"You mix the snape grass into your potion.\", username: None }, ChatRow { text: \"You mix the snape grass into your potion.\", username: None }, ChatRow { text: \"You mix the snape grass into your potion.\", username: None }, ChatRow { text: \"You mix the snape grass into your potion.\", username: None }, ChatRow { text: \"You mix the snape grass into your potion.\", username: None }, ChatRow { text: \"You mix the snape grass into your potion.\", username: None }, ChatRow { text: \"You mix the snape grass into your potion.\", username: None }, ChatRow { text: \"You put the Ranarr Weed into the vial of water.\", username: None }, ChatRow { text: \"You put the Ranarr Weed into the vial of water.\", username: None }, ChatRow { text: \"You put the Ranarr Weed into the vial of water.\", username: None }, ChatRow { text: \"You put the Ranarr Weed into the vial of water.\", username: None }, ChatRow { text: \"You put the Ranarr Weed into the vial of water.\", username: None }, ChatRow { text: \"You put the Ranarr Weed into the vial of water.\", username: None }, ChatRow { text: \"You put the Ranarr Weed into the vial of water.\", username: None }, ChatRow { text: \"You put the Ranarr Weed into the vial of water.\", username: None }, ChatRow { text: \"You put the Ranarr Weed into the vial of water.\", username: None }, ChatRow { text: \"You put the Ranarr Weed into the vial of water.\", username: None }, ChatRow { text: \"You put the Ranarr Weed into the vial of water.\", username: None }, ChatRow { text: \"You put the Ranarr Weed into the vial of water.\", username: None }, ChatRow { text: \"You put the Ranarr Weed into the vial of water.\", username: None }, ChatRow { text: \"You put the Ranarr Weed into the vial of water.\", username: None }, ChatRow { text: \"You mix the snape grass into your potion.\", username: None }, ChatRow { text: \"You mix the snape grass into your potion.\", username: None }, ChatRow { text: \"You mix the snape grass into your potion.\", username: None }, ChatRow { text: \"You mix the snape grass into your potion.\", username: None }, ChatRow { text: \"You mix the snape grass into your potion.\", username: None }, ChatRow { text: \"You mix the snape grass into your potion.\", username: None }, ChatRow { text: \"You mix the snape grass into your potion.\", username: None }, ChatRow { text: \"You mix the snape grass into your potion.\", username: None }, ChatRow { text: \"You mix the snape grass into your potion.\", username: None }, ChatRow { text: \"You mix the snape grass into your potion.\", username: None }, ChatRow { text: \"You mix the snape grass into your potion.\", username: None }, ChatRow { text: \"You mix the snape grass into your potion.\", username: None }, ChatRow { text: \"You mix the snape grass into your potion.\", username: None }, ChatRow { text: \"You mix the snape grass into your potion.\", username: None }, ChatRow { text: \"You put the Ranarr Weed into the vial of water.\", username: None }, ChatRow { text: \"You put the Ranarr Weed into the vial of water.\", username: None }, ChatRow { text: \"You put the Ranarr Weed into the vial of water.\", username: None }, ChatRow { text: \"You put the Ranarr Weed into the vial of water.\", username: None }, ChatRow { text: \"You put the Ranarr Weed into the vial of water.\", username: None }, ChatRow { text: \"You put the Ranarr Weed into the vial of water.\", username: None }, ChatRow { text: \"You put the Ranarr Weed into the vial of water.\", username: None }, ChatRow { text: \"You put the Ranarr Weed into the vial of water.\", username: None }, ChatRow { text: \"You put the Ranarr Weed into the vial of water.\", username: None }, ChatRow { text: \"You put the Ranarr Weed into the vial of water.\", username: None }, ChatRow { text: \"You put the Ranarr Weed into the vial of water.\", username: None }, ChatRow { text: \"You put the Ranarr Weed into the vial of water.\", username: None }, ChatRow { text: \"You put the Ranarr Weed into the vial of water.\", username: None }, ChatRow { text: \"You put the Ranarr Weed into the vial of water.\", username: None }, ChatRow { text: \"Inventory wiped.\", username: None }, ChatRow { text: \"set tutorial: to 1000\", username: None }, ChatRow { text: \"Welcome to RuneScape.\", username: None }], scene: 2 })","core":{"case":"potion_maker_named","baseline":{"ingame":true,"scene_state":2,"player":"Livefzoju9 0","tile":[3185,3440,0],"tick":36,"items":{},"item_ids":{},"bank":{},"bank_ids":{},"bank_open":false,"bank_loaded":false,"bank_generation":2,"levels":{"-unused-":0,"agility":1,"attack":1,"cooking":1,"crafting":1,"defence":1,"firemaking":1,"fishing":1,"fletching":1,"herblore":38,"hitpoints":10,"magic":1,"mining":1,"prayer":1,"ranged":1,"runecraft":1,"slayer":1,"smithing":1,"strength":1,"thieving":1,"woodcutting":1},"xp":{"-unused-":0,"agility":0,"attack":0,"cooking":0,"crafting":0,"defence":0,"firemaking":0,"fishing":0,"fletching":0,"herblore":30408,"hitpoints":1154,"magic":0,"mining":0,"prayer":0,"ranged":0,"runecraft":0,"slayer":0,"smithing":0,"strength":0,"thieving":0,"woodcutting":0},"chat":[[8,"Inventory wiped."],[7,"set tutorial: to 1000"],[6,"Welcome to RuneScape."]],"loc_facts":[{"id":1533,"x":3183,"z":3434,"level":0,"name":"Door","open":true}],"equipment_ids":{}},"latest":{"ingame":true,"scene_state":2,"player":"Livefzoju9 0","tile":[3185,3440,0],"tick":110,"items":{"Prayer potion(3)":5,"Snape grass":9,"Unfinished potion":9},"item_ids":{"99":9,"139":5,"231":9},"bank":{},"bank_ids":{},"bank_open":false,"bank_loaded":false,"bank_generation":14,"levels":{"-unused-":0,"agility":1,"attack":1,"cooking":1,"crafting":1,"defence":1,"firemaking":1,"fishing":1,"fletching":1,"herblore":38,"hitpoints":10,"magic":1,"mining":1,"prayer":1,"ranged":1,"runecraft":1,"slayer":1,"smithing":1,"strength":1,"thieving":1,"woodcutting":1},"xp":{"-unused-":0,"agility":0,"attack":0,"cooking":0,"crafting":0,"defence":0,"firemaking":0,"fishing":0,"fletching":0,"herblore":33295,"hitpoints":1154,"magic":0,"mining":0,"prayer":0,"ranged":0,"runecraft":0,"slayer":0,"smithing":0,"strength":0,"thieving":0,"woodcutting":0},"chat":[[83,"You mix the snape grass into your potion."],[82,"You mix the snape grass into your potion."],[81,"You mix the snape grass into your potion."],[80,"You mix the snape grass into your potion."],[79,"You mix the snape grass into your potion."],[78,"You put the Ranarr Weed into the vial of water."],[77,"You put the Ranarr Weed into the vial of water."],[76,"You put the Ranarr Weed into the vial of water."],[75,"You put the Ranarr Weed into the vial of water."],[74,"You put the Ranarr Weed into the vial of water."],[73,"You put the Ranarr Weed into the vial of water."],[72,"You put the Ranarr Weed into the vial of water."],[71,"You put the Ranarr Weed into the vial of water."],[70,"You put the Ranarr Weed into the vial of water."],[69,"You put the Ranarr Weed into the vial of water."],[68,"You put the Ranarr Weed into the vial of water."],[67,"You put the Ranarr Weed into the vial of water."],[66,"You put the Ranarr Weed into the vial of water."],[65,"You put the Ranarr Weed into the vial of water."],[64,"You mix the snape grass into your potion."],[63,"You mix the snape grass into your potion."],[62,"You mix the snape grass into your potion."],[61,"You mix the snape grass into your potion."],[60,"You mix the snape grass into your potion."],[59,"You mix the snape grass into your potion."],[58,"You mix the snape grass into your potion."],[57,"You mix the snape grass into your potion."],[56,"You mix the snape grass into your potion."],[55,"You mix the snape grass into your potion."],[54,"You mix the snape grass into your potion."],[53,"You mix the snape grass into your potion."],[52,"You mix the snape grass into your potion."],[51,"You mix the snape grass into your potion."],[50,"You put the Ranarr Weed into the vial of water."],[49,"You put the Ranarr Weed into the vial of water."],[48,"You put the Ranarr Weed into the vial of water."],[47,"You put the Ranarr Weed into the vial of water."],[46,"You put the Ranarr Weed into the vial of water."],[45,"You put the Ranarr Weed into the vial of water."],[44,"You put the Ranarr Weed into the vial of water."],[43,"You put the Ranarr Weed into the vial of water."],[42,"You put the Ranarr Weed into the vial of water."],[41,"You put the Ranarr Weed into the vial of water."],[40,"You put the Ranarr Weed into the vial of water."],[39,"You put the Ranarr Weed into the vial of water."],[38,"You put the Ranarr Weed into the vial of water."],[37,"You put the Ranarr Weed into the vial of water."],[36,"You mix the snape grass into your potion."],[35,"You mix the snape grass into your potion."],[34,"You mix the snape grass into your potion."],[33,"You mix the snape grass into your potion."],[32,"You mix the snape grass into your potion."],[31,"You mix the snape grass into your potion."],[30,"You mix the snape grass into your potion."],[29,"You mix the snape grass into your potion."],[28,"You mix the snape grass into your potion."],[27,"You mix the snape grass into your potion."],[26,"You mix the snape grass into your potion."],[25,"You mix the snape grass into your potion."],[24,"You mix the snape grass into your potion."],[23,"You mix the snape grass into your potion."],[22,"You put the Ranarr Weed into the vial of water."],[21,"You put the Ranarr Weed into the vial of water."],[20,"You put the Ranarr Weed into the vial of water."],[19,"You put the Ranarr Weed into the vial of water."],[18,"You put the Ranarr Weed into the vial of water."],[17,"You put the Ranarr Weed into the vial of water."],[16,"You put the Ranarr Weed into the vial of water."],[15,"You put the Ranarr Weed into the vial of water."],[14,"You put the Ranarr Weed into the vial of water."],[13,"You put the Ranarr Weed into the vial of water."],[12,"You put the Ranarr Weed into the vial of water."],[11,"You put the Ranarr Weed into the vial of water."],[10,"You put the Ranarr Weed into the vial of water."],[9,"You put the Ranarr Weed into the vial of water."],[8,"Inventory wiped."],[7,"set tutorial: to 1000"],[6,"Welcome to RuneScape."]],"loc_facts":[{"id":1533,"x":3183,"z":3434,"level":0,"name":"Door","open":true}],"equipment_ids":{}},"max_items":{"Prayer potion(3)":14,"Ranarr weed":14,"Snape grass":14,"Unfinished potion":14,"Vial of water":14},"max_xp":{"-unused-":0,"agility":0,"attack":0,"cooking":0,"crafting":0,"defence":0,"firemaking":0,"fishing":0,"fletching":0,"herblore":33295,"hitpoints":1154,"magic":0,"mining":0,"prayer":0,"ranged":0,"runecraft":0,"slayer":0,"smithing":0,"strength":0,"thieving":0,"woodcutting":0},"saw_bury_chat":false,"post_start_observations":1723,"bone_bank_cycle":{"first_batch_buried":false,"opened":null,"withdrawn":null,"buried_after_withdrawal":false},"bank_fletcher_cycle":{"first_pack_created":false,"deposited":null,"withdrawn":null,"crafted_after_withdrawal":false},"bank_fletcher_string_cycle":{"initial_pairs_strung":false,"deposited":null,"withdrawn":null,"strung_after_withdrawal":false},"bank_fletcher_cut_string_cycle":{"cut_pair_created":false,"deposited":null,"withdrawn":null,"string_pair_created":false},"alcher_generated_custom_cycle":{"withdrawn":null,"consumed":false},"dart_fletcher_cycle":{"first":null,"further":false,"wrong_tier":false},"herb_cleaner_cycle":{"first_pack":false,"deposited":null,"withdrawn":null,"cleaned_after_withdrawal":false,"filter_violated":false},"gem_cutter_cycle":{"first_pack":false,"deposited":null,"withdrawn":null,"cut_after_withdrawal":false,"filter_violated":false},"door_opener_cycle":{"selected":null,"opened":false},"gnome_course_cycle":{"log":null,"ground_return":null,"pipe":null,"second_lap":false},"flax_picker_cycle":{"first_pack":false,"deposited":null,"returned":false,"further":false},"superheater_cycle":{"first_bars":false,"deposited":null,"withdrawn":null,"produced_after_withdrawal":false,"wrong_product":false,"wrong_staff":false},"chicken_killer_bank_cycle":{"combat_loot":false,"deposited":null,"returned":false,"further":false},"vial_filler_cycle":{"filled":null,"deposited":null,"withdrawn":null,"returned":false,"further":false},"potion_maker_cycle":{"unfinished":{"ingame":true,"scene_state":2,"player":"Livefzoju9 0","tile":[3185,3440,0],"tick":46,"items":{"Ranarr weed":9,"Unfinished potion":5,"Vial of water":9},"item_ids":{"99":5,"227":9,"257":9},"bank":{},"bank_ids":{},"bank_open":false,"bank_loaded":false,"bank_generation":4,"levels":{"-unused-":0,"agility":1,"attack":1,"cooking":1,"crafting":1,"defence":1,"firemaking":1,"fishing":1,"fletching":1,"herblore":38,"hitpoints":10,"magic":1,"mining":1,"prayer":1,"ranged":1,"runecraft":1,"slayer":1,"smithing":1,"strength":1,"thieving":1,"woodcutting":1},"xp":{"-unused-":0,"agility":0,"attack":0,"cooking":0,"crafting":0,"defence":0,"firemaking":0,"fishing":0,"fletching":0,"herblore":30408,"hitpoints":1154,"magic":0,"mining":0,"prayer":0,"ranged":0,"runecraft":0,"slayer":0,"smithing":0,"strength":0,"thieving":0,"woodcutting":0},"chat":[[13,"You put the Ranarr Weed into the vial of water."],[12,"You put the Ranarr Weed into the vial of water."],[11,"You put the Ranarr Weed into the vial of water."],[10,"You put the Ranarr Weed into the vial of water."],[9,"You put the Ranarr Weed into the vial of water."],[8,"Inventory wiped."],[7,"set tutorial: to 1000"],[6,"Welcome to RuneScape."]],"loc_facts":[{"id":1533,"x":3183,"z":3434,"level":0,"name":"Door","open":true}],"equipment_ids":{}},"finished":{"ingame":true,"scene_state":2,"player":"Livefzoju9 0","tile":[3185,3440,0],"tick":58,"items":{"Prayer potion(3)":10,"Snape grass":4,"Unfinished potion":4},"item_ids":{"99":4,"139":10,"231":4},"bank":{},"bank_ids":{},"bank_open":false,"bank_loaded":false,"bank_generation":6,"levels":{"-unused-":0,"agility":1,"attack":1,"cooking":1,"crafting":1,"defence":1,"firemaking":1,"fishing":1,"fletching":1,"herblore":38,"hitpoints":10,"magic":1,"mining":1,"prayer":1,"ranged":1,"runecraft":1,"slayer":1,"smithing":1,"strength":1,"thieving":1,"woodcutting":1},"xp":{"-unused-":0,"agility":0,"attack":0,"cooking":0,"crafting":0,"defence":0,"firemaking":0,"fishing":0,"fletching":0,"herblore":31283,"hitpoints":1154,"magic":0,"mining":0,"prayer":0,"ranged":0,"runecraft":0,"slayer":0,"smithing":0,"strength":0,"thieving":0,"woodcutting":0},"chat":[[32,"You mix the snape grass into your potion."],[31,"You mix the snape grass into your potion."],[30,"You mix the snape grass into your potion."],[29,"You mix the snape grass into your potion."],[28,"You mix the snape grass into your potion."],[27,"You mix the snape grass into your potion."],[26,"You mix the snape grass into your potion."],[25,"You mix the snape grass into your potion."],[24,"You mix the snape grass into your potion."],[23,"You mix the snape grass into your potion."],[22,"You put the Ranarr Weed into the vial of water."],[21,"You put the Ranarr Weed into the vial of water."],[20,"You put the Ranarr Weed into the vial of water."],[19,"You put the Ranarr Weed into the vial of water."],[18,"You put the Ranarr Weed into the vial of water."],[17,"You put the Ranarr Weed into the vial of water."],[16,"You put the Ranarr Weed into the vial of water."],[15,"You put the Ranarr Weed into the vial of water."],[14,"You put the Ranarr Weed into the vial of water."],[13,"You put the Ranarr Weed into the vial of water."],[12,"You put the Ranarr Weed into the vial of water."],[11,"You put the Ranarr Weed into the vial of water."],[10,"You put the Ranarr Weed into the vial of water."],[9,"You put the Ranarr Weed into the vial of water."],[8,"Inventory wiped."],[7,"set tutorial: to 1000"],[6,"Welcome to RuneScape."]],"loc_facts":[{"id":1533,"x":3183,"z":3434,"level":0,"name":"Door","open":true}],"equipment_ids":{}},"deposited":{"ingame":true,"scene_state":2,"player":"Livefzoju9 0","tile":[3185,3440,0],"tick":63,"items":{},"item_ids":{},"bank":{"Guam leaf":14,"Prayer potion(3)":14,"Ranarr weed":28,"Snape grass":28,"Vial of water":28},"bank_ids":{"139":14,"227":28,"231":28,"249":14,"257":28},"bank_open":true,"bank_loaded":true,"bank_generation":7,"levels":{"-unused-":0,"agility":1,"attack":1,"cooking":1,"crafting":1,"defence":1,"firemaking":1,"fishing":1,"fletching":1,"herblore":38,"hitpoints":10,"magic":1,"mining":1,"prayer":1,"ranged":1,"runecraft":1,"slayer":1,"smithing":1,"strength":1,"thieving":1,"woodcutting":1},"xp":{"-unused-":0,"agility":0,"attack":0,"cooking":0,"crafting":0,"defence":0,"firemaking":0,"fishing":0,"fletching":0,"herblore":31633,"hitpoints":1154,"magic":0,"mining":0,"prayer":0,"ranged":0,"runecraft":0,"slayer":0,"smithing":0,"strength":0,"thieving":0,"woodcutting":0},"chat":[[36,"You mix the snape grass into your potion."],[35,"You mix the snape grass into your potion."],[34,"You mix the snape grass into your potion."],[33,"You mix the snape grass into your potion."],[32,"You mix the snape grass into your potion."],[31,"You mix the snape grass into your potion."],[30,"You mix the snape grass into your potion."],[29,"You mix the snape grass into your potion."],[28,"You mix the snape grass into your potion."],[27,"You mix the snape grass into your potion."],[26,"You mix the snape grass into your potion."],[25,"You mix the snape grass into your potion."],[24,"You mix the snape grass into your potion."],[23,"You mix the snape grass into your potion."],[22,"You put the Ranarr Weed into the vial of water."],[21,"You put the Ranarr Weed into the vial of water."],[20,"You put the Ranarr Weed into the vial of water."],[19,"You put the Ranarr Weed into the vial of water."],[18,"You put the Ranarr Weed into the vial of water."],[17,"You put the Ranarr Weed into the vial of water."],[16,"You put the Ranarr Weed into the vial of water."],[15,"You put the Ranarr Weed into the vial of water."],[14,"You put the Ranarr Weed into the vial of water."],[13,"You put the Ranarr Weed into the vial of water."],[12,"You put the Ranarr Weed into the vial of water."],[11,"You put the Ranarr Weed into the vial of water."],[10,"You put the Ranarr Weed into the vial of water."],[9,"You put the Ranarr Weed into the vial of water."],[8,"Inventory wiped."],[7,"set tutorial: to 1000"],[6,"Welcome to RuneScape."]],"loc_facts":[{"id":1533,"x":3183,"z":3434,"level":0,"name":"Door","open":true}],"equipment_ids":{}},"withdrawn":{"ingame":true,"scene_state":2,"player":"Livefzoju9 0","tile":[3185,3440,0],"tick":70,"items":{"Ranarr weed":14,"Vial of water":14},"item_ids":{"227":14,"257":14},"bank":{"Guam leaf":14,"Prayer potion(3)":14,"Ranarr weed":14,"Snape grass":28,"Vial of water":14},"bank_ids":{"139":14,"227":14,"231":28,"249":14,"257":14},"bank_open":true,"bank_loaded":true,"bank_generation":7,"levels":{"-unused-":0,"agility":1,"attack":1,"cooking":1,"crafting":1,"defence":1,"firemaking":1,"fishing":1,"fletching":1,"herblore":38,"hitpoints":10,"magic":1,"mining":1,"prayer":1,"ranged":1,"runecraft":1,"slayer":1,"smithing":1,"strength":1,"thieving":1,"woodcutting":1},"xp":{"-unused-":0,"agility":0,"attack":0,"cooking":0,"crafting":0,"defence":0,"firemaking":0,"fishing":0,"fletching":0,"herblore":31633,"hitpoints":1154,"magic":0,"mining":0,"prayer":0,"ranged":0,"runecraft":0,"slayer":0,"smithing":0,"strength":0,"thieving":0,"woodcutting":0},"chat":[[36,"You mix the snape grass into your potion."],[35,"You mix the snape grass into your potion."],[34,"You mix the snape grass into your potion."],[33,"You mix the snape grass into your potion."],[32,"You mix the snape grass into your potion."],[31,"You mix the snape grass into your potion."],[30,"You mix the snape grass into your potion."],[29,"You mix the snape grass into your potion."],[28,"You mix the snape grass into your potion."],[27,"You mix the snape grass into your potion."],[26,"You mix the snape grass into your potion."],[25,"You mix the snape grass into your potion."],[24,"You mix the snape grass into your potion."],[23,"You mix the snape grass into your potion."],[22,"You put the Ranarr Weed into the vial of water."],[21,"You put the Ranarr Weed into the vial of water."],[20,"You put the Ranarr Weed into the vial of water."],[19,"You put the Ranarr Weed into the vial of water."],[18,"You put the Ranarr Weed into the vial of water."],[17,"You put the Ranarr Weed into the vial of water."],[16,"You put the Ranarr Weed into the vial of water."],[15,"You put the Ranarr Weed into the vial of water."],[14,"You put the Ranarr Weed into the vial of water."],[13,"You put the Ranarr Weed into the vial of water."],[12,"You put the Ranarr Weed into the vial of water."],[11,"You put the Ranarr Weed into the vial of water."],[10,"You put the Ranarr Weed into the vial of water."],[9,"You put the Ranarr Weed into the vial of water."],[8,"Inventory wiped."],[7,"set tutorial: to 1000"],[6,"Welcome to RuneScape."]],"loc_facts":[{"id":1533,"x":3183,"z":3434,"level":0,"name":"Door","open":true}],"equipment_ids":{}},"further":true,"wrong_product":false,"filter_violated":false},"ordered_first_exhausted":false}}
test catalog_boundary_live ... ok

test result: ok. 1 passed; 0 failed; 0 ignored; 0 measured; 23 filtered out; finished in 80.26s

