
running 1 test
{"phase":"identity","revision":274,"profile":"local-274 · 127.0.0.1:43594 · revision 274","cache_id":"4aac9b63312dcb75d5de8f686772d083ba0808c57985438246edf21ef522be1c","nav_pack":"/Users/acfrazier/experiments/274bot/.worktrees/rs2b0t-multirevision/.superpowers/world-capabilities/274/274bot.navpack","nav_sha256":"05db24743e9f549ced16c1f00b87c30a390d3aaec391815da3f3563130b3bcd4","catalog_commit":"100adccc037d9f6898080e1cad58fcfc43364775","catalog_identity":"pre-289 frozen catalog","catalog_read_only_path":".superpowers/inputs/rs2b0t-100adccc037d9f6898080e1cad58fcfc43364775","catalog_root":"/Users/acfrazier/experiments/274bot/.worktrees/rs2b0t-multirevision/.superpowers/inputs/rs2b0t-100adccc037d9f6898080e1cad58fcfc43364775","registry_path":"/Users/acfrazier/experiments/274bot/.worktrees/rs2b0t-multirevision/.superpowers/inputs/rs2b0t-100adccc037d9f6898080e1cad58fcfc43364775/src/bot/scripts/index.ts","registry_sha256":"b614aedb3d5adfdfbac3760f082273f3cf5c33fffe4ced0f2b01490ae02d1bc2","card":{"card":"GemCutter","source_path":"/Users/acfrazier/experiments/274bot/.worktrees/rs2b0t-multirevision/.superpowers/inputs/rs2b0t-100adccc037d9f6898080e1cad58fcfc43364775/src/bot/scripts/GemCutter/GemCutter.ts","source_sha256":"8f42276e6c2c1f7d64aa71367e0b9a78662f67b4100567ff5295027e2277b6bb","compiled_sha256":"8c88e5ca1cd1e10f27a16baa7729a0176c202d38abb252b56c220caa8c6bb0f5","siblings":[{"module":"/rs2b0t/bot/scripts/bot/GemCutterLogic.js","compiled_sha256":"9b5ef8e13b91fe71f6b2b9a95acdc41d85cdb382a12cf20eda200bacd147e96a"}],"settings":{"gems":[]}},"account":"livejslgrh_0","engine_speed_ms":null}
[host-play] slot livejslgrh_0: thread up
274bot: loaded snapshot (4556 models, 336 anim records)
[host-play] slot livejslgrh_0: handshake begin reconnect=false
[host-play] slot livejslgrh_0: handshake ok
[host-play] slot livejslgrh_0: queued mainland tele+setvar (scene 2)
[host] slot livejslgrh_0: d_loop_us=7465 d_raster_us=0 d_observe_us=30491 max_observe_us=2675 d_paints=0 d_skips=50 d_ticks=4 window_ms=0
[host-play] slot livejslgrh_0: handshake begin reconnect=true
[host-play] slot livejslgrh_0: handshake ok
[host] slot livejslgrh_0: d_loop_us=607 d_raster_us=0 d_observe_us=29903 max_observe_us=2913 d_paints=0 d_skips=50 d_ticks=1 window_ms=0
[host-play] slot livejslgrh_0: queued mainland tele+setvar (scene 2)
test catalog_boundary_live has been running for over 60 seconds
[host] slot livejslgrh_0: d_loop_us=28242 d_raster_us=0 d_observe_us=105180 max_observe_us=8810 d_paints=0 d_skips=50 d_ticks=25 window_ms=15549
{"phase":"baseline-after-preparation","scenario":"gem_cutter","account":"livejslgrh_0","observation":{"ingame":true,"scene_state":2,"player":"Livejslgrh 0","tile":[3185,3440,0],"tick":28,"items":{},"item_ids":{},"bank":{},"bank_ids":{},"bank_open":false,"bank_loaded":false,"bank_generation":2,"levels":{"-unused-":0,"agility":1,"attack":1,"cooking":1,"crafting":20,"defence":1,"firemaking":1,"fishing":1,"fletching":1,"herblore":1,"hitpoints":10,"magic":1,"mining":1,"prayer":1,"ranged":1,"runecraft":1,"slayer":1,"smithing":1,"strength":1,"thieving":1,"woodcutting":1},"xp":{"-unused-":0,"agility":0,"attack":0,"cooking":0,"crafting":4470,"defence":0,"firemaking":0,"fishing":0,"fletching":0,"herblore":0,"hitpoints":1154,"magic":0,"mining":0,"prayer":0,"ranged":0,"runecraft":0,"slayer":0,"smithing":0,"strength":0,"thieving":0,"woodcutting":0},"chat":[[7,"Inventory wiped."],[6,"set tutorial: to 1000"],[5,"Welcome to RuneScape."]]}}
[script livejslgrh_0] start load
{"phase":"start","account":"livejslgrh_0","count":1}
[host] hitch livejslgrh_0: observe_us=80310 paints=0 skips=102 ticks=28
[script livejslgrh_0] GemCutter — cut Opal, Jade, Red topaz, Sapphire (Crafting 20)
[script livejslgrh_0] interact OpenBooth { x: 3186, z: 3440, level: 0, id: 2213, name: None, action: None }
[host] slot livejslgrh_0: d_loop_us=988 d_raster_us=0 d_observe_us=145417 max_observe_us=80310 d_paints=0 d_skips=50 d_ticks=4 window_ms=2388
[script livejslgrh_0] bank opened, starting withdraw/deposit cycle
[script livejslgrh_0] depositing inventory (keeping chisel)
[host] slot livejslgrh_0: d_loop_us=1059 d_raster_us=0 d_observe_us=62146 max_observe_us=9416 d_paints=0 d_skips=50 d_ticks=2 window_ms=1182
[host] slot livejslgrh_0: d_loop_us=768 d_raster_us=0 d_observe_us=35525 max_observe_us=4906 d_paints=0 d_skips=50 d_ticks=3 window_ms=1225
[script livejslgrh_0] withdrawing chisel
[script livejslgrh_0] got chisel
[script livejslgrh_0] trying to withdraw 27 Opal (have 0)
[script livejslgrh_0] withdraw Opal failed — marking empty in bank
[script livejslgrh_0] Opal confirmed empty in bank — skipping on future trips
[script livejslgrh_0] trying to withdraw 27 Jade (have 0)
[script livejslgrh_0] withdraw Jade failed — marking empty in bank
[script livejslgrh_0] Jade confirmed empty in bank — skipping on future trips
[script livejslgrh_0] trying to withdraw 27 Red topaz (have 0)
[script livejslgrh_0] withdraw Red topaz failed — marking empty in bank
[script livejslgrh_0] Red topaz confirmed empty in bank — skipping on future trips
[script livejslgrh_0] trying to withdraw 27 Sapphire (have 0)
[host] slot livejslgrh_0: d_loop_us=873 d_raster_us=0 d_observe_us=43826 max_observe_us=6873 d_paints=0 d_skips=50 d_ticks=2 window_ms=1211
[script livejslgrh_0] withdrew 27 Sapphire
[script livejslgrh_0] got gems, closing bank
[script livejslgrh_0] interact Close
[shim-close] sent
[host] slot livejslgrh_0: d_loop_us=785 d_raster_us=0 d_observe_us=39633 max_observe_us=7129 d_paints=0 d_skips=50 d_ticks=2 window_ms=1191
[script livejslgrh_0] banked @ Bank booth: gave 0 items, took 27 uncut gems
[script livejslgrh_0] interact UseOn { name: "Chisel", kind: "inv", target_name: Some("Uncut sapphire"), x: 0, z: 0, level: 0, index: None }
[script livejslgrh_0] interact UseOn { name: "Chisel", kind: "inv", target_name: Some("Uncut sapphire"), x: 0, z: 0, level: 0, index: None }
[script livejslgrh_0] interact UseOn { name: "Chisel", kind: "inv", target_name: Some("Uncut sapphire"), x: 0, z: 0, level: 0, index: None }
[script livejslgrh_0] interact UseOn { name: "Chisel", kind: "inv", target_name: Some("Uncut sapphire"), x: 0, z: 0, level: 0, index: None }
[script livejslgrh_0] interact UseOn { name: "Chisel", kind: "inv", target_name: Some("Uncut sapphire"), x: 0, z: 0, level: 0, index: None }
[script livejslgrh_0] interact UseOn { name: "Chisel", kind: "inv", target_name: Some("Uncut sapphire"), x: 0, z: 0, level: 0, index: None }
[script livejslgrh_0] interact UseOn { name: "Chisel", kind: "inv", target_name: Some("Uncut sapphire"), x: 0, z: 0, level: 0, index: None }
[script livejslgrh_0] interact UseOn { name: "Chisel", kind: "inv", target_name: Some("Uncut sapphire"), x: 0, z: 0, level: 0, index: None }
[script livejslgrh_0] interact UseOn { name: "Chisel", kind: "inv", target_name: Some("Uncut sapphire"), x: 0, z: 0, level: 0, index: None }
[script livejslgrh_0] interact UseOn { name: "Chisel", kind: "inv", target_name: Some("Uncut sapphire"), x: 0, z: 0, level: 0, index: None }
[script livejslgrh_0] interact UseOn { name: "Chisel", kind: "inv", target_name: Some("Uncut sapphire"), x: 0, z: 0, level: 0, index: None }
[script livejslgrh_0] interact UseOn { name: "Chisel", kind: "inv", target_name: Some("Uncut sapphire"), x: 0, z: 0, level: 0, index: None }
[script livejslgrh_0] interact UseOn { name: "Chisel", kind: "inv", target_name: Some("Uncut sapphire"), x: 0, z: 0, level: 0, index: None }
[script livejslgrh_0] interact UseOn { name: "Chisel", kind: "inv", target_name: Some("Uncut sapphire"), x: 0, z: 0, level: 0, index: None }
[script livejslgrh_0] interact UseOn { name: "Chisel", kind: "inv", target_name: Some("Uncut sapphire"), x: 0, z: 0, level: 0, index: None }
[script livejslgrh_0] interact UseOn { name: "Chisel", kind: "inv", target_name: Some("Uncut sapphire"), x: 0, z: 0, level: 0, index: None }
[script livejslgrh_0] interact UseOn { name: "Chisel", kind: "inv", target_name: Some("Uncut sapphire"), x: 0, z: 0, level: 0, index: None }
[script livejslgrh_0] interact UseOn { name: "Chisel", kind: "inv", target_name: Some("Uncut sapphire"), x: 0, z: 0, level: 0, index: None }
[script livejslgrh_0] interact UseOn { name: "Chisel", kind: "inv", target_name: Some("Uncut sapphire"), x: 0, z: 0, level: 0, index: None }
[script livejslgrh_0] interact UseOn { name: "Chisel", kind: "inv", target_name: Some("Uncut sapphire"), x: 0, z: 0, level: 0, index: None }
[script livejslgrh_0] interact UseOn { name: "Chisel", kind: "inv", target_name: Some("Uncut sapphire"), x: 0, z: 0, level: 0, index: None }
[script livejslgrh_0] interact UseOn { name: "Chisel", kind: "inv", target_name: Some("Uncut sapphire"), x: 0, z: 0, level: 0, index: None }
[script livejslgrh_0] interact UseOn { name: "Chisel", kind: "inv", target_name: Some("Uncut sapphire"), x: 0, z: 0, level: 0, index: None }
[script livejslgrh_0] interact UseOn { name: "Chisel", kind: "inv", target_name: Some("Uncut sapphire"), x: 0, z: 0, level: 0, index: None }
[script livejslgrh_0] interact UseOn { name: "Chisel", kind: "inv", target_name: Some("Uncut sapphire"), x: 0, z: 0, level: 0, index: None }
[script livejslgrh_0] interact UseOn { name: "Chisel", kind: "inv", target_name: Some("Uncut sapphire"), x: 0, z: 0, level: 0, index: None }
[script livejslgrh_0] interact UseOn { name: "Chisel", kind: "inv", target_name: Some("Uncut sapphire"), x: 0, z: 0, level: 0, index: None }
[script livejslgrh_0] interact UseOn { name: "Chisel", kind: "inv", target_name: Some("Uncut sapphire"), x: 0, z: 0, level: 0, index: None }
[script livejslgrh_0] interact UseOn { name: "Chisel", kind: "inv", target_name: Some("Uncut sapphire"), x: 0, z: 0, level: 0, index: None }
[script livejslgrh_0] interact UseOn { name: "Chisel", kind: "inv", target_name: Some("Uncut sapphire"), x: 0, z: 0, level: 0, index: None }
[script livejslgrh_0] interact UseOn { name: "Chisel", kind: "inv", target_name: Some("Uncut sapphire"), x: 0, z: 0, level: 0, index: None }
[script livejslgrh_0] interact UseOn { name: "Chisel", kind: "inv", target_name: Some("Uncut sapphire"), x: 0, z: 0, level: 0, index: None }
[script livejslgrh_0] interact UseOn { name: "Chisel", kind: "inv", target_name: Some("Uncut sapphire"), x: 0, z: 0, level: 0, index: None }
[script livejslgrh_0] interact UseOn { name: "Chisel", kind: "inv", target_name: Some("Uncut sapphire"), x: 0, z: 0, level: 0, index: None }
[script livejslgrh_0] interact UseOn { name: "Chisel", kind: "inv", target_name: Some("Uncut sapphire"), x: 0, z: 0, level: 0, index: None }
[script livejslgrh_0] interact UseOn { name: "Chisel", kind: "inv", target_name: Some("Uncut sapphire"), x: 0, z: 0, level: 0, index: None }
[script livejslgrh_0] interact UseOn { name: "Chisel", kind: "inv", target_name: Some("Uncut sapphire"), x: 0, z: 0, level: 0, index: None }
[script livejslgrh_0] interact UseOn { name: "Chisel", kind: "inv", target_name: Some("Uncut sapphire"), x: 0, z: 0, level: 0, index: None }
[script livejslgrh_0] interact UseOn { name: "Chisel", kind: "inv", target_name: Some("Uncut sapphire"), x: 0, z: 0, level: 0, index: None }
[script livejslgrh_0] interact UseOn { name: "Chisel", kind: "inv", target_name: Some("Uncut sapphire"), x: 0, z: 0, level: 0, index: None }
[script livejslgrh_0] interact UseOn { name: "Chisel", kind: "inv", target_name: Some("Uncut sapphire"), x: 0, z: 0, level: 0, index: None }
[script livejslgrh_0] interact UseOn { name: "Chisel", kind: "inv", target_name: Some("Uncut sapphire"), x: 0, z: 0, level: 0, index: None }
[script livejslgrh_0] interact UseOn { name: "Chisel", kind: "inv", target_name: Some("Uncut sapphire"), x: 0, z: 0, level: 0, index: None }
[script livejslgrh_0] interact UseOn { name: "Chisel", kind: "inv", target_name: Some("Uncut sapphire"), x: 0, z: 0, level: 0, index: None }
[script livejslgrh_0] interact UseOn { name: "Chisel", kind: "inv", target_name: Some("Uncut sapphire"), x: 0, z: 0, level: 0, index: None }
[script livejslgrh_0] interact UseOn { name: "Chisel", kind: "inv", target_name: Some("Uncut sapphire"), x: 0, z: 0, level: 0, index: None }
[script livejslgrh_0] interact UseOn { name: "Chisel", kind: "inv", target_name: Some("Uncut sapphire"), x: 0, z: 0, level: 0, index: None }
[script livejslgrh_0] interact UseOn { name: "Chisel", kind: "inv", target_name: Some("Uncut sapphire"), x: 0, z: 0, level: 0, index: None }
[script livejslgrh_0] interact UseOn { name: "Chisel", kind: "inv", target_name: Some("Uncut sapphire"), x: 0, z: 0, level: 0, index: None }
[script livejslgrh_0] interact UseOn { name: "Chisel", kind: "inv", target_name: Some("Uncut sapphire"), x: 0, z: 0, level: 0, index: None }
[script livejslgrh_0] interact UseOn { name: "Chisel", kind: "inv", target_name: Some("Uncut sapphire"), x: 0, z: 0, level: 0, index: None }
[script livejslgrh_0] interact UseOn { name: "Chisel", kind: "inv", target_name: Some("Uncut sapphire"), x: 0, z: 0, level: 0, index: None }
[script livejslgrh_0] interact UseOn { name: "Chisel", kind: "inv", target_name: Some("Uncut sapphire"), x: 0, z: 0, level: 0, index: None }
[script livejslgrh_0] interact UseOn { name: "Chisel", kind: "inv", target_name: Some("Uncut sapphire"), x: 0, z: 0, level: 0, index: None }
[script livejslgrh_0] interact UseOn { name: "Chisel", kind: "inv", target_name: Some("Uncut sapphire"), x: 0, z: 0, level: 0, index: None }
[script livejslgrh_0] interact UseOn { name: "Chisel", kind: "inv", target_name: Some("Uncut sapphire"), x: 0, z: 0, level: 0, index: None }
[script livejslgrh_0] interact UseOn { name: "Chisel", kind: "inv", target_name: Some("Uncut sapphire"), x: 0, z: 0, level: 0, index: None }
[script livejslgrh_0] interact UseOn { name: "Chisel", kind: "inv", target_name: Some("Uncut sapphire"), x: 0, z: 0, level: 0, index: None }
[script livejslgrh_0] interact UseOn { name: "Chisel", kind: "inv", target_name: Some("Uncut sapphire"), x: 0, z: 0, level: 0, index: None }
[script livejslgrh_0] interact UseOn { name: "Chisel", kind: "inv", target_name: Some("Uncut sapphire"), x: 0, z: 0, level: 0, index: None }
[host] slot livejslgrh_0: d_loop_us=774 d_raster_us=0 d_observe_us=41870 max_observe_us=6875 d_paints=0 d_skips=50 d_ticks=2 window_ms=1202
[host] slot livejslgrh_0: d_loop_us=1166 d_raster_us=0 d_observe_us=58336 max_observe_us=8035 d_paints=0 d_skips=50 d_ticks=2 window_ms=1196
[script livejslgrh_0] interact UseOn { name: "Chisel", kind: "inv", target_name: Some("Uncut sapphire"), x: 0, z: 0, level: 0, index: None }
[script livejslgrh_0] interact UseOn { name: "Chisel", kind: "inv", target_name: Some("Uncut sapphire"), x: 0, z: 0, level: 0, index: None }
[script livejslgrh_0] interact UseOn { name: "Chisel", kind: "inv", target_name: Some("Uncut sapphire"), x: 0, z: 0, level: 0, index: None }
[script livejslgrh_0] interact UseOn { name: "Chisel", kind: "inv", target_name: Some("Uncut sapphire"), x: 0, z: 0, level: 0, index: None }
[script livejslgrh_0] interact UseOn { name: "Chisel", kind: "inv", target_name: Some("Uncut sapphire"), x: 0, z: 0, level: 0, index: None }
[script livejslgrh_0] interact UseOn { name: "Chisel", kind: "inv", target_name: Some("Uncut sapphire"), x: 0, z: 0, level: 0, index: None }
[script livejslgrh_0] interact UseOn { name: "Chisel", kind: "inv", target_name: Some("Uncut sapphire"), x: 0, z: 0, level: 0, index: None }
[script livejslgrh_0] interact UseOn { name: "Chisel", kind: "inv", target_name: Some("Uncut sapphire"), x: 0, z: 0, level: 0, index: None }
[script livejslgrh_0] interact UseOn { name: "Chisel", kind: "inv", target_name: Some("Uncut sapphire"), x: 0, z: 0, level: 0, index: None }
[script livejslgrh_0] interact UseOn { name: "Chisel", kind: "inv", target_name: Some("Uncut sapphire"), x: 0, z: 0, level: 0, index: None }
[script livejslgrh_0] interact UseOn { name: "Chisel", kind: "inv", target_name: Some("Uncut sapphire"), x: 0, z: 0, level: 0, index: None }
[script livejslgrh_0] interact UseOn { name: "Chisel", kind: "inv", target_name: Some("Uncut sapphire"), x: 0, z: 0, level: 0, index: None }
[script livejslgrh_0] interact UseOn { name: "Chisel", kind: "inv", target_name: Some("Uncut sapphire"), x: 0, z: 0, level: 0, index: None }
[script livejslgrh_0] interact UseOn { name: "Chisel", kind: "inv", target_name: Some("Uncut sapphire"), x: 0, z: 0, level: 0, index: None }
[script livejslgrh_0] interact UseOn { name: "Chisel", kind: "inv", target_name: Some("Uncut sapphire"), x: 0, z: 0, level: 0, index: None }
[script livejslgrh_0] interact UseOn { name: "Chisel", kind: "inv", target_name: Some("Uncut sapphire"), x: 0, z: 0, level: 0, index: None }
[script livejslgrh_0] interact UseOn { name: "Chisel", kind: "inv", target_name: Some("Uncut sapphire"), x: 0, z: 0, level: 0, index: None }
[script livejslgrh_0] interact UseOn { name: "Chisel", kind: "inv", target_name: Some("Uncut sapphire"), x: 0, z: 0, level: 0, index: None }
[script livejslgrh_0] interact UseOn { name: "Chisel", kind: "inv", target_name: Some("Uncut sapphire"), x: 0, z: 0, level: 0, index: None }
[script livejslgrh_0] interact UseOn { name: "Chisel", kind: "inv", target_name: Some("Uncut sapphire"), x: 0, z: 0, level: 0, index: None }
[script livejslgrh_0] interact UseOn { name: "Chisel", kind: "inv", target_name: Some("Uncut sapphire"), x: 0, z: 0, level: 0, index: None }
[script livejslgrh_0] interact UseOn { name: "Chisel", kind: "inv", target_name: Some("Uncut sapphire"), x: 0, z: 0, level: 0, index: None }
[script livejslgrh_0] interact UseOn { name: "Chisel", kind: "inv", target_name: Some("Uncut sapphire"), x: 0, z: 0, level: 0, index: None }
[script livejslgrh_0] interact UseOn { name: "Chisel", kind: "inv", target_name: Some("Uncut sapphire"), x: 0, z: 0, level: 0, index: None }
[script livejslgrh_0] interact UseOn { name: "Chisel", kind: "inv", target_name: Some("Uncut sapphire"), x: 0, z: 0, level: 0, index: None }
[script livejslgrh_0] interact UseOn { name: "Chisel", kind: "inv", target_name: Some("Uncut sapphire"), x: 0, z: 0, level: 0, index: None }
[script livejslgrh_0] interact UseOn { name: "Chisel", kind: "inv", target_name: Some("Uncut sapphire"), x: 0, z: 0, level: 0, index: None }
[script livejslgrh_0] interact UseOn { name: "Chisel", kind: "inv", target_name: Some("Uncut sapphire"), x: 0, z: 0, level: 0, index: None }
[script livejslgrh_0] interact UseOn { name: "Chisel", kind: "inv", target_name: Some("Uncut sapphire"), x: 0, z: 0, level: 0, index: None }
[script livejslgrh_0] interact UseOn { name: "Chisel", kind: "inv", target_name: Some("Uncut sapphire"), x: 0, z: 0, level: 0, index: None }
[script livejslgrh_0] interact UseOn { name: "Chisel", kind: "inv", target_name: Some("Uncut sapphire"), x: 0, z: 0, level: 0, index: None }
[script livejslgrh_0] interact UseOn { name: "Chisel", kind: "inv", target_name: Some("Uncut sapphire"), x: 0, z: 0, level: 0, index: None }
[script livejslgrh_0] interact UseOn { name: "Chisel", kind: "inv", target_name: Some("Uncut sapphire"), x: 0, z: 0, level: 0, index: None }
[script livejslgrh_0] interact UseOn { name: "Chisel", kind: "inv", target_name: Some("Uncut sapphire"), x: 0, z: 0, level: 0, index: None }
[script livejslgrh_0] interact UseOn { name: "Chisel", kind: "inv", target_name: Some("Uncut sapphire"), x: 0, z: 0, level: 0, index: None }
[script livejslgrh_0] interact UseOn { name: "Chisel", kind: "inv", target_name: Some("Uncut sapphire"), x: 0, z: 0, level: 0, index: None }
[script livejslgrh_0] interact UseOn { name: "Chisel", kind: "inv", target_name: Some("Uncut sapphire"), x: 0, z: 0, level: 0, index: None }
[script livejslgrh_0] interact UseOn { name: "Chisel", kind: "inv", target_name: Some("Uncut sapphire"), x: 0, z: 0, level: 0, index: None }
[script livejslgrh_0] interact UseOn { name: "Chisel", kind: "inv", target_name: Some("Uncut sapphire"), x: 0, z: 0, level: 0, index: None }
[script livejslgrh_0] interact UseOn { name: "Chisel", kind: "inv", target_name: Some("Uncut sapphire"), x: 0, z: 0, level: 0, index: None }
[script livejslgrh_0] interact UseOn { name: "Chisel", kind: "inv", target_name: Some("Uncut sapphire"), x: 0, z: 0, level: 0, index: None }
[script livejslgrh_0] interact UseOn { name: "Chisel", kind: "inv", target_name: Some("Uncut sapphire"), x: 0, z: 0, level: 0, index: None }
[script livejslgrh_0] interact UseOn { name: "Chisel", kind: "inv", target_name: Some("Uncut sapphire"), x: 0, z: 0, level: 0, index: None }
[script livejslgrh_0] interact UseOn { name: "Chisel", kind: "inv", target_name: Some("Uncut sapphire"), x: 0, z: 0, level: 0, index: None }
[script livejslgrh_0] interact UseOn { name: "Chisel", kind: "inv", target_name: Some("Uncut sapphire"), x: 0, z: 0, level: 0, index: None }
[script livejslgrh_0] interact UseOn { name: "Chisel", kind: "inv", target_name: Some("Uncut sapphire"), x: 0, z: 0, level: 0, index: None }
[script livejslgrh_0] interact UseOn { name: "Chisel", kind: "inv", target_name: Some("Uncut sapphire"), x: 0, z: 0, level: 0, index: None }
[script livejslgrh_0] interact UseOn { name: "Chisel", kind: "inv", target_name: Some("Uncut sapphire"), x: 0, z: 0, level: 0, index: None }
[script livejslgrh_0] interact UseOn { name: "Chisel", kind: "inv", target_name: Some("Uncut sapphire"), x: 0, z: 0, level: 0, index: None }
[script livejslgrh_0] interact UseOn { name: "Chisel", kind: "inv", target_name: Some("Uncut sapphire"), x: 0, z: 0, level: 0, index: None }
[script livejslgrh_0] interact UseOn { name: "Chisel", kind: "inv", target_name: Some("Uncut sapphire"), x: 0, z: 0, level: 0, index: None }
[script livejslgrh_0] interact UseOn { name: "Chisel", kind: "inv", target_name: Some("Uncut sapphire"), x: 0, z: 0, level: 0, index: None }
[script livejslgrh_0] interact UseOn { name: "Chisel", kind: "inv", target_name: Some("Uncut sapphire"), x: 0, z: 0, level: 0, index: None }
[script livejslgrh_0] interact UseOn { name: "Chisel", kind: "inv", target_name: Some("Uncut sapphire"), x: 0, z: 0, level: 0, index: None }
[script livejslgrh_0] interact UseOn { name: "Chisel", kind: "inv", target_name: Some("Uncut sapphire"), x: 0, z: 0, level: 0, index: None }
[script livejslgrh_0] interact UseOn { name: "Chisel", kind: "inv", target_name: Some("Uncut sapphire"), x: 0, z: 0, level: 0, index: None }
[script livejslgrh_0] interact UseOn { name: "Chisel", kind: "inv", target_name: Some("Uncut sapphire"), x: 0, z: 0, level: 0, index: None }
[script livejslgrh_0] interact UseOn { name: "Chisel", kind: "inv", target_name: Some("Uncut sapphire"), x: 0, z: 0, level: 0, index: None }
[script livejslgrh_0] interact UseOn { name: "Chisel", kind: "inv", target_name: Some("Uncut sapphire"), x: 0, z: 0, level: 0, index: None }
[script livejslgrh_0] interact UseOn { name: "Chisel", kind: "inv", target_name: Some("Uncut sapphire"), x: 0, z: 0, level: 0, index: None }
[host] slot livejslgrh_0: d_loop_us=1385 d_raster_us=0 d_observe_us=100821 max_observe_us=11186 d_paints=0 d_skips=50 d_ticks=1 window_ms=1178
[host] slot livejslgrh_0: d_loop_us=1244 d_raster_us=0 d_observe_us=91640 max_observe_us=12006 d_paints=0 d_skips=50 d_ticks=2 window_ms=1203
[script livejslgrh_0] interact UseOn { name: "Chisel", kind: "inv", target_name: Some("Uncut sapphire"), x: 0, z: 0, level: 0, index: None }
[script livejslgrh_0] interact UseOn { name: "Chisel", kind: "inv", target_name: Some("Uncut sapphire"), x: 0, z: 0, level: 0, index: None }
[script livejslgrh_0] interact UseOn { name: "Chisel", kind: "inv", target_name: Some("Uncut sapphire"), x: 0, z: 0, level: 0, index: None }
[script livejslgrh_0] interact UseOn { name: "Chisel", kind: "inv", target_name: Some("Uncut sapphire"), x: 0, z: 0, level: 0, index: None }
[script livejslgrh_0] interact UseOn { name: "Chisel", kind: "inv", target_name: Some("Uncut sapphire"), x: 0, z: 0, level: 0, index: None }
[script livejslgrh_0] interact UseOn { name: "Chisel", kind: "inv", target_name: Some("Uncut sapphire"), x: 0, z: 0, level: 0, index: None }
[script livejslgrh_0] interact UseOn { name: "Chisel", kind: "inv", target_name: Some("Uncut sapphire"), x: 0, z: 0, level: 0, index: None }
[script livejslgrh_0] interact UseOn { name: "Chisel", kind: "inv", target_name: Some("Uncut sapphire"), x: 0, z: 0, level: 0, index: None }
[script livejslgrh_0] interact UseOn { name: "Chisel", kind: "inv", target_name: Some("Uncut sapphire"), x: 0, z: 0, level: 0, index: None }
[script livejslgrh_0] interact UseOn { name: "Chisel", kind: "inv", target_name: Some("Uncut sapphire"), x: 0, z: 0, level: 0, index: None }
[script livejslgrh_0] interact UseOn { name: "Chisel", kind: "inv", target_name: Some("Uncut sapphire"), x: 0, z: 0, level: 0, index: None }
[script livejslgrh_0] interact UseOn { name: "Chisel", kind: "inv", target_name: Some("Uncut sapphire"), x: 0, z: 0, level: 0, index: None }
[script livejslgrh_0] interact UseOn { name: "Chisel", kind: "inv", target_name: Some("Uncut sapphire"), x: 0, z: 0, level: 0, index: None }
[script livejslgrh_0] interact UseOn { name: "Chisel", kind: "inv", target_name: Some("Uncut sapphire"), x: 0, z: 0, level: 0, index: None }
[script livejslgrh_0] interact UseOn { name: "Chisel", kind: "inv", target_name: Some("Uncut sapphire"), x: 0, z: 0, level: 0, index: None }
[script livejslgrh_0] interact UseOn { name: "Chisel", kind: "inv", target_name: Some("Uncut sapphire"), x: 0, z: 0, level: 0, index: None }
[script livejslgrh_0] interact UseOn { name: "Chisel", kind: "inv", target_name: Some("Uncut sapphire"), x: 0, z: 0, level: 0, index: None }
[script livejslgrh_0] interact UseOn { name: "Chisel", kind: "inv", target_name: Some("Uncut sapphire"), x: 0, z: 0, level: 0, index: None }
[script livejslgrh_0] interact UseOn { name: "Chisel", kind: "inv", target_name: Some("Uncut sapphire"), x: 0, z: 0, level: 0, index: None }
[script livejslgrh_0] interact UseOn { name: "Chisel", kind: "inv", target_name: Some("Uncut sapphire"), x: 0, z: 0, level: 0, index: None }
[script livejslgrh_0] interact UseOn { name: "Chisel", kind: "inv", target_name: Some("Uncut sapphire"), x: 0, z: 0, level: 0, index: None }
[script livejslgrh_0] interact UseOn { name: "Chisel", kind: "inv", target_name: Some("Uncut sapphire"), x: 0, z: 0, level: 0, index: None }
[script livejslgrh_0] interact UseOn { name: "Chisel", kind: "inv", target_name: Some("Uncut sapphire"), x: 0, z: 0, level: 0, index: None }
[script livejslgrh_0] interact UseOn { name: "Chisel", kind: "inv", target_name: Some("Uncut sapphire"), x: 0, z: 0, level: 0, index: None }
[script livejslgrh_0] interact UseOn { name: "Chisel", kind: "inv", target_name: Some("Uncut sapphire"), x: 0, z: 0, level: 0, index: None }
[script livejslgrh_0] interact UseOn { name: "Chisel", kind: "inv", target_name: Some("Uncut sapphire"), x: 0, z: 0, level: 0, index: None }
[script livejslgrh_0] interact UseOn { name: "Chisel", kind: "inv", target_name: Some("Uncut sapphire"), x: 0, z: 0, level: 0, index: None }
[script livejslgrh_0] interact UseOn { name: "Chisel", kind: "inv", target_name: Some("Uncut sapphire"), x: 0, z: 0, level: 0, index: None }
[script livejslgrh_0] interact UseOn { name: "Chisel", kind: "inv", target_name: Some("Uncut sapphire"), x: 0, z: 0, level: 0, index: None }
[script livejslgrh_0] interact UseOn { name: "Chisel", kind: "inv", target_name: Some("Uncut sapphire"), x: 0, z: 0, level: 0, index: None }
[script livejslgrh_0] interact UseOn { name: "Chisel", kind: "inv", target_name: Some("Uncut sapphire"), x: 0, z: 0, level: 0, index: None }
[script livejslgrh_0] interact UseOn { name: "Chisel", kind: "inv", target_name: Some("Uncut sapphire"), x: 0, z: 0, level: 0, index: None }
[script livejslgrh_0] interact UseOn { name: "Chisel", kind: "inv", target_name: Some("Uncut sapphire"), x: 0, z: 0, level: 0, index: None }
[script livejslgrh_0] interact UseOn { name: "Chisel", kind: "inv", target_name: Some("Uncut sapphire"), x: 0, z: 0, level: 0, index: None }
[script livejslgrh_0] interact UseOn { name: "Chisel", kind: "inv", target_name: Some("Uncut sapphire"), x: 0, z: 0, level: 0, index: None }
[script livejslgrh_0] interact UseOn { name: "Chisel", kind: "inv", target_name: Some("Uncut sapphire"), x: 0, z: 0, level: 0, index: None }
[script livejslgrh_0] interact UseOn { name: "Chisel", kind: "inv", target_name: Some("Uncut sapphire"), x: 0, z: 0, level: 0, index: None }
[script livejslgrh_0] interact UseOn { name: "Chisel", kind: "inv", target_name: Some("Uncut sapphire"), x: 0, z: 0, level: 0, index: None }
[script livejslgrh_0] interact UseOn { name: "Chisel", kind: "inv", target_name: Some("Uncut sapphire"), x: 0, z: 0, level: 0, index: None }
[script livejslgrh_0] interact UseOn { name: "Chisel", kind: "inv", target_name: Some("Uncut sapphire"), x: 0, z: 0, level: 0, index: None }
[script livejslgrh_0] interact UseOn { name: "Chisel", kind: "inv", target_name: Some("Uncut sapphire"), x: 0, z: 0, level: 0, index: None }
[script livejslgrh_0] interact UseOn { name: "Chisel", kind: "inv", target_name: Some("Uncut sapphire"), x: 0, z: 0, level: 0, index: None }
[script livejslgrh_0] interact UseOn { name: "Chisel", kind: "inv", target_name: Some("Uncut sapphire"), x: 0, z: 0, level: 0, index: None }
[script livejslgrh_0] interact UseOn { name: "Chisel", kind: "inv", target_name: Some("Uncut sapphire"), x: 0, z: 0, level: 0, index: None }
[script livejslgrh_0] interact UseOn { name: "Chisel", kind: "inv", target_name: Some("Uncut sapphire"), x: 0, z: 0, level: 0, index: None }
[script livejslgrh_0] interact UseOn { name: "Chisel", kind: "inv", target_name: Some("Uncut sapphire"), x: 0, z: 0, level: 0, index: None }
[script livejslgrh_0] interact UseOn { name: "Chisel", kind: "inv", target_name: Some("Uncut sapphire"), x: 0, z: 0, level: 0, index: None }
[script livejslgrh_0] interact UseOn { name: "Chisel", kind: "inv", target_name: Some("Uncut sapphire"), x: 0, z: 0, level: 0, index: None }
[script livejslgrh_0] interact UseOn { name: "Chisel", kind: "inv", target_name: Some("Uncut sapphire"), x: 0, z: 0, level: 0, index: None }
[script livejslgrh_0] interact UseOn { name: "Chisel", kind: "inv", target_name: Some("Uncut sapphire"), x: 0, z: 0, level: 0, index: None }
[script livejslgrh_0] interact UseOn { name: "Chisel", kind: "inv", target_name: Some("Uncut sapphire"), x: 0, z: 0, level: 0, index: None }
[script livejslgrh_0] interact UseOn { name: "Chisel", kind: "inv", target_name: Some("Uncut sapphire"), x: 0, z: 0, level: 0, index: None }
[script livejslgrh_0] interact UseOn { name: "Chisel", kind: "inv", target_name: Some("Uncut sapphire"), x: 0, z: 0, level: 0, index: None }
[script livejslgrh_0] interact UseOn { name: "Chisel", kind: "inv", target_name: Some("Uncut sapphire"), x: 0, z: 0, level: 0, index: None }
[script livejslgrh_0] interact UseOn { name: "Chisel", kind: "inv", target_name: Some("Uncut sapphire"), x: 0, z: 0, level: 0, index: None }
[script livejslgrh_0] interact UseOn { name: "Chisel", kind: "inv", target_name: Some("Uncut sapphire"), x: 0, z: 0, level: 0, index: None }
[script livejslgrh_0] interact UseOn { name: "Chisel", kind: "inv", target_name: Some("Uncut sapphire"), x: 0, z: 0, level: 0, index: None }
[script livejslgrh_0] interact UseOn { name: "Chisel", kind: "inv", target_name: Some("Uncut sapphire"), x: 0, z: 0, level: 0, index: None }
[script livejslgrh_0] interact UseOn { name: "Chisel", kind: "inv", target_name: Some("Uncut sapphire"), x: 0, z: 0, level: 0, index: None }
[script livejslgrh_0] interact UseOn { name: "Chisel", kind: "inv", target_name: Some("Uncut sapphire"), x: 0, z: 0, level: 0, index: None }
[host] slot livejslgrh_0: d_loop_us=2453 d_raster_us=0 d_observe_us=88279 max_observe_us=12335 d_paints=0 d_skips=50 d_ticks=2 window_ms=1185
[script livejslgrh_0] interact UseOn { name: "Chisel", kind: "inv", target_name: Some("Uncut sapphire"), x: 0, z: 0, level: 0, index: None }
[script livejslgrh_0] interact UseOn { name: "Chisel", kind: "inv", target_name: Some("Uncut sapphire"), x: 0, z: 0, level: 0, index: None }
[script livejslgrh_0] interact UseOn { name: "Chisel", kind: "inv", target_name: Some("Uncut sapphire"), x: 0, z: 0, level: 0, index: None }
[script livejslgrh_0] interact UseOn { name: "Chisel", kind: "inv", target_name: Some("Uncut sapphire"), x: 0, z: 0, level: 0, index: None }
[script livejslgrh_0] interact UseOn { name: "Chisel", kind: "inv", target_name: Some("Uncut sapphire"), x: 0, z: 0, level: 0, index: None }
[script livejslgrh_0] interact UseOn { name: "Chisel", kind: "inv", target_name: Some("Uncut sapphire"), x: 0, z: 0, level: 0, index: None }
[script livejslgrh_0] interact UseOn { name: "Chisel", kind: "inv", target_name: Some("Uncut sapphire"), x: 0, z: 0, level: 0, index: None }
[script livejslgrh_0] interact UseOn { name: "Chisel", kind: "inv", target_name: Some("Uncut sapphire"), x: 0, z: 0, level: 0, index: None }
[script livejslgrh_0] interact UseOn { name: "Chisel", kind: "inv", target_name: Some("Uncut sapphire"), x: 0, z: 0, level: 0, index: None }
[script livejslgrh_0] interact UseOn { name: "Chisel", kind: "inv", target_name: Some("Uncut sapphire"), x: 0, z: 0, level: 0, index: None }
[script livejslgrh_0] interact UseOn { name: "Chisel", kind: "inv", target_name: Some("Uncut sapphire"), x: 0, z: 0, level: 0, index: None }
[script livejslgrh_0] interact UseOn { name: "Chisel", kind: "inv", target_name: Some("Uncut sapphire"), x: 0, z: 0, level: 0, index: None }
[script livejslgrh_0] interact UseOn { name: "Chisel", kind: "inv", target_name: Some("Uncut sapphire"), x: 0, z: 0, level: 0, index: None }
[script livejslgrh_0] interact UseOn { name: "Chisel", kind: "inv", target_name: Some("Uncut sapphire"), x: 0, z: 0, level: 0, index: None }
[script livejslgrh_0] interact UseOn { name: "Chisel", kind: "inv", target_name: Some("Uncut sapphire"), x: 0, z: 0, level: 0, index: None }
[script livejslgrh_0] interact UseOn { name: "Chisel", kind: "inv", target_name: Some("Uncut sapphire"), x: 0, z: 0, level: 0, index: None }
[script livejslgrh_0] interact UseOn { name: "Chisel", kind: "inv", target_name: Some("Uncut sapphire"), x: 0, z: 0, level: 0, index: None }
[script livejslgrh_0] interact UseOn { name: "Chisel", kind: "inv", target_name: Some("Uncut sapphire"), x: 0, z: 0, level: 0, index: None }
[script livejslgrh_0] interact UseOn { name: "Chisel", kind: "inv", target_name: Some("Uncut sapphire"), x: 0, z: 0, level: 0, index: None }
[script livejslgrh_0] interact UseOn { name: "Chisel", kind: "inv", target_name: Some("Uncut sapphire"), x: 0, z: 0, level: 0, index: None }
[script livejslgrh_0] interact UseOn { name: "Chisel", kind: "inv", target_name: Some("Uncut sapphire"), x: 0, z: 0, level: 0, index: None }
[script livejslgrh_0] interact UseOn { name: "Chisel", kind: "inv", target_name: Some("Uncut sapphire"), x: 0, z: 0, level: 0, index: None }
[script livejslgrh_0] interact UseOn { name: "Chisel", kind: "inv", target_name: Some("Uncut sapphire"), x: 0, z: 0, level: 0, index: None }
[script livejslgrh_0] interact UseOn { name: "Chisel", kind: "inv", target_name: Some("Uncut sapphire"), x: 0, z: 0, level: 0, index: None }
[script livejslgrh_0] interact UseOn { name: "Chisel", kind: "inv", target_name: Some("Uncut sapphire"), x: 0, z: 0, level: 0, index: None }
[script livejslgrh_0] interact UseOn { name: "Chisel", kind: "inv", target_name: Some("Uncut sapphire"), x: 0, z: 0, level: 0, index: None }
[script livejslgrh_0] interact UseOn { name: "Chisel", kind: "inv", target_name: Some("Uncut sapphire"), x: 0, z: 0, level: 0, index: None }
[script livejslgrh_0] interact UseOn { name: "Chisel", kind: "inv", target_name: Some("Uncut sapphire"), x: 0, z: 0, level: 0, index: None }
[script livejslgrh_0] interact UseOn { name: "Chisel", kind: "inv", target_name: Some("Uncut sapphire"), x: 0, z: 0, level: 0, index: None }
[script livejslgrh_0] interact UseOn { name: "Chisel", kind: "inv", target_name: Some("Uncut sapphire"), x: 0, z: 0, level: 0, index: None }
[script livejslgrh_0] interact UseOn { name: "Chisel", kind: "inv", target_name: Some("Uncut sapphire"), x: 0, z: 0, level: 0, index: None }
[script livejslgrh_0] interact UseOn { name: "Chisel", kind: "inv", target_name: Some("Uncut sapphire"), x: 0, z: 0, level: 0, index: None }
[script livejslgrh_0] interact UseOn { name: "Chisel", kind: "inv", target_name: Some("Uncut sapphire"), x: 0, z: 0, level: 0, index: None }
[script livejslgrh_0] interact UseOn { name: "Chisel", kind: "inv", target_name: Some("Uncut sapphire"), x: 0, z: 0, level: 0, index: None }
[script livejslgrh_0] interact UseOn { name: "Chisel", kind: "inv", target_name: Some("Uncut sapphire"), x: 0, z: 0, level: 0, index: None }
[script livejslgrh_0] interact UseOn { name: "Chisel", kind: "inv", target_name: Some("Uncut sapphire"), x: 0, z: 0, level: 0, index: None }
[script livejslgrh_0] interact UseOn { name: "Chisel", kind: "inv", target_name: Some("Uncut sapphire"), x: 0, z: 0, level: 0, index: None }
[script livejslgrh_0] interact UseOn { name: "Chisel", kind: "inv", target_name: Some("Uncut sapphire"), x: 0, z: 0, level: 0, index: None }
[script livejslgrh_0] interact UseOn { name: "Chisel", kind: "inv", target_name: Some("Uncut sapphire"), x: 0, z: 0, level: 0, index: None }
[script livejslgrh_0] interact UseOn { name: "Chisel", kind: "inv", target_name: Some("Uncut sapphire"), x: 0, z: 0, level: 0, index: None }
[script livejslgrh_0] interact UseOn { name: "Chisel", kind: "inv", target_name: Some("Uncut sapphire"), x: 0, z: 0, level: 0, index: None }
[script livejslgrh_0] interact UseOn { name: "Chisel", kind: "inv", target_name: Some("Uncut sapphire"), x: 0, z: 0, level: 0, index: None }
[script livejslgrh_0] interact UseOn { name: "Chisel", kind: "inv", target_name: Some("Uncut sapphire"), x: 0, z: 0, level: 0, index: None }
[script livejslgrh_0] interact UseOn { name: "Chisel", kind: "inv", target_name: Some("Uncut sapphire"), x: 0, z: 0, level: 0, index: None }
[script livejslgrh_0] interact UseOn { name: "Chisel", kind: "inv", target_name: Some("Uncut sapphire"), x: 0, z: 0, level: 0, index: None }
[script livejslgrh_0] interact UseOn { name: "Chisel", kind: "inv", target_name: Some("Uncut sapphire"), x: 0, z: 0, level: 0, index: None }
[script livejslgrh_0] interact UseOn { name: "Chisel", kind: "inv", target_name: Some("Uncut sapphire"), x: 0, z: 0, level: 0, index: None }
[script livejslgrh_0] interact UseOn { name: "Chisel", kind: "inv", target_name: Some("Uncut sapphire"), x: 0, z: 0, level: 0, index: None }
[script livejslgrh_0] interact UseOn { name: "Chisel", kind: "inv", target_name: Some("Uncut sapphire"), x: 0, z: 0, level: 0, index: None }
[script livejslgrh_0] interact UseOn { name: "Chisel", kind: "inv", target_name: Some("Uncut sapphire"), x: 0, z: 0, level: 0, index: None }
[script livejslgrh_0] interact UseOn { name: "Chisel", kind: "inv", target_name: Some("Uncut sapphire"), x: 0, z: 0, level: 0, index: None }
[script livejslgrh_0] interact UseOn { name: "Chisel", kind: "inv", target_name: Some("Uncut sapphire"), x: 0, z: 0, level: 0, index: None }
[script livejslgrh_0] interact UseOn { name: "Chisel", kind: "inv", target_name: Some("Uncut sapphire"), x: 0, z: 0, level: 0, index: None }
[script livejslgrh_0] interact UseOn { name: "Chisel", kind: "inv", target_name: Some("Uncut sapphire"), x: 0, z: 0, level: 0, index: None }
[script livejslgrh_0] interact UseOn { name: "Chisel", kind: "inv", target_name: Some("Uncut sapphire"), x: 0, z: 0, level: 0, index: None }
[script livejslgrh_0] interact UseOn { name: "Chisel", kind: "inv", target_name: Some("Uncut sapphire"), x: 0, z: 0, level: 0, index: None }
[script livejslgrh_0] interact UseOn { name: "Chisel", kind: "inv", target_name: Some("Uncut sapphire"), x: 0, z: 0, level: 0, index: None }
[script livejslgrh_0] interact UseOn { name: "Chisel", kind: "inv", target_name: Some("Uncut sapphire"), x: 0, z: 0, level: 0, index: None }
[script livejslgrh_0] interact UseOn { name: "Chisel", kind: "inv", target_name: Some("Uncut sapphire"), x: 0, z: 0, level: 0, index: None }
[script livejslgrh_0] interact UseOn { name: "Chisel", kind: "inv", target_name: Some("Uncut sapphire"), x: 0, z: 0, level: 0, index: None }
[host] slot livejslgrh_0: d_loop_us=1174 d_raster_us=0 d_observe_us=88221 max_observe_us=8651 d_paints=0 d_skips=50 d_ticks=2 window_ms=1209
[host] slot livejslgrh_0: d_loop_us=1229 d_raster_us=0 d_observe_us=93760 max_observe_us=14702 d_paints=0 d_skips=50 d_ticks=2 window_ms=1176
[script livejslgrh_0] interact UseOn { name: "Chisel", kind: "inv", target_name: Some("Uncut sapphire"), x: 0, z: 0, level: 0, index: None }
[script livejslgrh_0] interact UseOn { name: "Chisel", kind: "inv", target_name: Some("Uncut sapphire"), x: 0, z: 0, level: 0, index: None }
[script livejslgrh_0] interact UseOn { name: "Chisel", kind: "inv", target_name: Some("Uncut sapphire"), x: 0, z: 0, level: 0, index: None }
[script livejslgrh_0] interact UseOn { name: "Chisel", kind: "inv", target_name: Some("Uncut sapphire"), x: 0, z: 0, level: 0, index: None }
[script livejslgrh_0] interact UseOn { name: "Chisel", kind: "inv", target_name: Some("Uncut sapphire"), x: 0, z: 0, level: 0, index: None }
[script livejslgrh_0] interact UseOn { name: "Chisel", kind: "inv", target_name: Some("Uncut sapphire"), x: 0, z: 0, level: 0, index: None }
[script livejslgrh_0] interact UseOn { name: "Chisel", kind: "inv", target_name: Some("Uncut sapphire"), x: 0, z: 0, level: 0, index: None }
[script livejslgrh_0] interact UseOn { name: "Chisel", kind: "inv", target_name: Some("Uncut sapphire"), x: 0, z: 0, level: 0, index: None }
[script livejslgrh_0] interact UseOn { name: "Chisel", kind: "inv", target_name: Some("Uncut sapphire"), x: 0, z: 0, level: 0, index: None }
[script livejslgrh_0] interact UseOn { name: "Chisel", kind: "inv", target_name: Some("Uncut sapphire"), x: 0, z: 0, level: 0, index: None }
[script livejslgrh_0] interact UseOn { name: "Chisel", kind: "inv", target_name: Some("Uncut sapphire"), x: 0, z: 0, level: 0, index: None }
[script livejslgrh_0] interact UseOn { name: "Chisel", kind: "inv", target_name: Some("Uncut sapphire"), x: 0, z: 0, level: 0, index: None }
[script livejslgrh_0] interact UseOn { name: "Chisel", kind: "inv", target_name: Some("Uncut sapphire"), x: 0, z: 0, level: 0, index: None }
[script livejslgrh_0] interact UseOn { name: "Chisel", kind: "inv", target_name: Some("Uncut sapphire"), x: 0, z: 0, level: 0, index: None }
[script livejslgrh_0] interact UseOn { name: "Chisel", kind: "inv", target_name: Some("Uncut sapphire"), x: 0, z: 0, level: 0, index: None }
[script livejslgrh_0] interact UseOn { name: "Chisel", kind: "inv", target_name: Some("Uncut sapphire"), x: 0, z: 0, level: 0, index: None }
[script livejslgrh_0] interact UseOn { name: "Chisel", kind: "inv", target_name: Some("Uncut sapphire"), x: 0, z: 0, level: 0, index: None }
[script livejslgrh_0] interact UseOn { name: "Chisel", kind: "inv", target_name: Some("Uncut sapphire"), x: 0, z: 0, level: 0, index: None }
[script livejslgrh_0] interact UseOn { name: "Chisel", kind: "inv", target_name: Some("Uncut sapphire"), x: 0, z: 0, level: 0, index: None }
[script livejslgrh_0] interact UseOn { name: "Chisel", kind: "inv", target_name: Some("Uncut sapphire"), x: 0, z: 0, level: 0, index: None }
[script livejslgrh_0] interact UseOn { name: "Chisel", kind: "inv", target_name: Some("Uncut sapphire"), x: 0, z: 0, level: 0, index: None }
[script livejslgrh_0] interact UseOn { name: "Chisel", kind: "inv", target_name: Some("Uncut sapphire"), x: 0, z: 0, level: 0, index: None }
[script livejslgrh_0] interact UseOn { name: "Chisel", kind: "inv", target_name: Some("Uncut sapphire"), x: 0, z: 0, level: 0, index: None }
[script livejslgrh_0] interact UseOn { name: "Chisel", kind: "inv", target_name: Some("Uncut sapphire"), x: 0, z: 0, level: 0, index: None }
[script livejslgrh_0] interact UseOn { name: "Chisel", kind: "inv", target_name: Some("Uncut sapphire"), x: 0, z: 0, level: 0, index: None }
[script livejslgrh_0] interact UseOn { name: "Chisel", kind: "inv", target_name: Some("Uncut sapphire"), x: 0, z: 0, level: 0, index: None }
[script livejslgrh_0] interact UseOn { name: "Chisel", kind: "inv", target_name: Some("Uncut sapphire"), x: 0, z: 0, level: 0, index: None }
[script livejslgrh_0] interact UseOn { name: "Chisel", kind: "inv", target_name: Some("Uncut sapphire"), x: 0, z: 0, level: 0, index: None }
[script livejslgrh_0] interact UseOn { name: "Chisel", kind: "inv", target_name: Some("Uncut sapphire"), x: 0, z: 0, level: 0, index: None }
[script livejslgrh_0] interact UseOn { name: "Chisel", kind: "inv", target_name: Some("Uncut sapphire"), x: 0, z: 0, level: 0, index: None }
[script livejslgrh_0] interact UseOn { name: "Chisel", kind: "inv", target_name: Some("Uncut sapphire"), x: 0, z: 0, level: 0, index: None }
[script livejslgrh_0] interact UseOn { name: "Chisel", kind: "inv", target_name: Some("Uncut sapphire"), x: 0, z: 0, level: 0, index: None }
[script livejslgrh_0] interact UseOn { name: "Chisel", kind: "inv", target_name: Some("Uncut sapphire"), x: 0, z: 0, level: 0, index: None }
[script livejslgrh_0] interact UseOn { name: "Chisel", kind: "inv", target_name: Some("Uncut sapphire"), x: 0, z: 0, level: 0, index: None }
[script livejslgrh_0] interact UseOn { name: "Chisel", kind: "inv", target_name: Some("Uncut sapphire"), x: 0, z: 0, level: 0, index: None }
[script livejslgrh_0] interact UseOn { name: "Chisel", kind: "inv", target_name: Some("Uncut sapphire"), x: 0, z: 0, level: 0, index: None }
[script livejslgrh_0] interact UseOn { name: "Chisel", kind: "inv", target_name: Some("Uncut sapphire"), x: 0, z: 0, level: 0, index: None }
[script livejslgrh_0] interact UseOn { name: "Chisel", kind: "inv", target_name: Some("Uncut sapphire"), x: 0, z: 0, level: 0, index: None }
[script livejslgrh_0] interact UseOn { name: "Chisel", kind: "inv", target_name: Some("Uncut sapphire"), x: 0, z: 0, level: 0, index: None }
[script livejslgrh_0] interact UseOn { name: "Chisel", kind: "inv", target_name: Some("Uncut sapphire"), x: 0, z: 0, level: 0, index: None }
[script livejslgrh_0] interact UseOn { name: "Chisel", kind: "inv", target_name: Some("Uncut sapphire"), x: 0, z: 0, level: 0, index: None }
[script livejslgrh_0] interact UseOn { name: "Chisel", kind: "inv", target_name: Some("Uncut sapphire"), x: 0, z: 0, level: 0, index: None }
[script livejslgrh_0] interact UseOn { name: "Chisel", kind: "inv", target_name: Some("Uncut sapphire"), x: 0, z: 0, level: 0, index: None }
[script livejslgrh_0] interact UseOn { name: "Chisel", kind: "inv", target_name: Some("Uncut sapphire"), x: 0, z: 0, level: 0, index: None }
[script livejslgrh_0] interact UseOn { name: "Chisel", kind: "inv", target_name: Some("Uncut sapphire"), x: 0, z: 0, level: 0, index: None }
[script livejslgrh_0] interact UseOn { name: "Chisel", kind: "inv", target_name: Some("Uncut sapphire"), x: 0, z: 0, level: 0, index: None }
[script livejslgrh_0] interact UseOn { name: "Chisel", kind: "inv", target_name: Some("Uncut sapphire"), x: 0, z: 0, level: 0, index: None }
[script livejslgrh_0] interact UseOn { name: "Chisel", kind: "inv", target_name: Some("Uncut sapphire"), x: 0, z: 0, level: 0, index: None }
[script livejslgrh_0] interact UseOn { name: "Chisel", kind: "inv", target_name: Some("Uncut sapphire"), x: 0, z: 0, level: 0, index: None }
[script livejslgrh_0] interact UseOn { name: "Chisel", kind: "inv", target_name: Some("Uncut sapphire"), x: 0, z: 0, level: 0, index: None }
[script livejslgrh_0] interact UseOn { name: "Chisel", kind: "inv", target_name: Some("Uncut sapphire"), x: 0, z: 0, level: 0, index: None }
[script livejslgrh_0] interact UseOn { name: "Chisel", kind: "inv", target_name: Some("Uncut sapphire"), x: 0, z: 0, level: 0, index: None }
[script livejslgrh_0] interact UseOn { name: "Chisel", kind: "inv", target_name: Some("Uncut sapphire"), x: 0, z: 0, level: 0, index: None }
[script livejslgrh_0] interact UseOn { name: "Chisel", kind: "inv", target_name: Some("Uncut sapphire"), x: 0, z: 0, level: 0, index: None }
[script livejslgrh_0] interact UseOn { name: "Chisel", kind: "inv", target_name: Some("Uncut sapphire"), x: 0, z: 0, level: 0, index: None }
[script livejslgrh_0] interact UseOn { name: "Chisel", kind: "inv", target_name: Some("Uncut sapphire"), x: 0, z: 0, level: 0, index: None }
[script livejslgrh_0] interact UseOn { name: "Chisel", kind: "inv", target_name: Some("Uncut sapphire"), x: 0, z: 0, level: 0, index: None }
[script livejslgrh_0] interact UseOn { name: "Chisel", kind: "inv", target_name: Some("Uncut sapphire"), x: 0, z: 0, level: 0, index: None }
[script livejslgrh_0] interact UseOn { name: "Chisel", kind: "inv", target_name: Some("Uncut sapphire"), x: 0, z: 0, level: 0, index: None }
[script livejslgrh_0] interact UseOn { name: "Chisel", kind: "inv", target_name: Some("Uncut sapphire"), x: 0, z: 0, level: 0, index: None }
[host] slot livejslgrh_0: d_loop_us=1562 d_raster_us=0 d_observe_us=100463 max_observe_us=13416 d_paints=0 d_skips=50 d_ticks=2 window_ms=1185
[script livejslgrh_0] interact UseOn { name: "Chisel", kind: "inv", target_name: Some("Uncut sapphire"), x: 0, z: 0, level: 0, index: None }
[script livejslgrh_0] interact UseOn { name: "Chisel", kind: "inv", target_name: Some("Uncut sapphire"), x: 0, z: 0, level: 0, index: None }
[script livejslgrh_0] interact UseOn { name: "Chisel", kind: "inv", target_name: Some("Uncut sapphire"), x: 0, z: 0, level: 0, index: None }
[script livejslgrh_0] interact UseOn { name: "Chisel", kind: "inv", target_name: Some("Uncut sapphire"), x: 0, z: 0, level: 0, index: None }
[script livejslgrh_0] interact UseOn { name: "Chisel", kind: "inv", target_name: Some("Uncut sapphire"), x: 0, z: 0, level: 0, index: None }
[script livejslgrh_0] interact UseOn { name: "Chisel", kind: "inv", target_name: Some("Uncut sapphire"), x: 0, z: 0, level: 0, index: None }
[script livejslgrh_0] interact UseOn { name: "Chisel", kind: "inv", target_name: Some("Uncut sapphire"), x: 0, z: 0, level: 0, index: None }
[script livejslgrh_0] interact UseOn { name: "Chisel", kind: "inv", target_name: Some("Uncut sapphire"), x: 0, z: 0, level: 0, index: None }
[script livejslgrh_0] interact UseOn { name: "Chisel", kind: "inv", target_name: Some("Uncut sapphire"), x: 0, z: 0, level: 0, index: None }
[script livejslgrh_0] interact UseOn { name: "Chisel", kind: "inv", target_name: Some("Uncut sapphire"), x: 0, z: 0, level: 0, index: None }
[script livejslgrh_0] interact UseOn { name: "Chisel", kind: "inv", target_name: Some("Uncut sapphire"), x: 0, z: 0, level: 0, index: None }
[script livejslgrh_0] interact UseOn { name: "Chisel", kind: "inv", target_name: Some("Uncut sapphire"), x: 0, z: 0, level: 0, index: None }
[script livejslgrh_0] interact UseOn { name: "Chisel", kind: "inv", target_name: Some("Uncut sapphire"), x: 0, z: 0, level: 0, index: None }
[script livejslgrh_0] interact UseOn { name: "Chisel", kind: "inv", target_name: Some("Uncut sapphire"), x: 0, z: 0, level: 0, index: None }
[script livejslgrh_0] interact UseOn { name: "Chisel", kind: "inv", target_name: Some("Uncut sapphire"), x: 0, z: 0, level: 0, index: None }
[script livejslgrh_0] interact UseOn { name: "Chisel", kind: "inv", target_name: Some("Uncut sapphire"), x: 0, z: 0, level: 0, index: None }
[script livejslgrh_0] interact UseOn { name: "Chisel", kind: "inv", target_name: Some("Uncut sapphire"), x: 0, z: 0, level: 0, index: None }
[script livejslgrh_0] interact UseOn { name: "Chisel", kind: "inv", target_name: Some("Uncut sapphire"), x: 0, z: 0, level: 0, index: None }
[script livejslgrh_0] interact UseOn { name: "Chisel", kind: "inv", target_name: Some("Uncut sapphire"), x: 0, z: 0, level: 0, index: None }
[script livejslgrh_0] interact UseOn { name: "Chisel", kind: "inv", target_name: Some("Uncut sapphire"), x: 0, z: 0, level: 0, index: None }
[script livejslgrh_0] interact UseOn { name: "Chisel", kind: "inv", target_name: Some("Uncut sapphire"), x: 0, z: 0, level: 0, index: None }
[script livejslgrh_0] interact UseOn { name: "Chisel", kind: "inv", target_name: Some("Uncut sapphire"), x: 0, z: 0, level: 0, index: None }
[script livejslgrh_0] interact UseOn { name: "Chisel", kind: "inv", target_name: Some("Uncut sapphire"), x: 0, z: 0, level: 0, index: None }
[script livejslgrh_0] interact UseOn { name: "Chisel", kind: "inv", target_name: Some("Uncut sapphire"), x: 0, z: 0, level: 0, index: None }
[script livejslgrh_0] interact UseOn { name: "Chisel", kind: "inv", target_name: Some("Uncut sapphire"), x: 0, z: 0, level: 0, index: None }
[script livejslgrh_0] interact UseOn { name: "Chisel", kind: "inv", target_name: Some("Uncut sapphire"), x: 0, z: 0, level: 0, index: None }
[script livejslgrh_0] interact UseOn { name: "Chisel", kind: "inv", target_name: Some("Uncut sapphire"), x: 0, z: 0, level: 0, index: None }
[script livejslgrh_0] interact UseOn { name: "Chisel", kind: "inv", target_name: Some("Uncut sapphire"), x: 0, z: 0, level: 0, index: None }
[script livejslgrh_0] interact UseOn { name: "Chisel", kind: "inv", target_name: Some("Uncut sapphire"), x: 0, z: 0, level: 0, index: None }
[script livejslgrh_0] interact UseOn { name: "Chisel", kind: "inv", target_name: Some("Uncut sapphire"), x: 0, z: 0, level: 0, index: None }
[script livejslgrh_0] interact UseOn { name: "Chisel", kind: "inv", target_name: Some("Uncut sapphire"), x: 0, z: 0, level: 0, index: None }
[script livejslgrh_0] interact UseOn { name: "Chisel", kind: "inv", target_name: Some("Uncut sapphire"), x: 0, z: 0, level: 0, index: None }
[script livejslgrh_0] interact UseOn { name: "Chisel", kind: "inv", target_name: Some("Uncut sapphire"), x: 0, z: 0, level: 0, index: None }
[script livejslgrh_0] interact UseOn { name: "Chisel", kind: "inv", target_name: Some("Uncut sapphire"), x: 0, z: 0, level: 0, index: None }
[script livejslgrh_0] interact UseOn { name: "Chisel", kind: "inv", target_name: Some("Uncut sapphire"), x: 0, z: 0, level: 0, index: None }
[script livejslgrh_0] interact UseOn { name: "Chisel", kind: "inv", target_name: Some("Uncut sapphire"), x: 0, z: 0, level: 0, index: None }
[script livejslgrh_0] interact UseOn { name: "Chisel", kind: "inv", target_name: Some("Uncut sapphire"), x: 0, z: 0, level: 0, index: None }
[script livejslgrh_0] interact UseOn { name: "Chisel", kind: "inv", target_name: Some("Uncut sapphire"), x: 0, z: 0, level: 0, index: None }
[script livejslgrh_0] interact UseOn { name: "Chisel", kind: "inv", target_name: Some("Uncut sapphire"), x: 0, z: 0, level: 0, index: None }
[script livejslgrh_0] interact UseOn { name: "Chisel", kind: "inv", target_name: Some("Uncut sapphire"), x: 0, z: 0, level: 0, index: None }
[script livejslgrh_0] interact UseOn { name: "Chisel", kind: "inv", target_name: Some("Uncut sapphire"), x: 0, z: 0, level: 0, index: None }
[script livejslgrh_0] interact UseOn { name: "Chisel", kind: "inv", target_name: Some("Uncut sapphire"), x: 0, z: 0, level: 0, index: None }
[script livejslgrh_0] interact UseOn { name: "Chisel", kind: "inv", target_name: Some("Uncut sapphire"), x: 0, z: 0, level: 0, index: None }
[script livejslgrh_0] interact UseOn { name: "Chisel", kind: "inv", target_name: Some("Uncut sapphire"), x: 0, z: 0, level: 0, index: None }
[script livejslgrh_0] interact UseOn { name: "Chisel", kind: "inv", target_name: Some("Uncut sapphire"), x: 0, z: 0, level: 0, index: None }
[script livejslgrh_0] interact UseOn { name: "Chisel", kind: "inv", target_name: Some("Uncut sapphire"), x: 0, z: 0, level: 0, index: None }
[script livejslgrh_0] interact UseOn { name: "Chisel", kind: "inv", target_name: Some("Uncut sapphire"), x: 0, z: 0, level: 0, index: None }
[script livejslgrh_0] interact UseOn { name: "Chisel", kind: "inv", target_name: Some("Uncut sapphire"), x: 0, z: 0, level: 0, index: None }
[script livejslgrh_0] interact UseOn { name: "Chisel", kind: "inv", target_name: Some("Uncut sapphire"), x: 0, z: 0, level: 0, index: None }
[script livejslgrh_0] interact UseOn { name: "Chisel", kind: "inv", target_name: Some("Uncut sapphire"), x: 0, z: 0, level: 0, index: None }
[script livejslgrh_0] interact UseOn { name: "Chisel", kind: "inv", target_name: Some("Uncut sapphire"), x: 0, z: 0, level: 0, index: None }
[script livejslgrh_0] interact UseOn { name: "Chisel", kind: "inv", target_name: Some("Uncut sapphire"), x: 0, z: 0, level: 0, index: None }
[script livejslgrh_0] interact UseOn { name: "Chisel", kind: "inv", target_name: Some("Uncut sapphire"), x: 0, z: 0, level: 0, index: None }
[script livejslgrh_0] interact UseOn { name: "Chisel", kind: "inv", target_name: Some("Uncut sapphire"), x: 0, z: 0, level: 0, index: None }
[script livejslgrh_0] interact UseOn { name: "Chisel", kind: "inv", target_name: Some("Uncut sapphire"), x: 0, z: 0, level: 0, index: None }
[script livejslgrh_0] interact UseOn { name: "Chisel", kind: "inv", target_name: Some("Uncut sapphire"), x: 0, z: 0, level: 0, index: None }
[script livejslgrh_0] interact UseOn { name: "Chisel", kind: "inv", target_name: Some("Uncut sapphire"), x: 0, z: 0, level: 0, index: None }
[script livejslgrh_0] interact UseOn { name: "Chisel", kind: "inv", target_name: Some("Uncut sapphire"), x: 0, z: 0, level: 0, index: None }
[script livejslgrh_0] interact UseOn { name: "Chisel", kind: "inv", target_name: Some("Uncut sapphire"), x: 0, z: 0, level: 0, index: None }
[script livejslgrh_0] interact UseOn { name: "Chisel", kind: "inv", target_name: Some("Uncut sapphire"), x: 0, z: 0, level: 0, index: None }
[host] slot livejslgrh_0: d_loop_us=1252 d_raster_us=0 d_observe_us=86758 max_observe_us=8774 d_paints=0 d_skips=50 d_ticks=2 window_ms=1193
[host] slot livejslgrh_0: d_loop_us=1333 d_raster_us=0 d_observe_us=106085 max_observe_us=12631 d_paints=0 d_skips=50 d_ticks=2 window_ms=1195
[script livejslgrh_0] interact UseOn { name: "Chisel", kind: "inv", target_name: Some("Uncut sapphire"), x: 0, z: 0, level: 0, index: None }
[script livejslgrh_0] interact UseOn { name: "Chisel", kind: "inv", target_name: Some("Uncut sapphire"), x: 0, z: 0, level: 0, index: None }
[script livejslgrh_0] interact UseOn { name: "Chisel", kind: "inv", target_name: Some("Uncut sapphire"), x: 0, z: 0, level: 0, index: None }
[script livejslgrh_0] interact UseOn { name: "Chisel", kind: "inv", target_name: Some("Uncut sapphire"), x: 0, z: 0, level: 0, index: None }
[script livejslgrh_0] interact UseOn { name: "Chisel", kind: "inv", target_name: Some("Uncut sapphire"), x: 0, z: 0, level: 0, index: None }
[script livejslgrh_0] interact UseOn { name: "Chisel", kind: "inv", target_name: Some("Uncut sapphire"), x: 0, z: 0, level: 0, index: None }
[script livejslgrh_0] interact UseOn { name: "Chisel", kind: "inv", target_name: Some("Uncut sapphire"), x: 0, z: 0, level: 0, index: None }
[script livejslgrh_0] interact UseOn { name: "Chisel", kind: "inv", target_name: Some("Uncut sapphire"), x: 0, z: 0, level: 0, index: None }
[script livejslgrh_0] interact UseOn { name: "Chisel", kind: "inv", target_name: Some("Uncut sapphire"), x: 0, z: 0, level: 0, index: None }
[script livejslgrh_0] interact UseOn { name: "Chisel", kind: "inv", target_name: Some("Uncut sapphire"), x: 0, z: 0, level: 0, index: None }
[script livejslgrh_0] interact UseOn { name: "Chisel", kind: "inv", target_name: Some("Uncut sapphire"), x: 0, z: 0, level: 0, index: None }
[script livejslgrh_0] interact UseOn { name: "Chisel", kind: "inv", target_name: Some("Uncut sapphire"), x: 0, z: 0, level: 0, index: None }
[script livejslgrh_0] interact UseOn { name: "Chisel", kind: "inv", target_name: Some("Uncut sapphire"), x: 0, z: 0, level: 0, index: None }
[script livejslgrh_0] interact UseOn { name: "Chisel", kind: "inv", target_name: Some("Uncut sapphire"), x: 0, z: 0, level: 0, index: None }
[script livejslgrh_0] interact UseOn { name: "Chisel", kind: "inv", target_name: Some("Uncut sapphire"), x: 0, z: 0, level: 0, index: None }
[script livejslgrh_0] interact UseOn { name: "Chisel", kind: "inv", target_name: Some("Uncut sapphire"), x: 0, z: 0, level: 0, index: None }
[script livejslgrh_0] interact UseOn { name: "Chisel", kind: "inv", target_name: Some("Uncut sapphire"), x: 0, z: 0, level: 0, index: None }
[script livejslgrh_0] interact UseOn { name: "Chisel", kind: "inv", target_name: Some("Uncut sapphire"), x: 0, z: 0, level: 0, index: None }
[script livejslgrh_0] interact UseOn { name: "Chisel", kind: "inv", target_name: Some("Uncut sapphire"), x: 0, z: 0, level: 0, index: None }
[script livejslgrh_0] interact UseOn { name: "Chisel", kind: "inv", target_name: Some("Uncut sapphire"), x: 0, z: 0, level: 0, index: None }
[script livejslgrh_0] interact UseOn { name: "Chisel", kind: "inv", target_name: Some("Uncut sapphire"), x: 0, z: 0, level: 0, index: None }
[script livejslgrh_0] interact UseOn { name: "Chisel", kind: "inv", target_name: Some("Uncut sapphire"), x: 0, z: 0, level: 0, index: None }
[script livejslgrh_0] interact UseOn { name: "Chisel", kind: "inv", target_name: Some("Uncut sapphire"), x: 0, z: 0, level: 0, index: None }
[script livejslgrh_0] interact UseOn { name: "Chisel", kind: "inv", target_name: Some("Uncut sapphire"), x: 0, z: 0, level: 0, index: None }
[script livejslgrh_0] interact UseOn { name: "Chisel", kind: "inv", target_name: Some("Uncut sapphire"), x: 0, z: 0, level: 0, index: None }
[script livejslgrh_0] interact UseOn { name: "Chisel", kind: "inv", target_name: Some("Uncut sapphire"), x: 0, z: 0, level: 0, index: None }
[script livejslgrh_0] interact UseOn { name: "Chisel", kind: "inv", target_name: Some("Uncut sapphire"), x: 0, z: 0, level: 0, index: None }
[script livejslgrh_0] interact UseOn { name: "Chisel", kind: "inv", target_name: Some("Uncut sapphire"), x: 0, z: 0, level: 0, index: None }
[script livejslgrh_0] interact UseOn { name: "Chisel", kind: "inv", target_name: Some("Uncut sapphire"), x: 0, z: 0, level: 0, index: None }
[script livejslgrh_0] interact UseOn { name: "Chisel", kind: "inv", target_name: Some("Uncut sapphire"), x: 0, z: 0, level: 0, index: None }
[script livejslgrh_0] interact UseOn { name: "Chisel", kind: "inv", target_name: Some("Uncut sapphire"), x: 0, z: 0, level: 0, index: None }
[script livejslgrh_0] interact UseOn { name: "Chisel", kind: "inv", target_name: Some("Uncut sapphire"), x: 0, z: 0, level: 0, index: None }
[script livejslgrh_0] interact UseOn { name: "Chisel", kind: "inv", target_name: Some("Uncut sapphire"), x: 0, z: 0, level: 0, index: None }
[script livejslgrh_0] interact UseOn { name: "Chisel", kind: "inv", target_name: Some("Uncut sapphire"), x: 0, z: 0, level: 0, index: None }
[script livejslgrh_0] interact UseOn { name: "Chisel", kind: "inv", target_name: Some("Uncut sapphire"), x: 0, z: 0, level: 0, index: None }
[script livejslgrh_0] interact UseOn { name: "Chisel", kind: "inv", target_name: Some("Uncut sapphire"), x: 0, z: 0, level: 0, index: None }
[script livejslgrh_0] interact UseOn { name: "Chisel", kind: "inv", target_name: Some("Uncut sapphire"), x: 0, z: 0, level: 0, index: None }
[script livejslgrh_0] interact UseOn { name: "Chisel", kind: "inv", target_name: Some("Uncut sapphire"), x: 0, z: 0, level: 0, index: None }
[script livejslgrh_0] interact UseOn { name: "Chisel", kind: "inv", target_name: Some("Uncut sapphire"), x: 0, z: 0, level: 0, index: None }
[script livejslgrh_0] interact UseOn { name: "Chisel", kind: "inv", target_name: Some("Uncut sapphire"), x: 0, z: 0, level: 0, index: None }
[script livejslgrh_0] interact UseOn { name: "Chisel", kind: "inv", target_name: Some("Uncut sapphire"), x: 0, z: 0, level: 0, index: None }
[script livejslgrh_0] interact UseOn { name: "Chisel", kind: "inv", target_name: Some("Uncut sapphire"), x: 0, z: 0, level: 0, index: None }
[script livejslgrh_0] interact UseOn { name: "Chisel", kind: "inv", target_name: Some("Uncut sapphire"), x: 0, z: 0, level: 0, index: None }
[script livejslgrh_0] interact UseOn { name: "Chisel", kind: "inv", target_name: Some("Uncut sapphire"), x: 0, z: 0, level: 0, index: None }
[script livejslgrh_0] interact UseOn { name: "Chisel", kind: "inv", target_name: Some("Uncut sapphire"), x: 0, z: 0, level: 0, index: None }
[script livejslgrh_0] interact UseOn { name: "Chisel", kind: "inv", target_name: Some("Uncut sapphire"), x: 0, z: 0, level: 0, index: None }
[script livejslgrh_0] interact UseOn { name: "Chisel", kind: "inv", target_name: Some("Uncut sapphire"), x: 0, z: 0, level: 0, index: None }
[script livejslgrh_0] interact UseOn { name: "Chisel", kind: "inv", target_name: Some("Uncut sapphire"), x: 0, z: 0, level: 0, index: None }
[script livejslgrh_0] interact UseOn { name: "Chisel", kind: "inv", target_name: Some("Uncut sapphire"), x: 0, z: 0, level: 0, index: None }
[script livejslgrh_0] interact UseOn { name: "Chisel", kind: "inv", target_name: Some("Uncut sapphire"), x: 0, z: 0, level: 0, index: None }
[script livejslgrh_0] interact UseOn { name: "Chisel", kind: "inv", target_name: Some("Uncut sapphire"), x: 0, z: 0, level: 0, index: None }
[script livejslgrh_0] interact UseOn { name: "Chisel", kind: "inv", target_name: Some("Uncut sapphire"), x: 0, z: 0, level: 0, index: None }
[script livejslgrh_0] interact UseOn { name: "Chisel", kind: "inv", target_name: Some("Uncut sapphire"), x: 0, z: 0, level: 0, index: None }
[script livejslgrh_0] interact UseOn { name: "Chisel", kind: "inv", target_name: Some("Uncut sapphire"), x: 0, z: 0, level: 0, index: None }
[script livejslgrh_0] interact UseOn { name: "Chisel", kind: "inv", target_name: Some("Uncut sapphire"), x: 0, z: 0, level: 0, index: None }
[script livejslgrh_0] interact UseOn { name: "Chisel", kind: "inv", target_name: Some("Uncut sapphire"), x: 0, z: 0, level: 0, index: None }
[script livejslgrh_0] interact UseOn { name: "Chisel", kind: "inv", target_name: Some("Uncut sapphire"), x: 0, z: 0, level: 0, index: None }
[script livejslgrh_0] interact UseOn { name: "Chisel", kind: "inv", target_name: Some("Uncut sapphire"), x: 0, z: 0, level: 0, index: None }
[script livejslgrh_0] interact UseOn { name: "Chisel", kind: "inv", target_name: Some("Uncut sapphire"), x: 0, z: 0, level: 0, index: None }
[script livejslgrh_0] interact UseOn { name: "Chisel", kind: "inv", target_name: Some("Uncut sapphire"), x: 0, z: 0, level: 0, index: None }
[host] slot livejslgrh_0: d_loop_us=1293 d_raster_us=0 d_observe_us=102845 max_observe_us=13158 d_paints=0 d_skips=50 d_ticks=2 window_ms=1194
[script livejslgrh_0] interact UseOn { name: "Chisel", kind: "inv", target_name: Some("Uncut sapphire"), x: 0, z: 0, level: 0, index: None }
[script livejslgrh_0] interact UseOn { name: "Chisel", kind: "inv", target_name: Some("Uncut sapphire"), x: 0, z: 0, level: 0, index: None }
[script livejslgrh_0] interact UseOn { name: "Chisel", kind: "inv", target_name: Some("Uncut sapphire"), x: 0, z: 0, level: 0, index: None }
[script livejslgrh_0] interact UseOn { name: "Chisel", kind: "inv", target_name: Some("Uncut sapphire"), x: 0, z: 0, level: 0, index: None }
[script livejslgrh_0] interact UseOn { name: "Chisel", kind: "inv", target_name: Some("Uncut sapphire"), x: 0, z: 0, level: 0, index: None }
[script livejslgrh_0] interact UseOn { name: "Chisel", kind: "inv", target_name: Some("Uncut sapphire"), x: 0, z: 0, level: 0, index: None }
[script livejslgrh_0] interact UseOn { name: "Chisel", kind: "inv", target_name: Some("Uncut sapphire"), x: 0, z: 0, level: 0, index: None }
[script livejslgrh_0] interact UseOn { name: "Chisel", kind: "inv", target_name: Some("Uncut sapphire"), x: 0, z: 0, level: 0, index: None }
[script livejslgrh_0] interact UseOn { name: "Chisel", kind: "inv", target_name: Some("Uncut sapphire"), x: 0, z: 0, level: 0, index: None }
[script livejslgrh_0] interact UseOn { name: "Chisel", kind: "inv", target_name: Some("Uncut sapphire"), x: 0, z: 0, level: 0, index: None }
[script livejslgrh_0] interact UseOn { name: "Chisel", kind: "inv", target_name: Some("Uncut sapphire"), x: 0, z: 0, level: 0, index: None }
[script livejslgrh_0] interact UseOn { name: "Chisel", kind: "inv", target_name: Some("Uncut sapphire"), x: 0, z: 0, level: 0, index: None }
[script livejslgrh_0] interact UseOn { name: "Chisel", kind: "inv", target_name: Some("Uncut sapphire"), x: 0, z: 0, level: 0, index: None }
[script livejslgrh_0] interact UseOn { name: "Chisel", kind: "inv", target_name: Some("Uncut sapphire"), x: 0, z: 0, level: 0, index: None }
[script livejslgrh_0] interact UseOn { name: "Chisel", kind: "inv", target_name: Some("Uncut sapphire"), x: 0, z: 0, level: 0, index: None }
[script livejslgrh_0] interact UseOn { name: "Chisel", kind: "inv", target_name: Some("Uncut sapphire"), x: 0, z: 0, level: 0, index: None }
[script livejslgrh_0] interact UseOn { name: "Chisel", kind: "inv", target_name: Some("Uncut sapphire"), x: 0, z: 0, level: 0, index: None }
[script livejslgrh_0] interact UseOn { name: "Chisel", kind: "inv", target_name: Some("Uncut sapphire"), x: 0, z: 0, level: 0, index: None }
[script livejslgrh_0] interact UseOn { name: "Chisel", kind: "inv", target_name: Some("Uncut sapphire"), x: 0, z: 0, level: 0, index: None }
[script livejslgrh_0] interact UseOn { name: "Chisel", kind: "inv", target_name: Some("Uncut sapphire"), x: 0, z: 0, level: 0, index: None }
[script livejslgrh_0] interact UseOn { name: "Chisel", kind: "inv", target_name: Some("Uncut sapphire"), x: 0, z: 0, level: 0, index: None }
[script livejslgrh_0] interact UseOn { name: "Chisel", kind: "inv", target_name: Some("Uncut sapphire"), x: 0, z: 0, level: 0, index: None }
[script livejslgrh_0] interact UseOn { name: "Chisel", kind: "inv", target_name: Some("Uncut sapphire"), x: 0, z: 0, level: 0, index: None }
[script livejslgrh_0] interact UseOn { name: "Chisel", kind: "inv", target_name: Some("Uncut sapphire"), x: 0, z: 0, level: 0, index: None }
[script livejslgrh_0] interact UseOn { name: "Chisel", kind: "inv", target_name: Some("Uncut sapphire"), x: 0, z: 0, level: 0, index: None }
[script livejslgrh_0] interact UseOn { name: "Chisel", kind: "inv", target_name: Some("Uncut sapphire"), x: 0, z: 0, level: 0, index: None }
[script livejslgrh_0] interact UseOn { name: "Chisel", kind: "inv", target_name: Some("Uncut sapphire"), x: 0, z: 0, level: 0, index: None }
[script livejslgrh_0] interact UseOn { name: "Chisel", kind: "inv", target_name: Some("Uncut sapphire"), x: 0, z: 0, level: 0, index: None }
[script livejslgrh_0] interact UseOn { name: "Chisel", kind: "inv", target_name: Some("Uncut sapphire"), x: 0, z: 0, level: 0, index: None }
[script livejslgrh_0] interact UseOn { name: "Chisel", kind: "inv", target_name: Some("Uncut sapphire"), x: 0, z: 0, level: 0, index: None }
[script livejslgrh_0] interact UseOn { name: "Chisel", kind: "inv", target_name: Some("Uncut sapphire"), x: 0, z: 0, level: 0, index: None }
[script livejslgrh_0] interact UseOn { name: "Chisel", kind: "inv", target_name: Some("Uncut sapphire"), x: 0, z: 0, level: 0, index: None }
[script livejslgrh_0] interact UseOn { name: "Chisel", kind: "inv", target_name: Some("Uncut sapphire"), x: 0, z: 0, level: 0, index: None }
[script livejslgrh_0] interact UseOn { name: "Chisel", kind: "inv", target_name: Some("Uncut sapphire"), x: 0, z: 0, level: 0, index: None }
[script livejslgrh_0] interact UseOn { name: "Chisel", kind: "inv", target_name: Some("Uncut sapphire"), x: 0, z: 0, level: 0, index: None }
[script livejslgrh_0] interact UseOn { name: "Chisel", kind: "inv", target_name: Some("Uncut sapphire"), x: 0, z: 0, level: 0, index: None }
[script livejslgrh_0] interact UseOn { name: "Chisel", kind: "inv", target_name: Some("Uncut sapphire"), x: 0, z: 0, level: 0, index: None }
[script livejslgrh_0] interact UseOn { name: "Chisel", kind: "inv", target_name: Some("Uncut sapphire"), x: 0, z: 0, level: 0, index: None }
[script livejslgrh_0] interact UseOn { name: "Chisel", kind: "inv", target_name: Some("Uncut sapphire"), x: 0, z: 0, level: 0, index: None }
[script livejslgrh_0] interact UseOn { name: "Chisel", kind: "inv", target_name: Some("Uncut sapphire"), x: 0, z: 0, level: 0, index: None }
[script livejslgrh_0] interact UseOn { name: "Chisel", kind: "inv", target_name: Some("Uncut sapphire"), x: 0, z: 0, level: 0, index: None }
[script livejslgrh_0] interact UseOn { name: "Chisel", kind: "inv", target_name: Some("Uncut sapphire"), x: 0, z: 0, level: 0, index: None }
[script livejslgrh_0] interact UseOn { name: "Chisel", kind: "inv", target_name: Some("Uncut sapphire"), x: 0, z: 0, level: 0, index: None }
[script livejslgrh_0] interact UseOn { name: "Chisel", kind: "inv", target_name: Some("Uncut sapphire"), x: 0, z: 0, level: 0, index: None }
[script livejslgrh_0] interact UseOn { name: "Chisel", kind: "inv", target_name: Some("Uncut sapphire"), x: 0, z: 0, level: 0, index: None }
[script livejslgrh_0] interact UseOn { name: "Chisel", kind: "inv", target_name: Some("Uncut sapphire"), x: 0, z: 0, level: 0, index: None }
[script livejslgrh_0] interact UseOn { name: "Chisel", kind: "inv", target_name: Some("Uncut sapphire"), x: 0, z: 0, level: 0, index: None }
[script livejslgrh_0] interact UseOn { name: "Chisel", kind: "inv", target_name: Some("Uncut sapphire"), x: 0, z: 0, level: 0, index: None }
[script livejslgrh_0] interact UseOn { name: "Chisel", kind: "inv", target_name: Some("Uncut sapphire"), x: 0, z: 0, level: 0, index: None }
[script livejslgrh_0] interact UseOn { name: "Chisel", kind: "inv", target_name: Some("Uncut sapphire"), x: 0, z: 0, level: 0, index: None }
[script livejslgrh_0] interact UseOn { name: "Chisel", kind: "inv", target_name: Some("Uncut sapphire"), x: 0, z: 0, level: 0, index: None }
[script livejslgrh_0] interact UseOn { name: "Chisel", kind: "inv", target_name: Some("Uncut sapphire"), x: 0, z: 0, level: 0, index: None }
[script livejslgrh_0] interact UseOn { name: "Chisel", kind: "inv", target_name: Some("Uncut sapphire"), x: 0, z: 0, level: 0, index: None }
[script livejslgrh_0] interact UseOn { name: "Chisel", kind: "inv", target_name: Some("Uncut sapphire"), x: 0, z: 0, level: 0, index: None }
[script livejslgrh_0] interact UseOn { name: "Chisel", kind: "inv", target_name: Some("Uncut sapphire"), x: 0, z: 0, level: 0, index: None }
[script livejslgrh_0] interact UseOn { name: "Chisel", kind: "inv", target_name: Some("Uncut sapphire"), x: 0, z: 0, level: 0, index: None }
[script livejslgrh_0] interact UseOn { name: "Chisel", kind: "inv", target_name: Some("Uncut sapphire"), x: 0, z: 0, level: 0, index: None }
[script livejslgrh_0] interact UseOn { name: "Chisel", kind: "inv", target_name: Some("Uncut sapphire"), x: 0, z: 0, level: 0, index: None }
[script livejslgrh_0] interact UseOn { name: "Chisel", kind: "inv", target_name: Some("Uncut sapphire"), x: 0, z: 0, level: 0, index: None }
[script livejslgrh_0] interact UseOn { name: "Chisel", kind: "inv", target_name: Some("Uncut sapphire"), x: 0, z: 0, level: 0, index: None }
[host] slot livejslgrh_0: d_loop_us=1198 d_raster_us=0 d_observe_us=73868 max_observe_us=9161 d_paints=0 d_skips=50 d_ticks=2 window_ms=1182
[host] slot livejslgrh_0: d_loop_us=1604 d_raster_us=0 d_observe_us=96542 max_observe_us=13094 d_paints=0 d_skips=50 d_ticks=2 window_ms=1175
[script livejslgrh_0] interact UseOn { name: "Chisel", kind: "inv", target_name: Some("Uncut sapphire"), x: 0, z: 0, level: 0, index: None }
[script livejslgrh_0] interact UseOn { name: "Chisel", kind: "inv", target_name: Some("Uncut sapphire"), x: 0, z: 0, level: 0, index: None }
[script livejslgrh_0] interact UseOn { name: "Chisel", kind: "inv", target_name: Some("Uncut sapphire"), x: 0, z: 0, level: 0, index: None }
[script livejslgrh_0] interact UseOn { name: "Chisel", kind: "inv", target_name: Some("Uncut sapphire"), x: 0, z: 0, level: 0, index: None }
[script livejslgrh_0] interact UseOn { name: "Chisel", kind: "inv", target_name: Some("Uncut sapphire"), x: 0, z: 0, level: 0, index: None }
[script livejslgrh_0] interact UseOn { name: "Chisel", kind: "inv", target_name: Some("Uncut sapphire"), x: 0, z: 0, level: 0, index: None }
[script livejslgrh_0] interact UseOn { name: "Chisel", kind: "inv", target_name: Some("Uncut sapphire"), x: 0, z: 0, level: 0, index: None }
[script livejslgrh_0] interact UseOn { name: "Chisel", kind: "inv", target_name: Some("Uncut sapphire"), x: 0, z: 0, level: 0, index: None }
[script livejslgrh_0] interact UseOn { name: "Chisel", kind: "inv", target_name: Some("Uncut sapphire"), x: 0, z: 0, level: 0, index: None }
[script livejslgrh_0] interact UseOn { name: "Chisel", kind: "inv", target_name: Some("Uncut sapphire"), x: 0, z: 0, level: 0, index: None }
[script livejslgrh_0] interact UseOn { name: "Chisel", kind: "inv", target_name: Some("Uncut sapphire"), x: 0, z: 0, level: 0, index: None }
[script livejslgrh_0] interact UseOn { name: "Chisel", kind: "inv", target_name: Some("Uncut sapphire"), x: 0, z: 0, level: 0, index: None }
[script livejslgrh_0] interact UseOn { name: "Chisel", kind: "inv", target_name: Some("Uncut sapphire"), x: 0, z: 0, level: 0, index: None }
[script livejslgrh_0] interact UseOn { name: "Chisel", kind: "inv", target_name: Some("Uncut sapphire"), x: 0, z: 0, level: 0, index: None }
[script livejslgrh_0] interact UseOn { name: "Chisel", kind: "inv", target_name: Some("Uncut sapphire"), x: 0, z: 0, level: 0, index: None }
[script livejslgrh_0] interact UseOn { name: "Chisel", kind: "inv", target_name: Some("Uncut sapphire"), x: 0, z: 0, level: 0, index: None }
[script livejslgrh_0] interact UseOn { name: "Chisel", kind: "inv", target_name: Some("Uncut sapphire"), x: 0, z: 0, level: 0, index: None }
[script livejslgrh_0] interact UseOn { name: "Chisel", kind: "inv", target_name: Some("Uncut sapphire"), x: 0, z: 0, level: 0, index: None }
[script livejslgrh_0] interact UseOn { name: "Chisel", kind: "inv", target_name: Some("Uncut sapphire"), x: 0, z: 0, level: 0, index: None }
[script livejslgrh_0] interact UseOn { name: "Chisel", kind: "inv", target_name: Some("Uncut sapphire"), x: 0, z: 0, level: 0, index: None }
[script livejslgrh_0] interact UseOn { name: "Chisel", kind: "inv", target_name: Some("Uncut sapphire"), x: 0, z: 0, level: 0, index: None }
[script livejslgrh_0] interact UseOn { name: "Chisel", kind: "inv", target_name: Some("Uncut sapphire"), x: 0, z: 0, level: 0, index: None }
[script livejslgrh_0] interact UseOn { name: "Chisel", kind: "inv", target_name: Some("Uncut sapphire"), x: 0, z: 0, level: 0, index: None }
[script livejslgrh_0] interact UseOn { name: "Chisel", kind: "inv", target_name: Some("Uncut sapphire"), x: 0, z: 0, level: 0, index: None }
[script livejslgrh_0] interact UseOn { name: "Chisel", kind: "inv", target_name: Some("Uncut sapphire"), x: 0, z: 0, level: 0, index: None }
[script livejslgrh_0] interact UseOn { name: "Chisel", kind: "inv", target_name: Some("Uncut sapphire"), x: 0, z: 0, level: 0, index: None }
[script livejslgrh_0] interact UseOn { name: "Chisel", kind: "inv", target_name: Some("Uncut sapphire"), x: 0, z: 0, level: 0, index: None }
[script livejslgrh_0] interact UseOn { name: "Chisel", kind: "inv", target_name: Some("Uncut sapphire"), x: 0, z: 0, level: 0, index: None }
[script livejslgrh_0] interact UseOn { name: "Chisel", kind: "inv", target_name: Some("Uncut sapphire"), x: 0, z: 0, level: 0, index: None }
[script livejslgrh_0] interact UseOn { name: "Chisel", kind: "inv", target_name: Some("Uncut sapphire"), x: 0, z: 0, level: 0, index: None }
[script livejslgrh_0] interact UseOn { name: "Chisel", kind: "inv", target_name: Some("Uncut sapphire"), x: 0, z: 0, level: 0, index: None }
[script livejslgrh_0] interact UseOn { name: "Chisel", kind: "inv", target_name: Some("Uncut sapphire"), x: 0, z: 0, level: 0, index: None }
[script livejslgrh_0] interact UseOn { name: "Chisel", kind: "inv", target_name: Some("Uncut sapphire"), x: 0, z: 0, level: 0, index: None }
[script livejslgrh_0] interact UseOn { name: "Chisel", kind: "inv", target_name: Some("Uncut sapphire"), x: 0, z: 0, level: 0, index: None }
[script livejslgrh_0] interact UseOn { name: "Chisel", kind: "inv", target_name: Some("Uncut sapphire"), x: 0, z: 0, level: 0, index: None }
[script livejslgrh_0] interact UseOn { name: "Chisel", kind: "inv", target_name: Some("Uncut sapphire"), x: 0, z: 0, level: 0, index: None }
[script livejslgrh_0] interact UseOn { name: "Chisel", kind: "inv", target_name: Some("Uncut sapphire"), x: 0, z: 0, level: 0, index: None }
[script livejslgrh_0] interact UseOn { name: "Chisel", kind: "inv", target_name: Some("Uncut sapphire"), x: 0, z: 0, level: 0, index: None }
[script livejslgrh_0] interact UseOn { name: "Chisel", kind: "inv", target_name: Some("Uncut sapphire"), x: 0, z: 0, level: 0, index: None }
[script livejslgrh_0] interact UseOn { name: "Chisel", kind: "inv", target_name: Some("Uncut sapphire"), x: 0, z: 0, level: 0, index: None }
[script livejslgrh_0] interact UseOn { name: "Chisel", kind: "inv", target_name: Some("Uncut sapphire"), x: 0, z: 0, level: 0, index: None }
[script livejslgrh_0] interact UseOn { name: "Chisel", kind: "inv", target_name: Some("Uncut sapphire"), x: 0, z: 0, level: 0, index: None }
[script livejslgrh_0] interact UseOn { name: "Chisel", kind: "inv", target_name: Some("Uncut sapphire"), x: 0, z: 0, level: 0, index: None }
[script livejslgrh_0] interact UseOn { name: "Chisel", kind: "inv", target_name: Some("Uncut sapphire"), x: 0, z: 0, level: 0, index: None }
[script livejslgrh_0] interact UseOn { name: "Chisel", kind: "inv", target_name: Some("Uncut sapphire"), x: 0, z: 0, level: 0, index: None }
[script livejslgrh_0] interact UseOn { name: "Chisel", kind: "inv", target_name: Some("Uncut sapphire"), x: 0, z: 0, level: 0, index: None }
[script livejslgrh_0] interact UseOn { name: "Chisel", kind: "inv", target_name: Some("Uncut sapphire"), x: 0, z: 0, level: 0, index: None }
[script livejslgrh_0] interact UseOn { name: "Chisel", kind: "inv", target_name: Some("Uncut sapphire"), x: 0, z: 0, level: 0, index: None }
[script livejslgrh_0] interact UseOn { name: "Chisel", kind: "inv", target_name: Some("Uncut sapphire"), x: 0, z: 0, level: 0, index: None }
[script livejslgrh_0] interact UseOn { name: "Chisel", kind: "inv", target_name: Some("Uncut sapphire"), x: 0, z: 0, level: 0, index: None }
[script livejslgrh_0] interact UseOn { name: "Chisel", kind: "inv", target_name: Some("Uncut sapphire"), x: 0, z: 0, level: 0, index: None }
[script livejslgrh_0] interact UseOn { name: "Chisel", kind: "inv", target_name: Some("Uncut sapphire"), x: 0, z: 0, level: 0, index: None }
[script livejslgrh_0] interact UseOn { name: "Chisel", kind: "inv", target_name: Some("Uncut sapphire"), x: 0, z: 0, level: 0, index: None }
[script livejslgrh_0] interact UseOn { name: "Chisel", kind: "inv", target_name: Some("Uncut sapphire"), x: 0, z: 0, level: 0, index: None }
[script livejslgrh_0] interact UseOn { name: "Chisel", kind: "inv", target_name: Some("Uncut sapphire"), x: 0, z: 0, level: 0, index: None }
[script livejslgrh_0] interact UseOn { name: "Chisel", kind: "inv", target_name: Some("Uncut sapphire"), x: 0, z: 0, level: 0, index: None }
[script livejslgrh_0] interact UseOn { name: "Chisel", kind: "inv", target_name: Some("Uncut sapphire"), x: 0, z: 0, level: 0, index: None }
[script livejslgrh_0] interact UseOn { name: "Chisel", kind: "inv", target_name: Some("Uncut sapphire"), x: 0, z: 0, level: 0, index: None }
[script livejslgrh_0] interact UseOn { name: "Chisel", kind: "inv", target_name: Some("Uncut sapphire"), x: 0, z: 0, level: 0, index: None }
[script livejslgrh_0] interact UseOn { name: "Chisel", kind: "inv", target_name: Some("Uncut sapphire"), x: 0, z: 0, level: 0, index: None }
[host] slot livejslgrh_0: d_loop_us=1458 d_raster_us=0 d_observe_us=101289 max_observe_us=13043 d_paints=0 d_skips=50 d_ticks=2 window_ms=1182
[script livejslgrh_0] interact UseOn { name: "Chisel", kind: "inv", target_name: Some("Uncut sapphire"), x: 0, z: 0, level: 0, index: None }
[script livejslgrh_0] interact UseOn { name: "Chisel", kind: "inv", target_name: Some("Uncut sapphire"), x: 0, z: 0, level: 0, index: None }
[script livejslgrh_0] interact UseOn { name: "Chisel", kind: "inv", target_name: Some("Uncut sapphire"), x: 0, z: 0, level: 0, index: None }
[script livejslgrh_0] interact UseOn { name: "Chisel", kind: "inv", target_name: Some("Uncut sapphire"), x: 0, z: 0, level: 0, index: None }
[script livejslgrh_0] interact UseOn { name: "Chisel", kind: "inv", target_name: Some("Uncut sapphire"), x: 0, z: 0, level: 0, index: None }
[script livejslgrh_0] interact UseOn { name: "Chisel", kind: "inv", target_name: Some("Uncut sapphire"), x: 0, z: 0, level: 0, index: None }
[script livejslgrh_0] interact UseOn { name: "Chisel", kind: "inv", target_name: Some("Uncut sapphire"), x: 0, z: 0, level: 0, index: None }
[script livejslgrh_0] interact UseOn { name: "Chisel", kind: "inv", target_name: Some("Uncut sapphire"), x: 0, z: 0, level: 0, index: None }
[script livejslgrh_0] interact UseOn { name: "Chisel", kind: "inv", target_name: Some("Uncut sapphire"), x: 0, z: 0, level: 0, index: None }
[script livejslgrh_0] interact UseOn { name: "Chisel", kind: "inv", target_name: Some("Uncut sapphire"), x: 0, z: 0, level: 0, index: None }
[script livejslgrh_0] interact UseOn { name: "Chisel", kind: "inv", target_name: Some("Uncut sapphire"), x: 0, z: 0, level: 0, index: None }
[script livejslgrh_0] interact UseOn { name: "Chisel", kind: "inv", target_name: Some("Uncut sapphire"), x: 0, z: 0, level: 0, index: None }
[script livejslgrh_0] interact UseOn { name: "Chisel", kind: "inv", target_name: Some("Uncut sapphire"), x: 0, z: 0, level: 0, index: None }
[script livejslgrh_0] interact UseOn { name: "Chisel", kind: "inv", target_name: Some("Uncut sapphire"), x: 0, z: 0, level: 0, index: None }
[script livejslgrh_0] interact UseOn { name: "Chisel", kind: "inv", target_name: Some("Uncut sapphire"), x: 0, z: 0, level: 0, index: None }
[script livejslgrh_0] interact UseOn { name: "Chisel", kind: "inv", target_name: Some("Uncut sapphire"), x: 0, z: 0, level: 0, index: None }
[script livejslgrh_0] interact UseOn { name: "Chisel", kind: "inv", target_name: Some("Uncut sapphire"), x: 0, z: 0, level: 0, index: None }
[script livejslgrh_0] interact UseOn { name: "Chisel", kind: "inv", target_name: Some("Uncut sapphire"), x: 0, z: 0, level: 0, index: None }
[script livejslgrh_0] interact UseOn { name: "Chisel", kind: "inv", target_name: Some("Uncut sapphire"), x: 0, z: 0, level: 0, index: None }
[script livejslgrh_0] interact UseOn { name: "Chisel", kind: "inv", target_name: Some("Uncut sapphire"), x: 0, z: 0, level: 0, index: None }
[script livejslgrh_0] interact UseOn { name: "Chisel", kind: "inv", target_name: Some("Uncut sapphire"), x: 0, z: 0, level: 0, index: None }
[script livejslgrh_0] interact UseOn { name: "Chisel", kind: "inv", target_name: Some("Uncut sapphire"), x: 0, z: 0, level: 0, index: None }
[script livejslgrh_0] interact UseOn { name: "Chisel", kind: "inv", target_name: Some("Uncut sapphire"), x: 0, z: 0, level: 0, index: None }
[script livejslgrh_0] interact UseOn { name: "Chisel", kind: "inv", target_name: Some("Uncut sapphire"), x: 0, z: 0, level: 0, index: None }
[script livejslgrh_0] interact UseOn { name: "Chisel", kind: "inv", target_name: Some("Uncut sapphire"), x: 0, z: 0, level: 0, index: None }
[script livejslgrh_0] interact UseOn { name: "Chisel", kind: "inv", target_name: Some("Uncut sapphire"), x: 0, z: 0, level: 0, index: None }
[script livejslgrh_0] interact UseOn { name: "Chisel", kind: "inv", target_name: Some("Uncut sapphire"), x: 0, z: 0, level: 0, index: None }
[script livejslgrh_0] interact UseOn { name: "Chisel", kind: "inv", target_name: Some("Uncut sapphire"), x: 0, z: 0, level: 0, index: None }
[script livejslgrh_0] interact UseOn { name: "Chisel", kind: "inv", target_name: Some("Uncut sapphire"), x: 0, z: 0, level: 0, index: None }
[script livejslgrh_0] interact UseOn { name: "Chisel", kind: "inv", target_name: Some("Uncut sapphire"), x: 0, z: 0, level: 0, index: None }
[script livejslgrh_0] interact UseOn { name: "Chisel", kind: "inv", target_name: Some("Uncut sapphire"), x: 0, z: 0, level: 0, index: None }
[script livejslgrh_0] interact UseOn { name: "Chisel", kind: "inv", target_name: Some("Uncut sapphire"), x: 0, z: 0, level: 0, index: None }
[script livejslgrh_0] interact UseOn { name: "Chisel", kind: "inv", target_name: Some("Uncut sapphire"), x: 0, z: 0, level: 0, index: None }
[script livejslgrh_0] interact UseOn { name: "Chisel", kind: "inv", target_name: Some("Uncut sapphire"), x: 0, z: 0, level: 0, index: None }
[script livejslgrh_0] interact UseOn { name: "Chisel", kind: "inv", target_name: Some("Uncut sapphire"), x: 0, z: 0, level: 0, index: None }
[script livejslgrh_0] interact UseOn { name: "Chisel", kind: "inv", target_name: Some("Uncut sapphire"), x: 0, z: 0, level: 0, index: None }
[script livejslgrh_0] interact UseOn { name: "Chisel", kind: "inv", target_name: Some("Uncut sapphire"), x: 0, z: 0, level: 0, index: None }
[script livejslgrh_0] interact UseOn { name: "Chisel", kind: "inv", target_name: Some("Uncut sapphire"), x: 0, z: 0, level: 0, index: None }
[script livejslgrh_0] interact UseOn { name: "Chisel", kind: "inv", target_name: Some("Uncut sapphire"), x: 0, z: 0, level: 0, index: None }
[script livejslgrh_0] interact UseOn { name: "Chisel", kind: "inv", target_name: Some("Uncut sapphire"), x: 0, z: 0, level: 0, index: None }
[script livejslgrh_0] interact UseOn { name: "Chisel", kind: "inv", target_name: Some("Uncut sapphire"), x: 0, z: 0, level: 0, index: None }
[script livejslgrh_0] interact UseOn { name: "Chisel", kind: "inv", target_name: Some("Uncut sapphire"), x: 0, z: 0, level: 0, index: None }
[script livejslgrh_0] interact UseOn { name: "Chisel", kind: "inv", target_name: Some("Uncut sapphire"), x: 0, z: 0, level: 0, index: None }
[script livejslgrh_0] interact UseOn { name: "Chisel", kind: "inv", target_name: Some("Uncut sapphire"), x: 0, z: 0, level: 0, index: None }
[script livejslgrh_0] interact UseOn { name: "Chisel", kind: "inv", target_name: Some("Uncut sapphire"), x: 0, z: 0, level: 0, index: None }
[script livejslgrh_0] interact UseOn { name: "Chisel", kind: "inv", target_name: Some("Uncut sapphire"), x: 0, z: 0, level: 0, index: None }
[script livejslgrh_0] interact UseOn { name: "Chisel", kind: "inv", target_name: Some("Uncut sapphire"), x: 0, z: 0, level: 0, index: None }
[script livejslgrh_0] interact UseOn { name: "Chisel", kind: "inv", target_name: Some("Uncut sapphire"), x: 0, z: 0, level: 0, index: None }
[script livejslgrh_0] interact UseOn { name: "Chisel", kind: "inv", target_name: Some("Uncut sapphire"), x: 0, z: 0, level: 0, index: None }
[script livejslgrh_0] interact UseOn { name: "Chisel", kind: "inv", target_name: Some("Uncut sapphire"), x: 0, z: 0, level: 0, index: None }
[script livejslgrh_0] interact UseOn { name: "Chisel", kind: "inv", target_name: Some("Uncut sapphire"), x: 0, z: 0, level: 0, index: None }
[script livejslgrh_0] interact UseOn { name: "Chisel", kind: "inv", target_name: Some("Uncut sapphire"), x: 0, z: 0, level: 0, index: None }
[script livejslgrh_0] interact UseOn { name: "Chisel", kind: "inv", target_name: Some("Uncut sapphire"), x: 0, z: 0, level: 0, index: None }
[script livejslgrh_0] interact UseOn { name: "Chisel", kind: "inv", target_name: Some("Uncut sapphire"), x: 0, z: 0, level: 0, index: None }
[script livejslgrh_0] interact UseOn { name: "Chisel", kind: "inv", target_name: Some("Uncut sapphire"), x: 0, z: 0, level: 0, index: None }
[script livejslgrh_0] interact UseOn { name: "Chisel", kind: "inv", target_name: Some("Uncut sapphire"), x: 0, z: 0, level: 0, index: None }
[script livejslgrh_0] interact UseOn { name: "Chisel", kind: "inv", target_name: Some("Uncut sapphire"), x: 0, z: 0, level: 0, index: None }
[script livejslgrh_0] interact UseOn { name: "Chisel", kind: "inv", target_name: Some("Uncut sapphire"), x: 0, z: 0, level: 0, index: None }
[script livejslgrh_0] interact UseOn { name: "Chisel", kind: "inv", target_name: Some("Uncut sapphire"), x: 0, z: 0, level: 0, index: None }
[script livejslgrh_0] interact UseOn { name: "Chisel", kind: "inv", target_name: Some("Uncut sapphire"), x: 0, z: 0, level: 0, index: None }
[host] slot livejslgrh_0: d_loop_us=1402 d_raster_us=0 d_observe_us=99052 max_observe_us=11463 d_paints=0 d_skips=50 d_ticks=2 window_ms=1187
[host] slot livejslgrh_0: d_loop_us=1614 d_raster_us=0 d_observe_us=99241 max_observe_us=12767 d_paints=0 d_skips=50 d_ticks=2 window_ms=1179
[script livejslgrh_0] interact UseOn { name: "Chisel", kind: "inv", target_name: Some("Uncut sapphire"), x: 0, z: 0, level: 0, index: None }
[script livejslgrh_0] interact UseOn { name: "Chisel", kind: "inv", target_name: Some("Uncut sapphire"), x: 0, z: 0, level: 0, index: None }
[script livejslgrh_0] interact UseOn { name: "Chisel", kind: "inv", target_name: Some("Uncut sapphire"), x: 0, z: 0, level: 0, index: None }
[script livejslgrh_0] interact UseOn { name: "Chisel", kind: "inv", target_name: Some("Uncut sapphire"), x: 0, z: 0, level: 0, index: None }
[script livejslgrh_0] interact UseOn { name: "Chisel", kind: "inv", target_name: Some("Uncut sapphire"), x: 0, z: 0, level: 0, index: None }
[script livejslgrh_0] interact UseOn { name: "Chisel", kind: "inv", target_name: Some("Uncut sapphire"), x: 0, z: 0, level: 0, index: None }
[script livejslgrh_0] interact UseOn { name: "Chisel", kind: "inv", target_name: Some("Uncut sapphire"), x: 0, z: 0, level: 0, index: None }
[script livejslgrh_0] interact UseOn { name: "Chisel", kind: "inv", target_name: Some("Uncut sapphire"), x: 0, z: 0, level: 0, index: None }
[script livejslgrh_0] interact UseOn { name: "Chisel", kind: "inv", target_name: Some("Uncut sapphire"), x: 0, z: 0, level: 0, index: None }
[script livejslgrh_0] interact UseOn { name: "Chisel", kind: "inv", target_name: Some("Uncut sapphire"), x: 0, z: 0, level: 0, index: None }
[script livejslgrh_0] interact UseOn { name: "Chisel", kind: "inv", target_name: Some("Uncut sapphire"), x: 0, z: 0, level: 0, index: None }
[script livejslgrh_0] interact UseOn { name: "Chisel", kind: "inv", target_name: Some("Uncut sapphire"), x: 0, z: 0, level: 0, index: None }
[script livejslgrh_0] interact UseOn { name: "Chisel", kind: "inv", target_name: Some("Uncut sapphire"), x: 0, z: 0, level: 0, index: None }
[script livejslgrh_0] interact UseOn { name: "Chisel", kind: "inv", target_name: Some("Uncut sapphire"), x: 0, z: 0, level: 0, index: None }
[script livejslgrh_0] interact UseOn { name: "Chisel", kind: "inv", target_name: Some("Uncut sapphire"), x: 0, z: 0, level: 0, index: None }
[script livejslgrh_0] interact UseOn { name: "Chisel", kind: "inv", target_name: Some("Uncut sapphire"), x: 0, z: 0, level: 0, index: None }
[script livejslgrh_0] interact UseOn { name: "Chisel", kind: "inv", target_name: Some("Uncut sapphire"), x: 0, z: 0, level: 0, index: None }
[script livejslgrh_0] interact UseOn { name: "Chisel", kind: "inv", target_name: Some("Uncut sapphire"), x: 0, z: 0, level: 0, index: None }
[script livejslgrh_0] interact UseOn { name: "Chisel", kind: "inv", target_name: Some("Uncut sapphire"), x: 0, z: 0, level: 0, index: None }
[script livejslgrh_0] interact UseOn { name: "Chisel", kind: "inv", target_name: Some("Uncut sapphire"), x: 0, z: 0, level: 0, index: None }
[script livejslgrh_0] interact UseOn { name: "Chisel", kind: "inv", target_name: Some("Uncut sapphire"), x: 0, z: 0, level: 0, index: None }
[script livejslgrh_0] interact UseOn { name: "Chisel", kind: "inv", target_name: Some("Uncut sapphire"), x: 0, z: 0, level: 0, index: None }
[script livejslgrh_0] interact UseOn { name: "Chisel", kind: "inv", target_name: Some("Uncut sapphire"), x: 0, z: 0, level: 0, index: None }
[script livejslgrh_0] interact UseOn { name: "Chisel", kind: "inv", target_name: Some("Uncut sapphire"), x: 0, z: 0, level: 0, index: None }
[script livejslgrh_0] interact UseOn { name: "Chisel", kind: "inv", target_name: Some("Uncut sapphire"), x: 0, z: 0, level: 0, index: None }
[script livejslgrh_0] interact UseOn { name: "Chisel", kind: "inv", target_name: Some("Uncut sapphire"), x: 0, z: 0, level: 0, index: None }
[script livejslgrh_0] interact UseOn { name: "Chisel", kind: "inv", target_name: Some("Uncut sapphire"), x: 0, z: 0, level: 0, index: None }
[script livejslgrh_0] interact UseOn { name: "Chisel", kind: "inv", target_name: Some("Uncut sapphire"), x: 0, z: 0, level: 0, index: None }
[script livejslgrh_0] interact UseOn { name: "Chisel", kind: "inv", target_name: Some("Uncut sapphire"), x: 0, z: 0, level: 0, index: None }
[script livejslgrh_0] interact UseOn { name: "Chisel", kind: "inv", target_name: Some("Uncut sapphire"), x: 0, z: 0, level: 0, index: None }
[script livejslgrh_0] interact UseOn { name: "Chisel", kind: "inv", target_name: Some("Uncut sapphire"), x: 0, z: 0, level: 0, index: None }
[script livejslgrh_0] interact UseOn { name: "Chisel", kind: "inv", target_name: Some("Uncut sapphire"), x: 0, z: 0, level: 0, index: None }
[script livejslgrh_0] interact UseOn { name: "Chisel", kind: "inv", target_name: Some("Uncut sapphire"), x: 0, z: 0, level: 0, index: None }
[script livejslgrh_0] interact UseOn { name: "Chisel", kind: "inv", target_name: Some("Uncut sapphire"), x: 0, z: 0, level: 0, index: None }
[script livejslgrh_0] interact UseOn { name: "Chisel", kind: "inv", target_name: Some("Uncut sapphire"), x: 0, z: 0, level: 0, index: None }
[script livejslgrh_0] interact UseOn { name: "Chisel", kind: "inv", target_name: Some("Uncut sapphire"), x: 0, z: 0, level: 0, index: None }
[script livejslgrh_0] interact UseOn { name: "Chisel", kind: "inv", target_name: Some("Uncut sapphire"), x: 0, z: 0, level: 0, index: None }
[script livejslgrh_0] interact UseOn { name: "Chisel", kind: "inv", target_name: Some("Uncut sapphire"), x: 0, z: 0, level: 0, index: None }
[script livejslgrh_0] interact UseOn { name: "Chisel", kind: "inv", target_name: Some("Uncut sapphire"), x: 0, z: 0, level: 0, index: None }
[script livejslgrh_0] interact UseOn { name: "Chisel", kind: "inv", target_name: Some("Uncut sapphire"), x: 0, z: 0, level: 0, index: None }
[script livejslgrh_0] interact UseOn { name: "Chisel", kind: "inv", target_name: Some("Uncut sapphire"), x: 0, z: 0, level: 0, index: None }
[script livejslgrh_0] interact UseOn { name: "Chisel", kind: "inv", target_name: Some("Uncut sapphire"), x: 0, z: 0, level: 0, index: None }
[script livejslgrh_0] interact UseOn { name: "Chisel", kind: "inv", target_name: Some("Uncut sapphire"), x: 0, z: 0, level: 0, index: None }
[script livejslgrh_0] interact UseOn { name: "Chisel", kind: "inv", target_name: Some("Uncut sapphire"), x: 0, z: 0, level: 0, index: None }
[script livejslgrh_0] interact UseOn { name: "Chisel", kind: "inv", target_name: Some("Uncut sapphire"), x: 0, z: 0, level: 0, index: None }
[script livejslgrh_0] interact UseOn { name: "Chisel", kind: "inv", target_name: Some("Uncut sapphire"), x: 0, z: 0, level: 0, index: None }
[script livejslgrh_0] interact UseOn { name: "Chisel", kind: "inv", target_name: Some("Uncut sapphire"), x: 0, z: 0, level: 0, index: None }
[script livejslgrh_0] interact UseOn { name: "Chisel", kind: "inv", target_name: Some("Uncut sapphire"), x: 0, z: 0, level: 0, index: None }
[script livejslgrh_0] interact UseOn { name: "Chisel", kind: "inv", target_name: Some("Uncut sapphire"), x: 0, z: 0, level: 0, index: None }
[script livejslgrh_0] interact UseOn { name: "Chisel", kind: "inv", target_name: Some("Uncut sapphire"), x: 0, z: 0, level: 0, index: None }
[script livejslgrh_0] interact UseOn { name: "Chisel", kind: "inv", target_name: Some("Uncut sapphire"), x: 0, z: 0, level: 0, index: None }
[script livejslgrh_0] interact UseOn { name: "Chisel", kind: "inv", target_name: Some("Uncut sapphire"), x: 0, z: 0, level: 0, index: None }
[script livejslgrh_0] interact UseOn { name: "Chisel", kind: "inv", target_name: Some("Uncut sapphire"), x: 0, z: 0, level: 0, index: None }
[script livejslgrh_0] interact UseOn { name: "Chisel", kind: "inv", target_name: Some("Uncut sapphire"), x: 0, z: 0, level: 0, index: None }
[script livejslgrh_0] interact UseOn { name: "Chisel", kind: "inv", target_name: Some("Uncut sapphire"), x: 0, z: 0, level: 0, index: None }
[script livejslgrh_0] interact UseOn { name: "Chisel", kind: "inv", target_name: Some("Uncut sapphire"), x: 0, z: 0, level: 0, index: None }
[script livejslgrh_0] interact UseOn { name: "Chisel", kind: "inv", target_name: Some("Uncut sapphire"), x: 0, z: 0, level: 0, index: None }
[script livejslgrh_0] interact UseOn { name: "Chisel", kind: "inv", target_name: Some("Uncut sapphire"), x: 0, z: 0, level: 0, index: None }
[script livejslgrh_0] interact UseOn { name: "Chisel", kind: "inv", target_name: Some("Uncut sapphire"), x: 0, z: 0, level: 0, index: None }
[script livejslgrh_0] interact UseOn { name: "Chisel", kind: "inv", target_name: Some("Uncut sapphire"), x: 0, z: 0, level: 0, index: None }
[host] hitch livejslgrh_0: observe_us=16170 paints=0 skips=1183 ticks=72
[host] slot livejslgrh_0: d_loop_us=1446 d_raster_us=0 d_observe_us=101631 max_observe_us=16170 d_paints=0 d_skips=50 d_ticks=2 window_ms=1191
[host] slot livejslgrh_0: d_loop_us=1363 d_raster_us=0 d_observe_us=93975 max_observe_us=14266 d_paints=0 d_skips=50 d_ticks=2 window_ms=1199
[script livejslgrh_0] interact UseOn { name: "Chisel", kind: "inv", target_name: Some("Uncut sapphire"), x: 0, z: 0, level: 0, index: None }
[script livejslgrh_0] interact UseOn { name: "Chisel", kind: "inv", target_name: Some("Uncut sapphire"), x: 0, z: 0, level: 0, index: None }
[script livejslgrh_0] interact UseOn { name: "Chisel", kind: "inv", target_name: Some("Uncut sapphire"), x: 0, z: 0, level: 0, index: None }
[script livejslgrh_0] interact UseOn { name: "Chisel", kind: "inv", target_name: Some("Uncut sapphire"), x: 0, z: 0, level: 0, index: None }
[script livejslgrh_0] interact UseOn { name: "Chisel", kind: "inv", target_name: Some("Uncut sapphire"), x: 0, z: 0, level: 0, index: None }
[script livejslgrh_0] interact UseOn { name: "Chisel", kind: "inv", target_name: Some("Uncut sapphire"), x: 0, z: 0, level: 0, index: None }
[script livejslgrh_0] interact UseOn { name: "Chisel", kind: "inv", target_name: Some("Uncut sapphire"), x: 0, z: 0, level: 0, index: None }
[script livejslgrh_0] interact UseOn { name: "Chisel", kind: "inv", target_name: Some("Uncut sapphire"), x: 0, z: 0, level: 0, index: None }
[script livejslgrh_0] interact UseOn { name: "Chisel", kind: "inv", target_name: Some("Uncut sapphire"), x: 0, z: 0, level: 0, index: None }
[script livejslgrh_0] interact UseOn { name: "Chisel", kind: "inv", target_name: Some("Uncut sapphire"), x: 0, z: 0, level: 0, index: None }
[script livejslgrh_0] interact UseOn { name: "Chisel", kind: "inv", target_name: Some("Uncut sapphire"), x: 0, z: 0, level: 0, index: None }
[script livejslgrh_0] interact UseOn { name: "Chisel", kind: "inv", target_name: Some("Uncut sapphire"), x: 0, z: 0, level: 0, index: None }
[script livejslgrh_0] interact UseOn { name: "Chisel", kind: "inv", target_name: Some("Uncut sapphire"), x: 0, z: 0, level: 0, index: None }
[script livejslgrh_0] interact UseOn { name: "Chisel", kind: "inv", target_name: Some("Uncut sapphire"), x: 0, z: 0, level: 0, index: None }
[script livejslgrh_0] interact UseOn { name: "Chisel", kind: "inv", target_name: Some("Uncut sapphire"), x: 0, z: 0, level: 0, index: None }
[script livejslgrh_0] interact UseOn { name: "Chisel", kind: "inv", target_name: Some("Uncut sapphire"), x: 0, z: 0, level: 0, index: None }
[script livejslgrh_0] interact UseOn { name: "Chisel", kind: "inv", target_name: Some("Uncut sapphire"), x: 0, z: 0, level: 0, index: None }
[script livejslgrh_0] interact UseOn { name: "Chisel", kind: "inv", target_name: Some("Uncut sapphire"), x: 0, z: 0, level: 0, index: None }
[script livejslgrh_0] interact UseOn { name: "Chisel", kind: "inv", target_name: Some("Uncut sapphire"), x: 0, z: 0, level: 0, index: None }
[script livejslgrh_0] interact UseOn { name: "Chisel", kind: "inv", target_name: Some("Uncut sapphire"), x: 0, z: 0, level: 0, index: None }
[script livejslgrh_0] interact UseOn { name: "Chisel", kind: "inv", target_name: Some("Uncut sapphire"), x: 0, z: 0, level: 0, index: None }
[script livejslgrh_0] interact UseOn { name: "Chisel", kind: "inv", target_name: Some("Uncut sapphire"), x: 0, z: 0, level: 0, index: None }
[script livejslgrh_0] interact UseOn { name: "Chisel", kind: "inv", target_name: Some("Uncut sapphire"), x: 0, z: 0, level: 0, index: None }
[script livejslgrh_0] interact UseOn { name: "Chisel", kind: "inv", target_name: Some("Uncut sapphire"), x: 0, z: 0, level: 0, index: None }
[script livejslgrh_0] interact UseOn { name: "Chisel", kind: "inv", target_name: Some("Uncut sapphire"), x: 0, z: 0, level: 0, index: None }
[script livejslgrh_0] interact UseOn { name: "Chisel", kind: "inv", target_name: Some("Uncut sapphire"), x: 0, z: 0, level: 0, index: None }
[script livejslgrh_0] interact UseOn { name: "Chisel", kind: "inv", target_name: Some("Uncut sapphire"), x: 0, z: 0, level: 0, index: None }
[script livejslgrh_0] interact UseOn { name: "Chisel", kind: "inv", target_name: Some("Uncut sapphire"), x: 0, z: 0, level: 0, index: None }
[script livejslgrh_0] interact UseOn { name: "Chisel", kind: "inv", target_name: Some("Uncut sapphire"), x: 0, z: 0, level: 0, index: None }
[script livejslgrh_0] interact UseOn { name: "Chisel", kind: "inv", target_name: Some("Uncut sapphire"), x: 0, z: 0, level: 0, index: None }
[script livejslgrh_0] interact UseOn { name: "Chisel", kind: "inv", target_name: Some("Uncut sapphire"), x: 0, z: 0, level: 0, index: None }
[script livejslgrh_0] interact UseOn { name: "Chisel", kind: "inv", target_name: Some("Uncut sapphire"), x: 0, z: 0, level: 0, index: None }
[script livejslgrh_0] interact UseOn { name: "Chisel", kind: "inv", target_name: Some("Uncut sapphire"), x: 0, z: 0, level: 0, index: None }
[script livejslgrh_0] interact UseOn { name: "Chisel", kind: "inv", target_name: Some("Uncut sapphire"), x: 0, z: 0, level: 0, index: None }
[script livejslgrh_0] interact UseOn { name: "Chisel", kind: "inv", target_name: Some("Uncut sapphire"), x: 0, z: 0, level: 0, index: None }
[script livejslgrh_0] interact UseOn { name: "Chisel", kind: "inv", target_name: Some("Uncut sapphire"), x: 0, z: 0, level: 0, index: None }
[script livejslgrh_0] interact UseOn { name: "Chisel", kind: "inv", target_name: Some("Uncut sapphire"), x: 0, z: 0, level: 0, index: None }
[script livejslgrh_0] interact UseOn { name: "Chisel", kind: "inv", target_name: Some("Uncut sapphire"), x: 0, z: 0, level: 0, index: None }
[script livejslgrh_0] interact UseOn { name: "Chisel", kind: "inv", target_name: Some("Uncut sapphire"), x: 0, z: 0, level: 0, index: None }
[script livejslgrh_0] interact UseOn { name: "Chisel", kind: "inv", target_name: Some("Uncut sapphire"), x: 0, z: 0, level: 0, index: None }
[script livejslgrh_0] interact UseOn { name: "Chisel", kind: "inv", target_name: Some("Uncut sapphire"), x: 0, z: 0, level: 0, index: None }
[script livejslgrh_0] interact UseOn { name: "Chisel", kind: "inv", target_name: Some("Uncut sapphire"), x: 0, z: 0, level: 0, index: None }
[script livejslgrh_0] interact UseOn { name: "Chisel", kind: "inv", target_name: Some("Uncut sapphire"), x: 0, z: 0, level: 0, index: None }
[script livejslgrh_0] interact UseOn { name: "Chisel", kind: "inv", target_name: Some("Uncut sapphire"), x: 0, z: 0, level: 0, index: None }
[script livejslgrh_0] interact UseOn { name: "Chisel", kind: "inv", target_name: Some("Uncut sapphire"), x: 0, z: 0, level: 0, index: None }
[script livejslgrh_0] interact UseOn { name: "Chisel", kind: "inv", target_name: Some("Uncut sapphire"), x: 0, z: 0, level: 0, index: None }
[script livejslgrh_0] interact UseOn { name: "Chisel", kind: "inv", target_name: Some("Uncut sapphire"), x: 0, z: 0, level: 0, index: None }
[script livejslgrh_0] interact UseOn { name: "Chisel", kind: "inv", target_name: Some("Uncut sapphire"), x: 0, z: 0, level: 0, index: None }
[script livejslgrh_0] interact UseOn { name: "Chisel", kind: "inv", target_name: Some("Uncut sapphire"), x: 0, z: 0, level: 0, index: None }
[script livejslgrh_0] interact UseOn { name: "Chisel", kind: "inv", target_name: Some("Uncut sapphire"), x: 0, z: 0, level: 0, index: None }
[script livejslgrh_0] interact UseOn { name: "Chisel", kind: "inv", target_name: Some("Uncut sapphire"), x: 0, z: 0, level: 0, index: None }
[script livejslgrh_0] interact UseOn { name: "Chisel", kind: "inv", target_name: Some("Uncut sapphire"), x: 0, z: 0, level: 0, index: None }
[script livejslgrh_0] interact UseOn { name: "Chisel", kind: "inv", target_name: Some("Uncut sapphire"), x: 0, z: 0, level: 0, index: None }
[script livejslgrh_0] interact UseOn { name: "Chisel", kind: "inv", target_name: Some("Uncut sapphire"), x: 0, z: 0, level: 0, index: None }
[script livejslgrh_0] interact UseOn { name: "Chisel", kind: "inv", target_name: Some("Uncut sapphire"), x: 0, z: 0, level: 0, index: None }
[script livejslgrh_0] interact UseOn { name: "Chisel", kind: "inv", target_name: Some("Uncut sapphire"), x: 0, z: 0, level: 0, index: None }
[script livejslgrh_0] interact UseOn { name: "Chisel", kind: "inv", target_name: Some("Uncut sapphire"), x: 0, z: 0, level: 0, index: None }
[script livejslgrh_0] interact UseOn { name: "Chisel", kind: "inv", target_name: Some("Uncut sapphire"), x: 0, z: 0, level: 0, index: None }
[script livejslgrh_0] interact UseOn { name: "Chisel", kind: "inv", target_name: Some("Uncut sapphire"), x: 0, z: 0, level: 0, index: None }
[script livejslgrh_0] interact UseOn { name: "Chisel", kind: "inv", target_name: Some("Uncut sapphire"), x: 0, z: 0, level: 0, index: None }
[host] slot livejslgrh_0: d_loop_us=1089 d_raster_us=0 d_observe_us=79803 max_observe_us=8450 d_paints=0 d_skips=50 d_ticks=2 window_ms=1193
[host] slot livejslgrh_0: d_loop_us=1557 d_raster_us=0 d_observe_us=99038 max_observe_us=8844 d_paints=0 d_skips=50 d_ticks=2 window_ms=1170
[script livejslgrh_0] interact UseOn { name: "Chisel", kind: "inv", target_name: Some("Uncut sapphire"), x: 0, z: 0, level: 0, index: None }
[script livejslgrh_0] interact UseOn { name: "Chisel", kind: "inv", target_name: Some("Uncut sapphire"), x: 0, z: 0, level: 0, index: None }
[script livejslgrh_0] interact UseOn { name: "Chisel", kind: "inv", target_name: Some("Uncut sapphire"), x: 0, z: 0, level: 0, index: None }
[script livejslgrh_0] interact UseOn { name: "Chisel", kind: "inv", target_name: Some("Uncut sapphire"), x: 0, z: 0, level: 0, index: None }
[script livejslgrh_0] interact UseOn { name: "Chisel", kind: "inv", target_name: Some("Uncut sapphire"), x: 0, z: 0, level: 0, index: None }
[script livejslgrh_0] interact UseOn { name: "Chisel", kind: "inv", target_name: Some("Uncut sapphire"), x: 0, z: 0, level: 0, index: None }
[script livejslgrh_0] interact UseOn { name: "Chisel", kind: "inv", target_name: Some("Uncut sapphire"), x: 0, z: 0, level: 0, index: None }
[script livejslgrh_0] interact UseOn { name: "Chisel", kind: "inv", target_name: Some("Uncut sapphire"), x: 0, z: 0, level: 0, index: None }
[script livejslgrh_0] interact UseOn { name: "Chisel", kind: "inv", target_name: Some("Uncut sapphire"), x: 0, z: 0, level: 0, index: None }
[script livejslgrh_0] interact UseOn { name: "Chisel", kind: "inv", target_name: Some("Uncut sapphire"), x: 0, z: 0, level: 0, index: None }
[script livejslgrh_0] interact UseOn { name: "Chisel", kind: "inv", target_name: Some("Uncut sapphire"), x: 0, z: 0, level: 0, index: None }
[script livejslgrh_0] interact UseOn { name: "Chisel", kind: "inv", target_name: Some("Uncut sapphire"), x: 0, z: 0, level: 0, index: None }
[script livejslgrh_0] interact UseOn { name: "Chisel", kind: "inv", target_name: Some("Uncut sapphire"), x: 0, z: 0, level: 0, index: None }
[script livejslgrh_0] interact UseOn { name: "Chisel", kind: "inv", target_name: Some("Uncut sapphire"), x: 0, z: 0, level: 0, index: None }
[script livejslgrh_0] interact UseOn { name: "Chisel", kind: "inv", target_name: Some("Uncut sapphire"), x: 0, z: 0, level: 0, index: None }
[script livejslgrh_0] interact UseOn { name: "Chisel", kind: "inv", target_name: Some("Uncut sapphire"), x: 0, z: 0, level: 0, index: None }
[script livejslgrh_0] interact UseOn { name: "Chisel", kind: "inv", target_name: Some("Uncut sapphire"), x: 0, z: 0, level: 0, index: None }
[script livejslgrh_0] interact UseOn { name: "Chisel", kind: "inv", target_name: Some("Uncut sapphire"), x: 0, z: 0, level: 0, index: None }
[script livejslgrh_0] interact UseOn { name: "Chisel", kind: "inv", target_name: Some("Uncut sapphire"), x: 0, z: 0, level: 0, index: None }
[script livejslgrh_0] interact UseOn { name: "Chisel", kind: "inv", target_name: Some("Uncut sapphire"), x: 0, z: 0, level: 0, index: None }
[script livejslgrh_0] interact UseOn { name: "Chisel", kind: "inv", target_name: Some("Uncut sapphire"), x: 0, z: 0, level: 0, index: None }
[script livejslgrh_0] interact UseOn { name: "Chisel", kind: "inv", target_name: Some("Uncut sapphire"), x: 0, z: 0, level: 0, index: None }
[script livejslgrh_0] interact UseOn { name: "Chisel", kind: "inv", target_name: Some("Uncut sapphire"), x: 0, z: 0, level: 0, index: None }
[script livejslgrh_0] interact UseOn { name: "Chisel", kind: "inv", target_name: Some("Uncut sapphire"), x: 0, z: 0, level: 0, index: None }
[script livejslgrh_0] interact UseOn { name: "Chisel", kind: "inv", target_name: Some("Uncut sapphire"), x: 0, z: 0, level: 0, index: None }
[script livejslgrh_0] interact UseOn { name: "Chisel", kind: "inv", target_name: Some("Uncut sapphire"), x: 0, z: 0, level: 0, index: None }
[script livejslgrh_0] interact UseOn { name: "Chisel", kind: "inv", target_name: Some("Uncut sapphire"), x: 0, z: 0, level: 0, index: None }
[script livejslgrh_0] interact UseOn { name: "Chisel", kind: "inv", target_name: Some("Uncut sapphire"), x: 0, z: 0, level: 0, index: None }
[script livejslgrh_0] interact UseOn { name: "Chisel", kind: "inv", target_name: Some("Uncut sapphire"), x: 0, z: 0, level: 0, index: None }
[script livejslgrh_0] interact UseOn { name: "Chisel", kind: "inv", target_name: Some("Uncut sapphire"), x: 0, z: 0, level: 0, index: None }
[script livejslgrh_0] interact UseOn { name: "Chisel", kind: "inv", target_name: Some("Uncut sapphire"), x: 0, z: 0, level: 0, index: None }
[script livejslgrh_0] interact UseOn { name: "Chisel", kind: "inv", target_name: Some("Uncut sapphire"), x: 0, z: 0, level: 0, index: None }
[script livejslgrh_0] interact UseOn { name: "Chisel", kind: "inv", target_name: Some("Uncut sapphire"), x: 0, z: 0, level: 0, index: None }
[script livejslgrh_0] interact UseOn { name: "Chisel", kind: "inv", target_name: Some("Uncut sapphire"), x: 0, z: 0, level: 0, index: None }
[script livejslgrh_0] interact UseOn { name: "Chisel", kind: "inv", target_name: Some("Uncut sapphire"), x: 0, z: 0, level: 0, index: None }
[script livejslgrh_0] interact UseOn { name: "Chisel", kind: "inv", target_name: Some("Uncut sapphire"), x: 0, z: 0, level: 0, index: None }
[script livejslgrh_0] interact UseOn { name: "Chisel", kind: "inv", target_name: Some("Uncut sapphire"), x: 0, z: 0, level: 0, index: None }
[script livejslgrh_0] interact UseOn { name: "Chisel", kind: "inv", target_name: Some("Uncut sapphire"), x: 0, z: 0, level: 0, index: None }
[script livejslgrh_0] interact UseOn { name: "Chisel", kind: "inv", target_name: Some("Uncut sapphire"), x: 0, z: 0, level: 0, index: None }
[script livejslgrh_0] interact UseOn { name: "Chisel", kind: "inv", target_name: Some("Uncut sapphire"), x: 0, z: 0, level: 0, index: None }
[script livejslgrh_0] interact UseOn { name: "Chisel", kind: "inv", target_name: Some("Uncut sapphire"), x: 0, z: 0, level: 0, index: None }
[script livejslgrh_0] interact UseOn { name: "Chisel", kind: "inv", target_name: Some("Uncut sapphire"), x: 0, z: 0, level: 0, index: None }
[script livejslgrh_0] interact UseOn { name: "Chisel", kind: "inv", target_name: Some("Uncut sapphire"), x: 0, z: 0, level: 0, index: None }
[script livejslgrh_0] interact UseOn { name: "Chisel", kind: "inv", target_name: Some("Uncut sapphire"), x: 0, z: 0, level: 0, index: None }
[script livejslgrh_0] interact UseOn { name: "Chisel", kind: "inv", target_name: Some("Uncut sapphire"), x: 0, z: 0, level: 0, index: None }
[script livejslgrh_0] interact UseOn { name: "Chisel", kind: "inv", target_name: Some("Uncut sapphire"), x: 0, z: 0, level: 0, index: None }
[script livejslgrh_0] interact UseOn { name: "Chisel", kind: "inv", target_name: Some("Uncut sapphire"), x: 0, z: 0, level: 0, index: None }
[script livejslgrh_0] interact UseOn { name: "Chisel", kind: "inv", target_name: Some("Uncut sapphire"), x: 0, z: 0, level: 0, index: None }
[script livejslgrh_0] interact UseOn { name: "Chisel", kind: "inv", target_name: Some("Uncut sapphire"), x: 0, z: 0, level: 0, index: None }
[script livejslgrh_0] interact UseOn { name: "Chisel", kind: "inv", target_name: Some("Uncut sapphire"), x: 0, z: 0, level: 0, index: None }
[script livejslgrh_0] interact UseOn { name: "Chisel", kind: "inv", target_name: Some("Uncut sapphire"), x: 0, z: 0, level: 0, index: None }
[script livejslgrh_0] interact UseOn { name: "Chisel", kind: "inv", target_name: Some("Uncut sapphire"), x: 0, z: 0, level: 0, index: None }
[script livejslgrh_0] interact UseOn { name: "Chisel", kind: "inv", target_name: Some("Uncut sapphire"), x: 0, z: 0, level: 0, index: None }
[script livejslgrh_0] interact UseOn { name: "Chisel", kind: "inv", target_name: Some("Uncut sapphire"), x: 0, z: 0, level: 0, index: None }
[script livejslgrh_0] interact UseOn { name: "Chisel", kind: "inv", target_name: Some("Uncut sapphire"), x: 0, z: 0, level: 0, index: None }
[script livejslgrh_0] interact UseOn { name: "Chisel", kind: "inv", target_name: Some("Uncut sapphire"), x: 0, z: 0, level: 0, index: None }
[script livejslgrh_0] interact UseOn { name: "Chisel", kind: "inv", target_name: Some("Uncut sapphire"), x: 0, z: 0, level: 0, index: None }
[script livejslgrh_0] interact UseOn { name: "Chisel", kind: "inv", target_name: Some("Uncut sapphire"), x: 0, z: 0, level: 0, index: None }
[script livejslgrh_0] interact UseOn { name: "Chisel", kind: "inv", target_name: Some("Uncut sapphire"), x: 0, z: 0, level: 0, index: None }
[script livejslgrh_0] interact UseOn { name: "Chisel", kind: "inv", target_name: Some("Uncut sapphire"), x: 0, z: 0, level: 0, index: None }
[host] slot livejslgrh_0: d_loop_us=1041 d_raster_us=0 d_observe_us=53821 max_observe_us=6475 d_paints=0 d_skips=50 d_ticks=2 window_ms=1193
[host] slot livejslgrh_0: d_loop_us=1248 d_raster_us=0 d_observe_us=64175 max_observe_us=8267 d_paints=0 d_skips=50 d_ticks=2 window_ms=1202
[script livejslgrh_0] interact UseOn { name: "Chisel", kind: "inv", target_name: Some("Uncut sapphire"), x: 0, z: 0, level: 0, index: None }
[script livejslgrh_0] interact UseOn { name: "Chisel", kind: "inv", target_name: Some("Uncut sapphire"), x: 0, z: 0, level: 0, index: None }
[script livejslgrh_0] interact UseOn { name: "Chisel", kind: "inv", target_name: Some("Uncut sapphire"), x: 0, z: 0, level: 0, index: None }
[script livejslgrh_0] interact UseOn { name: "Chisel", kind: "inv", target_name: Some("Uncut sapphire"), x: 0, z: 0, level: 0, index: None }
[script livejslgrh_0] interact UseOn { name: "Chisel", kind: "inv", target_name: Some("Uncut sapphire"), x: 0, z: 0, level: 0, index: None }
[script livejslgrh_0] interact UseOn { name: "Chisel", kind: "inv", target_name: Some("Uncut sapphire"), x: 0, z: 0, level: 0, index: None }
[script livejslgrh_0] interact UseOn { name: "Chisel", kind: "inv", target_name: Some("Uncut sapphire"), x: 0, z: 0, level: 0, index: None }
[script livejslgrh_0] interact UseOn { name: "Chisel", kind: "inv", target_name: Some("Uncut sapphire"), x: 0, z: 0, level: 0, index: None }
[script livejslgrh_0] interact UseOn { name: "Chisel", kind: "inv", target_name: Some("Uncut sapphire"), x: 0, z: 0, level: 0, index: None }
[script livejslgrh_0] interact UseOn { name: "Chisel", kind: "inv", target_name: Some("Uncut sapphire"), x: 0, z: 0, level: 0, index: None }
[script livejslgrh_0] interact UseOn { name: "Chisel", kind: "inv", target_name: Some("Uncut sapphire"), x: 0, z: 0, level: 0, index: None }
[script livejslgrh_0] interact UseOn { name: "Chisel", kind: "inv", target_name: Some("Uncut sapphire"), x: 0, z: 0, level: 0, index: None }
[script livejslgrh_0] interact UseOn { name: "Chisel", kind: "inv", target_name: Some("Uncut sapphire"), x: 0, z: 0, level: 0, index: None }
[script livejslgrh_0] interact UseOn { name: "Chisel", kind: "inv", target_name: Some("Uncut sapphire"), x: 0, z: 0, level: 0, index: None }
[script livejslgrh_0] interact UseOn { name: "Chisel", kind: "inv", target_name: Some("Uncut sapphire"), x: 0, z: 0, level: 0, index: None }
[script livejslgrh_0] interact UseOn { name: "Chisel", kind: "inv", target_name: Some("Uncut sapphire"), x: 0, z: 0, level: 0, index: None }
[script livejslgrh_0] interact UseOn { name: "Chisel", kind: "inv", target_name: Some("Uncut sapphire"), x: 0, z: 0, level: 0, index: None }
[script livejslgrh_0] interact UseOn { name: "Chisel", kind: "inv", target_name: Some("Uncut sapphire"), x: 0, z: 0, level: 0, index: None }
[script livejslgrh_0] interact UseOn { name: "Chisel", kind: "inv", target_name: Some("Uncut sapphire"), x: 0, z: 0, level: 0, index: None }
[script livejslgrh_0] interact UseOn { name: "Chisel", kind: "inv", target_name: Some("Uncut sapphire"), x: 0, z: 0, level: 0, index: None }
[script livejslgrh_0] interact UseOn { name: "Chisel", kind: "inv", target_name: Some("Uncut sapphire"), x: 0, z: 0, level: 0, index: None }
[script livejslgrh_0] interact UseOn { name: "Chisel", kind: "inv", target_name: Some("Uncut sapphire"), x: 0, z: 0, level: 0, index: None }
[script livejslgrh_0] interact UseOn { name: "Chisel", kind: "inv", target_name: Some("Uncut sapphire"), x: 0, z: 0, level: 0, index: None }
[script livejslgrh_0] interact UseOn { name: "Chisel", kind: "inv", target_name: Some("Uncut sapphire"), x: 0, z: 0, level: 0, index: None }
[script livejslgrh_0] interact UseOn { name: "Chisel", kind: "inv", target_name: Some("Uncut sapphire"), x: 0, z: 0, level: 0, index: None }
[script livejslgrh_0] interact UseOn { name: "Chisel", kind: "inv", target_name: Some("Uncut sapphire"), x: 0, z: 0, level: 0, index: None }
[script livejslgrh_0] interact UseOn { name: "Chisel", kind: "inv", target_name: Some("Uncut sapphire"), x: 0, z: 0, level: 0, index: None }
[script livejslgrh_0] interact UseOn { name: "Chisel", kind: "inv", target_name: Some("Uncut sapphire"), x: 0, z: 0, level: 0, index: None }
[script livejslgrh_0] interact UseOn { name: "Chisel", kind: "inv", target_name: Some("Uncut sapphire"), x: 0, z: 0, level: 0, index: None }
[script livejslgrh_0] interact UseOn { name: "Chisel", kind: "inv", target_name: Some("Uncut sapphire"), x: 0, z: 0, level: 0, index: None }
[script livejslgrh_0] interact UseOn { name: "Chisel", kind: "inv", target_name: Some("Uncut sapphire"), x: 0, z: 0, level: 0, index: None }
[script livejslgrh_0] interact UseOn { name: "Chisel", kind: "inv", target_name: Some("Uncut sapphire"), x: 0, z: 0, level: 0, index: None }
[script livejslgrh_0] interact UseOn { name: "Chisel", kind: "inv", target_name: Some("Uncut sapphire"), x: 0, z: 0, level: 0, index: None }
[script livejslgrh_0] interact UseOn { name: "Chisel", kind: "inv", target_name: Some("Uncut sapphire"), x: 0, z: 0, level: 0, index: None }
[script livejslgrh_0] interact UseOn { name: "Chisel", kind: "inv", target_name: Some("Uncut sapphire"), x: 0, z: 0, level: 0, index: None }
[script livejslgrh_0] interact UseOn { name: "Chisel", kind: "inv", target_name: Some("Uncut sapphire"), x: 0, z: 0, level: 0, index: None }
[script livejslgrh_0] interact UseOn { name: "Chisel", kind: "inv", target_name: Some("Uncut sapphire"), x: 0, z: 0, level: 0, index: None }
[script livejslgrh_0] interact UseOn { name: "Chisel", kind: "inv", target_name: Some("Uncut sapphire"), x: 0, z: 0, level: 0, index: None }
[script livejslgrh_0] interact UseOn { name: "Chisel", kind: "inv", target_name: Some("Uncut sapphire"), x: 0, z: 0, level: 0, index: None }
[script livejslgrh_0] interact UseOn { name: "Chisel", kind: "inv", target_name: Some("Uncut sapphire"), x: 0, z: 0, level: 0, index: None }
[script livejslgrh_0] interact UseOn { name: "Chisel", kind: "inv", target_name: Some("Uncut sapphire"), x: 0, z: 0, level: 0, index: None }
[script livejslgrh_0] interact UseOn { name: "Chisel", kind: "inv", target_name: Some("Uncut sapphire"), x: 0, z: 0, level: 0, index: None }
[script livejslgrh_0] interact UseOn { name: "Chisel", kind: "inv", target_name: Some("Uncut sapphire"), x: 0, z: 0, level: 0, index: None }
[script livejslgrh_0] interact UseOn { name: "Chisel", kind: "inv", target_name: Some("Uncut sapphire"), x: 0, z: 0, level: 0, index: None }
[script livejslgrh_0] interact UseOn { name: "Chisel", kind: "inv", target_name: Some("Uncut sapphire"), x: 0, z: 0, level: 0, index: None }
[script livejslgrh_0] interact UseOn { name: "Chisel", kind: "inv", target_name: Some("Uncut sapphire"), x: 0, z: 0, level: 0, index: None }
[script livejslgrh_0] interact UseOn { name: "Chisel", kind: "inv", target_name: Some("Uncut sapphire"), x: 0, z: 0, level: 0, index: None }
[script livejslgrh_0] interact UseOn { name: "Chisel", kind: "inv", target_name: Some("Uncut sapphire"), x: 0, z: 0, level: 0, index: None }
[script livejslgrh_0] interact UseOn { name: "Chisel", kind: "inv", target_name: Some("Uncut sapphire"), x: 0, z: 0, level: 0, index: None }
[script livejslgrh_0] interact UseOn { name: "Chisel", kind: "inv", target_name: Some("Uncut sapphire"), x: 0, z: 0, level: 0, index: None }
[script livejslgrh_0] interact UseOn { name: "Chisel", kind: "inv", target_name: Some("Uncut sapphire"), x: 0, z: 0, level: 0, index: None }
[script livejslgrh_0] interact UseOn { name: "Chisel", kind: "inv", target_name: Some("Uncut sapphire"), x: 0, z: 0, level: 0, index: None }
[script livejslgrh_0] interact UseOn { name: "Chisel", kind: "inv", target_name: Some("Uncut sapphire"), x: 0, z: 0, level: 0, index: None }
[script livejslgrh_0] interact UseOn { name: "Chisel", kind: "inv", target_name: Some("Uncut sapphire"), x: 0, z: 0, level: 0, index: None }
[script livejslgrh_0] interact UseOn { name: "Chisel", kind: "inv", target_name: Some("Uncut sapphire"), x: 0, z: 0, level: 0, index: None }
[script livejslgrh_0] interact UseOn { name: "Chisel", kind: "inv", target_name: Some("Uncut sapphire"), x: 0, z: 0, level: 0, index: None }
[script livejslgrh_0] interact UseOn { name: "Chisel", kind: "inv", target_name: Some("Uncut sapphire"), x: 0, z: 0, level: 0, index: None }
[script livejslgrh_0] interact UseOn { name: "Chisel", kind: "inv", target_name: Some("Uncut sapphire"), x: 0, z: 0, level: 0, index: None }
[script livejslgrh_0] interact UseOn { name: "Chisel", kind: "inv", target_name: Some("Uncut sapphire"), x: 0, z: 0, level: 0, index: None }
[script livejslgrh_0] interact UseOn { name: "Chisel", kind: "inv", target_name: Some("Uncut sapphire"), x: 0, z: 0, level: 0, index: None }
[host] slot livejslgrh_0: d_loop_us=1136 d_raster_us=0 d_observe_us=82455 max_observe_us=9832 d_paints=0 d_skips=50 d_ticks=2 window_ms=1170
[script livejslgrh_0] interact UseOn { name: "Chisel", kind: "inv", target_name: Some("Uncut sapphire"), x: 0, z: 0, level: 0, index: None }
[script livejslgrh_0] interact UseOn { name: "Chisel", kind: "inv", target_name: Some("Uncut sapphire"), x: 0, z: 0, level: 0, index: None }
[script livejslgrh_0] interact UseOn { name: "Chisel", kind: "inv", target_name: Some("Uncut sapphire"), x: 0, z: 0, level: 0, index: None }
[script livejslgrh_0] interact UseOn { name: "Chisel", kind: "inv", target_name: Some("Uncut sapphire"), x: 0, z: 0, level: 0, index: None }
[script livejslgrh_0] interact UseOn { name: "Chisel", kind: "inv", target_name: Some("Uncut sapphire"), x: 0, z: 0, level: 0, index: None }
[script livejslgrh_0] interact UseOn { name: "Chisel", kind: "inv", target_name: Some("Uncut sapphire"), x: 0, z: 0, level: 0, index: None }
[script livejslgrh_0] interact UseOn { name: "Chisel", kind: "inv", target_name: Some("Uncut sapphire"), x: 0, z: 0, level: 0, index: None }
[script livejslgrh_0] interact UseOn { name: "Chisel", kind: "inv", target_name: Some("Uncut sapphire"), x: 0, z: 0, level: 0, index: None }
[script livejslgrh_0] interact UseOn { name: "Chisel", kind: "inv", target_name: Some("Uncut sapphire"), x: 0, z: 0, level: 0, index: None }
[script livejslgrh_0] interact UseOn { name: "Chisel", kind: "inv", target_name: Some("Uncut sapphire"), x: 0, z: 0, level: 0, index: None }
[script livejslgrh_0] interact UseOn { name: "Chisel", kind: "inv", target_name: Some("Uncut sapphire"), x: 0, z: 0, level: 0, index: None }
[script livejslgrh_0] interact UseOn { name: "Chisel", kind: "inv", target_name: Some("Uncut sapphire"), x: 0, z: 0, level: 0, index: None }
[script livejslgrh_0] interact UseOn { name: "Chisel", kind: "inv", target_name: Some("Uncut sapphire"), x: 0, z: 0, level: 0, index: None }
[script livejslgrh_0] interact UseOn { name: "Chisel", kind: "inv", target_name: Some("Uncut sapphire"), x: 0, z: 0, level: 0, index: None }
[script livejslgrh_0] interact UseOn { name: "Chisel", kind: "inv", target_name: Some("Uncut sapphire"), x: 0, z: 0, level: 0, index: None }
[script livejslgrh_0] interact UseOn { name: "Chisel", kind: "inv", target_name: Some("Uncut sapphire"), x: 0, z: 0, level: 0, index: None }
[script livejslgrh_0] interact UseOn { name: "Chisel", kind: "inv", target_name: Some("Uncut sapphire"), x: 0, z: 0, level: 0, index: None }
[script livejslgrh_0] interact UseOn { name: "Chisel", kind: "inv", target_name: Some("Uncut sapphire"), x: 0, z: 0, level: 0, index: None }
[script livejslgrh_0] interact UseOn { name: "Chisel", kind: "inv", target_name: Some("Uncut sapphire"), x: 0, z: 0, level: 0, index: None }
[script livejslgrh_0] interact UseOn { name: "Chisel", kind: "inv", target_name: Some("Uncut sapphire"), x: 0, z: 0, level: 0, index: None }
[script livejslgrh_0] interact UseOn { name: "Chisel", kind: "inv", target_name: Some("Uncut sapphire"), x: 0, z: 0, level: 0, index: None }
[script livejslgrh_0] interact UseOn { name: "Chisel", kind: "inv", target_name: Some("Uncut sapphire"), x: 0, z: 0, level: 0, index: None }
[script livejslgrh_0] interact UseOn { name: "Chisel", kind: "inv", target_name: Some("Uncut sapphire"), x: 0, z: 0, level: 0, index: None }
[script livejslgrh_0] interact UseOn { name: "Chisel", kind: "inv", target_name: Some("Uncut sapphire"), x: 0, z: 0, level: 0, index: None }
[script livejslgrh_0] interact UseOn { name: "Chisel", kind: "inv", target_name: Some("Uncut sapphire"), x: 0, z: 0, level: 0, index: None }
[script livejslgrh_0] interact UseOn { name: "Chisel", kind: "inv", target_name: Some("Uncut sapphire"), x: 0, z: 0, level: 0, index: None }
[script livejslgrh_0] interact UseOn { name: "Chisel", kind: "inv", target_name: Some("Uncut sapphire"), x: 0, z: 0, level: 0, index: None }
[script livejslgrh_0] interact UseOn { name: "Chisel", kind: "inv", target_name: Some("Uncut sapphire"), x: 0, z: 0, level: 0, index: None }
[script livejslgrh_0] interact UseOn { name: "Chisel", kind: "inv", target_name: Some("Uncut sapphire"), x: 0, z: 0, level: 0, index: None }
[script livejslgrh_0] interact UseOn { name: "Chisel", kind: "inv", target_name: Some("Uncut sapphire"), x: 0, z: 0, level: 0, index: None }
[script livejslgrh_0] interact UseOn { name: "Chisel", kind: "inv", target_name: Some("Uncut sapphire"), x: 0, z: 0, level: 0, index: None }
[script livejslgrh_0] interact UseOn { name: "Chisel", kind: "inv", target_name: Some("Uncut sapphire"), x: 0, z: 0, level: 0, index: None }
[script livejslgrh_0] interact UseOn { name: "Chisel", kind: "inv", target_name: Some("Uncut sapphire"), x: 0, z: 0, level: 0, index: None }
[script livejslgrh_0] interact UseOn { name: "Chisel", kind: "inv", target_name: Some("Uncut sapphire"), x: 0, z: 0, level: 0, index: None }
[script livejslgrh_0] interact UseOn { name: "Chisel", kind: "inv", target_name: Some("Uncut sapphire"), x: 0, z: 0, level: 0, index: None }
[script livejslgrh_0] interact UseOn { name: "Chisel", kind: "inv", target_name: Some("Uncut sapphire"), x: 0, z: 0, level: 0, index: None }
[script livejslgrh_0] interact UseOn { name: "Chisel", kind: "inv", target_name: Some("Uncut sapphire"), x: 0, z: 0, level: 0, index: None }
[script livejslgrh_0] interact UseOn { name: "Chisel", kind: "inv", target_name: Some("Uncut sapphire"), x: 0, z: 0, level: 0, index: None }
[script livejslgrh_0] interact UseOn { name: "Chisel", kind: "inv", target_name: Some("Uncut sapphire"), x: 0, z: 0, level: 0, index: None }
[script livejslgrh_0] interact UseOn { name: "Chisel", kind: "inv", target_name: Some("Uncut sapphire"), x: 0, z: 0, level: 0, index: None }
[script livejslgrh_0] interact UseOn { name: "Chisel", kind: "inv", target_name: Some("Uncut sapphire"), x: 0, z: 0, level: 0, index: None }
[script livejslgrh_0] interact UseOn { name: "Chisel", kind: "inv", target_name: Some("Uncut sapphire"), x: 0, z: 0, level: 0, index: None }
[script livejslgrh_0] interact UseOn { name: "Chisel", kind: "inv", target_name: Some("Uncut sapphire"), x: 0, z: 0, level: 0, index: None }
[script livejslgrh_0] interact UseOn { name: "Chisel", kind: "inv", target_name: Some("Uncut sapphire"), x: 0, z: 0, level: 0, index: None }
[script livejslgrh_0] interact UseOn { name: "Chisel", kind: "inv", target_name: Some("Uncut sapphire"), x: 0, z: 0, level: 0, index: None }
[script livejslgrh_0] interact UseOn { name: "Chisel", kind: "inv", target_name: Some("Uncut sapphire"), x: 0, z: 0, level: 0, index: None }
[script livejslgrh_0] interact UseOn { name: "Chisel", kind: "inv", target_name: Some("Uncut sapphire"), x: 0, z: 0, level: 0, index: None }
[script livejslgrh_0] interact UseOn { name: "Chisel", kind: "inv", target_name: Some("Uncut sapphire"), x: 0, z: 0, level: 0, index: None }
[script livejslgrh_0] interact UseOn { name: "Chisel", kind: "inv", target_name: Some("Uncut sapphire"), x: 0, z: 0, level: 0, index: None }
[script livejslgrh_0] interact UseOn { name: "Chisel", kind: "inv", target_name: Some("Uncut sapphire"), x: 0, z: 0, level: 0, index: None }
[script livejslgrh_0] interact UseOn { name: "Chisel", kind: "inv", target_name: Some("Uncut sapphire"), x: 0, z: 0, level: 0, index: None }
[script livejslgrh_0] interact UseOn { name: "Chisel", kind: "inv", target_name: Some("Uncut sapphire"), x: 0, z: 0, level: 0, index: None }
[script livejslgrh_0] interact UseOn { name: "Chisel", kind: "inv", target_name: Some("Uncut sapphire"), x: 0, z: 0, level: 0, index: None }
[script livejslgrh_0] interact UseOn { name: "Chisel", kind: "inv", target_name: Some("Uncut sapphire"), x: 0, z: 0, level: 0, index: None }
[script livejslgrh_0] interact UseOn { name: "Chisel", kind: "inv", target_name: Some("Uncut sapphire"), x: 0, z: 0, level: 0, index: None }
[script livejslgrh_0] interact UseOn { name: "Chisel", kind: "inv", target_name: Some("Uncut sapphire"), x: 0, z: 0, level: 0, index: None }
[script livejslgrh_0] interact UseOn { name: "Chisel", kind: "inv", target_name: Some("Uncut sapphire"), x: 0, z: 0, level: 0, index: None }
[script livejslgrh_0] interact UseOn { name: "Chisel", kind: "inv", target_name: Some("Uncut sapphire"), x: 0, z: 0, level: 0, index: None }
[script livejslgrh_0] interact UseOn { name: "Chisel", kind: "inv", target_name: Some("Uncut sapphire"), x: 0, z: 0, level: 0, index: None }
[script livejslgrh_0] interact UseOn { name: "Chisel", kind: "inv", target_name: Some("Uncut sapphire"), x: 0, z: 0, level: 0, index: None }
[host] slot livejslgrh_0: d_loop_us=1290 d_raster_us=0 d_observe_us=80105 max_observe_us=10698 d_paints=0 d_skips=50 d_ticks=2 window_ms=1185
[host] slot livejslgrh_0: d_loop_us=1306 d_raster_us=0 d_observe_us=94059 max_observe_us=13203 d_paints=0 d_skips=50 d_ticks=2 window_ms=1196
[script livejslgrh_0] interact UseOn { name: "Chisel", kind: "inv", target_name: Some("Uncut sapphire"), x: 0, z: 0, level: 0, index: None }
[script livejslgrh_0] interact UseOn { name: "Chisel", kind: "inv", target_name: Some("Uncut sapphire"), x: 0, z: 0, level: 0, index: None }
[script livejslgrh_0] interact UseOn { name: "Chisel", kind: "inv", target_name: Some("Uncut sapphire"), x: 0, z: 0, level: 0, index: None }
[script livejslgrh_0] interact UseOn { name: "Chisel", kind: "inv", target_name: Some("Uncut sapphire"), x: 0, z: 0, level: 0, index: None }
[script livejslgrh_0] interact UseOn { name: "Chisel", kind: "inv", target_name: Some("Uncut sapphire"), x: 0, z: 0, level: 0, index: None }
[script livejslgrh_0] interact UseOn { name: "Chisel", kind: "inv", target_name: Some("Uncut sapphire"), x: 0, z: 0, level: 0, index: None }
[script livejslgrh_0] interact UseOn { name: "Chisel", kind: "inv", target_name: Some("Uncut sapphire"), x: 0, z: 0, level: 0, index: None }
[script livejslgrh_0] interact UseOn { name: "Chisel", kind: "inv", target_name: Some("Uncut sapphire"), x: 0, z: 0, level: 0, index: None }
[script livejslgrh_0] interact UseOn { name: "Chisel", kind: "inv", target_name: Some("Uncut sapphire"), x: 0, z: 0, level: 0, index: None }
[script livejslgrh_0] interact UseOn { name: "Chisel", kind: "inv", target_name: Some("Uncut sapphire"), x: 0, z: 0, level: 0, index: None }
[script livejslgrh_0] interact UseOn { name: "Chisel", kind: "inv", target_name: Some("Uncut sapphire"), x: 0, z: 0, level: 0, index: None }
[script livejslgrh_0] interact UseOn { name: "Chisel", kind: "inv", target_name: Some("Uncut sapphire"), x: 0, z: 0, level: 0, index: None }
[script livejslgrh_0] interact UseOn { name: "Chisel", kind: "inv", target_name: Some("Uncut sapphire"), x: 0, z: 0, level: 0, index: None }
[script livejslgrh_0] interact UseOn { name: "Chisel", kind: "inv", target_name: Some("Uncut sapphire"), x: 0, z: 0, level: 0, index: None }
[script livejslgrh_0] interact UseOn { name: "Chisel", kind: "inv", target_name: Some("Uncut sapphire"), x: 0, z: 0, level: 0, index: None }
[script livejslgrh_0] interact UseOn { name: "Chisel", kind: "inv", target_name: Some("Uncut sapphire"), x: 0, z: 0, level: 0, index: None }
[script livejslgrh_0] interact UseOn { name: "Chisel", kind: "inv", target_name: Some("Uncut sapphire"), x: 0, z: 0, level: 0, index: None }
[script livejslgrh_0] interact UseOn { name: "Chisel", kind: "inv", target_name: Some("Uncut sapphire"), x: 0, z: 0, level: 0, index: None }
[script livejslgrh_0] interact UseOn { name: "Chisel", kind: "inv", target_name: Some("Uncut sapphire"), x: 0, z: 0, level: 0, index: None }
[script livejslgrh_0] interact UseOn { name: "Chisel", kind: "inv", target_name: Some("Uncut sapphire"), x: 0, z: 0, level: 0, index: None }
[script livejslgrh_0] interact UseOn { name: "Chisel", kind: "inv", target_name: Some("Uncut sapphire"), x: 0, z: 0, level: 0, index: None }
[script livejslgrh_0] interact UseOn { name: "Chisel", kind: "inv", target_name: Some("Uncut sapphire"), x: 0, z: 0, level: 0, index: None }
[script livejslgrh_0] interact UseOn { name: "Chisel", kind: "inv", target_name: Some("Uncut sapphire"), x: 0, z: 0, level: 0, index: None }
[script livejslgrh_0] interact UseOn { name: "Chisel", kind: "inv", target_name: Some("Uncut sapphire"), x: 0, z: 0, level: 0, index: None }
[script livejslgrh_0] interact UseOn { name: "Chisel", kind: "inv", target_name: Some("Uncut sapphire"), x: 0, z: 0, level: 0, index: None }
[script livejslgrh_0] interact UseOn { name: "Chisel", kind: "inv", target_name: Some("Uncut sapphire"), x: 0, z: 0, level: 0, index: None }
[script livejslgrh_0] interact UseOn { name: "Chisel", kind: "inv", target_name: Some("Uncut sapphire"), x: 0, z: 0, level: 0, index: None }
[script livejslgrh_0] interact UseOn { name: "Chisel", kind: "inv", target_name: Some("Uncut sapphire"), x: 0, z: 0, level: 0, index: None }
[script livejslgrh_0] interact UseOn { name: "Chisel", kind: "inv", target_name: Some("Uncut sapphire"), x: 0, z: 0, level: 0, index: None }
[script livejslgrh_0] interact UseOn { name: "Chisel", kind: "inv", target_name: Some("Uncut sapphire"), x: 0, z: 0, level: 0, index: None }
[script livejslgrh_0] interact UseOn { name: "Chisel", kind: "inv", target_name: Some("Uncut sapphire"), x: 0, z: 0, level: 0, index: None }
[script livejslgrh_0] interact UseOn { name: "Chisel", kind: "inv", target_name: Some("Uncut sapphire"), x: 0, z: 0, level: 0, index: None }
[script livejslgrh_0] interact UseOn { name: "Chisel", kind: "inv", target_name: Some("Uncut sapphire"), x: 0, z: 0, level: 0, index: None }
[script livejslgrh_0] interact UseOn { name: "Chisel", kind: "inv", target_name: Some("Uncut sapphire"), x: 0, z: 0, level: 0, index: None }
[script livejslgrh_0] interact UseOn { name: "Chisel", kind: "inv", target_name: Some("Uncut sapphire"), x: 0, z: 0, level: 0, index: None }
[script livejslgrh_0] interact UseOn { name: "Chisel", kind: "inv", target_name: Some("Uncut sapphire"), x: 0, z: 0, level: 0, index: None }
[script livejslgrh_0] interact UseOn { name: "Chisel", kind: "inv", target_name: Some("Uncut sapphire"), x: 0, z: 0, level: 0, index: None }
[script livejslgrh_0] interact UseOn { name: "Chisel", kind: "inv", target_name: Some("Uncut sapphire"), x: 0, z: 0, level: 0, index: None }
[script livejslgrh_0] interact UseOn { name: "Chisel", kind: "inv", target_name: Some("Uncut sapphire"), x: 0, z: 0, level: 0, index: None }
[script livejslgrh_0] interact UseOn { name: "Chisel", kind: "inv", target_name: Some("Uncut sapphire"), x: 0, z: 0, level: 0, index: None }
[script livejslgrh_0] interact UseOn { name: "Chisel", kind: "inv", target_name: Some("Uncut sapphire"), x: 0, z: 0, level: 0, index: None }
[script livejslgrh_0] interact UseOn { name: "Chisel", kind: "inv", target_name: Some("Uncut sapphire"), x: 0, z: 0, level: 0, index: None }
[script livejslgrh_0] interact UseOn { name: "Chisel", kind: "inv", target_name: Some("Uncut sapphire"), x: 0, z: 0, level: 0, index: None }
[script livejslgrh_0] interact UseOn { name: "Chisel", kind: "inv", target_name: Some("Uncut sapphire"), x: 0, z: 0, level: 0, index: None }
[script livejslgrh_0] interact UseOn { name: "Chisel", kind: "inv", target_name: Some("Uncut sapphire"), x: 0, z: 0, level: 0, index: None }
[script livejslgrh_0] interact UseOn { name: "Chisel", kind: "inv", target_name: Some("Uncut sapphire"), x: 0, z: 0, level: 0, index: None }
[script livejslgrh_0] interact UseOn { name: "Chisel", kind: "inv", target_name: Some("Uncut sapphire"), x: 0, z: 0, level: 0, index: None }
[script livejslgrh_0] interact UseOn { name: "Chisel", kind: "inv", target_name: Some("Uncut sapphire"), x: 0, z: 0, level: 0, index: None }
[script livejslgrh_0] interact UseOn { name: "Chisel", kind: "inv", target_name: Some("Uncut sapphire"), x: 0, z: 0, level: 0, index: None }
[script livejslgrh_0] interact UseOn { name: "Chisel", kind: "inv", target_name: Some("Uncut sapphire"), x: 0, z: 0, level: 0, index: None }
[script livejslgrh_0] interact UseOn { name: "Chisel", kind: "inv", target_name: Some("Uncut sapphire"), x: 0, z: 0, level: 0, index: None }
[script livejslgrh_0] interact UseOn { name: "Chisel", kind: "inv", target_name: Some("Uncut sapphire"), x: 0, z: 0, level: 0, index: None }
[script livejslgrh_0] interact UseOn { name: "Chisel", kind: "inv", target_name: Some("Uncut sapphire"), x: 0, z: 0, level: 0, index: None }
[script livejslgrh_0] interact UseOn { name: "Chisel", kind: "inv", target_name: Some("Uncut sapphire"), x: 0, z: 0, level: 0, index: None }
[script livejslgrh_0] interact UseOn { name: "Chisel", kind: "inv", target_name: Some("Uncut sapphire"), x: 0, z: 0, level: 0, index: None }
[script livejslgrh_0] interact UseOn { name: "Chisel", kind: "inv", target_name: Some("Uncut sapphire"), x: 0, z: 0, level: 0, index: None }
[script livejslgrh_0] interact UseOn { name: "Chisel", kind: "inv", target_name: Some("Uncut sapphire"), x: 0, z: 0, level: 0, index: None }
[script livejslgrh_0] interact UseOn { name: "Chisel", kind: "inv", target_name: Some("Uncut sapphire"), x: 0, z: 0, level: 0, index: None }
[script livejslgrh_0] interact UseOn { name: "Chisel", kind: "inv", target_name: Some("Uncut sapphire"), x: 0, z: 0, level: 0, index: None }
[script livejslgrh_0] interact UseOn { name: "Chisel", kind: "inv", target_name: Some("Uncut sapphire"), x: 0, z: 0, level: 0, index: None }
[host] slot livejslgrh_0: d_loop_us=1362 d_raster_us=0 d_observe_us=106210 max_observe_us=13506 d_paints=0 d_skips=50 d_ticks=2 window_ms=1191
[host] slot livejslgrh_0: d_loop_us=1331 d_raster_us=0 d_observe_us=92339 max_observe_us=9115 d_paints=0 d_skips=50 d_ticks=2 window_ms=1191
[script livejslgrh_0] interact UseOn { name: "Chisel", kind: "inv", target_name: Some("Uncut sapphire"), x: 0, z: 0, level: 0, index: None }
[script livejslgrh_0] interact UseOn { name: "Chisel", kind: "inv", target_name: Some("Uncut sapphire"), x: 0, z: 0, level: 0, index: None }
[script livejslgrh_0] interact UseOn { name: "Chisel", kind: "inv", target_name: Some("Uncut sapphire"), x: 0, z: 0, level: 0, index: None }
[script livejslgrh_0] interact UseOn { name: "Chisel", kind: "inv", target_name: Some("Uncut sapphire"), x: 0, z: 0, level: 0, index: None }
[script livejslgrh_0] interact UseOn { name: "Chisel", kind: "inv", target_name: Some("Uncut sapphire"), x: 0, z: 0, level: 0, index: None }
[script livejslgrh_0] interact UseOn { name: "Chisel", kind: "inv", target_name: Some("Uncut sapphire"), x: 0, z: 0, level: 0, index: None }
[script livejslgrh_0] interact UseOn { name: "Chisel", kind: "inv", target_name: Some("Uncut sapphire"), x: 0, z: 0, level: 0, index: None }
[script livejslgrh_0] interact UseOn { name: "Chisel", kind: "inv", target_name: Some("Uncut sapphire"), x: 0, z: 0, level: 0, index: None }
[script livejslgrh_0] interact UseOn { name: "Chisel", kind: "inv", target_name: Some("Uncut sapphire"), x: 0, z: 0, level: 0, index: None }
[script livejslgrh_0] interact UseOn { name: "Chisel", kind: "inv", target_name: Some("Uncut sapphire"), x: 0, z: 0, level: 0, index: None }
[script livejslgrh_0] interact UseOn { name: "Chisel", kind: "inv", target_name: Some("Uncut sapphire"), x: 0, z: 0, level: 0, index: None }
[script livejslgrh_0] interact UseOn { name: "Chisel", kind: "inv", target_name: Some("Uncut sapphire"), x: 0, z: 0, level: 0, index: None }
[script livejslgrh_0] interact UseOn { name: "Chisel", kind: "inv", target_name: Some("Uncut sapphire"), x: 0, z: 0, level: 0, index: None }
[script livejslgrh_0] interact UseOn { name: "Chisel", kind: "inv", target_name: Some("Uncut sapphire"), x: 0, z: 0, level: 0, index: None }
[script livejslgrh_0] interact UseOn { name: "Chisel", kind: "inv", target_name: Some("Uncut sapphire"), x: 0, z: 0, level: 0, index: None }
[script livejslgrh_0] interact UseOn { name: "Chisel", kind: "inv", target_name: Some("Uncut sapphire"), x: 0, z: 0, level: 0, index: None }
[script livejslgrh_0] interact UseOn { name: "Chisel", kind: "inv", target_name: Some("Uncut sapphire"), x: 0, z: 0, level: 0, index: None }
[script livejslgrh_0] interact UseOn { name: "Chisel", kind: "inv", target_name: Some("Uncut sapphire"), x: 0, z: 0, level: 0, index: None }
[script livejslgrh_0] interact UseOn { name: "Chisel", kind: "inv", target_name: Some("Uncut sapphire"), x: 0, z: 0, level: 0, index: None }
[script livejslgrh_0] interact UseOn { name: "Chisel", kind: "inv", target_name: Some("Uncut sapphire"), x: 0, z: 0, level: 0, index: None }
[script livejslgrh_0] interact UseOn { name: "Chisel", kind: "inv", target_name: Some("Uncut sapphire"), x: 0, z: 0, level: 0, index: None }
[script livejslgrh_0] interact UseOn { name: "Chisel", kind: "inv", target_name: Some("Uncut sapphire"), x: 0, z: 0, level: 0, index: None }
[script livejslgrh_0] interact UseOn { name: "Chisel", kind: "inv", target_name: Some("Uncut sapphire"), x: 0, z: 0, level: 0, index: None }
[script livejslgrh_0] interact UseOn { name: "Chisel", kind: "inv", target_name: Some("Uncut sapphire"), x: 0, z: 0, level: 0, index: None }
[script livejslgrh_0] interact UseOn { name: "Chisel", kind: "inv", target_name: Some("Uncut sapphire"), x: 0, z: 0, level: 0, index: None }
[script livejslgrh_0] interact UseOn { name: "Chisel", kind: "inv", target_name: Some("Uncut sapphire"), x: 0, z: 0, level: 0, index: None }
[script livejslgrh_0] interact UseOn { name: "Chisel", kind: "inv", target_name: Some("Uncut sapphire"), x: 0, z: 0, level: 0, index: None }
[script livejslgrh_0] interact UseOn { name: "Chisel", kind: "inv", target_name: Some("Uncut sapphire"), x: 0, z: 0, level: 0, index: None }
[script livejslgrh_0] interact UseOn { name: "Chisel", kind: "inv", target_name: Some("Uncut sapphire"), x: 0, z: 0, level: 0, index: None }
[script livejslgrh_0] interact UseOn { name: "Chisel", kind: "inv", target_name: Some("Uncut sapphire"), x: 0, z: 0, level: 0, index: None }
[script livejslgrh_0] interact UseOn { name: "Chisel", kind: "inv", target_name: Some("Uncut sapphire"), x: 0, z: 0, level: 0, index: None }
[script livejslgrh_0] interact UseOn { name: "Chisel", kind: "inv", target_name: Some("Uncut sapphire"), x: 0, z: 0, level: 0, index: None }
[script livejslgrh_0] interact UseOn { name: "Chisel", kind: "inv", target_name: Some("Uncut sapphire"), x: 0, z: 0, level: 0, index: None }
[script livejslgrh_0] interact UseOn { name: "Chisel", kind: "inv", target_name: Some("Uncut sapphire"), x: 0, z: 0, level: 0, index: None }
[script livejslgrh_0] interact UseOn { name: "Chisel", kind: "inv", target_name: Some("Uncut sapphire"), x: 0, z: 0, level: 0, index: None }
[script livejslgrh_0] interact UseOn { name: "Chisel", kind: "inv", target_name: Some("Uncut sapphire"), x: 0, z: 0, level: 0, index: None }
[script livejslgrh_0] interact UseOn { name: "Chisel", kind: "inv", target_name: Some("Uncut sapphire"), x: 0, z: 0, level: 0, index: None }
[script livejslgrh_0] interact UseOn { name: "Chisel", kind: "inv", target_name: Some("Uncut sapphire"), x: 0, z: 0, level: 0, index: None }
[script livejslgrh_0] interact UseOn { name: "Chisel", kind: "inv", target_name: Some("Uncut sapphire"), x: 0, z: 0, level: 0, index: None }
[script livejslgrh_0] interact UseOn { name: "Chisel", kind: "inv", target_name: Some("Uncut sapphire"), x: 0, z: 0, level: 0, index: None }
[script livejslgrh_0] interact UseOn { name: "Chisel", kind: "inv", target_name: Some("Uncut sapphire"), x: 0, z: 0, level: 0, index: None }
[script livejslgrh_0] interact UseOn { name: "Chisel", kind: "inv", target_name: Some("Uncut sapphire"), x: 0, z: 0, level: 0, index: None }
[script livejslgrh_0] interact UseOn { name: "Chisel", kind: "inv", target_name: Some("Uncut sapphire"), x: 0, z: 0, level: 0, index: None }
[script livejslgrh_0] interact UseOn { name: "Chisel", kind: "inv", target_name: Some("Uncut sapphire"), x: 0, z: 0, level: 0, index: None }
[script livejslgrh_0] interact UseOn { name: "Chisel", kind: "inv", target_name: Some("Uncut sapphire"), x: 0, z: 0, level: 0, index: None }
[script livejslgrh_0] interact UseOn { name: "Chisel", kind: "inv", target_name: Some("Uncut sapphire"), x: 0, z: 0, level: 0, index: None }
[script livejslgrh_0] interact UseOn { name: "Chisel", kind: "inv", target_name: Some("Uncut sapphire"), x: 0, z: 0, level: 0, index: None }
[script livejslgrh_0] interact UseOn { name: "Chisel", kind: "inv", target_name: Some("Uncut sapphire"), x: 0, z: 0, level: 0, index: None }
[script livejslgrh_0] interact UseOn { name: "Chisel", kind: "inv", target_name: Some("Uncut sapphire"), x: 0, z: 0, level: 0, index: None }
[script livejslgrh_0] interact UseOn { name: "Chisel", kind: "inv", target_name: Some("Uncut sapphire"), x: 0, z: 0, level: 0, index: None }
[script livejslgrh_0] interact UseOn { name: "Chisel", kind: "inv", target_name: Some("Uncut sapphire"), x: 0, z: 0, level: 0, index: None }
[script livejslgrh_0] interact UseOn { name: "Chisel", kind: "inv", target_name: Some("Uncut sapphire"), x: 0, z: 0, level: 0, index: None }
[script livejslgrh_0] interact UseOn { name: "Chisel", kind: "inv", target_name: Some("Uncut sapphire"), x: 0, z: 0, level: 0, index: None }
[script livejslgrh_0] interact UseOn { name: "Chisel", kind: "inv", target_name: Some("Uncut sapphire"), x: 0, z: 0, level: 0, index: None }
[script livejslgrh_0] interact UseOn { name: "Chisel", kind: "inv", target_name: Some("Uncut sapphire"), x: 0, z: 0, level: 0, index: None }
[script livejslgrh_0] interact UseOn { name: "Chisel", kind: "inv", target_name: Some("Uncut sapphire"), x: 0, z: 0, level: 0, index: None }
[script livejslgrh_0] interact UseOn { name: "Chisel", kind: "inv", target_name: Some("Uncut sapphire"), x: 0, z: 0, level: 0, index: None }
[script livejslgrh_0] interact UseOn { name: "Chisel", kind: "inv", target_name: Some("Uncut sapphire"), x: 0, z: 0, level: 0, index: None }
[script livejslgrh_0] interact UseOn { name: "Chisel", kind: "inv", target_name: Some("Uncut sapphire"), x: 0, z: 0, level: 0, index: None }
[script livejslgrh_0] interact UseOn { name: "Chisel", kind: "inv", target_name: Some("Uncut sapphire"), x: 0, z: 0, level: 0, index: None }
[host] slot livejslgrh_0: d_loop_us=1302 d_raster_us=0 d_observe_us=82120 max_observe_us=13291 d_paints=0 d_skips=50 d_ticks=2 window_ms=1194
[script livejslgrh_0] interact UseOn { name: "Chisel", kind: "inv", target_name: Some("Uncut sapphire"), x: 0, z: 0, level: 0, index: None }
[script livejslgrh_0] interact UseOn { name: "Chisel", kind: "inv", target_name: Some("Uncut sapphire"), x: 0, z: 0, level: 0, index: None }
[script livejslgrh_0] interact UseOn { name: "Chisel", kind: "inv", target_name: Some("Uncut sapphire"), x: 0, z: 0, level: 0, index: None }
[script livejslgrh_0] interact UseOn { name: "Chisel", kind: "inv", target_name: Some("Uncut sapphire"), x: 0, z: 0, level: 0, index: None }
[script livejslgrh_0] interact UseOn { name: "Chisel", kind: "inv", target_name: Some("Uncut sapphire"), x: 0, z: 0, level: 0, index: None }
[script livejslgrh_0] interact UseOn { name: "Chisel", kind: "inv", target_name: Some("Uncut sapphire"), x: 0, z: 0, level: 0, index: None }
[script livejslgrh_0] interact UseOn { name: "Chisel", kind: "inv", target_name: Some("Uncut sapphire"), x: 0, z: 0, level: 0, index: None }
[script livejslgrh_0] interact UseOn { name: "Chisel", kind: "inv", target_name: Some("Uncut sapphire"), x: 0, z: 0, level: 0, index: None }
[script livejslgrh_0] interact UseOn { name: "Chisel", kind: "inv", target_name: Some("Uncut sapphire"), x: 0, z: 0, level: 0, index: None }
[script livejslgrh_0] interact UseOn { name: "Chisel", kind: "inv", target_name: Some("Uncut sapphire"), x: 0, z: 0, level: 0, index: None }
[script livejslgrh_0] interact UseOn { name: "Chisel", kind: "inv", target_name: Some("Uncut sapphire"), x: 0, z: 0, level: 0, index: None }
[script livejslgrh_0] interact UseOn { name: "Chisel", kind: "inv", target_name: Some("Uncut sapphire"), x: 0, z: 0, level: 0, index: None }
[script livejslgrh_0] interact UseOn { name: "Chisel", kind: "inv", target_name: Some("Uncut sapphire"), x: 0, z: 0, level: 0, index: None }
[script livejslgrh_0] interact UseOn { name: "Chisel", kind: "inv", target_name: Some("Uncut sapphire"), x: 0, z: 0, level: 0, index: None }
[script livejslgrh_0] interact UseOn { name: "Chisel", kind: "inv", target_name: Some("Uncut sapphire"), x: 0, z: 0, level: 0, index: None }
[script livejslgrh_0] interact UseOn { name: "Chisel", kind: "inv", target_name: Some("Uncut sapphire"), x: 0, z: 0, level: 0, index: None }
[script livejslgrh_0] interact UseOn { name: "Chisel", kind: "inv", target_name: Some("Uncut sapphire"), x: 0, z: 0, level: 0, index: None }
[script livejslgrh_0] interact UseOn { name: "Chisel", kind: "inv", target_name: Some("Uncut sapphire"), x: 0, z: 0, level: 0, index: None }
[script livejslgrh_0] interact UseOn { name: "Chisel", kind: "inv", target_name: Some("Uncut sapphire"), x: 0, z: 0, level: 0, index: None }
[script livejslgrh_0] interact UseOn { name: "Chisel", kind: "inv", target_name: Some("Uncut sapphire"), x: 0, z: 0, level: 0, index: None }
[script livejslgrh_0] interact UseOn { name: "Chisel", kind: "inv", target_name: Some("Uncut sapphire"), x: 0, z: 0, level: 0, index: None }
[script livejslgrh_0] interact UseOn { name: "Chisel", kind: "inv", target_name: Some("Uncut sapphire"), x: 0, z: 0, level: 0, index: None }
[script livejslgrh_0] interact UseOn { name: "Chisel", kind: "inv", target_name: Some("Uncut sapphire"), x: 0, z: 0, level: 0, index: None }
[script livejslgrh_0] interact UseOn { name: "Chisel", kind: "inv", target_name: Some("Uncut sapphire"), x: 0, z: 0, level: 0, index: None }
[script livejslgrh_0] interact UseOn { name: "Chisel", kind: "inv", target_name: Some("Uncut sapphire"), x: 0, z: 0, level: 0, index: None }
[script livejslgrh_0] interact UseOn { name: "Chisel", kind: "inv", target_name: Some("Uncut sapphire"), x: 0, z: 0, level: 0, index: None }
[script livejslgrh_0] interact UseOn { name: "Chisel", kind: "inv", target_name: Some("Uncut sapphire"), x: 0, z: 0, level: 0, index: None }
[script livejslgrh_0] interact UseOn { name: "Chisel", kind: "inv", target_name: Some("Uncut sapphire"), x: 0, z: 0, level: 0, index: None }
[script livejslgrh_0] interact UseOn { name: "Chisel", kind: "inv", target_name: Some("Uncut sapphire"), x: 0, z: 0, level: 0, index: None }
[script livejslgrh_0] interact UseOn { name: "Chisel", kind: "inv", target_name: Some("Uncut sapphire"), x: 0, z: 0, level: 0, index: None }
[script livejslgrh_0] interact UseOn { name: "Chisel", kind: "inv", target_name: Some("Uncut sapphire"), x: 0, z: 0, level: 0, index: None }
[script livejslgrh_0] interact UseOn { name: "Chisel", kind: "inv", target_name: Some("Uncut sapphire"), x: 0, z: 0, level: 0, index: None }
[script livejslgrh_0] interact UseOn { name: "Chisel", kind: "inv", target_name: Some("Uncut sapphire"), x: 0, z: 0, level: 0, index: None }
[script livejslgrh_0] interact UseOn { name: "Chisel", kind: "inv", target_name: Some("Uncut sapphire"), x: 0, z: 0, level: 0, index: None }
[script livejslgrh_0] interact UseOn { name: "Chisel", kind: "inv", target_name: Some("Uncut sapphire"), x: 0, z: 0, level: 0, index: None }
[script livejslgrh_0] interact UseOn { name: "Chisel", kind: "inv", target_name: Some("Uncut sapphire"), x: 0, z: 0, level: 0, index: None }
[script livejslgrh_0] interact UseOn { name: "Chisel", kind: "inv", target_name: Some("Uncut sapphire"), x: 0, z: 0, level: 0, index: None }
[script livejslgrh_0] interact UseOn { name: "Chisel", kind: "inv", target_name: Some("Uncut sapphire"), x: 0, z: 0, level: 0, index: None }
[script livejslgrh_0] interact UseOn { name: "Chisel", kind: "inv", target_name: Some("Uncut sapphire"), x: 0, z: 0, level: 0, index: None }
[script livejslgrh_0] interact UseOn { name: "Chisel", kind: "inv", target_name: Some("Uncut sapphire"), x: 0, z: 0, level: 0, index: None }
[script livejslgrh_0] interact UseOn { name: "Chisel", kind: "inv", target_name: Some("Uncut sapphire"), x: 0, z: 0, level: 0, index: None }
[script livejslgrh_0] interact UseOn { name: "Chisel", kind: "inv", target_name: Some("Uncut sapphire"), x: 0, z: 0, level: 0, index: None }
[script livejslgrh_0] interact UseOn { name: "Chisel", kind: "inv", target_name: Some("Uncut sapphire"), x: 0, z: 0, level: 0, index: None }
[script livejslgrh_0] interact UseOn { name: "Chisel", kind: "inv", target_name: Some("Uncut sapphire"), x: 0, z: 0, level: 0, index: None }
[script livejslgrh_0] interact UseOn { name: "Chisel", kind: "inv", target_name: Some("Uncut sapphire"), x: 0, z: 0, level: 0, index: None }
[script livejslgrh_0] interact UseOn { name: "Chisel", kind: "inv", target_name: Some("Uncut sapphire"), x: 0, z: 0, level: 0, index: None }
[script livejslgrh_0] interact UseOn { name: "Chisel", kind: "inv", target_name: Some("Uncut sapphire"), x: 0, z: 0, level: 0, index: None }
[script livejslgrh_0] interact UseOn { name: "Chisel", kind: "inv", target_name: Some("Uncut sapphire"), x: 0, z: 0, level: 0, index: None }
[script livejslgrh_0] interact UseOn { name: "Chisel", kind: "inv", target_name: Some("Uncut sapphire"), x: 0, z: 0, level: 0, index: None }
[script livejslgrh_0] interact UseOn { name: "Chisel", kind: "inv", target_name: Some("Uncut sapphire"), x: 0, z: 0, level: 0, index: None }
[script livejslgrh_0] interact UseOn { name: "Chisel", kind: "inv", target_name: Some("Uncut sapphire"), x: 0, z: 0, level: 0, index: None }
[script livejslgrh_0] interact UseOn { name: "Chisel", kind: "inv", target_name: Some("Uncut sapphire"), x: 0, z: 0, level: 0, index: None }
[script livejslgrh_0] interact UseOn { name: "Chisel", kind: "inv", target_name: Some("Uncut sapphire"), x: 0, z: 0, level: 0, index: None }
[script livejslgrh_0] interact UseOn { name: "Chisel", kind: "inv", target_name: Some("Uncut sapphire"), x: 0, z: 0, level: 0, index: None }
[script livejslgrh_0] interact UseOn { name: "Chisel", kind: "inv", target_name: Some("Uncut sapphire"), x: 0, z: 0, level: 0, index: None }
[script livejslgrh_0] interact UseOn { name: "Chisel", kind: "inv", target_name: Some("Uncut sapphire"), x: 0, z: 0, level: 0, index: None }
[script livejslgrh_0] interact UseOn { name: "Chisel", kind: "inv", target_name: Some("Uncut sapphire"), x: 0, z: 0, level: 0, index: None }
[script livejslgrh_0] interact UseOn { name: "Chisel", kind: "inv", target_name: Some("Uncut sapphire"), x: 0, z: 0, level: 0, index: None }
[script livejslgrh_0] interact UseOn { name: "Chisel", kind: "inv", target_name: Some("Uncut sapphire"), x: 0, z: 0, level: 0, index: None }
[script livejslgrh_0] interact UseOn { name: "Chisel", kind: "inv", target_name: Some("Uncut sapphire"), x: 0, z: 0, level: 0, index: None }
[host] slot livejslgrh_0: d_loop_us=1308 d_raster_us=0 d_observe_us=95481 max_observe_us=9142 d_paints=0 d_skips=50 d_ticks=2 window_ms=1183
[host] slot livejslgrh_0: d_loop_us=1598 d_raster_us=0 d_observe_us=99925 max_observe_us=13998 d_paints=0 d_skips=50 d_ticks=2 window_ms=1193
[script livejslgrh_0] interact UseOn { name: "Chisel", kind: "inv", target_name: Some("Uncut sapphire"), x: 0, z: 0, level: 0, index: None }
[script livejslgrh_0] interact UseOn { name: "Chisel", kind: "inv", target_name: Some("Uncut sapphire"), x: 0, z: 0, level: 0, index: None }
[script livejslgrh_0] interact UseOn { name: "Chisel", kind: "inv", target_name: Some("Uncut sapphire"), x: 0, z: 0, level: 0, index: None }
[script livejslgrh_0] interact UseOn { name: "Chisel", kind: "inv", target_name: Some("Uncut sapphire"), x: 0, z: 0, level: 0, index: None }
[script livejslgrh_0] interact UseOn { name: "Chisel", kind: "inv", target_name: Some("Uncut sapphire"), x: 0, z: 0, level: 0, index: None }
[script livejslgrh_0] interact UseOn { name: "Chisel", kind: "inv", target_name: Some("Uncut sapphire"), x: 0, z: 0, level: 0, index: None }
[script livejslgrh_0] interact UseOn { name: "Chisel", kind: "inv", target_name: Some("Uncut sapphire"), x: 0, z: 0, level: 0, index: None }
[script livejslgrh_0] interact UseOn { name: "Chisel", kind: "inv", target_name: Some("Uncut sapphire"), x: 0, z: 0, level: 0, index: None }
[script livejslgrh_0] interact UseOn { name: "Chisel", kind: "inv", target_name: Some("Uncut sapphire"), x: 0, z: 0, level: 0, index: None }
[script livejslgrh_0] interact UseOn { name: "Chisel", kind: "inv", target_name: Some("Uncut sapphire"), x: 0, z: 0, level: 0, index: None }
[script livejslgrh_0] interact UseOn { name: "Chisel", kind: "inv", target_name: Some("Uncut sapphire"), x: 0, z: 0, level: 0, index: None }
[script livejslgrh_0] interact UseOn { name: "Chisel", kind: "inv", target_name: Some("Uncut sapphire"), x: 0, z: 0, level: 0, index: None }
[script livejslgrh_0] interact UseOn { name: "Chisel", kind: "inv", target_name: Some("Uncut sapphire"), x: 0, z: 0, level: 0, index: None }
[script livejslgrh_0] interact UseOn { name: "Chisel", kind: "inv", target_name: Some("Uncut sapphire"), x: 0, z: 0, level: 0, index: None }
[script livejslgrh_0] interact UseOn { name: "Chisel", kind: "inv", target_name: Some("Uncut sapphire"), x: 0, z: 0, level: 0, index: None }
[script livejslgrh_0] interact UseOn { name: "Chisel", kind: "inv", target_name: Some("Uncut sapphire"), x: 0, z: 0, level: 0, index: None }
[script livejslgrh_0] interact UseOn { name: "Chisel", kind: "inv", target_name: Some("Uncut sapphire"), x: 0, z: 0, level: 0, index: None }
[script livejslgrh_0] interact UseOn { name: "Chisel", kind: "inv", target_name: Some("Uncut sapphire"), x: 0, z: 0, level: 0, index: None }
[script livejslgrh_0] interact UseOn { name: "Chisel", kind: "inv", target_name: Some("Uncut sapphire"), x: 0, z: 0, level: 0, index: None }
[script livejslgrh_0] interact UseOn { name: "Chisel", kind: "inv", target_name: Some("Uncut sapphire"), x: 0, z: 0, level: 0, index: None }
[script livejslgrh_0] interact UseOn { name: "Chisel", kind: "inv", target_name: Some("Uncut sapphire"), x: 0, z: 0, level: 0, index: None }
[script livejslgrh_0] interact UseOn { name: "Chisel", kind: "inv", target_name: Some("Uncut sapphire"), x: 0, z: 0, level: 0, index: None }
[script livejslgrh_0] interact UseOn { name: "Chisel", kind: "inv", target_name: Some("Uncut sapphire"), x: 0, z: 0, level: 0, index: None }
[script livejslgrh_0] interact UseOn { name: "Chisel", kind: "inv", target_name: Some("Uncut sapphire"), x: 0, z: 0, level: 0, index: None }
[script livejslgrh_0] interact UseOn { name: "Chisel", kind: "inv", target_name: Some("Uncut sapphire"), x: 0, z: 0, level: 0, index: None }
[script livejslgrh_0] interact UseOn { name: "Chisel", kind: "inv", target_name: Some("Uncut sapphire"), x: 0, z: 0, level: 0, index: None }
[script livejslgrh_0] interact UseOn { name: "Chisel", kind: "inv", target_name: Some("Uncut sapphire"), x: 0, z: 0, level: 0, index: None }
[script livejslgrh_0] interact UseOn { name: "Chisel", kind: "inv", target_name: Some("Uncut sapphire"), x: 0, z: 0, level: 0, index: None }
[script livejslgrh_0] interact UseOn { name: "Chisel", kind: "inv", target_name: Some("Uncut sapphire"), x: 0, z: 0, level: 0, index: None }
[script livejslgrh_0] interact UseOn { name: "Chisel", kind: "inv", target_name: Some("Uncut sapphire"), x: 0, z: 0, level: 0, index: None }
[script livejslgrh_0] interact UseOn { name: "Chisel", kind: "inv", target_name: Some("Uncut sapphire"), x: 0, z: 0, level: 0, index: None }
[script livejslgrh_0] interact UseOn { name: "Chisel", kind: "inv", target_name: Some("Uncut sapphire"), x: 0, z: 0, level: 0, index: None }
[script livejslgrh_0] interact UseOn { name: "Chisel", kind: "inv", target_name: Some("Uncut sapphire"), x: 0, z: 0, level: 0, index: None }
[script livejslgrh_0] interact UseOn { name: "Chisel", kind: "inv", target_name: Some("Uncut sapphire"), x: 0, z: 0, level: 0, index: None }
[script livejslgrh_0] interact UseOn { name: "Chisel", kind: "inv", target_name: Some("Uncut sapphire"), x: 0, z: 0, level: 0, index: None }
[script livejslgrh_0] interact UseOn { name: "Chisel", kind: "inv", target_name: Some("Uncut sapphire"), x: 0, z: 0, level: 0, index: None }
[script livejslgrh_0] interact UseOn { name: "Chisel", kind: "inv", target_name: Some("Uncut sapphire"), x: 0, z: 0, level: 0, index: None }
[script livejslgrh_0] interact UseOn { name: "Chisel", kind: "inv", target_name: Some("Uncut sapphire"), x: 0, z: 0, level: 0, index: None }
[script livejslgrh_0] interact UseOn { name: "Chisel", kind: "inv", target_name: Some("Uncut sapphire"), x: 0, z: 0, level: 0, index: None }
[script livejslgrh_0] interact UseOn { name: "Chisel", kind: "inv", target_name: Some("Uncut sapphire"), x: 0, z: 0, level: 0, index: None }
[script livejslgrh_0] interact UseOn { name: "Chisel", kind: "inv", target_name: Some("Uncut sapphire"), x: 0, z: 0, level: 0, index: None }
[script livejslgrh_0] interact UseOn { name: "Chisel", kind: "inv", target_name: Some("Uncut sapphire"), x: 0, z: 0, level: 0, index: None }
[script livejslgrh_0] interact UseOn { name: "Chisel", kind: "inv", target_name: Some("Uncut sapphire"), x: 0, z: 0, level: 0, index: None }
[script livejslgrh_0] interact UseOn { name: "Chisel", kind: "inv", target_name: Some("Uncut sapphire"), x: 0, z: 0, level: 0, index: None }
[script livejslgrh_0] interact UseOn { name: "Chisel", kind: "inv", target_name: Some("Uncut sapphire"), x: 0, z: 0, level: 0, index: None }
[script livejslgrh_0] interact UseOn { name: "Chisel", kind: "inv", target_name: Some("Uncut sapphire"), x: 0, z: 0, level: 0, index: None }
[script livejslgrh_0] interact UseOn { name: "Chisel", kind: "inv", target_name: Some("Uncut sapphire"), x: 0, z: 0, level: 0, index: None }
[script livejslgrh_0] interact UseOn { name: "Chisel", kind: "inv", target_name: Some("Uncut sapphire"), x: 0, z: 0, level: 0, index: None }
[script livejslgrh_0] interact UseOn { name: "Chisel", kind: "inv", target_name: Some("Uncut sapphire"), x: 0, z: 0, level: 0, index: None }
[script livejslgrh_0] interact UseOn { name: "Chisel", kind: "inv", target_name: Some("Uncut sapphire"), x: 0, z: 0, level: 0, index: None }
[script livejslgrh_0] interact UseOn { name: "Chisel", kind: "inv", target_name: Some("Uncut sapphire"), x: 0, z: 0, level: 0, index: None }
[script livejslgrh_0] interact UseOn { name: "Chisel", kind: "inv", target_name: Some("Uncut sapphire"), x: 0, z: 0, level: 0, index: None }
[script livejslgrh_0] interact UseOn { name: "Chisel", kind: "inv", target_name: Some("Uncut sapphire"), x: 0, z: 0, level: 0, index: None }
[script livejslgrh_0] interact UseOn { name: "Chisel", kind: "inv", target_name: Some("Uncut sapphire"), x: 0, z: 0, level: 0, index: None }
[script livejslgrh_0] interact UseOn { name: "Chisel", kind: "inv", target_name: Some("Uncut sapphire"), x: 0, z: 0, level: 0, index: None }
[script livejslgrh_0] interact UseOn { name: "Chisel", kind: "inv", target_name: Some("Uncut sapphire"), x: 0, z: 0, level: 0, index: None }
[script livejslgrh_0] interact UseOn { name: "Chisel", kind: "inv", target_name: Some("Uncut sapphire"), x: 0, z: 0, level: 0, index: None }
[script livejslgrh_0] interact UseOn { name: "Chisel", kind: "inv", target_name: Some("Uncut sapphire"), x: 0, z: 0, level: 0, index: None }
[script livejslgrh_0] interact UseOn { name: "Chisel", kind: "inv", target_name: Some("Uncut sapphire"), x: 0, z: 0, level: 0, index: None }
[script livejslgrh_0] interact UseOn { name: "Chisel", kind: "inv", target_name: Some("Uncut sapphire"), x: 0, z: 0, level: 0, index: None }
[host] slot livejslgrh_0: d_loop_us=1190 d_raster_us=0 d_observe_us=84704 max_observe_us=13536 d_paints=0 d_skips=50 d_ticks=2 window_ms=1207
[script livejslgrh_0] interact UseOn { name: "Chisel", kind: "inv", target_name: Some("Uncut sapphire"), x: 0, z: 0, level: 0, index: None }
[script livejslgrh_0] interact UseOn { name: "Chisel", kind: "inv", target_name: Some("Uncut sapphire"), x: 0, z: 0, level: 0, index: None }
[script livejslgrh_0] interact UseOn { name: "Chisel", kind: "inv", target_name: Some("Uncut sapphire"), x: 0, z: 0, level: 0, index: None }
[script livejslgrh_0] interact UseOn { name: "Chisel", kind: "inv", target_name: Some("Uncut sapphire"), x: 0, z: 0, level: 0, index: None }
[script livejslgrh_0] interact UseOn { name: "Chisel", kind: "inv", target_name: Some("Uncut sapphire"), x: 0, z: 0, level: 0, index: None }
[script livejslgrh_0] interact UseOn { name: "Chisel", kind: "inv", target_name: Some("Uncut sapphire"), x: 0, z: 0, level: 0, index: None }
[script livejslgrh_0] interact UseOn { name: "Chisel", kind: "inv", target_name: Some("Uncut sapphire"), x: 0, z: 0, level: 0, index: None }
[script livejslgrh_0] interact UseOn { name: "Chisel", kind: "inv", target_name: Some("Uncut sapphire"), x: 0, z: 0, level: 0, index: None }
[script livejslgrh_0] interact UseOn { name: "Chisel", kind: "inv", target_name: Some("Uncut sapphire"), x: 0, z: 0, level: 0, index: None }
[script livejslgrh_0] interact UseOn { name: "Chisel", kind: "inv", target_name: Some("Uncut sapphire"), x: 0, z: 0, level: 0, index: None }
[script livejslgrh_0] interact UseOn { name: "Chisel", kind: "inv", target_name: Some("Uncut sapphire"), x: 0, z: 0, level: 0, index: None }
[script livejslgrh_0] interact UseOn { name: "Chisel", kind: "inv", target_name: Some("Uncut sapphire"), x: 0, z: 0, level: 0, index: None }
[script livejslgrh_0] interact UseOn { name: "Chisel", kind: "inv", target_name: Some("Uncut sapphire"), x: 0, z: 0, level: 0, index: None }
[script livejslgrh_0] interact UseOn { name: "Chisel", kind: "inv", target_name: Some("Uncut sapphire"), x: 0, z: 0, level: 0, index: None }
[script livejslgrh_0] interact UseOn { name: "Chisel", kind: "inv", target_name: Some("Uncut sapphire"), x: 0, z: 0, level: 0, index: None }
[script livejslgrh_0] interact UseOn { name: "Chisel", kind: "inv", target_name: Some("Uncut sapphire"), x: 0, z: 0, level: 0, index: None }
[script livejslgrh_0] interact UseOn { name: "Chisel", kind: "inv", target_name: Some("Uncut sapphire"), x: 0, z: 0, level: 0, index: None }
[script livejslgrh_0] interact UseOn { name: "Chisel", kind: "inv", target_name: Some("Uncut sapphire"), x: 0, z: 0, level: 0, index: None }
[script livejslgrh_0] interact UseOn { name: "Chisel", kind: "inv", target_name: Some("Uncut sapphire"), x: 0, z: 0, level: 0, index: None }
[script livejslgrh_0] interact UseOn { name: "Chisel", kind: "inv", target_name: Some("Uncut sapphire"), x: 0, z: 0, level: 0, index: None }
[script livejslgrh_0] interact UseOn { name: "Chisel", kind: "inv", target_name: Some("Uncut sapphire"), x: 0, z: 0, level: 0, index: None }
[script livejslgrh_0] interact UseOn { name: "Chisel", kind: "inv", target_name: Some("Uncut sapphire"), x: 0, z: 0, level: 0, index: None }
[script livejslgrh_0] interact UseOn { name: "Chisel", kind: "inv", target_name: Some("Uncut sapphire"), x: 0, z: 0, level: 0, index: None }
[script livejslgrh_0] interact UseOn { name: "Chisel", kind: "inv", target_name: Some("Uncut sapphire"), x: 0, z: 0, level: 0, index: None }
[script livejslgrh_0] interact UseOn { name: "Chisel", kind: "inv", target_name: Some("Uncut sapphire"), x: 0, z: 0, level: 0, index: None }
[script livejslgrh_0] interact UseOn { name: "Chisel", kind: "inv", target_name: Some("Uncut sapphire"), x: 0, z: 0, level: 0, index: None }
[script livejslgrh_0] interact UseOn { name: "Chisel", kind: "inv", target_name: Some("Uncut sapphire"), x: 0, z: 0, level: 0, index: None }
[script livejslgrh_0] interact UseOn { name: "Chisel", kind: "inv", target_name: Some("Uncut sapphire"), x: 0, z: 0, level: 0, index: None }
[script livejslgrh_0] interact UseOn { name: "Chisel", kind: "inv", target_name: Some("Uncut sapphire"), x: 0, z: 0, level: 0, index: None }
[script livejslgrh_0] interact UseOn { name: "Chisel", kind: "inv", target_name: Some("Uncut sapphire"), x: 0, z: 0, level: 0, index: None }
[script livejslgrh_0] interact UseOn { name: "Chisel", kind: "inv", target_name: Some("Uncut sapphire"), x: 0, z: 0, level: 0, index: None }
[script livejslgrh_0] interact UseOn { name: "Chisel", kind: "inv", target_name: Some("Uncut sapphire"), x: 0, z: 0, level: 0, index: None }
[script livejslgrh_0] interact UseOn { name: "Chisel", kind: "inv", target_name: Some("Uncut sapphire"), x: 0, z: 0, level: 0, index: None }
[script livejslgrh_0] interact UseOn { name: "Chisel", kind: "inv", target_name: Some("Uncut sapphire"), x: 0, z: 0, level: 0, index: None }
[script livejslgrh_0] interact UseOn { name: "Chisel", kind: "inv", target_name: Some("Uncut sapphire"), x: 0, z: 0, level: 0, index: None }
[script livejslgrh_0] interact UseOn { name: "Chisel", kind: "inv", target_name: Some("Uncut sapphire"), x: 0, z: 0, level: 0, index: None }
[script livejslgrh_0] interact UseOn { name: "Chisel", kind: "inv", target_name: Some("Uncut sapphire"), x: 0, z: 0, level: 0, index: None }
[script livejslgrh_0] interact UseOn { name: "Chisel", kind: "inv", target_name: Some("Uncut sapphire"), x: 0, z: 0, level: 0, index: None }
[script livejslgrh_0] interact UseOn { name: "Chisel", kind: "inv", target_name: Some("Uncut sapphire"), x: 0, z: 0, level: 0, index: None }
[script livejslgrh_0] interact UseOn { name: "Chisel", kind: "inv", target_name: Some("Uncut sapphire"), x: 0, z: 0, level: 0, index: None }
[script livejslgrh_0] interact UseOn { name: "Chisel", kind: "inv", target_name: Some("Uncut sapphire"), x: 0, z: 0, level: 0, index: None }
[script livejslgrh_0] interact UseOn { name: "Chisel", kind: "inv", target_name: Some("Uncut sapphire"), x: 0, z: 0, level: 0, index: None }
[script livejslgrh_0] interact UseOn { name: "Chisel", kind: "inv", target_name: Some("Uncut sapphire"), x: 0, z: 0, level: 0, index: None }
[script livejslgrh_0] interact UseOn { name: "Chisel", kind: "inv", target_name: Some("Uncut sapphire"), x: 0, z: 0, level: 0, index: None }
[script livejslgrh_0] interact UseOn { name: "Chisel", kind: "inv", target_name: Some("Uncut sapphire"), x: 0, z: 0, level: 0, index: None }
[script livejslgrh_0] interact UseOn { name: "Chisel", kind: "inv", target_name: Some("Uncut sapphire"), x: 0, z: 0, level: 0, index: None }
[script livejslgrh_0] interact UseOn { name: "Chisel", kind: "inv", target_name: Some("Uncut sapphire"), x: 0, z: 0, level: 0, index: None }
[script livejslgrh_0] interact UseOn { name: "Chisel", kind: "inv", target_name: Some("Uncut sapphire"), x: 0, z: 0, level: 0, index: None }
[script livejslgrh_0] interact UseOn { name: "Chisel", kind: "inv", target_name: Some("Uncut sapphire"), x: 0, z: 0, level: 0, index: None }
[script livejslgrh_0] interact UseOn { name: "Chisel", kind: "inv", target_name: Some("Uncut sapphire"), x: 0, z: 0, level: 0, index: None }
[script livejslgrh_0] interact UseOn { name: "Chisel", kind: "inv", target_name: Some("Uncut sapphire"), x: 0, z: 0, level: 0, index: None }
[script livejslgrh_0] interact UseOn { name: "Chisel", kind: "inv", target_name: Some("Uncut sapphire"), x: 0, z: 0, level: 0, index: None }
[script livejslgrh_0] interact UseOn { name: "Chisel", kind: "inv", target_name: Some("Uncut sapphire"), x: 0, z: 0, level: 0, index: None }
[script livejslgrh_0] interact UseOn { name: "Chisel", kind: "inv", target_name: Some("Uncut sapphire"), x: 0, z: 0, level: 0, index: None }
[script livejslgrh_0] interact UseOn { name: "Chisel", kind: "inv", target_name: Some("Uncut sapphire"), x: 0, z: 0, level: 0, index: None }
[script livejslgrh_0] interact UseOn { name: "Chisel", kind: "inv", target_name: Some("Uncut sapphire"), x: 0, z: 0, level: 0, index: None }
[script livejslgrh_0] interact UseOn { name: "Chisel", kind: "inv", target_name: Some("Uncut sapphire"), x: 0, z: 0, level: 0, index: None }
[script livejslgrh_0] interact UseOn { name: "Chisel", kind: "inv", target_name: Some("Uncut sapphire"), x: 0, z: 0, level: 0, index: None }
[script livejslgrh_0] interact UseOn { name: "Chisel", kind: "inv", target_name: Some("Uncut sapphire"), x: 0, z: 0, level: 0, index: None }
[script livejslgrh_0] interact UseOn { name: "Chisel", kind: "inv", target_name: Some("Uncut sapphire"), x: 0, z: 0, level: 0, index: None }
[host] slot livejslgrh_0: d_loop_us=1338 d_raster_us=0 d_observe_us=105943 max_observe_us=10162 d_paints=0 d_skips=50 d_ticks=2 window_ms=1170
[host] slot livejslgrh_0: d_loop_us=1325 d_raster_us=0 d_observe_us=105392 max_observe_us=14389 d_paints=0 d_skips=50 d_ticks=2 window_ms=1175
[script livejslgrh_0] interact UseOn { name: "Chisel", kind: "inv", target_name: Some("Uncut sapphire"), x: 0, z: 0, level: 0, index: None }
[script livejslgrh_0] interact UseOn { name: "Chisel", kind: "inv", target_name: Some("Uncut sapphire"), x: 0, z: 0, level: 0, index: None }
[script livejslgrh_0] interact UseOn { name: "Chisel", kind: "inv", target_name: Some("Uncut sapphire"), x: 0, z: 0, level: 0, index: None }
[script livejslgrh_0] interact UseOn { name: "Chisel", kind: "inv", target_name: Some("Uncut sapphire"), x: 0, z: 0, level: 0, index: None }
[script livejslgrh_0] interact UseOn { name: "Chisel", kind: "inv", target_name: Some("Uncut sapphire"), x: 0, z: 0, level: 0, index: None }
[script livejslgrh_0] interact UseOn { name: "Chisel", kind: "inv", target_name: Some("Uncut sapphire"), x: 0, z: 0, level: 0, index: None }
[script livejslgrh_0] interact UseOn { name: "Chisel", kind: "inv", target_name: Some("Uncut sapphire"), x: 0, z: 0, level: 0, index: None }
[script livejslgrh_0] interact UseOn { name: "Chisel", kind: "inv", target_name: Some("Uncut sapphire"), x: 0, z: 0, level: 0, index: None }
[script livejslgrh_0] interact UseOn { name: "Chisel", kind: "inv", target_name: Some("Uncut sapphire"), x: 0, z: 0, level: 0, index: None }
[script livejslgrh_0] interact UseOn { name: "Chisel", kind: "inv", target_name: Some("Uncut sapphire"), x: 0, z: 0, level: 0, index: None }
[script livejslgrh_0] interact UseOn { name: "Chisel", kind: "inv", target_name: Some("Uncut sapphire"), x: 0, z: 0, level: 0, index: None }
[script livejslgrh_0] interact UseOn { name: "Chisel", kind: "inv", target_name: Some("Uncut sapphire"), x: 0, z: 0, level: 0, index: None }
[script livejslgrh_0] interact UseOn { name: "Chisel", kind: "inv", target_name: Some("Uncut sapphire"), x: 0, z: 0, level: 0, index: None }
[script livejslgrh_0] interact UseOn { name: "Chisel", kind: "inv", target_name: Some("Uncut sapphire"), x: 0, z: 0, level: 0, index: None }
[script livejslgrh_0] interact UseOn { name: "Chisel", kind: "inv", target_name: Some("Uncut sapphire"), x: 0, z: 0, level: 0, index: None }
[script livejslgrh_0] interact UseOn { name: "Chisel", kind: "inv", target_name: Some("Uncut sapphire"), x: 0, z: 0, level: 0, index: None }
[script livejslgrh_0] interact UseOn { name: "Chisel", kind: "inv", target_name: Some("Uncut sapphire"), x: 0, z: 0, level: 0, index: None }
[script livejslgrh_0] interact UseOn { name: "Chisel", kind: "inv", target_name: Some("Uncut sapphire"), x: 0, z: 0, level: 0, index: None }
[script livejslgrh_0] interact UseOn { name: "Chisel", kind: "inv", target_name: Some("Uncut sapphire"), x: 0, z: 0, level: 0, index: None }
[script livejslgrh_0] interact UseOn { name: "Chisel", kind: "inv", target_name: Some("Uncut sapphire"), x: 0, z: 0, level: 0, index: None }
[script livejslgrh_0] interact UseOn { name: "Chisel", kind: "inv", target_name: Some("Uncut sapphire"), x: 0, z: 0, level: 0, index: None }
[script livejslgrh_0] interact UseOn { name: "Chisel", kind: "inv", target_name: Some("Uncut sapphire"), x: 0, z: 0, level: 0, index: None }
[script livejslgrh_0] interact UseOn { name: "Chisel", kind: "inv", target_name: Some("Uncut sapphire"), x: 0, z: 0, level: 0, index: None }
[script livejslgrh_0] interact UseOn { name: "Chisel", kind: "inv", target_name: Some("Uncut sapphire"), x: 0, z: 0, level: 0, index: None }
[script livejslgrh_0] interact UseOn { name: "Chisel", kind: "inv", target_name: Some("Uncut sapphire"), x: 0, z: 0, level: 0, index: None }
[script livejslgrh_0] interact UseOn { name: "Chisel", kind: "inv", target_name: Some("Uncut sapphire"), x: 0, z: 0, level: 0, index: None }
[script livejslgrh_0] interact UseOn { name: "Chisel", kind: "inv", target_name: Some("Uncut sapphire"), x: 0, z: 0, level: 0, index: None }
[script livejslgrh_0] interact UseOn { name: "Chisel", kind: "inv", target_name: Some("Uncut sapphire"), x: 0, z: 0, level: 0, index: None }
[script livejslgrh_0] interact UseOn { name: "Chisel", kind: "inv", target_name: Some("Uncut sapphire"), x: 0, z: 0, level: 0, index: None }
[script livejslgrh_0] interact UseOn { name: "Chisel", kind: "inv", target_name: Some("Uncut sapphire"), x: 0, z: 0, level: 0, index: None }
[script livejslgrh_0] interact UseOn { name: "Chisel", kind: "inv", target_name: Some("Uncut sapphire"), x: 0, z: 0, level: 0, index: None }
[script livejslgrh_0] interact UseOn { name: "Chisel", kind: "inv", target_name: Some("Uncut sapphire"), x: 0, z: 0, level: 0, index: None }
[script livejslgrh_0] interact UseOn { name: "Chisel", kind: "inv", target_name: Some("Uncut sapphire"), x: 0, z: 0, level: 0, index: None }
[script livejslgrh_0] interact UseOn { name: "Chisel", kind: "inv", target_name: Some("Uncut sapphire"), x: 0, z: 0, level: 0, index: None }
[script livejslgrh_0] interact UseOn { name: "Chisel", kind: "inv", target_name: Some("Uncut sapphire"), x: 0, z: 0, level: 0, index: None }
[script livejslgrh_0] interact UseOn { name: "Chisel", kind: "inv", target_name: Some("Uncut sapphire"), x: 0, z: 0, level: 0, index: None }
[script livejslgrh_0] interact UseOn { name: "Chisel", kind: "inv", target_name: Some("Uncut sapphire"), x: 0, z: 0, level: 0, index: None }
[script livejslgrh_0] interact UseOn { name: "Chisel", kind: "inv", target_name: Some("Uncut sapphire"), x: 0, z: 0, level: 0, index: None }
[script livejslgrh_0] interact UseOn { name: "Chisel", kind: "inv", target_name: Some("Uncut sapphire"), x: 0, z: 0, level: 0, index: None }
[script livejslgrh_0] interact UseOn { name: "Chisel", kind: "inv", target_name: Some("Uncut sapphire"), x: 0, z: 0, level: 0, index: None }
[script livejslgrh_0] interact UseOn { name: "Chisel", kind: "inv", target_name: Some("Uncut sapphire"), x: 0, z: 0, level: 0, index: None }
[script livejslgrh_0] interact UseOn { name: "Chisel", kind: "inv", target_name: Some("Uncut sapphire"), x: 0, z: 0, level: 0, index: None }
[script livejslgrh_0] interact UseOn { name: "Chisel", kind: "inv", target_name: Some("Uncut sapphire"), x: 0, z: 0, level: 0, index: None }
[script livejslgrh_0] interact UseOn { name: "Chisel", kind: "inv", target_name: Some("Uncut sapphire"), x: 0, z: 0, level: 0, index: None }
[script livejslgrh_0] interact UseOn { name: "Chisel", kind: "inv", target_name: Some("Uncut sapphire"), x: 0, z: 0, level: 0, index: None }
[script livejslgrh_0] interact UseOn { name: "Chisel", kind: "inv", target_name: Some("Uncut sapphire"), x: 0, z: 0, level: 0, index: None }
[script livejslgrh_0] interact UseOn { name: "Chisel", kind: "inv", target_name: Some("Uncut sapphire"), x: 0, z: 0, level: 0, index: None }
[script livejslgrh_0] interact UseOn { name: "Chisel", kind: "inv", target_name: Some("Uncut sapphire"), x: 0, z: 0, level: 0, index: None }
[script livejslgrh_0] interact UseOn { name: "Chisel", kind: "inv", target_name: Some("Uncut sapphire"), x: 0, z: 0, level: 0, index: None }
[script livejslgrh_0] interact UseOn { name: "Chisel", kind: "inv", target_name: Some("Uncut sapphire"), x: 0, z: 0, level: 0, index: None }
[script livejslgrh_0] interact UseOn { name: "Chisel", kind: "inv", target_name: Some("Uncut sapphire"), x: 0, z: 0, level: 0, index: None }
[script livejslgrh_0] interact UseOn { name: "Chisel", kind: "inv", target_name: Some("Uncut sapphire"), x: 0, z: 0, level: 0, index: None }
[script livejslgrh_0] interact UseOn { name: "Chisel", kind: "inv", target_name: Some("Uncut sapphire"), x: 0, z: 0, level: 0, index: None }
[script livejslgrh_0] interact UseOn { name: "Chisel", kind: "inv", target_name: Some("Uncut sapphire"), x: 0, z: 0, level: 0, index: None }
[script livejslgrh_0] interact UseOn { name: "Chisel", kind: "inv", target_name: Some("Uncut sapphire"), x: 0, z: 0, level: 0, index: None }
[script livejslgrh_0] interact UseOn { name: "Chisel", kind: "inv", target_name: Some("Uncut sapphire"), x: 0, z: 0, level: 0, index: None }
[script livejslgrh_0] interact UseOn { name: "Chisel", kind: "inv", target_name: Some("Uncut sapphire"), x: 0, z: 0, level: 0, index: None }
[script livejslgrh_0] interact UseOn { name: "Chisel", kind: "inv", target_name: Some("Uncut sapphire"), x: 0, z: 0, level: 0, index: None }
[script livejslgrh_0] interact UseOn { name: "Chisel", kind: "inv", target_name: Some("Uncut sapphire"), x: 0, z: 0, level: 0, index: None }
[script livejslgrh_0] interact UseOn { name: "Chisel", kind: "inv", target_name: Some("Uncut sapphire"), x: 0, z: 0, level: 0, index: None }
[host] slot livejslgrh_0: d_loop_us=1112 d_raster_us=0 d_observe_us=79603 max_observe_us=9324 d_paints=0 d_skips=50 d_ticks=2 window_ms=1186
[host] slot livejslgrh_0: d_loop_us=980 d_raster_us=0 d_observe_us=66922 max_observe_us=8169 d_paints=0 d_skips=50 d_ticks=2 window_ms=1192
[script livejslgrh_0] interact UseOn { name: "Chisel", kind: "inv", target_name: Some("Uncut sapphire"), x: 0, z: 0, level: 0, index: None }
[script livejslgrh_0] interact UseOn { name: "Chisel", kind: "inv", target_name: Some("Uncut sapphire"), x: 0, z: 0, level: 0, index: None }
[script livejslgrh_0] interact UseOn { name: "Chisel", kind: "inv", target_name: Some("Uncut sapphire"), x: 0, z: 0, level: 0, index: None }
[script livejslgrh_0] interact UseOn { name: "Chisel", kind: "inv", target_name: Some("Uncut sapphire"), x: 0, z: 0, level: 0, index: None }
[script livejslgrh_0] interact UseOn { name: "Chisel", kind: "inv", target_name: Some("Uncut sapphire"), x: 0, z: 0, level: 0, index: None }
[script livejslgrh_0] interact UseOn { name: "Chisel", kind: "inv", target_name: Some("Uncut sapphire"), x: 0, z: 0, level: 0, index: None }
[script livejslgrh_0] interact UseOn { name: "Chisel", kind: "inv", target_name: Some("Uncut sapphire"), x: 0, z: 0, level: 0, index: None }
[script livejslgrh_0] interact UseOn { name: "Chisel", kind: "inv", target_name: Some("Uncut sapphire"), x: 0, z: 0, level: 0, index: None }
[script livejslgrh_0] interact UseOn { name: "Chisel", kind: "inv", target_name: Some("Uncut sapphire"), x: 0, z: 0, level: 0, index: None }
[script livejslgrh_0] interact UseOn { name: "Chisel", kind: "inv", target_name: Some("Uncut sapphire"), x: 0, z: 0, level: 0, index: None }
[script livejslgrh_0] interact UseOn { name: "Chisel", kind: "inv", target_name: Some("Uncut sapphire"), x: 0, z: 0, level: 0, index: None }
[script livejslgrh_0] interact UseOn { name: "Chisel", kind: "inv", target_name: Some("Uncut sapphire"), x: 0, z: 0, level: 0, index: None }
[script livejslgrh_0] interact UseOn { name: "Chisel", kind: "inv", target_name: Some("Uncut sapphire"), x: 0, z: 0, level: 0, index: None }
[script livejslgrh_0] interact UseOn { name: "Chisel", kind: "inv", target_name: Some("Uncut sapphire"), x: 0, z: 0, level: 0, index: None }
[script livejslgrh_0] interact UseOn { name: "Chisel", kind: "inv", target_name: Some("Uncut sapphire"), x: 0, z: 0, level: 0, index: None }
[script livejslgrh_0] interact UseOn { name: "Chisel", kind: "inv", target_name: Some("Uncut sapphire"), x: 0, z: 0, level: 0, index: None }
[script livejslgrh_0] interact UseOn { name: "Chisel", kind: "inv", target_name: Some("Uncut sapphire"), x: 0, z: 0, level: 0, index: None }
[script livejslgrh_0] interact UseOn { name: "Chisel", kind: "inv", target_name: Some("Uncut sapphire"), x: 0, z: 0, level: 0, index: None }
[script livejslgrh_0] interact UseOn { name: "Chisel", kind: "inv", target_name: Some("Uncut sapphire"), x: 0, z: 0, level: 0, index: None }
[script livejslgrh_0] interact UseOn { name: "Chisel", kind: "inv", target_name: Some("Uncut sapphire"), x: 0, z: 0, level: 0, index: None }
[script livejslgrh_0] interact UseOn { name: "Chisel", kind: "inv", target_name: Some("Uncut sapphire"), x: 0, z: 0, level: 0, index: None }
[script livejslgrh_0] interact UseOn { name: "Chisel", kind: "inv", target_name: Some("Uncut sapphire"), x: 0, z: 0, level: 0, index: None }
[script livejslgrh_0] interact UseOn { name: "Chisel", kind: "inv", target_name: Some("Uncut sapphire"), x: 0, z: 0, level: 0, index: None }
[script livejslgrh_0] interact UseOn { name: "Chisel", kind: "inv", target_name: Some("Uncut sapphire"), x: 0, z: 0, level: 0, index: None }
[script livejslgrh_0] interact UseOn { name: "Chisel", kind: "inv", target_name: Some("Uncut sapphire"), x: 0, z: 0, level: 0, index: None }
[script livejslgrh_0] interact UseOn { name: "Chisel", kind: "inv", target_name: Some("Uncut sapphire"), x: 0, z: 0, level: 0, index: None }
[script livejslgrh_0] interact UseOn { name: "Chisel", kind: "inv", target_name: Some("Uncut sapphire"), x: 0, z: 0, level: 0, index: None }
[script livejslgrh_0] interact UseOn { name: "Chisel", kind: "inv", target_name: Some("Uncut sapphire"), x: 0, z: 0, level: 0, index: None }
[script livejslgrh_0] interact UseOn { name: "Chisel", kind: "inv", target_name: Some("Uncut sapphire"), x: 0, z: 0, level: 0, index: None }
[script livejslgrh_0] interact UseOn { name: "Chisel", kind: "inv", target_name: Some("Uncut sapphire"), x: 0, z: 0, level: 0, index: None }
[script livejslgrh_0] interact UseOn { name: "Chisel", kind: "inv", target_name: Some("Uncut sapphire"), x: 0, z: 0, level: 0, index: None }
[script livejslgrh_0] interact UseOn { name: "Chisel", kind: "inv", target_name: Some("Uncut sapphire"), x: 0, z: 0, level: 0, index: None }
[script livejslgrh_0] interact UseOn { name: "Chisel", kind: "inv", target_name: Some("Uncut sapphire"), x: 0, z: 0, level: 0, index: None }
[script livejslgrh_0] interact UseOn { name: "Chisel", kind: "inv", target_name: Some("Uncut sapphire"), x: 0, z: 0, level: 0, index: None }
[script livejslgrh_0] interact UseOn { name: "Chisel", kind: "inv", target_name: Some("Uncut sapphire"), x: 0, z: 0, level: 0, index: None }
[script livejslgrh_0] interact UseOn { name: "Chisel", kind: "inv", target_name: Some("Uncut sapphire"), x: 0, z: 0, level: 0, index: None }
[script livejslgrh_0] interact UseOn { name: "Chisel", kind: "inv", target_name: Some("Uncut sapphire"), x: 0, z: 0, level: 0, index: None }
[script livejslgrh_0] interact UseOn { name: "Chisel", kind: "inv", target_name: Some("Uncut sapphire"), x: 0, z: 0, level: 0, index: None }
[script livejslgrh_0] interact UseOn { name: "Chisel", kind: "inv", target_name: Some("Uncut sapphire"), x: 0, z: 0, level: 0, index: None }
[script livejslgrh_0] interact UseOn { name: "Chisel", kind: "inv", target_name: Some("Uncut sapphire"), x: 0, z: 0, level: 0, index: None }
[script livejslgrh_0] interact UseOn { name: "Chisel", kind: "inv", target_name: Some("Uncut sapphire"), x: 0, z: 0, level: 0, index: None }
[script livejslgrh_0] interact UseOn { name: "Chisel", kind: "inv", target_name: Some("Uncut sapphire"), x: 0, z: 0, level: 0, index: None }
[script livejslgrh_0] interact UseOn { name: "Chisel", kind: "inv", target_name: Some("Uncut sapphire"), x: 0, z: 0, level: 0, index: None }
[script livejslgrh_0] interact UseOn { name: "Chisel", kind: "inv", target_name: Some("Uncut sapphire"), x: 0, z: 0, level: 0, index: None }
[script livejslgrh_0] interact UseOn { name: "Chisel", kind: "inv", target_name: Some("Uncut sapphire"), x: 0, z: 0, level: 0, index: None }
[script livejslgrh_0] interact UseOn { name: "Chisel", kind: "inv", target_name: Some("Uncut sapphire"), x: 0, z: 0, level: 0, index: None }
[script livejslgrh_0] interact UseOn { name: "Chisel", kind: "inv", target_name: Some("Uncut sapphire"), x: 0, z: 0, level: 0, index: None }
[script livejslgrh_0] interact UseOn { name: "Chisel", kind: "inv", target_name: Some("Uncut sapphire"), x: 0, z: 0, level: 0, index: None }
[script livejslgrh_0] interact UseOn { name: "Chisel", kind: "inv", target_name: Some("Uncut sapphire"), x: 0, z: 0, level: 0, index: None }
[script livejslgrh_0] interact UseOn { name: "Chisel", kind: "inv", target_name: Some("Uncut sapphire"), x: 0, z: 0, level: 0, index: None }
[script livejslgrh_0] interact UseOn { name: "Chisel", kind: "inv", target_name: Some("Uncut sapphire"), x: 0, z: 0, level: 0, index: None }
[script livejslgrh_0] interact UseOn { name: "Chisel", kind: "inv", target_name: Some("Uncut sapphire"), x: 0, z: 0, level: 0, index: None }
[script livejslgrh_0] interact UseOn { name: "Chisel", kind: "inv", target_name: Some("Uncut sapphire"), x: 0, z: 0, level: 0, index: None }
[script livejslgrh_0] interact UseOn { name: "Chisel", kind: "inv", target_name: Some("Uncut sapphire"), x: 0, z: 0, level: 0, index: None }
[script livejslgrh_0] interact UseOn { name: "Chisel", kind: "inv", target_name: Some("Uncut sapphire"), x: 0, z: 0, level: 0, index: None }
[script livejslgrh_0] interact UseOn { name: "Chisel", kind: "inv", target_name: Some("Uncut sapphire"), x: 0, z: 0, level: 0, index: None }
[script livejslgrh_0] interact UseOn { name: "Chisel", kind: "inv", target_name: Some("Uncut sapphire"), x: 0, z: 0, level: 0, index: None }
[script livejslgrh_0] interact UseOn { name: "Chisel", kind: "inv", target_name: Some("Uncut sapphire"), x: 0, z: 0, level: 0, index: None }
[script livejslgrh_0] interact UseOn { name: "Chisel", kind: "inv", target_name: Some("Uncut sapphire"), x: 0, z: 0, level: 0, index: None }
[script livejslgrh_0] interact UseOn { name: "Chisel", kind: "inv", target_name: Some("Uncut sapphire"), x: 0, z: 0, level: 0, index: None }
[host] hitch livejslgrh_0: observe_us=16914 paints=0 skips=2141 ticks=110
[host] slot livejslgrh_0: d_loop_us=1221 d_raster_us=0 d_observe_us=92178 max_observe_us=16914 d_paints=0 d_skips=50 d_ticks=2 window_ms=1187
[script livejslgrh_0] interact UseOn { name: "Chisel", kind: "inv", target_name: Some("Uncut sapphire"), x: 0, z: 0, level: 0, index: None }
[script livejslgrh_0] interact UseOn { name: "Chisel", kind: "inv", target_name: Some("Uncut sapphire"), x: 0, z: 0, level: 0, index: None }
[script livejslgrh_0] interact UseOn { name: "Chisel", kind: "inv", target_name: Some("Uncut sapphire"), x: 0, z: 0, level: 0, index: None }
[script livejslgrh_0] interact UseOn { name: "Chisel", kind: "inv", target_name: Some("Uncut sapphire"), x: 0, z: 0, level: 0, index: None }
[script livejslgrh_0] interact UseOn { name: "Chisel", kind: "inv", target_name: Some("Uncut sapphire"), x: 0, z: 0, level: 0, index: None }
[script livejslgrh_0] interact UseOn { name: "Chisel", kind: "inv", target_name: Some("Uncut sapphire"), x: 0, z: 0, level: 0, index: None }
[script livejslgrh_0] interact UseOn { name: "Chisel", kind: "inv", target_name: Some("Uncut sapphire"), x: 0, z: 0, level: 0, index: None }
[script livejslgrh_0] interact UseOn { name: "Chisel", kind: "inv", target_name: Some("Uncut sapphire"), x: 0, z: 0, level: 0, index: None }
[script livejslgrh_0] interact UseOn { name: "Chisel", kind: "inv", target_name: Some("Uncut sapphire"), x: 0, z: 0, level: 0, index: None }
[script livejslgrh_0] interact UseOn { name: "Chisel", kind: "inv", target_name: Some("Uncut sapphire"), x: 0, z: 0, level: 0, index: None }
[script livejslgrh_0] interact UseOn { name: "Chisel", kind: "inv", target_name: Some("Uncut sapphire"), x: 0, z: 0, level: 0, index: None }
[script livejslgrh_0] interact UseOn { name: "Chisel", kind: "inv", target_name: Some("Uncut sapphire"), x: 0, z: 0, level: 0, index: None }
[script livejslgrh_0] interact UseOn { name: "Chisel", kind: "inv", target_name: Some("Uncut sapphire"), x: 0, z: 0, level: 0, index: None }
[script livejslgrh_0] interact UseOn { name: "Chisel", kind: "inv", target_name: Some("Uncut sapphire"), x: 0, z: 0, level: 0, index: None }
[script livejslgrh_0] interact UseOn { name: "Chisel", kind: "inv", target_name: Some("Uncut sapphire"), x: 0, z: 0, level: 0, index: None }
[script livejslgrh_0] interact UseOn { name: "Chisel", kind: "inv", target_name: Some("Uncut sapphire"), x: 0, z: 0, level: 0, index: None }
[script livejslgrh_0] interact UseOn { name: "Chisel", kind: "inv", target_name: Some("Uncut sapphire"), x: 0, z: 0, level: 0, index: None }
[script livejslgrh_0] interact UseOn { name: "Chisel", kind: "inv", target_name: Some("Uncut sapphire"), x: 0, z: 0, level: 0, index: None }
[script livejslgrh_0] interact UseOn { name: "Chisel", kind: "inv", target_name: Some("Uncut sapphire"), x: 0, z: 0, level: 0, index: None }
[script livejslgrh_0] interact UseOn { name: "Chisel", kind: "inv", target_name: Some("Uncut sapphire"), x: 0, z: 0, level: 0, index: None }
[script livejslgrh_0] interact UseOn { name: "Chisel", kind: "inv", target_name: Some("Uncut sapphire"), x: 0, z: 0, level: 0, index: None }
[script livejslgrh_0] interact UseOn { name: "Chisel", kind: "inv", target_name: Some("Uncut sapphire"), x: 0, z: 0, level: 0, index: None }
[script livejslgrh_0] interact UseOn { name: "Chisel", kind: "inv", target_name: Some("Uncut sapphire"), x: 0, z: 0, level: 0, index: None }
[script livejslgrh_0] interact UseOn { name: "Chisel", kind: "inv", target_name: Some("Uncut sapphire"), x: 0, z: 0, level: 0, index: None }
[script livejslgrh_0] interact UseOn { name: "Chisel", kind: "inv", target_name: Some("Uncut sapphire"), x: 0, z: 0, level: 0, index: None }
[script livejslgrh_0] interact UseOn { name: "Chisel", kind: "inv", target_name: Some("Uncut sapphire"), x: 0, z: 0, level: 0, index: None }
[script livejslgrh_0] interact UseOn { name: "Chisel", kind: "inv", target_name: Some("Uncut sapphire"), x: 0, z: 0, level: 0, index: None }
[script livejslgrh_0] interact UseOn { name: "Chisel", kind: "inv", target_name: Some("Uncut sapphire"), x: 0, z: 0, level: 0, index: None }
[script livejslgrh_0] interact UseOn { name: "Chisel", kind: "inv", target_name: Some("Uncut sapphire"), x: 0, z: 0, level: 0, index: None }
[script livejslgrh_0] interact UseOn { name: "Chisel", kind: "inv", target_name: Some("Uncut sapphire"), x: 0, z: 0, level: 0, index: None }
[script livejslgrh_0] interact UseOn { name: "Chisel", kind: "inv", target_name: Some("Uncut sapphire"), x: 0, z: 0, level: 0, index: None }
[script livejslgrh_0] interact UseOn { name: "Chisel", kind: "inv", target_name: Some("Uncut sapphire"), x: 0, z: 0, level: 0, index: None }
[script livejslgrh_0] interact UseOn { name: "Chisel", kind: "inv", target_name: Some("Uncut sapphire"), x: 0, z: 0, level: 0, index: None }
[script livejslgrh_0] interact UseOn { name: "Chisel", kind: "inv", target_name: Some("Uncut sapphire"), x: 0, z: 0, level: 0, index: None }
[script livejslgrh_0] interact UseOn { name: "Chisel", kind: "inv", target_name: Some("Uncut sapphire"), x: 0, z: 0, level: 0, index: None }
[script livejslgrh_0] interact UseOn { name: "Chisel", kind: "inv", target_name: Some("Uncut sapphire"), x: 0, z: 0, level: 0, index: None }
[script livejslgrh_0] interact UseOn { name: "Chisel", kind: "inv", target_name: Some("Uncut sapphire"), x: 0, z: 0, level: 0, index: None }
[script livejslgrh_0] interact UseOn { name: "Chisel", kind: "inv", target_name: Some("Uncut sapphire"), x: 0, z: 0, level: 0, index: None }
[script livejslgrh_0] interact UseOn { name: "Chisel", kind: "inv", target_name: Some("Uncut sapphire"), x: 0, z: 0, level: 0, index: None }
[script livejslgrh_0] interact UseOn { name: "Chisel", kind: "inv", target_name: Some("Uncut sapphire"), x: 0, z: 0, level: 0, index: None }
[script livejslgrh_0] interact UseOn { name: "Chisel", kind: "inv", target_name: Some("Uncut sapphire"), x: 0, z: 0, level: 0, index: None }
[script livejslgrh_0] interact UseOn { name: "Chisel", kind: "inv", target_name: Some("Uncut sapphire"), x: 0, z: 0, level: 0, index: None }
[script livejslgrh_0] interact UseOn { name: "Chisel", kind: "inv", target_name: Some("Uncut sapphire"), x: 0, z: 0, level: 0, index: None }
[script livejslgrh_0] interact UseOn { name: "Chisel", kind: "inv", target_name: Some("Uncut sapphire"), x: 0, z: 0, level: 0, index: None }
[script livejslgrh_0] interact UseOn { name: "Chisel", kind: "inv", target_name: Some("Uncut sapphire"), x: 0, z: 0, level: 0, index: None }
[script livejslgrh_0] interact UseOn { name: "Chisel", kind: "inv", target_name: Some("Uncut sapphire"), x: 0, z: 0, level: 0, index: None }
[script livejslgrh_0] interact UseOn { name: "Chisel", kind: "inv", target_name: Some("Uncut sapphire"), x: 0, z: 0, level: 0, index: None }
[script livejslgrh_0] interact UseOn { name: "Chisel", kind: "inv", target_name: Some("Uncut sapphire"), x: 0, z: 0, level: 0, index: None }
[script livejslgrh_0] interact UseOn { name: "Chisel", kind: "inv", target_name: Some("Uncut sapphire"), x: 0, z: 0, level: 0, index: None }
[script livejslgrh_0] interact UseOn { name: "Chisel", kind: "inv", target_name: Some("Uncut sapphire"), x: 0, z: 0, level: 0, index: None }
[script livejslgrh_0] interact UseOn { name: "Chisel", kind: "inv", target_name: Some("Uncut sapphire"), x: 0, z: 0, level: 0, index: None }
[script livejslgrh_0] interact UseOn { name: "Chisel", kind: "inv", target_name: Some("Uncut sapphire"), x: 0, z: 0, level: 0, index: None }
[script livejslgrh_0] interact UseOn { name: "Chisel", kind: "inv", target_name: Some("Uncut sapphire"), x: 0, z: 0, level: 0, index: None }
[script livejslgrh_0] interact UseOn { name: "Chisel", kind: "inv", target_name: Some("Uncut sapphire"), x: 0, z: 0, level: 0, index: None }
[script livejslgrh_0] interact UseOn { name: "Chisel", kind: "inv", target_name: Some("Uncut sapphire"), x: 0, z: 0, level: 0, index: None }
[script livejslgrh_0] interact UseOn { name: "Chisel", kind: "inv", target_name: Some("Uncut sapphire"), x: 0, z: 0, level: 0, index: None }
[script livejslgrh_0] interact UseOn { name: "Chisel", kind: "inv", target_name: Some("Uncut sapphire"), x: 0, z: 0, level: 0, index: None }
[script livejslgrh_0] interact UseOn { name: "Chisel", kind: "inv", target_name: Some("Uncut sapphire"), x: 0, z: 0, level: 0, index: None }
[script livejslgrh_0] interact UseOn { name: "Chisel", kind: "inv", target_name: Some("Uncut sapphire"), x: 0, z: 0, level: 0, index: None }
[script livejslgrh_0] interact UseOn { name: "Chisel", kind: "inv", target_name: Some("Uncut sapphire"), x: 0, z: 0, level: 0, index: None }
[host] slot livejslgrh_0: d_loop_us=1402 d_raster_us=0 d_observe_us=97784 max_observe_us=9300 d_paints=0 d_skips=50 d_ticks=2 window_ms=1178
[host] slot livejslgrh_0: d_loop_us=1238 d_raster_us=0 d_observe_us=90506 max_observe_us=13533 d_paints=0 d_skips=50 d_ticks=2 window_ms=1184
[script livejslgrh_0] interact UseOn { name: "Chisel", kind: "inv", target_name: Some("Uncut sapphire"), x: 0, z: 0, level: 0, index: None }
[script livejslgrh_0] interact UseOn { name: "Chisel", kind: "inv", target_name: Some("Uncut sapphire"), x: 0, z: 0, level: 0, index: None }
[script livejslgrh_0] interact UseOn { name: "Chisel", kind: "inv", target_name: Some("Uncut sapphire"), x: 0, z: 0, level: 0, index: None }
[script livejslgrh_0] interact UseOn { name: "Chisel", kind: "inv", target_name: Some("Uncut sapphire"), x: 0, z: 0, level: 0, index: None }
[script livejslgrh_0] interact UseOn { name: "Chisel", kind: "inv", target_name: Some("Uncut sapphire"), x: 0, z: 0, level: 0, index: None }
[script livejslgrh_0] interact UseOn { name: "Chisel", kind: "inv", target_name: Some("Uncut sapphire"), x: 0, z: 0, level: 0, index: None }
[script livejslgrh_0] interact UseOn { name: "Chisel", kind: "inv", target_name: Some("Uncut sapphire"), x: 0, z: 0, level: 0, index: None }
[script livejslgrh_0] interact UseOn { name: "Chisel", kind: "inv", target_name: Some("Uncut sapphire"), x: 0, z: 0, level: 0, index: None }
[script livejslgrh_0] interact UseOn { name: "Chisel", kind: "inv", target_name: Some("Uncut sapphire"), x: 0, z: 0, level: 0, index: None }
[script livejslgrh_0] interact UseOn { name: "Chisel", kind: "inv", target_name: Some("Uncut sapphire"), x: 0, z: 0, level: 0, index: None }
[script livejslgrh_0] interact UseOn { name: "Chisel", kind: "inv", target_name: Some("Uncut sapphire"), x: 0, z: 0, level: 0, index: None }
[script livejslgrh_0] interact UseOn { name: "Chisel", kind: "inv", target_name: Some("Uncut sapphire"), x: 0, z: 0, level: 0, index: None }
[script livejslgrh_0] interact UseOn { name: "Chisel", kind: "inv", target_name: Some("Uncut sapphire"), x: 0, z: 0, level: 0, index: None }
[script livejslgrh_0] interact UseOn { name: "Chisel", kind: "inv", target_name: Some("Uncut sapphire"), x: 0, z: 0, level: 0, index: None }
[script livejslgrh_0] interact UseOn { name: "Chisel", kind: "inv", target_name: Some("Uncut sapphire"), x: 0, z: 0, level: 0, index: None }
[script livejslgrh_0] interact UseOn { name: "Chisel", kind: "inv", target_name: Some("Uncut sapphire"), x: 0, z: 0, level: 0, index: None }
[script livejslgrh_0] interact UseOn { name: "Chisel", kind: "inv", target_name: Some("Uncut sapphire"), x: 0, z: 0, level: 0, index: None }
[script livejslgrh_0] interact UseOn { name: "Chisel", kind: "inv", target_name: Some("Uncut sapphire"), x: 0, z: 0, level: 0, index: None }
[script livejslgrh_0] interact UseOn { name: "Chisel", kind: "inv", target_name: Some("Uncut sapphire"), x: 0, z: 0, level: 0, index: None }
[script livejslgrh_0] interact UseOn { name: "Chisel", kind: "inv", target_name: Some("Uncut sapphire"), x: 0, z: 0, level: 0, index: None }
[script livejslgrh_0] interact UseOn { name: "Chisel", kind: "inv", target_name: Some("Uncut sapphire"), x: 0, z: 0, level: 0, index: None }
[script livejslgrh_0] interact UseOn { name: "Chisel", kind: "inv", target_name: Some("Uncut sapphire"), x: 0, z: 0, level: 0, index: None }
[script livejslgrh_0] interact UseOn { name: "Chisel", kind: "inv", target_name: Some("Uncut sapphire"), x: 0, z: 0, level: 0, index: None }
[script livejslgrh_0] interact UseOn { name: "Chisel", kind: "inv", target_name: Some("Uncut sapphire"), x: 0, z: 0, level: 0, index: None }
[script livejslgrh_0] interact UseOn { name: "Chisel", kind: "inv", target_name: Some("Uncut sapphire"), x: 0, z: 0, level: 0, index: None }
[script livejslgrh_0] interact UseOn { name: "Chisel", kind: "inv", target_name: Some("Uncut sapphire"), x: 0, z: 0, level: 0, index: None }
[script livejslgrh_0] interact UseOn { name: "Chisel", kind: "inv", target_name: Some("Uncut sapphire"), x: 0, z: 0, level: 0, index: None }
[script livejslgrh_0] interact UseOn { name: "Chisel", kind: "inv", target_name: Some("Uncut sapphire"), x: 0, z: 0, level: 0, index: None }
[script livejslgrh_0] interact UseOn { name: "Chisel", kind: "inv", target_name: Some("Uncut sapphire"), x: 0, z: 0, level: 0, index: None }
[script livejslgrh_0] interact UseOn { name: "Chisel", kind: "inv", target_name: Some("Uncut sapphire"), x: 0, z: 0, level: 0, index: None }
[script livejslgrh_0] interact UseOn { name: "Chisel", kind: "inv", target_name: Some("Uncut sapphire"), x: 0, z: 0, level: 0, index: None }
[script livejslgrh_0] interact UseOn { name: "Chisel", kind: "inv", target_name: Some("Uncut sapphire"), x: 0, z: 0, level: 0, index: None }
[script livejslgrh_0] interact UseOn { name: "Chisel", kind: "inv", target_name: Some("Uncut sapphire"), x: 0, z: 0, level: 0, index: None }
[script livejslgrh_0] interact UseOn { name: "Chisel", kind: "inv", target_name: Some("Uncut sapphire"), x: 0, z: 0, level: 0, index: None }
[script livejslgrh_0] interact UseOn { name: "Chisel", kind: "inv", target_name: Some("Uncut sapphire"), x: 0, z: 0, level: 0, index: None }
[script livejslgrh_0] interact UseOn { name: "Chisel", kind: "inv", target_name: Some("Uncut sapphire"), x: 0, z: 0, level: 0, index: None }
[script livejslgrh_0] interact UseOn { name: "Chisel", kind: "inv", target_name: Some("Uncut sapphire"), x: 0, z: 0, level: 0, index: None }
[script livejslgrh_0] interact UseOn { name: "Chisel", kind: "inv", target_name: Some("Uncut sapphire"), x: 0, z: 0, level: 0, index: None }
[script livejslgrh_0] interact UseOn { name: "Chisel", kind: "inv", target_name: Some("Uncut sapphire"), x: 0, z: 0, level: 0, index: None }
[script livejslgrh_0] interact UseOn { name: "Chisel", kind: "inv", target_name: Some("Uncut sapphire"), x: 0, z: 0, level: 0, index: None }
[script livejslgrh_0] interact UseOn { name: "Chisel", kind: "inv", target_name: Some("Uncut sapphire"), x: 0, z: 0, level: 0, index: None }
[script livejslgrh_0] interact UseOn { name: "Chisel", kind: "inv", target_name: Some("Uncut sapphire"), x: 0, z: 0, level: 0, index: None }
[script livejslgrh_0] interact UseOn { name: "Chisel", kind: "inv", target_name: Some("Uncut sapphire"), x: 0, z: 0, level: 0, index: None }
[script livejslgrh_0] interact UseOn { name: "Chisel", kind: "inv", target_name: Some("Uncut sapphire"), x: 0, z: 0, level: 0, index: None }
[script livejslgrh_0] interact UseOn { name: "Chisel", kind: "inv", target_name: Some("Uncut sapphire"), x: 0, z: 0, level: 0, index: None }
[script livejslgrh_0] interact UseOn { name: "Chisel", kind: "inv", target_name: Some("Uncut sapphire"), x: 0, z: 0, level: 0, index: None }
[script livejslgrh_0] interact UseOn { name: "Chisel", kind: "inv", target_name: Some("Uncut sapphire"), x: 0, z: 0, level: 0, index: None }
[script livejslgrh_0] interact UseOn { name: "Chisel", kind: "inv", target_name: Some("Uncut sapphire"), x: 0, z: 0, level: 0, index: None }
[script livejslgrh_0] interact UseOn { name: "Chisel", kind: "inv", target_name: Some("Uncut sapphire"), x: 0, z: 0, level: 0, index: None }
[script livejslgrh_0] interact UseOn { name: "Chisel", kind: "inv", target_name: Some("Uncut sapphire"), x: 0, z: 0, level: 0, index: None }
[script livejslgrh_0] interact UseOn { name: "Chisel", kind: "inv", target_name: Some("Uncut sapphire"), x: 0, z: 0, level: 0, index: None }
[script livejslgrh_0] interact UseOn { name: "Chisel", kind: "inv", target_name: Some("Uncut sapphire"), x: 0, z: 0, level: 0, index: None }
[script livejslgrh_0] interact UseOn { name: "Chisel", kind: "inv", target_name: Some("Uncut sapphire"), x: 0, z: 0, level: 0, index: None }
[script livejslgrh_0] interact UseOn { name: "Chisel", kind: "inv", target_name: Some("Uncut sapphire"), x: 0, z: 0, level: 0, index: None }
[script livejslgrh_0] interact UseOn { name: "Chisel", kind: "inv", target_name: Some("Uncut sapphire"), x: 0, z: 0, level: 0, index: None }
[script livejslgrh_0] interact UseOn { name: "Chisel", kind: "inv", target_name: Some("Uncut sapphire"), x: 0, z: 0, level: 0, index: None }
[script livejslgrh_0] interact UseOn { name: "Chisel", kind: "inv", target_name: Some("Uncut sapphire"), x: 0, z: 0, level: 0, index: None }
[script livejslgrh_0] interact UseOn { name: "Chisel", kind: "inv", target_name: Some("Uncut sapphire"), x: 0, z: 0, level: 0, index: None }
[script livejslgrh_0] interact UseOn { name: "Chisel", kind: "inv", target_name: Some("Uncut sapphire"), x: 0, z: 0, level: 0, index: None }
[script livejslgrh_0] interact UseOn { name: "Chisel", kind: "inv", target_name: Some("Uncut sapphire"), x: 0, z: 0, level: 0, index: None }
[host] slot livejslgrh_0: d_loop_us=1304 d_raster_us=0 d_observe_us=99564 max_observe_us=13247 d_paints=0 d_skips=50 d_ticks=2 window_ms=1200
[host] slot livejslgrh_0: d_loop_us=1307 d_raster_us=0 d_observe_us=83499 max_observe_us=8062 d_paints=0 d_skips=50 d_ticks=2 window_ms=1187
[script livejslgrh_0] interact UseOn { name: "Chisel", kind: "inv", target_name: Some("Uncut sapphire"), x: 0, z: 0, level: 0, index: None }
[script livejslgrh_0] interact UseOn { name: "Chisel", kind: "inv", target_name: Some("Uncut sapphire"), x: 0, z: 0, level: 0, index: None }
[script livejslgrh_0] interact UseOn { name: "Chisel", kind: "inv", target_name: Some("Uncut sapphire"), x: 0, z: 0, level: 0, index: None }
[script livejslgrh_0] interact UseOn { name: "Chisel", kind: "inv", target_name: Some("Uncut sapphire"), x: 0, z: 0, level: 0, index: None }
[script livejslgrh_0] interact UseOn { name: "Chisel", kind: "inv", target_name: Some("Uncut sapphire"), x: 0, z: 0, level: 0, index: None }
[script livejslgrh_0] interact UseOn { name: "Chisel", kind: "inv", target_name: Some("Uncut sapphire"), x: 0, z: 0, level: 0, index: None }
[script livejslgrh_0] interact UseOn { name: "Chisel", kind: "inv", target_name: Some("Uncut sapphire"), x: 0, z: 0, level: 0, index: None }
[script livejslgrh_0] interact UseOn { name: "Chisel", kind: "inv", target_name: Some("Uncut sapphire"), x: 0, z: 0, level: 0, index: None }
[script livejslgrh_0] interact UseOn { name: "Chisel", kind: "inv", target_name: Some("Uncut sapphire"), x: 0, z: 0, level: 0, index: None }
[script livejslgrh_0] interact UseOn { name: "Chisel", kind: "inv", target_name: Some("Uncut sapphire"), x: 0, z: 0, level: 0, index: None }
[script livejslgrh_0] interact UseOn { name: "Chisel", kind: "inv", target_name: Some("Uncut sapphire"), x: 0, z: 0, level: 0, index: None }
[script livejslgrh_0] interact UseOn { name: "Chisel", kind: "inv", target_name: Some("Uncut sapphire"), x: 0, z: 0, level: 0, index: None }
[script livejslgrh_0] interact UseOn { name: "Chisel", kind: "inv", target_name: Some("Uncut sapphire"), x: 0, z: 0, level: 0, index: None }
[script livejslgrh_0] interact UseOn { name: "Chisel", kind: "inv", target_name: Some("Uncut sapphire"), x: 0, z: 0, level: 0, index: None }
[script livejslgrh_0] interact UseOn { name: "Chisel", kind: "inv", target_name: Some("Uncut sapphire"), x: 0, z: 0, level: 0, index: None }
[script livejslgrh_0] interact UseOn { name: "Chisel", kind: "inv", target_name: Some("Uncut sapphire"), x: 0, z: 0, level: 0, index: None }
[script livejslgrh_0] interact UseOn { name: "Chisel", kind: "inv", target_name: Some("Uncut sapphire"), x: 0, z: 0, level: 0, index: None }
[script livejslgrh_0] interact UseOn { name: "Chisel", kind: "inv", target_name: Some("Uncut sapphire"), x: 0, z: 0, level: 0, index: None }
[script livejslgrh_0] interact UseOn { name: "Chisel", kind: "inv", target_name: Some("Uncut sapphire"), x: 0, z: 0, level: 0, index: None }
[script livejslgrh_0] interact UseOn { name: "Chisel", kind: "inv", target_name: Some("Uncut sapphire"), x: 0, z: 0, level: 0, index: None }
[script livejslgrh_0] interact UseOn { name: "Chisel", kind: "inv", target_name: Some("Uncut sapphire"), x: 0, z: 0, level: 0, index: None }
[script livejslgrh_0] interact UseOn { name: "Chisel", kind: "inv", target_name: Some("Uncut sapphire"), x: 0, z: 0, level: 0, index: None }
[script livejslgrh_0] interact UseOn { name: "Chisel", kind: "inv", target_name: Some("Uncut sapphire"), x: 0, z: 0, level: 0, index: None }
[script livejslgrh_0] interact UseOn { name: "Chisel", kind: "inv", target_name: Some("Uncut sapphire"), x: 0, z: 0, level: 0, index: None }
[script livejslgrh_0] interact UseOn { name: "Chisel", kind: "inv", target_name: Some("Uncut sapphire"), x: 0, z: 0, level: 0, index: None }
[script livejslgrh_0] interact UseOn { name: "Chisel", kind: "inv", target_name: Some("Uncut sapphire"), x: 0, z: 0, level: 0, index: None }
[script livejslgrh_0] interact UseOn { name: "Chisel", kind: "inv", target_name: Some("Uncut sapphire"), x: 0, z: 0, level: 0, index: None }
[script livejslgrh_0] interact UseOn { name: "Chisel", kind: "inv", target_name: Some("Uncut sapphire"), x: 0, z: 0, level: 0, index: None }
[script livejslgrh_0] interact UseOn { name: "Chisel", kind: "inv", target_name: Some("Uncut sapphire"), x: 0, z: 0, level: 0, index: None }
[script livejslgrh_0] interact UseOn { name: "Chisel", kind: "inv", target_name: Some("Uncut sapphire"), x: 0, z: 0, level: 0, index: None }
[script livejslgrh_0] interact UseOn { name: "Chisel", kind: "inv", target_name: Some("Uncut sapphire"), x: 0, z: 0, level: 0, index: None }
[script livejslgrh_0] interact UseOn { name: "Chisel", kind: "inv", target_name: Some("Uncut sapphire"), x: 0, z: 0, level: 0, index: None }
[script livejslgrh_0] interact UseOn { name: "Chisel", kind: "inv", target_name: Some("Uncut sapphire"), x: 0, z: 0, level: 0, index: None }
[script livejslgrh_0] interact UseOn { name: "Chisel", kind: "inv", target_name: Some("Uncut sapphire"), x: 0, z: 0, level: 0, index: None }
[script livejslgrh_0] interact UseOn { name: "Chisel", kind: "inv", target_name: Some("Uncut sapphire"), x: 0, z: 0, level: 0, index: None }
[script livejslgrh_0] interact UseOn { name: "Chisel", kind: "inv", target_name: Some("Uncut sapphire"), x: 0, z: 0, level: 0, index: None }
[script livejslgrh_0] interact UseOn { name: "Chisel", kind: "inv", target_name: Some("Uncut sapphire"), x: 0, z: 0, level: 0, index: None }
[script livejslgrh_0] interact UseOn { name: "Chisel", kind: "inv", target_name: Some("Uncut sapphire"), x: 0, z: 0, level: 0, index: None }
[script livejslgrh_0] interact UseOn { name: "Chisel", kind: "inv", target_name: Some("Uncut sapphire"), x: 0, z: 0, level: 0, index: None }
[script livejslgrh_0] interact UseOn { name: "Chisel", kind: "inv", target_name: Some("Uncut sapphire"), x: 0, z: 0, level: 0, index: None }
[script livejslgrh_0] interact UseOn { name: "Chisel", kind: "inv", target_name: Some("Uncut sapphire"), x: 0, z: 0, level: 0, index: None }
[script livejslgrh_0] interact UseOn { name: "Chisel", kind: "inv", target_name: Some("Uncut sapphire"), x: 0, z: 0, level: 0, index: None }
[script livejslgrh_0] interact UseOn { name: "Chisel", kind: "inv", target_name: Some("Uncut sapphire"), x: 0, z: 0, level: 0, index: None }
[script livejslgrh_0] interact UseOn { name: "Chisel", kind: "inv", target_name: Some("Uncut sapphire"), x: 0, z: 0, level: 0, index: None }
[script livejslgrh_0] interact UseOn { name: "Chisel", kind: "inv", target_name: Some("Uncut sapphire"), x: 0, z: 0, level: 0, index: None }
[script livejslgrh_0] interact UseOn { name: "Chisel", kind: "inv", target_name: Some("Uncut sapphire"), x: 0, z: 0, level: 0, index: None }
[script livejslgrh_0] interact UseOn { name: "Chisel", kind: "inv", target_name: Some("Uncut sapphire"), x: 0, z: 0, level: 0, index: None }
[script livejslgrh_0] interact UseOn { name: "Chisel", kind: "inv", target_name: Some("Uncut sapphire"), x: 0, z: 0, level: 0, index: None }
[script livejslgrh_0] interact UseOn { name: "Chisel", kind: "inv", target_name: Some("Uncut sapphire"), x: 0, z: 0, level: 0, index: None }
[script livejslgrh_0] interact UseOn { name: "Chisel", kind: "inv", target_name: Some("Uncut sapphire"), x: 0, z: 0, level: 0, index: None }
[script livejslgrh_0] interact UseOn { name: "Chisel", kind: "inv", target_name: Some("Uncut sapphire"), x: 0, z: 0, level: 0, index: None }
[script livejslgrh_0] interact UseOn { name: "Chisel", kind: "inv", target_name: Some("Uncut sapphire"), x: 0, z: 0, level: 0, index: None }
[script livejslgrh_0] interact UseOn { name: "Chisel", kind: "inv", target_name: Some("Uncut sapphire"), x: 0, z: 0, level: 0, index: None }
[script livejslgrh_0] interact UseOn { name: "Chisel", kind: "inv", target_name: Some("Uncut sapphire"), x: 0, z: 0, level: 0, index: None }
[script livejslgrh_0] interact UseOn { name: "Chisel", kind: "inv", target_name: Some("Uncut sapphire"), x: 0, z: 0, level: 0, index: None }
[script livejslgrh_0] interact UseOn { name: "Chisel", kind: "inv", target_name: Some("Uncut sapphire"), x: 0, z: 0, level: 0, index: None }
[script livejslgrh_0] interact UseOn { name: "Chisel", kind: "inv", target_name: Some("Uncut sapphire"), x: 0, z: 0, level: 0, index: None }
[script livejslgrh_0] interact UseOn { name: "Chisel", kind: "inv", target_name: Some("Uncut sapphire"), x: 0, z: 0, level: 0, index: None }
[script livejslgrh_0] interact UseOn { name: "Chisel", kind: "inv", target_name: Some("Uncut sapphire"), x: 0, z: 0, level: 0, index: None }
[script livejslgrh_0] interact UseOn { name: "Chisel", kind: "inv", target_name: Some("Uncut sapphire"), x: 0, z: 0, level: 0, index: None }
[host] slot livejslgrh_0: d_loop_us=1188 d_raster_us=0 d_observe_us=82401 max_observe_us=13851 d_paints=0 d_skips=50 d_ticks=2 window_ms=1196
[script livejslgrh_0] interact UseOn { name: "Chisel", kind: "inv", target_name: Some("Uncut sapphire"), x: 0, z: 0, level: 0, index: None }
[script livejslgrh_0] interact UseOn { name: "Chisel", kind: "inv", target_name: Some("Uncut sapphire"), x: 0, z: 0, level: 0, index: None }
[script livejslgrh_0] interact UseOn { name: "Chisel", kind: "inv", target_name: Some("Uncut sapphire"), x: 0, z: 0, level: 0, index: None }
[script livejslgrh_0] interact UseOn { name: "Chisel", kind: "inv", target_name: Some("Uncut sapphire"), x: 0, z: 0, level: 0, index: None }
[script livejslgrh_0] interact UseOn { name: "Chisel", kind: "inv", target_name: Some("Uncut sapphire"), x: 0, z: 0, level: 0, index: None }
[script livejslgrh_0] interact UseOn { name: "Chisel", kind: "inv", target_name: Some("Uncut sapphire"), x: 0, z: 0, level: 0, index: None }
[script livejslgrh_0] interact UseOn { name: "Chisel", kind: "inv", target_name: Some("Uncut sapphire"), x: 0, z: 0, level: 0, index: None }
[script livejslgrh_0] interact UseOn { name: "Chisel", kind: "inv", target_name: Some("Uncut sapphire"), x: 0, z: 0, level: 0, index: None }
[script livejslgrh_0] interact UseOn { name: "Chisel", kind: "inv", target_name: Some("Uncut sapphire"), x: 0, z: 0, level: 0, index: None }
[script livejslgrh_0] interact UseOn { name: "Chisel", kind: "inv", target_name: Some("Uncut sapphire"), x: 0, z: 0, level: 0, index: None }
[script livejslgrh_0] interact UseOn { name: "Chisel", kind: "inv", target_name: Some("Uncut sapphire"), x: 0, z: 0, level: 0, index: None }
[script livejslgrh_0] interact UseOn { name: "Chisel", kind: "inv", target_name: Some("Uncut sapphire"), x: 0, z: 0, level: 0, index: None }
[script livejslgrh_0] interact UseOn { name: "Chisel", kind: "inv", target_name: Some("Uncut sapphire"), x: 0, z: 0, level: 0, index: None }
[script livejslgrh_0] interact UseOn { name: "Chisel", kind: "inv", target_name: Some("Uncut sapphire"), x: 0, z: 0, level: 0, index: None }
[script livejslgrh_0] interact UseOn { name: "Chisel", kind: "inv", target_name: Some("Uncut sapphire"), x: 0, z: 0, level: 0, index: None }
[script livejslgrh_0] interact UseOn { name: "Chisel", kind: "inv", target_name: Some("Uncut sapphire"), x: 0, z: 0, level: 0, index: None }
[script livejslgrh_0] interact UseOn { name: "Chisel", kind: "inv", target_name: Some("Uncut sapphire"), x: 0, z: 0, level: 0, index: None }
[script livejslgrh_0] interact UseOn { name: "Chisel", kind: "inv", target_name: Some("Uncut sapphire"), x: 0, z: 0, level: 0, index: None }
[script livejslgrh_0] interact UseOn { name: "Chisel", kind: "inv", target_name: Some("Uncut sapphire"), x: 0, z: 0, level: 0, index: None }
[script livejslgrh_0] interact UseOn { name: "Chisel", kind: "inv", target_name: Some("Uncut sapphire"), x: 0, z: 0, level: 0, index: None }
[script livejslgrh_0] interact UseOn { name: "Chisel", kind: "inv", target_name: Some("Uncut sapphire"), x: 0, z: 0, level: 0, index: None }
[script livejslgrh_0] interact UseOn { name: "Chisel", kind: "inv", target_name: Some("Uncut sapphire"), x: 0, z: 0, level: 0, index: None }
[script livejslgrh_0] interact UseOn { name: "Chisel", kind: "inv", target_name: Some("Uncut sapphire"), x: 0, z: 0, level: 0, index: None }
[script livejslgrh_0] interact UseOn { name: "Chisel", kind: "inv", target_name: Some("Uncut sapphire"), x: 0, z: 0, level: 0, index: None }
[script livejslgrh_0] interact UseOn { name: "Chisel", kind: "inv", target_name: Some("Uncut sapphire"), x: 0, z: 0, level: 0, index: None }
[script livejslgrh_0] interact UseOn { name: "Chisel", kind: "inv", target_name: Some("Uncut sapphire"), x: 0, z: 0, level: 0, index: None }
[script livejslgrh_0] interact UseOn { name: "Chisel", kind: "inv", target_name: Some("Uncut sapphire"), x: 0, z: 0, level: 0, index: None }
[script livejslgrh_0] interact UseOn { name: "Chisel", kind: "inv", target_name: Some("Uncut sapphire"), x: 0, z: 0, level: 0, index: None }
[script livejslgrh_0] interact UseOn { name: "Chisel", kind: "inv", target_name: Some("Uncut sapphire"), x: 0, z: 0, level: 0, index: None }
[script livejslgrh_0] interact UseOn { name: "Chisel", kind: "inv", target_name: Some("Uncut sapphire"), x: 0, z: 0, level: 0, index: None }
[script livejslgrh_0] interact UseOn { name: "Chisel", kind: "inv", target_name: Some("Uncut sapphire"), x: 0, z: 0, level: 0, index: None }
[script livejslgrh_0] interact UseOn { name: "Chisel", kind: "inv", target_name: Some("Uncut sapphire"), x: 0, z: 0, level: 0, index: None }
[script livejslgrh_0] interact UseOn { name: "Chisel", kind: "inv", target_name: Some("Uncut sapphire"), x: 0, z: 0, level: 0, index: None }
[script livejslgrh_0] interact UseOn { name: "Chisel", kind: "inv", target_name: Some("Uncut sapphire"), x: 0, z: 0, level: 0, index: None }
[script livejslgrh_0] interact UseOn { name: "Chisel", kind: "inv", target_name: Some("Uncut sapphire"), x: 0, z: 0, level: 0, index: None }
[script livejslgrh_0] interact UseOn { name: "Chisel", kind: "inv", target_name: Some("Uncut sapphire"), x: 0, z: 0, level: 0, index: None }
[script livejslgrh_0] interact UseOn { name: "Chisel", kind: "inv", target_name: Some("Uncut sapphire"), x: 0, z: 0, level: 0, index: None }
[script livejslgrh_0] interact UseOn { name: "Chisel", kind: "inv", target_name: Some("Uncut sapphire"), x: 0, z: 0, level: 0, index: None }
[script livejslgrh_0] interact UseOn { name: "Chisel", kind: "inv", target_name: Some("Uncut sapphire"), x: 0, z: 0, level: 0, index: None }
[script livejslgrh_0] interact UseOn { name: "Chisel", kind: "inv", target_name: Some("Uncut sapphire"), x: 0, z: 0, level: 0, index: None }
[script livejslgrh_0] interact UseOn { name: "Chisel", kind: "inv", target_name: Some("Uncut sapphire"), x: 0, z: 0, level: 0, index: None }
[script livejslgrh_0] interact UseOn { name: "Chisel", kind: "inv", target_name: Some("Uncut sapphire"), x: 0, z: 0, level: 0, index: None }
[script livejslgrh_0] interact UseOn { name: "Chisel", kind: "inv", target_name: Some("Uncut sapphire"), x: 0, z: 0, level: 0, index: None }
[script livejslgrh_0] interact UseOn { name: "Chisel", kind: "inv", target_name: Some("Uncut sapphire"), x: 0, z: 0, level: 0, index: None }
[script livejslgrh_0] interact UseOn { name: "Chisel", kind: "inv", target_name: Some("Uncut sapphire"), x: 0, z: 0, level: 0, index: None }
[script livejslgrh_0] interact UseOn { name: "Chisel", kind: "inv", target_name: Some("Uncut sapphire"), x: 0, z: 0, level: 0, index: None }
[script livejslgrh_0] interact UseOn { name: "Chisel", kind: "inv", target_name: Some("Uncut sapphire"), x: 0, z: 0, level: 0, index: None }
[script livejslgrh_0] interact UseOn { name: "Chisel", kind: "inv", target_name: Some("Uncut sapphire"), x: 0, z: 0, level: 0, index: None }
[script livejslgrh_0] interact UseOn { name: "Chisel", kind: "inv", target_name: Some("Uncut sapphire"), x: 0, z: 0, level: 0, index: None }
[script livejslgrh_0] interact UseOn { name: "Chisel", kind: "inv", target_name: Some("Uncut sapphire"), x: 0, z: 0, level: 0, index: None }
[script livejslgrh_0] interact UseOn { name: "Chisel", kind: "inv", target_name: Some("Uncut sapphire"), x: 0, z: 0, level: 0, index: None }
[script livejslgrh_0] interact UseOn { name: "Chisel", kind: "inv", target_name: Some("Uncut sapphire"), x: 0, z: 0, level: 0, index: None }
[script livejslgrh_0] interact UseOn { name: "Chisel", kind: "inv", target_name: Some("Uncut sapphire"), x: 0, z: 0, level: 0, index: None }
[script livejslgrh_0] interact UseOn { name: "Chisel", kind: "inv", target_name: Some("Uncut sapphire"), x: 0, z: 0, level: 0, index: None }
[script livejslgrh_0] interact UseOn { name: "Chisel", kind: "inv", target_name: Some("Uncut sapphire"), x: 0, z: 0, level: 0, index: None }
[script livejslgrh_0] interact UseOn { name: "Chisel", kind: "inv", target_name: Some("Uncut sapphire"), x: 0, z: 0, level: 0, index: None }
[script livejslgrh_0] interact UseOn { name: "Chisel", kind: "inv", target_name: Some("Uncut sapphire"), x: 0, z: 0, level: 0, index: None }
[script livejslgrh_0] interact UseOn { name: "Chisel", kind: "inv", target_name: Some("Uncut sapphire"), x: 0, z: 0, level: 0, index: None }
[script livejslgrh_0] interact UseOn { name: "Chisel", kind: "inv", target_name: Some("Uncut sapphire"), x: 0, z: 0, level: 0, index: None }
[script livejslgrh_0] interact UseOn { name: "Chisel", kind: "inv", target_name: Some("Uncut sapphire"), x: 0, z: 0, level: 0, index: None }
[host] slot livejslgrh_0: d_loop_us=1614 d_raster_us=0 d_observe_us=103670 max_observe_us=11275 d_paints=0 d_skips=50 d_ticks=2 window_ms=1178
[host] slot livejslgrh_0: d_loop_us=1511 d_raster_us=0 d_observe_us=97210 max_observe_us=14132 d_paints=0 d_skips=50 d_ticks=2 window_ms=1187
[script livejslgrh_0] interact UseOn { name: "Chisel", kind: "inv", target_name: Some("Uncut sapphire"), x: 0, z: 0, level: 0, index: None }
[script livejslgrh_0] interact UseOn { name: "Chisel", kind: "inv", target_name: Some("Uncut sapphire"), x: 0, z: 0, level: 0, index: None }
[script livejslgrh_0] interact UseOn { name: "Chisel", kind: "inv", target_name: Some("Uncut sapphire"), x: 0, z: 0, level: 0, index: None }
[script livejslgrh_0] interact UseOn { name: "Chisel", kind: "inv", target_name: Some("Uncut sapphire"), x: 0, z: 0, level: 0, index: None }
[script livejslgrh_0] interact UseOn { name: "Chisel", kind: "inv", target_name: Some("Uncut sapphire"), x: 0, z: 0, level: 0, index: None }
[script livejslgrh_0] interact UseOn { name: "Chisel", kind: "inv", target_name: Some("Uncut sapphire"), x: 0, z: 0, level: 0, index: None }
[script livejslgrh_0] interact UseOn { name: "Chisel", kind: "inv", target_name: Some("Uncut sapphire"), x: 0, z: 0, level: 0, index: None }
[script livejslgrh_0] interact UseOn { name: "Chisel", kind: "inv", target_name: Some("Uncut sapphire"), x: 0, z: 0, level: 0, index: None }
[script livejslgrh_0] interact UseOn { name: "Chisel", kind: "inv", target_name: Some("Uncut sapphire"), x: 0, z: 0, level: 0, index: None }
[script livejslgrh_0] interact UseOn { name: "Chisel", kind: "inv", target_name: Some("Uncut sapphire"), x: 0, z: 0, level: 0, index: None }
[script livejslgrh_0] interact UseOn { name: "Chisel", kind: "inv", target_name: Some("Uncut sapphire"), x: 0, z: 0, level: 0, index: None }
[script livejslgrh_0] interact UseOn { name: "Chisel", kind: "inv", target_name: Some("Uncut sapphire"), x: 0, z: 0, level: 0, index: None }
[script livejslgrh_0] interact UseOn { name: "Chisel", kind: "inv", target_name: Some("Uncut sapphire"), x: 0, z: 0, level: 0, index: None }
[script livejslgrh_0] interact UseOn { name: "Chisel", kind: "inv", target_name: Some("Uncut sapphire"), x: 0, z: 0, level: 0, index: None }
[script livejslgrh_0] interact UseOn { name: "Chisel", kind: "inv", target_name: Some("Uncut sapphire"), x: 0, z: 0, level: 0, index: None }
[script livejslgrh_0] interact UseOn { name: "Chisel", kind: "inv", target_name: Some("Uncut sapphire"), x: 0, z: 0, level: 0, index: None }
[script livejslgrh_0] interact UseOn { name: "Chisel", kind: "inv", target_name: Some("Uncut sapphire"), x: 0, z: 0, level: 0, index: None }
[script livejslgrh_0] interact UseOn { name: "Chisel", kind: "inv", target_name: Some("Uncut sapphire"), x: 0, z: 0, level: 0, index: None }
[script livejslgrh_0] interact UseOn { name: "Chisel", kind: "inv", target_name: Some("Uncut sapphire"), x: 0, z: 0, level: 0, index: None }
[script livejslgrh_0] interact UseOn { name: "Chisel", kind: "inv", target_name: Some("Uncut sapphire"), x: 0, z: 0, level: 0, index: None }
[script livejslgrh_0] interact UseOn { name: "Chisel", kind: "inv", target_name: Some("Uncut sapphire"), x: 0, z: 0, level: 0, index: None }
[script livejslgrh_0] interact UseOn { name: "Chisel", kind: "inv", target_name: Some("Uncut sapphire"), x: 0, z: 0, level: 0, index: None }
[script livejslgrh_0] interact UseOn { name: "Chisel", kind: "inv", target_name: Some("Uncut sapphire"), x: 0, z: 0, level: 0, index: None }
[script livejslgrh_0] interact UseOn { name: "Chisel", kind: "inv", target_name: Some("Uncut sapphire"), x: 0, z: 0, level: 0, index: None }
[script livejslgrh_0] interact UseOn { name: "Chisel", kind: "inv", target_name: Some("Uncut sapphire"), x: 0, z: 0, level: 0, index: None }
[script livejslgrh_0] interact UseOn { name: "Chisel", kind: "inv", target_name: Some("Uncut sapphire"), x: 0, z: 0, level: 0, index: None }
[script livejslgrh_0] interact UseOn { name: "Chisel", kind: "inv", target_name: Some("Uncut sapphire"), x: 0, z: 0, level: 0, index: None }
[script livejslgrh_0] interact UseOn { name: "Chisel", kind: "inv", target_name: Some("Uncut sapphire"), x: 0, z: 0, level: 0, index: None }
[script livejslgrh_0] interact UseOn { name: "Chisel", kind: "inv", target_name: Some("Uncut sapphire"), x: 0, z: 0, level: 0, index: None }
[script livejslgrh_0] interact UseOn { name: "Chisel", kind: "inv", target_name: Some("Uncut sapphire"), x: 0, z: 0, level: 0, index: None }
[script livejslgrh_0] interact UseOn { name: "Chisel", kind: "inv", target_name: Some("Uncut sapphire"), x: 0, z: 0, level: 0, index: None }
[script livejslgrh_0] interact UseOn { name: "Chisel", kind: "inv", target_name: Some("Uncut sapphire"), x: 0, z: 0, level: 0, index: None }
[script livejslgrh_0] interact UseOn { name: "Chisel", kind: "inv", target_name: Some("Uncut sapphire"), x: 0, z: 0, level: 0, index: None }
[script livejslgrh_0] interact UseOn { name: "Chisel", kind: "inv", target_name: Some("Uncut sapphire"), x: 0, z: 0, level: 0, index: None }
[script livejslgrh_0] interact UseOn { name: "Chisel", kind: "inv", target_name: Some("Uncut sapphire"), x: 0, z: 0, level: 0, index: None }
[script livejslgrh_0] interact UseOn { name: "Chisel", kind: "inv", target_name: Some("Uncut sapphire"), x: 0, z: 0, level: 0, index: None }
[script livejslgrh_0] interact UseOn { name: "Chisel", kind: "inv", target_name: Some("Uncut sapphire"), x: 0, z: 0, level: 0, index: None }
[script livejslgrh_0] interact UseOn { name: "Chisel", kind: "inv", target_name: Some("Uncut sapphire"), x: 0, z: 0, level: 0, index: None }
[script livejslgrh_0] interact UseOn { name: "Chisel", kind: "inv", target_name: Some("Uncut sapphire"), x: 0, z: 0, level: 0, index: None }
[script livejslgrh_0] interact UseOn { name: "Chisel", kind: "inv", target_name: Some("Uncut sapphire"), x: 0, z: 0, level: 0, index: None }
[script livejslgrh_0] interact UseOn { name: "Chisel", kind: "inv", target_name: Some("Uncut sapphire"), x: 0, z: 0, level: 0, index: None }
[script livejslgrh_0] interact UseOn { name: "Chisel", kind: "inv", target_name: Some("Uncut sapphire"), x: 0, z: 0, level: 0, index: None }
[script livejslgrh_0] interact UseOn { name: "Chisel", kind: "inv", target_name: Some("Uncut sapphire"), x: 0, z: 0, level: 0, index: None }
[script livejslgrh_0] interact UseOn { name: "Chisel", kind: "inv", target_name: Some("Uncut sapphire"), x: 0, z: 0, level: 0, index: None }
[script livejslgrh_0] interact UseOn { name: "Chisel", kind: "inv", target_name: Some("Uncut sapphire"), x: 0, z: 0, level: 0, index: None }
[script livejslgrh_0] interact UseOn { name: "Chisel", kind: "inv", target_name: Some("Uncut sapphire"), x: 0, z: 0, level: 0, index: None }
[script livejslgrh_0] interact UseOn { name: "Chisel", kind: "inv", target_name: Some("Uncut sapphire"), x: 0, z: 0, level: 0, index: None }
[script livejslgrh_0] interact UseOn { name: "Chisel", kind: "inv", target_name: Some("Uncut sapphire"), x: 0, z: 0, level: 0, index: None }
[script livejslgrh_0] interact UseOn { name: "Chisel", kind: "inv", target_name: Some("Uncut sapphire"), x: 0, z: 0, level: 0, index: None }
[script livejslgrh_0] interact UseOn { name: "Chisel", kind: "inv", target_name: Some("Uncut sapphire"), x: 0, z: 0, level: 0, index: None }
[script livejslgrh_0] interact UseOn { name: "Chisel", kind: "inv", target_name: Some("Uncut sapphire"), x: 0, z: 0, level: 0, index: None }
[script livejslgrh_0] interact UseOn { name: "Chisel", kind: "inv", target_name: Some("Uncut sapphire"), x: 0, z: 0, level: 0, index: None }
[script livejslgrh_0] interact UseOn { name: "Chisel", kind: "inv", target_name: Some("Uncut sapphire"), x: 0, z: 0, level: 0, index: None }
[script livejslgrh_0] interact UseOn { name: "Chisel", kind: "inv", target_name: Some("Uncut sapphire"), x: 0, z: 0, level: 0, index: None }
[script livejslgrh_0] interact UseOn { name: "Chisel", kind: "inv", target_name: Some("Uncut sapphire"), x: 0, z: 0, level: 0, index: None }
[script livejslgrh_0] interact UseOn { name: "Chisel", kind: "inv", target_name: Some("Uncut sapphire"), x: 0, z: 0, level: 0, index: None }
[script livejslgrh_0] interact UseOn { name: "Chisel", kind: "inv", target_name: Some("Uncut sapphire"), x: 0, z: 0, level: 0, index: None }
[script livejslgrh_0] interact UseOn { name: "Chisel", kind: "inv", target_name: Some("Uncut sapphire"), x: 0, z: 0, level: 0, index: None }
[script livejslgrh_0] interact UseOn { name: "Chisel", kind: "inv", target_name: Some("Uncut sapphire"), x: 0, z: 0, level: 0, index: None }
[script livejslgrh_0] interact UseOn { name: "Chisel", kind: "inv", target_name: Some("Uncut sapphire"), x: 0, z: 0, level: 0, index: None }
[host] slot livejslgrh_0: d_loop_us=1286 d_raster_us=0 d_observe_us=86429 max_observe_us=13042 d_paints=0 d_skips=50 d_ticks=2 window_ms=1197
[script livejslgrh_0] interact OpenBooth { x: 3186, z: 3440, level: 0, id: 2213, name: None, action: None }
[host] slot livejslgrh_0: d_loop_us=1294 d_raster_us=0 d_observe_us=95992 max_observe_us=10749 d_paints=0 d_skips=50 d_ticks=2 window_ms=1200
[script livejslgrh_0] bank opened, starting withdraw/deposit cycle
[script livejslgrh_0] depositing inventory (keeping chisel)
[host] slot livejslgrh_0: d_loop_us=912 d_raster_us=0 d_observe_us=49295 max_observe_us=6694 d_paints=0 d_skips=50 d_ticks=2 window_ms=1206
[script livejslgrh_0] trying to withdraw 27 Sapphire (have 0)
[host] slot livejslgrh_0: d_loop_us=817 d_raster_us=0 d_observe_us=39006 max_observe_us=7327 d_paints=0 d_skips=50 d_ticks=2 window_ms=1198
[script livejslgrh_0] withdrew 1 Sapphire
[script livejslgrh_0] got gems, closing bank
[script livejslgrh_0] interact Close
[shim-close] sent
[script livejslgrh_0] banked @ Bank booth: gave 0 items, took 1 uncut gems
[host] slot livejslgrh_0: d_loop_us=772 d_raster_us=0 d_observe_us=38123 max_observe_us=6267 d_paints=0 d_skips=50 d_ticks=2 window_ms=1217
[script livejslgrh_0] interact UseOn { name: "Chisel", kind: "inv", target_name: Some("Uncut sapphire"), x: 0, z: 0, level: 0, index: None }
[script livejslgrh_0] interact UseOn { name: "Chisel", kind: "inv", target_name: Some("Uncut sapphire"), x: 0, z: 0, level: 0, index: None }
[script livejslgrh_0] interact UseOn { name: "Chisel", kind: "inv", target_name: Some("Uncut sapphire"), x: 0, z: 0, level: 0, index: None }
[script livejslgrh_0] interact UseOn { name: "Chisel", kind: "inv", target_name: Some("Uncut sapphire"), x: 0, z: 0, level: 0, index: None }
[script livejslgrh_0] interact UseOn { name: "Chisel", kind: "inv", target_name: Some("Uncut sapphire"), x: 0, z: 0, level: 0, index: None }
[script livejslgrh_0] interact UseOn { name: "Chisel", kind: "inv", target_name: Some("Uncut sapphire"), x: 0, z: 0, level: 0, index: None }
[script livejslgrh_0] interact UseOn { name: "Chisel", kind: "inv", target_name: Some("Uncut sapphire"), x: 0, z: 0, level: 0, index: None }
[script livejslgrh_0] interact UseOn { name: "Chisel", kind: "inv", target_name: Some("Uncut sapphire"), x: 0, z: 0, level: 0, index: None }
[script livejslgrh_0] interact UseOn { name: "Chisel", kind: "inv", target_name: Some("Uncut sapphire"), x: 0, z: 0, level: 0, index: None }
[script livejslgrh_0] interact UseOn { name: "Chisel", kind: "inv", target_name: Some("Uncut sapphire"), x: 0, z: 0, level: 0, index: None }
[script livejslgrh_0] interact UseOn { name: "Chisel", kind: "inv", target_name: Some("Uncut sapphire"), x: 0, z: 0, level: 0, index: None }
[script livejslgrh_0] interact UseOn { name: "Chisel", kind: "inv", target_name: Some("Uncut sapphire"), x: 0, z: 0, level: 0, index: None }
[script livejslgrh_0] interact UseOn { name: "Chisel", kind: "inv", target_name: Some("Uncut sapphire"), x: 0, z: 0, level: 0, index: None }
[script livejslgrh_0] interact UseOn { name: "Chisel", kind: "inv", target_name: Some("Uncut sapphire"), x: 0, z: 0, level: 0, index: None }
[script livejslgrh_0] interact UseOn { name: "Chisel", kind: "inv", target_name: Some("Uncut sapphire"), x: 0, z: 0, level: 0, index: None }
[script livejslgrh_0] interact UseOn { name: "Chisel", kind: "inv", target_name: Some("Uncut sapphire"), x: 0, z: 0, level: 0, index: None }
[script livejslgrh_0] interact UseOn { name: "Chisel", kind: "inv", target_name: Some("Uncut sapphire"), x: 0, z: 0, level: 0, index: None }
[script livejslgrh_0] interact UseOn { name: "Chisel", kind: "inv", target_name: Some("Uncut sapphire"), x: 0, z: 0, level: 0, index: None }
[script livejslgrh_0] interact UseOn { name: "Chisel", kind: "inv", target_name: Some("Uncut sapphire"), x: 0, z: 0, level: 0, index: None }
[script livejslgrh_0] interact UseOn { name: "Chisel", kind: "inv", target_name: Some("Uncut sapphire"), x: 0, z: 0, level: 0, index: None }
[script livejslgrh_0] interact UseOn { name: "Chisel", kind: "inv", target_name: Some("Uncut sapphire"), x: 0, z: 0, level: 0, index: None }
[script livejslgrh_0] interact UseOn { name: "Chisel", kind: "inv", target_name: Some("Uncut sapphire"), x: 0, z: 0, level: 0, index: None }
[script livejslgrh_0] interact UseOn { name: "Chisel", kind: "inv", target_name: Some("Uncut sapphire"), x: 0, z: 0, level: 0, index: None }
[script livejslgrh_0] interact UseOn { name: "Chisel", kind: "inv", target_name: Some("Uncut sapphire"), x: 0, z: 0, level: 0, index: None }
[script livejslgrh_0] interact UseOn { name: "Chisel", kind: "inv", target_name: Some("Uncut sapphire"), x: 0, z: 0, level: 0, index: None }
[script livejslgrh_0] interact UseOn { name: "Chisel", kind: "inv", target_name: Some("Uncut sapphire"), x: 0, z: 0, level: 0, index: None }
[script livejslgrh_0] interact UseOn { name: "Chisel", kind: "inv", target_name: Some("Uncut sapphire"), x: 0, z: 0, level: 0, index: None }
[script livejslgrh_0] interact UseOn { name: "Chisel", kind: "inv", target_name: Some("Uncut sapphire"), x: 0, z: 0, level: 0, index: None }
[script livejslgrh_0] interact UseOn { name: "Chisel", kind: "inv", target_name: Some("Uncut sapphire"), x: 0, z: 0, level: 0, index: None }
[script livejslgrh_0] interact UseOn { name: "Chisel", kind: "inv", target_name: Some("Uncut sapphire"), x: 0, z: 0, level: 0, index: None }
[script livejslgrh_0] interact UseOn { name: "Chisel", kind: "inv", target_name: Some("Uncut sapphire"), x: 0, z: 0, level: 0, index: None }
[script livejslgrh_0] interact UseOn { name: "Chisel", kind: "inv", target_name: Some("Uncut sapphire"), x: 0, z: 0, level: 0, index: None }
[script livejslgrh_0] interact UseOn { name: "Chisel", kind: "inv", target_name: Some("Uncut sapphire"), x: 0, z: 0, level: 0, index: None }
[script livejslgrh_0] interact UseOn { name: "Chisel", kind: "inv", target_name: Some("Uncut sapphire"), x: 0, z: 0, level: 0, index: None }
[script livejslgrh_0] interact UseOn { name: "Chisel", kind: "inv", target_name: Some("Uncut sapphire"), x: 0, z: 0, level: 0, index: None }
[script livejslgrh_0] interact UseOn { name: "Chisel", kind: "inv", target_name: Some("Uncut sapphire"), x: 0, z: 0, level: 0, index: None }
[script livejslgrh_0] interact UseOn { name: "Chisel", kind: "inv", target_name: Some("Uncut sapphire"), x: 0, z: 0, level: 0, index: None }
[script livejslgrh_0] interact UseOn { name: "Chisel", kind: "inv", target_name: Some("Uncut sapphire"), x: 0, z: 0, level: 0, index: None }
[script livejslgrh_0] interact UseOn { name: "Chisel", kind: "inv", target_name: Some("Uncut sapphire"), x: 0, z: 0, level: 0, index: None }
[script livejslgrh_0] interact UseOn { name: "Chisel", kind: "inv", target_name: Some("Uncut sapphire"), x: 0, z: 0, level: 0, index: None }
[script livejslgrh_0] interact UseOn { name: "Chisel", kind: "inv", target_name: Some("Uncut sapphire"), x: 0, z: 0, level: 0, index: None }
[script livejslgrh_0] interact UseOn { name: "Chisel", kind: "inv", target_name: Some("Uncut sapphire"), x: 0, z: 0, level: 0, index: None }
[script livejslgrh_0] interact UseOn { name: "Chisel", kind: "inv", target_name: Some("Uncut sapphire"), x: 0, z: 0, level: 0, index: None }
[script livejslgrh_0] interact UseOn { name: "Chisel", kind: "inv", target_name: Some("Uncut sapphire"), x: 0, z: 0, level: 0, index: None }
[script livejslgrh_0] interact UseOn { name: "Chisel", kind: "inv", target_name: Some("Uncut sapphire"), x: 0, z: 0, level: 0, index: None }
[script livejslgrh_0] interact UseOn { name: "Chisel", kind: "inv", target_name: Some("Uncut sapphire"), x: 0, z: 0, level: 0, index: None }
[script livejslgrh_0] interact UseOn { name: "Chisel", kind: "inv", target_name: Some("Uncut sapphire"), x: 0, z: 0, level: 0, index: None }
[script livejslgrh_0] interact UseOn { name: "Chisel", kind: "inv", target_name: Some("Uncut sapphire"), x: 0, z: 0, level: 0, index: None }
[script livejslgrh_0] interact UseOn { name: "Chisel", kind: "inv", target_name: Some("Uncut sapphire"), x: 0, z: 0, level: 0, index: None }
[script livejslgrh_0] interact UseOn { name: "Chisel", kind: "inv", target_name: Some("Uncut sapphire"), x: 0, z: 0, level: 0, index: None }
[script livejslgrh_0] interact UseOn { name: "Chisel", kind: "inv", target_name: Some("Uncut sapphire"), x: 0, z: 0, level: 0, index: None }
[script livejslgrh_0] interact UseOn { name: "Chisel", kind: "inv", target_name: Some("Uncut sapphire"), x: 0, z: 0, level: 0, index: None }
[script livejslgrh_0] interact UseOn { name: "Chisel", kind: "inv", target_name: Some("Uncut sapphire"), x: 0, z: 0, level: 0, index: None }
[script livejslgrh_0] interact UseOn { name: "Chisel", kind: "inv", target_name: Some("Uncut sapphire"), x: 0, z: 0, level: 0, index: None }
[script livejslgrh_0] interact UseOn { name: "Chisel", kind: "inv", target_name: Some("Uncut sapphire"), x: 0, z: 0, level: 0, index: None }
[script livejslgrh_0] interact UseOn { name: "Chisel", kind: "inv", target_name: Some("Uncut sapphire"), x: 0, z: 0, level: 0, index: None }
[script livejslgrh_0] interact UseOn { name: "Chisel", kind: "inv", target_name: Some("Uncut sapphire"), x: 0, z: 0, level: 0, index: None }
[script livejslgrh_0] interact UseOn { name: "Chisel", kind: "inv", target_name: Some("Uncut sapphire"), x: 0, z: 0, level: 0, index: None }
[script livejslgrh_0] interact UseOn { name: "Chisel", kind: "inv", target_name: Some("Uncut sapphire"), x: 0, z: 0, level: 0, index: None }
[script livejslgrh_0] interact UseOn { name: "Chisel", kind: "inv", target_name: Some("Uncut sapphire"), x: 0, z: 0, level: 0, index: None }
PASS: catalog_boundary_live: {"scenario":"gem_cutter","runner":"Some(Evidence { scenario: \"gem_cutter\", outcome: \"PASS\", predicate: \"stat_xp_gain(12)>=2\", ticks: 172, elapsed_ms: 104539, message: None, tile: Some([3185, 3440, 0]), inv: [InvRow { id: 1755, name: Some(\"Chisel\"), count: 1 }, InvRow { id: 1607, name: Some(\"Sapphire\"), count: 1 }], stat: Some(StatRow { runenergy: 100 }), chat: [ChatRow { text: \"You cut the Sapphire.\", username: None }, ChatRow { text: \"You cut the Sapphire.\", username: None }, ChatRow { text: \"You cut the Sapphire.\", username: None }, ChatRow { text: \"You cut the Sapphire.\", username: None }, ChatRow { text: \"Congratulations, you just advanced a crafting level.\", username: None }, ChatRow { text: \"You cut the Sapphire.\", username: None }, ChatRow { text: \"You cut the Sapphire.\", username: None }, ChatRow { text: \"You cut the Sapphire.\", username: None }, ChatRow { text: \"You cut the Sapphire.\", username: None }, ChatRow { text: \"You cut the Sapphire.\", username: None }, ChatRow { text: \"You cut the Sapphire.\", username: None }, ChatRow { text: \"You cut the Sapphire.\", username: None }, ChatRow { text: \"You cut the Sapphire.\", username: None }, ChatRow { text: \"You cut the Sapphire.\", username: None }, ChatRow { text: \"You cut the Sapphire.\", username: None }, ChatRow { text: \"You cut the Sapphire.\", username: None }, ChatRow { text: \"You cut the Sapphire.\", username: None }, ChatRow { text: \"You cut the Sapphire.\", username: None }, ChatRow { text: \"Congratulations, you just advanced a crafting level.\", username: None }, ChatRow { text: \"You cut the Sapphire.\", username: None }, ChatRow { text: \"You cut the Sapphire.\", username: None }, ChatRow { text: \"You cut the Sapphire.\", username: None }, ChatRow { text: \"You cut the Sapphire.\", username: None }, ChatRow { text: \"You cut the Sapphire.\", username: None }, ChatRow { text: \"You cut the Sapphire.\", username: None }, ChatRow { text: \"You cut the Sapphire.\", username: None }, ChatRow { text: \"You cut the Sapphire.\", username: None }, ChatRow { text: \"You cut the Sapphire.\", username: None }, ChatRow { text: \"You cut the Sapphire.\", username: None }, ChatRow { text: \"You cut the Sapphire.\", username: None }, ChatRow { text: \"Inventory wiped.\", username: None }, ChatRow { text: \"set tutorial: to 1000\", username: None }, ChatRow { text: \"Welcome to RuneScape.\", username: None }], scene: 2 })","core":{"case":"gem_cutter","baseline":{"ingame":true,"scene_state":2,"player":"Livejslgrh 0","tile":[3185,3440,0],"tick":28,"items":{},"item_ids":{},"bank":{},"bank_ids":{},"bank_open":false,"bank_loaded":false,"bank_generation":2,"levels":{"-unused-":0,"agility":1,"attack":1,"cooking":1,"crafting":20,"defence":1,"firemaking":1,"fishing":1,"fletching":1,"herblore":1,"hitpoints":10,"magic":1,"mining":1,"prayer":1,"ranged":1,"runecraft":1,"slayer":1,"smithing":1,"strength":1,"thieving":1,"woodcutting":1},"xp":{"-unused-":0,"agility":0,"attack":0,"cooking":0,"crafting":4470,"defence":0,"firemaking":0,"fishing":0,"fletching":0,"herblore":0,"hitpoints":1154,"magic":0,"mining":0,"prayer":0,"ranged":0,"runecraft":0,"slayer":0,"smithing":0,"strength":0,"thieving":0,"woodcutting":0},"chat":[[7,"Inventory wiped."],[6,"set tutorial: to 1000"],[5,"Welcome to RuneScape."]]},"latest":{"ingame":true,"scene_state":2,"player":"Livejslgrh 0","tile":[3185,3440,0],"tick":136,"items":{"Chisel":1,"Sapphire":1},"item_ids":{"1607":1,"1755":1},"bank":{},"bank_ids":{},"bank_open":false,"bank_loaded":false,"bank_generation":6,"levels":{"-unused-":0,"agility":1,"attack":1,"cooking":1,"crafting":22,"defence":1,"firemaking":1,"fishing":1,"fletching":1,"herblore":1,"hitpoints":10,"magic":1,"mining":1,"prayer":1,"ranged":1,"runecraft":1,"slayer":1,"smithing":1,"strength":1,"thieving":1,"woodcutting":1},"xp":{"-unused-":0,"agility":0,"attack":0,"cooking":0,"crafting":5870,"defence":0,"firemaking":0,"fishing":0,"fletching":0,"herblore":0,"hitpoints":1154,"magic":0,"mining":0,"prayer":0,"ranged":0,"runecraft":0,"slayer":0,"smithing":0,"strength":0,"thieving":0,"woodcutting":0},"chat":[[37,"You cut the Sapphire."],[36,"You cut the Sapphire."],[35,"You cut the Sapphire."],[34,"You cut the Sapphire."],[33,"Congratulations, you just advanced a crafting level."],[32,"You cut the Sapphire."],[31,"You cut the Sapphire."],[30,"You cut the Sapphire."],[29,"You cut the Sapphire."],[28,"You cut the Sapphire."],[27,"You cut the Sapphire."],[26,"You cut the Sapphire."],[25,"You cut the Sapphire."],[24,"You cut the Sapphire."],[23,"You cut the Sapphire."],[22,"You cut the Sapphire."],[21,"You cut the Sapphire."],[20,"You cut the Sapphire."],[19,"Congratulations, you just advanced a crafting level."],[18,"You cut the Sapphire."],[17,"You cut the Sapphire."],[16,"You cut the Sapphire."],[15,"You cut the Sapphire."],[14,"You cut the Sapphire."],[13,"You cut the Sapphire."],[12,"You cut the Sapphire."],[11,"You cut the Sapphire."],[10,"You cut the Sapphire."],[9,"You cut the Sapphire."],[8,"You cut the Sapphire."],[7,"Inventory wiped."],[6,"set tutorial: to 1000"],[5,"Welcome to RuneScape."]]},"max_items":{"Chisel":1,"Sapphire":27,"Uncut sapphire":27},"max_xp":{"-unused-":0,"agility":0,"attack":0,"cooking":0,"crafting":5870,"defence":0,"firemaking":0,"fishing":0,"fletching":0,"herblore":0,"hitpoints":1154,"magic":0,"mining":0,"prayer":0,"ranged":0,"runecraft":0,"slayer":0,"smithing":0,"strength":0,"thieving":0,"woodcutting":0},"saw_bury_chat":false,"post_start_observations":2694,"bone_bank_cycle":{"first_batch_buried":false,"opened":null,"withdrawn":null,"buried_after_withdrawal":false},"bank_fletcher_cycle":{"first_pack_created":false,"deposited":null,"withdrawn":null,"crafted_after_withdrawal":false},"bank_fletcher_string_cycle":{"initial_pairs_strung":false,"deposited":null,"withdrawn":null,"strung_after_withdrawal":false},"bank_fletcher_cut_string_cycle":{"cut_pair_created":false,"deposited":null,"withdrawn":null,"string_pair_created":false},"alcher_generated_custom_cycle":{"withdrawn":null,"consumed":false},"dart_fletcher_cycle":{"first":null,"further":false,"wrong_tier":false},"herb_cleaner_cycle":{"first_pack":false,"deposited":null,"withdrawn":null,"cleaned_after_withdrawal":false,"filter_violated":false},"gem_cutter_cycle":{"first_pack":true,"deposited":{"ingame":true,"scene_state":2,"player":"Livejslgrh 0","tile":[3185,3440,0],"tick":131,"items":{"Chisel":1},"item_ids":{"1755":1},"bank":{"Sapphire":27,"Uncut sapphire":1},"bank_ids":{"1607":27,"1623":1},"bank_open":true,"bank_loaded":true,"bank_generation":5,"levels":{"-unused-":0,"agility":1,"attack":1,"cooking":1,"crafting":22,"defence":1,"firemaking":1,"fishing":1,"fletching":1,"herblore":1,"hitpoints":10,"magic":1,"mining":1,"prayer":1,"ranged":1,"runecraft":1,"slayer":1,"smithing":1,"strength":1,"thieving":1,"woodcutting":1},"xp":{"-unused-":0,"agility":0,"attack":0,"cooking":0,"crafting":5820,"defence":0,"firemaking":0,"fishing":0,"fletching":0,"herblore":0,"hitpoints":1154,"magic":0,"mining":0,"prayer":0,"ranged":0,"runecraft":0,"slayer":0,"smithing":0,"strength":0,"thieving":0,"woodcutting":0},"chat":[[36,"You cut the Sapphire."],[35,"You cut the Sapphire."],[34,"You cut the Sapphire."],[33,"Congratulations, you just advanced a crafting level."],[32,"You cut the Sapphire."],[31,"You cut the Sapphire."],[30,"You cut the Sapphire."],[29,"You cut the Sapphire."],[28,"You cut the Sapphire."],[27,"You cut the Sapphire."],[26,"You cut the Sapphire."],[25,"You cut the Sapphire."],[24,"You cut the Sapphire."],[23,"You cut the Sapphire."],[22,"You cut the Sapphire."],[21,"You cut the Sapphire."],[20,"You cut the Sapphire."],[19,"Congratulations, you just advanced a crafting level."],[18,"You cut the Sapphire."],[17,"You cut the Sapphire."],[16,"You cut the Sapphire."],[15,"You cut the Sapphire."],[14,"You cut the Sapphire."],[13,"You cut the Sapphire."],[12,"You cut the Sapphire."],[11,"You cut the Sapphire."],[10,"You cut the Sapphire."],[9,"You cut the Sapphire."],[8,"You cut the Sapphire."],[7,"Inventory wiped."],[6,"set tutorial: to 1000"],[5,"Welcome to RuneScape."]]},"withdrawn":{"ingame":true,"scene_state":2,"player":"Livejslgrh 0","tile":[3185,3440,0],"tick":133,"items":{"Chisel":1,"Uncut sapphire":1},"item_ids":{"1623":1,"1755":1},"bank":{"Sapphire":27},"bank_ids":{"1607":27},"bank_open":true,"bank_loaded":true,"bank_generation":5,"levels":{"-unused-":0,"agility":1,"attack":1,"cooking":1,"crafting":22,"defence":1,"firemaking":1,"fishing":1,"fletching":1,"herblore":1,"hitpoints":10,"magic":1,"mining":1,"prayer":1,"ranged":1,"runecraft":1,"slayer":1,"smithing":1,"strength":1,"thieving":1,"woodcutting":1},"xp":{"-unused-":0,"agility":0,"attack":0,"cooking":0,"crafting":5820,"defence":0,"firemaking":0,"fishing":0,"fletching":0,"herblore":0,"hitpoints":1154,"magic":0,"mining":0,"prayer":0,"ranged":0,"runecraft":0,"slayer":0,"smithing":0,"strength":0,"thieving":0,"woodcutting":0},"chat":[[36,"You cut the Sapphire."],[35,"You cut the Sapphire."],[34,"You cut the Sapphire."],[33,"Congratulations, you just advanced a crafting level."],[32,"You cut the Sapphire."],[31,"You cut the Sapphire."],[30,"You cut the Sapphire."],[29,"You cut the Sapphire."],[28,"You cut the Sapphire."],[27,"You cut the Sapphire."],[26,"You cut the Sapphire."],[25,"You cut the Sapphire."],[24,"You cut the Sapphire."],[23,"You cut the Sapphire."],[22,"You cut the Sapphire."],[21,"You cut the Sapphire."],[20,"You cut the Sapphire."],[19,"Congratulations, you just advanced a crafting level."],[18,"You cut the Sapphire."],[17,"You cut the Sapphire."],[16,"You cut the Sapphire."],[15,"You cut the Sapphire."],[14,"You cut the Sapphire."],[13,"You cut the Sapphire."],[12,"You cut the Sapphire."],[11,"You cut the Sapphire."],[10,"You cut the Sapphire."],[9,"You cut the Sapphire."],[8,"You cut the Sapphire."],[7,"Inventory wiped."],[6,"set tutorial: to 1000"],[5,"Welcome to RuneScape."]]},"cut_after_withdrawal":true,"filter_violated":false},"ordered_first_exhausted":false}}
test catalog_boundary_live ... ok

test result: ok. 1 passed; 0 failed; 0 ignored; 0 measured; 16 filtered out; finished in 129.48s

