
running 1 test
{"phase":"identity","revision":274,"profile":"local-274 · 127.0.0.1:43594 · revision 274","cache_id":"4aac9b63312dcb75d5de8f686772d083ba0808c57985438246edf21ef522be1c","nav_pack":"/Users/acfrazier/experiments/274bot/.worktrees/rs2b0t-multirevision/.superpowers/world-capabilities/274/274bot.navpack","nav_sha256":"05db24743e9f549ced16c1f00b87c30a390d3aaec391815da3f3563130b3bcd4","catalog_commit":"100adccc037d9f6898080e1cad58fcfc43364775","catalog_identity":"pre-289 frozen catalog","catalog_read_only_path":".superpowers/inputs/rs2b0t-100adccc037d9f6898080e1cad58fcfc43364775","catalog_root":"/Users/acfrazier/experiments/274bot/.worktrees/rs2b0t-multirevision/.superpowers/inputs/rs2b0t-100adccc037d9f6898080e1cad58fcfc43364775","registry_path":"/Users/acfrazier/experiments/274bot/.worktrees/rs2b0t-multirevision/.superpowers/inputs/rs2b0t-100adccc037d9f6898080e1cad58fcfc43364775/src/bot/scripts/index.ts","registry_sha256":"b614aedb3d5adfdfbac3760f082273f3cf5c33fffe4ced0f2b01490ae02d1bc2","card":{"card":"GemCutter","source_path":"/Users/acfrazier/experiments/274bot/.worktrees/rs2b0t-multirevision/.superpowers/inputs/rs2b0t-100adccc037d9f6898080e1cad58fcfc43364775/src/bot/scripts/GemCutter/GemCutter.ts","source_sha256":"8f42276e6c2c1f7d64aa71367e0b9a78662f67b4100567ff5295027e2277b6bb","compiled_sha256":"8c88e5ca1cd1e10f27a16baa7729a0176c202d38abb252b56c220caa8c6bb0f5","siblings":[{"module":"/rs2b0t/bot/scripts/bot/GemCutterLogic.js","compiled_sha256":"9b5ef8e13b91fe71f6b2b9a95acdc41d85cdb382a12cf20eda200bacd147e96a"}],"settings":{"gems":["Sapphire"]}},"account":"lives6qyim_0","engine_speed_ms":null}
[host-play] slot lives6qyim_0: thread up
274bot: loaded snapshot (4556 models, 336 anim records)
[host-play] slot lives6qyim_0: handshake begin reconnect=false
[host-play] slot lives6qyim_0: handshake ok
[host-play] slot lives6qyim_0: queued mainland tele+setvar (scene 2)
[host] slot lives6qyim_0: d_loop_us=14474 d_raster_us=0 d_observe_us=58379 max_observe_us=7438 d_paints=0 d_skips=50 d_ticks=5 window_ms=0
[host-play] slot lives6qyim_0: handshake begin reconnect=true
[host-play] slot lives6qyim_0: handshake ok
[host] slot lives6qyim_0: d_loop_us=979 d_raster_us=0 d_observe_us=45995 max_observe_us=4363 d_paints=0 d_skips=50 d_ticks=1 window_ms=0
[host-play] slot lives6qyim_0: queued mainland tele+setvar (scene 2)
test catalog_boundary_live has been running for over 60 seconds
[host] slot lives6qyim_0: d_loop_us=38468 d_raster_us=0 d_observe_us=117843 max_observe_us=9031 d_paints=0 d_skips=50 d_ticks=27 window_ms=16724
{"phase":"baseline-after-preparation","scenario":"gem_cutter_named","account":"lives6qyim_0","observation":{"ingame":true,"scene_state":2,"player":"Lives6qyim 0","tile":[3185,3440,0],"tick":31,"items":{},"item_ids":{},"bank":{},"bank_ids":{},"bank_open":false,"bank_loaded":false,"bank_generation":2,"levels":{"-unused-":0,"agility":1,"attack":1,"cooking":1,"crafting":20,"defence":1,"firemaking":1,"fishing":1,"fletching":1,"herblore":1,"hitpoints":10,"magic":1,"mining":1,"prayer":1,"ranged":1,"runecraft":1,"slayer":1,"smithing":1,"strength":1,"thieving":1,"woodcutting":1},"xp":{"-unused-":0,"agility":0,"attack":0,"cooking":0,"crafting":4470,"defence":0,"firemaking":0,"fishing":0,"fletching":0,"herblore":0,"hitpoints":1154,"magic":0,"mining":0,"prayer":0,"ranged":0,"runecraft":0,"slayer":0,"smithing":0,"strength":0,"thieving":0,"woodcutting":0},"chat":[[7,"Inventory wiped."],[6,"set tutorial: to 1000"],[5,"Welcome to RuneScape."]]}}
[script lives6qyim_0] start load
{"phase":"start","account":"lives6qyim_0","count":1}
[host] hitch lives6qyim_0: observe_us=86259 paints=0 skips=104 ticks=31
[script lives6qyim_0] GemCutter — cut Sapphire (Crafting 20)
[script lives6qyim_0] interact OpenBooth { x: 3186, z: 3440, level: 0, id: 2213, name: None, action: None }
[host] slot lives6qyim_0: d_loop_us=1245 d_raster_us=0 d_observe_us=167417 max_observe_us=86259 d_paints=0 d_skips=50 d_ticks=5 window_ms=2940
[script lives6qyim_0] bank opened, starting withdraw/deposit cycle
[script lives6qyim_0] depositing inventory (keeping chisel)
[host] slot lives6qyim_0: d_loop_us=1147 d_raster_us=0 d_observe_us=82199 max_observe_us=10514 d_paints=0 d_skips=50 d_ticks=2 window_ms=1174
[host] slot lives6qyim_0: d_loop_us=1258 d_raster_us=0 d_observe_us=82076 max_observe_us=10057 d_paints=0 d_skips=50 d_ticks=2 window_ms=1191
[script lives6qyim_0] withdrawing chisel
[script lives6qyim_0] got chisel
[script lives6qyim_0] trying to withdraw 27 Sapphire (have 0)
[host] slot lives6qyim_0: d_loop_us=1242 d_raster_us=0 d_observe_us=94015 max_observe_us=13114 d_paints=0 d_skips=50 d_ticks=2 window_ms=1189
[script lives6qyim_0] withdrew 27 Sapphire
[script lives6qyim_0] got gems, closing bank
[script lives6qyim_0] interact Close
[shim-close] sent
[host] slot lives6qyim_0: d_loop_us=1137 d_raster_us=0 d_observe_us=84493 max_observe_us=12841 d_paints=0 d_skips=50 d_ticks=2 window_ms=1167
[script lives6qyim_0] banked @ Bank booth: gave 0 items, took 27 uncut gems
[script lives6qyim_0] interact UseOn { name: "Chisel", kind: "inv", target_name: Some("Uncut sapphire"), x: 0, z: 0, level: 0, index: None }
[script lives6qyim_0] interact UseOn { name: "Chisel", kind: "inv", target_name: Some("Uncut sapphire"), x: 0, z: 0, level: 0, index: None }
[script lives6qyim_0] interact UseOn { name: "Chisel", kind: "inv", target_name: Some("Uncut sapphire"), x: 0, z: 0, level: 0, index: None }
[script lives6qyim_0] interact UseOn { name: "Chisel", kind: "inv", target_name: Some("Uncut sapphire"), x: 0, z: 0, level: 0, index: None }
[script lives6qyim_0] interact UseOn { name: "Chisel", kind: "inv", target_name: Some("Uncut sapphire"), x: 0, z: 0, level: 0, index: None }
[script lives6qyim_0] interact UseOn { name: "Chisel", kind: "inv", target_name: Some("Uncut sapphire"), x: 0, z: 0, level: 0, index: None }
[script lives6qyim_0] interact UseOn { name: "Chisel", kind: "inv", target_name: Some("Uncut sapphire"), x: 0, z: 0, level: 0, index: None }
[script lives6qyim_0] interact UseOn { name: "Chisel", kind: "inv", target_name: Some("Uncut sapphire"), x: 0, z: 0, level: 0, index: None }
[script lives6qyim_0] interact UseOn { name: "Chisel", kind: "inv", target_name: Some("Uncut sapphire"), x: 0, z: 0, level: 0, index: None }
[script lives6qyim_0] interact UseOn { name: "Chisel", kind: "inv", target_name: Some("Uncut sapphire"), x: 0, z: 0, level: 0, index: None }
[script lives6qyim_0] interact UseOn { name: "Chisel", kind: "inv", target_name: Some("Uncut sapphire"), x: 0, z: 0, level: 0, index: None }
[script lives6qyim_0] interact UseOn { name: "Chisel", kind: "inv", target_name: Some("Uncut sapphire"), x: 0, z: 0, level: 0, index: None }
[script lives6qyim_0] interact UseOn { name: "Chisel", kind: "inv", target_name: Some("Uncut sapphire"), x: 0, z: 0, level: 0, index: None }
[script lives6qyim_0] interact UseOn { name: "Chisel", kind: "inv", target_name: Some("Uncut sapphire"), x: 0, z: 0, level: 0, index: None }
[script lives6qyim_0] interact UseOn { name: "Chisel", kind: "inv", target_name: Some("Uncut sapphire"), x: 0, z: 0, level: 0, index: None }
[script lives6qyim_0] interact UseOn { name: "Chisel", kind: "inv", target_name: Some("Uncut sapphire"), x: 0, z: 0, level: 0, index: None }
[script lives6qyim_0] interact UseOn { name: "Chisel", kind: "inv", target_name: Some("Uncut sapphire"), x: 0, z: 0, level: 0, index: None }
[script lives6qyim_0] interact UseOn { name: "Chisel", kind: "inv", target_name: Some("Uncut sapphire"), x: 0, z: 0, level: 0, index: None }
[script lives6qyim_0] interact UseOn { name: "Chisel", kind: "inv", target_name: Some("Uncut sapphire"), x: 0, z: 0, level: 0, index: None }
[script lives6qyim_0] interact UseOn { name: "Chisel", kind: "inv", target_name: Some("Uncut sapphire"), x: 0, z: 0, level: 0, index: None }
[script lives6qyim_0] interact UseOn { name: "Chisel", kind: "inv", target_name: Some("Uncut sapphire"), x: 0, z: 0, level: 0, index: None }
[script lives6qyim_0] interact UseOn { name: "Chisel", kind: "inv", target_name: Some("Uncut sapphire"), x: 0, z: 0, level: 0, index: None }
[script lives6qyim_0] interact UseOn { name: "Chisel", kind: "inv", target_name: Some("Uncut sapphire"), x: 0, z: 0, level: 0, index: None }
[script lives6qyim_0] interact UseOn { name: "Chisel", kind: "inv", target_name: Some("Uncut sapphire"), x: 0, z: 0, level: 0, index: None }
[script lives6qyim_0] interact UseOn { name: "Chisel", kind: "inv", target_name: Some("Uncut sapphire"), x: 0, z: 0, level: 0, index: None }
[script lives6qyim_0] interact UseOn { name: "Chisel", kind: "inv", target_name: Some("Uncut sapphire"), x: 0, z: 0, level: 0, index: None }
[script lives6qyim_0] interact UseOn { name: "Chisel", kind: "inv", target_name: Some("Uncut sapphire"), x: 0, z: 0, level: 0, index: None }
[script lives6qyim_0] interact UseOn { name: "Chisel", kind: "inv", target_name: Some("Uncut sapphire"), x: 0, z: 0, level: 0, index: None }
[script lives6qyim_0] interact UseOn { name: "Chisel", kind: "inv", target_name: Some("Uncut sapphire"), x: 0, z: 0, level: 0, index: None }
[script lives6qyim_0] interact UseOn { name: "Chisel", kind: "inv", target_name: Some("Uncut sapphire"), x: 0, z: 0, level: 0, index: None }
[script lives6qyim_0] interact UseOn { name: "Chisel", kind: "inv", target_name: Some("Uncut sapphire"), x: 0, z: 0, level: 0, index: None }
[script lives6qyim_0] interact UseOn { name: "Chisel", kind: "inv", target_name: Some("Uncut sapphire"), x: 0, z: 0, level: 0, index: None }
[script lives6qyim_0] interact UseOn { name: "Chisel", kind: "inv", target_name: Some("Uncut sapphire"), x: 0, z: 0, level: 0, index: None }
[script lives6qyim_0] interact UseOn { name: "Chisel", kind: "inv", target_name: Some("Uncut sapphire"), x: 0, z: 0, level: 0, index: None }
[script lives6qyim_0] interact UseOn { name: "Chisel", kind: "inv", target_name: Some("Uncut sapphire"), x: 0, z: 0, level: 0, index: None }
[script lives6qyim_0] interact UseOn { name: "Chisel", kind: "inv", target_name: Some("Uncut sapphire"), x: 0, z: 0, level: 0, index: None }
[script lives6qyim_0] interact UseOn { name: "Chisel", kind: "inv", target_name: Some("Uncut sapphire"), x: 0, z: 0, level: 0, index: None }
[script lives6qyim_0] interact UseOn { name: "Chisel", kind: "inv", target_name: Some("Uncut sapphire"), x: 0, z: 0, level: 0, index: None }
[script lives6qyim_0] interact UseOn { name: "Chisel", kind: "inv", target_name: Some("Uncut sapphire"), x: 0, z: 0, level: 0, index: None }
[script lives6qyim_0] interact UseOn { name: "Chisel", kind: "inv", target_name: Some("Uncut sapphire"), x: 0, z: 0, level: 0, index: None }
[script lives6qyim_0] interact UseOn { name: "Chisel", kind: "inv", target_name: Some("Uncut sapphire"), x: 0, z: 0, level: 0, index: None }
[script lives6qyim_0] interact UseOn { name: "Chisel", kind: "inv", target_name: Some("Uncut sapphire"), x: 0, z: 0, level: 0, index: None }
[script lives6qyim_0] interact UseOn { name: "Chisel", kind: "inv", target_name: Some("Uncut sapphire"), x: 0, z: 0, level: 0, index: None }
[script lives6qyim_0] interact UseOn { name: "Chisel", kind: "inv", target_name: Some("Uncut sapphire"), x: 0, z: 0, level: 0, index: None }
[script lives6qyim_0] interact UseOn { name: "Chisel", kind: "inv", target_name: Some("Uncut sapphire"), x: 0, z: 0, level: 0, index: None }
[script lives6qyim_0] interact UseOn { name: "Chisel", kind: "inv", target_name: Some("Uncut sapphire"), x: 0, z: 0, level: 0, index: None }
[script lives6qyim_0] interact UseOn { name: "Chisel", kind: "inv", target_name: Some("Uncut sapphire"), x: 0, z: 0, level: 0, index: None }
[script lives6qyim_0] interact UseOn { name: "Chisel", kind: "inv", target_name: Some("Uncut sapphire"), x: 0, z: 0, level: 0, index: None }
[script lives6qyim_0] interact UseOn { name: "Chisel", kind: "inv", target_name: Some("Uncut sapphire"), x: 0, z: 0, level: 0, index: None }
[script lives6qyim_0] interact UseOn { name: "Chisel", kind: "inv", target_name: Some("Uncut sapphire"), x: 0, z: 0, level: 0, index: None }
[script lives6qyim_0] interact UseOn { name: "Chisel", kind: "inv", target_name: Some("Uncut sapphire"), x: 0, z: 0, level: 0, index: None }
[script lives6qyim_0] interact UseOn { name: "Chisel", kind: "inv", target_name: Some("Uncut sapphire"), x: 0, z: 0, level: 0, index: None }
[script lives6qyim_0] interact UseOn { name: "Chisel", kind: "inv", target_name: Some("Uncut sapphire"), x: 0, z: 0, level: 0, index: None }
[script lives6qyim_0] interact UseOn { name: "Chisel", kind: "inv", target_name: Some("Uncut sapphire"), x: 0, z: 0, level: 0, index: None }
[script lives6qyim_0] interact UseOn { name: "Chisel", kind: "inv", target_name: Some("Uncut sapphire"), x: 0, z: 0, level: 0, index: None }
[script lives6qyim_0] interact UseOn { name: "Chisel", kind: "inv", target_name: Some("Uncut sapphire"), x: 0, z: 0, level: 0, index: None }
[script lives6qyim_0] interact UseOn { name: "Chisel", kind: "inv", target_name: Some("Uncut sapphire"), x: 0, z: 0, level: 0, index: None }
[script lives6qyim_0] interact UseOn { name: "Chisel", kind: "inv", target_name: Some("Uncut sapphire"), x: 0, z: 0, level: 0, index: None }
[script lives6qyim_0] interact UseOn { name: "Chisel", kind: "inv", target_name: Some("Uncut sapphire"), x: 0, z: 0, level: 0, index: None }
[script lives6qyim_0] interact UseOn { name: "Chisel", kind: "inv", target_name: Some("Uncut sapphire"), x: 0, z: 0, level: 0, index: None }
[host] slot lives6qyim_0: d_loop_us=1252 d_raster_us=0 d_observe_us=82051 max_observe_us=7360 d_paints=0 d_skips=50 d_ticks=2 window_ms=1175
[host] slot lives6qyim_0: d_loop_us=940 d_raster_us=0 d_observe_us=47638 max_observe_us=6890 d_paints=0 d_skips=50 d_ticks=2 window_ms=1176
[script lives6qyim_0] interact UseOn { name: "Chisel", kind: "inv", target_name: Some("Uncut sapphire"), x: 0, z: 0, level: 0, index: None }
[script lives6qyim_0] interact UseOn { name: "Chisel", kind: "inv", target_name: Some("Uncut sapphire"), x: 0, z: 0, level: 0, index: None }
[script lives6qyim_0] interact UseOn { name: "Chisel", kind: "inv", target_name: Some("Uncut sapphire"), x: 0, z: 0, level: 0, index: None }
[script lives6qyim_0] interact UseOn { name: "Chisel", kind: "inv", target_name: Some("Uncut sapphire"), x: 0, z: 0, level: 0, index: None }
[script lives6qyim_0] interact UseOn { name: "Chisel", kind: "inv", target_name: Some("Uncut sapphire"), x: 0, z: 0, level: 0, index: None }
[script lives6qyim_0] interact UseOn { name: "Chisel", kind: "inv", target_name: Some("Uncut sapphire"), x: 0, z: 0, level: 0, index: None }
[script lives6qyim_0] interact UseOn { name: "Chisel", kind: "inv", target_name: Some("Uncut sapphire"), x: 0, z: 0, level: 0, index: None }
[script lives6qyim_0] interact UseOn { name: "Chisel", kind: "inv", target_name: Some("Uncut sapphire"), x: 0, z: 0, level: 0, index: None }
[script lives6qyim_0] interact UseOn { name: "Chisel", kind: "inv", target_name: Some("Uncut sapphire"), x: 0, z: 0, level: 0, index: None }
[script lives6qyim_0] interact UseOn { name: "Chisel", kind: "inv", target_name: Some("Uncut sapphire"), x: 0, z: 0, level: 0, index: None }
[script lives6qyim_0] interact UseOn { name: "Chisel", kind: "inv", target_name: Some("Uncut sapphire"), x: 0, z: 0, level: 0, index: None }
[script lives6qyim_0] interact UseOn { name: "Chisel", kind: "inv", target_name: Some("Uncut sapphire"), x: 0, z: 0, level: 0, index: None }
[script lives6qyim_0] interact UseOn { name: "Chisel", kind: "inv", target_name: Some("Uncut sapphire"), x: 0, z: 0, level: 0, index: None }
[script lives6qyim_0] interact UseOn { name: "Chisel", kind: "inv", target_name: Some("Uncut sapphire"), x: 0, z: 0, level: 0, index: None }
[script lives6qyim_0] interact UseOn { name: "Chisel", kind: "inv", target_name: Some("Uncut sapphire"), x: 0, z: 0, level: 0, index: None }
[script lives6qyim_0] interact UseOn { name: "Chisel", kind: "inv", target_name: Some("Uncut sapphire"), x: 0, z: 0, level: 0, index: None }
[script lives6qyim_0] interact UseOn { name: "Chisel", kind: "inv", target_name: Some("Uncut sapphire"), x: 0, z: 0, level: 0, index: None }
[script lives6qyim_0] interact UseOn { name: "Chisel", kind: "inv", target_name: Some("Uncut sapphire"), x: 0, z: 0, level: 0, index: None }
[script lives6qyim_0] interact UseOn { name: "Chisel", kind: "inv", target_name: Some("Uncut sapphire"), x: 0, z: 0, level: 0, index: None }
[script lives6qyim_0] interact UseOn { name: "Chisel", kind: "inv", target_name: Some("Uncut sapphire"), x: 0, z: 0, level: 0, index: None }
[script lives6qyim_0] interact UseOn { name: "Chisel", kind: "inv", target_name: Some("Uncut sapphire"), x: 0, z: 0, level: 0, index: None }
[script lives6qyim_0] interact UseOn { name: "Chisel", kind: "inv", target_name: Some("Uncut sapphire"), x: 0, z: 0, level: 0, index: None }
[script lives6qyim_0] interact UseOn { name: "Chisel", kind: "inv", target_name: Some("Uncut sapphire"), x: 0, z: 0, level: 0, index: None }
[script lives6qyim_0] interact UseOn { name: "Chisel", kind: "inv", target_name: Some("Uncut sapphire"), x: 0, z: 0, level: 0, index: None }
[script lives6qyim_0] interact UseOn { name: "Chisel", kind: "inv", target_name: Some("Uncut sapphire"), x: 0, z: 0, level: 0, index: None }
[script lives6qyim_0] interact UseOn { name: "Chisel", kind: "inv", target_name: Some("Uncut sapphire"), x: 0, z: 0, level: 0, index: None }
[script lives6qyim_0] interact UseOn { name: "Chisel", kind: "inv", target_name: Some("Uncut sapphire"), x: 0, z: 0, level: 0, index: None }
[script lives6qyim_0] interact UseOn { name: "Chisel", kind: "inv", target_name: Some("Uncut sapphire"), x: 0, z: 0, level: 0, index: None }
[script lives6qyim_0] interact UseOn { name: "Chisel", kind: "inv", target_name: Some("Uncut sapphire"), x: 0, z: 0, level: 0, index: None }
[script lives6qyim_0] interact UseOn { name: "Chisel", kind: "inv", target_name: Some("Uncut sapphire"), x: 0, z: 0, level: 0, index: None }
[script lives6qyim_0] interact UseOn { name: "Chisel", kind: "inv", target_name: Some("Uncut sapphire"), x: 0, z: 0, level: 0, index: None }
[script lives6qyim_0] interact UseOn { name: "Chisel", kind: "inv", target_name: Some("Uncut sapphire"), x: 0, z: 0, level: 0, index: None }
[script lives6qyim_0] interact UseOn { name: "Chisel", kind: "inv", target_name: Some("Uncut sapphire"), x: 0, z: 0, level: 0, index: None }
[script lives6qyim_0] interact UseOn { name: "Chisel", kind: "inv", target_name: Some("Uncut sapphire"), x: 0, z: 0, level: 0, index: None }
[script lives6qyim_0] interact UseOn { name: "Chisel", kind: "inv", target_name: Some("Uncut sapphire"), x: 0, z: 0, level: 0, index: None }
[script lives6qyim_0] interact UseOn { name: "Chisel", kind: "inv", target_name: Some("Uncut sapphire"), x: 0, z: 0, level: 0, index: None }
[script lives6qyim_0] interact UseOn { name: "Chisel", kind: "inv", target_name: Some("Uncut sapphire"), x: 0, z: 0, level: 0, index: None }
[script lives6qyim_0] interact UseOn { name: "Chisel", kind: "inv", target_name: Some("Uncut sapphire"), x: 0, z: 0, level: 0, index: None }
[script lives6qyim_0] interact UseOn { name: "Chisel", kind: "inv", target_name: Some("Uncut sapphire"), x: 0, z: 0, level: 0, index: None }
[script lives6qyim_0] interact UseOn { name: "Chisel", kind: "inv", target_name: Some("Uncut sapphire"), x: 0, z: 0, level: 0, index: None }
[script lives6qyim_0] interact UseOn { name: "Chisel", kind: "inv", target_name: Some("Uncut sapphire"), x: 0, z: 0, level: 0, index: None }
[script lives6qyim_0] interact UseOn { name: "Chisel", kind: "inv", target_name: Some("Uncut sapphire"), x: 0, z: 0, level: 0, index: None }
[script lives6qyim_0] interact UseOn { name: "Chisel", kind: "inv", target_name: Some("Uncut sapphire"), x: 0, z: 0, level: 0, index: None }
[script lives6qyim_0] interact UseOn { name: "Chisel", kind: "inv", target_name: Some("Uncut sapphire"), x: 0, z: 0, level: 0, index: None }
[script lives6qyim_0] interact UseOn { name: "Chisel", kind: "inv", target_name: Some("Uncut sapphire"), x: 0, z: 0, level: 0, index: None }
[script lives6qyim_0] interact UseOn { name: "Chisel", kind: "inv", target_name: Some("Uncut sapphire"), x: 0, z: 0, level: 0, index: None }
[script lives6qyim_0] interact UseOn { name: "Chisel", kind: "inv", target_name: Some("Uncut sapphire"), x: 0, z: 0, level: 0, index: None }
[script lives6qyim_0] interact UseOn { name: "Chisel", kind: "inv", target_name: Some("Uncut sapphire"), x: 0, z: 0, level: 0, index: None }
[script lives6qyim_0] interact UseOn { name: "Chisel", kind: "inv", target_name: Some("Uncut sapphire"), x: 0, z: 0, level: 0, index: None }
[script lives6qyim_0] interact UseOn { name: "Chisel", kind: "inv", target_name: Some("Uncut sapphire"), x: 0, z: 0, level: 0, index: None }
[script lives6qyim_0] interact UseOn { name: "Chisel", kind: "inv", target_name: Some("Uncut sapphire"), x: 0, z: 0, level: 0, index: None }
[script lives6qyim_0] interact UseOn { name: "Chisel", kind: "inv", target_name: Some("Uncut sapphire"), x: 0, z: 0, level: 0, index: None }
[script lives6qyim_0] interact UseOn { name: "Chisel", kind: "inv", target_name: Some("Uncut sapphire"), x: 0, z: 0, level: 0, index: None }
[script lives6qyim_0] interact UseOn { name: "Chisel", kind: "inv", target_name: Some("Uncut sapphire"), x: 0, z: 0, level: 0, index: None }
[script lives6qyim_0] interact UseOn { name: "Chisel", kind: "inv", target_name: Some("Uncut sapphire"), x: 0, z: 0, level: 0, index: None }
[script lives6qyim_0] interact UseOn { name: "Chisel", kind: "inv", target_name: Some("Uncut sapphire"), x: 0, z: 0, level: 0, index: None }
[script lives6qyim_0] interact UseOn { name: "Chisel", kind: "inv", target_name: Some("Uncut sapphire"), x: 0, z: 0, level: 0, index: None }
[script lives6qyim_0] interact UseOn { name: "Chisel", kind: "inv", target_name: Some("Uncut sapphire"), x: 0, z: 0, level: 0, index: None }
[script lives6qyim_0] interact UseOn { name: "Chisel", kind: "inv", target_name: Some("Uncut sapphire"), x: 0, z: 0, level: 0, index: None }
[script lives6qyim_0] interact UseOn { name: "Chisel", kind: "inv", target_name: Some("Uncut sapphire"), x: 0, z: 0, level: 0, index: None }
[host] slot lives6qyim_0: d_loop_us=1970 d_raster_us=0 d_observe_us=91934 max_observe_us=9684 d_paints=0 d_skips=50 d_ticks=2 window_ms=1178
[script lives6qyim_0] interact UseOn { name: "Chisel", kind: "inv", target_name: Some("Uncut sapphire"), x: 0, z: 0, level: 0, index: None }
[script lives6qyim_0] interact UseOn { name: "Chisel", kind: "inv", target_name: Some("Uncut sapphire"), x: 0, z: 0, level: 0, index: None }
[script lives6qyim_0] interact UseOn { name: "Chisel", kind: "inv", target_name: Some("Uncut sapphire"), x: 0, z: 0, level: 0, index: None }
[script lives6qyim_0] interact UseOn { name: "Chisel", kind: "inv", target_name: Some("Uncut sapphire"), x: 0, z: 0, level: 0, index: None }
[script lives6qyim_0] interact UseOn { name: "Chisel", kind: "inv", target_name: Some("Uncut sapphire"), x: 0, z: 0, level: 0, index: None }
[script lives6qyim_0] interact UseOn { name: "Chisel", kind: "inv", target_name: Some("Uncut sapphire"), x: 0, z: 0, level: 0, index: None }
[script lives6qyim_0] interact UseOn { name: "Chisel", kind: "inv", target_name: Some("Uncut sapphire"), x: 0, z: 0, level: 0, index: None }
[script lives6qyim_0] interact UseOn { name: "Chisel", kind: "inv", target_name: Some("Uncut sapphire"), x: 0, z: 0, level: 0, index: None }
[script lives6qyim_0] interact UseOn { name: "Chisel", kind: "inv", target_name: Some("Uncut sapphire"), x: 0, z: 0, level: 0, index: None }
[script lives6qyim_0] interact UseOn { name: "Chisel", kind: "inv", target_name: Some("Uncut sapphire"), x: 0, z: 0, level: 0, index: None }
[script lives6qyim_0] interact UseOn { name: "Chisel", kind: "inv", target_name: Some("Uncut sapphire"), x: 0, z: 0, level: 0, index: None }
[script lives6qyim_0] interact UseOn { name: "Chisel", kind: "inv", target_name: Some("Uncut sapphire"), x: 0, z: 0, level: 0, index: None }
[script lives6qyim_0] interact UseOn { name: "Chisel", kind: "inv", target_name: Some("Uncut sapphire"), x: 0, z: 0, level: 0, index: None }
[script lives6qyim_0] interact UseOn { name: "Chisel", kind: "inv", target_name: Some("Uncut sapphire"), x: 0, z: 0, level: 0, index: None }
[script lives6qyim_0] interact UseOn { name: "Chisel", kind: "inv", target_name: Some("Uncut sapphire"), x: 0, z: 0, level: 0, index: None }
[script lives6qyim_0] interact UseOn { name: "Chisel", kind: "inv", target_name: Some("Uncut sapphire"), x: 0, z: 0, level: 0, index: None }
[script lives6qyim_0] interact UseOn { name: "Chisel", kind: "inv", target_name: Some("Uncut sapphire"), x: 0, z: 0, level: 0, index: None }
[script lives6qyim_0] interact UseOn { name: "Chisel", kind: "inv", target_name: Some("Uncut sapphire"), x: 0, z: 0, level: 0, index: None }
[script lives6qyim_0] interact UseOn { name: "Chisel", kind: "inv", target_name: Some("Uncut sapphire"), x: 0, z: 0, level: 0, index: None }
[script lives6qyim_0] interact UseOn { name: "Chisel", kind: "inv", target_name: Some("Uncut sapphire"), x: 0, z: 0, level: 0, index: None }
[script lives6qyim_0] interact UseOn { name: "Chisel", kind: "inv", target_name: Some("Uncut sapphire"), x: 0, z: 0, level: 0, index: None }
[script lives6qyim_0] interact UseOn { name: "Chisel", kind: "inv", target_name: Some("Uncut sapphire"), x: 0, z: 0, level: 0, index: None }
[script lives6qyim_0] interact UseOn { name: "Chisel", kind: "inv", target_name: Some("Uncut sapphire"), x: 0, z: 0, level: 0, index: None }
[script lives6qyim_0] interact UseOn { name: "Chisel", kind: "inv", target_name: Some("Uncut sapphire"), x: 0, z: 0, level: 0, index: None }
[script lives6qyim_0] interact UseOn { name: "Chisel", kind: "inv", target_name: Some("Uncut sapphire"), x: 0, z: 0, level: 0, index: None }
[script lives6qyim_0] interact UseOn { name: "Chisel", kind: "inv", target_name: Some("Uncut sapphire"), x: 0, z: 0, level: 0, index: None }
[script lives6qyim_0] interact UseOn { name: "Chisel", kind: "inv", target_name: Some("Uncut sapphire"), x: 0, z: 0, level: 0, index: None }
[script lives6qyim_0] interact UseOn { name: "Chisel", kind: "inv", target_name: Some("Uncut sapphire"), x: 0, z: 0, level: 0, index: None }
[script lives6qyim_0] interact UseOn { name: "Chisel", kind: "inv", target_name: Some("Uncut sapphire"), x: 0, z: 0, level: 0, index: None }
[script lives6qyim_0] interact UseOn { name: "Chisel", kind: "inv", target_name: Some("Uncut sapphire"), x: 0, z: 0, level: 0, index: None }
[script lives6qyim_0] interact UseOn { name: "Chisel", kind: "inv", target_name: Some("Uncut sapphire"), x: 0, z: 0, level: 0, index: None }
[script lives6qyim_0] interact UseOn { name: "Chisel", kind: "inv", target_name: Some("Uncut sapphire"), x: 0, z: 0, level: 0, index: None }
[script lives6qyim_0] interact UseOn { name: "Chisel", kind: "inv", target_name: Some("Uncut sapphire"), x: 0, z: 0, level: 0, index: None }
[script lives6qyim_0] interact UseOn { name: "Chisel", kind: "inv", target_name: Some("Uncut sapphire"), x: 0, z: 0, level: 0, index: None }
[script lives6qyim_0] interact UseOn { name: "Chisel", kind: "inv", target_name: Some("Uncut sapphire"), x: 0, z: 0, level: 0, index: None }
[script lives6qyim_0] interact UseOn { name: "Chisel", kind: "inv", target_name: Some("Uncut sapphire"), x: 0, z: 0, level: 0, index: None }
[script lives6qyim_0] interact UseOn { name: "Chisel", kind: "inv", target_name: Some("Uncut sapphire"), x: 0, z: 0, level: 0, index: None }
[script lives6qyim_0] interact UseOn { name: "Chisel", kind: "inv", target_name: Some("Uncut sapphire"), x: 0, z: 0, level: 0, index: None }
[script lives6qyim_0] interact UseOn { name: "Chisel", kind: "inv", target_name: Some("Uncut sapphire"), x: 0, z: 0, level: 0, index: None }
[script lives6qyim_0] interact UseOn { name: "Chisel", kind: "inv", target_name: Some("Uncut sapphire"), x: 0, z: 0, level: 0, index: None }
[script lives6qyim_0] interact UseOn { name: "Chisel", kind: "inv", target_name: Some("Uncut sapphire"), x: 0, z: 0, level: 0, index: None }
[script lives6qyim_0] interact UseOn { name: "Chisel", kind: "inv", target_name: Some("Uncut sapphire"), x: 0, z: 0, level: 0, index: None }
[script lives6qyim_0] interact UseOn { name: "Chisel", kind: "inv", target_name: Some("Uncut sapphire"), x: 0, z: 0, level: 0, index: None }
[script lives6qyim_0] interact UseOn { name: "Chisel", kind: "inv", target_name: Some("Uncut sapphire"), x: 0, z: 0, level: 0, index: None }
[script lives6qyim_0] interact UseOn { name: "Chisel", kind: "inv", target_name: Some("Uncut sapphire"), x: 0, z: 0, level: 0, index: None }
[script lives6qyim_0] interact UseOn { name: "Chisel", kind: "inv", target_name: Some("Uncut sapphire"), x: 0, z: 0, level: 0, index: None }
[script lives6qyim_0] interact UseOn { name: "Chisel", kind: "inv", target_name: Some("Uncut sapphire"), x: 0, z: 0, level: 0, index: None }
[script lives6qyim_0] interact UseOn { name: "Chisel", kind: "inv", target_name: Some("Uncut sapphire"), x: 0, z: 0, level: 0, index: None }
[script lives6qyim_0] interact UseOn { name: "Chisel", kind: "inv", target_name: Some("Uncut sapphire"), x: 0, z: 0, level: 0, index: None }
[script lives6qyim_0] interact UseOn { name: "Chisel", kind: "inv", target_name: Some("Uncut sapphire"), x: 0, z: 0, level: 0, index: None }
[script lives6qyim_0] interact UseOn { name: "Chisel", kind: "inv", target_name: Some("Uncut sapphire"), x: 0, z: 0, level: 0, index: None }
[script lives6qyim_0] interact UseOn { name: "Chisel", kind: "inv", target_name: Some("Uncut sapphire"), x: 0, z: 0, level: 0, index: None }
[script lives6qyim_0] interact UseOn { name: "Chisel", kind: "inv", target_name: Some("Uncut sapphire"), x: 0, z: 0, level: 0, index: None }
[script lives6qyim_0] interact UseOn { name: "Chisel", kind: "inv", target_name: Some("Uncut sapphire"), x: 0, z: 0, level: 0, index: None }
[script lives6qyim_0] interact UseOn { name: "Chisel", kind: "inv", target_name: Some("Uncut sapphire"), x: 0, z: 0, level: 0, index: None }
[script lives6qyim_0] interact UseOn { name: "Chisel", kind: "inv", target_name: Some("Uncut sapphire"), x: 0, z: 0, level: 0, index: None }
[script lives6qyim_0] interact UseOn { name: "Chisel", kind: "inv", target_name: Some("Uncut sapphire"), x: 0, z: 0, level: 0, index: None }
[script lives6qyim_0] interact UseOn { name: "Chisel", kind: "inv", target_name: Some("Uncut sapphire"), x: 0, z: 0, level: 0, index: None }
[script lives6qyim_0] interact UseOn { name: "Chisel", kind: "inv", target_name: Some("Uncut sapphire"), x: 0, z: 0, level: 0, index: None }
[script lives6qyim_0] interact UseOn { name: "Chisel", kind: "inv", target_name: Some("Uncut sapphire"), x: 0, z: 0, level: 0, index: None }
[host] slot lives6qyim_0: d_loop_us=1323 d_raster_us=0 d_observe_us=92362 max_observe_us=7519 d_paints=0 d_skips=50 d_ticks=2 window_ms=1167
[host] slot lives6qyim_0: d_loop_us=1377 d_raster_us=0 d_observe_us=84625 max_observe_us=8298 d_paints=0 d_skips=50 d_ticks=2 window_ms=1167
[script lives6qyim_0] interact UseOn { name: "Chisel", kind: "inv", target_name: Some("Uncut sapphire"), x: 0, z: 0, level: 0, index: None }
[script lives6qyim_0] interact UseOn { name: "Chisel", kind: "inv", target_name: Some("Uncut sapphire"), x: 0, z: 0, level: 0, index: None }
[script lives6qyim_0] interact UseOn { name: "Chisel", kind: "inv", target_name: Some("Uncut sapphire"), x: 0, z: 0, level: 0, index: None }
[script lives6qyim_0] interact UseOn { name: "Chisel", kind: "inv", target_name: Some("Uncut sapphire"), x: 0, z: 0, level: 0, index: None }
[script lives6qyim_0] interact UseOn { name: "Chisel", kind: "inv", target_name: Some("Uncut sapphire"), x: 0, z: 0, level: 0, index: None }
[script lives6qyim_0] interact UseOn { name: "Chisel", kind: "inv", target_name: Some("Uncut sapphire"), x: 0, z: 0, level: 0, index: None }
[script lives6qyim_0] interact UseOn { name: "Chisel", kind: "inv", target_name: Some("Uncut sapphire"), x: 0, z: 0, level: 0, index: None }
[script lives6qyim_0] interact UseOn { name: "Chisel", kind: "inv", target_name: Some("Uncut sapphire"), x: 0, z: 0, level: 0, index: None }
[script lives6qyim_0] interact UseOn { name: "Chisel", kind: "inv", target_name: Some("Uncut sapphire"), x: 0, z: 0, level: 0, index: None }
[script lives6qyim_0] interact UseOn { name: "Chisel", kind: "inv", target_name: Some("Uncut sapphire"), x: 0, z: 0, level: 0, index: None }
[script lives6qyim_0] interact UseOn { name: "Chisel", kind: "inv", target_name: Some("Uncut sapphire"), x: 0, z: 0, level: 0, index: None }
[script lives6qyim_0] interact UseOn { name: "Chisel", kind: "inv", target_name: Some("Uncut sapphire"), x: 0, z: 0, level: 0, index: None }
[script lives6qyim_0] interact UseOn { name: "Chisel", kind: "inv", target_name: Some("Uncut sapphire"), x: 0, z: 0, level: 0, index: None }
[script lives6qyim_0] interact UseOn { name: "Chisel", kind: "inv", target_name: Some("Uncut sapphire"), x: 0, z: 0, level: 0, index: None }
[script lives6qyim_0] interact UseOn { name: "Chisel", kind: "inv", target_name: Some("Uncut sapphire"), x: 0, z: 0, level: 0, index: None }
[script lives6qyim_0] interact UseOn { name: "Chisel", kind: "inv", target_name: Some("Uncut sapphire"), x: 0, z: 0, level: 0, index: None }
[script lives6qyim_0] interact UseOn { name: "Chisel", kind: "inv", target_name: Some("Uncut sapphire"), x: 0, z: 0, level: 0, index: None }
[script lives6qyim_0] interact UseOn { name: "Chisel", kind: "inv", target_name: Some("Uncut sapphire"), x: 0, z: 0, level: 0, index: None }
[script lives6qyim_0] interact UseOn { name: "Chisel", kind: "inv", target_name: Some("Uncut sapphire"), x: 0, z: 0, level: 0, index: None }
[script lives6qyim_0] interact UseOn { name: "Chisel", kind: "inv", target_name: Some("Uncut sapphire"), x: 0, z: 0, level: 0, index: None }
[script lives6qyim_0] interact UseOn { name: "Chisel", kind: "inv", target_name: Some("Uncut sapphire"), x: 0, z: 0, level: 0, index: None }
[script lives6qyim_0] interact UseOn { name: "Chisel", kind: "inv", target_name: Some("Uncut sapphire"), x: 0, z: 0, level: 0, index: None }
[script lives6qyim_0] interact UseOn { name: "Chisel", kind: "inv", target_name: Some("Uncut sapphire"), x: 0, z: 0, level: 0, index: None }
[script lives6qyim_0] interact UseOn { name: "Chisel", kind: "inv", target_name: Some("Uncut sapphire"), x: 0, z: 0, level: 0, index: None }
[script lives6qyim_0] interact UseOn { name: "Chisel", kind: "inv", target_name: Some("Uncut sapphire"), x: 0, z: 0, level: 0, index: None }
[script lives6qyim_0] interact UseOn { name: "Chisel", kind: "inv", target_name: Some("Uncut sapphire"), x: 0, z: 0, level: 0, index: None }
[script lives6qyim_0] interact UseOn { name: "Chisel", kind: "inv", target_name: Some("Uncut sapphire"), x: 0, z: 0, level: 0, index: None }
[script lives6qyim_0] interact UseOn { name: "Chisel", kind: "inv", target_name: Some("Uncut sapphire"), x: 0, z: 0, level: 0, index: None }
[script lives6qyim_0] interact UseOn { name: "Chisel", kind: "inv", target_name: Some("Uncut sapphire"), x: 0, z: 0, level: 0, index: None }
[script lives6qyim_0] interact UseOn { name: "Chisel", kind: "inv", target_name: Some("Uncut sapphire"), x: 0, z: 0, level: 0, index: None }
[script lives6qyim_0] interact UseOn { name: "Chisel", kind: "inv", target_name: Some("Uncut sapphire"), x: 0, z: 0, level: 0, index: None }
[script lives6qyim_0] interact UseOn { name: "Chisel", kind: "inv", target_name: Some("Uncut sapphire"), x: 0, z: 0, level: 0, index: None }
[script lives6qyim_0] interact UseOn { name: "Chisel", kind: "inv", target_name: Some("Uncut sapphire"), x: 0, z: 0, level: 0, index: None }
[script lives6qyim_0] interact UseOn { name: "Chisel", kind: "inv", target_name: Some("Uncut sapphire"), x: 0, z: 0, level: 0, index: None }
[script lives6qyim_0] interact UseOn { name: "Chisel", kind: "inv", target_name: Some("Uncut sapphire"), x: 0, z: 0, level: 0, index: None }
[script lives6qyim_0] interact UseOn { name: "Chisel", kind: "inv", target_name: Some("Uncut sapphire"), x: 0, z: 0, level: 0, index: None }
[script lives6qyim_0] interact UseOn { name: "Chisel", kind: "inv", target_name: Some("Uncut sapphire"), x: 0, z: 0, level: 0, index: None }
[script lives6qyim_0] interact UseOn { name: "Chisel", kind: "inv", target_name: Some("Uncut sapphire"), x: 0, z: 0, level: 0, index: None }
[script lives6qyim_0] interact UseOn { name: "Chisel", kind: "inv", target_name: Some("Uncut sapphire"), x: 0, z: 0, level: 0, index: None }
[script lives6qyim_0] interact UseOn { name: "Chisel", kind: "inv", target_name: Some("Uncut sapphire"), x: 0, z: 0, level: 0, index: None }
[script lives6qyim_0] interact UseOn { name: "Chisel", kind: "inv", target_name: Some("Uncut sapphire"), x: 0, z: 0, level: 0, index: None }
[script lives6qyim_0] interact UseOn { name: "Chisel", kind: "inv", target_name: Some("Uncut sapphire"), x: 0, z: 0, level: 0, index: None }
[script lives6qyim_0] interact UseOn { name: "Chisel", kind: "inv", target_name: Some("Uncut sapphire"), x: 0, z: 0, level: 0, index: None }
[script lives6qyim_0] interact UseOn { name: "Chisel", kind: "inv", target_name: Some("Uncut sapphire"), x: 0, z: 0, level: 0, index: None }
[script lives6qyim_0] interact UseOn { name: "Chisel", kind: "inv", target_name: Some("Uncut sapphire"), x: 0, z: 0, level: 0, index: None }
[script lives6qyim_0] interact UseOn { name: "Chisel", kind: "inv", target_name: Some("Uncut sapphire"), x: 0, z: 0, level: 0, index: None }
[script lives6qyim_0] interact UseOn { name: "Chisel", kind: "inv", target_name: Some("Uncut sapphire"), x: 0, z: 0, level: 0, index: None }
[script lives6qyim_0] interact UseOn { name: "Chisel", kind: "inv", target_name: Some("Uncut sapphire"), x: 0, z: 0, level: 0, index: None }
[script lives6qyim_0] interact UseOn { name: "Chisel", kind: "inv", target_name: Some("Uncut sapphire"), x: 0, z: 0, level: 0, index: None }
[script lives6qyim_0] interact UseOn { name: "Chisel", kind: "inv", target_name: Some("Uncut sapphire"), x: 0, z: 0, level: 0, index: None }
[script lives6qyim_0] interact UseOn { name: "Chisel", kind: "inv", target_name: Some("Uncut sapphire"), x: 0, z: 0, level: 0, index: None }
[script lives6qyim_0] interact UseOn { name: "Chisel", kind: "inv", target_name: Some("Uncut sapphire"), x: 0, z: 0, level: 0, index: None }
[script lives6qyim_0] interact UseOn { name: "Chisel", kind: "inv", target_name: Some("Uncut sapphire"), x: 0, z: 0, level: 0, index: None }
[script lives6qyim_0] interact UseOn { name: "Chisel", kind: "inv", target_name: Some("Uncut sapphire"), x: 0, z: 0, level: 0, index: None }
[script lives6qyim_0] interact UseOn { name: "Chisel", kind: "inv", target_name: Some("Uncut sapphire"), x: 0, z: 0, level: 0, index: None }
[script lives6qyim_0] interact UseOn { name: "Chisel", kind: "inv", target_name: Some("Uncut sapphire"), x: 0, z: 0, level: 0, index: None }
[script lives6qyim_0] interact UseOn { name: "Chisel", kind: "inv", target_name: Some("Uncut sapphire"), x: 0, z: 0, level: 0, index: None }
[script lives6qyim_0] interact UseOn { name: "Chisel", kind: "inv", target_name: Some("Uncut sapphire"), x: 0, z: 0, level: 0, index: None }
[script lives6qyim_0] interact UseOn { name: "Chisel", kind: "inv", target_name: Some("Uncut sapphire"), x: 0, z: 0, level: 0, index: None }
[script lives6qyim_0] interact UseOn { name: "Chisel", kind: "inv", target_name: Some("Uncut sapphire"), x: 0, z: 0, level: 0, index: None }
[host] slot lives6qyim_0: d_loop_us=1195 d_raster_us=0 d_observe_us=89746 max_observe_us=9143 d_paints=0 d_skips=50 d_ticks=2 window_ms=1181
[host] slot lives6qyim_0: d_loop_us=2446 d_raster_us=0 d_observe_us=94005 max_observe_us=8431 d_paints=0 d_skips=50 d_ticks=2 window_ms=1171
[script lives6qyim_0] interact UseOn { name: "Chisel", kind: "inv", target_name: Some("Uncut sapphire"), x: 0, z: 0, level: 0, index: None }
[script lives6qyim_0] interact UseOn { name: "Chisel", kind: "inv", target_name: Some("Uncut sapphire"), x: 0, z: 0, level: 0, index: None }
[script lives6qyim_0] interact UseOn { name: "Chisel", kind: "inv", target_name: Some("Uncut sapphire"), x: 0, z: 0, level: 0, index: None }
[script lives6qyim_0] interact UseOn { name: "Chisel", kind: "inv", target_name: Some("Uncut sapphire"), x: 0, z: 0, level: 0, index: None }
[script lives6qyim_0] interact UseOn { name: "Chisel", kind: "inv", target_name: Some("Uncut sapphire"), x: 0, z: 0, level: 0, index: None }
[script lives6qyim_0] interact UseOn { name: "Chisel", kind: "inv", target_name: Some("Uncut sapphire"), x: 0, z: 0, level: 0, index: None }
[script lives6qyim_0] interact UseOn { name: "Chisel", kind: "inv", target_name: Some("Uncut sapphire"), x: 0, z: 0, level: 0, index: None }
[script lives6qyim_0] interact UseOn { name: "Chisel", kind: "inv", target_name: Some("Uncut sapphire"), x: 0, z: 0, level: 0, index: None }
[script lives6qyim_0] interact UseOn { name: "Chisel", kind: "inv", target_name: Some("Uncut sapphire"), x: 0, z: 0, level: 0, index: None }
[script lives6qyim_0] interact UseOn { name: "Chisel", kind: "inv", target_name: Some("Uncut sapphire"), x: 0, z: 0, level: 0, index: None }
[script lives6qyim_0] interact UseOn { name: "Chisel", kind: "inv", target_name: Some("Uncut sapphire"), x: 0, z: 0, level: 0, index: None }
[script lives6qyim_0] interact UseOn { name: "Chisel", kind: "inv", target_name: Some("Uncut sapphire"), x: 0, z: 0, level: 0, index: None }
[script lives6qyim_0] interact UseOn { name: "Chisel", kind: "inv", target_name: Some("Uncut sapphire"), x: 0, z: 0, level: 0, index: None }
[script lives6qyim_0] interact UseOn { name: "Chisel", kind: "inv", target_name: Some("Uncut sapphire"), x: 0, z: 0, level: 0, index: None }
[script lives6qyim_0] interact UseOn { name: "Chisel", kind: "inv", target_name: Some("Uncut sapphire"), x: 0, z: 0, level: 0, index: None }
[script lives6qyim_0] interact UseOn { name: "Chisel", kind: "inv", target_name: Some("Uncut sapphire"), x: 0, z: 0, level: 0, index: None }
[script lives6qyim_0] interact UseOn { name: "Chisel", kind: "inv", target_name: Some("Uncut sapphire"), x: 0, z: 0, level: 0, index: None }
[script lives6qyim_0] interact UseOn { name: "Chisel", kind: "inv", target_name: Some("Uncut sapphire"), x: 0, z: 0, level: 0, index: None }
[script lives6qyim_0] interact UseOn { name: "Chisel", kind: "inv", target_name: Some("Uncut sapphire"), x: 0, z: 0, level: 0, index: None }
[script lives6qyim_0] interact UseOn { name: "Chisel", kind: "inv", target_name: Some("Uncut sapphire"), x: 0, z: 0, level: 0, index: None }
[script lives6qyim_0] interact UseOn { name: "Chisel", kind: "inv", target_name: Some("Uncut sapphire"), x: 0, z: 0, level: 0, index: None }
[script lives6qyim_0] interact UseOn { name: "Chisel", kind: "inv", target_name: Some("Uncut sapphire"), x: 0, z: 0, level: 0, index: None }
[script lives6qyim_0] interact UseOn { name: "Chisel", kind: "inv", target_name: Some("Uncut sapphire"), x: 0, z: 0, level: 0, index: None }
[script lives6qyim_0] interact UseOn { name: "Chisel", kind: "inv", target_name: Some("Uncut sapphire"), x: 0, z: 0, level: 0, index: None }
[script lives6qyim_0] interact UseOn { name: "Chisel", kind: "inv", target_name: Some("Uncut sapphire"), x: 0, z: 0, level: 0, index: None }
[script lives6qyim_0] interact UseOn { name: "Chisel", kind: "inv", target_name: Some("Uncut sapphire"), x: 0, z: 0, level: 0, index: None }
[script lives6qyim_0] interact UseOn { name: "Chisel", kind: "inv", target_name: Some("Uncut sapphire"), x: 0, z: 0, level: 0, index: None }
[script lives6qyim_0] interact UseOn { name: "Chisel", kind: "inv", target_name: Some("Uncut sapphire"), x: 0, z: 0, level: 0, index: None }
[script lives6qyim_0] interact UseOn { name: "Chisel", kind: "inv", target_name: Some("Uncut sapphire"), x: 0, z: 0, level: 0, index: None }
[script lives6qyim_0] interact UseOn { name: "Chisel", kind: "inv", target_name: Some("Uncut sapphire"), x: 0, z: 0, level: 0, index: None }
[script lives6qyim_0] interact UseOn { name: "Chisel", kind: "inv", target_name: Some("Uncut sapphire"), x: 0, z: 0, level: 0, index: None }
[script lives6qyim_0] interact UseOn { name: "Chisel", kind: "inv", target_name: Some("Uncut sapphire"), x: 0, z: 0, level: 0, index: None }
[script lives6qyim_0] interact UseOn { name: "Chisel", kind: "inv", target_name: Some("Uncut sapphire"), x: 0, z: 0, level: 0, index: None }
[script lives6qyim_0] interact UseOn { name: "Chisel", kind: "inv", target_name: Some("Uncut sapphire"), x: 0, z: 0, level: 0, index: None }
[script lives6qyim_0] interact UseOn { name: "Chisel", kind: "inv", target_name: Some("Uncut sapphire"), x: 0, z: 0, level: 0, index: None }
[script lives6qyim_0] interact UseOn { name: "Chisel", kind: "inv", target_name: Some("Uncut sapphire"), x: 0, z: 0, level: 0, index: None }
[script lives6qyim_0] interact UseOn { name: "Chisel", kind: "inv", target_name: Some("Uncut sapphire"), x: 0, z: 0, level: 0, index: None }
[script lives6qyim_0] interact UseOn { name: "Chisel", kind: "inv", target_name: Some("Uncut sapphire"), x: 0, z: 0, level: 0, index: None }
[script lives6qyim_0] interact UseOn { name: "Chisel", kind: "inv", target_name: Some("Uncut sapphire"), x: 0, z: 0, level: 0, index: None }
[script lives6qyim_0] interact UseOn { name: "Chisel", kind: "inv", target_name: Some("Uncut sapphire"), x: 0, z: 0, level: 0, index: None }
[script lives6qyim_0] interact UseOn { name: "Chisel", kind: "inv", target_name: Some("Uncut sapphire"), x: 0, z: 0, level: 0, index: None }
[script lives6qyim_0] interact UseOn { name: "Chisel", kind: "inv", target_name: Some("Uncut sapphire"), x: 0, z: 0, level: 0, index: None }
[script lives6qyim_0] interact UseOn { name: "Chisel", kind: "inv", target_name: Some("Uncut sapphire"), x: 0, z: 0, level: 0, index: None }
[script lives6qyim_0] interact UseOn { name: "Chisel", kind: "inv", target_name: Some("Uncut sapphire"), x: 0, z: 0, level: 0, index: None }
[script lives6qyim_0] interact UseOn { name: "Chisel", kind: "inv", target_name: Some("Uncut sapphire"), x: 0, z: 0, level: 0, index: None }
[script lives6qyim_0] interact UseOn { name: "Chisel", kind: "inv", target_name: Some("Uncut sapphire"), x: 0, z: 0, level: 0, index: None }
[script lives6qyim_0] interact UseOn { name: "Chisel", kind: "inv", target_name: Some("Uncut sapphire"), x: 0, z: 0, level: 0, index: None }
[script lives6qyim_0] interact UseOn { name: "Chisel", kind: "inv", target_name: Some("Uncut sapphire"), x: 0, z: 0, level: 0, index: None }
[script lives6qyim_0] interact UseOn { name: "Chisel", kind: "inv", target_name: Some("Uncut sapphire"), x: 0, z: 0, level: 0, index: None }
[script lives6qyim_0] interact UseOn { name: "Chisel", kind: "inv", target_name: Some("Uncut sapphire"), x: 0, z: 0, level: 0, index: None }
[script lives6qyim_0] interact UseOn { name: "Chisel", kind: "inv", target_name: Some("Uncut sapphire"), x: 0, z: 0, level: 0, index: None }
[script lives6qyim_0] interact UseOn { name: "Chisel", kind: "inv", target_name: Some("Uncut sapphire"), x: 0, z: 0, level: 0, index: None }
[script lives6qyim_0] interact UseOn { name: "Chisel", kind: "inv", target_name: Some("Uncut sapphire"), x: 0, z: 0, level: 0, index: None }
[script lives6qyim_0] interact UseOn { name: "Chisel", kind: "inv", target_name: Some("Uncut sapphire"), x: 0, z: 0, level: 0, index: None }
[script lives6qyim_0] interact UseOn { name: "Chisel", kind: "inv", target_name: Some("Uncut sapphire"), x: 0, z: 0, level: 0, index: None }
[script lives6qyim_0] interact UseOn { name: "Chisel", kind: "inv", target_name: Some("Uncut sapphire"), x: 0, z: 0, level: 0, index: None }
[script lives6qyim_0] interact UseOn { name: "Chisel", kind: "inv", target_name: Some("Uncut sapphire"), x: 0, z: 0, level: 0, index: None }
[script lives6qyim_0] interact UseOn { name: "Chisel", kind: "inv", target_name: Some("Uncut sapphire"), x: 0, z: 0, level: 0, index: None }
[script lives6qyim_0] interact UseOn { name: "Chisel", kind: "inv", target_name: Some("Uncut sapphire"), x: 0, z: 0, level: 0, index: None }
[script lives6qyim_0] interact UseOn { name: "Chisel", kind: "inv", target_name: Some("Uncut sapphire"), x: 0, z: 0, level: 0, index: None }
[host] slot lives6qyim_0: d_loop_us=1542 d_raster_us=0 d_observe_us=105700 max_observe_us=10464 d_paints=0 d_skips=50 d_ticks=2 window_ms=1165
[script lives6qyim_0] interact UseOn { name: "Chisel", kind: "inv", target_name: Some("Uncut sapphire"), x: 0, z: 0, level: 0, index: None }
[script lives6qyim_0] interact UseOn { name: "Chisel", kind: "inv", target_name: Some("Uncut sapphire"), x: 0, z: 0, level: 0, index: None }
[script lives6qyim_0] interact UseOn { name: "Chisel", kind: "inv", target_name: Some("Uncut sapphire"), x: 0, z: 0, level: 0, index: None }
[script lives6qyim_0] interact UseOn { name: "Chisel", kind: "inv", target_name: Some("Uncut sapphire"), x: 0, z: 0, level: 0, index: None }
[script lives6qyim_0] interact UseOn { name: "Chisel", kind: "inv", target_name: Some("Uncut sapphire"), x: 0, z: 0, level: 0, index: None }
[script lives6qyim_0] interact UseOn { name: "Chisel", kind: "inv", target_name: Some("Uncut sapphire"), x: 0, z: 0, level: 0, index: None }
[script lives6qyim_0] interact UseOn { name: "Chisel", kind: "inv", target_name: Some("Uncut sapphire"), x: 0, z: 0, level: 0, index: None }
[script lives6qyim_0] interact UseOn { name: "Chisel", kind: "inv", target_name: Some("Uncut sapphire"), x: 0, z: 0, level: 0, index: None }
[script lives6qyim_0] interact UseOn { name: "Chisel", kind: "inv", target_name: Some("Uncut sapphire"), x: 0, z: 0, level: 0, index: None }
[script lives6qyim_0] interact UseOn { name: "Chisel", kind: "inv", target_name: Some("Uncut sapphire"), x: 0, z: 0, level: 0, index: None }
[script lives6qyim_0] interact UseOn { name: "Chisel", kind: "inv", target_name: Some("Uncut sapphire"), x: 0, z: 0, level: 0, index: None }
[script lives6qyim_0] interact UseOn { name: "Chisel", kind: "inv", target_name: Some("Uncut sapphire"), x: 0, z: 0, level: 0, index: None }
[script lives6qyim_0] interact UseOn { name: "Chisel", kind: "inv", target_name: Some("Uncut sapphire"), x: 0, z: 0, level: 0, index: None }
[script lives6qyim_0] interact UseOn { name: "Chisel", kind: "inv", target_name: Some("Uncut sapphire"), x: 0, z: 0, level: 0, index: None }
[script lives6qyim_0] interact UseOn { name: "Chisel", kind: "inv", target_name: Some("Uncut sapphire"), x: 0, z: 0, level: 0, index: None }
[script lives6qyim_0] interact UseOn { name: "Chisel", kind: "inv", target_name: Some("Uncut sapphire"), x: 0, z: 0, level: 0, index: None }
[script lives6qyim_0] interact UseOn { name: "Chisel", kind: "inv", target_name: Some("Uncut sapphire"), x: 0, z: 0, level: 0, index: None }
[script lives6qyim_0] interact UseOn { name: "Chisel", kind: "inv", target_name: Some("Uncut sapphire"), x: 0, z: 0, level: 0, index: None }
[script lives6qyim_0] interact UseOn { name: "Chisel", kind: "inv", target_name: Some("Uncut sapphire"), x: 0, z: 0, level: 0, index: None }
[script lives6qyim_0] interact UseOn { name: "Chisel", kind: "inv", target_name: Some("Uncut sapphire"), x: 0, z: 0, level: 0, index: None }
[script lives6qyim_0] interact UseOn { name: "Chisel", kind: "inv", target_name: Some("Uncut sapphire"), x: 0, z: 0, level: 0, index: None }
[script lives6qyim_0] interact UseOn { name: "Chisel", kind: "inv", target_name: Some("Uncut sapphire"), x: 0, z: 0, level: 0, index: None }
[script lives6qyim_0] interact UseOn { name: "Chisel", kind: "inv", target_name: Some("Uncut sapphire"), x: 0, z: 0, level: 0, index: None }
[script lives6qyim_0] interact UseOn { name: "Chisel", kind: "inv", target_name: Some("Uncut sapphire"), x: 0, z: 0, level: 0, index: None }
[script lives6qyim_0] interact UseOn { name: "Chisel", kind: "inv", target_name: Some("Uncut sapphire"), x: 0, z: 0, level: 0, index: None }
[script lives6qyim_0] interact UseOn { name: "Chisel", kind: "inv", target_name: Some("Uncut sapphire"), x: 0, z: 0, level: 0, index: None }
[script lives6qyim_0] interact UseOn { name: "Chisel", kind: "inv", target_name: Some("Uncut sapphire"), x: 0, z: 0, level: 0, index: None }
[script lives6qyim_0] interact UseOn { name: "Chisel", kind: "inv", target_name: Some("Uncut sapphire"), x: 0, z: 0, level: 0, index: None }
[script lives6qyim_0] interact UseOn { name: "Chisel", kind: "inv", target_name: Some("Uncut sapphire"), x: 0, z: 0, level: 0, index: None }
[script lives6qyim_0] interact UseOn { name: "Chisel", kind: "inv", target_name: Some("Uncut sapphire"), x: 0, z: 0, level: 0, index: None }
[script lives6qyim_0] interact UseOn { name: "Chisel", kind: "inv", target_name: Some("Uncut sapphire"), x: 0, z: 0, level: 0, index: None }
[script lives6qyim_0] interact UseOn { name: "Chisel", kind: "inv", target_name: Some("Uncut sapphire"), x: 0, z: 0, level: 0, index: None }
[script lives6qyim_0] interact UseOn { name: "Chisel", kind: "inv", target_name: Some("Uncut sapphire"), x: 0, z: 0, level: 0, index: None }
[script lives6qyim_0] interact UseOn { name: "Chisel", kind: "inv", target_name: Some("Uncut sapphire"), x: 0, z: 0, level: 0, index: None }
[script lives6qyim_0] interact UseOn { name: "Chisel", kind: "inv", target_name: Some("Uncut sapphire"), x: 0, z: 0, level: 0, index: None }
[script lives6qyim_0] interact UseOn { name: "Chisel", kind: "inv", target_name: Some("Uncut sapphire"), x: 0, z: 0, level: 0, index: None }
[script lives6qyim_0] interact UseOn { name: "Chisel", kind: "inv", target_name: Some("Uncut sapphire"), x: 0, z: 0, level: 0, index: None }
[script lives6qyim_0] interact UseOn { name: "Chisel", kind: "inv", target_name: Some("Uncut sapphire"), x: 0, z: 0, level: 0, index: None }
[script lives6qyim_0] interact UseOn { name: "Chisel", kind: "inv", target_name: Some("Uncut sapphire"), x: 0, z: 0, level: 0, index: None }
[script lives6qyim_0] interact UseOn { name: "Chisel", kind: "inv", target_name: Some("Uncut sapphire"), x: 0, z: 0, level: 0, index: None }
[script lives6qyim_0] interact UseOn { name: "Chisel", kind: "inv", target_name: Some("Uncut sapphire"), x: 0, z: 0, level: 0, index: None }
[script lives6qyim_0] interact UseOn { name: "Chisel", kind: "inv", target_name: Some("Uncut sapphire"), x: 0, z: 0, level: 0, index: None }
[script lives6qyim_0] interact UseOn { name: "Chisel", kind: "inv", target_name: Some("Uncut sapphire"), x: 0, z: 0, level: 0, index: None }
[script lives6qyim_0] interact UseOn { name: "Chisel", kind: "inv", target_name: Some("Uncut sapphire"), x: 0, z: 0, level: 0, index: None }
[script lives6qyim_0] interact UseOn { name: "Chisel", kind: "inv", target_name: Some("Uncut sapphire"), x: 0, z: 0, level: 0, index: None }
[script lives6qyim_0] interact UseOn { name: "Chisel", kind: "inv", target_name: Some("Uncut sapphire"), x: 0, z: 0, level: 0, index: None }
[script lives6qyim_0] interact UseOn { name: "Chisel", kind: "inv", target_name: Some("Uncut sapphire"), x: 0, z: 0, level: 0, index: None }
[script lives6qyim_0] interact UseOn { name: "Chisel", kind: "inv", target_name: Some("Uncut sapphire"), x: 0, z: 0, level: 0, index: None }
[script lives6qyim_0] interact UseOn { name: "Chisel", kind: "inv", target_name: Some("Uncut sapphire"), x: 0, z: 0, level: 0, index: None }
[script lives6qyim_0] interact UseOn { name: "Chisel", kind: "inv", target_name: Some("Uncut sapphire"), x: 0, z: 0, level: 0, index: None }
[script lives6qyim_0] interact UseOn { name: "Chisel", kind: "inv", target_name: Some("Uncut sapphire"), x: 0, z: 0, level: 0, index: None }
[script lives6qyim_0] interact UseOn { name: "Chisel", kind: "inv", target_name: Some("Uncut sapphire"), x: 0, z: 0, level: 0, index: None }
[script lives6qyim_0] interact UseOn { name: "Chisel", kind: "inv", target_name: Some("Uncut sapphire"), x: 0, z: 0, level: 0, index: None }
[script lives6qyim_0] interact UseOn { name: "Chisel", kind: "inv", target_name: Some("Uncut sapphire"), x: 0, z: 0, level: 0, index: None }
[script lives6qyim_0] interact UseOn { name: "Chisel", kind: "inv", target_name: Some("Uncut sapphire"), x: 0, z: 0, level: 0, index: None }
[script lives6qyim_0] interact UseOn { name: "Chisel", kind: "inv", target_name: Some("Uncut sapphire"), x: 0, z: 0, level: 0, index: None }
[script lives6qyim_0] interact UseOn { name: "Chisel", kind: "inv", target_name: Some("Uncut sapphire"), x: 0, z: 0, level: 0, index: None }
[script lives6qyim_0] interact UseOn { name: "Chisel", kind: "inv", target_name: Some("Uncut sapphire"), x: 0, z: 0, level: 0, index: None }
[script lives6qyim_0] interact UseOn { name: "Chisel", kind: "inv", target_name: Some("Uncut sapphire"), x: 0, z: 0, level: 0, index: None }
[script lives6qyim_0] interact UseOn { name: "Chisel", kind: "inv", target_name: Some("Uncut sapphire"), x: 0, z: 0, level: 0, index: None }
[host] slot lives6qyim_0: d_loop_us=1335 d_raster_us=0 d_observe_us=93163 max_observe_us=7888 d_paints=0 d_skips=50 d_ticks=2 window_ms=1170
[host] slot lives6qyim_0: d_loop_us=1223 d_raster_us=0 d_observe_us=92307 max_observe_us=10005 d_paints=0 d_skips=50 d_ticks=2 window_ms=1168
[script lives6qyim_0] interact UseOn { name: "Chisel", kind: "inv", target_name: Some("Uncut sapphire"), x: 0, z: 0, level: 0, index: None }
[script lives6qyim_0] interact UseOn { name: "Chisel", kind: "inv", target_name: Some("Uncut sapphire"), x: 0, z: 0, level: 0, index: None }
[script lives6qyim_0] interact UseOn { name: "Chisel", kind: "inv", target_name: Some("Uncut sapphire"), x: 0, z: 0, level: 0, index: None }
[script lives6qyim_0] interact UseOn { name: "Chisel", kind: "inv", target_name: Some("Uncut sapphire"), x: 0, z: 0, level: 0, index: None }
[script lives6qyim_0] interact UseOn { name: "Chisel", kind: "inv", target_name: Some("Uncut sapphire"), x: 0, z: 0, level: 0, index: None }
[script lives6qyim_0] interact UseOn { name: "Chisel", kind: "inv", target_name: Some("Uncut sapphire"), x: 0, z: 0, level: 0, index: None }
[script lives6qyim_0] interact UseOn { name: "Chisel", kind: "inv", target_name: Some("Uncut sapphire"), x: 0, z: 0, level: 0, index: None }
[script lives6qyim_0] interact UseOn { name: "Chisel", kind: "inv", target_name: Some("Uncut sapphire"), x: 0, z: 0, level: 0, index: None }
[script lives6qyim_0] interact UseOn { name: "Chisel", kind: "inv", target_name: Some("Uncut sapphire"), x: 0, z: 0, level: 0, index: None }
[script lives6qyim_0] interact UseOn { name: "Chisel", kind: "inv", target_name: Some("Uncut sapphire"), x: 0, z: 0, level: 0, index: None }
[script lives6qyim_0] interact UseOn { name: "Chisel", kind: "inv", target_name: Some("Uncut sapphire"), x: 0, z: 0, level: 0, index: None }
[script lives6qyim_0] interact UseOn { name: "Chisel", kind: "inv", target_name: Some("Uncut sapphire"), x: 0, z: 0, level: 0, index: None }
[script lives6qyim_0] interact UseOn { name: "Chisel", kind: "inv", target_name: Some("Uncut sapphire"), x: 0, z: 0, level: 0, index: None }
[script lives6qyim_0] interact UseOn { name: "Chisel", kind: "inv", target_name: Some("Uncut sapphire"), x: 0, z: 0, level: 0, index: None }
[script lives6qyim_0] interact UseOn { name: "Chisel", kind: "inv", target_name: Some("Uncut sapphire"), x: 0, z: 0, level: 0, index: None }
[script lives6qyim_0] interact UseOn { name: "Chisel", kind: "inv", target_name: Some("Uncut sapphire"), x: 0, z: 0, level: 0, index: None }
[script lives6qyim_0] interact UseOn { name: "Chisel", kind: "inv", target_name: Some("Uncut sapphire"), x: 0, z: 0, level: 0, index: None }
[script lives6qyim_0] interact UseOn { name: "Chisel", kind: "inv", target_name: Some("Uncut sapphire"), x: 0, z: 0, level: 0, index: None }
[script lives6qyim_0] interact UseOn { name: "Chisel", kind: "inv", target_name: Some("Uncut sapphire"), x: 0, z: 0, level: 0, index: None }
[script lives6qyim_0] interact UseOn { name: "Chisel", kind: "inv", target_name: Some("Uncut sapphire"), x: 0, z: 0, level: 0, index: None }
[script lives6qyim_0] interact UseOn { name: "Chisel", kind: "inv", target_name: Some("Uncut sapphire"), x: 0, z: 0, level: 0, index: None }
[script lives6qyim_0] interact UseOn { name: "Chisel", kind: "inv", target_name: Some("Uncut sapphire"), x: 0, z: 0, level: 0, index: None }
[script lives6qyim_0] interact UseOn { name: "Chisel", kind: "inv", target_name: Some("Uncut sapphire"), x: 0, z: 0, level: 0, index: None }
[script lives6qyim_0] interact UseOn { name: "Chisel", kind: "inv", target_name: Some("Uncut sapphire"), x: 0, z: 0, level: 0, index: None }
[script lives6qyim_0] interact UseOn { name: "Chisel", kind: "inv", target_name: Some("Uncut sapphire"), x: 0, z: 0, level: 0, index: None }
[script lives6qyim_0] interact UseOn { name: "Chisel", kind: "inv", target_name: Some("Uncut sapphire"), x: 0, z: 0, level: 0, index: None }
[script lives6qyim_0] interact UseOn { name: "Chisel", kind: "inv", target_name: Some("Uncut sapphire"), x: 0, z: 0, level: 0, index: None }
[script lives6qyim_0] interact UseOn { name: "Chisel", kind: "inv", target_name: Some("Uncut sapphire"), x: 0, z: 0, level: 0, index: None }
[script lives6qyim_0] interact UseOn { name: "Chisel", kind: "inv", target_name: Some("Uncut sapphire"), x: 0, z: 0, level: 0, index: None }
[script lives6qyim_0] interact UseOn { name: "Chisel", kind: "inv", target_name: Some("Uncut sapphire"), x: 0, z: 0, level: 0, index: None }
[script lives6qyim_0] interact UseOn { name: "Chisel", kind: "inv", target_name: Some("Uncut sapphire"), x: 0, z: 0, level: 0, index: None }
[script lives6qyim_0] interact UseOn { name: "Chisel", kind: "inv", target_name: Some("Uncut sapphire"), x: 0, z: 0, level: 0, index: None }
[script lives6qyim_0] interact UseOn { name: "Chisel", kind: "inv", target_name: Some("Uncut sapphire"), x: 0, z: 0, level: 0, index: None }
[script lives6qyim_0] interact UseOn { name: "Chisel", kind: "inv", target_name: Some("Uncut sapphire"), x: 0, z: 0, level: 0, index: None }
[script lives6qyim_0] interact UseOn { name: "Chisel", kind: "inv", target_name: Some("Uncut sapphire"), x: 0, z: 0, level: 0, index: None }
[script lives6qyim_0] interact UseOn { name: "Chisel", kind: "inv", target_name: Some("Uncut sapphire"), x: 0, z: 0, level: 0, index: None }
[script lives6qyim_0] interact UseOn { name: "Chisel", kind: "inv", target_name: Some("Uncut sapphire"), x: 0, z: 0, level: 0, index: None }
[script lives6qyim_0] interact UseOn { name: "Chisel", kind: "inv", target_name: Some("Uncut sapphire"), x: 0, z: 0, level: 0, index: None }
[script lives6qyim_0] interact UseOn { name: "Chisel", kind: "inv", target_name: Some("Uncut sapphire"), x: 0, z: 0, level: 0, index: None }
[script lives6qyim_0] interact UseOn { name: "Chisel", kind: "inv", target_name: Some("Uncut sapphire"), x: 0, z: 0, level: 0, index: None }
[script lives6qyim_0] interact UseOn { name: "Chisel", kind: "inv", target_name: Some("Uncut sapphire"), x: 0, z: 0, level: 0, index: None }
[script lives6qyim_0] interact UseOn { name: "Chisel", kind: "inv", target_name: Some("Uncut sapphire"), x: 0, z: 0, level: 0, index: None }
[script lives6qyim_0] interact UseOn { name: "Chisel", kind: "inv", target_name: Some("Uncut sapphire"), x: 0, z: 0, level: 0, index: None }
[script lives6qyim_0] interact UseOn { name: "Chisel", kind: "inv", target_name: Some("Uncut sapphire"), x: 0, z: 0, level: 0, index: None }
[script lives6qyim_0] interact UseOn { name: "Chisel", kind: "inv", target_name: Some("Uncut sapphire"), x: 0, z: 0, level: 0, index: None }
[script lives6qyim_0] interact UseOn { name: "Chisel", kind: "inv", target_name: Some("Uncut sapphire"), x: 0, z: 0, level: 0, index: None }
[script lives6qyim_0] interact UseOn { name: "Chisel", kind: "inv", target_name: Some("Uncut sapphire"), x: 0, z: 0, level: 0, index: None }
[script lives6qyim_0] interact UseOn { name: "Chisel", kind: "inv", target_name: Some("Uncut sapphire"), x: 0, z: 0, level: 0, index: None }
[script lives6qyim_0] interact UseOn { name: "Chisel", kind: "inv", target_name: Some("Uncut sapphire"), x: 0, z: 0, level: 0, index: None }
[script lives6qyim_0] interact UseOn { name: "Chisel", kind: "inv", target_name: Some("Uncut sapphire"), x: 0, z: 0, level: 0, index: None }
[script lives6qyim_0] interact UseOn { name: "Chisel", kind: "inv", target_name: Some("Uncut sapphire"), x: 0, z: 0, level: 0, index: None }
[script lives6qyim_0] interact UseOn { name: "Chisel", kind: "inv", target_name: Some("Uncut sapphire"), x: 0, z: 0, level: 0, index: None }
[script lives6qyim_0] interact UseOn { name: "Chisel", kind: "inv", target_name: Some("Uncut sapphire"), x: 0, z: 0, level: 0, index: None }
[script lives6qyim_0] interact UseOn { name: "Chisel", kind: "inv", target_name: Some("Uncut sapphire"), x: 0, z: 0, level: 0, index: None }
[script lives6qyim_0] interact UseOn { name: "Chisel", kind: "inv", target_name: Some("Uncut sapphire"), x: 0, z: 0, level: 0, index: None }
[script lives6qyim_0] interact UseOn { name: "Chisel", kind: "inv", target_name: Some("Uncut sapphire"), x: 0, z: 0, level: 0, index: None }
[script lives6qyim_0] interact UseOn { name: "Chisel", kind: "inv", target_name: Some("Uncut sapphire"), x: 0, z: 0, level: 0, index: None }
[script lives6qyim_0] interact UseOn { name: "Chisel", kind: "inv", target_name: Some("Uncut sapphire"), x: 0, z: 0, level: 0, index: None }
[script lives6qyim_0] interact UseOn { name: "Chisel", kind: "inv", target_name: Some("Uncut sapphire"), x: 0, z: 0, level: 0, index: None }
[script lives6qyim_0] interact UseOn { name: "Chisel", kind: "inv", target_name: Some("Uncut sapphire"), x: 0, z: 0, level: 0, index: None }
[host] slot lives6qyim_0: d_loop_us=1058 d_raster_us=0 d_observe_us=98486 max_observe_us=12918 d_paints=0 d_skips=50 d_ticks=2 window_ms=1190
[script lives6qyim_0] interact UseOn { name: "Chisel", kind: "inv", target_name: Some("Uncut sapphire"), x: 0, z: 0, level: 0, index: None }
[script lives6qyim_0] interact UseOn { name: "Chisel", kind: "inv", target_name: Some("Uncut sapphire"), x: 0, z: 0, level: 0, index: None }
[script lives6qyim_0] interact UseOn { name: "Chisel", kind: "inv", target_name: Some("Uncut sapphire"), x: 0, z: 0, level: 0, index: None }
[script lives6qyim_0] interact UseOn { name: "Chisel", kind: "inv", target_name: Some("Uncut sapphire"), x: 0, z: 0, level: 0, index: None }
[script lives6qyim_0] interact UseOn { name: "Chisel", kind: "inv", target_name: Some("Uncut sapphire"), x: 0, z: 0, level: 0, index: None }
[script lives6qyim_0] interact UseOn { name: "Chisel", kind: "inv", target_name: Some("Uncut sapphire"), x: 0, z: 0, level: 0, index: None }
[script lives6qyim_0] interact UseOn { name: "Chisel", kind: "inv", target_name: Some("Uncut sapphire"), x: 0, z: 0, level: 0, index: None }
[script lives6qyim_0] interact UseOn { name: "Chisel", kind: "inv", target_name: Some("Uncut sapphire"), x: 0, z: 0, level: 0, index: None }
[script lives6qyim_0] interact UseOn { name: "Chisel", kind: "inv", target_name: Some("Uncut sapphire"), x: 0, z: 0, level: 0, index: None }
[script lives6qyim_0] interact UseOn { name: "Chisel", kind: "inv", target_name: Some("Uncut sapphire"), x: 0, z: 0, level: 0, index: None }
[script lives6qyim_0] interact UseOn { name: "Chisel", kind: "inv", target_name: Some("Uncut sapphire"), x: 0, z: 0, level: 0, index: None }
[script lives6qyim_0] interact UseOn { name: "Chisel", kind: "inv", target_name: Some("Uncut sapphire"), x: 0, z: 0, level: 0, index: None }
[script lives6qyim_0] interact UseOn { name: "Chisel", kind: "inv", target_name: Some("Uncut sapphire"), x: 0, z: 0, level: 0, index: None }
[script lives6qyim_0] interact UseOn { name: "Chisel", kind: "inv", target_name: Some("Uncut sapphire"), x: 0, z: 0, level: 0, index: None }
[script lives6qyim_0] interact UseOn { name: "Chisel", kind: "inv", target_name: Some("Uncut sapphire"), x: 0, z: 0, level: 0, index: None }
[script lives6qyim_0] interact UseOn { name: "Chisel", kind: "inv", target_name: Some("Uncut sapphire"), x: 0, z: 0, level: 0, index: None }
[script lives6qyim_0] interact UseOn { name: "Chisel", kind: "inv", target_name: Some("Uncut sapphire"), x: 0, z: 0, level: 0, index: None }
[script lives6qyim_0] interact UseOn { name: "Chisel", kind: "inv", target_name: Some("Uncut sapphire"), x: 0, z: 0, level: 0, index: None }
[script lives6qyim_0] interact UseOn { name: "Chisel", kind: "inv", target_name: Some("Uncut sapphire"), x: 0, z: 0, level: 0, index: None }
[script lives6qyim_0] interact UseOn { name: "Chisel", kind: "inv", target_name: Some("Uncut sapphire"), x: 0, z: 0, level: 0, index: None }
[script lives6qyim_0] interact UseOn { name: "Chisel", kind: "inv", target_name: Some("Uncut sapphire"), x: 0, z: 0, level: 0, index: None }
[script lives6qyim_0] interact UseOn { name: "Chisel", kind: "inv", target_name: Some("Uncut sapphire"), x: 0, z: 0, level: 0, index: None }
[script lives6qyim_0] interact UseOn { name: "Chisel", kind: "inv", target_name: Some("Uncut sapphire"), x: 0, z: 0, level: 0, index: None }
[script lives6qyim_0] interact UseOn { name: "Chisel", kind: "inv", target_name: Some("Uncut sapphire"), x: 0, z: 0, level: 0, index: None }
[script lives6qyim_0] interact UseOn { name: "Chisel", kind: "inv", target_name: Some("Uncut sapphire"), x: 0, z: 0, level: 0, index: None }
[script lives6qyim_0] interact UseOn { name: "Chisel", kind: "inv", target_name: Some("Uncut sapphire"), x: 0, z: 0, level: 0, index: None }
[script lives6qyim_0] interact UseOn { name: "Chisel", kind: "inv", target_name: Some("Uncut sapphire"), x: 0, z: 0, level: 0, index: None }
[script lives6qyim_0] interact UseOn { name: "Chisel", kind: "inv", target_name: Some("Uncut sapphire"), x: 0, z: 0, level: 0, index: None }
[script lives6qyim_0] interact UseOn { name: "Chisel", kind: "inv", target_name: Some("Uncut sapphire"), x: 0, z: 0, level: 0, index: None }
[script lives6qyim_0] interact UseOn { name: "Chisel", kind: "inv", target_name: Some("Uncut sapphire"), x: 0, z: 0, level: 0, index: None }
[script lives6qyim_0] interact UseOn { name: "Chisel", kind: "inv", target_name: Some("Uncut sapphire"), x: 0, z: 0, level: 0, index: None }
[script lives6qyim_0] interact UseOn { name: "Chisel", kind: "inv", target_name: Some("Uncut sapphire"), x: 0, z: 0, level: 0, index: None }
[script lives6qyim_0] interact UseOn { name: "Chisel", kind: "inv", target_name: Some("Uncut sapphire"), x: 0, z: 0, level: 0, index: None }
[script lives6qyim_0] interact UseOn { name: "Chisel", kind: "inv", target_name: Some("Uncut sapphire"), x: 0, z: 0, level: 0, index: None }
[script lives6qyim_0] interact UseOn { name: "Chisel", kind: "inv", target_name: Some("Uncut sapphire"), x: 0, z: 0, level: 0, index: None }
[script lives6qyim_0] interact UseOn { name: "Chisel", kind: "inv", target_name: Some("Uncut sapphire"), x: 0, z: 0, level: 0, index: None }
[script lives6qyim_0] interact UseOn { name: "Chisel", kind: "inv", target_name: Some("Uncut sapphire"), x: 0, z: 0, level: 0, index: None }
[script lives6qyim_0] interact UseOn { name: "Chisel", kind: "inv", target_name: Some("Uncut sapphire"), x: 0, z: 0, level: 0, index: None }
[script lives6qyim_0] interact UseOn { name: "Chisel", kind: "inv", target_name: Some("Uncut sapphire"), x: 0, z: 0, level: 0, index: None }
[script lives6qyim_0] interact UseOn { name: "Chisel", kind: "inv", target_name: Some("Uncut sapphire"), x: 0, z: 0, level: 0, index: None }
[script lives6qyim_0] interact UseOn { name: "Chisel", kind: "inv", target_name: Some("Uncut sapphire"), x: 0, z: 0, level: 0, index: None }
[script lives6qyim_0] interact UseOn { name: "Chisel", kind: "inv", target_name: Some("Uncut sapphire"), x: 0, z: 0, level: 0, index: None }
[script lives6qyim_0] interact UseOn { name: "Chisel", kind: "inv", target_name: Some("Uncut sapphire"), x: 0, z: 0, level: 0, index: None }
[script lives6qyim_0] interact UseOn { name: "Chisel", kind: "inv", target_name: Some("Uncut sapphire"), x: 0, z: 0, level: 0, index: None }
[script lives6qyim_0] interact UseOn { name: "Chisel", kind: "inv", target_name: Some("Uncut sapphire"), x: 0, z: 0, level: 0, index: None }
[script lives6qyim_0] interact UseOn { name: "Chisel", kind: "inv", target_name: Some("Uncut sapphire"), x: 0, z: 0, level: 0, index: None }
[script lives6qyim_0] interact UseOn { name: "Chisel", kind: "inv", target_name: Some("Uncut sapphire"), x: 0, z: 0, level: 0, index: None }
[script lives6qyim_0] interact UseOn { name: "Chisel", kind: "inv", target_name: Some("Uncut sapphire"), x: 0, z: 0, level: 0, index: None }
[script lives6qyim_0] interact UseOn { name: "Chisel", kind: "inv", target_name: Some("Uncut sapphire"), x: 0, z: 0, level: 0, index: None }
[script lives6qyim_0] interact UseOn { name: "Chisel", kind: "inv", target_name: Some("Uncut sapphire"), x: 0, z: 0, level: 0, index: None }
[script lives6qyim_0] interact UseOn { name: "Chisel", kind: "inv", target_name: Some("Uncut sapphire"), x: 0, z: 0, level: 0, index: None }
[script lives6qyim_0] interact UseOn { name: "Chisel", kind: "inv", target_name: Some("Uncut sapphire"), x: 0, z: 0, level: 0, index: None }
[script lives6qyim_0] interact UseOn { name: "Chisel", kind: "inv", target_name: Some("Uncut sapphire"), x: 0, z: 0, level: 0, index: None }
[script lives6qyim_0] interact UseOn { name: "Chisel", kind: "inv", target_name: Some("Uncut sapphire"), x: 0, z: 0, level: 0, index: None }
[script lives6qyim_0] interact UseOn { name: "Chisel", kind: "inv", target_name: Some("Uncut sapphire"), x: 0, z: 0, level: 0, index: None }
[script lives6qyim_0] interact UseOn { name: "Chisel", kind: "inv", target_name: Some("Uncut sapphire"), x: 0, z: 0, level: 0, index: None }
[script lives6qyim_0] interact UseOn { name: "Chisel", kind: "inv", target_name: Some("Uncut sapphire"), x: 0, z: 0, level: 0, index: None }
[script lives6qyim_0] interact UseOn { name: "Chisel", kind: "inv", target_name: Some("Uncut sapphire"), x: 0, z: 0, level: 0, index: None }
[script lives6qyim_0] interact UseOn { name: "Chisel", kind: "inv", target_name: Some("Uncut sapphire"), x: 0, z: 0, level: 0, index: None }
[script lives6qyim_0] interact UseOn { name: "Chisel", kind: "inv", target_name: Some("Uncut sapphire"), x: 0, z: 0, level: 0, index: None }
[host] slot lives6qyim_0: d_loop_us=1061 d_raster_us=0 d_observe_us=109654 max_observe_us=12564 d_paints=0 d_skips=50 d_ticks=2 window_ms=1187
[host] slot lives6qyim_0: d_loop_us=1148 d_raster_us=0 d_observe_us=80902 max_observe_us=15149 d_paints=0 d_skips=50 d_ticks=2 window_ms=1172
[script lives6qyim_0] interact UseOn { name: "Chisel", kind: "inv", target_name: Some("Uncut sapphire"), x: 0, z: 0, level: 0, index: None }
[script lives6qyim_0] interact UseOn { name: "Chisel", kind: "inv", target_name: Some("Uncut sapphire"), x: 0, z: 0, level: 0, index: None }
[script lives6qyim_0] interact UseOn { name: "Chisel", kind: "inv", target_name: Some("Uncut sapphire"), x: 0, z: 0, level: 0, index: None }
[script lives6qyim_0] interact UseOn { name: "Chisel", kind: "inv", target_name: Some("Uncut sapphire"), x: 0, z: 0, level: 0, index: None }
[script lives6qyim_0] interact UseOn { name: "Chisel", kind: "inv", target_name: Some("Uncut sapphire"), x: 0, z: 0, level: 0, index: None }
[script lives6qyim_0] interact UseOn { name: "Chisel", kind: "inv", target_name: Some("Uncut sapphire"), x: 0, z: 0, level: 0, index: None }
[script lives6qyim_0] interact UseOn { name: "Chisel", kind: "inv", target_name: Some("Uncut sapphire"), x: 0, z: 0, level: 0, index: None }
[script lives6qyim_0] interact UseOn { name: "Chisel", kind: "inv", target_name: Some("Uncut sapphire"), x: 0, z: 0, level: 0, index: None }
[script lives6qyim_0] interact UseOn { name: "Chisel", kind: "inv", target_name: Some("Uncut sapphire"), x: 0, z: 0, level: 0, index: None }
[script lives6qyim_0] interact UseOn { name: "Chisel", kind: "inv", target_name: Some("Uncut sapphire"), x: 0, z: 0, level: 0, index: None }
[script lives6qyim_0] interact UseOn { name: "Chisel", kind: "inv", target_name: Some("Uncut sapphire"), x: 0, z: 0, level: 0, index: None }
[script lives6qyim_0] interact UseOn { name: "Chisel", kind: "inv", target_name: Some("Uncut sapphire"), x: 0, z: 0, level: 0, index: None }
[script lives6qyim_0] interact UseOn { name: "Chisel", kind: "inv", target_name: Some("Uncut sapphire"), x: 0, z: 0, level: 0, index: None }
[script lives6qyim_0] interact UseOn { name: "Chisel", kind: "inv", target_name: Some("Uncut sapphire"), x: 0, z: 0, level: 0, index: None }
[script lives6qyim_0] interact UseOn { name: "Chisel", kind: "inv", target_name: Some("Uncut sapphire"), x: 0, z: 0, level: 0, index: None }
[script lives6qyim_0] interact UseOn { name: "Chisel", kind: "inv", target_name: Some("Uncut sapphire"), x: 0, z: 0, level: 0, index: None }
[script lives6qyim_0] interact UseOn { name: "Chisel", kind: "inv", target_name: Some("Uncut sapphire"), x: 0, z: 0, level: 0, index: None }
[script lives6qyim_0] interact UseOn { name: "Chisel", kind: "inv", target_name: Some("Uncut sapphire"), x: 0, z: 0, level: 0, index: None }
[script lives6qyim_0] interact UseOn { name: "Chisel", kind: "inv", target_name: Some("Uncut sapphire"), x: 0, z: 0, level: 0, index: None }
[script lives6qyim_0] interact UseOn { name: "Chisel", kind: "inv", target_name: Some("Uncut sapphire"), x: 0, z: 0, level: 0, index: None }
[script lives6qyim_0] interact UseOn { name: "Chisel", kind: "inv", target_name: Some("Uncut sapphire"), x: 0, z: 0, level: 0, index: None }
[script lives6qyim_0] interact UseOn { name: "Chisel", kind: "inv", target_name: Some("Uncut sapphire"), x: 0, z: 0, level: 0, index: None }
[script lives6qyim_0] interact UseOn { name: "Chisel", kind: "inv", target_name: Some("Uncut sapphire"), x: 0, z: 0, level: 0, index: None }
[script lives6qyim_0] interact UseOn { name: "Chisel", kind: "inv", target_name: Some("Uncut sapphire"), x: 0, z: 0, level: 0, index: None }
[script lives6qyim_0] interact UseOn { name: "Chisel", kind: "inv", target_name: Some("Uncut sapphire"), x: 0, z: 0, level: 0, index: None }
[script lives6qyim_0] interact UseOn { name: "Chisel", kind: "inv", target_name: Some("Uncut sapphire"), x: 0, z: 0, level: 0, index: None }
[script lives6qyim_0] interact UseOn { name: "Chisel", kind: "inv", target_name: Some("Uncut sapphire"), x: 0, z: 0, level: 0, index: None }
[script lives6qyim_0] interact UseOn { name: "Chisel", kind: "inv", target_name: Some("Uncut sapphire"), x: 0, z: 0, level: 0, index: None }
[script lives6qyim_0] interact UseOn { name: "Chisel", kind: "inv", target_name: Some("Uncut sapphire"), x: 0, z: 0, level: 0, index: None }
[script lives6qyim_0] interact UseOn { name: "Chisel", kind: "inv", target_name: Some("Uncut sapphire"), x: 0, z: 0, level: 0, index: None }
[script lives6qyim_0] interact UseOn { name: "Chisel", kind: "inv", target_name: Some("Uncut sapphire"), x: 0, z: 0, level: 0, index: None }
[script lives6qyim_0] interact UseOn { name: "Chisel", kind: "inv", target_name: Some("Uncut sapphire"), x: 0, z: 0, level: 0, index: None }
[script lives6qyim_0] interact UseOn { name: "Chisel", kind: "inv", target_name: Some("Uncut sapphire"), x: 0, z: 0, level: 0, index: None }
[script lives6qyim_0] interact UseOn { name: "Chisel", kind: "inv", target_name: Some("Uncut sapphire"), x: 0, z: 0, level: 0, index: None }
[script lives6qyim_0] interact UseOn { name: "Chisel", kind: "inv", target_name: Some("Uncut sapphire"), x: 0, z: 0, level: 0, index: None }
[script lives6qyim_0] interact UseOn { name: "Chisel", kind: "inv", target_name: Some("Uncut sapphire"), x: 0, z: 0, level: 0, index: None }
[script lives6qyim_0] interact UseOn { name: "Chisel", kind: "inv", target_name: Some("Uncut sapphire"), x: 0, z: 0, level: 0, index: None }
[script lives6qyim_0] interact UseOn { name: "Chisel", kind: "inv", target_name: Some("Uncut sapphire"), x: 0, z: 0, level: 0, index: None }
[script lives6qyim_0] interact UseOn { name: "Chisel", kind: "inv", target_name: Some("Uncut sapphire"), x: 0, z: 0, level: 0, index: None }
[script lives6qyim_0] interact UseOn { name: "Chisel", kind: "inv", target_name: Some("Uncut sapphire"), x: 0, z: 0, level: 0, index: None }
[script lives6qyim_0] interact UseOn { name: "Chisel", kind: "inv", target_name: Some("Uncut sapphire"), x: 0, z: 0, level: 0, index: None }
[script lives6qyim_0] interact UseOn { name: "Chisel", kind: "inv", target_name: Some("Uncut sapphire"), x: 0, z: 0, level: 0, index: None }
[script lives6qyim_0] interact UseOn { name: "Chisel", kind: "inv", target_name: Some("Uncut sapphire"), x: 0, z: 0, level: 0, index: None }
[script lives6qyim_0] interact UseOn { name: "Chisel", kind: "inv", target_name: Some("Uncut sapphire"), x: 0, z: 0, level: 0, index: None }
[script lives6qyim_0] interact UseOn { name: "Chisel", kind: "inv", target_name: Some("Uncut sapphire"), x: 0, z: 0, level: 0, index: None }
[script lives6qyim_0] interact UseOn { name: "Chisel", kind: "inv", target_name: Some("Uncut sapphire"), x: 0, z: 0, level: 0, index: None }
[script lives6qyim_0] interact UseOn { name: "Chisel", kind: "inv", target_name: Some("Uncut sapphire"), x: 0, z: 0, level: 0, index: None }
[script lives6qyim_0] interact UseOn { name: "Chisel", kind: "inv", target_name: Some("Uncut sapphire"), x: 0, z: 0, level: 0, index: None }
[script lives6qyim_0] interact UseOn { name: "Chisel", kind: "inv", target_name: Some("Uncut sapphire"), x: 0, z: 0, level: 0, index: None }
[script lives6qyim_0] interact UseOn { name: "Chisel", kind: "inv", target_name: Some("Uncut sapphire"), x: 0, z: 0, level: 0, index: None }
[script lives6qyim_0] interact UseOn { name: "Chisel", kind: "inv", target_name: Some("Uncut sapphire"), x: 0, z: 0, level: 0, index: None }
[script lives6qyim_0] interact UseOn { name: "Chisel", kind: "inv", target_name: Some("Uncut sapphire"), x: 0, z: 0, level: 0, index: None }
[script lives6qyim_0] interact UseOn { name: "Chisel", kind: "inv", target_name: Some("Uncut sapphire"), x: 0, z: 0, level: 0, index: None }
[script lives6qyim_0] interact UseOn { name: "Chisel", kind: "inv", target_name: Some("Uncut sapphire"), x: 0, z: 0, level: 0, index: None }
[script lives6qyim_0] interact UseOn { name: "Chisel", kind: "inv", target_name: Some("Uncut sapphire"), x: 0, z: 0, level: 0, index: None }
[script lives6qyim_0] interact UseOn { name: "Chisel", kind: "inv", target_name: Some("Uncut sapphire"), x: 0, z: 0, level: 0, index: None }
[script lives6qyim_0] interact UseOn { name: "Chisel", kind: "inv", target_name: Some("Uncut sapphire"), x: 0, z: 0, level: 0, index: None }
[script lives6qyim_0] interact UseOn { name: "Chisel", kind: "inv", target_name: Some("Uncut sapphire"), x: 0, z: 0, level: 0, index: None }
[script lives6qyim_0] interact UseOn { name: "Chisel", kind: "inv", target_name: Some("Uncut sapphire"), x: 0, z: 0, level: 0, index: None }
[script lives6qyim_0] interact UseOn { name: "Chisel", kind: "inv", target_name: Some("Uncut sapphire"), x: 0, z: 0, level: 0, index: None }
[host] slot lives6qyim_0: d_loop_us=1376 d_raster_us=0 d_observe_us=92901 max_observe_us=13330 d_paints=0 d_skips=50 d_ticks=2 window_ms=1200
[script lives6qyim_0] interact UseOn { name: "Chisel", kind: "inv", target_name: Some("Uncut sapphire"), x: 0, z: 0, level: 0, index: None }
[script lives6qyim_0] interact UseOn { name: "Chisel", kind: "inv", target_name: Some("Uncut sapphire"), x: 0, z: 0, level: 0, index: None }
[script lives6qyim_0] interact UseOn { name: "Chisel", kind: "inv", target_name: Some("Uncut sapphire"), x: 0, z: 0, level: 0, index: None }
[script lives6qyim_0] interact UseOn { name: "Chisel", kind: "inv", target_name: Some("Uncut sapphire"), x: 0, z: 0, level: 0, index: None }
[script lives6qyim_0] interact UseOn { name: "Chisel", kind: "inv", target_name: Some("Uncut sapphire"), x: 0, z: 0, level: 0, index: None }
[script lives6qyim_0] interact UseOn { name: "Chisel", kind: "inv", target_name: Some("Uncut sapphire"), x: 0, z: 0, level: 0, index: None }
[script lives6qyim_0] interact UseOn { name: "Chisel", kind: "inv", target_name: Some("Uncut sapphire"), x: 0, z: 0, level: 0, index: None }
[script lives6qyim_0] interact UseOn { name: "Chisel", kind: "inv", target_name: Some("Uncut sapphire"), x: 0, z: 0, level: 0, index: None }
[script lives6qyim_0] interact UseOn { name: "Chisel", kind: "inv", target_name: Some("Uncut sapphire"), x: 0, z: 0, level: 0, index: None }
[script lives6qyim_0] interact UseOn { name: "Chisel", kind: "inv", target_name: Some("Uncut sapphire"), x: 0, z: 0, level: 0, index: None }
[script lives6qyim_0] interact UseOn { name: "Chisel", kind: "inv", target_name: Some("Uncut sapphire"), x: 0, z: 0, level: 0, index: None }
[script lives6qyim_0] interact UseOn { name: "Chisel", kind: "inv", target_name: Some("Uncut sapphire"), x: 0, z: 0, level: 0, index: None }
[script lives6qyim_0] interact UseOn { name: "Chisel", kind: "inv", target_name: Some("Uncut sapphire"), x: 0, z: 0, level: 0, index: None }
[script lives6qyim_0] interact UseOn { name: "Chisel", kind: "inv", target_name: Some("Uncut sapphire"), x: 0, z: 0, level: 0, index: None }
[script lives6qyim_0] interact UseOn { name: "Chisel", kind: "inv", target_name: Some("Uncut sapphire"), x: 0, z: 0, level: 0, index: None }
[script lives6qyim_0] interact UseOn { name: "Chisel", kind: "inv", target_name: Some("Uncut sapphire"), x: 0, z: 0, level: 0, index: None }
[script lives6qyim_0] interact UseOn { name: "Chisel", kind: "inv", target_name: Some("Uncut sapphire"), x: 0, z: 0, level: 0, index: None }
[script lives6qyim_0] interact UseOn { name: "Chisel", kind: "inv", target_name: Some("Uncut sapphire"), x: 0, z: 0, level: 0, index: None }
[script lives6qyim_0] interact UseOn { name: "Chisel", kind: "inv", target_name: Some("Uncut sapphire"), x: 0, z: 0, level: 0, index: None }
[script lives6qyim_0] interact UseOn { name: "Chisel", kind: "inv", target_name: Some("Uncut sapphire"), x: 0, z: 0, level: 0, index: None }
[script lives6qyim_0] interact UseOn { name: "Chisel", kind: "inv", target_name: Some("Uncut sapphire"), x: 0, z: 0, level: 0, index: None }
[script lives6qyim_0] interact UseOn { name: "Chisel", kind: "inv", target_name: Some("Uncut sapphire"), x: 0, z: 0, level: 0, index: None }
[script lives6qyim_0] interact UseOn { name: "Chisel", kind: "inv", target_name: Some("Uncut sapphire"), x: 0, z: 0, level: 0, index: None }
[script lives6qyim_0] interact UseOn { name: "Chisel", kind: "inv", target_name: Some("Uncut sapphire"), x: 0, z: 0, level: 0, index: None }
[script lives6qyim_0] interact UseOn { name: "Chisel", kind: "inv", target_name: Some("Uncut sapphire"), x: 0, z: 0, level: 0, index: None }
[script lives6qyim_0] interact UseOn { name: "Chisel", kind: "inv", target_name: Some("Uncut sapphire"), x: 0, z: 0, level: 0, index: None }
[script lives6qyim_0] interact UseOn { name: "Chisel", kind: "inv", target_name: Some("Uncut sapphire"), x: 0, z: 0, level: 0, index: None }
[script lives6qyim_0] interact UseOn { name: "Chisel", kind: "inv", target_name: Some("Uncut sapphire"), x: 0, z: 0, level: 0, index: None }
[script lives6qyim_0] interact UseOn { name: "Chisel", kind: "inv", target_name: Some("Uncut sapphire"), x: 0, z: 0, level: 0, index: None }
[script lives6qyim_0] interact UseOn { name: "Chisel", kind: "inv", target_name: Some("Uncut sapphire"), x: 0, z: 0, level: 0, index: None }
[script lives6qyim_0] interact UseOn { name: "Chisel", kind: "inv", target_name: Some("Uncut sapphire"), x: 0, z: 0, level: 0, index: None }
[script lives6qyim_0] interact UseOn { name: "Chisel", kind: "inv", target_name: Some("Uncut sapphire"), x: 0, z: 0, level: 0, index: None }
[script lives6qyim_0] interact UseOn { name: "Chisel", kind: "inv", target_name: Some("Uncut sapphire"), x: 0, z: 0, level: 0, index: None }
[script lives6qyim_0] interact UseOn { name: "Chisel", kind: "inv", target_name: Some("Uncut sapphire"), x: 0, z: 0, level: 0, index: None }
[script lives6qyim_0] interact UseOn { name: "Chisel", kind: "inv", target_name: Some("Uncut sapphire"), x: 0, z: 0, level: 0, index: None }
[script lives6qyim_0] interact UseOn { name: "Chisel", kind: "inv", target_name: Some("Uncut sapphire"), x: 0, z: 0, level: 0, index: None }
[script lives6qyim_0] interact UseOn { name: "Chisel", kind: "inv", target_name: Some("Uncut sapphire"), x: 0, z: 0, level: 0, index: None }
[script lives6qyim_0] interact UseOn { name: "Chisel", kind: "inv", target_name: Some("Uncut sapphire"), x: 0, z: 0, level: 0, index: None }
[script lives6qyim_0] interact UseOn { name: "Chisel", kind: "inv", target_name: Some("Uncut sapphire"), x: 0, z: 0, level: 0, index: None }
[script lives6qyim_0] interact UseOn { name: "Chisel", kind: "inv", target_name: Some("Uncut sapphire"), x: 0, z: 0, level: 0, index: None }
[script lives6qyim_0] interact UseOn { name: "Chisel", kind: "inv", target_name: Some("Uncut sapphire"), x: 0, z: 0, level: 0, index: None }
[script lives6qyim_0] interact UseOn { name: "Chisel", kind: "inv", target_name: Some("Uncut sapphire"), x: 0, z: 0, level: 0, index: None }
[script lives6qyim_0] interact UseOn { name: "Chisel", kind: "inv", target_name: Some("Uncut sapphire"), x: 0, z: 0, level: 0, index: None }
[script lives6qyim_0] interact UseOn { name: "Chisel", kind: "inv", target_name: Some("Uncut sapphire"), x: 0, z: 0, level: 0, index: None }
[script lives6qyim_0] interact UseOn { name: "Chisel", kind: "inv", target_name: Some("Uncut sapphire"), x: 0, z: 0, level: 0, index: None }
[script lives6qyim_0] interact UseOn { name: "Chisel", kind: "inv", target_name: Some("Uncut sapphire"), x: 0, z: 0, level: 0, index: None }
[script lives6qyim_0] interact UseOn { name: "Chisel", kind: "inv", target_name: Some("Uncut sapphire"), x: 0, z: 0, level: 0, index: None }
[script lives6qyim_0] interact UseOn { name: "Chisel", kind: "inv", target_name: Some("Uncut sapphire"), x: 0, z: 0, level: 0, index: None }
[script lives6qyim_0] interact UseOn { name: "Chisel", kind: "inv", target_name: Some("Uncut sapphire"), x: 0, z: 0, level: 0, index: None }
[script lives6qyim_0] interact UseOn { name: "Chisel", kind: "inv", target_name: Some("Uncut sapphire"), x: 0, z: 0, level: 0, index: None }
[script lives6qyim_0] interact UseOn { name: "Chisel", kind: "inv", target_name: Some("Uncut sapphire"), x: 0, z: 0, level: 0, index: None }
[script lives6qyim_0] interact UseOn { name: "Chisel", kind: "inv", target_name: Some("Uncut sapphire"), x: 0, z: 0, level: 0, index: None }
[script lives6qyim_0] interact UseOn { name: "Chisel", kind: "inv", target_name: Some("Uncut sapphire"), x: 0, z: 0, level: 0, index: None }
[script lives6qyim_0] interact UseOn { name: "Chisel", kind: "inv", target_name: Some("Uncut sapphire"), x: 0, z: 0, level: 0, index: None }
[script lives6qyim_0] interact UseOn { name: "Chisel", kind: "inv", target_name: Some("Uncut sapphire"), x: 0, z: 0, level: 0, index: None }
[script lives6qyim_0] interact UseOn { name: "Chisel", kind: "inv", target_name: Some("Uncut sapphire"), x: 0, z: 0, level: 0, index: None }
[script lives6qyim_0] interact UseOn { name: "Chisel", kind: "inv", target_name: Some("Uncut sapphire"), x: 0, z: 0, level: 0, index: None }
[script lives6qyim_0] interact UseOn { name: "Chisel", kind: "inv", target_name: Some("Uncut sapphire"), x: 0, z: 0, level: 0, index: None }
[script lives6qyim_0] interact UseOn { name: "Chisel", kind: "inv", target_name: Some("Uncut sapphire"), x: 0, z: 0, level: 0, index: None }
[script lives6qyim_0] interact UseOn { name: "Chisel", kind: "inv", target_name: Some("Uncut sapphire"), x: 0, z: 0, level: 0, index: None }
[host] slot lives6qyim_0: d_loop_us=1010 d_raster_us=0 d_observe_us=88736 max_observe_us=9580 d_paints=0 d_skips=50 d_ticks=2 window_ms=1185
[host] slot lives6qyim_0: d_loop_us=1428 d_raster_us=0 d_observe_us=98200 max_observe_us=13716 d_paints=0 d_skips=50 d_ticks=2 window_ms=1190
[script lives6qyim_0] interact UseOn { name: "Chisel", kind: "inv", target_name: Some("Uncut sapphire"), x: 0, z: 0, level: 0, index: None }
[script lives6qyim_0] interact UseOn { name: "Chisel", kind: "inv", target_name: Some("Uncut sapphire"), x: 0, z: 0, level: 0, index: None }
[script lives6qyim_0] interact UseOn { name: "Chisel", kind: "inv", target_name: Some("Uncut sapphire"), x: 0, z: 0, level: 0, index: None }
[script lives6qyim_0] interact UseOn { name: "Chisel", kind: "inv", target_name: Some("Uncut sapphire"), x: 0, z: 0, level: 0, index: None }
[script lives6qyim_0] interact UseOn { name: "Chisel", kind: "inv", target_name: Some("Uncut sapphire"), x: 0, z: 0, level: 0, index: None }
[script lives6qyim_0] interact UseOn { name: "Chisel", kind: "inv", target_name: Some("Uncut sapphire"), x: 0, z: 0, level: 0, index: None }
[script lives6qyim_0] interact UseOn { name: "Chisel", kind: "inv", target_name: Some("Uncut sapphire"), x: 0, z: 0, level: 0, index: None }
[script lives6qyim_0] interact UseOn { name: "Chisel", kind: "inv", target_name: Some("Uncut sapphire"), x: 0, z: 0, level: 0, index: None }
[script lives6qyim_0] interact UseOn { name: "Chisel", kind: "inv", target_name: Some("Uncut sapphire"), x: 0, z: 0, level: 0, index: None }
[script lives6qyim_0] interact UseOn { name: "Chisel", kind: "inv", target_name: Some("Uncut sapphire"), x: 0, z: 0, level: 0, index: None }
[script lives6qyim_0] interact UseOn { name: "Chisel", kind: "inv", target_name: Some("Uncut sapphire"), x: 0, z: 0, level: 0, index: None }
[script lives6qyim_0] interact UseOn { name: "Chisel", kind: "inv", target_name: Some("Uncut sapphire"), x: 0, z: 0, level: 0, index: None }
[script lives6qyim_0] interact UseOn { name: "Chisel", kind: "inv", target_name: Some("Uncut sapphire"), x: 0, z: 0, level: 0, index: None }
[script lives6qyim_0] interact UseOn { name: "Chisel", kind: "inv", target_name: Some("Uncut sapphire"), x: 0, z: 0, level: 0, index: None }
[script lives6qyim_0] interact UseOn { name: "Chisel", kind: "inv", target_name: Some("Uncut sapphire"), x: 0, z: 0, level: 0, index: None }
[script lives6qyim_0] interact UseOn { name: "Chisel", kind: "inv", target_name: Some("Uncut sapphire"), x: 0, z: 0, level: 0, index: None }
[script lives6qyim_0] interact UseOn { name: "Chisel", kind: "inv", target_name: Some("Uncut sapphire"), x: 0, z: 0, level: 0, index: None }
[script lives6qyim_0] interact UseOn { name: "Chisel", kind: "inv", target_name: Some("Uncut sapphire"), x: 0, z: 0, level: 0, index: None }
[script lives6qyim_0] interact UseOn { name: "Chisel", kind: "inv", target_name: Some("Uncut sapphire"), x: 0, z: 0, level: 0, index: None }
[script lives6qyim_0] interact UseOn { name: "Chisel", kind: "inv", target_name: Some("Uncut sapphire"), x: 0, z: 0, level: 0, index: None }
[script lives6qyim_0] interact UseOn { name: "Chisel", kind: "inv", target_name: Some("Uncut sapphire"), x: 0, z: 0, level: 0, index: None }
[script lives6qyim_0] interact UseOn { name: "Chisel", kind: "inv", target_name: Some("Uncut sapphire"), x: 0, z: 0, level: 0, index: None }
[script lives6qyim_0] interact UseOn { name: "Chisel", kind: "inv", target_name: Some("Uncut sapphire"), x: 0, z: 0, level: 0, index: None }
[script lives6qyim_0] interact UseOn { name: "Chisel", kind: "inv", target_name: Some("Uncut sapphire"), x: 0, z: 0, level: 0, index: None }
[script lives6qyim_0] interact UseOn { name: "Chisel", kind: "inv", target_name: Some("Uncut sapphire"), x: 0, z: 0, level: 0, index: None }
[script lives6qyim_0] interact UseOn { name: "Chisel", kind: "inv", target_name: Some("Uncut sapphire"), x: 0, z: 0, level: 0, index: None }
[script lives6qyim_0] interact UseOn { name: "Chisel", kind: "inv", target_name: Some("Uncut sapphire"), x: 0, z: 0, level: 0, index: None }
[script lives6qyim_0] interact UseOn { name: "Chisel", kind: "inv", target_name: Some("Uncut sapphire"), x: 0, z: 0, level: 0, index: None }
[script lives6qyim_0] interact UseOn { name: "Chisel", kind: "inv", target_name: Some("Uncut sapphire"), x: 0, z: 0, level: 0, index: None }
[script lives6qyim_0] interact UseOn { name: "Chisel", kind: "inv", target_name: Some("Uncut sapphire"), x: 0, z: 0, level: 0, index: None }
[script lives6qyim_0] interact UseOn { name: "Chisel", kind: "inv", target_name: Some("Uncut sapphire"), x: 0, z: 0, level: 0, index: None }
[script lives6qyim_0] interact UseOn { name: "Chisel", kind: "inv", target_name: Some("Uncut sapphire"), x: 0, z: 0, level: 0, index: None }
[script lives6qyim_0] interact UseOn { name: "Chisel", kind: "inv", target_name: Some("Uncut sapphire"), x: 0, z: 0, level: 0, index: None }
[script lives6qyim_0] interact UseOn { name: "Chisel", kind: "inv", target_name: Some("Uncut sapphire"), x: 0, z: 0, level: 0, index: None }
[script lives6qyim_0] interact UseOn { name: "Chisel", kind: "inv", target_name: Some("Uncut sapphire"), x: 0, z: 0, level: 0, index: None }
[script lives6qyim_0] interact UseOn { name: "Chisel", kind: "inv", target_name: Some("Uncut sapphire"), x: 0, z: 0, level: 0, index: None }
[script lives6qyim_0] interact UseOn { name: "Chisel", kind: "inv", target_name: Some("Uncut sapphire"), x: 0, z: 0, level: 0, index: None }
[script lives6qyim_0] interact UseOn { name: "Chisel", kind: "inv", target_name: Some("Uncut sapphire"), x: 0, z: 0, level: 0, index: None }
[script lives6qyim_0] interact UseOn { name: "Chisel", kind: "inv", target_name: Some("Uncut sapphire"), x: 0, z: 0, level: 0, index: None }
[script lives6qyim_0] interact UseOn { name: "Chisel", kind: "inv", target_name: Some("Uncut sapphire"), x: 0, z: 0, level: 0, index: None }
[script lives6qyim_0] interact UseOn { name: "Chisel", kind: "inv", target_name: Some("Uncut sapphire"), x: 0, z: 0, level: 0, index: None }
[script lives6qyim_0] interact UseOn { name: "Chisel", kind: "inv", target_name: Some("Uncut sapphire"), x: 0, z: 0, level: 0, index: None }
[script lives6qyim_0] interact UseOn { name: "Chisel", kind: "inv", target_name: Some("Uncut sapphire"), x: 0, z: 0, level: 0, index: None }
[script lives6qyim_0] interact UseOn { name: "Chisel", kind: "inv", target_name: Some("Uncut sapphire"), x: 0, z: 0, level: 0, index: None }
[script lives6qyim_0] interact UseOn { name: "Chisel", kind: "inv", target_name: Some("Uncut sapphire"), x: 0, z: 0, level: 0, index: None }
[script lives6qyim_0] interact UseOn { name: "Chisel", kind: "inv", target_name: Some("Uncut sapphire"), x: 0, z: 0, level: 0, index: None }
[script lives6qyim_0] interact UseOn { name: "Chisel", kind: "inv", target_name: Some("Uncut sapphire"), x: 0, z: 0, level: 0, index: None }
[script lives6qyim_0] interact UseOn { name: "Chisel", kind: "inv", target_name: Some("Uncut sapphire"), x: 0, z: 0, level: 0, index: None }
[script lives6qyim_0] interact UseOn { name: "Chisel", kind: "inv", target_name: Some("Uncut sapphire"), x: 0, z: 0, level: 0, index: None }
[script lives6qyim_0] interact UseOn { name: "Chisel", kind: "inv", target_name: Some("Uncut sapphire"), x: 0, z: 0, level: 0, index: None }
[script lives6qyim_0] interact UseOn { name: "Chisel", kind: "inv", target_name: Some("Uncut sapphire"), x: 0, z: 0, level: 0, index: None }
[script lives6qyim_0] interact UseOn { name: "Chisel", kind: "inv", target_name: Some("Uncut sapphire"), x: 0, z: 0, level: 0, index: None }
[script lives6qyim_0] interact UseOn { name: "Chisel", kind: "inv", target_name: Some("Uncut sapphire"), x: 0, z: 0, level: 0, index: None }
[script lives6qyim_0] interact UseOn { name: "Chisel", kind: "inv", target_name: Some("Uncut sapphire"), x: 0, z: 0, level: 0, index: None }
[script lives6qyim_0] interact UseOn { name: "Chisel", kind: "inv", target_name: Some("Uncut sapphire"), x: 0, z: 0, level: 0, index: None }
[script lives6qyim_0] interact UseOn { name: "Chisel", kind: "inv", target_name: Some("Uncut sapphire"), x: 0, z: 0, level: 0, index: None }
[script lives6qyim_0] interact UseOn { name: "Chisel", kind: "inv", target_name: Some("Uncut sapphire"), x: 0, z: 0, level: 0, index: None }
[script lives6qyim_0] interact UseOn { name: "Chisel", kind: "inv", target_name: Some("Uncut sapphire"), x: 0, z: 0, level: 0, index: None }
[script lives6qyim_0] interact UseOn { name: "Chisel", kind: "inv", target_name: Some("Uncut sapphire"), x: 0, z: 0, level: 0, index: None }
[script lives6qyim_0] interact UseOn { name: "Chisel", kind: "inv", target_name: Some("Uncut sapphire"), x: 0, z: 0, level: 0, index: None }
[host] slot lives6qyim_0: d_loop_us=1458 d_raster_us=0 d_observe_us=99557 max_observe_us=14379 d_paints=0 d_skips=50 d_ticks=2 window_ms=1176
[host] slot lives6qyim_0: d_loop_us=840 d_raster_us=0 d_observe_us=73063 max_observe_us=13898 d_paints=0 d_skips=50 d_ticks=2 window_ms=1186
[script lives6qyim_0] interact UseOn { name: "Chisel", kind: "inv", target_name: Some("Uncut sapphire"), x: 0, z: 0, level: 0, index: None }
[script lives6qyim_0] interact UseOn { name: "Chisel", kind: "inv", target_name: Some("Uncut sapphire"), x: 0, z: 0, level: 0, index: None }
[script lives6qyim_0] interact UseOn { name: "Chisel", kind: "inv", target_name: Some("Uncut sapphire"), x: 0, z: 0, level: 0, index: None }
[script lives6qyim_0] interact UseOn { name: "Chisel", kind: "inv", target_name: Some("Uncut sapphire"), x: 0, z: 0, level: 0, index: None }
[script lives6qyim_0] interact UseOn { name: "Chisel", kind: "inv", target_name: Some("Uncut sapphire"), x: 0, z: 0, level: 0, index: None }
[script lives6qyim_0] interact UseOn { name: "Chisel", kind: "inv", target_name: Some("Uncut sapphire"), x: 0, z: 0, level: 0, index: None }
[script lives6qyim_0] interact UseOn { name: "Chisel", kind: "inv", target_name: Some("Uncut sapphire"), x: 0, z: 0, level: 0, index: None }
[script lives6qyim_0] interact UseOn { name: "Chisel", kind: "inv", target_name: Some("Uncut sapphire"), x: 0, z: 0, level: 0, index: None }
[script lives6qyim_0] interact UseOn { name: "Chisel", kind: "inv", target_name: Some("Uncut sapphire"), x: 0, z: 0, level: 0, index: None }
[script lives6qyim_0] interact UseOn { name: "Chisel", kind: "inv", target_name: Some("Uncut sapphire"), x: 0, z: 0, level: 0, index: None }
[script lives6qyim_0] interact UseOn { name: "Chisel", kind: "inv", target_name: Some("Uncut sapphire"), x: 0, z: 0, level: 0, index: None }
[script lives6qyim_0] interact UseOn { name: "Chisel", kind: "inv", target_name: Some("Uncut sapphire"), x: 0, z: 0, level: 0, index: None }
[script lives6qyim_0] interact UseOn { name: "Chisel", kind: "inv", target_name: Some("Uncut sapphire"), x: 0, z: 0, level: 0, index: None }
[script lives6qyim_0] interact UseOn { name: "Chisel", kind: "inv", target_name: Some("Uncut sapphire"), x: 0, z: 0, level: 0, index: None }
[script lives6qyim_0] interact UseOn { name: "Chisel", kind: "inv", target_name: Some("Uncut sapphire"), x: 0, z: 0, level: 0, index: None }
[script lives6qyim_0] interact UseOn { name: "Chisel", kind: "inv", target_name: Some("Uncut sapphire"), x: 0, z: 0, level: 0, index: None }
[script lives6qyim_0] interact UseOn { name: "Chisel", kind: "inv", target_name: Some("Uncut sapphire"), x: 0, z: 0, level: 0, index: None }
[script lives6qyim_0] interact UseOn { name: "Chisel", kind: "inv", target_name: Some("Uncut sapphire"), x: 0, z: 0, level: 0, index: None }
[script lives6qyim_0] interact UseOn { name: "Chisel", kind: "inv", target_name: Some("Uncut sapphire"), x: 0, z: 0, level: 0, index: None }
[script lives6qyim_0] interact UseOn { name: "Chisel", kind: "inv", target_name: Some("Uncut sapphire"), x: 0, z: 0, level: 0, index: None }
[script lives6qyim_0] interact UseOn { name: "Chisel", kind: "inv", target_name: Some("Uncut sapphire"), x: 0, z: 0, level: 0, index: None }
[script lives6qyim_0] interact UseOn { name: "Chisel", kind: "inv", target_name: Some("Uncut sapphire"), x: 0, z: 0, level: 0, index: None }
[script lives6qyim_0] interact UseOn { name: "Chisel", kind: "inv", target_name: Some("Uncut sapphire"), x: 0, z: 0, level: 0, index: None }
[script lives6qyim_0] interact UseOn { name: "Chisel", kind: "inv", target_name: Some("Uncut sapphire"), x: 0, z: 0, level: 0, index: None }
[script lives6qyim_0] interact UseOn { name: "Chisel", kind: "inv", target_name: Some("Uncut sapphire"), x: 0, z: 0, level: 0, index: None }
[script lives6qyim_0] interact UseOn { name: "Chisel", kind: "inv", target_name: Some("Uncut sapphire"), x: 0, z: 0, level: 0, index: None }
[script lives6qyim_0] interact UseOn { name: "Chisel", kind: "inv", target_name: Some("Uncut sapphire"), x: 0, z: 0, level: 0, index: None }
[script lives6qyim_0] interact UseOn { name: "Chisel", kind: "inv", target_name: Some("Uncut sapphire"), x: 0, z: 0, level: 0, index: None }
[script lives6qyim_0] interact UseOn { name: "Chisel", kind: "inv", target_name: Some("Uncut sapphire"), x: 0, z: 0, level: 0, index: None }
[script lives6qyim_0] interact UseOn { name: "Chisel", kind: "inv", target_name: Some("Uncut sapphire"), x: 0, z: 0, level: 0, index: None }
[script lives6qyim_0] interact UseOn { name: "Chisel", kind: "inv", target_name: Some("Uncut sapphire"), x: 0, z: 0, level: 0, index: None }
[script lives6qyim_0] interact UseOn { name: "Chisel", kind: "inv", target_name: Some("Uncut sapphire"), x: 0, z: 0, level: 0, index: None }
[script lives6qyim_0] interact UseOn { name: "Chisel", kind: "inv", target_name: Some("Uncut sapphire"), x: 0, z: 0, level: 0, index: None }
[script lives6qyim_0] interact UseOn { name: "Chisel", kind: "inv", target_name: Some("Uncut sapphire"), x: 0, z: 0, level: 0, index: None }
[script lives6qyim_0] interact UseOn { name: "Chisel", kind: "inv", target_name: Some("Uncut sapphire"), x: 0, z: 0, level: 0, index: None }
[script lives6qyim_0] interact UseOn { name: "Chisel", kind: "inv", target_name: Some("Uncut sapphire"), x: 0, z: 0, level: 0, index: None }
[script lives6qyim_0] interact UseOn { name: "Chisel", kind: "inv", target_name: Some("Uncut sapphire"), x: 0, z: 0, level: 0, index: None }
[script lives6qyim_0] interact UseOn { name: "Chisel", kind: "inv", target_name: Some("Uncut sapphire"), x: 0, z: 0, level: 0, index: None }
[script lives6qyim_0] interact UseOn { name: "Chisel", kind: "inv", target_name: Some("Uncut sapphire"), x: 0, z: 0, level: 0, index: None }
[script lives6qyim_0] interact UseOn { name: "Chisel", kind: "inv", target_name: Some("Uncut sapphire"), x: 0, z: 0, level: 0, index: None }
[script lives6qyim_0] interact UseOn { name: "Chisel", kind: "inv", target_name: Some("Uncut sapphire"), x: 0, z: 0, level: 0, index: None }
[script lives6qyim_0] interact UseOn { name: "Chisel", kind: "inv", target_name: Some("Uncut sapphire"), x: 0, z: 0, level: 0, index: None }
[script lives6qyim_0] interact UseOn { name: "Chisel", kind: "inv", target_name: Some("Uncut sapphire"), x: 0, z: 0, level: 0, index: None }
[script lives6qyim_0] interact UseOn { name: "Chisel", kind: "inv", target_name: Some("Uncut sapphire"), x: 0, z: 0, level: 0, index: None }
[script lives6qyim_0] interact UseOn { name: "Chisel", kind: "inv", target_name: Some("Uncut sapphire"), x: 0, z: 0, level: 0, index: None }
[script lives6qyim_0] interact UseOn { name: "Chisel", kind: "inv", target_name: Some("Uncut sapphire"), x: 0, z: 0, level: 0, index: None }
[script lives6qyim_0] interact UseOn { name: "Chisel", kind: "inv", target_name: Some("Uncut sapphire"), x: 0, z: 0, level: 0, index: None }
[script lives6qyim_0] interact UseOn { name: "Chisel", kind: "inv", target_name: Some("Uncut sapphire"), x: 0, z: 0, level: 0, index: None }
[script lives6qyim_0] interact UseOn { name: "Chisel", kind: "inv", target_name: Some("Uncut sapphire"), x: 0, z: 0, level: 0, index: None }
[script lives6qyim_0] interact UseOn { name: "Chisel", kind: "inv", target_name: Some("Uncut sapphire"), x: 0, z: 0, level: 0, index: None }
[script lives6qyim_0] interact UseOn { name: "Chisel", kind: "inv", target_name: Some("Uncut sapphire"), x: 0, z: 0, level: 0, index: None }
[script lives6qyim_0] interact UseOn { name: "Chisel", kind: "inv", target_name: Some("Uncut sapphire"), x: 0, z: 0, level: 0, index: None }
[script lives6qyim_0] interact UseOn { name: "Chisel", kind: "inv", target_name: Some("Uncut sapphire"), x: 0, z: 0, level: 0, index: None }
[script lives6qyim_0] interact UseOn { name: "Chisel", kind: "inv", target_name: Some("Uncut sapphire"), x: 0, z: 0, level: 0, index: None }
[script lives6qyim_0] interact UseOn { name: "Chisel", kind: "inv", target_name: Some("Uncut sapphire"), x: 0, z: 0, level: 0, index: None }
[script lives6qyim_0] interact UseOn { name: "Chisel", kind: "inv", target_name: Some("Uncut sapphire"), x: 0, z: 0, level: 0, index: None }
[script lives6qyim_0] interact UseOn { name: "Chisel", kind: "inv", target_name: Some("Uncut sapphire"), x: 0, z: 0, level: 0, index: None }
[script lives6qyim_0] interact UseOn { name: "Chisel", kind: "inv", target_name: Some("Uncut sapphire"), x: 0, z: 0, level: 0, index: None }
[script lives6qyim_0] interact UseOn { name: "Chisel", kind: "inv", target_name: Some("Uncut sapphire"), x: 0, z: 0, level: 0, index: None }
[script lives6qyim_0] interact UseOn { name: "Chisel", kind: "inv", target_name: Some("Uncut sapphire"), x: 0, z: 0, level: 0, index: None }
[host] slot lives6qyim_0: d_loop_us=699 d_raster_us=0 d_observe_us=40729 max_observe_us=6536 d_paints=0 d_skips=50 d_ticks=2 window_ms=1208
[host] slot lives6qyim_0: d_loop_us=1060 d_raster_us=0 d_observe_us=64474 max_observe_us=8488 d_paints=0 d_skips=50 d_ticks=2 window_ms=1179
[script lives6qyim_0] interact UseOn { name: "Chisel", kind: "inv", target_name: Some("Uncut sapphire"), x: 0, z: 0, level: 0, index: None }
[script lives6qyim_0] interact UseOn { name: "Chisel", kind: "inv", target_name: Some("Uncut sapphire"), x: 0, z: 0, level: 0, index: None }
[script lives6qyim_0] interact UseOn { name: "Chisel", kind: "inv", target_name: Some("Uncut sapphire"), x: 0, z: 0, level: 0, index: None }
[script lives6qyim_0] interact UseOn { name: "Chisel", kind: "inv", target_name: Some("Uncut sapphire"), x: 0, z: 0, level: 0, index: None }
[script lives6qyim_0] interact UseOn { name: "Chisel", kind: "inv", target_name: Some("Uncut sapphire"), x: 0, z: 0, level: 0, index: None }
[script lives6qyim_0] interact UseOn { name: "Chisel", kind: "inv", target_name: Some("Uncut sapphire"), x: 0, z: 0, level: 0, index: None }
[script lives6qyim_0] interact UseOn { name: "Chisel", kind: "inv", target_name: Some("Uncut sapphire"), x: 0, z: 0, level: 0, index: None }
[script lives6qyim_0] interact UseOn { name: "Chisel", kind: "inv", target_name: Some("Uncut sapphire"), x: 0, z: 0, level: 0, index: None }
[script lives6qyim_0] interact UseOn { name: "Chisel", kind: "inv", target_name: Some("Uncut sapphire"), x: 0, z: 0, level: 0, index: None }
[script lives6qyim_0] interact UseOn { name: "Chisel", kind: "inv", target_name: Some("Uncut sapphire"), x: 0, z: 0, level: 0, index: None }
[script lives6qyim_0] interact UseOn { name: "Chisel", kind: "inv", target_name: Some("Uncut sapphire"), x: 0, z: 0, level: 0, index: None }
[script lives6qyim_0] interact UseOn { name: "Chisel", kind: "inv", target_name: Some("Uncut sapphire"), x: 0, z: 0, level: 0, index: None }
[script lives6qyim_0] interact UseOn { name: "Chisel", kind: "inv", target_name: Some("Uncut sapphire"), x: 0, z: 0, level: 0, index: None }
[script lives6qyim_0] interact UseOn { name: "Chisel", kind: "inv", target_name: Some("Uncut sapphire"), x: 0, z: 0, level: 0, index: None }
[script lives6qyim_0] interact UseOn { name: "Chisel", kind: "inv", target_name: Some("Uncut sapphire"), x: 0, z: 0, level: 0, index: None }
[script lives6qyim_0] interact UseOn { name: "Chisel", kind: "inv", target_name: Some("Uncut sapphire"), x: 0, z: 0, level: 0, index: None }
[script lives6qyim_0] interact UseOn { name: "Chisel", kind: "inv", target_name: Some("Uncut sapphire"), x: 0, z: 0, level: 0, index: None }
[script lives6qyim_0] interact UseOn { name: "Chisel", kind: "inv", target_name: Some("Uncut sapphire"), x: 0, z: 0, level: 0, index: None }
[script lives6qyim_0] interact UseOn { name: "Chisel", kind: "inv", target_name: Some("Uncut sapphire"), x: 0, z: 0, level: 0, index: None }
[script lives6qyim_0] interact UseOn { name: "Chisel", kind: "inv", target_name: Some("Uncut sapphire"), x: 0, z: 0, level: 0, index: None }
[script lives6qyim_0] interact UseOn { name: "Chisel", kind: "inv", target_name: Some("Uncut sapphire"), x: 0, z: 0, level: 0, index: None }
[script lives6qyim_0] interact UseOn { name: "Chisel", kind: "inv", target_name: Some("Uncut sapphire"), x: 0, z: 0, level: 0, index: None }
[script lives6qyim_0] interact UseOn { name: "Chisel", kind: "inv", target_name: Some("Uncut sapphire"), x: 0, z: 0, level: 0, index: None }
[script lives6qyim_0] interact UseOn { name: "Chisel", kind: "inv", target_name: Some("Uncut sapphire"), x: 0, z: 0, level: 0, index: None }
[script lives6qyim_0] interact UseOn { name: "Chisel", kind: "inv", target_name: Some("Uncut sapphire"), x: 0, z: 0, level: 0, index: None }
[script lives6qyim_0] interact UseOn { name: "Chisel", kind: "inv", target_name: Some("Uncut sapphire"), x: 0, z: 0, level: 0, index: None }
[script lives6qyim_0] interact UseOn { name: "Chisel", kind: "inv", target_name: Some("Uncut sapphire"), x: 0, z: 0, level: 0, index: None }
[script lives6qyim_0] interact UseOn { name: "Chisel", kind: "inv", target_name: Some("Uncut sapphire"), x: 0, z: 0, level: 0, index: None }
[script lives6qyim_0] interact UseOn { name: "Chisel", kind: "inv", target_name: Some("Uncut sapphire"), x: 0, z: 0, level: 0, index: None }
[script lives6qyim_0] interact UseOn { name: "Chisel", kind: "inv", target_name: Some("Uncut sapphire"), x: 0, z: 0, level: 0, index: None }
[script lives6qyim_0] interact UseOn { name: "Chisel", kind: "inv", target_name: Some("Uncut sapphire"), x: 0, z: 0, level: 0, index: None }
[script lives6qyim_0] interact UseOn { name: "Chisel", kind: "inv", target_name: Some("Uncut sapphire"), x: 0, z: 0, level: 0, index: None }
[script lives6qyim_0] interact UseOn { name: "Chisel", kind: "inv", target_name: Some("Uncut sapphire"), x: 0, z: 0, level: 0, index: None }
[script lives6qyim_0] interact UseOn { name: "Chisel", kind: "inv", target_name: Some("Uncut sapphire"), x: 0, z: 0, level: 0, index: None }
[script lives6qyim_0] interact UseOn { name: "Chisel", kind: "inv", target_name: Some("Uncut sapphire"), x: 0, z: 0, level: 0, index: None }
[script lives6qyim_0] interact UseOn { name: "Chisel", kind: "inv", target_name: Some("Uncut sapphire"), x: 0, z: 0, level: 0, index: None }
[script lives6qyim_0] interact UseOn { name: "Chisel", kind: "inv", target_name: Some("Uncut sapphire"), x: 0, z: 0, level: 0, index: None }
[script lives6qyim_0] interact UseOn { name: "Chisel", kind: "inv", target_name: Some("Uncut sapphire"), x: 0, z: 0, level: 0, index: None }
[script lives6qyim_0] interact UseOn { name: "Chisel", kind: "inv", target_name: Some("Uncut sapphire"), x: 0, z: 0, level: 0, index: None }
[script lives6qyim_0] interact UseOn { name: "Chisel", kind: "inv", target_name: Some("Uncut sapphire"), x: 0, z: 0, level: 0, index: None }
[script lives6qyim_0] interact UseOn { name: "Chisel", kind: "inv", target_name: Some("Uncut sapphire"), x: 0, z: 0, level: 0, index: None }
[script lives6qyim_0] interact UseOn { name: "Chisel", kind: "inv", target_name: Some("Uncut sapphire"), x: 0, z: 0, level: 0, index: None }
[script lives6qyim_0] interact UseOn { name: "Chisel", kind: "inv", target_name: Some("Uncut sapphire"), x: 0, z: 0, level: 0, index: None }
[script lives6qyim_0] interact UseOn { name: "Chisel", kind: "inv", target_name: Some("Uncut sapphire"), x: 0, z: 0, level: 0, index: None }
[script lives6qyim_0] interact UseOn { name: "Chisel", kind: "inv", target_name: Some("Uncut sapphire"), x: 0, z: 0, level: 0, index: None }
[script lives6qyim_0] interact UseOn { name: "Chisel", kind: "inv", target_name: Some("Uncut sapphire"), x: 0, z: 0, level: 0, index: None }
[script lives6qyim_0] interact UseOn { name: "Chisel", kind: "inv", target_name: Some("Uncut sapphire"), x: 0, z: 0, level: 0, index: None }
[script lives6qyim_0] interact UseOn { name: "Chisel", kind: "inv", target_name: Some("Uncut sapphire"), x: 0, z: 0, level: 0, index: None }
[script lives6qyim_0] interact UseOn { name: "Chisel", kind: "inv", target_name: Some("Uncut sapphire"), x: 0, z: 0, level: 0, index: None }
[script lives6qyim_0] interact UseOn { name: "Chisel", kind: "inv", target_name: Some("Uncut sapphire"), x: 0, z: 0, level: 0, index: None }
[script lives6qyim_0] interact UseOn { name: "Chisel", kind: "inv", target_name: Some("Uncut sapphire"), x: 0, z: 0, level: 0, index: None }
[script lives6qyim_0] interact UseOn { name: "Chisel", kind: "inv", target_name: Some("Uncut sapphire"), x: 0, z: 0, level: 0, index: None }
[script lives6qyim_0] interact UseOn { name: "Chisel", kind: "inv", target_name: Some("Uncut sapphire"), x: 0, z: 0, level: 0, index: None }
[script lives6qyim_0] interact UseOn { name: "Chisel", kind: "inv", target_name: Some("Uncut sapphire"), x: 0, z: 0, level: 0, index: None }
[script lives6qyim_0] interact UseOn { name: "Chisel", kind: "inv", target_name: Some("Uncut sapphire"), x: 0, z: 0, level: 0, index: None }
[script lives6qyim_0] interact UseOn { name: "Chisel", kind: "inv", target_name: Some("Uncut sapphire"), x: 0, z: 0, level: 0, index: None }
[script lives6qyim_0] interact UseOn { name: "Chisel", kind: "inv", target_name: Some("Uncut sapphire"), x: 0, z: 0, level: 0, index: None }
[script lives6qyim_0] interact UseOn { name: "Chisel", kind: "inv", target_name: Some("Uncut sapphire"), x: 0, z: 0, level: 0, index: None }
[script lives6qyim_0] interact UseOn { name: "Chisel", kind: "inv", target_name: Some("Uncut sapphire"), x: 0, z: 0, level: 0, index: None }
[script lives6qyim_0] interact UseOn { name: "Chisel", kind: "inv", target_name: Some("Uncut sapphire"), x: 0, z: 0, level: 0, index: None }
[host] slot lives6qyim_0: d_loop_us=1218 d_raster_us=0 d_observe_us=79091 max_observe_us=9616 d_paints=0 d_skips=50 d_ticks=2 window_ms=1197
[host] slot lives6qyim_0: d_loop_us=1184 d_raster_us=0 d_observe_us=74974 max_observe_us=9376 d_paints=0 d_skips=50 d_ticks=2 window_ms=1196
[script lives6qyim_0] interact UseOn { name: "Chisel", kind: "inv", target_name: Some("Uncut sapphire"), x: 0, z: 0, level: 0, index: None }
[script lives6qyim_0] interact UseOn { name: "Chisel", kind: "inv", target_name: Some("Uncut sapphire"), x: 0, z: 0, level: 0, index: None }
[script lives6qyim_0] interact UseOn { name: "Chisel", kind: "inv", target_name: Some("Uncut sapphire"), x: 0, z: 0, level: 0, index: None }
[script lives6qyim_0] interact UseOn { name: "Chisel", kind: "inv", target_name: Some("Uncut sapphire"), x: 0, z: 0, level: 0, index: None }
[script lives6qyim_0] interact UseOn { name: "Chisel", kind: "inv", target_name: Some("Uncut sapphire"), x: 0, z: 0, level: 0, index: None }
[script lives6qyim_0] interact UseOn { name: "Chisel", kind: "inv", target_name: Some("Uncut sapphire"), x: 0, z: 0, level: 0, index: None }
[script lives6qyim_0] interact UseOn { name: "Chisel", kind: "inv", target_name: Some("Uncut sapphire"), x: 0, z: 0, level: 0, index: None }
[script lives6qyim_0] interact UseOn { name: "Chisel", kind: "inv", target_name: Some("Uncut sapphire"), x: 0, z: 0, level: 0, index: None }
[script lives6qyim_0] interact UseOn { name: "Chisel", kind: "inv", target_name: Some("Uncut sapphire"), x: 0, z: 0, level: 0, index: None }
[script lives6qyim_0] interact UseOn { name: "Chisel", kind: "inv", target_name: Some("Uncut sapphire"), x: 0, z: 0, level: 0, index: None }
[script lives6qyim_0] interact UseOn { name: "Chisel", kind: "inv", target_name: Some("Uncut sapphire"), x: 0, z: 0, level: 0, index: None }
[script lives6qyim_0] interact UseOn { name: "Chisel", kind: "inv", target_name: Some("Uncut sapphire"), x: 0, z: 0, level: 0, index: None }
[script lives6qyim_0] interact UseOn { name: "Chisel", kind: "inv", target_name: Some("Uncut sapphire"), x: 0, z: 0, level: 0, index: None }
[script lives6qyim_0] interact UseOn { name: "Chisel", kind: "inv", target_name: Some("Uncut sapphire"), x: 0, z: 0, level: 0, index: None }
[script lives6qyim_0] interact UseOn { name: "Chisel", kind: "inv", target_name: Some("Uncut sapphire"), x: 0, z: 0, level: 0, index: None }
[script lives6qyim_0] interact UseOn { name: "Chisel", kind: "inv", target_name: Some("Uncut sapphire"), x: 0, z: 0, level: 0, index: None }
[script lives6qyim_0] interact UseOn { name: "Chisel", kind: "inv", target_name: Some("Uncut sapphire"), x: 0, z: 0, level: 0, index: None }
[script lives6qyim_0] interact UseOn { name: "Chisel", kind: "inv", target_name: Some("Uncut sapphire"), x: 0, z: 0, level: 0, index: None }
[script lives6qyim_0] interact UseOn { name: "Chisel", kind: "inv", target_name: Some("Uncut sapphire"), x: 0, z: 0, level: 0, index: None }
[script lives6qyim_0] interact UseOn { name: "Chisel", kind: "inv", target_name: Some("Uncut sapphire"), x: 0, z: 0, level: 0, index: None }
[script lives6qyim_0] interact UseOn { name: "Chisel", kind: "inv", target_name: Some("Uncut sapphire"), x: 0, z: 0, level: 0, index: None }
[script lives6qyim_0] interact UseOn { name: "Chisel", kind: "inv", target_name: Some("Uncut sapphire"), x: 0, z: 0, level: 0, index: None }
[script lives6qyim_0] interact UseOn { name: "Chisel", kind: "inv", target_name: Some("Uncut sapphire"), x: 0, z: 0, level: 0, index: None }
[script lives6qyim_0] interact UseOn { name: "Chisel", kind: "inv", target_name: Some("Uncut sapphire"), x: 0, z: 0, level: 0, index: None }
[script lives6qyim_0] interact UseOn { name: "Chisel", kind: "inv", target_name: Some("Uncut sapphire"), x: 0, z: 0, level: 0, index: None }
[script lives6qyim_0] interact UseOn { name: "Chisel", kind: "inv", target_name: Some("Uncut sapphire"), x: 0, z: 0, level: 0, index: None }
[script lives6qyim_0] interact UseOn { name: "Chisel", kind: "inv", target_name: Some("Uncut sapphire"), x: 0, z: 0, level: 0, index: None }
[script lives6qyim_0] interact UseOn { name: "Chisel", kind: "inv", target_name: Some("Uncut sapphire"), x: 0, z: 0, level: 0, index: None }
[script lives6qyim_0] interact UseOn { name: "Chisel", kind: "inv", target_name: Some("Uncut sapphire"), x: 0, z: 0, level: 0, index: None }
[script lives6qyim_0] interact UseOn { name: "Chisel", kind: "inv", target_name: Some("Uncut sapphire"), x: 0, z: 0, level: 0, index: None }
[script lives6qyim_0] interact UseOn { name: "Chisel", kind: "inv", target_name: Some("Uncut sapphire"), x: 0, z: 0, level: 0, index: None }
[script lives6qyim_0] interact UseOn { name: "Chisel", kind: "inv", target_name: Some("Uncut sapphire"), x: 0, z: 0, level: 0, index: None }
[script lives6qyim_0] interact UseOn { name: "Chisel", kind: "inv", target_name: Some("Uncut sapphire"), x: 0, z: 0, level: 0, index: None }
[script lives6qyim_0] interact UseOn { name: "Chisel", kind: "inv", target_name: Some("Uncut sapphire"), x: 0, z: 0, level: 0, index: None }
[script lives6qyim_0] interact UseOn { name: "Chisel", kind: "inv", target_name: Some("Uncut sapphire"), x: 0, z: 0, level: 0, index: None }
[script lives6qyim_0] interact UseOn { name: "Chisel", kind: "inv", target_name: Some("Uncut sapphire"), x: 0, z: 0, level: 0, index: None }
[script lives6qyim_0] interact UseOn { name: "Chisel", kind: "inv", target_name: Some("Uncut sapphire"), x: 0, z: 0, level: 0, index: None }
[script lives6qyim_0] interact UseOn { name: "Chisel", kind: "inv", target_name: Some("Uncut sapphire"), x: 0, z: 0, level: 0, index: None }
[script lives6qyim_0] interact UseOn { name: "Chisel", kind: "inv", target_name: Some("Uncut sapphire"), x: 0, z: 0, level: 0, index: None }
[script lives6qyim_0] interact UseOn { name: "Chisel", kind: "inv", target_name: Some("Uncut sapphire"), x: 0, z: 0, level: 0, index: None }
[script lives6qyim_0] interact UseOn { name: "Chisel", kind: "inv", target_name: Some("Uncut sapphire"), x: 0, z: 0, level: 0, index: None }
[script lives6qyim_0] interact UseOn { name: "Chisel", kind: "inv", target_name: Some("Uncut sapphire"), x: 0, z: 0, level: 0, index: None }
[script lives6qyim_0] interact UseOn { name: "Chisel", kind: "inv", target_name: Some("Uncut sapphire"), x: 0, z: 0, level: 0, index: None }
[script lives6qyim_0] interact UseOn { name: "Chisel", kind: "inv", target_name: Some("Uncut sapphire"), x: 0, z: 0, level: 0, index: None }
[script lives6qyim_0] interact UseOn { name: "Chisel", kind: "inv", target_name: Some("Uncut sapphire"), x: 0, z: 0, level: 0, index: None }
[script lives6qyim_0] interact UseOn { name: "Chisel", kind: "inv", target_name: Some("Uncut sapphire"), x: 0, z: 0, level: 0, index: None }
[script lives6qyim_0] interact UseOn { name: "Chisel", kind: "inv", target_name: Some("Uncut sapphire"), x: 0, z: 0, level: 0, index: None }
[script lives6qyim_0] interact UseOn { name: "Chisel", kind: "inv", target_name: Some("Uncut sapphire"), x: 0, z: 0, level: 0, index: None }
[script lives6qyim_0] interact UseOn { name: "Chisel", kind: "inv", target_name: Some("Uncut sapphire"), x: 0, z: 0, level: 0, index: None }
[script lives6qyim_0] interact UseOn { name: "Chisel", kind: "inv", target_name: Some("Uncut sapphire"), x: 0, z: 0, level: 0, index: None }
[script lives6qyim_0] interact UseOn { name: "Chisel", kind: "inv", target_name: Some("Uncut sapphire"), x: 0, z: 0, level: 0, index: None }
[script lives6qyim_0] interact UseOn { name: "Chisel", kind: "inv", target_name: Some("Uncut sapphire"), x: 0, z: 0, level: 0, index: None }
[script lives6qyim_0] interact UseOn { name: "Chisel", kind: "inv", target_name: Some("Uncut sapphire"), x: 0, z: 0, level: 0, index: None }
[script lives6qyim_0] interact UseOn { name: "Chisel", kind: "inv", target_name: Some("Uncut sapphire"), x: 0, z: 0, level: 0, index: None }
[script lives6qyim_0] interact UseOn { name: "Chisel", kind: "inv", target_name: Some("Uncut sapphire"), x: 0, z: 0, level: 0, index: None }
[script lives6qyim_0] interact UseOn { name: "Chisel", kind: "inv", target_name: Some("Uncut sapphire"), x: 0, z: 0, level: 0, index: None }
[script lives6qyim_0] interact UseOn { name: "Chisel", kind: "inv", target_name: Some("Uncut sapphire"), x: 0, z: 0, level: 0, index: None }
[script lives6qyim_0] interact UseOn { name: "Chisel", kind: "inv", target_name: Some("Uncut sapphire"), x: 0, z: 0, level: 0, index: None }
[script lives6qyim_0] interact UseOn { name: "Chisel", kind: "inv", target_name: Some("Uncut sapphire"), x: 0, z: 0, level: 0, index: None }
[script lives6qyim_0] interact UseOn { name: "Chisel", kind: "inv", target_name: Some("Uncut sapphire"), x: 0, z: 0, level: 0, index: None }
[host] slot lives6qyim_0: d_loop_us=1197 d_raster_us=0 d_observe_us=82611 max_observe_us=12164 d_paints=0 d_skips=50 d_ticks=2 window_ms=1194
[script lives6qyim_0] interact UseOn { name: "Chisel", kind: "inv", target_name: Some("Uncut sapphire"), x: 0, z: 0, level: 0, index: None }
[script lives6qyim_0] interact UseOn { name: "Chisel", kind: "inv", target_name: Some("Uncut sapphire"), x: 0, z: 0, level: 0, index: None }
[script lives6qyim_0] interact UseOn { name: "Chisel", kind: "inv", target_name: Some("Uncut sapphire"), x: 0, z: 0, level: 0, index: None }
[script lives6qyim_0] interact UseOn { name: "Chisel", kind: "inv", target_name: Some("Uncut sapphire"), x: 0, z: 0, level: 0, index: None }
[script lives6qyim_0] interact UseOn { name: "Chisel", kind: "inv", target_name: Some("Uncut sapphire"), x: 0, z: 0, level: 0, index: None }
[script lives6qyim_0] interact UseOn { name: "Chisel", kind: "inv", target_name: Some("Uncut sapphire"), x: 0, z: 0, level: 0, index: None }
[script lives6qyim_0] interact UseOn { name: "Chisel", kind: "inv", target_name: Some("Uncut sapphire"), x: 0, z: 0, level: 0, index: None }
[script lives6qyim_0] interact UseOn { name: "Chisel", kind: "inv", target_name: Some("Uncut sapphire"), x: 0, z: 0, level: 0, index: None }
[script lives6qyim_0] interact UseOn { name: "Chisel", kind: "inv", target_name: Some("Uncut sapphire"), x: 0, z: 0, level: 0, index: None }
[script lives6qyim_0] interact UseOn { name: "Chisel", kind: "inv", target_name: Some("Uncut sapphire"), x: 0, z: 0, level: 0, index: None }
[script lives6qyim_0] interact UseOn { name: "Chisel", kind: "inv", target_name: Some("Uncut sapphire"), x: 0, z: 0, level: 0, index: None }
[script lives6qyim_0] interact UseOn { name: "Chisel", kind: "inv", target_name: Some("Uncut sapphire"), x: 0, z: 0, level: 0, index: None }
[script lives6qyim_0] interact UseOn { name: "Chisel", kind: "inv", target_name: Some("Uncut sapphire"), x: 0, z: 0, level: 0, index: None }
[script lives6qyim_0] interact UseOn { name: "Chisel", kind: "inv", target_name: Some("Uncut sapphire"), x: 0, z: 0, level: 0, index: None }
[script lives6qyim_0] interact UseOn { name: "Chisel", kind: "inv", target_name: Some("Uncut sapphire"), x: 0, z: 0, level: 0, index: None }
[script lives6qyim_0] interact UseOn { name: "Chisel", kind: "inv", target_name: Some("Uncut sapphire"), x: 0, z: 0, level: 0, index: None }
[script lives6qyim_0] interact UseOn { name: "Chisel", kind: "inv", target_name: Some("Uncut sapphire"), x: 0, z: 0, level: 0, index: None }
[script lives6qyim_0] interact UseOn { name: "Chisel", kind: "inv", target_name: Some("Uncut sapphire"), x: 0, z: 0, level: 0, index: None }
[script lives6qyim_0] interact UseOn { name: "Chisel", kind: "inv", target_name: Some("Uncut sapphire"), x: 0, z: 0, level: 0, index: None }
[script lives6qyim_0] interact UseOn { name: "Chisel", kind: "inv", target_name: Some("Uncut sapphire"), x: 0, z: 0, level: 0, index: None }
[script lives6qyim_0] interact UseOn { name: "Chisel", kind: "inv", target_name: Some("Uncut sapphire"), x: 0, z: 0, level: 0, index: None }
[script lives6qyim_0] interact UseOn { name: "Chisel", kind: "inv", target_name: Some("Uncut sapphire"), x: 0, z: 0, level: 0, index: None }
[script lives6qyim_0] interact UseOn { name: "Chisel", kind: "inv", target_name: Some("Uncut sapphire"), x: 0, z: 0, level: 0, index: None }
[script lives6qyim_0] interact UseOn { name: "Chisel", kind: "inv", target_name: Some("Uncut sapphire"), x: 0, z: 0, level: 0, index: None }
[script lives6qyim_0] interact UseOn { name: "Chisel", kind: "inv", target_name: Some("Uncut sapphire"), x: 0, z: 0, level: 0, index: None }
[script lives6qyim_0] interact UseOn { name: "Chisel", kind: "inv", target_name: Some("Uncut sapphire"), x: 0, z: 0, level: 0, index: None }
[script lives6qyim_0] interact UseOn { name: "Chisel", kind: "inv", target_name: Some("Uncut sapphire"), x: 0, z: 0, level: 0, index: None }
[script lives6qyim_0] interact UseOn { name: "Chisel", kind: "inv", target_name: Some("Uncut sapphire"), x: 0, z: 0, level: 0, index: None }
[script lives6qyim_0] interact UseOn { name: "Chisel", kind: "inv", target_name: Some("Uncut sapphire"), x: 0, z: 0, level: 0, index: None }
[script lives6qyim_0] interact UseOn { name: "Chisel", kind: "inv", target_name: Some("Uncut sapphire"), x: 0, z: 0, level: 0, index: None }
[script lives6qyim_0] interact UseOn { name: "Chisel", kind: "inv", target_name: Some("Uncut sapphire"), x: 0, z: 0, level: 0, index: None }
[script lives6qyim_0] interact UseOn { name: "Chisel", kind: "inv", target_name: Some("Uncut sapphire"), x: 0, z: 0, level: 0, index: None }
[script lives6qyim_0] interact UseOn { name: "Chisel", kind: "inv", target_name: Some("Uncut sapphire"), x: 0, z: 0, level: 0, index: None }
[script lives6qyim_0] interact UseOn { name: "Chisel", kind: "inv", target_name: Some("Uncut sapphire"), x: 0, z: 0, level: 0, index: None }
[script lives6qyim_0] interact UseOn { name: "Chisel", kind: "inv", target_name: Some("Uncut sapphire"), x: 0, z: 0, level: 0, index: None }
[script lives6qyim_0] interact UseOn { name: "Chisel", kind: "inv", target_name: Some("Uncut sapphire"), x: 0, z: 0, level: 0, index: None }
[script lives6qyim_0] interact UseOn { name: "Chisel", kind: "inv", target_name: Some("Uncut sapphire"), x: 0, z: 0, level: 0, index: None }
[script lives6qyim_0] interact UseOn { name: "Chisel", kind: "inv", target_name: Some("Uncut sapphire"), x: 0, z: 0, level: 0, index: None }
[script lives6qyim_0] interact UseOn { name: "Chisel", kind: "inv", target_name: Some("Uncut sapphire"), x: 0, z: 0, level: 0, index: None }
[script lives6qyim_0] interact UseOn { name: "Chisel", kind: "inv", target_name: Some("Uncut sapphire"), x: 0, z: 0, level: 0, index: None }
[script lives6qyim_0] interact UseOn { name: "Chisel", kind: "inv", target_name: Some("Uncut sapphire"), x: 0, z: 0, level: 0, index: None }
[script lives6qyim_0] interact UseOn { name: "Chisel", kind: "inv", target_name: Some("Uncut sapphire"), x: 0, z: 0, level: 0, index: None }
[script lives6qyim_0] interact UseOn { name: "Chisel", kind: "inv", target_name: Some("Uncut sapphire"), x: 0, z: 0, level: 0, index: None }
[script lives6qyim_0] interact UseOn { name: "Chisel", kind: "inv", target_name: Some("Uncut sapphire"), x: 0, z: 0, level: 0, index: None }
[script lives6qyim_0] interact UseOn { name: "Chisel", kind: "inv", target_name: Some("Uncut sapphire"), x: 0, z: 0, level: 0, index: None }
[script lives6qyim_0] interact UseOn { name: "Chisel", kind: "inv", target_name: Some("Uncut sapphire"), x: 0, z: 0, level: 0, index: None }
[script lives6qyim_0] interact UseOn { name: "Chisel", kind: "inv", target_name: Some("Uncut sapphire"), x: 0, z: 0, level: 0, index: None }
[script lives6qyim_0] interact UseOn { name: "Chisel", kind: "inv", target_name: Some("Uncut sapphire"), x: 0, z: 0, level: 0, index: None }
[script lives6qyim_0] interact UseOn { name: "Chisel", kind: "inv", target_name: Some("Uncut sapphire"), x: 0, z: 0, level: 0, index: None }
[script lives6qyim_0] interact UseOn { name: "Chisel", kind: "inv", target_name: Some("Uncut sapphire"), x: 0, z: 0, level: 0, index: None }
[script lives6qyim_0] interact UseOn { name: "Chisel", kind: "inv", target_name: Some("Uncut sapphire"), x: 0, z: 0, level: 0, index: None }
[script lives6qyim_0] interact UseOn { name: "Chisel", kind: "inv", target_name: Some("Uncut sapphire"), x: 0, z: 0, level: 0, index: None }
[script lives6qyim_0] interact UseOn { name: "Chisel", kind: "inv", target_name: Some("Uncut sapphire"), x: 0, z: 0, level: 0, index: None }
[script lives6qyim_0] interact UseOn { name: "Chisel", kind: "inv", target_name: Some("Uncut sapphire"), x: 0, z: 0, level: 0, index: None }
[script lives6qyim_0] interact UseOn { name: "Chisel", kind: "inv", target_name: Some("Uncut sapphire"), x: 0, z: 0, level: 0, index: None }
[script lives6qyim_0] interact UseOn { name: "Chisel", kind: "inv", target_name: Some("Uncut sapphire"), x: 0, z: 0, level: 0, index: None }
[script lives6qyim_0] interact UseOn { name: "Chisel", kind: "inv", target_name: Some("Uncut sapphire"), x: 0, z: 0, level: 0, index: None }
[script lives6qyim_0] interact UseOn { name: "Chisel", kind: "inv", target_name: Some("Uncut sapphire"), x: 0, z: 0, level: 0, index: None }
[script lives6qyim_0] interact UseOn { name: "Chisel", kind: "inv", target_name: Some("Uncut sapphire"), x: 0, z: 0, level: 0, index: None }
[script lives6qyim_0] interact UseOn { name: "Chisel", kind: "inv", target_name: Some("Uncut sapphire"), x: 0, z: 0, level: 0, index: None }
[host] slot lives6qyim_0: d_loop_us=1341 d_raster_us=0 d_observe_us=85429 max_observe_us=8000 d_paints=0 d_skips=50 d_ticks=2 window_ms=1203
[host] slot lives6qyim_0: d_loop_us=1233 d_raster_us=0 d_observe_us=78702 max_observe_us=14397 d_paints=0 d_skips=50 d_ticks=2 window_ms=1184
[script lives6qyim_0] interact UseOn { name: "Chisel", kind: "inv", target_name: Some("Uncut sapphire"), x: 0, z: 0, level: 0, index: None }
[script lives6qyim_0] interact UseOn { name: "Chisel", kind: "inv", target_name: Some("Uncut sapphire"), x: 0, z: 0, level: 0, index: None }
[script lives6qyim_0] interact UseOn { name: "Chisel", kind: "inv", target_name: Some("Uncut sapphire"), x: 0, z: 0, level: 0, index: None }
[script lives6qyim_0] interact UseOn { name: "Chisel", kind: "inv", target_name: Some("Uncut sapphire"), x: 0, z: 0, level: 0, index: None }
[script lives6qyim_0] interact UseOn { name: "Chisel", kind: "inv", target_name: Some("Uncut sapphire"), x: 0, z: 0, level: 0, index: None }
[script lives6qyim_0] interact UseOn { name: "Chisel", kind: "inv", target_name: Some("Uncut sapphire"), x: 0, z: 0, level: 0, index: None }
[script lives6qyim_0] interact UseOn { name: "Chisel", kind: "inv", target_name: Some("Uncut sapphire"), x: 0, z: 0, level: 0, index: None }
[script lives6qyim_0] interact UseOn { name: "Chisel", kind: "inv", target_name: Some("Uncut sapphire"), x: 0, z: 0, level: 0, index: None }
[script lives6qyim_0] interact UseOn { name: "Chisel", kind: "inv", target_name: Some("Uncut sapphire"), x: 0, z: 0, level: 0, index: None }
[script lives6qyim_0] interact UseOn { name: "Chisel", kind: "inv", target_name: Some("Uncut sapphire"), x: 0, z: 0, level: 0, index: None }
[script lives6qyim_0] interact UseOn { name: "Chisel", kind: "inv", target_name: Some("Uncut sapphire"), x: 0, z: 0, level: 0, index: None }
[script lives6qyim_0] interact UseOn { name: "Chisel", kind: "inv", target_name: Some("Uncut sapphire"), x: 0, z: 0, level: 0, index: None }
[script lives6qyim_0] interact UseOn { name: "Chisel", kind: "inv", target_name: Some("Uncut sapphire"), x: 0, z: 0, level: 0, index: None }
[script lives6qyim_0] interact UseOn { name: "Chisel", kind: "inv", target_name: Some("Uncut sapphire"), x: 0, z: 0, level: 0, index: None }
[script lives6qyim_0] interact UseOn { name: "Chisel", kind: "inv", target_name: Some("Uncut sapphire"), x: 0, z: 0, level: 0, index: None }
[script lives6qyim_0] interact UseOn { name: "Chisel", kind: "inv", target_name: Some("Uncut sapphire"), x: 0, z: 0, level: 0, index: None }
[script lives6qyim_0] interact UseOn { name: "Chisel", kind: "inv", target_name: Some("Uncut sapphire"), x: 0, z: 0, level: 0, index: None }
[script lives6qyim_0] interact UseOn { name: "Chisel", kind: "inv", target_name: Some("Uncut sapphire"), x: 0, z: 0, level: 0, index: None }
[script lives6qyim_0] interact UseOn { name: "Chisel", kind: "inv", target_name: Some("Uncut sapphire"), x: 0, z: 0, level: 0, index: None }
[script lives6qyim_0] interact UseOn { name: "Chisel", kind: "inv", target_name: Some("Uncut sapphire"), x: 0, z: 0, level: 0, index: None }
[script lives6qyim_0] interact UseOn { name: "Chisel", kind: "inv", target_name: Some("Uncut sapphire"), x: 0, z: 0, level: 0, index: None }
[script lives6qyim_0] interact UseOn { name: "Chisel", kind: "inv", target_name: Some("Uncut sapphire"), x: 0, z: 0, level: 0, index: None }
[script lives6qyim_0] interact UseOn { name: "Chisel", kind: "inv", target_name: Some("Uncut sapphire"), x: 0, z: 0, level: 0, index: None }
[script lives6qyim_0] interact UseOn { name: "Chisel", kind: "inv", target_name: Some("Uncut sapphire"), x: 0, z: 0, level: 0, index: None }
[script lives6qyim_0] interact UseOn { name: "Chisel", kind: "inv", target_name: Some("Uncut sapphire"), x: 0, z: 0, level: 0, index: None }
[script lives6qyim_0] interact UseOn { name: "Chisel", kind: "inv", target_name: Some("Uncut sapphire"), x: 0, z: 0, level: 0, index: None }
[script lives6qyim_0] interact UseOn { name: "Chisel", kind: "inv", target_name: Some("Uncut sapphire"), x: 0, z: 0, level: 0, index: None }
[script lives6qyim_0] interact UseOn { name: "Chisel", kind: "inv", target_name: Some("Uncut sapphire"), x: 0, z: 0, level: 0, index: None }
[script lives6qyim_0] interact UseOn { name: "Chisel", kind: "inv", target_name: Some("Uncut sapphire"), x: 0, z: 0, level: 0, index: None }
[script lives6qyim_0] interact UseOn { name: "Chisel", kind: "inv", target_name: Some("Uncut sapphire"), x: 0, z: 0, level: 0, index: None }
[script lives6qyim_0] interact UseOn { name: "Chisel", kind: "inv", target_name: Some("Uncut sapphire"), x: 0, z: 0, level: 0, index: None }
[script lives6qyim_0] interact UseOn { name: "Chisel", kind: "inv", target_name: Some("Uncut sapphire"), x: 0, z: 0, level: 0, index: None }
[script lives6qyim_0] interact UseOn { name: "Chisel", kind: "inv", target_name: Some("Uncut sapphire"), x: 0, z: 0, level: 0, index: None }
[script lives6qyim_0] interact UseOn { name: "Chisel", kind: "inv", target_name: Some("Uncut sapphire"), x: 0, z: 0, level: 0, index: None }
[script lives6qyim_0] interact UseOn { name: "Chisel", kind: "inv", target_name: Some("Uncut sapphire"), x: 0, z: 0, level: 0, index: None }
[script lives6qyim_0] interact UseOn { name: "Chisel", kind: "inv", target_name: Some("Uncut sapphire"), x: 0, z: 0, level: 0, index: None }
[script lives6qyim_0] interact UseOn { name: "Chisel", kind: "inv", target_name: Some("Uncut sapphire"), x: 0, z: 0, level: 0, index: None }
[script lives6qyim_0] interact UseOn { name: "Chisel", kind: "inv", target_name: Some("Uncut sapphire"), x: 0, z: 0, level: 0, index: None }
[script lives6qyim_0] interact UseOn { name: "Chisel", kind: "inv", target_name: Some("Uncut sapphire"), x: 0, z: 0, level: 0, index: None }
[script lives6qyim_0] interact UseOn { name: "Chisel", kind: "inv", target_name: Some("Uncut sapphire"), x: 0, z: 0, level: 0, index: None }
[script lives6qyim_0] interact UseOn { name: "Chisel", kind: "inv", target_name: Some("Uncut sapphire"), x: 0, z: 0, level: 0, index: None }
[script lives6qyim_0] interact UseOn { name: "Chisel", kind: "inv", target_name: Some("Uncut sapphire"), x: 0, z: 0, level: 0, index: None }
[script lives6qyim_0] interact UseOn { name: "Chisel", kind: "inv", target_name: Some("Uncut sapphire"), x: 0, z: 0, level: 0, index: None }
[script lives6qyim_0] interact UseOn { name: "Chisel", kind: "inv", target_name: Some("Uncut sapphire"), x: 0, z: 0, level: 0, index: None }
[script lives6qyim_0] interact UseOn { name: "Chisel", kind: "inv", target_name: Some("Uncut sapphire"), x: 0, z: 0, level: 0, index: None }
[script lives6qyim_0] interact UseOn { name: "Chisel", kind: "inv", target_name: Some("Uncut sapphire"), x: 0, z: 0, level: 0, index: None }
[script lives6qyim_0] interact UseOn { name: "Chisel", kind: "inv", target_name: Some("Uncut sapphire"), x: 0, z: 0, level: 0, index: None }
[script lives6qyim_0] interact UseOn { name: "Chisel", kind: "inv", target_name: Some("Uncut sapphire"), x: 0, z: 0, level: 0, index: None }
[script lives6qyim_0] interact UseOn { name: "Chisel", kind: "inv", target_name: Some("Uncut sapphire"), x: 0, z: 0, level: 0, index: None }
[script lives6qyim_0] interact UseOn { name: "Chisel", kind: "inv", target_name: Some("Uncut sapphire"), x: 0, z: 0, level: 0, index: None }
[script lives6qyim_0] interact UseOn { name: "Chisel", kind: "inv", target_name: Some("Uncut sapphire"), x: 0, z: 0, level: 0, index: None }
[script lives6qyim_0] interact UseOn { name: "Chisel", kind: "inv", target_name: Some("Uncut sapphire"), x: 0, z: 0, level: 0, index: None }
[script lives6qyim_0] interact UseOn { name: "Chisel", kind: "inv", target_name: Some("Uncut sapphire"), x: 0, z: 0, level: 0, index: None }
[script lives6qyim_0] interact UseOn { name: "Chisel", kind: "inv", target_name: Some("Uncut sapphire"), x: 0, z: 0, level: 0, index: None }
[script lives6qyim_0] interact UseOn { name: "Chisel", kind: "inv", target_name: Some("Uncut sapphire"), x: 0, z: 0, level: 0, index: None }
[script lives6qyim_0] interact UseOn { name: "Chisel", kind: "inv", target_name: Some("Uncut sapphire"), x: 0, z: 0, level: 0, index: None }
[script lives6qyim_0] interact UseOn { name: "Chisel", kind: "inv", target_name: Some("Uncut sapphire"), x: 0, z: 0, level: 0, index: None }
[script lives6qyim_0] interact UseOn { name: "Chisel", kind: "inv", target_name: Some("Uncut sapphire"), x: 0, z: 0, level: 0, index: None }
[script lives6qyim_0] interact UseOn { name: "Chisel", kind: "inv", target_name: Some("Uncut sapphire"), x: 0, z: 0, level: 0, index: None }
[script lives6qyim_0] interact UseOn { name: "Chisel", kind: "inv", target_name: Some("Uncut sapphire"), x: 0, z: 0, level: 0, index: None }
[host] slot lives6qyim_0: d_loop_us=1225 d_raster_us=0 d_observe_us=84920 max_observe_us=13497 d_paints=0 d_skips=50 d_ticks=2 window_ms=1204
[host] slot lives6qyim_0: d_loop_us=1197 d_raster_us=0 d_observe_us=76676 max_observe_us=9213 d_paints=0 d_skips=50 d_ticks=2 window_ms=1204
[script lives6qyim_0] interact UseOn { name: "Chisel", kind: "inv", target_name: Some("Uncut sapphire"), x: 0, z: 0, level: 0, index: None }
[script lives6qyim_0] interact UseOn { name: "Chisel", kind: "inv", target_name: Some("Uncut sapphire"), x: 0, z: 0, level: 0, index: None }
[script lives6qyim_0] interact UseOn { name: "Chisel", kind: "inv", target_name: Some("Uncut sapphire"), x: 0, z: 0, level: 0, index: None }
[script lives6qyim_0] interact UseOn { name: "Chisel", kind: "inv", target_name: Some("Uncut sapphire"), x: 0, z: 0, level: 0, index: None }
[script lives6qyim_0] interact UseOn { name: "Chisel", kind: "inv", target_name: Some("Uncut sapphire"), x: 0, z: 0, level: 0, index: None }
[script lives6qyim_0] interact UseOn { name: "Chisel", kind: "inv", target_name: Some("Uncut sapphire"), x: 0, z: 0, level: 0, index: None }
[script lives6qyim_0] interact UseOn { name: "Chisel", kind: "inv", target_name: Some("Uncut sapphire"), x: 0, z: 0, level: 0, index: None }
[script lives6qyim_0] interact UseOn { name: "Chisel", kind: "inv", target_name: Some("Uncut sapphire"), x: 0, z: 0, level: 0, index: None }
[script lives6qyim_0] interact UseOn { name: "Chisel", kind: "inv", target_name: Some("Uncut sapphire"), x: 0, z: 0, level: 0, index: None }
[script lives6qyim_0] interact UseOn { name: "Chisel", kind: "inv", target_name: Some("Uncut sapphire"), x: 0, z: 0, level: 0, index: None }
[script lives6qyim_0] interact UseOn { name: "Chisel", kind: "inv", target_name: Some("Uncut sapphire"), x: 0, z: 0, level: 0, index: None }
[script lives6qyim_0] interact UseOn { name: "Chisel", kind: "inv", target_name: Some("Uncut sapphire"), x: 0, z: 0, level: 0, index: None }
[script lives6qyim_0] interact UseOn { name: "Chisel", kind: "inv", target_name: Some("Uncut sapphire"), x: 0, z: 0, level: 0, index: None }
[script lives6qyim_0] interact UseOn { name: "Chisel", kind: "inv", target_name: Some("Uncut sapphire"), x: 0, z: 0, level: 0, index: None }
[script lives6qyim_0] interact UseOn { name: "Chisel", kind: "inv", target_name: Some("Uncut sapphire"), x: 0, z: 0, level: 0, index: None }
[script lives6qyim_0] interact UseOn { name: "Chisel", kind: "inv", target_name: Some("Uncut sapphire"), x: 0, z: 0, level: 0, index: None }
[script lives6qyim_0] interact UseOn { name: "Chisel", kind: "inv", target_name: Some("Uncut sapphire"), x: 0, z: 0, level: 0, index: None }
[script lives6qyim_0] interact UseOn { name: "Chisel", kind: "inv", target_name: Some("Uncut sapphire"), x: 0, z: 0, level: 0, index: None }
[script lives6qyim_0] interact UseOn { name: "Chisel", kind: "inv", target_name: Some("Uncut sapphire"), x: 0, z: 0, level: 0, index: None }
[script lives6qyim_0] interact UseOn { name: "Chisel", kind: "inv", target_name: Some("Uncut sapphire"), x: 0, z: 0, level: 0, index: None }
[script lives6qyim_0] interact UseOn { name: "Chisel", kind: "inv", target_name: Some("Uncut sapphire"), x: 0, z: 0, level: 0, index: None }
[script lives6qyim_0] interact UseOn { name: "Chisel", kind: "inv", target_name: Some("Uncut sapphire"), x: 0, z: 0, level: 0, index: None }
[script lives6qyim_0] interact UseOn { name: "Chisel", kind: "inv", target_name: Some("Uncut sapphire"), x: 0, z: 0, level: 0, index: None }
[script lives6qyim_0] interact UseOn { name: "Chisel", kind: "inv", target_name: Some("Uncut sapphire"), x: 0, z: 0, level: 0, index: None }
[script lives6qyim_0] interact UseOn { name: "Chisel", kind: "inv", target_name: Some("Uncut sapphire"), x: 0, z: 0, level: 0, index: None }
[script lives6qyim_0] interact UseOn { name: "Chisel", kind: "inv", target_name: Some("Uncut sapphire"), x: 0, z: 0, level: 0, index: None }
[script lives6qyim_0] interact UseOn { name: "Chisel", kind: "inv", target_name: Some("Uncut sapphire"), x: 0, z: 0, level: 0, index: None }
[script lives6qyim_0] interact UseOn { name: "Chisel", kind: "inv", target_name: Some("Uncut sapphire"), x: 0, z: 0, level: 0, index: None }
[script lives6qyim_0] interact UseOn { name: "Chisel", kind: "inv", target_name: Some("Uncut sapphire"), x: 0, z: 0, level: 0, index: None }
[script lives6qyim_0] interact UseOn { name: "Chisel", kind: "inv", target_name: Some("Uncut sapphire"), x: 0, z: 0, level: 0, index: None }
[script lives6qyim_0] interact UseOn { name: "Chisel", kind: "inv", target_name: Some("Uncut sapphire"), x: 0, z: 0, level: 0, index: None }
[script lives6qyim_0] interact UseOn { name: "Chisel", kind: "inv", target_name: Some("Uncut sapphire"), x: 0, z: 0, level: 0, index: None }
[script lives6qyim_0] interact UseOn { name: "Chisel", kind: "inv", target_name: Some("Uncut sapphire"), x: 0, z: 0, level: 0, index: None }
[script lives6qyim_0] interact UseOn { name: "Chisel", kind: "inv", target_name: Some("Uncut sapphire"), x: 0, z: 0, level: 0, index: None }
[script lives6qyim_0] interact UseOn { name: "Chisel", kind: "inv", target_name: Some("Uncut sapphire"), x: 0, z: 0, level: 0, index: None }
[script lives6qyim_0] interact UseOn { name: "Chisel", kind: "inv", target_name: Some("Uncut sapphire"), x: 0, z: 0, level: 0, index: None }
[script lives6qyim_0] interact UseOn { name: "Chisel", kind: "inv", target_name: Some("Uncut sapphire"), x: 0, z: 0, level: 0, index: None }
[script lives6qyim_0] interact UseOn { name: "Chisel", kind: "inv", target_name: Some("Uncut sapphire"), x: 0, z: 0, level: 0, index: None }
[script lives6qyim_0] interact UseOn { name: "Chisel", kind: "inv", target_name: Some("Uncut sapphire"), x: 0, z: 0, level: 0, index: None }
[script lives6qyim_0] interact UseOn { name: "Chisel", kind: "inv", target_name: Some("Uncut sapphire"), x: 0, z: 0, level: 0, index: None }
[script lives6qyim_0] interact UseOn { name: "Chisel", kind: "inv", target_name: Some("Uncut sapphire"), x: 0, z: 0, level: 0, index: None }
[script lives6qyim_0] interact UseOn { name: "Chisel", kind: "inv", target_name: Some("Uncut sapphire"), x: 0, z: 0, level: 0, index: None }
[script lives6qyim_0] interact UseOn { name: "Chisel", kind: "inv", target_name: Some("Uncut sapphire"), x: 0, z: 0, level: 0, index: None }
[script lives6qyim_0] interact UseOn { name: "Chisel", kind: "inv", target_name: Some("Uncut sapphire"), x: 0, z: 0, level: 0, index: None }
[script lives6qyim_0] interact UseOn { name: "Chisel", kind: "inv", target_name: Some("Uncut sapphire"), x: 0, z: 0, level: 0, index: None }
[script lives6qyim_0] interact UseOn { name: "Chisel", kind: "inv", target_name: Some("Uncut sapphire"), x: 0, z: 0, level: 0, index: None }
[script lives6qyim_0] interact UseOn { name: "Chisel", kind: "inv", target_name: Some("Uncut sapphire"), x: 0, z: 0, level: 0, index: None }
[script lives6qyim_0] interact UseOn { name: "Chisel", kind: "inv", target_name: Some("Uncut sapphire"), x: 0, z: 0, level: 0, index: None }
[script lives6qyim_0] interact UseOn { name: "Chisel", kind: "inv", target_name: Some("Uncut sapphire"), x: 0, z: 0, level: 0, index: None }
[script lives6qyim_0] interact UseOn { name: "Chisel", kind: "inv", target_name: Some("Uncut sapphire"), x: 0, z: 0, level: 0, index: None }
[script lives6qyim_0] interact UseOn { name: "Chisel", kind: "inv", target_name: Some("Uncut sapphire"), x: 0, z: 0, level: 0, index: None }
[script lives6qyim_0] interact UseOn { name: "Chisel", kind: "inv", target_name: Some("Uncut sapphire"), x: 0, z: 0, level: 0, index: None }
[script lives6qyim_0] interact UseOn { name: "Chisel", kind: "inv", target_name: Some("Uncut sapphire"), x: 0, z: 0, level: 0, index: None }
[script lives6qyim_0] interact UseOn { name: "Chisel", kind: "inv", target_name: Some("Uncut sapphire"), x: 0, z: 0, level: 0, index: None }
[script lives6qyim_0] interact UseOn { name: "Chisel", kind: "inv", target_name: Some("Uncut sapphire"), x: 0, z: 0, level: 0, index: None }
[script lives6qyim_0] interact UseOn { name: "Chisel", kind: "inv", target_name: Some("Uncut sapphire"), x: 0, z: 0, level: 0, index: None }
[script lives6qyim_0] interact UseOn { name: "Chisel", kind: "inv", target_name: Some("Uncut sapphire"), x: 0, z: 0, level: 0, index: None }
[script lives6qyim_0] interact UseOn { name: "Chisel", kind: "inv", target_name: Some("Uncut sapphire"), x: 0, z: 0, level: 0, index: None }
[script lives6qyim_0] interact UseOn { name: "Chisel", kind: "inv", target_name: Some("Uncut sapphire"), x: 0, z: 0, level: 0, index: None }
[script lives6qyim_0] interact UseOn { name: "Chisel", kind: "inv", target_name: Some("Uncut sapphire"), x: 0, z: 0, level: 0, index: None }
[host] slot lives6qyim_0: d_loop_us=1263 d_raster_us=0 d_observe_us=95089 max_observe_us=14899 d_paints=0 d_skips=50 d_ticks=2 window_ms=1182
[script lives6qyim_0] interact UseOn { name: "Chisel", kind: "inv", target_name: Some("Uncut sapphire"), x: 0, z: 0, level: 0, index: None }
[script lives6qyim_0] interact UseOn { name: "Chisel", kind: "inv", target_name: Some("Uncut sapphire"), x: 0, z: 0, level: 0, index: None }
[script lives6qyim_0] interact UseOn { name: "Chisel", kind: "inv", target_name: Some("Uncut sapphire"), x: 0, z: 0, level: 0, index: None }
[script lives6qyim_0] interact UseOn { name: "Chisel", kind: "inv", target_name: Some("Uncut sapphire"), x: 0, z: 0, level: 0, index: None }
[script lives6qyim_0] interact UseOn { name: "Chisel", kind: "inv", target_name: Some("Uncut sapphire"), x: 0, z: 0, level: 0, index: None }
[script lives6qyim_0] interact UseOn { name: "Chisel", kind: "inv", target_name: Some("Uncut sapphire"), x: 0, z: 0, level: 0, index: None }
[script lives6qyim_0] interact UseOn { name: "Chisel", kind: "inv", target_name: Some("Uncut sapphire"), x: 0, z: 0, level: 0, index: None }
[script lives6qyim_0] interact UseOn { name: "Chisel", kind: "inv", target_name: Some("Uncut sapphire"), x: 0, z: 0, level: 0, index: None }
[script lives6qyim_0] interact UseOn { name: "Chisel", kind: "inv", target_name: Some("Uncut sapphire"), x: 0, z: 0, level: 0, index: None }
[script lives6qyim_0] interact UseOn { name: "Chisel", kind: "inv", target_name: Some("Uncut sapphire"), x: 0, z: 0, level: 0, index: None }
[script lives6qyim_0] interact UseOn { name: "Chisel", kind: "inv", target_name: Some("Uncut sapphire"), x: 0, z: 0, level: 0, index: None }
[script lives6qyim_0] interact UseOn { name: "Chisel", kind: "inv", target_name: Some("Uncut sapphire"), x: 0, z: 0, level: 0, index: None }
[script lives6qyim_0] interact UseOn { name: "Chisel", kind: "inv", target_name: Some("Uncut sapphire"), x: 0, z: 0, level: 0, index: None }
[script lives6qyim_0] interact UseOn { name: "Chisel", kind: "inv", target_name: Some("Uncut sapphire"), x: 0, z: 0, level: 0, index: None }
[script lives6qyim_0] interact UseOn { name: "Chisel", kind: "inv", target_name: Some("Uncut sapphire"), x: 0, z: 0, level: 0, index: None }
[script lives6qyim_0] interact UseOn { name: "Chisel", kind: "inv", target_name: Some("Uncut sapphire"), x: 0, z: 0, level: 0, index: None }
[script lives6qyim_0] interact UseOn { name: "Chisel", kind: "inv", target_name: Some("Uncut sapphire"), x: 0, z: 0, level: 0, index: None }
[script lives6qyim_0] interact UseOn { name: "Chisel", kind: "inv", target_name: Some("Uncut sapphire"), x: 0, z: 0, level: 0, index: None }
[script lives6qyim_0] interact UseOn { name: "Chisel", kind: "inv", target_name: Some("Uncut sapphire"), x: 0, z: 0, level: 0, index: None }
[script lives6qyim_0] interact UseOn { name: "Chisel", kind: "inv", target_name: Some("Uncut sapphire"), x: 0, z: 0, level: 0, index: None }
[script lives6qyim_0] interact UseOn { name: "Chisel", kind: "inv", target_name: Some("Uncut sapphire"), x: 0, z: 0, level: 0, index: None }
[script lives6qyim_0] interact UseOn { name: "Chisel", kind: "inv", target_name: Some("Uncut sapphire"), x: 0, z: 0, level: 0, index: None }
[script lives6qyim_0] interact UseOn { name: "Chisel", kind: "inv", target_name: Some("Uncut sapphire"), x: 0, z: 0, level: 0, index: None }
[script lives6qyim_0] interact UseOn { name: "Chisel", kind: "inv", target_name: Some("Uncut sapphire"), x: 0, z: 0, level: 0, index: None }
[script lives6qyim_0] interact UseOn { name: "Chisel", kind: "inv", target_name: Some("Uncut sapphire"), x: 0, z: 0, level: 0, index: None }
[script lives6qyim_0] interact UseOn { name: "Chisel", kind: "inv", target_name: Some("Uncut sapphire"), x: 0, z: 0, level: 0, index: None }
[script lives6qyim_0] interact UseOn { name: "Chisel", kind: "inv", target_name: Some("Uncut sapphire"), x: 0, z: 0, level: 0, index: None }
[script lives6qyim_0] interact UseOn { name: "Chisel", kind: "inv", target_name: Some("Uncut sapphire"), x: 0, z: 0, level: 0, index: None }
[script lives6qyim_0] interact UseOn { name: "Chisel", kind: "inv", target_name: Some("Uncut sapphire"), x: 0, z: 0, level: 0, index: None }
[script lives6qyim_0] interact UseOn { name: "Chisel", kind: "inv", target_name: Some("Uncut sapphire"), x: 0, z: 0, level: 0, index: None }
[script lives6qyim_0] interact UseOn { name: "Chisel", kind: "inv", target_name: Some("Uncut sapphire"), x: 0, z: 0, level: 0, index: None }
[script lives6qyim_0] interact UseOn { name: "Chisel", kind: "inv", target_name: Some("Uncut sapphire"), x: 0, z: 0, level: 0, index: None }
[script lives6qyim_0] interact UseOn { name: "Chisel", kind: "inv", target_name: Some("Uncut sapphire"), x: 0, z: 0, level: 0, index: None }
[script lives6qyim_0] interact UseOn { name: "Chisel", kind: "inv", target_name: Some("Uncut sapphire"), x: 0, z: 0, level: 0, index: None }
[script lives6qyim_0] interact UseOn { name: "Chisel", kind: "inv", target_name: Some("Uncut sapphire"), x: 0, z: 0, level: 0, index: None }
[script lives6qyim_0] interact UseOn { name: "Chisel", kind: "inv", target_name: Some("Uncut sapphire"), x: 0, z: 0, level: 0, index: None }
[script lives6qyim_0] interact UseOn { name: "Chisel", kind: "inv", target_name: Some("Uncut sapphire"), x: 0, z: 0, level: 0, index: None }
[script lives6qyim_0] interact UseOn { name: "Chisel", kind: "inv", target_name: Some("Uncut sapphire"), x: 0, z: 0, level: 0, index: None }
[script lives6qyim_0] interact UseOn { name: "Chisel", kind: "inv", target_name: Some("Uncut sapphire"), x: 0, z: 0, level: 0, index: None }
[script lives6qyim_0] interact UseOn { name: "Chisel", kind: "inv", target_name: Some("Uncut sapphire"), x: 0, z: 0, level: 0, index: None }
[script lives6qyim_0] interact UseOn { name: "Chisel", kind: "inv", target_name: Some("Uncut sapphire"), x: 0, z: 0, level: 0, index: None }
[script lives6qyim_0] interact UseOn { name: "Chisel", kind: "inv", target_name: Some("Uncut sapphire"), x: 0, z: 0, level: 0, index: None }
[script lives6qyim_0] interact UseOn { name: "Chisel", kind: "inv", target_name: Some("Uncut sapphire"), x: 0, z: 0, level: 0, index: None }
[script lives6qyim_0] interact UseOn { name: "Chisel", kind: "inv", target_name: Some("Uncut sapphire"), x: 0, z: 0, level: 0, index: None }
[script lives6qyim_0] interact UseOn { name: "Chisel", kind: "inv", target_name: Some("Uncut sapphire"), x: 0, z: 0, level: 0, index: None }
[script lives6qyim_0] interact UseOn { name: "Chisel", kind: "inv", target_name: Some("Uncut sapphire"), x: 0, z: 0, level: 0, index: None }
[script lives6qyim_0] interact UseOn { name: "Chisel", kind: "inv", target_name: Some("Uncut sapphire"), x: 0, z: 0, level: 0, index: None }
[script lives6qyim_0] interact UseOn { name: "Chisel", kind: "inv", target_name: Some("Uncut sapphire"), x: 0, z: 0, level: 0, index: None }
[script lives6qyim_0] interact UseOn { name: "Chisel", kind: "inv", target_name: Some("Uncut sapphire"), x: 0, z: 0, level: 0, index: None }
[script lives6qyim_0] interact UseOn { name: "Chisel", kind: "inv", target_name: Some("Uncut sapphire"), x: 0, z: 0, level: 0, index: None }
[script lives6qyim_0] interact UseOn { name: "Chisel", kind: "inv", target_name: Some("Uncut sapphire"), x: 0, z: 0, level: 0, index: None }
[script lives6qyim_0] interact UseOn { name: "Chisel", kind: "inv", target_name: Some("Uncut sapphire"), x: 0, z: 0, level: 0, index: None }
[script lives6qyim_0] interact UseOn { name: "Chisel", kind: "inv", target_name: Some("Uncut sapphire"), x: 0, z: 0, level: 0, index: None }
[script lives6qyim_0] interact UseOn { name: "Chisel", kind: "inv", target_name: Some("Uncut sapphire"), x: 0, z: 0, level: 0, index: None }
[script lives6qyim_0] interact UseOn { name: "Chisel", kind: "inv", target_name: Some("Uncut sapphire"), x: 0, z: 0, level: 0, index: None }
[script lives6qyim_0] interact UseOn { name: "Chisel", kind: "inv", target_name: Some("Uncut sapphire"), x: 0, z: 0, level: 0, index: None }
[script lives6qyim_0] interact UseOn { name: "Chisel", kind: "inv", target_name: Some("Uncut sapphire"), x: 0, z: 0, level: 0, index: None }
[script lives6qyim_0] interact UseOn { name: "Chisel", kind: "inv", target_name: Some("Uncut sapphire"), x: 0, z: 0, level: 0, index: None }
[script lives6qyim_0] interact UseOn { name: "Chisel", kind: "inv", target_name: Some("Uncut sapphire"), x: 0, z: 0, level: 0, index: None }
[script lives6qyim_0] interact UseOn { name: "Chisel", kind: "inv", target_name: Some("Uncut sapphire"), x: 0, z: 0, level: 0, index: None }
[host] slot lives6qyim_0: d_loop_us=1347 d_raster_us=0 d_observe_us=77315 max_observe_us=9131 d_paints=0 d_skips=50 d_ticks=2 window_ms=1177
[host] slot lives6qyim_0: d_loop_us=1300 d_raster_us=0 d_observe_us=69906 max_observe_us=12844 d_paints=0 d_skips=50 d_ticks=2 window_ms=1206
[script lives6qyim_0] interact UseOn { name: "Chisel", kind: "inv", target_name: Some("Uncut sapphire"), x: 0, z: 0, level: 0, index: None }
[script lives6qyim_0] interact UseOn { name: "Chisel", kind: "inv", target_name: Some("Uncut sapphire"), x: 0, z: 0, level: 0, index: None }
[script lives6qyim_0] interact UseOn { name: "Chisel", kind: "inv", target_name: Some("Uncut sapphire"), x: 0, z: 0, level: 0, index: None }
[script lives6qyim_0] interact UseOn { name: "Chisel", kind: "inv", target_name: Some("Uncut sapphire"), x: 0, z: 0, level: 0, index: None }
[script lives6qyim_0] interact UseOn { name: "Chisel", kind: "inv", target_name: Some("Uncut sapphire"), x: 0, z: 0, level: 0, index: None }
[script lives6qyim_0] interact UseOn { name: "Chisel", kind: "inv", target_name: Some("Uncut sapphire"), x: 0, z: 0, level: 0, index: None }
[script lives6qyim_0] interact UseOn { name: "Chisel", kind: "inv", target_name: Some("Uncut sapphire"), x: 0, z: 0, level: 0, index: None }
[script lives6qyim_0] interact UseOn { name: "Chisel", kind: "inv", target_name: Some("Uncut sapphire"), x: 0, z: 0, level: 0, index: None }
[script lives6qyim_0] interact UseOn { name: "Chisel", kind: "inv", target_name: Some("Uncut sapphire"), x: 0, z: 0, level: 0, index: None }
[script lives6qyim_0] interact UseOn { name: "Chisel", kind: "inv", target_name: Some("Uncut sapphire"), x: 0, z: 0, level: 0, index: None }
[script lives6qyim_0] interact UseOn { name: "Chisel", kind: "inv", target_name: Some("Uncut sapphire"), x: 0, z: 0, level: 0, index: None }
[script lives6qyim_0] interact UseOn { name: "Chisel", kind: "inv", target_name: Some("Uncut sapphire"), x: 0, z: 0, level: 0, index: None }
[script lives6qyim_0] interact UseOn { name: "Chisel", kind: "inv", target_name: Some("Uncut sapphire"), x: 0, z: 0, level: 0, index: None }
[script lives6qyim_0] interact UseOn { name: "Chisel", kind: "inv", target_name: Some("Uncut sapphire"), x: 0, z: 0, level: 0, index: None }
[script lives6qyim_0] interact UseOn { name: "Chisel", kind: "inv", target_name: Some("Uncut sapphire"), x: 0, z: 0, level: 0, index: None }
[script lives6qyim_0] interact UseOn { name: "Chisel", kind: "inv", target_name: Some("Uncut sapphire"), x: 0, z: 0, level: 0, index: None }
[script lives6qyim_0] interact UseOn { name: "Chisel", kind: "inv", target_name: Some("Uncut sapphire"), x: 0, z: 0, level: 0, index: None }
[script lives6qyim_0] interact UseOn { name: "Chisel", kind: "inv", target_name: Some("Uncut sapphire"), x: 0, z: 0, level: 0, index: None }
[script lives6qyim_0] interact UseOn { name: "Chisel", kind: "inv", target_name: Some("Uncut sapphire"), x: 0, z: 0, level: 0, index: None }
[script lives6qyim_0] interact UseOn { name: "Chisel", kind: "inv", target_name: Some("Uncut sapphire"), x: 0, z: 0, level: 0, index: None }
[script lives6qyim_0] interact UseOn { name: "Chisel", kind: "inv", target_name: Some("Uncut sapphire"), x: 0, z: 0, level: 0, index: None }
[script lives6qyim_0] interact UseOn { name: "Chisel", kind: "inv", target_name: Some("Uncut sapphire"), x: 0, z: 0, level: 0, index: None }
[script lives6qyim_0] interact UseOn { name: "Chisel", kind: "inv", target_name: Some("Uncut sapphire"), x: 0, z: 0, level: 0, index: None }
[script lives6qyim_0] interact UseOn { name: "Chisel", kind: "inv", target_name: Some("Uncut sapphire"), x: 0, z: 0, level: 0, index: None }
[script lives6qyim_0] interact UseOn { name: "Chisel", kind: "inv", target_name: Some("Uncut sapphire"), x: 0, z: 0, level: 0, index: None }
[script lives6qyim_0] interact UseOn { name: "Chisel", kind: "inv", target_name: Some("Uncut sapphire"), x: 0, z: 0, level: 0, index: None }
[script lives6qyim_0] interact UseOn { name: "Chisel", kind: "inv", target_name: Some("Uncut sapphire"), x: 0, z: 0, level: 0, index: None }
[script lives6qyim_0] interact UseOn { name: "Chisel", kind: "inv", target_name: Some("Uncut sapphire"), x: 0, z: 0, level: 0, index: None }
[script lives6qyim_0] interact UseOn { name: "Chisel", kind: "inv", target_name: Some("Uncut sapphire"), x: 0, z: 0, level: 0, index: None }
[script lives6qyim_0] interact UseOn { name: "Chisel", kind: "inv", target_name: Some("Uncut sapphire"), x: 0, z: 0, level: 0, index: None }
[script lives6qyim_0] interact UseOn { name: "Chisel", kind: "inv", target_name: Some("Uncut sapphire"), x: 0, z: 0, level: 0, index: None }
[script lives6qyim_0] interact UseOn { name: "Chisel", kind: "inv", target_name: Some("Uncut sapphire"), x: 0, z: 0, level: 0, index: None }
[script lives6qyim_0] interact UseOn { name: "Chisel", kind: "inv", target_name: Some("Uncut sapphire"), x: 0, z: 0, level: 0, index: None }
[script lives6qyim_0] interact UseOn { name: "Chisel", kind: "inv", target_name: Some("Uncut sapphire"), x: 0, z: 0, level: 0, index: None }
[script lives6qyim_0] interact UseOn { name: "Chisel", kind: "inv", target_name: Some("Uncut sapphire"), x: 0, z: 0, level: 0, index: None }
[script lives6qyim_0] interact UseOn { name: "Chisel", kind: "inv", target_name: Some("Uncut sapphire"), x: 0, z: 0, level: 0, index: None }
[script lives6qyim_0] interact UseOn { name: "Chisel", kind: "inv", target_name: Some("Uncut sapphire"), x: 0, z: 0, level: 0, index: None }
[script lives6qyim_0] interact UseOn { name: "Chisel", kind: "inv", target_name: Some("Uncut sapphire"), x: 0, z: 0, level: 0, index: None }
[script lives6qyim_0] interact UseOn { name: "Chisel", kind: "inv", target_name: Some("Uncut sapphire"), x: 0, z: 0, level: 0, index: None }
[script lives6qyim_0] interact UseOn { name: "Chisel", kind: "inv", target_name: Some("Uncut sapphire"), x: 0, z: 0, level: 0, index: None }
[script lives6qyim_0] interact UseOn { name: "Chisel", kind: "inv", target_name: Some("Uncut sapphire"), x: 0, z: 0, level: 0, index: None }
[script lives6qyim_0] interact UseOn { name: "Chisel", kind: "inv", target_name: Some("Uncut sapphire"), x: 0, z: 0, level: 0, index: None }
[script lives6qyim_0] interact UseOn { name: "Chisel", kind: "inv", target_name: Some("Uncut sapphire"), x: 0, z: 0, level: 0, index: None }
[script lives6qyim_0] interact UseOn { name: "Chisel", kind: "inv", target_name: Some("Uncut sapphire"), x: 0, z: 0, level: 0, index: None }
[script lives6qyim_0] interact UseOn { name: "Chisel", kind: "inv", target_name: Some("Uncut sapphire"), x: 0, z: 0, level: 0, index: None }
[script lives6qyim_0] interact UseOn { name: "Chisel", kind: "inv", target_name: Some("Uncut sapphire"), x: 0, z: 0, level: 0, index: None }
[script lives6qyim_0] interact UseOn { name: "Chisel", kind: "inv", target_name: Some("Uncut sapphire"), x: 0, z: 0, level: 0, index: None }
[script lives6qyim_0] interact UseOn { name: "Chisel", kind: "inv", target_name: Some("Uncut sapphire"), x: 0, z: 0, level: 0, index: None }
[script lives6qyim_0] interact UseOn { name: "Chisel", kind: "inv", target_name: Some("Uncut sapphire"), x: 0, z: 0, level: 0, index: None }
[script lives6qyim_0] interact UseOn { name: "Chisel", kind: "inv", target_name: Some("Uncut sapphire"), x: 0, z: 0, level: 0, index: None }
[script lives6qyim_0] interact UseOn { name: "Chisel", kind: "inv", target_name: Some("Uncut sapphire"), x: 0, z: 0, level: 0, index: None }
[script lives6qyim_0] interact UseOn { name: "Chisel", kind: "inv", target_name: Some("Uncut sapphire"), x: 0, z: 0, level: 0, index: None }
[script lives6qyim_0] interact UseOn { name: "Chisel", kind: "inv", target_name: Some("Uncut sapphire"), x: 0, z: 0, level: 0, index: None }
[script lives6qyim_0] interact UseOn { name: "Chisel", kind: "inv", target_name: Some("Uncut sapphire"), x: 0, z: 0, level: 0, index: None }
[script lives6qyim_0] interact UseOn { name: "Chisel", kind: "inv", target_name: Some("Uncut sapphire"), x: 0, z: 0, level: 0, index: None }
[script lives6qyim_0] interact UseOn { name: "Chisel", kind: "inv", target_name: Some("Uncut sapphire"), x: 0, z: 0, level: 0, index: None }
[script lives6qyim_0] interact UseOn { name: "Chisel", kind: "inv", target_name: Some("Uncut sapphire"), x: 0, z: 0, level: 0, index: None }
[script lives6qyim_0] interact UseOn { name: "Chisel", kind: "inv", target_name: Some("Uncut sapphire"), x: 0, z: 0, level: 0, index: None }
[script lives6qyim_0] interact UseOn { name: "Chisel", kind: "inv", target_name: Some("Uncut sapphire"), x: 0, z: 0, level: 0, index: None }
[script lives6qyim_0] interact UseOn { name: "Chisel", kind: "inv", target_name: Some("Uncut sapphire"), x: 0, z: 0, level: 0, index: None }
[host] slot lives6qyim_0: d_loop_us=1349 d_raster_us=0 d_observe_us=92556 max_observe_us=10183 d_paints=0 d_skips=50 d_ticks=2 window_ms=1194
[script lives6qyim_0] interact UseOn { name: "Chisel", kind: "inv", target_name: Some("Uncut sapphire"), x: 0, z: 0, level: 0, index: None }
[script lives6qyim_0] interact UseOn { name: "Chisel", kind: "inv", target_name: Some("Uncut sapphire"), x: 0, z: 0, level: 0, index: None }
[script lives6qyim_0] interact UseOn { name: "Chisel", kind: "inv", target_name: Some("Uncut sapphire"), x: 0, z: 0, level: 0, index: None }
[script lives6qyim_0] interact UseOn { name: "Chisel", kind: "inv", target_name: Some("Uncut sapphire"), x: 0, z: 0, level: 0, index: None }
[script lives6qyim_0] interact UseOn { name: "Chisel", kind: "inv", target_name: Some("Uncut sapphire"), x: 0, z: 0, level: 0, index: None }
[script lives6qyim_0] interact UseOn { name: "Chisel", kind: "inv", target_name: Some("Uncut sapphire"), x: 0, z: 0, level: 0, index: None }
[script lives6qyim_0] interact UseOn { name: "Chisel", kind: "inv", target_name: Some("Uncut sapphire"), x: 0, z: 0, level: 0, index: None }
[script lives6qyim_0] interact UseOn { name: "Chisel", kind: "inv", target_name: Some("Uncut sapphire"), x: 0, z: 0, level: 0, index: None }
[script lives6qyim_0] interact UseOn { name: "Chisel", kind: "inv", target_name: Some("Uncut sapphire"), x: 0, z: 0, level: 0, index: None }
[script lives6qyim_0] interact UseOn { name: "Chisel", kind: "inv", target_name: Some("Uncut sapphire"), x: 0, z: 0, level: 0, index: None }
[script lives6qyim_0] interact UseOn { name: "Chisel", kind: "inv", target_name: Some("Uncut sapphire"), x: 0, z: 0, level: 0, index: None }
[script lives6qyim_0] interact UseOn { name: "Chisel", kind: "inv", target_name: Some("Uncut sapphire"), x: 0, z: 0, level: 0, index: None }
[script lives6qyim_0] interact UseOn { name: "Chisel", kind: "inv", target_name: Some("Uncut sapphire"), x: 0, z: 0, level: 0, index: None }
[script lives6qyim_0] interact UseOn { name: "Chisel", kind: "inv", target_name: Some("Uncut sapphire"), x: 0, z: 0, level: 0, index: None }
[script lives6qyim_0] interact UseOn { name: "Chisel", kind: "inv", target_name: Some("Uncut sapphire"), x: 0, z: 0, level: 0, index: None }
[script lives6qyim_0] interact UseOn { name: "Chisel", kind: "inv", target_name: Some("Uncut sapphire"), x: 0, z: 0, level: 0, index: None }
[script lives6qyim_0] interact UseOn { name: "Chisel", kind: "inv", target_name: Some("Uncut sapphire"), x: 0, z: 0, level: 0, index: None }
[script lives6qyim_0] interact UseOn { name: "Chisel", kind: "inv", target_name: Some("Uncut sapphire"), x: 0, z: 0, level: 0, index: None }
[script lives6qyim_0] interact UseOn { name: "Chisel", kind: "inv", target_name: Some("Uncut sapphire"), x: 0, z: 0, level: 0, index: None }
[script lives6qyim_0] interact UseOn { name: "Chisel", kind: "inv", target_name: Some("Uncut sapphire"), x: 0, z: 0, level: 0, index: None }
[script lives6qyim_0] interact UseOn { name: "Chisel", kind: "inv", target_name: Some("Uncut sapphire"), x: 0, z: 0, level: 0, index: None }
[script lives6qyim_0] interact UseOn { name: "Chisel", kind: "inv", target_name: Some("Uncut sapphire"), x: 0, z: 0, level: 0, index: None }
[script lives6qyim_0] interact UseOn { name: "Chisel", kind: "inv", target_name: Some("Uncut sapphire"), x: 0, z: 0, level: 0, index: None }
[script lives6qyim_0] interact UseOn { name: "Chisel", kind: "inv", target_name: Some("Uncut sapphire"), x: 0, z: 0, level: 0, index: None }
[script lives6qyim_0] interact UseOn { name: "Chisel", kind: "inv", target_name: Some("Uncut sapphire"), x: 0, z: 0, level: 0, index: None }
[script lives6qyim_0] interact UseOn { name: "Chisel", kind: "inv", target_name: Some("Uncut sapphire"), x: 0, z: 0, level: 0, index: None }
[script lives6qyim_0] interact UseOn { name: "Chisel", kind: "inv", target_name: Some("Uncut sapphire"), x: 0, z: 0, level: 0, index: None }
[script lives6qyim_0] interact UseOn { name: "Chisel", kind: "inv", target_name: Some("Uncut sapphire"), x: 0, z: 0, level: 0, index: None }
[script lives6qyim_0] interact UseOn { name: "Chisel", kind: "inv", target_name: Some("Uncut sapphire"), x: 0, z: 0, level: 0, index: None }
[script lives6qyim_0] interact UseOn { name: "Chisel", kind: "inv", target_name: Some("Uncut sapphire"), x: 0, z: 0, level: 0, index: None }
[script lives6qyim_0] interact UseOn { name: "Chisel", kind: "inv", target_name: Some("Uncut sapphire"), x: 0, z: 0, level: 0, index: None }
[script lives6qyim_0] interact UseOn { name: "Chisel", kind: "inv", target_name: Some("Uncut sapphire"), x: 0, z: 0, level: 0, index: None }
[script lives6qyim_0] interact UseOn { name: "Chisel", kind: "inv", target_name: Some("Uncut sapphire"), x: 0, z: 0, level: 0, index: None }
[script lives6qyim_0] interact UseOn { name: "Chisel", kind: "inv", target_name: Some("Uncut sapphire"), x: 0, z: 0, level: 0, index: None }
[script lives6qyim_0] interact UseOn { name: "Chisel", kind: "inv", target_name: Some("Uncut sapphire"), x: 0, z: 0, level: 0, index: None }
[script lives6qyim_0] interact UseOn { name: "Chisel", kind: "inv", target_name: Some("Uncut sapphire"), x: 0, z: 0, level: 0, index: None }
[script lives6qyim_0] interact UseOn { name: "Chisel", kind: "inv", target_name: Some("Uncut sapphire"), x: 0, z: 0, level: 0, index: None }
[script lives6qyim_0] interact UseOn { name: "Chisel", kind: "inv", target_name: Some("Uncut sapphire"), x: 0, z: 0, level: 0, index: None }
[script lives6qyim_0] interact UseOn { name: "Chisel", kind: "inv", target_name: Some("Uncut sapphire"), x: 0, z: 0, level: 0, index: None }
[script lives6qyim_0] interact UseOn { name: "Chisel", kind: "inv", target_name: Some("Uncut sapphire"), x: 0, z: 0, level: 0, index: None }
[script lives6qyim_0] interact UseOn { name: "Chisel", kind: "inv", target_name: Some("Uncut sapphire"), x: 0, z: 0, level: 0, index: None }
[script lives6qyim_0] interact UseOn { name: "Chisel", kind: "inv", target_name: Some("Uncut sapphire"), x: 0, z: 0, level: 0, index: None }
[script lives6qyim_0] interact UseOn { name: "Chisel", kind: "inv", target_name: Some("Uncut sapphire"), x: 0, z: 0, level: 0, index: None }
[script lives6qyim_0] interact UseOn { name: "Chisel", kind: "inv", target_name: Some("Uncut sapphire"), x: 0, z: 0, level: 0, index: None }
[script lives6qyim_0] interact UseOn { name: "Chisel", kind: "inv", target_name: Some("Uncut sapphire"), x: 0, z: 0, level: 0, index: None }
[script lives6qyim_0] interact UseOn { name: "Chisel", kind: "inv", target_name: Some("Uncut sapphire"), x: 0, z: 0, level: 0, index: None }
[script lives6qyim_0] interact UseOn { name: "Chisel", kind: "inv", target_name: Some("Uncut sapphire"), x: 0, z: 0, level: 0, index: None }
[script lives6qyim_0] interact UseOn { name: "Chisel", kind: "inv", target_name: Some("Uncut sapphire"), x: 0, z: 0, level: 0, index: None }
[script lives6qyim_0] interact UseOn { name: "Chisel", kind: "inv", target_name: Some("Uncut sapphire"), x: 0, z: 0, level: 0, index: None }
[script lives6qyim_0] interact UseOn { name: "Chisel", kind: "inv", target_name: Some("Uncut sapphire"), x: 0, z: 0, level: 0, index: None }
[script lives6qyim_0] interact UseOn { name: "Chisel", kind: "inv", target_name: Some("Uncut sapphire"), x: 0, z: 0, level: 0, index: None }
[script lives6qyim_0] interact UseOn { name: "Chisel", kind: "inv", target_name: Some("Uncut sapphire"), x: 0, z: 0, level: 0, index: None }
[script lives6qyim_0] interact UseOn { name: "Chisel", kind: "inv", target_name: Some("Uncut sapphire"), x: 0, z: 0, level: 0, index: None }
[script lives6qyim_0] interact UseOn { name: "Chisel", kind: "inv", target_name: Some("Uncut sapphire"), x: 0, z: 0, level: 0, index: None }
[script lives6qyim_0] interact UseOn { name: "Chisel", kind: "inv", target_name: Some("Uncut sapphire"), x: 0, z: 0, level: 0, index: None }
[script lives6qyim_0] interact UseOn { name: "Chisel", kind: "inv", target_name: Some("Uncut sapphire"), x: 0, z: 0, level: 0, index: None }
[script lives6qyim_0] interact UseOn { name: "Chisel", kind: "inv", target_name: Some("Uncut sapphire"), x: 0, z: 0, level: 0, index: None }
[script lives6qyim_0] interact UseOn { name: "Chisel", kind: "inv", target_name: Some("Uncut sapphire"), x: 0, z: 0, level: 0, index: None }
[script lives6qyim_0] interact UseOn { name: "Chisel", kind: "inv", target_name: Some("Uncut sapphire"), x: 0, z: 0, level: 0, index: None }
[script lives6qyim_0] interact UseOn { name: "Chisel", kind: "inv", target_name: Some("Uncut sapphire"), x: 0, z: 0, level: 0, index: None }
[host] slot lives6qyim_0: d_loop_us=1146 d_raster_us=0 d_observe_us=81327 max_observe_us=11347 d_paints=0 d_skips=50 d_ticks=1 window_ms=1189
[host] slot lives6qyim_0: d_loop_us=1393 d_raster_us=0 d_observe_us=82613 max_observe_us=13742 d_paints=0 d_skips=50 d_ticks=2 window_ms=1196
[script lives6qyim_0] interact UseOn { name: "Chisel", kind: "inv", target_name: Some("Uncut sapphire"), x: 0, z: 0, level: 0, index: None }
[script lives6qyim_0] interact UseOn { name: "Chisel", kind: "inv", target_name: Some("Uncut sapphire"), x: 0, z: 0, level: 0, index: None }
[script lives6qyim_0] interact UseOn { name: "Chisel", kind: "inv", target_name: Some("Uncut sapphire"), x: 0, z: 0, level: 0, index: None }
[script lives6qyim_0] interact UseOn { name: "Chisel", kind: "inv", target_name: Some("Uncut sapphire"), x: 0, z: 0, level: 0, index: None }
[script lives6qyim_0] interact UseOn { name: "Chisel", kind: "inv", target_name: Some("Uncut sapphire"), x: 0, z: 0, level: 0, index: None }
[script lives6qyim_0] interact UseOn { name: "Chisel", kind: "inv", target_name: Some("Uncut sapphire"), x: 0, z: 0, level: 0, index: None }
[script lives6qyim_0] interact UseOn { name: "Chisel", kind: "inv", target_name: Some("Uncut sapphire"), x: 0, z: 0, level: 0, index: None }
[script lives6qyim_0] interact UseOn { name: "Chisel", kind: "inv", target_name: Some("Uncut sapphire"), x: 0, z: 0, level: 0, index: None }
[script lives6qyim_0] interact UseOn { name: "Chisel", kind: "inv", target_name: Some("Uncut sapphire"), x: 0, z: 0, level: 0, index: None }
[script lives6qyim_0] interact UseOn { name: "Chisel", kind: "inv", target_name: Some("Uncut sapphire"), x: 0, z: 0, level: 0, index: None }
[script lives6qyim_0] interact UseOn { name: "Chisel", kind: "inv", target_name: Some("Uncut sapphire"), x: 0, z: 0, level: 0, index: None }
[script lives6qyim_0] interact UseOn { name: "Chisel", kind: "inv", target_name: Some("Uncut sapphire"), x: 0, z: 0, level: 0, index: None }
[script lives6qyim_0] interact UseOn { name: "Chisel", kind: "inv", target_name: Some("Uncut sapphire"), x: 0, z: 0, level: 0, index: None }
[script lives6qyim_0] interact UseOn { name: "Chisel", kind: "inv", target_name: Some("Uncut sapphire"), x: 0, z: 0, level: 0, index: None }
[script lives6qyim_0] interact UseOn { name: "Chisel", kind: "inv", target_name: Some("Uncut sapphire"), x: 0, z: 0, level: 0, index: None }
[script lives6qyim_0] interact UseOn { name: "Chisel", kind: "inv", target_name: Some("Uncut sapphire"), x: 0, z: 0, level: 0, index: None }
[script lives6qyim_0] interact UseOn { name: "Chisel", kind: "inv", target_name: Some("Uncut sapphire"), x: 0, z: 0, level: 0, index: None }
[script lives6qyim_0] interact UseOn { name: "Chisel", kind: "inv", target_name: Some("Uncut sapphire"), x: 0, z: 0, level: 0, index: None }
[script lives6qyim_0] interact UseOn { name: "Chisel", kind: "inv", target_name: Some("Uncut sapphire"), x: 0, z: 0, level: 0, index: None }
[script lives6qyim_0] interact UseOn { name: "Chisel", kind: "inv", target_name: Some("Uncut sapphire"), x: 0, z: 0, level: 0, index: None }
[script lives6qyim_0] interact UseOn { name: "Chisel", kind: "inv", target_name: Some("Uncut sapphire"), x: 0, z: 0, level: 0, index: None }
[script lives6qyim_0] interact UseOn { name: "Chisel", kind: "inv", target_name: Some("Uncut sapphire"), x: 0, z: 0, level: 0, index: None }
[script lives6qyim_0] interact UseOn { name: "Chisel", kind: "inv", target_name: Some("Uncut sapphire"), x: 0, z: 0, level: 0, index: None }
[script lives6qyim_0] interact UseOn { name: "Chisel", kind: "inv", target_name: Some("Uncut sapphire"), x: 0, z: 0, level: 0, index: None }
[script lives6qyim_0] interact UseOn { name: "Chisel", kind: "inv", target_name: Some("Uncut sapphire"), x: 0, z: 0, level: 0, index: None }
[script lives6qyim_0] interact UseOn { name: "Chisel", kind: "inv", target_name: Some("Uncut sapphire"), x: 0, z: 0, level: 0, index: None }
[script lives6qyim_0] interact UseOn { name: "Chisel", kind: "inv", target_name: Some("Uncut sapphire"), x: 0, z: 0, level: 0, index: None }
[script lives6qyim_0] interact UseOn { name: "Chisel", kind: "inv", target_name: Some("Uncut sapphire"), x: 0, z: 0, level: 0, index: None }
[script lives6qyim_0] interact UseOn { name: "Chisel", kind: "inv", target_name: Some("Uncut sapphire"), x: 0, z: 0, level: 0, index: None }
[script lives6qyim_0] interact UseOn { name: "Chisel", kind: "inv", target_name: Some("Uncut sapphire"), x: 0, z: 0, level: 0, index: None }
[script lives6qyim_0] interact UseOn { name: "Chisel", kind: "inv", target_name: Some("Uncut sapphire"), x: 0, z: 0, level: 0, index: None }
[script lives6qyim_0] interact UseOn { name: "Chisel", kind: "inv", target_name: Some("Uncut sapphire"), x: 0, z: 0, level: 0, index: None }
[script lives6qyim_0] interact UseOn { name: "Chisel", kind: "inv", target_name: Some("Uncut sapphire"), x: 0, z: 0, level: 0, index: None }
[script lives6qyim_0] interact UseOn { name: "Chisel", kind: "inv", target_name: Some("Uncut sapphire"), x: 0, z: 0, level: 0, index: None }
[script lives6qyim_0] interact UseOn { name: "Chisel", kind: "inv", target_name: Some("Uncut sapphire"), x: 0, z: 0, level: 0, index: None }
[script lives6qyim_0] interact UseOn { name: "Chisel", kind: "inv", target_name: Some("Uncut sapphire"), x: 0, z: 0, level: 0, index: None }
[script lives6qyim_0] interact UseOn { name: "Chisel", kind: "inv", target_name: Some("Uncut sapphire"), x: 0, z: 0, level: 0, index: None }
[script lives6qyim_0] interact UseOn { name: "Chisel", kind: "inv", target_name: Some("Uncut sapphire"), x: 0, z: 0, level: 0, index: None }
[script lives6qyim_0] interact UseOn { name: "Chisel", kind: "inv", target_name: Some("Uncut sapphire"), x: 0, z: 0, level: 0, index: None }
[script lives6qyim_0] interact UseOn { name: "Chisel", kind: "inv", target_name: Some("Uncut sapphire"), x: 0, z: 0, level: 0, index: None }
[script lives6qyim_0] interact UseOn { name: "Chisel", kind: "inv", target_name: Some("Uncut sapphire"), x: 0, z: 0, level: 0, index: None }
[script lives6qyim_0] interact UseOn { name: "Chisel", kind: "inv", target_name: Some("Uncut sapphire"), x: 0, z: 0, level: 0, index: None }
[script lives6qyim_0] interact UseOn { name: "Chisel", kind: "inv", target_name: Some("Uncut sapphire"), x: 0, z: 0, level: 0, index: None }
[script lives6qyim_0] interact UseOn { name: "Chisel", kind: "inv", target_name: Some("Uncut sapphire"), x: 0, z: 0, level: 0, index: None }
[script lives6qyim_0] interact UseOn { name: "Chisel", kind: "inv", target_name: Some("Uncut sapphire"), x: 0, z: 0, level: 0, index: None }
[script lives6qyim_0] interact UseOn { name: "Chisel", kind: "inv", target_name: Some("Uncut sapphire"), x: 0, z: 0, level: 0, index: None }
[script lives6qyim_0] interact UseOn { name: "Chisel", kind: "inv", target_name: Some("Uncut sapphire"), x: 0, z: 0, level: 0, index: None }
[script lives6qyim_0] interact UseOn { name: "Chisel", kind: "inv", target_name: Some("Uncut sapphire"), x: 0, z: 0, level: 0, index: None }
[script lives6qyim_0] interact UseOn { name: "Chisel", kind: "inv", target_name: Some("Uncut sapphire"), x: 0, z: 0, level: 0, index: None }
[script lives6qyim_0] interact UseOn { name: "Chisel", kind: "inv", target_name: Some("Uncut sapphire"), x: 0, z: 0, level: 0, index: None }
[script lives6qyim_0] interact UseOn { name: "Chisel", kind: "inv", target_name: Some("Uncut sapphire"), x: 0, z: 0, level: 0, index: None }
[script lives6qyim_0] interact UseOn { name: "Chisel", kind: "inv", target_name: Some("Uncut sapphire"), x: 0, z: 0, level: 0, index: None }
[script lives6qyim_0] interact UseOn { name: "Chisel", kind: "inv", target_name: Some("Uncut sapphire"), x: 0, z: 0, level: 0, index: None }
[script lives6qyim_0] interact UseOn { name: "Chisel", kind: "inv", target_name: Some("Uncut sapphire"), x: 0, z: 0, level: 0, index: None }
[script lives6qyim_0] interact UseOn { name: "Chisel", kind: "inv", target_name: Some("Uncut sapphire"), x: 0, z: 0, level: 0, index: None }
[script lives6qyim_0] interact UseOn { name: "Chisel", kind: "inv", target_name: Some("Uncut sapphire"), x: 0, z: 0, level: 0, index: None }
[script lives6qyim_0] interact UseOn { name: "Chisel", kind: "inv", target_name: Some("Uncut sapphire"), x: 0, z: 0, level: 0, index: None }
[script lives6qyim_0] interact UseOn { name: "Chisel", kind: "inv", target_name: Some("Uncut sapphire"), x: 0, z: 0, level: 0, index: None }
[script lives6qyim_0] interact UseOn { name: "Chisel", kind: "inv", target_name: Some("Uncut sapphire"), x: 0, z: 0, level: 0, index: None }
[script lives6qyim_0] interact UseOn { name: "Chisel", kind: "inv", target_name: Some("Uncut sapphire"), x: 0, z: 0, level: 0, index: None }
[host] slot lives6qyim_0: d_loop_us=1283 d_raster_us=0 d_observe_us=82056 max_observe_us=9383 d_paints=0 d_skips=50 d_ticks=2 window_ms=1192
[script lives6qyim_0] interact UseOn { name: "Chisel", kind: "inv", target_name: Some("Uncut sapphire"), x: 0, z: 0, level: 0, index: None }
[script lives6qyim_0] interact UseOn { name: "Chisel", kind: "inv", target_name: Some("Uncut sapphire"), x: 0, z: 0, level: 0, index: None }
[script lives6qyim_0] interact UseOn { name: "Chisel", kind: "inv", target_name: Some("Uncut sapphire"), x: 0, z: 0, level: 0, index: None }
[script lives6qyim_0] interact UseOn { name: "Chisel", kind: "inv", target_name: Some("Uncut sapphire"), x: 0, z: 0, level: 0, index: None }
[script lives6qyim_0] interact UseOn { name: "Chisel", kind: "inv", target_name: Some("Uncut sapphire"), x: 0, z: 0, level: 0, index: None }
[script lives6qyim_0] interact UseOn { name: "Chisel", kind: "inv", target_name: Some("Uncut sapphire"), x: 0, z: 0, level: 0, index: None }
[script lives6qyim_0] interact UseOn { name: "Chisel", kind: "inv", target_name: Some("Uncut sapphire"), x: 0, z: 0, level: 0, index: None }
[script lives6qyim_0] interact UseOn { name: "Chisel", kind: "inv", target_name: Some("Uncut sapphire"), x: 0, z: 0, level: 0, index: None }
[script lives6qyim_0] interact UseOn { name: "Chisel", kind: "inv", target_name: Some("Uncut sapphire"), x: 0, z: 0, level: 0, index: None }
[script lives6qyim_0] interact UseOn { name: "Chisel", kind: "inv", target_name: Some("Uncut sapphire"), x: 0, z: 0, level: 0, index: None }
[script lives6qyim_0] interact UseOn { name: "Chisel", kind: "inv", target_name: Some("Uncut sapphire"), x: 0, z: 0, level: 0, index: None }
[script lives6qyim_0] interact UseOn { name: "Chisel", kind: "inv", target_name: Some("Uncut sapphire"), x: 0, z: 0, level: 0, index: None }
[script lives6qyim_0] interact UseOn { name: "Chisel", kind: "inv", target_name: Some("Uncut sapphire"), x: 0, z: 0, level: 0, index: None }
[script lives6qyim_0] interact UseOn { name: "Chisel", kind: "inv", target_name: Some("Uncut sapphire"), x: 0, z: 0, level: 0, index: None }
[script lives6qyim_0] interact UseOn { name: "Chisel", kind: "inv", target_name: Some("Uncut sapphire"), x: 0, z: 0, level: 0, index: None }
[script lives6qyim_0] interact UseOn { name: "Chisel", kind: "inv", target_name: Some("Uncut sapphire"), x: 0, z: 0, level: 0, index: None }
[script lives6qyim_0] interact UseOn { name: "Chisel", kind: "inv", target_name: Some("Uncut sapphire"), x: 0, z: 0, level: 0, index: None }
[script lives6qyim_0] interact UseOn { name: "Chisel", kind: "inv", target_name: Some("Uncut sapphire"), x: 0, z: 0, level: 0, index: None }
[script lives6qyim_0] interact UseOn { name: "Chisel", kind: "inv", target_name: Some("Uncut sapphire"), x: 0, z: 0, level: 0, index: None }
[script lives6qyim_0] interact UseOn { name: "Chisel", kind: "inv", target_name: Some("Uncut sapphire"), x: 0, z: 0, level: 0, index: None }
[script lives6qyim_0] interact UseOn { name: "Chisel", kind: "inv", target_name: Some("Uncut sapphire"), x: 0, z: 0, level: 0, index: None }
[script lives6qyim_0] interact UseOn { name: "Chisel", kind: "inv", target_name: Some("Uncut sapphire"), x: 0, z: 0, level: 0, index: None }
[script lives6qyim_0] interact UseOn { name: "Chisel", kind: "inv", target_name: Some("Uncut sapphire"), x: 0, z: 0, level: 0, index: None }
[script lives6qyim_0] interact UseOn { name: "Chisel", kind: "inv", target_name: Some("Uncut sapphire"), x: 0, z: 0, level: 0, index: None }
[script lives6qyim_0] interact UseOn { name: "Chisel", kind: "inv", target_name: Some("Uncut sapphire"), x: 0, z: 0, level: 0, index: None }
[script lives6qyim_0] interact UseOn { name: "Chisel", kind: "inv", target_name: Some("Uncut sapphire"), x: 0, z: 0, level: 0, index: None }
[script lives6qyim_0] interact UseOn { name: "Chisel", kind: "inv", target_name: Some("Uncut sapphire"), x: 0, z: 0, level: 0, index: None }
[script lives6qyim_0] interact UseOn { name: "Chisel", kind: "inv", target_name: Some("Uncut sapphire"), x: 0, z: 0, level: 0, index: None }
[script lives6qyim_0] interact UseOn { name: "Chisel", kind: "inv", target_name: Some("Uncut sapphire"), x: 0, z: 0, level: 0, index: None }
[script lives6qyim_0] interact UseOn { name: "Chisel", kind: "inv", target_name: Some("Uncut sapphire"), x: 0, z: 0, level: 0, index: None }
[script lives6qyim_0] interact UseOn { name: "Chisel", kind: "inv", target_name: Some("Uncut sapphire"), x: 0, z: 0, level: 0, index: None }
[script lives6qyim_0] interact UseOn { name: "Chisel", kind: "inv", target_name: Some("Uncut sapphire"), x: 0, z: 0, level: 0, index: None }
[script lives6qyim_0] interact UseOn { name: "Chisel", kind: "inv", target_name: Some("Uncut sapphire"), x: 0, z: 0, level: 0, index: None }
[script lives6qyim_0] interact UseOn { name: "Chisel", kind: "inv", target_name: Some("Uncut sapphire"), x: 0, z: 0, level: 0, index: None }
[script lives6qyim_0] interact UseOn { name: "Chisel", kind: "inv", target_name: Some("Uncut sapphire"), x: 0, z: 0, level: 0, index: None }
[script lives6qyim_0] interact UseOn { name: "Chisel", kind: "inv", target_name: Some("Uncut sapphire"), x: 0, z: 0, level: 0, index: None }
[script lives6qyim_0] interact UseOn { name: "Chisel", kind: "inv", target_name: Some("Uncut sapphire"), x: 0, z: 0, level: 0, index: None }
[script lives6qyim_0] interact UseOn { name: "Chisel", kind: "inv", target_name: Some("Uncut sapphire"), x: 0, z: 0, level: 0, index: None }
[script lives6qyim_0] interact UseOn { name: "Chisel", kind: "inv", target_name: Some("Uncut sapphire"), x: 0, z: 0, level: 0, index: None }
[script lives6qyim_0] interact UseOn { name: "Chisel", kind: "inv", target_name: Some("Uncut sapphire"), x: 0, z: 0, level: 0, index: None }
[script lives6qyim_0] interact UseOn { name: "Chisel", kind: "inv", target_name: Some("Uncut sapphire"), x: 0, z: 0, level: 0, index: None }
[script lives6qyim_0] interact UseOn { name: "Chisel", kind: "inv", target_name: Some("Uncut sapphire"), x: 0, z: 0, level: 0, index: None }
[script lives6qyim_0] interact UseOn { name: "Chisel", kind: "inv", target_name: Some("Uncut sapphire"), x: 0, z: 0, level: 0, index: None }
[script lives6qyim_0] interact UseOn { name: "Chisel", kind: "inv", target_name: Some("Uncut sapphire"), x: 0, z: 0, level: 0, index: None }
[script lives6qyim_0] interact UseOn { name: "Chisel", kind: "inv", target_name: Some("Uncut sapphire"), x: 0, z: 0, level: 0, index: None }
[script lives6qyim_0] interact UseOn { name: "Chisel", kind: "inv", target_name: Some("Uncut sapphire"), x: 0, z: 0, level: 0, index: None }
[script lives6qyim_0] interact UseOn { name: "Chisel", kind: "inv", target_name: Some("Uncut sapphire"), x: 0, z: 0, level: 0, index: None }
[script lives6qyim_0] interact UseOn { name: "Chisel", kind: "inv", target_name: Some("Uncut sapphire"), x: 0, z: 0, level: 0, index: None }
[script lives6qyim_0] interact UseOn { name: "Chisel", kind: "inv", target_name: Some("Uncut sapphire"), x: 0, z: 0, level: 0, index: None }
[script lives6qyim_0] interact UseOn { name: "Chisel", kind: "inv", target_name: Some("Uncut sapphire"), x: 0, z: 0, level: 0, index: None }
[script lives6qyim_0] interact UseOn { name: "Chisel", kind: "inv", target_name: Some("Uncut sapphire"), x: 0, z: 0, level: 0, index: None }
[script lives6qyim_0] interact UseOn { name: "Chisel", kind: "inv", target_name: Some("Uncut sapphire"), x: 0, z: 0, level: 0, index: None }
[script lives6qyim_0] interact UseOn { name: "Chisel", kind: "inv", target_name: Some("Uncut sapphire"), x: 0, z: 0, level: 0, index: None }
[script lives6qyim_0] interact UseOn { name: "Chisel", kind: "inv", target_name: Some("Uncut sapphire"), x: 0, z: 0, level: 0, index: None }
[script lives6qyim_0] interact UseOn { name: "Chisel", kind: "inv", target_name: Some("Uncut sapphire"), x: 0, z: 0, level: 0, index: None }
[script lives6qyim_0] interact UseOn { name: "Chisel", kind: "inv", target_name: Some("Uncut sapphire"), x: 0, z: 0, level: 0, index: None }
[script lives6qyim_0] interact UseOn { name: "Chisel", kind: "inv", target_name: Some("Uncut sapphire"), x: 0, z: 0, level: 0, index: None }
[script lives6qyim_0] interact UseOn { name: "Chisel", kind: "inv", target_name: Some("Uncut sapphire"), x: 0, z: 0, level: 0, index: None }
[script lives6qyim_0] interact UseOn { name: "Chisel", kind: "inv", target_name: Some("Uncut sapphire"), x: 0, z: 0, level: 0, index: None }
[script lives6qyim_0] interact UseOn { name: "Chisel", kind: "inv", target_name: Some("Uncut sapphire"), x: 0, z: 0, level: 0, index: None }
[host] slot lives6qyim_0: d_loop_us=1300 d_raster_us=0 d_observe_us=86054 max_observe_us=8890 d_paints=0 d_skips=50 d_ticks=2 window_ms=1184
[host] slot lives6qyim_0: d_loop_us=1102 d_raster_us=0 d_observe_us=80812 max_observe_us=15586 d_paints=0 d_skips=50 d_ticks=2 window_ms=1207
[script lives6qyim_0] interact UseOn { name: "Chisel", kind: "inv", target_name: Some("Uncut sapphire"), x: 0, z: 0, level: 0, index: None }
[script lives6qyim_0] interact UseOn { name: "Chisel", kind: "inv", target_name: Some("Uncut sapphire"), x: 0, z: 0, level: 0, index: None }
[script lives6qyim_0] interact UseOn { name: "Chisel", kind: "inv", target_name: Some("Uncut sapphire"), x: 0, z: 0, level: 0, index: None }
[script lives6qyim_0] interact UseOn { name: "Chisel", kind: "inv", target_name: Some("Uncut sapphire"), x: 0, z: 0, level: 0, index: None }
[script lives6qyim_0] interact UseOn { name: "Chisel", kind: "inv", target_name: Some("Uncut sapphire"), x: 0, z: 0, level: 0, index: None }
[script lives6qyim_0] interact UseOn { name: "Chisel", kind: "inv", target_name: Some("Uncut sapphire"), x: 0, z: 0, level: 0, index: None }
[script lives6qyim_0] interact UseOn { name: "Chisel", kind: "inv", target_name: Some("Uncut sapphire"), x: 0, z: 0, level: 0, index: None }
[script lives6qyim_0] interact UseOn { name: "Chisel", kind: "inv", target_name: Some("Uncut sapphire"), x: 0, z: 0, level: 0, index: None }
[script lives6qyim_0] interact UseOn { name: "Chisel", kind: "inv", target_name: Some("Uncut sapphire"), x: 0, z: 0, level: 0, index: None }
[script lives6qyim_0] interact UseOn { name: "Chisel", kind: "inv", target_name: Some("Uncut sapphire"), x: 0, z: 0, level: 0, index: None }
[script lives6qyim_0] interact UseOn { name: "Chisel", kind: "inv", target_name: Some("Uncut sapphire"), x: 0, z: 0, level: 0, index: None }
[script lives6qyim_0] interact UseOn { name: "Chisel", kind: "inv", target_name: Some("Uncut sapphire"), x: 0, z: 0, level: 0, index: None }
[script lives6qyim_0] interact UseOn { name: "Chisel", kind: "inv", target_name: Some("Uncut sapphire"), x: 0, z: 0, level: 0, index: None }
[script lives6qyim_0] interact UseOn { name: "Chisel", kind: "inv", target_name: Some("Uncut sapphire"), x: 0, z: 0, level: 0, index: None }
[script lives6qyim_0] interact UseOn { name: "Chisel", kind: "inv", target_name: Some("Uncut sapphire"), x: 0, z: 0, level: 0, index: None }
[script lives6qyim_0] interact UseOn { name: "Chisel", kind: "inv", target_name: Some("Uncut sapphire"), x: 0, z: 0, level: 0, index: None }
[script lives6qyim_0] interact UseOn { name: "Chisel", kind: "inv", target_name: Some("Uncut sapphire"), x: 0, z: 0, level: 0, index: None }
[script lives6qyim_0] interact UseOn { name: "Chisel", kind: "inv", target_name: Some("Uncut sapphire"), x: 0, z: 0, level: 0, index: None }
[script lives6qyim_0] interact UseOn { name: "Chisel", kind: "inv", target_name: Some("Uncut sapphire"), x: 0, z: 0, level: 0, index: None }
[script lives6qyim_0] interact UseOn { name: "Chisel", kind: "inv", target_name: Some("Uncut sapphire"), x: 0, z: 0, level: 0, index: None }
[script lives6qyim_0] interact UseOn { name: "Chisel", kind: "inv", target_name: Some("Uncut sapphire"), x: 0, z: 0, level: 0, index: None }
[script lives6qyim_0] interact UseOn { name: "Chisel", kind: "inv", target_name: Some("Uncut sapphire"), x: 0, z: 0, level: 0, index: None }
[script lives6qyim_0] interact UseOn { name: "Chisel", kind: "inv", target_name: Some("Uncut sapphire"), x: 0, z: 0, level: 0, index: None }
[script lives6qyim_0] interact UseOn { name: "Chisel", kind: "inv", target_name: Some("Uncut sapphire"), x: 0, z: 0, level: 0, index: None }
[script lives6qyim_0] interact UseOn { name: "Chisel", kind: "inv", target_name: Some("Uncut sapphire"), x: 0, z: 0, level: 0, index: None }
[script lives6qyim_0] interact UseOn { name: "Chisel", kind: "inv", target_name: Some("Uncut sapphire"), x: 0, z: 0, level: 0, index: None }
[script lives6qyim_0] interact UseOn { name: "Chisel", kind: "inv", target_name: Some("Uncut sapphire"), x: 0, z: 0, level: 0, index: None }
[script lives6qyim_0] interact UseOn { name: "Chisel", kind: "inv", target_name: Some("Uncut sapphire"), x: 0, z: 0, level: 0, index: None }
[script lives6qyim_0] interact UseOn { name: "Chisel", kind: "inv", target_name: Some("Uncut sapphire"), x: 0, z: 0, level: 0, index: None }
[script lives6qyim_0] interact UseOn { name: "Chisel", kind: "inv", target_name: Some("Uncut sapphire"), x: 0, z: 0, level: 0, index: None }
[script lives6qyim_0] interact UseOn { name: "Chisel", kind: "inv", target_name: Some("Uncut sapphire"), x: 0, z: 0, level: 0, index: None }
[script lives6qyim_0] interact UseOn { name: "Chisel", kind: "inv", target_name: Some("Uncut sapphire"), x: 0, z: 0, level: 0, index: None }
[script lives6qyim_0] interact UseOn { name: "Chisel", kind: "inv", target_name: Some("Uncut sapphire"), x: 0, z: 0, level: 0, index: None }
[script lives6qyim_0] interact UseOn { name: "Chisel", kind: "inv", target_name: Some("Uncut sapphire"), x: 0, z: 0, level: 0, index: None }
[script lives6qyim_0] interact UseOn { name: "Chisel", kind: "inv", target_name: Some("Uncut sapphire"), x: 0, z: 0, level: 0, index: None }
[script lives6qyim_0] interact UseOn { name: "Chisel", kind: "inv", target_name: Some("Uncut sapphire"), x: 0, z: 0, level: 0, index: None }
[script lives6qyim_0] interact UseOn { name: "Chisel", kind: "inv", target_name: Some("Uncut sapphire"), x: 0, z: 0, level: 0, index: None }
[script lives6qyim_0] interact UseOn { name: "Chisel", kind: "inv", target_name: Some("Uncut sapphire"), x: 0, z: 0, level: 0, index: None }
[script lives6qyim_0] interact UseOn { name: "Chisel", kind: "inv", target_name: Some("Uncut sapphire"), x: 0, z: 0, level: 0, index: None }
[script lives6qyim_0] interact UseOn { name: "Chisel", kind: "inv", target_name: Some("Uncut sapphire"), x: 0, z: 0, level: 0, index: None }
[script lives6qyim_0] interact UseOn { name: "Chisel", kind: "inv", target_name: Some("Uncut sapphire"), x: 0, z: 0, level: 0, index: None }
[script lives6qyim_0] interact UseOn { name: "Chisel", kind: "inv", target_name: Some("Uncut sapphire"), x: 0, z: 0, level: 0, index: None }
[script lives6qyim_0] interact UseOn { name: "Chisel", kind: "inv", target_name: Some("Uncut sapphire"), x: 0, z: 0, level: 0, index: None }
[script lives6qyim_0] interact UseOn { name: "Chisel", kind: "inv", target_name: Some("Uncut sapphire"), x: 0, z: 0, level: 0, index: None }
[script lives6qyim_0] interact UseOn { name: "Chisel", kind: "inv", target_name: Some("Uncut sapphire"), x: 0, z: 0, level: 0, index: None }
[script lives6qyim_0] interact UseOn { name: "Chisel", kind: "inv", target_name: Some("Uncut sapphire"), x: 0, z: 0, level: 0, index: None }
[script lives6qyim_0] interact UseOn { name: "Chisel", kind: "inv", target_name: Some("Uncut sapphire"), x: 0, z: 0, level: 0, index: None }
[script lives6qyim_0] interact UseOn { name: "Chisel", kind: "inv", target_name: Some("Uncut sapphire"), x: 0, z: 0, level: 0, index: None }
[script lives6qyim_0] interact UseOn { name: "Chisel", kind: "inv", target_name: Some("Uncut sapphire"), x: 0, z: 0, level: 0, index: None }
[script lives6qyim_0] interact UseOn { name: "Chisel", kind: "inv", target_name: Some("Uncut sapphire"), x: 0, z: 0, level: 0, index: None }
[script lives6qyim_0] interact UseOn { name: "Chisel", kind: "inv", target_name: Some("Uncut sapphire"), x: 0, z: 0, level: 0, index: None }
[script lives6qyim_0] interact UseOn { name: "Chisel", kind: "inv", target_name: Some("Uncut sapphire"), x: 0, z: 0, level: 0, index: None }
[script lives6qyim_0] interact UseOn { name: "Chisel", kind: "inv", target_name: Some("Uncut sapphire"), x: 0, z: 0, level: 0, index: None }
[script lives6qyim_0] interact UseOn { name: "Chisel", kind: "inv", target_name: Some("Uncut sapphire"), x: 0, z: 0, level: 0, index: None }
[script lives6qyim_0] interact UseOn { name: "Chisel", kind: "inv", target_name: Some("Uncut sapphire"), x: 0, z: 0, level: 0, index: None }
[script lives6qyim_0] interact UseOn { name: "Chisel", kind: "inv", target_name: Some("Uncut sapphire"), x: 0, z: 0, level: 0, index: None }
[script lives6qyim_0] interact UseOn { name: "Chisel", kind: "inv", target_name: Some("Uncut sapphire"), x: 0, z: 0, level: 0, index: None }
[script lives6qyim_0] interact UseOn { name: "Chisel", kind: "inv", target_name: Some("Uncut sapphire"), x: 0, z: 0, level: 0, index: None }
[script lives6qyim_0] interact UseOn { name: "Chisel", kind: "inv", target_name: Some("Uncut sapphire"), x: 0, z: 0, level: 0, index: None }
[script lives6qyim_0] interact UseOn { name: "Chisel", kind: "inv", target_name: Some("Uncut sapphire"), x: 0, z: 0, level: 0, index: None }
[host] slot lives6qyim_0: d_loop_us=1427 d_raster_us=0 d_observe_us=82840 max_observe_us=14195 d_paints=0 d_skips=50 d_ticks=2 window_ms=1194
[script lives6qyim_0] interact UseOn { name: "Chisel", kind: "inv", target_name: Some("Uncut sapphire"), x: 0, z: 0, level: 0, index: None }
[script lives6qyim_0] interact UseOn { name: "Chisel", kind: "inv", target_name: Some("Uncut sapphire"), x: 0, z: 0, level: 0, index: None }
[script lives6qyim_0] interact UseOn { name: "Chisel", kind: "inv", target_name: Some("Uncut sapphire"), x: 0, z: 0, level: 0, index: None }
[script lives6qyim_0] interact UseOn { name: "Chisel", kind: "inv", target_name: Some("Uncut sapphire"), x: 0, z: 0, level: 0, index: None }
[script lives6qyim_0] interact UseOn { name: "Chisel", kind: "inv", target_name: Some("Uncut sapphire"), x: 0, z: 0, level: 0, index: None }
[script lives6qyim_0] interact UseOn { name: "Chisel", kind: "inv", target_name: Some("Uncut sapphire"), x: 0, z: 0, level: 0, index: None }
[script lives6qyim_0] interact UseOn { name: "Chisel", kind: "inv", target_name: Some("Uncut sapphire"), x: 0, z: 0, level: 0, index: None }
[script lives6qyim_0] interact UseOn { name: "Chisel", kind: "inv", target_name: Some("Uncut sapphire"), x: 0, z: 0, level: 0, index: None }
[script lives6qyim_0] interact UseOn { name: "Chisel", kind: "inv", target_name: Some("Uncut sapphire"), x: 0, z: 0, level: 0, index: None }
[script lives6qyim_0] interact UseOn { name: "Chisel", kind: "inv", target_name: Some("Uncut sapphire"), x: 0, z: 0, level: 0, index: None }
[script lives6qyim_0] interact UseOn { name: "Chisel", kind: "inv", target_name: Some("Uncut sapphire"), x: 0, z: 0, level: 0, index: None }
[script lives6qyim_0] interact UseOn { name: "Chisel", kind: "inv", target_name: Some("Uncut sapphire"), x: 0, z: 0, level: 0, index: None }
[script lives6qyim_0] interact UseOn { name: "Chisel", kind: "inv", target_name: Some("Uncut sapphire"), x: 0, z: 0, level: 0, index: None }
[script lives6qyim_0] interact UseOn { name: "Chisel", kind: "inv", target_name: Some("Uncut sapphire"), x: 0, z: 0, level: 0, index: None }
[script lives6qyim_0] interact UseOn { name: "Chisel", kind: "inv", target_name: Some("Uncut sapphire"), x: 0, z: 0, level: 0, index: None }
[script lives6qyim_0] interact UseOn { name: "Chisel", kind: "inv", target_name: Some("Uncut sapphire"), x: 0, z: 0, level: 0, index: None }
[script lives6qyim_0] interact UseOn { name: "Chisel", kind: "inv", target_name: Some("Uncut sapphire"), x: 0, z: 0, level: 0, index: None }
[script lives6qyim_0] interact UseOn { name: "Chisel", kind: "inv", target_name: Some("Uncut sapphire"), x: 0, z: 0, level: 0, index: None }
[script lives6qyim_0] interact UseOn { name: "Chisel", kind: "inv", target_name: Some("Uncut sapphire"), x: 0, z: 0, level: 0, index: None }
[script lives6qyim_0] interact UseOn { name: "Chisel", kind: "inv", target_name: Some("Uncut sapphire"), x: 0, z: 0, level: 0, index: None }
[script lives6qyim_0] interact UseOn { name: "Chisel", kind: "inv", target_name: Some("Uncut sapphire"), x: 0, z: 0, level: 0, index: None }
[script lives6qyim_0] interact UseOn { name: "Chisel", kind: "inv", target_name: Some("Uncut sapphire"), x: 0, z: 0, level: 0, index: None }
[script lives6qyim_0] interact UseOn { name: "Chisel", kind: "inv", target_name: Some("Uncut sapphire"), x: 0, z: 0, level: 0, index: None }
[script lives6qyim_0] interact UseOn { name: "Chisel", kind: "inv", target_name: Some("Uncut sapphire"), x: 0, z: 0, level: 0, index: None }
[script lives6qyim_0] interact UseOn { name: "Chisel", kind: "inv", target_name: Some("Uncut sapphire"), x: 0, z: 0, level: 0, index: None }
[script lives6qyim_0] interact UseOn { name: "Chisel", kind: "inv", target_name: Some("Uncut sapphire"), x: 0, z: 0, level: 0, index: None }
[script lives6qyim_0] interact UseOn { name: "Chisel", kind: "inv", target_name: Some("Uncut sapphire"), x: 0, z: 0, level: 0, index: None }
[script lives6qyim_0] interact UseOn { name: "Chisel", kind: "inv", target_name: Some("Uncut sapphire"), x: 0, z: 0, level: 0, index: None }
[script lives6qyim_0] interact UseOn { name: "Chisel", kind: "inv", target_name: Some("Uncut sapphire"), x: 0, z: 0, level: 0, index: None }
[script lives6qyim_0] interact UseOn { name: "Chisel", kind: "inv", target_name: Some("Uncut sapphire"), x: 0, z: 0, level: 0, index: None }
[script lives6qyim_0] interact UseOn { name: "Chisel", kind: "inv", target_name: Some("Uncut sapphire"), x: 0, z: 0, level: 0, index: None }
[script lives6qyim_0] interact UseOn { name: "Chisel", kind: "inv", target_name: Some("Uncut sapphire"), x: 0, z: 0, level: 0, index: None }
[script lives6qyim_0] interact UseOn { name: "Chisel", kind: "inv", target_name: Some("Uncut sapphire"), x: 0, z: 0, level: 0, index: None }
[script lives6qyim_0] interact UseOn { name: "Chisel", kind: "inv", target_name: Some("Uncut sapphire"), x: 0, z: 0, level: 0, index: None }
[script lives6qyim_0] interact UseOn { name: "Chisel", kind: "inv", target_name: Some("Uncut sapphire"), x: 0, z: 0, level: 0, index: None }
[script lives6qyim_0] interact UseOn { name: "Chisel", kind: "inv", target_name: Some("Uncut sapphire"), x: 0, z: 0, level: 0, index: None }
[script lives6qyim_0] interact UseOn { name: "Chisel", kind: "inv", target_name: Some("Uncut sapphire"), x: 0, z: 0, level: 0, index: None }
[script lives6qyim_0] interact UseOn { name: "Chisel", kind: "inv", target_name: Some("Uncut sapphire"), x: 0, z: 0, level: 0, index: None }
[script lives6qyim_0] interact UseOn { name: "Chisel", kind: "inv", target_name: Some("Uncut sapphire"), x: 0, z: 0, level: 0, index: None }
[script lives6qyim_0] interact UseOn { name: "Chisel", kind: "inv", target_name: Some("Uncut sapphire"), x: 0, z: 0, level: 0, index: None }
[script lives6qyim_0] interact UseOn { name: "Chisel", kind: "inv", target_name: Some("Uncut sapphire"), x: 0, z: 0, level: 0, index: None }
[script lives6qyim_0] interact UseOn { name: "Chisel", kind: "inv", target_name: Some("Uncut sapphire"), x: 0, z: 0, level: 0, index: None }
[script lives6qyim_0] interact UseOn { name: "Chisel", kind: "inv", target_name: Some("Uncut sapphire"), x: 0, z: 0, level: 0, index: None }
[script lives6qyim_0] interact UseOn { name: "Chisel", kind: "inv", target_name: Some("Uncut sapphire"), x: 0, z: 0, level: 0, index: None }
[script lives6qyim_0] interact UseOn { name: "Chisel", kind: "inv", target_name: Some("Uncut sapphire"), x: 0, z: 0, level: 0, index: None }
[script lives6qyim_0] interact UseOn { name: "Chisel", kind: "inv", target_name: Some("Uncut sapphire"), x: 0, z: 0, level: 0, index: None }
[script lives6qyim_0] interact UseOn { name: "Chisel", kind: "inv", target_name: Some("Uncut sapphire"), x: 0, z: 0, level: 0, index: None }
[script lives6qyim_0] interact UseOn { name: "Chisel", kind: "inv", target_name: Some("Uncut sapphire"), x: 0, z: 0, level: 0, index: None }
[script lives6qyim_0] interact UseOn { name: "Chisel", kind: "inv", target_name: Some("Uncut sapphire"), x: 0, z: 0, level: 0, index: None }
[script lives6qyim_0] interact UseOn { name: "Chisel", kind: "inv", target_name: Some("Uncut sapphire"), x: 0, z: 0, level: 0, index: None }
[script lives6qyim_0] interact UseOn { name: "Chisel", kind: "inv", target_name: Some("Uncut sapphire"), x: 0, z: 0, level: 0, index: None }
[script lives6qyim_0] interact UseOn { name: "Chisel", kind: "inv", target_name: Some("Uncut sapphire"), x: 0, z: 0, level: 0, index: None }
[script lives6qyim_0] interact UseOn { name: "Chisel", kind: "inv", target_name: Some("Uncut sapphire"), x: 0, z: 0, level: 0, index: None }
[script lives6qyim_0] interact UseOn { name: "Chisel", kind: "inv", target_name: Some("Uncut sapphire"), x: 0, z: 0, level: 0, index: None }
[script lives6qyim_0] interact UseOn { name: "Chisel", kind: "inv", target_name: Some("Uncut sapphire"), x: 0, z: 0, level: 0, index: None }
[script lives6qyim_0] interact UseOn { name: "Chisel", kind: "inv", target_name: Some("Uncut sapphire"), x: 0, z: 0, level: 0, index: None }
[script lives6qyim_0] interact UseOn { name: "Chisel", kind: "inv", target_name: Some("Uncut sapphire"), x: 0, z: 0, level: 0, index: None }
[script lives6qyim_0] interact UseOn { name: "Chisel", kind: "inv", target_name: Some("Uncut sapphire"), x: 0, z: 0, level: 0, index: None }
[script lives6qyim_0] interact UseOn { name: "Chisel", kind: "inv", target_name: Some("Uncut sapphire"), x: 0, z: 0, level: 0, index: None }
[script lives6qyim_0] interact UseOn { name: "Chisel", kind: "inv", target_name: Some("Uncut sapphire"), x: 0, z: 0, level: 0, index: None }
[host] slot lives6qyim_0: d_loop_us=1179 d_raster_us=0 d_observe_us=81289 max_observe_us=8699 d_paints=0 d_skips=50 d_ticks=2 window_ms=1180
[host] slot lives6qyim_0: d_loop_us=874 d_raster_us=0 d_observe_us=45194 max_observe_us=6595 d_paints=0 d_skips=50 d_ticks=2 window_ms=1184
[script lives6qyim_0] interact UseOn { name: "Chisel", kind: "inv", target_name: Some("Uncut sapphire"), x: 0, z: 0, level: 0, index: None }
[script lives6qyim_0] interact UseOn { name: "Chisel", kind: "inv", target_name: Some("Uncut sapphire"), x: 0, z: 0, level: 0, index: None }
[script lives6qyim_0] interact UseOn { name: "Chisel", kind: "inv", target_name: Some("Uncut sapphire"), x: 0, z: 0, level: 0, index: None }
[script lives6qyim_0] interact UseOn { name: "Chisel", kind: "inv", target_name: Some("Uncut sapphire"), x: 0, z: 0, level: 0, index: None }
[script lives6qyim_0] interact UseOn { name: "Chisel", kind: "inv", target_name: Some("Uncut sapphire"), x: 0, z: 0, level: 0, index: None }
[script lives6qyim_0] interact UseOn { name: "Chisel", kind: "inv", target_name: Some("Uncut sapphire"), x: 0, z: 0, level: 0, index: None }
[script lives6qyim_0] interact UseOn { name: "Chisel", kind: "inv", target_name: Some("Uncut sapphire"), x: 0, z: 0, level: 0, index: None }
[script lives6qyim_0] interact UseOn { name: "Chisel", kind: "inv", target_name: Some("Uncut sapphire"), x: 0, z: 0, level: 0, index: None }
[script lives6qyim_0] interact UseOn { name: "Chisel", kind: "inv", target_name: Some("Uncut sapphire"), x: 0, z: 0, level: 0, index: None }
[script lives6qyim_0] interact UseOn { name: "Chisel", kind: "inv", target_name: Some("Uncut sapphire"), x: 0, z: 0, level: 0, index: None }
[script lives6qyim_0] interact UseOn { name: "Chisel", kind: "inv", target_name: Some("Uncut sapphire"), x: 0, z: 0, level: 0, index: None }
[script lives6qyim_0] interact UseOn { name: "Chisel", kind: "inv", target_name: Some("Uncut sapphire"), x: 0, z: 0, level: 0, index: None }
[script lives6qyim_0] interact UseOn { name: "Chisel", kind: "inv", target_name: Some("Uncut sapphire"), x: 0, z: 0, level: 0, index: None }
[script lives6qyim_0] interact UseOn { name: "Chisel", kind: "inv", target_name: Some("Uncut sapphire"), x: 0, z: 0, level: 0, index: None }
[script lives6qyim_0] interact UseOn { name: "Chisel", kind: "inv", target_name: Some("Uncut sapphire"), x: 0, z: 0, level: 0, index: None }
[script lives6qyim_0] interact UseOn { name: "Chisel", kind: "inv", target_name: Some("Uncut sapphire"), x: 0, z: 0, level: 0, index: None }
[script lives6qyim_0] interact UseOn { name: "Chisel", kind: "inv", target_name: Some("Uncut sapphire"), x: 0, z: 0, level: 0, index: None }
[script lives6qyim_0] interact UseOn { name: "Chisel", kind: "inv", target_name: Some("Uncut sapphire"), x: 0, z: 0, level: 0, index: None }
[script lives6qyim_0] interact UseOn { name: "Chisel", kind: "inv", target_name: Some("Uncut sapphire"), x: 0, z: 0, level: 0, index: None }
[script lives6qyim_0] interact UseOn { name: "Chisel", kind: "inv", target_name: Some("Uncut sapphire"), x: 0, z: 0, level: 0, index: None }
[script lives6qyim_0] interact UseOn { name: "Chisel", kind: "inv", target_name: Some("Uncut sapphire"), x: 0, z: 0, level: 0, index: None }
[script lives6qyim_0] interact UseOn { name: "Chisel", kind: "inv", target_name: Some("Uncut sapphire"), x: 0, z: 0, level: 0, index: None }
[script lives6qyim_0] interact UseOn { name: "Chisel", kind: "inv", target_name: Some("Uncut sapphire"), x: 0, z: 0, level: 0, index: None }
[script lives6qyim_0] interact UseOn { name: "Chisel", kind: "inv", target_name: Some("Uncut sapphire"), x: 0, z: 0, level: 0, index: None }
[script lives6qyim_0] interact UseOn { name: "Chisel", kind: "inv", target_name: Some("Uncut sapphire"), x: 0, z: 0, level: 0, index: None }
[script lives6qyim_0] interact UseOn { name: "Chisel", kind: "inv", target_name: Some("Uncut sapphire"), x: 0, z: 0, level: 0, index: None }
[script lives6qyim_0] interact UseOn { name: "Chisel", kind: "inv", target_name: Some("Uncut sapphire"), x: 0, z: 0, level: 0, index: None }
[script lives6qyim_0] interact UseOn { name: "Chisel", kind: "inv", target_name: Some("Uncut sapphire"), x: 0, z: 0, level: 0, index: None }
[script lives6qyim_0] interact UseOn { name: "Chisel", kind: "inv", target_name: Some("Uncut sapphire"), x: 0, z: 0, level: 0, index: None }
[script lives6qyim_0] interact UseOn { name: "Chisel", kind: "inv", target_name: Some("Uncut sapphire"), x: 0, z: 0, level: 0, index: None }
[script lives6qyim_0] interact UseOn { name: "Chisel", kind: "inv", target_name: Some("Uncut sapphire"), x: 0, z: 0, level: 0, index: None }
[script lives6qyim_0] interact UseOn { name: "Chisel", kind: "inv", target_name: Some("Uncut sapphire"), x: 0, z: 0, level: 0, index: None }
[script lives6qyim_0] interact UseOn { name: "Chisel", kind: "inv", target_name: Some("Uncut sapphire"), x: 0, z: 0, level: 0, index: None }
[script lives6qyim_0] interact UseOn { name: "Chisel", kind: "inv", target_name: Some("Uncut sapphire"), x: 0, z: 0, level: 0, index: None }
[script lives6qyim_0] interact UseOn { name: "Chisel", kind: "inv", target_name: Some("Uncut sapphire"), x: 0, z: 0, level: 0, index: None }
[script lives6qyim_0] interact UseOn { name: "Chisel", kind: "inv", target_name: Some("Uncut sapphire"), x: 0, z: 0, level: 0, index: None }
[script lives6qyim_0] interact UseOn { name: "Chisel", kind: "inv", target_name: Some("Uncut sapphire"), x: 0, z: 0, level: 0, index: None }
[script lives6qyim_0] interact UseOn { name: "Chisel", kind: "inv", target_name: Some("Uncut sapphire"), x: 0, z: 0, level: 0, index: None }
[script lives6qyim_0] interact UseOn { name: "Chisel", kind: "inv", target_name: Some("Uncut sapphire"), x: 0, z: 0, level: 0, index: None }
[script lives6qyim_0] interact UseOn { name: "Chisel", kind: "inv", target_name: Some("Uncut sapphire"), x: 0, z: 0, level: 0, index: None }
[script lives6qyim_0] interact UseOn { name: "Chisel", kind: "inv", target_name: Some("Uncut sapphire"), x: 0, z: 0, level: 0, index: None }
[script lives6qyim_0] interact UseOn { name: "Chisel", kind: "inv", target_name: Some("Uncut sapphire"), x: 0, z: 0, level: 0, index: None }
[script lives6qyim_0] interact UseOn { name: "Chisel", kind: "inv", target_name: Some("Uncut sapphire"), x: 0, z: 0, level: 0, index: None }
[script lives6qyim_0] interact UseOn { name: "Chisel", kind: "inv", target_name: Some("Uncut sapphire"), x: 0, z: 0, level: 0, index: None }
[script lives6qyim_0] interact UseOn { name: "Chisel", kind: "inv", target_name: Some("Uncut sapphire"), x: 0, z: 0, level: 0, index: None }
[script lives6qyim_0] interact UseOn { name: "Chisel", kind: "inv", target_name: Some("Uncut sapphire"), x: 0, z: 0, level: 0, index: None }
[script lives6qyim_0] interact UseOn { name: "Chisel", kind: "inv", target_name: Some("Uncut sapphire"), x: 0, z: 0, level: 0, index: None }
[script lives6qyim_0] interact UseOn { name: "Chisel", kind: "inv", target_name: Some("Uncut sapphire"), x: 0, z: 0, level: 0, index: None }
[script lives6qyim_0] interact UseOn { name: "Chisel", kind: "inv", target_name: Some("Uncut sapphire"), x: 0, z: 0, level: 0, index: None }
[script lives6qyim_0] interact UseOn { name: "Chisel", kind: "inv", target_name: Some("Uncut sapphire"), x: 0, z: 0, level: 0, index: None }
[script lives6qyim_0] interact UseOn { name: "Chisel", kind: "inv", target_name: Some("Uncut sapphire"), x: 0, z: 0, level: 0, index: None }
[script lives6qyim_0] interact UseOn { name: "Chisel", kind: "inv", target_name: Some("Uncut sapphire"), x: 0, z: 0, level: 0, index: None }
[script lives6qyim_0] interact UseOn { name: "Chisel", kind: "inv", target_name: Some("Uncut sapphire"), x: 0, z: 0, level: 0, index: None }
[script lives6qyim_0] interact UseOn { name: "Chisel", kind: "inv", target_name: Some("Uncut sapphire"), x: 0, z: 0, level: 0, index: None }
[script lives6qyim_0] interact UseOn { name: "Chisel", kind: "inv", target_name: Some("Uncut sapphire"), x: 0, z: 0, level: 0, index: None }
[script lives6qyim_0] interact UseOn { name: "Chisel", kind: "inv", target_name: Some("Uncut sapphire"), x: 0, z: 0, level: 0, index: None }
[script lives6qyim_0] interact UseOn { name: "Chisel", kind: "inv", target_name: Some("Uncut sapphire"), x: 0, z: 0, level: 0, index: None }
[script lives6qyim_0] interact UseOn { name: "Chisel", kind: "inv", target_name: Some("Uncut sapphire"), x: 0, z: 0, level: 0, index: None }
[script lives6qyim_0] interact UseOn { name: "Chisel", kind: "inv", target_name: Some("Uncut sapphire"), x: 0, z: 0, level: 0, index: None }
[script lives6qyim_0] interact UseOn { name: "Chisel", kind: "inv", target_name: Some("Uncut sapphire"), x: 0, z: 0, level: 0, index: None }
[host] slot lives6qyim_0: d_loop_us=1028 d_raster_us=0 d_observe_us=60447 max_observe_us=9051 d_paints=0 d_skips=50 d_ticks=2 window_ms=1184
[host] slot lives6qyim_0: d_loop_us=1369 d_raster_us=0 d_observe_us=74820 max_observe_us=12082 d_paints=0 d_skips=50 d_ticks=2 window_ms=1182
[script lives6qyim_0] interact UseOn { name: "Chisel", kind: "inv", target_name: Some("Uncut sapphire"), x: 0, z: 0, level: 0, index: None }
[script lives6qyim_0] interact UseOn { name: "Chisel", kind: "inv", target_name: Some("Uncut sapphire"), x: 0, z: 0, level: 0, index: None }
[script lives6qyim_0] interact UseOn { name: "Chisel", kind: "inv", target_name: Some("Uncut sapphire"), x: 0, z: 0, level: 0, index: None }
[script lives6qyim_0] interact UseOn { name: "Chisel", kind: "inv", target_name: Some("Uncut sapphire"), x: 0, z: 0, level: 0, index: None }
[script lives6qyim_0] interact UseOn { name: "Chisel", kind: "inv", target_name: Some("Uncut sapphire"), x: 0, z: 0, level: 0, index: None }
[script lives6qyim_0] interact UseOn { name: "Chisel", kind: "inv", target_name: Some("Uncut sapphire"), x: 0, z: 0, level: 0, index: None }
[script lives6qyim_0] interact UseOn { name: "Chisel", kind: "inv", target_name: Some("Uncut sapphire"), x: 0, z: 0, level: 0, index: None }
[script lives6qyim_0] interact UseOn { name: "Chisel", kind: "inv", target_name: Some("Uncut sapphire"), x: 0, z: 0, level: 0, index: None }
[script lives6qyim_0] interact UseOn { name: "Chisel", kind: "inv", target_name: Some("Uncut sapphire"), x: 0, z: 0, level: 0, index: None }
[script lives6qyim_0] interact UseOn { name: "Chisel", kind: "inv", target_name: Some("Uncut sapphire"), x: 0, z: 0, level: 0, index: None }
[script lives6qyim_0] interact UseOn { name: "Chisel", kind: "inv", target_name: Some("Uncut sapphire"), x: 0, z: 0, level: 0, index: None }
[script lives6qyim_0] interact UseOn { name: "Chisel", kind: "inv", target_name: Some("Uncut sapphire"), x: 0, z: 0, level: 0, index: None }
[script lives6qyim_0] interact UseOn { name: "Chisel", kind: "inv", target_name: Some("Uncut sapphire"), x: 0, z: 0, level: 0, index: None }
[script lives6qyim_0] interact UseOn { name: "Chisel", kind: "inv", target_name: Some("Uncut sapphire"), x: 0, z: 0, level: 0, index: None }
[script lives6qyim_0] interact UseOn { name: "Chisel", kind: "inv", target_name: Some("Uncut sapphire"), x: 0, z: 0, level: 0, index: None }
[script lives6qyim_0] interact UseOn { name: "Chisel", kind: "inv", target_name: Some("Uncut sapphire"), x: 0, z: 0, level: 0, index: None }
[script lives6qyim_0] interact UseOn { name: "Chisel", kind: "inv", target_name: Some("Uncut sapphire"), x: 0, z: 0, level: 0, index: None }
[script lives6qyim_0] interact UseOn { name: "Chisel", kind: "inv", target_name: Some("Uncut sapphire"), x: 0, z: 0, level: 0, index: None }
[script lives6qyim_0] interact UseOn { name: "Chisel", kind: "inv", target_name: Some("Uncut sapphire"), x: 0, z: 0, level: 0, index: None }
[script lives6qyim_0] interact UseOn { name: "Chisel", kind: "inv", target_name: Some("Uncut sapphire"), x: 0, z: 0, level: 0, index: None }
[script lives6qyim_0] interact UseOn { name: "Chisel", kind: "inv", target_name: Some("Uncut sapphire"), x: 0, z: 0, level: 0, index: None }
[script lives6qyim_0] interact UseOn { name: "Chisel", kind: "inv", target_name: Some("Uncut sapphire"), x: 0, z: 0, level: 0, index: None }
[script lives6qyim_0] interact UseOn { name: "Chisel", kind: "inv", target_name: Some("Uncut sapphire"), x: 0, z: 0, level: 0, index: None }
[script lives6qyim_0] interact UseOn { name: "Chisel", kind: "inv", target_name: Some("Uncut sapphire"), x: 0, z: 0, level: 0, index: None }
[script lives6qyim_0] interact UseOn { name: "Chisel", kind: "inv", target_name: Some("Uncut sapphire"), x: 0, z: 0, level: 0, index: None }
[script lives6qyim_0] interact UseOn { name: "Chisel", kind: "inv", target_name: Some("Uncut sapphire"), x: 0, z: 0, level: 0, index: None }
[script lives6qyim_0] interact UseOn { name: "Chisel", kind: "inv", target_name: Some("Uncut sapphire"), x: 0, z: 0, level: 0, index: None }
[script lives6qyim_0] interact UseOn { name: "Chisel", kind: "inv", target_name: Some("Uncut sapphire"), x: 0, z: 0, level: 0, index: None }
[script lives6qyim_0] interact UseOn { name: "Chisel", kind: "inv", target_name: Some("Uncut sapphire"), x: 0, z: 0, level: 0, index: None }
[script lives6qyim_0] interact UseOn { name: "Chisel", kind: "inv", target_name: Some("Uncut sapphire"), x: 0, z: 0, level: 0, index: None }
[script lives6qyim_0] interact UseOn { name: "Chisel", kind: "inv", target_name: Some("Uncut sapphire"), x: 0, z: 0, level: 0, index: None }
[script lives6qyim_0] interact UseOn { name: "Chisel", kind: "inv", target_name: Some("Uncut sapphire"), x: 0, z: 0, level: 0, index: None }
[script lives6qyim_0] interact UseOn { name: "Chisel", kind: "inv", target_name: Some("Uncut sapphire"), x: 0, z: 0, level: 0, index: None }
[script lives6qyim_0] interact UseOn { name: "Chisel", kind: "inv", target_name: Some("Uncut sapphire"), x: 0, z: 0, level: 0, index: None }
[script lives6qyim_0] interact UseOn { name: "Chisel", kind: "inv", target_name: Some("Uncut sapphire"), x: 0, z: 0, level: 0, index: None }
[script lives6qyim_0] interact UseOn { name: "Chisel", kind: "inv", target_name: Some("Uncut sapphire"), x: 0, z: 0, level: 0, index: None }
[script lives6qyim_0] interact UseOn { name: "Chisel", kind: "inv", target_name: Some("Uncut sapphire"), x: 0, z: 0, level: 0, index: None }
[script lives6qyim_0] interact UseOn { name: "Chisel", kind: "inv", target_name: Some("Uncut sapphire"), x: 0, z: 0, level: 0, index: None }
[script lives6qyim_0] interact UseOn { name: "Chisel", kind: "inv", target_name: Some("Uncut sapphire"), x: 0, z: 0, level: 0, index: None }
[script lives6qyim_0] interact UseOn { name: "Chisel", kind: "inv", target_name: Some("Uncut sapphire"), x: 0, z: 0, level: 0, index: None }
[script lives6qyim_0] interact UseOn { name: "Chisel", kind: "inv", target_name: Some("Uncut sapphire"), x: 0, z: 0, level: 0, index: None }
[script lives6qyim_0] interact UseOn { name: "Chisel", kind: "inv", target_name: Some("Uncut sapphire"), x: 0, z: 0, level: 0, index: None }
[script lives6qyim_0] interact UseOn { name: "Chisel", kind: "inv", target_name: Some("Uncut sapphire"), x: 0, z: 0, level: 0, index: None }
[script lives6qyim_0] interact UseOn { name: "Chisel", kind: "inv", target_name: Some("Uncut sapphire"), x: 0, z: 0, level: 0, index: None }
[script lives6qyim_0] interact UseOn { name: "Chisel", kind: "inv", target_name: Some("Uncut sapphire"), x: 0, z: 0, level: 0, index: None }
[script lives6qyim_0] interact UseOn { name: "Chisel", kind: "inv", target_name: Some("Uncut sapphire"), x: 0, z: 0, level: 0, index: None }
[script lives6qyim_0] interact UseOn { name: "Chisel", kind: "inv", target_name: Some("Uncut sapphire"), x: 0, z: 0, level: 0, index: None }
[script lives6qyim_0] interact UseOn { name: "Chisel", kind: "inv", target_name: Some("Uncut sapphire"), x: 0, z: 0, level: 0, index: None }
[script lives6qyim_0] interact UseOn { name: "Chisel", kind: "inv", target_name: Some("Uncut sapphire"), x: 0, z: 0, level: 0, index: None }
[script lives6qyim_0] interact UseOn { name: "Chisel", kind: "inv", target_name: Some("Uncut sapphire"), x: 0, z: 0, level: 0, index: None }
[script lives6qyim_0] interact UseOn { name: "Chisel", kind: "inv", target_name: Some("Uncut sapphire"), x: 0, z: 0, level: 0, index: None }
[script lives6qyim_0] interact UseOn { name: "Chisel", kind: "inv", target_name: Some("Uncut sapphire"), x: 0, z: 0, level: 0, index: None }
[script lives6qyim_0] interact UseOn { name: "Chisel", kind: "inv", target_name: Some("Uncut sapphire"), x: 0, z: 0, level: 0, index: None }
[script lives6qyim_0] interact UseOn { name: "Chisel", kind: "inv", target_name: Some("Uncut sapphire"), x: 0, z: 0, level: 0, index: None }
[script lives6qyim_0] interact UseOn { name: "Chisel", kind: "inv", target_name: Some("Uncut sapphire"), x: 0, z: 0, level: 0, index: None }
[script lives6qyim_0] interact UseOn { name: "Chisel", kind: "inv", target_name: Some("Uncut sapphire"), x: 0, z: 0, level: 0, index: None }
[script lives6qyim_0] interact UseOn { name: "Chisel", kind: "inv", target_name: Some("Uncut sapphire"), x: 0, z: 0, level: 0, index: None }
[script lives6qyim_0] interact UseOn { name: "Chisel", kind: "inv", target_name: Some("Uncut sapphire"), x: 0, z: 0, level: 0, index: None }
[script lives6qyim_0] interact UseOn { name: "Chisel", kind: "inv", target_name: Some("Uncut sapphire"), x: 0, z: 0, level: 0, index: None }
[script lives6qyim_0] interact UseOn { name: "Chisel", kind: "inv", target_name: Some("Uncut sapphire"), x: 0, z: 0, level: 0, index: None }
[host] slot lives6qyim_0: d_loop_us=1077 d_raster_us=0 d_observe_us=65883 max_observe_us=12487 d_paints=0 d_skips=50 d_ticks=2 window_ms=1183
[script lives6qyim_0] interact UseOn { name: "Chisel", kind: "inv", target_name: Some("Uncut sapphire"), x: 0, z: 0, level: 0, index: None }
[script lives6qyim_0] interact UseOn { name: "Chisel", kind: "inv", target_name: Some("Uncut sapphire"), x: 0, z: 0, level: 0, index: None }
[script lives6qyim_0] interact UseOn { name: "Chisel", kind: "inv", target_name: Some("Uncut sapphire"), x: 0, z: 0, level: 0, index: None }
[script lives6qyim_0] interact UseOn { name: "Chisel", kind: "inv", target_name: Some("Uncut sapphire"), x: 0, z: 0, level: 0, index: None }
[script lives6qyim_0] interact UseOn { name: "Chisel", kind: "inv", target_name: Some("Uncut sapphire"), x: 0, z: 0, level: 0, index: None }
[script lives6qyim_0] interact UseOn { name: "Chisel", kind: "inv", target_name: Some("Uncut sapphire"), x: 0, z: 0, level: 0, index: None }
[script lives6qyim_0] interact UseOn { name: "Chisel", kind: "inv", target_name: Some("Uncut sapphire"), x: 0, z: 0, level: 0, index: None }
[script lives6qyim_0] interact UseOn { name: "Chisel", kind: "inv", target_name: Some("Uncut sapphire"), x: 0, z: 0, level: 0, index: None }
[script lives6qyim_0] interact UseOn { name: "Chisel", kind: "inv", target_name: Some("Uncut sapphire"), x: 0, z: 0, level: 0, index: None }
[script lives6qyim_0] interact UseOn { name: "Chisel", kind: "inv", target_name: Some("Uncut sapphire"), x: 0, z: 0, level: 0, index: None }
[script lives6qyim_0] interact UseOn { name: "Chisel", kind: "inv", target_name: Some("Uncut sapphire"), x: 0, z: 0, level: 0, index: None }
[script lives6qyim_0] interact UseOn { name: "Chisel", kind: "inv", target_name: Some("Uncut sapphire"), x: 0, z: 0, level: 0, index: None }
[script lives6qyim_0] interact UseOn { name: "Chisel", kind: "inv", target_name: Some("Uncut sapphire"), x: 0, z: 0, level: 0, index: None }
[script lives6qyim_0] interact UseOn { name: "Chisel", kind: "inv", target_name: Some("Uncut sapphire"), x: 0, z: 0, level: 0, index: None }
[script lives6qyim_0] interact UseOn { name: "Chisel", kind: "inv", target_name: Some("Uncut sapphire"), x: 0, z: 0, level: 0, index: None }
[script lives6qyim_0] interact UseOn { name: "Chisel", kind: "inv", target_name: Some("Uncut sapphire"), x: 0, z: 0, level: 0, index: None }
[script lives6qyim_0] interact UseOn { name: "Chisel", kind: "inv", target_name: Some("Uncut sapphire"), x: 0, z: 0, level: 0, index: None }
[script lives6qyim_0] interact UseOn { name: "Chisel", kind: "inv", target_name: Some("Uncut sapphire"), x: 0, z: 0, level: 0, index: None }
[script lives6qyim_0] interact UseOn { name: "Chisel", kind: "inv", target_name: Some("Uncut sapphire"), x: 0, z: 0, level: 0, index: None }
[script lives6qyim_0] interact UseOn { name: "Chisel", kind: "inv", target_name: Some("Uncut sapphire"), x: 0, z: 0, level: 0, index: None }
[script lives6qyim_0] interact UseOn { name: "Chisel", kind: "inv", target_name: Some("Uncut sapphire"), x: 0, z: 0, level: 0, index: None }
[script lives6qyim_0] interact UseOn { name: "Chisel", kind: "inv", target_name: Some("Uncut sapphire"), x: 0, z: 0, level: 0, index: None }
[script lives6qyim_0] interact UseOn { name: "Chisel", kind: "inv", target_name: Some("Uncut sapphire"), x: 0, z: 0, level: 0, index: None }
[script lives6qyim_0] interact UseOn { name: "Chisel", kind: "inv", target_name: Some("Uncut sapphire"), x: 0, z: 0, level: 0, index: None }
[script lives6qyim_0] interact UseOn { name: "Chisel", kind: "inv", target_name: Some("Uncut sapphire"), x: 0, z: 0, level: 0, index: None }
[script lives6qyim_0] interact UseOn { name: "Chisel", kind: "inv", target_name: Some("Uncut sapphire"), x: 0, z: 0, level: 0, index: None }
[script lives6qyim_0] interact UseOn { name: "Chisel", kind: "inv", target_name: Some("Uncut sapphire"), x: 0, z: 0, level: 0, index: None }
[script lives6qyim_0] interact UseOn { name: "Chisel", kind: "inv", target_name: Some("Uncut sapphire"), x: 0, z: 0, level: 0, index: None }
[script lives6qyim_0] interact UseOn { name: "Chisel", kind: "inv", target_name: Some("Uncut sapphire"), x: 0, z: 0, level: 0, index: None }
[script lives6qyim_0] interact UseOn { name: "Chisel", kind: "inv", target_name: Some("Uncut sapphire"), x: 0, z: 0, level: 0, index: None }
[script lives6qyim_0] interact UseOn { name: "Chisel", kind: "inv", target_name: Some("Uncut sapphire"), x: 0, z: 0, level: 0, index: None }
[script lives6qyim_0] interact UseOn { name: "Chisel", kind: "inv", target_name: Some("Uncut sapphire"), x: 0, z: 0, level: 0, index: None }
[script lives6qyim_0] interact UseOn { name: "Chisel", kind: "inv", target_name: Some("Uncut sapphire"), x: 0, z: 0, level: 0, index: None }
[script lives6qyim_0] interact UseOn { name: "Chisel", kind: "inv", target_name: Some("Uncut sapphire"), x: 0, z: 0, level: 0, index: None }
[script lives6qyim_0] interact UseOn { name: "Chisel", kind: "inv", target_name: Some("Uncut sapphire"), x: 0, z: 0, level: 0, index: None }
[script lives6qyim_0] interact UseOn { name: "Chisel", kind: "inv", target_name: Some("Uncut sapphire"), x: 0, z: 0, level: 0, index: None }
[script lives6qyim_0] interact UseOn { name: "Chisel", kind: "inv", target_name: Some("Uncut sapphire"), x: 0, z: 0, level: 0, index: None }
[script lives6qyim_0] interact UseOn { name: "Chisel", kind: "inv", target_name: Some("Uncut sapphire"), x: 0, z: 0, level: 0, index: None }
[script lives6qyim_0] interact UseOn { name: "Chisel", kind: "inv", target_name: Some("Uncut sapphire"), x: 0, z: 0, level: 0, index: None }
[script lives6qyim_0] interact UseOn { name: "Chisel", kind: "inv", target_name: Some("Uncut sapphire"), x: 0, z: 0, level: 0, index: None }
[script lives6qyim_0] interact UseOn { name: "Chisel", kind: "inv", target_name: Some("Uncut sapphire"), x: 0, z: 0, level: 0, index: None }
[script lives6qyim_0] interact UseOn { name: "Chisel", kind: "inv", target_name: Some("Uncut sapphire"), x: 0, z: 0, level: 0, index: None }
[script lives6qyim_0] interact UseOn { name: "Chisel", kind: "inv", target_name: Some("Uncut sapphire"), x: 0, z: 0, level: 0, index: None }
[script lives6qyim_0] interact UseOn { name: "Chisel", kind: "inv", target_name: Some("Uncut sapphire"), x: 0, z: 0, level: 0, index: None }
[script lives6qyim_0] interact UseOn { name: "Chisel", kind: "inv", target_name: Some("Uncut sapphire"), x: 0, z: 0, level: 0, index: None }
[script lives6qyim_0] interact UseOn { name: "Chisel", kind: "inv", target_name: Some("Uncut sapphire"), x: 0, z: 0, level: 0, index: None }
[script lives6qyim_0] interact UseOn { name: "Chisel", kind: "inv", target_name: Some("Uncut sapphire"), x: 0, z: 0, level: 0, index: None }
[script lives6qyim_0] interact UseOn { name: "Chisel", kind: "inv", target_name: Some("Uncut sapphire"), x: 0, z: 0, level: 0, index: None }
[script lives6qyim_0] interact UseOn { name: "Chisel", kind: "inv", target_name: Some("Uncut sapphire"), x: 0, z: 0, level: 0, index: None }
[script lives6qyim_0] interact UseOn { name: "Chisel", kind: "inv", target_name: Some("Uncut sapphire"), x: 0, z: 0, level: 0, index: None }
[script lives6qyim_0] interact UseOn { name: "Chisel", kind: "inv", target_name: Some("Uncut sapphire"), x: 0, z: 0, level: 0, index: None }
[script lives6qyim_0] interact UseOn { name: "Chisel", kind: "inv", target_name: Some("Uncut sapphire"), x: 0, z: 0, level: 0, index: None }
[script lives6qyim_0] interact UseOn { name: "Chisel", kind: "inv", target_name: Some("Uncut sapphire"), x: 0, z: 0, level: 0, index: None }
[script lives6qyim_0] interact UseOn { name: "Chisel", kind: "inv", target_name: Some("Uncut sapphire"), x: 0, z: 0, level: 0, index: None }
[script lives6qyim_0] interact UseOn { name: "Chisel", kind: "inv", target_name: Some("Uncut sapphire"), x: 0, z: 0, level: 0, index: None }
[script lives6qyim_0] interact UseOn { name: "Chisel", kind: "inv", target_name: Some("Uncut sapphire"), x: 0, z: 0, level: 0, index: None }
[script lives6qyim_0] interact UseOn { name: "Chisel", kind: "inv", target_name: Some("Uncut sapphire"), x: 0, z: 0, level: 0, index: None }
[script lives6qyim_0] interact UseOn { name: "Chisel", kind: "inv", target_name: Some("Uncut sapphire"), x: 0, z: 0, level: 0, index: None }
[script lives6qyim_0] interact UseOn { name: "Chisel", kind: "inv", target_name: Some("Uncut sapphire"), x: 0, z: 0, level: 0, index: None }
[script lives6qyim_0] interact UseOn { name: "Chisel", kind: "inv", target_name: Some("Uncut sapphire"), x: 0, z: 0, level: 0, index: None }
[host] slot lives6qyim_0: d_loop_us=1104 d_raster_us=0 d_observe_us=64506 max_observe_us=8311 d_paints=0 d_skips=50 d_ticks=2 window_ms=1192
[host] slot lives6qyim_0: d_loop_us=1214 d_raster_us=0 d_observe_us=72600 max_observe_us=13075 d_paints=0 d_skips=50 d_ticks=2 window_ms=1189
[script lives6qyim_0] interact OpenBooth { x: 3186, z: 3440, level: 0, id: 2213, name: None, action: None }
[host] slot lives6qyim_0: d_loop_us=815 d_raster_us=0 d_observe_us=42665 max_observe_us=6284 d_paints=0 d_skips=50 d_ticks=2 window_ms=1205
[script lives6qyim_0] bank opened, starting withdraw/deposit cycle
[script lives6qyim_0] depositing inventory (keeping chisel)
[host] slot lives6qyim_0: d_loop_us=757 d_raster_us=0 d_observe_us=41565 max_observe_us=6909 d_paints=0 d_skips=50 d_ticks=2 window_ms=1209
[script lives6qyim_0] trying to withdraw 27 Sapphire (have 0)
[script lives6qyim_0] withdrew 1 Sapphire
[script lives6qyim_0] got gems, closing bank
[script lives6qyim_0] interact Close
[shim-close] sent
[host] slot lives6qyim_0: d_loop_us=738 d_raster_us=0 d_observe_us=36102 max_observe_us=6660 d_paints=0 d_skips=50 d_ticks=2 window_ms=1202
[script lives6qyim_0] banked @ Bank booth: gave 0 items, took 1 uncut gems
[script lives6qyim_0] interact UseOn { name: "Chisel", kind: "inv", target_name: Some("Uncut sapphire"), x: 0, z: 0, level: 0, index: None }
[script lives6qyim_0] interact UseOn { name: "Chisel", kind: "inv", target_name: Some("Uncut sapphire"), x: 0, z: 0, level: 0, index: None }
[script lives6qyim_0] interact UseOn { name: "Chisel", kind: "inv", target_name: Some("Uncut sapphire"), x: 0, z: 0, level: 0, index: None }
[script lives6qyim_0] interact UseOn { name: "Chisel", kind: "inv", target_name: Some("Uncut sapphire"), x: 0, z: 0, level: 0, index: None }
[script lives6qyim_0] interact UseOn { name: "Chisel", kind: "inv", target_name: Some("Uncut sapphire"), x: 0, z: 0, level: 0, index: None }
[script lives6qyim_0] interact UseOn { name: "Chisel", kind: "inv", target_name: Some("Uncut sapphire"), x: 0, z: 0, level: 0, index: None }
[script lives6qyim_0] interact UseOn { name: "Chisel", kind: "inv", target_name: Some("Uncut sapphire"), x: 0, z: 0, level: 0, index: None }
[script lives6qyim_0] interact UseOn { name: "Chisel", kind: "inv", target_name: Some("Uncut sapphire"), x: 0, z: 0, level: 0, index: None }
[script lives6qyim_0] interact UseOn { name: "Chisel", kind: "inv", target_name: Some("Uncut sapphire"), x: 0, z: 0, level: 0, index: None }
[script lives6qyim_0] interact UseOn { name: "Chisel", kind: "inv", target_name: Some("Uncut sapphire"), x: 0, z: 0, level: 0, index: None }
[script lives6qyim_0] interact UseOn { name: "Chisel", kind: "inv", target_name: Some("Uncut sapphire"), x: 0, z: 0, level: 0, index: None }
[script lives6qyim_0] interact UseOn { name: "Chisel", kind: "inv", target_name: Some("Uncut sapphire"), x: 0, z: 0, level: 0, index: None }
[script lives6qyim_0] interact UseOn { name: "Chisel", kind: "inv", target_name: Some("Uncut sapphire"), x: 0, z: 0, level: 0, index: None }
[script lives6qyim_0] interact UseOn { name: "Chisel", kind: "inv", target_name: Some("Uncut sapphire"), x: 0, z: 0, level: 0, index: None }
[script lives6qyim_0] interact UseOn { name: "Chisel", kind: "inv", target_name: Some("Uncut sapphire"), x: 0, z: 0, level: 0, index: None }
[script lives6qyim_0] interact UseOn { name: "Chisel", kind: "inv", target_name: Some("Uncut sapphire"), x: 0, z: 0, level: 0, index: None }
[script lives6qyim_0] interact UseOn { name: "Chisel", kind: "inv", target_name: Some("Uncut sapphire"), x: 0, z: 0, level: 0, index: None }
[script lives6qyim_0] interact UseOn { name: "Chisel", kind: "inv", target_name: Some("Uncut sapphire"), x: 0, z: 0, level: 0, index: None }
[script lives6qyim_0] interact UseOn { name: "Chisel", kind: "inv", target_name: Some("Uncut sapphire"), x: 0, z: 0, level: 0, index: None }
[script lives6qyim_0] interact UseOn { name: "Chisel", kind: "inv", target_name: Some("Uncut sapphire"), x: 0, z: 0, level: 0, index: None }
[script lives6qyim_0] interact UseOn { name: "Chisel", kind: "inv", target_name: Some("Uncut sapphire"), x: 0, z: 0, level: 0, index: None }
[script lives6qyim_0] interact UseOn { name: "Chisel", kind: "inv", target_name: Some("Uncut sapphire"), x: 0, z: 0, level: 0, index: None }
[script lives6qyim_0] interact UseOn { name: "Chisel", kind: "inv", target_name: Some("Uncut sapphire"), x: 0, z: 0, level: 0, index: None }
[script lives6qyim_0] interact UseOn { name: "Chisel", kind: "inv", target_name: Some("Uncut sapphire"), x: 0, z: 0, level: 0, index: None }
[script lives6qyim_0] interact UseOn { name: "Chisel", kind: "inv", target_name: Some("Uncut sapphire"), x: 0, z: 0, level: 0, index: None }
[script lives6qyim_0] interact UseOn { name: "Chisel", kind: "inv", target_name: Some("Uncut sapphire"), x: 0, z: 0, level: 0, index: None }
[script lives6qyim_0] interact UseOn { name: "Chisel", kind: "inv", target_name: Some("Uncut sapphire"), x: 0, z: 0, level: 0, index: None }
[script lives6qyim_0] interact UseOn { name: "Chisel", kind: "inv", target_name: Some("Uncut sapphire"), x: 0, z: 0, level: 0, index: None }
[script lives6qyim_0] interact UseOn { name: "Chisel", kind: "inv", target_name: Some("Uncut sapphire"), x: 0, z: 0, level: 0, index: None }
[script lives6qyim_0] interact UseOn { name: "Chisel", kind: "inv", target_name: Some("Uncut sapphire"), x: 0, z: 0, level: 0, index: None }
[script lives6qyim_0] interact UseOn { name: "Chisel", kind: "inv", target_name: Some("Uncut sapphire"), x: 0, z: 0, level: 0, index: None }
[script lives6qyim_0] interact UseOn { name: "Chisel", kind: "inv", target_name: Some("Uncut sapphire"), x: 0, z: 0, level: 0, index: None }
[script lives6qyim_0] interact UseOn { name: "Chisel", kind: "inv", target_name: Some("Uncut sapphire"), x: 0, z: 0, level: 0, index: None }
[script lives6qyim_0] interact UseOn { name: "Chisel", kind: "inv", target_name: Some("Uncut sapphire"), x: 0, z: 0, level: 0, index: None }
[script lives6qyim_0] interact UseOn { name: "Chisel", kind: "inv", target_name: Some("Uncut sapphire"), x: 0, z: 0, level: 0, index: None }
[script lives6qyim_0] interact UseOn { name: "Chisel", kind: "inv", target_name: Some("Uncut sapphire"), x: 0, z: 0, level: 0, index: None }
[script lives6qyim_0] interact UseOn { name: "Chisel", kind: "inv", target_name: Some("Uncut sapphire"), x: 0, z: 0, level: 0, index: None }
[script lives6qyim_0] interact UseOn { name: "Chisel", kind: "inv", target_name: Some("Uncut sapphire"), x: 0, z: 0, level: 0, index: None }
[script lives6qyim_0] interact UseOn { name: "Chisel", kind: "inv", target_name: Some("Uncut sapphire"), x: 0, z: 0, level: 0, index: None }
[script lives6qyim_0] interact UseOn { name: "Chisel", kind: "inv", target_name: Some("Uncut sapphire"), x: 0, z: 0, level: 0, index: None }
[script lives6qyim_0] interact UseOn { name: "Chisel", kind: "inv", target_name: Some("Uncut sapphire"), x: 0, z: 0, level: 0, index: None }
[script lives6qyim_0] interact UseOn { name: "Chisel", kind: "inv", target_name: Some("Uncut sapphire"), x: 0, z: 0, level: 0, index: None }
[script lives6qyim_0] interact UseOn { name: "Chisel", kind: "inv", target_name: Some("Uncut sapphire"), x: 0, z: 0, level: 0, index: None }
[script lives6qyim_0] interact UseOn { name: "Chisel", kind: "inv", target_name: Some("Uncut sapphire"), x: 0, z: 0, level: 0, index: None }
[script lives6qyim_0] interact UseOn { name: "Chisel", kind: "inv", target_name: Some("Uncut sapphire"), x: 0, z: 0, level: 0, index: None }
[script lives6qyim_0] interact UseOn { name: "Chisel", kind: "inv", target_name: Some("Uncut sapphire"), x: 0, z: 0, level: 0, index: None }
[script lives6qyim_0] interact UseOn { name: "Chisel", kind: "inv", target_name: Some("Uncut sapphire"), x: 0, z: 0, level: 0, index: None }
[script lives6qyim_0] interact UseOn { name: "Chisel", kind: "inv", target_name: Some("Uncut sapphire"), x: 0, z: 0, level: 0, index: None }
[script lives6qyim_0] interact UseOn { name: "Chisel", kind: "inv", target_name: Some("Uncut sapphire"), x: 0, z: 0, level: 0, index: None }
[script lives6qyim_0] interact UseOn { name: "Chisel", kind: "inv", target_name: Some("Uncut sapphire"), x: 0, z: 0, level: 0, index: None }
[script lives6qyim_0] interact UseOn { name: "Chisel", kind: "inv", target_name: Some("Uncut sapphire"), x: 0, z: 0, level: 0, index: None }
[script lives6qyim_0] interact UseOn { name: "Chisel", kind: "inv", target_name: Some("Uncut sapphire"), x: 0, z: 0, level: 0, index: None }
[script lives6qyim_0] interact UseOn { name: "Chisel", kind: "inv", target_name: Some("Uncut sapphire"), x: 0, z: 0, level: 0, index: None }
[script lives6qyim_0] interact UseOn { name: "Chisel", kind: "inv", target_name: Some("Uncut sapphire"), x: 0, z: 0, level: 0, index: None }
[script lives6qyim_0] interact UseOn { name: "Chisel", kind: "inv", target_name: Some("Uncut sapphire"), x: 0, z: 0, level: 0, index: None }
[script lives6qyim_0] interact UseOn { name: "Chisel", kind: "inv", target_name: Some("Uncut sapphire"), x: 0, z: 0, level: 0, index: None }
[script lives6qyim_0] interact UseOn { name: "Chisel", kind: "inv", target_name: Some("Uncut sapphire"), x: 0, z: 0, level: 0, index: None }
[script lives6qyim_0] interact UseOn { name: "Chisel", kind: "inv", target_name: Some("Uncut sapphire"), x: 0, z: 0, level: 0, index: None }
[script lives6qyim_0] interact UseOn { name: "Chisel", kind: "inv", target_name: Some("Uncut sapphire"), x: 0, z: 0, level: 0, index: None }
[script lives6qyim_0] interact UseOn { name: "Chisel", kind: "inv", target_name: Some("Uncut sapphire"), x: 0, z: 0, level: 0, index: None }
[host] slot lives6qyim_0: d_loop_us=744 d_raster_us=0 d_observe_us=38703 max_observe_us=6201 d_paints=0 d_skips=50 d_ticks=2 window_ms=1190
PASS: catalog_boundary_live: {"scenario":"gem_cutter_named","runner":"Some(Evidence { scenario: \"gem_cutter_named\", outcome: \"PASS\", predicate: \"stat_xp_gain(12)>=2\", ticks: 177, elapsed_ms: 106433, message: None, tile: Some([3185, 3440, 0]), inv: [InvRow { id: 1755, name: Some(\"Chisel\"), count: 1 }, InvRow { id: 1607, name: Some(\"Sapphire\"), count: 1 }], stat: Some(StatRow { runenergy: 100 }), chat: [ChatRow { text: \"You cut the Sapphire.\", username: None }, ChatRow { text: \"You cut the Sapphire.\", username: None }, ChatRow { text: \"You cut the Sapphire.\", username: None }, ChatRow { text: \"You cut the Sapphire.\", username: None }, ChatRow { text: \"Congratulations, you just advanced a crafting level.\", username: None }, ChatRow { text: \"You cut the Sapphire.\", username: None }, ChatRow { text: \"You cut the Sapphire.\", username: None }, ChatRow { text: \"You cut the Sapphire.\", username: None }, ChatRow { text: \"You cut the Sapphire.\", username: None }, ChatRow { text: \"You cut the Sapphire.\", username: None }, ChatRow { text: \"You cut the Sapphire.\", username: None }, ChatRow { text: \"You cut the Sapphire.\", username: None }, ChatRow { text: \"You cut the Sapphire.\", username: None }, ChatRow { text: \"You cut the Sapphire.\", username: None }, ChatRow { text: \"You cut the Sapphire.\", username: None }, ChatRow { text: \"You cut the Sapphire.\", username: None }, ChatRow { text: \"You cut the Sapphire.\", username: None }, ChatRow { text: \"You cut the Sapphire.\", username: None }, ChatRow { text: \"Congratulations, you just advanced a crafting level.\", username: None }, ChatRow { text: \"You cut the Sapphire.\", username: None }, ChatRow { text: \"You cut the Sapphire.\", username: None }, ChatRow { text: \"You cut the Sapphire.\", username: None }, ChatRow { text: \"You cut the Sapphire.\", username: None }, ChatRow { text: \"You cut the Sapphire.\", username: None }, ChatRow { text: \"You cut the Sapphire.\", username: None }, ChatRow { text: \"You cut the Sapphire.\", username: None }, ChatRow { text: \"You cut the Sapphire.\", username: None }, ChatRow { text: \"You cut the Sapphire.\", username: None }, ChatRow { text: \"You cut the Sapphire.\", username: None }, ChatRow { text: \"You cut the Sapphire.\", username: None }, ChatRow { text: \"Inventory wiped.\", username: None }, ChatRow { text: \"set tutorial: to 1000\", username: None }, ChatRow { text: \"Welcome to RuneScape.\", username: None }], scene: 2 })","core":{"case":"gem_cutter_named","baseline":{"ingame":true,"scene_state":2,"player":"Lives6qyim 0","tile":[3185,3440,0],"tick":31,"items":{},"item_ids":{},"bank":{},"bank_ids":{},"bank_open":false,"bank_loaded":false,"bank_generation":2,"levels":{"-unused-":0,"agility":1,"attack":1,"cooking":1,"crafting":20,"defence":1,"firemaking":1,"fishing":1,"fletching":1,"herblore":1,"hitpoints":10,"magic":1,"mining":1,"prayer":1,"ranged":1,"runecraft":1,"slayer":1,"smithing":1,"strength":1,"thieving":1,"woodcutting":1},"xp":{"-unused-":0,"agility":0,"attack":0,"cooking":0,"crafting":4470,"defence":0,"firemaking":0,"fishing":0,"fletching":0,"herblore":0,"hitpoints":1154,"magic":0,"mining":0,"prayer":0,"ranged":0,"runecraft":0,"slayer":0,"smithing":0,"strength":0,"thieving":0,"woodcutting":0},"chat":[[7,"Inventory wiped."],[6,"set tutorial: to 1000"],[5,"Welcome to RuneScape."]]},"latest":{"ingame":true,"scene_state":2,"player":"Lives6qyim 0","tile":[3185,3440,0],"tick":137,"items":{"Chisel":1,"Sapphire":1},"item_ids":{"1607":1,"1755":1},"bank":{},"bank_ids":{},"bank_open":false,"bank_loaded":false,"bank_generation":6,"levels":{"-unused-":0,"agility":1,"attack":1,"cooking":1,"crafting":22,"defence":1,"firemaking":1,"fishing":1,"fletching":1,"herblore":1,"hitpoints":10,"magic":1,"mining":1,"prayer":1,"ranged":1,"runecraft":1,"slayer":1,"smithing":1,"strength":1,"thieving":1,"woodcutting":1},"xp":{"-unused-":0,"agility":0,"attack":0,"cooking":0,"crafting":5870,"defence":0,"firemaking":0,"fishing":0,"fletching":0,"herblore":0,"hitpoints":1154,"magic":0,"mining":0,"prayer":0,"ranged":0,"runecraft":0,"slayer":0,"smithing":0,"strength":0,"thieving":0,"woodcutting":0},"chat":[[37,"You cut the Sapphire."],[36,"You cut the Sapphire."],[35,"You cut the Sapphire."],[34,"You cut the Sapphire."],[33,"Congratulations, you just advanced a crafting level."],[32,"You cut the Sapphire."],[31,"You cut the Sapphire."],[30,"You cut the Sapphire."],[29,"You cut the Sapphire."],[28,"You cut the Sapphire."],[27,"You cut the Sapphire."],[26,"You cut the Sapphire."],[25,"You cut the Sapphire."],[24,"You cut the Sapphire."],[23,"You cut the Sapphire."],[22,"You cut the Sapphire."],[21,"You cut the Sapphire."],[20,"You cut the Sapphire."],[19,"Congratulations, you just advanced a crafting level."],[18,"You cut the Sapphire."],[17,"You cut the Sapphire."],[16,"You cut the Sapphire."],[15,"You cut the Sapphire."],[14,"You cut the Sapphire."],[13,"You cut the Sapphire."],[12,"You cut the Sapphire."],[11,"You cut the Sapphire."],[10,"You cut the Sapphire."],[9,"You cut the Sapphire."],[8,"You cut the Sapphire."],[7,"Inventory wiped."],[6,"set tutorial: to 1000"],[5,"Welcome to RuneScape."]]},"max_items":{"Chisel":1,"Sapphire":27,"Uncut sapphire":27},"max_xp":{"-unused-":0,"agility":0,"attack":0,"cooking":0,"crafting":5870,"defence":0,"firemaking":0,"fishing":0,"fletching":0,"herblore":0,"hitpoints":1154,"magic":0,"mining":0,"prayer":0,"ranged":0,"runecraft":0,"slayer":0,"smithing":0,"strength":0,"thieving":0,"woodcutting":0},"saw_bury_chat":false,"post_start_observations":2653,"bone_bank_cycle":{"first_batch_buried":false,"opened":null,"withdrawn":null,"buried_after_withdrawal":false},"bank_fletcher_cycle":{"first_pack_created":false,"deposited":null,"withdrawn":null,"crafted_after_withdrawal":false},"bank_fletcher_string_cycle":{"initial_pairs_strung":false,"deposited":null,"withdrawn":null,"strung_after_withdrawal":false},"bank_fletcher_cut_string_cycle":{"cut_pair_created":false,"deposited":null,"withdrawn":null,"string_pair_created":false},"alcher_generated_custom_cycle":{"withdrawn":null,"consumed":false},"dart_fletcher_cycle":{"first":null,"further":false,"wrong_tier":false},"herb_cleaner_cycle":{"first_pack":false,"deposited":null,"withdrawn":null,"cleaned_after_withdrawal":false,"filter_violated":false},"gem_cutter_cycle":{"first_pack":true,"deposited":{"ingame":true,"scene_state":2,"player":"Lives6qyim 0","tile":[3185,3440,0],"tick":132,"items":{"Chisel":1},"item_ids":{"1755":1},"bank":{"Sapphire":27,"Uncut opal":4,"Uncut sapphire":1},"bank_ids":{"1607":27,"1623":1,"1625":4},"bank_open":true,"bank_loaded":true,"bank_generation":5,"levels":{"-unused-":0,"agility":1,"attack":1,"cooking":1,"crafting":22,"defence":1,"firemaking":1,"fishing":1,"fletching":1,"herblore":1,"hitpoints":10,"magic":1,"mining":1,"prayer":1,"ranged":1,"runecraft":1,"slayer":1,"smithing":1,"strength":1,"thieving":1,"woodcutting":1},"xp":{"-unused-":0,"agility":0,"attack":0,"cooking":0,"crafting":5820,"defence":0,"firemaking":0,"fishing":0,"fletching":0,"herblore":0,"hitpoints":1154,"magic":0,"mining":0,"prayer":0,"ranged":0,"runecraft":0,"slayer":0,"smithing":0,"strength":0,"thieving":0,"woodcutting":0},"chat":[[36,"You cut the Sapphire."],[35,"You cut the Sapphire."],[34,"You cut the Sapphire."],[33,"Congratulations, you just advanced a crafting level."],[32,"You cut the Sapphire."],[31,"You cut the Sapphire."],[30,"You cut the Sapphire."],[29,"You cut the Sapphire."],[28,"You cut the Sapphire."],[27,"You cut the Sapphire."],[26,"You cut the Sapphire."],[25,"You cut the Sapphire."],[24,"You cut the Sapphire."],[23,"You cut the Sapphire."],[22,"You cut the Sapphire."],[21,"You cut the Sapphire."],[20,"You cut the Sapphire."],[19,"Congratulations, you just advanced a crafting level."],[18,"You cut the Sapphire."],[17,"You cut the Sapphire."],[16,"You cut the Sapphire."],[15,"You cut the Sapphire."],[14,"You cut the Sapphire."],[13,"You cut the Sapphire."],[12,"You cut the Sapphire."],[11,"You cut the Sapphire."],[10,"You cut the Sapphire."],[9,"You cut the Sapphire."],[8,"You cut the Sapphire."],[7,"Inventory wiped."],[6,"set tutorial: to 1000"],[5,"Welcome to RuneScape."]]},"withdrawn":{"ingame":true,"scene_state":2,"player":"Lives6qyim 0","tile":[3185,3440,0],"tick":134,"items":{"Chisel":1,"Uncut sapphire":1},"item_ids":{"1623":1,"1755":1},"bank":{"Sapphire":27,"Uncut opal":4},"bank_ids":{"1607":27,"1625":4},"bank_open":true,"bank_loaded":true,"bank_generation":5,"levels":{"-unused-":0,"agility":1,"attack":1,"cooking":1,"crafting":22,"defence":1,"firemaking":1,"fishing":1,"fletching":1,"herblore":1,"hitpoints":10,"magic":1,"mining":1,"prayer":1,"ranged":1,"runecraft":1,"slayer":1,"smithing":1,"strength":1,"thieving":1,"woodcutting":1},"xp":{"-unused-":0,"agility":0,"attack":0,"cooking":0,"crafting":5820,"defence":0,"firemaking":0,"fishing":0,"fletching":0,"herblore":0,"hitpoints":1154,"magic":0,"mining":0,"prayer":0,"ranged":0,"runecraft":0,"slayer":0,"smithing":0,"strength":0,"thieving":0,"woodcutting":0},"chat":[[36,"You cut the Sapphire."],[35,"You cut the Sapphire."],[34,"You cut the Sapphire."],[33,"Congratulations, you just advanced a crafting level."],[32,"You cut the Sapphire."],[31,"You cut the Sapphire."],[30,"You cut the Sapphire."],[29,"You cut the Sapphire."],[28,"You cut the Sapphire."],[27,"You cut the Sapphire."],[26,"You cut the Sapphire."],[25,"You cut the Sapphire."],[24,"You cut the Sapphire."],[23,"You cut the Sapphire."],[22,"You cut the Sapphire."],[21,"You cut the Sapphire."],[20,"You cut the Sapphire."],[19,"Congratulations, you just advanced a crafting level."],[18,"You cut the Sapphire."],[17,"You cut the Sapphire."],[16,"You cut the Sapphire."],[15,"You cut the Sapphire."],[14,"You cut the Sapphire."],[13,"You cut the Sapphire."],[12,"You cut the Sapphire."],[11,"You cut the Sapphire."],[10,"You cut the Sapphire."],[9,"You cut the Sapphire."],[8,"You cut the Sapphire."],[7,"Inventory wiped."],[6,"set tutorial: to 1000"],[5,"Welcome to RuneScape."]]},"cut_after_withdrawal":true,"filter_violated":false},"ordered_first_exhausted":false}}
test catalog_boundary_live ... ok

test result: ok. 1 passed; 0 failed; 0 ignored; 0 measured; 16 filtered out; finished in 131.27s

