
running 1 test
{"phase":"identity","revision":274,"profile":"local-274 · 127.0.0.1:43594 · revision 274","cache_id":"4aac9b63312dcb75d5de8f686772d083ba0808c57985438246edf21ef522be1c","nav_pack":"/Users/acfrazier/experiments/274bot/.worktrees/rs2b0t-multirevision/.superpowers/world-capabilities/274/274bot.navpack","nav_sha256":"05db24743e9f549ced16c1f00b87c30a390d3aaec391815da3f3563130b3bcd4","catalog_commit":"100adccc037d9f6898080e1cad58fcfc43364775","catalog_identity":"pre-289 frozen catalog","catalog_read_only_path":".superpowers/inputs/rs2b0t-100adccc037d9f6898080e1cad58fcfc43364775","catalog_root":"/Users/acfrazier/experiments/274bot/.worktrees/rs2b0t-multirevision/.superpowers/inputs/rs2b0t-100adccc037d9f6898080e1cad58fcfc43364775","registry_path":"/Users/acfrazier/experiments/274bot/.worktrees/rs2b0t-multirevision/.superpowers/inputs/rs2b0t-100adccc037d9f6898080e1cad58fcfc43364775/src/bot/scripts/index.ts","registry_sha256":"b614aedb3d5adfdfbac3760f082273f3cf5c33fffe4ced0f2b01490ae02d1bc2","card":{"card":"PotionMaker","source_path":"/Users/acfrazier/experiments/274bot/.worktrees/rs2b0t-multirevision/.superpowers/inputs/rs2b0t-100adccc037d9f6898080e1cad58fcfc43364775/src/bot/scripts/PotionMaker/PotionMaker.ts","source_sha256":"36704aa9951b18bcb27c16d5740577937757847209daa504b0df5ecd9e758beb","compiled_sha256":"7373464469d13fd33abf4aba136425d2b788c9623379ed83c00537b1edc034d7","siblings":[{"module":"/rs2b0t/bot/scripts/bot/PotionMakerLogic.js","compiled_sha256":"cbd2edc1ce4e4419db9e94ee5fadb5fee51eb2efbd7a4dedc8c5d47761f490c1"}],"settings":{"herbCustom":"Guam leaf","secondaryCustom":"Eye of newt","herb":"Ranarr weed","secondary":"Snape grass"}},"account":"live0mdmbh_0","engine_speed_ms":null}
[host-play] slot live0mdmbh_0: thread up
274bot: loaded snapshot (4556 models, 336 anim records)
[host-play] slot live0mdmbh_0: handshake begin reconnect=false
[host-play] slot live0mdmbh_0: handshake ok
[host-play] slot live0mdmbh_0: queued mainland tele+setvar (scene 2)
[host] slot live0mdmbh_0: d_loop_us=11679 d_raster_us=0 d_observe_us=39380 max_observe_us=4430 d_paints=0 d_skips=50 d_ticks=5 window_ms=0
[host-play] slot live0mdmbh_0: handshake begin reconnect=true
[host-play] slot live0mdmbh_0: handshake ok
[host] slot live0mdmbh_0: d_loop_us=1128 d_raster_us=0 d_observe_us=45692 max_observe_us=3296 d_paints=0 d_skips=50 d_ticks=1 window_ms=0
[host-play] slot live0mdmbh_0: queued mainland tele+setvar (scene 2)
[host] slot live0mdmbh_0: d_loop_us=30646 d_raster_us=0 d_observe_us=92197 max_observe_us=7905 d_paints=0 d_skips=50 d_ticks=27 window_ms=16136
{"phase":"baseline-after-preparation","scenario":"potion_maker_named","account":"live0mdmbh_0","observation":{"ingame":true,"scene_state":2,"player":"Live0mdmbh 0","tile":[3185,3440,0],"tick":36,"items":{},"item_ids":{},"bank":{},"bank_ids":{},"bank_open":false,"bank_loaded":false,"bank_generation":2,"levels":{"-unused-":0,"agility":1,"attack":1,"cooking":1,"crafting":1,"defence":1,"firemaking":1,"fishing":1,"fletching":1,"herblore":38,"hitpoints":10,"magic":1,"mining":1,"prayer":1,"ranged":1,"runecraft":1,"slayer":1,"smithing":1,"strength":1,"thieving":1,"woodcutting":1},"xp":{"-unused-":0,"agility":0,"attack":0,"cooking":0,"crafting":0,"defence":0,"firemaking":0,"fishing":0,"fletching":0,"herblore":30408,"hitpoints":1154,"magic":0,"mining":0,"prayer":0,"ranged":0,"runecraft":0,"slayer":0,"smithing":0,"strength":0,"thieving":0,"woodcutting":0},"chat":[[8,"Inventory wiped."],[7,"set tutorial: to 1000"],[6,"Welcome to RuneScape."]],"loc_facts":[{"id":1533,"x":3183,"z":3434,"level":0,"name":"Door","open":true}],"equipment_ids":{}}}
[script live0mdmbh_0] start load
{"phase":"start","account":"live0mdmbh_0","count":1}
[host] hitch live0mdmbh_0: observe_us=101046 paints=0 skips=110 ticks=36
[script live0mdmbh_0] PotionMaker — Ranarr weed + Snape grass at the nearest bank
[script live0mdmbh_0] interact OpenBooth { x: 3186, z: 3440, level: 0, id: 2213, name: None, action: None }
[host] hitch live0mdmbh_0: observe_us=17999 paints=0 skips=131 ticks=38
[host] slot live0mdmbh_0: d_loop_us=1447 d_raster_us=0 d_observe_us=186109 max_observe_us=101046 d_paints=0 d_skips=50 d_ticks=10 window_ms=6524
[host] hitch live0mdmbh_0: observe_us=17867 paints=0 skips=175 ticks=40
[host] hitch live0mdmbh_0: observe_us=18974 paints=0 skips=197 ticks=41
[host] slot live0mdmbh_0: d_loop_us=1284 d_raster_us=0 d_observe_us=100586 max_observe_us=18974 d_paints=0 d_skips=50 d_ticks=3 window_ms=1336
[host] hitch live0mdmbh_0: observe_us=19472 paints=0 skips=219 ticks=42
[host] hitch live0mdmbh_0: observe_us=17480 paints=0 skips=242 ticks=43
[script live0mdmbh_0] interact Close
[shim-close] sent
[host] slot live0mdmbh_0: d_loop_us=1261 d_raster_us=0 d_observe_us=89575 max_observe_us=19472 d_paints=0 d_skips=50 d_ticks=2 window_ms=1340
[host] hitch live0mdmbh_0: observe_us=20611 paints=0 skips=265 ticks=44
[script live0mdmbh_0] withdrew 14 vials of water + 14 Ranarr weed
[script live0mdmbh_0] interact UseOn { name: "Ranarr weed", kind: "inv", target_name: Some("Vial of water"), x: 0, z: 0, level: 0, index: None, source_item_id: Some(257), source_item_slot: Some(27), target_item_id: Some(227), target_item_slot: Some(13) }
[script live0mdmbh_0] interact UseOn { name: "Ranarr weed", kind: "inv", target_name: Some("Vial of water"), x: 0, z: 0, level: 0, index: None, source_item_id: Some(257), source_item_slot: Some(27), target_item_id: Some(227), target_item_slot: Some(13) }
[script live0mdmbh_0] interact UseOn { name: "Ranarr weed", kind: "inv", target_name: Some("Vial of water"), x: 0, z: 0, level: 0, index: None, source_item_id: Some(257), source_item_slot: Some(27), target_item_id: Some(227), target_item_slot: Some(13) }
[script live0mdmbh_0] interact UseOn { name: "Ranarr weed", kind: "inv", target_name: Some("Vial of water"), x: 0, z: 0, level: 0, index: None, source_item_id: Some(257), source_item_slot: Some(27), target_item_id: Some(227), target_item_slot: Some(13) }
[script live0mdmbh_0] interact UseOn { name: "Ranarr weed", kind: "inv", target_name: Some("Vial of water"), x: 0, z: 0, level: 0, index: None, source_item_id: Some(257), source_item_slot: Some(27), target_item_id: Some(227), target_item_slot: Some(13) }
[script live0mdmbh_0] interact UseOn { name: "Ranarr weed", kind: "inv", target_name: Some("Vial of water"), x: 0, z: 0, level: 0, index: None, source_item_id: Some(257), source_item_slot: Some(27), target_item_id: Some(227), target_item_slot: Some(13) }
[script live0mdmbh_0] interact UseOn { name: "Ranarr weed", kind: "inv", target_name: Some("Vial of water"), x: 0, z: 0, level: 0, index: None, source_item_id: Some(257), source_item_slot: Some(27), target_item_id: Some(227), target_item_slot: Some(13) }
[script live0mdmbh_0] interact UseOn { name: "Ranarr weed", kind: "inv", target_name: Some("Vial of water"), x: 0, z: 0, level: 0, index: None, source_item_id: Some(257), source_item_slot: Some(27), target_item_id: Some(227), target_item_slot: Some(13) }
[script live0mdmbh_0] interact UseOn { name: "Ranarr weed", kind: "inv", target_name: Some("Vial of water"), x: 0, z: 0, level: 0, index: None, source_item_id: Some(257), source_item_slot: Some(27), target_item_id: Some(227), target_item_slot: Some(13) }
[script live0mdmbh_0] interact UseOn { name: "Ranarr weed", kind: "inv", target_name: Some("Vial of water"), x: 0, z: 0, level: 0, index: None, source_item_id: Some(257), source_item_slot: Some(27), target_item_id: Some(227), target_item_slot: Some(13) }
[script live0mdmbh_0] interact UseOn { name: "Ranarr weed", kind: "inv", target_name: Some("Vial of water"), x: 0, z: 0, level: 0, index: None, source_item_id: Some(257), source_item_slot: Some(27), target_item_id: Some(227), target_item_slot: Some(13) }
[script live0mdmbh_0] interact UseOn { name: "Ranarr weed", kind: "inv", target_name: Some("Vial of water"), x: 0, z: 0, level: 0, index: None, source_item_id: Some(257), source_item_slot: Some(27), target_item_id: Some(227), target_item_slot: Some(13) }
[script live0mdmbh_0] interact UseOn { name: "Ranarr weed", kind: "inv", target_name: Some("Vial of water"), x: 0, z: 0, level: 0, index: None, source_item_id: Some(257), source_item_slot: Some(27), target_item_id: Some(227), target_item_slot: Some(13) }
[script live0mdmbh_0] interact UseOn { name: "Ranarr weed", kind: "inv", target_name: Some("Vial of water"), x: 0, z: 0, level: 0, index: None, source_item_id: Some(257), source_item_slot: Some(27), target_item_id: Some(227), target_item_slot: Some(13) }
[script live0mdmbh_0] interact UseOn { name: "Ranarr weed", kind: "inv", target_name: Some("Vial of water"), x: 0, z: 0, level: 0, index: None, source_item_id: Some(257), source_item_slot: Some(27), target_item_id: Some(227), target_item_slot: Some(13) }
[script live0mdmbh_0] interact UseOn { name: "Ranarr weed", kind: "inv", target_name: Some("Vial of water"), x: 0, z: 0, level: 0, index: None, source_item_id: Some(257), source_item_slot: Some(27), target_item_id: Some(227), target_item_slot: Some(13) }
[script live0mdmbh_0] interact UseOn { name: "Ranarr weed", kind: "inv", target_name: Some("Vial of water"), x: 0, z: 0, level: 0, index: None, source_item_id: Some(257), source_item_slot: Some(27), target_item_id: Some(227), target_item_slot: Some(13) }
[script live0mdmbh_0] interact UseOn { name: "Ranarr weed", kind: "inv", target_name: Some("Vial of water"), x: 0, z: 0, level: 0, index: None, source_item_id: Some(257), source_item_slot: Some(27), target_item_id: Some(227), target_item_slot: Some(13) }
[script live0mdmbh_0] interact UseOn { name: "Ranarr weed", kind: "inv", target_name: Some("Vial of water"), x: 0, z: 0, level: 0, index: None, source_item_id: Some(257), source_item_slot: Some(27), target_item_id: Some(227), target_item_slot: Some(13) }
[script live0mdmbh_0] interact UseOn { name: "Ranarr weed", kind: "inv", target_name: Some("Vial of water"), x: 0, z: 0, level: 0, index: None, source_item_id: Some(257), source_item_slot: Some(27), target_item_id: Some(227), target_item_slot: Some(13) }
[script live0mdmbh_0] interact UseOn { name: "Ranarr weed", kind: "inv", target_name: Some("Vial of water"), x: 0, z: 0, level: 0, index: None, source_item_id: Some(257), source_item_slot: Some(27), target_item_id: Some(227), target_item_slot: Some(13) }
[script live0mdmbh_0] interact UseOn { name: "Ranarr weed", kind: "inv", target_name: Some("Vial of water"), x: 0, z: 0, level: 0, index: None, source_item_id: Some(257), source_item_slot: Some(27), target_item_id: Some(227), target_item_slot: Some(13) }
[script live0mdmbh_0] interact UseOn { name: "Ranarr weed", kind: "inv", target_name: Some("Vial of water"), x: 0, z: 0, level: 0, index: None, source_item_id: Some(257), source_item_slot: Some(27), target_item_id: Some(227), target_item_slot: Some(13) }
[script live0mdmbh_0] interact UseOn { name: "Ranarr weed", kind: "inv", target_name: Some("Vial of water"), x: 0, z: 0, level: 0, index: None, source_item_id: Some(257), source_item_slot: Some(27), target_item_id: Some(227), target_item_slot: Some(13) }
[script live0mdmbh_0] interact UseOn { name: "Ranarr weed", kind: "inv", target_name: Some("Vial of water"), x: 0, z: 0, level: 0, index: None, source_item_id: Some(257), source_item_slot: Some(27), target_item_id: Some(227), target_item_slot: Some(13) }
[script live0mdmbh_0] interact UseOn { name: "Ranarr weed", kind: "inv", target_name: Some("Vial of water"), x: 0, z: 0, level: 0, index: None, source_item_id: Some(257), source_item_slot: Some(27), target_item_id: Some(227), target_item_slot: Some(13) }
[script live0mdmbh_0] interact UseOn { name: "Ranarr weed", kind: "inv", target_name: Some("Vial of water"), x: 0, z: 0, level: 0, index: None, source_item_id: Some(257), source_item_slot: Some(27), target_item_id: Some(227), target_item_slot: Some(13) }
[script live0mdmbh_0] interact UseOn { name: "Ranarr weed", kind: "inv", target_name: Some("Vial of water"), x: 0, z: 0, level: 0, index: None, source_item_id: Some(257), source_item_slot: Some(27), target_item_id: Some(227), target_item_slot: Some(13) }
[script live0mdmbh_0] interact UseOn { name: "Ranarr weed", kind: "inv", target_name: Some("Vial of water"), x: 0, z: 0, level: 0, index: None, source_item_id: Some(257), source_item_slot: Some(27), target_item_id: Some(227), target_item_slot: Some(13) }
[script live0mdmbh_0] interact UseOn { name: "Ranarr weed", kind: "inv", target_name: Some("Vial of water"), x: 0, z: 0, level: 0, index: None, source_item_id: Some(257), source_item_slot: Some(27), target_item_id: Some(227), target_item_slot: Some(13) }
[script live0mdmbh_0] interact UseOn { name: "Ranarr weed", kind: "inv", target_name: Some("Vial of water"), x: 0, z: 0, level: 0, index: None, source_item_id: Some(257), source_item_slot: Some(27), target_item_id: Some(227), target_item_slot: Some(13) }
[script live0mdmbh_0] interact UseOn { name: "Ranarr weed", kind: "inv", target_name: Some("Vial of water"), x: 0, z: 0, level: 0, index: None, source_item_id: Some(257), source_item_slot: Some(27), target_item_id: Some(227), target_item_slot: Some(13) }
[script live0mdmbh_0] interact UseOn { name: "Ranarr weed", kind: "inv", target_name: Some("Vial of water"), x: 0, z: 0, level: 0, index: None, source_item_id: Some(257), source_item_slot: Some(27), target_item_id: Some(227), target_item_slot: Some(13) }
[script live0mdmbh_0] interact UseOn { name: "Ranarr weed", kind: "inv", target_name: Some("Vial of water"), x: 0, z: 0, level: 0, index: None, source_item_id: Some(257), source_item_slot: Some(27), target_item_id: Some(227), target_item_slot: Some(13) }
[script live0mdmbh_0] interact UseOn { name: "Ranarr weed", kind: "inv", target_name: Some("Vial of water"), x: 0, z: 0, level: 0, index: None, source_item_id: Some(257), source_item_slot: Some(27), target_item_id: Some(227), target_item_slot: Some(13) }
[script live0mdmbh_0] interact UseOn { name: "Ranarr weed", kind: "inv", target_name: Some("Vial of water"), x: 0, z: 0, level: 0, index: None, source_item_id: Some(257), source_item_slot: Some(27), target_item_id: Some(227), target_item_slot: Some(13) }
[script live0mdmbh_0] interact UseOn { name: "Ranarr weed", kind: "inv", target_name: Some("Vial of water"), x: 0, z: 0, level: 0, index: None, source_item_id: Some(257), source_item_slot: Some(27), target_item_id: Some(227), target_item_slot: Some(13) }
[script live0mdmbh_0] interact UseOn { name: "Ranarr weed", kind: "inv", target_name: Some("Vial of water"), x: 0, z: 0, level: 0, index: None, source_item_id: Some(257), source_item_slot: Some(27), target_item_id: Some(227), target_item_slot: Some(13) }
[script live0mdmbh_0] interact UseOn { name: "Ranarr weed", kind: "inv", target_name: Some("Vial of water"), x: 0, z: 0, level: 0, index: None, source_item_id: Some(257), source_item_slot: Some(27), target_item_id: Some(227), target_item_slot: Some(13) }
[script live0mdmbh_0] interact UseOn { name: "Ranarr weed", kind: "inv", target_name: Some("Vial of water"), x: 0, z: 0, level: 0, index: None, source_item_id: Some(257), source_item_slot: Some(27), target_item_id: Some(227), target_item_slot: Some(13) }
[script live0mdmbh_0] interact UseOn { name: "Ranarr weed", kind: "inv", target_name: Some("Vial of water"), x: 0, z: 0, level: 0, index: None, source_item_id: Some(257), source_item_slot: Some(27), target_item_id: Some(227), target_item_slot: Some(13) }
[script live0mdmbh_0] interact UseOn { name: "Ranarr weed", kind: "inv", target_name: Some("Vial of water"), x: 0, z: 0, level: 0, index: None, source_item_id: Some(257), source_item_slot: Some(27), target_item_id: Some(227), target_item_slot: Some(13) }
[script live0mdmbh_0] interact UseOn { name: "Ranarr weed", kind: "inv", target_name: Some("Vial of water"), x: 0, z: 0, level: 0, index: None, source_item_id: Some(257), source_item_slot: Some(27), target_item_id: Some(227), target_item_slot: Some(13) }
[script live0mdmbh_0] interact UseOn { name: "Ranarr weed", kind: "inv", target_name: Some("Vial of water"), x: 0, z: 0, level: 0, index: None, source_item_id: Some(257), source_item_slot: Some(27), target_item_id: Some(227), target_item_slot: Some(13) }
[script live0mdmbh_0] interact UseOn { name: "Ranarr weed", kind: "inv", target_name: Some("Vial of water"), x: 0, z: 0, level: 0, index: None, source_item_id: Some(257), source_item_slot: Some(27), target_item_id: Some(227), target_item_slot: Some(13) }
[script live0mdmbh_0] interact UseOn { name: "Ranarr weed", kind: "inv", target_name: Some("Vial of water"), x: 0, z: 0, level: 0, index: None, source_item_id: Some(257), source_item_slot: Some(27), target_item_id: Some(227), target_item_slot: Some(13) }
[script live0mdmbh_0] interact UseOn { name: "Ranarr weed", kind: "inv", target_name: Some("Vial of water"), x: 0, z: 0, level: 0, index: None, source_item_id: Some(257), source_item_slot: Some(27), target_item_id: Some(227), target_item_slot: Some(13) }
[script live0mdmbh_0] interact UseOn { name: "Ranarr weed", kind: "inv", target_name: Some("Vial of water"), x: 0, z: 0, level: 0, index: None, source_item_id: Some(257), source_item_slot: Some(27), target_item_id: Some(227), target_item_slot: Some(13) }
[script live0mdmbh_0] interact UseOn { name: "Ranarr weed", kind: "inv", target_name: Some("Vial of water"), x: 0, z: 0, level: 0, index: None, source_item_id: Some(257), source_item_slot: Some(27), target_item_id: Some(227), target_item_slot: Some(13) }
[script live0mdmbh_0] interact UseOn { name: "Ranarr weed", kind: "inv", target_name: Some("Vial of water"), x: 0, z: 0, level: 0, index: None, source_item_id: Some(257), source_item_slot: Some(27), target_item_id: Some(227), target_item_slot: Some(13) }
[script live0mdmbh_0] interact UseOn { name: "Ranarr weed", kind: "inv", target_name: Some("Vial of water"), x: 0, z: 0, level: 0, index: None, source_item_id: Some(257), source_item_slot: Some(27), target_item_id: Some(227), target_item_slot: Some(13) }
[script live0mdmbh_0] interact UseOn { name: "Ranarr weed", kind: "inv", target_name: Some("Vial of water"), x: 0, z: 0, level: 0, index: None, source_item_id: Some(257), source_item_slot: Some(27), target_item_id: Some(227), target_item_slot: Some(13) }
[script live0mdmbh_0] interact UseOn { name: "Ranarr weed", kind: "inv", target_name: Some("Vial of water"), x: 0, z: 0, level: 0, index: None, source_item_id: Some(257), source_item_slot: Some(27), target_item_id: Some(227), target_item_slot: Some(13) }
[script live0mdmbh_0] interact UseOn { name: "Ranarr weed", kind: "inv", target_name: Some("Vial of water"), x: 0, z: 0, level: 0, index: None, source_item_id: Some(257), source_item_slot: Some(27), target_item_id: Some(227), target_item_slot: Some(13) }
[script live0mdmbh_0] interact UseOn { name: "Ranarr weed", kind: "inv", target_name: Some("Vial of water"), x: 0, z: 0, level: 0, index: None, source_item_id: Some(257), source_item_slot: Some(27), target_item_id: Some(227), target_item_slot: Some(13) }
[script live0mdmbh_0] interact UseOn { name: "Ranarr weed", kind: "inv", target_name: Some("Vial of water"), x: 0, z: 0, level: 0, index: None, source_item_id: Some(257), source_item_slot: Some(27), target_item_id: Some(227), target_item_slot: Some(13) }
[host] slot live0mdmbh_0: d_loop_us=1255 d_raster_us=0 d_observe_us=93331 max_observe_us=20611 d_paints=0 d_skips=50 d_ticks=2 window_ms=1377
[host] hitch live0mdmbh_0: observe_us=17145 paints=0 skips=309 ticks=46
[host] hitch live0mdmbh_0: observe_us=20104 paints=0 skips=332 ticks=47
[host] slot live0mdmbh_0: d_loop_us=1414 d_raster_us=0 d_observe_us=87578 max_observe_us=20104 d_paints=0 d_skips=50 d_ticks=2 window_ms=1318
[host] hitch live0mdmbh_0: observe_us=18614 paints=0 skips=377 ticks=49
[host] hitch live0mdmbh_0: observe_us=16542 paints=0 skips=399 ticks=50
[host] slot live0mdmbh_0: d_loop_us=1302 d_raster_us=0 d_observe_us=103745 max_observe_us=18614 d_paints=0 d_skips=50 d_ticks=3 window_ms=1336
[script live0mdmbh_0] interact OpenBooth { x: 3186, z: 3440, level: 0, id: 2213, name: None, action: None }
[host] slot live0mdmbh_0: d_loop_us=1073 d_raster_us=0 d_observe_us=74159 max_observe_us=15034 d_paints=0 d_skips=50 d_ticks=2 window_ms=1336
[host] slot live0mdmbh_0: d_loop_us=996 d_raster_us=0 d_observe_us=88679 max_observe_us=11039 d_paints=0 d_skips=50 d_ticks=2 window_ms=1333
[host] hitch live0mdmbh_0: observe_us=17680 paints=0 skips=512 ticks=55
[script live0mdmbh_0] interact Close
[shim-close] sent
[host] hitch live0mdmbh_0: observe_us=21958 paints=0 skips=535 ticks=56
[script live0mdmbh_0] interact UseOn { name: "Snape grass", kind: "inv", target_name: Some("Unfinished potion"), x: 0, z: 0, level: 0, index: None, source_item_id: Some(231), source_item_slot: Some(27), target_item_id: Some(99), target_item_slot: Some(13) }
[script live0mdmbh_0] interact UseOn { name: "Snape grass", kind: "inv", target_name: Some("Unfinished potion"), x: 0, z: 0, level: 0, index: None, source_item_id: Some(231), source_item_slot: Some(27), target_item_id: Some(99), target_item_slot: Some(13) }
[script live0mdmbh_0] interact UseOn { name: "Snape grass", kind: "inv", target_name: Some("Unfinished potion"), x: 0, z: 0, level: 0, index: None, source_item_id: Some(231), source_item_slot: Some(27), target_item_id: Some(99), target_item_slot: Some(13) }
[script live0mdmbh_0] interact UseOn { name: "Snape grass", kind: "inv", target_name: Some("Unfinished potion"), x: 0, z: 0, level: 0, index: None, source_item_id: Some(231), source_item_slot: Some(27), target_item_id: Some(99), target_item_slot: Some(13) }
[script live0mdmbh_0] interact UseOn { name: "Snape grass", kind: "inv", target_name: Some("Unfinished potion"), x: 0, z: 0, level: 0, index: None, source_item_id: Some(231), source_item_slot: Some(27), target_item_id: Some(99), target_item_slot: Some(13) }
[script live0mdmbh_0] interact UseOn { name: "Snape grass", kind: "inv", target_name: Some("Unfinished potion"), x: 0, z: 0, level: 0, index: None, source_item_id: Some(231), source_item_slot: Some(27), target_item_id: Some(99), target_item_slot: Some(13) }
[script live0mdmbh_0] interact UseOn { name: "Snape grass", kind: "inv", target_name: Some("Unfinished potion"), x: 0, z: 0, level: 0, index: None, source_item_id: Some(231), source_item_slot: Some(27), target_item_id: Some(99), target_item_slot: Some(13) }
[script live0mdmbh_0] interact UseOn { name: "Snape grass", kind: "inv", target_name: Some("Unfinished potion"), x: 0, z: 0, level: 0, index: None, source_item_id: Some(231), source_item_slot: Some(27), target_item_id: Some(99), target_item_slot: Some(13) }
[script live0mdmbh_0] interact UseOn { name: "Snape grass", kind: "inv", target_name: Some("Unfinished potion"), x: 0, z: 0, level: 0, index: None, source_item_id: Some(231), source_item_slot: Some(27), target_item_id: Some(99), target_item_slot: Some(13) }
[script live0mdmbh_0] interact UseOn { name: "Snape grass", kind: "inv", target_name: Some("Unfinished potion"), x: 0, z: 0, level: 0, index: None, source_item_id: Some(231), source_item_slot: Some(27), target_item_id: Some(99), target_item_slot: Some(13) }
[script live0mdmbh_0] interact UseOn { name: "Snape grass", kind: "inv", target_name: Some("Unfinished potion"), x: 0, z: 0, level: 0, index: None, source_item_id: Some(231), source_item_slot: Some(27), target_item_id: Some(99), target_item_slot: Some(13) }
[script live0mdmbh_0] interact UseOn { name: "Snape grass", kind: "inv", target_name: Some("Unfinished potion"), x: 0, z: 0, level: 0, index: None, source_item_id: Some(231), source_item_slot: Some(27), target_item_id: Some(99), target_item_slot: Some(13) }
[script live0mdmbh_0] interact UseOn { name: "Snape grass", kind: "inv", target_name: Some("Unfinished potion"), x: 0, z: 0, level: 0, index: None, source_item_id: Some(231), source_item_slot: Some(27), target_item_id: Some(99), target_item_slot: Some(13) }
[script live0mdmbh_0] interact UseOn { name: "Snape grass", kind: "inv", target_name: Some("Unfinished potion"), x: 0, z: 0, level: 0, index: None, source_item_id: Some(231), source_item_slot: Some(27), target_item_id: Some(99), target_item_slot: Some(13) }
[script live0mdmbh_0] interact UseOn { name: "Snape grass", kind: "inv", target_name: Some("Unfinished potion"), x: 0, z: 0, level: 0, index: None, source_item_id: Some(231), source_item_slot: Some(27), target_item_id: Some(99), target_item_slot: Some(13) }
[script live0mdmbh_0] interact UseOn { name: "Snape grass", kind: "inv", target_name: Some("Unfinished potion"), x: 0, z: 0, level: 0, index: None, source_item_id: Some(231), source_item_slot: Some(27), target_item_id: Some(99), target_item_slot: Some(13) }
[script live0mdmbh_0] interact UseOn { name: "Snape grass", kind: "inv", target_name: Some("Unfinished potion"), x: 0, z: 0, level: 0, index: None, source_item_id: Some(231), source_item_slot: Some(27), target_item_id: Some(99), target_item_slot: Some(13) }
[script live0mdmbh_0] interact UseOn { name: "Snape grass", kind: "inv", target_name: Some("Unfinished potion"), x: 0, z: 0, level: 0, index: None, source_item_id: Some(231), source_item_slot: Some(27), target_item_id: Some(99), target_item_slot: Some(13) }
[script live0mdmbh_0] interact UseOn { name: "Snape grass", kind: "inv", target_name: Some("Unfinished potion"), x: 0, z: 0, level: 0, index: None, source_item_id: Some(231), source_item_slot: Some(27), target_item_id: Some(99), target_item_slot: Some(13) }
[script live0mdmbh_0] interact UseOn { name: "Snape grass", kind: "inv", target_name: Some("Unfinished potion"), x: 0, z: 0, level: 0, index: None, source_item_id: Some(231), source_item_slot: Some(27), target_item_id: Some(99), target_item_slot: Some(13) }
[script live0mdmbh_0] interact UseOn { name: "Snape grass", kind: "inv", target_name: Some("Unfinished potion"), x: 0, z: 0, level: 0, index: None, source_item_id: Some(231), source_item_slot: Some(27), target_item_id: Some(99), target_item_slot: Some(13) }
[script live0mdmbh_0] interact UseOn { name: "Snape grass", kind: "inv", target_name: Some("Unfinished potion"), x: 0, z: 0, level: 0, index: None, source_item_id: Some(231), source_item_slot: Some(27), target_item_id: Some(99), target_item_slot: Some(13) }
[script live0mdmbh_0] interact UseOn { name: "Snape grass", kind: "inv", target_name: Some("Unfinished potion"), x: 0, z: 0, level: 0, index: None, source_item_id: Some(231), source_item_slot: Some(27), target_item_id: Some(99), target_item_slot: Some(13) }
[script live0mdmbh_0] interact UseOn { name: "Snape grass", kind: "inv", target_name: Some("Unfinished potion"), x: 0, z: 0, level: 0, index: None, source_item_id: Some(231), source_item_slot: Some(27), target_item_id: Some(99), target_item_slot: Some(13) }
[script live0mdmbh_0] interact UseOn { name: "Snape grass", kind: "inv", target_name: Some("Unfinished potion"), x: 0, z: 0, level: 0, index: None, source_item_id: Some(231), source_item_slot: Some(27), target_item_id: Some(99), target_item_slot: Some(13) }
[script live0mdmbh_0] interact UseOn { name: "Snape grass", kind: "inv", target_name: Some("Unfinished potion"), x: 0, z: 0, level: 0, index: None, source_item_id: Some(231), source_item_slot: Some(27), target_item_id: Some(99), target_item_slot: Some(13) }
[script live0mdmbh_0] interact UseOn { name: "Snape grass", kind: "inv", target_name: Some("Unfinished potion"), x: 0, z: 0, level: 0, index: None, source_item_id: Some(231), source_item_slot: Some(27), target_item_id: Some(99), target_item_slot: Some(13) }
[script live0mdmbh_0] interact UseOn { name: "Snape grass", kind: "inv", target_name: Some("Unfinished potion"), x: 0, z: 0, level: 0, index: None, source_item_id: Some(231), source_item_slot: Some(27), target_item_id: Some(99), target_item_slot: Some(13) }
[script live0mdmbh_0] interact UseOn { name: "Snape grass", kind: "inv", target_name: Some("Unfinished potion"), x: 0, z: 0, level: 0, index: None, source_item_id: Some(231), source_item_slot: Some(27), target_item_id: Some(99), target_item_slot: Some(13) }
[script live0mdmbh_0] interact UseOn { name: "Snape grass", kind: "inv", target_name: Some("Unfinished potion"), x: 0, z: 0, level: 0, index: None, source_item_id: Some(231), source_item_slot: Some(27), target_item_id: Some(99), target_item_slot: Some(13) }
[script live0mdmbh_0] interact UseOn { name: "Snape grass", kind: "inv", target_name: Some("Unfinished potion"), x: 0, z: 0, level: 0, index: None, source_item_id: Some(231), source_item_slot: Some(27), target_item_id: Some(99), target_item_slot: Some(13) }
[script live0mdmbh_0] interact UseOn { name: "Snape grass", kind: "inv", target_name: Some("Unfinished potion"), x: 0, z: 0, level: 0, index: None, source_item_id: Some(231), source_item_slot: Some(27), target_item_id: Some(99), target_item_slot: Some(13) }
[script live0mdmbh_0] interact UseOn { name: "Snape grass", kind: "inv", target_name: Some("Unfinished potion"), x: 0, z: 0, level: 0, index: None, source_item_id: Some(231), source_item_slot: Some(27), target_item_id: Some(99), target_item_slot: Some(13) }
[script live0mdmbh_0] interact UseOn { name: "Snape grass", kind: "inv", target_name: Some("Unfinished potion"), x: 0, z: 0, level: 0, index: None, source_item_id: Some(231), source_item_slot: Some(27), target_item_id: Some(99), target_item_slot: Some(13) }
[script live0mdmbh_0] interact UseOn { name: "Snape grass", kind: "inv", target_name: Some("Unfinished potion"), x: 0, z: 0, level: 0, index: None, source_item_id: Some(231), source_item_slot: Some(27), target_item_id: Some(99), target_item_slot: Some(13) }
[script live0mdmbh_0] interact UseOn { name: "Snape grass", kind: "inv", target_name: Some("Unfinished potion"), x: 0, z: 0, level: 0, index: None, source_item_id: Some(231), source_item_slot: Some(27), target_item_id: Some(99), target_item_slot: Some(13) }
[script live0mdmbh_0] interact UseOn { name: "Snape grass", kind: "inv", target_name: Some("Unfinished potion"), x: 0, z: 0, level: 0, index: None, source_item_id: Some(231), source_item_slot: Some(27), target_item_id: Some(99), target_item_slot: Some(13) }
[script live0mdmbh_0] interact UseOn { name: "Snape grass", kind: "inv", target_name: Some("Unfinished potion"), x: 0, z: 0, level: 0, index: None, source_item_id: Some(231), source_item_slot: Some(27), target_item_id: Some(99), target_item_slot: Some(13) }
[script live0mdmbh_0] interact UseOn { name: "Snape grass", kind: "inv", target_name: Some("Unfinished potion"), x: 0, z: 0, level: 0, index: None, source_item_id: Some(231), source_item_slot: Some(27), target_item_id: Some(99), target_item_slot: Some(13) }
[script live0mdmbh_0] interact UseOn { name: "Snape grass", kind: "inv", target_name: Some("Unfinished potion"), x: 0, z: 0, level: 0, index: None, source_item_id: Some(231), source_item_slot: Some(27), target_item_id: Some(99), target_item_slot: Some(13) }
[script live0mdmbh_0] interact UseOn { name: "Snape grass", kind: "inv", target_name: Some("Unfinished potion"), x: 0, z: 0, level: 0, index: None, source_item_id: Some(231), source_item_slot: Some(27), target_item_id: Some(99), target_item_slot: Some(13) }
[script live0mdmbh_0] interact UseOn { name: "Snape grass", kind: "inv", target_name: Some("Unfinished potion"), x: 0, z: 0, level: 0, index: None, source_item_id: Some(231), source_item_slot: Some(27), target_item_id: Some(99), target_item_slot: Some(13) }
[script live0mdmbh_0] interact UseOn { name: "Snape grass", kind: "inv", target_name: Some("Unfinished potion"), x: 0, z: 0, level: 0, index: None, source_item_id: Some(231), source_item_slot: Some(27), target_item_id: Some(99), target_item_slot: Some(13) }
[script live0mdmbh_0] interact UseOn { name: "Snape grass", kind: "inv", target_name: Some("Unfinished potion"), x: 0, z: 0, level: 0, index: None, source_item_id: Some(231), source_item_slot: Some(27), target_item_id: Some(99), target_item_slot: Some(13) }
[script live0mdmbh_0] interact UseOn { name: "Snape grass", kind: "inv", target_name: Some("Unfinished potion"), x: 0, z: 0, level: 0, index: None, source_item_id: Some(231), source_item_slot: Some(27), target_item_id: Some(99), target_item_slot: Some(13) }
[script live0mdmbh_0] interact UseOn { name: "Snape grass", kind: "inv", target_name: Some("Unfinished potion"), x: 0, z: 0, level: 0, index: None, source_item_id: Some(231), source_item_slot: Some(27), target_item_id: Some(99), target_item_slot: Some(13) }
[script live0mdmbh_0] interact UseOn { name: "Snape grass", kind: "inv", target_name: Some("Unfinished potion"), x: 0, z: 0, level: 0, index: None, source_item_id: Some(231), source_item_slot: Some(27), target_item_id: Some(99), target_item_slot: Some(13) }
[script live0mdmbh_0] interact UseOn { name: "Snape grass", kind: "inv", target_name: Some("Unfinished potion"), x: 0, z: 0, level: 0, index: None, source_item_id: Some(231), source_item_slot: Some(27), target_item_id: Some(99), target_item_slot: Some(13) }
[script live0mdmbh_0] interact UseOn { name: "Snape grass", kind: "inv", target_name: Some("Unfinished potion"), x: 0, z: 0, level: 0, index: None, source_item_id: Some(231), source_item_slot: Some(27), target_item_id: Some(99), target_item_slot: Some(13) }
[script live0mdmbh_0] interact UseOn { name: "Snape grass", kind: "inv", target_name: Some("Unfinished potion"), x: 0, z: 0, level: 0, index: None, source_item_id: Some(231), source_item_slot: Some(27), target_item_id: Some(99), target_item_slot: Some(13) }
[script live0mdmbh_0] interact UseOn { name: "Snape grass", kind: "inv", target_name: Some("Unfinished potion"), x: 0, z: 0, level: 0, index: None, source_item_id: Some(231), source_item_slot: Some(27), target_item_id: Some(99), target_item_slot: Some(13) }
[script live0mdmbh_0] interact UseOn { name: "Snape grass", kind: "inv", target_name: Some("Unfinished potion"), x: 0, z: 0, level: 0, index: None, source_item_id: Some(231), source_item_slot: Some(27), target_item_id: Some(99), target_item_slot: Some(13) }
[script live0mdmbh_0] interact UseOn { name: "Snape grass", kind: "inv", target_name: Some("Unfinished potion"), x: 0, z: 0, level: 0, index: None, source_item_id: Some(231), source_item_slot: Some(27), target_item_id: Some(99), target_item_slot: Some(13) }
[script live0mdmbh_0] interact UseOn { name: "Snape grass", kind: "inv", target_name: Some("Unfinished potion"), x: 0, z: 0, level: 0, index: None, source_item_id: Some(231), source_item_slot: Some(27), target_item_id: Some(99), target_item_slot: Some(13) }
[script live0mdmbh_0] interact UseOn { name: "Snape grass", kind: "inv", target_name: Some("Unfinished potion"), x: 0, z: 0, level: 0, index: None, source_item_id: Some(231), source_item_slot: Some(27), target_item_id: Some(99), target_item_slot: Some(13) }
[script live0mdmbh_0] interact UseOn { name: "Snape grass", kind: "inv", target_name: Some("Unfinished potion"), x: 0, z: 0, level: 0, index: None, source_item_id: Some(231), source_item_slot: Some(27), target_item_id: Some(99), target_item_slot: Some(13) }
[host] slot live0mdmbh_0: d_loop_us=1045 d_raster_us=0 d_observe_us=94871 max_observe_us=21958 d_paints=0 d_skips=50 d_ticks=2 window_ms=1313
[host] hitch live0mdmbh_0: observe_us=20008 paints=0 skips=558 ticks=57
[script live0mdmbh_0] interact OpenBooth { x: 3186, z: 3440, level: 0, id: 2213, name: None, action: None }
[host] hitch live0mdmbh_0: observe_us=20681 paints=0 skips=580 ticks=58
[host] slot live0mdmbh_0: d_loop_us=1242 d_raster_us=0 d_observe_us=101290 max_observe_us=20681 d_paints=0 d_skips=50 d_ticks=2 window_ms=1308
[host] hitch live0mdmbh_0: observe_us=19041 paints=0 skips=603 ticks=59
[host] hitch live0mdmbh_0: observe_us=16841 paints=0 skips=627 ticks=60
[host] hitch live0mdmbh_0: observe_us=20795 paints=0 skips=649 ticks=61
[host] slot live0mdmbh_0: d_loop_us=1240 d_raster_us=0 d_observe_us=120216 max_observe_us=20795 d_paints=0 d_skips=50 d_ticks=3 window_ms=1323
[host] hitch live0mdmbh_0: observe_us=16074 paints=0 skips=672 ticks=62
[host] hitch live0mdmbh_0: observe_us=20479 paints=0 skips=694 ticks=63
[host] slot live0mdmbh_0: d_loop_us=1086 d_raster_us=0 d_observe_us=105245 max_observe_us=20479 d_paints=0 d_skips=50 d_ticks=2 window_ms=1305
[host] hitch live0mdmbh_0: observe_us=16129 paints=0 skips=717 ticks=64
[host] hitch live0mdmbh_0: observe_us=18261 paints=0 skips=741 ticks=65
[host] slot live0mdmbh_0: d_loop_us=1085 d_raster_us=0 d_observe_us=100799 max_observe_us=18261 d_paints=0 d_skips=50 d_ticks=2 window_ms=1292
[host] hitch live0mdmbh_0: observe_us=17299 paints=0 skips=764 ticks=66
[host] slot live0mdmbh_0: d_loop_us=1116 d_raster_us=0 d_observe_us=98703 max_observe_us=17299 d_paints=0 d_skips=50 d_ticks=2 window_ms=1286
[host] hitch live0mdmbh_0: observe_us=19343 paints=0 skips=811 ticks=68
[host] slot live0mdmbh_0: d_loop_us=1105 d_raster_us=0 d_observe_us=107601 max_observe_us=19343 d_paints=0 d_skips=50 d_ticks=2 window_ms=1332
[host] hitch live0mdmbh_0: observe_us=21061 paints=0 skips=856 ticks=70
[script live0mdmbh_0] interact Close
[shim-close] sent
[host] hitch live0mdmbh_0: observe_us=20749 paints=0 skips=878 ticks=71
[script live0mdmbh_0] withdrew 14 vials of water + 14 Ranarr weed
[host] slot live0mdmbh_0: d_loop_us=1026 d_raster_us=0 d_observe_us=105826 max_observe_us=21061 d_paints=0 d_skips=50 d_ticks=2 window_ms=1337
[host] hitch live0mdmbh_0: observe_us=17088 paints=0 skips=901 ticks=72
[script live0mdmbh_0] interact UseOn { name: "Ranarr weed", kind: "inv", target_name: Some("Vial of water"), x: 0, z: 0, level: 0, index: None, source_item_id: Some(257), source_item_slot: Some(27), target_item_id: Some(227), target_item_slot: Some(13) }
[script live0mdmbh_0] interact UseOn { name: "Ranarr weed", kind: "inv", target_name: Some("Vial of water"), x: 0, z: 0, level: 0, index: None, source_item_id: Some(257), source_item_slot: Some(27), target_item_id: Some(227), target_item_slot: Some(13) }
[script live0mdmbh_0] interact UseOn { name: "Ranarr weed", kind: "inv", target_name: Some("Vial of water"), x: 0, z: 0, level: 0, index: None, source_item_id: Some(257), source_item_slot: Some(27), target_item_id: Some(227), target_item_slot: Some(13) }
[script live0mdmbh_0] interact UseOn { name: "Ranarr weed", kind: "inv", target_name: Some("Vial of water"), x: 0, z: 0, level: 0, index: None, source_item_id: Some(257), source_item_slot: Some(27), target_item_id: Some(227), target_item_slot: Some(13) }
[script live0mdmbh_0] interact UseOn { name: "Ranarr weed", kind: "inv", target_name: Some("Vial of water"), x: 0, z: 0, level: 0, index: None, source_item_id: Some(257), source_item_slot: Some(27), target_item_id: Some(227), target_item_slot: Some(13) }
[script live0mdmbh_0] interact UseOn { name: "Ranarr weed", kind: "inv", target_name: Some("Vial of water"), x: 0, z: 0, level: 0, index: None, source_item_id: Some(257), source_item_slot: Some(27), target_item_id: Some(227), target_item_slot: Some(13) }
[script live0mdmbh_0] interact UseOn { name: "Ranarr weed", kind: "inv", target_name: Some("Vial of water"), x: 0, z: 0, level: 0, index: None, source_item_id: Some(257), source_item_slot: Some(27), target_item_id: Some(227), target_item_slot: Some(13) }
[script live0mdmbh_0] interact UseOn { name: "Ranarr weed", kind: "inv", target_name: Some("Vial of water"), x: 0, z: 0, level: 0, index: None, source_item_id: Some(257), source_item_slot: Some(27), target_item_id: Some(227), target_item_slot: Some(13) }
[script live0mdmbh_0] interact UseOn { name: "Ranarr weed", kind: "inv", target_name: Some("Vial of water"), x: 0, z: 0, level: 0, index: None, source_item_id: Some(257), source_item_slot: Some(27), target_item_id: Some(227), target_item_slot: Some(13) }
[script live0mdmbh_0] interact UseOn { name: "Ranarr weed", kind: "inv", target_name: Some("Vial of water"), x: 0, z: 0, level: 0, index: None, source_item_id: Some(257), source_item_slot: Some(27), target_item_id: Some(227), target_item_slot: Some(13) }
[script live0mdmbh_0] interact UseOn { name: "Ranarr weed", kind: "inv", target_name: Some("Vial of water"), x: 0, z: 0, level: 0, index: None, source_item_id: Some(257), source_item_slot: Some(27), target_item_id: Some(227), target_item_slot: Some(13) }
[script live0mdmbh_0] interact UseOn { name: "Ranarr weed", kind: "inv", target_name: Some("Vial of water"), x: 0, z: 0, level: 0, index: None, source_item_id: Some(257), source_item_slot: Some(27), target_item_id: Some(227), target_item_slot: Some(13) }
[script live0mdmbh_0] interact UseOn { name: "Ranarr weed", kind: "inv", target_name: Some("Vial of water"), x: 0, z: 0, level: 0, index: None, source_item_id: Some(257), source_item_slot: Some(27), target_item_id: Some(227), target_item_slot: Some(13) }
[script live0mdmbh_0] interact UseOn { name: "Ranarr weed", kind: "inv", target_name: Some("Vial of water"), x: 0, z: 0, level: 0, index: None, source_item_id: Some(257), source_item_slot: Some(27), target_item_id: Some(227), target_item_slot: Some(13) }
[script live0mdmbh_0] interact UseOn { name: "Ranarr weed", kind: "inv", target_name: Some("Vial of water"), x: 0, z: 0, level: 0, index: None, source_item_id: Some(257), source_item_slot: Some(27), target_item_id: Some(227), target_item_slot: Some(13) }
[script live0mdmbh_0] interact UseOn { name: "Ranarr weed", kind: "inv", target_name: Some("Vial of water"), x: 0, z: 0, level: 0, index: None, source_item_id: Some(257), source_item_slot: Some(27), target_item_id: Some(227), target_item_slot: Some(13) }
[script live0mdmbh_0] interact UseOn { name: "Ranarr weed", kind: "inv", target_name: Some("Vial of water"), x: 0, z: 0, level: 0, index: None, source_item_id: Some(257), source_item_slot: Some(27), target_item_id: Some(227), target_item_slot: Some(13) }
[script live0mdmbh_0] interact UseOn { name: "Ranarr weed", kind: "inv", target_name: Some("Vial of water"), x: 0, z: 0, level: 0, index: None, source_item_id: Some(257), source_item_slot: Some(27), target_item_id: Some(227), target_item_slot: Some(13) }
[script live0mdmbh_0] interact UseOn { name: "Ranarr weed", kind: "inv", target_name: Some("Vial of water"), x: 0, z: 0, level: 0, index: None, source_item_id: Some(257), source_item_slot: Some(27), target_item_id: Some(227), target_item_slot: Some(13) }
[script live0mdmbh_0] interact UseOn { name: "Ranarr weed", kind: "inv", target_name: Some("Vial of water"), x: 0, z: 0, level: 0, index: None, source_item_id: Some(257), source_item_slot: Some(27), target_item_id: Some(227), target_item_slot: Some(13) }
[script live0mdmbh_0] interact UseOn { name: "Ranarr weed", kind: "inv", target_name: Some("Vial of water"), x: 0, z: 0, level: 0, index: None, source_item_id: Some(257), source_item_slot: Some(27), target_item_id: Some(227), target_item_slot: Some(13) }
[script live0mdmbh_0] interact UseOn { name: "Ranarr weed", kind: "inv", target_name: Some("Vial of water"), x: 0, z: 0, level: 0, index: None, source_item_id: Some(257), source_item_slot: Some(27), target_item_id: Some(227), target_item_slot: Some(13) }
[script live0mdmbh_0] interact UseOn { name: "Ranarr weed", kind: "inv", target_name: Some("Vial of water"), x: 0, z: 0, level: 0, index: None, source_item_id: Some(257), source_item_slot: Some(27), target_item_id: Some(227), target_item_slot: Some(13) }
[script live0mdmbh_0] interact UseOn { name: "Ranarr weed", kind: "inv", target_name: Some("Vial of water"), x: 0, z: 0, level: 0, index: None, source_item_id: Some(257), source_item_slot: Some(27), target_item_id: Some(227), target_item_slot: Some(13) }
[script live0mdmbh_0] interact UseOn { name: "Ranarr weed", kind: "inv", target_name: Some("Vial of water"), x: 0, z: 0, level: 0, index: None, source_item_id: Some(257), source_item_slot: Some(27), target_item_id: Some(227), target_item_slot: Some(13) }
[script live0mdmbh_0] interact UseOn { name: "Ranarr weed", kind: "inv", target_name: Some("Vial of water"), x: 0, z: 0, level: 0, index: None, source_item_id: Some(257), source_item_slot: Some(27), target_item_id: Some(227), target_item_slot: Some(13) }
[script live0mdmbh_0] interact UseOn { name: "Ranarr weed", kind: "inv", target_name: Some("Vial of water"), x: 0, z: 0, level: 0, index: None, source_item_id: Some(257), source_item_slot: Some(27), target_item_id: Some(227), target_item_slot: Some(13) }
[script live0mdmbh_0] interact UseOn { name: "Ranarr weed", kind: "inv", target_name: Some("Vial of water"), x: 0, z: 0, level: 0, index: None, source_item_id: Some(257), source_item_slot: Some(27), target_item_id: Some(227), target_item_slot: Some(13) }
[script live0mdmbh_0] interact UseOn { name: "Ranarr weed", kind: "inv", target_name: Some("Vial of water"), x: 0, z: 0, level: 0, index: None, source_item_id: Some(257), source_item_slot: Some(27), target_item_id: Some(227), target_item_slot: Some(13) }
[script live0mdmbh_0] interact UseOn { name: "Ranarr weed", kind: "inv", target_name: Some("Vial of water"), x: 0, z: 0, level: 0, index: None, source_item_id: Some(257), source_item_slot: Some(27), target_item_id: Some(227), target_item_slot: Some(13) }
[script live0mdmbh_0] interact UseOn { name: "Ranarr weed", kind: "inv", target_name: Some("Vial of water"), x: 0, z: 0, level: 0, index: None, source_item_id: Some(257), source_item_slot: Some(27), target_item_id: Some(227), target_item_slot: Some(13) }
[script live0mdmbh_0] interact UseOn { name: "Ranarr weed", kind: "inv", target_name: Some("Vial of water"), x: 0, z: 0, level: 0, index: None, source_item_id: Some(257), source_item_slot: Some(27), target_item_id: Some(227), target_item_slot: Some(13) }
[script live0mdmbh_0] interact UseOn { name: "Ranarr weed", kind: "inv", target_name: Some("Vial of water"), x: 0, z: 0, level: 0, index: None, source_item_id: Some(257), source_item_slot: Some(27), target_item_id: Some(227), target_item_slot: Some(13) }
[script live0mdmbh_0] interact UseOn { name: "Ranarr weed", kind: "inv", target_name: Some("Vial of water"), x: 0, z: 0, level: 0, index: None, source_item_id: Some(257), source_item_slot: Some(27), target_item_id: Some(227), target_item_slot: Some(13) }
[script live0mdmbh_0] interact UseOn { name: "Ranarr weed", kind: "inv", target_name: Some("Vial of water"), x: 0, z: 0, level: 0, index: None, source_item_id: Some(257), source_item_slot: Some(27), target_item_id: Some(227), target_item_slot: Some(13) }
[script live0mdmbh_0] interact UseOn { name: "Ranarr weed", kind: "inv", target_name: Some("Vial of water"), x: 0, z: 0, level: 0, index: None, source_item_id: Some(257), source_item_slot: Some(27), target_item_id: Some(227), target_item_slot: Some(13) }
[script live0mdmbh_0] interact UseOn { name: "Ranarr weed", kind: "inv", target_name: Some("Vial of water"), x: 0, z: 0, level: 0, index: None, source_item_id: Some(257), source_item_slot: Some(27), target_item_id: Some(227), target_item_slot: Some(13) }
[script live0mdmbh_0] interact UseOn { name: "Ranarr weed", kind: "inv", target_name: Some("Vial of water"), x: 0, z: 0, level: 0, index: None, source_item_id: Some(257), source_item_slot: Some(27), target_item_id: Some(227), target_item_slot: Some(13) }
[script live0mdmbh_0] interact UseOn { name: "Ranarr weed", kind: "inv", target_name: Some("Vial of water"), x: 0, z: 0, level: 0, index: None, source_item_id: Some(257), source_item_slot: Some(27), target_item_id: Some(227), target_item_slot: Some(13) }
[script live0mdmbh_0] interact UseOn { name: "Ranarr weed", kind: "inv", target_name: Some("Vial of water"), x: 0, z: 0, level: 0, index: None, source_item_id: Some(257), source_item_slot: Some(27), target_item_id: Some(227), target_item_slot: Some(13) }
[script live0mdmbh_0] interact UseOn { name: "Ranarr weed", kind: "inv", target_name: Some("Vial of water"), x: 0, z: 0, level: 0, index: None, source_item_id: Some(257), source_item_slot: Some(27), target_item_id: Some(227), target_item_slot: Some(13) }
[script live0mdmbh_0] interact UseOn { name: "Ranarr weed", kind: "inv", target_name: Some("Vial of water"), x: 0, z: 0, level: 0, index: None, source_item_id: Some(257), source_item_slot: Some(27), target_item_id: Some(227), target_item_slot: Some(13) }
[script live0mdmbh_0] interact UseOn { name: "Ranarr weed", kind: "inv", target_name: Some("Vial of water"), x: 0, z: 0, level: 0, index: None, source_item_id: Some(257), source_item_slot: Some(27), target_item_id: Some(227), target_item_slot: Some(13) }
[script live0mdmbh_0] interact UseOn { name: "Ranarr weed", kind: "inv", target_name: Some("Vial of water"), x: 0, z: 0, level: 0, index: None, source_item_id: Some(257), source_item_slot: Some(27), target_item_id: Some(227), target_item_slot: Some(13) }
[script live0mdmbh_0] interact UseOn { name: "Ranarr weed", kind: "inv", target_name: Some("Vial of water"), x: 0, z: 0, level: 0, index: None, source_item_id: Some(257), source_item_slot: Some(27), target_item_id: Some(227), target_item_slot: Some(13) }
[script live0mdmbh_0] interact UseOn { name: "Ranarr weed", kind: "inv", target_name: Some("Vial of water"), x: 0, z: 0, level: 0, index: None, source_item_id: Some(257), source_item_slot: Some(27), target_item_id: Some(227), target_item_slot: Some(13) }
[script live0mdmbh_0] interact UseOn { name: "Ranarr weed", kind: "inv", target_name: Some("Vial of water"), x: 0, z: 0, level: 0, index: None, source_item_id: Some(257), source_item_slot: Some(27), target_item_id: Some(227), target_item_slot: Some(13) }
[script live0mdmbh_0] interact UseOn { name: "Ranarr weed", kind: "inv", target_name: Some("Vial of water"), x: 0, z: 0, level: 0, index: None, source_item_id: Some(257), source_item_slot: Some(27), target_item_id: Some(227), target_item_slot: Some(13) }
[script live0mdmbh_0] interact UseOn { name: "Ranarr weed", kind: "inv", target_name: Some("Vial of water"), x: 0, z: 0, level: 0, index: None, source_item_id: Some(257), source_item_slot: Some(27), target_item_id: Some(227), target_item_slot: Some(13) }
[script live0mdmbh_0] interact UseOn { name: "Ranarr weed", kind: "inv", target_name: Some("Vial of water"), x: 0, z: 0, level: 0, index: None, source_item_id: Some(257), source_item_slot: Some(27), target_item_id: Some(227), target_item_slot: Some(13) }
[script live0mdmbh_0] interact UseOn { name: "Ranarr weed", kind: "inv", target_name: Some("Vial of water"), x: 0, z: 0, level: 0, index: None, source_item_id: Some(257), source_item_slot: Some(27), target_item_id: Some(227), target_item_slot: Some(13) }
[script live0mdmbh_0] interact UseOn { name: "Ranarr weed", kind: "inv", target_name: Some("Vial of water"), x: 0, z: 0, level: 0, index: None, source_item_id: Some(257), source_item_slot: Some(27), target_item_id: Some(227), target_item_slot: Some(13) }
[script live0mdmbh_0] interact UseOn { name: "Ranarr weed", kind: "inv", target_name: Some("Vial of water"), x: 0, z: 0, level: 0, index: None, source_item_id: Some(257), source_item_slot: Some(27), target_item_id: Some(227), target_item_slot: Some(13) }
[script live0mdmbh_0] interact UseOn { name: "Ranarr weed", kind: "inv", target_name: Some("Vial of water"), x: 0, z: 0, level: 0, index: None, source_item_id: Some(257), source_item_slot: Some(27), target_item_id: Some(227), target_item_slot: Some(13) }
[script live0mdmbh_0] interact UseOn { name: "Ranarr weed", kind: "inv", target_name: Some("Vial of water"), x: 0, z: 0, level: 0, index: None, source_item_id: Some(257), source_item_slot: Some(27), target_item_id: Some(227), target_item_slot: Some(13) }
[script live0mdmbh_0] interact UseOn { name: "Ranarr weed", kind: "inv", target_name: Some("Vial of water"), x: 0, z: 0, level: 0, index: None, source_item_id: Some(257), source_item_slot: Some(27), target_item_id: Some(227), target_item_slot: Some(13) }
[host] hitch live0mdmbh_0: observe_us=22012 paints=0 skips=924 ticks=73
[host] slot live0mdmbh_0: d_loop_us=1162 d_raster_us=0 d_observe_us=116975 max_observe_us=22012 d_paints=0 d_skips=50 d_ticks=3 window_ms=1295
[host] hitch live0mdmbh_0: observe_us=19921 paints=0 skips=970 ticks=75
test catalog_boundary_live has been running for over 60 seconds
[host] hitch live0mdmbh_0: observe_us=17040 paints=0 skips=993 ticks=76
[host] slot live0mdmbh_0: d_loop_us=1159 d_raster_us=0 d_observe_us=87902 max_observe_us=19921 d_paints=0 d_skips=50 d_ticks=2 window_ms=1290
[script live0mdmbh_0] interact OpenBooth { x: 3186, z: 3440, level: 0, id: 2213, name: None, action: None }
[host] slot live0mdmbh_0: d_loop_us=915 d_raster_us=0 d_observe_us=65820 max_observe_us=11985 d_paints=0 d_skips=50 d_ticks=2 window_ms=1293
[host] hitch live0mdmbh_0: observe_us=18995 paints=0 skips=1063 ticks=79
[host] hitch live0mdmbh_0: observe_us=16858 paints=0 skips=1086 ticks=80
[host] slot live0mdmbh_0: d_loop_us=996 d_raster_us=0 d_observe_us=96856 max_observe_us=18995 d_paints=0 d_skips=50 d_ticks=2 window_ms=1291
[host] hitch live0mdmbh_0: observe_us=18474 paints=0 skips=1109 ticks=81
[script live0mdmbh_0] interact Close
[shim-close] sent
[host] hitch live0mdmbh_0: observe_us=21587 paints=0 skips=1132 ticks=82
[script live0mdmbh_0] interact UseOn { name: "Snape grass", kind: "inv", target_name: Some("Unfinished potion"), x: 0, z: 0, level: 0, index: None, source_item_id: Some(231), source_item_slot: Some(27), target_item_id: Some(99), target_item_slot: Some(13) }
[script live0mdmbh_0] interact UseOn { name: "Snape grass", kind: "inv", target_name: Some("Unfinished potion"), x: 0, z: 0, level: 0, index: None, source_item_id: Some(231), source_item_slot: Some(27), target_item_id: Some(99), target_item_slot: Some(13) }
[script live0mdmbh_0] interact UseOn { name: "Snape grass", kind: "inv", target_name: Some("Unfinished potion"), x: 0, z: 0, level: 0, index: None, source_item_id: Some(231), source_item_slot: Some(27), target_item_id: Some(99), target_item_slot: Some(13) }
[script live0mdmbh_0] interact UseOn { name: "Snape grass", kind: "inv", target_name: Some("Unfinished potion"), x: 0, z: 0, level: 0, index: None, source_item_id: Some(231), source_item_slot: Some(27), target_item_id: Some(99), target_item_slot: Some(13) }
[script live0mdmbh_0] interact UseOn { name: "Snape grass", kind: "inv", target_name: Some("Unfinished potion"), x: 0, z: 0, level: 0, index: None, source_item_id: Some(231), source_item_slot: Some(27), target_item_id: Some(99), target_item_slot: Some(13) }
[script live0mdmbh_0] interact UseOn { name: "Snape grass", kind: "inv", target_name: Some("Unfinished potion"), x: 0, z: 0, level: 0, index: None, source_item_id: Some(231), source_item_slot: Some(27), target_item_id: Some(99), target_item_slot: Some(13) }
[script live0mdmbh_0] interact UseOn { name: "Snape grass", kind: "inv", target_name: Some("Unfinished potion"), x: 0, z: 0, level: 0, index: None, source_item_id: Some(231), source_item_slot: Some(27), target_item_id: Some(99), target_item_slot: Some(13) }
[script live0mdmbh_0] interact UseOn { name: "Snape grass", kind: "inv", target_name: Some("Unfinished potion"), x: 0, z: 0, level: 0, index: None, source_item_id: Some(231), source_item_slot: Some(27), target_item_id: Some(99), target_item_slot: Some(13) }
[script live0mdmbh_0] interact UseOn { name: "Snape grass", kind: "inv", target_name: Some("Unfinished potion"), x: 0, z: 0, level: 0, index: None, source_item_id: Some(231), source_item_slot: Some(27), target_item_id: Some(99), target_item_slot: Some(13) }
[script live0mdmbh_0] interact UseOn { name: "Snape grass", kind: "inv", target_name: Some("Unfinished potion"), x: 0, z: 0, level: 0, index: None, source_item_id: Some(231), source_item_slot: Some(27), target_item_id: Some(99), target_item_slot: Some(13) }
[script live0mdmbh_0] interact UseOn { name: "Snape grass", kind: "inv", target_name: Some("Unfinished potion"), x: 0, z: 0, level: 0, index: None, source_item_id: Some(231), source_item_slot: Some(27), target_item_id: Some(99), target_item_slot: Some(13) }
[script live0mdmbh_0] interact UseOn { name: "Snape grass", kind: "inv", target_name: Some("Unfinished potion"), x: 0, z: 0, level: 0, index: None, source_item_id: Some(231), source_item_slot: Some(27), target_item_id: Some(99), target_item_slot: Some(13) }
[script live0mdmbh_0] interact UseOn { name: "Snape grass", kind: "inv", target_name: Some("Unfinished potion"), x: 0, z: 0, level: 0, index: None, source_item_id: Some(231), source_item_slot: Some(27), target_item_id: Some(99), target_item_slot: Some(13) }
[script live0mdmbh_0] interact UseOn { name: "Snape grass", kind: "inv", target_name: Some("Unfinished potion"), x: 0, z: 0, level: 0, index: None, source_item_id: Some(231), source_item_slot: Some(27), target_item_id: Some(99), target_item_slot: Some(13) }
[script live0mdmbh_0] interact UseOn { name: "Snape grass", kind: "inv", target_name: Some("Unfinished potion"), x: 0, z: 0, level: 0, index: None, source_item_id: Some(231), source_item_slot: Some(27), target_item_id: Some(99), target_item_slot: Some(13) }
[script live0mdmbh_0] interact UseOn { name: "Snape grass", kind: "inv", target_name: Some("Unfinished potion"), x: 0, z: 0, level: 0, index: None, source_item_id: Some(231), source_item_slot: Some(27), target_item_id: Some(99), target_item_slot: Some(13) }
[script live0mdmbh_0] interact UseOn { name: "Snape grass", kind: "inv", target_name: Some("Unfinished potion"), x: 0, z: 0, level: 0, index: None, source_item_id: Some(231), source_item_slot: Some(27), target_item_id: Some(99), target_item_slot: Some(13) }
[script live0mdmbh_0] interact UseOn { name: "Snape grass", kind: "inv", target_name: Some("Unfinished potion"), x: 0, z: 0, level: 0, index: None, source_item_id: Some(231), source_item_slot: Some(27), target_item_id: Some(99), target_item_slot: Some(13) }
[script live0mdmbh_0] interact UseOn { name: "Snape grass", kind: "inv", target_name: Some("Unfinished potion"), x: 0, z: 0, level: 0, index: None, source_item_id: Some(231), source_item_slot: Some(27), target_item_id: Some(99), target_item_slot: Some(13) }
[script live0mdmbh_0] interact UseOn { name: "Snape grass", kind: "inv", target_name: Some("Unfinished potion"), x: 0, z: 0, level: 0, index: None, source_item_id: Some(231), source_item_slot: Some(27), target_item_id: Some(99), target_item_slot: Some(13) }
[script live0mdmbh_0] interact UseOn { name: "Snape grass", kind: "inv", target_name: Some("Unfinished potion"), x: 0, z: 0, level: 0, index: None, source_item_id: Some(231), source_item_slot: Some(27), target_item_id: Some(99), target_item_slot: Some(13) }
[script live0mdmbh_0] interact UseOn { name: "Snape grass", kind: "inv", target_name: Some("Unfinished potion"), x: 0, z: 0, level: 0, index: None, source_item_id: Some(231), source_item_slot: Some(27), target_item_id: Some(99), target_item_slot: Some(13) }
[script live0mdmbh_0] interact UseOn { name: "Snape grass", kind: "inv", target_name: Some("Unfinished potion"), x: 0, z: 0, level: 0, index: None, source_item_id: Some(231), source_item_slot: Some(27), target_item_id: Some(99), target_item_slot: Some(13) }
[script live0mdmbh_0] interact UseOn { name: "Snape grass", kind: "inv", target_name: Some("Unfinished potion"), x: 0, z: 0, level: 0, index: None, source_item_id: Some(231), source_item_slot: Some(27), target_item_id: Some(99), target_item_slot: Some(13) }
[script live0mdmbh_0] interact UseOn { name: "Snape grass", kind: "inv", target_name: Some("Unfinished potion"), x: 0, z: 0, level: 0, index: None, source_item_id: Some(231), source_item_slot: Some(27), target_item_id: Some(99), target_item_slot: Some(13) }
[script live0mdmbh_0] interact UseOn { name: "Snape grass", kind: "inv", target_name: Some("Unfinished potion"), x: 0, z: 0, level: 0, index: None, source_item_id: Some(231), source_item_slot: Some(27), target_item_id: Some(99), target_item_slot: Some(13) }
[script live0mdmbh_0] interact UseOn { name: "Snape grass", kind: "inv", target_name: Some("Unfinished potion"), x: 0, z: 0, level: 0, index: None, source_item_id: Some(231), source_item_slot: Some(27), target_item_id: Some(99), target_item_slot: Some(13) }
[script live0mdmbh_0] interact UseOn { name: "Snape grass", kind: "inv", target_name: Some("Unfinished potion"), x: 0, z: 0, level: 0, index: None, source_item_id: Some(231), source_item_slot: Some(27), target_item_id: Some(99), target_item_slot: Some(13) }
[script live0mdmbh_0] interact UseOn { name: "Snape grass", kind: "inv", target_name: Some("Unfinished potion"), x: 0, z: 0, level: 0, index: None, source_item_id: Some(231), source_item_slot: Some(27), target_item_id: Some(99), target_item_slot: Some(13) }
[script live0mdmbh_0] interact UseOn { name: "Snape grass", kind: "inv", target_name: Some("Unfinished potion"), x: 0, z: 0, level: 0, index: None, source_item_id: Some(231), source_item_slot: Some(27), target_item_id: Some(99), target_item_slot: Some(13) }
[script live0mdmbh_0] interact UseOn { name: "Snape grass", kind: "inv", target_name: Some("Unfinished potion"), x: 0, z: 0, level: 0, index: None, source_item_id: Some(231), source_item_slot: Some(27), target_item_id: Some(99), target_item_slot: Some(13) }
[script live0mdmbh_0] interact UseOn { name: "Snape grass", kind: "inv", target_name: Some("Unfinished potion"), x: 0, z: 0, level: 0, index: None, source_item_id: Some(231), source_item_slot: Some(27), target_item_id: Some(99), target_item_slot: Some(13) }
[script live0mdmbh_0] interact UseOn { name: "Snape grass", kind: "inv", target_name: Some("Unfinished potion"), x: 0, z: 0, level: 0, index: None, source_item_id: Some(231), source_item_slot: Some(27), target_item_id: Some(99), target_item_slot: Some(13) }
[script live0mdmbh_0] interact UseOn { name: "Snape grass", kind: "inv", target_name: Some("Unfinished potion"), x: 0, z: 0, level: 0, index: None, source_item_id: Some(231), source_item_slot: Some(27), target_item_id: Some(99), target_item_slot: Some(13) }
[script live0mdmbh_0] interact UseOn { name: "Snape grass", kind: "inv", target_name: Some("Unfinished potion"), x: 0, z: 0, level: 0, index: None, source_item_id: Some(231), source_item_slot: Some(27), target_item_id: Some(99), target_item_slot: Some(13) }
[script live0mdmbh_0] interact UseOn { name: "Snape grass", kind: "inv", target_name: Some("Unfinished potion"), x: 0, z: 0, level: 0, index: None, source_item_id: Some(231), source_item_slot: Some(27), target_item_id: Some(99), target_item_slot: Some(13) }
[script live0mdmbh_0] interact UseOn { name: "Snape grass", kind: "inv", target_name: Some("Unfinished potion"), x: 0, z: 0, level: 0, index: None, source_item_id: Some(231), source_item_slot: Some(27), target_item_id: Some(99), target_item_slot: Some(13) }
[script live0mdmbh_0] interact UseOn { name: "Snape grass", kind: "inv", target_name: Some("Unfinished potion"), x: 0, z: 0, level: 0, index: None, source_item_id: Some(231), source_item_slot: Some(27), target_item_id: Some(99), target_item_slot: Some(13) }
[script live0mdmbh_0] interact UseOn { name: "Snape grass", kind: "inv", target_name: Some("Unfinished potion"), x: 0, z: 0, level: 0, index: None, source_item_id: Some(231), source_item_slot: Some(27), target_item_id: Some(99), target_item_slot: Some(13) }
[script live0mdmbh_0] interact UseOn { name: "Snape grass", kind: "inv", target_name: Some("Unfinished potion"), x: 0, z: 0, level: 0, index: None, source_item_id: Some(231), source_item_slot: Some(27), target_item_id: Some(99), target_item_slot: Some(13) }
[script live0mdmbh_0] interact UseOn { name: "Snape grass", kind: "inv", target_name: Some("Unfinished potion"), x: 0, z: 0, level: 0, index: None, source_item_id: Some(231), source_item_slot: Some(27), target_item_id: Some(99), target_item_slot: Some(13) }
[script live0mdmbh_0] interact UseOn { name: "Snape grass", kind: "inv", target_name: Some("Unfinished potion"), x: 0, z: 0, level: 0, index: None, source_item_id: Some(231), source_item_slot: Some(27), target_item_id: Some(99), target_item_slot: Some(13) }
[script live0mdmbh_0] interact UseOn { name: "Snape grass", kind: "inv", target_name: Some("Unfinished potion"), x: 0, z: 0, level: 0, index: None, source_item_id: Some(231), source_item_slot: Some(27), target_item_id: Some(99), target_item_slot: Some(13) }
[script live0mdmbh_0] interact UseOn { name: "Snape grass", kind: "inv", target_name: Some("Unfinished potion"), x: 0, z: 0, level: 0, index: None, source_item_id: Some(231), source_item_slot: Some(27), target_item_id: Some(99), target_item_slot: Some(13) }
[script live0mdmbh_0] interact UseOn { name: "Snape grass", kind: "inv", target_name: Some("Unfinished potion"), x: 0, z: 0, level: 0, index: None, source_item_id: Some(231), source_item_slot: Some(27), target_item_id: Some(99), target_item_slot: Some(13) }
[script live0mdmbh_0] interact UseOn { name: "Snape grass", kind: "inv", target_name: Some("Unfinished potion"), x: 0, z: 0, level: 0, index: None, source_item_id: Some(231), source_item_slot: Some(27), target_item_id: Some(99), target_item_slot: Some(13) }
[script live0mdmbh_0] interact UseOn { name: "Snape grass", kind: "inv", target_name: Some("Unfinished potion"), x: 0, z: 0, level: 0, index: None, source_item_id: Some(231), source_item_slot: Some(27), target_item_id: Some(99), target_item_slot: Some(13) }
[script live0mdmbh_0] interact UseOn { name: "Snape grass", kind: "inv", target_name: Some("Unfinished potion"), x: 0, z: 0, level: 0, index: None, source_item_id: Some(231), source_item_slot: Some(27), target_item_id: Some(99), target_item_slot: Some(13) }
[script live0mdmbh_0] interact UseOn { name: "Snape grass", kind: "inv", target_name: Some("Unfinished potion"), x: 0, z: 0, level: 0, index: None, source_item_id: Some(231), source_item_slot: Some(27), target_item_id: Some(99), target_item_slot: Some(13) }
[script live0mdmbh_0] interact UseOn { name: "Snape grass", kind: "inv", target_name: Some("Unfinished potion"), x: 0, z: 0, level: 0, index: None, source_item_id: Some(231), source_item_slot: Some(27), target_item_id: Some(99), target_item_slot: Some(13) }
[script live0mdmbh_0] interact UseOn { name: "Snape grass", kind: "inv", target_name: Some("Unfinished potion"), x: 0, z: 0, level: 0, index: None, source_item_id: Some(231), source_item_slot: Some(27), target_item_id: Some(99), target_item_slot: Some(13) }
[script live0mdmbh_0] interact UseOn { name: "Snape grass", kind: "inv", target_name: Some("Unfinished potion"), x: 0, z: 0, level: 0, index: None, source_item_id: Some(231), source_item_slot: Some(27), target_item_id: Some(99), target_item_slot: Some(13) }
[script live0mdmbh_0] interact UseOn { name: "Snape grass", kind: "inv", target_name: Some("Unfinished potion"), x: 0, z: 0, level: 0, index: None, source_item_id: Some(231), source_item_slot: Some(27), target_item_id: Some(99), target_item_slot: Some(13) }
[script live0mdmbh_0] interact UseOn { name: "Snape grass", kind: "inv", target_name: Some("Unfinished potion"), x: 0, z: 0, level: 0, index: None, source_item_id: Some(231), source_item_slot: Some(27), target_item_id: Some(99), target_item_slot: Some(13) }
[script live0mdmbh_0] interact UseOn { name: "Snape grass", kind: "inv", target_name: Some("Unfinished potion"), x: 0, z: 0, level: 0, index: None, source_item_id: Some(231), source_item_slot: Some(27), target_item_id: Some(99), target_item_slot: Some(13) }
[script live0mdmbh_0] interact UseOn { name: "Snape grass", kind: "inv", target_name: Some("Unfinished potion"), x: 0, z: 0, level: 0, index: None, source_item_id: Some(231), source_item_slot: Some(27), target_item_id: Some(99), target_item_slot: Some(13) }
[host] slot live0mdmbh_0: d_loop_us=1021 d_raster_us=0 d_observe_us=104719 max_observe_us=21587 d_paints=0 d_skips=50 d_ticks=2 window_ms=1277
[script live0mdmbh_0] interact OpenBooth { x: 3186, z: 3440, level: 0, id: 2213, name: None, action: None }
[host] slot live0mdmbh_0: d_loop_us=988 d_raster_us=0 d_observe_us=67670 max_observe_us=11593 d_paints=0 d_skips=50 d_ticks=3 window_ms=1349
[host] slot live0mdmbh_0: d_loop_us=993 d_raster_us=0 d_observe_us=84571 max_observe_us=12443 d_paints=0 d_skips=50 d_ticks=2 window_ms=1354
[host] slot live0mdmbh_0: d_loop_us=877 d_raster_us=0 d_observe_us=81454 max_observe_us=13441 d_paints=0 d_skips=50 d_ticks=2 window_ms=1365
[host] slot live0mdmbh_0: d_loop_us=1079 d_raster_us=0 d_observe_us=64233 max_observe_us=8255 d_paints=0 d_skips=50 d_ticks=2 window_ms=1341
[host] hitch live0mdmbh_0: observe_us=16126 paints=0 skips=1355 ticks=92
[host] slot live0mdmbh_0: d_loop_us=799 d_raster_us=0 d_observe_us=60917 max_observe_us=16126 d_paints=0 d_skips=50 d_ticks=2 window_ms=1319
[host] slot live0mdmbh_0: d_loop_us=900 d_raster_us=0 d_observe_us=67673 max_observe_us=11008 d_paints=0 d_skips=50 d_ticks=3 window_ms=1307
[script live0mdmbh_0] interact Close
[shim-close] sent
[script live0mdmbh_0] withdrew 14 vials of water + 14 Ranarr weed
[host] slot live0mdmbh_0: d_loop_us=899 d_raster_us=0 d_observe_us=55592 max_observe_us=11065 d_paints=0 d_skips=50 d_ticks=2 window_ms=1315
[script live0mdmbh_0] interact UseOn { name: "Ranarr weed", kind: "inv", target_name: Some("Vial of water"), x: 0, z: 0, level: 0, index: None, source_item_id: Some(257), source_item_slot: Some(27), target_item_id: Some(227), target_item_slot: Some(13) }
[script live0mdmbh_0] interact UseOn { name: "Ranarr weed", kind: "inv", target_name: Some("Vial of water"), x: 0, z: 0, level: 0, index: None, source_item_id: Some(257), source_item_slot: Some(27), target_item_id: Some(227), target_item_slot: Some(13) }
[script live0mdmbh_0] interact UseOn { name: "Ranarr weed", kind: "inv", target_name: Some("Vial of water"), x: 0, z: 0, level: 0, index: None, source_item_id: Some(257), source_item_slot: Some(27), target_item_id: Some(227), target_item_slot: Some(13) }
[script live0mdmbh_0] interact UseOn { name: "Ranarr weed", kind: "inv", target_name: Some("Vial of water"), x: 0, z: 0, level: 0, index: None, source_item_id: Some(257), source_item_slot: Some(27), target_item_id: Some(227), target_item_slot: Some(13) }
[script live0mdmbh_0] interact UseOn { name: "Ranarr weed", kind: "inv", target_name: Some("Vial of water"), x: 0, z: 0, level: 0, index: None, source_item_id: Some(257), source_item_slot: Some(27), target_item_id: Some(227), target_item_slot: Some(13) }
[script live0mdmbh_0] interact UseOn { name: "Ranarr weed", kind: "inv", target_name: Some("Vial of water"), x: 0, z: 0, level: 0, index: None, source_item_id: Some(257), source_item_slot: Some(27), target_item_id: Some(227), target_item_slot: Some(13) }
[script live0mdmbh_0] interact UseOn { name: "Ranarr weed", kind: "inv", target_name: Some("Vial of water"), x: 0, z: 0, level: 0, index: None, source_item_id: Some(257), source_item_slot: Some(27), target_item_id: Some(227), target_item_slot: Some(13) }
[script live0mdmbh_0] interact UseOn { name: "Ranarr weed", kind: "inv", target_name: Some("Vial of water"), x: 0, z: 0, level: 0, index: None, source_item_id: Some(257), source_item_slot: Some(27), target_item_id: Some(227), target_item_slot: Some(13) }
[script live0mdmbh_0] interact UseOn { name: "Ranarr weed", kind: "inv", target_name: Some("Vial of water"), x: 0, z: 0, level: 0, index: None, source_item_id: Some(257), source_item_slot: Some(27), target_item_id: Some(227), target_item_slot: Some(13) }
[script live0mdmbh_0] interact UseOn { name: "Ranarr weed", kind: "inv", target_name: Some("Vial of water"), x: 0, z: 0, level: 0, index: None, source_item_id: Some(257), source_item_slot: Some(27), target_item_id: Some(227), target_item_slot: Some(13) }
[script live0mdmbh_0] interact UseOn { name: "Ranarr weed", kind: "inv", target_name: Some("Vial of water"), x: 0, z: 0, level: 0, index: None, source_item_id: Some(257), source_item_slot: Some(27), target_item_id: Some(227), target_item_slot: Some(13) }
[script live0mdmbh_0] interact UseOn { name: "Ranarr weed", kind: "inv", target_name: Some("Vial of water"), x: 0, z: 0, level: 0, index: None, source_item_id: Some(257), source_item_slot: Some(27), target_item_id: Some(227), target_item_slot: Some(13) }
[script live0mdmbh_0] interact UseOn { name: "Ranarr weed", kind: "inv", target_name: Some("Vial of water"), x: 0, z: 0, level: 0, index: None, source_item_id: Some(257), source_item_slot: Some(27), target_item_id: Some(227), target_item_slot: Some(13) }
[script live0mdmbh_0] interact UseOn { name: "Ranarr weed", kind: "inv", target_name: Some("Vial of water"), x: 0, z: 0, level: 0, index: None, source_item_id: Some(257), source_item_slot: Some(27), target_item_id: Some(227), target_item_slot: Some(13) }
[script live0mdmbh_0] interact UseOn { name: "Ranarr weed", kind: "inv", target_name: Some("Vial of water"), x: 0, z: 0, level: 0, index: None, source_item_id: Some(257), source_item_slot: Some(27), target_item_id: Some(227), target_item_slot: Some(13) }
[script live0mdmbh_0] interact UseOn { name: "Ranarr weed", kind: "inv", target_name: Some("Vial of water"), x: 0, z: 0, level: 0, index: None, source_item_id: Some(257), source_item_slot: Some(27), target_item_id: Some(227), target_item_slot: Some(13) }
[script live0mdmbh_0] interact UseOn { name: "Ranarr weed", kind: "inv", target_name: Some("Vial of water"), x: 0, z: 0, level: 0, index: None, source_item_id: Some(257), source_item_slot: Some(27), target_item_id: Some(227), target_item_slot: Some(13) }
[script live0mdmbh_0] interact UseOn { name: "Ranarr weed", kind: "inv", target_name: Some("Vial of water"), x: 0, z: 0, level: 0, index: None, source_item_id: Some(257), source_item_slot: Some(27), target_item_id: Some(227), target_item_slot: Some(13) }
[script live0mdmbh_0] interact UseOn { name: "Ranarr weed", kind: "inv", target_name: Some("Vial of water"), x: 0, z: 0, level: 0, index: None, source_item_id: Some(257), source_item_slot: Some(27), target_item_id: Some(227), target_item_slot: Some(13) }
[script live0mdmbh_0] interact UseOn { name: "Ranarr weed", kind: "inv", target_name: Some("Vial of water"), x: 0, z: 0, level: 0, index: None, source_item_id: Some(257), source_item_slot: Some(27), target_item_id: Some(227), target_item_slot: Some(13) }
[script live0mdmbh_0] interact UseOn { name: "Ranarr weed", kind: "inv", target_name: Some("Vial of water"), x: 0, z: 0, level: 0, index: None, source_item_id: Some(257), source_item_slot: Some(27), target_item_id: Some(227), target_item_slot: Some(13) }
[script live0mdmbh_0] interact UseOn { name: "Ranarr weed", kind: "inv", target_name: Some("Vial of water"), x: 0, z: 0, level: 0, index: None, source_item_id: Some(257), source_item_slot: Some(27), target_item_id: Some(227), target_item_slot: Some(13) }
[script live0mdmbh_0] interact UseOn { name: "Ranarr weed", kind: "inv", target_name: Some("Vial of water"), x: 0, z: 0, level: 0, index: None, source_item_id: Some(257), source_item_slot: Some(27), target_item_id: Some(227), target_item_slot: Some(13) }
[script live0mdmbh_0] interact UseOn { name: "Ranarr weed", kind: "inv", target_name: Some("Vial of water"), x: 0, z: 0, level: 0, index: None, source_item_id: Some(257), source_item_slot: Some(27), target_item_id: Some(227), target_item_slot: Some(13) }
[script live0mdmbh_0] interact UseOn { name: "Ranarr weed", kind: "inv", target_name: Some("Vial of water"), x: 0, z: 0, level: 0, index: None, source_item_id: Some(257), source_item_slot: Some(27), target_item_id: Some(227), target_item_slot: Some(13) }
[script live0mdmbh_0] interact UseOn { name: "Ranarr weed", kind: "inv", target_name: Some("Vial of water"), x: 0, z: 0, level: 0, index: None, source_item_id: Some(257), source_item_slot: Some(27), target_item_id: Some(227), target_item_slot: Some(13) }
[script live0mdmbh_0] interact UseOn { name: "Ranarr weed", kind: "inv", target_name: Some("Vial of water"), x: 0, z: 0, level: 0, index: None, source_item_id: Some(257), source_item_slot: Some(27), target_item_id: Some(227), target_item_slot: Some(13) }
[script live0mdmbh_0] interact UseOn { name: "Ranarr weed", kind: "inv", target_name: Some("Vial of water"), x: 0, z: 0, level: 0, index: None, source_item_id: Some(257), source_item_slot: Some(27), target_item_id: Some(227), target_item_slot: Some(13) }
[script live0mdmbh_0] interact UseOn { name: "Ranarr weed", kind: "inv", target_name: Some("Vial of water"), x: 0, z: 0, level: 0, index: None, source_item_id: Some(257), source_item_slot: Some(27), target_item_id: Some(227), target_item_slot: Some(13) }
[script live0mdmbh_0] interact UseOn { name: "Ranarr weed", kind: "inv", target_name: Some("Vial of water"), x: 0, z: 0, level: 0, index: None, source_item_id: Some(257), source_item_slot: Some(27), target_item_id: Some(227), target_item_slot: Some(13) }
[script live0mdmbh_0] interact UseOn { name: "Ranarr weed", kind: "inv", target_name: Some("Vial of water"), x: 0, z: 0, level: 0, index: None, source_item_id: Some(257), source_item_slot: Some(27), target_item_id: Some(227), target_item_slot: Some(13) }
[script live0mdmbh_0] interact UseOn { name: "Ranarr weed", kind: "inv", target_name: Some("Vial of water"), x: 0, z: 0, level: 0, index: None, source_item_id: Some(257), source_item_slot: Some(27), target_item_id: Some(227), target_item_slot: Some(13) }
[script live0mdmbh_0] interact UseOn { name: "Ranarr weed", kind: "inv", target_name: Some("Vial of water"), x: 0, z: 0, level: 0, index: None, source_item_id: Some(257), source_item_slot: Some(27), target_item_id: Some(227), target_item_slot: Some(13) }
[script live0mdmbh_0] interact UseOn { name: "Ranarr weed", kind: "inv", target_name: Some("Vial of water"), x: 0, z: 0, level: 0, index: None, source_item_id: Some(257), source_item_slot: Some(27), target_item_id: Some(227), target_item_slot: Some(13) }
[script live0mdmbh_0] interact UseOn { name: "Ranarr weed", kind: "inv", target_name: Some("Vial of water"), x: 0, z: 0, level: 0, index: None, source_item_id: Some(257), source_item_slot: Some(27), target_item_id: Some(227), target_item_slot: Some(13) }
[script live0mdmbh_0] interact UseOn { name: "Ranarr weed", kind: "inv", target_name: Some("Vial of water"), x: 0, z: 0, level: 0, index: None, source_item_id: Some(257), source_item_slot: Some(27), target_item_id: Some(227), target_item_slot: Some(13) }
[script live0mdmbh_0] interact UseOn { name: "Ranarr weed", kind: "inv", target_name: Some("Vial of water"), x: 0, z: 0, level: 0, index: None, source_item_id: Some(257), source_item_slot: Some(27), target_item_id: Some(227), target_item_slot: Some(13) }
[script live0mdmbh_0] interact UseOn { name: "Ranarr weed", kind: "inv", target_name: Some("Vial of water"), x: 0, z: 0, level: 0, index: None, source_item_id: Some(257), source_item_slot: Some(27), target_item_id: Some(227), target_item_slot: Some(13) }
[script live0mdmbh_0] interact UseOn { name: "Ranarr weed", kind: "inv", target_name: Some("Vial of water"), x: 0, z: 0, level: 0, index: None, source_item_id: Some(257), source_item_slot: Some(27), target_item_id: Some(227), target_item_slot: Some(13) }
[script live0mdmbh_0] interact UseOn { name: "Ranarr weed", kind: "inv", target_name: Some("Vial of water"), x: 0, z: 0, level: 0, index: None, source_item_id: Some(257), source_item_slot: Some(27), target_item_id: Some(227), target_item_slot: Some(13) }
[script live0mdmbh_0] interact UseOn { name: "Ranarr weed", kind: "inv", target_name: Some("Vial of water"), x: 0, z: 0, level: 0, index: None, source_item_id: Some(257), source_item_slot: Some(27), target_item_id: Some(227), target_item_slot: Some(13) }
[script live0mdmbh_0] interact UseOn { name: "Ranarr weed", kind: "inv", target_name: Some("Vial of water"), x: 0, z: 0, level: 0, index: None, source_item_id: Some(257), source_item_slot: Some(27), target_item_id: Some(227), target_item_slot: Some(13) }
[script live0mdmbh_0] interact UseOn { name: "Ranarr weed", kind: "inv", target_name: Some("Vial of water"), x: 0, z: 0, level: 0, index: None, source_item_id: Some(257), source_item_slot: Some(27), target_item_id: Some(227), target_item_slot: Some(13) }
[script live0mdmbh_0] interact UseOn { name: "Ranarr weed", kind: "inv", target_name: Some("Vial of water"), x: 0, z: 0, level: 0, index: None, source_item_id: Some(257), source_item_slot: Some(27), target_item_id: Some(227), target_item_slot: Some(13) }
[script live0mdmbh_0] interact UseOn { name: "Ranarr weed", kind: "inv", target_name: Some("Vial of water"), x: 0, z: 0, level: 0, index: None, source_item_id: Some(257), source_item_slot: Some(27), target_item_id: Some(227), target_item_slot: Some(13) }
[script live0mdmbh_0] interact UseOn { name: "Ranarr weed", kind: "inv", target_name: Some("Vial of water"), x: 0, z: 0, level: 0, index: None, source_item_id: Some(257), source_item_slot: Some(27), target_item_id: Some(227), target_item_slot: Some(13) }
[script live0mdmbh_0] interact UseOn { name: "Ranarr weed", kind: "inv", target_name: Some("Vial of water"), x: 0, z: 0, level: 0, index: None, source_item_id: Some(257), source_item_slot: Some(27), target_item_id: Some(227), target_item_slot: Some(13) }
[script live0mdmbh_0] interact UseOn { name: "Ranarr weed", kind: "inv", target_name: Some("Vial of water"), x: 0, z: 0, level: 0, index: None, source_item_id: Some(257), source_item_slot: Some(27), target_item_id: Some(227), target_item_slot: Some(13) }
[script live0mdmbh_0] interact UseOn { name: "Ranarr weed", kind: "inv", target_name: Some("Vial of water"), x: 0, z: 0, level: 0, index: None, source_item_id: Some(257), source_item_slot: Some(27), target_item_id: Some(227), target_item_slot: Some(13) }
[script live0mdmbh_0] interact UseOn { name: "Ranarr weed", kind: "inv", target_name: Some("Vial of water"), x: 0, z: 0, level: 0, index: None, source_item_id: Some(257), source_item_slot: Some(27), target_item_id: Some(227), target_item_slot: Some(13) }
[script live0mdmbh_0] interact UseOn { name: "Ranarr weed", kind: "inv", target_name: Some("Vial of water"), x: 0, z: 0, level: 0, index: None, source_item_id: Some(257), source_item_slot: Some(27), target_item_id: Some(227), target_item_slot: Some(13) }
[script live0mdmbh_0] interact UseOn { name: "Ranarr weed", kind: "inv", target_name: Some("Vial of water"), x: 0, z: 0, level: 0, index: None, source_item_id: Some(257), source_item_slot: Some(27), target_item_id: Some(227), target_item_slot: Some(13) }
[script live0mdmbh_0] interact UseOn { name: "Ranarr weed", kind: "inv", target_name: Some("Vial of water"), x: 0, z: 0, level: 0, index: None, source_item_id: Some(257), source_item_slot: Some(27), target_item_id: Some(227), target_item_slot: Some(13) }
[script live0mdmbh_0] interact UseOn { name: "Ranarr weed", kind: "inv", target_name: Some("Vial of water"), x: 0, z: 0, level: 0, index: None, source_item_id: Some(257), source_item_slot: Some(27), target_item_id: Some(227), target_item_slot: Some(13) }
[script live0mdmbh_0] interact UseOn { name: "Ranarr weed", kind: "inv", target_name: Some("Vial of water"), x: 0, z: 0, level: 0, index: None, source_item_id: Some(257), source_item_slot: Some(27), target_item_id: Some(227), target_item_slot: Some(13) }
[script live0mdmbh_0] interact UseOn { name: "Ranarr weed", kind: "inv", target_name: Some("Vial of water"), x: 0, z: 0, level: 0, index: None, source_item_id: Some(257), source_item_slot: Some(27), target_item_id: Some(227), target_item_slot: Some(13) }
[host] slot live0mdmbh_0: d_loop_us=804 d_raster_us=0 d_observe_us=58365 max_observe_us=11397 d_paints=0 d_skips=50 d_ticks=2 window_ms=1307
[host] slot live0mdmbh_0: d_loop_us=1056 d_raster_us=0 d_observe_us=60639 max_observe_us=11992 d_paints=0 d_skips=50 d_ticks=2 window_ms=1316
[host] slot live0mdmbh_0: d_loop_us=839 d_raster_us=0 d_observe_us=60795 max_observe_us=9171 d_paints=0 d_skips=50 d_ticks=2 window_ms=1283
[script live0mdmbh_0] interact OpenBooth { x: 3186, z: 3440, level: 0, id: 2213, name: None, action: None }
[host] slot live0mdmbh_0: d_loop_us=874 d_raster_us=0 d_observe_us=62247 max_observe_us=11317 d_paints=0 d_skips=50 d_ticks=3 window_ms=1291
[host] slot live0mdmbh_0: d_loop_us=907 d_raster_us=0 d_observe_us=67105 max_observe_us=10576 d_paints=0 d_skips=50 d_ticks=2 window_ms=1284
[script live0mdmbh_0] interact Close
[shim-close] sent
[script live0mdmbh_0] interact UseOn { name: "Snape grass", kind: "inv", target_name: Some("Unfinished potion"), x: 0, z: 0, level: 0, index: None, source_item_id: Some(231), source_item_slot: Some(27), target_item_id: Some(99), target_item_slot: Some(13) }
[script live0mdmbh_0] interact UseOn { name: "Snape grass", kind: "inv", target_name: Some("Unfinished potion"), x: 0, z: 0, level: 0, index: None, source_item_id: Some(231), source_item_slot: Some(27), target_item_id: Some(99), target_item_slot: Some(13) }
[script live0mdmbh_0] interact UseOn { name: "Snape grass", kind: "inv", target_name: Some("Unfinished potion"), x: 0, z: 0, level: 0, index: None, source_item_id: Some(231), source_item_slot: Some(27), target_item_id: Some(99), target_item_slot: Some(13) }
[script live0mdmbh_0] interact UseOn { name: "Snape grass", kind: "inv", target_name: Some("Unfinished potion"), x: 0, z: 0, level: 0, index: None, source_item_id: Some(231), source_item_slot: Some(27), target_item_id: Some(99), target_item_slot: Some(13) }
[script live0mdmbh_0] interact UseOn { name: "Snape grass", kind: "inv", target_name: Some("Unfinished potion"), x: 0, z: 0, level: 0, index: None, source_item_id: Some(231), source_item_slot: Some(27), target_item_id: Some(99), target_item_slot: Some(13) }
[script live0mdmbh_0] interact UseOn { name: "Snape grass", kind: "inv", target_name: Some("Unfinished potion"), x: 0, z: 0, level: 0, index: None, source_item_id: Some(231), source_item_slot: Some(27), target_item_id: Some(99), target_item_slot: Some(13) }
[script live0mdmbh_0] interact UseOn { name: "Snape grass", kind: "inv", target_name: Some("Unfinished potion"), x: 0, z: 0, level: 0, index: None, source_item_id: Some(231), source_item_slot: Some(27), target_item_id: Some(99), target_item_slot: Some(13) }
[script live0mdmbh_0] interact UseOn { name: "Snape grass", kind: "inv", target_name: Some("Unfinished potion"), x: 0, z: 0, level: 0, index: None, source_item_id: Some(231), source_item_slot: Some(27), target_item_id: Some(99), target_item_slot: Some(13) }
[script live0mdmbh_0] interact UseOn { name: "Snape grass", kind: "inv", target_name: Some("Unfinished potion"), x: 0, z: 0, level: 0, index: None, source_item_id: Some(231), source_item_slot: Some(27), target_item_id: Some(99), target_item_slot: Some(13) }
[script live0mdmbh_0] interact UseOn { name: "Snape grass", kind: "inv", target_name: Some("Unfinished potion"), x: 0, z: 0, level: 0, index: None, source_item_id: Some(231), source_item_slot: Some(27), target_item_id: Some(99), target_item_slot: Some(13) }
[script live0mdmbh_0] interact UseOn { name: "Snape grass", kind: "inv", target_name: Some("Unfinished potion"), x: 0, z: 0, level: 0, index: None, source_item_id: Some(231), source_item_slot: Some(27), target_item_id: Some(99), target_item_slot: Some(13) }
[script live0mdmbh_0] interact UseOn { name: "Snape grass", kind: "inv", target_name: Some("Unfinished potion"), x: 0, z: 0, level: 0, index: None, source_item_id: Some(231), source_item_slot: Some(27), target_item_id: Some(99), target_item_slot: Some(13) }
[script live0mdmbh_0] interact UseOn { name: "Snape grass", kind: "inv", target_name: Some("Unfinished potion"), x: 0, z: 0, level: 0, index: None, source_item_id: Some(231), source_item_slot: Some(27), target_item_id: Some(99), target_item_slot: Some(13) }
[script live0mdmbh_0] interact UseOn { name: "Snape grass", kind: "inv", target_name: Some("Unfinished potion"), x: 0, z: 0, level: 0, index: None, source_item_id: Some(231), source_item_slot: Some(27), target_item_id: Some(99), target_item_slot: Some(13) }
[script live0mdmbh_0] interact UseOn { name: "Snape grass", kind: "inv", target_name: Some("Unfinished potion"), x: 0, z: 0, level: 0, index: None, source_item_id: Some(231), source_item_slot: Some(27), target_item_id: Some(99), target_item_slot: Some(13) }
[script live0mdmbh_0] interact UseOn { name: "Snape grass", kind: "inv", target_name: Some("Unfinished potion"), x: 0, z: 0, level: 0, index: None, source_item_id: Some(231), source_item_slot: Some(27), target_item_id: Some(99), target_item_slot: Some(13) }
[script live0mdmbh_0] interact UseOn { name: "Snape grass", kind: "inv", target_name: Some("Unfinished potion"), x: 0, z: 0, level: 0, index: None, source_item_id: Some(231), source_item_slot: Some(27), target_item_id: Some(99), target_item_slot: Some(13) }
[script live0mdmbh_0] interact UseOn { name: "Snape grass", kind: "inv", target_name: Some("Unfinished potion"), x: 0, z: 0, level: 0, index: None, source_item_id: Some(231), source_item_slot: Some(27), target_item_id: Some(99), target_item_slot: Some(13) }
[script live0mdmbh_0] interact UseOn { name: "Snape grass", kind: "inv", target_name: Some("Unfinished potion"), x: 0, z: 0, level: 0, index: None, source_item_id: Some(231), source_item_slot: Some(27), target_item_id: Some(99), target_item_slot: Some(13) }
[script live0mdmbh_0] interact UseOn { name: "Snape grass", kind: "inv", target_name: Some("Unfinished potion"), x: 0, z: 0, level: 0, index: None, source_item_id: Some(231), source_item_slot: Some(27), target_item_id: Some(99), target_item_slot: Some(13) }
[script live0mdmbh_0] interact UseOn { name: "Snape grass", kind: "inv", target_name: Some("Unfinished potion"), x: 0, z: 0, level: 0, index: None, source_item_id: Some(231), source_item_slot: Some(27), target_item_id: Some(99), target_item_slot: Some(13) }
[script live0mdmbh_0] interact UseOn { name: "Snape grass", kind: "inv", target_name: Some("Unfinished potion"), x: 0, z: 0, level: 0, index: None, source_item_id: Some(231), source_item_slot: Some(27), target_item_id: Some(99), target_item_slot: Some(13) }
[script live0mdmbh_0] interact UseOn { name: "Snape grass", kind: "inv", target_name: Some("Unfinished potion"), x: 0, z: 0, level: 0, index: None, source_item_id: Some(231), source_item_slot: Some(27), target_item_id: Some(99), target_item_slot: Some(13) }
[script live0mdmbh_0] interact UseOn { name: "Snape grass", kind: "inv", target_name: Some("Unfinished potion"), x: 0, z: 0, level: 0, index: None, source_item_id: Some(231), source_item_slot: Some(27), target_item_id: Some(99), target_item_slot: Some(13) }
[script live0mdmbh_0] interact UseOn { name: "Snape grass", kind: "inv", target_name: Some("Unfinished potion"), x: 0, z: 0, level: 0, index: None, source_item_id: Some(231), source_item_slot: Some(27), target_item_id: Some(99), target_item_slot: Some(13) }
[script live0mdmbh_0] interact UseOn { name: "Snape grass", kind: "inv", target_name: Some("Unfinished potion"), x: 0, z: 0, level: 0, index: None, source_item_id: Some(231), source_item_slot: Some(27), target_item_id: Some(99), target_item_slot: Some(13) }
[script live0mdmbh_0] interact UseOn { name: "Snape grass", kind: "inv", target_name: Some("Unfinished potion"), x: 0, z: 0, level: 0, index: None, source_item_id: Some(231), source_item_slot: Some(27), target_item_id: Some(99), target_item_slot: Some(13) }
[script live0mdmbh_0] interact UseOn { name: "Snape grass", kind: "inv", target_name: Some("Unfinished potion"), x: 0, z: 0, level: 0, index: None, source_item_id: Some(231), source_item_slot: Some(27), target_item_id: Some(99), target_item_slot: Some(13) }
[script live0mdmbh_0] interact UseOn { name: "Snape grass", kind: "inv", target_name: Some("Unfinished potion"), x: 0, z: 0, level: 0, index: None, source_item_id: Some(231), source_item_slot: Some(27), target_item_id: Some(99), target_item_slot: Some(13) }
[script live0mdmbh_0] interact UseOn { name: "Snape grass", kind: "inv", target_name: Some("Unfinished potion"), x: 0, z: 0, level: 0, index: None, source_item_id: Some(231), source_item_slot: Some(27), target_item_id: Some(99), target_item_slot: Some(13) }
[script live0mdmbh_0] interact UseOn { name: "Snape grass", kind: "inv", target_name: Some("Unfinished potion"), x: 0, z: 0, level: 0, index: None, source_item_id: Some(231), source_item_slot: Some(27), target_item_id: Some(99), target_item_slot: Some(13) }
[script live0mdmbh_0] interact UseOn { name: "Snape grass", kind: "inv", target_name: Some("Unfinished potion"), x: 0, z: 0, level: 0, index: None, source_item_id: Some(231), source_item_slot: Some(27), target_item_id: Some(99), target_item_slot: Some(13) }
[script live0mdmbh_0] interact UseOn { name: "Snape grass", kind: "inv", target_name: Some("Unfinished potion"), x: 0, z: 0, level: 0, index: None, source_item_id: Some(231), source_item_slot: Some(27), target_item_id: Some(99), target_item_slot: Some(13) }
[script live0mdmbh_0] interact UseOn { name: "Snape grass", kind: "inv", target_name: Some("Unfinished potion"), x: 0, z: 0, level: 0, index: None, source_item_id: Some(231), source_item_slot: Some(27), target_item_id: Some(99), target_item_slot: Some(13) }
[script live0mdmbh_0] interact UseOn { name: "Snape grass", kind: "inv", target_name: Some("Unfinished potion"), x: 0, z: 0, level: 0, index: None, source_item_id: Some(231), source_item_slot: Some(27), target_item_id: Some(99), target_item_slot: Some(13) }
[script live0mdmbh_0] interact UseOn { name: "Snape grass", kind: "inv", target_name: Some("Unfinished potion"), x: 0, z: 0, level: 0, index: None, source_item_id: Some(231), source_item_slot: Some(27), target_item_id: Some(99), target_item_slot: Some(13) }
[script live0mdmbh_0] interact UseOn { name: "Snape grass", kind: "inv", target_name: Some("Unfinished potion"), x: 0, z: 0, level: 0, index: None, source_item_id: Some(231), source_item_slot: Some(27), target_item_id: Some(99), target_item_slot: Some(13) }
[script live0mdmbh_0] interact UseOn { name: "Snape grass", kind: "inv", target_name: Some("Unfinished potion"), x: 0, z: 0, level: 0, index: None, source_item_id: Some(231), source_item_slot: Some(27), target_item_id: Some(99), target_item_slot: Some(13) }
[script live0mdmbh_0] interact UseOn { name: "Snape grass", kind: "inv", target_name: Some("Unfinished potion"), x: 0, z: 0, level: 0, index: None, source_item_id: Some(231), source_item_slot: Some(27), target_item_id: Some(99), target_item_slot: Some(13) }
[script live0mdmbh_0] interact UseOn { name: "Snape grass", kind: "inv", target_name: Some("Unfinished potion"), x: 0, z: 0, level: 0, index: None, source_item_id: Some(231), source_item_slot: Some(27), target_item_id: Some(99), target_item_slot: Some(13) }
[script live0mdmbh_0] interact UseOn { name: "Snape grass", kind: "inv", target_name: Some("Unfinished potion"), x: 0, z: 0, level: 0, index: None, source_item_id: Some(231), source_item_slot: Some(27), target_item_id: Some(99), target_item_slot: Some(13) }
[script live0mdmbh_0] interact UseOn { name: "Snape grass", kind: "inv", target_name: Some("Unfinished potion"), x: 0, z: 0, level: 0, index: None, source_item_id: Some(231), source_item_slot: Some(27), target_item_id: Some(99), target_item_slot: Some(13) }
[script live0mdmbh_0] interact UseOn { name: "Snape grass", kind: "inv", target_name: Some("Unfinished potion"), x: 0, z: 0, level: 0, index: None, source_item_id: Some(231), source_item_slot: Some(27), target_item_id: Some(99), target_item_slot: Some(13) }
[script live0mdmbh_0] interact UseOn { name: "Snape grass", kind: "inv", target_name: Some("Unfinished potion"), x: 0, z: 0, level: 0, index: None, source_item_id: Some(231), source_item_slot: Some(27), target_item_id: Some(99), target_item_slot: Some(13) }
[script live0mdmbh_0] interact UseOn { name: "Snape grass", kind: "inv", target_name: Some("Unfinished potion"), x: 0, z: 0, level: 0, index: None, source_item_id: Some(231), source_item_slot: Some(27), target_item_id: Some(99), target_item_slot: Some(13) }
[script live0mdmbh_0] interact UseOn { name: "Snape grass", kind: "inv", target_name: Some("Unfinished potion"), x: 0, z: 0, level: 0, index: None, source_item_id: Some(231), source_item_slot: Some(27), target_item_id: Some(99), target_item_slot: Some(13) }
[script live0mdmbh_0] interact UseOn { name: "Snape grass", kind: "inv", target_name: Some("Unfinished potion"), x: 0, z: 0, level: 0, index: None, source_item_id: Some(231), source_item_slot: Some(27), target_item_id: Some(99), target_item_slot: Some(13) }
[script live0mdmbh_0] interact UseOn { name: "Snape grass", kind: "inv", target_name: Some("Unfinished potion"), x: 0, z: 0, level: 0, index: None, source_item_id: Some(231), source_item_slot: Some(27), target_item_id: Some(99), target_item_slot: Some(13) }
[script live0mdmbh_0] interact UseOn { name: "Snape grass", kind: "inv", target_name: Some("Unfinished potion"), x: 0, z: 0, level: 0, index: None, source_item_id: Some(231), source_item_slot: Some(27), target_item_id: Some(99), target_item_slot: Some(13) }
[script live0mdmbh_0] interact UseOn { name: "Snape grass", kind: "inv", target_name: Some("Unfinished potion"), x: 0, z: 0, level: 0, index: None, source_item_id: Some(231), source_item_slot: Some(27), target_item_id: Some(99), target_item_slot: Some(13) }
[script live0mdmbh_0] interact UseOn { name: "Snape grass", kind: "inv", target_name: Some("Unfinished potion"), x: 0, z: 0, level: 0, index: None, source_item_id: Some(231), source_item_slot: Some(27), target_item_id: Some(99), target_item_slot: Some(13) }
[script live0mdmbh_0] interact UseOn { name: "Snape grass", kind: "inv", target_name: Some("Unfinished potion"), x: 0, z: 0, level: 0, index: None, source_item_id: Some(231), source_item_slot: Some(27), target_item_id: Some(99), target_item_slot: Some(13) }
[script live0mdmbh_0] interact UseOn { name: "Snape grass", kind: "inv", target_name: Some("Unfinished potion"), x: 0, z: 0, level: 0, index: None, source_item_id: Some(231), source_item_slot: Some(27), target_item_id: Some(99), target_item_slot: Some(13) }
[script live0mdmbh_0] interact UseOn { name: "Snape grass", kind: "inv", target_name: Some("Unfinished potion"), x: 0, z: 0, level: 0, index: None, source_item_id: Some(231), source_item_slot: Some(27), target_item_id: Some(99), target_item_slot: Some(13) }
[script live0mdmbh_0] interact UseOn { name: "Snape grass", kind: "inv", target_name: Some("Unfinished potion"), x: 0, z: 0, level: 0, index: None, source_item_id: Some(231), source_item_slot: Some(27), target_item_id: Some(99), target_item_slot: Some(13) }
[script live0mdmbh_0] interact UseOn { name: "Snape grass", kind: "inv", target_name: Some("Unfinished potion"), x: 0, z: 0, level: 0, index: None, source_item_id: Some(231), source_item_slot: Some(27), target_item_id: Some(99), target_item_slot: Some(13) }
[host] slot live0mdmbh_0: d_loop_us=792 d_raster_us=0 d_observe_us=63443 max_observe_us=10346 d_paints=0 d_skips=50 d_ticks=2 window_ms=1302
PASS: catalog_boundary_live: {"scenario":"potion_maker_named","runner":"Some(Evidence { scenario: \"potion_maker_named\", outcome: \"PASS\", predicate: \"has_item_id(139)>=1\", ticks: 153, elapsed_ms: 78823, message: None, tile: Some([3185, 3440, 0]), inv: [InvRow { id: 139, name: Some(\"Prayer potion(3)\"), count: 1 }, InvRow { id: 139, name: Some(\"Prayer potion(3)\"), count: 1 }, InvRow { id: 139, name: Some(\"Prayer potion(3)\"), count: 1 }, InvRow { id: 139, name: Some(\"Prayer potion(3)\"), count: 1 }, InvRow { id: 139, name: Some(\"Prayer potion(3)\"), count: 1 }, InvRow { id: 99, name: Some(\"Unfinished potion\"), count: 1 }, InvRow { id: 99, name: Some(\"Unfinished potion\"), count: 1 }, InvRow { id: 99, name: Some(\"Unfinished potion\"), count: 1 }, InvRow { id: 99, name: Some(\"Unfinished potion\"), count: 1 }, InvRow { id: 99, name: Some(\"Unfinished potion\"), count: 1 }, InvRow { id: 99, name: Some(\"Unfinished potion\"), count: 1 }, InvRow { id: 99, name: Some(\"Unfinished potion\"), count: 1 }, InvRow { id: 99, name: Some(\"Unfinished potion\"), count: 1 }, InvRow { id: 99, name: Some(\"Unfinished potion\"), count: 1 }, InvRow { id: 231, name: Some(\"Snape grass\"), count: 1 }, InvRow { id: 231, name: Some(\"Snape grass\"), count: 1 }, InvRow { id: 231, name: Some(\"Snape grass\"), count: 1 }, InvRow { id: 231, name: Some(\"Snape grass\"), count: 1 }, InvRow { id: 231, name: Some(\"Snape grass\"), count: 1 }, InvRow { id: 231, name: Some(\"Snape grass\"), count: 1 }, InvRow { id: 231, name: Some(\"Snape grass\"), count: 1 }, InvRow { id: 231, name: Some(\"Snape grass\"), count: 1 }, InvRow { id: 231, name: Some(\"Snape grass\"), count: 1 }], stat: Some(StatRow { runenergy: 100 }), chat: [ChatRow { text: \"You mix the snape grass into your potion.\", username: None }, ChatRow { text: \"You mix the snape grass into your potion.\", username: None }, ChatRow { text: \"You mix the snape grass into your potion.\", username: None }, ChatRow { text: \"You mix the snape grass into your potion.\", username: None }, ChatRow { text: \"You mix the snape grass into your potion.\", username: None }, ChatRow { text: \"You put the Ranarr Weed into the vial of water.\", username: None }, ChatRow { text: \"You put the Ranarr Weed into the vial of water.\", username: None }, ChatRow { text: \"You put the Ranarr Weed into the vial of water.\", username: None }, ChatRow { text: \"You put the Ranarr Weed into the vial of water.\", username: None }, ChatRow { text: \"You put the Ranarr Weed into the vial of water.\", username: None }, ChatRow { text: \"You put the Ranarr Weed into the vial of water.\", username: None }, ChatRow { text: \"You put the Ranarr Weed into the vial of water.\", username: None }, ChatRow { text: \"You put the Ranarr Weed into the vial of water.\", username: None }, ChatRow { text: \"You put the Ranarr Weed into the vial of water.\", username: None }, ChatRow { text: \"You put the Ranarr Weed into the vial of water.\", username: None }, ChatRow { text: \"You put the Ranarr Weed into the vial of water.\", username: None }, ChatRow { text: \"You put the Ranarr Weed into the vial of water.\", username: None }, ChatRow { text: \"You put the Ranarr Weed into the vial of water.\", username: None }, ChatRow { text: \"You put the Ranarr Weed into the vial of water.\", username: None }, ChatRow { text: \"You mix the snape grass into your potion.\", username: None }, ChatRow { text: \"You mix the snape grass into your potion.\", username: None }, ChatRow { text: \"You mix the snape grass into your potion.\", username: None }, ChatRow { text: \"You mix the snape grass into your potion.\", username: None }, ChatRow { text: \"You mix the snape grass into your potion.\", username: None }, ChatRow { text: \"You mix the snape grass into your potion.\", username: None }, ChatRow { text: \"You mix the snape grass into your potion.\", username: None }, ChatRow { text: \"You mix the snape grass into your potion.\", username: None }, ChatRow { text: \"You mix the snape grass into your potion.\", username: None }, ChatRow { text: \"You mix the snape grass into your potion.\", username: None }, ChatRow { text: \"You mix the snape grass into your potion.\", username: None }, ChatRow { text: \"You mix the snape grass into your potion.\", username: None }, ChatRow { text: \"You mix the snape grass into your potion.\", username: None }, ChatRow { text: \"You mix the snape grass into your potion.\", username: None }, ChatRow { text: \"You put the Ranarr Weed into the vial of water.\", username: None }, ChatRow { text: \"You put the Ranarr Weed into the vial of water.\", username: None }, ChatRow { text: \"You put the Ranarr Weed into the vial of water.\", username: None }, ChatRow { text: \"You put the Ranarr Weed into the vial of water.\", username: None }, ChatRow { text: \"You put the Ranarr Weed into the vial of water.\", username: None }, ChatRow { text: \"You put the Ranarr Weed into the vial of water.\", username: None }, ChatRow { text: \"You put the Ranarr Weed into the vial of water.\", username: None }, ChatRow { text: \"You put the Ranarr Weed into the vial of water.\", username: None }, ChatRow { text: \"You put the Ranarr Weed into the vial of water.\", username: None }, ChatRow { text: \"You put the Ranarr Weed into the vial of water.\", username: None }, ChatRow { text: \"You put the Ranarr Weed into the vial of water.\", username: None }, ChatRow { text: \"You put the Ranarr Weed into the vial of water.\", username: None }, ChatRow { text: \"You put the Ranarr Weed into the vial of water.\", username: None }, ChatRow { text: \"You put the Ranarr Weed into the vial of water.\", username: None }, ChatRow { text: \"You mix the snape grass into your potion.\", username: None }, ChatRow { text: \"You mix the snape grass into your potion.\", username: None }, ChatRow { text: \"You mix the snape grass into your potion.\", username: None }, ChatRow { text: \"You mix the snape grass into your potion.\", username: None }, ChatRow { text: \"You mix the snape grass into your potion.\", username: None }, ChatRow { text: \"You mix the snape grass into your potion.\", username: None }, ChatRow { text: \"You mix the snape grass into your potion.\", username: None }, ChatRow { text: \"You mix the snape grass into your potion.\", username: None }, ChatRow { text: \"You mix the snape grass into your potion.\", username: None }, ChatRow { text: \"You mix the snape grass into your potion.\", username: None }, ChatRow { text: \"You mix the snape grass into your potion.\", username: None }, ChatRow { text: \"You mix the snape grass into your potion.\", username: None }, ChatRow { text: \"You mix the snape grass into your potion.\", username: None }, ChatRow { text: \"You mix the snape grass into your potion.\", username: None }, ChatRow { text: \"You put the Ranarr Weed into the vial of water.\", username: None }, ChatRow { text: \"You put the Ranarr Weed into the vial of water.\", username: None }, ChatRow { text: \"You put the Ranarr Weed into the vial of water.\", username: None }, ChatRow { text: \"You put the Ranarr Weed into the vial of water.\", username: None }, ChatRow { text: \"You put the Ranarr Weed into the vial of water.\", username: None }, ChatRow { text: \"You put the Ranarr Weed into the vial of water.\", username: None }, ChatRow { text: \"You put the Ranarr Weed into the vial of water.\", username: None }, ChatRow { text: \"You put the Ranarr Weed into the vial of water.\", username: None }, ChatRow { text: \"You put the Ranarr Weed into the vial of water.\", username: None }, ChatRow { text: \"You put the Ranarr Weed into the vial of water.\", username: None }, ChatRow { text: \"You put the Ranarr Weed into the vial of water.\", username: None }, ChatRow { text: \"You put the Ranarr Weed into the vial of water.\", username: None }, ChatRow { text: \"You put the Ranarr Weed into the vial of water.\", username: None }, ChatRow { text: \"You put the Ranarr Weed into the vial of water.\", username: None }, ChatRow { text: \"Inventory wiped.\", username: None }, ChatRow { text: \"set tutorial: to 1000\", username: None }, ChatRow { text: \"Welcome to RuneScape.\", username: None }], scene: 2 })","core":{"case":"potion_maker_named","baseline":{"ingame":true,"scene_state":2,"player":"Live0mdmbh 0","tile":[3185,3440,0],"tick":36,"items":{},"item_ids":{},"bank":{},"bank_ids":{},"bank_open":false,"bank_loaded":false,"bank_generation":2,"levels":{"-unused-":0,"agility":1,"attack":1,"cooking":1,"crafting":1,"defence":1,"firemaking":1,"fishing":1,"fletching":1,"herblore":38,"hitpoints":10,"magic":1,"mining":1,"prayer":1,"ranged":1,"runecraft":1,"slayer":1,"smithing":1,"strength":1,"thieving":1,"woodcutting":1},"xp":{"-unused-":0,"agility":0,"attack":0,"cooking":0,"crafting":0,"defence":0,"firemaking":0,"fishing":0,"fletching":0,"herblore":30408,"hitpoints":1154,"magic":0,"mining":0,"prayer":0,"ranged":0,"runecraft":0,"slayer":0,"smithing":0,"strength":0,"thieving":0,"woodcutting":0},"chat":[[8,"Inventory wiped."],[7,"set tutorial: to 1000"],[6,"Welcome to RuneScape."]],"loc_facts":[{"id":1533,"x":3183,"z":3434,"level":0,"name":"Door","open":true}],"equipment_ids":{}},"latest":{"ingame":true,"scene_state":2,"player":"Live0mdmbh 0","tile":[3185,3440,0],"tick":112,"items":{"Prayer potion(3)":5,"Snape grass":9,"Unfinished potion":9},"item_ids":{"99":9,"139":5,"231":9},"bank":{},"bank_ids":{},"bank_open":false,"bank_loaded":false,"bank_generation":14,"levels":{"-unused-":0,"agility":1,"attack":1,"cooking":1,"crafting":1,"defence":1,"firemaking":1,"fishing":1,"fletching":1,"herblore":38,"hitpoints":10,"magic":1,"mining":1,"prayer":1,"ranged":1,"runecraft":1,"slayer":1,"smithing":1,"strength":1,"thieving":1,"woodcutting":1},"xp":{"-unused-":0,"agility":0,"attack":0,"cooking":0,"crafting":0,"defence":0,"firemaking":0,"fishing":0,"fletching":0,"herblore":33295,"hitpoints":1154,"magic":0,"mining":0,"prayer":0,"ranged":0,"runecraft":0,"slayer":0,"smithing":0,"strength":0,"thieving":0,"woodcutting":0},"chat":[[83,"You mix the snape grass into your potion."],[82,"You mix the snape grass into your potion."],[81,"You mix the snape grass into your potion."],[80,"You mix the snape grass into your potion."],[79,"You mix the snape grass into your potion."],[78,"You put the Ranarr Weed into the vial of water."],[77,"You put the Ranarr Weed into the vial of water."],[76,"You put the Ranarr Weed into the vial of water."],[75,"You put the Ranarr Weed into the vial of water."],[74,"You put the Ranarr Weed into the vial of water."],[73,"You put the Ranarr Weed into the vial of water."],[72,"You put the Ranarr Weed into the vial of water."],[71,"You put the Ranarr Weed into the vial of water."],[70,"You put the Ranarr Weed into the vial of water."],[69,"You put the Ranarr Weed into the vial of water."],[68,"You put the Ranarr Weed into the vial of water."],[67,"You put the Ranarr Weed into the vial of water."],[66,"You put the Ranarr Weed into the vial of water."],[65,"You put the Ranarr Weed into the vial of water."],[64,"You mix the snape grass into your potion."],[63,"You mix the snape grass into your potion."],[62,"You mix the snape grass into your potion."],[61,"You mix the snape grass into your potion."],[60,"You mix the snape grass into your potion."],[59,"You mix the snape grass into your potion."],[58,"You mix the snape grass into your potion."],[57,"You mix the snape grass into your potion."],[56,"You mix the snape grass into your potion."],[55,"You mix the snape grass into your potion."],[54,"You mix the snape grass into your potion."],[53,"You mix the snape grass into your potion."],[52,"You mix the snape grass into your potion."],[51,"You mix the snape grass into your potion."],[50,"You put the Ranarr Weed into the vial of water."],[49,"You put the Ranarr Weed into the vial of water."],[48,"You put the Ranarr Weed into the vial of water."],[47,"You put the Ranarr Weed into the vial of water."],[46,"You put the Ranarr Weed into the vial of water."],[45,"You put the Ranarr Weed into the vial of water."],[44,"You put the Ranarr Weed into the vial of water."],[43,"You put the Ranarr Weed into the vial of water."],[42,"You put the Ranarr Weed into the vial of water."],[41,"You put the Ranarr Weed into the vial of water."],[40,"You put the Ranarr Weed into the vial of water."],[39,"You put the Ranarr Weed into the vial of water."],[38,"You put the Ranarr Weed into the vial of water."],[37,"You put the Ranarr Weed into the vial of water."],[36,"You mix the snape grass into your potion."],[35,"You mix the snape grass into your potion."],[34,"You mix the snape grass into your potion."],[33,"You mix the snape grass into your potion."],[32,"You mix the snape grass into your potion."],[31,"You mix the snape grass into your potion."],[30,"You mix the snape grass into your potion."],[29,"You mix the snape grass into your potion."],[28,"You mix the snape grass into your potion."],[27,"You mix the snape grass into your potion."],[26,"You mix the snape grass into your potion."],[25,"You mix the snape grass into your potion."],[24,"You mix the snape grass into your potion."],[23,"You mix the snape grass into your potion."],[22,"You put the Ranarr Weed into the vial of water."],[21,"You put the Ranarr Weed into the vial of water."],[20,"You put the Ranarr Weed into the vial of water."],[19,"You put the Ranarr Weed into the vial of water."],[18,"You put the Ranarr Weed into the vial of water."],[17,"You put the Ranarr Weed into the vial of water."],[16,"You put the Ranarr Weed into the vial of water."],[15,"You put the Ranarr Weed into the vial of water."],[14,"You put the Ranarr Weed into the vial of water."],[13,"You put the Ranarr Weed into the vial of water."],[12,"You put the Ranarr Weed into the vial of water."],[11,"You put the Ranarr Weed into the vial of water."],[10,"You put the Ranarr Weed into the vial of water."],[9,"You put the Ranarr Weed into the vial of water."],[8,"Inventory wiped."],[7,"set tutorial: to 1000"],[6,"Welcome to RuneScape."]],"loc_facts":[{"id":1533,"x":3183,"z":3434,"level":0,"name":"Door","open":true}],"equipment_ids":{}},"max_items":{"Prayer potion(3)":14,"Ranarr weed":14,"Snape grass":14,"Unfinished potion":14,"Vial of water":14},"max_xp":{"-unused-":0,"agility":0,"attack":0,"cooking":0,"crafting":0,"defence":0,"firemaking":0,"fishing":0,"fletching":0,"herblore":33295,"hitpoints":1154,"magic":0,"mining":0,"prayer":0,"ranged":0,"runecraft":0,"slayer":0,"smithing":0,"strength":0,"thieving":0,"woodcutting":0},"saw_bury_chat":false,"post_start_observations":1706,"bone_bank_cycle":{"first_batch_buried":false,"opened":null,"withdrawn":null,"buried_after_withdrawal":false},"bank_fletcher_cycle":{"first_pack_created":false,"deposited":null,"withdrawn":null,"crafted_after_withdrawal":false},"bank_fletcher_string_cycle":{"initial_pairs_strung":false,"deposited":null,"withdrawn":null,"strung_after_withdrawal":false},"bank_fletcher_cut_string_cycle":{"cut_pair_created":false,"deposited":null,"withdrawn":null,"string_pair_created":false},"alcher_generated_custom_cycle":{"withdrawn":null,"consumed":false},"dart_fletcher_cycle":{"first":null,"further":false,"wrong_tier":false},"herb_cleaner_cycle":{"first_pack":false,"deposited":null,"withdrawn":null,"cleaned_after_withdrawal":false,"filter_violated":false},"gem_cutter_cycle":{"first_pack":false,"deposited":null,"withdrawn":null,"cut_after_withdrawal":false,"filter_violated":false},"door_opener_cycle":{"selected":null,"opened":false},"gnome_course_cycle":{"log":null,"ground_return":null,"pipe":null,"second_lap":false},"flax_picker_cycle":{"first_pack":false,"deposited":null,"returned":false,"further":false},"superheater_cycle":{"first_bars":false,"deposited":null,"withdrawn":null,"produced_after_withdrawal":false,"wrong_product":false,"wrong_staff":false},"chicken_killer_bank_cycle":{"combat_loot":false,"deposited":null,"returned":false,"further":false},"vial_filler_cycle":{"filled":null,"deposited":null,"withdrawn":null,"returned":false,"further":false},"potion_maker_cycle":{"unfinished":{"ingame":true,"scene_state":2,"player":"Live0mdmbh 0","tile":[3185,3440,0],"tick":46,"items":{"Ranarr weed":9,"Unfinished potion":5,"Vial of water":9},"item_ids":{"99":5,"227":9,"257":9},"bank":{},"bank_ids":{},"bank_open":false,"bank_loaded":false,"bank_generation":4,"levels":{"-unused-":0,"agility":1,"attack":1,"cooking":1,"crafting":1,"defence":1,"firemaking":1,"fishing":1,"fletching":1,"herblore":38,"hitpoints":10,"magic":1,"mining":1,"prayer":1,"ranged":1,"runecraft":1,"slayer":1,"smithing":1,"strength":1,"thieving":1,"woodcutting":1},"xp":{"-unused-":0,"agility":0,"attack":0,"cooking":0,"crafting":0,"defence":0,"firemaking":0,"fishing":0,"fletching":0,"herblore":30408,"hitpoints":1154,"magic":0,"mining":0,"prayer":0,"ranged":0,"runecraft":0,"slayer":0,"smithing":0,"strength":0,"thieving":0,"woodcutting":0},"chat":[[13,"You put the Ranarr Weed into the vial of water."],[12,"You put the Ranarr Weed into the vial of water."],[11,"You put the Ranarr Weed into the vial of water."],[10,"You put the Ranarr Weed into the vial of water."],[9,"You put the Ranarr Weed into the vial of water."],[8,"Inventory wiped."],[7,"set tutorial: to 1000"],[6,"Welcome to RuneScape."]],"loc_facts":[{"id":1533,"x":3183,"z":3434,"level":0,"name":"Door","open":true}],"equipment_ids":{}},"finished":{"ingame":true,"scene_state":2,"player":"Live0mdmbh 0","tile":[3185,3440,0],"tick":58,"items":{"Prayer potion(3)":10,"Snape grass":4,"Unfinished potion":4},"item_ids":{"99":4,"139":10,"231":4},"bank":{},"bank_ids":{},"bank_open":false,"bank_loaded":false,"bank_generation":6,"levels":{"-unused-":0,"agility":1,"attack":1,"cooking":1,"crafting":1,"defence":1,"firemaking":1,"fishing":1,"fletching":1,"herblore":38,"hitpoints":10,"magic":1,"mining":1,"prayer":1,"ranged":1,"runecraft":1,"slayer":1,"smithing":1,"strength":1,"thieving":1,"woodcutting":1},"xp":{"-unused-":0,"agility":0,"attack":0,"cooking":0,"crafting":0,"defence":0,"firemaking":0,"fishing":0,"fletching":0,"herblore":31283,"hitpoints":1154,"magic":0,"mining":0,"prayer":0,"ranged":0,"runecraft":0,"slayer":0,"smithing":0,"strength":0,"thieving":0,"woodcutting":0},"chat":[[32,"You mix the snape grass into your potion."],[31,"You mix the snape grass into your potion."],[30,"You mix the snape grass into your potion."],[29,"You mix the snape grass into your potion."],[28,"You mix the snape grass into your potion."],[27,"You mix the snape grass into your potion."],[26,"You mix the snape grass into your potion."],[25,"You mix the snape grass into your potion."],[24,"You mix the snape grass into your potion."],[23,"You mix the snape grass into your potion."],[22,"You put the Ranarr Weed into the vial of water."],[21,"You put the Ranarr Weed into the vial of water."],[20,"You put the Ranarr Weed into the vial of water."],[19,"You put the Ranarr Weed into the vial of water."],[18,"You put the Ranarr Weed into the vial of water."],[17,"You put the Ranarr Weed into the vial of water."],[16,"You put the Ranarr Weed into the vial of water."],[15,"You put the Ranarr Weed into the vial of water."],[14,"You put the Ranarr Weed into the vial of water."],[13,"You put the Ranarr Weed into the vial of water."],[12,"You put the Ranarr Weed into the vial of water."],[11,"You put the Ranarr Weed into the vial of water."],[10,"You put the Ranarr Weed into the vial of water."],[9,"You put the Ranarr Weed into the vial of water."],[8,"Inventory wiped."],[7,"set tutorial: to 1000"],[6,"Welcome to RuneScape."]],"loc_facts":[{"id":1533,"x":3183,"z":3434,"level":0,"name":"Door","open":true}],"equipment_ids":{}},"deposited":{"ingame":true,"scene_state":2,"player":"Live0mdmbh 0","tile":[3185,3440,0],"tick":63,"items":{},"item_ids":{},"bank":{"Guam leaf":14,"Prayer potion(3)":14,"Ranarr weed":28,"Snape grass":28,"Vial of water":28},"bank_ids":{"139":14,"227":28,"231":28,"249":14,"257":28},"bank_open":true,"bank_loaded":true,"bank_generation":7,"levels":{"-unused-":0,"agility":1,"attack":1,"cooking":1,"crafting":1,"defence":1,"firemaking":1,"fishing":1,"fletching":1,"herblore":38,"hitpoints":10,"magic":1,"mining":1,"prayer":1,"ranged":1,"runecraft":1,"slayer":1,"smithing":1,"strength":1,"thieving":1,"woodcutting":1},"xp":{"-unused-":0,"agility":0,"attack":0,"cooking":0,"crafting":0,"defence":0,"firemaking":0,"fishing":0,"fletching":0,"herblore":31633,"hitpoints":1154,"magic":0,"mining":0,"prayer":0,"ranged":0,"runecraft":0,"slayer":0,"smithing":0,"strength":0,"thieving":0,"woodcutting":0},"chat":[[36,"You mix the snape grass into your potion."],[35,"You mix the snape grass into your potion."],[34,"You mix the snape grass into your potion."],[33,"You mix the snape grass into your potion."],[32,"You mix the snape grass into your potion."],[31,"You mix the snape grass into your potion."],[30,"You mix the snape grass into your potion."],[29,"You mix the snape grass into your potion."],[28,"You mix the snape grass into your potion."],[27,"You mix the snape grass into your potion."],[26,"You mix the snape grass into your potion."],[25,"You mix the snape grass into your potion."],[24,"You mix the snape grass into your potion."],[23,"You mix the snape grass into your potion."],[22,"You put the Ranarr Weed into the vial of water."],[21,"You put the Ranarr Weed into the vial of water."],[20,"You put the Ranarr Weed into the vial of water."],[19,"You put the Ranarr Weed into the vial of water."],[18,"You put the Ranarr Weed into the vial of water."],[17,"You put the Ranarr Weed into the vial of water."],[16,"You put the Ranarr Weed into the vial of water."],[15,"You put the Ranarr Weed into the vial of water."],[14,"You put the Ranarr Weed into the vial of water."],[13,"You put the Ranarr Weed into the vial of water."],[12,"You put the Ranarr Weed into the vial of water."],[11,"You put the Ranarr Weed into the vial of water."],[10,"You put the Ranarr Weed into the vial of water."],[9,"You put the Ranarr Weed into the vial of water."],[8,"Inventory wiped."],[7,"set tutorial: to 1000"],[6,"Welcome to RuneScape."]],"loc_facts":[{"id":1533,"x":3183,"z":3434,"level":0,"name":"Door","open":true}],"equipment_ids":{}},"withdrawn":{"ingame":true,"scene_state":2,"player":"Live0mdmbh 0","tile":[3185,3440,0],"tick":70,"items":{"Ranarr weed":14,"Vial of water":14},"item_ids":{"227":14,"257":14},"bank":{"Guam leaf":14,"Prayer potion(3)":14,"Ranarr weed":14,"Snape grass":28,"Vial of water":14},"bank_ids":{"139":14,"227":14,"231":28,"249":14,"257":14},"bank_open":true,"bank_loaded":true,"bank_generation":7,"levels":{"-unused-":0,"agility":1,"attack":1,"cooking":1,"crafting":1,"defence":1,"firemaking":1,"fishing":1,"fletching":1,"herblore":38,"hitpoints":10,"magic":1,"mining":1,"prayer":1,"ranged":1,"runecraft":1,"slayer":1,"smithing":1,"strength":1,"thieving":1,"woodcutting":1},"xp":{"-unused-":0,"agility":0,"attack":0,"cooking":0,"crafting":0,"defence":0,"firemaking":0,"fishing":0,"fletching":0,"herblore":31633,"hitpoints":1154,"magic":0,"mining":0,"prayer":0,"ranged":0,"runecraft":0,"slayer":0,"smithing":0,"strength":0,"thieving":0,"woodcutting":0},"chat":[[36,"You mix the snape grass into your potion."],[35,"You mix the snape grass into your potion."],[34,"You mix the snape grass into your potion."],[33,"You mix the snape grass into your potion."],[32,"You mix the snape grass into your potion."],[31,"You mix the snape grass into your potion."],[30,"You mix the snape grass into your potion."],[29,"You mix the snape grass into your potion."],[28,"You mix the snape grass into your potion."],[27,"You mix the snape grass into your potion."],[26,"You mix the snape grass into your potion."],[25,"You mix the snape grass into your potion."],[24,"You mix the snape grass into your potion."],[23,"You mix the snape grass into your potion."],[22,"You put the Ranarr Weed into the vial of water."],[21,"You put the Ranarr Weed into the vial of water."],[20,"You put the Ranarr Weed into the vial of water."],[19,"You put the Ranarr Weed into the vial of water."],[18,"You put the Ranarr Weed into the vial of water."],[17,"You put the Ranarr Weed into the vial of water."],[16,"You put the Ranarr Weed into the vial of water."],[15,"You put the Ranarr Weed into the vial of water."],[14,"You put the Ranarr Weed into the vial of water."],[13,"You put the Ranarr Weed into the vial of water."],[12,"You put the Ranarr Weed into the vial of water."],[11,"You put the Ranarr Weed into the vial of water."],[10,"You put the Ranarr Weed into the vial of water."],[9,"You put the Ranarr Weed into the vial of water."],[8,"Inventory wiped."],[7,"set tutorial: to 1000"],[6,"Welcome to RuneScape."]],"loc_facts":[{"id":1533,"x":3183,"z":3434,"level":0,"name":"Door","open":true}],"equipment_ids":{}},"further":true,"wrong_product":false,"filter_violated":false},"ordered_first_exhausted":false}}
test catalog_boundary_live ... ok

test result: ok. 1 passed; 0 failed; 0 ignored; 0 measured; 23 filtered out; finished in 82.02s

