
running 1 test
{"phase":"identity","revision":289,"profile":"local-289 · 127.0.0.1:44594 · revision 289","cache_id":"c4d8ab36bcfd2a7907535b4f619e28623b0a22e98d496fd2a9620d544c5b5b09","nav_pack":"/Users/acfrazier/experiments/274bot/.worktrees/rs2b0t-multirevision/.superpowers/world-capabilities/289/274bot.navpack","nav_sha256":"131db92e32eddcb08148909d477589544320fe7e34a422e8004e97e888032924","catalog_commit":"100adccc037d9f6898080e1cad58fcfc43364775","catalog_identity":"pre-289 frozen catalog","catalog_read_only_path":".superpowers/inputs/rs2b0t-100adccc037d9f6898080e1cad58fcfc43364775","catalog_root":"/Users/acfrazier/experiments/274bot/.worktrees/rs2b0t-multirevision/.superpowers/inputs/rs2b0t-100adccc037d9f6898080e1cad58fcfc43364775","registry_path":"/Users/acfrazier/experiments/274bot/.worktrees/rs2b0t-multirevision/.superpowers/inputs/rs2b0t-100adccc037d9f6898080e1cad58fcfc43364775/src/bot/scripts/index.ts","registry_sha256":"b614aedb3d5adfdfbac3760f082273f3cf5c33fffe4ced0f2b01490ae02d1bc2","card":{"card":"GemCutter","source_path":"/Users/acfrazier/experiments/274bot/.worktrees/rs2b0t-multirevision/.superpowers/inputs/rs2b0t-100adccc037d9f6898080e1cad58fcfc43364775/src/bot/scripts/GemCutter/GemCutter.ts","source_sha256":"8f42276e6c2c1f7d64aa71367e0b9a78662f67b4100567ff5295027e2277b6bb","compiled_sha256":"8c88e5ca1cd1e10f27a16baa7729a0176c202d38abb252b56c220caa8c6bb0f5","siblings":[{"module":"/rs2b0t/bot/scripts/bot/GemCutterLogic.js","compiled_sha256":"9b5ef8e13b91fe71f6b2b9a95acdc41d85cdb382a12cf20eda200bacd147e96a"}],"settings":{"gems":["Sapphire"]}},"account":"livegdx765_0","engine_speed_ms":null}
[host-play] slot livegdx765_0: thread up
274bot: snapshot load skipped: read /Users/acfrazier/.274bot/unpack-289/37214163f1e6ceca/models.bin: No such file or directory (os error 2)
[host-play] slot livegdx765_0: handshake begin reconnect=false
[host-play] slot livegdx765_0: handshake ok
[host] slot livegdx765_0: d_loop_us=2390 d_raster_us=0 d_observe_us=24556 max_observe_us=1942 d_paints=0 d_skips=50 d_ticks=1 window_ms=0
[host-play] slot livegdx765_0: queued mainland tele+setvar (scene 2)
[host-play] slot livegdx765_0: handshake begin reconnect=true
[host-play] slot livegdx765_0: handshake ok
[host] slot livegdx765_0: d_loop_us=856 d_raster_us=0 d_observe_us=36046 max_observe_us=3907 d_paints=0 d_skips=50 d_ticks=1 window_ms=0
[host-play] slot livegdx765_0: queued mainland tele+setvar (scene 2)
test catalog_boundary_live has been running for over 60 seconds
[host] slot livegdx765_0: d_loop_us=28129 d_raster_us=0 d_observe_us=108847 max_observe_us=10264 d_paints=0 d_skips=50 d_ticks=22 window_ms=13148
{"phase":"baseline-after-preparation","scenario":"gem_cutter_named","account":"livegdx765_0","observation":{"ingame":true,"scene_state":2,"player":"Livegdx765 0","tile":[3185,3440,0],"tick":29,"items":{},"item_ids":{},"bank":{},"bank_ids":{},"bank_open":false,"bank_loaded":false,"bank_generation":2,"levels":{"-unused-":0,"agility":1,"attack":1,"cooking":1,"crafting":20,"defence":1,"firemaking":1,"fishing":1,"fletching":1,"herblore":1,"hitpoints":10,"magic":1,"mining":1,"prayer":1,"ranged":1,"runecraft":1,"slayer":1,"smithing":1,"strength":1,"thieving":1,"woodcutting":1},"xp":{"-unused-":0,"agility":0,"attack":0,"cooking":0,"crafting":4470,"defence":0,"firemaking":0,"fishing":0,"fletching":0,"herblore":0,"hitpoints":1154,"magic":0,"mining":0,"prayer":0,"ranged":0,"runecraft":0,"slayer":0,"smithing":0,"strength":0,"thieving":0,"woodcutting":0},"chat":[[7,"Inventory wiped."],[6,"set tutorial: to 1000"],[5,"Welcome to RuneScape."]]}}
[script livegdx765_0] start load
{"phase":"start","account":"livegdx765_0","count":1}
[host] hitch livegdx765_0: observe_us=118886 paints=0 skips=107 ticks=29
[script livegdx765_0] GemCutter — cut Sapphire (Crafting 20)
[script livegdx765_0] interact OpenBooth { x: 3186, z: 3440, level: 0, id: 2213, name: None, action: None }
[host] hitch livegdx765_0: observe_us=16437 paints=0 skips=130 ticks=31
[host] slot livegdx765_0: d_loop_us=1552 d_raster_us=0 d_observe_us=227672 max_observe_us=118886 d_paints=0 d_skips=50 d_ticks=8 window_ms=5270
[script livegdx765_0] bank opened, starting withdraw/deposit cycle
[script livegdx765_0] depositing inventory (keeping chisel)
[host] slot livegdx765_0: d_loop_us=1504 d_raster_us=0 d_observe_us=107467 max_observe_us=8592 d_paints=0 d_skips=50 d_ticks=2 window_ms=1163
[host] slot livegdx765_0: d_loop_us=1285 d_raster_us=0 d_observe_us=92433 max_observe_us=11762 d_paints=0 d_skips=50 d_ticks=2 window_ms=1171
[script livegdx765_0] withdrawing chisel
[script livegdx765_0] got chisel
[script livegdx765_0] trying to withdraw 27 Sapphire (have 0)
[host] slot livegdx765_0: d_loop_us=1483 d_raster_us=0 d_observe_us=108089 max_observe_us=13618 d_paints=0 d_skips=50 d_ticks=2 window_ms=1187
[script livegdx765_0] withdrew 27 Sapphire
[script livegdx765_0] got gems, closing bank
[script livegdx765_0] interact Close
[shim-close] sent
[host] slot livegdx765_0: d_loop_us=1475 d_raster_us=0 d_observe_us=95097 max_observe_us=11789 d_paints=0 d_skips=50 d_ticks=2 window_ms=1178
[host] hitch livegdx765_0: observe_us=16078 paints=0 skips=360 ticks=40
[script livegdx765_0] banked @ Bank booth: gave 0 items, took 27 uncut gems
[script livegdx765_0] interact UseOn { name: "Chisel", kind: "inv", target_name: Some("Uncut sapphire"), x: 0, z: 0, level: 0, index: None }
[script livegdx765_0] interact UseOn { name: "Chisel", kind: "inv", target_name: Some("Uncut sapphire"), x: 0, z: 0, level: 0, index: None }
[script livegdx765_0] interact UseOn { name: "Chisel", kind: "inv", target_name: Some("Uncut sapphire"), x: 0, z: 0, level: 0, index: None }
[script livegdx765_0] interact UseOn { name: "Chisel", kind: "inv", target_name: Some("Uncut sapphire"), x: 0, z: 0, level: 0, index: None }
[script livegdx765_0] interact UseOn { name: "Chisel", kind: "inv", target_name: Some("Uncut sapphire"), x: 0, z: 0, level: 0, index: None }
[script livegdx765_0] interact UseOn { name: "Chisel", kind: "inv", target_name: Some("Uncut sapphire"), x: 0, z: 0, level: 0, index: None }
[script livegdx765_0] interact UseOn { name: "Chisel", kind: "inv", target_name: Some("Uncut sapphire"), x: 0, z: 0, level: 0, index: None }
[script livegdx765_0] interact UseOn { name: "Chisel", kind: "inv", target_name: Some("Uncut sapphire"), x: 0, z: 0, level: 0, index: None }
[script livegdx765_0] interact UseOn { name: "Chisel", kind: "inv", target_name: Some("Uncut sapphire"), x: 0, z: 0, level: 0, index: None }
[script livegdx765_0] interact UseOn { name: "Chisel", kind: "inv", target_name: Some("Uncut sapphire"), x: 0, z: 0, level: 0, index: None }
[script livegdx765_0] interact UseOn { name: "Chisel", kind: "inv", target_name: Some("Uncut sapphire"), x: 0, z: 0, level: 0, index: None }
[script livegdx765_0] interact UseOn { name: "Chisel", kind: "inv", target_name: Some("Uncut sapphire"), x: 0, z: 0, level: 0, index: None }
[script livegdx765_0] interact UseOn { name: "Chisel", kind: "inv", target_name: Some("Uncut sapphire"), x: 0, z: 0, level: 0, index: None }
[script livegdx765_0] interact UseOn { name: "Chisel", kind: "inv", target_name: Some("Uncut sapphire"), x: 0, z: 0, level: 0, index: None }
[script livegdx765_0] interact UseOn { name: "Chisel", kind: "inv", target_name: Some("Uncut sapphire"), x: 0, z: 0, level: 0, index: None }
[script livegdx765_0] interact UseOn { name: "Chisel", kind: "inv", target_name: Some("Uncut sapphire"), x: 0, z: 0, level: 0, index: None }
[script livegdx765_0] interact UseOn { name: "Chisel", kind: "inv", target_name: Some("Uncut sapphire"), x: 0, z: 0, level: 0, index: None }
[script livegdx765_0] interact UseOn { name: "Chisel", kind: "inv", target_name: Some("Uncut sapphire"), x: 0, z: 0, level: 0, index: None }
[script livegdx765_0] interact UseOn { name: "Chisel", kind: "inv", target_name: Some("Uncut sapphire"), x: 0, z: 0, level: 0, index: None }
[script livegdx765_0] interact UseOn { name: "Chisel", kind: "inv", target_name: Some("Uncut sapphire"), x: 0, z: 0, level: 0, index: None }
[script livegdx765_0] interact UseOn { name: "Chisel", kind: "inv", target_name: Some("Uncut sapphire"), x: 0, z: 0, level: 0, index: None }
[script livegdx765_0] interact UseOn { name: "Chisel", kind: "inv", target_name: Some("Uncut sapphire"), x: 0, z: 0, level: 0, index: None }
[script livegdx765_0] interact UseOn { name: "Chisel", kind: "inv", target_name: Some("Uncut sapphire"), x: 0, z: 0, level: 0, index: None }
[script livegdx765_0] interact UseOn { name: "Chisel", kind: "inv", target_name: Some("Uncut sapphire"), x: 0, z: 0, level: 0, index: None }
[script livegdx765_0] interact UseOn { name: "Chisel", kind: "inv", target_name: Some("Uncut sapphire"), x: 0, z: 0, level: 0, index: None }
[script livegdx765_0] interact UseOn { name: "Chisel", kind: "inv", target_name: Some("Uncut sapphire"), x: 0, z: 0, level: 0, index: None }
[script livegdx765_0] interact UseOn { name: "Chisel", kind: "inv", target_name: Some("Uncut sapphire"), x: 0, z: 0, level: 0, index: None }
[script livegdx765_0] interact UseOn { name: "Chisel", kind: "inv", target_name: Some("Uncut sapphire"), x: 0, z: 0, level: 0, index: None }
[script livegdx765_0] interact UseOn { name: "Chisel", kind: "inv", target_name: Some("Uncut sapphire"), x: 0, z: 0, level: 0, index: None }
[script livegdx765_0] interact UseOn { name: "Chisel", kind: "inv", target_name: Some("Uncut sapphire"), x: 0, z: 0, level: 0, index: None }
[script livegdx765_0] interact UseOn { name: "Chisel", kind: "inv", target_name: Some("Uncut sapphire"), x: 0, z: 0, level: 0, index: None }
[script livegdx765_0] interact UseOn { name: "Chisel", kind: "inv", target_name: Some("Uncut sapphire"), x: 0, z: 0, level: 0, index: None }
[script livegdx765_0] interact UseOn { name: "Chisel", kind: "inv", target_name: Some("Uncut sapphire"), x: 0, z: 0, level: 0, index: None }
[script livegdx765_0] interact UseOn { name: "Chisel", kind: "inv", target_name: Some("Uncut sapphire"), x: 0, z: 0, level: 0, index: None }
[script livegdx765_0] interact UseOn { name: "Chisel", kind: "inv", target_name: Some("Uncut sapphire"), x: 0, z: 0, level: 0, index: None }
[script livegdx765_0] interact UseOn { name: "Chisel", kind: "inv", target_name: Some("Uncut sapphire"), x: 0, z: 0, level: 0, index: None }
[script livegdx765_0] interact UseOn { name: "Chisel", kind: "inv", target_name: Some("Uncut sapphire"), x: 0, z: 0, level: 0, index: None }
[script livegdx765_0] interact UseOn { name: "Chisel", kind: "inv", target_name: Some("Uncut sapphire"), x: 0, z: 0, level: 0, index: None }
[script livegdx765_0] interact UseOn { name: "Chisel", kind: "inv", target_name: Some("Uncut sapphire"), x: 0, z: 0, level: 0, index: None }
[script livegdx765_0] interact UseOn { name: "Chisel", kind: "inv", target_name: Some("Uncut sapphire"), x: 0, z: 0, level: 0, index: None }
[script livegdx765_0] interact UseOn { name: "Chisel", kind: "inv", target_name: Some("Uncut sapphire"), x: 0, z: 0, level: 0, index: None }
[script livegdx765_0] interact UseOn { name: "Chisel", kind: "inv", target_name: Some("Uncut sapphire"), x: 0, z: 0, level: 0, index: None }
[script livegdx765_0] interact UseOn { name: "Chisel", kind: "inv", target_name: Some("Uncut sapphire"), x: 0, z: 0, level: 0, index: None }
[script livegdx765_0] interact UseOn { name: "Chisel", kind: "inv", target_name: Some("Uncut sapphire"), x: 0, z: 0, level: 0, index: None }
[script livegdx765_0] interact UseOn { name: "Chisel", kind: "inv", target_name: Some("Uncut sapphire"), x: 0, z: 0, level: 0, index: None }
[script livegdx765_0] interact UseOn { name: "Chisel", kind: "inv", target_name: Some("Uncut sapphire"), x: 0, z: 0, level: 0, index: None }
[script livegdx765_0] interact UseOn { name: "Chisel", kind: "inv", target_name: Some("Uncut sapphire"), x: 0, z: 0, level: 0, index: None }
[script livegdx765_0] interact UseOn { name: "Chisel", kind: "inv", target_name: Some("Uncut sapphire"), x: 0, z: 0, level: 0, index: None }
[script livegdx765_0] interact UseOn { name: "Chisel", kind: "inv", target_name: Some("Uncut sapphire"), x: 0, z: 0, level: 0, index: None }
[script livegdx765_0] interact UseOn { name: "Chisel", kind: "inv", target_name: Some("Uncut sapphire"), x: 0, z: 0, level: 0, index: None }
[script livegdx765_0] interact UseOn { name: "Chisel", kind: "inv", target_name: Some("Uncut sapphire"), x: 0, z: 0, level: 0, index: None }
[script livegdx765_0] interact UseOn { name: "Chisel", kind: "inv", target_name: Some("Uncut sapphire"), x: 0, z: 0, level: 0, index: None }
[script livegdx765_0] interact UseOn { name: "Chisel", kind: "inv", target_name: Some("Uncut sapphire"), x: 0, z: 0, level: 0, index: None }
[script livegdx765_0] interact UseOn { name: "Chisel", kind: "inv", target_name: Some("Uncut sapphire"), x: 0, z: 0, level: 0, index: None }
[script livegdx765_0] interact UseOn { name: "Chisel", kind: "inv", target_name: Some("Uncut sapphire"), x: 0, z: 0, level: 0, index: None }
[script livegdx765_0] interact UseOn { name: "Chisel", kind: "inv", target_name: Some("Uncut sapphire"), x: 0, z: 0, level: 0, index: None }
[script livegdx765_0] interact UseOn { name: "Chisel", kind: "inv", target_name: Some("Uncut sapphire"), x: 0, z: 0, level: 0, index: None }
[script livegdx765_0] interact UseOn { name: "Chisel", kind: "inv", target_name: Some("Uncut sapphire"), x: 0, z: 0, level: 0, index: None }
[script livegdx765_0] interact UseOn { name: "Chisel", kind: "inv", target_name: Some("Uncut sapphire"), x: 0, z: 0, level: 0, index: None }
[script livegdx765_0] interact UseOn { name: "Chisel", kind: "inv", target_name: Some("Uncut sapphire"), x: 0, z: 0, level: 0, index: None }
[host] slot livegdx765_0: d_loop_us=1196 d_raster_us=0 d_observe_us=92931 max_observe_us=16078 d_paints=0 d_skips=50 d_ticks=2 window_ms=1179
[host] hitch livegdx765_0: observe_us=17590 paints=0 skips=411 ticks=42
[host] slot livegdx765_0: d_loop_us=1499 d_raster_us=0 d_observe_us=101208 max_observe_us=17590 d_paints=0 d_skips=50 d_ticks=2 window_ms=1170
[script livegdx765_0] interact UseOn { name: "Chisel", kind: "inv", target_name: Some("Uncut sapphire"), x: 0, z: 0, level: 0, index: None }
[script livegdx765_0] interact UseOn { name: "Chisel", kind: "inv", target_name: Some("Uncut sapphire"), x: 0, z: 0, level: 0, index: None }
[script livegdx765_0] interact UseOn { name: "Chisel", kind: "inv", target_name: Some("Uncut sapphire"), x: 0, z: 0, level: 0, index: None }
[script livegdx765_0] interact UseOn { name: "Chisel", kind: "inv", target_name: Some("Uncut sapphire"), x: 0, z: 0, level: 0, index: None }
[script livegdx765_0] interact UseOn { name: "Chisel", kind: "inv", target_name: Some("Uncut sapphire"), x: 0, z: 0, level: 0, index: None }
[script livegdx765_0] interact UseOn { name: "Chisel", kind: "inv", target_name: Some("Uncut sapphire"), x: 0, z: 0, level: 0, index: None }
[script livegdx765_0] interact UseOn { name: "Chisel", kind: "inv", target_name: Some("Uncut sapphire"), x: 0, z: 0, level: 0, index: None }
[script livegdx765_0] interact UseOn { name: "Chisel", kind: "inv", target_name: Some("Uncut sapphire"), x: 0, z: 0, level: 0, index: None }
[script livegdx765_0] interact UseOn { name: "Chisel", kind: "inv", target_name: Some("Uncut sapphire"), x: 0, z: 0, level: 0, index: None }
[script livegdx765_0] interact UseOn { name: "Chisel", kind: "inv", target_name: Some("Uncut sapphire"), x: 0, z: 0, level: 0, index: None }
[script livegdx765_0] interact UseOn { name: "Chisel", kind: "inv", target_name: Some("Uncut sapphire"), x: 0, z: 0, level: 0, index: None }
[script livegdx765_0] interact UseOn { name: "Chisel", kind: "inv", target_name: Some("Uncut sapphire"), x: 0, z: 0, level: 0, index: None }
[script livegdx765_0] interact UseOn { name: "Chisel", kind: "inv", target_name: Some("Uncut sapphire"), x: 0, z: 0, level: 0, index: None }
[script livegdx765_0] interact UseOn { name: "Chisel", kind: "inv", target_name: Some("Uncut sapphire"), x: 0, z: 0, level: 0, index: None }
[script livegdx765_0] interact UseOn { name: "Chisel", kind: "inv", target_name: Some("Uncut sapphire"), x: 0, z: 0, level: 0, index: None }
[script livegdx765_0] interact UseOn { name: "Chisel", kind: "inv", target_name: Some("Uncut sapphire"), x: 0, z: 0, level: 0, index: None }
[script livegdx765_0] interact UseOn { name: "Chisel", kind: "inv", target_name: Some("Uncut sapphire"), x: 0, z: 0, level: 0, index: None }
[script livegdx765_0] interact UseOn { name: "Chisel", kind: "inv", target_name: Some("Uncut sapphire"), x: 0, z: 0, level: 0, index: None }
[script livegdx765_0] interact UseOn { name: "Chisel", kind: "inv", target_name: Some("Uncut sapphire"), x: 0, z: 0, level: 0, index: None }
[script livegdx765_0] interact UseOn { name: "Chisel", kind: "inv", target_name: Some("Uncut sapphire"), x: 0, z: 0, level: 0, index: None }
[script livegdx765_0] interact UseOn { name: "Chisel", kind: "inv", target_name: Some("Uncut sapphire"), x: 0, z: 0, level: 0, index: None }
[script livegdx765_0] interact UseOn { name: "Chisel", kind: "inv", target_name: Some("Uncut sapphire"), x: 0, z: 0, level: 0, index: None }
[script livegdx765_0] interact UseOn { name: "Chisel", kind: "inv", target_name: Some("Uncut sapphire"), x: 0, z: 0, level: 0, index: None }
[script livegdx765_0] interact UseOn { name: "Chisel", kind: "inv", target_name: Some("Uncut sapphire"), x: 0, z: 0, level: 0, index: None }
[script livegdx765_0] interact UseOn { name: "Chisel", kind: "inv", target_name: Some("Uncut sapphire"), x: 0, z: 0, level: 0, index: None }
[script livegdx765_0] interact UseOn { name: "Chisel", kind: "inv", target_name: Some("Uncut sapphire"), x: 0, z: 0, level: 0, index: None }
[script livegdx765_0] interact UseOn { name: "Chisel", kind: "inv", target_name: Some("Uncut sapphire"), x: 0, z: 0, level: 0, index: None }
[script livegdx765_0] interact UseOn { name: "Chisel", kind: "inv", target_name: Some("Uncut sapphire"), x: 0, z: 0, level: 0, index: None }
[script livegdx765_0] interact UseOn { name: "Chisel", kind: "inv", target_name: Some("Uncut sapphire"), x: 0, z: 0, level: 0, index: None }
[script livegdx765_0] interact UseOn { name: "Chisel", kind: "inv", target_name: Some("Uncut sapphire"), x: 0, z: 0, level: 0, index: None }
[script livegdx765_0] interact UseOn { name: "Chisel", kind: "inv", target_name: Some("Uncut sapphire"), x: 0, z: 0, level: 0, index: None }
[script livegdx765_0] interact UseOn { name: "Chisel", kind: "inv", target_name: Some("Uncut sapphire"), x: 0, z: 0, level: 0, index: None }
[script livegdx765_0] interact UseOn { name: "Chisel", kind: "inv", target_name: Some("Uncut sapphire"), x: 0, z: 0, level: 0, index: None }
[script livegdx765_0] interact UseOn { name: "Chisel", kind: "inv", target_name: Some("Uncut sapphire"), x: 0, z: 0, level: 0, index: None }
[script livegdx765_0] interact UseOn { name: "Chisel", kind: "inv", target_name: Some("Uncut sapphire"), x: 0, z: 0, level: 0, index: None }
[script livegdx765_0] interact UseOn { name: "Chisel", kind: "inv", target_name: Some("Uncut sapphire"), x: 0, z: 0, level: 0, index: None }
[script livegdx765_0] interact UseOn { name: "Chisel", kind: "inv", target_name: Some("Uncut sapphire"), x: 0, z: 0, level: 0, index: None }
[script livegdx765_0] interact UseOn { name: "Chisel", kind: "inv", target_name: Some("Uncut sapphire"), x: 0, z: 0, level: 0, index: None }
[script livegdx765_0] interact UseOn { name: "Chisel", kind: "inv", target_name: Some("Uncut sapphire"), x: 0, z: 0, level: 0, index: None }
[script livegdx765_0] interact UseOn { name: "Chisel", kind: "inv", target_name: Some("Uncut sapphire"), x: 0, z: 0, level: 0, index: None }
[script livegdx765_0] interact UseOn { name: "Chisel", kind: "inv", target_name: Some("Uncut sapphire"), x: 0, z: 0, level: 0, index: None }
[script livegdx765_0] interact UseOn { name: "Chisel", kind: "inv", target_name: Some("Uncut sapphire"), x: 0, z: 0, level: 0, index: None }
[script livegdx765_0] interact UseOn { name: "Chisel", kind: "inv", target_name: Some("Uncut sapphire"), x: 0, z: 0, level: 0, index: None }
[script livegdx765_0] interact UseOn { name: "Chisel", kind: "inv", target_name: Some("Uncut sapphire"), x: 0, z: 0, level: 0, index: None }
[script livegdx765_0] interact UseOn { name: "Chisel", kind: "inv", target_name: Some("Uncut sapphire"), x: 0, z: 0, level: 0, index: None }
[script livegdx765_0] interact UseOn { name: "Chisel", kind: "inv", target_name: Some("Uncut sapphire"), x: 0, z: 0, level: 0, index: None }
[script livegdx765_0] interact UseOn { name: "Chisel", kind: "inv", target_name: Some("Uncut sapphire"), x: 0, z: 0, level: 0, index: None }
[script livegdx765_0] interact UseOn { name: "Chisel", kind: "inv", target_name: Some("Uncut sapphire"), x: 0, z: 0, level: 0, index: None }
[script livegdx765_0] interact UseOn { name: "Chisel", kind: "inv", target_name: Some("Uncut sapphire"), x: 0, z: 0, level: 0, index: None }
[script livegdx765_0] interact UseOn { name: "Chisel", kind: "inv", target_name: Some("Uncut sapphire"), x: 0, z: 0, level: 0, index: None }
[script livegdx765_0] interact UseOn { name: "Chisel", kind: "inv", target_name: Some("Uncut sapphire"), x: 0, z: 0, level: 0, index: None }
[script livegdx765_0] interact UseOn { name: "Chisel", kind: "inv", target_name: Some("Uncut sapphire"), x: 0, z: 0, level: 0, index: None }
[script livegdx765_0] interact UseOn { name: "Chisel", kind: "inv", target_name: Some("Uncut sapphire"), x: 0, z: 0, level: 0, index: None }
[script livegdx765_0] interact UseOn { name: "Chisel", kind: "inv", target_name: Some("Uncut sapphire"), x: 0, z: 0, level: 0, index: None }
[script livegdx765_0] interact UseOn { name: "Chisel", kind: "inv", target_name: Some("Uncut sapphire"), x: 0, z: 0, level: 0, index: None }
[script livegdx765_0] interact UseOn { name: "Chisel", kind: "inv", target_name: Some("Uncut sapphire"), x: 0, z: 0, level: 0, index: None }
[script livegdx765_0] interact UseOn { name: "Chisel", kind: "inv", target_name: Some("Uncut sapphire"), x: 0, z: 0, level: 0, index: None }
[script livegdx765_0] interact UseOn { name: "Chisel", kind: "inv", target_name: Some("Uncut sapphire"), x: 0, z: 0, level: 0, index: None }
[script livegdx765_0] interact UseOn { name: "Chisel", kind: "inv", target_name: Some("Uncut sapphire"), x: 0, z: 0, level: 0, index: None }
[script livegdx765_0] interact UseOn { name: "Chisel", kind: "inv", target_name: Some("Uncut sapphire"), x: 0, z: 0, level: 0, index: None }
[host] slot livegdx765_0: d_loop_us=1170 d_raster_us=0 d_observe_us=96065 max_observe_us=11563 d_paints=0 d_skips=50 d_ticks=2 window_ms=1171
[script livegdx765_0] interact UseOn { name: "Chisel", kind: "inv", target_name: Some("Uncut sapphire"), x: 0, z: 0, level: 0, index: None }
[script livegdx765_0] interact UseOn { name: "Chisel", kind: "inv", target_name: Some("Uncut sapphire"), x: 0, z: 0, level: 0, index: None }
[script livegdx765_0] interact UseOn { name: "Chisel", kind: "inv", target_name: Some("Uncut sapphire"), x: 0, z: 0, level: 0, index: None }
[script livegdx765_0] interact UseOn { name: "Chisel", kind: "inv", target_name: Some("Uncut sapphire"), x: 0, z: 0, level: 0, index: None }
[script livegdx765_0] interact UseOn { name: "Chisel", kind: "inv", target_name: Some("Uncut sapphire"), x: 0, z: 0, level: 0, index: None }
[script livegdx765_0] interact UseOn { name: "Chisel", kind: "inv", target_name: Some("Uncut sapphire"), x: 0, z: 0, level: 0, index: None }
[script livegdx765_0] interact UseOn { name: "Chisel", kind: "inv", target_name: Some("Uncut sapphire"), x: 0, z: 0, level: 0, index: None }
[script livegdx765_0] interact UseOn { name: "Chisel", kind: "inv", target_name: Some("Uncut sapphire"), x: 0, z: 0, level: 0, index: None }
[script livegdx765_0] interact UseOn { name: "Chisel", kind: "inv", target_name: Some("Uncut sapphire"), x: 0, z: 0, level: 0, index: None }
[script livegdx765_0] interact UseOn { name: "Chisel", kind: "inv", target_name: Some("Uncut sapphire"), x: 0, z: 0, level: 0, index: None }
[script livegdx765_0] interact UseOn { name: "Chisel", kind: "inv", target_name: Some("Uncut sapphire"), x: 0, z: 0, level: 0, index: None }
[script livegdx765_0] interact UseOn { name: "Chisel", kind: "inv", target_name: Some("Uncut sapphire"), x: 0, z: 0, level: 0, index: None }
[script livegdx765_0] interact UseOn { name: "Chisel", kind: "inv", target_name: Some("Uncut sapphire"), x: 0, z: 0, level: 0, index: None }
[script livegdx765_0] interact UseOn { name: "Chisel", kind: "inv", target_name: Some("Uncut sapphire"), x: 0, z: 0, level: 0, index: None }
[script livegdx765_0] interact UseOn { name: "Chisel", kind: "inv", target_name: Some("Uncut sapphire"), x: 0, z: 0, level: 0, index: None }
[script livegdx765_0] interact UseOn { name: "Chisel", kind: "inv", target_name: Some("Uncut sapphire"), x: 0, z: 0, level: 0, index: None }
[script livegdx765_0] interact UseOn { name: "Chisel", kind: "inv", target_name: Some("Uncut sapphire"), x: 0, z: 0, level: 0, index: None }
[script livegdx765_0] interact UseOn { name: "Chisel", kind: "inv", target_name: Some("Uncut sapphire"), x: 0, z: 0, level: 0, index: None }
[script livegdx765_0] interact UseOn { name: "Chisel", kind: "inv", target_name: Some("Uncut sapphire"), x: 0, z: 0, level: 0, index: None }
[script livegdx765_0] interact UseOn { name: "Chisel", kind: "inv", target_name: Some("Uncut sapphire"), x: 0, z: 0, level: 0, index: None }
[script livegdx765_0] interact UseOn { name: "Chisel", kind: "inv", target_name: Some("Uncut sapphire"), x: 0, z: 0, level: 0, index: None }
[script livegdx765_0] interact UseOn { name: "Chisel", kind: "inv", target_name: Some("Uncut sapphire"), x: 0, z: 0, level: 0, index: None }
[script livegdx765_0] interact UseOn { name: "Chisel", kind: "inv", target_name: Some("Uncut sapphire"), x: 0, z: 0, level: 0, index: None }
[script livegdx765_0] interact UseOn { name: "Chisel", kind: "inv", target_name: Some("Uncut sapphire"), x: 0, z: 0, level: 0, index: None }
[script livegdx765_0] interact UseOn { name: "Chisel", kind: "inv", target_name: Some("Uncut sapphire"), x: 0, z: 0, level: 0, index: None }
[script livegdx765_0] interact UseOn { name: "Chisel", kind: "inv", target_name: Some("Uncut sapphire"), x: 0, z: 0, level: 0, index: None }
[script livegdx765_0] interact UseOn { name: "Chisel", kind: "inv", target_name: Some("Uncut sapphire"), x: 0, z: 0, level: 0, index: None }
[script livegdx765_0] interact UseOn { name: "Chisel", kind: "inv", target_name: Some("Uncut sapphire"), x: 0, z: 0, level: 0, index: None }
[script livegdx765_0] interact UseOn { name: "Chisel", kind: "inv", target_name: Some("Uncut sapphire"), x: 0, z: 0, level: 0, index: None }
[script livegdx765_0] interact UseOn { name: "Chisel", kind: "inv", target_name: Some("Uncut sapphire"), x: 0, z: 0, level: 0, index: None }
[script livegdx765_0] interact UseOn { name: "Chisel", kind: "inv", target_name: Some("Uncut sapphire"), x: 0, z: 0, level: 0, index: None }
[script livegdx765_0] interact UseOn { name: "Chisel", kind: "inv", target_name: Some("Uncut sapphire"), x: 0, z: 0, level: 0, index: None }
[script livegdx765_0] interact UseOn { name: "Chisel", kind: "inv", target_name: Some("Uncut sapphire"), x: 0, z: 0, level: 0, index: None }
[script livegdx765_0] interact UseOn { name: "Chisel", kind: "inv", target_name: Some("Uncut sapphire"), x: 0, z: 0, level: 0, index: None }
[script livegdx765_0] interact UseOn { name: "Chisel", kind: "inv", target_name: Some("Uncut sapphire"), x: 0, z: 0, level: 0, index: None }
[script livegdx765_0] interact UseOn { name: "Chisel", kind: "inv", target_name: Some("Uncut sapphire"), x: 0, z: 0, level: 0, index: None }
[script livegdx765_0] interact UseOn { name: "Chisel", kind: "inv", target_name: Some("Uncut sapphire"), x: 0, z: 0, level: 0, index: None }
[script livegdx765_0] interact UseOn { name: "Chisel", kind: "inv", target_name: Some("Uncut sapphire"), x: 0, z: 0, level: 0, index: None }
[script livegdx765_0] interact UseOn { name: "Chisel", kind: "inv", target_name: Some("Uncut sapphire"), x: 0, z: 0, level: 0, index: None }
[script livegdx765_0] interact UseOn { name: "Chisel", kind: "inv", target_name: Some("Uncut sapphire"), x: 0, z: 0, level: 0, index: None }
[script livegdx765_0] interact UseOn { name: "Chisel", kind: "inv", target_name: Some("Uncut sapphire"), x: 0, z: 0, level: 0, index: None }
[script livegdx765_0] interact UseOn { name: "Chisel", kind: "inv", target_name: Some("Uncut sapphire"), x: 0, z: 0, level: 0, index: None }
[script livegdx765_0] interact UseOn { name: "Chisel", kind: "inv", target_name: Some("Uncut sapphire"), x: 0, z: 0, level: 0, index: None }
[script livegdx765_0] interact UseOn { name: "Chisel", kind: "inv", target_name: Some("Uncut sapphire"), x: 0, z: 0, level: 0, index: None }
[script livegdx765_0] interact UseOn { name: "Chisel", kind: "inv", target_name: Some("Uncut sapphire"), x: 0, z: 0, level: 0, index: None }
[script livegdx765_0] interact UseOn { name: "Chisel", kind: "inv", target_name: Some("Uncut sapphire"), x: 0, z: 0, level: 0, index: None }
[script livegdx765_0] interact UseOn { name: "Chisel", kind: "inv", target_name: Some("Uncut sapphire"), x: 0, z: 0, level: 0, index: None }
[script livegdx765_0] interact UseOn { name: "Chisel", kind: "inv", target_name: Some("Uncut sapphire"), x: 0, z: 0, level: 0, index: None }
[script livegdx765_0] interact UseOn { name: "Chisel", kind: "inv", target_name: Some("Uncut sapphire"), x: 0, z: 0, level: 0, index: None }
[script livegdx765_0] interact UseOn { name: "Chisel", kind: "inv", target_name: Some("Uncut sapphire"), x: 0, z: 0, level: 0, index: None }
[script livegdx765_0] interact UseOn { name: "Chisel", kind: "inv", target_name: Some("Uncut sapphire"), x: 0, z: 0, level: 0, index: None }
[script livegdx765_0] interact UseOn { name: "Chisel", kind: "inv", target_name: Some("Uncut sapphire"), x: 0, z: 0, level: 0, index: None }
[script livegdx765_0] interact UseOn { name: "Chisel", kind: "inv", target_name: Some("Uncut sapphire"), x: 0, z: 0, level: 0, index: None }
[script livegdx765_0] interact UseOn { name: "Chisel", kind: "inv", target_name: Some("Uncut sapphire"), x: 0, z: 0, level: 0, index: None }
[script livegdx765_0] interact UseOn { name: "Chisel", kind: "inv", target_name: Some("Uncut sapphire"), x: 0, z: 0, level: 0, index: None }
[script livegdx765_0] interact UseOn { name: "Chisel", kind: "inv", target_name: Some("Uncut sapphire"), x: 0, z: 0, level: 0, index: None }
[script livegdx765_0] interact UseOn { name: "Chisel", kind: "inv", target_name: Some("Uncut sapphire"), x: 0, z: 0, level: 0, index: None }
[script livegdx765_0] interact UseOn { name: "Chisel", kind: "inv", target_name: Some("Uncut sapphire"), x: 0, z: 0, level: 0, index: None }
[script livegdx765_0] interact UseOn { name: "Chisel", kind: "inv", target_name: Some("Uncut sapphire"), x: 0, z: 0, level: 0, index: None }
[script livegdx765_0] interact UseOn { name: "Chisel", kind: "inv", target_name: Some("Uncut sapphire"), x: 0, z: 0, level: 0, index: None }
[host] slot livegdx765_0: d_loop_us=1161 d_raster_us=0 d_observe_us=80714 max_observe_us=6602 d_paints=0 d_skips=50 d_ticks=2 window_ms=1190
[host] slot livegdx765_0: d_loop_us=1409 d_raster_us=0 d_observe_us=72159 max_observe_us=13795 d_paints=0 d_skips=50 d_ticks=2 window_ms=1196
[script livegdx765_0] interact UseOn { name: "Chisel", kind: "inv", target_name: Some("Uncut sapphire"), x: 0, z: 0, level: 0, index: None }
[script livegdx765_0] interact UseOn { name: "Chisel", kind: "inv", target_name: Some("Uncut sapphire"), x: 0, z: 0, level: 0, index: None }
[script livegdx765_0] interact UseOn { name: "Chisel", kind: "inv", target_name: Some("Uncut sapphire"), x: 0, z: 0, level: 0, index: None }
[script livegdx765_0] interact UseOn { name: "Chisel", kind: "inv", target_name: Some("Uncut sapphire"), x: 0, z: 0, level: 0, index: None }
[script livegdx765_0] interact UseOn { name: "Chisel", kind: "inv", target_name: Some("Uncut sapphire"), x: 0, z: 0, level: 0, index: None }
[script livegdx765_0] interact UseOn { name: "Chisel", kind: "inv", target_name: Some("Uncut sapphire"), x: 0, z: 0, level: 0, index: None }
[script livegdx765_0] interact UseOn { name: "Chisel", kind: "inv", target_name: Some("Uncut sapphire"), x: 0, z: 0, level: 0, index: None }
[script livegdx765_0] interact UseOn { name: "Chisel", kind: "inv", target_name: Some("Uncut sapphire"), x: 0, z: 0, level: 0, index: None }
[script livegdx765_0] interact UseOn { name: "Chisel", kind: "inv", target_name: Some("Uncut sapphire"), x: 0, z: 0, level: 0, index: None }
[script livegdx765_0] interact UseOn { name: "Chisel", kind: "inv", target_name: Some("Uncut sapphire"), x: 0, z: 0, level: 0, index: None }
[script livegdx765_0] interact UseOn { name: "Chisel", kind: "inv", target_name: Some("Uncut sapphire"), x: 0, z: 0, level: 0, index: None }
[script livegdx765_0] interact UseOn { name: "Chisel", kind: "inv", target_name: Some("Uncut sapphire"), x: 0, z: 0, level: 0, index: None }
[script livegdx765_0] interact UseOn { name: "Chisel", kind: "inv", target_name: Some("Uncut sapphire"), x: 0, z: 0, level: 0, index: None }
[script livegdx765_0] interact UseOn { name: "Chisel", kind: "inv", target_name: Some("Uncut sapphire"), x: 0, z: 0, level: 0, index: None }
[script livegdx765_0] interact UseOn { name: "Chisel", kind: "inv", target_name: Some("Uncut sapphire"), x: 0, z: 0, level: 0, index: None }
[script livegdx765_0] interact UseOn { name: "Chisel", kind: "inv", target_name: Some("Uncut sapphire"), x: 0, z: 0, level: 0, index: None }
[script livegdx765_0] interact UseOn { name: "Chisel", kind: "inv", target_name: Some("Uncut sapphire"), x: 0, z: 0, level: 0, index: None }
[script livegdx765_0] interact UseOn { name: "Chisel", kind: "inv", target_name: Some("Uncut sapphire"), x: 0, z: 0, level: 0, index: None }
[script livegdx765_0] interact UseOn { name: "Chisel", kind: "inv", target_name: Some("Uncut sapphire"), x: 0, z: 0, level: 0, index: None }
[script livegdx765_0] interact UseOn { name: "Chisel", kind: "inv", target_name: Some("Uncut sapphire"), x: 0, z: 0, level: 0, index: None }
[script livegdx765_0] interact UseOn { name: "Chisel", kind: "inv", target_name: Some("Uncut sapphire"), x: 0, z: 0, level: 0, index: None }
[script livegdx765_0] interact UseOn { name: "Chisel", kind: "inv", target_name: Some("Uncut sapphire"), x: 0, z: 0, level: 0, index: None }
[script livegdx765_0] interact UseOn { name: "Chisel", kind: "inv", target_name: Some("Uncut sapphire"), x: 0, z: 0, level: 0, index: None }
[script livegdx765_0] interact UseOn { name: "Chisel", kind: "inv", target_name: Some("Uncut sapphire"), x: 0, z: 0, level: 0, index: None }
[script livegdx765_0] interact UseOn { name: "Chisel", kind: "inv", target_name: Some("Uncut sapphire"), x: 0, z: 0, level: 0, index: None }
[script livegdx765_0] interact UseOn { name: "Chisel", kind: "inv", target_name: Some("Uncut sapphire"), x: 0, z: 0, level: 0, index: None }
[script livegdx765_0] interact UseOn { name: "Chisel", kind: "inv", target_name: Some("Uncut sapphire"), x: 0, z: 0, level: 0, index: None }
[script livegdx765_0] interact UseOn { name: "Chisel", kind: "inv", target_name: Some("Uncut sapphire"), x: 0, z: 0, level: 0, index: None }
[script livegdx765_0] interact UseOn { name: "Chisel", kind: "inv", target_name: Some("Uncut sapphire"), x: 0, z: 0, level: 0, index: None }
[script livegdx765_0] interact UseOn { name: "Chisel", kind: "inv", target_name: Some("Uncut sapphire"), x: 0, z: 0, level: 0, index: None }
[script livegdx765_0] interact UseOn { name: "Chisel", kind: "inv", target_name: Some("Uncut sapphire"), x: 0, z: 0, level: 0, index: None }
[script livegdx765_0] interact UseOn { name: "Chisel", kind: "inv", target_name: Some("Uncut sapphire"), x: 0, z: 0, level: 0, index: None }
[script livegdx765_0] interact UseOn { name: "Chisel", kind: "inv", target_name: Some("Uncut sapphire"), x: 0, z: 0, level: 0, index: None }
[script livegdx765_0] interact UseOn { name: "Chisel", kind: "inv", target_name: Some("Uncut sapphire"), x: 0, z: 0, level: 0, index: None }
[script livegdx765_0] interact UseOn { name: "Chisel", kind: "inv", target_name: Some("Uncut sapphire"), x: 0, z: 0, level: 0, index: None }
[script livegdx765_0] interact UseOn { name: "Chisel", kind: "inv", target_name: Some("Uncut sapphire"), x: 0, z: 0, level: 0, index: None }
[script livegdx765_0] interact UseOn { name: "Chisel", kind: "inv", target_name: Some("Uncut sapphire"), x: 0, z: 0, level: 0, index: None }
[script livegdx765_0] interact UseOn { name: "Chisel", kind: "inv", target_name: Some("Uncut sapphire"), x: 0, z: 0, level: 0, index: None }
[script livegdx765_0] interact UseOn { name: "Chisel", kind: "inv", target_name: Some("Uncut sapphire"), x: 0, z: 0, level: 0, index: None }
[script livegdx765_0] interact UseOn { name: "Chisel", kind: "inv", target_name: Some("Uncut sapphire"), x: 0, z: 0, level: 0, index: None }
[script livegdx765_0] interact UseOn { name: "Chisel", kind: "inv", target_name: Some("Uncut sapphire"), x: 0, z: 0, level: 0, index: None }
[script livegdx765_0] interact UseOn { name: "Chisel", kind: "inv", target_name: Some("Uncut sapphire"), x: 0, z: 0, level: 0, index: None }
[script livegdx765_0] interact UseOn { name: "Chisel", kind: "inv", target_name: Some("Uncut sapphire"), x: 0, z: 0, level: 0, index: None }
[script livegdx765_0] interact UseOn { name: "Chisel", kind: "inv", target_name: Some("Uncut sapphire"), x: 0, z: 0, level: 0, index: None }
[script livegdx765_0] interact UseOn { name: "Chisel", kind: "inv", target_name: Some("Uncut sapphire"), x: 0, z: 0, level: 0, index: None }
[script livegdx765_0] interact UseOn { name: "Chisel", kind: "inv", target_name: Some("Uncut sapphire"), x: 0, z: 0, level: 0, index: None }
[script livegdx765_0] interact UseOn { name: "Chisel", kind: "inv", target_name: Some("Uncut sapphire"), x: 0, z: 0, level: 0, index: None }
[script livegdx765_0] interact UseOn { name: "Chisel", kind: "inv", target_name: Some("Uncut sapphire"), x: 0, z: 0, level: 0, index: None }
[script livegdx765_0] interact UseOn { name: "Chisel", kind: "inv", target_name: Some("Uncut sapphire"), x: 0, z: 0, level: 0, index: None }
[script livegdx765_0] interact UseOn { name: "Chisel", kind: "inv", target_name: Some("Uncut sapphire"), x: 0, z: 0, level: 0, index: None }
[script livegdx765_0] interact UseOn { name: "Chisel", kind: "inv", target_name: Some("Uncut sapphire"), x: 0, z: 0, level: 0, index: None }
[script livegdx765_0] interact UseOn { name: "Chisel", kind: "inv", target_name: Some("Uncut sapphire"), x: 0, z: 0, level: 0, index: None }
[script livegdx765_0] interact UseOn { name: "Chisel", kind: "inv", target_name: Some("Uncut sapphire"), x: 0, z: 0, level: 0, index: None }
[script livegdx765_0] interact UseOn { name: "Chisel", kind: "inv", target_name: Some("Uncut sapphire"), x: 0, z: 0, level: 0, index: None }
[script livegdx765_0] interact UseOn { name: "Chisel", kind: "inv", target_name: Some("Uncut sapphire"), x: 0, z: 0, level: 0, index: None }
[script livegdx765_0] interact UseOn { name: "Chisel", kind: "inv", target_name: Some("Uncut sapphire"), x: 0, z: 0, level: 0, index: None }
[script livegdx765_0] interact UseOn { name: "Chisel", kind: "inv", target_name: Some("Uncut sapphire"), x: 0, z: 0, level: 0, index: None }
[script livegdx765_0] interact UseOn { name: "Chisel", kind: "inv", target_name: Some("Uncut sapphire"), x: 0, z: 0, level: 0, index: None }
[script livegdx765_0] interact UseOn { name: "Chisel", kind: "inv", target_name: Some("Uncut sapphire"), x: 0, z: 0, level: 0, index: None }
[script livegdx765_0] interact UseOn { name: "Chisel", kind: "inv", target_name: Some("Uncut sapphire"), x: 0, z: 0, level: 0, index: None }
[host] slot livegdx765_0: d_loop_us=785 d_raster_us=0 d_observe_us=48417 max_observe_us=6535 d_paints=0 d_skips=50 d_ticks=2 window_ms=1176
[host] slot livegdx765_0: d_loop_us=1236 d_raster_us=0 d_observe_us=79760 max_observe_us=9465 d_paints=0 d_skips=50 d_ticks=2 window_ms=1190
[script livegdx765_0] interact UseOn { name: "Chisel", kind: "inv", target_name: Some("Uncut sapphire"), x: 0, z: 0, level: 0, index: None }
[script livegdx765_0] interact UseOn { name: "Chisel", kind: "inv", target_name: Some("Uncut sapphire"), x: 0, z: 0, level: 0, index: None }
[script livegdx765_0] interact UseOn { name: "Chisel", kind: "inv", target_name: Some("Uncut sapphire"), x: 0, z: 0, level: 0, index: None }
[script livegdx765_0] interact UseOn { name: "Chisel", kind: "inv", target_name: Some("Uncut sapphire"), x: 0, z: 0, level: 0, index: None }
[script livegdx765_0] interact UseOn { name: "Chisel", kind: "inv", target_name: Some("Uncut sapphire"), x: 0, z: 0, level: 0, index: None }
[script livegdx765_0] interact UseOn { name: "Chisel", kind: "inv", target_name: Some("Uncut sapphire"), x: 0, z: 0, level: 0, index: None }
[script livegdx765_0] interact UseOn { name: "Chisel", kind: "inv", target_name: Some("Uncut sapphire"), x: 0, z: 0, level: 0, index: None }
[script livegdx765_0] interact UseOn { name: "Chisel", kind: "inv", target_name: Some("Uncut sapphire"), x: 0, z: 0, level: 0, index: None }
[script livegdx765_0] interact UseOn { name: "Chisel", kind: "inv", target_name: Some("Uncut sapphire"), x: 0, z: 0, level: 0, index: None }
[script livegdx765_0] interact UseOn { name: "Chisel", kind: "inv", target_name: Some("Uncut sapphire"), x: 0, z: 0, level: 0, index: None }
[script livegdx765_0] interact UseOn { name: "Chisel", kind: "inv", target_name: Some("Uncut sapphire"), x: 0, z: 0, level: 0, index: None }
[script livegdx765_0] interact UseOn { name: "Chisel", kind: "inv", target_name: Some("Uncut sapphire"), x: 0, z: 0, level: 0, index: None }
[script livegdx765_0] interact UseOn { name: "Chisel", kind: "inv", target_name: Some("Uncut sapphire"), x: 0, z: 0, level: 0, index: None }
[script livegdx765_0] interact UseOn { name: "Chisel", kind: "inv", target_name: Some("Uncut sapphire"), x: 0, z: 0, level: 0, index: None }
[script livegdx765_0] interact UseOn { name: "Chisel", kind: "inv", target_name: Some("Uncut sapphire"), x: 0, z: 0, level: 0, index: None }
[script livegdx765_0] interact UseOn { name: "Chisel", kind: "inv", target_name: Some("Uncut sapphire"), x: 0, z: 0, level: 0, index: None }
[script livegdx765_0] interact UseOn { name: "Chisel", kind: "inv", target_name: Some("Uncut sapphire"), x: 0, z: 0, level: 0, index: None }
[script livegdx765_0] interact UseOn { name: "Chisel", kind: "inv", target_name: Some("Uncut sapphire"), x: 0, z: 0, level: 0, index: None }
[script livegdx765_0] interact UseOn { name: "Chisel", kind: "inv", target_name: Some("Uncut sapphire"), x: 0, z: 0, level: 0, index: None }
[script livegdx765_0] interact UseOn { name: "Chisel", kind: "inv", target_name: Some("Uncut sapphire"), x: 0, z: 0, level: 0, index: None }
[script livegdx765_0] interact UseOn { name: "Chisel", kind: "inv", target_name: Some("Uncut sapphire"), x: 0, z: 0, level: 0, index: None }
[script livegdx765_0] interact UseOn { name: "Chisel", kind: "inv", target_name: Some("Uncut sapphire"), x: 0, z: 0, level: 0, index: None }
[script livegdx765_0] interact UseOn { name: "Chisel", kind: "inv", target_name: Some("Uncut sapphire"), x: 0, z: 0, level: 0, index: None }
[script livegdx765_0] interact UseOn { name: "Chisel", kind: "inv", target_name: Some("Uncut sapphire"), x: 0, z: 0, level: 0, index: None }
[script livegdx765_0] interact UseOn { name: "Chisel", kind: "inv", target_name: Some("Uncut sapphire"), x: 0, z: 0, level: 0, index: None }
[script livegdx765_0] interact UseOn { name: "Chisel", kind: "inv", target_name: Some("Uncut sapphire"), x: 0, z: 0, level: 0, index: None }
[script livegdx765_0] interact UseOn { name: "Chisel", kind: "inv", target_name: Some("Uncut sapphire"), x: 0, z: 0, level: 0, index: None }
[script livegdx765_0] interact UseOn { name: "Chisel", kind: "inv", target_name: Some("Uncut sapphire"), x: 0, z: 0, level: 0, index: None }
[script livegdx765_0] interact UseOn { name: "Chisel", kind: "inv", target_name: Some("Uncut sapphire"), x: 0, z: 0, level: 0, index: None }
[script livegdx765_0] interact UseOn { name: "Chisel", kind: "inv", target_name: Some("Uncut sapphire"), x: 0, z: 0, level: 0, index: None }
[script livegdx765_0] interact UseOn { name: "Chisel", kind: "inv", target_name: Some("Uncut sapphire"), x: 0, z: 0, level: 0, index: None }
[script livegdx765_0] interact UseOn { name: "Chisel", kind: "inv", target_name: Some("Uncut sapphire"), x: 0, z: 0, level: 0, index: None }
[script livegdx765_0] interact UseOn { name: "Chisel", kind: "inv", target_name: Some("Uncut sapphire"), x: 0, z: 0, level: 0, index: None }
[script livegdx765_0] interact UseOn { name: "Chisel", kind: "inv", target_name: Some("Uncut sapphire"), x: 0, z: 0, level: 0, index: None }
[script livegdx765_0] interact UseOn { name: "Chisel", kind: "inv", target_name: Some("Uncut sapphire"), x: 0, z: 0, level: 0, index: None }
[script livegdx765_0] interact UseOn { name: "Chisel", kind: "inv", target_name: Some("Uncut sapphire"), x: 0, z: 0, level: 0, index: None }
[script livegdx765_0] interact UseOn { name: "Chisel", kind: "inv", target_name: Some("Uncut sapphire"), x: 0, z: 0, level: 0, index: None }
[script livegdx765_0] interact UseOn { name: "Chisel", kind: "inv", target_name: Some("Uncut sapphire"), x: 0, z: 0, level: 0, index: None }
[script livegdx765_0] interact UseOn { name: "Chisel", kind: "inv", target_name: Some("Uncut sapphire"), x: 0, z: 0, level: 0, index: None }
[script livegdx765_0] interact UseOn { name: "Chisel", kind: "inv", target_name: Some("Uncut sapphire"), x: 0, z: 0, level: 0, index: None }
[script livegdx765_0] interact UseOn { name: "Chisel", kind: "inv", target_name: Some("Uncut sapphire"), x: 0, z: 0, level: 0, index: None }
[script livegdx765_0] interact UseOn { name: "Chisel", kind: "inv", target_name: Some("Uncut sapphire"), x: 0, z: 0, level: 0, index: None }
[script livegdx765_0] interact UseOn { name: "Chisel", kind: "inv", target_name: Some("Uncut sapphire"), x: 0, z: 0, level: 0, index: None }
[script livegdx765_0] interact UseOn { name: "Chisel", kind: "inv", target_name: Some("Uncut sapphire"), x: 0, z: 0, level: 0, index: None }
[script livegdx765_0] interact UseOn { name: "Chisel", kind: "inv", target_name: Some("Uncut sapphire"), x: 0, z: 0, level: 0, index: None }
[script livegdx765_0] interact UseOn { name: "Chisel", kind: "inv", target_name: Some("Uncut sapphire"), x: 0, z: 0, level: 0, index: None }
[script livegdx765_0] interact UseOn { name: "Chisel", kind: "inv", target_name: Some("Uncut sapphire"), x: 0, z: 0, level: 0, index: None }
[script livegdx765_0] interact UseOn { name: "Chisel", kind: "inv", target_name: Some("Uncut sapphire"), x: 0, z: 0, level: 0, index: None }
[script livegdx765_0] interact UseOn { name: "Chisel", kind: "inv", target_name: Some("Uncut sapphire"), x: 0, z: 0, level: 0, index: None }
[script livegdx765_0] interact UseOn { name: "Chisel", kind: "inv", target_name: Some("Uncut sapphire"), x: 0, z: 0, level: 0, index: None }
[script livegdx765_0] interact UseOn { name: "Chisel", kind: "inv", target_name: Some("Uncut sapphire"), x: 0, z: 0, level: 0, index: None }
[script livegdx765_0] interact UseOn { name: "Chisel", kind: "inv", target_name: Some("Uncut sapphire"), x: 0, z: 0, level: 0, index: None }
[script livegdx765_0] interact UseOn { name: "Chisel", kind: "inv", target_name: Some("Uncut sapphire"), x: 0, z: 0, level: 0, index: None }
[script livegdx765_0] interact UseOn { name: "Chisel", kind: "inv", target_name: Some("Uncut sapphire"), x: 0, z: 0, level: 0, index: None }
[script livegdx765_0] interact UseOn { name: "Chisel", kind: "inv", target_name: Some("Uncut sapphire"), x: 0, z: 0, level: 0, index: None }
[script livegdx765_0] interact UseOn { name: "Chisel", kind: "inv", target_name: Some("Uncut sapphire"), x: 0, z: 0, level: 0, index: None }
[script livegdx765_0] interact UseOn { name: "Chisel", kind: "inv", target_name: Some("Uncut sapphire"), x: 0, z: 0, level: 0, index: None }
[script livegdx765_0] interact UseOn { name: "Chisel", kind: "inv", target_name: Some("Uncut sapphire"), x: 0, z: 0, level: 0, index: None }
[script livegdx765_0] interact UseOn { name: "Chisel", kind: "inv", target_name: Some("Uncut sapphire"), x: 0, z: 0, level: 0, index: None }
[script livegdx765_0] interact UseOn { name: "Chisel", kind: "inv", target_name: Some("Uncut sapphire"), x: 0, z: 0, level: 0, index: None }
[host] slot livegdx765_0: d_loop_us=1159 d_raster_us=0 d_observe_us=97764 max_observe_us=9865 d_paints=0 d_skips=50 d_ticks=2 window_ms=1162
[script livegdx765_0] interact UseOn { name: "Chisel", kind: "inv", target_name: Some("Uncut sapphire"), x: 0, z: 0, level: 0, index: None }
[script livegdx765_0] interact UseOn { name: "Chisel", kind: "inv", target_name: Some("Uncut sapphire"), x: 0, z: 0, level: 0, index: None }
[script livegdx765_0] interact UseOn { name: "Chisel", kind: "inv", target_name: Some("Uncut sapphire"), x: 0, z: 0, level: 0, index: None }
[script livegdx765_0] interact UseOn { name: "Chisel", kind: "inv", target_name: Some("Uncut sapphire"), x: 0, z: 0, level: 0, index: None }
[script livegdx765_0] interact UseOn { name: "Chisel", kind: "inv", target_name: Some("Uncut sapphire"), x: 0, z: 0, level: 0, index: None }
[script livegdx765_0] interact UseOn { name: "Chisel", kind: "inv", target_name: Some("Uncut sapphire"), x: 0, z: 0, level: 0, index: None }
[script livegdx765_0] interact UseOn { name: "Chisel", kind: "inv", target_name: Some("Uncut sapphire"), x: 0, z: 0, level: 0, index: None }
[script livegdx765_0] interact UseOn { name: "Chisel", kind: "inv", target_name: Some("Uncut sapphire"), x: 0, z: 0, level: 0, index: None }
[script livegdx765_0] interact UseOn { name: "Chisel", kind: "inv", target_name: Some("Uncut sapphire"), x: 0, z: 0, level: 0, index: None }
[script livegdx765_0] interact UseOn { name: "Chisel", kind: "inv", target_name: Some("Uncut sapphire"), x: 0, z: 0, level: 0, index: None }
[script livegdx765_0] interact UseOn { name: "Chisel", kind: "inv", target_name: Some("Uncut sapphire"), x: 0, z: 0, level: 0, index: None }
[script livegdx765_0] interact UseOn { name: "Chisel", kind: "inv", target_name: Some("Uncut sapphire"), x: 0, z: 0, level: 0, index: None }
[script livegdx765_0] interact UseOn { name: "Chisel", kind: "inv", target_name: Some("Uncut sapphire"), x: 0, z: 0, level: 0, index: None }
[script livegdx765_0] interact UseOn { name: "Chisel", kind: "inv", target_name: Some("Uncut sapphire"), x: 0, z: 0, level: 0, index: None }
[script livegdx765_0] interact UseOn { name: "Chisel", kind: "inv", target_name: Some("Uncut sapphire"), x: 0, z: 0, level: 0, index: None }
[script livegdx765_0] interact UseOn { name: "Chisel", kind: "inv", target_name: Some("Uncut sapphire"), x: 0, z: 0, level: 0, index: None }
[script livegdx765_0] interact UseOn { name: "Chisel", kind: "inv", target_name: Some("Uncut sapphire"), x: 0, z: 0, level: 0, index: None }
[script livegdx765_0] interact UseOn { name: "Chisel", kind: "inv", target_name: Some("Uncut sapphire"), x: 0, z: 0, level: 0, index: None }
[script livegdx765_0] interact UseOn { name: "Chisel", kind: "inv", target_name: Some("Uncut sapphire"), x: 0, z: 0, level: 0, index: None }
[script livegdx765_0] interact UseOn { name: "Chisel", kind: "inv", target_name: Some("Uncut sapphire"), x: 0, z: 0, level: 0, index: None }
[script livegdx765_0] interact UseOn { name: "Chisel", kind: "inv", target_name: Some("Uncut sapphire"), x: 0, z: 0, level: 0, index: None }
[script livegdx765_0] interact UseOn { name: "Chisel", kind: "inv", target_name: Some("Uncut sapphire"), x: 0, z: 0, level: 0, index: None }
[script livegdx765_0] interact UseOn { name: "Chisel", kind: "inv", target_name: Some("Uncut sapphire"), x: 0, z: 0, level: 0, index: None }
[script livegdx765_0] interact UseOn { name: "Chisel", kind: "inv", target_name: Some("Uncut sapphire"), x: 0, z: 0, level: 0, index: None }
[script livegdx765_0] interact UseOn { name: "Chisel", kind: "inv", target_name: Some("Uncut sapphire"), x: 0, z: 0, level: 0, index: None }
[script livegdx765_0] interact UseOn { name: "Chisel", kind: "inv", target_name: Some("Uncut sapphire"), x: 0, z: 0, level: 0, index: None }
[script livegdx765_0] interact UseOn { name: "Chisel", kind: "inv", target_name: Some("Uncut sapphire"), x: 0, z: 0, level: 0, index: None }
[script livegdx765_0] interact UseOn { name: "Chisel", kind: "inv", target_name: Some("Uncut sapphire"), x: 0, z: 0, level: 0, index: None }
[script livegdx765_0] interact UseOn { name: "Chisel", kind: "inv", target_name: Some("Uncut sapphire"), x: 0, z: 0, level: 0, index: None }
[script livegdx765_0] interact UseOn { name: "Chisel", kind: "inv", target_name: Some("Uncut sapphire"), x: 0, z: 0, level: 0, index: None }
[script livegdx765_0] interact UseOn { name: "Chisel", kind: "inv", target_name: Some("Uncut sapphire"), x: 0, z: 0, level: 0, index: None }
[script livegdx765_0] interact UseOn { name: "Chisel", kind: "inv", target_name: Some("Uncut sapphire"), x: 0, z: 0, level: 0, index: None }
[script livegdx765_0] interact UseOn { name: "Chisel", kind: "inv", target_name: Some("Uncut sapphire"), x: 0, z: 0, level: 0, index: None }
[script livegdx765_0] interact UseOn { name: "Chisel", kind: "inv", target_name: Some("Uncut sapphire"), x: 0, z: 0, level: 0, index: None }
[script livegdx765_0] interact UseOn { name: "Chisel", kind: "inv", target_name: Some("Uncut sapphire"), x: 0, z: 0, level: 0, index: None }
[script livegdx765_0] interact UseOn { name: "Chisel", kind: "inv", target_name: Some("Uncut sapphire"), x: 0, z: 0, level: 0, index: None }
[script livegdx765_0] interact UseOn { name: "Chisel", kind: "inv", target_name: Some("Uncut sapphire"), x: 0, z: 0, level: 0, index: None }
[script livegdx765_0] interact UseOn { name: "Chisel", kind: "inv", target_name: Some("Uncut sapphire"), x: 0, z: 0, level: 0, index: None }
[script livegdx765_0] interact UseOn { name: "Chisel", kind: "inv", target_name: Some("Uncut sapphire"), x: 0, z: 0, level: 0, index: None }
[script livegdx765_0] interact UseOn { name: "Chisel", kind: "inv", target_name: Some("Uncut sapphire"), x: 0, z: 0, level: 0, index: None }
[script livegdx765_0] interact UseOn { name: "Chisel", kind: "inv", target_name: Some("Uncut sapphire"), x: 0, z: 0, level: 0, index: None }
[script livegdx765_0] interact UseOn { name: "Chisel", kind: "inv", target_name: Some("Uncut sapphire"), x: 0, z: 0, level: 0, index: None }
[script livegdx765_0] interact UseOn { name: "Chisel", kind: "inv", target_name: Some("Uncut sapphire"), x: 0, z: 0, level: 0, index: None }
[script livegdx765_0] interact UseOn { name: "Chisel", kind: "inv", target_name: Some("Uncut sapphire"), x: 0, z: 0, level: 0, index: None }
[script livegdx765_0] interact UseOn { name: "Chisel", kind: "inv", target_name: Some("Uncut sapphire"), x: 0, z: 0, level: 0, index: None }
[script livegdx765_0] interact UseOn { name: "Chisel", kind: "inv", target_name: Some("Uncut sapphire"), x: 0, z: 0, level: 0, index: None }
[script livegdx765_0] interact UseOn { name: "Chisel", kind: "inv", target_name: Some("Uncut sapphire"), x: 0, z: 0, level: 0, index: None }
[script livegdx765_0] interact UseOn { name: "Chisel", kind: "inv", target_name: Some("Uncut sapphire"), x: 0, z: 0, level: 0, index: None }
[script livegdx765_0] interact UseOn { name: "Chisel", kind: "inv", target_name: Some("Uncut sapphire"), x: 0, z: 0, level: 0, index: None }
[script livegdx765_0] interact UseOn { name: "Chisel", kind: "inv", target_name: Some("Uncut sapphire"), x: 0, z: 0, level: 0, index: None }
[script livegdx765_0] interact UseOn { name: "Chisel", kind: "inv", target_name: Some("Uncut sapphire"), x: 0, z: 0, level: 0, index: None }
[script livegdx765_0] interact UseOn { name: "Chisel", kind: "inv", target_name: Some("Uncut sapphire"), x: 0, z: 0, level: 0, index: None }
[script livegdx765_0] interact UseOn { name: "Chisel", kind: "inv", target_name: Some("Uncut sapphire"), x: 0, z: 0, level: 0, index: None }
[script livegdx765_0] interact UseOn { name: "Chisel", kind: "inv", target_name: Some("Uncut sapphire"), x: 0, z: 0, level: 0, index: None }
[script livegdx765_0] interact UseOn { name: "Chisel", kind: "inv", target_name: Some("Uncut sapphire"), x: 0, z: 0, level: 0, index: None }
[script livegdx765_0] interact UseOn { name: "Chisel", kind: "inv", target_name: Some("Uncut sapphire"), x: 0, z: 0, level: 0, index: None }
[script livegdx765_0] interact UseOn { name: "Chisel", kind: "inv", target_name: Some("Uncut sapphire"), x: 0, z: 0, level: 0, index: None }
[script livegdx765_0] interact UseOn { name: "Chisel", kind: "inv", target_name: Some("Uncut sapphire"), x: 0, z: 0, level: 0, index: None }
[script livegdx765_0] interact UseOn { name: "Chisel", kind: "inv", target_name: Some("Uncut sapphire"), x: 0, z: 0, level: 0, index: None }
[script livegdx765_0] interact UseOn { name: "Chisel", kind: "inv", target_name: Some("Uncut sapphire"), x: 0, z: 0, level: 0, index: None }
[host] slot livegdx765_0: d_loop_us=1224 d_raster_us=0 d_observe_us=104130 max_observe_us=8973 d_paints=0 d_skips=50 d_ticks=2 window_ms=1160
[host] slot livegdx765_0: d_loop_us=1001 d_raster_us=0 d_observe_us=74005 max_observe_us=9871 d_paints=0 d_skips=50 d_ticks=2 window_ms=1161
[script livegdx765_0] interact UseOn { name: "Chisel", kind: "inv", target_name: Some("Uncut sapphire"), x: 0, z: 0, level: 0, index: None }
[script livegdx765_0] interact UseOn { name: "Chisel", kind: "inv", target_name: Some("Uncut sapphire"), x: 0, z: 0, level: 0, index: None }
[script livegdx765_0] interact UseOn { name: "Chisel", kind: "inv", target_name: Some("Uncut sapphire"), x: 0, z: 0, level: 0, index: None }
[script livegdx765_0] interact UseOn { name: "Chisel", kind: "inv", target_name: Some("Uncut sapphire"), x: 0, z: 0, level: 0, index: None }
[script livegdx765_0] interact UseOn { name: "Chisel", kind: "inv", target_name: Some("Uncut sapphire"), x: 0, z: 0, level: 0, index: None }
[script livegdx765_0] interact UseOn { name: "Chisel", kind: "inv", target_name: Some("Uncut sapphire"), x: 0, z: 0, level: 0, index: None }
[script livegdx765_0] interact UseOn { name: "Chisel", kind: "inv", target_name: Some("Uncut sapphire"), x: 0, z: 0, level: 0, index: None }
[script livegdx765_0] interact UseOn { name: "Chisel", kind: "inv", target_name: Some("Uncut sapphire"), x: 0, z: 0, level: 0, index: None }
[script livegdx765_0] interact UseOn { name: "Chisel", kind: "inv", target_name: Some("Uncut sapphire"), x: 0, z: 0, level: 0, index: None }
[script livegdx765_0] interact UseOn { name: "Chisel", kind: "inv", target_name: Some("Uncut sapphire"), x: 0, z: 0, level: 0, index: None }
[script livegdx765_0] interact UseOn { name: "Chisel", kind: "inv", target_name: Some("Uncut sapphire"), x: 0, z: 0, level: 0, index: None }
[script livegdx765_0] interact UseOn { name: "Chisel", kind: "inv", target_name: Some("Uncut sapphire"), x: 0, z: 0, level: 0, index: None }
[script livegdx765_0] interact UseOn { name: "Chisel", kind: "inv", target_name: Some("Uncut sapphire"), x: 0, z: 0, level: 0, index: None }
[script livegdx765_0] interact UseOn { name: "Chisel", kind: "inv", target_name: Some("Uncut sapphire"), x: 0, z: 0, level: 0, index: None }
[script livegdx765_0] interact UseOn { name: "Chisel", kind: "inv", target_name: Some("Uncut sapphire"), x: 0, z: 0, level: 0, index: None }
[script livegdx765_0] interact UseOn { name: "Chisel", kind: "inv", target_name: Some("Uncut sapphire"), x: 0, z: 0, level: 0, index: None }
[script livegdx765_0] interact UseOn { name: "Chisel", kind: "inv", target_name: Some("Uncut sapphire"), x: 0, z: 0, level: 0, index: None }
[script livegdx765_0] interact UseOn { name: "Chisel", kind: "inv", target_name: Some("Uncut sapphire"), x: 0, z: 0, level: 0, index: None }
[script livegdx765_0] interact UseOn { name: "Chisel", kind: "inv", target_name: Some("Uncut sapphire"), x: 0, z: 0, level: 0, index: None }
[script livegdx765_0] interact UseOn { name: "Chisel", kind: "inv", target_name: Some("Uncut sapphire"), x: 0, z: 0, level: 0, index: None }
[script livegdx765_0] interact UseOn { name: "Chisel", kind: "inv", target_name: Some("Uncut sapphire"), x: 0, z: 0, level: 0, index: None }
[script livegdx765_0] interact UseOn { name: "Chisel", kind: "inv", target_name: Some("Uncut sapphire"), x: 0, z: 0, level: 0, index: None }
[script livegdx765_0] interact UseOn { name: "Chisel", kind: "inv", target_name: Some("Uncut sapphire"), x: 0, z: 0, level: 0, index: None }
[script livegdx765_0] interact UseOn { name: "Chisel", kind: "inv", target_name: Some("Uncut sapphire"), x: 0, z: 0, level: 0, index: None }
[script livegdx765_0] interact UseOn { name: "Chisel", kind: "inv", target_name: Some("Uncut sapphire"), x: 0, z: 0, level: 0, index: None }
[script livegdx765_0] interact UseOn { name: "Chisel", kind: "inv", target_name: Some("Uncut sapphire"), x: 0, z: 0, level: 0, index: None }
[script livegdx765_0] interact UseOn { name: "Chisel", kind: "inv", target_name: Some("Uncut sapphire"), x: 0, z: 0, level: 0, index: None }
[script livegdx765_0] interact UseOn { name: "Chisel", kind: "inv", target_name: Some("Uncut sapphire"), x: 0, z: 0, level: 0, index: None }
[script livegdx765_0] interact UseOn { name: "Chisel", kind: "inv", target_name: Some("Uncut sapphire"), x: 0, z: 0, level: 0, index: None }
[script livegdx765_0] interact UseOn { name: "Chisel", kind: "inv", target_name: Some("Uncut sapphire"), x: 0, z: 0, level: 0, index: None }
[script livegdx765_0] interact UseOn { name: "Chisel", kind: "inv", target_name: Some("Uncut sapphire"), x: 0, z: 0, level: 0, index: None }
[script livegdx765_0] interact UseOn { name: "Chisel", kind: "inv", target_name: Some("Uncut sapphire"), x: 0, z: 0, level: 0, index: None }
[script livegdx765_0] interact UseOn { name: "Chisel", kind: "inv", target_name: Some("Uncut sapphire"), x: 0, z: 0, level: 0, index: None }
[script livegdx765_0] interact UseOn { name: "Chisel", kind: "inv", target_name: Some("Uncut sapphire"), x: 0, z: 0, level: 0, index: None }
[script livegdx765_0] interact UseOn { name: "Chisel", kind: "inv", target_name: Some("Uncut sapphire"), x: 0, z: 0, level: 0, index: None }
[script livegdx765_0] interact UseOn { name: "Chisel", kind: "inv", target_name: Some("Uncut sapphire"), x: 0, z: 0, level: 0, index: None }
[script livegdx765_0] interact UseOn { name: "Chisel", kind: "inv", target_name: Some("Uncut sapphire"), x: 0, z: 0, level: 0, index: None }
[script livegdx765_0] interact UseOn { name: "Chisel", kind: "inv", target_name: Some("Uncut sapphire"), x: 0, z: 0, level: 0, index: None }
[script livegdx765_0] interact UseOn { name: "Chisel", kind: "inv", target_name: Some("Uncut sapphire"), x: 0, z: 0, level: 0, index: None }
[script livegdx765_0] interact UseOn { name: "Chisel", kind: "inv", target_name: Some("Uncut sapphire"), x: 0, z: 0, level: 0, index: None }
[script livegdx765_0] interact UseOn { name: "Chisel", kind: "inv", target_name: Some("Uncut sapphire"), x: 0, z: 0, level: 0, index: None }
[script livegdx765_0] interact UseOn { name: "Chisel", kind: "inv", target_name: Some("Uncut sapphire"), x: 0, z: 0, level: 0, index: None }
[script livegdx765_0] interact UseOn { name: "Chisel", kind: "inv", target_name: Some("Uncut sapphire"), x: 0, z: 0, level: 0, index: None }
[script livegdx765_0] interact UseOn { name: "Chisel", kind: "inv", target_name: Some("Uncut sapphire"), x: 0, z: 0, level: 0, index: None }
[script livegdx765_0] interact UseOn { name: "Chisel", kind: "inv", target_name: Some("Uncut sapphire"), x: 0, z: 0, level: 0, index: None }
[script livegdx765_0] interact UseOn { name: "Chisel", kind: "inv", target_name: Some("Uncut sapphire"), x: 0, z: 0, level: 0, index: None }
[script livegdx765_0] interact UseOn { name: "Chisel", kind: "inv", target_name: Some("Uncut sapphire"), x: 0, z: 0, level: 0, index: None }
[script livegdx765_0] interact UseOn { name: "Chisel", kind: "inv", target_name: Some("Uncut sapphire"), x: 0, z: 0, level: 0, index: None }
[script livegdx765_0] interact UseOn { name: "Chisel", kind: "inv", target_name: Some("Uncut sapphire"), x: 0, z: 0, level: 0, index: None }
[script livegdx765_0] interact UseOn { name: "Chisel", kind: "inv", target_name: Some("Uncut sapphire"), x: 0, z: 0, level: 0, index: None }
[script livegdx765_0] interact UseOn { name: "Chisel", kind: "inv", target_name: Some("Uncut sapphire"), x: 0, z: 0, level: 0, index: None }
[script livegdx765_0] interact UseOn { name: "Chisel", kind: "inv", target_name: Some("Uncut sapphire"), x: 0, z: 0, level: 0, index: None }
[script livegdx765_0] interact UseOn { name: "Chisel", kind: "inv", target_name: Some("Uncut sapphire"), x: 0, z: 0, level: 0, index: None }
[script livegdx765_0] interact UseOn { name: "Chisel", kind: "inv", target_name: Some("Uncut sapphire"), x: 0, z: 0, level: 0, index: None }
[script livegdx765_0] interact UseOn { name: "Chisel", kind: "inv", target_name: Some("Uncut sapphire"), x: 0, z: 0, level: 0, index: None }
[script livegdx765_0] interact UseOn { name: "Chisel", kind: "inv", target_name: Some("Uncut sapphire"), x: 0, z: 0, level: 0, index: None }
[script livegdx765_0] interact UseOn { name: "Chisel", kind: "inv", target_name: Some("Uncut sapphire"), x: 0, z: 0, level: 0, index: None }
[script livegdx765_0] interact UseOn { name: "Chisel", kind: "inv", target_name: Some("Uncut sapphire"), x: 0, z: 0, level: 0, index: None }
[script livegdx765_0] interact UseOn { name: "Chisel", kind: "inv", target_name: Some("Uncut sapphire"), x: 0, z: 0, level: 0, index: None }
[script livegdx765_0] interact UseOn { name: "Chisel", kind: "inv", target_name: Some("Uncut sapphire"), x: 0, z: 0, level: 0, index: None }
[host] slot livegdx765_0: d_loop_us=1190 d_raster_us=0 d_observe_us=95851 max_observe_us=10372 d_paints=0 d_skips=50 d_ticks=2 window_ms=1165
[script livegdx765_0] interact UseOn { name: "Chisel", kind: "inv", target_name: Some("Uncut sapphire"), x: 0, z: 0, level: 0, index: None }
[script livegdx765_0] interact UseOn { name: "Chisel", kind: "inv", target_name: Some("Uncut sapphire"), x: 0, z: 0, level: 0, index: None }
[script livegdx765_0] interact UseOn { name: "Chisel", kind: "inv", target_name: Some("Uncut sapphire"), x: 0, z: 0, level: 0, index: None }
[script livegdx765_0] interact UseOn { name: "Chisel", kind: "inv", target_name: Some("Uncut sapphire"), x: 0, z: 0, level: 0, index: None }
[script livegdx765_0] interact UseOn { name: "Chisel", kind: "inv", target_name: Some("Uncut sapphire"), x: 0, z: 0, level: 0, index: None }
[script livegdx765_0] interact UseOn { name: "Chisel", kind: "inv", target_name: Some("Uncut sapphire"), x: 0, z: 0, level: 0, index: None }
[script livegdx765_0] interact UseOn { name: "Chisel", kind: "inv", target_name: Some("Uncut sapphire"), x: 0, z: 0, level: 0, index: None }
[script livegdx765_0] interact UseOn { name: "Chisel", kind: "inv", target_name: Some("Uncut sapphire"), x: 0, z: 0, level: 0, index: None }
[script livegdx765_0] interact UseOn { name: "Chisel", kind: "inv", target_name: Some("Uncut sapphire"), x: 0, z: 0, level: 0, index: None }
[script livegdx765_0] interact UseOn { name: "Chisel", kind: "inv", target_name: Some("Uncut sapphire"), x: 0, z: 0, level: 0, index: None }
[script livegdx765_0] interact UseOn { name: "Chisel", kind: "inv", target_name: Some("Uncut sapphire"), x: 0, z: 0, level: 0, index: None }
[script livegdx765_0] interact UseOn { name: "Chisel", kind: "inv", target_name: Some("Uncut sapphire"), x: 0, z: 0, level: 0, index: None }
[script livegdx765_0] interact UseOn { name: "Chisel", kind: "inv", target_name: Some("Uncut sapphire"), x: 0, z: 0, level: 0, index: None }
[script livegdx765_0] interact UseOn { name: "Chisel", kind: "inv", target_name: Some("Uncut sapphire"), x: 0, z: 0, level: 0, index: None }
[script livegdx765_0] interact UseOn { name: "Chisel", kind: "inv", target_name: Some("Uncut sapphire"), x: 0, z: 0, level: 0, index: None }
[script livegdx765_0] interact UseOn { name: "Chisel", kind: "inv", target_name: Some("Uncut sapphire"), x: 0, z: 0, level: 0, index: None }
[script livegdx765_0] interact UseOn { name: "Chisel", kind: "inv", target_name: Some("Uncut sapphire"), x: 0, z: 0, level: 0, index: None }
[script livegdx765_0] interact UseOn { name: "Chisel", kind: "inv", target_name: Some("Uncut sapphire"), x: 0, z: 0, level: 0, index: None }
[script livegdx765_0] interact UseOn { name: "Chisel", kind: "inv", target_name: Some("Uncut sapphire"), x: 0, z: 0, level: 0, index: None }
[script livegdx765_0] interact UseOn { name: "Chisel", kind: "inv", target_name: Some("Uncut sapphire"), x: 0, z: 0, level: 0, index: None }
[script livegdx765_0] interact UseOn { name: "Chisel", kind: "inv", target_name: Some("Uncut sapphire"), x: 0, z: 0, level: 0, index: None }
[script livegdx765_0] interact UseOn { name: "Chisel", kind: "inv", target_name: Some("Uncut sapphire"), x: 0, z: 0, level: 0, index: None }
[script livegdx765_0] interact UseOn { name: "Chisel", kind: "inv", target_name: Some("Uncut sapphire"), x: 0, z: 0, level: 0, index: None }
[script livegdx765_0] interact UseOn { name: "Chisel", kind: "inv", target_name: Some("Uncut sapphire"), x: 0, z: 0, level: 0, index: None }
[script livegdx765_0] interact UseOn { name: "Chisel", kind: "inv", target_name: Some("Uncut sapphire"), x: 0, z: 0, level: 0, index: None }
[script livegdx765_0] interact UseOn { name: "Chisel", kind: "inv", target_name: Some("Uncut sapphire"), x: 0, z: 0, level: 0, index: None }
[script livegdx765_0] interact UseOn { name: "Chisel", kind: "inv", target_name: Some("Uncut sapphire"), x: 0, z: 0, level: 0, index: None }
[script livegdx765_0] interact UseOn { name: "Chisel", kind: "inv", target_name: Some("Uncut sapphire"), x: 0, z: 0, level: 0, index: None }
[script livegdx765_0] interact UseOn { name: "Chisel", kind: "inv", target_name: Some("Uncut sapphire"), x: 0, z: 0, level: 0, index: None }
[script livegdx765_0] interact UseOn { name: "Chisel", kind: "inv", target_name: Some("Uncut sapphire"), x: 0, z: 0, level: 0, index: None }
[script livegdx765_0] interact UseOn { name: "Chisel", kind: "inv", target_name: Some("Uncut sapphire"), x: 0, z: 0, level: 0, index: None }
[script livegdx765_0] interact UseOn { name: "Chisel", kind: "inv", target_name: Some("Uncut sapphire"), x: 0, z: 0, level: 0, index: None }
[script livegdx765_0] interact UseOn { name: "Chisel", kind: "inv", target_name: Some("Uncut sapphire"), x: 0, z: 0, level: 0, index: None }
[script livegdx765_0] interact UseOn { name: "Chisel", kind: "inv", target_name: Some("Uncut sapphire"), x: 0, z: 0, level: 0, index: None }
[script livegdx765_0] interact UseOn { name: "Chisel", kind: "inv", target_name: Some("Uncut sapphire"), x: 0, z: 0, level: 0, index: None }
[script livegdx765_0] interact UseOn { name: "Chisel", kind: "inv", target_name: Some("Uncut sapphire"), x: 0, z: 0, level: 0, index: None }
[script livegdx765_0] interact UseOn { name: "Chisel", kind: "inv", target_name: Some("Uncut sapphire"), x: 0, z: 0, level: 0, index: None }
[script livegdx765_0] interact UseOn { name: "Chisel", kind: "inv", target_name: Some("Uncut sapphire"), x: 0, z: 0, level: 0, index: None }
[script livegdx765_0] interact UseOn { name: "Chisel", kind: "inv", target_name: Some("Uncut sapphire"), x: 0, z: 0, level: 0, index: None }
[script livegdx765_0] interact UseOn { name: "Chisel", kind: "inv", target_name: Some("Uncut sapphire"), x: 0, z: 0, level: 0, index: None }
[script livegdx765_0] interact UseOn { name: "Chisel", kind: "inv", target_name: Some("Uncut sapphire"), x: 0, z: 0, level: 0, index: None }
[script livegdx765_0] interact UseOn { name: "Chisel", kind: "inv", target_name: Some("Uncut sapphire"), x: 0, z: 0, level: 0, index: None }
[script livegdx765_0] interact UseOn { name: "Chisel", kind: "inv", target_name: Some("Uncut sapphire"), x: 0, z: 0, level: 0, index: None }
[script livegdx765_0] interact UseOn { name: "Chisel", kind: "inv", target_name: Some("Uncut sapphire"), x: 0, z: 0, level: 0, index: None }
[script livegdx765_0] interact UseOn { name: "Chisel", kind: "inv", target_name: Some("Uncut sapphire"), x: 0, z: 0, level: 0, index: None }
[script livegdx765_0] interact UseOn { name: "Chisel", kind: "inv", target_name: Some("Uncut sapphire"), x: 0, z: 0, level: 0, index: None }
[script livegdx765_0] interact UseOn { name: "Chisel", kind: "inv", target_name: Some("Uncut sapphire"), x: 0, z: 0, level: 0, index: None }
[script livegdx765_0] interact UseOn { name: "Chisel", kind: "inv", target_name: Some("Uncut sapphire"), x: 0, z: 0, level: 0, index: None }
[script livegdx765_0] interact UseOn { name: "Chisel", kind: "inv", target_name: Some("Uncut sapphire"), x: 0, z: 0, level: 0, index: None }
[script livegdx765_0] interact UseOn { name: "Chisel", kind: "inv", target_name: Some("Uncut sapphire"), x: 0, z: 0, level: 0, index: None }
[script livegdx765_0] interact UseOn { name: "Chisel", kind: "inv", target_name: Some("Uncut sapphire"), x: 0, z: 0, level: 0, index: None }
[script livegdx765_0] interact UseOn { name: "Chisel", kind: "inv", target_name: Some("Uncut sapphire"), x: 0, z: 0, level: 0, index: None }
[script livegdx765_0] interact UseOn { name: "Chisel", kind: "inv", target_name: Some("Uncut sapphire"), x: 0, z: 0, level: 0, index: None }
[script livegdx765_0] interact UseOn { name: "Chisel", kind: "inv", target_name: Some("Uncut sapphire"), x: 0, z: 0, level: 0, index: None }
[script livegdx765_0] interact UseOn { name: "Chisel", kind: "inv", target_name: Some("Uncut sapphire"), x: 0, z: 0, level: 0, index: None }
[script livegdx765_0] interact UseOn { name: "Chisel", kind: "inv", target_name: Some("Uncut sapphire"), x: 0, z: 0, level: 0, index: None }
[script livegdx765_0] interact UseOn { name: "Chisel", kind: "inv", target_name: Some("Uncut sapphire"), x: 0, z: 0, level: 0, index: None }
[script livegdx765_0] interact UseOn { name: "Chisel", kind: "inv", target_name: Some("Uncut sapphire"), x: 0, z: 0, level: 0, index: None }
[script livegdx765_0] interact UseOn { name: "Chisel", kind: "inv", target_name: Some("Uncut sapphire"), x: 0, z: 0, level: 0, index: None }
[script livegdx765_0] interact UseOn { name: "Chisel", kind: "inv", target_name: Some("Uncut sapphire"), x: 0, z: 0, level: 0, index: None }
[host] slot livegdx765_0: d_loop_us=1209 d_raster_us=0 d_observe_us=99265 max_observe_us=9344 d_paints=0 d_skips=50 d_ticks=2 window_ms=1176
[host] slot livegdx765_0: d_loop_us=1308 d_raster_us=0 d_observe_us=104479 max_observe_us=8589 d_paints=0 d_skips=50 d_ticks=2 window_ms=1165
[script livegdx765_0] interact UseOn { name: "Chisel", kind: "inv", target_name: Some("Uncut sapphire"), x: 0, z: 0, level: 0, index: None }
[script livegdx765_0] interact UseOn { name: "Chisel", kind: "inv", target_name: Some("Uncut sapphire"), x: 0, z: 0, level: 0, index: None }
[script livegdx765_0] interact UseOn { name: "Chisel", kind: "inv", target_name: Some("Uncut sapphire"), x: 0, z: 0, level: 0, index: None }
[script livegdx765_0] interact UseOn { name: "Chisel", kind: "inv", target_name: Some("Uncut sapphire"), x: 0, z: 0, level: 0, index: None }
[script livegdx765_0] interact UseOn { name: "Chisel", kind: "inv", target_name: Some("Uncut sapphire"), x: 0, z: 0, level: 0, index: None }
[script livegdx765_0] interact UseOn { name: "Chisel", kind: "inv", target_name: Some("Uncut sapphire"), x: 0, z: 0, level: 0, index: None }
[script livegdx765_0] interact UseOn { name: "Chisel", kind: "inv", target_name: Some("Uncut sapphire"), x: 0, z: 0, level: 0, index: None }
[script livegdx765_0] interact UseOn { name: "Chisel", kind: "inv", target_name: Some("Uncut sapphire"), x: 0, z: 0, level: 0, index: None }
[script livegdx765_0] interact UseOn { name: "Chisel", kind: "inv", target_name: Some("Uncut sapphire"), x: 0, z: 0, level: 0, index: None }
[script livegdx765_0] interact UseOn { name: "Chisel", kind: "inv", target_name: Some("Uncut sapphire"), x: 0, z: 0, level: 0, index: None }
[script livegdx765_0] interact UseOn { name: "Chisel", kind: "inv", target_name: Some("Uncut sapphire"), x: 0, z: 0, level: 0, index: None }
[script livegdx765_0] interact UseOn { name: "Chisel", kind: "inv", target_name: Some("Uncut sapphire"), x: 0, z: 0, level: 0, index: None }
[script livegdx765_0] interact UseOn { name: "Chisel", kind: "inv", target_name: Some("Uncut sapphire"), x: 0, z: 0, level: 0, index: None }
[script livegdx765_0] interact UseOn { name: "Chisel", kind: "inv", target_name: Some("Uncut sapphire"), x: 0, z: 0, level: 0, index: None }
[script livegdx765_0] interact UseOn { name: "Chisel", kind: "inv", target_name: Some("Uncut sapphire"), x: 0, z: 0, level: 0, index: None }
[script livegdx765_0] interact UseOn { name: "Chisel", kind: "inv", target_name: Some("Uncut sapphire"), x: 0, z: 0, level: 0, index: None }
[script livegdx765_0] interact UseOn { name: "Chisel", kind: "inv", target_name: Some("Uncut sapphire"), x: 0, z: 0, level: 0, index: None }
[script livegdx765_0] interact UseOn { name: "Chisel", kind: "inv", target_name: Some("Uncut sapphire"), x: 0, z: 0, level: 0, index: None }
[script livegdx765_0] interact UseOn { name: "Chisel", kind: "inv", target_name: Some("Uncut sapphire"), x: 0, z: 0, level: 0, index: None }
[script livegdx765_0] interact UseOn { name: "Chisel", kind: "inv", target_name: Some("Uncut sapphire"), x: 0, z: 0, level: 0, index: None }
[script livegdx765_0] interact UseOn { name: "Chisel", kind: "inv", target_name: Some("Uncut sapphire"), x: 0, z: 0, level: 0, index: None }
[script livegdx765_0] interact UseOn { name: "Chisel", kind: "inv", target_name: Some("Uncut sapphire"), x: 0, z: 0, level: 0, index: None }
[script livegdx765_0] interact UseOn { name: "Chisel", kind: "inv", target_name: Some("Uncut sapphire"), x: 0, z: 0, level: 0, index: None }
[script livegdx765_0] interact UseOn { name: "Chisel", kind: "inv", target_name: Some("Uncut sapphire"), x: 0, z: 0, level: 0, index: None }
[script livegdx765_0] interact UseOn { name: "Chisel", kind: "inv", target_name: Some("Uncut sapphire"), x: 0, z: 0, level: 0, index: None }
[script livegdx765_0] interact UseOn { name: "Chisel", kind: "inv", target_name: Some("Uncut sapphire"), x: 0, z: 0, level: 0, index: None }
[script livegdx765_0] interact UseOn { name: "Chisel", kind: "inv", target_name: Some("Uncut sapphire"), x: 0, z: 0, level: 0, index: None }
[script livegdx765_0] interact UseOn { name: "Chisel", kind: "inv", target_name: Some("Uncut sapphire"), x: 0, z: 0, level: 0, index: None }
[script livegdx765_0] interact UseOn { name: "Chisel", kind: "inv", target_name: Some("Uncut sapphire"), x: 0, z: 0, level: 0, index: None }
[script livegdx765_0] interact UseOn { name: "Chisel", kind: "inv", target_name: Some("Uncut sapphire"), x: 0, z: 0, level: 0, index: None }
[script livegdx765_0] interact UseOn { name: "Chisel", kind: "inv", target_name: Some("Uncut sapphire"), x: 0, z: 0, level: 0, index: None }
[script livegdx765_0] interact UseOn { name: "Chisel", kind: "inv", target_name: Some("Uncut sapphire"), x: 0, z: 0, level: 0, index: None }
[script livegdx765_0] interact UseOn { name: "Chisel", kind: "inv", target_name: Some("Uncut sapphire"), x: 0, z: 0, level: 0, index: None }
[script livegdx765_0] interact UseOn { name: "Chisel", kind: "inv", target_name: Some("Uncut sapphire"), x: 0, z: 0, level: 0, index: None }
[script livegdx765_0] interact UseOn { name: "Chisel", kind: "inv", target_name: Some("Uncut sapphire"), x: 0, z: 0, level: 0, index: None }
[script livegdx765_0] interact UseOn { name: "Chisel", kind: "inv", target_name: Some("Uncut sapphire"), x: 0, z: 0, level: 0, index: None }
[script livegdx765_0] interact UseOn { name: "Chisel", kind: "inv", target_name: Some("Uncut sapphire"), x: 0, z: 0, level: 0, index: None }
[script livegdx765_0] interact UseOn { name: "Chisel", kind: "inv", target_name: Some("Uncut sapphire"), x: 0, z: 0, level: 0, index: None }
[script livegdx765_0] interact UseOn { name: "Chisel", kind: "inv", target_name: Some("Uncut sapphire"), x: 0, z: 0, level: 0, index: None }
[script livegdx765_0] interact UseOn { name: "Chisel", kind: "inv", target_name: Some("Uncut sapphire"), x: 0, z: 0, level: 0, index: None }
[script livegdx765_0] interact UseOn { name: "Chisel", kind: "inv", target_name: Some("Uncut sapphire"), x: 0, z: 0, level: 0, index: None }
[script livegdx765_0] interact UseOn { name: "Chisel", kind: "inv", target_name: Some("Uncut sapphire"), x: 0, z: 0, level: 0, index: None }
[script livegdx765_0] interact UseOn { name: "Chisel", kind: "inv", target_name: Some("Uncut sapphire"), x: 0, z: 0, level: 0, index: None }
[script livegdx765_0] interact UseOn { name: "Chisel", kind: "inv", target_name: Some("Uncut sapphire"), x: 0, z: 0, level: 0, index: None }
[script livegdx765_0] interact UseOn { name: "Chisel", kind: "inv", target_name: Some("Uncut sapphire"), x: 0, z: 0, level: 0, index: None }
[script livegdx765_0] interact UseOn { name: "Chisel", kind: "inv", target_name: Some("Uncut sapphire"), x: 0, z: 0, level: 0, index: None }
[script livegdx765_0] interact UseOn { name: "Chisel", kind: "inv", target_name: Some("Uncut sapphire"), x: 0, z: 0, level: 0, index: None }
[script livegdx765_0] interact UseOn { name: "Chisel", kind: "inv", target_name: Some("Uncut sapphire"), x: 0, z: 0, level: 0, index: None }
[script livegdx765_0] interact UseOn { name: "Chisel", kind: "inv", target_name: Some("Uncut sapphire"), x: 0, z: 0, level: 0, index: None }
[script livegdx765_0] interact UseOn { name: "Chisel", kind: "inv", target_name: Some("Uncut sapphire"), x: 0, z: 0, level: 0, index: None }
[script livegdx765_0] interact UseOn { name: "Chisel", kind: "inv", target_name: Some("Uncut sapphire"), x: 0, z: 0, level: 0, index: None }
[script livegdx765_0] interact UseOn { name: "Chisel", kind: "inv", target_name: Some("Uncut sapphire"), x: 0, z: 0, level: 0, index: None }
[script livegdx765_0] interact UseOn { name: "Chisel", kind: "inv", target_name: Some("Uncut sapphire"), x: 0, z: 0, level: 0, index: None }
[script livegdx765_0] interact UseOn { name: "Chisel", kind: "inv", target_name: Some("Uncut sapphire"), x: 0, z: 0, level: 0, index: None }
[script livegdx765_0] interact UseOn { name: "Chisel", kind: "inv", target_name: Some("Uncut sapphire"), x: 0, z: 0, level: 0, index: None }
[script livegdx765_0] interact UseOn { name: "Chisel", kind: "inv", target_name: Some("Uncut sapphire"), x: 0, z: 0, level: 0, index: None }
[script livegdx765_0] interact UseOn { name: "Chisel", kind: "inv", target_name: Some("Uncut sapphire"), x: 0, z: 0, level: 0, index: None }
[script livegdx765_0] interact UseOn { name: "Chisel", kind: "inv", target_name: Some("Uncut sapphire"), x: 0, z: 0, level: 0, index: None }
[script livegdx765_0] interact UseOn { name: "Chisel", kind: "inv", target_name: Some("Uncut sapphire"), x: 0, z: 0, level: 0, index: None }
[script livegdx765_0] interact UseOn { name: "Chisel", kind: "inv", target_name: Some("Uncut sapphire"), x: 0, z: 0, level: 0, index: None }
[host] slot livegdx765_0: d_loop_us=1146 d_raster_us=0 d_observe_us=75259 max_observe_us=6383 d_paints=0 d_skips=50 d_ticks=2 window_ms=1191
[host] slot livegdx765_0: d_loop_us=1113 d_raster_us=0 d_observe_us=108095 max_observe_us=13882 d_paints=0 d_skips=50 d_ticks=2 window_ms=1184
[script livegdx765_0] interact UseOn { name: "Chisel", kind: "inv", target_name: Some("Uncut sapphire"), x: 0, z: 0, level: 0, index: None }
[script livegdx765_0] interact UseOn { name: "Chisel", kind: "inv", target_name: Some("Uncut sapphire"), x: 0, z: 0, level: 0, index: None }
[script livegdx765_0] interact UseOn { name: "Chisel", kind: "inv", target_name: Some("Uncut sapphire"), x: 0, z: 0, level: 0, index: None }
[script livegdx765_0] interact UseOn { name: "Chisel", kind: "inv", target_name: Some("Uncut sapphire"), x: 0, z: 0, level: 0, index: None }
[script livegdx765_0] interact UseOn { name: "Chisel", kind: "inv", target_name: Some("Uncut sapphire"), x: 0, z: 0, level: 0, index: None }
[script livegdx765_0] interact UseOn { name: "Chisel", kind: "inv", target_name: Some("Uncut sapphire"), x: 0, z: 0, level: 0, index: None }
[script livegdx765_0] interact UseOn { name: "Chisel", kind: "inv", target_name: Some("Uncut sapphire"), x: 0, z: 0, level: 0, index: None }
[script livegdx765_0] interact UseOn { name: "Chisel", kind: "inv", target_name: Some("Uncut sapphire"), x: 0, z: 0, level: 0, index: None }
[script livegdx765_0] interact UseOn { name: "Chisel", kind: "inv", target_name: Some("Uncut sapphire"), x: 0, z: 0, level: 0, index: None }
[script livegdx765_0] interact UseOn { name: "Chisel", kind: "inv", target_name: Some("Uncut sapphire"), x: 0, z: 0, level: 0, index: None }
[script livegdx765_0] interact UseOn { name: "Chisel", kind: "inv", target_name: Some("Uncut sapphire"), x: 0, z: 0, level: 0, index: None }
[script livegdx765_0] interact UseOn { name: "Chisel", kind: "inv", target_name: Some("Uncut sapphire"), x: 0, z: 0, level: 0, index: None }
[script livegdx765_0] interact UseOn { name: "Chisel", kind: "inv", target_name: Some("Uncut sapphire"), x: 0, z: 0, level: 0, index: None }
[script livegdx765_0] interact UseOn { name: "Chisel", kind: "inv", target_name: Some("Uncut sapphire"), x: 0, z: 0, level: 0, index: None }
[script livegdx765_0] interact UseOn { name: "Chisel", kind: "inv", target_name: Some("Uncut sapphire"), x: 0, z: 0, level: 0, index: None }
[script livegdx765_0] interact UseOn { name: "Chisel", kind: "inv", target_name: Some("Uncut sapphire"), x: 0, z: 0, level: 0, index: None }
[script livegdx765_0] interact UseOn { name: "Chisel", kind: "inv", target_name: Some("Uncut sapphire"), x: 0, z: 0, level: 0, index: None }
[script livegdx765_0] interact UseOn { name: "Chisel", kind: "inv", target_name: Some("Uncut sapphire"), x: 0, z: 0, level: 0, index: None }
[script livegdx765_0] interact UseOn { name: "Chisel", kind: "inv", target_name: Some("Uncut sapphire"), x: 0, z: 0, level: 0, index: None }
[script livegdx765_0] interact UseOn { name: "Chisel", kind: "inv", target_name: Some("Uncut sapphire"), x: 0, z: 0, level: 0, index: None }
[script livegdx765_0] interact UseOn { name: "Chisel", kind: "inv", target_name: Some("Uncut sapphire"), x: 0, z: 0, level: 0, index: None }
[script livegdx765_0] interact UseOn { name: "Chisel", kind: "inv", target_name: Some("Uncut sapphire"), x: 0, z: 0, level: 0, index: None }
[script livegdx765_0] interact UseOn { name: "Chisel", kind: "inv", target_name: Some("Uncut sapphire"), x: 0, z: 0, level: 0, index: None }
[script livegdx765_0] interact UseOn { name: "Chisel", kind: "inv", target_name: Some("Uncut sapphire"), x: 0, z: 0, level: 0, index: None }
[script livegdx765_0] interact UseOn { name: "Chisel", kind: "inv", target_name: Some("Uncut sapphire"), x: 0, z: 0, level: 0, index: None }
[script livegdx765_0] interact UseOn { name: "Chisel", kind: "inv", target_name: Some("Uncut sapphire"), x: 0, z: 0, level: 0, index: None }
[script livegdx765_0] interact UseOn { name: "Chisel", kind: "inv", target_name: Some("Uncut sapphire"), x: 0, z: 0, level: 0, index: None }
[script livegdx765_0] interact UseOn { name: "Chisel", kind: "inv", target_name: Some("Uncut sapphire"), x: 0, z: 0, level: 0, index: None }
[script livegdx765_0] interact UseOn { name: "Chisel", kind: "inv", target_name: Some("Uncut sapphire"), x: 0, z: 0, level: 0, index: None }
[script livegdx765_0] interact UseOn { name: "Chisel", kind: "inv", target_name: Some("Uncut sapphire"), x: 0, z: 0, level: 0, index: None }
[script livegdx765_0] interact UseOn { name: "Chisel", kind: "inv", target_name: Some("Uncut sapphire"), x: 0, z: 0, level: 0, index: None }
[script livegdx765_0] interact UseOn { name: "Chisel", kind: "inv", target_name: Some("Uncut sapphire"), x: 0, z: 0, level: 0, index: None }
[script livegdx765_0] interact UseOn { name: "Chisel", kind: "inv", target_name: Some("Uncut sapphire"), x: 0, z: 0, level: 0, index: None }
[script livegdx765_0] interact UseOn { name: "Chisel", kind: "inv", target_name: Some("Uncut sapphire"), x: 0, z: 0, level: 0, index: None }
[script livegdx765_0] interact UseOn { name: "Chisel", kind: "inv", target_name: Some("Uncut sapphire"), x: 0, z: 0, level: 0, index: None }
[script livegdx765_0] interact UseOn { name: "Chisel", kind: "inv", target_name: Some("Uncut sapphire"), x: 0, z: 0, level: 0, index: None }
[script livegdx765_0] interact UseOn { name: "Chisel", kind: "inv", target_name: Some("Uncut sapphire"), x: 0, z: 0, level: 0, index: None }
[script livegdx765_0] interact UseOn { name: "Chisel", kind: "inv", target_name: Some("Uncut sapphire"), x: 0, z: 0, level: 0, index: None }
[script livegdx765_0] interact UseOn { name: "Chisel", kind: "inv", target_name: Some("Uncut sapphire"), x: 0, z: 0, level: 0, index: None }
[script livegdx765_0] interact UseOn { name: "Chisel", kind: "inv", target_name: Some("Uncut sapphire"), x: 0, z: 0, level: 0, index: None }
[script livegdx765_0] interact UseOn { name: "Chisel", kind: "inv", target_name: Some("Uncut sapphire"), x: 0, z: 0, level: 0, index: None }
[script livegdx765_0] interact UseOn { name: "Chisel", kind: "inv", target_name: Some("Uncut sapphire"), x: 0, z: 0, level: 0, index: None }
[script livegdx765_0] interact UseOn { name: "Chisel", kind: "inv", target_name: Some("Uncut sapphire"), x: 0, z: 0, level: 0, index: None }
[script livegdx765_0] interact UseOn { name: "Chisel", kind: "inv", target_name: Some("Uncut sapphire"), x: 0, z: 0, level: 0, index: None }
[script livegdx765_0] interact UseOn { name: "Chisel", kind: "inv", target_name: Some("Uncut sapphire"), x: 0, z: 0, level: 0, index: None }
[script livegdx765_0] interact UseOn { name: "Chisel", kind: "inv", target_name: Some("Uncut sapphire"), x: 0, z: 0, level: 0, index: None }
[script livegdx765_0] interact UseOn { name: "Chisel", kind: "inv", target_name: Some("Uncut sapphire"), x: 0, z: 0, level: 0, index: None }
[script livegdx765_0] interact UseOn { name: "Chisel", kind: "inv", target_name: Some("Uncut sapphire"), x: 0, z: 0, level: 0, index: None }
[script livegdx765_0] interact UseOn { name: "Chisel", kind: "inv", target_name: Some("Uncut sapphire"), x: 0, z: 0, level: 0, index: None }
[script livegdx765_0] interact UseOn { name: "Chisel", kind: "inv", target_name: Some("Uncut sapphire"), x: 0, z: 0, level: 0, index: None }
[script livegdx765_0] interact UseOn { name: "Chisel", kind: "inv", target_name: Some("Uncut sapphire"), x: 0, z: 0, level: 0, index: None }
[script livegdx765_0] interact UseOn { name: "Chisel", kind: "inv", target_name: Some("Uncut sapphire"), x: 0, z: 0, level: 0, index: None }
[script livegdx765_0] interact UseOn { name: "Chisel", kind: "inv", target_name: Some("Uncut sapphire"), x: 0, z: 0, level: 0, index: None }
[script livegdx765_0] interact UseOn { name: "Chisel", kind: "inv", target_name: Some("Uncut sapphire"), x: 0, z: 0, level: 0, index: None }
[script livegdx765_0] interact UseOn { name: "Chisel", kind: "inv", target_name: Some("Uncut sapphire"), x: 0, z: 0, level: 0, index: None }
[script livegdx765_0] interact UseOn { name: "Chisel", kind: "inv", target_name: Some("Uncut sapphire"), x: 0, z: 0, level: 0, index: None }
[script livegdx765_0] interact UseOn { name: "Chisel", kind: "inv", target_name: Some("Uncut sapphire"), x: 0, z: 0, level: 0, index: None }
[script livegdx765_0] interact UseOn { name: "Chisel", kind: "inv", target_name: Some("Uncut sapphire"), x: 0, z: 0, level: 0, index: None }
[script livegdx765_0] interact UseOn { name: "Chisel", kind: "inv", target_name: Some("Uncut sapphire"), x: 0, z: 0, level: 0, index: None }
[script livegdx765_0] interact UseOn { name: "Chisel", kind: "inv", target_name: Some("Uncut sapphire"), x: 0, z: 0, level: 0, index: None }
[host] slot livegdx765_0: d_loop_us=1231 d_raster_us=0 d_observe_us=102585 max_observe_us=14137 d_paints=0 d_skips=50 d_ticks=1 window_ms=1179
[script livegdx765_0] interact UseOn { name: "Chisel", kind: "inv", target_name: Some("Uncut sapphire"), x: 0, z: 0, level: 0, index: None }
[script livegdx765_0] interact UseOn { name: "Chisel", kind: "inv", target_name: Some("Uncut sapphire"), x: 0, z: 0, level: 0, index: None }
[script livegdx765_0] interact UseOn { name: "Chisel", kind: "inv", target_name: Some("Uncut sapphire"), x: 0, z: 0, level: 0, index: None }
[script livegdx765_0] interact UseOn { name: "Chisel", kind: "inv", target_name: Some("Uncut sapphire"), x: 0, z: 0, level: 0, index: None }
[script livegdx765_0] interact UseOn { name: "Chisel", kind: "inv", target_name: Some("Uncut sapphire"), x: 0, z: 0, level: 0, index: None }
[script livegdx765_0] interact UseOn { name: "Chisel", kind: "inv", target_name: Some("Uncut sapphire"), x: 0, z: 0, level: 0, index: None }
[script livegdx765_0] interact UseOn { name: "Chisel", kind: "inv", target_name: Some("Uncut sapphire"), x: 0, z: 0, level: 0, index: None }
[script livegdx765_0] interact UseOn { name: "Chisel", kind: "inv", target_name: Some("Uncut sapphire"), x: 0, z: 0, level: 0, index: None }
[script livegdx765_0] interact UseOn { name: "Chisel", kind: "inv", target_name: Some("Uncut sapphire"), x: 0, z: 0, level: 0, index: None }
[script livegdx765_0] interact UseOn { name: "Chisel", kind: "inv", target_name: Some("Uncut sapphire"), x: 0, z: 0, level: 0, index: None }
[script livegdx765_0] interact UseOn { name: "Chisel", kind: "inv", target_name: Some("Uncut sapphire"), x: 0, z: 0, level: 0, index: None }
[script livegdx765_0] interact UseOn { name: "Chisel", kind: "inv", target_name: Some("Uncut sapphire"), x: 0, z: 0, level: 0, index: None }
[script livegdx765_0] interact UseOn { name: "Chisel", kind: "inv", target_name: Some("Uncut sapphire"), x: 0, z: 0, level: 0, index: None }
[script livegdx765_0] interact UseOn { name: "Chisel", kind: "inv", target_name: Some("Uncut sapphire"), x: 0, z: 0, level: 0, index: None }
[script livegdx765_0] interact UseOn { name: "Chisel", kind: "inv", target_name: Some("Uncut sapphire"), x: 0, z: 0, level: 0, index: None }
[script livegdx765_0] interact UseOn { name: "Chisel", kind: "inv", target_name: Some("Uncut sapphire"), x: 0, z: 0, level: 0, index: None }
[script livegdx765_0] interact UseOn { name: "Chisel", kind: "inv", target_name: Some("Uncut sapphire"), x: 0, z: 0, level: 0, index: None }
[script livegdx765_0] interact UseOn { name: "Chisel", kind: "inv", target_name: Some("Uncut sapphire"), x: 0, z: 0, level: 0, index: None }
[script livegdx765_0] interact UseOn { name: "Chisel", kind: "inv", target_name: Some("Uncut sapphire"), x: 0, z: 0, level: 0, index: None }
[script livegdx765_0] interact UseOn { name: "Chisel", kind: "inv", target_name: Some("Uncut sapphire"), x: 0, z: 0, level: 0, index: None }
[script livegdx765_0] interact UseOn { name: "Chisel", kind: "inv", target_name: Some("Uncut sapphire"), x: 0, z: 0, level: 0, index: None }
[script livegdx765_0] interact UseOn { name: "Chisel", kind: "inv", target_name: Some("Uncut sapphire"), x: 0, z: 0, level: 0, index: None }
[script livegdx765_0] interact UseOn { name: "Chisel", kind: "inv", target_name: Some("Uncut sapphire"), x: 0, z: 0, level: 0, index: None }
[script livegdx765_0] interact UseOn { name: "Chisel", kind: "inv", target_name: Some("Uncut sapphire"), x: 0, z: 0, level: 0, index: None }
[script livegdx765_0] interact UseOn { name: "Chisel", kind: "inv", target_name: Some("Uncut sapphire"), x: 0, z: 0, level: 0, index: None }
[script livegdx765_0] interact UseOn { name: "Chisel", kind: "inv", target_name: Some("Uncut sapphire"), x: 0, z: 0, level: 0, index: None }
[script livegdx765_0] interact UseOn { name: "Chisel", kind: "inv", target_name: Some("Uncut sapphire"), x: 0, z: 0, level: 0, index: None }
[script livegdx765_0] interact UseOn { name: "Chisel", kind: "inv", target_name: Some("Uncut sapphire"), x: 0, z: 0, level: 0, index: None }
[script livegdx765_0] interact UseOn { name: "Chisel", kind: "inv", target_name: Some("Uncut sapphire"), x: 0, z: 0, level: 0, index: None }
[script livegdx765_0] interact UseOn { name: "Chisel", kind: "inv", target_name: Some("Uncut sapphire"), x: 0, z: 0, level: 0, index: None }
[script livegdx765_0] interact UseOn { name: "Chisel", kind: "inv", target_name: Some("Uncut sapphire"), x: 0, z: 0, level: 0, index: None }
[script livegdx765_0] interact UseOn { name: "Chisel", kind: "inv", target_name: Some("Uncut sapphire"), x: 0, z: 0, level: 0, index: None }
[script livegdx765_0] interact UseOn { name: "Chisel", kind: "inv", target_name: Some("Uncut sapphire"), x: 0, z: 0, level: 0, index: None }
[script livegdx765_0] interact UseOn { name: "Chisel", kind: "inv", target_name: Some("Uncut sapphire"), x: 0, z: 0, level: 0, index: None }
[script livegdx765_0] interact UseOn { name: "Chisel", kind: "inv", target_name: Some("Uncut sapphire"), x: 0, z: 0, level: 0, index: None }
[script livegdx765_0] interact UseOn { name: "Chisel", kind: "inv", target_name: Some("Uncut sapphire"), x: 0, z: 0, level: 0, index: None }
[script livegdx765_0] interact UseOn { name: "Chisel", kind: "inv", target_name: Some("Uncut sapphire"), x: 0, z: 0, level: 0, index: None }
[script livegdx765_0] interact UseOn { name: "Chisel", kind: "inv", target_name: Some("Uncut sapphire"), x: 0, z: 0, level: 0, index: None }
[script livegdx765_0] interact UseOn { name: "Chisel", kind: "inv", target_name: Some("Uncut sapphire"), x: 0, z: 0, level: 0, index: None }
[script livegdx765_0] interact UseOn { name: "Chisel", kind: "inv", target_name: Some("Uncut sapphire"), x: 0, z: 0, level: 0, index: None }
[script livegdx765_0] interact UseOn { name: "Chisel", kind: "inv", target_name: Some("Uncut sapphire"), x: 0, z: 0, level: 0, index: None }
[script livegdx765_0] interact UseOn { name: "Chisel", kind: "inv", target_name: Some("Uncut sapphire"), x: 0, z: 0, level: 0, index: None }
[script livegdx765_0] interact UseOn { name: "Chisel", kind: "inv", target_name: Some("Uncut sapphire"), x: 0, z: 0, level: 0, index: None }
[script livegdx765_0] interact UseOn { name: "Chisel", kind: "inv", target_name: Some("Uncut sapphire"), x: 0, z: 0, level: 0, index: None }
[script livegdx765_0] interact UseOn { name: "Chisel", kind: "inv", target_name: Some("Uncut sapphire"), x: 0, z: 0, level: 0, index: None }
[script livegdx765_0] interact UseOn { name: "Chisel", kind: "inv", target_name: Some("Uncut sapphire"), x: 0, z: 0, level: 0, index: None }
[script livegdx765_0] interact UseOn { name: "Chisel", kind: "inv", target_name: Some("Uncut sapphire"), x: 0, z: 0, level: 0, index: None }
[script livegdx765_0] interact UseOn { name: "Chisel", kind: "inv", target_name: Some("Uncut sapphire"), x: 0, z: 0, level: 0, index: None }
[script livegdx765_0] interact UseOn { name: "Chisel", kind: "inv", target_name: Some("Uncut sapphire"), x: 0, z: 0, level: 0, index: None }
[script livegdx765_0] interact UseOn { name: "Chisel", kind: "inv", target_name: Some("Uncut sapphire"), x: 0, z: 0, level: 0, index: None }
[script livegdx765_0] interact UseOn { name: "Chisel", kind: "inv", target_name: Some("Uncut sapphire"), x: 0, z: 0, level: 0, index: None }
[script livegdx765_0] interact UseOn { name: "Chisel", kind: "inv", target_name: Some("Uncut sapphire"), x: 0, z: 0, level: 0, index: None }
[script livegdx765_0] interact UseOn { name: "Chisel", kind: "inv", target_name: Some("Uncut sapphire"), x: 0, z: 0, level: 0, index: None }
[script livegdx765_0] interact UseOn { name: "Chisel", kind: "inv", target_name: Some("Uncut sapphire"), x: 0, z: 0, level: 0, index: None }
[script livegdx765_0] interact UseOn { name: "Chisel", kind: "inv", target_name: Some("Uncut sapphire"), x: 0, z: 0, level: 0, index: None }
[script livegdx765_0] interact UseOn { name: "Chisel", kind: "inv", target_name: Some("Uncut sapphire"), x: 0, z: 0, level: 0, index: None }
[script livegdx765_0] interact UseOn { name: "Chisel", kind: "inv", target_name: Some("Uncut sapphire"), x: 0, z: 0, level: 0, index: None }
[script livegdx765_0] interact UseOn { name: "Chisel", kind: "inv", target_name: Some("Uncut sapphire"), x: 0, z: 0, level: 0, index: None }
[script livegdx765_0] interact UseOn { name: "Chisel", kind: "inv", target_name: Some("Uncut sapphire"), x: 0, z: 0, level: 0, index: None }
[script livegdx765_0] interact UseOn { name: "Chisel", kind: "inv", target_name: Some("Uncut sapphire"), x: 0, z: 0, level: 0, index: None }
[host] slot livegdx765_0: d_loop_us=1870 d_raster_us=0 d_observe_us=89314 max_observe_us=11147 d_paints=0 d_skips=50 d_ticks=2 window_ms=1196
[host] slot livegdx765_0: d_loop_us=1102 d_raster_us=0 d_observe_us=99647 max_observe_us=14693 d_paints=0 d_skips=50 d_ticks=2 window_ms=1189
[script livegdx765_0] interact UseOn { name: "Chisel", kind: "inv", target_name: Some("Uncut sapphire"), x: 0, z: 0, level: 0, index: None }
[script livegdx765_0] interact UseOn { name: "Chisel", kind: "inv", target_name: Some("Uncut sapphire"), x: 0, z: 0, level: 0, index: None }
[script livegdx765_0] interact UseOn { name: "Chisel", kind: "inv", target_name: Some("Uncut sapphire"), x: 0, z: 0, level: 0, index: None }
[script livegdx765_0] interact UseOn { name: "Chisel", kind: "inv", target_name: Some("Uncut sapphire"), x: 0, z: 0, level: 0, index: None }
[script livegdx765_0] interact UseOn { name: "Chisel", kind: "inv", target_name: Some("Uncut sapphire"), x: 0, z: 0, level: 0, index: None }
[script livegdx765_0] interact UseOn { name: "Chisel", kind: "inv", target_name: Some("Uncut sapphire"), x: 0, z: 0, level: 0, index: None }
[script livegdx765_0] interact UseOn { name: "Chisel", kind: "inv", target_name: Some("Uncut sapphire"), x: 0, z: 0, level: 0, index: None }
[script livegdx765_0] interact UseOn { name: "Chisel", kind: "inv", target_name: Some("Uncut sapphire"), x: 0, z: 0, level: 0, index: None }
[script livegdx765_0] interact UseOn { name: "Chisel", kind: "inv", target_name: Some("Uncut sapphire"), x: 0, z: 0, level: 0, index: None }
[script livegdx765_0] interact UseOn { name: "Chisel", kind: "inv", target_name: Some("Uncut sapphire"), x: 0, z: 0, level: 0, index: None }
[script livegdx765_0] interact UseOn { name: "Chisel", kind: "inv", target_name: Some("Uncut sapphire"), x: 0, z: 0, level: 0, index: None }
[script livegdx765_0] interact UseOn { name: "Chisel", kind: "inv", target_name: Some("Uncut sapphire"), x: 0, z: 0, level: 0, index: None }
[script livegdx765_0] interact UseOn { name: "Chisel", kind: "inv", target_name: Some("Uncut sapphire"), x: 0, z: 0, level: 0, index: None }
[script livegdx765_0] interact UseOn { name: "Chisel", kind: "inv", target_name: Some("Uncut sapphire"), x: 0, z: 0, level: 0, index: None }
[script livegdx765_0] interact UseOn { name: "Chisel", kind: "inv", target_name: Some("Uncut sapphire"), x: 0, z: 0, level: 0, index: None }
[script livegdx765_0] interact UseOn { name: "Chisel", kind: "inv", target_name: Some("Uncut sapphire"), x: 0, z: 0, level: 0, index: None }
[script livegdx765_0] interact UseOn { name: "Chisel", kind: "inv", target_name: Some("Uncut sapphire"), x: 0, z: 0, level: 0, index: None }
[script livegdx765_0] interact UseOn { name: "Chisel", kind: "inv", target_name: Some("Uncut sapphire"), x: 0, z: 0, level: 0, index: None }
[script livegdx765_0] interact UseOn { name: "Chisel", kind: "inv", target_name: Some("Uncut sapphire"), x: 0, z: 0, level: 0, index: None }
[script livegdx765_0] interact UseOn { name: "Chisel", kind: "inv", target_name: Some("Uncut sapphire"), x: 0, z: 0, level: 0, index: None }
[script livegdx765_0] interact UseOn { name: "Chisel", kind: "inv", target_name: Some("Uncut sapphire"), x: 0, z: 0, level: 0, index: None }
[script livegdx765_0] interact UseOn { name: "Chisel", kind: "inv", target_name: Some("Uncut sapphire"), x: 0, z: 0, level: 0, index: None }
[script livegdx765_0] interact UseOn { name: "Chisel", kind: "inv", target_name: Some("Uncut sapphire"), x: 0, z: 0, level: 0, index: None }
[script livegdx765_0] interact UseOn { name: "Chisel", kind: "inv", target_name: Some("Uncut sapphire"), x: 0, z: 0, level: 0, index: None }
[script livegdx765_0] interact UseOn { name: "Chisel", kind: "inv", target_name: Some("Uncut sapphire"), x: 0, z: 0, level: 0, index: None }
[script livegdx765_0] interact UseOn { name: "Chisel", kind: "inv", target_name: Some("Uncut sapphire"), x: 0, z: 0, level: 0, index: None }
[script livegdx765_0] interact UseOn { name: "Chisel", kind: "inv", target_name: Some("Uncut sapphire"), x: 0, z: 0, level: 0, index: None }
[script livegdx765_0] interact UseOn { name: "Chisel", kind: "inv", target_name: Some("Uncut sapphire"), x: 0, z: 0, level: 0, index: None }
[script livegdx765_0] interact UseOn { name: "Chisel", kind: "inv", target_name: Some("Uncut sapphire"), x: 0, z: 0, level: 0, index: None }
[script livegdx765_0] interact UseOn { name: "Chisel", kind: "inv", target_name: Some("Uncut sapphire"), x: 0, z: 0, level: 0, index: None }
[script livegdx765_0] interact UseOn { name: "Chisel", kind: "inv", target_name: Some("Uncut sapphire"), x: 0, z: 0, level: 0, index: None }
[script livegdx765_0] interact UseOn { name: "Chisel", kind: "inv", target_name: Some("Uncut sapphire"), x: 0, z: 0, level: 0, index: None }
[script livegdx765_0] interact UseOn { name: "Chisel", kind: "inv", target_name: Some("Uncut sapphire"), x: 0, z: 0, level: 0, index: None }
[script livegdx765_0] interact UseOn { name: "Chisel", kind: "inv", target_name: Some("Uncut sapphire"), x: 0, z: 0, level: 0, index: None }
[script livegdx765_0] interact UseOn { name: "Chisel", kind: "inv", target_name: Some("Uncut sapphire"), x: 0, z: 0, level: 0, index: None }
[script livegdx765_0] interact UseOn { name: "Chisel", kind: "inv", target_name: Some("Uncut sapphire"), x: 0, z: 0, level: 0, index: None }
[script livegdx765_0] interact UseOn { name: "Chisel", kind: "inv", target_name: Some("Uncut sapphire"), x: 0, z: 0, level: 0, index: None }
[script livegdx765_0] interact UseOn { name: "Chisel", kind: "inv", target_name: Some("Uncut sapphire"), x: 0, z: 0, level: 0, index: None }
[script livegdx765_0] interact UseOn { name: "Chisel", kind: "inv", target_name: Some("Uncut sapphire"), x: 0, z: 0, level: 0, index: None }
[script livegdx765_0] interact UseOn { name: "Chisel", kind: "inv", target_name: Some("Uncut sapphire"), x: 0, z: 0, level: 0, index: None }
[script livegdx765_0] interact UseOn { name: "Chisel", kind: "inv", target_name: Some("Uncut sapphire"), x: 0, z: 0, level: 0, index: None }
[script livegdx765_0] interact UseOn { name: "Chisel", kind: "inv", target_name: Some("Uncut sapphire"), x: 0, z: 0, level: 0, index: None }
[script livegdx765_0] interact UseOn { name: "Chisel", kind: "inv", target_name: Some("Uncut sapphire"), x: 0, z: 0, level: 0, index: None }
[script livegdx765_0] interact UseOn { name: "Chisel", kind: "inv", target_name: Some("Uncut sapphire"), x: 0, z: 0, level: 0, index: None }
[script livegdx765_0] interact UseOn { name: "Chisel", kind: "inv", target_name: Some("Uncut sapphire"), x: 0, z: 0, level: 0, index: None }
[script livegdx765_0] interact UseOn { name: "Chisel", kind: "inv", target_name: Some("Uncut sapphire"), x: 0, z: 0, level: 0, index: None }
[script livegdx765_0] interact UseOn { name: "Chisel", kind: "inv", target_name: Some("Uncut sapphire"), x: 0, z: 0, level: 0, index: None }
[script livegdx765_0] interact UseOn { name: "Chisel", kind: "inv", target_name: Some("Uncut sapphire"), x: 0, z: 0, level: 0, index: None }
[script livegdx765_0] interact UseOn { name: "Chisel", kind: "inv", target_name: Some("Uncut sapphire"), x: 0, z: 0, level: 0, index: None }
[script livegdx765_0] interact UseOn { name: "Chisel", kind: "inv", target_name: Some("Uncut sapphire"), x: 0, z: 0, level: 0, index: None }
[script livegdx765_0] interact UseOn { name: "Chisel", kind: "inv", target_name: Some("Uncut sapphire"), x: 0, z: 0, level: 0, index: None }
[script livegdx765_0] interact UseOn { name: "Chisel", kind: "inv", target_name: Some("Uncut sapphire"), x: 0, z: 0, level: 0, index: None }
[script livegdx765_0] interact UseOn { name: "Chisel", kind: "inv", target_name: Some("Uncut sapphire"), x: 0, z: 0, level: 0, index: None }
[script livegdx765_0] interact UseOn { name: "Chisel", kind: "inv", target_name: Some("Uncut sapphire"), x: 0, z: 0, level: 0, index: None }
[script livegdx765_0] interact UseOn { name: "Chisel", kind: "inv", target_name: Some("Uncut sapphire"), x: 0, z: 0, level: 0, index: None }
[script livegdx765_0] interact UseOn { name: "Chisel", kind: "inv", target_name: Some("Uncut sapphire"), x: 0, z: 0, level: 0, index: None }
[script livegdx765_0] interact UseOn { name: "Chisel", kind: "inv", target_name: Some("Uncut sapphire"), x: 0, z: 0, level: 0, index: None }
[script livegdx765_0] interact UseOn { name: "Chisel", kind: "inv", target_name: Some("Uncut sapphire"), x: 0, z: 0, level: 0, index: None }
[script livegdx765_0] interact UseOn { name: "Chisel", kind: "inv", target_name: Some("Uncut sapphire"), x: 0, z: 0, level: 0, index: None }
[script livegdx765_0] interact UseOn { name: "Chisel", kind: "inv", target_name: Some("Uncut sapphire"), x: 0, z: 0, level: 0, index: None }
[host] slot livegdx765_0: d_loop_us=1262 d_raster_us=0 d_observe_us=106489 max_observe_us=10815 d_paints=0 d_skips=50 d_ticks=2 window_ms=1188
[host] slot livegdx765_0: d_loop_us=1220 d_raster_us=0 d_observe_us=92518 max_observe_us=15387 d_paints=0 d_skips=50 d_ticks=2 window_ms=1203
[script livegdx765_0] interact UseOn { name: "Chisel", kind: "inv", target_name: Some("Uncut sapphire"), x: 0, z: 0, level: 0, index: None }
[script livegdx765_0] interact UseOn { name: "Chisel", kind: "inv", target_name: Some("Uncut sapphire"), x: 0, z: 0, level: 0, index: None }
[script livegdx765_0] interact UseOn { name: "Chisel", kind: "inv", target_name: Some("Uncut sapphire"), x: 0, z: 0, level: 0, index: None }
[script livegdx765_0] interact UseOn { name: "Chisel", kind: "inv", target_name: Some("Uncut sapphire"), x: 0, z: 0, level: 0, index: None }
[script livegdx765_0] interact UseOn { name: "Chisel", kind: "inv", target_name: Some("Uncut sapphire"), x: 0, z: 0, level: 0, index: None }
[script livegdx765_0] interact UseOn { name: "Chisel", kind: "inv", target_name: Some("Uncut sapphire"), x: 0, z: 0, level: 0, index: None }
[script livegdx765_0] interact UseOn { name: "Chisel", kind: "inv", target_name: Some("Uncut sapphire"), x: 0, z: 0, level: 0, index: None }
[script livegdx765_0] interact UseOn { name: "Chisel", kind: "inv", target_name: Some("Uncut sapphire"), x: 0, z: 0, level: 0, index: None }
[script livegdx765_0] interact UseOn { name: "Chisel", kind: "inv", target_name: Some("Uncut sapphire"), x: 0, z: 0, level: 0, index: None }
[script livegdx765_0] interact UseOn { name: "Chisel", kind: "inv", target_name: Some("Uncut sapphire"), x: 0, z: 0, level: 0, index: None }
[script livegdx765_0] interact UseOn { name: "Chisel", kind: "inv", target_name: Some("Uncut sapphire"), x: 0, z: 0, level: 0, index: None }
[script livegdx765_0] interact UseOn { name: "Chisel", kind: "inv", target_name: Some("Uncut sapphire"), x: 0, z: 0, level: 0, index: None }
[script livegdx765_0] interact UseOn { name: "Chisel", kind: "inv", target_name: Some("Uncut sapphire"), x: 0, z: 0, level: 0, index: None }
[script livegdx765_0] interact UseOn { name: "Chisel", kind: "inv", target_name: Some("Uncut sapphire"), x: 0, z: 0, level: 0, index: None }
[script livegdx765_0] interact UseOn { name: "Chisel", kind: "inv", target_name: Some("Uncut sapphire"), x: 0, z: 0, level: 0, index: None }
[script livegdx765_0] interact UseOn { name: "Chisel", kind: "inv", target_name: Some("Uncut sapphire"), x: 0, z: 0, level: 0, index: None }
[script livegdx765_0] interact UseOn { name: "Chisel", kind: "inv", target_name: Some("Uncut sapphire"), x: 0, z: 0, level: 0, index: None }
[script livegdx765_0] interact UseOn { name: "Chisel", kind: "inv", target_name: Some("Uncut sapphire"), x: 0, z: 0, level: 0, index: None }
[script livegdx765_0] interact UseOn { name: "Chisel", kind: "inv", target_name: Some("Uncut sapphire"), x: 0, z: 0, level: 0, index: None }
[script livegdx765_0] interact UseOn { name: "Chisel", kind: "inv", target_name: Some("Uncut sapphire"), x: 0, z: 0, level: 0, index: None }
[script livegdx765_0] interact UseOn { name: "Chisel", kind: "inv", target_name: Some("Uncut sapphire"), x: 0, z: 0, level: 0, index: None }
[script livegdx765_0] interact UseOn { name: "Chisel", kind: "inv", target_name: Some("Uncut sapphire"), x: 0, z: 0, level: 0, index: None }
[script livegdx765_0] interact UseOn { name: "Chisel", kind: "inv", target_name: Some("Uncut sapphire"), x: 0, z: 0, level: 0, index: None }
[script livegdx765_0] interact UseOn { name: "Chisel", kind: "inv", target_name: Some("Uncut sapphire"), x: 0, z: 0, level: 0, index: None }
[script livegdx765_0] interact UseOn { name: "Chisel", kind: "inv", target_name: Some("Uncut sapphire"), x: 0, z: 0, level: 0, index: None }
[script livegdx765_0] interact UseOn { name: "Chisel", kind: "inv", target_name: Some("Uncut sapphire"), x: 0, z: 0, level: 0, index: None }
[script livegdx765_0] interact UseOn { name: "Chisel", kind: "inv", target_name: Some("Uncut sapphire"), x: 0, z: 0, level: 0, index: None }
[script livegdx765_0] interact UseOn { name: "Chisel", kind: "inv", target_name: Some("Uncut sapphire"), x: 0, z: 0, level: 0, index: None }
[script livegdx765_0] interact UseOn { name: "Chisel", kind: "inv", target_name: Some("Uncut sapphire"), x: 0, z: 0, level: 0, index: None }
[script livegdx765_0] interact UseOn { name: "Chisel", kind: "inv", target_name: Some("Uncut sapphire"), x: 0, z: 0, level: 0, index: None }
[script livegdx765_0] interact UseOn { name: "Chisel", kind: "inv", target_name: Some("Uncut sapphire"), x: 0, z: 0, level: 0, index: None }
[script livegdx765_0] interact UseOn { name: "Chisel", kind: "inv", target_name: Some("Uncut sapphire"), x: 0, z: 0, level: 0, index: None }
[script livegdx765_0] interact UseOn { name: "Chisel", kind: "inv", target_name: Some("Uncut sapphire"), x: 0, z: 0, level: 0, index: None }
[script livegdx765_0] interact UseOn { name: "Chisel", kind: "inv", target_name: Some("Uncut sapphire"), x: 0, z: 0, level: 0, index: None }
[script livegdx765_0] interact UseOn { name: "Chisel", kind: "inv", target_name: Some("Uncut sapphire"), x: 0, z: 0, level: 0, index: None }
[script livegdx765_0] interact UseOn { name: "Chisel", kind: "inv", target_name: Some("Uncut sapphire"), x: 0, z: 0, level: 0, index: None }
[script livegdx765_0] interact UseOn { name: "Chisel", kind: "inv", target_name: Some("Uncut sapphire"), x: 0, z: 0, level: 0, index: None }
[script livegdx765_0] interact UseOn { name: "Chisel", kind: "inv", target_name: Some("Uncut sapphire"), x: 0, z: 0, level: 0, index: None }
[script livegdx765_0] interact UseOn { name: "Chisel", kind: "inv", target_name: Some("Uncut sapphire"), x: 0, z: 0, level: 0, index: None }
[script livegdx765_0] interact UseOn { name: "Chisel", kind: "inv", target_name: Some("Uncut sapphire"), x: 0, z: 0, level: 0, index: None }
[script livegdx765_0] interact UseOn { name: "Chisel", kind: "inv", target_name: Some("Uncut sapphire"), x: 0, z: 0, level: 0, index: None }
[script livegdx765_0] interact UseOn { name: "Chisel", kind: "inv", target_name: Some("Uncut sapphire"), x: 0, z: 0, level: 0, index: None }
[script livegdx765_0] interact UseOn { name: "Chisel", kind: "inv", target_name: Some("Uncut sapphire"), x: 0, z: 0, level: 0, index: None }
[script livegdx765_0] interact UseOn { name: "Chisel", kind: "inv", target_name: Some("Uncut sapphire"), x: 0, z: 0, level: 0, index: None }
[script livegdx765_0] interact UseOn { name: "Chisel", kind: "inv", target_name: Some("Uncut sapphire"), x: 0, z: 0, level: 0, index: None }
[script livegdx765_0] interact UseOn { name: "Chisel", kind: "inv", target_name: Some("Uncut sapphire"), x: 0, z: 0, level: 0, index: None }
[script livegdx765_0] interact UseOn { name: "Chisel", kind: "inv", target_name: Some("Uncut sapphire"), x: 0, z: 0, level: 0, index: None }
[script livegdx765_0] interact UseOn { name: "Chisel", kind: "inv", target_name: Some("Uncut sapphire"), x: 0, z: 0, level: 0, index: None }
[script livegdx765_0] interact UseOn { name: "Chisel", kind: "inv", target_name: Some("Uncut sapphire"), x: 0, z: 0, level: 0, index: None }
[script livegdx765_0] interact UseOn { name: "Chisel", kind: "inv", target_name: Some("Uncut sapphire"), x: 0, z: 0, level: 0, index: None }
[script livegdx765_0] interact UseOn { name: "Chisel", kind: "inv", target_name: Some("Uncut sapphire"), x: 0, z: 0, level: 0, index: None }
[script livegdx765_0] interact UseOn { name: "Chisel", kind: "inv", target_name: Some("Uncut sapphire"), x: 0, z: 0, level: 0, index: None }
[script livegdx765_0] interact UseOn { name: "Chisel", kind: "inv", target_name: Some("Uncut sapphire"), x: 0, z: 0, level: 0, index: None }
[script livegdx765_0] interact UseOn { name: "Chisel", kind: "inv", target_name: Some("Uncut sapphire"), x: 0, z: 0, level: 0, index: None }
[script livegdx765_0] interact UseOn { name: "Chisel", kind: "inv", target_name: Some("Uncut sapphire"), x: 0, z: 0, level: 0, index: None }
[script livegdx765_0] interact UseOn { name: "Chisel", kind: "inv", target_name: Some("Uncut sapphire"), x: 0, z: 0, level: 0, index: None }
[script livegdx765_0] interact UseOn { name: "Chisel", kind: "inv", target_name: Some("Uncut sapphire"), x: 0, z: 0, level: 0, index: None }
[script livegdx765_0] interact UseOn { name: "Chisel", kind: "inv", target_name: Some("Uncut sapphire"), x: 0, z: 0, level: 0, index: None }
[script livegdx765_0] interact UseOn { name: "Chisel", kind: "inv", target_name: Some("Uncut sapphire"), x: 0, z: 0, level: 0, index: None }
[script livegdx765_0] interact UseOn { name: "Chisel", kind: "inv", target_name: Some("Uncut sapphire"), x: 0, z: 0, level: 0, index: None }
[host] slot livegdx765_0: d_loop_us=1210 d_raster_us=0 d_observe_us=78505 max_observe_us=7727 d_paints=0 d_skips=50 d_ticks=2 window_ms=1189
[script livegdx765_0] interact UseOn { name: "Chisel", kind: "inv", target_name: Some("Uncut sapphire"), x: 0, z: 0, level: 0, index: None }
[script livegdx765_0] interact UseOn { name: "Chisel", kind: "inv", target_name: Some("Uncut sapphire"), x: 0, z: 0, level: 0, index: None }
[script livegdx765_0] interact UseOn { name: "Chisel", kind: "inv", target_name: Some("Uncut sapphire"), x: 0, z: 0, level: 0, index: None }
[script livegdx765_0] interact UseOn { name: "Chisel", kind: "inv", target_name: Some("Uncut sapphire"), x: 0, z: 0, level: 0, index: None }
[script livegdx765_0] interact UseOn { name: "Chisel", kind: "inv", target_name: Some("Uncut sapphire"), x: 0, z: 0, level: 0, index: None }
[script livegdx765_0] interact UseOn { name: "Chisel", kind: "inv", target_name: Some("Uncut sapphire"), x: 0, z: 0, level: 0, index: None }
[script livegdx765_0] interact UseOn { name: "Chisel", kind: "inv", target_name: Some("Uncut sapphire"), x: 0, z: 0, level: 0, index: None }
[script livegdx765_0] interact UseOn { name: "Chisel", kind: "inv", target_name: Some("Uncut sapphire"), x: 0, z: 0, level: 0, index: None }
[script livegdx765_0] interact UseOn { name: "Chisel", kind: "inv", target_name: Some("Uncut sapphire"), x: 0, z: 0, level: 0, index: None }
[script livegdx765_0] interact UseOn { name: "Chisel", kind: "inv", target_name: Some("Uncut sapphire"), x: 0, z: 0, level: 0, index: None }
[script livegdx765_0] interact UseOn { name: "Chisel", kind: "inv", target_name: Some("Uncut sapphire"), x: 0, z: 0, level: 0, index: None }
[script livegdx765_0] interact UseOn { name: "Chisel", kind: "inv", target_name: Some("Uncut sapphire"), x: 0, z: 0, level: 0, index: None }
[script livegdx765_0] interact UseOn { name: "Chisel", kind: "inv", target_name: Some("Uncut sapphire"), x: 0, z: 0, level: 0, index: None }
[script livegdx765_0] interact UseOn { name: "Chisel", kind: "inv", target_name: Some("Uncut sapphire"), x: 0, z: 0, level: 0, index: None }
[script livegdx765_0] interact UseOn { name: "Chisel", kind: "inv", target_name: Some("Uncut sapphire"), x: 0, z: 0, level: 0, index: None }
[script livegdx765_0] interact UseOn { name: "Chisel", kind: "inv", target_name: Some("Uncut sapphire"), x: 0, z: 0, level: 0, index: None }
[script livegdx765_0] interact UseOn { name: "Chisel", kind: "inv", target_name: Some("Uncut sapphire"), x: 0, z: 0, level: 0, index: None }
[script livegdx765_0] interact UseOn { name: "Chisel", kind: "inv", target_name: Some("Uncut sapphire"), x: 0, z: 0, level: 0, index: None }
[script livegdx765_0] interact UseOn { name: "Chisel", kind: "inv", target_name: Some("Uncut sapphire"), x: 0, z: 0, level: 0, index: None }
[script livegdx765_0] interact UseOn { name: "Chisel", kind: "inv", target_name: Some("Uncut sapphire"), x: 0, z: 0, level: 0, index: None }
[script livegdx765_0] interact UseOn { name: "Chisel", kind: "inv", target_name: Some("Uncut sapphire"), x: 0, z: 0, level: 0, index: None }
[script livegdx765_0] interact UseOn { name: "Chisel", kind: "inv", target_name: Some("Uncut sapphire"), x: 0, z: 0, level: 0, index: None }
[script livegdx765_0] interact UseOn { name: "Chisel", kind: "inv", target_name: Some("Uncut sapphire"), x: 0, z: 0, level: 0, index: None }
[script livegdx765_0] interact UseOn { name: "Chisel", kind: "inv", target_name: Some("Uncut sapphire"), x: 0, z: 0, level: 0, index: None }
[script livegdx765_0] interact UseOn { name: "Chisel", kind: "inv", target_name: Some("Uncut sapphire"), x: 0, z: 0, level: 0, index: None }
[script livegdx765_0] interact UseOn { name: "Chisel", kind: "inv", target_name: Some("Uncut sapphire"), x: 0, z: 0, level: 0, index: None }
[script livegdx765_0] interact UseOn { name: "Chisel", kind: "inv", target_name: Some("Uncut sapphire"), x: 0, z: 0, level: 0, index: None }
[script livegdx765_0] interact UseOn { name: "Chisel", kind: "inv", target_name: Some("Uncut sapphire"), x: 0, z: 0, level: 0, index: None }
[script livegdx765_0] interact UseOn { name: "Chisel", kind: "inv", target_name: Some("Uncut sapphire"), x: 0, z: 0, level: 0, index: None }
[script livegdx765_0] interact UseOn { name: "Chisel", kind: "inv", target_name: Some("Uncut sapphire"), x: 0, z: 0, level: 0, index: None }
[script livegdx765_0] interact UseOn { name: "Chisel", kind: "inv", target_name: Some("Uncut sapphire"), x: 0, z: 0, level: 0, index: None }
[script livegdx765_0] interact UseOn { name: "Chisel", kind: "inv", target_name: Some("Uncut sapphire"), x: 0, z: 0, level: 0, index: None }
[script livegdx765_0] interact UseOn { name: "Chisel", kind: "inv", target_name: Some("Uncut sapphire"), x: 0, z: 0, level: 0, index: None }
[script livegdx765_0] interact UseOn { name: "Chisel", kind: "inv", target_name: Some("Uncut sapphire"), x: 0, z: 0, level: 0, index: None }
[script livegdx765_0] interact UseOn { name: "Chisel", kind: "inv", target_name: Some("Uncut sapphire"), x: 0, z: 0, level: 0, index: None }
[script livegdx765_0] interact UseOn { name: "Chisel", kind: "inv", target_name: Some("Uncut sapphire"), x: 0, z: 0, level: 0, index: None }
[script livegdx765_0] interact UseOn { name: "Chisel", kind: "inv", target_name: Some("Uncut sapphire"), x: 0, z: 0, level: 0, index: None }
[script livegdx765_0] interact UseOn { name: "Chisel", kind: "inv", target_name: Some("Uncut sapphire"), x: 0, z: 0, level: 0, index: None }
[script livegdx765_0] interact UseOn { name: "Chisel", kind: "inv", target_name: Some("Uncut sapphire"), x: 0, z: 0, level: 0, index: None }
[script livegdx765_0] interact UseOn { name: "Chisel", kind: "inv", target_name: Some("Uncut sapphire"), x: 0, z: 0, level: 0, index: None }
[script livegdx765_0] interact UseOn { name: "Chisel", kind: "inv", target_name: Some("Uncut sapphire"), x: 0, z: 0, level: 0, index: None }
[script livegdx765_0] interact UseOn { name: "Chisel", kind: "inv", target_name: Some("Uncut sapphire"), x: 0, z: 0, level: 0, index: None }
[script livegdx765_0] interact UseOn { name: "Chisel", kind: "inv", target_name: Some("Uncut sapphire"), x: 0, z: 0, level: 0, index: None }
[script livegdx765_0] interact UseOn { name: "Chisel", kind: "inv", target_name: Some("Uncut sapphire"), x: 0, z: 0, level: 0, index: None }
[script livegdx765_0] interact UseOn { name: "Chisel", kind: "inv", target_name: Some("Uncut sapphire"), x: 0, z: 0, level: 0, index: None }
[script livegdx765_0] interact UseOn { name: "Chisel", kind: "inv", target_name: Some("Uncut sapphire"), x: 0, z: 0, level: 0, index: None }
[script livegdx765_0] interact UseOn { name: "Chisel", kind: "inv", target_name: Some("Uncut sapphire"), x: 0, z: 0, level: 0, index: None }
[script livegdx765_0] interact UseOn { name: "Chisel", kind: "inv", target_name: Some("Uncut sapphire"), x: 0, z: 0, level: 0, index: None }
[script livegdx765_0] interact UseOn { name: "Chisel", kind: "inv", target_name: Some("Uncut sapphire"), x: 0, z: 0, level: 0, index: None }
[script livegdx765_0] interact UseOn { name: "Chisel", kind: "inv", target_name: Some("Uncut sapphire"), x: 0, z: 0, level: 0, index: None }
[script livegdx765_0] interact UseOn { name: "Chisel", kind: "inv", target_name: Some("Uncut sapphire"), x: 0, z: 0, level: 0, index: None }
[script livegdx765_0] interact UseOn { name: "Chisel", kind: "inv", target_name: Some("Uncut sapphire"), x: 0, z: 0, level: 0, index: None }
[script livegdx765_0] interact UseOn { name: "Chisel", kind: "inv", target_name: Some("Uncut sapphire"), x: 0, z: 0, level: 0, index: None }
[script livegdx765_0] interact UseOn { name: "Chisel", kind: "inv", target_name: Some("Uncut sapphire"), x: 0, z: 0, level: 0, index: None }
[script livegdx765_0] interact UseOn { name: "Chisel", kind: "inv", target_name: Some("Uncut sapphire"), x: 0, z: 0, level: 0, index: None }
[script livegdx765_0] interact UseOn { name: "Chisel", kind: "inv", target_name: Some("Uncut sapphire"), x: 0, z: 0, level: 0, index: None }
[script livegdx765_0] interact UseOn { name: "Chisel", kind: "inv", target_name: Some("Uncut sapphire"), x: 0, z: 0, level: 0, index: None }
[script livegdx765_0] interact UseOn { name: "Chisel", kind: "inv", target_name: Some("Uncut sapphire"), x: 0, z: 0, level: 0, index: None }
[script livegdx765_0] interact UseOn { name: "Chisel", kind: "inv", target_name: Some("Uncut sapphire"), x: 0, z: 0, level: 0, index: None }
[script livegdx765_0] interact UseOn { name: "Chisel", kind: "inv", target_name: Some("Uncut sapphire"), x: 0, z: 0, level: 0, index: None }
[host] slot livegdx765_0: d_loop_us=1078 d_raster_us=0 d_observe_us=82446 max_observe_us=8628 d_paints=0 d_skips=50 d_ticks=2 window_ms=1184
[host] slot livegdx765_0: d_loop_us=638 d_raster_us=0 d_observe_us=39048 max_observe_us=6744 d_paints=0 d_skips=50 d_ticks=2 window_ms=1197
[script livegdx765_0] interact UseOn { name: "Chisel", kind: "inv", target_name: Some("Uncut sapphire"), x: 0, z: 0, level: 0, index: None }
[script livegdx765_0] interact UseOn { name: "Chisel", kind: "inv", target_name: Some("Uncut sapphire"), x: 0, z: 0, level: 0, index: None }
[script livegdx765_0] interact UseOn { name: "Chisel", kind: "inv", target_name: Some("Uncut sapphire"), x: 0, z: 0, level: 0, index: None }
[script livegdx765_0] interact UseOn { name: "Chisel", kind: "inv", target_name: Some("Uncut sapphire"), x: 0, z: 0, level: 0, index: None }
[script livegdx765_0] interact UseOn { name: "Chisel", kind: "inv", target_name: Some("Uncut sapphire"), x: 0, z: 0, level: 0, index: None }
[script livegdx765_0] interact UseOn { name: "Chisel", kind: "inv", target_name: Some("Uncut sapphire"), x: 0, z: 0, level: 0, index: None }
[script livegdx765_0] interact UseOn { name: "Chisel", kind: "inv", target_name: Some("Uncut sapphire"), x: 0, z: 0, level: 0, index: None }
[script livegdx765_0] interact UseOn { name: "Chisel", kind: "inv", target_name: Some("Uncut sapphire"), x: 0, z: 0, level: 0, index: None }
[script livegdx765_0] interact UseOn { name: "Chisel", kind: "inv", target_name: Some("Uncut sapphire"), x: 0, z: 0, level: 0, index: None }
[script livegdx765_0] interact UseOn { name: "Chisel", kind: "inv", target_name: Some("Uncut sapphire"), x: 0, z: 0, level: 0, index: None }
[script livegdx765_0] interact UseOn { name: "Chisel", kind: "inv", target_name: Some("Uncut sapphire"), x: 0, z: 0, level: 0, index: None }
[script livegdx765_0] interact UseOn { name: "Chisel", kind: "inv", target_name: Some("Uncut sapphire"), x: 0, z: 0, level: 0, index: None }
[script livegdx765_0] interact UseOn { name: "Chisel", kind: "inv", target_name: Some("Uncut sapphire"), x: 0, z: 0, level: 0, index: None }
[script livegdx765_0] interact UseOn { name: "Chisel", kind: "inv", target_name: Some("Uncut sapphire"), x: 0, z: 0, level: 0, index: None }
[script livegdx765_0] interact UseOn { name: "Chisel", kind: "inv", target_name: Some("Uncut sapphire"), x: 0, z: 0, level: 0, index: None }
[script livegdx765_0] interact UseOn { name: "Chisel", kind: "inv", target_name: Some("Uncut sapphire"), x: 0, z: 0, level: 0, index: None }
[script livegdx765_0] interact UseOn { name: "Chisel", kind: "inv", target_name: Some("Uncut sapphire"), x: 0, z: 0, level: 0, index: None }
[script livegdx765_0] interact UseOn { name: "Chisel", kind: "inv", target_name: Some("Uncut sapphire"), x: 0, z: 0, level: 0, index: None }
[script livegdx765_0] interact UseOn { name: "Chisel", kind: "inv", target_name: Some("Uncut sapphire"), x: 0, z: 0, level: 0, index: None }
[script livegdx765_0] interact UseOn { name: "Chisel", kind: "inv", target_name: Some("Uncut sapphire"), x: 0, z: 0, level: 0, index: None }
[script livegdx765_0] interact UseOn { name: "Chisel", kind: "inv", target_name: Some("Uncut sapphire"), x: 0, z: 0, level: 0, index: None }
[script livegdx765_0] interact UseOn { name: "Chisel", kind: "inv", target_name: Some("Uncut sapphire"), x: 0, z: 0, level: 0, index: None }
[script livegdx765_0] interact UseOn { name: "Chisel", kind: "inv", target_name: Some("Uncut sapphire"), x: 0, z: 0, level: 0, index: None }
[script livegdx765_0] interact UseOn { name: "Chisel", kind: "inv", target_name: Some("Uncut sapphire"), x: 0, z: 0, level: 0, index: None }
[script livegdx765_0] interact UseOn { name: "Chisel", kind: "inv", target_name: Some("Uncut sapphire"), x: 0, z: 0, level: 0, index: None }
[script livegdx765_0] interact UseOn { name: "Chisel", kind: "inv", target_name: Some("Uncut sapphire"), x: 0, z: 0, level: 0, index: None }
[script livegdx765_0] interact UseOn { name: "Chisel", kind: "inv", target_name: Some("Uncut sapphire"), x: 0, z: 0, level: 0, index: None }
[script livegdx765_0] interact UseOn { name: "Chisel", kind: "inv", target_name: Some("Uncut sapphire"), x: 0, z: 0, level: 0, index: None }
[script livegdx765_0] interact UseOn { name: "Chisel", kind: "inv", target_name: Some("Uncut sapphire"), x: 0, z: 0, level: 0, index: None }
[script livegdx765_0] interact UseOn { name: "Chisel", kind: "inv", target_name: Some("Uncut sapphire"), x: 0, z: 0, level: 0, index: None }
[script livegdx765_0] interact UseOn { name: "Chisel", kind: "inv", target_name: Some("Uncut sapphire"), x: 0, z: 0, level: 0, index: None }
[script livegdx765_0] interact UseOn { name: "Chisel", kind: "inv", target_name: Some("Uncut sapphire"), x: 0, z: 0, level: 0, index: None }
[script livegdx765_0] interact UseOn { name: "Chisel", kind: "inv", target_name: Some("Uncut sapphire"), x: 0, z: 0, level: 0, index: None }
[script livegdx765_0] interact UseOn { name: "Chisel", kind: "inv", target_name: Some("Uncut sapphire"), x: 0, z: 0, level: 0, index: None }
[script livegdx765_0] interact UseOn { name: "Chisel", kind: "inv", target_name: Some("Uncut sapphire"), x: 0, z: 0, level: 0, index: None }
[script livegdx765_0] interact UseOn { name: "Chisel", kind: "inv", target_name: Some("Uncut sapphire"), x: 0, z: 0, level: 0, index: None }
[script livegdx765_0] interact UseOn { name: "Chisel", kind: "inv", target_name: Some("Uncut sapphire"), x: 0, z: 0, level: 0, index: None }
[script livegdx765_0] interact UseOn { name: "Chisel", kind: "inv", target_name: Some("Uncut sapphire"), x: 0, z: 0, level: 0, index: None }
[script livegdx765_0] interact UseOn { name: "Chisel", kind: "inv", target_name: Some("Uncut sapphire"), x: 0, z: 0, level: 0, index: None }
[script livegdx765_0] interact UseOn { name: "Chisel", kind: "inv", target_name: Some("Uncut sapphire"), x: 0, z: 0, level: 0, index: None }
[script livegdx765_0] interact UseOn { name: "Chisel", kind: "inv", target_name: Some("Uncut sapphire"), x: 0, z: 0, level: 0, index: None }
[script livegdx765_0] interact UseOn { name: "Chisel", kind: "inv", target_name: Some("Uncut sapphire"), x: 0, z: 0, level: 0, index: None }
[script livegdx765_0] interact UseOn { name: "Chisel", kind: "inv", target_name: Some("Uncut sapphire"), x: 0, z: 0, level: 0, index: None }
[script livegdx765_0] interact UseOn { name: "Chisel", kind: "inv", target_name: Some("Uncut sapphire"), x: 0, z: 0, level: 0, index: None }
[script livegdx765_0] interact UseOn { name: "Chisel", kind: "inv", target_name: Some("Uncut sapphire"), x: 0, z: 0, level: 0, index: None }
[script livegdx765_0] interact UseOn { name: "Chisel", kind: "inv", target_name: Some("Uncut sapphire"), x: 0, z: 0, level: 0, index: None }
[script livegdx765_0] interact UseOn { name: "Chisel", kind: "inv", target_name: Some("Uncut sapphire"), x: 0, z: 0, level: 0, index: None }
[script livegdx765_0] interact UseOn { name: "Chisel", kind: "inv", target_name: Some("Uncut sapphire"), x: 0, z: 0, level: 0, index: None }
[script livegdx765_0] interact UseOn { name: "Chisel", kind: "inv", target_name: Some("Uncut sapphire"), x: 0, z: 0, level: 0, index: None }
[script livegdx765_0] interact UseOn { name: "Chisel", kind: "inv", target_name: Some("Uncut sapphire"), x: 0, z: 0, level: 0, index: None }
[script livegdx765_0] interact UseOn { name: "Chisel", kind: "inv", target_name: Some("Uncut sapphire"), x: 0, z: 0, level: 0, index: None }
[script livegdx765_0] interact UseOn { name: "Chisel", kind: "inv", target_name: Some("Uncut sapphire"), x: 0, z: 0, level: 0, index: None }
[script livegdx765_0] interact UseOn { name: "Chisel", kind: "inv", target_name: Some("Uncut sapphire"), x: 0, z: 0, level: 0, index: None }
[script livegdx765_0] interact UseOn { name: "Chisel", kind: "inv", target_name: Some("Uncut sapphire"), x: 0, z: 0, level: 0, index: None }
[script livegdx765_0] interact UseOn { name: "Chisel", kind: "inv", target_name: Some("Uncut sapphire"), x: 0, z: 0, level: 0, index: None }
[script livegdx765_0] interact UseOn { name: "Chisel", kind: "inv", target_name: Some("Uncut sapphire"), x: 0, z: 0, level: 0, index: None }
[script livegdx765_0] interact UseOn { name: "Chisel", kind: "inv", target_name: Some("Uncut sapphire"), x: 0, z: 0, level: 0, index: None }
[script livegdx765_0] interact UseOn { name: "Chisel", kind: "inv", target_name: Some("Uncut sapphire"), x: 0, z: 0, level: 0, index: None }
[script livegdx765_0] interact UseOn { name: "Chisel", kind: "inv", target_name: Some("Uncut sapphire"), x: 0, z: 0, level: 0, index: None }
[script livegdx765_0] interact UseOn { name: "Chisel", kind: "inv", target_name: Some("Uncut sapphire"), x: 0, z: 0, level: 0, index: None }
[host] slot livegdx765_0: d_loop_us=753 d_raster_us=0 d_observe_us=45698 max_observe_us=4023 d_paints=0 d_skips=50 d_ticks=2 window_ms=1209
[host] slot livegdx765_0: d_loop_us=1185 d_raster_us=0 d_observe_us=72331 max_observe_us=6351 d_paints=0 d_skips=50 d_ticks=2 window_ms=1198
[script livegdx765_0] interact UseOn { name: "Chisel", kind: "inv", target_name: Some("Uncut sapphire"), x: 0, z: 0, level: 0, index: None }
[script livegdx765_0] interact UseOn { name: "Chisel", kind: "inv", target_name: Some("Uncut sapphire"), x: 0, z: 0, level: 0, index: None }
[script livegdx765_0] interact UseOn { name: "Chisel", kind: "inv", target_name: Some("Uncut sapphire"), x: 0, z: 0, level: 0, index: None }
[script livegdx765_0] interact UseOn { name: "Chisel", kind: "inv", target_name: Some("Uncut sapphire"), x: 0, z: 0, level: 0, index: None }
[script livegdx765_0] interact UseOn { name: "Chisel", kind: "inv", target_name: Some("Uncut sapphire"), x: 0, z: 0, level: 0, index: None }
[script livegdx765_0] interact UseOn { name: "Chisel", kind: "inv", target_name: Some("Uncut sapphire"), x: 0, z: 0, level: 0, index: None }
[script livegdx765_0] interact UseOn { name: "Chisel", kind: "inv", target_name: Some("Uncut sapphire"), x: 0, z: 0, level: 0, index: None }
[script livegdx765_0] interact UseOn { name: "Chisel", kind: "inv", target_name: Some("Uncut sapphire"), x: 0, z: 0, level: 0, index: None }
[script livegdx765_0] interact UseOn { name: "Chisel", kind: "inv", target_name: Some("Uncut sapphire"), x: 0, z: 0, level: 0, index: None }
[script livegdx765_0] interact UseOn { name: "Chisel", kind: "inv", target_name: Some("Uncut sapphire"), x: 0, z: 0, level: 0, index: None }
[script livegdx765_0] interact UseOn { name: "Chisel", kind: "inv", target_name: Some("Uncut sapphire"), x: 0, z: 0, level: 0, index: None }
[script livegdx765_0] interact UseOn { name: "Chisel", kind: "inv", target_name: Some("Uncut sapphire"), x: 0, z: 0, level: 0, index: None }
[script livegdx765_0] interact UseOn { name: "Chisel", kind: "inv", target_name: Some("Uncut sapphire"), x: 0, z: 0, level: 0, index: None }
[script livegdx765_0] interact UseOn { name: "Chisel", kind: "inv", target_name: Some("Uncut sapphire"), x: 0, z: 0, level: 0, index: None }
[script livegdx765_0] interact UseOn { name: "Chisel", kind: "inv", target_name: Some("Uncut sapphire"), x: 0, z: 0, level: 0, index: None }
[script livegdx765_0] interact UseOn { name: "Chisel", kind: "inv", target_name: Some("Uncut sapphire"), x: 0, z: 0, level: 0, index: None }
[script livegdx765_0] interact UseOn { name: "Chisel", kind: "inv", target_name: Some("Uncut sapphire"), x: 0, z: 0, level: 0, index: None }
[script livegdx765_0] interact UseOn { name: "Chisel", kind: "inv", target_name: Some("Uncut sapphire"), x: 0, z: 0, level: 0, index: None }
[script livegdx765_0] interact UseOn { name: "Chisel", kind: "inv", target_name: Some("Uncut sapphire"), x: 0, z: 0, level: 0, index: None }
[script livegdx765_0] interact UseOn { name: "Chisel", kind: "inv", target_name: Some("Uncut sapphire"), x: 0, z: 0, level: 0, index: None }
[script livegdx765_0] interact UseOn { name: "Chisel", kind: "inv", target_name: Some("Uncut sapphire"), x: 0, z: 0, level: 0, index: None }
[script livegdx765_0] interact UseOn { name: "Chisel", kind: "inv", target_name: Some("Uncut sapphire"), x: 0, z: 0, level: 0, index: None }
[script livegdx765_0] interact UseOn { name: "Chisel", kind: "inv", target_name: Some("Uncut sapphire"), x: 0, z: 0, level: 0, index: None }
[script livegdx765_0] interact UseOn { name: "Chisel", kind: "inv", target_name: Some("Uncut sapphire"), x: 0, z: 0, level: 0, index: None }
[script livegdx765_0] interact UseOn { name: "Chisel", kind: "inv", target_name: Some("Uncut sapphire"), x: 0, z: 0, level: 0, index: None }
[script livegdx765_0] interact UseOn { name: "Chisel", kind: "inv", target_name: Some("Uncut sapphire"), x: 0, z: 0, level: 0, index: None }
[script livegdx765_0] interact UseOn { name: "Chisel", kind: "inv", target_name: Some("Uncut sapphire"), x: 0, z: 0, level: 0, index: None }
[script livegdx765_0] interact UseOn { name: "Chisel", kind: "inv", target_name: Some("Uncut sapphire"), x: 0, z: 0, level: 0, index: None }
[script livegdx765_0] interact UseOn { name: "Chisel", kind: "inv", target_name: Some("Uncut sapphire"), x: 0, z: 0, level: 0, index: None }
[script livegdx765_0] interact UseOn { name: "Chisel", kind: "inv", target_name: Some("Uncut sapphire"), x: 0, z: 0, level: 0, index: None }
[script livegdx765_0] interact UseOn { name: "Chisel", kind: "inv", target_name: Some("Uncut sapphire"), x: 0, z: 0, level: 0, index: None }
[script livegdx765_0] interact UseOn { name: "Chisel", kind: "inv", target_name: Some("Uncut sapphire"), x: 0, z: 0, level: 0, index: None }
[script livegdx765_0] interact UseOn { name: "Chisel", kind: "inv", target_name: Some("Uncut sapphire"), x: 0, z: 0, level: 0, index: None }
[script livegdx765_0] interact UseOn { name: "Chisel", kind: "inv", target_name: Some("Uncut sapphire"), x: 0, z: 0, level: 0, index: None }
[script livegdx765_0] interact UseOn { name: "Chisel", kind: "inv", target_name: Some("Uncut sapphire"), x: 0, z: 0, level: 0, index: None }
[script livegdx765_0] interact UseOn { name: "Chisel", kind: "inv", target_name: Some("Uncut sapphire"), x: 0, z: 0, level: 0, index: None }
[script livegdx765_0] interact UseOn { name: "Chisel", kind: "inv", target_name: Some("Uncut sapphire"), x: 0, z: 0, level: 0, index: None }
[script livegdx765_0] interact UseOn { name: "Chisel", kind: "inv", target_name: Some("Uncut sapphire"), x: 0, z: 0, level: 0, index: None }
[script livegdx765_0] interact UseOn { name: "Chisel", kind: "inv", target_name: Some("Uncut sapphire"), x: 0, z: 0, level: 0, index: None }
[script livegdx765_0] interact UseOn { name: "Chisel", kind: "inv", target_name: Some("Uncut sapphire"), x: 0, z: 0, level: 0, index: None }
[script livegdx765_0] interact UseOn { name: "Chisel", kind: "inv", target_name: Some("Uncut sapphire"), x: 0, z: 0, level: 0, index: None }
[script livegdx765_0] interact UseOn { name: "Chisel", kind: "inv", target_name: Some("Uncut sapphire"), x: 0, z: 0, level: 0, index: None }
[script livegdx765_0] interact UseOn { name: "Chisel", kind: "inv", target_name: Some("Uncut sapphire"), x: 0, z: 0, level: 0, index: None }
[script livegdx765_0] interact UseOn { name: "Chisel", kind: "inv", target_name: Some("Uncut sapphire"), x: 0, z: 0, level: 0, index: None }
[script livegdx765_0] interact UseOn { name: "Chisel", kind: "inv", target_name: Some("Uncut sapphire"), x: 0, z: 0, level: 0, index: None }
[script livegdx765_0] interact UseOn { name: "Chisel", kind: "inv", target_name: Some("Uncut sapphire"), x: 0, z: 0, level: 0, index: None }
[script livegdx765_0] interact UseOn { name: "Chisel", kind: "inv", target_name: Some("Uncut sapphire"), x: 0, z: 0, level: 0, index: None }
[script livegdx765_0] interact UseOn { name: "Chisel", kind: "inv", target_name: Some("Uncut sapphire"), x: 0, z: 0, level: 0, index: None }
[script livegdx765_0] interact UseOn { name: "Chisel", kind: "inv", target_name: Some("Uncut sapphire"), x: 0, z: 0, level: 0, index: None }
[script livegdx765_0] interact UseOn { name: "Chisel", kind: "inv", target_name: Some("Uncut sapphire"), x: 0, z: 0, level: 0, index: None }
[script livegdx765_0] interact UseOn { name: "Chisel", kind: "inv", target_name: Some("Uncut sapphire"), x: 0, z: 0, level: 0, index: None }
[script livegdx765_0] interact UseOn { name: "Chisel", kind: "inv", target_name: Some("Uncut sapphire"), x: 0, z: 0, level: 0, index: None }
[script livegdx765_0] interact UseOn { name: "Chisel", kind: "inv", target_name: Some("Uncut sapphire"), x: 0, z: 0, level: 0, index: None }
[script livegdx765_0] interact UseOn { name: "Chisel", kind: "inv", target_name: Some("Uncut sapphire"), x: 0, z: 0, level: 0, index: None }
[script livegdx765_0] interact UseOn { name: "Chisel", kind: "inv", target_name: Some("Uncut sapphire"), x: 0, z: 0, level: 0, index: None }
[script livegdx765_0] interact UseOn { name: "Chisel", kind: "inv", target_name: Some("Uncut sapphire"), x: 0, z: 0, level: 0, index: None }
[script livegdx765_0] interact UseOn { name: "Chisel", kind: "inv", target_name: Some("Uncut sapphire"), x: 0, z: 0, level: 0, index: None }
[script livegdx765_0] interact UseOn { name: "Chisel", kind: "inv", target_name: Some("Uncut sapphire"), x: 0, z: 0, level: 0, index: None }
[script livegdx765_0] interact UseOn { name: "Chisel", kind: "inv", target_name: Some("Uncut sapphire"), x: 0, z: 0, level: 0, index: None }
[script livegdx765_0] interact UseOn { name: "Chisel", kind: "inv", target_name: Some("Uncut sapphire"), x: 0, z: 0, level: 0, index: None }
[host] slot livegdx765_0: d_loop_us=1339 d_raster_us=0 d_observe_us=100201 max_observe_us=13295 d_paints=0 d_skips=50 d_ticks=2 window_ms=1193
[host] slot livegdx765_0: d_loop_us=1088 d_raster_us=0 d_observe_us=68336 max_observe_us=9167 d_paints=0 d_skips=50 d_ticks=2 window_ms=1214
[script livegdx765_0] interact UseOn { name: "Chisel", kind: "inv", target_name: Some("Uncut sapphire"), x: 0, z: 0, level: 0, index: None }
[script livegdx765_0] interact UseOn { name: "Chisel", kind: "inv", target_name: Some("Uncut sapphire"), x: 0, z: 0, level: 0, index: None }
[script livegdx765_0] interact UseOn { name: "Chisel", kind: "inv", target_name: Some("Uncut sapphire"), x: 0, z: 0, level: 0, index: None }
[script livegdx765_0] interact UseOn { name: "Chisel", kind: "inv", target_name: Some("Uncut sapphire"), x: 0, z: 0, level: 0, index: None }
[script livegdx765_0] interact UseOn { name: "Chisel", kind: "inv", target_name: Some("Uncut sapphire"), x: 0, z: 0, level: 0, index: None }
[script livegdx765_0] interact UseOn { name: "Chisel", kind: "inv", target_name: Some("Uncut sapphire"), x: 0, z: 0, level: 0, index: None }
[script livegdx765_0] interact UseOn { name: "Chisel", kind: "inv", target_name: Some("Uncut sapphire"), x: 0, z: 0, level: 0, index: None }
[script livegdx765_0] interact UseOn { name: "Chisel", kind: "inv", target_name: Some("Uncut sapphire"), x: 0, z: 0, level: 0, index: None }
[script livegdx765_0] interact UseOn { name: "Chisel", kind: "inv", target_name: Some("Uncut sapphire"), x: 0, z: 0, level: 0, index: None }
[script livegdx765_0] interact UseOn { name: "Chisel", kind: "inv", target_name: Some("Uncut sapphire"), x: 0, z: 0, level: 0, index: None }
[script livegdx765_0] interact UseOn { name: "Chisel", kind: "inv", target_name: Some("Uncut sapphire"), x: 0, z: 0, level: 0, index: None }
[script livegdx765_0] interact UseOn { name: "Chisel", kind: "inv", target_name: Some("Uncut sapphire"), x: 0, z: 0, level: 0, index: None }
[script livegdx765_0] interact UseOn { name: "Chisel", kind: "inv", target_name: Some("Uncut sapphire"), x: 0, z: 0, level: 0, index: None }
[script livegdx765_0] interact UseOn { name: "Chisel", kind: "inv", target_name: Some("Uncut sapphire"), x: 0, z: 0, level: 0, index: None }
[script livegdx765_0] interact UseOn { name: "Chisel", kind: "inv", target_name: Some("Uncut sapphire"), x: 0, z: 0, level: 0, index: None }
[script livegdx765_0] interact UseOn { name: "Chisel", kind: "inv", target_name: Some("Uncut sapphire"), x: 0, z: 0, level: 0, index: None }
[script livegdx765_0] interact UseOn { name: "Chisel", kind: "inv", target_name: Some("Uncut sapphire"), x: 0, z: 0, level: 0, index: None }
[script livegdx765_0] interact UseOn { name: "Chisel", kind: "inv", target_name: Some("Uncut sapphire"), x: 0, z: 0, level: 0, index: None }
[script livegdx765_0] interact UseOn { name: "Chisel", kind: "inv", target_name: Some("Uncut sapphire"), x: 0, z: 0, level: 0, index: None }
[script livegdx765_0] interact UseOn { name: "Chisel", kind: "inv", target_name: Some("Uncut sapphire"), x: 0, z: 0, level: 0, index: None }
[script livegdx765_0] interact UseOn { name: "Chisel", kind: "inv", target_name: Some("Uncut sapphire"), x: 0, z: 0, level: 0, index: None }
[script livegdx765_0] interact UseOn { name: "Chisel", kind: "inv", target_name: Some("Uncut sapphire"), x: 0, z: 0, level: 0, index: None }
[script livegdx765_0] interact UseOn { name: "Chisel", kind: "inv", target_name: Some("Uncut sapphire"), x: 0, z: 0, level: 0, index: None }
[script livegdx765_0] interact UseOn { name: "Chisel", kind: "inv", target_name: Some("Uncut sapphire"), x: 0, z: 0, level: 0, index: None }
[script livegdx765_0] interact UseOn { name: "Chisel", kind: "inv", target_name: Some("Uncut sapphire"), x: 0, z: 0, level: 0, index: None }
[script livegdx765_0] interact UseOn { name: "Chisel", kind: "inv", target_name: Some("Uncut sapphire"), x: 0, z: 0, level: 0, index: None }
[script livegdx765_0] interact UseOn { name: "Chisel", kind: "inv", target_name: Some("Uncut sapphire"), x: 0, z: 0, level: 0, index: None }
[script livegdx765_0] interact UseOn { name: "Chisel", kind: "inv", target_name: Some("Uncut sapphire"), x: 0, z: 0, level: 0, index: None }
[script livegdx765_0] interact UseOn { name: "Chisel", kind: "inv", target_name: Some("Uncut sapphire"), x: 0, z: 0, level: 0, index: None }
[script livegdx765_0] interact UseOn { name: "Chisel", kind: "inv", target_name: Some("Uncut sapphire"), x: 0, z: 0, level: 0, index: None }
[script livegdx765_0] interact UseOn { name: "Chisel", kind: "inv", target_name: Some("Uncut sapphire"), x: 0, z: 0, level: 0, index: None }
[script livegdx765_0] interact UseOn { name: "Chisel", kind: "inv", target_name: Some("Uncut sapphire"), x: 0, z: 0, level: 0, index: None }
[script livegdx765_0] interact UseOn { name: "Chisel", kind: "inv", target_name: Some("Uncut sapphire"), x: 0, z: 0, level: 0, index: None }
[script livegdx765_0] interact UseOn { name: "Chisel", kind: "inv", target_name: Some("Uncut sapphire"), x: 0, z: 0, level: 0, index: None }
[script livegdx765_0] interact UseOn { name: "Chisel", kind: "inv", target_name: Some("Uncut sapphire"), x: 0, z: 0, level: 0, index: None }
[script livegdx765_0] interact UseOn { name: "Chisel", kind: "inv", target_name: Some("Uncut sapphire"), x: 0, z: 0, level: 0, index: None }
[script livegdx765_0] interact UseOn { name: "Chisel", kind: "inv", target_name: Some("Uncut sapphire"), x: 0, z: 0, level: 0, index: None }
[script livegdx765_0] interact UseOn { name: "Chisel", kind: "inv", target_name: Some("Uncut sapphire"), x: 0, z: 0, level: 0, index: None }
[script livegdx765_0] interact UseOn { name: "Chisel", kind: "inv", target_name: Some("Uncut sapphire"), x: 0, z: 0, level: 0, index: None }
[script livegdx765_0] interact UseOn { name: "Chisel", kind: "inv", target_name: Some("Uncut sapphire"), x: 0, z: 0, level: 0, index: None }
[script livegdx765_0] interact UseOn { name: "Chisel", kind: "inv", target_name: Some("Uncut sapphire"), x: 0, z: 0, level: 0, index: None }
[script livegdx765_0] interact UseOn { name: "Chisel", kind: "inv", target_name: Some("Uncut sapphire"), x: 0, z: 0, level: 0, index: None }
[script livegdx765_0] interact UseOn { name: "Chisel", kind: "inv", target_name: Some("Uncut sapphire"), x: 0, z: 0, level: 0, index: None }
[script livegdx765_0] interact UseOn { name: "Chisel", kind: "inv", target_name: Some("Uncut sapphire"), x: 0, z: 0, level: 0, index: None }
[script livegdx765_0] interact UseOn { name: "Chisel", kind: "inv", target_name: Some("Uncut sapphire"), x: 0, z: 0, level: 0, index: None }
[script livegdx765_0] interact UseOn { name: "Chisel", kind: "inv", target_name: Some("Uncut sapphire"), x: 0, z: 0, level: 0, index: None }
[script livegdx765_0] interact UseOn { name: "Chisel", kind: "inv", target_name: Some("Uncut sapphire"), x: 0, z: 0, level: 0, index: None }
[script livegdx765_0] interact UseOn { name: "Chisel", kind: "inv", target_name: Some("Uncut sapphire"), x: 0, z: 0, level: 0, index: None }
[script livegdx765_0] interact UseOn { name: "Chisel", kind: "inv", target_name: Some("Uncut sapphire"), x: 0, z: 0, level: 0, index: None }
[script livegdx765_0] interact UseOn { name: "Chisel", kind: "inv", target_name: Some("Uncut sapphire"), x: 0, z: 0, level: 0, index: None }
[script livegdx765_0] interact UseOn { name: "Chisel", kind: "inv", target_name: Some("Uncut sapphire"), x: 0, z: 0, level: 0, index: None }
[script livegdx765_0] interact UseOn { name: "Chisel", kind: "inv", target_name: Some("Uncut sapphire"), x: 0, z: 0, level: 0, index: None }
[script livegdx765_0] interact UseOn { name: "Chisel", kind: "inv", target_name: Some("Uncut sapphire"), x: 0, z: 0, level: 0, index: None }
[script livegdx765_0] interact UseOn { name: "Chisel", kind: "inv", target_name: Some("Uncut sapphire"), x: 0, z: 0, level: 0, index: None }
[script livegdx765_0] interact UseOn { name: "Chisel", kind: "inv", target_name: Some("Uncut sapphire"), x: 0, z: 0, level: 0, index: None }
[script livegdx765_0] interact UseOn { name: "Chisel", kind: "inv", target_name: Some("Uncut sapphire"), x: 0, z: 0, level: 0, index: None }
[script livegdx765_0] interact UseOn { name: "Chisel", kind: "inv", target_name: Some("Uncut sapphire"), x: 0, z: 0, level: 0, index: None }
[script livegdx765_0] interact UseOn { name: "Chisel", kind: "inv", target_name: Some("Uncut sapphire"), x: 0, z: 0, level: 0, index: None }
[script livegdx765_0] interact UseOn { name: "Chisel", kind: "inv", target_name: Some("Uncut sapphire"), x: 0, z: 0, level: 0, index: None }
[script livegdx765_0] interact UseOn { name: "Chisel", kind: "inv", target_name: Some("Uncut sapphire"), x: 0, z: 0, level: 0, index: None }
[host] slot livegdx765_0: d_loop_us=1100 d_raster_us=0 d_observe_us=87911 max_observe_us=15714 d_paints=0 d_skips=50 d_ticks=2 window_ms=1188
[script livegdx765_0] interact UseOn { name: "Chisel", kind: "inv", target_name: Some("Uncut sapphire"), x: 0, z: 0, level: 0, index: None }
[script livegdx765_0] interact UseOn { name: "Chisel", kind: "inv", target_name: Some("Uncut sapphire"), x: 0, z: 0, level: 0, index: None }
[script livegdx765_0] interact UseOn { name: "Chisel", kind: "inv", target_name: Some("Uncut sapphire"), x: 0, z: 0, level: 0, index: None }
[script livegdx765_0] interact UseOn { name: "Chisel", kind: "inv", target_name: Some("Uncut sapphire"), x: 0, z: 0, level: 0, index: None }
[script livegdx765_0] interact UseOn { name: "Chisel", kind: "inv", target_name: Some("Uncut sapphire"), x: 0, z: 0, level: 0, index: None }
[script livegdx765_0] interact UseOn { name: "Chisel", kind: "inv", target_name: Some("Uncut sapphire"), x: 0, z: 0, level: 0, index: None }
[script livegdx765_0] interact UseOn { name: "Chisel", kind: "inv", target_name: Some("Uncut sapphire"), x: 0, z: 0, level: 0, index: None }
[script livegdx765_0] interact UseOn { name: "Chisel", kind: "inv", target_name: Some("Uncut sapphire"), x: 0, z: 0, level: 0, index: None }
[script livegdx765_0] interact UseOn { name: "Chisel", kind: "inv", target_name: Some("Uncut sapphire"), x: 0, z: 0, level: 0, index: None }
[script livegdx765_0] interact UseOn { name: "Chisel", kind: "inv", target_name: Some("Uncut sapphire"), x: 0, z: 0, level: 0, index: None }
[script livegdx765_0] interact UseOn { name: "Chisel", kind: "inv", target_name: Some("Uncut sapphire"), x: 0, z: 0, level: 0, index: None }
[script livegdx765_0] interact UseOn { name: "Chisel", kind: "inv", target_name: Some("Uncut sapphire"), x: 0, z: 0, level: 0, index: None }
[script livegdx765_0] interact UseOn { name: "Chisel", kind: "inv", target_name: Some("Uncut sapphire"), x: 0, z: 0, level: 0, index: None }
[script livegdx765_0] interact UseOn { name: "Chisel", kind: "inv", target_name: Some("Uncut sapphire"), x: 0, z: 0, level: 0, index: None }
[script livegdx765_0] interact UseOn { name: "Chisel", kind: "inv", target_name: Some("Uncut sapphire"), x: 0, z: 0, level: 0, index: None }
[script livegdx765_0] interact UseOn { name: "Chisel", kind: "inv", target_name: Some("Uncut sapphire"), x: 0, z: 0, level: 0, index: None }
[script livegdx765_0] interact UseOn { name: "Chisel", kind: "inv", target_name: Some("Uncut sapphire"), x: 0, z: 0, level: 0, index: None }
[script livegdx765_0] interact UseOn { name: "Chisel", kind: "inv", target_name: Some("Uncut sapphire"), x: 0, z: 0, level: 0, index: None }
[script livegdx765_0] interact UseOn { name: "Chisel", kind: "inv", target_name: Some("Uncut sapphire"), x: 0, z: 0, level: 0, index: None }
[script livegdx765_0] interact UseOn { name: "Chisel", kind: "inv", target_name: Some("Uncut sapphire"), x: 0, z: 0, level: 0, index: None }
[script livegdx765_0] interact UseOn { name: "Chisel", kind: "inv", target_name: Some("Uncut sapphire"), x: 0, z: 0, level: 0, index: None }
[script livegdx765_0] interact UseOn { name: "Chisel", kind: "inv", target_name: Some("Uncut sapphire"), x: 0, z: 0, level: 0, index: None }
[script livegdx765_0] interact UseOn { name: "Chisel", kind: "inv", target_name: Some("Uncut sapphire"), x: 0, z: 0, level: 0, index: None }
[script livegdx765_0] interact UseOn { name: "Chisel", kind: "inv", target_name: Some("Uncut sapphire"), x: 0, z: 0, level: 0, index: None }
[script livegdx765_0] interact UseOn { name: "Chisel", kind: "inv", target_name: Some("Uncut sapphire"), x: 0, z: 0, level: 0, index: None }
[script livegdx765_0] interact UseOn { name: "Chisel", kind: "inv", target_name: Some("Uncut sapphire"), x: 0, z: 0, level: 0, index: None }
[script livegdx765_0] interact UseOn { name: "Chisel", kind: "inv", target_name: Some("Uncut sapphire"), x: 0, z: 0, level: 0, index: None }
[script livegdx765_0] interact UseOn { name: "Chisel", kind: "inv", target_name: Some("Uncut sapphire"), x: 0, z: 0, level: 0, index: None }
[script livegdx765_0] interact UseOn { name: "Chisel", kind: "inv", target_name: Some("Uncut sapphire"), x: 0, z: 0, level: 0, index: None }
[script livegdx765_0] interact UseOn { name: "Chisel", kind: "inv", target_name: Some("Uncut sapphire"), x: 0, z: 0, level: 0, index: None }
[script livegdx765_0] interact UseOn { name: "Chisel", kind: "inv", target_name: Some("Uncut sapphire"), x: 0, z: 0, level: 0, index: None }
[script livegdx765_0] interact UseOn { name: "Chisel", kind: "inv", target_name: Some("Uncut sapphire"), x: 0, z: 0, level: 0, index: None }
[script livegdx765_0] interact UseOn { name: "Chisel", kind: "inv", target_name: Some("Uncut sapphire"), x: 0, z: 0, level: 0, index: None }
[script livegdx765_0] interact UseOn { name: "Chisel", kind: "inv", target_name: Some("Uncut sapphire"), x: 0, z: 0, level: 0, index: None }
[script livegdx765_0] interact UseOn { name: "Chisel", kind: "inv", target_name: Some("Uncut sapphire"), x: 0, z: 0, level: 0, index: None }
[script livegdx765_0] interact UseOn { name: "Chisel", kind: "inv", target_name: Some("Uncut sapphire"), x: 0, z: 0, level: 0, index: None }
[script livegdx765_0] interact UseOn { name: "Chisel", kind: "inv", target_name: Some("Uncut sapphire"), x: 0, z: 0, level: 0, index: None }
[script livegdx765_0] interact UseOn { name: "Chisel", kind: "inv", target_name: Some("Uncut sapphire"), x: 0, z: 0, level: 0, index: None }
[script livegdx765_0] interact UseOn { name: "Chisel", kind: "inv", target_name: Some("Uncut sapphire"), x: 0, z: 0, level: 0, index: None }
[script livegdx765_0] interact UseOn { name: "Chisel", kind: "inv", target_name: Some("Uncut sapphire"), x: 0, z: 0, level: 0, index: None }
[script livegdx765_0] interact UseOn { name: "Chisel", kind: "inv", target_name: Some("Uncut sapphire"), x: 0, z: 0, level: 0, index: None }
[script livegdx765_0] interact UseOn { name: "Chisel", kind: "inv", target_name: Some("Uncut sapphire"), x: 0, z: 0, level: 0, index: None }
[script livegdx765_0] interact UseOn { name: "Chisel", kind: "inv", target_name: Some("Uncut sapphire"), x: 0, z: 0, level: 0, index: None }
[script livegdx765_0] interact UseOn { name: "Chisel", kind: "inv", target_name: Some("Uncut sapphire"), x: 0, z: 0, level: 0, index: None }
[script livegdx765_0] interact UseOn { name: "Chisel", kind: "inv", target_name: Some("Uncut sapphire"), x: 0, z: 0, level: 0, index: None }
[script livegdx765_0] interact UseOn { name: "Chisel", kind: "inv", target_name: Some("Uncut sapphire"), x: 0, z: 0, level: 0, index: None }
[script livegdx765_0] interact UseOn { name: "Chisel", kind: "inv", target_name: Some("Uncut sapphire"), x: 0, z: 0, level: 0, index: None }
[script livegdx765_0] interact UseOn { name: "Chisel", kind: "inv", target_name: Some("Uncut sapphire"), x: 0, z: 0, level: 0, index: None }
[script livegdx765_0] interact UseOn { name: "Chisel", kind: "inv", target_name: Some("Uncut sapphire"), x: 0, z: 0, level: 0, index: None }
[script livegdx765_0] interact UseOn { name: "Chisel", kind: "inv", target_name: Some("Uncut sapphire"), x: 0, z: 0, level: 0, index: None }
[script livegdx765_0] interact UseOn { name: "Chisel", kind: "inv", target_name: Some("Uncut sapphire"), x: 0, z: 0, level: 0, index: None }
[script livegdx765_0] interact UseOn { name: "Chisel", kind: "inv", target_name: Some("Uncut sapphire"), x: 0, z: 0, level: 0, index: None }
[script livegdx765_0] interact UseOn { name: "Chisel", kind: "inv", target_name: Some("Uncut sapphire"), x: 0, z: 0, level: 0, index: None }
[script livegdx765_0] interact UseOn { name: "Chisel", kind: "inv", target_name: Some("Uncut sapphire"), x: 0, z: 0, level: 0, index: None }
[script livegdx765_0] interact UseOn { name: "Chisel", kind: "inv", target_name: Some("Uncut sapphire"), x: 0, z: 0, level: 0, index: None }
[script livegdx765_0] interact UseOn { name: "Chisel", kind: "inv", target_name: Some("Uncut sapphire"), x: 0, z: 0, level: 0, index: None }
[script livegdx765_0] interact UseOn { name: "Chisel", kind: "inv", target_name: Some("Uncut sapphire"), x: 0, z: 0, level: 0, index: None }
[script livegdx765_0] interact UseOn { name: "Chisel", kind: "inv", target_name: Some("Uncut sapphire"), x: 0, z: 0, level: 0, index: None }
[script livegdx765_0] interact UseOn { name: "Chisel", kind: "inv", target_name: Some("Uncut sapphire"), x: 0, z: 0, level: 0, index: None }
[script livegdx765_0] interact UseOn { name: "Chisel", kind: "inv", target_name: Some("Uncut sapphire"), x: 0, z: 0, level: 0, index: None }
[host] slot livegdx765_0: d_loop_us=1285 d_raster_us=0 d_observe_us=95979 max_observe_us=8880 d_paints=0 d_skips=50 d_ticks=2 window_ms=1184
[host] slot livegdx765_0: d_loop_us=1209 d_raster_us=0 d_observe_us=84239 max_observe_us=12293 d_paints=0 d_skips=50 d_ticks=2 window_ms=1201
[script livegdx765_0] interact UseOn { name: "Chisel", kind: "inv", target_name: Some("Uncut sapphire"), x: 0, z: 0, level: 0, index: None }
[script livegdx765_0] interact UseOn { name: "Chisel", kind: "inv", target_name: Some("Uncut sapphire"), x: 0, z: 0, level: 0, index: None }
[script livegdx765_0] interact UseOn { name: "Chisel", kind: "inv", target_name: Some("Uncut sapphire"), x: 0, z: 0, level: 0, index: None }
[script livegdx765_0] interact UseOn { name: "Chisel", kind: "inv", target_name: Some("Uncut sapphire"), x: 0, z: 0, level: 0, index: None }
[script livegdx765_0] interact UseOn { name: "Chisel", kind: "inv", target_name: Some("Uncut sapphire"), x: 0, z: 0, level: 0, index: None }
[script livegdx765_0] interact UseOn { name: "Chisel", kind: "inv", target_name: Some("Uncut sapphire"), x: 0, z: 0, level: 0, index: None }
[script livegdx765_0] interact UseOn { name: "Chisel", kind: "inv", target_name: Some("Uncut sapphire"), x: 0, z: 0, level: 0, index: None }
[script livegdx765_0] interact UseOn { name: "Chisel", kind: "inv", target_name: Some("Uncut sapphire"), x: 0, z: 0, level: 0, index: None }
[script livegdx765_0] interact UseOn { name: "Chisel", kind: "inv", target_name: Some("Uncut sapphire"), x: 0, z: 0, level: 0, index: None }
[script livegdx765_0] interact UseOn { name: "Chisel", kind: "inv", target_name: Some("Uncut sapphire"), x: 0, z: 0, level: 0, index: None }
[script livegdx765_0] interact UseOn { name: "Chisel", kind: "inv", target_name: Some("Uncut sapphire"), x: 0, z: 0, level: 0, index: None }
[script livegdx765_0] interact UseOn { name: "Chisel", kind: "inv", target_name: Some("Uncut sapphire"), x: 0, z: 0, level: 0, index: None }
[script livegdx765_0] interact UseOn { name: "Chisel", kind: "inv", target_name: Some("Uncut sapphire"), x: 0, z: 0, level: 0, index: None }
[script livegdx765_0] interact UseOn { name: "Chisel", kind: "inv", target_name: Some("Uncut sapphire"), x: 0, z: 0, level: 0, index: None }
[script livegdx765_0] interact UseOn { name: "Chisel", kind: "inv", target_name: Some("Uncut sapphire"), x: 0, z: 0, level: 0, index: None }
[script livegdx765_0] interact UseOn { name: "Chisel", kind: "inv", target_name: Some("Uncut sapphire"), x: 0, z: 0, level: 0, index: None }
[script livegdx765_0] interact UseOn { name: "Chisel", kind: "inv", target_name: Some("Uncut sapphire"), x: 0, z: 0, level: 0, index: None }
[script livegdx765_0] interact UseOn { name: "Chisel", kind: "inv", target_name: Some("Uncut sapphire"), x: 0, z: 0, level: 0, index: None }
[script livegdx765_0] interact UseOn { name: "Chisel", kind: "inv", target_name: Some("Uncut sapphire"), x: 0, z: 0, level: 0, index: None }
[script livegdx765_0] interact UseOn { name: "Chisel", kind: "inv", target_name: Some("Uncut sapphire"), x: 0, z: 0, level: 0, index: None }
[script livegdx765_0] interact UseOn { name: "Chisel", kind: "inv", target_name: Some("Uncut sapphire"), x: 0, z: 0, level: 0, index: None }
[script livegdx765_0] interact UseOn { name: "Chisel", kind: "inv", target_name: Some("Uncut sapphire"), x: 0, z: 0, level: 0, index: None }
[script livegdx765_0] interact UseOn { name: "Chisel", kind: "inv", target_name: Some("Uncut sapphire"), x: 0, z: 0, level: 0, index: None }
[script livegdx765_0] interact UseOn { name: "Chisel", kind: "inv", target_name: Some("Uncut sapphire"), x: 0, z: 0, level: 0, index: None }
[script livegdx765_0] interact UseOn { name: "Chisel", kind: "inv", target_name: Some("Uncut sapphire"), x: 0, z: 0, level: 0, index: None }
[script livegdx765_0] interact UseOn { name: "Chisel", kind: "inv", target_name: Some("Uncut sapphire"), x: 0, z: 0, level: 0, index: None }
[script livegdx765_0] interact UseOn { name: "Chisel", kind: "inv", target_name: Some("Uncut sapphire"), x: 0, z: 0, level: 0, index: None }
[script livegdx765_0] interact UseOn { name: "Chisel", kind: "inv", target_name: Some("Uncut sapphire"), x: 0, z: 0, level: 0, index: None }
[script livegdx765_0] interact UseOn { name: "Chisel", kind: "inv", target_name: Some("Uncut sapphire"), x: 0, z: 0, level: 0, index: None }
[script livegdx765_0] interact UseOn { name: "Chisel", kind: "inv", target_name: Some("Uncut sapphire"), x: 0, z: 0, level: 0, index: None }
[script livegdx765_0] interact UseOn { name: "Chisel", kind: "inv", target_name: Some("Uncut sapphire"), x: 0, z: 0, level: 0, index: None }
[script livegdx765_0] interact UseOn { name: "Chisel", kind: "inv", target_name: Some("Uncut sapphire"), x: 0, z: 0, level: 0, index: None }
[script livegdx765_0] interact UseOn { name: "Chisel", kind: "inv", target_name: Some("Uncut sapphire"), x: 0, z: 0, level: 0, index: None }
[script livegdx765_0] interact UseOn { name: "Chisel", kind: "inv", target_name: Some("Uncut sapphire"), x: 0, z: 0, level: 0, index: None }
[script livegdx765_0] interact UseOn { name: "Chisel", kind: "inv", target_name: Some("Uncut sapphire"), x: 0, z: 0, level: 0, index: None }
[script livegdx765_0] interact UseOn { name: "Chisel", kind: "inv", target_name: Some("Uncut sapphire"), x: 0, z: 0, level: 0, index: None }
[script livegdx765_0] interact UseOn { name: "Chisel", kind: "inv", target_name: Some("Uncut sapphire"), x: 0, z: 0, level: 0, index: None }
[script livegdx765_0] interact UseOn { name: "Chisel", kind: "inv", target_name: Some("Uncut sapphire"), x: 0, z: 0, level: 0, index: None }
[script livegdx765_0] interact UseOn { name: "Chisel", kind: "inv", target_name: Some("Uncut sapphire"), x: 0, z: 0, level: 0, index: None }
[script livegdx765_0] interact UseOn { name: "Chisel", kind: "inv", target_name: Some("Uncut sapphire"), x: 0, z: 0, level: 0, index: None }
[script livegdx765_0] interact UseOn { name: "Chisel", kind: "inv", target_name: Some("Uncut sapphire"), x: 0, z: 0, level: 0, index: None }
[script livegdx765_0] interact UseOn { name: "Chisel", kind: "inv", target_name: Some("Uncut sapphire"), x: 0, z: 0, level: 0, index: None }
[script livegdx765_0] interact UseOn { name: "Chisel", kind: "inv", target_name: Some("Uncut sapphire"), x: 0, z: 0, level: 0, index: None }
[script livegdx765_0] interact UseOn { name: "Chisel", kind: "inv", target_name: Some("Uncut sapphire"), x: 0, z: 0, level: 0, index: None }
[script livegdx765_0] interact UseOn { name: "Chisel", kind: "inv", target_name: Some("Uncut sapphire"), x: 0, z: 0, level: 0, index: None }
[script livegdx765_0] interact UseOn { name: "Chisel", kind: "inv", target_name: Some("Uncut sapphire"), x: 0, z: 0, level: 0, index: None }
[script livegdx765_0] interact UseOn { name: "Chisel", kind: "inv", target_name: Some("Uncut sapphire"), x: 0, z: 0, level: 0, index: None }
[script livegdx765_0] interact UseOn { name: "Chisel", kind: "inv", target_name: Some("Uncut sapphire"), x: 0, z: 0, level: 0, index: None }
[script livegdx765_0] interact UseOn { name: "Chisel", kind: "inv", target_name: Some("Uncut sapphire"), x: 0, z: 0, level: 0, index: None }
[script livegdx765_0] interact UseOn { name: "Chisel", kind: "inv", target_name: Some("Uncut sapphire"), x: 0, z: 0, level: 0, index: None }
[script livegdx765_0] interact UseOn { name: "Chisel", kind: "inv", target_name: Some("Uncut sapphire"), x: 0, z: 0, level: 0, index: None }
[script livegdx765_0] interact UseOn { name: "Chisel", kind: "inv", target_name: Some("Uncut sapphire"), x: 0, z: 0, level: 0, index: None }
[script livegdx765_0] interact UseOn { name: "Chisel", kind: "inv", target_name: Some("Uncut sapphire"), x: 0, z: 0, level: 0, index: None }
[script livegdx765_0] interact UseOn { name: "Chisel", kind: "inv", target_name: Some("Uncut sapphire"), x: 0, z: 0, level: 0, index: None }
[script livegdx765_0] interact UseOn { name: "Chisel", kind: "inv", target_name: Some("Uncut sapphire"), x: 0, z: 0, level: 0, index: None }
[script livegdx765_0] interact UseOn { name: "Chisel", kind: "inv", target_name: Some("Uncut sapphire"), x: 0, z: 0, level: 0, index: None }
[script livegdx765_0] interact UseOn { name: "Chisel", kind: "inv", target_name: Some("Uncut sapphire"), x: 0, z: 0, level: 0, index: None }
[script livegdx765_0] interact UseOn { name: "Chisel", kind: "inv", target_name: Some("Uncut sapphire"), x: 0, z: 0, level: 0, index: None }
[script livegdx765_0] interact UseOn { name: "Chisel", kind: "inv", target_name: Some("Uncut sapphire"), x: 0, z: 0, level: 0, index: None }
[script livegdx765_0] interact UseOn { name: "Chisel", kind: "inv", target_name: Some("Uncut sapphire"), x: 0, z: 0, level: 0, index: None }
[host] slot livegdx765_0: d_loop_us=1188 d_raster_us=0 d_observe_us=84054 max_observe_us=14032 d_paints=0 d_skips=50 d_ticks=2 window_ms=1199
[script livegdx765_0] interact UseOn { name: "Chisel", kind: "inv", target_name: Some("Uncut sapphire"), x: 0, z: 0, level: 0, index: None }
[script livegdx765_0] interact UseOn { name: "Chisel", kind: "inv", target_name: Some("Uncut sapphire"), x: 0, z: 0, level: 0, index: None }
[script livegdx765_0] interact UseOn { name: "Chisel", kind: "inv", target_name: Some("Uncut sapphire"), x: 0, z: 0, level: 0, index: None }
[script livegdx765_0] interact UseOn { name: "Chisel", kind: "inv", target_name: Some("Uncut sapphire"), x: 0, z: 0, level: 0, index: None }
[script livegdx765_0] interact UseOn { name: "Chisel", kind: "inv", target_name: Some("Uncut sapphire"), x: 0, z: 0, level: 0, index: None }
[script livegdx765_0] interact UseOn { name: "Chisel", kind: "inv", target_name: Some("Uncut sapphire"), x: 0, z: 0, level: 0, index: None }
[script livegdx765_0] interact UseOn { name: "Chisel", kind: "inv", target_name: Some("Uncut sapphire"), x: 0, z: 0, level: 0, index: None }
[script livegdx765_0] interact UseOn { name: "Chisel", kind: "inv", target_name: Some("Uncut sapphire"), x: 0, z: 0, level: 0, index: None }
[script livegdx765_0] interact UseOn { name: "Chisel", kind: "inv", target_name: Some("Uncut sapphire"), x: 0, z: 0, level: 0, index: None }
[script livegdx765_0] interact UseOn { name: "Chisel", kind: "inv", target_name: Some("Uncut sapphire"), x: 0, z: 0, level: 0, index: None }
[script livegdx765_0] interact UseOn { name: "Chisel", kind: "inv", target_name: Some("Uncut sapphire"), x: 0, z: 0, level: 0, index: None }
[script livegdx765_0] interact UseOn { name: "Chisel", kind: "inv", target_name: Some("Uncut sapphire"), x: 0, z: 0, level: 0, index: None }
[script livegdx765_0] interact UseOn { name: "Chisel", kind: "inv", target_name: Some("Uncut sapphire"), x: 0, z: 0, level: 0, index: None }
[script livegdx765_0] interact UseOn { name: "Chisel", kind: "inv", target_name: Some("Uncut sapphire"), x: 0, z: 0, level: 0, index: None }
[script livegdx765_0] interact UseOn { name: "Chisel", kind: "inv", target_name: Some("Uncut sapphire"), x: 0, z: 0, level: 0, index: None }
[script livegdx765_0] interact UseOn { name: "Chisel", kind: "inv", target_name: Some("Uncut sapphire"), x: 0, z: 0, level: 0, index: None }
[script livegdx765_0] interact UseOn { name: "Chisel", kind: "inv", target_name: Some("Uncut sapphire"), x: 0, z: 0, level: 0, index: None }
[script livegdx765_0] interact UseOn { name: "Chisel", kind: "inv", target_name: Some("Uncut sapphire"), x: 0, z: 0, level: 0, index: None }
[script livegdx765_0] interact UseOn { name: "Chisel", kind: "inv", target_name: Some("Uncut sapphire"), x: 0, z: 0, level: 0, index: None }
[script livegdx765_0] interact UseOn { name: "Chisel", kind: "inv", target_name: Some("Uncut sapphire"), x: 0, z: 0, level: 0, index: None }
[script livegdx765_0] interact UseOn { name: "Chisel", kind: "inv", target_name: Some("Uncut sapphire"), x: 0, z: 0, level: 0, index: None }
[script livegdx765_0] interact UseOn { name: "Chisel", kind: "inv", target_name: Some("Uncut sapphire"), x: 0, z: 0, level: 0, index: None }
[script livegdx765_0] interact UseOn { name: "Chisel", kind: "inv", target_name: Some("Uncut sapphire"), x: 0, z: 0, level: 0, index: None }
[script livegdx765_0] interact UseOn { name: "Chisel", kind: "inv", target_name: Some("Uncut sapphire"), x: 0, z: 0, level: 0, index: None }
[script livegdx765_0] interact UseOn { name: "Chisel", kind: "inv", target_name: Some("Uncut sapphire"), x: 0, z: 0, level: 0, index: None }
[script livegdx765_0] interact UseOn { name: "Chisel", kind: "inv", target_name: Some("Uncut sapphire"), x: 0, z: 0, level: 0, index: None }
[script livegdx765_0] interact UseOn { name: "Chisel", kind: "inv", target_name: Some("Uncut sapphire"), x: 0, z: 0, level: 0, index: None }
[script livegdx765_0] interact UseOn { name: "Chisel", kind: "inv", target_name: Some("Uncut sapphire"), x: 0, z: 0, level: 0, index: None }
[script livegdx765_0] interact UseOn { name: "Chisel", kind: "inv", target_name: Some("Uncut sapphire"), x: 0, z: 0, level: 0, index: None }
[script livegdx765_0] interact UseOn { name: "Chisel", kind: "inv", target_name: Some("Uncut sapphire"), x: 0, z: 0, level: 0, index: None }
[script livegdx765_0] interact UseOn { name: "Chisel", kind: "inv", target_name: Some("Uncut sapphire"), x: 0, z: 0, level: 0, index: None }
[script livegdx765_0] interact UseOn { name: "Chisel", kind: "inv", target_name: Some("Uncut sapphire"), x: 0, z: 0, level: 0, index: None }
[script livegdx765_0] interact UseOn { name: "Chisel", kind: "inv", target_name: Some("Uncut sapphire"), x: 0, z: 0, level: 0, index: None }
[script livegdx765_0] interact UseOn { name: "Chisel", kind: "inv", target_name: Some("Uncut sapphire"), x: 0, z: 0, level: 0, index: None }
[script livegdx765_0] interact UseOn { name: "Chisel", kind: "inv", target_name: Some("Uncut sapphire"), x: 0, z: 0, level: 0, index: None }
[script livegdx765_0] interact UseOn { name: "Chisel", kind: "inv", target_name: Some("Uncut sapphire"), x: 0, z: 0, level: 0, index: None }
[script livegdx765_0] interact UseOn { name: "Chisel", kind: "inv", target_name: Some("Uncut sapphire"), x: 0, z: 0, level: 0, index: None }
[script livegdx765_0] interact UseOn { name: "Chisel", kind: "inv", target_name: Some("Uncut sapphire"), x: 0, z: 0, level: 0, index: None }
[script livegdx765_0] interact UseOn { name: "Chisel", kind: "inv", target_name: Some("Uncut sapphire"), x: 0, z: 0, level: 0, index: None }
[script livegdx765_0] interact UseOn { name: "Chisel", kind: "inv", target_name: Some("Uncut sapphire"), x: 0, z: 0, level: 0, index: None }
[script livegdx765_0] interact UseOn { name: "Chisel", kind: "inv", target_name: Some("Uncut sapphire"), x: 0, z: 0, level: 0, index: None }
[script livegdx765_0] interact UseOn { name: "Chisel", kind: "inv", target_name: Some("Uncut sapphire"), x: 0, z: 0, level: 0, index: None }
[script livegdx765_0] interact UseOn { name: "Chisel", kind: "inv", target_name: Some("Uncut sapphire"), x: 0, z: 0, level: 0, index: None }
[script livegdx765_0] interact UseOn { name: "Chisel", kind: "inv", target_name: Some("Uncut sapphire"), x: 0, z: 0, level: 0, index: None }
[script livegdx765_0] interact UseOn { name: "Chisel", kind: "inv", target_name: Some("Uncut sapphire"), x: 0, z: 0, level: 0, index: None }
[script livegdx765_0] interact UseOn { name: "Chisel", kind: "inv", target_name: Some("Uncut sapphire"), x: 0, z: 0, level: 0, index: None }
[script livegdx765_0] interact UseOn { name: "Chisel", kind: "inv", target_name: Some("Uncut sapphire"), x: 0, z: 0, level: 0, index: None }
[script livegdx765_0] interact UseOn { name: "Chisel", kind: "inv", target_name: Some("Uncut sapphire"), x: 0, z: 0, level: 0, index: None }
[script livegdx765_0] interact UseOn { name: "Chisel", kind: "inv", target_name: Some("Uncut sapphire"), x: 0, z: 0, level: 0, index: None }
[script livegdx765_0] interact UseOn { name: "Chisel", kind: "inv", target_name: Some("Uncut sapphire"), x: 0, z: 0, level: 0, index: None }
[script livegdx765_0] interact UseOn { name: "Chisel", kind: "inv", target_name: Some("Uncut sapphire"), x: 0, z: 0, level: 0, index: None }
[script livegdx765_0] interact UseOn { name: "Chisel", kind: "inv", target_name: Some("Uncut sapphire"), x: 0, z: 0, level: 0, index: None }
[script livegdx765_0] interact UseOn { name: "Chisel", kind: "inv", target_name: Some("Uncut sapphire"), x: 0, z: 0, level: 0, index: None }
[script livegdx765_0] interact UseOn { name: "Chisel", kind: "inv", target_name: Some("Uncut sapphire"), x: 0, z: 0, level: 0, index: None }
[script livegdx765_0] interact UseOn { name: "Chisel", kind: "inv", target_name: Some("Uncut sapphire"), x: 0, z: 0, level: 0, index: None }
[script livegdx765_0] interact UseOn { name: "Chisel", kind: "inv", target_name: Some("Uncut sapphire"), x: 0, z: 0, level: 0, index: None }
[script livegdx765_0] interact UseOn { name: "Chisel", kind: "inv", target_name: Some("Uncut sapphire"), x: 0, z: 0, level: 0, index: None }
[script livegdx765_0] interact UseOn { name: "Chisel", kind: "inv", target_name: Some("Uncut sapphire"), x: 0, z: 0, level: 0, index: None }
[script livegdx765_0] interact UseOn { name: "Chisel", kind: "inv", target_name: Some("Uncut sapphire"), x: 0, z: 0, level: 0, index: None }
[script livegdx765_0] interact UseOn { name: "Chisel", kind: "inv", target_name: Some("Uncut sapphire"), x: 0, z: 0, level: 0, index: None }
[host] slot livegdx765_0: d_loop_us=1301 d_raster_us=0 d_observe_us=98425 max_observe_us=8806 d_paints=0 d_skips=50 d_ticks=2 window_ms=1190
[host] slot livegdx765_0: d_loop_us=1322 d_raster_us=0 d_observe_us=96021 max_observe_us=12248 d_paints=0 d_skips=50 d_ticks=2 window_ms=1187
[script livegdx765_0] interact UseOn { name: "Chisel", kind: "inv", target_name: Some("Uncut sapphire"), x: 0, z: 0, level: 0, index: None }
[script livegdx765_0] interact UseOn { name: "Chisel", kind: "inv", target_name: Some("Uncut sapphire"), x: 0, z: 0, level: 0, index: None }
[script livegdx765_0] interact UseOn { name: "Chisel", kind: "inv", target_name: Some("Uncut sapphire"), x: 0, z: 0, level: 0, index: None }
[script livegdx765_0] interact UseOn { name: "Chisel", kind: "inv", target_name: Some("Uncut sapphire"), x: 0, z: 0, level: 0, index: None }
[script livegdx765_0] interact UseOn { name: "Chisel", kind: "inv", target_name: Some("Uncut sapphire"), x: 0, z: 0, level: 0, index: None }
[script livegdx765_0] interact UseOn { name: "Chisel", kind: "inv", target_name: Some("Uncut sapphire"), x: 0, z: 0, level: 0, index: None }
[script livegdx765_0] interact UseOn { name: "Chisel", kind: "inv", target_name: Some("Uncut sapphire"), x: 0, z: 0, level: 0, index: None }
[script livegdx765_0] interact UseOn { name: "Chisel", kind: "inv", target_name: Some("Uncut sapphire"), x: 0, z: 0, level: 0, index: None }
[script livegdx765_0] interact UseOn { name: "Chisel", kind: "inv", target_name: Some("Uncut sapphire"), x: 0, z: 0, level: 0, index: None }
[script livegdx765_0] interact UseOn { name: "Chisel", kind: "inv", target_name: Some("Uncut sapphire"), x: 0, z: 0, level: 0, index: None }
[script livegdx765_0] interact UseOn { name: "Chisel", kind: "inv", target_name: Some("Uncut sapphire"), x: 0, z: 0, level: 0, index: None }
[script livegdx765_0] interact UseOn { name: "Chisel", kind: "inv", target_name: Some("Uncut sapphire"), x: 0, z: 0, level: 0, index: None }
[script livegdx765_0] interact UseOn { name: "Chisel", kind: "inv", target_name: Some("Uncut sapphire"), x: 0, z: 0, level: 0, index: None }
[script livegdx765_0] interact UseOn { name: "Chisel", kind: "inv", target_name: Some("Uncut sapphire"), x: 0, z: 0, level: 0, index: None }
[script livegdx765_0] interact UseOn { name: "Chisel", kind: "inv", target_name: Some("Uncut sapphire"), x: 0, z: 0, level: 0, index: None }
[script livegdx765_0] interact UseOn { name: "Chisel", kind: "inv", target_name: Some("Uncut sapphire"), x: 0, z: 0, level: 0, index: None }
[script livegdx765_0] interact UseOn { name: "Chisel", kind: "inv", target_name: Some("Uncut sapphire"), x: 0, z: 0, level: 0, index: None }
[script livegdx765_0] interact UseOn { name: "Chisel", kind: "inv", target_name: Some("Uncut sapphire"), x: 0, z: 0, level: 0, index: None }
[script livegdx765_0] interact UseOn { name: "Chisel", kind: "inv", target_name: Some("Uncut sapphire"), x: 0, z: 0, level: 0, index: None }
[script livegdx765_0] interact UseOn { name: "Chisel", kind: "inv", target_name: Some("Uncut sapphire"), x: 0, z: 0, level: 0, index: None }
[script livegdx765_0] interact UseOn { name: "Chisel", kind: "inv", target_name: Some("Uncut sapphire"), x: 0, z: 0, level: 0, index: None }
[script livegdx765_0] interact UseOn { name: "Chisel", kind: "inv", target_name: Some("Uncut sapphire"), x: 0, z: 0, level: 0, index: None }
[script livegdx765_0] interact UseOn { name: "Chisel", kind: "inv", target_name: Some("Uncut sapphire"), x: 0, z: 0, level: 0, index: None }
[script livegdx765_0] interact UseOn { name: "Chisel", kind: "inv", target_name: Some("Uncut sapphire"), x: 0, z: 0, level: 0, index: None }
[script livegdx765_0] interact UseOn { name: "Chisel", kind: "inv", target_name: Some("Uncut sapphire"), x: 0, z: 0, level: 0, index: None }
[script livegdx765_0] interact UseOn { name: "Chisel", kind: "inv", target_name: Some("Uncut sapphire"), x: 0, z: 0, level: 0, index: None }
[script livegdx765_0] interact UseOn { name: "Chisel", kind: "inv", target_name: Some("Uncut sapphire"), x: 0, z: 0, level: 0, index: None }
[script livegdx765_0] interact UseOn { name: "Chisel", kind: "inv", target_name: Some("Uncut sapphire"), x: 0, z: 0, level: 0, index: None }
[script livegdx765_0] interact UseOn { name: "Chisel", kind: "inv", target_name: Some("Uncut sapphire"), x: 0, z: 0, level: 0, index: None }
[script livegdx765_0] interact UseOn { name: "Chisel", kind: "inv", target_name: Some("Uncut sapphire"), x: 0, z: 0, level: 0, index: None }
[script livegdx765_0] interact UseOn { name: "Chisel", kind: "inv", target_name: Some("Uncut sapphire"), x: 0, z: 0, level: 0, index: None }
[script livegdx765_0] interact UseOn { name: "Chisel", kind: "inv", target_name: Some("Uncut sapphire"), x: 0, z: 0, level: 0, index: None }
[script livegdx765_0] interact UseOn { name: "Chisel", kind: "inv", target_name: Some("Uncut sapphire"), x: 0, z: 0, level: 0, index: None }
[script livegdx765_0] interact UseOn { name: "Chisel", kind: "inv", target_name: Some("Uncut sapphire"), x: 0, z: 0, level: 0, index: None }
[script livegdx765_0] interact UseOn { name: "Chisel", kind: "inv", target_name: Some("Uncut sapphire"), x: 0, z: 0, level: 0, index: None }
[script livegdx765_0] interact UseOn { name: "Chisel", kind: "inv", target_name: Some("Uncut sapphire"), x: 0, z: 0, level: 0, index: None }
[script livegdx765_0] interact UseOn { name: "Chisel", kind: "inv", target_name: Some("Uncut sapphire"), x: 0, z: 0, level: 0, index: None }
[script livegdx765_0] interact UseOn { name: "Chisel", kind: "inv", target_name: Some("Uncut sapphire"), x: 0, z: 0, level: 0, index: None }
[script livegdx765_0] interact UseOn { name: "Chisel", kind: "inv", target_name: Some("Uncut sapphire"), x: 0, z: 0, level: 0, index: None }
[script livegdx765_0] interact UseOn { name: "Chisel", kind: "inv", target_name: Some("Uncut sapphire"), x: 0, z: 0, level: 0, index: None }
[script livegdx765_0] interact UseOn { name: "Chisel", kind: "inv", target_name: Some("Uncut sapphire"), x: 0, z: 0, level: 0, index: None }
[script livegdx765_0] interact UseOn { name: "Chisel", kind: "inv", target_name: Some("Uncut sapphire"), x: 0, z: 0, level: 0, index: None }
[script livegdx765_0] interact UseOn { name: "Chisel", kind: "inv", target_name: Some("Uncut sapphire"), x: 0, z: 0, level: 0, index: None }
[script livegdx765_0] interact UseOn { name: "Chisel", kind: "inv", target_name: Some("Uncut sapphire"), x: 0, z: 0, level: 0, index: None }
[script livegdx765_0] interact UseOn { name: "Chisel", kind: "inv", target_name: Some("Uncut sapphire"), x: 0, z: 0, level: 0, index: None }
[script livegdx765_0] interact UseOn { name: "Chisel", kind: "inv", target_name: Some("Uncut sapphire"), x: 0, z: 0, level: 0, index: None }
[script livegdx765_0] interact UseOn { name: "Chisel", kind: "inv", target_name: Some("Uncut sapphire"), x: 0, z: 0, level: 0, index: None }
[script livegdx765_0] interact UseOn { name: "Chisel", kind: "inv", target_name: Some("Uncut sapphire"), x: 0, z: 0, level: 0, index: None }
[script livegdx765_0] interact UseOn { name: "Chisel", kind: "inv", target_name: Some("Uncut sapphire"), x: 0, z: 0, level: 0, index: None }
[script livegdx765_0] interact UseOn { name: "Chisel", kind: "inv", target_name: Some("Uncut sapphire"), x: 0, z: 0, level: 0, index: None }
[script livegdx765_0] interact UseOn { name: "Chisel", kind: "inv", target_name: Some("Uncut sapphire"), x: 0, z: 0, level: 0, index: None }
[script livegdx765_0] interact UseOn { name: "Chisel", kind: "inv", target_name: Some("Uncut sapphire"), x: 0, z: 0, level: 0, index: None }
[script livegdx765_0] interact UseOn { name: "Chisel", kind: "inv", target_name: Some("Uncut sapphire"), x: 0, z: 0, level: 0, index: None }
[script livegdx765_0] interact UseOn { name: "Chisel", kind: "inv", target_name: Some("Uncut sapphire"), x: 0, z: 0, level: 0, index: None }
[script livegdx765_0] interact UseOn { name: "Chisel", kind: "inv", target_name: Some("Uncut sapphire"), x: 0, z: 0, level: 0, index: None }
[script livegdx765_0] interact UseOn { name: "Chisel", kind: "inv", target_name: Some("Uncut sapphire"), x: 0, z: 0, level: 0, index: None }
[script livegdx765_0] interact UseOn { name: "Chisel", kind: "inv", target_name: Some("Uncut sapphire"), x: 0, z: 0, level: 0, index: None }
[script livegdx765_0] interact UseOn { name: "Chisel", kind: "inv", target_name: Some("Uncut sapphire"), x: 0, z: 0, level: 0, index: None }
[script livegdx765_0] interact UseOn { name: "Chisel", kind: "inv", target_name: Some("Uncut sapphire"), x: 0, z: 0, level: 0, index: None }
[script livegdx765_0] interact UseOn { name: "Chisel", kind: "inv", target_name: Some("Uncut sapphire"), x: 0, z: 0, level: 0, index: None }
[host] slot livegdx765_0: d_loop_us=1255 d_raster_us=0 d_observe_us=78102 max_observe_us=9336 d_paints=0 d_skips=50 d_ticks=2 window_ms=1207
[host] slot livegdx765_0: d_loop_us=1249 d_raster_us=0 d_observe_us=83200 max_observe_us=11529 d_paints=0 d_skips=50 d_ticks=2 window_ms=1200
[script livegdx765_0] interact UseOn { name: "Chisel", kind: "inv", target_name: Some("Uncut sapphire"), x: 0, z: 0, level: 0, index: None }
[script livegdx765_0] interact UseOn { name: "Chisel", kind: "inv", target_name: Some("Uncut sapphire"), x: 0, z: 0, level: 0, index: None }
[script livegdx765_0] interact UseOn { name: "Chisel", kind: "inv", target_name: Some("Uncut sapphire"), x: 0, z: 0, level: 0, index: None }
[script livegdx765_0] interact UseOn { name: "Chisel", kind: "inv", target_name: Some("Uncut sapphire"), x: 0, z: 0, level: 0, index: None }
[script livegdx765_0] interact UseOn { name: "Chisel", kind: "inv", target_name: Some("Uncut sapphire"), x: 0, z: 0, level: 0, index: None }
[script livegdx765_0] interact UseOn { name: "Chisel", kind: "inv", target_name: Some("Uncut sapphire"), x: 0, z: 0, level: 0, index: None }
[script livegdx765_0] interact UseOn { name: "Chisel", kind: "inv", target_name: Some("Uncut sapphire"), x: 0, z: 0, level: 0, index: None }
[script livegdx765_0] interact UseOn { name: "Chisel", kind: "inv", target_name: Some("Uncut sapphire"), x: 0, z: 0, level: 0, index: None }
[script livegdx765_0] interact UseOn { name: "Chisel", kind: "inv", target_name: Some("Uncut sapphire"), x: 0, z: 0, level: 0, index: None }
[script livegdx765_0] interact UseOn { name: "Chisel", kind: "inv", target_name: Some("Uncut sapphire"), x: 0, z: 0, level: 0, index: None }
[script livegdx765_0] interact UseOn { name: "Chisel", kind: "inv", target_name: Some("Uncut sapphire"), x: 0, z: 0, level: 0, index: None }
[script livegdx765_0] interact UseOn { name: "Chisel", kind: "inv", target_name: Some("Uncut sapphire"), x: 0, z: 0, level: 0, index: None }
[script livegdx765_0] interact UseOn { name: "Chisel", kind: "inv", target_name: Some("Uncut sapphire"), x: 0, z: 0, level: 0, index: None }
[script livegdx765_0] interact UseOn { name: "Chisel", kind: "inv", target_name: Some("Uncut sapphire"), x: 0, z: 0, level: 0, index: None }
[script livegdx765_0] interact UseOn { name: "Chisel", kind: "inv", target_name: Some("Uncut sapphire"), x: 0, z: 0, level: 0, index: None }
[script livegdx765_0] interact UseOn { name: "Chisel", kind: "inv", target_name: Some("Uncut sapphire"), x: 0, z: 0, level: 0, index: None }
[script livegdx765_0] interact UseOn { name: "Chisel", kind: "inv", target_name: Some("Uncut sapphire"), x: 0, z: 0, level: 0, index: None }
[script livegdx765_0] interact UseOn { name: "Chisel", kind: "inv", target_name: Some("Uncut sapphire"), x: 0, z: 0, level: 0, index: None }
[script livegdx765_0] interact UseOn { name: "Chisel", kind: "inv", target_name: Some("Uncut sapphire"), x: 0, z: 0, level: 0, index: None }
[script livegdx765_0] interact UseOn { name: "Chisel", kind: "inv", target_name: Some("Uncut sapphire"), x: 0, z: 0, level: 0, index: None }
[script livegdx765_0] interact UseOn { name: "Chisel", kind: "inv", target_name: Some("Uncut sapphire"), x: 0, z: 0, level: 0, index: None }
[script livegdx765_0] interact UseOn { name: "Chisel", kind: "inv", target_name: Some("Uncut sapphire"), x: 0, z: 0, level: 0, index: None }
[script livegdx765_0] interact UseOn { name: "Chisel", kind: "inv", target_name: Some("Uncut sapphire"), x: 0, z: 0, level: 0, index: None }
[script livegdx765_0] interact UseOn { name: "Chisel", kind: "inv", target_name: Some("Uncut sapphire"), x: 0, z: 0, level: 0, index: None }
[script livegdx765_0] interact UseOn { name: "Chisel", kind: "inv", target_name: Some("Uncut sapphire"), x: 0, z: 0, level: 0, index: None }
[script livegdx765_0] interact UseOn { name: "Chisel", kind: "inv", target_name: Some("Uncut sapphire"), x: 0, z: 0, level: 0, index: None }
[script livegdx765_0] interact UseOn { name: "Chisel", kind: "inv", target_name: Some("Uncut sapphire"), x: 0, z: 0, level: 0, index: None }
[script livegdx765_0] interact UseOn { name: "Chisel", kind: "inv", target_name: Some("Uncut sapphire"), x: 0, z: 0, level: 0, index: None }
[script livegdx765_0] interact UseOn { name: "Chisel", kind: "inv", target_name: Some("Uncut sapphire"), x: 0, z: 0, level: 0, index: None }
[script livegdx765_0] interact UseOn { name: "Chisel", kind: "inv", target_name: Some("Uncut sapphire"), x: 0, z: 0, level: 0, index: None }
[script livegdx765_0] interact UseOn { name: "Chisel", kind: "inv", target_name: Some("Uncut sapphire"), x: 0, z: 0, level: 0, index: None }
[script livegdx765_0] interact UseOn { name: "Chisel", kind: "inv", target_name: Some("Uncut sapphire"), x: 0, z: 0, level: 0, index: None }
[script livegdx765_0] interact UseOn { name: "Chisel", kind: "inv", target_name: Some("Uncut sapphire"), x: 0, z: 0, level: 0, index: None }
[script livegdx765_0] interact UseOn { name: "Chisel", kind: "inv", target_name: Some("Uncut sapphire"), x: 0, z: 0, level: 0, index: None }
[script livegdx765_0] interact UseOn { name: "Chisel", kind: "inv", target_name: Some("Uncut sapphire"), x: 0, z: 0, level: 0, index: None }
[script livegdx765_0] interact UseOn { name: "Chisel", kind: "inv", target_name: Some("Uncut sapphire"), x: 0, z: 0, level: 0, index: None }
[script livegdx765_0] interact UseOn { name: "Chisel", kind: "inv", target_name: Some("Uncut sapphire"), x: 0, z: 0, level: 0, index: None }
[script livegdx765_0] interact UseOn { name: "Chisel", kind: "inv", target_name: Some("Uncut sapphire"), x: 0, z: 0, level: 0, index: None }
[script livegdx765_0] interact UseOn { name: "Chisel", kind: "inv", target_name: Some("Uncut sapphire"), x: 0, z: 0, level: 0, index: None }
[script livegdx765_0] interact UseOn { name: "Chisel", kind: "inv", target_name: Some("Uncut sapphire"), x: 0, z: 0, level: 0, index: None }
[script livegdx765_0] interact UseOn { name: "Chisel", kind: "inv", target_name: Some("Uncut sapphire"), x: 0, z: 0, level: 0, index: None }
[script livegdx765_0] interact UseOn { name: "Chisel", kind: "inv", target_name: Some("Uncut sapphire"), x: 0, z: 0, level: 0, index: None }
[script livegdx765_0] interact UseOn { name: "Chisel", kind: "inv", target_name: Some("Uncut sapphire"), x: 0, z: 0, level: 0, index: None }
[script livegdx765_0] interact UseOn { name: "Chisel", kind: "inv", target_name: Some("Uncut sapphire"), x: 0, z: 0, level: 0, index: None }
[script livegdx765_0] interact UseOn { name: "Chisel", kind: "inv", target_name: Some("Uncut sapphire"), x: 0, z: 0, level: 0, index: None }
[script livegdx765_0] interact UseOn { name: "Chisel", kind: "inv", target_name: Some("Uncut sapphire"), x: 0, z: 0, level: 0, index: None }
[script livegdx765_0] interact UseOn { name: "Chisel", kind: "inv", target_name: Some("Uncut sapphire"), x: 0, z: 0, level: 0, index: None }
[script livegdx765_0] interact UseOn { name: "Chisel", kind: "inv", target_name: Some("Uncut sapphire"), x: 0, z: 0, level: 0, index: None }
[script livegdx765_0] interact UseOn { name: "Chisel", kind: "inv", target_name: Some("Uncut sapphire"), x: 0, z: 0, level: 0, index: None }
[script livegdx765_0] interact UseOn { name: "Chisel", kind: "inv", target_name: Some("Uncut sapphire"), x: 0, z: 0, level: 0, index: None }
[script livegdx765_0] interact UseOn { name: "Chisel", kind: "inv", target_name: Some("Uncut sapphire"), x: 0, z: 0, level: 0, index: None }
[script livegdx765_0] interact UseOn { name: "Chisel", kind: "inv", target_name: Some("Uncut sapphire"), x: 0, z: 0, level: 0, index: None }
[script livegdx765_0] interact UseOn { name: "Chisel", kind: "inv", target_name: Some("Uncut sapphire"), x: 0, z: 0, level: 0, index: None }
[script livegdx765_0] interact UseOn { name: "Chisel", kind: "inv", target_name: Some("Uncut sapphire"), x: 0, z: 0, level: 0, index: None }
[script livegdx765_0] interact UseOn { name: "Chisel", kind: "inv", target_name: Some("Uncut sapphire"), x: 0, z: 0, level: 0, index: None }
[script livegdx765_0] interact UseOn { name: "Chisel", kind: "inv", target_name: Some("Uncut sapphire"), x: 0, z: 0, level: 0, index: None }
[script livegdx765_0] interact UseOn { name: "Chisel", kind: "inv", target_name: Some("Uncut sapphire"), x: 0, z: 0, level: 0, index: None }
[script livegdx765_0] interact UseOn { name: "Chisel", kind: "inv", target_name: Some("Uncut sapphire"), x: 0, z: 0, level: 0, index: None }
[script livegdx765_0] interact UseOn { name: "Chisel", kind: "inv", target_name: Some("Uncut sapphire"), x: 0, z: 0, level: 0, index: None }
[script livegdx765_0] interact UseOn { name: "Chisel", kind: "inv", target_name: Some("Uncut sapphire"), x: 0, z: 0, level: 0, index: None }
[host] slot livegdx765_0: d_loop_us=1339 d_raster_us=0 d_observe_us=98852 max_observe_us=14288 d_paints=0 d_skips=50 d_ticks=2 window_ms=1191
[script livegdx765_0] interact UseOn { name: "Chisel", kind: "inv", target_name: Some("Uncut sapphire"), x: 0, z: 0, level: 0, index: None }
[script livegdx765_0] interact UseOn { name: "Chisel", kind: "inv", target_name: Some("Uncut sapphire"), x: 0, z: 0, level: 0, index: None }
[script livegdx765_0] interact UseOn { name: "Chisel", kind: "inv", target_name: Some("Uncut sapphire"), x: 0, z: 0, level: 0, index: None }
[script livegdx765_0] interact UseOn { name: "Chisel", kind: "inv", target_name: Some("Uncut sapphire"), x: 0, z: 0, level: 0, index: None }
[script livegdx765_0] interact UseOn { name: "Chisel", kind: "inv", target_name: Some("Uncut sapphire"), x: 0, z: 0, level: 0, index: None }
[script livegdx765_0] interact UseOn { name: "Chisel", kind: "inv", target_name: Some("Uncut sapphire"), x: 0, z: 0, level: 0, index: None }
[script livegdx765_0] interact UseOn { name: "Chisel", kind: "inv", target_name: Some("Uncut sapphire"), x: 0, z: 0, level: 0, index: None }
[script livegdx765_0] interact UseOn { name: "Chisel", kind: "inv", target_name: Some("Uncut sapphire"), x: 0, z: 0, level: 0, index: None }
[script livegdx765_0] interact UseOn { name: "Chisel", kind: "inv", target_name: Some("Uncut sapphire"), x: 0, z: 0, level: 0, index: None }
[script livegdx765_0] interact UseOn { name: "Chisel", kind: "inv", target_name: Some("Uncut sapphire"), x: 0, z: 0, level: 0, index: None }
[script livegdx765_0] interact UseOn { name: "Chisel", kind: "inv", target_name: Some("Uncut sapphire"), x: 0, z: 0, level: 0, index: None }
[script livegdx765_0] interact UseOn { name: "Chisel", kind: "inv", target_name: Some("Uncut sapphire"), x: 0, z: 0, level: 0, index: None }
[script livegdx765_0] interact UseOn { name: "Chisel", kind: "inv", target_name: Some("Uncut sapphire"), x: 0, z: 0, level: 0, index: None }
[script livegdx765_0] interact UseOn { name: "Chisel", kind: "inv", target_name: Some("Uncut sapphire"), x: 0, z: 0, level: 0, index: None }
[script livegdx765_0] interact UseOn { name: "Chisel", kind: "inv", target_name: Some("Uncut sapphire"), x: 0, z: 0, level: 0, index: None }
[script livegdx765_0] interact UseOn { name: "Chisel", kind: "inv", target_name: Some("Uncut sapphire"), x: 0, z: 0, level: 0, index: None }
[script livegdx765_0] interact UseOn { name: "Chisel", kind: "inv", target_name: Some("Uncut sapphire"), x: 0, z: 0, level: 0, index: None }
[script livegdx765_0] interact UseOn { name: "Chisel", kind: "inv", target_name: Some("Uncut sapphire"), x: 0, z: 0, level: 0, index: None }
[script livegdx765_0] interact UseOn { name: "Chisel", kind: "inv", target_name: Some("Uncut sapphire"), x: 0, z: 0, level: 0, index: None }
[script livegdx765_0] interact UseOn { name: "Chisel", kind: "inv", target_name: Some("Uncut sapphire"), x: 0, z: 0, level: 0, index: None }
[script livegdx765_0] interact UseOn { name: "Chisel", kind: "inv", target_name: Some("Uncut sapphire"), x: 0, z: 0, level: 0, index: None }
[script livegdx765_0] interact UseOn { name: "Chisel", kind: "inv", target_name: Some("Uncut sapphire"), x: 0, z: 0, level: 0, index: None }
[script livegdx765_0] interact UseOn { name: "Chisel", kind: "inv", target_name: Some("Uncut sapphire"), x: 0, z: 0, level: 0, index: None }
[script livegdx765_0] interact UseOn { name: "Chisel", kind: "inv", target_name: Some("Uncut sapphire"), x: 0, z: 0, level: 0, index: None }
[script livegdx765_0] interact UseOn { name: "Chisel", kind: "inv", target_name: Some("Uncut sapphire"), x: 0, z: 0, level: 0, index: None }
[script livegdx765_0] interact UseOn { name: "Chisel", kind: "inv", target_name: Some("Uncut sapphire"), x: 0, z: 0, level: 0, index: None }
[script livegdx765_0] interact UseOn { name: "Chisel", kind: "inv", target_name: Some("Uncut sapphire"), x: 0, z: 0, level: 0, index: None }
[script livegdx765_0] interact UseOn { name: "Chisel", kind: "inv", target_name: Some("Uncut sapphire"), x: 0, z: 0, level: 0, index: None }
[script livegdx765_0] interact UseOn { name: "Chisel", kind: "inv", target_name: Some("Uncut sapphire"), x: 0, z: 0, level: 0, index: None }
[script livegdx765_0] interact UseOn { name: "Chisel", kind: "inv", target_name: Some("Uncut sapphire"), x: 0, z: 0, level: 0, index: None }
[script livegdx765_0] interact UseOn { name: "Chisel", kind: "inv", target_name: Some("Uncut sapphire"), x: 0, z: 0, level: 0, index: None }
[script livegdx765_0] interact UseOn { name: "Chisel", kind: "inv", target_name: Some("Uncut sapphire"), x: 0, z: 0, level: 0, index: None }
[script livegdx765_0] interact UseOn { name: "Chisel", kind: "inv", target_name: Some("Uncut sapphire"), x: 0, z: 0, level: 0, index: None }
[script livegdx765_0] interact UseOn { name: "Chisel", kind: "inv", target_name: Some("Uncut sapphire"), x: 0, z: 0, level: 0, index: None }
[script livegdx765_0] interact UseOn { name: "Chisel", kind: "inv", target_name: Some("Uncut sapphire"), x: 0, z: 0, level: 0, index: None }
[script livegdx765_0] interact UseOn { name: "Chisel", kind: "inv", target_name: Some("Uncut sapphire"), x: 0, z: 0, level: 0, index: None }
[script livegdx765_0] interact UseOn { name: "Chisel", kind: "inv", target_name: Some("Uncut sapphire"), x: 0, z: 0, level: 0, index: None }
[script livegdx765_0] interact UseOn { name: "Chisel", kind: "inv", target_name: Some("Uncut sapphire"), x: 0, z: 0, level: 0, index: None }
[script livegdx765_0] interact UseOn { name: "Chisel", kind: "inv", target_name: Some("Uncut sapphire"), x: 0, z: 0, level: 0, index: None }
[script livegdx765_0] interact UseOn { name: "Chisel", kind: "inv", target_name: Some("Uncut sapphire"), x: 0, z: 0, level: 0, index: None }
[script livegdx765_0] interact UseOn { name: "Chisel", kind: "inv", target_name: Some("Uncut sapphire"), x: 0, z: 0, level: 0, index: None }
[script livegdx765_0] interact UseOn { name: "Chisel", kind: "inv", target_name: Some("Uncut sapphire"), x: 0, z: 0, level: 0, index: None }
[script livegdx765_0] interact UseOn { name: "Chisel", kind: "inv", target_name: Some("Uncut sapphire"), x: 0, z: 0, level: 0, index: None }
[script livegdx765_0] interact UseOn { name: "Chisel", kind: "inv", target_name: Some("Uncut sapphire"), x: 0, z: 0, level: 0, index: None }
[script livegdx765_0] interact UseOn { name: "Chisel", kind: "inv", target_name: Some("Uncut sapphire"), x: 0, z: 0, level: 0, index: None }
[script livegdx765_0] interact UseOn { name: "Chisel", kind: "inv", target_name: Some("Uncut sapphire"), x: 0, z: 0, level: 0, index: None }
[script livegdx765_0] interact UseOn { name: "Chisel", kind: "inv", target_name: Some("Uncut sapphire"), x: 0, z: 0, level: 0, index: None }
[script livegdx765_0] interact UseOn { name: "Chisel", kind: "inv", target_name: Some("Uncut sapphire"), x: 0, z: 0, level: 0, index: None }
[script livegdx765_0] interact UseOn { name: "Chisel", kind: "inv", target_name: Some("Uncut sapphire"), x: 0, z: 0, level: 0, index: None }
[script livegdx765_0] interact UseOn { name: "Chisel", kind: "inv", target_name: Some("Uncut sapphire"), x: 0, z: 0, level: 0, index: None }
[script livegdx765_0] interact UseOn { name: "Chisel", kind: "inv", target_name: Some("Uncut sapphire"), x: 0, z: 0, level: 0, index: None }
[script livegdx765_0] interact UseOn { name: "Chisel", kind: "inv", target_name: Some("Uncut sapphire"), x: 0, z: 0, level: 0, index: None }
[script livegdx765_0] interact UseOn { name: "Chisel", kind: "inv", target_name: Some("Uncut sapphire"), x: 0, z: 0, level: 0, index: None }
[script livegdx765_0] interact UseOn { name: "Chisel", kind: "inv", target_name: Some("Uncut sapphire"), x: 0, z: 0, level: 0, index: None }
[script livegdx765_0] interact UseOn { name: "Chisel", kind: "inv", target_name: Some("Uncut sapphire"), x: 0, z: 0, level: 0, index: None }
[script livegdx765_0] interact UseOn { name: "Chisel", kind: "inv", target_name: Some("Uncut sapphire"), x: 0, z: 0, level: 0, index: None }
[script livegdx765_0] interact UseOn { name: "Chisel", kind: "inv", target_name: Some("Uncut sapphire"), x: 0, z: 0, level: 0, index: None }
[script livegdx765_0] interact UseOn { name: "Chisel", kind: "inv", target_name: Some("Uncut sapphire"), x: 0, z: 0, level: 0, index: None }
[script livegdx765_0] interact UseOn { name: "Chisel", kind: "inv", target_name: Some("Uncut sapphire"), x: 0, z: 0, level: 0, index: None }
[script livegdx765_0] interact UseOn { name: "Chisel", kind: "inv", target_name: Some("Uncut sapphire"), x: 0, z: 0, level: 0, index: None }
[host] slot livegdx765_0: d_loop_us=1336 d_raster_us=0 d_observe_us=89668 max_observe_us=9370 d_paints=0 d_skips=50 d_ticks=2 window_ms=1199
[host] slot livegdx765_0: d_loop_us=1288 d_raster_us=0 d_observe_us=85259 max_observe_us=10003 d_paints=0 d_skips=50 d_ticks=2 window_ms=1193
[script livegdx765_0] interact UseOn { name: "Chisel", kind: "inv", target_name: Some("Uncut sapphire"), x: 0, z: 0, level: 0, index: None }
[script livegdx765_0] interact UseOn { name: "Chisel", kind: "inv", target_name: Some("Uncut sapphire"), x: 0, z: 0, level: 0, index: None }
[script livegdx765_0] interact UseOn { name: "Chisel", kind: "inv", target_name: Some("Uncut sapphire"), x: 0, z: 0, level: 0, index: None }
[script livegdx765_0] interact UseOn { name: "Chisel", kind: "inv", target_name: Some("Uncut sapphire"), x: 0, z: 0, level: 0, index: None }
[script livegdx765_0] interact UseOn { name: "Chisel", kind: "inv", target_name: Some("Uncut sapphire"), x: 0, z: 0, level: 0, index: None }
[script livegdx765_0] interact UseOn { name: "Chisel", kind: "inv", target_name: Some("Uncut sapphire"), x: 0, z: 0, level: 0, index: None }
[script livegdx765_0] interact UseOn { name: "Chisel", kind: "inv", target_name: Some("Uncut sapphire"), x: 0, z: 0, level: 0, index: None }
[script livegdx765_0] interact UseOn { name: "Chisel", kind: "inv", target_name: Some("Uncut sapphire"), x: 0, z: 0, level: 0, index: None }
[script livegdx765_0] interact UseOn { name: "Chisel", kind: "inv", target_name: Some("Uncut sapphire"), x: 0, z: 0, level: 0, index: None }
[script livegdx765_0] interact UseOn { name: "Chisel", kind: "inv", target_name: Some("Uncut sapphire"), x: 0, z: 0, level: 0, index: None }
[script livegdx765_0] interact UseOn { name: "Chisel", kind: "inv", target_name: Some("Uncut sapphire"), x: 0, z: 0, level: 0, index: None }
[script livegdx765_0] interact UseOn { name: "Chisel", kind: "inv", target_name: Some("Uncut sapphire"), x: 0, z: 0, level: 0, index: None }
[script livegdx765_0] interact UseOn { name: "Chisel", kind: "inv", target_name: Some("Uncut sapphire"), x: 0, z: 0, level: 0, index: None }
[script livegdx765_0] interact UseOn { name: "Chisel", kind: "inv", target_name: Some("Uncut sapphire"), x: 0, z: 0, level: 0, index: None }
[script livegdx765_0] interact UseOn { name: "Chisel", kind: "inv", target_name: Some("Uncut sapphire"), x: 0, z: 0, level: 0, index: None }
[script livegdx765_0] interact UseOn { name: "Chisel", kind: "inv", target_name: Some("Uncut sapphire"), x: 0, z: 0, level: 0, index: None }
[script livegdx765_0] interact UseOn { name: "Chisel", kind: "inv", target_name: Some("Uncut sapphire"), x: 0, z: 0, level: 0, index: None }
[script livegdx765_0] interact UseOn { name: "Chisel", kind: "inv", target_name: Some("Uncut sapphire"), x: 0, z: 0, level: 0, index: None }
[script livegdx765_0] interact UseOn { name: "Chisel", kind: "inv", target_name: Some("Uncut sapphire"), x: 0, z: 0, level: 0, index: None }
[script livegdx765_0] interact UseOn { name: "Chisel", kind: "inv", target_name: Some("Uncut sapphire"), x: 0, z: 0, level: 0, index: None }
[script livegdx765_0] interact UseOn { name: "Chisel", kind: "inv", target_name: Some("Uncut sapphire"), x: 0, z: 0, level: 0, index: None }
[script livegdx765_0] interact UseOn { name: "Chisel", kind: "inv", target_name: Some("Uncut sapphire"), x: 0, z: 0, level: 0, index: None }
[script livegdx765_0] interact UseOn { name: "Chisel", kind: "inv", target_name: Some("Uncut sapphire"), x: 0, z: 0, level: 0, index: None }
[script livegdx765_0] interact UseOn { name: "Chisel", kind: "inv", target_name: Some("Uncut sapphire"), x: 0, z: 0, level: 0, index: None }
[script livegdx765_0] interact UseOn { name: "Chisel", kind: "inv", target_name: Some("Uncut sapphire"), x: 0, z: 0, level: 0, index: None }
[script livegdx765_0] interact UseOn { name: "Chisel", kind: "inv", target_name: Some("Uncut sapphire"), x: 0, z: 0, level: 0, index: None }
[script livegdx765_0] interact UseOn { name: "Chisel", kind: "inv", target_name: Some("Uncut sapphire"), x: 0, z: 0, level: 0, index: None }
[script livegdx765_0] interact UseOn { name: "Chisel", kind: "inv", target_name: Some("Uncut sapphire"), x: 0, z: 0, level: 0, index: None }
[script livegdx765_0] interact UseOn { name: "Chisel", kind: "inv", target_name: Some("Uncut sapphire"), x: 0, z: 0, level: 0, index: None }
[script livegdx765_0] interact UseOn { name: "Chisel", kind: "inv", target_name: Some("Uncut sapphire"), x: 0, z: 0, level: 0, index: None }
[script livegdx765_0] interact UseOn { name: "Chisel", kind: "inv", target_name: Some("Uncut sapphire"), x: 0, z: 0, level: 0, index: None }
[script livegdx765_0] interact UseOn { name: "Chisel", kind: "inv", target_name: Some("Uncut sapphire"), x: 0, z: 0, level: 0, index: None }
[script livegdx765_0] interact UseOn { name: "Chisel", kind: "inv", target_name: Some("Uncut sapphire"), x: 0, z: 0, level: 0, index: None }
[script livegdx765_0] interact UseOn { name: "Chisel", kind: "inv", target_name: Some("Uncut sapphire"), x: 0, z: 0, level: 0, index: None }
[script livegdx765_0] interact UseOn { name: "Chisel", kind: "inv", target_name: Some("Uncut sapphire"), x: 0, z: 0, level: 0, index: None }
[script livegdx765_0] interact UseOn { name: "Chisel", kind: "inv", target_name: Some("Uncut sapphire"), x: 0, z: 0, level: 0, index: None }
[script livegdx765_0] interact UseOn { name: "Chisel", kind: "inv", target_name: Some("Uncut sapphire"), x: 0, z: 0, level: 0, index: None }
[script livegdx765_0] interact UseOn { name: "Chisel", kind: "inv", target_name: Some("Uncut sapphire"), x: 0, z: 0, level: 0, index: None }
[script livegdx765_0] interact UseOn { name: "Chisel", kind: "inv", target_name: Some("Uncut sapphire"), x: 0, z: 0, level: 0, index: None }
[script livegdx765_0] interact UseOn { name: "Chisel", kind: "inv", target_name: Some("Uncut sapphire"), x: 0, z: 0, level: 0, index: None }
[script livegdx765_0] interact UseOn { name: "Chisel", kind: "inv", target_name: Some("Uncut sapphire"), x: 0, z: 0, level: 0, index: None }
[script livegdx765_0] interact UseOn { name: "Chisel", kind: "inv", target_name: Some("Uncut sapphire"), x: 0, z: 0, level: 0, index: None }
[script livegdx765_0] interact UseOn { name: "Chisel", kind: "inv", target_name: Some("Uncut sapphire"), x: 0, z: 0, level: 0, index: None }
[script livegdx765_0] interact UseOn { name: "Chisel", kind: "inv", target_name: Some("Uncut sapphire"), x: 0, z: 0, level: 0, index: None }
[script livegdx765_0] interact UseOn { name: "Chisel", kind: "inv", target_name: Some("Uncut sapphire"), x: 0, z: 0, level: 0, index: None }
[script livegdx765_0] interact UseOn { name: "Chisel", kind: "inv", target_name: Some("Uncut sapphire"), x: 0, z: 0, level: 0, index: None }
[script livegdx765_0] interact UseOn { name: "Chisel", kind: "inv", target_name: Some("Uncut sapphire"), x: 0, z: 0, level: 0, index: None }
[script livegdx765_0] interact UseOn { name: "Chisel", kind: "inv", target_name: Some("Uncut sapphire"), x: 0, z: 0, level: 0, index: None }
[script livegdx765_0] interact UseOn { name: "Chisel", kind: "inv", target_name: Some("Uncut sapphire"), x: 0, z: 0, level: 0, index: None }
[script livegdx765_0] interact UseOn { name: "Chisel", kind: "inv", target_name: Some("Uncut sapphire"), x: 0, z: 0, level: 0, index: None }
[script livegdx765_0] interact UseOn { name: "Chisel", kind: "inv", target_name: Some("Uncut sapphire"), x: 0, z: 0, level: 0, index: None }
[script livegdx765_0] interact UseOn { name: "Chisel", kind: "inv", target_name: Some("Uncut sapphire"), x: 0, z: 0, level: 0, index: None }
[script livegdx765_0] interact UseOn { name: "Chisel", kind: "inv", target_name: Some("Uncut sapphire"), x: 0, z: 0, level: 0, index: None }
[script livegdx765_0] interact UseOn { name: "Chisel", kind: "inv", target_name: Some("Uncut sapphire"), x: 0, z: 0, level: 0, index: None }
[script livegdx765_0] interact UseOn { name: "Chisel", kind: "inv", target_name: Some("Uncut sapphire"), x: 0, z: 0, level: 0, index: None }
[script livegdx765_0] interact UseOn { name: "Chisel", kind: "inv", target_name: Some("Uncut sapphire"), x: 0, z: 0, level: 0, index: None }
[script livegdx765_0] interact UseOn { name: "Chisel", kind: "inv", target_name: Some("Uncut sapphire"), x: 0, z: 0, level: 0, index: None }
[script livegdx765_0] interact UseOn { name: "Chisel", kind: "inv", target_name: Some("Uncut sapphire"), x: 0, z: 0, level: 0, index: None }
[script livegdx765_0] interact UseOn { name: "Chisel", kind: "inv", target_name: Some("Uncut sapphire"), x: 0, z: 0, level: 0, index: None }
[script livegdx765_0] interact UseOn { name: "Chisel", kind: "inv", target_name: Some("Uncut sapphire"), x: 0, z: 0, level: 0, index: None }
[host] slot livegdx765_0: d_loop_us=1111 d_raster_us=0 d_observe_us=93978 max_observe_us=8224 d_paints=0 d_skips=50 d_ticks=2 window_ms=1180
[script livegdx765_0] interact UseOn { name: "Chisel", kind: "inv", target_name: Some("Uncut sapphire"), x: 0, z: 0, level: 0, index: None }
[script livegdx765_0] interact UseOn { name: "Chisel", kind: "inv", target_name: Some("Uncut sapphire"), x: 0, z: 0, level: 0, index: None }
[script livegdx765_0] interact UseOn { name: "Chisel", kind: "inv", target_name: Some("Uncut sapphire"), x: 0, z: 0, level: 0, index: None }
[script livegdx765_0] interact UseOn { name: "Chisel", kind: "inv", target_name: Some("Uncut sapphire"), x: 0, z: 0, level: 0, index: None }
[script livegdx765_0] interact UseOn { name: "Chisel", kind: "inv", target_name: Some("Uncut sapphire"), x: 0, z: 0, level: 0, index: None }
[script livegdx765_0] interact UseOn { name: "Chisel", kind: "inv", target_name: Some("Uncut sapphire"), x: 0, z: 0, level: 0, index: None }
[script livegdx765_0] interact UseOn { name: "Chisel", kind: "inv", target_name: Some("Uncut sapphire"), x: 0, z: 0, level: 0, index: None }
[script livegdx765_0] interact UseOn { name: "Chisel", kind: "inv", target_name: Some("Uncut sapphire"), x: 0, z: 0, level: 0, index: None }
[script livegdx765_0] interact UseOn { name: "Chisel", kind: "inv", target_name: Some("Uncut sapphire"), x: 0, z: 0, level: 0, index: None }
[script livegdx765_0] interact UseOn { name: "Chisel", kind: "inv", target_name: Some("Uncut sapphire"), x: 0, z: 0, level: 0, index: None }
[script livegdx765_0] interact UseOn { name: "Chisel", kind: "inv", target_name: Some("Uncut sapphire"), x: 0, z: 0, level: 0, index: None }
[script livegdx765_0] interact UseOn { name: "Chisel", kind: "inv", target_name: Some("Uncut sapphire"), x: 0, z: 0, level: 0, index: None }
[script livegdx765_0] interact UseOn { name: "Chisel", kind: "inv", target_name: Some("Uncut sapphire"), x: 0, z: 0, level: 0, index: None }
[script livegdx765_0] interact UseOn { name: "Chisel", kind: "inv", target_name: Some("Uncut sapphire"), x: 0, z: 0, level: 0, index: None }
[script livegdx765_0] interact UseOn { name: "Chisel", kind: "inv", target_name: Some("Uncut sapphire"), x: 0, z: 0, level: 0, index: None }
[script livegdx765_0] interact UseOn { name: "Chisel", kind: "inv", target_name: Some("Uncut sapphire"), x: 0, z: 0, level: 0, index: None }
[script livegdx765_0] interact UseOn { name: "Chisel", kind: "inv", target_name: Some("Uncut sapphire"), x: 0, z: 0, level: 0, index: None }
[script livegdx765_0] interact UseOn { name: "Chisel", kind: "inv", target_name: Some("Uncut sapphire"), x: 0, z: 0, level: 0, index: None }
[script livegdx765_0] interact UseOn { name: "Chisel", kind: "inv", target_name: Some("Uncut sapphire"), x: 0, z: 0, level: 0, index: None }
[script livegdx765_0] interact UseOn { name: "Chisel", kind: "inv", target_name: Some("Uncut sapphire"), x: 0, z: 0, level: 0, index: None }
[script livegdx765_0] interact UseOn { name: "Chisel", kind: "inv", target_name: Some("Uncut sapphire"), x: 0, z: 0, level: 0, index: None }
[script livegdx765_0] interact UseOn { name: "Chisel", kind: "inv", target_name: Some("Uncut sapphire"), x: 0, z: 0, level: 0, index: None }
[script livegdx765_0] interact UseOn { name: "Chisel", kind: "inv", target_name: Some("Uncut sapphire"), x: 0, z: 0, level: 0, index: None }
[script livegdx765_0] interact UseOn { name: "Chisel", kind: "inv", target_name: Some("Uncut sapphire"), x: 0, z: 0, level: 0, index: None }
[script livegdx765_0] interact UseOn { name: "Chisel", kind: "inv", target_name: Some("Uncut sapphire"), x: 0, z: 0, level: 0, index: None }
[script livegdx765_0] interact UseOn { name: "Chisel", kind: "inv", target_name: Some("Uncut sapphire"), x: 0, z: 0, level: 0, index: None }
[script livegdx765_0] interact UseOn { name: "Chisel", kind: "inv", target_name: Some("Uncut sapphire"), x: 0, z: 0, level: 0, index: None }
[script livegdx765_0] interact UseOn { name: "Chisel", kind: "inv", target_name: Some("Uncut sapphire"), x: 0, z: 0, level: 0, index: None }
[script livegdx765_0] interact UseOn { name: "Chisel", kind: "inv", target_name: Some("Uncut sapphire"), x: 0, z: 0, level: 0, index: None }
[script livegdx765_0] interact UseOn { name: "Chisel", kind: "inv", target_name: Some("Uncut sapphire"), x: 0, z: 0, level: 0, index: None }
[script livegdx765_0] interact UseOn { name: "Chisel", kind: "inv", target_name: Some("Uncut sapphire"), x: 0, z: 0, level: 0, index: None }
[script livegdx765_0] interact UseOn { name: "Chisel", kind: "inv", target_name: Some("Uncut sapphire"), x: 0, z: 0, level: 0, index: None }
[script livegdx765_0] interact UseOn { name: "Chisel", kind: "inv", target_name: Some("Uncut sapphire"), x: 0, z: 0, level: 0, index: None }
[script livegdx765_0] interact UseOn { name: "Chisel", kind: "inv", target_name: Some("Uncut sapphire"), x: 0, z: 0, level: 0, index: None }
[script livegdx765_0] interact UseOn { name: "Chisel", kind: "inv", target_name: Some("Uncut sapphire"), x: 0, z: 0, level: 0, index: None }
[script livegdx765_0] interact UseOn { name: "Chisel", kind: "inv", target_name: Some("Uncut sapphire"), x: 0, z: 0, level: 0, index: None }
[script livegdx765_0] interact UseOn { name: "Chisel", kind: "inv", target_name: Some("Uncut sapphire"), x: 0, z: 0, level: 0, index: None }
[script livegdx765_0] interact UseOn { name: "Chisel", kind: "inv", target_name: Some("Uncut sapphire"), x: 0, z: 0, level: 0, index: None }
[script livegdx765_0] interact UseOn { name: "Chisel", kind: "inv", target_name: Some("Uncut sapphire"), x: 0, z: 0, level: 0, index: None }
[script livegdx765_0] interact UseOn { name: "Chisel", kind: "inv", target_name: Some("Uncut sapphire"), x: 0, z: 0, level: 0, index: None }
[script livegdx765_0] interact UseOn { name: "Chisel", kind: "inv", target_name: Some("Uncut sapphire"), x: 0, z: 0, level: 0, index: None }
[script livegdx765_0] interact UseOn { name: "Chisel", kind: "inv", target_name: Some("Uncut sapphire"), x: 0, z: 0, level: 0, index: None }
[script livegdx765_0] interact UseOn { name: "Chisel", kind: "inv", target_name: Some("Uncut sapphire"), x: 0, z: 0, level: 0, index: None }
[script livegdx765_0] interact UseOn { name: "Chisel", kind: "inv", target_name: Some("Uncut sapphire"), x: 0, z: 0, level: 0, index: None }
[script livegdx765_0] interact UseOn { name: "Chisel", kind: "inv", target_name: Some("Uncut sapphire"), x: 0, z: 0, level: 0, index: None }
[script livegdx765_0] interact UseOn { name: "Chisel", kind: "inv", target_name: Some("Uncut sapphire"), x: 0, z: 0, level: 0, index: None }
[script livegdx765_0] interact UseOn { name: "Chisel", kind: "inv", target_name: Some("Uncut sapphire"), x: 0, z: 0, level: 0, index: None }
[script livegdx765_0] interact UseOn { name: "Chisel", kind: "inv", target_name: Some("Uncut sapphire"), x: 0, z: 0, level: 0, index: None }
[script livegdx765_0] interact UseOn { name: "Chisel", kind: "inv", target_name: Some("Uncut sapphire"), x: 0, z: 0, level: 0, index: None }
[script livegdx765_0] interact UseOn { name: "Chisel", kind: "inv", target_name: Some("Uncut sapphire"), x: 0, z: 0, level: 0, index: None }
[script livegdx765_0] interact UseOn { name: "Chisel", kind: "inv", target_name: Some("Uncut sapphire"), x: 0, z: 0, level: 0, index: None }
[script livegdx765_0] interact UseOn { name: "Chisel", kind: "inv", target_name: Some("Uncut sapphire"), x: 0, z: 0, level: 0, index: None }
[script livegdx765_0] interact UseOn { name: "Chisel", kind: "inv", target_name: Some("Uncut sapphire"), x: 0, z: 0, level: 0, index: None }
[script livegdx765_0] interact UseOn { name: "Chisel", kind: "inv", target_name: Some("Uncut sapphire"), x: 0, z: 0, level: 0, index: None }
[script livegdx765_0] interact UseOn { name: "Chisel", kind: "inv", target_name: Some("Uncut sapphire"), x: 0, z: 0, level: 0, index: None }
[script livegdx765_0] interact UseOn { name: "Chisel", kind: "inv", target_name: Some("Uncut sapphire"), x: 0, z: 0, level: 0, index: None }
[script livegdx765_0] interact UseOn { name: "Chisel", kind: "inv", target_name: Some("Uncut sapphire"), x: 0, z: 0, level: 0, index: None }
[script livegdx765_0] interact UseOn { name: "Chisel", kind: "inv", target_name: Some("Uncut sapphire"), x: 0, z: 0, level: 0, index: None }
[script livegdx765_0] interact UseOn { name: "Chisel", kind: "inv", target_name: Some("Uncut sapphire"), x: 0, z: 0, level: 0, index: None }
[script livegdx765_0] interact UseOn { name: "Chisel", kind: "inv", target_name: Some("Uncut sapphire"), x: 0, z: 0, level: 0, index: None }
[host] slot livegdx765_0: d_loop_us=1276 d_raster_us=0 d_observe_us=83202 max_observe_us=13422 d_paints=0 d_skips=50 d_ticks=2 window_ms=1209
[host] slot livegdx765_0: d_loop_us=1183 d_raster_us=0 d_observe_us=69944 max_observe_us=9176 d_paints=0 d_skips=50 d_ticks=2 window_ms=1193
[script livegdx765_0] interact UseOn { name: "Chisel", kind: "inv", target_name: Some("Uncut sapphire"), x: 0, z: 0, level: 0, index: None }
[script livegdx765_0] interact UseOn { name: "Chisel", kind: "inv", target_name: Some("Uncut sapphire"), x: 0, z: 0, level: 0, index: None }
[script livegdx765_0] interact UseOn { name: "Chisel", kind: "inv", target_name: Some("Uncut sapphire"), x: 0, z: 0, level: 0, index: None }
[script livegdx765_0] interact UseOn { name: "Chisel", kind: "inv", target_name: Some("Uncut sapphire"), x: 0, z: 0, level: 0, index: None }
[script livegdx765_0] interact UseOn { name: "Chisel", kind: "inv", target_name: Some("Uncut sapphire"), x: 0, z: 0, level: 0, index: None }
[script livegdx765_0] interact UseOn { name: "Chisel", kind: "inv", target_name: Some("Uncut sapphire"), x: 0, z: 0, level: 0, index: None }
[script livegdx765_0] interact UseOn { name: "Chisel", kind: "inv", target_name: Some("Uncut sapphire"), x: 0, z: 0, level: 0, index: None }
[script livegdx765_0] interact UseOn { name: "Chisel", kind: "inv", target_name: Some("Uncut sapphire"), x: 0, z: 0, level: 0, index: None }
[script livegdx765_0] interact UseOn { name: "Chisel", kind: "inv", target_name: Some("Uncut sapphire"), x: 0, z: 0, level: 0, index: None }
[script livegdx765_0] interact UseOn { name: "Chisel", kind: "inv", target_name: Some("Uncut sapphire"), x: 0, z: 0, level: 0, index: None }
[script livegdx765_0] interact UseOn { name: "Chisel", kind: "inv", target_name: Some("Uncut sapphire"), x: 0, z: 0, level: 0, index: None }
[script livegdx765_0] interact UseOn { name: "Chisel", kind: "inv", target_name: Some("Uncut sapphire"), x: 0, z: 0, level: 0, index: None }
[script livegdx765_0] interact UseOn { name: "Chisel", kind: "inv", target_name: Some("Uncut sapphire"), x: 0, z: 0, level: 0, index: None }
[script livegdx765_0] interact UseOn { name: "Chisel", kind: "inv", target_name: Some("Uncut sapphire"), x: 0, z: 0, level: 0, index: None }
[script livegdx765_0] interact UseOn { name: "Chisel", kind: "inv", target_name: Some("Uncut sapphire"), x: 0, z: 0, level: 0, index: None }
[script livegdx765_0] interact UseOn { name: "Chisel", kind: "inv", target_name: Some("Uncut sapphire"), x: 0, z: 0, level: 0, index: None }
[script livegdx765_0] interact UseOn { name: "Chisel", kind: "inv", target_name: Some("Uncut sapphire"), x: 0, z: 0, level: 0, index: None }
[script livegdx765_0] interact UseOn { name: "Chisel", kind: "inv", target_name: Some("Uncut sapphire"), x: 0, z: 0, level: 0, index: None }
[script livegdx765_0] interact UseOn { name: "Chisel", kind: "inv", target_name: Some("Uncut sapphire"), x: 0, z: 0, level: 0, index: None }
[script livegdx765_0] interact UseOn { name: "Chisel", kind: "inv", target_name: Some("Uncut sapphire"), x: 0, z: 0, level: 0, index: None }
[script livegdx765_0] interact UseOn { name: "Chisel", kind: "inv", target_name: Some("Uncut sapphire"), x: 0, z: 0, level: 0, index: None }
[script livegdx765_0] interact UseOn { name: "Chisel", kind: "inv", target_name: Some("Uncut sapphire"), x: 0, z: 0, level: 0, index: None }
[script livegdx765_0] interact UseOn { name: "Chisel", kind: "inv", target_name: Some("Uncut sapphire"), x: 0, z: 0, level: 0, index: None }
[script livegdx765_0] interact UseOn { name: "Chisel", kind: "inv", target_name: Some("Uncut sapphire"), x: 0, z: 0, level: 0, index: None }
[script livegdx765_0] interact UseOn { name: "Chisel", kind: "inv", target_name: Some("Uncut sapphire"), x: 0, z: 0, level: 0, index: None }
[script livegdx765_0] interact UseOn { name: "Chisel", kind: "inv", target_name: Some("Uncut sapphire"), x: 0, z: 0, level: 0, index: None }
[script livegdx765_0] interact UseOn { name: "Chisel", kind: "inv", target_name: Some("Uncut sapphire"), x: 0, z: 0, level: 0, index: None }
[script livegdx765_0] interact UseOn { name: "Chisel", kind: "inv", target_name: Some("Uncut sapphire"), x: 0, z: 0, level: 0, index: None }
[script livegdx765_0] interact UseOn { name: "Chisel", kind: "inv", target_name: Some("Uncut sapphire"), x: 0, z: 0, level: 0, index: None }
[script livegdx765_0] interact UseOn { name: "Chisel", kind: "inv", target_name: Some("Uncut sapphire"), x: 0, z: 0, level: 0, index: None }
[script livegdx765_0] interact UseOn { name: "Chisel", kind: "inv", target_name: Some("Uncut sapphire"), x: 0, z: 0, level: 0, index: None }
[script livegdx765_0] interact UseOn { name: "Chisel", kind: "inv", target_name: Some("Uncut sapphire"), x: 0, z: 0, level: 0, index: None }
[script livegdx765_0] interact UseOn { name: "Chisel", kind: "inv", target_name: Some("Uncut sapphire"), x: 0, z: 0, level: 0, index: None }
[script livegdx765_0] interact UseOn { name: "Chisel", kind: "inv", target_name: Some("Uncut sapphire"), x: 0, z: 0, level: 0, index: None }
[script livegdx765_0] interact UseOn { name: "Chisel", kind: "inv", target_name: Some("Uncut sapphire"), x: 0, z: 0, level: 0, index: None }
[script livegdx765_0] interact UseOn { name: "Chisel", kind: "inv", target_name: Some("Uncut sapphire"), x: 0, z: 0, level: 0, index: None }
[script livegdx765_0] interact UseOn { name: "Chisel", kind: "inv", target_name: Some("Uncut sapphire"), x: 0, z: 0, level: 0, index: None }
[script livegdx765_0] interact UseOn { name: "Chisel", kind: "inv", target_name: Some("Uncut sapphire"), x: 0, z: 0, level: 0, index: None }
[script livegdx765_0] interact UseOn { name: "Chisel", kind: "inv", target_name: Some("Uncut sapphire"), x: 0, z: 0, level: 0, index: None }
[script livegdx765_0] interact UseOn { name: "Chisel", kind: "inv", target_name: Some("Uncut sapphire"), x: 0, z: 0, level: 0, index: None }
[script livegdx765_0] interact UseOn { name: "Chisel", kind: "inv", target_name: Some("Uncut sapphire"), x: 0, z: 0, level: 0, index: None }
[script livegdx765_0] interact UseOn { name: "Chisel", kind: "inv", target_name: Some("Uncut sapphire"), x: 0, z: 0, level: 0, index: None }
[script livegdx765_0] interact UseOn { name: "Chisel", kind: "inv", target_name: Some("Uncut sapphire"), x: 0, z: 0, level: 0, index: None }
[script livegdx765_0] interact UseOn { name: "Chisel", kind: "inv", target_name: Some("Uncut sapphire"), x: 0, z: 0, level: 0, index: None }
[script livegdx765_0] interact UseOn { name: "Chisel", kind: "inv", target_name: Some("Uncut sapphire"), x: 0, z: 0, level: 0, index: None }
[script livegdx765_0] interact UseOn { name: "Chisel", kind: "inv", target_name: Some("Uncut sapphire"), x: 0, z: 0, level: 0, index: None }
[script livegdx765_0] interact UseOn { name: "Chisel", kind: "inv", target_name: Some("Uncut sapphire"), x: 0, z: 0, level: 0, index: None }
[script livegdx765_0] interact UseOn { name: "Chisel", kind: "inv", target_name: Some("Uncut sapphire"), x: 0, z: 0, level: 0, index: None }
[script livegdx765_0] interact UseOn { name: "Chisel", kind: "inv", target_name: Some("Uncut sapphire"), x: 0, z: 0, level: 0, index: None }
[script livegdx765_0] interact UseOn { name: "Chisel", kind: "inv", target_name: Some("Uncut sapphire"), x: 0, z: 0, level: 0, index: None }
[script livegdx765_0] interact UseOn { name: "Chisel", kind: "inv", target_name: Some("Uncut sapphire"), x: 0, z: 0, level: 0, index: None }
[script livegdx765_0] interact UseOn { name: "Chisel", kind: "inv", target_name: Some("Uncut sapphire"), x: 0, z: 0, level: 0, index: None }
[script livegdx765_0] interact UseOn { name: "Chisel", kind: "inv", target_name: Some("Uncut sapphire"), x: 0, z: 0, level: 0, index: None }
[script livegdx765_0] interact UseOn { name: "Chisel", kind: "inv", target_name: Some("Uncut sapphire"), x: 0, z: 0, level: 0, index: None }
[script livegdx765_0] interact UseOn { name: "Chisel", kind: "inv", target_name: Some("Uncut sapphire"), x: 0, z: 0, level: 0, index: None }
[script livegdx765_0] interact UseOn { name: "Chisel", kind: "inv", target_name: Some("Uncut sapphire"), x: 0, z: 0, level: 0, index: None }
[script livegdx765_0] interact UseOn { name: "Chisel", kind: "inv", target_name: Some("Uncut sapphire"), x: 0, z: 0, level: 0, index: None }
[script livegdx765_0] interact UseOn { name: "Chisel", kind: "inv", target_name: Some("Uncut sapphire"), x: 0, z: 0, level: 0, index: None }
[script livegdx765_0] interact UseOn { name: "Chisel", kind: "inv", target_name: Some("Uncut sapphire"), x: 0, z: 0, level: 0, index: None }
[script livegdx765_0] interact UseOn { name: "Chisel", kind: "inv", target_name: Some("Uncut sapphire"), x: 0, z: 0, level: 0, index: None }
[host] slot livegdx765_0: d_loop_us=1343 d_raster_us=0 d_observe_us=85256 max_observe_us=9542 d_paints=0 d_skips=50 d_ticks=2 window_ms=1186
[script livegdx765_0] interact UseOn { name: "Chisel", kind: "inv", target_name: Some("Uncut sapphire"), x: 0, z: 0, level: 0, index: None }
[script livegdx765_0] interact UseOn { name: "Chisel", kind: "inv", target_name: Some("Uncut sapphire"), x: 0, z: 0, level: 0, index: None }
[script livegdx765_0] interact UseOn { name: "Chisel", kind: "inv", target_name: Some("Uncut sapphire"), x: 0, z: 0, level: 0, index: None }
[script livegdx765_0] interact UseOn { name: "Chisel", kind: "inv", target_name: Some("Uncut sapphire"), x: 0, z: 0, level: 0, index: None }
[script livegdx765_0] interact UseOn { name: "Chisel", kind: "inv", target_name: Some("Uncut sapphire"), x: 0, z: 0, level: 0, index: None }
[script livegdx765_0] interact UseOn { name: "Chisel", kind: "inv", target_name: Some("Uncut sapphire"), x: 0, z: 0, level: 0, index: None }
[script livegdx765_0] interact UseOn { name: "Chisel", kind: "inv", target_name: Some("Uncut sapphire"), x: 0, z: 0, level: 0, index: None }
[script livegdx765_0] interact UseOn { name: "Chisel", kind: "inv", target_name: Some("Uncut sapphire"), x: 0, z: 0, level: 0, index: None }
[script livegdx765_0] interact UseOn { name: "Chisel", kind: "inv", target_name: Some("Uncut sapphire"), x: 0, z: 0, level: 0, index: None }
[script livegdx765_0] interact UseOn { name: "Chisel", kind: "inv", target_name: Some("Uncut sapphire"), x: 0, z: 0, level: 0, index: None }
[script livegdx765_0] interact UseOn { name: "Chisel", kind: "inv", target_name: Some("Uncut sapphire"), x: 0, z: 0, level: 0, index: None }
[script livegdx765_0] interact UseOn { name: "Chisel", kind: "inv", target_name: Some("Uncut sapphire"), x: 0, z: 0, level: 0, index: None }
[script livegdx765_0] interact UseOn { name: "Chisel", kind: "inv", target_name: Some("Uncut sapphire"), x: 0, z: 0, level: 0, index: None }
[script livegdx765_0] interact UseOn { name: "Chisel", kind: "inv", target_name: Some("Uncut sapphire"), x: 0, z: 0, level: 0, index: None }
[script livegdx765_0] interact UseOn { name: "Chisel", kind: "inv", target_name: Some("Uncut sapphire"), x: 0, z: 0, level: 0, index: None }
[script livegdx765_0] interact UseOn { name: "Chisel", kind: "inv", target_name: Some("Uncut sapphire"), x: 0, z: 0, level: 0, index: None }
[script livegdx765_0] interact UseOn { name: "Chisel", kind: "inv", target_name: Some("Uncut sapphire"), x: 0, z: 0, level: 0, index: None }
[script livegdx765_0] interact UseOn { name: "Chisel", kind: "inv", target_name: Some("Uncut sapphire"), x: 0, z: 0, level: 0, index: None }
[script livegdx765_0] interact UseOn { name: "Chisel", kind: "inv", target_name: Some("Uncut sapphire"), x: 0, z: 0, level: 0, index: None }
[script livegdx765_0] interact UseOn { name: "Chisel", kind: "inv", target_name: Some("Uncut sapphire"), x: 0, z: 0, level: 0, index: None }
[script livegdx765_0] interact UseOn { name: "Chisel", kind: "inv", target_name: Some("Uncut sapphire"), x: 0, z: 0, level: 0, index: None }
[script livegdx765_0] interact UseOn { name: "Chisel", kind: "inv", target_name: Some("Uncut sapphire"), x: 0, z: 0, level: 0, index: None }
[script livegdx765_0] interact UseOn { name: "Chisel", kind: "inv", target_name: Some("Uncut sapphire"), x: 0, z: 0, level: 0, index: None }
[script livegdx765_0] interact UseOn { name: "Chisel", kind: "inv", target_name: Some("Uncut sapphire"), x: 0, z: 0, level: 0, index: None }
[script livegdx765_0] interact UseOn { name: "Chisel", kind: "inv", target_name: Some("Uncut sapphire"), x: 0, z: 0, level: 0, index: None }
[script livegdx765_0] interact UseOn { name: "Chisel", kind: "inv", target_name: Some("Uncut sapphire"), x: 0, z: 0, level: 0, index: None }
[script livegdx765_0] interact UseOn { name: "Chisel", kind: "inv", target_name: Some("Uncut sapphire"), x: 0, z: 0, level: 0, index: None }
[script livegdx765_0] interact UseOn { name: "Chisel", kind: "inv", target_name: Some("Uncut sapphire"), x: 0, z: 0, level: 0, index: None }
[script livegdx765_0] interact UseOn { name: "Chisel", kind: "inv", target_name: Some("Uncut sapphire"), x: 0, z: 0, level: 0, index: None }
[script livegdx765_0] interact UseOn { name: "Chisel", kind: "inv", target_name: Some("Uncut sapphire"), x: 0, z: 0, level: 0, index: None }
[script livegdx765_0] interact UseOn { name: "Chisel", kind: "inv", target_name: Some("Uncut sapphire"), x: 0, z: 0, level: 0, index: None }
[script livegdx765_0] interact UseOn { name: "Chisel", kind: "inv", target_name: Some("Uncut sapphire"), x: 0, z: 0, level: 0, index: None }
[script livegdx765_0] interact UseOn { name: "Chisel", kind: "inv", target_name: Some("Uncut sapphire"), x: 0, z: 0, level: 0, index: None }
[script livegdx765_0] interact UseOn { name: "Chisel", kind: "inv", target_name: Some("Uncut sapphire"), x: 0, z: 0, level: 0, index: None }
[script livegdx765_0] interact UseOn { name: "Chisel", kind: "inv", target_name: Some("Uncut sapphire"), x: 0, z: 0, level: 0, index: None }
[script livegdx765_0] interact UseOn { name: "Chisel", kind: "inv", target_name: Some("Uncut sapphire"), x: 0, z: 0, level: 0, index: None }
[script livegdx765_0] interact UseOn { name: "Chisel", kind: "inv", target_name: Some("Uncut sapphire"), x: 0, z: 0, level: 0, index: None }
[script livegdx765_0] interact UseOn { name: "Chisel", kind: "inv", target_name: Some("Uncut sapphire"), x: 0, z: 0, level: 0, index: None }
[script livegdx765_0] interact UseOn { name: "Chisel", kind: "inv", target_name: Some("Uncut sapphire"), x: 0, z: 0, level: 0, index: None }
[script livegdx765_0] interact UseOn { name: "Chisel", kind: "inv", target_name: Some("Uncut sapphire"), x: 0, z: 0, level: 0, index: None }
[script livegdx765_0] interact UseOn { name: "Chisel", kind: "inv", target_name: Some("Uncut sapphire"), x: 0, z: 0, level: 0, index: None }
[script livegdx765_0] interact UseOn { name: "Chisel", kind: "inv", target_name: Some("Uncut sapphire"), x: 0, z: 0, level: 0, index: None }
[script livegdx765_0] interact UseOn { name: "Chisel", kind: "inv", target_name: Some("Uncut sapphire"), x: 0, z: 0, level: 0, index: None }
[script livegdx765_0] interact UseOn { name: "Chisel", kind: "inv", target_name: Some("Uncut sapphire"), x: 0, z: 0, level: 0, index: None }
[script livegdx765_0] interact UseOn { name: "Chisel", kind: "inv", target_name: Some("Uncut sapphire"), x: 0, z: 0, level: 0, index: None }
[script livegdx765_0] interact UseOn { name: "Chisel", kind: "inv", target_name: Some("Uncut sapphire"), x: 0, z: 0, level: 0, index: None }
[script livegdx765_0] interact UseOn { name: "Chisel", kind: "inv", target_name: Some("Uncut sapphire"), x: 0, z: 0, level: 0, index: None }
[script livegdx765_0] interact UseOn { name: "Chisel", kind: "inv", target_name: Some("Uncut sapphire"), x: 0, z: 0, level: 0, index: None }
[script livegdx765_0] interact UseOn { name: "Chisel", kind: "inv", target_name: Some("Uncut sapphire"), x: 0, z: 0, level: 0, index: None }
[script livegdx765_0] interact UseOn { name: "Chisel", kind: "inv", target_name: Some("Uncut sapphire"), x: 0, z: 0, level: 0, index: None }
[script livegdx765_0] interact UseOn { name: "Chisel", kind: "inv", target_name: Some("Uncut sapphire"), x: 0, z: 0, level: 0, index: None }
[script livegdx765_0] interact UseOn { name: "Chisel", kind: "inv", target_name: Some("Uncut sapphire"), x: 0, z: 0, level: 0, index: None }
[script livegdx765_0] interact UseOn { name: "Chisel", kind: "inv", target_name: Some("Uncut sapphire"), x: 0, z: 0, level: 0, index: None }
[script livegdx765_0] interact UseOn { name: "Chisel", kind: "inv", target_name: Some("Uncut sapphire"), x: 0, z: 0, level: 0, index: None }
[script livegdx765_0] interact UseOn { name: "Chisel", kind: "inv", target_name: Some("Uncut sapphire"), x: 0, z: 0, level: 0, index: None }
[script livegdx765_0] interact UseOn { name: "Chisel", kind: "inv", target_name: Some("Uncut sapphire"), x: 0, z: 0, level: 0, index: None }
[script livegdx765_0] interact UseOn { name: "Chisel", kind: "inv", target_name: Some("Uncut sapphire"), x: 0, z: 0, level: 0, index: None }
[script livegdx765_0] interact UseOn { name: "Chisel", kind: "inv", target_name: Some("Uncut sapphire"), x: 0, z: 0, level: 0, index: None }
[script livegdx765_0] interact UseOn { name: "Chisel", kind: "inv", target_name: Some("Uncut sapphire"), x: 0, z: 0, level: 0, index: None }
[script livegdx765_0] interact UseOn { name: "Chisel", kind: "inv", target_name: Some("Uncut sapphire"), x: 0, z: 0, level: 0, index: None }
[host] slot livegdx765_0: d_loop_us=764 d_raster_us=0 d_observe_us=38640 max_observe_us=4005 d_paints=0 d_skips=50 d_ticks=2 window_ms=1210
[host] slot livegdx765_0: d_loop_us=962 d_raster_us=0 d_observe_us=51504 max_observe_us=6798 d_paints=0 d_skips=50 d_ticks=2 window_ms=1198
[script livegdx765_0] interact OpenBooth { x: 3186, z: 3440, level: 0, id: 2213, name: None, action: None }
[host] slot livegdx765_0: d_loop_us=1250 d_raster_us=0 d_observe_us=78173 max_observe_us=13741 d_paints=0 d_skips=50 d_ticks=2 window_ms=1170
[script livegdx765_0] bank opened, starting withdraw/deposit cycle
[script livegdx765_0] depositing inventory (keeping chisel)
[host] slot livegdx765_0: d_loop_us=1120 d_raster_us=0 d_observe_us=78296 max_observe_us=13802 d_paints=0 d_skips=50 d_ticks=2 window_ms=1189
[script livegdx765_0] trying to withdraw 27 Sapphire (have 0)
[script livegdx765_0] withdrew 1 Sapphire
[script livegdx765_0] got gems, closing bank
[script livegdx765_0] interact Close
[shim-close] sent
[host] slot livegdx765_0: d_loop_us=1182 d_raster_us=0 d_observe_us=66086 max_observe_us=13022 d_paints=0 d_skips=50 d_ticks=2 window_ms=1187
[script livegdx765_0] banked @ Bank booth: gave 0 items, took 1 uncut gems
[script livegdx765_0] interact UseOn { name: "Chisel", kind: "inv", target_name: Some("Uncut sapphire"), x: 0, z: 0, level: 0, index: None }
[script livegdx765_0] interact UseOn { name: "Chisel", kind: "inv", target_name: Some("Uncut sapphire"), x: 0, z: 0, level: 0, index: None }
[script livegdx765_0] interact UseOn { name: "Chisel", kind: "inv", target_name: Some("Uncut sapphire"), x: 0, z: 0, level: 0, index: None }
[script livegdx765_0] interact UseOn { name: "Chisel", kind: "inv", target_name: Some("Uncut sapphire"), x: 0, z: 0, level: 0, index: None }
[script livegdx765_0] interact UseOn { name: "Chisel", kind: "inv", target_name: Some("Uncut sapphire"), x: 0, z: 0, level: 0, index: None }
[script livegdx765_0] interact UseOn { name: "Chisel", kind: "inv", target_name: Some("Uncut sapphire"), x: 0, z: 0, level: 0, index: None }
[script livegdx765_0] interact UseOn { name: "Chisel", kind: "inv", target_name: Some("Uncut sapphire"), x: 0, z: 0, level: 0, index: None }
[script livegdx765_0] interact UseOn { name: "Chisel", kind: "inv", target_name: Some("Uncut sapphire"), x: 0, z: 0, level: 0, index: None }
[script livegdx765_0] interact UseOn { name: "Chisel", kind: "inv", target_name: Some("Uncut sapphire"), x: 0, z: 0, level: 0, index: None }
[script livegdx765_0] interact UseOn { name: "Chisel", kind: "inv", target_name: Some("Uncut sapphire"), x: 0, z: 0, level: 0, index: None }
[script livegdx765_0] interact UseOn { name: "Chisel", kind: "inv", target_name: Some("Uncut sapphire"), x: 0, z: 0, level: 0, index: None }
[script livegdx765_0] interact UseOn { name: "Chisel", kind: "inv", target_name: Some("Uncut sapphire"), x: 0, z: 0, level: 0, index: None }
[script livegdx765_0] interact UseOn { name: "Chisel", kind: "inv", target_name: Some("Uncut sapphire"), x: 0, z: 0, level: 0, index: None }
[script livegdx765_0] interact UseOn { name: "Chisel", kind: "inv", target_name: Some("Uncut sapphire"), x: 0, z: 0, level: 0, index: None }
[script livegdx765_0] interact UseOn { name: "Chisel", kind: "inv", target_name: Some("Uncut sapphire"), x: 0, z: 0, level: 0, index: None }
[script livegdx765_0] interact UseOn { name: "Chisel", kind: "inv", target_name: Some("Uncut sapphire"), x: 0, z: 0, level: 0, index: None }
[script livegdx765_0] interact UseOn { name: "Chisel", kind: "inv", target_name: Some("Uncut sapphire"), x: 0, z: 0, level: 0, index: None }
[script livegdx765_0] interact UseOn { name: "Chisel", kind: "inv", target_name: Some("Uncut sapphire"), x: 0, z: 0, level: 0, index: None }
[script livegdx765_0] interact UseOn { name: "Chisel", kind: "inv", target_name: Some("Uncut sapphire"), x: 0, z: 0, level: 0, index: None }
[script livegdx765_0] interact UseOn { name: "Chisel", kind: "inv", target_name: Some("Uncut sapphire"), x: 0, z: 0, level: 0, index: None }
[script livegdx765_0] interact UseOn { name: "Chisel", kind: "inv", target_name: Some("Uncut sapphire"), x: 0, z: 0, level: 0, index: None }
[script livegdx765_0] interact UseOn { name: "Chisel", kind: "inv", target_name: Some("Uncut sapphire"), x: 0, z: 0, level: 0, index: None }
[script livegdx765_0] interact UseOn { name: "Chisel", kind: "inv", target_name: Some("Uncut sapphire"), x: 0, z: 0, level: 0, index: None }
[script livegdx765_0] interact UseOn { name: "Chisel", kind: "inv", target_name: Some("Uncut sapphire"), x: 0, z: 0, level: 0, index: None }
[script livegdx765_0] interact UseOn { name: "Chisel", kind: "inv", target_name: Some("Uncut sapphire"), x: 0, z: 0, level: 0, index: None }
[script livegdx765_0] interact UseOn { name: "Chisel", kind: "inv", target_name: Some("Uncut sapphire"), x: 0, z: 0, level: 0, index: None }
[script livegdx765_0] interact UseOn { name: "Chisel", kind: "inv", target_name: Some("Uncut sapphire"), x: 0, z: 0, level: 0, index: None }
[script livegdx765_0] interact UseOn { name: "Chisel", kind: "inv", target_name: Some("Uncut sapphire"), x: 0, z: 0, level: 0, index: None }
[script livegdx765_0] interact UseOn { name: "Chisel", kind: "inv", target_name: Some("Uncut sapphire"), x: 0, z: 0, level: 0, index: None }
[script livegdx765_0] interact UseOn { name: "Chisel", kind: "inv", target_name: Some("Uncut sapphire"), x: 0, z: 0, level: 0, index: None }
[script livegdx765_0] interact UseOn { name: "Chisel", kind: "inv", target_name: Some("Uncut sapphire"), x: 0, z: 0, level: 0, index: None }
[script livegdx765_0] interact UseOn { name: "Chisel", kind: "inv", target_name: Some("Uncut sapphire"), x: 0, z: 0, level: 0, index: None }
[script livegdx765_0] interact UseOn { name: "Chisel", kind: "inv", target_name: Some("Uncut sapphire"), x: 0, z: 0, level: 0, index: None }
[script livegdx765_0] interact UseOn { name: "Chisel", kind: "inv", target_name: Some("Uncut sapphire"), x: 0, z: 0, level: 0, index: None }
[script livegdx765_0] interact UseOn { name: "Chisel", kind: "inv", target_name: Some("Uncut sapphire"), x: 0, z: 0, level: 0, index: None }
[script livegdx765_0] interact UseOn { name: "Chisel", kind: "inv", target_name: Some("Uncut sapphire"), x: 0, z: 0, level: 0, index: None }
[script livegdx765_0] interact UseOn { name: "Chisel", kind: "inv", target_name: Some("Uncut sapphire"), x: 0, z: 0, level: 0, index: None }
[script livegdx765_0] interact UseOn { name: "Chisel", kind: "inv", target_name: Some("Uncut sapphire"), x: 0, z: 0, level: 0, index: None }
[script livegdx765_0] interact UseOn { name: "Chisel", kind: "inv", target_name: Some("Uncut sapphire"), x: 0, z: 0, level: 0, index: None }
[script livegdx765_0] interact UseOn { name: "Chisel", kind: "inv", target_name: Some("Uncut sapphire"), x: 0, z: 0, level: 0, index: None }
[script livegdx765_0] interact UseOn { name: "Chisel", kind: "inv", target_name: Some("Uncut sapphire"), x: 0, z: 0, level: 0, index: None }
[script livegdx765_0] interact UseOn { name: "Chisel", kind: "inv", target_name: Some("Uncut sapphire"), x: 0, z: 0, level: 0, index: None }
[script livegdx765_0] interact UseOn { name: "Chisel", kind: "inv", target_name: Some("Uncut sapphire"), x: 0, z: 0, level: 0, index: None }
[script livegdx765_0] interact UseOn { name: "Chisel", kind: "inv", target_name: Some("Uncut sapphire"), x: 0, z: 0, level: 0, index: None }
[script livegdx765_0] interact UseOn { name: "Chisel", kind: "inv", target_name: Some("Uncut sapphire"), x: 0, z: 0, level: 0, index: None }
[script livegdx765_0] interact UseOn { name: "Chisel", kind: "inv", target_name: Some("Uncut sapphire"), x: 0, z: 0, level: 0, index: None }
[script livegdx765_0] interact UseOn { name: "Chisel", kind: "inv", target_name: Some("Uncut sapphire"), x: 0, z: 0, level: 0, index: None }
[script livegdx765_0] interact UseOn { name: "Chisel", kind: "inv", target_name: Some("Uncut sapphire"), x: 0, z: 0, level: 0, index: None }
[script livegdx765_0] interact UseOn { name: "Chisel", kind: "inv", target_name: Some("Uncut sapphire"), x: 0, z: 0, level: 0, index: None }
[script livegdx765_0] interact UseOn { name: "Chisel", kind: "inv", target_name: Some("Uncut sapphire"), x: 0, z: 0, level: 0, index: None }
[script livegdx765_0] interact UseOn { name: "Chisel", kind: "inv", target_name: Some("Uncut sapphire"), x: 0, z: 0, level: 0, index: None }
[script livegdx765_0] interact UseOn { name: "Chisel", kind: "inv", target_name: Some("Uncut sapphire"), x: 0, z: 0, level: 0, index: None }
[script livegdx765_0] interact UseOn { name: "Chisel", kind: "inv", target_name: Some("Uncut sapphire"), x: 0, z: 0, level: 0, index: None }
[script livegdx765_0] interact UseOn { name: "Chisel", kind: "inv", target_name: Some("Uncut sapphire"), x: 0, z: 0, level: 0, index: None }
[script livegdx765_0] interact UseOn { name: "Chisel", kind: "inv", target_name: Some("Uncut sapphire"), x: 0, z: 0, level: 0, index: None }
[script livegdx765_0] interact UseOn { name: "Chisel", kind: "inv", target_name: Some("Uncut sapphire"), x: 0, z: 0, level: 0, index: None }
[script livegdx765_0] interact UseOn { name: "Chisel", kind: "inv", target_name: Some("Uncut sapphire"), x: 0, z: 0, level: 0, index: None }
[script livegdx765_0] interact UseOn { name: "Chisel", kind: "inv", target_name: Some("Uncut sapphire"), x: 0, z: 0, level: 0, index: None }
[script livegdx765_0] interact UseOn { name: "Chisel", kind: "inv", target_name: Some("Uncut sapphire"), x: 0, z: 0, level: 0, index: None }
[script livegdx765_0] interact UseOn { name: "Chisel", kind: "inv", target_name: Some("Uncut sapphire"), x: 0, z: 0, level: 0, index: None }
[host] slot livegdx765_0: d_loop_us=1322 d_raster_us=0 d_observe_us=82242 max_observe_us=13629 d_paints=0 d_skips=50 d_ticks=2 window_ms=1185
PASS: catalog_boundary_live: {"scenario":"gem_cutter_named","runner":"Some(Evidence { scenario: \"gem_cutter_named\", outcome: \"PASS\", predicate: \"stat_xp_gain(12)>=2\", ticks: 177, elapsed_ms: 105910, message: None, tile: Some([3185, 3440, 0]), inv: [InvRow { id: 1755, name: Some(\"Chisel\"), count: 1 }, InvRow { id: 1607, name: Some(\"Sapphire\"), count: 1 }], stat: Some(StatRow { runenergy: 100 }), chat: [ChatRow { text: \"You cut the Sapphire.\", username: None }, ChatRow { text: \"You cut the Sapphire.\", username: None }, ChatRow { text: \"You cut the Sapphire.\", username: None }, ChatRow { text: \"You cut the Sapphire.\", username: None }, ChatRow { text: \"Congratulations, you just advanced a crafting level.\", username: None }, ChatRow { text: \"You cut the Sapphire.\", username: None }, ChatRow { text: \"You cut the Sapphire.\", username: None }, ChatRow { text: \"You cut the Sapphire.\", username: None }, ChatRow { text: \"You cut the Sapphire.\", username: None }, ChatRow { text: \"You cut the Sapphire.\", username: None }, ChatRow { text: \"You cut the Sapphire.\", username: None }, ChatRow { text: \"You cut the Sapphire.\", username: None }, ChatRow { text: \"You cut the Sapphire.\", username: None }, ChatRow { text: \"You cut the Sapphire.\", username: None }, ChatRow { text: \"You cut the Sapphire.\", username: None }, ChatRow { text: \"You cut the Sapphire.\", username: None }, ChatRow { text: \"You cut the Sapphire.\", username: None }, ChatRow { text: \"You cut the Sapphire.\", username: None }, ChatRow { text: \"Congratulations, you just advanced a crafting level.\", username: None }, ChatRow { text: \"You cut the Sapphire.\", username: None }, ChatRow { text: \"You cut the Sapphire.\", username: None }, ChatRow { text: \"You cut the Sapphire.\", username: None }, ChatRow { text: \"You cut the Sapphire.\", username: None }, ChatRow { text: \"You cut the Sapphire.\", username: None }, ChatRow { text: \"You cut the Sapphire.\", username: None }, ChatRow { text: \"You cut the Sapphire.\", username: None }, ChatRow { text: \"You cut the Sapphire.\", username: None }, ChatRow { text: \"You cut the Sapphire.\", username: None }, ChatRow { text: \"You cut the Sapphire.\", username: None }, ChatRow { text: \"You cut the Sapphire.\", username: None }, ChatRow { text: \"Inventory wiped.\", username: None }, ChatRow { text: \"set tutorial: to 1000\", username: None }, ChatRow { text: \"Welcome to RuneScape.\", username: None }], scene: 2 })","core":{"case":"gem_cutter_named","baseline":{"ingame":true,"scene_state":2,"player":"Livegdx765 0","tile":[3185,3440,0],"tick":29,"items":{},"item_ids":{},"bank":{},"bank_ids":{},"bank_open":false,"bank_loaded":false,"bank_generation":2,"levels":{"-unused-":0,"agility":1,"attack":1,"cooking":1,"crafting":20,"defence":1,"firemaking":1,"fishing":1,"fletching":1,"herblore":1,"hitpoints":10,"magic":1,"mining":1,"prayer":1,"ranged":1,"runecraft":1,"slayer":1,"smithing":1,"strength":1,"thieving":1,"woodcutting":1},"xp":{"-unused-":0,"agility":0,"attack":0,"cooking":0,"crafting":4470,"defence":0,"firemaking":0,"fishing":0,"fletching":0,"herblore":0,"hitpoints":1154,"magic":0,"mining":0,"prayer":0,"ranged":0,"runecraft":0,"slayer":0,"smithing":0,"strength":0,"thieving":0,"woodcutting":0},"chat":[[7,"Inventory wiped."],[6,"set tutorial: to 1000"],[5,"Welcome to RuneScape."]]},"latest":{"ingame":true,"scene_state":2,"player":"Livegdx765 0","tile":[3185,3440,0],"tick":135,"items":{"Chisel":1,"Sapphire":1},"item_ids":{"1607":1,"1755":1},"bank":{},"bank_ids":{},"bank_open":false,"bank_loaded":false,"bank_generation":6,"levels":{"-unused-":0,"agility":1,"attack":1,"cooking":1,"crafting":22,"defence":1,"firemaking":1,"fishing":1,"fletching":1,"herblore":1,"hitpoints":10,"magic":1,"mining":1,"prayer":1,"ranged":1,"runecraft":1,"slayer":1,"smithing":1,"strength":1,"thieving":1,"woodcutting":1},"xp":{"-unused-":0,"agility":0,"attack":0,"cooking":0,"crafting":5870,"defence":0,"firemaking":0,"fishing":0,"fletching":0,"herblore":0,"hitpoints":1154,"magic":0,"mining":0,"prayer":0,"ranged":0,"runecraft":0,"slayer":0,"smithing":0,"strength":0,"thieving":0,"woodcutting":0},"chat":[[37,"You cut the Sapphire."],[36,"You cut the Sapphire."],[35,"You cut the Sapphire."],[34,"You cut the Sapphire."],[33,"Congratulations, you just advanced a crafting level."],[32,"You cut the Sapphire."],[31,"You cut the Sapphire."],[30,"You cut the Sapphire."],[29,"You cut the Sapphire."],[28,"You cut the Sapphire."],[27,"You cut the Sapphire."],[26,"You cut the Sapphire."],[25,"You cut the Sapphire."],[24,"You cut the Sapphire."],[23,"You cut the Sapphire."],[22,"You cut the Sapphire."],[21,"You cut the Sapphire."],[20,"You cut the Sapphire."],[19,"Congratulations, you just advanced a crafting level."],[18,"You cut the Sapphire."],[17,"You cut the Sapphire."],[16,"You cut the Sapphire."],[15,"You cut the Sapphire."],[14,"You cut the Sapphire."],[13,"You cut the Sapphire."],[12,"You cut the Sapphire."],[11,"You cut the Sapphire."],[10,"You cut the Sapphire."],[9,"You cut the Sapphire."],[8,"You cut the Sapphire."],[7,"Inventory wiped."],[6,"set tutorial: to 1000"],[5,"Welcome to RuneScape."]]},"max_items":{"Chisel":1,"Sapphire":27,"Uncut sapphire":27},"max_xp":{"-unused-":0,"agility":0,"attack":0,"cooking":0,"crafting":5870,"defence":0,"firemaking":0,"fishing":0,"fletching":0,"herblore":0,"hitpoints":1154,"magic":0,"mining":0,"prayer":0,"ranged":0,"runecraft":0,"slayer":0,"smithing":0,"strength":0,"thieving":0,"woodcutting":0},"saw_bury_chat":false,"post_start_observations":2653,"bone_bank_cycle":{"first_batch_buried":false,"opened":null,"withdrawn":null,"buried_after_withdrawal":false},"bank_fletcher_cycle":{"first_pack_created":false,"deposited":null,"withdrawn":null,"crafted_after_withdrawal":false},"bank_fletcher_string_cycle":{"initial_pairs_strung":false,"deposited":null,"withdrawn":null,"strung_after_withdrawal":false},"bank_fletcher_cut_string_cycle":{"cut_pair_created":false,"deposited":null,"withdrawn":null,"string_pair_created":false},"alcher_generated_custom_cycle":{"withdrawn":null,"consumed":false},"dart_fletcher_cycle":{"first":null,"further":false,"wrong_tier":false},"herb_cleaner_cycle":{"first_pack":false,"deposited":null,"withdrawn":null,"cleaned_after_withdrawal":false,"filter_violated":false},"gem_cutter_cycle":{"first_pack":true,"deposited":{"ingame":true,"scene_state":2,"player":"Livegdx765 0","tile":[3185,3440,0],"tick":130,"items":{"Chisel":1},"item_ids":{"1755":1},"bank":{"Sapphire":27,"Uncut opal":4,"Uncut sapphire":1},"bank_ids":{"1607":27,"1623":1,"1625":4},"bank_open":true,"bank_loaded":true,"bank_generation":5,"levels":{"-unused-":0,"agility":1,"attack":1,"cooking":1,"crafting":22,"defence":1,"firemaking":1,"fishing":1,"fletching":1,"herblore":1,"hitpoints":10,"magic":1,"mining":1,"prayer":1,"ranged":1,"runecraft":1,"slayer":1,"smithing":1,"strength":1,"thieving":1,"woodcutting":1},"xp":{"-unused-":0,"agility":0,"attack":0,"cooking":0,"crafting":5820,"defence":0,"firemaking":0,"fishing":0,"fletching":0,"herblore":0,"hitpoints":1154,"magic":0,"mining":0,"prayer":0,"ranged":0,"runecraft":0,"slayer":0,"smithing":0,"strength":0,"thieving":0,"woodcutting":0},"chat":[[36,"You cut the Sapphire."],[35,"You cut the Sapphire."],[34,"You cut the Sapphire."],[33,"Congratulations, you just advanced a crafting level."],[32,"You cut the Sapphire."],[31,"You cut the Sapphire."],[30,"You cut the Sapphire."],[29,"You cut the Sapphire."],[28,"You cut the Sapphire."],[27,"You cut the Sapphire."],[26,"You cut the Sapphire."],[25,"You cut the Sapphire."],[24,"You cut the Sapphire."],[23,"You cut the Sapphire."],[22,"You cut the Sapphire."],[21,"You cut the Sapphire."],[20,"You cut the Sapphire."],[19,"Congratulations, you just advanced a crafting level."],[18,"You cut the Sapphire."],[17,"You cut the Sapphire."],[16,"You cut the Sapphire."],[15,"You cut the Sapphire."],[14,"You cut the Sapphire."],[13,"You cut the Sapphire."],[12,"You cut the Sapphire."],[11,"You cut the Sapphire."],[10,"You cut the Sapphire."],[9,"You cut the Sapphire."],[8,"You cut the Sapphire."],[7,"Inventory wiped."],[6,"set tutorial: to 1000"],[5,"Welcome to RuneScape."]]},"withdrawn":{"ingame":true,"scene_state":2,"player":"Livegdx765 0","tile":[3185,3440,0],"tick":132,"items":{"Chisel":1,"Uncut sapphire":1},"item_ids":{"1623":1,"1755":1},"bank":{"Sapphire":27,"Uncut opal":4},"bank_ids":{"1607":27,"1625":4},"bank_open":true,"bank_loaded":true,"bank_generation":5,"levels":{"-unused-":0,"agility":1,"attack":1,"cooking":1,"crafting":22,"defence":1,"firemaking":1,"fishing":1,"fletching":1,"herblore":1,"hitpoints":10,"magic":1,"mining":1,"prayer":1,"ranged":1,"runecraft":1,"slayer":1,"smithing":1,"strength":1,"thieving":1,"woodcutting":1},"xp":{"-unused-":0,"agility":0,"attack":0,"cooking":0,"crafting":5820,"defence":0,"firemaking":0,"fishing":0,"fletching":0,"herblore":0,"hitpoints":1154,"magic":0,"mining":0,"prayer":0,"ranged":0,"runecraft":0,"slayer":0,"smithing":0,"strength":0,"thieving":0,"woodcutting":0},"chat":[[36,"You cut the Sapphire."],[35,"You cut the Sapphire."],[34,"You cut the Sapphire."],[33,"Congratulations, you just advanced a crafting level."],[32,"You cut the Sapphire."],[31,"You cut the Sapphire."],[30,"You cut the Sapphire."],[29,"You cut the Sapphire."],[28,"You cut the Sapphire."],[27,"You cut the Sapphire."],[26,"You cut the Sapphire."],[25,"You cut the Sapphire."],[24,"You cut the Sapphire."],[23,"You cut the Sapphire."],[22,"You cut the Sapphire."],[21,"You cut the Sapphire."],[20,"You cut the Sapphire."],[19,"Congratulations, you just advanced a crafting level."],[18,"You cut the Sapphire."],[17,"You cut the Sapphire."],[16,"You cut the Sapphire."],[15,"You cut the Sapphire."],[14,"You cut the Sapphire."],[13,"You cut the Sapphire."],[12,"You cut the Sapphire."],[11,"You cut the Sapphire."],[10,"You cut the Sapphire."],[9,"You cut the Sapphire."],[8,"You cut the Sapphire."],[7,"Inventory wiped."],[6,"set tutorial: to 1000"],[5,"Welcome to RuneScape."]]},"cut_after_withdrawal":true,"filter_violated":false},"ordered_first_exhausted":false}}
test catalog_boundary_live ... ok

test result: ok. 1 passed; 0 failed; 0 ignored; 0 measured; 16 filtered out; finished in 130.68s

