
running 1 test
{"phase":"identity","revision":289,"profile":"local-289 · 127.0.0.1:44594 · revision 289","cache_id":"c4d8ab36bcfd2a7907535b4f619e28623b0a22e98d496fd2a9620d544c5b5b09","nav_pack":"/Users/acfrazier/experiments/274bot/.worktrees/rs2b0t-multirevision/.superpowers/world-capabilities/289/274bot.navpack","nav_sha256":"131db92e32eddcb08148909d477589544320fe7e34a422e8004e97e888032924","catalog_commit":"100adccc037d9f6898080e1cad58fcfc43364775","catalog_identity":"pre-289 frozen catalog","catalog_read_only_path":".superpowers/inputs/rs2b0t-100adccc037d9f6898080e1cad58fcfc43364775","catalog_root":"/Users/acfrazier/experiments/274bot/.worktrees/rs2b0t-multirevision/.superpowers/inputs/rs2b0t-100adccc037d9f6898080e1cad58fcfc43364775","registry_path":"/Users/acfrazier/experiments/274bot/.worktrees/rs2b0t-multirevision/.superpowers/inputs/rs2b0t-100adccc037d9f6898080e1cad58fcfc43364775/src/bot/scripts/index.ts","registry_sha256":"b614aedb3d5adfdfbac3760f082273f3cf5c33fffe4ced0f2b01490ae02d1bc2","card":{"card":"PotionMaker","source_path":"/Users/acfrazier/experiments/274bot/.worktrees/rs2b0t-multirevision/.superpowers/inputs/rs2b0t-100adccc037d9f6898080e1cad58fcfc43364775/src/bot/scripts/PotionMaker/PotionMaker.ts","source_sha256":"36704aa9951b18bcb27c16d5740577937757847209daa504b0df5ecd9e758beb","compiled_sha256":"7373464469d13fd33abf4aba136425d2b788c9623379ed83c00537b1edc034d7","siblings":[{"module":"/rs2b0t/bot/scripts/bot/PotionMakerLogic.js","compiled_sha256":"cbd2edc1ce4e4419db9e94ee5fadb5fee51eb2efbd7a4dedc8c5d47761f490c1"}],"settings":{"herbCustom":"Guam leaf","secondaryCustom":"Eye of newt","herb":"Custom","secondary":"Custom"}},"account":"liver8uhxy_0","engine_speed_ms":null}
[host-play] slot liver8uhxy_0: thread up
274bot: snapshot load skipped: read /Users/acfrazier/.274bot/unpack-289/37214163f1e6ceca/models.bin: No such file or directory (os error 2)
[host-play] slot liver8uhxy_0: handshake begin reconnect=false
[host-play] slot liver8uhxy_0: handshake ok
[host] slot liver8uhxy_0: d_loop_us=3500 d_raster_us=0 d_observe_us=35798 max_observe_us=2713 d_paints=0 d_skips=50 d_ticks=1 window_ms=0
[host-play] slot liver8uhxy_0: queued mainland tele+setvar (scene 2)
[host-play] slot liver8uhxy_0: handshake begin reconnect=true
[host-play] slot liver8uhxy_0: handshake ok
[host] slot liver8uhxy_0: d_loop_us=684 d_raster_us=0 d_observe_us=30173 max_observe_us=1935 d_paints=0 d_skips=50 d_ticks=1 window_ms=0
[host-play] slot liver8uhxy_0: queued mainland tele+setvar (scene 2)
[host] slot liver8uhxy_0: d_loop_us=16838 d_raster_us=0 d_observe_us=62105 max_observe_us=5347 d_paints=0 d_skips=50 d_ticks=22 window_ms=13746
{"phase":"baseline-after-preparation","scenario":"potion_maker","account":"liver8uhxy_0","observation":{"ingame":true,"scene_state":2,"player":"Liver8uhxy 0","tile":[3185,3440,0],"tick":32,"items":{},"item_ids":{},"bank":{},"bank_ids":{},"bank_open":false,"bank_loaded":false,"bank_generation":2,"levels":{"-unused-":0,"agility":1,"attack":1,"cooking":1,"crafting":1,"defence":1,"firemaking":1,"fishing":1,"fletching":1,"herblore":3,"hitpoints":10,"magic":1,"mining":1,"prayer":1,"ranged":1,"runecraft":1,"slayer":1,"smithing":1,"strength":1,"thieving":1,"woodcutting":1},"xp":{"-unused-":0,"agility":0,"attack":0,"cooking":0,"crafting":0,"defence":0,"firemaking":0,"fishing":0,"fletching":0,"herblore":174,"hitpoints":1154,"magic":0,"mining":0,"prayer":0,"ranged":0,"runecraft":0,"slayer":0,"smithing":0,"strength":0,"thieving":0,"woodcutting":0},"chat":[[8,"Inventory wiped."],[7,"set tutorial: to 1000"],[6,"Welcome to RuneScape."]],"loc_facts":[{"id":1533,"x":3183,"z":3434,"level":0,"name":"Door","open":true}],"equipment_ids":{}}}
[script liver8uhxy_0] start load
{"phase":"start","account":"liver8uhxy_0","count":1}
[host] hitch liver8uhxy_0: observe_us=88516 paints=0 skips=111 ticks=32
[script liver8uhxy_0] PotionMaker — Guam leaf + Eye of newt at the nearest bank
[script liver8uhxy_0] interact OpenBooth { x: 3186, z: 3440, level: 0, id: 2213, name: None, action: None }
[host] slot liver8uhxy_0: d_loop_us=1123 d_raster_us=0 d_observe_us=151083 max_observe_us=88516 d_paints=0 d_skips=50 d_ticks=11 window_ms=6356
[host] slot liver8uhxy_0: d_loop_us=843 d_raster_us=0 d_observe_us=50560 max_observe_us=8130 d_paints=0 d_skips=50 d_ticks=2 window_ms=1188
[host] slot liver8uhxy_0: d_loop_us=771 d_raster_us=0 d_observe_us=54036 max_observe_us=11021 d_paints=0 d_skips=50 d_ticks=2 window_ms=1196
[script liver8uhxy_0] interact Close
[shim-close] sent
[script liver8uhxy_0] withdrew 14 vials of water + 14 Guam leaf
[host] slot liver8uhxy_0: d_loop_us=714 d_raster_us=0 d_observe_us=53282 max_observe_us=11376 d_paints=0 d_skips=50 d_ticks=2 window_ms=1175
[script liver8uhxy_0] interact UseOn { name: "Guam leaf", kind: "inv", target_name: Some("Vial of water"), x: 0, z: 0, level: 0, index: None, source_item_id: Some(249), source_item_slot: Some(27), target_item_id: Some(227), target_item_slot: Some(13) }
[script liver8uhxy_0] interact UseOn { name: "Guam leaf", kind: "inv", target_name: Some("Vial of water"), x: 0, z: 0, level: 0, index: None, source_item_id: Some(249), source_item_slot: Some(27), target_item_id: Some(227), target_item_slot: Some(13) }
[script liver8uhxy_0] interact UseOn { name: "Guam leaf", kind: "inv", target_name: Some("Vial of water"), x: 0, z: 0, level: 0, index: None, source_item_id: Some(249), source_item_slot: Some(27), target_item_id: Some(227), target_item_slot: Some(13) }
[script liver8uhxy_0] interact UseOn { name: "Guam leaf", kind: "inv", target_name: Some("Vial of water"), x: 0, z: 0, level: 0, index: None, source_item_id: Some(249), source_item_slot: Some(27), target_item_id: Some(227), target_item_slot: Some(13) }
[script liver8uhxy_0] interact UseOn { name: "Guam leaf", kind: "inv", target_name: Some("Vial of water"), x: 0, z: 0, level: 0, index: None, source_item_id: Some(249), source_item_slot: Some(27), target_item_id: Some(227), target_item_slot: Some(13) }
[script liver8uhxy_0] interact UseOn { name: "Guam leaf", kind: "inv", target_name: Some("Vial of water"), x: 0, z: 0, level: 0, index: None, source_item_id: Some(249), source_item_slot: Some(27), target_item_id: Some(227), target_item_slot: Some(13) }
[script liver8uhxy_0] interact UseOn { name: "Guam leaf", kind: "inv", target_name: Some("Vial of water"), x: 0, z: 0, level: 0, index: None, source_item_id: Some(249), source_item_slot: Some(27), target_item_id: Some(227), target_item_slot: Some(13) }
[script liver8uhxy_0] interact UseOn { name: "Guam leaf", kind: "inv", target_name: Some("Vial of water"), x: 0, z: 0, level: 0, index: None, source_item_id: Some(249), source_item_slot: Some(27), target_item_id: Some(227), target_item_slot: Some(13) }
[script liver8uhxy_0] interact UseOn { name: "Guam leaf", kind: "inv", target_name: Some("Vial of water"), x: 0, z: 0, level: 0, index: None, source_item_id: Some(249), source_item_slot: Some(27), target_item_id: Some(227), target_item_slot: Some(13) }
[script liver8uhxy_0] interact UseOn { name: "Guam leaf", kind: "inv", target_name: Some("Vial of water"), x: 0, z: 0, level: 0, index: None, source_item_id: Some(249), source_item_slot: Some(27), target_item_id: Some(227), target_item_slot: Some(13) }
[script liver8uhxy_0] interact UseOn { name: "Guam leaf", kind: "inv", target_name: Some("Vial of water"), x: 0, z: 0, level: 0, index: None, source_item_id: Some(249), source_item_slot: Some(27), target_item_id: Some(227), target_item_slot: Some(13) }
[script liver8uhxy_0] interact UseOn { name: "Guam leaf", kind: "inv", target_name: Some("Vial of water"), x: 0, z: 0, level: 0, index: None, source_item_id: Some(249), source_item_slot: Some(27), target_item_id: Some(227), target_item_slot: Some(13) }
[script liver8uhxy_0] interact UseOn { name: "Guam leaf", kind: "inv", target_name: Some("Vial of water"), x: 0, z: 0, level: 0, index: None, source_item_id: Some(249), source_item_slot: Some(27), target_item_id: Some(227), target_item_slot: Some(13) }
[script liver8uhxy_0] interact UseOn { name: "Guam leaf", kind: "inv", target_name: Some("Vial of water"), x: 0, z: 0, level: 0, index: None, source_item_id: Some(249), source_item_slot: Some(27), target_item_id: Some(227), target_item_slot: Some(13) }
[script liver8uhxy_0] interact UseOn { name: "Guam leaf", kind: "inv", target_name: Some("Vial of water"), x: 0, z: 0, level: 0, index: None, source_item_id: Some(249), source_item_slot: Some(27), target_item_id: Some(227), target_item_slot: Some(13) }
[script liver8uhxy_0] interact UseOn { name: "Guam leaf", kind: "inv", target_name: Some("Vial of water"), x: 0, z: 0, level: 0, index: None, source_item_id: Some(249), source_item_slot: Some(27), target_item_id: Some(227), target_item_slot: Some(13) }
[script liver8uhxy_0] interact UseOn { name: "Guam leaf", kind: "inv", target_name: Some("Vial of water"), x: 0, z: 0, level: 0, index: None, source_item_id: Some(249), source_item_slot: Some(27), target_item_id: Some(227), target_item_slot: Some(13) }
[script liver8uhxy_0] interact UseOn { name: "Guam leaf", kind: "inv", target_name: Some("Vial of water"), x: 0, z: 0, level: 0, index: None, source_item_id: Some(249), source_item_slot: Some(27), target_item_id: Some(227), target_item_slot: Some(13) }
[script liver8uhxy_0] interact UseOn { name: "Guam leaf", kind: "inv", target_name: Some("Vial of water"), x: 0, z: 0, level: 0, index: None, source_item_id: Some(249), source_item_slot: Some(27), target_item_id: Some(227), target_item_slot: Some(13) }
[script liver8uhxy_0] interact UseOn { name: "Guam leaf", kind: "inv", target_name: Some("Vial of water"), x: 0, z: 0, level: 0, index: None, source_item_id: Some(249), source_item_slot: Some(27), target_item_id: Some(227), target_item_slot: Some(13) }
[script liver8uhxy_0] interact UseOn { name: "Guam leaf", kind: "inv", target_name: Some("Vial of water"), x: 0, z: 0, level: 0, index: None, source_item_id: Some(249), source_item_slot: Some(27), target_item_id: Some(227), target_item_slot: Some(13) }
[script liver8uhxy_0] interact UseOn { name: "Guam leaf", kind: "inv", target_name: Some("Vial of water"), x: 0, z: 0, level: 0, index: None, source_item_id: Some(249), source_item_slot: Some(27), target_item_id: Some(227), target_item_slot: Some(13) }
[script liver8uhxy_0] interact UseOn { name: "Guam leaf", kind: "inv", target_name: Some("Vial of water"), x: 0, z: 0, level: 0, index: None, source_item_id: Some(249), source_item_slot: Some(27), target_item_id: Some(227), target_item_slot: Some(13) }
[script liver8uhxy_0] interact UseOn { name: "Guam leaf", kind: "inv", target_name: Some("Vial of water"), x: 0, z: 0, level: 0, index: None, source_item_id: Some(249), source_item_slot: Some(27), target_item_id: Some(227), target_item_slot: Some(13) }
[script liver8uhxy_0] interact UseOn { name: "Guam leaf", kind: "inv", target_name: Some("Vial of water"), x: 0, z: 0, level: 0, index: None, source_item_id: Some(249), source_item_slot: Some(27), target_item_id: Some(227), target_item_slot: Some(13) }
[script liver8uhxy_0] interact UseOn { name: "Guam leaf", kind: "inv", target_name: Some("Vial of water"), x: 0, z: 0, level: 0, index: None, source_item_id: Some(249), source_item_slot: Some(27), target_item_id: Some(227), target_item_slot: Some(13) }
[script liver8uhxy_0] interact UseOn { name: "Guam leaf", kind: "inv", target_name: Some("Vial of water"), x: 0, z: 0, level: 0, index: None, source_item_id: Some(249), source_item_slot: Some(27), target_item_id: Some(227), target_item_slot: Some(13) }
[script liver8uhxy_0] interact UseOn { name: "Guam leaf", kind: "inv", target_name: Some("Vial of water"), x: 0, z: 0, level: 0, index: None, source_item_id: Some(249), source_item_slot: Some(27), target_item_id: Some(227), target_item_slot: Some(13) }
[script liver8uhxy_0] interact UseOn { name: "Guam leaf", kind: "inv", target_name: Some("Vial of water"), x: 0, z: 0, level: 0, index: None, source_item_id: Some(249), source_item_slot: Some(27), target_item_id: Some(227), target_item_slot: Some(13) }
[script liver8uhxy_0] interact UseOn { name: "Guam leaf", kind: "inv", target_name: Some("Vial of water"), x: 0, z: 0, level: 0, index: None, source_item_id: Some(249), source_item_slot: Some(27), target_item_id: Some(227), target_item_slot: Some(13) }
[script liver8uhxy_0] interact UseOn { name: "Guam leaf", kind: "inv", target_name: Some("Vial of water"), x: 0, z: 0, level: 0, index: None, source_item_id: Some(249), source_item_slot: Some(27), target_item_id: Some(227), target_item_slot: Some(13) }
[script liver8uhxy_0] interact UseOn { name: "Guam leaf", kind: "inv", target_name: Some("Vial of water"), x: 0, z: 0, level: 0, index: None, source_item_id: Some(249), source_item_slot: Some(27), target_item_id: Some(227), target_item_slot: Some(13) }
[script liver8uhxy_0] interact UseOn { name: "Guam leaf", kind: "inv", target_name: Some("Vial of water"), x: 0, z: 0, level: 0, index: None, source_item_id: Some(249), source_item_slot: Some(27), target_item_id: Some(227), target_item_slot: Some(13) }
[script liver8uhxy_0] interact UseOn { name: "Guam leaf", kind: "inv", target_name: Some("Vial of water"), x: 0, z: 0, level: 0, index: None, source_item_id: Some(249), source_item_slot: Some(27), target_item_id: Some(227), target_item_slot: Some(13) }
[script liver8uhxy_0] interact UseOn { name: "Guam leaf", kind: "inv", target_name: Some("Vial of water"), x: 0, z: 0, level: 0, index: None, source_item_id: Some(249), source_item_slot: Some(27), target_item_id: Some(227), target_item_slot: Some(13) }
[script liver8uhxy_0] interact UseOn { name: "Guam leaf", kind: "inv", target_name: Some("Vial of water"), x: 0, z: 0, level: 0, index: None, source_item_id: Some(249), source_item_slot: Some(27), target_item_id: Some(227), target_item_slot: Some(13) }
[script liver8uhxy_0] interact UseOn { name: "Guam leaf", kind: "inv", target_name: Some("Vial of water"), x: 0, z: 0, level: 0, index: None, source_item_id: Some(249), source_item_slot: Some(27), target_item_id: Some(227), target_item_slot: Some(13) }
[script liver8uhxy_0] interact UseOn { name: "Guam leaf", kind: "inv", target_name: Some("Vial of water"), x: 0, z: 0, level: 0, index: None, source_item_id: Some(249), source_item_slot: Some(27), target_item_id: Some(227), target_item_slot: Some(13) }
[script liver8uhxy_0] interact UseOn { name: "Guam leaf", kind: "inv", target_name: Some("Vial of water"), x: 0, z: 0, level: 0, index: None, source_item_id: Some(249), source_item_slot: Some(27), target_item_id: Some(227), target_item_slot: Some(13) }
[script liver8uhxy_0] interact UseOn { name: "Guam leaf", kind: "inv", target_name: Some("Vial of water"), x: 0, z: 0, level: 0, index: None, source_item_id: Some(249), source_item_slot: Some(27), target_item_id: Some(227), target_item_slot: Some(13) }
[script liver8uhxy_0] interact UseOn { name: "Guam leaf", kind: "inv", target_name: Some("Vial of water"), x: 0, z: 0, level: 0, index: None, source_item_id: Some(249), source_item_slot: Some(27), target_item_id: Some(227), target_item_slot: Some(13) }
[script liver8uhxy_0] interact UseOn { name: "Guam leaf", kind: "inv", target_name: Some("Vial of water"), x: 0, z: 0, level: 0, index: None, source_item_id: Some(249), source_item_slot: Some(27), target_item_id: Some(227), target_item_slot: Some(13) }
[script liver8uhxy_0] interact UseOn { name: "Guam leaf", kind: "inv", target_name: Some("Vial of water"), x: 0, z: 0, level: 0, index: None, source_item_id: Some(249), source_item_slot: Some(27), target_item_id: Some(227), target_item_slot: Some(13) }
[script liver8uhxy_0] interact UseOn { name: "Guam leaf", kind: "inv", target_name: Some("Vial of water"), x: 0, z: 0, level: 0, index: None, source_item_id: Some(249), source_item_slot: Some(27), target_item_id: Some(227), target_item_slot: Some(13) }
[script liver8uhxy_0] interact UseOn { name: "Guam leaf", kind: "inv", target_name: Some("Vial of water"), x: 0, z: 0, level: 0, index: None, source_item_id: Some(249), source_item_slot: Some(27), target_item_id: Some(227), target_item_slot: Some(13) }
[script liver8uhxy_0] interact UseOn { name: "Guam leaf", kind: "inv", target_name: Some("Vial of water"), x: 0, z: 0, level: 0, index: None, source_item_id: Some(249), source_item_slot: Some(27), target_item_id: Some(227), target_item_slot: Some(13) }
[script liver8uhxy_0] interact UseOn { name: "Guam leaf", kind: "inv", target_name: Some("Vial of water"), x: 0, z: 0, level: 0, index: None, source_item_id: Some(249), source_item_slot: Some(27), target_item_id: Some(227), target_item_slot: Some(13) }
[script liver8uhxy_0] interact UseOn { name: "Guam leaf", kind: "inv", target_name: Some("Vial of water"), x: 0, z: 0, level: 0, index: None, source_item_id: Some(249), source_item_slot: Some(27), target_item_id: Some(227), target_item_slot: Some(13) }
[script liver8uhxy_0] interact UseOn { name: "Guam leaf", kind: "inv", target_name: Some("Vial of water"), x: 0, z: 0, level: 0, index: None, source_item_id: Some(249), source_item_slot: Some(27), target_item_id: Some(227), target_item_slot: Some(13) }
[script liver8uhxy_0] interact UseOn { name: "Guam leaf", kind: "inv", target_name: Some("Vial of water"), x: 0, z: 0, level: 0, index: None, source_item_id: Some(249), source_item_slot: Some(27), target_item_id: Some(227), target_item_slot: Some(13) }
[script liver8uhxy_0] interact UseOn { name: "Guam leaf", kind: "inv", target_name: Some("Vial of water"), x: 0, z: 0, level: 0, index: None, source_item_id: Some(249), source_item_slot: Some(27), target_item_id: Some(227), target_item_slot: Some(13) }
[script liver8uhxy_0] interact UseOn { name: "Guam leaf", kind: "inv", target_name: Some("Vial of water"), x: 0, z: 0, level: 0, index: None, source_item_id: Some(249), source_item_slot: Some(27), target_item_id: Some(227), target_item_slot: Some(13) }
[script liver8uhxy_0] interact UseOn { name: "Guam leaf", kind: "inv", target_name: Some("Vial of water"), x: 0, z: 0, level: 0, index: None, source_item_id: Some(249), source_item_slot: Some(27), target_item_id: Some(227), target_item_slot: Some(13) }
[script liver8uhxy_0] interact UseOn { name: "Guam leaf", kind: "inv", target_name: Some("Vial of water"), x: 0, z: 0, level: 0, index: None, source_item_id: Some(249), source_item_slot: Some(27), target_item_id: Some(227), target_item_slot: Some(13) }
[script liver8uhxy_0] interact UseOn { name: "Guam leaf", kind: "inv", target_name: Some("Vial of water"), x: 0, z: 0, level: 0, index: None, source_item_id: Some(249), source_item_slot: Some(27), target_item_id: Some(227), target_item_slot: Some(13) }
[script liver8uhxy_0] interact UseOn { name: "Guam leaf", kind: "inv", target_name: Some("Vial of water"), x: 0, z: 0, level: 0, index: None, source_item_id: Some(249), source_item_slot: Some(27), target_item_id: Some(227), target_item_slot: Some(13) }
[host] slot liver8uhxy_0: d_loop_us=779 d_raster_us=0 d_observe_us=54257 max_observe_us=10491 d_paints=0 d_skips=50 d_ticks=2 window_ms=1191
[host] slot liver8uhxy_0: d_loop_us=794 d_raster_us=0 d_observe_us=55715 max_observe_us=10940 d_paints=0 d_skips=50 d_ticks=2 window_ms=1174
[script liver8uhxy_0] interact OpenBooth { x: 3186, z: 3440, level: 0, id: 2213, name: None, action: None }
[host] slot liver8uhxy_0: d_loop_us=805 d_raster_us=0 d_observe_us=47900 max_observe_us=8306 d_paints=0 d_skips=50 d_ticks=2 window_ms=1197
[host] slot liver8uhxy_0: d_loop_us=800 d_raster_us=0 d_observe_us=58311 max_observe_us=11997 d_paints=0 d_skips=50 d_ticks=2 window_ms=1172
[script liver8uhxy_0] interact Close
[shim-close] sent
[host] slot liver8uhxy_0: d_loop_us=840 d_raster_us=0 d_observe_us=58330 max_observe_us=11575 d_paints=0 d_skips=50 d_ticks=2 window_ms=1184
[script liver8uhxy_0] interact UseOn { name: "Eye of newt", kind: "inv", target_name: Some("Unfinished potion"), x: 0, z: 0, level: 0, index: None, source_item_id: Some(221), source_item_slot: Some(27), target_item_id: Some(91), target_item_slot: Some(13) }
[script liver8uhxy_0] interact UseOn { name: "Eye of newt", kind: "inv", target_name: Some("Unfinished potion"), x: 0, z: 0, level: 0, index: None, source_item_id: Some(221), source_item_slot: Some(27), target_item_id: Some(91), target_item_slot: Some(13) }
[script liver8uhxy_0] interact UseOn { name: "Eye of newt", kind: "inv", target_name: Some("Unfinished potion"), x: 0, z: 0, level: 0, index: None, source_item_id: Some(221), source_item_slot: Some(27), target_item_id: Some(91), target_item_slot: Some(13) }
[script liver8uhxy_0] interact UseOn { name: "Eye of newt", kind: "inv", target_name: Some("Unfinished potion"), x: 0, z: 0, level: 0, index: None, source_item_id: Some(221), source_item_slot: Some(27), target_item_id: Some(91), target_item_slot: Some(13) }
[script liver8uhxy_0] interact UseOn { name: "Eye of newt", kind: "inv", target_name: Some("Unfinished potion"), x: 0, z: 0, level: 0, index: None, source_item_id: Some(221), source_item_slot: Some(27), target_item_id: Some(91), target_item_slot: Some(13) }
[script liver8uhxy_0] interact UseOn { name: "Eye of newt", kind: "inv", target_name: Some("Unfinished potion"), x: 0, z: 0, level: 0, index: None, source_item_id: Some(221), source_item_slot: Some(27), target_item_id: Some(91), target_item_slot: Some(13) }
[script liver8uhxy_0] interact UseOn { name: "Eye of newt", kind: "inv", target_name: Some("Unfinished potion"), x: 0, z: 0, level: 0, index: None, source_item_id: Some(221), source_item_slot: Some(27), target_item_id: Some(91), target_item_slot: Some(13) }
[script liver8uhxy_0] interact UseOn { name: "Eye of newt", kind: "inv", target_name: Some("Unfinished potion"), x: 0, z: 0, level: 0, index: None, source_item_id: Some(221), source_item_slot: Some(27), target_item_id: Some(91), target_item_slot: Some(13) }
[script liver8uhxy_0] interact UseOn { name: "Eye of newt", kind: "inv", target_name: Some("Unfinished potion"), x: 0, z: 0, level: 0, index: None, source_item_id: Some(221), source_item_slot: Some(27), target_item_id: Some(91), target_item_slot: Some(13) }
[script liver8uhxy_0] interact UseOn { name: "Eye of newt", kind: "inv", target_name: Some("Unfinished potion"), x: 0, z: 0, level: 0, index: None, source_item_id: Some(221), source_item_slot: Some(27), target_item_id: Some(91), target_item_slot: Some(13) }
[script liver8uhxy_0] interact UseOn { name: "Eye of newt", kind: "inv", target_name: Some("Unfinished potion"), x: 0, z: 0, level: 0, index: None, source_item_id: Some(221), source_item_slot: Some(27), target_item_id: Some(91), target_item_slot: Some(13) }
[script liver8uhxy_0] interact UseOn { name: "Eye of newt", kind: "inv", target_name: Some("Unfinished potion"), x: 0, z: 0, level: 0, index: None, source_item_id: Some(221), source_item_slot: Some(27), target_item_id: Some(91), target_item_slot: Some(13) }
[script liver8uhxy_0] interact UseOn { name: "Eye of newt", kind: "inv", target_name: Some("Unfinished potion"), x: 0, z: 0, level: 0, index: None, source_item_id: Some(221), source_item_slot: Some(27), target_item_id: Some(91), target_item_slot: Some(13) }
[script liver8uhxy_0] interact UseOn { name: "Eye of newt", kind: "inv", target_name: Some("Unfinished potion"), x: 0, z: 0, level: 0, index: None, source_item_id: Some(221), source_item_slot: Some(27), target_item_id: Some(91), target_item_slot: Some(13) }
[script liver8uhxy_0] interact UseOn { name: "Eye of newt", kind: "inv", target_name: Some("Unfinished potion"), x: 0, z: 0, level: 0, index: None, source_item_id: Some(221), source_item_slot: Some(27), target_item_id: Some(91), target_item_slot: Some(13) }
[script liver8uhxy_0] interact UseOn { name: "Eye of newt", kind: "inv", target_name: Some("Unfinished potion"), x: 0, z: 0, level: 0, index: None, source_item_id: Some(221), source_item_slot: Some(27), target_item_id: Some(91), target_item_slot: Some(13) }
[script liver8uhxy_0] interact UseOn { name: "Eye of newt", kind: "inv", target_name: Some("Unfinished potion"), x: 0, z: 0, level: 0, index: None, source_item_id: Some(221), source_item_slot: Some(27), target_item_id: Some(91), target_item_slot: Some(13) }
[script liver8uhxy_0] interact UseOn { name: "Eye of newt", kind: "inv", target_name: Some("Unfinished potion"), x: 0, z: 0, level: 0, index: None, source_item_id: Some(221), source_item_slot: Some(27), target_item_id: Some(91), target_item_slot: Some(13) }
[script liver8uhxy_0] interact UseOn { name: "Eye of newt", kind: "inv", target_name: Some("Unfinished potion"), x: 0, z: 0, level: 0, index: None, source_item_id: Some(221), source_item_slot: Some(27), target_item_id: Some(91), target_item_slot: Some(13) }
[script liver8uhxy_0] interact UseOn { name: "Eye of newt", kind: "inv", target_name: Some("Unfinished potion"), x: 0, z: 0, level: 0, index: None, source_item_id: Some(221), source_item_slot: Some(27), target_item_id: Some(91), target_item_slot: Some(13) }
[script liver8uhxy_0] interact UseOn { name: "Eye of newt", kind: "inv", target_name: Some("Unfinished potion"), x: 0, z: 0, level: 0, index: None, source_item_id: Some(221), source_item_slot: Some(27), target_item_id: Some(91), target_item_slot: Some(13) }
[script liver8uhxy_0] interact UseOn { name: "Eye of newt", kind: "inv", target_name: Some("Unfinished potion"), x: 0, z: 0, level: 0, index: None, source_item_id: Some(221), source_item_slot: Some(27), target_item_id: Some(91), target_item_slot: Some(13) }
[script liver8uhxy_0] interact UseOn { name: "Eye of newt", kind: "inv", target_name: Some("Unfinished potion"), x: 0, z: 0, level: 0, index: None, source_item_id: Some(221), source_item_slot: Some(27), target_item_id: Some(91), target_item_slot: Some(13) }
[script liver8uhxy_0] interact UseOn { name: "Eye of newt", kind: "inv", target_name: Some("Unfinished potion"), x: 0, z: 0, level: 0, index: None, source_item_id: Some(221), source_item_slot: Some(27), target_item_id: Some(91), target_item_slot: Some(13) }
[script liver8uhxy_0] interact UseOn { name: "Eye of newt", kind: "inv", target_name: Some("Unfinished potion"), x: 0, z: 0, level: 0, index: None, source_item_id: Some(221), source_item_slot: Some(27), target_item_id: Some(91), target_item_slot: Some(13) }
[script liver8uhxy_0] interact UseOn { name: "Eye of newt", kind: "inv", target_name: Some("Unfinished potion"), x: 0, z: 0, level: 0, index: None, source_item_id: Some(221), source_item_slot: Some(27), target_item_id: Some(91), target_item_slot: Some(13) }
[script liver8uhxy_0] interact UseOn { name: "Eye of newt", kind: "inv", target_name: Some("Unfinished potion"), x: 0, z: 0, level: 0, index: None, source_item_id: Some(221), source_item_slot: Some(27), target_item_id: Some(91), target_item_slot: Some(13) }
[script liver8uhxy_0] interact UseOn { name: "Eye of newt", kind: "inv", target_name: Some("Unfinished potion"), x: 0, z: 0, level: 0, index: None, source_item_id: Some(221), source_item_slot: Some(27), target_item_id: Some(91), target_item_slot: Some(13) }
[script liver8uhxy_0] interact UseOn { name: "Eye of newt", kind: "inv", target_name: Some("Unfinished potion"), x: 0, z: 0, level: 0, index: None, source_item_id: Some(221), source_item_slot: Some(27), target_item_id: Some(91), target_item_slot: Some(13) }
[script liver8uhxy_0] interact UseOn { name: "Eye of newt", kind: "inv", target_name: Some("Unfinished potion"), x: 0, z: 0, level: 0, index: None, source_item_id: Some(221), source_item_slot: Some(27), target_item_id: Some(91), target_item_slot: Some(13) }
[script liver8uhxy_0] interact UseOn { name: "Eye of newt", kind: "inv", target_name: Some("Unfinished potion"), x: 0, z: 0, level: 0, index: None, source_item_id: Some(221), source_item_slot: Some(27), target_item_id: Some(91), target_item_slot: Some(13) }
[script liver8uhxy_0] interact UseOn { name: "Eye of newt", kind: "inv", target_name: Some("Unfinished potion"), x: 0, z: 0, level: 0, index: None, source_item_id: Some(221), source_item_slot: Some(27), target_item_id: Some(91), target_item_slot: Some(13) }
[script liver8uhxy_0] interact UseOn { name: "Eye of newt", kind: "inv", target_name: Some("Unfinished potion"), x: 0, z: 0, level: 0, index: None, source_item_id: Some(221), source_item_slot: Some(27), target_item_id: Some(91), target_item_slot: Some(13) }
[script liver8uhxy_0] interact UseOn { name: "Eye of newt", kind: "inv", target_name: Some("Unfinished potion"), x: 0, z: 0, level: 0, index: None, source_item_id: Some(221), source_item_slot: Some(27), target_item_id: Some(91), target_item_slot: Some(13) }
[script liver8uhxy_0] interact UseOn { name: "Eye of newt", kind: "inv", target_name: Some("Unfinished potion"), x: 0, z: 0, level: 0, index: None, source_item_id: Some(221), source_item_slot: Some(27), target_item_id: Some(91), target_item_slot: Some(13) }
[script liver8uhxy_0] interact UseOn { name: "Eye of newt", kind: "inv", target_name: Some("Unfinished potion"), x: 0, z: 0, level: 0, index: None, source_item_id: Some(221), source_item_slot: Some(27), target_item_id: Some(91), target_item_slot: Some(13) }
[script liver8uhxy_0] interact UseOn { name: "Eye of newt", kind: "inv", target_name: Some("Unfinished potion"), x: 0, z: 0, level: 0, index: None, source_item_id: Some(221), source_item_slot: Some(27), target_item_id: Some(91), target_item_slot: Some(13) }
[script liver8uhxy_0] interact UseOn { name: "Eye of newt", kind: "inv", target_name: Some("Unfinished potion"), x: 0, z: 0, level: 0, index: None, source_item_id: Some(221), source_item_slot: Some(27), target_item_id: Some(91), target_item_slot: Some(13) }
[script liver8uhxy_0] interact UseOn { name: "Eye of newt", kind: "inv", target_name: Some("Unfinished potion"), x: 0, z: 0, level: 0, index: None, source_item_id: Some(221), source_item_slot: Some(27), target_item_id: Some(91), target_item_slot: Some(13) }
[script liver8uhxy_0] interact UseOn { name: "Eye of newt", kind: "inv", target_name: Some("Unfinished potion"), x: 0, z: 0, level: 0, index: None, source_item_id: Some(221), source_item_slot: Some(27), target_item_id: Some(91), target_item_slot: Some(13) }
[script liver8uhxy_0] interact UseOn { name: "Eye of newt", kind: "inv", target_name: Some("Unfinished potion"), x: 0, z: 0, level: 0, index: None, source_item_id: Some(221), source_item_slot: Some(27), target_item_id: Some(91), target_item_slot: Some(13) }
[script liver8uhxy_0] interact UseOn { name: "Eye of newt", kind: "inv", target_name: Some("Unfinished potion"), x: 0, z: 0, level: 0, index: None, source_item_id: Some(221), source_item_slot: Some(27), target_item_id: Some(91), target_item_slot: Some(13) }
[script liver8uhxy_0] interact UseOn { name: "Eye of newt", kind: "inv", target_name: Some("Unfinished potion"), x: 0, z: 0, level: 0, index: None, source_item_id: Some(221), source_item_slot: Some(27), target_item_id: Some(91), target_item_slot: Some(13) }
[script liver8uhxy_0] interact UseOn { name: "Eye of newt", kind: "inv", target_name: Some("Unfinished potion"), x: 0, z: 0, level: 0, index: None, source_item_id: Some(221), source_item_slot: Some(27), target_item_id: Some(91), target_item_slot: Some(13) }
[script liver8uhxy_0] interact UseOn { name: "Eye of newt", kind: "inv", target_name: Some("Unfinished potion"), x: 0, z: 0, level: 0, index: None, source_item_id: Some(221), source_item_slot: Some(27), target_item_id: Some(91), target_item_slot: Some(13) }
[script liver8uhxy_0] interact UseOn { name: "Eye of newt", kind: "inv", target_name: Some("Unfinished potion"), x: 0, z: 0, level: 0, index: None, source_item_id: Some(221), source_item_slot: Some(27), target_item_id: Some(91), target_item_slot: Some(13) }
[script liver8uhxy_0] interact UseOn { name: "Eye of newt", kind: "inv", target_name: Some("Unfinished potion"), x: 0, z: 0, level: 0, index: None, source_item_id: Some(221), source_item_slot: Some(27), target_item_id: Some(91), target_item_slot: Some(13) }
[script liver8uhxy_0] interact UseOn { name: "Eye of newt", kind: "inv", target_name: Some("Unfinished potion"), x: 0, z: 0, level: 0, index: None, source_item_id: Some(221), source_item_slot: Some(27), target_item_id: Some(91), target_item_slot: Some(13) }
[script liver8uhxy_0] interact UseOn { name: "Eye of newt", kind: "inv", target_name: Some("Unfinished potion"), x: 0, z: 0, level: 0, index: None, source_item_id: Some(221), source_item_slot: Some(27), target_item_id: Some(91), target_item_slot: Some(13) }
[script liver8uhxy_0] interact UseOn { name: "Eye of newt", kind: "inv", target_name: Some("Unfinished potion"), x: 0, z: 0, level: 0, index: None, source_item_id: Some(221), source_item_slot: Some(27), target_item_id: Some(91), target_item_slot: Some(13) }
[script liver8uhxy_0] interact UseOn { name: "Eye of newt", kind: "inv", target_name: Some("Unfinished potion"), x: 0, z: 0, level: 0, index: None, source_item_id: Some(221), source_item_slot: Some(27), target_item_id: Some(91), target_item_slot: Some(13) }
[script liver8uhxy_0] interact UseOn { name: "Eye of newt", kind: "inv", target_name: Some("Unfinished potion"), x: 0, z: 0, level: 0, index: None, source_item_id: Some(221), source_item_slot: Some(27), target_item_id: Some(91), target_item_slot: Some(13) }
[script liver8uhxy_0] interact UseOn { name: "Eye of newt", kind: "inv", target_name: Some("Unfinished potion"), x: 0, z: 0, level: 0, index: None, source_item_id: Some(221), source_item_slot: Some(27), target_item_id: Some(91), target_item_slot: Some(13) }
[script liver8uhxy_0] interact UseOn { name: "Eye of newt", kind: "inv", target_name: Some("Unfinished potion"), x: 0, z: 0, level: 0, index: None, source_item_id: Some(221), source_item_slot: Some(27), target_item_id: Some(91), target_item_slot: Some(13) }
[script liver8uhxy_0] interact UseOn { name: "Eye of newt", kind: "inv", target_name: Some("Unfinished potion"), x: 0, z: 0, level: 0, index: None, source_item_id: Some(221), source_item_slot: Some(27), target_item_id: Some(91), target_item_slot: Some(13) }
[script liver8uhxy_0] interact UseOn { name: "Eye of newt", kind: "inv", target_name: Some("Unfinished potion"), x: 0, z: 0, level: 0, index: None, source_item_id: Some(221), source_item_slot: Some(27), target_item_id: Some(91), target_item_slot: Some(13) }
[host] slot liver8uhxy_0: d_loop_us=966 d_raster_us=0 d_observe_us=66460 max_observe_us=11402 d_paints=0 d_skips=50 d_ticks=2 window_ms=1189
[script liver8uhxy_0] interact OpenBooth { x: 3186, z: 3440, level: 0, id: 2213, name: None, action: None }
[host] slot liver8uhxy_0: d_loop_us=997 d_raster_us=0 d_observe_us=65495 max_observe_us=11163 d_paints=0 d_skips=50 d_ticks=2 window_ms=1173
[host] slot liver8uhxy_0: d_loop_us=920 d_raster_us=0 d_observe_us=55512 max_observe_us=10871 d_paints=0 d_skips=50 d_ticks=2 window_ms=1183
[host] slot liver8uhxy_0: d_loop_us=925 d_raster_us=0 d_observe_us=55835 max_observe_us=12129 d_paints=0 d_skips=50 d_ticks=2 window_ms=1183
[host] slot liver8uhxy_0: d_loop_us=906 d_raster_us=0 d_observe_us=53279 max_observe_us=9171 d_paints=0 d_skips=50 d_ticks=2 window_ms=1167
[host] slot liver8uhxy_0: d_loop_us=878 d_raster_us=0 d_observe_us=56041 max_observe_us=8745 d_paints=0 d_skips=50 d_ticks=2 window_ms=1166
[host] slot liver8uhxy_0: d_loop_us=838 d_raster_us=0 d_observe_us=54835 max_observe_us=10967 d_paints=0 d_skips=50 d_ticks=2 window_ms=1190
[script liver8uhxy_0] interact Close
[shim-close] sent
[host] slot liver8uhxy_0: d_loop_us=828 d_raster_us=0 d_observe_us=58908 max_observe_us=12065 d_paints=0 d_skips=50 d_ticks=2 window_ms=1189
[script liver8uhxy_0] withdrew 14 vials of water + 14 Guam leaf
[host] slot liver8uhxy_0: d_loop_us=846 d_raster_us=0 d_observe_us=53806 max_observe_us=11002 d_paints=0 d_skips=50 d_ticks=2 window_ms=1165
[script liver8uhxy_0] interact UseOn { name: "Guam leaf", kind: "inv", target_name: Some("Vial of water"), x: 0, z: 0, level: 0, index: None, source_item_id: Some(249), source_item_slot: Some(27), target_item_id: Some(227), target_item_slot: Some(13) }
[script liver8uhxy_0] interact UseOn { name: "Guam leaf", kind: "inv", target_name: Some("Vial of water"), x: 0, z: 0, level: 0, index: None, source_item_id: Some(249), source_item_slot: Some(27), target_item_id: Some(227), target_item_slot: Some(13) }
[script liver8uhxy_0] interact UseOn { name: "Guam leaf", kind: "inv", target_name: Some("Vial of water"), x: 0, z: 0, level: 0, index: None, source_item_id: Some(249), source_item_slot: Some(27), target_item_id: Some(227), target_item_slot: Some(13) }
[script liver8uhxy_0] interact UseOn { name: "Guam leaf", kind: "inv", target_name: Some("Vial of water"), x: 0, z: 0, level: 0, index: None, source_item_id: Some(249), source_item_slot: Some(27), target_item_id: Some(227), target_item_slot: Some(13) }
[script liver8uhxy_0] interact UseOn { name: "Guam leaf", kind: "inv", target_name: Some("Vial of water"), x: 0, z: 0, level: 0, index: None, source_item_id: Some(249), source_item_slot: Some(27), target_item_id: Some(227), target_item_slot: Some(13) }
[script liver8uhxy_0] interact UseOn { name: "Guam leaf", kind: "inv", target_name: Some("Vial of water"), x: 0, z: 0, level: 0, index: None, source_item_id: Some(249), source_item_slot: Some(27), target_item_id: Some(227), target_item_slot: Some(13) }
[script liver8uhxy_0] interact UseOn { name: "Guam leaf", kind: "inv", target_name: Some("Vial of water"), x: 0, z: 0, level: 0, index: None, source_item_id: Some(249), source_item_slot: Some(27), target_item_id: Some(227), target_item_slot: Some(13) }
[script liver8uhxy_0] interact UseOn { name: "Guam leaf", kind: "inv", target_name: Some("Vial of water"), x: 0, z: 0, level: 0, index: None, source_item_id: Some(249), source_item_slot: Some(27), target_item_id: Some(227), target_item_slot: Some(13) }
[script liver8uhxy_0] interact UseOn { name: "Guam leaf", kind: "inv", target_name: Some("Vial of water"), x: 0, z: 0, level: 0, index: None, source_item_id: Some(249), source_item_slot: Some(27), target_item_id: Some(227), target_item_slot: Some(13) }
[script liver8uhxy_0] interact UseOn { name: "Guam leaf", kind: "inv", target_name: Some("Vial of water"), x: 0, z: 0, level: 0, index: None, source_item_id: Some(249), source_item_slot: Some(27), target_item_id: Some(227), target_item_slot: Some(13) }
[script liver8uhxy_0] interact UseOn { name: "Guam leaf", kind: "inv", target_name: Some("Vial of water"), x: 0, z: 0, level: 0, index: None, source_item_id: Some(249), source_item_slot: Some(27), target_item_id: Some(227), target_item_slot: Some(13) }
[script liver8uhxy_0] interact UseOn { name: "Guam leaf", kind: "inv", target_name: Some("Vial of water"), x: 0, z: 0, level: 0, index: None, source_item_id: Some(249), source_item_slot: Some(27), target_item_id: Some(227), target_item_slot: Some(13) }
[script liver8uhxy_0] interact UseOn { name: "Guam leaf", kind: "inv", target_name: Some("Vial of water"), x: 0, z: 0, level: 0, index: None, source_item_id: Some(249), source_item_slot: Some(27), target_item_id: Some(227), target_item_slot: Some(13) }
[script liver8uhxy_0] interact UseOn { name: "Guam leaf", kind: "inv", target_name: Some("Vial of water"), x: 0, z: 0, level: 0, index: None, source_item_id: Some(249), source_item_slot: Some(27), target_item_id: Some(227), target_item_slot: Some(13) }
[script liver8uhxy_0] interact UseOn { name: "Guam leaf", kind: "inv", target_name: Some("Vial of water"), x: 0, z: 0, level: 0, index: None, source_item_id: Some(249), source_item_slot: Some(27), target_item_id: Some(227), target_item_slot: Some(13) }
[script liver8uhxy_0] interact UseOn { name: "Guam leaf", kind: "inv", target_name: Some("Vial of water"), x: 0, z: 0, level: 0, index: None, source_item_id: Some(249), source_item_slot: Some(27), target_item_id: Some(227), target_item_slot: Some(13) }
[script liver8uhxy_0] interact UseOn { name: "Guam leaf", kind: "inv", target_name: Some("Vial of water"), x: 0, z: 0, level: 0, index: None, source_item_id: Some(249), source_item_slot: Some(27), target_item_id: Some(227), target_item_slot: Some(13) }
[script liver8uhxy_0] interact UseOn { name: "Guam leaf", kind: "inv", target_name: Some("Vial of water"), x: 0, z: 0, level: 0, index: None, source_item_id: Some(249), source_item_slot: Some(27), target_item_id: Some(227), target_item_slot: Some(13) }
[script liver8uhxy_0] interact UseOn { name: "Guam leaf", kind: "inv", target_name: Some("Vial of water"), x: 0, z: 0, level: 0, index: None, source_item_id: Some(249), source_item_slot: Some(27), target_item_id: Some(227), target_item_slot: Some(13) }
[script liver8uhxy_0] interact UseOn { name: "Guam leaf", kind: "inv", target_name: Some("Vial of water"), x: 0, z: 0, level: 0, index: None, source_item_id: Some(249), source_item_slot: Some(27), target_item_id: Some(227), target_item_slot: Some(13) }
[script liver8uhxy_0] interact UseOn { name: "Guam leaf", kind: "inv", target_name: Some("Vial of water"), x: 0, z: 0, level: 0, index: None, source_item_id: Some(249), source_item_slot: Some(27), target_item_id: Some(227), target_item_slot: Some(13) }
[script liver8uhxy_0] interact UseOn { name: "Guam leaf", kind: "inv", target_name: Some("Vial of water"), x: 0, z: 0, level: 0, index: None, source_item_id: Some(249), source_item_slot: Some(27), target_item_id: Some(227), target_item_slot: Some(13) }
[script liver8uhxy_0] interact UseOn { name: "Guam leaf", kind: "inv", target_name: Some("Vial of water"), x: 0, z: 0, level: 0, index: None, source_item_id: Some(249), source_item_slot: Some(27), target_item_id: Some(227), target_item_slot: Some(13) }
[script liver8uhxy_0] interact UseOn { name: "Guam leaf", kind: "inv", target_name: Some("Vial of water"), x: 0, z: 0, level: 0, index: None, source_item_id: Some(249), source_item_slot: Some(27), target_item_id: Some(227), target_item_slot: Some(13) }
[script liver8uhxy_0] interact UseOn { name: "Guam leaf", kind: "inv", target_name: Some("Vial of water"), x: 0, z: 0, level: 0, index: None, source_item_id: Some(249), source_item_slot: Some(27), target_item_id: Some(227), target_item_slot: Some(13) }
[script liver8uhxy_0] interact UseOn { name: "Guam leaf", kind: "inv", target_name: Some("Vial of water"), x: 0, z: 0, level: 0, index: None, source_item_id: Some(249), source_item_slot: Some(27), target_item_id: Some(227), target_item_slot: Some(13) }
[script liver8uhxy_0] interact UseOn { name: "Guam leaf", kind: "inv", target_name: Some("Vial of water"), x: 0, z: 0, level: 0, index: None, source_item_id: Some(249), source_item_slot: Some(27), target_item_id: Some(227), target_item_slot: Some(13) }
[script liver8uhxy_0] interact UseOn { name: "Guam leaf", kind: "inv", target_name: Some("Vial of water"), x: 0, z: 0, level: 0, index: None, source_item_id: Some(249), source_item_slot: Some(27), target_item_id: Some(227), target_item_slot: Some(13) }
[script liver8uhxy_0] interact UseOn { name: "Guam leaf", kind: "inv", target_name: Some("Vial of water"), x: 0, z: 0, level: 0, index: None, source_item_id: Some(249), source_item_slot: Some(27), target_item_id: Some(227), target_item_slot: Some(13) }
[script liver8uhxy_0] interact UseOn { name: "Guam leaf", kind: "inv", target_name: Some("Vial of water"), x: 0, z: 0, level: 0, index: None, source_item_id: Some(249), source_item_slot: Some(27), target_item_id: Some(227), target_item_slot: Some(13) }
[script liver8uhxy_0] interact UseOn { name: "Guam leaf", kind: "inv", target_name: Some("Vial of water"), x: 0, z: 0, level: 0, index: None, source_item_id: Some(249), source_item_slot: Some(27), target_item_id: Some(227), target_item_slot: Some(13) }
[script liver8uhxy_0] interact UseOn { name: "Guam leaf", kind: "inv", target_name: Some("Vial of water"), x: 0, z: 0, level: 0, index: None, source_item_id: Some(249), source_item_slot: Some(27), target_item_id: Some(227), target_item_slot: Some(13) }
[script liver8uhxy_0] interact UseOn { name: "Guam leaf", kind: "inv", target_name: Some("Vial of water"), x: 0, z: 0, level: 0, index: None, source_item_id: Some(249), source_item_slot: Some(27), target_item_id: Some(227), target_item_slot: Some(13) }
[script liver8uhxy_0] interact UseOn { name: "Guam leaf", kind: "inv", target_name: Some("Vial of water"), x: 0, z: 0, level: 0, index: None, source_item_id: Some(249), source_item_slot: Some(27), target_item_id: Some(227), target_item_slot: Some(13) }
[script liver8uhxy_0] interact UseOn { name: "Guam leaf", kind: "inv", target_name: Some("Vial of water"), x: 0, z: 0, level: 0, index: None, source_item_id: Some(249), source_item_slot: Some(27), target_item_id: Some(227), target_item_slot: Some(13) }
[script liver8uhxy_0] interact UseOn { name: "Guam leaf", kind: "inv", target_name: Some("Vial of water"), x: 0, z: 0, level: 0, index: None, source_item_id: Some(249), source_item_slot: Some(27), target_item_id: Some(227), target_item_slot: Some(13) }
[script liver8uhxy_0] interact UseOn { name: "Guam leaf", kind: "inv", target_name: Some("Vial of water"), x: 0, z: 0, level: 0, index: None, source_item_id: Some(249), source_item_slot: Some(27), target_item_id: Some(227), target_item_slot: Some(13) }
[script liver8uhxy_0] interact UseOn { name: "Guam leaf", kind: "inv", target_name: Some("Vial of water"), x: 0, z: 0, level: 0, index: None, source_item_id: Some(249), source_item_slot: Some(27), target_item_id: Some(227), target_item_slot: Some(13) }
[script liver8uhxy_0] interact UseOn { name: "Guam leaf", kind: "inv", target_name: Some("Vial of water"), x: 0, z: 0, level: 0, index: None, source_item_id: Some(249), source_item_slot: Some(27), target_item_id: Some(227), target_item_slot: Some(13) }
[script liver8uhxy_0] interact UseOn { name: "Guam leaf", kind: "inv", target_name: Some("Vial of water"), x: 0, z: 0, level: 0, index: None, source_item_id: Some(249), source_item_slot: Some(27), target_item_id: Some(227), target_item_slot: Some(13) }
[script liver8uhxy_0] interact UseOn { name: "Guam leaf", kind: "inv", target_name: Some("Vial of water"), x: 0, z: 0, level: 0, index: None, source_item_id: Some(249), source_item_slot: Some(27), target_item_id: Some(227), target_item_slot: Some(13) }
[script liver8uhxy_0] interact UseOn { name: "Guam leaf", kind: "inv", target_name: Some("Vial of water"), x: 0, z: 0, level: 0, index: None, source_item_id: Some(249), source_item_slot: Some(27), target_item_id: Some(227), target_item_slot: Some(13) }
[script liver8uhxy_0] interact UseOn { name: "Guam leaf", kind: "inv", target_name: Some("Vial of water"), x: 0, z: 0, level: 0, index: None, source_item_id: Some(249), source_item_slot: Some(27), target_item_id: Some(227), target_item_slot: Some(13) }
[script liver8uhxy_0] interact UseOn { name: "Guam leaf", kind: "inv", target_name: Some("Vial of water"), x: 0, z: 0, level: 0, index: None, source_item_id: Some(249), source_item_slot: Some(27), target_item_id: Some(227), target_item_slot: Some(13) }
[script liver8uhxy_0] interact UseOn { name: "Guam leaf", kind: "inv", target_name: Some("Vial of water"), x: 0, z: 0, level: 0, index: None, source_item_id: Some(249), source_item_slot: Some(27), target_item_id: Some(227), target_item_slot: Some(13) }
[script liver8uhxy_0] interact UseOn { name: "Guam leaf", kind: "inv", target_name: Some("Vial of water"), x: 0, z: 0, level: 0, index: None, source_item_id: Some(249), source_item_slot: Some(27), target_item_id: Some(227), target_item_slot: Some(13) }
[script liver8uhxy_0] interact UseOn { name: "Guam leaf", kind: "inv", target_name: Some("Vial of water"), x: 0, z: 0, level: 0, index: None, source_item_id: Some(249), source_item_slot: Some(27), target_item_id: Some(227), target_item_slot: Some(13) }
[script liver8uhxy_0] interact UseOn { name: "Guam leaf", kind: "inv", target_name: Some("Vial of water"), x: 0, z: 0, level: 0, index: None, source_item_id: Some(249), source_item_slot: Some(27), target_item_id: Some(227), target_item_slot: Some(13) }
[script liver8uhxy_0] interact UseOn { name: "Guam leaf", kind: "inv", target_name: Some("Vial of water"), x: 0, z: 0, level: 0, index: None, source_item_id: Some(249), source_item_slot: Some(27), target_item_id: Some(227), target_item_slot: Some(13) }
[script liver8uhxy_0] interact UseOn { name: "Guam leaf", kind: "inv", target_name: Some("Vial of water"), x: 0, z: 0, level: 0, index: None, source_item_id: Some(249), source_item_slot: Some(27), target_item_id: Some(227), target_item_slot: Some(13) }
[script liver8uhxy_0] interact UseOn { name: "Guam leaf", kind: "inv", target_name: Some("Vial of water"), x: 0, z: 0, level: 0, index: None, source_item_id: Some(249), source_item_slot: Some(27), target_item_id: Some(227), target_item_slot: Some(13) }
[script liver8uhxy_0] interact UseOn { name: "Guam leaf", kind: "inv", target_name: Some("Vial of water"), x: 0, z: 0, level: 0, index: None, source_item_id: Some(249), source_item_slot: Some(27), target_item_id: Some(227), target_item_slot: Some(13) }
[script liver8uhxy_0] interact UseOn { name: "Guam leaf", kind: "inv", target_name: Some("Vial of water"), x: 0, z: 0, level: 0, index: None, source_item_id: Some(249), source_item_slot: Some(27), target_item_id: Some(227), target_item_slot: Some(13) }
[script liver8uhxy_0] interact UseOn { name: "Guam leaf", kind: "inv", target_name: Some("Vial of water"), x: 0, z: 0, level: 0, index: None, source_item_id: Some(249), source_item_slot: Some(27), target_item_id: Some(227), target_item_slot: Some(13) }
[script liver8uhxy_0] interact UseOn { name: "Guam leaf", kind: "inv", target_name: Some("Vial of water"), x: 0, z: 0, level: 0, index: None, source_item_id: Some(249), source_item_slot: Some(27), target_item_id: Some(227), target_item_slot: Some(13) }
[script liver8uhxy_0] interact UseOn { name: "Guam leaf", kind: "inv", target_name: Some("Vial of water"), x: 0, z: 0, level: 0, index: None, source_item_id: Some(249), source_item_slot: Some(27), target_item_id: Some(227), target_item_slot: Some(13) }
[host] slot liver8uhxy_0: d_loop_us=947 d_raster_us=0 d_observe_us=60643 max_observe_us=12186 d_paints=0 d_skips=50 d_ticks=2 window_ms=1206
[host] slot liver8uhxy_0: d_loop_us=907 d_raster_us=0 d_observe_us=53340 max_observe_us=12511 d_paints=0 d_skips=50 d_ticks=2 window_ms=1187
[script liver8uhxy_0] interact OpenBooth { x: 3186, z: 3440, level: 0, id: 2213, name: None, action: None }
test catalog_boundary_live has been running for over 60 seconds
[host] slot liver8uhxy_0: d_loop_us=845 d_raster_us=0 d_observe_us=50699 max_observe_us=10532 d_paints=0 d_skips=50 d_ticks=2 window_ms=1206
[host] slot liver8uhxy_0: d_loop_us=816 d_raster_us=0 d_observe_us=48761 max_observe_us=8920 d_paints=0 d_skips=50 d_ticks=2 window_ms=1180
[script liver8uhxy_0] interact Close
[shim-close] sent
[host] slot liver8uhxy_0: d_loop_us=848 d_raster_us=0 d_observe_us=52476 max_observe_us=10713 d_paints=0 d_skips=50 d_ticks=2 window_ms=1191
[script liver8uhxy_0] interact UseOn { name: "Eye of newt", kind: "inv", target_name: Some("Unfinished potion"), x: 0, z: 0, level: 0, index: None, source_item_id: Some(221), source_item_slot: Some(27), target_item_id: Some(91), target_item_slot: Some(13) }
[script liver8uhxy_0] interact UseOn { name: "Eye of newt", kind: "inv", target_name: Some("Unfinished potion"), x: 0, z: 0, level: 0, index: None, source_item_id: Some(221), source_item_slot: Some(27), target_item_id: Some(91), target_item_slot: Some(13) }
[script liver8uhxy_0] interact UseOn { name: "Eye of newt", kind: "inv", target_name: Some("Unfinished potion"), x: 0, z: 0, level: 0, index: None, source_item_id: Some(221), source_item_slot: Some(27), target_item_id: Some(91), target_item_slot: Some(13) }
[script liver8uhxy_0] interact UseOn { name: "Eye of newt", kind: "inv", target_name: Some("Unfinished potion"), x: 0, z: 0, level: 0, index: None, source_item_id: Some(221), source_item_slot: Some(27), target_item_id: Some(91), target_item_slot: Some(13) }
[script liver8uhxy_0] interact UseOn { name: "Eye of newt", kind: "inv", target_name: Some("Unfinished potion"), x: 0, z: 0, level: 0, index: None, source_item_id: Some(221), source_item_slot: Some(27), target_item_id: Some(91), target_item_slot: Some(13) }
[script liver8uhxy_0] interact UseOn { name: "Eye of newt", kind: "inv", target_name: Some("Unfinished potion"), x: 0, z: 0, level: 0, index: None, source_item_id: Some(221), source_item_slot: Some(27), target_item_id: Some(91), target_item_slot: Some(13) }
[script liver8uhxy_0] interact UseOn { name: "Eye of newt", kind: "inv", target_name: Some("Unfinished potion"), x: 0, z: 0, level: 0, index: None, source_item_id: Some(221), source_item_slot: Some(27), target_item_id: Some(91), target_item_slot: Some(13) }
[script liver8uhxy_0] interact UseOn { name: "Eye of newt", kind: "inv", target_name: Some("Unfinished potion"), x: 0, z: 0, level: 0, index: None, source_item_id: Some(221), source_item_slot: Some(27), target_item_id: Some(91), target_item_slot: Some(13) }
[script liver8uhxy_0] interact UseOn { name: "Eye of newt", kind: "inv", target_name: Some("Unfinished potion"), x: 0, z: 0, level: 0, index: None, source_item_id: Some(221), source_item_slot: Some(27), target_item_id: Some(91), target_item_slot: Some(13) }
[script liver8uhxy_0] interact UseOn { name: "Eye of newt", kind: "inv", target_name: Some("Unfinished potion"), x: 0, z: 0, level: 0, index: None, source_item_id: Some(221), source_item_slot: Some(27), target_item_id: Some(91), target_item_slot: Some(13) }
[script liver8uhxy_0] interact UseOn { name: "Eye of newt", kind: "inv", target_name: Some("Unfinished potion"), x: 0, z: 0, level: 0, index: None, source_item_id: Some(221), source_item_slot: Some(27), target_item_id: Some(91), target_item_slot: Some(13) }
[script liver8uhxy_0] interact UseOn { name: "Eye of newt", kind: "inv", target_name: Some("Unfinished potion"), x: 0, z: 0, level: 0, index: None, source_item_id: Some(221), source_item_slot: Some(27), target_item_id: Some(91), target_item_slot: Some(13) }
[script liver8uhxy_0] interact UseOn { name: "Eye of newt", kind: "inv", target_name: Some("Unfinished potion"), x: 0, z: 0, level: 0, index: None, source_item_id: Some(221), source_item_slot: Some(27), target_item_id: Some(91), target_item_slot: Some(13) }
[script liver8uhxy_0] interact UseOn { name: "Eye of newt", kind: "inv", target_name: Some("Unfinished potion"), x: 0, z: 0, level: 0, index: None, source_item_id: Some(221), source_item_slot: Some(27), target_item_id: Some(91), target_item_slot: Some(13) }
[script liver8uhxy_0] interact UseOn { name: "Eye of newt", kind: "inv", target_name: Some("Unfinished potion"), x: 0, z: 0, level: 0, index: None, source_item_id: Some(221), source_item_slot: Some(27), target_item_id: Some(91), target_item_slot: Some(13) }
[script liver8uhxy_0] interact UseOn { name: "Eye of newt", kind: "inv", target_name: Some("Unfinished potion"), x: 0, z: 0, level: 0, index: None, source_item_id: Some(221), source_item_slot: Some(27), target_item_id: Some(91), target_item_slot: Some(13) }
[script liver8uhxy_0] interact UseOn { name: "Eye of newt", kind: "inv", target_name: Some("Unfinished potion"), x: 0, z: 0, level: 0, index: None, source_item_id: Some(221), source_item_slot: Some(27), target_item_id: Some(91), target_item_slot: Some(13) }
[script liver8uhxy_0] interact UseOn { name: "Eye of newt", kind: "inv", target_name: Some("Unfinished potion"), x: 0, z: 0, level: 0, index: None, source_item_id: Some(221), source_item_slot: Some(27), target_item_id: Some(91), target_item_slot: Some(13) }
[script liver8uhxy_0] interact UseOn { name: "Eye of newt", kind: "inv", target_name: Some("Unfinished potion"), x: 0, z: 0, level: 0, index: None, source_item_id: Some(221), source_item_slot: Some(27), target_item_id: Some(91), target_item_slot: Some(13) }
[script liver8uhxy_0] interact UseOn { name: "Eye of newt", kind: "inv", target_name: Some("Unfinished potion"), x: 0, z: 0, level: 0, index: None, source_item_id: Some(221), source_item_slot: Some(27), target_item_id: Some(91), target_item_slot: Some(13) }
[script liver8uhxy_0] interact UseOn { name: "Eye of newt", kind: "inv", target_name: Some("Unfinished potion"), x: 0, z: 0, level: 0, index: None, source_item_id: Some(221), source_item_slot: Some(27), target_item_id: Some(91), target_item_slot: Some(13) }
[script liver8uhxy_0] interact UseOn { name: "Eye of newt", kind: "inv", target_name: Some("Unfinished potion"), x: 0, z: 0, level: 0, index: None, source_item_id: Some(221), source_item_slot: Some(27), target_item_id: Some(91), target_item_slot: Some(13) }
[script liver8uhxy_0] interact UseOn { name: "Eye of newt", kind: "inv", target_name: Some("Unfinished potion"), x: 0, z: 0, level: 0, index: None, source_item_id: Some(221), source_item_slot: Some(27), target_item_id: Some(91), target_item_slot: Some(13) }
[script liver8uhxy_0] interact UseOn { name: "Eye of newt", kind: "inv", target_name: Some("Unfinished potion"), x: 0, z: 0, level: 0, index: None, source_item_id: Some(221), source_item_slot: Some(27), target_item_id: Some(91), target_item_slot: Some(13) }
[script liver8uhxy_0] interact UseOn { name: "Eye of newt", kind: "inv", target_name: Some("Unfinished potion"), x: 0, z: 0, level: 0, index: None, source_item_id: Some(221), source_item_slot: Some(27), target_item_id: Some(91), target_item_slot: Some(13) }
[script liver8uhxy_0] interact UseOn { name: "Eye of newt", kind: "inv", target_name: Some("Unfinished potion"), x: 0, z: 0, level: 0, index: None, source_item_id: Some(221), source_item_slot: Some(27), target_item_id: Some(91), target_item_slot: Some(13) }
[script liver8uhxy_0] interact UseOn { name: "Eye of newt", kind: "inv", target_name: Some("Unfinished potion"), x: 0, z: 0, level: 0, index: None, source_item_id: Some(221), source_item_slot: Some(27), target_item_id: Some(91), target_item_slot: Some(13) }
[script liver8uhxy_0] interact UseOn { name: "Eye of newt", kind: "inv", target_name: Some("Unfinished potion"), x: 0, z: 0, level: 0, index: None, source_item_id: Some(221), source_item_slot: Some(27), target_item_id: Some(91), target_item_slot: Some(13) }
[script liver8uhxy_0] interact UseOn { name: "Eye of newt", kind: "inv", target_name: Some("Unfinished potion"), x: 0, z: 0, level: 0, index: None, source_item_id: Some(221), source_item_slot: Some(27), target_item_id: Some(91), target_item_slot: Some(13) }
[script liver8uhxy_0] interact UseOn { name: "Eye of newt", kind: "inv", target_name: Some("Unfinished potion"), x: 0, z: 0, level: 0, index: None, source_item_id: Some(221), source_item_slot: Some(27), target_item_id: Some(91), target_item_slot: Some(13) }
[script liver8uhxy_0] interact UseOn { name: "Eye of newt", kind: "inv", target_name: Some("Unfinished potion"), x: 0, z: 0, level: 0, index: None, source_item_id: Some(221), source_item_slot: Some(27), target_item_id: Some(91), target_item_slot: Some(13) }
[script liver8uhxy_0] interact UseOn { name: "Eye of newt", kind: "inv", target_name: Some("Unfinished potion"), x: 0, z: 0, level: 0, index: None, source_item_id: Some(221), source_item_slot: Some(27), target_item_id: Some(91), target_item_slot: Some(13) }
[script liver8uhxy_0] interact UseOn { name: "Eye of newt", kind: "inv", target_name: Some("Unfinished potion"), x: 0, z: 0, level: 0, index: None, source_item_id: Some(221), source_item_slot: Some(27), target_item_id: Some(91), target_item_slot: Some(13) }
[script liver8uhxy_0] interact UseOn { name: "Eye of newt", kind: "inv", target_name: Some("Unfinished potion"), x: 0, z: 0, level: 0, index: None, source_item_id: Some(221), source_item_slot: Some(27), target_item_id: Some(91), target_item_slot: Some(13) }
[script liver8uhxy_0] interact UseOn { name: "Eye of newt", kind: "inv", target_name: Some("Unfinished potion"), x: 0, z: 0, level: 0, index: None, source_item_id: Some(221), source_item_slot: Some(27), target_item_id: Some(91), target_item_slot: Some(13) }
[script liver8uhxy_0] interact UseOn { name: "Eye of newt", kind: "inv", target_name: Some("Unfinished potion"), x: 0, z: 0, level: 0, index: None, source_item_id: Some(221), source_item_slot: Some(27), target_item_id: Some(91), target_item_slot: Some(13) }
[script liver8uhxy_0] interact UseOn { name: "Eye of newt", kind: "inv", target_name: Some("Unfinished potion"), x: 0, z: 0, level: 0, index: None, source_item_id: Some(221), source_item_slot: Some(27), target_item_id: Some(91), target_item_slot: Some(13) }
[script liver8uhxy_0] interact UseOn { name: "Eye of newt", kind: "inv", target_name: Some("Unfinished potion"), x: 0, z: 0, level: 0, index: None, source_item_id: Some(221), source_item_slot: Some(27), target_item_id: Some(91), target_item_slot: Some(13) }
[script liver8uhxy_0] interact UseOn { name: "Eye of newt", kind: "inv", target_name: Some("Unfinished potion"), x: 0, z: 0, level: 0, index: None, source_item_id: Some(221), source_item_slot: Some(27), target_item_id: Some(91), target_item_slot: Some(13) }
[script liver8uhxy_0] interact UseOn { name: "Eye of newt", kind: "inv", target_name: Some("Unfinished potion"), x: 0, z: 0, level: 0, index: None, source_item_id: Some(221), source_item_slot: Some(27), target_item_id: Some(91), target_item_slot: Some(13) }
[script liver8uhxy_0] interact UseOn { name: "Eye of newt", kind: "inv", target_name: Some("Unfinished potion"), x: 0, z: 0, level: 0, index: None, source_item_id: Some(221), source_item_slot: Some(27), target_item_id: Some(91), target_item_slot: Some(13) }
[script liver8uhxy_0] interact UseOn { name: "Eye of newt", kind: "inv", target_name: Some("Unfinished potion"), x: 0, z: 0, level: 0, index: None, source_item_id: Some(221), source_item_slot: Some(27), target_item_id: Some(91), target_item_slot: Some(13) }
[script liver8uhxy_0] interact UseOn { name: "Eye of newt", kind: "inv", target_name: Some("Unfinished potion"), x: 0, z: 0, level: 0, index: None, source_item_id: Some(221), source_item_slot: Some(27), target_item_id: Some(91), target_item_slot: Some(13) }
[script liver8uhxy_0] interact UseOn { name: "Eye of newt", kind: "inv", target_name: Some("Unfinished potion"), x: 0, z: 0, level: 0, index: None, source_item_id: Some(221), source_item_slot: Some(27), target_item_id: Some(91), target_item_slot: Some(13) }
[script liver8uhxy_0] interact UseOn { name: "Eye of newt", kind: "inv", target_name: Some("Unfinished potion"), x: 0, z: 0, level: 0, index: None, source_item_id: Some(221), source_item_slot: Some(27), target_item_id: Some(91), target_item_slot: Some(13) }
[script liver8uhxy_0] interact UseOn { name: "Eye of newt", kind: "inv", target_name: Some("Unfinished potion"), x: 0, z: 0, level: 0, index: None, source_item_id: Some(221), source_item_slot: Some(27), target_item_id: Some(91), target_item_slot: Some(13) }
[script liver8uhxy_0] interact UseOn { name: "Eye of newt", kind: "inv", target_name: Some("Unfinished potion"), x: 0, z: 0, level: 0, index: None, source_item_id: Some(221), source_item_slot: Some(27), target_item_id: Some(91), target_item_slot: Some(13) }
[script liver8uhxy_0] interact UseOn { name: "Eye of newt", kind: "inv", target_name: Some("Unfinished potion"), x: 0, z: 0, level: 0, index: None, source_item_id: Some(221), source_item_slot: Some(27), target_item_id: Some(91), target_item_slot: Some(13) }
[script liver8uhxy_0] interact UseOn { name: "Eye of newt", kind: "inv", target_name: Some("Unfinished potion"), x: 0, z: 0, level: 0, index: None, source_item_id: Some(221), source_item_slot: Some(27), target_item_id: Some(91), target_item_slot: Some(13) }
[script liver8uhxy_0] interact UseOn { name: "Eye of newt", kind: "inv", target_name: Some("Unfinished potion"), x: 0, z: 0, level: 0, index: None, source_item_id: Some(221), source_item_slot: Some(27), target_item_id: Some(91), target_item_slot: Some(13) }
[script liver8uhxy_0] interact UseOn { name: "Eye of newt", kind: "inv", target_name: Some("Unfinished potion"), x: 0, z: 0, level: 0, index: None, source_item_id: Some(221), source_item_slot: Some(27), target_item_id: Some(91), target_item_slot: Some(13) }
[script liver8uhxy_0] interact UseOn { name: "Eye of newt", kind: "inv", target_name: Some("Unfinished potion"), x: 0, z: 0, level: 0, index: None, source_item_id: Some(221), source_item_slot: Some(27), target_item_id: Some(91), target_item_slot: Some(13) }
[script liver8uhxy_0] interact UseOn { name: "Eye of newt", kind: "inv", target_name: Some("Unfinished potion"), x: 0, z: 0, level: 0, index: None, source_item_id: Some(221), source_item_slot: Some(27), target_item_id: Some(91), target_item_slot: Some(13) }
[script liver8uhxy_0] interact UseOn { name: "Eye of newt", kind: "inv", target_name: Some("Unfinished potion"), x: 0, z: 0, level: 0, index: None, source_item_id: Some(221), source_item_slot: Some(27), target_item_id: Some(91), target_item_slot: Some(13) }
[script liver8uhxy_0] interact UseOn { name: "Eye of newt", kind: "inv", target_name: Some("Unfinished potion"), x: 0, z: 0, level: 0, index: None, source_item_id: Some(221), source_item_slot: Some(27), target_item_id: Some(91), target_item_slot: Some(13) }
[script liver8uhxy_0] interact UseOn { name: "Eye of newt", kind: "inv", target_name: Some("Unfinished potion"), x: 0, z: 0, level: 0, index: None, source_item_id: Some(221), source_item_slot: Some(27), target_item_id: Some(91), target_item_slot: Some(13) }
[script liver8uhxy_0] interact OpenBooth { x: 3186, z: 3440, level: 0, id: 2213, name: None, action: None }
[host] slot liver8uhxy_0: d_loop_us=854 d_raster_us=0 d_observe_us=60047 max_observe_us=11376 d_paints=0 d_skips=50 d_ticks=1 window_ms=1173
[host] slot liver8uhxy_0: d_loop_us=945 d_raster_us=0 d_observe_us=63024 max_observe_us=10806 d_paints=0 d_skips=50 d_ticks=2 window_ms=1192
[host] slot liver8uhxy_0: d_loop_us=908 d_raster_us=0 d_observe_us=61175 max_observe_us=12278 d_paints=0 d_skips=50 d_ticks=2 window_ms=1190
[host] slot liver8uhxy_0: d_loop_us=826 d_raster_us=0 d_observe_us=55970 max_observe_us=11133 d_paints=0 d_skips=50 d_ticks=2 window_ms=1192
[host] slot liver8uhxy_0: d_loop_us=823 d_raster_us=0 d_observe_us=50685 max_observe_us=8549 d_paints=0 d_skips=50 d_ticks=2 window_ms=1211
[host] slot liver8uhxy_0: d_loop_us=829 d_raster_us=0 d_observe_us=54293 max_observe_us=8348 d_paints=0 d_skips=50 d_ticks=2 window_ms=1194
[host] slot liver8uhxy_0: d_loop_us=886 d_raster_us=0 d_observe_us=59873 max_observe_us=11340 d_paints=0 d_skips=50 d_ticks=2 window_ms=1197
[script liver8uhxy_0] interact Close
[shim-close] sent
[script liver8uhxy_0] withdrew 14 vials of water + 14 Guam leaf
[host] slot liver8uhxy_0: d_loop_us=930 d_raster_us=0 d_observe_us=56669 max_observe_us=11559 d_paints=0 d_skips=50 d_ticks=2 window_ms=1174
[script liver8uhxy_0] interact UseOn { name: "Guam leaf", kind: "inv", target_name: Some("Vial of water"), x: 0, z: 0, level: 0, index: None, source_item_id: Some(249), source_item_slot: Some(27), target_item_id: Some(227), target_item_slot: Some(13) }
[script liver8uhxy_0] interact UseOn { name: "Guam leaf", kind: "inv", target_name: Some("Vial of water"), x: 0, z: 0, level: 0, index: None, source_item_id: Some(249), source_item_slot: Some(27), target_item_id: Some(227), target_item_slot: Some(13) }
[script liver8uhxy_0] interact UseOn { name: "Guam leaf", kind: "inv", target_name: Some("Vial of water"), x: 0, z: 0, level: 0, index: None, source_item_id: Some(249), source_item_slot: Some(27), target_item_id: Some(227), target_item_slot: Some(13) }
[script liver8uhxy_0] interact UseOn { name: "Guam leaf", kind: "inv", target_name: Some("Vial of water"), x: 0, z: 0, level: 0, index: None, source_item_id: Some(249), source_item_slot: Some(27), target_item_id: Some(227), target_item_slot: Some(13) }
[script liver8uhxy_0] interact UseOn { name: "Guam leaf", kind: "inv", target_name: Some("Vial of water"), x: 0, z: 0, level: 0, index: None, source_item_id: Some(249), source_item_slot: Some(27), target_item_id: Some(227), target_item_slot: Some(13) }
[script liver8uhxy_0] interact UseOn { name: "Guam leaf", kind: "inv", target_name: Some("Vial of water"), x: 0, z: 0, level: 0, index: None, source_item_id: Some(249), source_item_slot: Some(27), target_item_id: Some(227), target_item_slot: Some(13) }
[script liver8uhxy_0] interact UseOn { name: "Guam leaf", kind: "inv", target_name: Some("Vial of water"), x: 0, z: 0, level: 0, index: None, source_item_id: Some(249), source_item_slot: Some(27), target_item_id: Some(227), target_item_slot: Some(13) }
[script liver8uhxy_0] interact UseOn { name: "Guam leaf", kind: "inv", target_name: Some("Vial of water"), x: 0, z: 0, level: 0, index: None, source_item_id: Some(249), source_item_slot: Some(27), target_item_id: Some(227), target_item_slot: Some(13) }
[script liver8uhxy_0] interact UseOn { name: "Guam leaf", kind: "inv", target_name: Some("Vial of water"), x: 0, z: 0, level: 0, index: None, source_item_id: Some(249), source_item_slot: Some(27), target_item_id: Some(227), target_item_slot: Some(13) }
[script liver8uhxy_0] interact UseOn { name: "Guam leaf", kind: "inv", target_name: Some("Vial of water"), x: 0, z: 0, level: 0, index: None, source_item_id: Some(249), source_item_slot: Some(27), target_item_id: Some(227), target_item_slot: Some(13) }
[script liver8uhxy_0] interact UseOn { name: "Guam leaf", kind: "inv", target_name: Some("Vial of water"), x: 0, z: 0, level: 0, index: None, source_item_id: Some(249), source_item_slot: Some(27), target_item_id: Some(227), target_item_slot: Some(13) }
[script liver8uhxy_0] interact UseOn { name: "Guam leaf", kind: "inv", target_name: Some("Vial of water"), x: 0, z: 0, level: 0, index: None, source_item_id: Some(249), source_item_slot: Some(27), target_item_id: Some(227), target_item_slot: Some(13) }
[script liver8uhxy_0] interact UseOn { name: "Guam leaf", kind: "inv", target_name: Some("Vial of water"), x: 0, z: 0, level: 0, index: None, source_item_id: Some(249), source_item_slot: Some(27), target_item_id: Some(227), target_item_slot: Some(13) }
[script liver8uhxy_0] interact UseOn { name: "Guam leaf", kind: "inv", target_name: Some("Vial of water"), x: 0, z: 0, level: 0, index: None, source_item_id: Some(249), source_item_slot: Some(27), target_item_id: Some(227), target_item_slot: Some(13) }
[script liver8uhxy_0] interact UseOn { name: "Guam leaf", kind: "inv", target_name: Some("Vial of water"), x: 0, z: 0, level: 0, index: None, source_item_id: Some(249), source_item_slot: Some(27), target_item_id: Some(227), target_item_slot: Some(13) }
[script liver8uhxy_0] interact UseOn { name: "Guam leaf", kind: "inv", target_name: Some("Vial of water"), x: 0, z: 0, level: 0, index: None, source_item_id: Some(249), source_item_slot: Some(27), target_item_id: Some(227), target_item_slot: Some(13) }
[script liver8uhxy_0] interact UseOn { name: "Guam leaf", kind: "inv", target_name: Some("Vial of water"), x: 0, z: 0, level: 0, index: None, source_item_id: Some(249), source_item_slot: Some(27), target_item_id: Some(227), target_item_slot: Some(13) }
[script liver8uhxy_0] interact UseOn { name: "Guam leaf", kind: "inv", target_name: Some("Vial of water"), x: 0, z: 0, level: 0, index: None, source_item_id: Some(249), source_item_slot: Some(27), target_item_id: Some(227), target_item_slot: Some(13) }
[script liver8uhxy_0] interact UseOn { name: "Guam leaf", kind: "inv", target_name: Some("Vial of water"), x: 0, z: 0, level: 0, index: None, source_item_id: Some(249), source_item_slot: Some(27), target_item_id: Some(227), target_item_slot: Some(13) }
[script liver8uhxy_0] interact UseOn { name: "Guam leaf", kind: "inv", target_name: Some("Vial of water"), x: 0, z: 0, level: 0, index: None, source_item_id: Some(249), source_item_slot: Some(27), target_item_id: Some(227), target_item_slot: Some(13) }
[script liver8uhxy_0] interact UseOn { name: "Guam leaf", kind: "inv", target_name: Some("Vial of water"), x: 0, z: 0, level: 0, index: None, source_item_id: Some(249), source_item_slot: Some(27), target_item_id: Some(227), target_item_slot: Some(13) }
[script liver8uhxy_0] interact UseOn { name: "Guam leaf", kind: "inv", target_name: Some("Vial of water"), x: 0, z: 0, level: 0, index: None, source_item_id: Some(249), source_item_slot: Some(27), target_item_id: Some(227), target_item_slot: Some(13) }
[script liver8uhxy_0] interact UseOn { name: "Guam leaf", kind: "inv", target_name: Some("Vial of water"), x: 0, z: 0, level: 0, index: None, source_item_id: Some(249), source_item_slot: Some(27), target_item_id: Some(227), target_item_slot: Some(13) }
[script liver8uhxy_0] interact UseOn { name: "Guam leaf", kind: "inv", target_name: Some("Vial of water"), x: 0, z: 0, level: 0, index: None, source_item_id: Some(249), source_item_slot: Some(27), target_item_id: Some(227), target_item_slot: Some(13) }
[script liver8uhxy_0] interact UseOn { name: "Guam leaf", kind: "inv", target_name: Some("Vial of water"), x: 0, z: 0, level: 0, index: None, source_item_id: Some(249), source_item_slot: Some(27), target_item_id: Some(227), target_item_slot: Some(13) }
[script liver8uhxy_0] interact UseOn { name: "Guam leaf", kind: "inv", target_name: Some("Vial of water"), x: 0, z: 0, level: 0, index: None, source_item_id: Some(249), source_item_slot: Some(27), target_item_id: Some(227), target_item_slot: Some(13) }
[script liver8uhxy_0] interact UseOn { name: "Guam leaf", kind: "inv", target_name: Some("Vial of water"), x: 0, z: 0, level: 0, index: None, source_item_id: Some(249), source_item_slot: Some(27), target_item_id: Some(227), target_item_slot: Some(13) }
[script liver8uhxy_0] interact UseOn { name: "Guam leaf", kind: "inv", target_name: Some("Vial of water"), x: 0, z: 0, level: 0, index: None, source_item_id: Some(249), source_item_slot: Some(27), target_item_id: Some(227), target_item_slot: Some(13) }
[script liver8uhxy_0] interact UseOn { name: "Guam leaf", kind: "inv", target_name: Some("Vial of water"), x: 0, z: 0, level: 0, index: None, source_item_id: Some(249), source_item_slot: Some(27), target_item_id: Some(227), target_item_slot: Some(13) }
[script liver8uhxy_0] interact UseOn { name: "Guam leaf", kind: "inv", target_name: Some("Vial of water"), x: 0, z: 0, level: 0, index: None, source_item_id: Some(249), source_item_slot: Some(27), target_item_id: Some(227), target_item_slot: Some(13) }
[script liver8uhxy_0] interact UseOn { name: "Guam leaf", kind: "inv", target_name: Some("Vial of water"), x: 0, z: 0, level: 0, index: None, source_item_id: Some(249), source_item_slot: Some(27), target_item_id: Some(227), target_item_slot: Some(13) }
[script liver8uhxy_0] interact UseOn { name: "Guam leaf", kind: "inv", target_name: Some("Vial of water"), x: 0, z: 0, level: 0, index: None, source_item_id: Some(249), source_item_slot: Some(27), target_item_id: Some(227), target_item_slot: Some(13) }
[script liver8uhxy_0] interact UseOn { name: "Guam leaf", kind: "inv", target_name: Some("Vial of water"), x: 0, z: 0, level: 0, index: None, source_item_id: Some(249), source_item_slot: Some(27), target_item_id: Some(227), target_item_slot: Some(13) }
[script liver8uhxy_0] interact UseOn { name: "Guam leaf", kind: "inv", target_name: Some("Vial of water"), x: 0, z: 0, level: 0, index: None, source_item_id: Some(249), source_item_slot: Some(27), target_item_id: Some(227), target_item_slot: Some(13) }
[script liver8uhxy_0] interact UseOn { name: "Guam leaf", kind: "inv", target_name: Some("Vial of water"), x: 0, z: 0, level: 0, index: None, source_item_id: Some(249), source_item_slot: Some(27), target_item_id: Some(227), target_item_slot: Some(13) }
[script liver8uhxy_0] interact UseOn { name: "Guam leaf", kind: "inv", target_name: Some("Vial of water"), x: 0, z: 0, level: 0, index: None, source_item_id: Some(249), source_item_slot: Some(27), target_item_id: Some(227), target_item_slot: Some(13) }
[script liver8uhxy_0] interact UseOn { name: "Guam leaf", kind: "inv", target_name: Some("Vial of water"), x: 0, z: 0, level: 0, index: None, source_item_id: Some(249), source_item_slot: Some(27), target_item_id: Some(227), target_item_slot: Some(13) }
[script liver8uhxy_0] interact UseOn { name: "Guam leaf", kind: "inv", target_name: Some("Vial of water"), x: 0, z: 0, level: 0, index: None, source_item_id: Some(249), source_item_slot: Some(27), target_item_id: Some(227), target_item_slot: Some(13) }
[script liver8uhxy_0] interact UseOn { name: "Guam leaf", kind: "inv", target_name: Some("Vial of water"), x: 0, z: 0, level: 0, index: None, source_item_id: Some(249), source_item_slot: Some(27), target_item_id: Some(227), target_item_slot: Some(13) }
[script liver8uhxy_0] interact UseOn { name: "Guam leaf", kind: "inv", target_name: Some("Vial of water"), x: 0, z: 0, level: 0, index: None, source_item_id: Some(249), source_item_slot: Some(27), target_item_id: Some(227), target_item_slot: Some(13) }
[script liver8uhxy_0] interact UseOn { name: "Guam leaf", kind: "inv", target_name: Some("Vial of water"), x: 0, z: 0, level: 0, index: None, source_item_id: Some(249), source_item_slot: Some(27), target_item_id: Some(227), target_item_slot: Some(13) }
[script liver8uhxy_0] interact UseOn { name: "Guam leaf", kind: "inv", target_name: Some("Vial of water"), x: 0, z: 0, level: 0, index: None, source_item_id: Some(249), source_item_slot: Some(27), target_item_id: Some(227), target_item_slot: Some(13) }
[script liver8uhxy_0] interact UseOn { name: "Guam leaf", kind: "inv", target_name: Some("Vial of water"), x: 0, z: 0, level: 0, index: None, source_item_id: Some(249), source_item_slot: Some(27), target_item_id: Some(227), target_item_slot: Some(13) }
[script liver8uhxy_0] interact UseOn { name: "Guam leaf", kind: "inv", target_name: Some("Vial of water"), x: 0, z: 0, level: 0, index: None, source_item_id: Some(249), source_item_slot: Some(27), target_item_id: Some(227), target_item_slot: Some(13) }
[script liver8uhxy_0] interact UseOn { name: "Guam leaf", kind: "inv", target_name: Some("Vial of water"), x: 0, z: 0, level: 0, index: None, source_item_id: Some(249), source_item_slot: Some(27), target_item_id: Some(227), target_item_slot: Some(13) }
[script liver8uhxy_0] interact UseOn { name: "Guam leaf", kind: "inv", target_name: Some("Vial of water"), x: 0, z: 0, level: 0, index: None, source_item_id: Some(249), source_item_slot: Some(27), target_item_id: Some(227), target_item_slot: Some(13) }
[script liver8uhxy_0] interact UseOn { name: "Guam leaf", kind: "inv", target_name: Some("Vial of water"), x: 0, z: 0, level: 0, index: None, source_item_id: Some(249), source_item_slot: Some(27), target_item_id: Some(227), target_item_slot: Some(13) }
[script liver8uhxy_0] interact UseOn { name: "Guam leaf", kind: "inv", target_name: Some("Vial of water"), x: 0, z: 0, level: 0, index: None, source_item_id: Some(249), source_item_slot: Some(27), target_item_id: Some(227), target_item_slot: Some(13) }
[script liver8uhxy_0] interact UseOn { name: "Guam leaf", kind: "inv", target_name: Some("Vial of water"), x: 0, z: 0, level: 0, index: None, source_item_id: Some(249), source_item_slot: Some(27), target_item_id: Some(227), target_item_slot: Some(13) }
[script liver8uhxy_0] interact UseOn { name: "Guam leaf", kind: "inv", target_name: Some("Vial of water"), x: 0, z: 0, level: 0, index: None, source_item_id: Some(249), source_item_slot: Some(27), target_item_id: Some(227), target_item_slot: Some(13) }
[script liver8uhxy_0] interact UseOn { name: "Guam leaf", kind: "inv", target_name: Some("Vial of water"), x: 0, z: 0, level: 0, index: None, source_item_id: Some(249), source_item_slot: Some(27), target_item_id: Some(227), target_item_slot: Some(13) }
[script liver8uhxy_0] interact UseOn { name: "Guam leaf", kind: "inv", target_name: Some("Vial of water"), x: 0, z: 0, level: 0, index: None, source_item_id: Some(249), source_item_slot: Some(27), target_item_id: Some(227), target_item_slot: Some(13) }
[script liver8uhxy_0] interact UseOn { name: "Guam leaf", kind: "inv", target_name: Some("Vial of water"), x: 0, z: 0, level: 0, index: None, source_item_id: Some(249), source_item_slot: Some(27), target_item_id: Some(227), target_item_slot: Some(13) }
[script liver8uhxy_0] interact UseOn { name: "Guam leaf", kind: "inv", target_name: Some("Vial of water"), x: 0, z: 0, level: 0, index: None, source_item_id: Some(249), source_item_slot: Some(27), target_item_id: Some(227), target_item_slot: Some(13) }
[script liver8uhxy_0] interact UseOn { name: "Guam leaf", kind: "inv", target_name: Some("Vial of water"), x: 0, z: 0, level: 0, index: None, source_item_id: Some(249), source_item_slot: Some(27), target_item_id: Some(227), target_item_slot: Some(13) }
[script liver8uhxy_0] interact UseOn { name: "Guam leaf", kind: "inv", target_name: Some("Vial of water"), x: 0, z: 0, level: 0, index: None, source_item_id: Some(249), source_item_slot: Some(27), target_item_id: Some(227), target_item_slot: Some(13) }
[host] slot liver8uhxy_0: d_loop_us=819 d_raster_us=0 d_observe_us=56430 max_observe_us=10813 d_paints=0 d_skips=50 d_ticks=2 window_ms=1196
[host] slot liver8uhxy_0: d_loop_us=919 d_raster_us=0 d_observe_us=55770 max_observe_us=11368 d_paints=0 d_skips=50 d_ticks=2 window_ms=1198
[script liver8uhxy_0] interact OpenBooth { x: 3186, z: 3440, level: 0, id: 2213, name: None, action: None }
[host] slot liver8uhxy_0: d_loop_us=951 d_raster_us=0 d_observe_us=49736 max_observe_us=8299 d_paints=0 d_skips=50 d_ticks=2 window_ms=1189
[host] slot liver8uhxy_0: d_loop_us=911 d_raster_us=0 d_observe_us=55992 max_observe_us=10373 d_paints=0 d_skips=50 d_ticks=2 window_ms=1178
[script liver8uhxy_0] interact Close
[shim-close] sent
[host] slot liver8uhxy_0: d_loop_us=820 d_raster_us=0 d_observe_us=56066 max_observe_us=11033 d_paints=0 d_skips=50 d_ticks=2 window_ms=1205
[script liver8uhxy_0] interact UseOn { name: "Eye of newt", kind: "inv", target_name: Some("Unfinished potion"), x: 0, z: 0, level: 0, index: None, source_item_id: Some(221), source_item_slot: Some(27), target_item_id: Some(91), target_item_slot: Some(13) }
[script liver8uhxy_0] interact UseOn { name: "Eye of newt", kind: "inv", target_name: Some("Unfinished potion"), x: 0, z: 0, level: 0, index: None, source_item_id: Some(221), source_item_slot: Some(27), target_item_id: Some(91), target_item_slot: Some(13) }
[script liver8uhxy_0] interact UseOn { name: "Eye of newt", kind: "inv", target_name: Some("Unfinished potion"), x: 0, z: 0, level: 0, index: None, source_item_id: Some(221), source_item_slot: Some(27), target_item_id: Some(91), target_item_slot: Some(13) }
[script liver8uhxy_0] interact UseOn { name: "Eye of newt", kind: "inv", target_name: Some("Unfinished potion"), x: 0, z: 0, level: 0, index: None, source_item_id: Some(221), source_item_slot: Some(27), target_item_id: Some(91), target_item_slot: Some(13) }
[script liver8uhxy_0] interact UseOn { name: "Eye of newt", kind: "inv", target_name: Some("Unfinished potion"), x: 0, z: 0, level: 0, index: None, source_item_id: Some(221), source_item_slot: Some(27), target_item_id: Some(91), target_item_slot: Some(13) }
[script liver8uhxy_0] interact UseOn { name: "Eye of newt", kind: "inv", target_name: Some("Unfinished potion"), x: 0, z: 0, level: 0, index: None, source_item_id: Some(221), source_item_slot: Some(27), target_item_id: Some(91), target_item_slot: Some(13) }
[script liver8uhxy_0] interact UseOn { name: "Eye of newt", kind: "inv", target_name: Some("Unfinished potion"), x: 0, z: 0, level: 0, index: None, source_item_id: Some(221), source_item_slot: Some(27), target_item_id: Some(91), target_item_slot: Some(13) }
[script liver8uhxy_0] interact UseOn { name: "Eye of newt", kind: "inv", target_name: Some("Unfinished potion"), x: 0, z: 0, level: 0, index: None, source_item_id: Some(221), source_item_slot: Some(27), target_item_id: Some(91), target_item_slot: Some(13) }
[script liver8uhxy_0] interact UseOn { name: "Eye of newt", kind: "inv", target_name: Some("Unfinished potion"), x: 0, z: 0, level: 0, index: None, source_item_id: Some(221), source_item_slot: Some(27), target_item_id: Some(91), target_item_slot: Some(13) }
[script liver8uhxy_0] interact UseOn { name: "Eye of newt", kind: "inv", target_name: Some("Unfinished potion"), x: 0, z: 0, level: 0, index: None, source_item_id: Some(221), source_item_slot: Some(27), target_item_id: Some(91), target_item_slot: Some(13) }
[script liver8uhxy_0] interact UseOn { name: "Eye of newt", kind: "inv", target_name: Some("Unfinished potion"), x: 0, z: 0, level: 0, index: None, source_item_id: Some(221), source_item_slot: Some(27), target_item_id: Some(91), target_item_slot: Some(13) }
[script liver8uhxy_0] interact UseOn { name: "Eye of newt", kind: "inv", target_name: Some("Unfinished potion"), x: 0, z: 0, level: 0, index: None, source_item_id: Some(221), source_item_slot: Some(27), target_item_id: Some(91), target_item_slot: Some(13) }
[script liver8uhxy_0] interact UseOn { name: "Eye of newt", kind: "inv", target_name: Some("Unfinished potion"), x: 0, z: 0, level: 0, index: None, source_item_id: Some(221), source_item_slot: Some(27), target_item_id: Some(91), target_item_slot: Some(13) }
[script liver8uhxy_0] interact UseOn { name: "Eye of newt", kind: "inv", target_name: Some("Unfinished potion"), x: 0, z: 0, level: 0, index: None, source_item_id: Some(221), source_item_slot: Some(27), target_item_id: Some(91), target_item_slot: Some(13) }
[script liver8uhxy_0] interact UseOn { name: "Eye of newt", kind: "inv", target_name: Some("Unfinished potion"), x: 0, z: 0, level: 0, index: None, source_item_id: Some(221), source_item_slot: Some(27), target_item_id: Some(91), target_item_slot: Some(13) }
[script liver8uhxy_0] interact UseOn { name: "Eye of newt", kind: "inv", target_name: Some("Unfinished potion"), x: 0, z: 0, level: 0, index: None, source_item_id: Some(221), source_item_slot: Some(27), target_item_id: Some(91), target_item_slot: Some(13) }
[script liver8uhxy_0] interact UseOn { name: "Eye of newt", kind: "inv", target_name: Some("Unfinished potion"), x: 0, z: 0, level: 0, index: None, source_item_id: Some(221), source_item_slot: Some(27), target_item_id: Some(91), target_item_slot: Some(13) }
[script liver8uhxy_0] interact UseOn { name: "Eye of newt", kind: "inv", target_name: Some("Unfinished potion"), x: 0, z: 0, level: 0, index: None, source_item_id: Some(221), source_item_slot: Some(27), target_item_id: Some(91), target_item_slot: Some(13) }
[script liver8uhxy_0] interact UseOn { name: "Eye of newt", kind: "inv", target_name: Some("Unfinished potion"), x: 0, z: 0, level: 0, index: None, source_item_id: Some(221), source_item_slot: Some(27), target_item_id: Some(91), target_item_slot: Some(13) }
[script liver8uhxy_0] interact UseOn { name: "Eye of newt", kind: "inv", target_name: Some("Unfinished potion"), x: 0, z: 0, level: 0, index: None, source_item_id: Some(221), source_item_slot: Some(27), target_item_id: Some(91), target_item_slot: Some(13) }
[script liver8uhxy_0] interact UseOn { name: "Eye of newt", kind: "inv", target_name: Some("Unfinished potion"), x: 0, z: 0, level: 0, index: None, source_item_id: Some(221), source_item_slot: Some(27), target_item_id: Some(91), target_item_slot: Some(13) }
[script liver8uhxy_0] interact UseOn { name: "Eye of newt", kind: "inv", target_name: Some("Unfinished potion"), x: 0, z: 0, level: 0, index: None, source_item_id: Some(221), source_item_slot: Some(27), target_item_id: Some(91), target_item_slot: Some(13) }
[script liver8uhxy_0] interact UseOn { name: "Eye of newt", kind: "inv", target_name: Some("Unfinished potion"), x: 0, z: 0, level: 0, index: None, source_item_id: Some(221), source_item_slot: Some(27), target_item_id: Some(91), target_item_slot: Some(13) }
[script liver8uhxy_0] interact UseOn { name: "Eye of newt", kind: "inv", target_name: Some("Unfinished potion"), x: 0, z: 0, level: 0, index: None, source_item_id: Some(221), source_item_slot: Some(27), target_item_id: Some(91), target_item_slot: Some(13) }
[script liver8uhxy_0] interact UseOn { name: "Eye of newt", kind: "inv", target_name: Some("Unfinished potion"), x: 0, z: 0, level: 0, index: None, source_item_id: Some(221), source_item_slot: Some(27), target_item_id: Some(91), target_item_slot: Some(13) }
[script liver8uhxy_0] interact UseOn { name: "Eye of newt", kind: "inv", target_name: Some("Unfinished potion"), x: 0, z: 0, level: 0, index: None, source_item_id: Some(221), source_item_slot: Some(27), target_item_id: Some(91), target_item_slot: Some(13) }
[script liver8uhxy_0] interact UseOn { name: "Eye of newt", kind: "inv", target_name: Some("Unfinished potion"), x: 0, z: 0, level: 0, index: None, source_item_id: Some(221), source_item_slot: Some(27), target_item_id: Some(91), target_item_slot: Some(13) }
[script liver8uhxy_0] interact UseOn { name: "Eye of newt", kind: "inv", target_name: Some("Unfinished potion"), x: 0, z: 0, level: 0, index: None, source_item_id: Some(221), source_item_slot: Some(27), target_item_id: Some(91), target_item_slot: Some(13) }
[script liver8uhxy_0] interact UseOn { name: "Eye of newt", kind: "inv", target_name: Some("Unfinished potion"), x: 0, z: 0, level: 0, index: None, source_item_id: Some(221), source_item_slot: Some(27), target_item_id: Some(91), target_item_slot: Some(13) }
[script liver8uhxy_0] interact UseOn { name: "Eye of newt", kind: "inv", target_name: Some("Unfinished potion"), x: 0, z: 0, level: 0, index: None, source_item_id: Some(221), source_item_slot: Some(27), target_item_id: Some(91), target_item_slot: Some(13) }
[script liver8uhxy_0] interact UseOn { name: "Eye of newt", kind: "inv", target_name: Some("Unfinished potion"), x: 0, z: 0, level: 0, index: None, source_item_id: Some(221), source_item_slot: Some(27), target_item_id: Some(91), target_item_slot: Some(13) }
[script liver8uhxy_0] interact UseOn { name: "Eye of newt", kind: "inv", target_name: Some("Unfinished potion"), x: 0, z: 0, level: 0, index: None, source_item_id: Some(221), source_item_slot: Some(27), target_item_id: Some(91), target_item_slot: Some(13) }
[script liver8uhxy_0] interact UseOn { name: "Eye of newt", kind: "inv", target_name: Some("Unfinished potion"), x: 0, z: 0, level: 0, index: None, source_item_id: Some(221), source_item_slot: Some(27), target_item_id: Some(91), target_item_slot: Some(13) }
[script liver8uhxy_0] interact UseOn { name: "Eye of newt", kind: "inv", target_name: Some("Unfinished potion"), x: 0, z: 0, level: 0, index: None, source_item_id: Some(221), source_item_slot: Some(27), target_item_id: Some(91), target_item_slot: Some(13) }
[script liver8uhxy_0] interact UseOn { name: "Eye of newt", kind: "inv", target_name: Some("Unfinished potion"), x: 0, z: 0, level: 0, index: None, source_item_id: Some(221), source_item_slot: Some(27), target_item_id: Some(91), target_item_slot: Some(13) }
[script liver8uhxy_0] interact UseOn { name: "Eye of newt", kind: "inv", target_name: Some("Unfinished potion"), x: 0, z: 0, level: 0, index: None, source_item_id: Some(221), source_item_slot: Some(27), target_item_id: Some(91), target_item_slot: Some(13) }
[script liver8uhxy_0] interact UseOn { name: "Eye of newt", kind: "inv", target_name: Some("Unfinished potion"), x: 0, z: 0, level: 0, index: None, source_item_id: Some(221), source_item_slot: Some(27), target_item_id: Some(91), target_item_slot: Some(13) }
[script liver8uhxy_0] interact UseOn { name: "Eye of newt", kind: "inv", target_name: Some("Unfinished potion"), x: 0, z: 0, level: 0, index: None, source_item_id: Some(221), source_item_slot: Some(27), target_item_id: Some(91), target_item_slot: Some(13) }
[script liver8uhxy_0] interact UseOn { name: "Eye of newt", kind: "inv", target_name: Some("Unfinished potion"), x: 0, z: 0, level: 0, index: None, source_item_id: Some(221), source_item_slot: Some(27), target_item_id: Some(91), target_item_slot: Some(13) }
[script liver8uhxy_0] interact UseOn { name: "Eye of newt", kind: "inv", target_name: Some("Unfinished potion"), x: 0, z: 0, level: 0, index: None, source_item_id: Some(221), source_item_slot: Some(27), target_item_id: Some(91), target_item_slot: Some(13) }
[script liver8uhxy_0] interact UseOn { name: "Eye of newt", kind: "inv", target_name: Some("Unfinished potion"), x: 0, z: 0, level: 0, index: None, source_item_id: Some(221), source_item_slot: Some(27), target_item_id: Some(91), target_item_slot: Some(13) }
[script liver8uhxy_0] interact UseOn { name: "Eye of newt", kind: "inv", target_name: Some("Unfinished potion"), x: 0, z: 0, level: 0, index: None, source_item_id: Some(221), source_item_slot: Some(27), target_item_id: Some(91), target_item_slot: Some(13) }
[script liver8uhxy_0] interact UseOn { name: "Eye of newt", kind: "inv", target_name: Some("Unfinished potion"), x: 0, z: 0, level: 0, index: None, source_item_id: Some(221), source_item_slot: Some(27), target_item_id: Some(91), target_item_slot: Some(13) }
[script liver8uhxy_0] interact UseOn { name: "Eye of newt", kind: "inv", target_name: Some("Unfinished potion"), x: 0, z: 0, level: 0, index: None, source_item_id: Some(221), source_item_slot: Some(27), target_item_id: Some(91), target_item_slot: Some(13) }
[script liver8uhxy_0] interact UseOn { name: "Eye of newt", kind: "inv", target_name: Some("Unfinished potion"), x: 0, z: 0, level: 0, index: None, source_item_id: Some(221), source_item_slot: Some(27), target_item_id: Some(91), target_item_slot: Some(13) }
[script liver8uhxy_0] interact UseOn { name: "Eye of newt", kind: "inv", target_name: Some("Unfinished potion"), x: 0, z: 0, level: 0, index: None, source_item_id: Some(221), source_item_slot: Some(27), target_item_id: Some(91), target_item_slot: Some(13) }
[script liver8uhxy_0] interact UseOn { name: "Eye of newt", kind: "inv", target_name: Some("Unfinished potion"), x: 0, z: 0, level: 0, index: None, source_item_id: Some(221), source_item_slot: Some(27), target_item_id: Some(91), target_item_slot: Some(13) }
[script liver8uhxy_0] interact UseOn { name: "Eye of newt", kind: "inv", target_name: Some("Unfinished potion"), x: 0, z: 0, level: 0, index: None, source_item_id: Some(221), source_item_slot: Some(27), target_item_id: Some(91), target_item_slot: Some(13) }
[script liver8uhxy_0] interact UseOn { name: "Eye of newt", kind: "inv", target_name: Some("Unfinished potion"), x: 0, z: 0, level: 0, index: None, source_item_id: Some(221), source_item_slot: Some(27), target_item_id: Some(91), target_item_slot: Some(13) }
[script liver8uhxy_0] interact UseOn { name: "Eye of newt", kind: "inv", target_name: Some("Unfinished potion"), x: 0, z: 0, level: 0, index: None, source_item_id: Some(221), source_item_slot: Some(27), target_item_id: Some(91), target_item_slot: Some(13) }
[script liver8uhxy_0] interact UseOn { name: "Eye of newt", kind: "inv", target_name: Some("Unfinished potion"), x: 0, z: 0, level: 0, index: None, source_item_id: Some(221), source_item_slot: Some(27), target_item_id: Some(91), target_item_slot: Some(13) }
[script liver8uhxy_0] interact UseOn { name: "Eye of newt", kind: "inv", target_name: Some("Unfinished potion"), x: 0, z: 0, level: 0, index: None, source_item_id: Some(221), source_item_slot: Some(27), target_item_id: Some(91), target_item_slot: Some(13) }
[script liver8uhxy_0] interact UseOn { name: "Eye of newt", kind: "inv", target_name: Some("Unfinished potion"), x: 0, z: 0, level: 0, index: None, source_item_id: Some(221), source_item_slot: Some(27), target_item_id: Some(91), target_item_slot: Some(13) }
[script liver8uhxy_0] interact UseOn { name: "Eye of newt", kind: "inv", target_name: Some("Unfinished potion"), x: 0, z: 0, level: 0, index: None, source_item_id: Some(221), source_item_slot: Some(27), target_item_id: Some(91), target_item_slot: Some(13) }
[script liver8uhxy_0] interact UseOn { name: "Eye of newt", kind: "inv", target_name: Some("Unfinished potion"), x: 0, z: 0, level: 0, index: None, source_item_id: Some(221), source_item_slot: Some(27), target_item_id: Some(91), target_item_slot: Some(13) }
[script liver8uhxy_0] interact UseOn { name: "Eye of newt", kind: "inv", target_name: Some("Unfinished potion"), x: 0, z: 0, level: 0, index: None, source_item_id: Some(221), source_item_slot: Some(27), target_item_id: Some(91), target_item_slot: Some(13) }
PASS: catalog_boundary_live: {"scenario":"potion_maker","runner":"Some(Evidence { scenario: \"potion_maker\", outcome: \"PASS\", predicate: \"has_item_id(121)>=1\", ticks: 158, elapsed_ms: 75815, message: None, tile: Some([3185, 3440, 0]), inv: [InvRow { id: 121, name: Some(\"Attack potion(3)\"), count: 1 }, InvRow { id: 121, name: Some(\"Attack potion(3)\"), count: 1 }, InvRow { id: 121, name: Some(\"Attack potion(3)\"), count: 1 }, InvRow { id: 121, name: Some(\"Attack potion(3)\"), count: 1 }, InvRow { id: 121, name: Some(\"Attack potion(3)\"), count: 1 }, InvRow { id: 91, name: Some(\"Unfinished potion\"), count: 1 }, InvRow { id: 91, name: Some(\"Unfinished potion\"), count: 1 }, InvRow { id: 91, name: Some(\"Unfinished potion\"), count: 1 }, InvRow { id: 91, name: Some(\"Unfinished potion\"), count: 1 }, InvRow { id: 91, name: Some(\"Unfinished potion\"), count: 1 }, InvRow { id: 91, name: Some(\"Unfinished potion\"), count: 1 }, InvRow { id: 91, name: Some(\"Unfinished potion\"), count: 1 }, InvRow { id: 91, name: Some(\"Unfinished potion\"), count: 1 }, InvRow { id: 91, name: Some(\"Unfinished potion\"), count: 1 }, InvRow { id: 221, name: Some(\"Eye of newt\"), count: 1 }, InvRow { id: 221, name: Some(\"Eye of newt\"), count: 1 }, InvRow { id: 221, name: Some(\"Eye of newt\"), count: 1 }, InvRow { id: 221, name: Some(\"Eye of newt\"), count: 1 }, InvRow { id: 221, name: Some(\"Eye of newt\"), count: 1 }, InvRow { id: 221, name: Some(\"Eye of newt\"), count: 1 }, InvRow { id: 221, name: Some(\"Eye of newt\"), count: 1 }, InvRow { id: 221, name: Some(\"Eye of newt\"), count: 1 }, InvRow { id: 221, name: Some(\"Eye of newt\"), count: 1 }], stat: Some(StatRow { runenergy: 100 }), chat: [ChatRow { text: \"Congratulations, you just advanced a herblore level.\", username: None }, ChatRow { text: \"You mix the eye of newt into your potion.\", username: None }, ChatRow { text: \"You mix the eye of newt into your potion.\", username: None }, ChatRow { text: \"You mix the eye of newt into your potion.\", username: None }, ChatRow { text: \"You mix the eye of newt into your potion.\", username: None }, ChatRow { text: \"You mix the eye of newt into your potion.\", username: None }, ChatRow { text: \"You put the Guam Leaf into the vial of water.\", username: None }, ChatRow { text: \"You put the Guam Leaf into the vial of water.\", username: None }, ChatRow { text: \"You put the Guam Leaf into the vial of water.\", username: None }, ChatRow { text: \"You put the Guam Leaf into the vial of water.\", username: None }, ChatRow { text: \"You put the Guam Leaf into the vial of water.\", username: None }, ChatRow { text: \"You put the Guam Leaf into the vial of water.\", username: None }, ChatRow { text: \"You put the Guam Leaf into the vial of water.\", username: None }, ChatRow { text: \"You put the Guam Leaf into the vial of water.\", username: None }, ChatRow { text: \"You put the Guam Leaf into the vial of water.\", username: None }, ChatRow { text: \"You put the Guam Leaf into the vial of water.\", username: None }, ChatRow { text: \"You put the Guam Leaf into the vial of water.\", username: None }, ChatRow { text: \"You put the Guam Leaf into the vial of water.\", username: None }, ChatRow { text: \"You put the Guam Leaf into the vial of water.\", username: None }, ChatRow { text: \"You put the Guam Leaf into the vial of water.\", username: None }, ChatRow { text: \"Congratulations, you just advanced a herblore level.\", username: None }, ChatRow { text: \"You mix the eye of newt into your potion.\", username: None }, ChatRow { text: \"You mix the eye of newt into your potion.\", username: None }, ChatRow { text: \"You mix the eye of newt into your potion.\", username: None }, ChatRow { text: \"You mix the eye of newt into your potion.\", username: None }, ChatRow { text: \"Congratulations, you just advanced a herblore level.\", username: None }, ChatRow { text: \"You mix the eye of newt into your potion.\", username: None }, ChatRow { text: \"You mix the eye of newt into your potion.\", username: None }, ChatRow { text: \"You mix the eye of newt into your potion.\", username: None }, ChatRow { text: \"You mix the eye of newt into your potion.\", username: None }, ChatRow { text: \"You mix the eye of newt into your potion.\", username: None }, ChatRow { text: \"You mix the eye of newt into your potion.\", username: None }, ChatRow { text: \"You mix the eye of newt into your potion.\", username: None }, ChatRow { text: \"You mix the eye of newt into your potion.\", username: None }, ChatRow { text: \"You mix the eye of newt into your potion.\", username: None }, ChatRow { text: \"You mix the eye of newt into your potion.\", username: None }, ChatRow { text: \"You put the Guam Leaf into the vial of water.\", username: None }, ChatRow { text: \"You put the Guam Leaf into the vial of water.\", username: None }, ChatRow { text: \"You put the Guam Leaf into the vial of water.\", username: None }, ChatRow { text: \"You put the Guam Leaf into the vial of water.\", username: None }, ChatRow { text: \"You put the Guam Leaf into the vial of water.\", username: None }, ChatRow { text: \"You put the Guam Leaf into the vial of water.\", username: None }, ChatRow { text: \"You put the Guam Leaf into the vial of water.\", username: None }, ChatRow { text: \"You put the Guam Leaf into the vial of water.\", username: None }, ChatRow { text: \"You put the Guam Leaf into the vial of water.\", username: None }, ChatRow { text: \"You put the Guam Leaf into the vial of water.\", username: None }, ChatRow { text: \"You put the Guam Leaf into the vial of water.\", username: None }, ChatRow { text: \"You put the Guam Leaf into the vial of water.\", username: None }, ChatRow { text: \"You put the Guam Leaf into the vial of water.\", username: None }, ChatRow { text: \"You put the Guam Leaf into the vial of water.\", username: None }, ChatRow { text: \"Congratulations, you just advanced a herblore level.\", username: None }, ChatRow { text: \"You mix the eye of newt into your potion.\", username: None }, ChatRow { text: \"You mix the eye of newt into your potion.\", username: None }, ChatRow { text: \"You mix the eye of newt into your potion.\", username: None }, ChatRow { text: \"You mix the eye of newt into your potion.\", username: None }, ChatRow { text: \"Congratulations, you just advanced a herblore level.\", username: None }, ChatRow { text: \"You mix the eye of newt into your potion.\", username: None }, ChatRow { text: \"You mix the eye of newt into your potion.\", username: None }, ChatRow { text: \"You mix the eye of newt into your potion.\", username: None }, ChatRow { text: \"You mix the eye of newt into your potion.\", username: None }, ChatRow { text: \"You mix the eye of newt into your potion.\", username: None }, ChatRow { text: \"Congratulations, you just advanced a herblore level.\", username: None }, ChatRow { text: \"You mix the eye of newt into your potion.\", username: None }, ChatRow { text: \"You mix the eye of newt into your potion.\", username: None }, ChatRow { text: \"You mix the eye of newt into your potion.\", username: None }, ChatRow { text: \"You mix the eye of newt into your potion.\", username: None }, ChatRow { text: \"You mix the eye of newt into your potion.\", username: None }, ChatRow { text: \"You put the Guam Leaf into the vial of water.\", username: None }, ChatRow { text: \"You put the Guam Leaf into the vial of water.\", username: None }, ChatRow { text: \"You put the Guam Leaf into the vial of water.\", username: None }, ChatRow { text: \"You put the Guam Leaf into the vial of water.\", username: None }, ChatRow { text: \"You put the Guam Leaf into the vial of water.\", username: None }, ChatRow { text: \"You put the Guam Leaf into the vial of water.\", username: None }, ChatRow { text: \"You put the Guam Leaf into the vial of water.\", username: None }, ChatRow { text: \"You put the Guam Leaf into the vial of water.\", username: None }, ChatRow { text: \"You put the Guam Leaf into the vial of water.\", username: None }, ChatRow { text: \"You put the Guam Leaf into the vial of water.\", username: None }, ChatRow { text: \"You put the Guam Leaf into the vial of water.\", username: None }, ChatRow { text: \"You put the Guam Leaf into the vial of water.\", username: None }, ChatRow { text: \"You put the Guam Leaf into the vial of water.\", username: None }, ChatRow { text: \"You put the Guam Leaf into the vial of water.\", username: None }, ChatRow { text: \"Inventory wiped.\", username: None }, ChatRow { text: \"set tutorial: to 1000\", username: None }, ChatRow { text: \"Welcome to RuneScape.\", username: None }], scene: 2 })","core":{"case":"potion_maker","baseline":{"ingame":true,"scene_state":2,"player":"Liver8uhxy 0","tile":[3185,3440,0],"tick":32,"items":{},"item_ids":{},"bank":{},"bank_ids":{},"bank_open":false,"bank_loaded":false,"bank_generation":2,"levels":{"-unused-":0,"agility":1,"attack":1,"cooking":1,"crafting":1,"defence":1,"firemaking":1,"fishing":1,"fletching":1,"herblore":3,"hitpoints":10,"magic":1,"mining":1,"prayer":1,"ranged":1,"runecraft":1,"slayer":1,"smithing":1,"strength":1,"thieving":1,"woodcutting":1},"xp":{"-unused-":0,"agility":0,"attack":0,"cooking":0,"crafting":0,"defence":0,"firemaking":0,"fishing":0,"fletching":0,"herblore":174,"hitpoints":1154,"magic":0,"mining":0,"prayer":0,"ranged":0,"runecraft":0,"slayer":0,"smithing":0,"strength":0,"thieving":0,"woodcutting":0},"chat":[[8,"Inventory wiped."],[7,"set tutorial: to 1000"],[6,"Welcome to RuneScape."]],"loc_facts":[{"id":1533,"x":3183,"z":3434,"level":0,"name":"Door","open":true}],"equipment_ids":{}},"latest":{"ingame":true,"scene_state":2,"player":"Liver8uhxy 0","tile":[3185,3440,0],"tick":105,"items":{"Attack potion(3)":5,"Eye of newt":9,"Unfinished potion":9},"item_ids":{"91":9,"121":5,"221":9},"bank":{},"bank_ids":{},"bank_open":false,"bank_loaded":false,"bank_generation":14,"levels":{"-unused-":0,"agility":1,"attack":1,"cooking":1,"crafting":1,"defence":1,"firemaking":1,"fishing":1,"fletching":1,"herblore":9,"hitpoints":10,"magic":1,"mining":1,"prayer":1,"ranged":1,"runecraft":1,"slayer":1,"smithing":1,"strength":1,"thieving":1,"woodcutting":1},"xp":{"-unused-":0,"agility":0,"attack":0,"cooking":0,"crafting":0,"defence":0,"firemaking":0,"fishing":0,"fletching":0,"herblore":999,"hitpoints":1154,"magic":0,"mining":0,"prayer":0,"ranged":0,"runecraft":0,"slayer":0,"smithing":0,"strength":0,"thieving":0,"woodcutting":0},"chat":[[89,"Congratulations, you just advanced a herblore level."],[88,"You mix the eye of newt into your potion."],[87,"You mix the eye of newt into your potion."],[86,"You mix the eye of newt into your potion."],[85,"You mix the eye of newt into your potion."],[84,"You mix the eye of newt into your potion."],[83,"You put the Guam Leaf into the vial of water."],[82,"You put the Guam Leaf into the vial of water."],[81,"You put the Guam Leaf into the vial of water."],[80,"You put the Guam Leaf into the vial of water."],[79,"You put the Guam Leaf into the vial of water."],[78,"You put the Guam Leaf into the vial of water."],[77,"You put the Guam Leaf into the vial of water."],[76,"You put the Guam Leaf into the vial of water."],[75,"You put the Guam Leaf into the vial of water."],[74,"You put the Guam Leaf into the vial of water."],[73,"You put the Guam Leaf into the vial of water."],[72,"You put the Guam Leaf into the vial of water."],[71,"You put the Guam Leaf into the vial of water."],[70,"You put the Guam Leaf into the vial of water."],[69,"Congratulations, you just advanced a herblore level."],[68,"You mix the eye of newt into your potion."],[67,"You mix the eye of newt into your potion."],[66,"You mix the eye of newt into your potion."],[65,"You mix the eye of newt into your potion."],[64,"Congratulations, you just advanced a herblore level."],[63,"You mix the eye of newt into your potion."],[62,"You mix the eye of newt into your potion."],[61,"You mix the eye of newt into your potion."],[60,"You mix the eye of newt into your potion."],[59,"You mix the eye of newt into your potion."],[58,"You mix the eye of newt into your potion."],[57,"You mix the eye of newt into your potion."],[56,"You mix the eye of newt into your potion."],[55,"You mix the eye of newt into your potion."],[54,"You mix the eye of newt into your potion."],[53,"You put the Guam Leaf into the vial of water."],[52,"You put the Guam Leaf into the vial of water."],[51,"You put the Guam Leaf into the vial of water."],[50,"You put the Guam Leaf into the vial of water."],[49,"You put the Guam Leaf into the vial of water."],[48,"You put the Guam Leaf into the vial of water."],[47,"You put the Guam Leaf into the vial of water."],[46,"You put the Guam Leaf into the vial of water."],[45,"You put the Guam Leaf into the vial of water."],[44,"You put the Guam Leaf into the vial of water."],[43,"You put the Guam Leaf into the vial of water."],[42,"You put the Guam Leaf into the vial of water."],[41,"You put the Guam Leaf into the vial of water."],[40,"You put the Guam Leaf into the vial of water."],[39,"Congratulations, you just advanced a herblore level."],[38,"You mix the eye of newt into your potion."],[37,"You mix the eye of newt into your potion."],[36,"You mix the eye of newt into your potion."],[35,"You mix the eye of newt into your potion."],[34,"Congratulations, you just advanced a herblore level."],[33,"You mix the eye of newt into your potion."],[32,"You mix the eye of newt into your potion."],[31,"You mix the eye of newt into your potion."],[30,"You mix the eye of newt into your potion."],[29,"You mix the eye of newt into your potion."],[28,"Congratulations, you just advanced a herblore level."],[27,"You mix the eye of newt into your potion."],[26,"You mix the eye of newt into your potion."],[25,"You mix the eye of newt into your potion."],[24,"You mix the eye of newt into your potion."],[23,"You mix the eye of newt into your potion."],[22,"You put the Guam Leaf into the vial of water."],[21,"You put the Guam Leaf into the vial of water."],[20,"You put the Guam Leaf into the vial of water."],[19,"You put the Guam Leaf into the vial of water."],[18,"You put the Guam Leaf into the vial of water."],[17,"You put the Guam Leaf into the vial of water."],[16,"You put the Guam Leaf into the vial of water."],[15,"You put the Guam Leaf into the vial of water."],[14,"You put the Guam Leaf into the vial of water."],[13,"You put the Guam Leaf into the vial of water."],[12,"You put the Guam Leaf into the vial of water."],[11,"You put the Guam Leaf into the vial of water."],[10,"You put the Guam Leaf into the vial of water."],[9,"You put the Guam Leaf into the vial of water."],[8,"Inventory wiped."],[7,"set tutorial: to 1000"],[6,"Welcome to RuneScape."]],"loc_facts":[{"id":1533,"x":3183,"z":3434,"level":0,"name":"Door","open":true}],"equipment_ids":{}},"max_items":{"Attack potion(3)":14,"Eye of newt":14,"Guam leaf":14,"Unfinished potion":14,"Vial of water":14},"max_xp":{"-unused-":0,"agility":0,"attack":0,"cooking":0,"crafting":0,"defence":0,"firemaking":0,"fishing":0,"fletching":0,"herblore":999,"hitpoints":1154,"magic":0,"mining":0,"prayer":0,"ranged":0,"runecraft":0,"slayer":0,"smithing":0,"strength":0,"thieving":0,"woodcutting":0},"saw_bury_chat":false,"post_start_observations":1819,"bone_bank_cycle":{"first_batch_buried":false,"opened":null,"withdrawn":null,"buried_after_withdrawal":false},"bank_fletcher_cycle":{"first_pack_created":false,"deposited":null,"withdrawn":null,"crafted_after_withdrawal":false},"bank_fletcher_string_cycle":{"initial_pairs_strung":false,"deposited":null,"withdrawn":null,"strung_after_withdrawal":false},"bank_fletcher_cut_string_cycle":{"cut_pair_created":false,"deposited":null,"withdrawn":null,"string_pair_created":false},"alcher_generated_custom_cycle":{"withdrawn":null,"consumed":false},"dart_fletcher_cycle":{"first":null,"further":false,"wrong_tier":false},"herb_cleaner_cycle":{"first_pack":false,"deposited":null,"withdrawn":null,"cleaned_after_withdrawal":false,"filter_violated":false},"gem_cutter_cycle":{"first_pack":false,"deposited":null,"withdrawn":null,"cut_after_withdrawal":false,"filter_violated":false},"door_opener_cycle":{"selected":null,"opened":false},"gnome_course_cycle":{"log":null,"ground_return":null,"pipe":null,"second_lap":false},"flax_picker_cycle":{"first_pack":false,"deposited":null,"returned":false,"further":false},"superheater_cycle":{"first_bars":false,"deposited":null,"withdrawn":null,"produced_after_withdrawal":false,"wrong_product":false,"wrong_staff":false},"chicken_killer_bank_cycle":{"combat_loot":false,"deposited":null,"returned":false,"further":false},"vial_filler_cycle":{"filled":null,"deposited":null,"withdrawn":null,"returned":false,"further":false},"potion_maker_cycle":{"unfinished":{"ingame":true,"scene_state":2,"player":"Liver8uhxy 0","tile":[3185,3440,0],"tick":42,"items":{"Guam leaf":9,"Unfinished potion":5,"Vial of water":9},"item_ids":{"91":5,"227":9,"249":9},"bank":{},"bank_ids":{},"bank_open":false,"bank_loaded":false,"bank_generation":4,"levels":{"-unused-":0,"agility":1,"attack":1,"cooking":1,"crafting":1,"defence":1,"firemaking":1,"fishing":1,"fletching":1,"herblore":3,"hitpoints":10,"magic":1,"mining":1,"prayer":1,"ranged":1,"runecraft":1,"slayer":1,"smithing":1,"strength":1,"thieving":1,"woodcutting":1},"xp":{"-unused-":0,"agility":0,"attack":0,"cooking":0,"crafting":0,"defence":0,"firemaking":0,"fishing":0,"fletching":0,"herblore":174,"hitpoints":1154,"magic":0,"mining":0,"prayer":0,"ranged":0,"runecraft":0,"slayer":0,"smithing":0,"strength":0,"thieving":0,"woodcutting":0},"chat":[[13,"You put the Guam Leaf into the vial of water."],[12,"You put the Guam Leaf into the vial of water."],[11,"You put the Guam Leaf into the vial of water."],[10,"You put the Guam Leaf into the vial of water."],[9,"You put the Guam Leaf into the vial of water."],[8,"Inventory wiped."],[7,"set tutorial: to 1000"],[6,"Welcome to RuneScape."]],"loc_facts":[{"id":1533,"x":3183,"z":3434,"level":0,"name":"Door","open":true}],"equipment_ids":{}},"finished":{"ingame":true,"scene_state":2,"player":"Liver8uhxy 0","tile":[3185,3440,0],"tick":53,"items":{"Attack potion(3)":10,"Eye of newt":4,"Unfinished potion":4},"item_ids":{"91":4,"121":10,"221":4},"bank":{},"bank_ids":{},"bank_open":false,"bank_loaded":false,"bank_generation":6,"levels":{"-unused-":0,"agility":1,"attack":1,"cooking":1,"crafting":1,"defence":1,"firemaking":1,"fishing":1,"fletching":1,"herblore":5,"hitpoints":10,"magic":1,"mining":1,"prayer":1,"ranged":1,"runecraft":1,"slayer":1,"smithing":1,"strength":1,"thieving":1,"woodcutting":1},"xp":{"-unused-":0,"agility":0,"attack":0,"cooking":0,"crafting":0,"defence":0,"firemaking":0,"fishing":0,"fletching":0,"herblore":424,"hitpoints":1154,"magic":0,"mining":0,"prayer":0,"ranged":0,"runecraft":0,"slayer":0,"smithing":0,"strength":0,"thieving":0,"woodcutting":0},"chat":[[34,"Congratulations, you just advanced a herblore level."],[33,"You mix the eye of newt into your potion."],[32,"You mix the eye of newt into your potion."],[31,"You mix the eye of newt into your potion."],[30,"You mix the eye of newt into your potion."],[29,"You mix the eye of newt into your potion."],[28,"Congratulations, you just advanced a herblore level."],[27,"You mix the eye of newt into your potion."],[26,"You mix the eye of newt into your potion."],[25,"You mix the eye of newt into your potion."],[24,"You mix the eye of newt into your potion."],[23,"You mix the eye of newt into your potion."],[22,"You put the Guam Leaf into the vial of water."],[21,"You put the Guam Leaf into the vial of water."],[20,"You put the Guam Leaf into the vial of water."],[19,"You put the Guam Leaf into the vial of water."],[18,"You put the Guam Leaf into the vial of water."],[17,"You put the Guam Leaf into the vial of water."],[16,"You put the Guam Leaf into the vial of water."],[15,"You put the Guam Leaf into the vial of water."],[14,"You put the Guam Leaf into the vial of water."],[13,"You put the Guam Leaf into the vial of water."],[12,"You put the Guam Leaf into the vial of water."],[11,"You put the Guam Leaf into the vial of water."],[10,"You put the Guam Leaf into the vial of water."],[9,"You put the Guam Leaf into the vial of water."],[8,"Inventory wiped."],[7,"set tutorial: to 1000"],[6,"Welcome to RuneScape."]],"loc_facts":[{"id":1533,"x":3183,"z":3434,"level":0,"name":"Door","open":true}],"equipment_ids":{}},"deposited":{"ingame":true,"scene_state":2,"player":"Liver8uhxy 0","tile":[3185,3440,0],"tick":58,"items":{},"item_ids":{},"bank":{"Attack potion(3)":14,"Eye of newt":28,"Guam leaf":28,"Vial of water":28},"bank_ids":{"121":14,"221":28,"227":28,"249":28},"bank_open":true,"bank_loaded":true,"bank_generation":7,"levels":{"-unused-":0,"agility":1,"attack":1,"cooking":1,"crafting":1,"defence":1,"firemaking":1,"fishing":1,"fletching":1,"herblore":6,"hitpoints":10,"magic":1,"mining":1,"prayer":1,"ranged":1,"runecraft":1,"slayer":1,"smithing":1,"strength":1,"thieving":1,"woodcutting":1},"xp":{"-unused-":0,"agility":0,"attack":0,"cooking":0,"crafting":0,"defence":0,"firemaking":0,"fishing":0,"fletching":0,"herblore":524,"hitpoints":1154,"magic":0,"mining":0,"prayer":0,"ranged":0,"runecraft":0,"slayer":0,"smithing":0,"strength":0,"thieving":0,"woodcutting":0},"chat":[[39,"Congratulations, you just advanced a herblore level."],[38,"You mix the eye of newt into your potion."],[37,"You mix the eye of newt into your potion."],[36,"You mix the eye of newt into your potion."],[35,"You mix the eye of newt into your potion."],[34,"Congratulations, you just advanced a herblore level."],[33,"You mix the eye of newt into your potion."],[32,"You mix the eye of newt into your potion."],[31,"You mix the eye of newt into your potion."],[30,"You mix the eye of newt into your potion."],[29,"You mix the eye of newt into your potion."],[28,"Congratulations, you just advanced a herblore level."],[27,"You mix the eye of newt into your potion."],[26,"You mix the eye of newt into your potion."],[25,"You mix the eye of newt into your potion."],[24,"You mix the eye of newt into your potion."],[23,"You mix the eye of newt into your potion."],[22,"You put the Guam Leaf into the vial of water."],[21,"You put the Guam Leaf into the vial of water."],[20,"You put the Guam Leaf into the vial of water."],[19,"You put the Guam Leaf into the vial of water."],[18,"You put the Guam Leaf into the vial of water."],[17,"You put the Guam Leaf into the vial of water."],[16,"You put the Guam Leaf into the vial of water."],[15,"You put the Guam Leaf into the vial of water."],[14,"You put the Guam Leaf into the vial of water."],[13,"You put the Guam Leaf into the vial of water."],[12,"You put the Guam Leaf into the vial of water."],[11,"You put the Guam Leaf into the vial of water."],[10,"You put the Guam Leaf into the vial of water."],[9,"You put the Guam Leaf into the vial of water."],[8,"Inventory wiped."],[7,"set tutorial: to 1000"],[6,"Welcome to RuneScape."]],"loc_facts":[{"id":1533,"x":3183,"z":3434,"level":0,"name":"Door","open":true}],"equipment_ids":{}},"withdrawn":{"ingame":true,"scene_state":2,"player":"Liver8uhxy 0","tile":[3185,3440,0],"tick":66,"items":{"Guam leaf":14,"Vial of water":14},"item_ids":{"227":14,"249":14},"bank":{"Attack potion(3)":14,"Eye of newt":28,"Guam leaf":14,"Vial of water":14},"bank_ids":{"121":14,"221":28,"227":14,"249":14},"bank_open":true,"bank_loaded":true,"bank_generation":7,"levels":{"-unused-":0,"agility":1,"attack":1,"cooking":1,"crafting":1,"defence":1,"firemaking":1,"fishing":1,"fletching":1,"herblore":6,"hitpoints":10,"magic":1,"mining":1,"prayer":1,"ranged":1,"runecraft":1,"slayer":1,"smithing":1,"strength":1,"thieving":1,"woodcutting":1},"xp":{"-unused-":0,"agility":0,"attack":0,"cooking":0,"crafting":0,"defence":0,"firemaking":0,"fishing":0,"fletching":0,"herblore":524,"hitpoints":1154,"magic":0,"mining":0,"prayer":0,"ranged":0,"runecraft":0,"slayer":0,"smithing":0,"strength":0,"thieving":0,"woodcutting":0},"chat":[[39,"Congratulations, you just advanced a herblore level."],[38,"You mix the eye of newt into your potion."],[37,"You mix the eye of newt into your potion."],[36,"You mix the eye of newt into your potion."],[35,"You mix the eye of newt into your potion."],[34,"Congratulations, you just advanced a herblore level."],[33,"You mix the eye of newt into your potion."],[32,"You mix the eye of newt into your potion."],[31,"You mix the eye of newt into your potion."],[30,"You mix the eye of newt into your potion."],[29,"You mix the eye of newt into your potion."],[28,"Congratulations, you just advanced a herblore level."],[27,"You mix the eye of newt into your potion."],[26,"You mix the eye of newt into your potion."],[25,"You mix the eye of newt into your potion."],[24,"You mix the eye of newt into your potion."],[23,"You mix the eye of newt into your potion."],[22,"You put the Guam Leaf into the vial of water."],[21,"You put the Guam Leaf into the vial of water."],[20,"You put the Guam Leaf into the vial of water."],[19,"You put the Guam Leaf into the vial of water."],[18,"You put the Guam Leaf into the vial of water."],[17,"You put the Guam Leaf into the vial of water."],[16,"You put the Guam Leaf into the vial of water."],[15,"You put the Guam Leaf into the vial of water."],[14,"You put the Guam Leaf into the vial of water."],[13,"You put the Guam Leaf into the vial of water."],[12,"You put the Guam Leaf into the vial of water."],[11,"You put the Guam Leaf into the vial of water."],[10,"You put the Guam Leaf into the vial of water."],[9,"You put the Guam Leaf into the vial of water."],[8,"Inventory wiped."],[7,"set tutorial: to 1000"],[6,"Welcome to RuneScape."]],"loc_facts":[{"id":1533,"x":3183,"z":3434,"level":0,"name":"Door","open":true}],"equipment_ids":{}},"further":true,"wrong_product":false,"filter_violated":false},"ordered_first_exhausted":false}}
test catalog_boundary_live ... ok

test result: ok. 1 passed; 0 failed; 0 ignored; 0 measured; 23 filtered out; finished in 78.94s

