
running 1 test
{"phase":"identity","revision":289,"profile":"local-289 · 127.0.0.1:44594 · revision 289","cache_id":"c4d8ab36bcfd2a7907535b4f619e28623b0a22e98d496fd2a9620d544c5b5b09","nav_pack":"/Users/acfrazier/experiments/274bot/.worktrees/rs2b0t-multirevision/.superpowers/world-capabilities/289/274bot.navpack","nav_sha256":"131db92e32eddcb08148909d477589544320fe7e34a422e8004e97e888032924","catalog_commit":"100adccc037d9f6898080e1cad58fcfc43364775","catalog_identity":"pre-289 frozen catalog","catalog_read_only_path":".superpowers/inputs/rs2b0t-100adccc037d9f6898080e1cad58fcfc43364775","catalog_root":"/Users/acfrazier/experiments/274bot/.worktrees/rs2b0t-multirevision/.superpowers/inputs/rs2b0t-100adccc037d9f6898080e1cad58fcfc43364775","registry_path":"/Users/acfrazier/experiments/274bot/.worktrees/rs2b0t-multirevision/.superpowers/inputs/rs2b0t-100adccc037d9f6898080e1cad58fcfc43364775/src/bot/scripts/index.ts","registry_sha256":"b614aedb3d5adfdfbac3760f082273f3cf5c33fffe4ced0f2b01490ae02d1bc2","card":{"card":"PotionMaker","source_path":"/Users/acfrazier/experiments/274bot/.worktrees/rs2b0t-multirevision/.superpowers/inputs/rs2b0t-100adccc037d9f6898080e1cad58fcfc43364775/src/bot/scripts/PotionMaker/PotionMaker.ts","source_sha256":"36704aa9951b18bcb27c16d5740577937757847209daa504b0df5ecd9e758beb","compiled_sha256":"7373464469d13fd33abf4aba136425d2b788c9623379ed83c00537b1edc034d7","siblings":[{"module":"/rs2b0t/bot/scripts/bot/PotionMakerLogic.js","compiled_sha256":"cbd2edc1ce4e4419db9e94ee5fadb5fee51eb2efbd7a4dedc8c5d47761f490c1"}],"settings":{"herbCustom":"Guam leaf","secondaryCustom":"Eye of newt","herb":"Ranarr weed","secondary":"Snape grass"}},"account":"livepltcfc_0","engine_speed_ms":null}
[host-play] slot livepltcfc_0: thread up
274bot: snapshot load skipped: read /Users/acfrazier/.274bot/unpack-289/37214163f1e6ceca/models.bin: No such file or directory (os error 2)
[host-play] slot livepltcfc_0: handshake begin reconnect=false
[host-play] slot livepltcfc_0: handshake ok
[host-play] slot livepltcfc_0: queued mainland tele+setvar (scene 2)
[host] slot livepltcfc_0: d_loop_us=11671 d_raster_us=0 d_observe_us=44588 max_observe_us=3246 d_paints=0 d_skips=50 d_ticks=1 window_ms=0
[host-play] slot livepltcfc_0: handshake begin reconnect=true
[host-play] slot livepltcfc_0: handshake ok
[host] slot livepltcfc_0: d_loop_us=1428 d_raster_us=0 d_observe_us=44732 max_observe_us=3576 d_paints=0 d_skips=50 d_ticks=1 window_ms=0
[host-play] slot livepltcfc_0: queued mainland tele+setvar (scene 2)
[host] slot livepltcfc_0: d_loop_us=25145 d_raster_us=0 d_observe_us=101892 max_observe_us=10324 d_paints=0 d_skips=50 d_ticks=23 window_ms=14320
{"phase":"baseline-after-preparation","scenario":"potion_maker_named","account":"livepltcfc_0","observation":{"ingame":true,"scene_state":2,"player":"Livepltcfc 0","tile":[3185,3440,0],"tick":34,"items":{},"item_ids":{},"bank":{},"bank_ids":{},"bank_open":false,"bank_loaded":false,"bank_generation":2,"levels":{"-unused-":0,"agility":1,"attack":1,"cooking":1,"crafting":1,"defence":1,"firemaking":1,"fishing":1,"fletching":1,"herblore":38,"hitpoints":10,"magic":1,"mining":1,"prayer":1,"ranged":1,"runecraft":1,"slayer":1,"smithing":1,"strength":1,"thieving":1,"woodcutting":1},"xp":{"-unused-":0,"agility":0,"attack":0,"cooking":0,"crafting":0,"defence":0,"firemaking":0,"fishing":0,"fletching":0,"herblore":30408,"hitpoints":1154,"magic":0,"mining":0,"prayer":0,"ranged":0,"runecraft":0,"slayer":0,"smithing":0,"strength":0,"thieving":0,"woodcutting":0},"chat":[[8,"Inventory wiped."],[7,"set tutorial: to 1000"],[6,"Welcome to RuneScape."]],"loc_facts":[{"id":1533,"x":3183,"z":3434,"level":0,"name":"Door","open":true}],"equipment_ids":{}}}
[script livepltcfc_0] start load
{"phase":"start","account":"livepltcfc_0","count":1}
[host] hitch livepltcfc_0: observe_us=101845 paints=0 skips=112 ticks=34
[script livepltcfc_0] PotionMaker — Ranarr weed + Snape grass at the nearest bank
[script livepltcfc_0] interact OpenBooth { x: 3186, z: 3440, level: 0, id: 2213, name: None, action: None }
[host] slot livepltcfc_0: d_loop_us=1742 d_raster_us=0 d_observe_us=189188 max_observe_us=101845 d_paints=0 d_skips=50 d_ticks=12 window_ms=7083
[host] slot livepltcfc_0: d_loop_us=1162 d_raster_us=0 d_observe_us=79998 max_observe_us=14071 d_paints=0 d_skips=50 d_ticks=2 window_ms=1312
[host] hitch livepltcfc_0: observe_us=17703 paints=0 skips=201 ticks=39
[host] hitch livepltcfc_0: observe_us=16978 paints=0 skips=245 ticks=41
[script livepltcfc_0] interact Close
[shim-close] sent
[host] slot livepltcfc_0: d_loop_us=1269 d_raster_us=0 d_observe_us=92323 max_observe_us=17703 d_paints=0 d_skips=50 d_ticks=3 window_ms=1344
[host] hitch livepltcfc_0: observe_us=18188 paints=0 skips=267 ticks=42
[script livepltcfc_0] withdrew 14 vials of water + 14 Ranarr weed
[script livepltcfc_0] interact UseOn { name: "Ranarr weed", kind: "inv", target_name: Some("Vial of water"), x: 0, z: 0, level: 0, index: None, source_item_id: Some(257), source_item_slot: Some(27), target_item_id: Some(227), target_item_slot: Some(13) }
[script livepltcfc_0] interact UseOn { name: "Ranarr weed", kind: "inv", target_name: Some("Vial of water"), x: 0, z: 0, level: 0, index: None, source_item_id: Some(257), source_item_slot: Some(27), target_item_id: Some(227), target_item_slot: Some(13) }
[script livepltcfc_0] interact UseOn { name: "Ranarr weed", kind: "inv", target_name: Some("Vial of water"), x: 0, z: 0, level: 0, index: None, source_item_id: Some(257), source_item_slot: Some(27), target_item_id: Some(227), target_item_slot: Some(13) }
[script livepltcfc_0] interact UseOn { name: "Ranarr weed", kind: "inv", target_name: Some("Vial of water"), x: 0, z: 0, level: 0, index: None, source_item_id: Some(257), source_item_slot: Some(27), target_item_id: Some(227), target_item_slot: Some(13) }
[script livepltcfc_0] interact UseOn { name: "Ranarr weed", kind: "inv", target_name: Some("Vial of water"), x: 0, z: 0, level: 0, index: None, source_item_id: Some(257), source_item_slot: Some(27), target_item_id: Some(227), target_item_slot: Some(13) }
[script livepltcfc_0] interact UseOn { name: "Ranarr weed", kind: "inv", target_name: Some("Vial of water"), x: 0, z: 0, level: 0, index: None, source_item_id: Some(257), source_item_slot: Some(27), target_item_id: Some(227), target_item_slot: Some(13) }
[script livepltcfc_0] interact UseOn { name: "Ranarr weed", kind: "inv", target_name: Some("Vial of water"), x: 0, z: 0, level: 0, index: None, source_item_id: Some(257), source_item_slot: Some(27), target_item_id: Some(227), target_item_slot: Some(13) }
[script livepltcfc_0] interact UseOn { name: "Ranarr weed", kind: "inv", target_name: Some("Vial of water"), x: 0, z: 0, level: 0, index: None, source_item_id: Some(257), source_item_slot: Some(27), target_item_id: Some(227), target_item_slot: Some(13) }
[script livepltcfc_0] interact UseOn { name: "Ranarr weed", kind: "inv", target_name: Some("Vial of water"), x: 0, z: 0, level: 0, index: None, source_item_id: Some(257), source_item_slot: Some(27), target_item_id: Some(227), target_item_slot: Some(13) }
[script livepltcfc_0] interact UseOn { name: "Ranarr weed", kind: "inv", target_name: Some("Vial of water"), x: 0, z: 0, level: 0, index: None, source_item_id: Some(257), source_item_slot: Some(27), target_item_id: Some(227), target_item_slot: Some(13) }
[script livepltcfc_0] interact UseOn { name: "Ranarr weed", kind: "inv", target_name: Some("Vial of water"), x: 0, z: 0, level: 0, index: None, source_item_id: Some(257), source_item_slot: Some(27), target_item_id: Some(227), target_item_slot: Some(13) }
[script livepltcfc_0] interact UseOn { name: "Ranarr weed", kind: "inv", target_name: Some("Vial of water"), x: 0, z: 0, level: 0, index: None, source_item_id: Some(257), source_item_slot: Some(27), target_item_id: Some(227), target_item_slot: Some(13) }
[script livepltcfc_0] interact UseOn { name: "Ranarr weed", kind: "inv", target_name: Some("Vial of water"), x: 0, z: 0, level: 0, index: None, source_item_id: Some(257), source_item_slot: Some(27), target_item_id: Some(227), target_item_slot: Some(13) }
[script livepltcfc_0] interact UseOn { name: "Ranarr weed", kind: "inv", target_name: Some("Vial of water"), x: 0, z: 0, level: 0, index: None, source_item_id: Some(257), source_item_slot: Some(27), target_item_id: Some(227), target_item_slot: Some(13) }
[script livepltcfc_0] interact UseOn { name: "Ranarr weed", kind: "inv", target_name: Some("Vial of water"), x: 0, z: 0, level: 0, index: None, source_item_id: Some(257), source_item_slot: Some(27), target_item_id: Some(227), target_item_slot: Some(13) }
[script livepltcfc_0] interact UseOn { name: "Ranarr weed", kind: "inv", target_name: Some("Vial of water"), x: 0, z: 0, level: 0, index: None, source_item_id: Some(257), source_item_slot: Some(27), target_item_id: Some(227), target_item_slot: Some(13) }
[script livepltcfc_0] interact UseOn { name: "Ranarr weed", kind: "inv", target_name: Some("Vial of water"), x: 0, z: 0, level: 0, index: None, source_item_id: Some(257), source_item_slot: Some(27), target_item_id: Some(227), target_item_slot: Some(13) }
[script livepltcfc_0] interact UseOn { name: "Ranarr weed", kind: "inv", target_name: Some("Vial of water"), x: 0, z: 0, level: 0, index: None, source_item_id: Some(257), source_item_slot: Some(27), target_item_id: Some(227), target_item_slot: Some(13) }
[script livepltcfc_0] interact UseOn { name: "Ranarr weed", kind: "inv", target_name: Some("Vial of water"), x: 0, z: 0, level: 0, index: None, source_item_id: Some(257), source_item_slot: Some(27), target_item_id: Some(227), target_item_slot: Some(13) }
[script livepltcfc_0] interact UseOn { name: "Ranarr weed", kind: "inv", target_name: Some("Vial of water"), x: 0, z: 0, level: 0, index: None, source_item_id: Some(257), source_item_slot: Some(27), target_item_id: Some(227), target_item_slot: Some(13) }
[script livepltcfc_0] interact UseOn { name: "Ranarr weed", kind: "inv", target_name: Some("Vial of water"), x: 0, z: 0, level: 0, index: None, source_item_id: Some(257), source_item_slot: Some(27), target_item_id: Some(227), target_item_slot: Some(13) }
[script livepltcfc_0] interact UseOn { name: "Ranarr weed", kind: "inv", target_name: Some("Vial of water"), x: 0, z: 0, level: 0, index: None, source_item_id: Some(257), source_item_slot: Some(27), target_item_id: Some(227), target_item_slot: Some(13) }
[script livepltcfc_0] interact UseOn { name: "Ranarr weed", kind: "inv", target_name: Some("Vial of water"), x: 0, z: 0, level: 0, index: None, source_item_id: Some(257), source_item_slot: Some(27), target_item_id: Some(227), target_item_slot: Some(13) }
[script livepltcfc_0] interact UseOn { name: "Ranarr weed", kind: "inv", target_name: Some("Vial of water"), x: 0, z: 0, level: 0, index: None, source_item_id: Some(257), source_item_slot: Some(27), target_item_id: Some(227), target_item_slot: Some(13) }
[script livepltcfc_0] interact UseOn { name: "Ranarr weed", kind: "inv", target_name: Some("Vial of water"), x: 0, z: 0, level: 0, index: None, source_item_id: Some(257), source_item_slot: Some(27), target_item_id: Some(227), target_item_slot: Some(13) }
[script livepltcfc_0] interact UseOn { name: "Ranarr weed", kind: "inv", target_name: Some("Vial of water"), x: 0, z: 0, level: 0, index: None, source_item_id: Some(257), source_item_slot: Some(27), target_item_id: Some(227), target_item_slot: Some(13) }
[script livepltcfc_0] interact UseOn { name: "Ranarr weed", kind: "inv", target_name: Some("Vial of water"), x: 0, z: 0, level: 0, index: None, source_item_id: Some(257), source_item_slot: Some(27), target_item_id: Some(227), target_item_slot: Some(13) }
[script livepltcfc_0] interact UseOn { name: "Ranarr weed", kind: "inv", target_name: Some("Vial of water"), x: 0, z: 0, level: 0, index: None, source_item_id: Some(257), source_item_slot: Some(27), target_item_id: Some(227), target_item_slot: Some(13) }
[script livepltcfc_0] interact UseOn { name: "Ranarr weed", kind: "inv", target_name: Some("Vial of water"), x: 0, z: 0, level: 0, index: None, source_item_id: Some(257), source_item_slot: Some(27), target_item_id: Some(227), target_item_slot: Some(13) }
[script livepltcfc_0] interact UseOn { name: "Ranarr weed", kind: "inv", target_name: Some("Vial of water"), x: 0, z: 0, level: 0, index: None, source_item_id: Some(257), source_item_slot: Some(27), target_item_id: Some(227), target_item_slot: Some(13) }
[script livepltcfc_0] interact UseOn { name: "Ranarr weed", kind: "inv", target_name: Some("Vial of water"), x: 0, z: 0, level: 0, index: None, source_item_id: Some(257), source_item_slot: Some(27), target_item_id: Some(227), target_item_slot: Some(13) }
[script livepltcfc_0] interact UseOn { name: "Ranarr weed", kind: "inv", target_name: Some("Vial of water"), x: 0, z: 0, level: 0, index: None, source_item_id: Some(257), source_item_slot: Some(27), target_item_id: Some(227), target_item_slot: Some(13) }
[script livepltcfc_0] interact UseOn { name: "Ranarr weed", kind: "inv", target_name: Some("Vial of water"), x: 0, z: 0, level: 0, index: None, source_item_id: Some(257), source_item_slot: Some(27), target_item_id: Some(227), target_item_slot: Some(13) }
[script livepltcfc_0] interact UseOn { name: "Ranarr weed", kind: "inv", target_name: Some("Vial of water"), x: 0, z: 0, level: 0, index: None, source_item_id: Some(257), source_item_slot: Some(27), target_item_id: Some(227), target_item_slot: Some(13) }
[script livepltcfc_0] interact UseOn { name: "Ranarr weed", kind: "inv", target_name: Some("Vial of water"), x: 0, z: 0, level: 0, index: None, source_item_id: Some(257), source_item_slot: Some(27), target_item_id: Some(227), target_item_slot: Some(13) }
[script livepltcfc_0] interact UseOn { name: "Ranarr weed", kind: "inv", target_name: Some("Vial of water"), x: 0, z: 0, level: 0, index: None, source_item_id: Some(257), source_item_slot: Some(27), target_item_id: Some(227), target_item_slot: Some(13) }
[script livepltcfc_0] interact UseOn { name: "Ranarr weed", kind: "inv", target_name: Some("Vial of water"), x: 0, z: 0, level: 0, index: None, source_item_id: Some(257), source_item_slot: Some(27), target_item_id: Some(227), target_item_slot: Some(13) }
[script livepltcfc_0] interact UseOn { name: "Ranarr weed", kind: "inv", target_name: Some("Vial of water"), x: 0, z: 0, level: 0, index: None, source_item_id: Some(257), source_item_slot: Some(27), target_item_id: Some(227), target_item_slot: Some(13) }
[script livepltcfc_0] interact UseOn { name: "Ranarr weed", kind: "inv", target_name: Some("Vial of water"), x: 0, z: 0, level: 0, index: None, source_item_id: Some(257), source_item_slot: Some(27), target_item_id: Some(227), target_item_slot: Some(13) }
[script livepltcfc_0] interact UseOn { name: "Ranarr weed", kind: "inv", target_name: Some("Vial of water"), x: 0, z: 0, level: 0, index: None, source_item_id: Some(257), source_item_slot: Some(27), target_item_id: Some(227), target_item_slot: Some(13) }
[script livepltcfc_0] interact UseOn { name: "Ranarr weed", kind: "inv", target_name: Some("Vial of water"), x: 0, z: 0, level: 0, index: None, source_item_id: Some(257), source_item_slot: Some(27), target_item_id: Some(227), target_item_slot: Some(13) }
[script livepltcfc_0] interact UseOn { name: "Ranarr weed", kind: "inv", target_name: Some("Vial of water"), x: 0, z: 0, level: 0, index: None, source_item_id: Some(257), source_item_slot: Some(27), target_item_id: Some(227), target_item_slot: Some(13) }
[script livepltcfc_0] interact UseOn { name: "Ranarr weed", kind: "inv", target_name: Some("Vial of water"), x: 0, z: 0, level: 0, index: None, source_item_id: Some(257), source_item_slot: Some(27), target_item_id: Some(227), target_item_slot: Some(13) }
[script livepltcfc_0] interact UseOn { name: "Ranarr weed", kind: "inv", target_name: Some("Vial of water"), x: 0, z: 0, level: 0, index: None, source_item_id: Some(257), source_item_slot: Some(27), target_item_id: Some(227), target_item_slot: Some(13) }
[script livepltcfc_0] interact UseOn { name: "Ranarr weed", kind: "inv", target_name: Some("Vial of water"), x: 0, z: 0, level: 0, index: None, source_item_id: Some(257), source_item_slot: Some(27), target_item_id: Some(227), target_item_slot: Some(13) }
[script livepltcfc_0] interact UseOn { name: "Ranarr weed", kind: "inv", target_name: Some("Vial of water"), x: 0, z: 0, level: 0, index: None, source_item_id: Some(257), source_item_slot: Some(27), target_item_id: Some(227), target_item_slot: Some(13) }
[script livepltcfc_0] interact UseOn { name: "Ranarr weed", kind: "inv", target_name: Some("Vial of water"), x: 0, z: 0, level: 0, index: None, source_item_id: Some(257), source_item_slot: Some(27), target_item_id: Some(227), target_item_slot: Some(13) }
[script livepltcfc_0] interact UseOn { name: "Ranarr weed", kind: "inv", target_name: Some("Vial of water"), x: 0, z: 0, level: 0, index: None, source_item_id: Some(257), source_item_slot: Some(27), target_item_id: Some(227), target_item_slot: Some(13) }
[script livepltcfc_0] interact UseOn { name: "Ranarr weed", kind: "inv", target_name: Some("Vial of water"), x: 0, z: 0, level: 0, index: None, source_item_id: Some(257), source_item_slot: Some(27), target_item_id: Some(227), target_item_slot: Some(13) }
[script livepltcfc_0] interact UseOn { name: "Ranarr weed", kind: "inv", target_name: Some("Vial of water"), x: 0, z: 0, level: 0, index: None, source_item_id: Some(257), source_item_slot: Some(27), target_item_id: Some(227), target_item_slot: Some(13) }
[script livepltcfc_0] interact UseOn { name: "Ranarr weed", kind: "inv", target_name: Some("Vial of water"), x: 0, z: 0, level: 0, index: None, source_item_id: Some(257), source_item_slot: Some(27), target_item_id: Some(227), target_item_slot: Some(13) }
[script livepltcfc_0] interact UseOn { name: "Ranarr weed", kind: "inv", target_name: Some("Vial of water"), x: 0, z: 0, level: 0, index: None, source_item_id: Some(257), source_item_slot: Some(27), target_item_id: Some(227), target_item_slot: Some(13) }
[script livepltcfc_0] interact UseOn { name: "Ranarr weed", kind: "inv", target_name: Some("Vial of water"), x: 0, z: 0, level: 0, index: None, source_item_id: Some(257), source_item_slot: Some(27), target_item_id: Some(227), target_item_slot: Some(13) }
[script livepltcfc_0] interact UseOn { name: "Ranarr weed", kind: "inv", target_name: Some("Vial of water"), x: 0, z: 0, level: 0, index: None, source_item_id: Some(257), source_item_slot: Some(27), target_item_id: Some(227), target_item_slot: Some(13) }
[script livepltcfc_0] interact UseOn { name: "Ranarr weed", kind: "inv", target_name: Some("Vial of water"), x: 0, z: 0, level: 0, index: None, source_item_id: Some(257), source_item_slot: Some(27), target_item_id: Some(227), target_item_slot: Some(13) }
[script livepltcfc_0] interact UseOn { name: "Ranarr weed", kind: "inv", target_name: Some("Vial of water"), x: 0, z: 0, level: 0, index: None, source_item_id: Some(257), source_item_slot: Some(27), target_item_id: Some(227), target_item_slot: Some(13) }
[host] slot livepltcfc_0: d_loop_us=1262 d_raster_us=0 d_observe_us=90011 max_observe_us=18188 d_paints=0 d_skips=50 d_ticks=2 window_ms=1358
[host] hitch livepltcfc_0: observe_us=17257 paints=0 skips=313 ticks=44
[host] hitch livepltcfc_0: observe_us=17458 paints=0 skips=336 ticks=45
[host] slot livepltcfc_0: d_loop_us=1362 d_raster_us=0 d_observe_us=84590 max_observe_us=17458 d_paints=0 d_skips=50 d_ticks=2 window_ms=1325
[host] hitch livepltcfc_0: observe_us=19541 paints=0 skips=357 ticks=46
[host] hitch livepltcfc_0: observe_us=16052 paints=0 skips=379 ticks=47
[host] slot livepltcfc_0: d_loop_us=1309 d_raster_us=0 d_observe_us=86924 max_observe_us=19541 d_paints=0 d_skips=50 d_ticks=2 window_ms=1345
[script livepltcfc_0] interact OpenBooth { x: 3186, z: 3440, level: 0, id: 2213, name: None, action: None }
[host] hitch livepltcfc_0: observe_us=20803 paints=0 skips=424 ticks=49
[host] hitch livepltcfc_0: observe_us=16604 paints=0 skips=446 ticks=50
[host] slot livepltcfc_0: d_loop_us=1333 d_raster_us=0 d_observe_us=108595 max_observe_us=20803 d_paints=0 d_skips=50 d_ticks=3 window_ms=1332
[host] hitch livepltcfc_0: observe_us=18792 paints=0 skips=492 ticks=52
[script livepltcfc_0] interact Close
[shim-close] sent
[host] slot livepltcfc_0: d_loop_us=1160 d_raster_us=0 d_observe_us=87222 max_observe_us=18792 d_paints=0 d_skips=50 d_ticks=2 window_ms=1322
[host] hitch livepltcfc_0: observe_us=18341 paints=0 skips=514 ticks=53
[script livepltcfc_0] interact UseOn { name: "Snape grass", kind: "inv", target_name: Some("Unfinished potion"), x: 0, z: 0, level: 0, index: None, source_item_id: Some(231), source_item_slot: Some(27), target_item_id: Some(99), target_item_slot: Some(13) }
[script livepltcfc_0] interact UseOn { name: "Snape grass", kind: "inv", target_name: Some("Unfinished potion"), x: 0, z: 0, level: 0, index: None, source_item_id: Some(231), source_item_slot: Some(27), target_item_id: Some(99), target_item_slot: Some(13) }
[script livepltcfc_0] interact UseOn { name: "Snape grass", kind: "inv", target_name: Some("Unfinished potion"), x: 0, z: 0, level: 0, index: None, source_item_id: Some(231), source_item_slot: Some(27), target_item_id: Some(99), target_item_slot: Some(13) }
[script livepltcfc_0] interact UseOn { name: "Snape grass", kind: "inv", target_name: Some("Unfinished potion"), x: 0, z: 0, level: 0, index: None, source_item_id: Some(231), source_item_slot: Some(27), target_item_id: Some(99), target_item_slot: Some(13) }
[script livepltcfc_0] interact UseOn { name: "Snape grass", kind: "inv", target_name: Some("Unfinished potion"), x: 0, z: 0, level: 0, index: None, source_item_id: Some(231), source_item_slot: Some(27), target_item_id: Some(99), target_item_slot: Some(13) }
[script livepltcfc_0] interact UseOn { name: "Snape grass", kind: "inv", target_name: Some("Unfinished potion"), x: 0, z: 0, level: 0, index: None, source_item_id: Some(231), source_item_slot: Some(27), target_item_id: Some(99), target_item_slot: Some(13) }
[script livepltcfc_0] interact UseOn { name: "Snape grass", kind: "inv", target_name: Some("Unfinished potion"), x: 0, z: 0, level: 0, index: None, source_item_id: Some(231), source_item_slot: Some(27), target_item_id: Some(99), target_item_slot: Some(13) }
[script livepltcfc_0] interact UseOn { name: "Snape grass", kind: "inv", target_name: Some("Unfinished potion"), x: 0, z: 0, level: 0, index: None, source_item_id: Some(231), source_item_slot: Some(27), target_item_id: Some(99), target_item_slot: Some(13) }
[script livepltcfc_0] interact UseOn { name: "Snape grass", kind: "inv", target_name: Some("Unfinished potion"), x: 0, z: 0, level: 0, index: None, source_item_id: Some(231), source_item_slot: Some(27), target_item_id: Some(99), target_item_slot: Some(13) }
[script livepltcfc_0] interact UseOn { name: "Snape grass", kind: "inv", target_name: Some("Unfinished potion"), x: 0, z: 0, level: 0, index: None, source_item_id: Some(231), source_item_slot: Some(27), target_item_id: Some(99), target_item_slot: Some(13) }
[script livepltcfc_0] interact UseOn { name: "Snape grass", kind: "inv", target_name: Some("Unfinished potion"), x: 0, z: 0, level: 0, index: None, source_item_id: Some(231), source_item_slot: Some(27), target_item_id: Some(99), target_item_slot: Some(13) }
[script livepltcfc_0] interact UseOn { name: "Snape grass", kind: "inv", target_name: Some("Unfinished potion"), x: 0, z: 0, level: 0, index: None, source_item_id: Some(231), source_item_slot: Some(27), target_item_id: Some(99), target_item_slot: Some(13) }
[script livepltcfc_0] interact UseOn { name: "Snape grass", kind: "inv", target_name: Some("Unfinished potion"), x: 0, z: 0, level: 0, index: None, source_item_id: Some(231), source_item_slot: Some(27), target_item_id: Some(99), target_item_slot: Some(13) }
[script livepltcfc_0] interact UseOn { name: "Snape grass", kind: "inv", target_name: Some("Unfinished potion"), x: 0, z: 0, level: 0, index: None, source_item_id: Some(231), source_item_slot: Some(27), target_item_id: Some(99), target_item_slot: Some(13) }
[script livepltcfc_0] interact UseOn { name: "Snape grass", kind: "inv", target_name: Some("Unfinished potion"), x: 0, z: 0, level: 0, index: None, source_item_id: Some(231), source_item_slot: Some(27), target_item_id: Some(99), target_item_slot: Some(13) }
[script livepltcfc_0] interact UseOn { name: "Snape grass", kind: "inv", target_name: Some("Unfinished potion"), x: 0, z: 0, level: 0, index: None, source_item_id: Some(231), source_item_slot: Some(27), target_item_id: Some(99), target_item_slot: Some(13) }
[script livepltcfc_0] interact UseOn { name: "Snape grass", kind: "inv", target_name: Some("Unfinished potion"), x: 0, z: 0, level: 0, index: None, source_item_id: Some(231), source_item_slot: Some(27), target_item_id: Some(99), target_item_slot: Some(13) }
[script livepltcfc_0] interact UseOn { name: "Snape grass", kind: "inv", target_name: Some("Unfinished potion"), x: 0, z: 0, level: 0, index: None, source_item_id: Some(231), source_item_slot: Some(27), target_item_id: Some(99), target_item_slot: Some(13) }
[script livepltcfc_0] interact UseOn { name: "Snape grass", kind: "inv", target_name: Some("Unfinished potion"), x: 0, z: 0, level: 0, index: None, source_item_id: Some(231), source_item_slot: Some(27), target_item_id: Some(99), target_item_slot: Some(13) }
[script livepltcfc_0] interact UseOn { name: "Snape grass", kind: "inv", target_name: Some("Unfinished potion"), x: 0, z: 0, level: 0, index: None, source_item_id: Some(231), source_item_slot: Some(27), target_item_id: Some(99), target_item_slot: Some(13) }
[script livepltcfc_0] interact UseOn { name: "Snape grass", kind: "inv", target_name: Some("Unfinished potion"), x: 0, z: 0, level: 0, index: None, source_item_id: Some(231), source_item_slot: Some(27), target_item_id: Some(99), target_item_slot: Some(13) }
[script livepltcfc_0] interact UseOn { name: "Snape grass", kind: "inv", target_name: Some("Unfinished potion"), x: 0, z: 0, level: 0, index: None, source_item_id: Some(231), source_item_slot: Some(27), target_item_id: Some(99), target_item_slot: Some(13) }
[script livepltcfc_0] interact UseOn { name: "Snape grass", kind: "inv", target_name: Some("Unfinished potion"), x: 0, z: 0, level: 0, index: None, source_item_id: Some(231), source_item_slot: Some(27), target_item_id: Some(99), target_item_slot: Some(13) }
[script livepltcfc_0] interact UseOn { name: "Snape grass", kind: "inv", target_name: Some("Unfinished potion"), x: 0, z: 0, level: 0, index: None, source_item_id: Some(231), source_item_slot: Some(27), target_item_id: Some(99), target_item_slot: Some(13) }
[script livepltcfc_0] interact UseOn { name: "Snape grass", kind: "inv", target_name: Some("Unfinished potion"), x: 0, z: 0, level: 0, index: None, source_item_id: Some(231), source_item_slot: Some(27), target_item_id: Some(99), target_item_slot: Some(13) }
[script livepltcfc_0] interact UseOn { name: "Snape grass", kind: "inv", target_name: Some("Unfinished potion"), x: 0, z: 0, level: 0, index: None, source_item_id: Some(231), source_item_slot: Some(27), target_item_id: Some(99), target_item_slot: Some(13) }
[script livepltcfc_0] interact UseOn { name: "Snape grass", kind: "inv", target_name: Some("Unfinished potion"), x: 0, z: 0, level: 0, index: None, source_item_id: Some(231), source_item_slot: Some(27), target_item_id: Some(99), target_item_slot: Some(13) }
[script livepltcfc_0] interact UseOn { name: "Snape grass", kind: "inv", target_name: Some("Unfinished potion"), x: 0, z: 0, level: 0, index: None, source_item_id: Some(231), source_item_slot: Some(27), target_item_id: Some(99), target_item_slot: Some(13) }
[script livepltcfc_0] interact UseOn { name: "Snape grass", kind: "inv", target_name: Some("Unfinished potion"), x: 0, z: 0, level: 0, index: None, source_item_id: Some(231), source_item_slot: Some(27), target_item_id: Some(99), target_item_slot: Some(13) }
[script livepltcfc_0] interact UseOn { name: "Snape grass", kind: "inv", target_name: Some("Unfinished potion"), x: 0, z: 0, level: 0, index: None, source_item_id: Some(231), source_item_slot: Some(27), target_item_id: Some(99), target_item_slot: Some(13) }
[script livepltcfc_0] interact UseOn { name: "Snape grass", kind: "inv", target_name: Some("Unfinished potion"), x: 0, z: 0, level: 0, index: None, source_item_id: Some(231), source_item_slot: Some(27), target_item_id: Some(99), target_item_slot: Some(13) }
[script livepltcfc_0] interact UseOn { name: "Snape grass", kind: "inv", target_name: Some("Unfinished potion"), x: 0, z: 0, level: 0, index: None, source_item_id: Some(231), source_item_slot: Some(27), target_item_id: Some(99), target_item_slot: Some(13) }
[script livepltcfc_0] interact UseOn { name: "Snape grass", kind: "inv", target_name: Some("Unfinished potion"), x: 0, z: 0, level: 0, index: None, source_item_id: Some(231), source_item_slot: Some(27), target_item_id: Some(99), target_item_slot: Some(13) }
[script livepltcfc_0] interact UseOn { name: "Snape grass", kind: "inv", target_name: Some("Unfinished potion"), x: 0, z: 0, level: 0, index: None, source_item_id: Some(231), source_item_slot: Some(27), target_item_id: Some(99), target_item_slot: Some(13) }
[script livepltcfc_0] interact UseOn { name: "Snape grass", kind: "inv", target_name: Some("Unfinished potion"), x: 0, z: 0, level: 0, index: None, source_item_id: Some(231), source_item_slot: Some(27), target_item_id: Some(99), target_item_slot: Some(13) }
[script livepltcfc_0] interact UseOn { name: "Snape grass", kind: "inv", target_name: Some("Unfinished potion"), x: 0, z: 0, level: 0, index: None, source_item_id: Some(231), source_item_slot: Some(27), target_item_id: Some(99), target_item_slot: Some(13) }
[script livepltcfc_0] interact UseOn { name: "Snape grass", kind: "inv", target_name: Some("Unfinished potion"), x: 0, z: 0, level: 0, index: None, source_item_id: Some(231), source_item_slot: Some(27), target_item_id: Some(99), target_item_slot: Some(13) }
[script livepltcfc_0] interact UseOn { name: "Snape grass", kind: "inv", target_name: Some("Unfinished potion"), x: 0, z: 0, level: 0, index: None, source_item_id: Some(231), source_item_slot: Some(27), target_item_id: Some(99), target_item_slot: Some(13) }
[script livepltcfc_0] interact UseOn { name: "Snape grass", kind: "inv", target_name: Some("Unfinished potion"), x: 0, z: 0, level: 0, index: None, source_item_id: Some(231), source_item_slot: Some(27), target_item_id: Some(99), target_item_slot: Some(13) }
[script livepltcfc_0] interact UseOn { name: "Snape grass", kind: "inv", target_name: Some("Unfinished potion"), x: 0, z: 0, level: 0, index: None, source_item_id: Some(231), source_item_slot: Some(27), target_item_id: Some(99), target_item_slot: Some(13) }
[script livepltcfc_0] interact UseOn { name: "Snape grass", kind: "inv", target_name: Some("Unfinished potion"), x: 0, z: 0, level: 0, index: None, source_item_id: Some(231), source_item_slot: Some(27), target_item_id: Some(99), target_item_slot: Some(13) }
[script livepltcfc_0] interact UseOn { name: "Snape grass", kind: "inv", target_name: Some("Unfinished potion"), x: 0, z: 0, level: 0, index: None, source_item_id: Some(231), source_item_slot: Some(27), target_item_id: Some(99), target_item_slot: Some(13) }
[script livepltcfc_0] interact UseOn { name: "Snape grass", kind: "inv", target_name: Some("Unfinished potion"), x: 0, z: 0, level: 0, index: None, source_item_id: Some(231), source_item_slot: Some(27), target_item_id: Some(99), target_item_slot: Some(13) }
[script livepltcfc_0] interact UseOn { name: "Snape grass", kind: "inv", target_name: Some("Unfinished potion"), x: 0, z: 0, level: 0, index: None, source_item_id: Some(231), source_item_slot: Some(27), target_item_id: Some(99), target_item_slot: Some(13) }
[script livepltcfc_0] interact UseOn { name: "Snape grass", kind: "inv", target_name: Some("Unfinished potion"), x: 0, z: 0, level: 0, index: None, source_item_id: Some(231), source_item_slot: Some(27), target_item_id: Some(99), target_item_slot: Some(13) }
[script livepltcfc_0] interact UseOn { name: "Snape grass", kind: "inv", target_name: Some("Unfinished potion"), x: 0, z: 0, level: 0, index: None, source_item_id: Some(231), source_item_slot: Some(27), target_item_id: Some(99), target_item_slot: Some(13) }
[script livepltcfc_0] interact UseOn { name: "Snape grass", kind: "inv", target_name: Some("Unfinished potion"), x: 0, z: 0, level: 0, index: None, source_item_id: Some(231), source_item_slot: Some(27), target_item_id: Some(99), target_item_slot: Some(13) }
[script livepltcfc_0] interact UseOn { name: "Snape grass", kind: "inv", target_name: Some("Unfinished potion"), x: 0, z: 0, level: 0, index: None, source_item_id: Some(231), source_item_slot: Some(27), target_item_id: Some(99), target_item_slot: Some(13) }
[script livepltcfc_0] interact UseOn { name: "Snape grass", kind: "inv", target_name: Some("Unfinished potion"), x: 0, z: 0, level: 0, index: None, source_item_id: Some(231), source_item_slot: Some(27), target_item_id: Some(99), target_item_slot: Some(13) }
[script livepltcfc_0] interact UseOn { name: "Snape grass", kind: "inv", target_name: Some("Unfinished potion"), x: 0, z: 0, level: 0, index: None, source_item_id: Some(231), source_item_slot: Some(27), target_item_id: Some(99), target_item_slot: Some(13) }
[script livepltcfc_0] interact UseOn { name: "Snape grass", kind: "inv", target_name: Some("Unfinished potion"), x: 0, z: 0, level: 0, index: None, source_item_id: Some(231), source_item_slot: Some(27), target_item_id: Some(99), target_item_slot: Some(13) }
[script livepltcfc_0] interact UseOn { name: "Snape grass", kind: "inv", target_name: Some("Unfinished potion"), x: 0, z: 0, level: 0, index: None, source_item_id: Some(231), source_item_slot: Some(27), target_item_id: Some(99), target_item_slot: Some(13) }
[script livepltcfc_0] interact UseOn { name: "Snape grass", kind: "inv", target_name: Some("Unfinished potion"), x: 0, z: 0, level: 0, index: None, source_item_id: Some(231), source_item_slot: Some(27), target_item_id: Some(99), target_item_slot: Some(13) }
[script livepltcfc_0] interact UseOn { name: "Snape grass", kind: "inv", target_name: Some("Unfinished potion"), x: 0, z: 0, level: 0, index: None, source_item_id: Some(231), source_item_slot: Some(27), target_item_id: Some(99), target_item_slot: Some(13) }
[script livepltcfc_0] interact UseOn { name: "Snape grass", kind: "inv", target_name: Some("Unfinished potion"), x: 0, z: 0, level: 0, index: None, source_item_id: Some(231), source_item_slot: Some(27), target_item_id: Some(99), target_item_slot: Some(13) }
[script livepltcfc_0] interact UseOn { name: "Snape grass", kind: "inv", target_name: Some("Unfinished potion"), x: 0, z: 0, level: 0, index: None, source_item_id: Some(231), source_item_slot: Some(27), target_item_id: Some(99), target_item_slot: Some(13) }
[script livepltcfc_0] interact OpenBooth { x: 3186, z: 3440, level: 0, id: 2213, name: None, action: None }
[host] slot livepltcfc_0: d_loop_us=1131 d_raster_us=0 d_observe_us=97427 max_observe_us=18341 d_paints=0 d_skips=50 d_ticks=2 window_ms=1368
[host] hitch livepltcfc_0: observe_us=19795 paints=0 skips=582 ticks=56
[host] slot livepltcfc_0: d_loop_us=1171 d_raster_us=0 d_observe_us=90868 max_observe_us=19795 d_paints=0 d_skips=50 d_ticks=2 window_ms=1323
[host] hitch livepltcfc_0: observe_us=19552 paints=0 skips=627 ticks=58
[host] hitch livepltcfc_0: observe_us=17311 paints=0 skips=649 ticks=59
[host] slot livepltcfc_0: d_loop_us=1169 d_raster_us=0 d_observe_us=115092 max_observe_us=19552 d_paints=0 d_skips=50 d_ticks=3 window_ms=1336
[host] hitch livepltcfc_0: observe_us=23938 paints=0 skips=672 ticks=60
[host] hitch livepltcfc_0: observe_us=16494 paints=0 skips=696 ticks=61
[host] slot livepltcfc_0: d_loop_us=1010 d_raster_us=0 d_observe_us=94456 max_observe_us=23938 d_paints=0 d_skips=50 d_ticks=2 window_ms=1298
[host] hitch livepltcfc_0: observe_us=17188 paints=0 skips=740 ticks=63
[host] slot livepltcfc_0: d_loop_us=1028 d_raster_us=0 d_observe_us=90894 max_observe_us=17188 d_paints=0 d_skips=50 d_ticks=2 window_ms=1299
[host] hitch livepltcfc_0: observe_us=16357 paints=0 skips=764 ticks=64
[host] slot livepltcfc_0: d_loop_us=1114 d_raster_us=0 d_observe_us=99018 max_observe_us=16357 d_paints=0 d_skips=50 d_ticks=2 window_ms=1303
[host] hitch livepltcfc_0: observe_us=22109 paints=0 skips=810 ticks=66
[host] slot livepltcfc_0: d_loop_us=1163 d_raster_us=0 d_observe_us=100925 max_observe_us=22109 d_paints=0 d_skips=50 d_ticks=2 window_ms=1342
[host] hitch livepltcfc_0: observe_us=21863 paints=0 skips=855 ticks=68
[script livepltcfc_0] interact Close
[shim-close] sent
[host] hitch livepltcfc_0: observe_us=16696 paints=0 skips=877 ticks=69
[script livepltcfc_0] withdrew 14 vials of water + 14 Ranarr weed
[host] slot livepltcfc_0: d_loop_us=1085 d_raster_us=0 d_observe_us=93727 max_observe_us=21863 d_paints=0 d_skips=50 d_ticks=2 window_ms=1309
[host] hitch livepltcfc_0: observe_us=18163 paints=0 skips=901 ticks=70
[script livepltcfc_0] interact UseOn { name: "Ranarr weed", kind: "inv", target_name: Some("Vial of water"), x: 0, z: 0, level: 0, index: None, source_item_id: Some(257), source_item_slot: Some(27), target_item_id: Some(227), target_item_slot: Some(13) }
[script livepltcfc_0] interact UseOn { name: "Ranarr weed", kind: "inv", target_name: Some("Vial of water"), x: 0, z: 0, level: 0, index: None, source_item_id: Some(257), source_item_slot: Some(27), target_item_id: Some(227), target_item_slot: Some(13) }
[script livepltcfc_0] interact UseOn { name: "Ranarr weed", kind: "inv", target_name: Some("Vial of water"), x: 0, z: 0, level: 0, index: None, source_item_id: Some(257), source_item_slot: Some(27), target_item_id: Some(227), target_item_slot: Some(13) }
[script livepltcfc_0] interact UseOn { name: "Ranarr weed", kind: "inv", target_name: Some("Vial of water"), x: 0, z: 0, level: 0, index: None, source_item_id: Some(257), source_item_slot: Some(27), target_item_id: Some(227), target_item_slot: Some(13) }
[script livepltcfc_0] interact UseOn { name: "Ranarr weed", kind: "inv", target_name: Some("Vial of water"), x: 0, z: 0, level: 0, index: None, source_item_id: Some(257), source_item_slot: Some(27), target_item_id: Some(227), target_item_slot: Some(13) }
[script livepltcfc_0] interact UseOn { name: "Ranarr weed", kind: "inv", target_name: Some("Vial of water"), x: 0, z: 0, level: 0, index: None, source_item_id: Some(257), source_item_slot: Some(27), target_item_id: Some(227), target_item_slot: Some(13) }
[script livepltcfc_0] interact UseOn { name: "Ranarr weed", kind: "inv", target_name: Some("Vial of water"), x: 0, z: 0, level: 0, index: None, source_item_id: Some(257), source_item_slot: Some(27), target_item_id: Some(227), target_item_slot: Some(13) }
[script livepltcfc_0] interact UseOn { name: "Ranarr weed", kind: "inv", target_name: Some("Vial of water"), x: 0, z: 0, level: 0, index: None, source_item_id: Some(257), source_item_slot: Some(27), target_item_id: Some(227), target_item_slot: Some(13) }
[script livepltcfc_0] interact UseOn { name: "Ranarr weed", kind: "inv", target_name: Some("Vial of water"), x: 0, z: 0, level: 0, index: None, source_item_id: Some(257), source_item_slot: Some(27), target_item_id: Some(227), target_item_slot: Some(13) }
[script livepltcfc_0] interact UseOn { name: "Ranarr weed", kind: "inv", target_name: Some("Vial of water"), x: 0, z: 0, level: 0, index: None, source_item_id: Some(257), source_item_slot: Some(27), target_item_id: Some(227), target_item_slot: Some(13) }
[script livepltcfc_0] interact UseOn { name: "Ranarr weed", kind: "inv", target_name: Some("Vial of water"), x: 0, z: 0, level: 0, index: None, source_item_id: Some(257), source_item_slot: Some(27), target_item_id: Some(227), target_item_slot: Some(13) }
[script livepltcfc_0] interact UseOn { name: "Ranarr weed", kind: "inv", target_name: Some("Vial of water"), x: 0, z: 0, level: 0, index: None, source_item_id: Some(257), source_item_slot: Some(27), target_item_id: Some(227), target_item_slot: Some(13) }
[script livepltcfc_0] interact UseOn { name: "Ranarr weed", kind: "inv", target_name: Some("Vial of water"), x: 0, z: 0, level: 0, index: None, source_item_id: Some(257), source_item_slot: Some(27), target_item_id: Some(227), target_item_slot: Some(13) }
[script livepltcfc_0] interact UseOn { name: "Ranarr weed", kind: "inv", target_name: Some("Vial of water"), x: 0, z: 0, level: 0, index: None, source_item_id: Some(257), source_item_slot: Some(27), target_item_id: Some(227), target_item_slot: Some(13) }
[script livepltcfc_0] interact UseOn { name: "Ranarr weed", kind: "inv", target_name: Some("Vial of water"), x: 0, z: 0, level: 0, index: None, source_item_id: Some(257), source_item_slot: Some(27), target_item_id: Some(227), target_item_slot: Some(13) }
[script livepltcfc_0] interact UseOn { name: "Ranarr weed", kind: "inv", target_name: Some("Vial of water"), x: 0, z: 0, level: 0, index: None, source_item_id: Some(257), source_item_slot: Some(27), target_item_id: Some(227), target_item_slot: Some(13) }
[script livepltcfc_0] interact UseOn { name: "Ranarr weed", kind: "inv", target_name: Some("Vial of water"), x: 0, z: 0, level: 0, index: None, source_item_id: Some(257), source_item_slot: Some(27), target_item_id: Some(227), target_item_slot: Some(13) }
[script livepltcfc_0] interact UseOn { name: "Ranarr weed", kind: "inv", target_name: Some("Vial of water"), x: 0, z: 0, level: 0, index: None, source_item_id: Some(257), source_item_slot: Some(27), target_item_id: Some(227), target_item_slot: Some(13) }
[script livepltcfc_0] interact UseOn { name: "Ranarr weed", kind: "inv", target_name: Some("Vial of water"), x: 0, z: 0, level: 0, index: None, source_item_id: Some(257), source_item_slot: Some(27), target_item_id: Some(227), target_item_slot: Some(13) }
[script livepltcfc_0] interact UseOn { name: "Ranarr weed", kind: "inv", target_name: Some("Vial of water"), x: 0, z: 0, level: 0, index: None, source_item_id: Some(257), source_item_slot: Some(27), target_item_id: Some(227), target_item_slot: Some(13) }
[script livepltcfc_0] interact UseOn { name: "Ranarr weed", kind: "inv", target_name: Some("Vial of water"), x: 0, z: 0, level: 0, index: None, source_item_id: Some(257), source_item_slot: Some(27), target_item_id: Some(227), target_item_slot: Some(13) }
[script livepltcfc_0] interact UseOn { name: "Ranarr weed", kind: "inv", target_name: Some("Vial of water"), x: 0, z: 0, level: 0, index: None, source_item_id: Some(257), source_item_slot: Some(27), target_item_id: Some(227), target_item_slot: Some(13) }
[script livepltcfc_0] interact UseOn { name: "Ranarr weed", kind: "inv", target_name: Some("Vial of water"), x: 0, z: 0, level: 0, index: None, source_item_id: Some(257), source_item_slot: Some(27), target_item_id: Some(227), target_item_slot: Some(13) }
[script livepltcfc_0] interact UseOn { name: "Ranarr weed", kind: "inv", target_name: Some("Vial of water"), x: 0, z: 0, level: 0, index: None, source_item_id: Some(257), source_item_slot: Some(27), target_item_id: Some(227), target_item_slot: Some(13) }
[script livepltcfc_0] interact UseOn { name: "Ranarr weed", kind: "inv", target_name: Some("Vial of water"), x: 0, z: 0, level: 0, index: None, source_item_id: Some(257), source_item_slot: Some(27), target_item_id: Some(227), target_item_slot: Some(13) }
[script livepltcfc_0] interact UseOn { name: "Ranarr weed", kind: "inv", target_name: Some("Vial of water"), x: 0, z: 0, level: 0, index: None, source_item_id: Some(257), source_item_slot: Some(27), target_item_id: Some(227), target_item_slot: Some(13) }
[script livepltcfc_0] interact UseOn { name: "Ranarr weed", kind: "inv", target_name: Some("Vial of water"), x: 0, z: 0, level: 0, index: None, source_item_id: Some(257), source_item_slot: Some(27), target_item_id: Some(227), target_item_slot: Some(13) }
[script livepltcfc_0] interact UseOn { name: "Ranarr weed", kind: "inv", target_name: Some("Vial of water"), x: 0, z: 0, level: 0, index: None, source_item_id: Some(257), source_item_slot: Some(27), target_item_id: Some(227), target_item_slot: Some(13) }
[script livepltcfc_0] interact UseOn { name: "Ranarr weed", kind: "inv", target_name: Some("Vial of water"), x: 0, z: 0, level: 0, index: None, source_item_id: Some(257), source_item_slot: Some(27), target_item_id: Some(227), target_item_slot: Some(13) }
[script livepltcfc_0] interact UseOn { name: "Ranarr weed", kind: "inv", target_name: Some("Vial of water"), x: 0, z: 0, level: 0, index: None, source_item_id: Some(257), source_item_slot: Some(27), target_item_id: Some(227), target_item_slot: Some(13) }
[script livepltcfc_0] interact UseOn { name: "Ranarr weed", kind: "inv", target_name: Some("Vial of water"), x: 0, z: 0, level: 0, index: None, source_item_id: Some(257), source_item_slot: Some(27), target_item_id: Some(227), target_item_slot: Some(13) }
[script livepltcfc_0] interact UseOn { name: "Ranarr weed", kind: "inv", target_name: Some("Vial of water"), x: 0, z: 0, level: 0, index: None, source_item_id: Some(257), source_item_slot: Some(27), target_item_id: Some(227), target_item_slot: Some(13) }
[script livepltcfc_0] interact UseOn { name: "Ranarr weed", kind: "inv", target_name: Some("Vial of water"), x: 0, z: 0, level: 0, index: None, source_item_id: Some(257), source_item_slot: Some(27), target_item_id: Some(227), target_item_slot: Some(13) }
[script livepltcfc_0] interact UseOn { name: "Ranarr weed", kind: "inv", target_name: Some("Vial of water"), x: 0, z: 0, level: 0, index: None, source_item_id: Some(257), source_item_slot: Some(27), target_item_id: Some(227), target_item_slot: Some(13) }
[script livepltcfc_0] interact UseOn { name: "Ranarr weed", kind: "inv", target_name: Some("Vial of water"), x: 0, z: 0, level: 0, index: None, source_item_id: Some(257), source_item_slot: Some(27), target_item_id: Some(227), target_item_slot: Some(13) }
[script livepltcfc_0] interact UseOn { name: "Ranarr weed", kind: "inv", target_name: Some("Vial of water"), x: 0, z: 0, level: 0, index: None, source_item_id: Some(257), source_item_slot: Some(27), target_item_id: Some(227), target_item_slot: Some(13) }
[script livepltcfc_0] interact UseOn { name: "Ranarr weed", kind: "inv", target_name: Some("Vial of water"), x: 0, z: 0, level: 0, index: None, source_item_id: Some(257), source_item_slot: Some(27), target_item_id: Some(227), target_item_slot: Some(13) }
[script livepltcfc_0] interact UseOn { name: "Ranarr weed", kind: "inv", target_name: Some("Vial of water"), x: 0, z: 0, level: 0, index: None, source_item_id: Some(257), source_item_slot: Some(27), target_item_id: Some(227), target_item_slot: Some(13) }
[script livepltcfc_0] interact UseOn { name: "Ranarr weed", kind: "inv", target_name: Some("Vial of water"), x: 0, z: 0, level: 0, index: None, source_item_id: Some(257), source_item_slot: Some(27), target_item_id: Some(227), target_item_slot: Some(13) }
[script livepltcfc_0] interact UseOn { name: "Ranarr weed", kind: "inv", target_name: Some("Vial of water"), x: 0, z: 0, level: 0, index: None, source_item_id: Some(257), source_item_slot: Some(27), target_item_id: Some(227), target_item_slot: Some(13) }
[script livepltcfc_0] interact UseOn { name: "Ranarr weed", kind: "inv", target_name: Some("Vial of water"), x: 0, z: 0, level: 0, index: None, source_item_id: Some(257), source_item_slot: Some(27), target_item_id: Some(227), target_item_slot: Some(13) }
[script livepltcfc_0] interact UseOn { name: "Ranarr weed", kind: "inv", target_name: Some("Vial of water"), x: 0, z: 0, level: 0, index: None, source_item_id: Some(257), source_item_slot: Some(27), target_item_id: Some(227), target_item_slot: Some(13) }
[script livepltcfc_0] interact UseOn { name: "Ranarr weed", kind: "inv", target_name: Some("Vial of water"), x: 0, z: 0, level: 0, index: None, source_item_id: Some(257), source_item_slot: Some(27), target_item_id: Some(227), target_item_slot: Some(13) }
[script livepltcfc_0] interact UseOn { name: "Ranarr weed", kind: "inv", target_name: Some("Vial of water"), x: 0, z: 0, level: 0, index: None, source_item_id: Some(257), source_item_slot: Some(27), target_item_id: Some(227), target_item_slot: Some(13) }
[script livepltcfc_0] interact UseOn { name: "Ranarr weed", kind: "inv", target_name: Some("Vial of water"), x: 0, z: 0, level: 0, index: None, source_item_id: Some(257), source_item_slot: Some(27), target_item_id: Some(227), target_item_slot: Some(13) }
[script livepltcfc_0] interact UseOn { name: "Ranarr weed", kind: "inv", target_name: Some("Vial of water"), x: 0, z: 0, level: 0, index: None, source_item_id: Some(257), source_item_slot: Some(27), target_item_id: Some(227), target_item_slot: Some(13) }
[script livepltcfc_0] interact UseOn { name: "Ranarr weed", kind: "inv", target_name: Some("Vial of water"), x: 0, z: 0, level: 0, index: None, source_item_id: Some(257), source_item_slot: Some(27), target_item_id: Some(227), target_item_slot: Some(13) }
[script livepltcfc_0] interact UseOn { name: "Ranarr weed", kind: "inv", target_name: Some("Vial of water"), x: 0, z: 0, level: 0, index: None, source_item_id: Some(257), source_item_slot: Some(27), target_item_id: Some(227), target_item_slot: Some(13) }
[script livepltcfc_0] interact UseOn { name: "Ranarr weed", kind: "inv", target_name: Some("Vial of water"), x: 0, z: 0, level: 0, index: None, source_item_id: Some(257), source_item_slot: Some(27), target_item_id: Some(227), target_item_slot: Some(13) }
[script livepltcfc_0] interact UseOn { name: "Ranarr weed", kind: "inv", target_name: Some("Vial of water"), x: 0, z: 0, level: 0, index: None, source_item_id: Some(257), source_item_slot: Some(27), target_item_id: Some(227), target_item_slot: Some(13) }
[script livepltcfc_0] interact UseOn { name: "Ranarr weed", kind: "inv", target_name: Some("Vial of water"), x: 0, z: 0, level: 0, index: None, source_item_id: Some(257), source_item_slot: Some(27), target_item_id: Some(227), target_item_slot: Some(13) }
[script livepltcfc_0] interact UseOn { name: "Ranarr weed", kind: "inv", target_name: Some("Vial of water"), x: 0, z: 0, level: 0, index: None, source_item_id: Some(257), source_item_slot: Some(27), target_item_id: Some(227), target_item_slot: Some(13) }
[script livepltcfc_0] interact UseOn { name: "Ranarr weed", kind: "inv", target_name: Some("Vial of water"), x: 0, z: 0, level: 0, index: None, source_item_id: Some(257), source_item_slot: Some(27), target_item_id: Some(227), target_item_slot: Some(13) }
[script livepltcfc_0] interact UseOn { name: "Ranarr weed", kind: "inv", target_name: Some("Vial of water"), x: 0, z: 0, level: 0, index: None, source_item_id: Some(257), source_item_slot: Some(27), target_item_id: Some(227), target_item_slot: Some(13) }
[script livepltcfc_0] interact UseOn { name: "Ranarr weed", kind: "inv", target_name: Some("Vial of water"), x: 0, z: 0, level: 0, index: None, source_item_id: Some(257), source_item_slot: Some(27), target_item_id: Some(227), target_item_slot: Some(13) }
[script livepltcfc_0] interact UseOn { name: "Ranarr weed", kind: "inv", target_name: Some("Vial of water"), x: 0, z: 0, level: 0, index: None, source_item_id: Some(257), source_item_slot: Some(27), target_item_id: Some(227), target_item_slot: Some(13) }
[host] hitch livepltcfc_0: observe_us=20312 paints=0 skips=924 ticks=71
[host] hitch livepltcfc_0: observe_us=22124 paints=0 skips=948 ticks=72
[host] slot livepltcfc_0: d_loop_us=1394 d_raster_us=0 d_observe_us=129942 max_observe_us=22124 d_paints=0 d_skips=50 d_ticks=3 window_ms=1258
[host] hitch livepltcfc_0: observe_us=20110 paints=0 skips=971 ticks=73
[host] hitch livepltcfc_0: observe_us=17273 paints=0 skips=995 ticks=74
[host] slot livepltcfc_0: d_loop_us=1149 d_raster_us=0 d_observe_us=106098 max_observe_us=20110 d_paints=0 d_skips=50 d_ticks=2 window_ms=1303
[script livepltcfc_0] interact OpenBooth { x: 3186, z: 3440, level: 0, id: 2213, name: None, action: None }
[host] hitch livepltcfc_0: observe_us=22855 paints=0 skips=1040 ticks=76
test catalog_boundary_live has been running for over 60 seconds
[host] slot livepltcfc_0: d_loop_us=1097 d_raster_us=0 d_observe_us=91157 max_observe_us=22855 d_paints=0 d_skips=50 d_ticks=2 window_ms=1317
[host] slot livepltcfc_0: d_loop_us=965 d_raster_us=0 d_observe_us=78368 max_observe_us=15396 d_paints=0 d_skips=50 d_ticks=2 window_ms=1315
[script livepltcfc_0] interact Close
[shim-close] sent
[host] hitch livepltcfc_0: observe_us=21700 paints=0 skips=1132 ticks=80
[script livepltcfc_0] interact UseOn { name: "Snape grass", kind: "inv", target_name: Some("Unfinished potion"), x: 0, z: 0, level: 0, index: None, source_item_id: Some(231), source_item_slot: Some(27), target_item_id: Some(99), target_item_slot: Some(13) }
[script livepltcfc_0] interact UseOn { name: "Snape grass", kind: "inv", target_name: Some("Unfinished potion"), x: 0, z: 0, level: 0, index: None, source_item_id: Some(231), source_item_slot: Some(27), target_item_id: Some(99), target_item_slot: Some(13) }
[script livepltcfc_0] interact UseOn { name: "Snape grass", kind: "inv", target_name: Some("Unfinished potion"), x: 0, z: 0, level: 0, index: None, source_item_id: Some(231), source_item_slot: Some(27), target_item_id: Some(99), target_item_slot: Some(13) }
[script livepltcfc_0] interact UseOn { name: "Snape grass", kind: "inv", target_name: Some("Unfinished potion"), x: 0, z: 0, level: 0, index: None, source_item_id: Some(231), source_item_slot: Some(27), target_item_id: Some(99), target_item_slot: Some(13) }
[script livepltcfc_0] interact UseOn { name: "Snape grass", kind: "inv", target_name: Some("Unfinished potion"), x: 0, z: 0, level: 0, index: None, source_item_id: Some(231), source_item_slot: Some(27), target_item_id: Some(99), target_item_slot: Some(13) }
[script livepltcfc_0] interact UseOn { name: "Snape grass", kind: "inv", target_name: Some("Unfinished potion"), x: 0, z: 0, level: 0, index: None, source_item_id: Some(231), source_item_slot: Some(27), target_item_id: Some(99), target_item_slot: Some(13) }
[script livepltcfc_0] interact UseOn { name: "Snape grass", kind: "inv", target_name: Some("Unfinished potion"), x: 0, z: 0, level: 0, index: None, source_item_id: Some(231), source_item_slot: Some(27), target_item_id: Some(99), target_item_slot: Some(13) }
[script livepltcfc_0] interact UseOn { name: "Snape grass", kind: "inv", target_name: Some("Unfinished potion"), x: 0, z: 0, level: 0, index: None, source_item_id: Some(231), source_item_slot: Some(27), target_item_id: Some(99), target_item_slot: Some(13) }
[script livepltcfc_0] interact UseOn { name: "Snape grass", kind: "inv", target_name: Some("Unfinished potion"), x: 0, z: 0, level: 0, index: None, source_item_id: Some(231), source_item_slot: Some(27), target_item_id: Some(99), target_item_slot: Some(13) }
[script livepltcfc_0] interact UseOn { name: "Snape grass", kind: "inv", target_name: Some("Unfinished potion"), x: 0, z: 0, level: 0, index: None, source_item_id: Some(231), source_item_slot: Some(27), target_item_id: Some(99), target_item_slot: Some(13) }
[script livepltcfc_0] interact UseOn { name: "Snape grass", kind: "inv", target_name: Some("Unfinished potion"), x: 0, z: 0, level: 0, index: None, source_item_id: Some(231), source_item_slot: Some(27), target_item_id: Some(99), target_item_slot: Some(13) }
[script livepltcfc_0] interact UseOn { name: "Snape grass", kind: "inv", target_name: Some("Unfinished potion"), x: 0, z: 0, level: 0, index: None, source_item_id: Some(231), source_item_slot: Some(27), target_item_id: Some(99), target_item_slot: Some(13) }
[script livepltcfc_0] interact UseOn { name: "Snape grass", kind: "inv", target_name: Some("Unfinished potion"), x: 0, z: 0, level: 0, index: None, source_item_id: Some(231), source_item_slot: Some(27), target_item_id: Some(99), target_item_slot: Some(13) }
[script livepltcfc_0] interact UseOn { name: "Snape grass", kind: "inv", target_name: Some("Unfinished potion"), x: 0, z: 0, level: 0, index: None, source_item_id: Some(231), source_item_slot: Some(27), target_item_id: Some(99), target_item_slot: Some(13) }
[script livepltcfc_0] interact UseOn { name: "Snape grass", kind: "inv", target_name: Some("Unfinished potion"), x: 0, z: 0, level: 0, index: None, source_item_id: Some(231), source_item_slot: Some(27), target_item_id: Some(99), target_item_slot: Some(13) }
[script livepltcfc_0] interact UseOn { name: "Snape grass", kind: "inv", target_name: Some("Unfinished potion"), x: 0, z: 0, level: 0, index: None, source_item_id: Some(231), source_item_slot: Some(27), target_item_id: Some(99), target_item_slot: Some(13) }
[script livepltcfc_0] interact UseOn { name: "Snape grass", kind: "inv", target_name: Some("Unfinished potion"), x: 0, z: 0, level: 0, index: None, source_item_id: Some(231), source_item_slot: Some(27), target_item_id: Some(99), target_item_slot: Some(13) }
[script livepltcfc_0] interact UseOn { name: "Snape grass", kind: "inv", target_name: Some("Unfinished potion"), x: 0, z: 0, level: 0, index: None, source_item_id: Some(231), source_item_slot: Some(27), target_item_id: Some(99), target_item_slot: Some(13) }
[script livepltcfc_0] interact UseOn { name: "Snape grass", kind: "inv", target_name: Some("Unfinished potion"), x: 0, z: 0, level: 0, index: None, source_item_id: Some(231), source_item_slot: Some(27), target_item_id: Some(99), target_item_slot: Some(13) }
[script livepltcfc_0] interact UseOn { name: "Snape grass", kind: "inv", target_name: Some("Unfinished potion"), x: 0, z: 0, level: 0, index: None, source_item_id: Some(231), source_item_slot: Some(27), target_item_id: Some(99), target_item_slot: Some(13) }
[script livepltcfc_0] interact UseOn { name: "Snape grass", kind: "inv", target_name: Some("Unfinished potion"), x: 0, z: 0, level: 0, index: None, source_item_id: Some(231), source_item_slot: Some(27), target_item_id: Some(99), target_item_slot: Some(13) }
[script livepltcfc_0] interact UseOn { name: "Snape grass", kind: "inv", target_name: Some("Unfinished potion"), x: 0, z: 0, level: 0, index: None, source_item_id: Some(231), source_item_slot: Some(27), target_item_id: Some(99), target_item_slot: Some(13) }
[script livepltcfc_0] interact UseOn { name: "Snape grass", kind: "inv", target_name: Some("Unfinished potion"), x: 0, z: 0, level: 0, index: None, source_item_id: Some(231), source_item_slot: Some(27), target_item_id: Some(99), target_item_slot: Some(13) }
[script livepltcfc_0] interact UseOn { name: "Snape grass", kind: "inv", target_name: Some("Unfinished potion"), x: 0, z: 0, level: 0, index: None, source_item_id: Some(231), source_item_slot: Some(27), target_item_id: Some(99), target_item_slot: Some(13) }
[script livepltcfc_0] interact UseOn { name: "Snape grass", kind: "inv", target_name: Some("Unfinished potion"), x: 0, z: 0, level: 0, index: None, source_item_id: Some(231), source_item_slot: Some(27), target_item_id: Some(99), target_item_slot: Some(13) }
[script livepltcfc_0] interact UseOn { name: "Snape grass", kind: "inv", target_name: Some("Unfinished potion"), x: 0, z: 0, level: 0, index: None, source_item_id: Some(231), source_item_slot: Some(27), target_item_id: Some(99), target_item_slot: Some(13) }
[script livepltcfc_0] interact UseOn { name: "Snape grass", kind: "inv", target_name: Some("Unfinished potion"), x: 0, z: 0, level: 0, index: None, source_item_id: Some(231), source_item_slot: Some(27), target_item_id: Some(99), target_item_slot: Some(13) }
[script livepltcfc_0] interact UseOn { name: "Snape grass", kind: "inv", target_name: Some("Unfinished potion"), x: 0, z: 0, level: 0, index: None, source_item_id: Some(231), source_item_slot: Some(27), target_item_id: Some(99), target_item_slot: Some(13) }
[script livepltcfc_0] interact UseOn { name: "Snape grass", kind: "inv", target_name: Some("Unfinished potion"), x: 0, z: 0, level: 0, index: None, source_item_id: Some(231), source_item_slot: Some(27), target_item_id: Some(99), target_item_slot: Some(13) }
[script livepltcfc_0] interact UseOn { name: "Snape grass", kind: "inv", target_name: Some("Unfinished potion"), x: 0, z: 0, level: 0, index: None, source_item_id: Some(231), source_item_slot: Some(27), target_item_id: Some(99), target_item_slot: Some(13) }
[script livepltcfc_0] interact UseOn { name: "Snape grass", kind: "inv", target_name: Some("Unfinished potion"), x: 0, z: 0, level: 0, index: None, source_item_id: Some(231), source_item_slot: Some(27), target_item_id: Some(99), target_item_slot: Some(13) }
[script livepltcfc_0] interact UseOn { name: "Snape grass", kind: "inv", target_name: Some("Unfinished potion"), x: 0, z: 0, level: 0, index: None, source_item_id: Some(231), source_item_slot: Some(27), target_item_id: Some(99), target_item_slot: Some(13) }
[script livepltcfc_0] interact UseOn { name: "Snape grass", kind: "inv", target_name: Some("Unfinished potion"), x: 0, z: 0, level: 0, index: None, source_item_id: Some(231), source_item_slot: Some(27), target_item_id: Some(99), target_item_slot: Some(13) }
[script livepltcfc_0] interact UseOn { name: "Snape grass", kind: "inv", target_name: Some("Unfinished potion"), x: 0, z: 0, level: 0, index: None, source_item_id: Some(231), source_item_slot: Some(27), target_item_id: Some(99), target_item_slot: Some(13) }
[script livepltcfc_0] interact UseOn { name: "Snape grass", kind: "inv", target_name: Some("Unfinished potion"), x: 0, z: 0, level: 0, index: None, source_item_id: Some(231), source_item_slot: Some(27), target_item_id: Some(99), target_item_slot: Some(13) }
[script livepltcfc_0] interact UseOn { name: "Snape grass", kind: "inv", target_name: Some("Unfinished potion"), x: 0, z: 0, level: 0, index: None, source_item_id: Some(231), source_item_slot: Some(27), target_item_id: Some(99), target_item_slot: Some(13) }
[script livepltcfc_0] interact UseOn { name: "Snape grass", kind: "inv", target_name: Some("Unfinished potion"), x: 0, z: 0, level: 0, index: None, source_item_id: Some(231), source_item_slot: Some(27), target_item_id: Some(99), target_item_slot: Some(13) }
[script livepltcfc_0] interact UseOn { name: "Snape grass", kind: "inv", target_name: Some("Unfinished potion"), x: 0, z: 0, level: 0, index: None, source_item_id: Some(231), source_item_slot: Some(27), target_item_id: Some(99), target_item_slot: Some(13) }
[script livepltcfc_0] interact UseOn { name: "Snape grass", kind: "inv", target_name: Some("Unfinished potion"), x: 0, z: 0, level: 0, index: None, source_item_id: Some(231), source_item_slot: Some(27), target_item_id: Some(99), target_item_slot: Some(13) }
[script livepltcfc_0] interact UseOn { name: "Snape grass", kind: "inv", target_name: Some("Unfinished potion"), x: 0, z: 0, level: 0, index: None, source_item_id: Some(231), source_item_slot: Some(27), target_item_id: Some(99), target_item_slot: Some(13) }
[script livepltcfc_0] interact UseOn { name: "Snape grass", kind: "inv", target_name: Some("Unfinished potion"), x: 0, z: 0, level: 0, index: None, source_item_id: Some(231), source_item_slot: Some(27), target_item_id: Some(99), target_item_slot: Some(13) }
[script livepltcfc_0] interact UseOn { name: "Snape grass", kind: "inv", target_name: Some("Unfinished potion"), x: 0, z: 0, level: 0, index: None, source_item_id: Some(231), source_item_slot: Some(27), target_item_id: Some(99), target_item_slot: Some(13) }
[script livepltcfc_0] interact UseOn { name: "Snape grass", kind: "inv", target_name: Some("Unfinished potion"), x: 0, z: 0, level: 0, index: None, source_item_id: Some(231), source_item_slot: Some(27), target_item_id: Some(99), target_item_slot: Some(13) }
[script livepltcfc_0] interact UseOn { name: "Snape grass", kind: "inv", target_name: Some("Unfinished potion"), x: 0, z: 0, level: 0, index: None, source_item_id: Some(231), source_item_slot: Some(27), target_item_id: Some(99), target_item_slot: Some(13) }
[script livepltcfc_0] interact UseOn { name: "Snape grass", kind: "inv", target_name: Some("Unfinished potion"), x: 0, z: 0, level: 0, index: None, source_item_id: Some(231), source_item_slot: Some(27), target_item_id: Some(99), target_item_slot: Some(13) }
[script livepltcfc_0] interact UseOn { name: "Snape grass", kind: "inv", target_name: Some("Unfinished potion"), x: 0, z: 0, level: 0, index: None, source_item_id: Some(231), source_item_slot: Some(27), target_item_id: Some(99), target_item_slot: Some(13) }
[script livepltcfc_0] interact UseOn { name: "Snape grass", kind: "inv", target_name: Some("Unfinished potion"), x: 0, z: 0, level: 0, index: None, source_item_id: Some(231), source_item_slot: Some(27), target_item_id: Some(99), target_item_slot: Some(13) }
[script livepltcfc_0] interact UseOn { name: "Snape grass", kind: "inv", target_name: Some("Unfinished potion"), x: 0, z: 0, level: 0, index: None, source_item_id: Some(231), source_item_slot: Some(27), target_item_id: Some(99), target_item_slot: Some(13) }
[script livepltcfc_0] interact UseOn { name: "Snape grass", kind: "inv", target_name: Some("Unfinished potion"), x: 0, z: 0, level: 0, index: None, source_item_id: Some(231), source_item_slot: Some(27), target_item_id: Some(99), target_item_slot: Some(13) }
[script livepltcfc_0] interact UseOn { name: "Snape grass", kind: "inv", target_name: Some("Unfinished potion"), x: 0, z: 0, level: 0, index: None, source_item_id: Some(231), source_item_slot: Some(27), target_item_id: Some(99), target_item_slot: Some(13) }
[script livepltcfc_0] interact UseOn { name: "Snape grass", kind: "inv", target_name: Some("Unfinished potion"), x: 0, z: 0, level: 0, index: None, source_item_id: Some(231), source_item_slot: Some(27), target_item_id: Some(99), target_item_slot: Some(13) }
[script livepltcfc_0] interact UseOn { name: "Snape grass", kind: "inv", target_name: Some("Unfinished potion"), x: 0, z: 0, level: 0, index: None, source_item_id: Some(231), source_item_slot: Some(27), target_item_id: Some(99), target_item_slot: Some(13) }
[script livepltcfc_0] interact UseOn { name: "Snape grass", kind: "inv", target_name: Some("Unfinished potion"), x: 0, z: 0, level: 0, index: None, source_item_id: Some(231), source_item_slot: Some(27), target_item_id: Some(99), target_item_slot: Some(13) }
[script livepltcfc_0] interact UseOn { name: "Snape grass", kind: "inv", target_name: Some("Unfinished potion"), x: 0, z: 0, level: 0, index: None, source_item_id: Some(231), source_item_slot: Some(27), target_item_id: Some(99), target_item_slot: Some(13) }
[script livepltcfc_0] interact UseOn { name: "Snape grass", kind: "inv", target_name: Some("Unfinished potion"), x: 0, z: 0, level: 0, index: None, source_item_id: Some(231), source_item_slot: Some(27), target_item_id: Some(99), target_item_slot: Some(13) }
[script livepltcfc_0] interact UseOn { name: "Snape grass", kind: "inv", target_name: Some("Unfinished potion"), x: 0, z: 0, level: 0, index: None, source_item_id: Some(231), source_item_slot: Some(27), target_item_id: Some(99), target_item_slot: Some(13) }
[host] slot livepltcfc_0: d_loop_us=1062 d_raster_us=0 d_observe_us=96782 max_observe_us=21700 d_paints=0 d_skips=50 d_ticks=2 window_ms=1295
[host] hitch livepltcfc_0: observe_us=21668 paints=0 skips=1155 ticks=81
[script livepltcfc_0] interact OpenBooth { x: 3186, z: 3440, level: 0, id: 2213, name: None, action: None }
[host] hitch livepltcfc_0: observe_us=18945 paints=0 skips=1178 ticks=82
[host] slot livepltcfc_0: d_loop_us=1263 d_raster_us=0 d_observe_us=97111 max_observe_us=21668 d_paints=0 d_skips=50 d_ticks=2 window_ms=1296
[host] hitch livepltcfc_0: observe_us=20644 paints=0 skips=1201 ticks=83
[host] slot livepltcfc_0: d_loop_us=1088 d_raster_us=0 d_observe_us=99966 max_observe_us=20644 d_paints=0 d_skips=50 d_ticks=3 window_ms=1291
[host] slot livepltcfc_0: d_loop_us=927 d_raster_us=0 d_observe_us=80387 max_observe_us=13755 d_paints=0 d_skips=50 d_ticks=2 window_ms=1303
[host] slot livepltcfc_0: d_loop_us=861 d_raster_us=0 d_observe_us=81326 max_observe_us=10609 d_paints=0 d_skips=50 d_ticks=2 window_ms=1365
[host] slot livepltcfc_0: d_loop_us=859 d_raster_us=0 d_observe_us=72735 max_observe_us=8146 d_paints=0 d_skips=50 d_ticks=2 window_ms=1363
[host] slot livepltcfc_0: d_loop_us=856 d_raster_us=0 d_observe_us=71085 max_observe_us=12233 d_paints=0 d_skips=50 d_ticks=3 window_ms=1358
[script livepltcfc_0] interact Close
[shim-close] sent
[script livepltcfc_0] withdrew 14 vials of water + 14 Ranarr weed
[host] slot livepltcfc_0: d_loop_us=853 d_raster_us=0 d_observe_us=55994 max_observe_us=10640 d_paints=0 d_skips=50 d_ticks=2 window_ms=1302
[script livepltcfc_0] interact UseOn { name: "Ranarr weed", kind: "inv", target_name: Some("Vial of water"), x: 0, z: 0, level: 0, index: None, source_item_id: Some(257), source_item_slot: Some(27), target_item_id: Some(227), target_item_slot: Some(13) }
[script livepltcfc_0] interact UseOn { name: "Ranarr weed", kind: "inv", target_name: Some("Vial of water"), x: 0, z: 0, level: 0, index: None, source_item_id: Some(257), source_item_slot: Some(27), target_item_id: Some(227), target_item_slot: Some(13) }
[script livepltcfc_0] interact UseOn { name: "Ranarr weed", kind: "inv", target_name: Some("Vial of water"), x: 0, z: 0, level: 0, index: None, source_item_id: Some(257), source_item_slot: Some(27), target_item_id: Some(227), target_item_slot: Some(13) }
[script livepltcfc_0] interact UseOn { name: "Ranarr weed", kind: "inv", target_name: Some("Vial of water"), x: 0, z: 0, level: 0, index: None, source_item_id: Some(257), source_item_slot: Some(27), target_item_id: Some(227), target_item_slot: Some(13) }
[script livepltcfc_0] interact UseOn { name: "Ranarr weed", kind: "inv", target_name: Some("Vial of water"), x: 0, z: 0, level: 0, index: None, source_item_id: Some(257), source_item_slot: Some(27), target_item_id: Some(227), target_item_slot: Some(13) }
[script livepltcfc_0] interact UseOn { name: "Ranarr weed", kind: "inv", target_name: Some("Vial of water"), x: 0, z: 0, level: 0, index: None, source_item_id: Some(257), source_item_slot: Some(27), target_item_id: Some(227), target_item_slot: Some(13) }
[script livepltcfc_0] interact UseOn { name: "Ranarr weed", kind: "inv", target_name: Some("Vial of water"), x: 0, z: 0, level: 0, index: None, source_item_id: Some(257), source_item_slot: Some(27), target_item_id: Some(227), target_item_slot: Some(13) }
[script livepltcfc_0] interact UseOn { name: "Ranarr weed", kind: "inv", target_name: Some("Vial of water"), x: 0, z: 0, level: 0, index: None, source_item_id: Some(257), source_item_slot: Some(27), target_item_id: Some(227), target_item_slot: Some(13) }
[script livepltcfc_0] interact UseOn { name: "Ranarr weed", kind: "inv", target_name: Some("Vial of water"), x: 0, z: 0, level: 0, index: None, source_item_id: Some(257), source_item_slot: Some(27), target_item_id: Some(227), target_item_slot: Some(13) }
[script livepltcfc_0] interact UseOn { name: "Ranarr weed", kind: "inv", target_name: Some("Vial of water"), x: 0, z: 0, level: 0, index: None, source_item_id: Some(257), source_item_slot: Some(27), target_item_id: Some(227), target_item_slot: Some(13) }
[script livepltcfc_0] interact UseOn { name: "Ranarr weed", kind: "inv", target_name: Some("Vial of water"), x: 0, z: 0, level: 0, index: None, source_item_id: Some(257), source_item_slot: Some(27), target_item_id: Some(227), target_item_slot: Some(13) }
[script livepltcfc_0] interact UseOn { name: "Ranarr weed", kind: "inv", target_name: Some("Vial of water"), x: 0, z: 0, level: 0, index: None, source_item_id: Some(257), source_item_slot: Some(27), target_item_id: Some(227), target_item_slot: Some(13) }
[script livepltcfc_0] interact UseOn { name: "Ranarr weed", kind: "inv", target_name: Some("Vial of water"), x: 0, z: 0, level: 0, index: None, source_item_id: Some(257), source_item_slot: Some(27), target_item_id: Some(227), target_item_slot: Some(13) }
[script livepltcfc_0] interact UseOn { name: "Ranarr weed", kind: "inv", target_name: Some("Vial of water"), x: 0, z: 0, level: 0, index: None, source_item_id: Some(257), source_item_slot: Some(27), target_item_id: Some(227), target_item_slot: Some(13) }
[script livepltcfc_0] interact UseOn { name: "Ranarr weed", kind: "inv", target_name: Some("Vial of water"), x: 0, z: 0, level: 0, index: None, source_item_id: Some(257), source_item_slot: Some(27), target_item_id: Some(227), target_item_slot: Some(13) }
[script livepltcfc_0] interact UseOn { name: "Ranarr weed", kind: "inv", target_name: Some("Vial of water"), x: 0, z: 0, level: 0, index: None, source_item_id: Some(257), source_item_slot: Some(27), target_item_id: Some(227), target_item_slot: Some(13) }
[script livepltcfc_0] interact UseOn { name: "Ranarr weed", kind: "inv", target_name: Some("Vial of water"), x: 0, z: 0, level: 0, index: None, source_item_id: Some(257), source_item_slot: Some(27), target_item_id: Some(227), target_item_slot: Some(13) }
[script livepltcfc_0] interact UseOn { name: "Ranarr weed", kind: "inv", target_name: Some("Vial of water"), x: 0, z: 0, level: 0, index: None, source_item_id: Some(257), source_item_slot: Some(27), target_item_id: Some(227), target_item_slot: Some(13) }
[script livepltcfc_0] interact UseOn { name: "Ranarr weed", kind: "inv", target_name: Some("Vial of water"), x: 0, z: 0, level: 0, index: None, source_item_id: Some(257), source_item_slot: Some(27), target_item_id: Some(227), target_item_slot: Some(13) }
[script livepltcfc_0] interact UseOn { name: "Ranarr weed", kind: "inv", target_name: Some("Vial of water"), x: 0, z: 0, level: 0, index: None, source_item_id: Some(257), source_item_slot: Some(27), target_item_id: Some(227), target_item_slot: Some(13) }
[script livepltcfc_0] interact UseOn { name: "Ranarr weed", kind: "inv", target_name: Some("Vial of water"), x: 0, z: 0, level: 0, index: None, source_item_id: Some(257), source_item_slot: Some(27), target_item_id: Some(227), target_item_slot: Some(13) }
[script livepltcfc_0] interact UseOn { name: "Ranarr weed", kind: "inv", target_name: Some("Vial of water"), x: 0, z: 0, level: 0, index: None, source_item_id: Some(257), source_item_slot: Some(27), target_item_id: Some(227), target_item_slot: Some(13) }
[script livepltcfc_0] interact UseOn { name: "Ranarr weed", kind: "inv", target_name: Some("Vial of water"), x: 0, z: 0, level: 0, index: None, source_item_id: Some(257), source_item_slot: Some(27), target_item_id: Some(227), target_item_slot: Some(13) }
[script livepltcfc_0] interact UseOn { name: "Ranarr weed", kind: "inv", target_name: Some("Vial of water"), x: 0, z: 0, level: 0, index: None, source_item_id: Some(257), source_item_slot: Some(27), target_item_id: Some(227), target_item_slot: Some(13) }
[script livepltcfc_0] interact UseOn { name: "Ranarr weed", kind: "inv", target_name: Some("Vial of water"), x: 0, z: 0, level: 0, index: None, source_item_id: Some(257), source_item_slot: Some(27), target_item_id: Some(227), target_item_slot: Some(13) }
[script livepltcfc_0] interact UseOn { name: "Ranarr weed", kind: "inv", target_name: Some("Vial of water"), x: 0, z: 0, level: 0, index: None, source_item_id: Some(257), source_item_slot: Some(27), target_item_id: Some(227), target_item_slot: Some(13) }
[script livepltcfc_0] interact UseOn { name: "Ranarr weed", kind: "inv", target_name: Some("Vial of water"), x: 0, z: 0, level: 0, index: None, source_item_id: Some(257), source_item_slot: Some(27), target_item_id: Some(227), target_item_slot: Some(13) }
[script livepltcfc_0] interact UseOn { name: "Ranarr weed", kind: "inv", target_name: Some("Vial of water"), x: 0, z: 0, level: 0, index: None, source_item_id: Some(257), source_item_slot: Some(27), target_item_id: Some(227), target_item_slot: Some(13) }
[script livepltcfc_0] interact UseOn { name: "Ranarr weed", kind: "inv", target_name: Some("Vial of water"), x: 0, z: 0, level: 0, index: None, source_item_id: Some(257), source_item_slot: Some(27), target_item_id: Some(227), target_item_slot: Some(13) }
[script livepltcfc_0] interact UseOn { name: "Ranarr weed", kind: "inv", target_name: Some("Vial of water"), x: 0, z: 0, level: 0, index: None, source_item_id: Some(257), source_item_slot: Some(27), target_item_id: Some(227), target_item_slot: Some(13) }
[script livepltcfc_0] interact UseOn { name: "Ranarr weed", kind: "inv", target_name: Some("Vial of water"), x: 0, z: 0, level: 0, index: None, source_item_id: Some(257), source_item_slot: Some(27), target_item_id: Some(227), target_item_slot: Some(13) }
[script livepltcfc_0] interact UseOn { name: "Ranarr weed", kind: "inv", target_name: Some("Vial of water"), x: 0, z: 0, level: 0, index: None, source_item_id: Some(257), source_item_slot: Some(27), target_item_id: Some(227), target_item_slot: Some(13) }
[script livepltcfc_0] interact UseOn { name: "Ranarr weed", kind: "inv", target_name: Some("Vial of water"), x: 0, z: 0, level: 0, index: None, source_item_id: Some(257), source_item_slot: Some(27), target_item_id: Some(227), target_item_slot: Some(13) }
[script livepltcfc_0] interact UseOn { name: "Ranarr weed", kind: "inv", target_name: Some("Vial of water"), x: 0, z: 0, level: 0, index: None, source_item_id: Some(257), source_item_slot: Some(27), target_item_id: Some(227), target_item_slot: Some(13) }
[script livepltcfc_0] interact UseOn { name: "Ranarr weed", kind: "inv", target_name: Some("Vial of water"), x: 0, z: 0, level: 0, index: None, source_item_id: Some(257), source_item_slot: Some(27), target_item_id: Some(227), target_item_slot: Some(13) }
[script livepltcfc_0] interact UseOn { name: "Ranarr weed", kind: "inv", target_name: Some("Vial of water"), x: 0, z: 0, level: 0, index: None, source_item_id: Some(257), source_item_slot: Some(27), target_item_id: Some(227), target_item_slot: Some(13) }
[script livepltcfc_0] interact UseOn { name: "Ranarr weed", kind: "inv", target_name: Some("Vial of water"), x: 0, z: 0, level: 0, index: None, source_item_id: Some(257), source_item_slot: Some(27), target_item_id: Some(227), target_item_slot: Some(13) }
[script livepltcfc_0] interact UseOn { name: "Ranarr weed", kind: "inv", target_name: Some("Vial of water"), x: 0, z: 0, level: 0, index: None, source_item_id: Some(257), source_item_slot: Some(27), target_item_id: Some(227), target_item_slot: Some(13) }
[script livepltcfc_0] interact UseOn { name: "Ranarr weed", kind: "inv", target_name: Some("Vial of water"), x: 0, z: 0, level: 0, index: None, source_item_id: Some(257), source_item_slot: Some(27), target_item_id: Some(227), target_item_slot: Some(13) }
[script livepltcfc_0] interact UseOn { name: "Ranarr weed", kind: "inv", target_name: Some("Vial of water"), x: 0, z: 0, level: 0, index: None, source_item_id: Some(257), source_item_slot: Some(27), target_item_id: Some(227), target_item_slot: Some(13) }
[script livepltcfc_0] interact UseOn { name: "Ranarr weed", kind: "inv", target_name: Some("Vial of water"), x: 0, z: 0, level: 0, index: None, source_item_id: Some(257), source_item_slot: Some(27), target_item_id: Some(227), target_item_slot: Some(13) }
[script livepltcfc_0] interact UseOn { name: "Ranarr weed", kind: "inv", target_name: Some("Vial of water"), x: 0, z: 0, level: 0, index: None, source_item_id: Some(257), source_item_slot: Some(27), target_item_id: Some(227), target_item_slot: Some(13) }
[script livepltcfc_0] interact UseOn { name: "Ranarr weed", kind: "inv", target_name: Some("Vial of water"), x: 0, z: 0, level: 0, index: None, source_item_id: Some(257), source_item_slot: Some(27), target_item_id: Some(227), target_item_slot: Some(13) }
[script livepltcfc_0] interact UseOn { name: "Ranarr weed", kind: "inv", target_name: Some("Vial of water"), x: 0, z: 0, level: 0, index: None, source_item_id: Some(257), source_item_slot: Some(27), target_item_id: Some(227), target_item_slot: Some(13) }
[script livepltcfc_0] interact UseOn { name: "Ranarr weed", kind: "inv", target_name: Some("Vial of water"), x: 0, z: 0, level: 0, index: None, source_item_id: Some(257), source_item_slot: Some(27), target_item_id: Some(227), target_item_slot: Some(13) }
[script livepltcfc_0] interact UseOn { name: "Ranarr weed", kind: "inv", target_name: Some("Vial of water"), x: 0, z: 0, level: 0, index: None, source_item_id: Some(257), source_item_slot: Some(27), target_item_id: Some(227), target_item_slot: Some(13) }
[script livepltcfc_0] interact UseOn { name: "Ranarr weed", kind: "inv", target_name: Some("Vial of water"), x: 0, z: 0, level: 0, index: None, source_item_id: Some(257), source_item_slot: Some(27), target_item_id: Some(227), target_item_slot: Some(13) }
[script livepltcfc_0] interact UseOn { name: "Ranarr weed", kind: "inv", target_name: Some("Vial of water"), x: 0, z: 0, level: 0, index: None, source_item_id: Some(257), source_item_slot: Some(27), target_item_id: Some(227), target_item_slot: Some(13) }
[script livepltcfc_0] interact UseOn { name: "Ranarr weed", kind: "inv", target_name: Some("Vial of water"), x: 0, z: 0, level: 0, index: None, source_item_id: Some(257), source_item_slot: Some(27), target_item_id: Some(227), target_item_slot: Some(13) }
[script livepltcfc_0] interact UseOn { name: "Ranarr weed", kind: "inv", target_name: Some("Vial of water"), x: 0, z: 0, level: 0, index: None, source_item_id: Some(257), source_item_slot: Some(27), target_item_id: Some(227), target_item_slot: Some(13) }
[script livepltcfc_0] interact UseOn { name: "Ranarr weed", kind: "inv", target_name: Some("Vial of water"), x: 0, z: 0, level: 0, index: None, source_item_id: Some(257), source_item_slot: Some(27), target_item_id: Some(227), target_item_slot: Some(13) }
[script livepltcfc_0] interact UseOn { name: "Ranarr weed", kind: "inv", target_name: Some("Vial of water"), x: 0, z: 0, level: 0, index: None, source_item_id: Some(257), source_item_slot: Some(27), target_item_id: Some(227), target_item_slot: Some(13) }
[script livepltcfc_0] interact UseOn { name: "Ranarr weed", kind: "inv", target_name: Some("Vial of water"), x: 0, z: 0, level: 0, index: None, source_item_id: Some(257), source_item_slot: Some(27), target_item_id: Some(227), target_item_slot: Some(13) }
[script livepltcfc_0] interact UseOn { name: "Ranarr weed", kind: "inv", target_name: Some("Vial of water"), x: 0, z: 0, level: 0, index: None, source_item_id: Some(257), source_item_slot: Some(27), target_item_id: Some(227), target_item_slot: Some(13) }
[script livepltcfc_0] interact UseOn { name: "Ranarr weed", kind: "inv", target_name: Some("Vial of water"), x: 0, z: 0, level: 0, index: None, source_item_id: Some(257), source_item_slot: Some(27), target_item_id: Some(227), target_item_slot: Some(13) }
[script livepltcfc_0] interact UseOn { name: "Ranarr weed", kind: "inv", target_name: Some("Vial of water"), x: 0, z: 0, level: 0, index: None, source_item_id: Some(257), source_item_slot: Some(27), target_item_id: Some(227), target_item_slot: Some(13) }
[host] slot livepltcfc_0: d_loop_us=919 d_raster_us=0 d_observe_us=57897 max_observe_us=10797 d_paints=0 d_skips=50 d_ticks=2 window_ms=1299
[host] slot livepltcfc_0: d_loop_us=849 d_raster_us=0 d_observe_us=55068 max_observe_us=11148 d_paints=0 d_skips=50 d_ticks=2 window_ms=1312
[script livepltcfc_0] interact OpenBooth { x: 3186, z: 3440, level: 0, id: 2213, name: None, action: None }
[host] slot livepltcfc_0: d_loop_us=794 d_raster_us=0 d_observe_us=50462 max_observe_us=8221 d_paints=0 d_skips=50 d_ticks=2 window_ms=1304
[host] slot livepltcfc_0: d_loop_us=911 d_raster_us=0 d_observe_us=67182 max_observe_us=11650 d_paints=0 d_skips=50 d_ticks=2 window_ms=1285
[script livepltcfc_0] interact Close
[shim-close] sent
[script livepltcfc_0] interact UseOn { name: "Snape grass", kind: "inv", target_name: Some("Unfinished potion"), x: 0, z: 0, level: 0, index: None, source_item_id: Some(231), source_item_slot: Some(27), target_item_id: Some(99), target_item_slot: Some(13) }
[script livepltcfc_0] interact UseOn { name: "Snape grass", kind: "inv", target_name: Some("Unfinished potion"), x: 0, z: 0, level: 0, index: None, source_item_id: Some(231), source_item_slot: Some(27), target_item_id: Some(99), target_item_slot: Some(13) }
[script livepltcfc_0] interact UseOn { name: "Snape grass", kind: "inv", target_name: Some("Unfinished potion"), x: 0, z: 0, level: 0, index: None, source_item_id: Some(231), source_item_slot: Some(27), target_item_id: Some(99), target_item_slot: Some(13) }
[script livepltcfc_0] interact UseOn { name: "Snape grass", kind: "inv", target_name: Some("Unfinished potion"), x: 0, z: 0, level: 0, index: None, source_item_id: Some(231), source_item_slot: Some(27), target_item_id: Some(99), target_item_slot: Some(13) }
[script livepltcfc_0] interact UseOn { name: "Snape grass", kind: "inv", target_name: Some("Unfinished potion"), x: 0, z: 0, level: 0, index: None, source_item_id: Some(231), source_item_slot: Some(27), target_item_id: Some(99), target_item_slot: Some(13) }
[script livepltcfc_0] interact UseOn { name: "Snape grass", kind: "inv", target_name: Some("Unfinished potion"), x: 0, z: 0, level: 0, index: None, source_item_id: Some(231), source_item_slot: Some(27), target_item_id: Some(99), target_item_slot: Some(13) }
[script livepltcfc_0] interact UseOn { name: "Snape grass", kind: "inv", target_name: Some("Unfinished potion"), x: 0, z: 0, level: 0, index: None, source_item_id: Some(231), source_item_slot: Some(27), target_item_id: Some(99), target_item_slot: Some(13) }
[script livepltcfc_0] interact UseOn { name: "Snape grass", kind: "inv", target_name: Some("Unfinished potion"), x: 0, z: 0, level: 0, index: None, source_item_id: Some(231), source_item_slot: Some(27), target_item_id: Some(99), target_item_slot: Some(13) }
[script livepltcfc_0] interact UseOn { name: "Snape grass", kind: "inv", target_name: Some("Unfinished potion"), x: 0, z: 0, level: 0, index: None, source_item_id: Some(231), source_item_slot: Some(27), target_item_id: Some(99), target_item_slot: Some(13) }
[script livepltcfc_0] interact UseOn { name: "Snape grass", kind: "inv", target_name: Some("Unfinished potion"), x: 0, z: 0, level: 0, index: None, source_item_id: Some(231), source_item_slot: Some(27), target_item_id: Some(99), target_item_slot: Some(13) }
[script livepltcfc_0] interact UseOn { name: "Snape grass", kind: "inv", target_name: Some("Unfinished potion"), x: 0, z: 0, level: 0, index: None, source_item_id: Some(231), source_item_slot: Some(27), target_item_id: Some(99), target_item_slot: Some(13) }
[script livepltcfc_0] interact UseOn { name: "Snape grass", kind: "inv", target_name: Some("Unfinished potion"), x: 0, z: 0, level: 0, index: None, source_item_id: Some(231), source_item_slot: Some(27), target_item_id: Some(99), target_item_slot: Some(13) }
[script livepltcfc_0] interact UseOn { name: "Snape grass", kind: "inv", target_name: Some("Unfinished potion"), x: 0, z: 0, level: 0, index: None, source_item_id: Some(231), source_item_slot: Some(27), target_item_id: Some(99), target_item_slot: Some(13) }
[script livepltcfc_0] interact UseOn { name: "Snape grass", kind: "inv", target_name: Some("Unfinished potion"), x: 0, z: 0, level: 0, index: None, source_item_id: Some(231), source_item_slot: Some(27), target_item_id: Some(99), target_item_slot: Some(13) }
[script livepltcfc_0] interact UseOn { name: "Snape grass", kind: "inv", target_name: Some("Unfinished potion"), x: 0, z: 0, level: 0, index: None, source_item_id: Some(231), source_item_slot: Some(27), target_item_id: Some(99), target_item_slot: Some(13) }
[script livepltcfc_0] interact UseOn { name: "Snape grass", kind: "inv", target_name: Some("Unfinished potion"), x: 0, z: 0, level: 0, index: None, source_item_id: Some(231), source_item_slot: Some(27), target_item_id: Some(99), target_item_slot: Some(13) }
[script livepltcfc_0] interact UseOn { name: "Snape grass", kind: "inv", target_name: Some("Unfinished potion"), x: 0, z: 0, level: 0, index: None, source_item_id: Some(231), source_item_slot: Some(27), target_item_id: Some(99), target_item_slot: Some(13) }
[script livepltcfc_0] interact UseOn { name: "Snape grass", kind: "inv", target_name: Some("Unfinished potion"), x: 0, z: 0, level: 0, index: None, source_item_id: Some(231), source_item_slot: Some(27), target_item_id: Some(99), target_item_slot: Some(13) }
[script livepltcfc_0] interact UseOn { name: "Snape grass", kind: "inv", target_name: Some("Unfinished potion"), x: 0, z: 0, level: 0, index: None, source_item_id: Some(231), source_item_slot: Some(27), target_item_id: Some(99), target_item_slot: Some(13) }
[script livepltcfc_0] interact UseOn { name: "Snape grass", kind: "inv", target_name: Some("Unfinished potion"), x: 0, z: 0, level: 0, index: None, source_item_id: Some(231), source_item_slot: Some(27), target_item_id: Some(99), target_item_slot: Some(13) }
[script livepltcfc_0] interact UseOn { name: "Snape grass", kind: "inv", target_name: Some("Unfinished potion"), x: 0, z: 0, level: 0, index: None, source_item_id: Some(231), source_item_slot: Some(27), target_item_id: Some(99), target_item_slot: Some(13) }
[script livepltcfc_0] interact UseOn { name: "Snape grass", kind: "inv", target_name: Some("Unfinished potion"), x: 0, z: 0, level: 0, index: None, source_item_id: Some(231), source_item_slot: Some(27), target_item_id: Some(99), target_item_slot: Some(13) }
[script livepltcfc_0] interact UseOn { name: "Snape grass", kind: "inv", target_name: Some("Unfinished potion"), x: 0, z: 0, level: 0, index: None, source_item_id: Some(231), source_item_slot: Some(27), target_item_id: Some(99), target_item_slot: Some(13) }
[script livepltcfc_0] interact UseOn { name: "Snape grass", kind: "inv", target_name: Some("Unfinished potion"), x: 0, z: 0, level: 0, index: None, source_item_id: Some(231), source_item_slot: Some(27), target_item_id: Some(99), target_item_slot: Some(13) }
[script livepltcfc_0] interact UseOn { name: "Snape grass", kind: "inv", target_name: Some("Unfinished potion"), x: 0, z: 0, level: 0, index: None, source_item_id: Some(231), source_item_slot: Some(27), target_item_id: Some(99), target_item_slot: Some(13) }
[script livepltcfc_0] interact UseOn { name: "Snape grass", kind: "inv", target_name: Some("Unfinished potion"), x: 0, z: 0, level: 0, index: None, source_item_id: Some(231), source_item_slot: Some(27), target_item_id: Some(99), target_item_slot: Some(13) }
[script livepltcfc_0] interact UseOn { name: "Snape grass", kind: "inv", target_name: Some("Unfinished potion"), x: 0, z: 0, level: 0, index: None, source_item_id: Some(231), source_item_slot: Some(27), target_item_id: Some(99), target_item_slot: Some(13) }
[script livepltcfc_0] interact UseOn { name: "Snape grass", kind: "inv", target_name: Some("Unfinished potion"), x: 0, z: 0, level: 0, index: None, source_item_id: Some(231), source_item_slot: Some(27), target_item_id: Some(99), target_item_slot: Some(13) }
[script livepltcfc_0] interact UseOn { name: "Snape grass", kind: "inv", target_name: Some("Unfinished potion"), x: 0, z: 0, level: 0, index: None, source_item_id: Some(231), source_item_slot: Some(27), target_item_id: Some(99), target_item_slot: Some(13) }
[script livepltcfc_0] interact UseOn { name: "Snape grass", kind: "inv", target_name: Some("Unfinished potion"), x: 0, z: 0, level: 0, index: None, source_item_id: Some(231), source_item_slot: Some(27), target_item_id: Some(99), target_item_slot: Some(13) }
[script livepltcfc_0] interact UseOn { name: "Snape grass", kind: "inv", target_name: Some("Unfinished potion"), x: 0, z: 0, level: 0, index: None, source_item_id: Some(231), source_item_slot: Some(27), target_item_id: Some(99), target_item_slot: Some(13) }
[script livepltcfc_0] interact UseOn { name: "Snape grass", kind: "inv", target_name: Some("Unfinished potion"), x: 0, z: 0, level: 0, index: None, source_item_id: Some(231), source_item_slot: Some(27), target_item_id: Some(99), target_item_slot: Some(13) }
[script livepltcfc_0] interact UseOn { name: "Snape grass", kind: "inv", target_name: Some("Unfinished potion"), x: 0, z: 0, level: 0, index: None, source_item_id: Some(231), source_item_slot: Some(27), target_item_id: Some(99), target_item_slot: Some(13) }
[script livepltcfc_0] interact UseOn { name: "Snape grass", kind: "inv", target_name: Some("Unfinished potion"), x: 0, z: 0, level: 0, index: None, source_item_id: Some(231), source_item_slot: Some(27), target_item_id: Some(99), target_item_slot: Some(13) }
[script livepltcfc_0] interact UseOn { name: "Snape grass", kind: "inv", target_name: Some("Unfinished potion"), x: 0, z: 0, level: 0, index: None, source_item_id: Some(231), source_item_slot: Some(27), target_item_id: Some(99), target_item_slot: Some(13) }
[script livepltcfc_0] interact UseOn { name: "Snape grass", kind: "inv", target_name: Some("Unfinished potion"), x: 0, z: 0, level: 0, index: None, source_item_id: Some(231), source_item_slot: Some(27), target_item_id: Some(99), target_item_slot: Some(13) }
[script livepltcfc_0] interact UseOn { name: "Snape grass", kind: "inv", target_name: Some("Unfinished potion"), x: 0, z: 0, level: 0, index: None, source_item_id: Some(231), source_item_slot: Some(27), target_item_id: Some(99), target_item_slot: Some(13) }
[script livepltcfc_0] interact UseOn { name: "Snape grass", kind: "inv", target_name: Some("Unfinished potion"), x: 0, z: 0, level: 0, index: None, source_item_id: Some(231), source_item_slot: Some(27), target_item_id: Some(99), target_item_slot: Some(13) }
[script livepltcfc_0] interact UseOn { name: "Snape grass", kind: "inv", target_name: Some("Unfinished potion"), x: 0, z: 0, level: 0, index: None, source_item_id: Some(231), source_item_slot: Some(27), target_item_id: Some(99), target_item_slot: Some(13) }
[script livepltcfc_0] interact UseOn { name: "Snape grass", kind: "inv", target_name: Some("Unfinished potion"), x: 0, z: 0, level: 0, index: None, source_item_id: Some(231), source_item_slot: Some(27), target_item_id: Some(99), target_item_slot: Some(13) }
[script livepltcfc_0] interact UseOn { name: "Snape grass", kind: "inv", target_name: Some("Unfinished potion"), x: 0, z: 0, level: 0, index: None, source_item_id: Some(231), source_item_slot: Some(27), target_item_id: Some(99), target_item_slot: Some(13) }
[script livepltcfc_0] interact UseOn { name: "Snape grass", kind: "inv", target_name: Some("Unfinished potion"), x: 0, z: 0, level: 0, index: None, source_item_id: Some(231), source_item_slot: Some(27), target_item_id: Some(99), target_item_slot: Some(13) }
[script livepltcfc_0] interact UseOn { name: "Snape grass", kind: "inv", target_name: Some("Unfinished potion"), x: 0, z: 0, level: 0, index: None, source_item_id: Some(231), source_item_slot: Some(27), target_item_id: Some(99), target_item_slot: Some(13) }
[script livepltcfc_0] interact UseOn { name: "Snape grass", kind: "inv", target_name: Some("Unfinished potion"), x: 0, z: 0, level: 0, index: None, source_item_id: Some(231), source_item_slot: Some(27), target_item_id: Some(99), target_item_slot: Some(13) }
[script livepltcfc_0] interact UseOn { name: "Snape grass", kind: "inv", target_name: Some("Unfinished potion"), x: 0, z: 0, level: 0, index: None, source_item_id: Some(231), source_item_slot: Some(27), target_item_id: Some(99), target_item_slot: Some(13) }
[script livepltcfc_0] interact UseOn { name: "Snape grass", kind: "inv", target_name: Some("Unfinished potion"), x: 0, z: 0, level: 0, index: None, source_item_id: Some(231), source_item_slot: Some(27), target_item_id: Some(99), target_item_slot: Some(13) }
[script livepltcfc_0] interact UseOn { name: "Snape grass", kind: "inv", target_name: Some("Unfinished potion"), x: 0, z: 0, level: 0, index: None, source_item_id: Some(231), source_item_slot: Some(27), target_item_id: Some(99), target_item_slot: Some(13) }
[script livepltcfc_0] interact UseOn { name: "Snape grass", kind: "inv", target_name: Some("Unfinished potion"), x: 0, z: 0, level: 0, index: None, source_item_id: Some(231), source_item_slot: Some(27), target_item_id: Some(99), target_item_slot: Some(13) }
[script livepltcfc_0] interact UseOn { name: "Snape grass", kind: "inv", target_name: Some("Unfinished potion"), x: 0, z: 0, level: 0, index: None, source_item_id: Some(231), source_item_slot: Some(27), target_item_id: Some(99), target_item_slot: Some(13) }
[script livepltcfc_0] interact UseOn { name: "Snape grass", kind: "inv", target_name: Some("Unfinished potion"), x: 0, z: 0, level: 0, index: None, source_item_id: Some(231), source_item_slot: Some(27), target_item_id: Some(99), target_item_slot: Some(13) }
[script livepltcfc_0] interact UseOn { name: "Snape grass", kind: "inv", target_name: Some("Unfinished potion"), x: 0, z: 0, level: 0, index: None, source_item_id: Some(231), source_item_slot: Some(27), target_item_id: Some(99), target_item_slot: Some(13) }
[script livepltcfc_0] interact UseOn { name: "Snape grass", kind: "inv", target_name: Some("Unfinished potion"), x: 0, z: 0, level: 0, index: None, source_item_id: Some(231), source_item_slot: Some(27), target_item_id: Some(99), target_item_slot: Some(13) }
[script livepltcfc_0] interact UseOn { name: "Snape grass", kind: "inv", target_name: Some("Unfinished potion"), x: 0, z: 0, level: 0, index: None, source_item_id: Some(231), source_item_slot: Some(27), target_item_id: Some(99), target_item_slot: Some(13) }
[script livepltcfc_0] interact UseOn { name: "Snape grass", kind: "inv", target_name: Some("Unfinished potion"), x: 0, z: 0, level: 0, index: None, source_item_id: Some(231), source_item_slot: Some(27), target_item_id: Some(99), target_item_slot: Some(13) }
[script livepltcfc_0] interact UseOn { name: "Snape grass", kind: "inv", target_name: Some("Unfinished potion"), x: 0, z: 0, level: 0, index: None, source_item_id: Some(231), source_item_slot: Some(27), target_item_id: Some(99), target_item_slot: Some(13) }
[script livepltcfc_0] interact UseOn { name: "Snape grass", kind: "inv", target_name: Some("Unfinished potion"), x: 0, z: 0, level: 0, index: None, source_item_id: Some(231), source_item_slot: Some(27), target_item_id: Some(99), target_item_slot: Some(13) }
[host] slot livepltcfc_0: d_loop_us=818 d_raster_us=0 d_observe_us=80400 max_observe_us=12851 d_paints=0 d_skips=50 d_ticks=3 window_ms=1330
[script livepltcfc_0] interact OpenBooth { x: 3186, z: 3440, level: 0, id: 2213, name: None, action: None }
PASS: catalog_boundary_live: {"scenario":"potion_maker_named","runner":"Some(Evidence { scenario: \"potion_maker_named\", outcome: \"PASS\", predicate: \"has_item_id(139)>=1\", ticks: 153, elapsed_ms: 75790, message: None, tile: Some([3185, 3440, 0]), inv: [InvRow { id: 139, name: Some(\"Prayer potion(3)\"), count: 1 }, InvRow { id: 139, name: Some(\"Prayer potion(3)\"), count: 1 }, InvRow { id: 139, name: Some(\"Prayer potion(3)\"), count: 1 }, InvRow { id: 139, name: Some(\"Prayer potion(3)\"), count: 1 }, InvRow { id: 139, name: Some(\"Prayer potion(3)\"), count: 1 }, InvRow { id: 99, name: Some(\"Unfinished potion\"), count: 1 }, InvRow { id: 99, name: Some(\"Unfinished potion\"), count: 1 }, InvRow { id: 99, name: Some(\"Unfinished potion\"), count: 1 }, InvRow { id: 99, name: Some(\"Unfinished potion\"), count: 1 }, InvRow { id: 99, name: Some(\"Unfinished potion\"), count: 1 }, InvRow { id: 99, name: Some(\"Unfinished potion\"), count: 1 }, InvRow { id: 99, name: Some(\"Unfinished potion\"), count: 1 }, InvRow { id: 99, name: Some(\"Unfinished potion\"), count: 1 }, InvRow { id: 99, name: Some(\"Unfinished potion\"), count: 1 }, InvRow { id: 231, name: Some(\"Snape grass\"), count: 1 }, InvRow { id: 231, name: Some(\"Snape grass\"), count: 1 }, InvRow { id: 231, name: Some(\"Snape grass\"), count: 1 }, InvRow { id: 231, name: Some(\"Snape grass\"), count: 1 }, InvRow { id: 231, name: Some(\"Snape grass\"), count: 1 }, InvRow { id: 231, name: Some(\"Snape grass\"), count: 1 }, InvRow { id: 231, name: Some(\"Snape grass\"), count: 1 }, InvRow { id: 231, name: Some(\"Snape grass\"), count: 1 }, InvRow { id: 231, name: Some(\"Snape grass\"), count: 1 }], stat: Some(StatRow { runenergy: 100 }), chat: [ChatRow { text: \"You mix the snape grass into your potion.\", username: None }, ChatRow { text: \"You mix the snape grass into your potion.\", username: None }, ChatRow { text: \"You mix the snape grass into your potion.\", username: None }, ChatRow { text: \"You mix the snape grass into your potion.\", username: None }, ChatRow { text: \"You mix the snape grass into your potion.\", username: None }, ChatRow { text: \"You put the Ranarr Weed into the vial of water.\", username: None }, ChatRow { text: \"You put the Ranarr Weed into the vial of water.\", username: None }, ChatRow { text: \"You put the Ranarr Weed into the vial of water.\", username: None }, ChatRow { text: \"You put the Ranarr Weed into the vial of water.\", username: None }, ChatRow { text: \"You put the Ranarr Weed into the vial of water.\", username: None }, ChatRow { text: \"You put the Ranarr Weed into the vial of water.\", username: None }, ChatRow { text: \"You put the Ranarr Weed into the vial of water.\", username: None }, ChatRow { text: \"You put the Ranarr Weed into the vial of water.\", username: None }, ChatRow { text: \"You put the Ranarr Weed into the vial of water.\", username: None }, ChatRow { text: \"You put the Ranarr Weed into the vial of water.\", username: None }, ChatRow { text: \"You put the Ranarr Weed into the vial of water.\", username: None }, ChatRow { text: \"You put the Ranarr Weed into the vial of water.\", username: None }, ChatRow { text: \"You put the Ranarr Weed into the vial of water.\", username: None }, ChatRow { text: \"You put the Ranarr Weed into the vial of water.\", username: None }, ChatRow { text: \"You mix the snape grass into your potion.\", username: None }, ChatRow { text: \"You mix the snape grass into your potion.\", username: None }, ChatRow { text: \"You mix the snape grass into your potion.\", username: None }, ChatRow { text: \"You mix the snape grass into your potion.\", username: None }, ChatRow { text: \"You mix the snape grass into your potion.\", username: None }, ChatRow { text: \"You mix the snape grass into your potion.\", username: None }, ChatRow { text: \"You mix the snape grass into your potion.\", username: None }, ChatRow { text: \"You mix the snape grass into your potion.\", username: None }, ChatRow { text: \"You mix the snape grass into your potion.\", username: None }, ChatRow { text: \"You mix the snape grass into your potion.\", username: None }, ChatRow { text: \"You mix the snape grass into your potion.\", username: None }, ChatRow { text: \"You mix the snape grass into your potion.\", username: None }, ChatRow { text: \"You mix the snape grass into your potion.\", username: None }, ChatRow { text: \"You mix the snape grass into your potion.\", username: None }, ChatRow { text: \"You put the Ranarr Weed into the vial of water.\", username: None }, ChatRow { text: \"You put the Ranarr Weed into the vial of water.\", username: None }, ChatRow { text: \"You put the Ranarr Weed into the vial of water.\", username: None }, ChatRow { text: \"You put the Ranarr Weed into the vial of water.\", username: None }, ChatRow { text: \"You put the Ranarr Weed into the vial of water.\", username: None }, ChatRow { text: \"You put the Ranarr Weed into the vial of water.\", username: None }, ChatRow { text: \"You put the Ranarr Weed into the vial of water.\", username: None }, ChatRow { text: \"You put the Ranarr Weed into the vial of water.\", username: None }, ChatRow { text: \"You put the Ranarr Weed into the vial of water.\", username: None }, ChatRow { text: \"You put the Ranarr Weed into the vial of water.\", username: None }, ChatRow { text: \"You put the Ranarr Weed into the vial of water.\", username: None }, ChatRow { text: \"You put the Ranarr Weed into the vial of water.\", username: None }, ChatRow { text: \"You put the Ranarr Weed into the vial of water.\", username: None }, ChatRow { text: \"You put the Ranarr Weed into the vial of water.\", username: None }, ChatRow { text: \"You mix the snape grass into your potion.\", username: None }, ChatRow { text: \"You mix the snape grass into your potion.\", username: None }, ChatRow { text: \"You mix the snape grass into your potion.\", username: None }, ChatRow { text: \"You mix the snape grass into your potion.\", username: None }, ChatRow { text: \"You mix the snape grass into your potion.\", username: None }, ChatRow { text: \"You mix the snape grass into your potion.\", username: None }, ChatRow { text: \"You mix the snape grass into your potion.\", username: None }, ChatRow { text: \"You mix the snape grass into your potion.\", username: None }, ChatRow { text: \"You mix the snape grass into your potion.\", username: None }, ChatRow { text: \"You mix the snape grass into your potion.\", username: None }, ChatRow { text: \"You mix the snape grass into your potion.\", username: None }, ChatRow { text: \"You mix the snape grass into your potion.\", username: None }, ChatRow { text: \"You mix the snape grass into your potion.\", username: None }, ChatRow { text: \"You mix the snape grass into your potion.\", username: None }, ChatRow { text: \"You put the Ranarr Weed into the vial of water.\", username: None }, ChatRow { text: \"You put the Ranarr Weed into the vial of water.\", username: None }, ChatRow { text: \"You put the Ranarr Weed into the vial of water.\", username: None }, ChatRow { text: \"You put the Ranarr Weed into the vial of water.\", username: None }, ChatRow { text: \"You put the Ranarr Weed into the vial of water.\", username: None }, ChatRow { text: \"You put the Ranarr Weed into the vial of water.\", username: None }, ChatRow { text: \"You put the Ranarr Weed into the vial of water.\", username: None }, ChatRow { text: \"You put the Ranarr Weed into the vial of water.\", username: None }, ChatRow { text: \"You put the Ranarr Weed into the vial of water.\", username: None }, ChatRow { text: \"You put the Ranarr Weed into the vial of water.\", username: None }, ChatRow { text: \"You put the Ranarr Weed into the vial of water.\", username: None }, ChatRow { text: \"You put the Ranarr Weed into the vial of water.\", username: None }, ChatRow { text: \"You put the Ranarr Weed into the vial of water.\", username: None }, ChatRow { text: \"You put the Ranarr Weed into the vial of water.\", username: None }, ChatRow { text: \"Inventory wiped.\", username: None }, ChatRow { text: \"set tutorial: to 1000\", username: None }, ChatRow { text: \"Welcome to RuneScape.\", username: None }], scene: 2 })","core":{"case":"potion_maker_named","baseline":{"ingame":true,"scene_state":2,"player":"Livepltcfc 0","tile":[3185,3440,0],"tick":34,"items":{},"item_ids":{},"bank":{},"bank_ids":{},"bank_open":false,"bank_loaded":false,"bank_generation":2,"levels":{"-unused-":0,"agility":1,"attack":1,"cooking":1,"crafting":1,"defence":1,"firemaking":1,"fishing":1,"fletching":1,"herblore":38,"hitpoints":10,"magic":1,"mining":1,"prayer":1,"ranged":1,"runecraft":1,"slayer":1,"smithing":1,"strength":1,"thieving":1,"woodcutting":1},"xp":{"-unused-":0,"agility":0,"attack":0,"cooking":0,"crafting":0,"defence":0,"firemaking":0,"fishing":0,"fletching":0,"herblore":30408,"hitpoints":1154,"magic":0,"mining":0,"prayer":0,"ranged":0,"runecraft":0,"slayer":0,"smithing":0,"strength":0,"thieving":0,"woodcutting":0},"chat":[[8,"Inventory wiped."],[7,"set tutorial: to 1000"],[6,"Welcome to RuneScape."]],"loc_facts":[{"id":1533,"x":3183,"z":3434,"level":0,"name":"Door","open":true}],"equipment_ids":{}},"latest":{"ingame":true,"scene_state":2,"player":"Livepltcfc 0","tile":[3185,3440,0],"tick":108,"items":{"Prayer potion(3)":5,"Snape grass":9,"Unfinished potion":9},"item_ids":{"99":9,"139":5,"231":9},"bank":{},"bank_ids":{},"bank_open":false,"bank_loaded":false,"bank_generation":14,"levels":{"-unused-":0,"agility":1,"attack":1,"cooking":1,"crafting":1,"defence":1,"firemaking":1,"fishing":1,"fletching":1,"herblore":38,"hitpoints":10,"magic":1,"mining":1,"prayer":1,"ranged":1,"runecraft":1,"slayer":1,"smithing":1,"strength":1,"thieving":1,"woodcutting":1},"xp":{"-unused-":0,"agility":0,"attack":0,"cooking":0,"crafting":0,"defence":0,"firemaking":0,"fishing":0,"fletching":0,"herblore":33295,"hitpoints":1154,"magic":0,"mining":0,"prayer":0,"ranged":0,"runecraft":0,"slayer":0,"smithing":0,"strength":0,"thieving":0,"woodcutting":0},"chat":[[83,"You mix the snape grass into your potion."],[82,"You mix the snape grass into your potion."],[81,"You mix the snape grass into your potion."],[80,"You mix the snape grass into your potion."],[79,"You mix the snape grass into your potion."],[78,"You put the Ranarr Weed into the vial of water."],[77,"You put the Ranarr Weed into the vial of water."],[76,"You put the Ranarr Weed into the vial of water."],[75,"You put the Ranarr Weed into the vial of water."],[74,"You put the Ranarr Weed into the vial of water."],[73,"You put the Ranarr Weed into the vial of water."],[72,"You put the Ranarr Weed into the vial of water."],[71,"You put the Ranarr Weed into the vial of water."],[70,"You put the Ranarr Weed into the vial of water."],[69,"You put the Ranarr Weed into the vial of water."],[68,"You put the Ranarr Weed into the vial of water."],[67,"You put the Ranarr Weed into the vial of water."],[66,"You put the Ranarr Weed into the vial of water."],[65,"You put the Ranarr Weed into the vial of water."],[64,"You mix the snape grass into your potion."],[63,"You mix the snape grass into your potion."],[62,"You mix the snape grass into your potion."],[61,"You mix the snape grass into your potion."],[60,"You mix the snape grass into your potion."],[59,"You mix the snape grass into your potion."],[58,"You mix the snape grass into your potion."],[57,"You mix the snape grass into your potion."],[56,"You mix the snape grass into your potion."],[55,"You mix the snape grass into your potion."],[54,"You mix the snape grass into your potion."],[53,"You mix the snape grass into your potion."],[52,"You mix the snape grass into your potion."],[51,"You mix the snape grass into your potion."],[50,"You put the Ranarr Weed into the vial of water."],[49,"You put the Ranarr Weed into the vial of water."],[48,"You put the Ranarr Weed into the vial of water."],[47,"You put the Ranarr Weed into the vial of water."],[46,"You put the Ranarr Weed into the vial of water."],[45,"You put the Ranarr Weed into the vial of water."],[44,"You put the Ranarr Weed into the vial of water."],[43,"You put the Ranarr Weed into the vial of water."],[42,"You put the Ranarr Weed into the vial of water."],[41,"You put the Ranarr Weed into the vial of water."],[40,"You put the Ranarr Weed into the vial of water."],[39,"You put the Ranarr Weed into the vial of water."],[38,"You put the Ranarr Weed into the vial of water."],[37,"You put the Ranarr Weed into the vial of water."],[36,"You mix the snape grass into your potion."],[35,"You mix the snape grass into your potion."],[34,"You mix the snape grass into your potion."],[33,"You mix the snape grass into your potion."],[32,"You mix the snape grass into your potion."],[31,"You mix the snape grass into your potion."],[30,"You mix the snape grass into your potion."],[29,"You mix the snape grass into your potion."],[28,"You mix the snape grass into your potion."],[27,"You mix the snape grass into your potion."],[26,"You mix the snape grass into your potion."],[25,"You mix the snape grass into your potion."],[24,"You mix the snape grass into your potion."],[23,"You mix the snape grass into your potion."],[22,"You put the Ranarr Weed into the vial of water."],[21,"You put the Ranarr Weed into the vial of water."],[20,"You put the Ranarr Weed into the vial of water."],[19,"You put the Ranarr Weed into the vial of water."],[18,"You put the Ranarr Weed into the vial of water."],[17,"You put the Ranarr Weed into the vial of water."],[16,"You put the Ranarr Weed into the vial of water."],[15,"You put the Ranarr Weed into the vial of water."],[14,"You put the Ranarr Weed into the vial of water."],[13,"You put the Ranarr Weed into the vial of water."],[12,"You put the Ranarr Weed into the vial of water."],[11,"You put the Ranarr Weed into the vial of water."],[10,"You put the Ranarr Weed into the vial of water."],[9,"You put the Ranarr Weed into the vial of water."],[8,"Inventory wiped."],[7,"set tutorial: to 1000"],[6,"Welcome to RuneScape."]],"loc_facts":[{"id":1533,"x":3183,"z":3434,"level":0,"name":"Door","open":true}],"equipment_ids":{}},"max_items":{"Prayer potion(3)":14,"Ranarr weed":14,"Snape grass":14,"Unfinished potion":14,"Vial of water":14},"max_xp":{"-unused-":0,"agility":0,"attack":0,"cooking":0,"crafting":0,"defence":0,"firemaking":0,"fishing":0,"fletching":0,"herblore":33295,"hitpoints":1154,"magic":0,"mining":0,"prayer":0,"ranged":0,"runecraft":0,"slayer":0,"smithing":0,"strength":0,"thieving":0,"woodcutting":0},"saw_bury_chat":false,"post_start_observations":1658,"bone_bank_cycle":{"first_batch_buried":false,"opened":null,"withdrawn":null,"buried_after_withdrawal":false},"bank_fletcher_cycle":{"first_pack_created":false,"deposited":null,"withdrawn":null,"crafted_after_withdrawal":false},"bank_fletcher_string_cycle":{"initial_pairs_strung":false,"deposited":null,"withdrawn":null,"strung_after_withdrawal":false},"bank_fletcher_cut_string_cycle":{"cut_pair_created":false,"deposited":null,"withdrawn":null,"string_pair_created":false},"alcher_generated_custom_cycle":{"withdrawn":null,"consumed":false},"dart_fletcher_cycle":{"first":null,"further":false,"wrong_tier":false},"herb_cleaner_cycle":{"first_pack":false,"deposited":null,"withdrawn":null,"cleaned_after_withdrawal":false,"filter_violated":false},"gem_cutter_cycle":{"first_pack":false,"deposited":null,"withdrawn":null,"cut_after_withdrawal":false,"filter_violated":false},"door_opener_cycle":{"selected":null,"opened":false},"gnome_course_cycle":{"log":null,"ground_return":null,"pipe":null,"second_lap":false},"flax_picker_cycle":{"first_pack":false,"deposited":null,"returned":false,"further":false},"superheater_cycle":{"first_bars":false,"deposited":null,"withdrawn":null,"produced_after_withdrawal":false,"wrong_product":false,"wrong_staff":false},"chicken_killer_bank_cycle":{"combat_loot":false,"deposited":null,"returned":false,"further":false},"vial_filler_cycle":{"filled":null,"deposited":null,"withdrawn":null,"returned":false,"further":false},"potion_maker_cycle":{"unfinished":{"ingame":true,"scene_state":2,"player":"Livepltcfc 0","tile":[3185,3440,0],"tick":44,"items":{"Ranarr weed":9,"Unfinished potion":5,"Vial of water":9},"item_ids":{"99":5,"227":9,"257":9},"bank":{},"bank_ids":{},"bank_open":false,"bank_loaded":false,"bank_generation":4,"levels":{"-unused-":0,"agility":1,"attack":1,"cooking":1,"crafting":1,"defence":1,"firemaking":1,"fishing":1,"fletching":1,"herblore":38,"hitpoints":10,"magic":1,"mining":1,"prayer":1,"ranged":1,"runecraft":1,"slayer":1,"smithing":1,"strength":1,"thieving":1,"woodcutting":1},"xp":{"-unused-":0,"agility":0,"attack":0,"cooking":0,"crafting":0,"defence":0,"firemaking":0,"fishing":0,"fletching":0,"herblore":30408,"hitpoints":1154,"magic":0,"mining":0,"prayer":0,"ranged":0,"runecraft":0,"slayer":0,"smithing":0,"strength":0,"thieving":0,"woodcutting":0},"chat":[[13,"You put the Ranarr Weed into the vial of water."],[12,"You put the Ranarr Weed into the vial of water."],[11,"You put the Ranarr Weed into the vial of water."],[10,"You put the Ranarr Weed into the vial of water."],[9,"You put the Ranarr Weed into the vial of water."],[8,"Inventory wiped."],[7,"set tutorial: to 1000"],[6,"Welcome to RuneScape."]],"loc_facts":[{"id":1533,"x":3183,"z":3434,"level":0,"name":"Door","open":true}],"equipment_ids":{}},"finished":{"ingame":true,"scene_state":2,"player":"Livepltcfc 0","tile":[3185,3440,0],"tick":55,"items":{"Prayer potion(3)":10,"Snape grass":4,"Unfinished potion":4},"item_ids":{"99":4,"139":10,"231":4},"bank":{},"bank_ids":{},"bank_open":false,"bank_loaded":false,"bank_generation":6,"levels":{"-unused-":0,"agility":1,"attack":1,"cooking":1,"crafting":1,"defence":1,"firemaking":1,"fishing":1,"fletching":1,"herblore":38,"hitpoints":10,"magic":1,"mining":1,"prayer":1,"ranged":1,"runecraft":1,"slayer":1,"smithing":1,"strength":1,"thieving":1,"woodcutting":1},"xp":{"-unused-":0,"agility":0,"attack":0,"cooking":0,"crafting":0,"defence":0,"firemaking":0,"fishing":0,"fletching":0,"herblore":31283,"hitpoints":1154,"magic":0,"mining":0,"prayer":0,"ranged":0,"runecraft":0,"slayer":0,"smithing":0,"strength":0,"thieving":0,"woodcutting":0},"chat":[[32,"You mix the snape grass into your potion."],[31,"You mix the snape grass into your potion."],[30,"You mix the snape grass into your potion."],[29,"You mix the snape grass into your potion."],[28,"You mix the snape grass into your potion."],[27,"You mix the snape grass into your potion."],[26,"You mix the snape grass into your potion."],[25,"You mix the snape grass into your potion."],[24,"You mix the snape grass into your potion."],[23,"You mix the snape grass into your potion."],[22,"You put the Ranarr Weed into the vial of water."],[21,"You put the Ranarr Weed into the vial of water."],[20,"You put the Ranarr Weed into the vial of water."],[19,"You put the Ranarr Weed into the vial of water."],[18,"You put the Ranarr Weed into the vial of water."],[17,"You put the Ranarr Weed into the vial of water."],[16,"You put the Ranarr Weed into the vial of water."],[15,"You put the Ranarr Weed into the vial of water."],[14,"You put the Ranarr Weed into the vial of water."],[13,"You put the Ranarr Weed into the vial of water."],[12,"You put the Ranarr Weed into the vial of water."],[11,"You put the Ranarr Weed into the vial of water."],[10,"You put the Ranarr Weed into the vial of water."],[9,"You put the Ranarr Weed into the vial of water."],[8,"Inventory wiped."],[7,"set tutorial: to 1000"],[6,"Welcome to RuneScape."]],"loc_facts":[{"id":1533,"x":3183,"z":3434,"level":0,"name":"Door","open":true}],"equipment_ids":{}},"deposited":{"ingame":true,"scene_state":2,"player":"Livepltcfc 0","tile":[3185,3440,0],"tick":60,"items":{},"item_ids":{},"bank":{"Guam leaf":14,"Prayer potion(3)":14,"Ranarr weed":28,"Snape grass":28,"Vial of water":28},"bank_ids":{"139":14,"227":28,"231":28,"249":14,"257":28},"bank_open":true,"bank_loaded":true,"bank_generation":7,"levels":{"-unused-":0,"agility":1,"attack":1,"cooking":1,"crafting":1,"defence":1,"firemaking":1,"fishing":1,"fletching":1,"herblore":38,"hitpoints":10,"magic":1,"mining":1,"prayer":1,"ranged":1,"runecraft":1,"slayer":1,"smithing":1,"strength":1,"thieving":1,"woodcutting":1},"xp":{"-unused-":0,"agility":0,"attack":0,"cooking":0,"crafting":0,"defence":0,"firemaking":0,"fishing":0,"fletching":0,"herblore":31633,"hitpoints":1154,"magic":0,"mining":0,"prayer":0,"ranged":0,"runecraft":0,"slayer":0,"smithing":0,"strength":0,"thieving":0,"woodcutting":0},"chat":[[36,"You mix the snape grass into your potion."],[35,"You mix the snape grass into your potion."],[34,"You mix the snape grass into your potion."],[33,"You mix the snape grass into your potion."],[32,"You mix the snape grass into your potion."],[31,"You mix the snape grass into your potion."],[30,"You mix the snape grass into your potion."],[29,"You mix the snape grass into your potion."],[28,"You mix the snape grass into your potion."],[27,"You mix the snape grass into your potion."],[26,"You mix the snape grass into your potion."],[25,"You mix the snape grass into your potion."],[24,"You mix the snape grass into your potion."],[23,"You mix the snape grass into your potion."],[22,"You put the Ranarr Weed into the vial of water."],[21,"You put the Ranarr Weed into the vial of water."],[20,"You put the Ranarr Weed into the vial of water."],[19,"You put the Ranarr Weed into the vial of water."],[18,"You put the Ranarr Weed into the vial of water."],[17,"You put the Ranarr Weed into the vial of water."],[16,"You put the Ranarr Weed into the vial of water."],[15,"You put the Ranarr Weed into the vial of water."],[14,"You put the Ranarr Weed into the vial of water."],[13,"You put the Ranarr Weed into the vial of water."],[12,"You put the Ranarr Weed into the vial of water."],[11,"You put the Ranarr Weed into the vial of water."],[10,"You put the Ranarr Weed into the vial of water."],[9,"You put the Ranarr Weed into the vial of water."],[8,"Inventory wiped."],[7,"set tutorial: to 1000"],[6,"Welcome to RuneScape."]],"loc_facts":[{"id":1533,"x":3183,"z":3434,"level":0,"name":"Door","open":true}],"equipment_ids":{}},"withdrawn":{"ingame":true,"scene_state":2,"player":"Livepltcfc 0","tile":[3185,3440,0],"tick":68,"items":{"Ranarr weed":14,"Vial of water":14},"item_ids":{"227":14,"257":14},"bank":{"Guam leaf":14,"Prayer potion(3)":14,"Ranarr weed":14,"Snape grass":28,"Vial of water":14},"bank_ids":{"139":14,"227":14,"231":28,"249":14,"257":14},"bank_open":true,"bank_loaded":true,"bank_generation":7,"levels":{"-unused-":0,"agility":1,"attack":1,"cooking":1,"crafting":1,"defence":1,"firemaking":1,"fishing":1,"fletching":1,"herblore":38,"hitpoints":10,"magic":1,"mining":1,"prayer":1,"ranged":1,"runecraft":1,"slayer":1,"smithing":1,"strength":1,"thieving":1,"woodcutting":1},"xp":{"-unused-":0,"agility":0,"attack":0,"cooking":0,"crafting":0,"defence":0,"firemaking":0,"fishing":0,"fletching":0,"herblore":31633,"hitpoints":1154,"magic":0,"mining":0,"prayer":0,"ranged":0,"runecraft":0,"slayer":0,"smithing":0,"strength":0,"thieving":0,"woodcutting":0},"chat":[[36,"You mix the snape grass into your potion."],[35,"You mix the snape grass into your potion."],[34,"You mix the snape grass into your potion."],[33,"You mix the snape grass into your potion."],[32,"You mix the snape grass into your potion."],[31,"You mix the snape grass into your potion."],[30,"You mix the snape grass into your potion."],[29,"You mix the snape grass into your potion."],[28,"You mix the snape grass into your potion."],[27,"You mix the snape grass into your potion."],[26,"You mix the snape grass into your potion."],[25,"You mix the snape grass into your potion."],[24,"You mix the snape grass into your potion."],[23,"You mix the snape grass into your potion."],[22,"You put the Ranarr Weed into the vial of water."],[21,"You put the Ranarr Weed into the vial of water."],[20,"You put the Ranarr Weed into the vial of water."],[19,"You put the Ranarr Weed into the vial of water."],[18,"You put the Ranarr Weed into the vial of water."],[17,"You put the Ranarr Weed into the vial of water."],[16,"You put the Ranarr Weed into the vial of water."],[15,"You put the Ranarr Weed into the vial of water."],[14,"You put the Ranarr Weed into the vial of water."],[13,"You put the Ranarr Weed into the vial of water."],[12,"You put the Ranarr Weed into the vial of water."],[11,"You put the Ranarr Weed into the vial of water."],[10,"You put the Ranarr Weed into the vial of water."],[9,"You put the Ranarr Weed into the vial of water."],[8,"Inventory wiped."],[7,"set tutorial: to 1000"],[6,"Welcome to RuneScape."]],"loc_facts":[{"id":1533,"x":3183,"z":3434,"level":0,"name":"Door","open":true}],"equipment_ids":{}},"further":true,"wrong_product":false,"filter_violated":false},"ordered_first_exhausted":false}}
test catalog_boundary_live ... ok

test result: ok. 1 passed; 0 failed; 0 ignored; 0 measured; 23 filtered out; finished in 79.09s

