
running 1 test
{"phase":"identity","revision":289,"profile":"local-289 · 127.0.0.1:44594 · revision 289","cache_id":"c4d8ab36bcfd2a7907535b4f619e28623b0a22e98d496fd2a9620d544c5b5b09","nav_pack":"/Users/acfrazier/experiments/274bot/.worktrees/rs2b0t-multirevision/.superpowers/world-capabilities/289/274bot.navpack","nav_sha256":"131db92e32eddcb08148909d477589544320fe7e34a422e8004e97e888032924","catalog_commit":"8e7d965be2071d6ec65c3265e12af797082d720a","catalog_identity":"289-updated frozen catalog","catalog_read_only_path":".superpowers/inputs/rs2b0t-8e7d965be2071d6ec65c3265e12af797082d720a","catalog_root":"/Users/acfrazier/experiments/274bot/.worktrees/rs2b0t-multirevision/.superpowers/inputs/rs2b0t-8e7d965be2071d6ec65c3265e12af797082d720a","registry_path":"/Users/acfrazier/experiments/274bot/.worktrees/rs2b0t-multirevision/.superpowers/inputs/rs2b0t-8e7d965be2071d6ec65c3265e12af797082d720a/src/bot/scripts/index.ts","registry_sha256":"b614aedb3d5adfdfbac3760f082273f3cf5c33fffe4ced0f2b01490ae02d1bc2","card":{"card":"PotionMaker","source_path":"/Users/acfrazier/experiments/274bot/.worktrees/rs2b0t-multirevision/.superpowers/inputs/rs2b0t-8e7d965be2071d6ec65c3265e12af797082d720a/src/bot/scripts/PotionMaker/PotionMaker.ts","source_sha256":"36704aa9951b18bcb27c16d5740577937757847209daa504b0df5ecd9e758beb","compiled_sha256":"7373464469d13fd33abf4aba136425d2b788c9623379ed83c00537b1edc034d7","siblings":[{"module":"/rs2b0t/bot/scripts/bot/PotionMakerLogic.js","compiled_sha256":"cbd2edc1ce4e4419db9e94ee5fadb5fee51eb2efbd7a4dedc8c5d47761f490c1"}],"settings":{"herbCustom":"Guam leaf","secondaryCustom":"Eye of newt","herb":"Ranarr weed","secondary":"Snape grass"}},"account":"livey7lbok_0","engine_speed_ms":null}
[host-play] slot livey7lbok_0: thread up
274bot: snapshot load skipped: read /Users/acfrazier/.274bot/unpack-289/37214163f1e6ceca/models.bin: No such file or directory (os error 2)
[host-play] slot livey7lbok_0: handshake begin reconnect=false
[host-play] slot livey7lbok_0: handshake ok
[host] slot livey7lbok_0: d_loop_us=2203 d_raster_us=0 d_observe_us=25386 max_observe_us=1994 d_paints=0 d_skips=50 d_ticks=1 window_ms=0
[host-play] slot livey7lbok_0: queued mainland tele+setvar (scene 2)
[host-play] slot livey7lbok_0: handshake begin reconnect=true
[host-play] slot livey7lbok_0: handshake ok
[host] slot livey7lbok_0: d_loop_us=759 d_raster_us=0 d_observe_us=31291 max_observe_us=2277 d_paints=0 d_skips=50 d_ticks=1 window_ms=0
[host-play] slot livey7lbok_0: queued mainland tele+setvar (scene 2)
[host] slot livey7lbok_0: d_loop_us=18236 d_raster_us=0 d_observe_us=64152 max_observe_us=5378 d_paints=0 d_skips=50 d_ticks=24 window_ms=14941
{"phase":"baseline-after-preparation","scenario":"potion_maker_named","account":"livey7lbok_0","observation":{"ingame":true,"scene_state":2,"player":"Livey7lbok 0","tile":[3185,3440,0],"tick":34,"items":{},"item_ids":{},"bank":{},"bank_ids":{},"bank_open":false,"bank_loaded":false,"bank_generation":2,"levels":{"-unused-":0,"agility":1,"attack":1,"cooking":1,"crafting":1,"defence":1,"firemaking":1,"fishing":1,"fletching":1,"herblore":38,"hitpoints":10,"magic":1,"mining":1,"prayer":1,"ranged":1,"runecraft":1,"slayer":1,"smithing":1,"strength":1,"thieving":1,"woodcutting":1},"xp":{"-unused-":0,"agility":0,"attack":0,"cooking":0,"crafting":0,"defence":0,"firemaking":0,"fishing":0,"fletching":0,"herblore":30408,"hitpoints":1154,"magic":0,"mining":0,"prayer":0,"ranged":0,"runecraft":0,"slayer":0,"smithing":0,"strength":0,"thieving":0,"woodcutting":0},"chat":[[8,"Inventory wiped."],[7,"set tutorial: to 1000"],[6,"Welcome to RuneScape."]],"loc_facts":[{"id":1533,"x":3183,"z":3434,"level":0,"name":"Door","open":true}],"equipment_ids":{}}}
[script livey7lbok_0] start load
{"phase":"start","account":"livey7lbok_0","count":1}
[host] hitch livey7lbok_0: observe_us=91352 paints=0 skips=113 ticks=34
[script livey7lbok_0] PotionMaker — Ranarr weed + Snape grass at the nearest bank
[script livey7lbok_0] interact OpenBooth { x: 3186, z: 3440, level: 0, id: 2213, name: None, action: None }
[host] slot livey7lbok_0: d_loop_us=1246 d_raster_us=0 d_observe_us=161235 max_observe_us=91352 d_paints=0 d_skips=50 d_ticks=11 window_ms=6399
[host] slot livey7lbok_0: d_loop_us=946 d_raster_us=0 d_observe_us=58751 max_observe_us=11938 d_paints=0 d_skips=50 d_ticks=2 window_ms=1310
[host] slot livey7lbok_0: d_loop_us=981 d_raster_us=0 d_observe_us=61150 max_observe_us=11271 d_paints=0 d_skips=50 d_ticks=2 window_ms=1272
[script livey7lbok_0] interact Close
[shim-close] sent
[script livey7lbok_0] withdrew 14 vials of water + 14 Ranarr weed
[script livey7lbok_0] interact UseOn { name: "Ranarr weed", kind: "inv", target_name: Some("Vial of water"), x: 0, z: 0, level: 0, index: None, source_item_id: Some(257), source_item_slot: Some(27), target_item_id: Some(227), target_item_slot: Some(13) }
[script livey7lbok_0] interact UseOn { name: "Ranarr weed", kind: "inv", target_name: Some("Vial of water"), x: 0, z: 0, level: 0, index: None, source_item_id: Some(257), source_item_slot: Some(27), target_item_id: Some(227), target_item_slot: Some(13) }
[script livey7lbok_0] interact UseOn { name: "Ranarr weed", kind: "inv", target_name: Some("Vial of water"), x: 0, z: 0, level: 0, index: None, source_item_id: Some(257), source_item_slot: Some(27), target_item_id: Some(227), target_item_slot: Some(13) }
[script livey7lbok_0] interact UseOn { name: "Ranarr weed", kind: "inv", target_name: Some("Vial of water"), x: 0, z: 0, level: 0, index: None, source_item_id: Some(257), source_item_slot: Some(27), target_item_id: Some(227), target_item_slot: Some(13) }
[script livey7lbok_0] interact UseOn { name: "Ranarr weed", kind: "inv", target_name: Some("Vial of water"), x: 0, z: 0, level: 0, index: None, source_item_id: Some(257), source_item_slot: Some(27), target_item_id: Some(227), target_item_slot: Some(13) }
[script livey7lbok_0] interact UseOn { name: "Ranarr weed", kind: "inv", target_name: Some("Vial of water"), x: 0, z: 0, level: 0, index: None, source_item_id: Some(257), source_item_slot: Some(27), target_item_id: Some(227), target_item_slot: Some(13) }
[script livey7lbok_0] interact UseOn { name: "Ranarr weed", kind: "inv", target_name: Some("Vial of water"), x: 0, z: 0, level: 0, index: None, source_item_id: Some(257), source_item_slot: Some(27), target_item_id: Some(227), target_item_slot: Some(13) }
[script livey7lbok_0] interact UseOn { name: "Ranarr weed", kind: "inv", target_name: Some("Vial of water"), x: 0, z: 0, level: 0, index: None, source_item_id: Some(257), source_item_slot: Some(27), target_item_id: Some(227), target_item_slot: Some(13) }
[script livey7lbok_0] interact UseOn { name: "Ranarr weed", kind: "inv", target_name: Some("Vial of water"), x: 0, z: 0, level: 0, index: None, source_item_id: Some(257), source_item_slot: Some(27), target_item_id: Some(227), target_item_slot: Some(13) }
[script livey7lbok_0] interact UseOn { name: "Ranarr weed", kind: "inv", target_name: Some("Vial of water"), x: 0, z: 0, level: 0, index: None, source_item_id: Some(257), source_item_slot: Some(27), target_item_id: Some(227), target_item_slot: Some(13) }
[script livey7lbok_0] interact UseOn { name: "Ranarr weed", kind: "inv", target_name: Some("Vial of water"), x: 0, z: 0, level: 0, index: None, source_item_id: Some(257), source_item_slot: Some(27), target_item_id: Some(227), target_item_slot: Some(13) }
[script livey7lbok_0] interact UseOn { name: "Ranarr weed", kind: "inv", target_name: Some("Vial of water"), x: 0, z: 0, level: 0, index: None, source_item_id: Some(257), source_item_slot: Some(27), target_item_id: Some(227), target_item_slot: Some(13) }
[script livey7lbok_0] interact UseOn { name: "Ranarr weed", kind: "inv", target_name: Some("Vial of water"), x: 0, z: 0, level: 0, index: None, source_item_id: Some(257), source_item_slot: Some(27), target_item_id: Some(227), target_item_slot: Some(13) }
[script livey7lbok_0] interact UseOn { name: "Ranarr weed", kind: "inv", target_name: Some("Vial of water"), x: 0, z: 0, level: 0, index: None, source_item_id: Some(257), source_item_slot: Some(27), target_item_id: Some(227), target_item_slot: Some(13) }
[script livey7lbok_0] interact UseOn { name: "Ranarr weed", kind: "inv", target_name: Some("Vial of water"), x: 0, z: 0, level: 0, index: None, source_item_id: Some(257), source_item_slot: Some(27), target_item_id: Some(227), target_item_slot: Some(13) }
[script livey7lbok_0] interact UseOn { name: "Ranarr weed", kind: "inv", target_name: Some("Vial of water"), x: 0, z: 0, level: 0, index: None, source_item_id: Some(257), source_item_slot: Some(27), target_item_id: Some(227), target_item_slot: Some(13) }
[script livey7lbok_0] interact UseOn { name: "Ranarr weed", kind: "inv", target_name: Some("Vial of water"), x: 0, z: 0, level: 0, index: None, source_item_id: Some(257), source_item_slot: Some(27), target_item_id: Some(227), target_item_slot: Some(13) }
[script livey7lbok_0] interact UseOn { name: "Ranarr weed", kind: "inv", target_name: Some("Vial of water"), x: 0, z: 0, level: 0, index: None, source_item_id: Some(257), source_item_slot: Some(27), target_item_id: Some(227), target_item_slot: Some(13) }
[script livey7lbok_0] interact UseOn { name: "Ranarr weed", kind: "inv", target_name: Some("Vial of water"), x: 0, z: 0, level: 0, index: None, source_item_id: Some(257), source_item_slot: Some(27), target_item_id: Some(227), target_item_slot: Some(13) }
[script livey7lbok_0] interact UseOn { name: "Ranarr weed", kind: "inv", target_name: Some("Vial of water"), x: 0, z: 0, level: 0, index: None, source_item_id: Some(257), source_item_slot: Some(27), target_item_id: Some(227), target_item_slot: Some(13) }
[script livey7lbok_0] interact UseOn { name: "Ranarr weed", kind: "inv", target_name: Some("Vial of water"), x: 0, z: 0, level: 0, index: None, source_item_id: Some(257), source_item_slot: Some(27), target_item_id: Some(227), target_item_slot: Some(13) }
[script livey7lbok_0] interact UseOn { name: "Ranarr weed", kind: "inv", target_name: Some("Vial of water"), x: 0, z: 0, level: 0, index: None, source_item_id: Some(257), source_item_slot: Some(27), target_item_id: Some(227), target_item_slot: Some(13) }
[script livey7lbok_0] interact UseOn { name: "Ranarr weed", kind: "inv", target_name: Some("Vial of water"), x: 0, z: 0, level: 0, index: None, source_item_id: Some(257), source_item_slot: Some(27), target_item_id: Some(227), target_item_slot: Some(13) }
[script livey7lbok_0] interact UseOn { name: "Ranarr weed", kind: "inv", target_name: Some("Vial of water"), x: 0, z: 0, level: 0, index: None, source_item_id: Some(257), source_item_slot: Some(27), target_item_id: Some(227), target_item_slot: Some(13) }
[script livey7lbok_0] interact UseOn { name: "Ranarr weed", kind: "inv", target_name: Some("Vial of water"), x: 0, z: 0, level: 0, index: None, source_item_id: Some(257), source_item_slot: Some(27), target_item_id: Some(227), target_item_slot: Some(13) }
[script livey7lbok_0] interact UseOn { name: "Ranarr weed", kind: "inv", target_name: Some("Vial of water"), x: 0, z: 0, level: 0, index: None, source_item_id: Some(257), source_item_slot: Some(27), target_item_id: Some(227), target_item_slot: Some(13) }
[script livey7lbok_0] interact UseOn { name: "Ranarr weed", kind: "inv", target_name: Some("Vial of water"), x: 0, z: 0, level: 0, index: None, source_item_id: Some(257), source_item_slot: Some(27), target_item_id: Some(227), target_item_slot: Some(13) }
[script livey7lbok_0] interact UseOn { name: "Ranarr weed", kind: "inv", target_name: Some("Vial of water"), x: 0, z: 0, level: 0, index: None, source_item_id: Some(257), source_item_slot: Some(27), target_item_id: Some(227), target_item_slot: Some(13) }
[script livey7lbok_0] interact UseOn { name: "Ranarr weed", kind: "inv", target_name: Some("Vial of water"), x: 0, z: 0, level: 0, index: None, source_item_id: Some(257), source_item_slot: Some(27), target_item_id: Some(227), target_item_slot: Some(13) }
[script livey7lbok_0] interact UseOn { name: "Ranarr weed", kind: "inv", target_name: Some("Vial of water"), x: 0, z: 0, level: 0, index: None, source_item_id: Some(257), source_item_slot: Some(27), target_item_id: Some(227), target_item_slot: Some(13) }
[script livey7lbok_0] interact UseOn { name: "Ranarr weed", kind: "inv", target_name: Some("Vial of water"), x: 0, z: 0, level: 0, index: None, source_item_id: Some(257), source_item_slot: Some(27), target_item_id: Some(227), target_item_slot: Some(13) }
[script livey7lbok_0] interact UseOn { name: "Ranarr weed", kind: "inv", target_name: Some("Vial of water"), x: 0, z: 0, level: 0, index: None, source_item_id: Some(257), source_item_slot: Some(27), target_item_id: Some(227), target_item_slot: Some(13) }
[script livey7lbok_0] interact UseOn { name: "Ranarr weed", kind: "inv", target_name: Some("Vial of water"), x: 0, z: 0, level: 0, index: None, source_item_id: Some(257), source_item_slot: Some(27), target_item_id: Some(227), target_item_slot: Some(13) }
[script livey7lbok_0] interact UseOn { name: "Ranarr weed", kind: "inv", target_name: Some("Vial of water"), x: 0, z: 0, level: 0, index: None, source_item_id: Some(257), source_item_slot: Some(27), target_item_id: Some(227), target_item_slot: Some(13) }
[script livey7lbok_0] interact UseOn { name: "Ranarr weed", kind: "inv", target_name: Some("Vial of water"), x: 0, z: 0, level: 0, index: None, source_item_id: Some(257), source_item_slot: Some(27), target_item_id: Some(227), target_item_slot: Some(13) }
[script livey7lbok_0] interact UseOn { name: "Ranarr weed", kind: "inv", target_name: Some("Vial of water"), x: 0, z: 0, level: 0, index: None, source_item_id: Some(257), source_item_slot: Some(27), target_item_id: Some(227), target_item_slot: Some(13) }
[script livey7lbok_0] interact UseOn { name: "Ranarr weed", kind: "inv", target_name: Some("Vial of water"), x: 0, z: 0, level: 0, index: None, source_item_id: Some(257), source_item_slot: Some(27), target_item_id: Some(227), target_item_slot: Some(13) }
[script livey7lbok_0] interact UseOn { name: "Ranarr weed", kind: "inv", target_name: Some("Vial of water"), x: 0, z: 0, level: 0, index: None, source_item_id: Some(257), source_item_slot: Some(27), target_item_id: Some(227), target_item_slot: Some(13) }
[script livey7lbok_0] interact UseOn { name: "Ranarr weed", kind: "inv", target_name: Some("Vial of water"), x: 0, z: 0, level: 0, index: None, source_item_id: Some(257), source_item_slot: Some(27), target_item_id: Some(227), target_item_slot: Some(13) }
[script livey7lbok_0] interact UseOn { name: "Ranarr weed", kind: "inv", target_name: Some("Vial of water"), x: 0, z: 0, level: 0, index: None, source_item_id: Some(257), source_item_slot: Some(27), target_item_id: Some(227), target_item_slot: Some(13) }
[script livey7lbok_0] interact UseOn { name: "Ranarr weed", kind: "inv", target_name: Some("Vial of water"), x: 0, z: 0, level: 0, index: None, source_item_id: Some(257), source_item_slot: Some(27), target_item_id: Some(227), target_item_slot: Some(13) }
[script livey7lbok_0] interact UseOn { name: "Ranarr weed", kind: "inv", target_name: Some("Vial of water"), x: 0, z: 0, level: 0, index: None, source_item_id: Some(257), source_item_slot: Some(27), target_item_id: Some(227), target_item_slot: Some(13) }
[script livey7lbok_0] interact UseOn { name: "Ranarr weed", kind: "inv", target_name: Some("Vial of water"), x: 0, z: 0, level: 0, index: None, source_item_id: Some(257), source_item_slot: Some(27), target_item_id: Some(227), target_item_slot: Some(13) }
[script livey7lbok_0] interact UseOn { name: "Ranarr weed", kind: "inv", target_name: Some("Vial of water"), x: 0, z: 0, level: 0, index: None, source_item_id: Some(257), source_item_slot: Some(27), target_item_id: Some(227), target_item_slot: Some(13) }
[script livey7lbok_0] interact UseOn { name: "Ranarr weed", kind: "inv", target_name: Some("Vial of water"), x: 0, z: 0, level: 0, index: None, source_item_id: Some(257), source_item_slot: Some(27), target_item_id: Some(227), target_item_slot: Some(13) }
[script livey7lbok_0] interact UseOn { name: "Ranarr weed", kind: "inv", target_name: Some("Vial of water"), x: 0, z: 0, level: 0, index: None, source_item_id: Some(257), source_item_slot: Some(27), target_item_id: Some(227), target_item_slot: Some(13) }
[script livey7lbok_0] interact UseOn { name: "Ranarr weed", kind: "inv", target_name: Some("Vial of water"), x: 0, z: 0, level: 0, index: None, source_item_id: Some(257), source_item_slot: Some(27), target_item_id: Some(227), target_item_slot: Some(13) }
[script livey7lbok_0] interact UseOn { name: "Ranarr weed", kind: "inv", target_name: Some("Vial of water"), x: 0, z: 0, level: 0, index: None, source_item_id: Some(257), source_item_slot: Some(27), target_item_id: Some(227), target_item_slot: Some(13) }
[script livey7lbok_0] interact UseOn { name: "Ranarr weed", kind: "inv", target_name: Some("Vial of water"), x: 0, z: 0, level: 0, index: None, source_item_id: Some(257), source_item_slot: Some(27), target_item_id: Some(227), target_item_slot: Some(13) }
[script livey7lbok_0] interact UseOn { name: "Ranarr weed", kind: "inv", target_name: Some("Vial of water"), x: 0, z: 0, level: 0, index: None, source_item_id: Some(257), source_item_slot: Some(27), target_item_id: Some(227), target_item_slot: Some(13) }
[script livey7lbok_0] interact UseOn { name: "Ranarr weed", kind: "inv", target_name: Some("Vial of water"), x: 0, z: 0, level: 0, index: None, source_item_id: Some(257), source_item_slot: Some(27), target_item_id: Some(227), target_item_slot: Some(13) }
[script livey7lbok_0] interact UseOn { name: "Ranarr weed", kind: "inv", target_name: Some("Vial of water"), x: 0, z: 0, level: 0, index: None, source_item_id: Some(257), source_item_slot: Some(27), target_item_id: Some(227), target_item_slot: Some(13) }
[script livey7lbok_0] interact UseOn { name: "Ranarr weed", kind: "inv", target_name: Some("Vial of water"), x: 0, z: 0, level: 0, index: None, source_item_id: Some(257), source_item_slot: Some(27), target_item_id: Some(227), target_item_slot: Some(13) }
[script livey7lbok_0] interact UseOn { name: "Ranarr weed", kind: "inv", target_name: Some("Vial of water"), x: 0, z: 0, level: 0, index: None, source_item_id: Some(257), source_item_slot: Some(27), target_item_id: Some(227), target_item_slot: Some(13) }
[script livey7lbok_0] interact UseOn { name: "Ranarr weed", kind: "inv", target_name: Some("Vial of water"), x: 0, z: 0, level: 0, index: None, source_item_id: Some(257), source_item_slot: Some(27), target_item_id: Some(227), target_item_slot: Some(13) }
[script livey7lbok_0] interact UseOn { name: "Ranarr weed", kind: "inv", target_name: Some("Vial of water"), x: 0, z: 0, level: 0, index: None, source_item_id: Some(257), source_item_slot: Some(27), target_item_id: Some(227), target_item_slot: Some(13) }
[host] slot livey7lbok_0: d_loop_us=970 d_raster_us=0 d_observe_us=70383 max_observe_us=13130 d_paints=0 d_skips=50 d_ticks=3 window_ms=1327
[host] slot livey7lbok_0: d_loop_us=975 d_raster_us=0 d_observe_us=56282 max_observe_us=12026 d_paints=0 d_skips=50 d_ticks=2 window_ms=1321
[host] slot livey7lbok_0: d_loop_us=888 d_raster_us=0 d_observe_us=51991 max_observe_us=11056 d_paints=0 d_skips=50 d_ticks=2 window_ms=1315
[script livey7lbok_0] interact OpenBooth { x: 3186, z: 3440, level: 0, id: 2213, name: None, action: None }
[host] slot livey7lbok_0: d_loop_us=854 d_raster_us=0 d_observe_us=54223 max_observe_us=10454 d_paints=0 d_skips=50 d_ticks=2 window_ms=1346
[host] slot livey7lbok_0: d_loop_us=823 d_raster_us=0 d_observe_us=52425 max_observe_us=10599 d_paints=0 d_skips=50 d_ticks=3 window_ms=1335
[script livey7lbok_0] interact Close
[shim-close] sent
[script livey7lbok_0] interact UseOn { name: "Snape grass", kind: "inv", target_name: Some("Unfinished potion"), x: 0, z: 0, level: 0, index: None, source_item_id: Some(231), source_item_slot: Some(27), target_item_id: Some(99), target_item_slot: Some(13) }
[script livey7lbok_0] interact UseOn { name: "Snape grass", kind: "inv", target_name: Some("Unfinished potion"), x: 0, z: 0, level: 0, index: None, source_item_id: Some(231), source_item_slot: Some(27), target_item_id: Some(99), target_item_slot: Some(13) }
[script livey7lbok_0] interact UseOn { name: "Snape grass", kind: "inv", target_name: Some("Unfinished potion"), x: 0, z: 0, level: 0, index: None, source_item_id: Some(231), source_item_slot: Some(27), target_item_id: Some(99), target_item_slot: Some(13) }
[script livey7lbok_0] interact UseOn { name: "Snape grass", kind: "inv", target_name: Some("Unfinished potion"), x: 0, z: 0, level: 0, index: None, source_item_id: Some(231), source_item_slot: Some(27), target_item_id: Some(99), target_item_slot: Some(13) }
[script livey7lbok_0] interact UseOn { name: "Snape grass", kind: "inv", target_name: Some("Unfinished potion"), x: 0, z: 0, level: 0, index: None, source_item_id: Some(231), source_item_slot: Some(27), target_item_id: Some(99), target_item_slot: Some(13) }
[script livey7lbok_0] interact UseOn { name: "Snape grass", kind: "inv", target_name: Some("Unfinished potion"), x: 0, z: 0, level: 0, index: None, source_item_id: Some(231), source_item_slot: Some(27), target_item_id: Some(99), target_item_slot: Some(13) }
[script livey7lbok_0] interact UseOn { name: "Snape grass", kind: "inv", target_name: Some("Unfinished potion"), x: 0, z: 0, level: 0, index: None, source_item_id: Some(231), source_item_slot: Some(27), target_item_id: Some(99), target_item_slot: Some(13) }
[script livey7lbok_0] interact UseOn { name: "Snape grass", kind: "inv", target_name: Some("Unfinished potion"), x: 0, z: 0, level: 0, index: None, source_item_id: Some(231), source_item_slot: Some(27), target_item_id: Some(99), target_item_slot: Some(13) }
[script livey7lbok_0] interact UseOn { name: "Snape grass", kind: "inv", target_name: Some("Unfinished potion"), x: 0, z: 0, level: 0, index: None, source_item_id: Some(231), source_item_slot: Some(27), target_item_id: Some(99), target_item_slot: Some(13) }
[script livey7lbok_0] interact UseOn { name: "Snape grass", kind: "inv", target_name: Some("Unfinished potion"), x: 0, z: 0, level: 0, index: None, source_item_id: Some(231), source_item_slot: Some(27), target_item_id: Some(99), target_item_slot: Some(13) }
[script livey7lbok_0] interact UseOn { name: "Snape grass", kind: "inv", target_name: Some("Unfinished potion"), x: 0, z: 0, level: 0, index: None, source_item_id: Some(231), source_item_slot: Some(27), target_item_id: Some(99), target_item_slot: Some(13) }
[script livey7lbok_0] interact UseOn { name: "Snape grass", kind: "inv", target_name: Some("Unfinished potion"), x: 0, z: 0, level: 0, index: None, source_item_id: Some(231), source_item_slot: Some(27), target_item_id: Some(99), target_item_slot: Some(13) }
[script livey7lbok_0] interact UseOn { name: "Snape grass", kind: "inv", target_name: Some("Unfinished potion"), x: 0, z: 0, level: 0, index: None, source_item_id: Some(231), source_item_slot: Some(27), target_item_id: Some(99), target_item_slot: Some(13) }
[script livey7lbok_0] interact UseOn { name: "Snape grass", kind: "inv", target_name: Some("Unfinished potion"), x: 0, z: 0, level: 0, index: None, source_item_id: Some(231), source_item_slot: Some(27), target_item_id: Some(99), target_item_slot: Some(13) }
[script livey7lbok_0] interact UseOn { name: "Snape grass", kind: "inv", target_name: Some("Unfinished potion"), x: 0, z: 0, level: 0, index: None, source_item_id: Some(231), source_item_slot: Some(27), target_item_id: Some(99), target_item_slot: Some(13) }
[script livey7lbok_0] interact UseOn { name: "Snape grass", kind: "inv", target_name: Some("Unfinished potion"), x: 0, z: 0, level: 0, index: None, source_item_id: Some(231), source_item_slot: Some(27), target_item_id: Some(99), target_item_slot: Some(13) }
[script livey7lbok_0] interact UseOn { name: "Snape grass", kind: "inv", target_name: Some("Unfinished potion"), x: 0, z: 0, level: 0, index: None, source_item_id: Some(231), source_item_slot: Some(27), target_item_id: Some(99), target_item_slot: Some(13) }
[script livey7lbok_0] interact UseOn { name: "Snape grass", kind: "inv", target_name: Some("Unfinished potion"), x: 0, z: 0, level: 0, index: None, source_item_id: Some(231), source_item_slot: Some(27), target_item_id: Some(99), target_item_slot: Some(13) }
[script livey7lbok_0] interact UseOn { name: "Snape grass", kind: "inv", target_name: Some("Unfinished potion"), x: 0, z: 0, level: 0, index: None, source_item_id: Some(231), source_item_slot: Some(27), target_item_id: Some(99), target_item_slot: Some(13) }
[script livey7lbok_0] interact UseOn { name: "Snape grass", kind: "inv", target_name: Some("Unfinished potion"), x: 0, z: 0, level: 0, index: None, source_item_id: Some(231), source_item_slot: Some(27), target_item_id: Some(99), target_item_slot: Some(13) }
[script livey7lbok_0] interact UseOn { name: "Snape grass", kind: "inv", target_name: Some("Unfinished potion"), x: 0, z: 0, level: 0, index: None, source_item_id: Some(231), source_item_slot: Some(27), target_item_id: Some(99), target_item_slot: Some(13) }
[script livey7lbok_0] interact UseOn { name: "Snape grass", kind: "inv", target_name: Some("Unfinished potion"), x: 0, z: 0, level: 0, index: None, source_item_id: Some(231), source_item_slot: Some(27), target_item_id: Some(99), target_item_slot: Some(13) }
[script livey7lbok_0] interact UseOn { name: "Snape grass", kind: "inv", target_name: Some("Unfinished potion"), x: 0, z: 0, level: 0, index: None, source_item_id: Some(231), source_item_slot: Some(27), target_item_id: Some(99), target_item_slot: Some(13) }
[script livey7lbok_0] interact UseOn { name: "Snape grass", kind: "inv", target_name: Some("Unfinished potion"), x: 0, z: 0, level: 0, index: None, source_item_id: Some(231), source_item_slot: Some(27), target_item_id: Some(99), target_item_slot: Some(13) }
[script livey7lbok_0] interact UseOn { name: "Snape grass", kind: "inv", target_name: Some("Unfinished potion"), x: 0, z: 0, level: 0, index: None, source_item_id: Some(231), source_item_slot: Some(27), target_item_id: Some(99), target_item_slot: Some(13) }
[script livey7lbok_0] interact UseOn { name: "Snape grass", kind: "inv", target_name: Some("Unfinished potion"), x: 0, z: 0, level: 0, index: None, source_item_id: Some(231), source_item_slot: Some(27), target_item_id: Some(99), target_item_slot: Some(13) }
[script livey7lbok_0] interact UseOn { name: "Snape grass", kind: "inv", target_name: Some("Unfinished potion"), x: 0, z: 0, level: 0, index: None, source_item_id: Some(231), source_item_slot: Some(27), target_item_id: Some(99), target_item_slot: Some(13) }
[script livey7lbok_0] interact UseOn { name: "Snape grass", kind: "inv", target_name: Some("Unfinished potion"), x: 0, z: 0, level: 0, index: None, source_item_id: Some(231), source_item_slot: Some(27), target_item_id: Some(99), target_item_slot: Some(13) }
[script livey7lbok_0] interact UseOn { name: "Snape grass", kind: "inv", target_name: Some("Unfinished potion"), x: 0, z: 0, level: 0, index: None, source_item_id: Some(231), source_item_slot: Some(27), target_item_id: Some(99), target_item_slot: Some(13) }
[script livey7lbok_0] interact UseOn { name: "Snape grass", kind: "inv", target_name: Some("Unfinished potion"), x: 0, z: 0, level: 0, index: None, source_item_id: Some(231), source_item_slot: Some(27), target_item_id: Some(99), target_item_slot: Some(13) }
[script livey7lbok_0] interact UseOn { name: "Snape grass", kind: "inv", target_name: Some("Unfinished potion"), x: 0, z: 0, level: 0, index: None, source_item_id: Some(231), source_item_slot: Some(27), target_item_id: Some(99), target_item_slot: Some(13) }
[script livey7lbok_0] interact UseOn { name: "Snape grass", kind: "inv", target_name: Some("Unfinished potion"), x: 0, z: 0, level: 0, index: None, source_item_id: Some(231), source_item_slot: Some(27), target_item_id: Some(99), target_item_slot: Some(13) }
[script livey7lbok_0] interact UseOn { name: "Snape grass", kind: "inv", target_name: Some("Unfinished potion"), x: 0, z: 0, level: 0, index: None, source_item_id: Some(231), source_item_slot: Some(27), target_item_id: Some(99), target_item_slot: Some(13) }
[script livey7lbok_0] interact UseOn { name: "Snape grass", kind: "inv", target_name: Some("Unfinished potion"), x: 0, z: 0, level: 0, index: None, source_item_id: Some(231), source_item_slot: Some(27), target_item_id: Some(99), target_item_slot: Some(13) }
[script livey7lbok_0] interact UseOn { name: "Snape grass", kind: "inv", target_name: Some("Unfinished potion"), x: 0, z: 0, level: 0, index: None, source_item_id: Some(231), source_item_slot: Some(27), target_item_id: Some(99), target_item_slot: Some(13) }
[script livey7lbok_0] interact UseOn { name: "Snape grass", kind: "inv", target_name: Some("Unfinished potion"), x: 0, z: 0, level: 0, index: None, source_item_id: Some(231), source_item_slot: Some(27), target_item_id: Some(99), target_item_slot: Some(13) }
[script livey7lbok_0] interact UseOn { name: "Snape grass", kind: "inv", target_name: Some("Unfinished potion"), x: 0, z: 0, level: 0, index: None, source_item_id: Some(231), source_item_slot: Some(27), target_item_id: Some(99), target_item_slot: Some(13) }
[script livey7lbok_0] interact UseOn { name: "Snape grass", kind: "inv", target_name: Some("Unfinished potion"), x: 0, z: 0, level: 0, index: None, source_item_id: Some(231), source_item_slot: Some(27), target_item_id: Some(99), target_item_slot: Some(13) }
[script livey7lbok_0] interact UseOn { name: "Snape grass", kind: "inv", target_name: Some("Unfinished potion"), x: 0, z: 0, level: 0, index: None, source_item_id: Some(231), source_item_slot: Some(27), target_item_id: Some(99), target_item_slot: Some(13) }
[script livey7lbok_0] interact UseOn { name: "Snape grass", kind: "inv", target_name: Some("Unfinished potion"), x: 0, z: 0, level: 0, index: None, source_item_id: Some(231), source_item_slot: Some(27), target_item_id: Some(99), target_item_slot: Some(13) }
[script livey7lbok_0] interact UseOn { name: "Snape grass", kind: "inv", target_name: Some("Unfinished potion"), x: 0, z: 0, level: 0, index: None, source_item_id: Some(231), source_item_slot: Some(27), target_item_id: Some(99), target_item_slot: Some(13) }
[script livey7lbok_0] interact UseOn { name: "Snape grass", kind: "inv", target_name: Some("Unfinished potion"), x: 0, z: 0, level: 0, index: None, source_item_id: Some(231), source_item_slot: Some(27), target_item_id: Some(99), target_item_slot: Some(13) }
[script livey7lbok_0] interact UseOn { name: "Snape grass", kind: "inv", target_name: Some("Unfinished potion"), x: 0, z: 0, level: 0, index: None, source_item_id: Some(231), source_item_slot: Some(27), target_item_id: Some(99), target_item_slot: Some(13) }
[script livey7lbok_0] interact UseOn { name: "Snape grass", kind: "inv", target_name: Some("Unfinished potion"), x: 0, z: 0, level: 0, index: None, source_item_id: Some(231), source_item_slot: Some(27), target_item_id: Some(99), target_item_slot: Some(13) }
[script livey7lbok_0] interact UseOn { name: "Snape grass", kind: "inv", target_name: Some("Unfinished potion"), x: 0, z: 0, level: 0, index: None, source_item_id: Some(231), source_item_slot: Some(27), target_item_id: Some(99), target_item_slot: Some(13) }
[script livey7lbok_0] interact UseOn { name: "Snape grass", kind: "inv", target_name: Some("Unfinished potion"), x: 0, z: 0, level: 0, index: None, source_item_id: Some(231), source_item_slot: Some(27), target_item_id: Some(99), target_item_slot: Some(13) }
[script livey7lbok_0] interact UseOn { name: "Snape grass", kind: "inv", target_name: Some("Unfinished potion"), x: 0, z: 0, level: 0, index: None, source_item_id: Some(231), source_item_slot: Some(27), target_item_id: Some(99), target_item_slot: Some(13) }
[script livey7lbok_0] interact UseOn { name: "Snape grass", kind: "inv", target_name: Some("Unfinished potion"), x: 0, z: 0, level: 0, index: None, source_item_id: Some(231), source_item_slot: Some(27), target_item_id: Some(99), target_item_slot: Some(13) }
[script livey7lbok_0] interact UseOn { name: "Snape grass", kind: "inv", target_name: Some("Unfinished potion"), x: 0, z: 0, level: 0, index: None, source_item_id: Some(231), source_item_slot: Some(27), target_item_id: Some(99), target_item_slot: Some(13) }
[script livey7lbok_0] interact UseOn { name: "Snape grass", kind: "inv", target_name: Some("Unfinished potion"), x: 0, z: 0, level: 0, index: None, source_item_id: Some(231), source_item_slot: Some(27), target_item_id: Some(99), target_item_slot: Some(13) }
[script livey7lbok_0] interact UseOn { name: "Snape grass", kind: "inv", target_name: Some("Unfinished potion"), x: 0, z: 0, level: 0, index: None, source_item_id: Some(231), source_item_slot: Some(27), target_item_id: Some(99), target_item_slot: Some(13) }
[script livey7lbok_0] interact UseOn { name: "Snape grass", kind: "inv", target_name: Some("Unfinished potion"), x: 0, z: 0, level: 0, index: None, source_item_id: Some(231), source_item_slot: Some(27), target_item_id: Some(99), target_item_slot: Some(13) }
[script livey7lbok_0] interact UseOn { name: "Snape grass", kind: "inv", target_name: Some("Unfinished potion"), x: 0, z: 0, level: 0, index: None, source_item_id: Some(231), source_item_slot: Some(27), target_item_id: Some(99), target_item_slot: Some(13) }
[script livey7lbok_0] interact UseOn { name: "Snape grass", kind: "inv", target_name: Some("Unfinished potion"), x: 0, z: 0, level: 0, index: None, source_item_id: Some(231), source_item_slot: Some(27), target_item_id: Some(99), target_item_slot: Some(13) }
[script livey7lbok_0] interact UseOn { name: "Snape grass", kind: "inv", target_name: Some("Unfinished potion"), x: 0, z: 0, level: 0, index: None, source_item_id: Some(231), source_item_slot: Some(27), target_item_id: Some(99), target_item_slot: Some(13) }
[script livey7lbok_0] interact UseOn { name: "Snape grass", kind: "inv", target_name: Some("Unfinished potion"), x: 0, z: 0, level: 0, index: None, source_item_id: Some(231), source_item_slot: Some(27), target_item_id: Some(99), target_item_slot: Some(13) }
[script livey7lbok_0] interact OpenBooth { x: 3186, z: 3440, level: 0, id: 2213, name: None, action: None }
[host] slot livey7lbok_0: d_loop_us=893 d_raster_us=0 d_observe_us=78137 max_observe_us=12429 d_paints=0 d_skips=50 d_ticks=2 window_ms=1295
[host] slot livey7lbok_0: d_loop_us=1012 d_raster_us=0 d_observe_us=58412 max_observe_us=11993 d_paints=0 d_skips=50 d_ticks=2 window_ms=1293
[host] slot livey7lbok_0: d_loop_us=840 d_raster_us=0 d_observe_us=59234 max_observe_us=12124 d_paints=0 d_skips=50 d_ticks=2 window_ms=1305
[host] slot livey7lbok_0: d_loop_us=881 d_raster_us=0 d_observe_us=57046 max_observe_us=11459 d_paints=0 d_skips=50 d_ticks=2 window_ms=1357
[host] slot livey7lbok_0: d_loop_us=895 d_raster_us=0 d_observe_us=58711 max_observe_us=8893 d_paints=0 d_skips=50 d_ticks=2 window_ms=1277
[host] slot livey7lbok_0: d_loop_us=999 d_raster_us=0 d_observe_us=68087 max_observe_us=11398 d_paints=0 d_skips=50 d_ticks=3 window_ms=1324
[host] slot livey7lbok_0: d_loop_us=965 d_raster_us=0 d_observe_us=59511 max_observe_us=11497 d_paints=0 d_skips=50 d_ticks=2 window_ms=1364
[script livey7lbok_0] interact Close
[shim-close] sent
[script livey7lbok_0] withdrew 14 vials of water + 14 Ranarr weed
[host] slot livey7lbok_0: d_loop_us=1008 d_raster_us=0 d_observe_us=57856 max_observe_us=11622 d_paints=0 d_skips=50 d_ticks=2 window_ms=1375
[script livey7lbok_0] interact UseOn { name: "Ranarr weed", kind: "inv", target_name: Some("Vial of water"), x: 0, z: 0, level: 0, index: None, source_item_id: Some(257), source_item_slot: Some(27), target_item_id: Some(227), target_item_slot: Some(13) }
[script livey7lbok_0] interact UseOn { name: "Ranarr weed", kind: "inv", target_name: Some("Vial of water"), x: 0, z: 0, level: 0, index: None, source_item_id: Some(257), source_item_slot: Some(27), target_item_id: Some(227), target_item_slot: Some(13) }
[script livey7lbok_0] interact UseOn { name: "Ranarr weed", kind: "inv", target_name: Some("Vial of water"), x: 0, z: 0, level: 0, index: None, source_item_id: Some(257), source_item_slot: Some(27), target_item_id: Some(227), target_item_slot: Some(13) }
[script livey7lbok_0] interact UseOn { name: "Ranarr weed", kind: "inv", target_name: Some("Vial of water"), x: 0, z: 0, level: 0, index: None, source_item_id: Some(257), source_item_slot: Some(27), target_item_id: Some(227), target_item_slot: Some(13) }
[script livey7lbok_0] interact UseOn { name: "Ranarr weed", kind: "inv", target_name: Some("Vial of water"), x: 0, z: 0, level: 0, index: None, source_item_id: Some(257), source_item_slot: Some(27), target_item_id: Some(227), target_item_slot: Some(13) }
[script livey7lbok_0] interact UseOn { name: "Ranarr weed", kind: "inv", target_name: Some("Vial of water"), x: 0, z: 0, level: 0, index: None, source_item_id: Some(257), source_item_slot: Some(27), target_item_id: Some(227), target_item_slot: Some(13) }
[script livey7lbok_0] interact UseOn { name: "Ranarr weed", kind: "inv", target_name: Some("Vial of water"), x: 0, z: 0, level: 0, index: None, source_item_id: Some(257), source_item_slot: Some(27), target_item_id: Some(227), target_item_slot: Some(13) }
[script livey7lbok_0] interact UseOn { name: "Ranarr weed", kind: "inv", target_name: Some("Vial of water"), x: 0, z: 0, level: 0, index: None, source_item_id: Some(257), source_item_slot: Some(27), target_item_id: Some(227), target_item_slot: Some(13) }
[script livey7lbok_0] interact UseOn { name: "Ranarr weed", kind: "inv", target_name: Some("Vial of water"), x: 0, z: 0, level: 0, index: None, source_item_id: Some(257), source_item_slot: Some(27), target_item_id: Some(227), target_item_slot: Some(13) }
[script livey7lbok_0] interact UseOn { name: "Ranarr weed", kind: "inv", target_name: Some("Vial of water"), x: 0, z: 0, level: 0, index: None, source_item_id: Some(257), source_item_slot: Some(27), target_item_id: Some(227), target_item_slot: Some(13) }
[script livey7lbok_0] interact UseOn { name: "Ranarr weed", kind: "inv", target_name: Some("Vial of water"), x: 0, z: 0, level: 0, index: None, source_item_id: Some(257), source_item_slot: Some(27), target_item_id: Some(227), target_item_slot: Some(13) }
[script livey7lbok_0] interact UseOn { name: "Ranarr weed", kind: "inv", target_name: Some("Vial of water"), x: 0, z: 0, level: 0, index: None, source_item_id: Some(257), source_item_slot: Some(27), target_item_id: Some(227), target_item_slot: Some(13) }
[script livey7lbok_0] interact UseOn { name: "Ranarr weed", kind: "inv", target_name: Some("Vial of water"), x: 0, z: 0, level: 0, index: None, source_item_id: Some(257), source_item_slot: Some(27), target_item_id: Some(227), target_item_slot: Some(13) }
[script livey7lbok_0] interact UseOn { name: "Ranarr weed", kind: "inv", target_name: Some("Vial of water"), x: 0, z: 0, level: 0, index: None, source_item_id: Some(257), source_item_slot: Some(27), target_item_id: Some(227), target_item_slot: Some(13) }
[script livey7lbok_0] interact UseOn { name: "Ranarr weed", kind: "inv", target_name: Some("Vial of water"), x: 0, z: 0, level: 0, index: None, source_item_id: Some(257), source_item_slot: Some(27), target_item_id: Some(227), target_item_slot: Some(13) }
[script livey7lbok_0] interact UseOn { name: "Ranarr weed", kind: "inv", target_name: Some("Vial of water"), x: 0, z: 0, level: 0, index: None, source_item_id: Some(257), source_item_slot: Some(27), target_item_id: Some(227), target_item_slot: Some(13) }
[script livey7lbok_0] interact UseOn { name: "Ranarr weed", kind: "inv", target_name: Some("Vial of water"), x: 0, z: 0, level: 0, index: None, source_item_id: Some(257), source_item_slot: Some(27), target_item_id: Some(227), target_item_slot: Some(13) }
[script livey7lbok_0] interact UseOn { name: "Ranarr weed", kind: "inv", target_name: Some("Vial of water"), x: 0, z: 0, level: 0, index: None, source_item_id: Some(257), source_item_slot: Some(27), target_item_id: Some(227), target_item_slot: Some(13) }
[script livey7lbok_0] interact UseOn { name: "Ranarr weed", kind: "inv", target_name: Some("Vial of water"), x: 0, z: 0, level: 0, index: None, source_item_id: Some(257), source_item_slot: Some(27), target_item_id: Some(227), target_item_slot: Some(13) }
[script livey7lbok_0] interact UseOn { name: "Ranarr weed", kind: "inv", target_name: Some("Vial of water"), x: 0, z: 0, level: 0, index: None, source_item_id: Some(257), source_item_slot: Some(27), target_item_id: Some(227), target_item_slot: Some(13) }
[script livey7lbok_0] interact UseOn { name: "Ranarr weed", kind: "inv", target_name: Some("Vial of water"), x: 0, z: 0, level: 0, index: None, source_item_id: Some(257), source_item_slot: Some(27), target_item_id: Some(227), target_item_slot: Some(13) }
[script livey7lbok_0] interact UseOn { name: "Ranarr weed", kind: "inv", target_name: Some("Vial of water"), x: 0, z: 0, level: 0, index: None, source_item_id: Some(257), source_item_slot: Some(27), target_item_id: Some(227), target_item_slot: Some(13) }
[script livey7lbok_0] interact UseOn { name: "Ranarr weed", kind: "inv", target_name: Some("Vial of water"), x: 0, z: 0, level: 0, index: None, source_item_id: Some(257), source_item_slot: Some(27), target_item_id: Some(227), target_item_slot: Some(13) }
[script livey7lbok_0] interact UseOn { name: "Ranarr weed", kind: "inv", target_name: Some("Vial of water"), x: 0, z: 0, level: 0, index: None, source_item_id: Some(257), source_item_slot: Some(27), target_item_id: Some(227), target_item_slot: Some(13) }
[script livey7lbok_0] interact UseOn { name: "Ranarr weed", kind: "inv", target_name: Some("Vial of water"), x: 0, z: 0, level: 0, index: None, source_item_id: Some(257), source_item_slot: Some(27), target_item_id: Some(227), target_item_slot: Some(13) }
[script livey7lbok_0] interact UseOn { name: "Ranarr weed", kind: "inv", target_name: Some("Vial of water"), x: 0, z: 0, level: 0, index: None, source_item_id: Some(257), source_item_slot: Some(27), target_item_id: Some(227), target_item_slot: Some(13) }
[script livey7lbok_0] interact UseOn { name: "Ranarr weed", kind: "inv", target_name: Some("Vial of water"), x: 0, z: 0, level: 0, index: None, source_item_id: Some(257), source_item_slot: Some(27), target_item_id: Some(227), target_item_slot: Some(13) }
[script livey7lbok_0] interact UseOn { name: "Ranarr weed", kind: "inv", target_name: Some("Vial of water"), x: 0, z: 0, level: 0, index: None, source_item_id: Some(257), source_item_slot: Some(27), target_item_id: Some(227), target_item_slot: Some(13) }
[script livey7lbok_0] interact UseOn { name: "Ranarr weed", kind: "inv", target_name: Some("Vial of water"), x: 0, z: 0, level: 0, index: None, source_item_id: Some(257), source_item_slot: Some(27), target_item_id: Some(227), target_item_slot: Some(13) }
[script livey7lbok_0] interact UseOn { name: "Ranarr weed", kind: "inv", target_name: Some("Vial of water"), x: 0, z: 0, level: 0, index: None, source_item_id: Some(257), source_item_slot: Some(27), target_item_id: Some(227), target_item_slot: Some(13) }
[script livey7lbok_0] interact UseOn { name: "Ranarr weed", kind: "inv", target_name: Some("Vial of water"), x: 0, z: 0, level: 0, index: None, source_item_id: Some(257), source_item_slot: Some(27), target_item_id: Some(227), target_item_slot: Some(13) }
[script livey7lbok_0] interact UseOn { name: "Ranarr weed", kind: "inv", target_name: Some("Vial of water"), x: 0, z: 0, level: 0, index: None, source_item_id: Some(257), source_item_slot: Some(27), target_item_id: Some(227), target_item_slot: Some(13) }
[script livey7lbok_0] interact UseOn { name: "Ranarr weed", kind: "inv", target_name: Some("Vial of water"), x: 0, z: 0, level: 0, index: None, source_item_id: Some(257), source_item_slot: Some(27), target_item_id: Some(227), target_item_slot: Some(13) }
[script livey7lbok_0] interact UseOn { name: "Ranarr weed", kind: "inv", target_name: Some("Vial of water"), x: 0, z: 0, level: 0, index: None, source_item_id: Some(257), source_item_slot: Some(27), target_item_id: Some(227), target_item_slot: Some(13) }
[script livey7lbok_0] interact UseOn { name: "Ranarr weed", kind: "inv", target_name: Some("Vial of water"), x: 0, z: 0, level: 0, index: None, source_item_id: Some(257), source_item_slot: Some(27), target_item_id: Some(227), target_item_slot: Some(13) }
[script livey7lbok_0] interact UseOn { name: "Ranarr weed", kind: "inv", target_name: Some("Vial of water"), x: 0, z: 0, level: 0, index: None, source_item_id: Some(257), source_item_slot: Some(27), target_item_id: Some(227), target_item_slot: Some(13) }
[script livey7lbok_0] interact UseOn { name: "Ranarr weed", kind: "inv", target_name: Some("Vial of water"), x: 0, z: 0, level: 0, index: None, source_item_id: Some(257), source_item_slot: Some(27), target_item_id: Some(227), target_item_slot: Some(13) }
[script livey7lbok_0] interact UseOn { name: "Ranarr weed", kind: "inv", target_name: Some("Vial of water"), x: 0, z: 0, level: 0, index: None, source_item_id: Some(257), source_item_slot: Some(27), target_item_id: Some(227), target_item_slot: Some(13) }
[script livey7lbok_0] interact UseOn { name: "Ranarr weed", kind: "inv", target_name: Some("Vial of water"), x: 0, z: 0, level: 0, index: None, source_item_id: Some(257), source_item_slot: Some(27), target_item_id: Some(227), target_item_slot: Some(13) }
[script livey7lbok_0] interact UseOn { name: "Ranarr weed", kind: "inv", target_name: Some("Vial of water"), x: 0, z: 0, level: 0, index: None, source_item_id: Some(257), source_item_slot: Some(27), target_item_id: Some(227), target_item_slot: Some(13) }
[script livey7lbok_0] interact UseOn { name: "Ranarr weed", kind: "inv", target_name: Some("Vial of water"), x: 0, z: 0, level: 0, index: None, source_item_id: Some(257), source_item_slot: Some(27), target_item_id: Some(227), target_item_slot: Some(13) }
[script livey7lbok_0] interact UseOn { name: "Ranarr weed", kind: "inv", target_name: Some("Vial of water"), x: 0, z: 0, level: 0, index: None, source_item_id: Some(257), source_item_slot: Some(27), target_item_id: Some(227), target_item_slot: Some(13) }
[script livey7lbok_0] interact UseOn { name: "Ranarr weed", kind: "inv", target_name: Some("Vial of water"), x: 0, z: 0, level: 0, index: None, source_item_id: Some(257), source_item_slot: Some(27), target_item_id: Some(227), target_item_slot: Some(13) }
[script livey7lbok_0] interact UseOn { name: "Ranarr weed", kind: "inv", target_name: Some("Vial of water"), x: 0, z: 0, level: 0, index: None, source_item_id: Some(257), source_item_slot: Some(27), target_item_id: Some(227), target_item_slot: Some(13) }
[script livey7lbok_0] interact UseOn { name: "Ranarr weed", kind: "inv", target_name: Some("Vial of water"), x: 0, z: 0, level: 0, index: None, source_item_id: Some(257), source_item_slot: Some(27), target_item_id: Some(227), target_item_slot: Some(13) }
[script livey7lbok_0] interact UseOn { name: "Ranarr weed", kind: "inv", target_name: Some("Vial of water"), x: 0, z: 0, level: 0, index: None, source_item_id: Some(257), source_item_slot: Some(27), target_item_id: Some(227), target_item_slot: Some(13) }
[script livey7lbok_0] interact UseOn { name: "Ranarr weed", kind: "inv", target_name: Some("Vial of water"), x: 0, z: 0, level: 0, index: None, source_item_id: Some(257), source_item_slot: Some(27), target_item_id: Some(227), target_item_slot: Some(13) }
[script livey7lbok_0] interact UseOn { name: "Ranarr weed", kind: "inv", target_name: Some("Vial of water"), x: 0, z: 0, level: 0, index: None, source_item_id: Some(257), source_item_slot: Some(27), target_item_id: Some(227), target_item_slot: Some(13) }
[script livey7lbok_0] interact UseOn { name: "Ranarr weed", kind: "inv", target_name: Some("Vial of water"), x: 0, z: 0, level: 0, index: None, source_item_id: Some(257), source_item_slot: Some(27), target_item_id: Some(227), target_item_slot: Some(13) }
[script livey7lbok_0] interact UseOn { name: "Ranarr weed", kind: "inv", target_name: Some("Vial of water"), x: 0, z: 0, level: 0, index: None, source_item_id: Some(257), source_item_slot: Some(27), target_item_id: Some(227), target_item_slot: Some(13) }
[script livey7lbok_0] interact UseOn { name: "Ranarr weed", kind: "inv", target_name: Some("Vial of water"), x: 0, z: 0, level: 0, index: None, source_item_id: Some(257), source_item_slot: Some(27), target_item_id: Some(227), target_item_slot: Some(13) }
[script livey7lbok_0] interact UseOn { name: "Ranarr weed", kind: "inv", target_name: Some("Vial of water"), x: 0, z: 0, level: 0, index: None, source_item_id: Some(257), source_item_slot: Some(27), target_item_id: Some(227), target_item_slot: Some(13) }
[script livey7lbok_0] interact UseOn { name: "Ranarr weed", kind: "inv", target_name: Some("Vial of water"), x: 0, z: 0, level: 0, index: None, source_item_id: Some(257), source_item_slot: Some(27), target_item_id: Some(227), target_item_slot: Some(13) }
[script livey7lbok_0] interact UseOn { name: "Ranarr weed", kind: "inv", target_name: Some("Vial of water"), x: 0, z: 0, level: 0, index: None, source_item_id: Some(257), source_item_slot: Some(27), target_item_id: Some(227), target_item_slot: Some(13) }
[script livey7lbok_0] interact UseOn { name: "Ranarr weed", kind: "inv", target_name: Some("Vial of water"), x: 0, z: 0, level: 0, index: None, source_item_id: Some(257), source_item_slot: Some(27), target_item_id: Some(227), target_item_slot: Some(13) }
[script livey7lbok_0] interact UseOn { name: "Ranarr weed", kind: "inv", target_name: Some("Vial of water"), x: 0, z: 0, level: 0, index: None, source_item_id: Some(257), source_item_slot: Some(27), target_item_id: Some(227), target_item_slot: Some(13) }
[host] slot livey7lbok_0: d_loop_us=961 d_raster_us=0 d_observe_us=60501 max_observe_us=11037 d_paints=0 d_skips=50 d_ticks=2 window_ms=1324
test catalog_boundary_live has been running for over 60 seconds
[host] slot livey7lbok_0: d_loop_us=1009 d_raster_us=0 d_observe_us=63434 max_observe_us=10779 d_paints=0 d_skips=50 d_ticks=3 window_ms=1362
[script livey7lbok_0] interact OpenBooth { x: 3186, z: 3440, level: 0, id: 2213, name: None, action: None }
[host] slot livey7lbok_0: d_loop_us=965 d_raster_us=0 d_observe_us=55657 max_observe_us=9053 d_paints=0 d_skips=50 d_ticks=2 window_ms=1345
[host] slot livey7lbok_0: d_loop_us=969 d_raster_us=0 d_observe_us=59438 max_observe_us=12425 d_paints=0 d_skips=50 d_ticks=2 window_ms=1374
[script livey7lbok_0] interact Close
[shim-close] sent
[host] slot livey7lbok_0: d_loop_us=931 d_raster_us=0 d_observe_us=57828 max_observe_us=11197 d_paints=0 d_skips=50 d_ticks=2 window_ms=1358
[script livey7lbok_0] interact UseOn { name: "Snape grass", kind: "inv", target_name: Some("Unfinished potion"), x: 0, z: 0, level: 0, index: None, source_item_id: Some(231), source_item_slot: Some(27), target_item_id: Some(99), target_item_slot: Some(13) }
[script livey7lbok_0] interact UseOn { name: "Snape grass", kind: "inv", target_name: Some("Unfinished potion"), x: 0, z: 0, level: 0, index: None, source_item_id: Some(231), source_item_slot: Some(27), target_item_id: Some(99), target_item_slot: Some(13) }
[script livey7lbok_0] interact UseOn { name: "Snape grass", kind: "inv", target_name: Some("Unfinished potion"), x: 0, z: 0, level: 0, index: None, source_item_id: Some(231), source_item_slot: Some(27), target_item_id: Some(99), target_item_slot: Some(13) }
[script livey7lbok_0] interact UseOn { name: "Snape grass", kind: "inv", target_name: Some("Unfinished potion"), x: 0, z: 0, level: 0, index: None, source_item_id: Some(231), source_item_slot: Some(27), target_item_id: Some(99), target_item_slot: Some(13) }
[script livey7lbok_0] interact UseOn { name: "Snape grass", kind: "inv", target_name: Some("Unfinished potion"), x: 0, z: 0, level: 0, index: None, source_item_id: Some(231), source_item_slot: Some(27), target_item_id: Some(99), target_item_slot: Some(13) }
[script livey7lbok_0] interact UseOn { name: "Snape grass", kind: "inv", target_name: Some("Unfinished potion"), x: 0, z: 0, level: 0, index: None, source_item_id: Some(231), source_item_slot: Some(27), target_item_id: Some(99), target_item_slot: Some(13) }
[script livey7lbok_0] interact UseOn { name: "Snape grass", kind: "inv", target_name: Some("Unfinished potion"), x: 0, z: 0, level: 0, index: None, source_item_id: Some(231), source_item_slot: Some(27), target_item_id: Some(99), target_item_slot: Some(13) }
[script livey7lbok_0] interact UseOn { name: "Snape grass", kind: "inv", target_name: Some("Unfinished potion"), x: 0, z: 0, level: 0, index: None, source_item_id: Some(231), source_item_slot: Some(27), target_item_id: Some(99), target_item_slot: Some(13) }
[script livey7lbok_0] interact UseOn { name: "Snape grass", kind: "inv", target_name: Some("Unfinished potion"), x: 0, z: 0, level: 0, index: None, source_item_id: Some(231), source_item_slot: Some(27), target_item_id: Some(99), target_item_slot: Some(13) }
[script livey7lbok_0] interact UseOn { name: "Snape grass", kind: "inv", target_name: Some("Unfinished potion"), x: 0, z: 0, level: 0, index: None, source_item_id: Some(231), source_item_slot: Some(27), target_item_id: Some(99), target_item_slot: Some(13) }
[script livey7lbok_0] interact UseOn { name: "Snape grass", kind: "inv", target_name: Some("Unfinished potion"), x: 0, z: 0, level: 0, index: None, source_item_id: Some(231), source_item_slot: Some(27), target_item_id: Some(99), target_item_slot: Some(13) }
[script livey7lbok_0] interact UseOn { name: "Snape grass", kind: "inv", target_name: Some("Unfinished potion"), x: 0, z: 0, level: 0, index: None, source_item_id: Some(231), source_item_slot: Some(27), target_item_id: Some(99), target_item_slot: Some(13) }
[script livey7lbok_0] interact UseOn { name: "Snape grass", kind: "inv", target_name: Some("Unfinished potion"), x: 0, z: 0, level: 0, index: None, source_item_id: Some(231), source_item_slot: Some(27), target_item_id: Some(99), target_item_slot: Some(13) }
[script livey7lbok_0] interact UseOn { name: "Snape grass", kind: "inv", target_name: Some("Unfinished potion"), x: 0, z: 0, level: 0, index: None, source_item_id: Some(231), source_item_slot: Some(27), target_item_id: Some(99), target_item_slot: Some(13) }
[script livey7lbok_0] interact UseOn { name: "Snape grass", kind: "inv", target_name: Some("Unfinished potion"), x: 0, z: 0, level: 0, index: None, source_item_id: Some(231), source_item_slot: Some(27), target_item_id: Some(99), target_item_slot: Some(13) }
[script livey7lbok_0] interact UseOn { name: "Snape grass", kind: "inv", target_name: Some("Unfinished potion"), x: 0, z: 0, level: 0, index: None, source_item_id: Some(231), source_item_slot: Some(27), target_item_id: Some(99), target_item_slot: Some(13) }
[script livey7lbok_0] interact UseOn { name: "Snape grass", kind: "inv", target_name: Some("Unfinished potion"), x: 0, z: 0, level: 0, index: None, source_item_id: Some(231), source_item_slot: Some(27), target_item_id: Some(99), target_item_slot: Some(13) }
[script livey7lbok_0] interact UseOn { name: "Snape grass", kind: "inv", target_name: Some("Unfinished potion"), x: 0, z: 0, level: 0, index: None, source_item_id: Some(231), source_item_slot: Some(27), target_item_id: Some(99), target_item_slot: Some(13) }
[script livey7lbok_0] interact UseOn { name: "Snape grass", kind: "inv", target_name: Some("Unfinished potion"), x: 0, z: 0, level: 0, index: None, source_item_id: Some(231), source_item_slot: Some(27), target_item_id: Some(99), target_item_slot: Some(13) }
[script livey7lbok_0] interact UseOn { name: "Snape grass", kind: "inv", target_name: Some("Unfinished potion"), x: 0, z: 0, level: 0, index: None, source_item_id: Some(231), source_item_slot: Some(27), target_item_id: Some(99), target_item_slot: Some(13) }
[script livey7lbok_0] interact UseOn { name: "Snape grass", kind: "inv", target_name: Some("Unfinished potion"), x: 0, z: 0, level: 0, index: None, source_item_id: Some(231), source_item_slot: Some(27), target_item_id: Some(99), target_item_slot: Some(13) }
[script livey7lbok_0] interact UseOn { name: "Snape grass", kind: "inv", target_name: Some("Unfinished potion"), x: 0, z: 0, level: 0, index: None, source_item_id: Some(231), source_item_slot: Some(27), target_item_id: Some(99), target_item_slot: Some(13) }
[script livey7lbok_0] interact UseOn { name: "Snape grass", kind: "inv", target_name: Some("Unfinished potion"), x: 0, z: 0, level: 0, index: None, source_item_id: Some(231), source_item_slot: Some(27), target_item_id: Some(99), target_item_slot: Some(13) }
[script livey7lbok_0] interact UseOn { name: "Snape grass", kind: "inv", target_name: Some("Unfinished potion"), x: 0, z: 0, level: 0, index: None, source_item_id: Some(231), source_item_slot: Some(27), target_item_id: Some(99), target_item_slot: Some(13) }
[script livey7lbok_0] interact UseOn { name: "Snape grass", kind: "inv", target_name: Some("Unfinished potion"), x: 0, z: 0, level: 0, index: None, source_item_id: Some(231), source_item_slot: Some(27), target_item_id: Some(99), target_item_slot: Some(13) }
[script livey7lbok_0] interact UseOn { name: "Snape grass", kind: "inv", target_name: Some("Unfinished potion"), x: 0, z: 0, level: 0, index: None, source_item_id: Some(231), source_item_slot: Some(27), target_item_id: Some(99), target_item_slot: Some(13) }
[script livey7lbok_0] interact UseOn { name: "Snape grass", kind: "inv", target_name: Some("Unfinished potion"), x: 0, z: 0, level: 0, index: None, source_item_id: Some(231), source_item_slot: Some(27), target_item_id: Some(99), target_item_slot: Some(13) }
[script livey7lbok_0] interact UseOn { name: "Snape grass", kind: "inv", target_name: Some("Unfinished potion"), x: 0, z: 0, level: 0, index: None, source_item_id: Some(231), source_item_slot: Some(27), target_item_id: Some(99), target_item_slot: Some(13) }
[script livey7lbok_0] interact UseOn { name: "Snape grass", kind: "inv", target_name: Some("Unfinished potion"), x: 0, z: 0, level: 0, index: None, source_item_id: Some(231), source_item_slot: Some(27), target_item_id: Some(99), target_item_slot: Some(13) }
[script livey7lbok_0] interact UseOn { name: "Snape grass", kind: "inv", target_name: Some("Unfinished potion"), x: 0, z: 0, level: 0, index: None, source_item_id: Some(231), source_item_slot: Some(27), target_item_id: Some(99), target_item_slot: Some(13) }
[script livey7lbok_0] interact UseOn { name: "Snape grass", kind: "inv", target_name: Some("Unfinished potion"), x: 0, z: 0, level: 0, index: None, source_item_id: Some(231), source_item_slot: Some(27), target_item_id: Some(99), target_item_slot: Some(13) }
[script livey7lbok_0] interact UseOn { name: "Snape grass", kind: "inv", target_name: Some("Unfinished potion"), x: 0, z: 0, level: 0, index: None, source_item_id: Some(231), source_item_slot: Some(27), target_item_id: Some(99), target_item_slot: Some(13) }
[script livey7lbok_0] interact UseOn { name: "Snape grass", kind: "inv", target_name: Some("Unfinished potion"), x: 0, z: 0, level: 0, index: None, source_item_id: Some(231), source_item_slot: Some(27), target_item_id: Some(99), target_item_slot: Some(13) }
[script livey7lbok_0] interact UseOn { name: "Snape grass", kind: "inv", target_name: Some("Unfinished potion"), x: 0, z: 0, level: 0, index: None, source_item_id: Some(231), source_item_slot: Some(27), target_item_id: Some(99), target_item_slot: Some(13) }
[script livey7lbok_0] interact UseOn { name: "Snape grass", kind: "inv", target_name: Some("Unfinished potion"), x: 0, z: 0, level: 0, index: None, source_item_id: Some(231), source_item_slot: Some(27), target_item_id: Some(99), target_item_slot: Some(13) }
[script livey7lbok_0] interact UseOn { name: "Snape grass", kind: "inv", target_name: Some("Unfinished potion"), x: 0, z: 0, level: 0, index: None, source_item_id: Some(231), source_item_slot: Some(27), target_item_id: Some(99), target_item_slot: Some(13) }
[script livey7lbok_0] interact UseOn { name: "Snape grass", kind: "inv", target_name: Some("Unfinished potion"), x: 0, z: 0, level: 0, index: None, source_item_id: Some(231), source_item_slot: Some(27), target_item_id: Some(99), target_item_slot: Some(13) }
[script livey7lbok_0] interact UseOn { name: "Snape grass", kind: "inv", target_name: Some("Unfinished potion"), x: 0, z: 0, level: 0, index: None, source_item_id: Some(231), source_item_slot: Some(27), target_item_id: Some(99), target_item_slot: Some(13) }
[script livey7lbok_0] interact UseOn { name: "Snape grass", kind: "inv", target_name: Some("Unfinished potion"), x: 0, z: 0, level: 0, index: None, source_item_id: Some(231), source_item_slot: Some(27), target_item_id: Some(99), target_item_slot: Some(13) }
[script livey7lbok_0] interact UseOn { name: "Snape grass", kind: "inv", target_name: Some("Unfinished potion"), x: 0, z: 0, level: 0, index: None, source_item_id: Some(231), source_item_slot: Some(27), target_item_id: Some(99), target_item_slot: Some(13) }
[script livey7lbok_0] interact UseOn { name: "Snape grass", kind: "inv", target_name: Some("Unfinished potion"), x: 0, z: 0, level: 0, index: None, source_item_id: Some(231), source_item_slot: Some(27), target_item_id: Some(99), target_item_slot: Some(13) }
[script livey7lbok_0] interact UseOn { name: "Snape grass", kind: "inv", target_name: Some("Unfinished potion"), x: 0, z: 0, level: 0, index: None, source_item_id: Some(231), source_item_slot: Some(27), target_item_id: Some(99), target_item_slot: Some(13) }
[script livey7lbok_0] interact UseOn { name: "Snape grass", kind: "inv", target_name: Some("Unfinished potion"), x: 0, z: 0, level: 0, index: None, source_item_id: Some(231), source_item_slot: Some(27), target_item_id: Some(99), target_item_slot: Some(13) }
[script livey7lbok_0] interact UseOn { name: "Snape grass", kind: "inv", target_name: Some("Unfinished potion"), x: 0, z: 0, level: 0, index: None, source_item_id: Some(231), source_item_slot: Some(27), target_item_id: Some(99), target_item_slot: Some(13) }
[script livey7lbok_0] interact UseOn { name: "Snape grass", kind: "inv", target_name: Some("Unfinished potion"), x: 0, z: 0, level: 0, index: None, source_item_id: Some(231), source_item_slot: Some(27), target_item_id: Some(99), target_item_slot: Some(13) }
[script livey7lbok_0] interact UseOn { name: "Snape grass", kind: "inv", target_name: Some("Unfinished potion"), x: 0, z: 0, level: 0, index: None, source_item_id: Some(231), source_item_slot: Some(27), target_item_id: Some(99), target_item_slot: Some(13) }
[script livey7lbok_0] interact UseOn { name: "Snape grass", kind: "inv", target_name: Some("Unfinished potion"), x: 0, z: 0, level: 0, index: None, source_item_id: Some(231), source_item_slot: Some(27), target_item_id: Some(99), target_item_slot: Some(13) }
[script livey7lbok_0] interact UseOn { name: "Snape grass", kind: "inv", target_name: Some("Unfinished potion"), x: 0, z: 0, level: 0, index: None, source_item_id: Some(231), source_item_slot: Some(27), target_item_id: Some(99), target_item_slot: Some(13) }
[script livey7lbok_0] interact UseOn { name: "Snape grass", kind: "inv", target_name: Some("Unfinished potion"), x: 0, z: 0, level: 0, index: None, source_item_id: Some(231), source_item_slot: Some(27), target_item_id: Some(99), target_item_slot: Some(13) }
[script livey7lbok_0] interact UseOn { name: "Snape grass", kind: "inv", target_name: Some("Unfinished potion"), x: 0, z: 0, level: 0, index: None, source_item_id: Some(231), source_item_slot: Some(27), target_item_id: Some(99), target_item_slot: Some(13) }
[script livey7lbok_0] interact UseOn { name: "Snape grass", kind: "inv", target_name: Some("Unfinished potion"), x: 0, z: 0, level: 0, index: None, source_item_id: Some(231), source_item_slot: Some(27), target_item_id: Some(99), target_item_slot: Some(13) }
[script livey7lbok_0] interact UseOn { name: "Snape grass", kind: "inv", target_name: Some("Unfinished potion"), x: 0, z: 0, level: 0, index: None, source_item_id: Some(231), source_item_slot: Some(27), target_item_id: Some(99), target_item_slot: Some(13) }
[script livey7lbok_0] interact UseOn { name: "Snape grass", kind: "inv", target_name: Some("Unfinished potion"), x: 0, z: 0, level: 0, index: None, source_item_id: Some(231), source_item_slot: Some(27), target_item_id: Some(99), target_item_slot: Some(13) }
[script livey7lbok_0] interact UseOn { name: "Snape grass", kind: "inv", target_name: Some("Unfinished potion"), x: 0, z: 0, level: 0, index: None, source_item_id: Some(231), source_item_slot: Some(27), target_item_id: Some(99), target_item_slot: Some(13) }
[script livey7lbok_0] interact UseOn { name: "Snape grass", kind: "inv", target_name: Some("Unfinished potion"), x: 0, z: 0, level: 0, index: None, source_item_id: Some(231), source_item_slot: Some(27), target_item_id: Some(99), target_item_slot: Some(13) }
[script livey7lbok_0] interact UseOn { name: "Snape grass", kind: "inv", target_name: Some("Unfinished potion"), x: 0, z: 0, level: 0, index: None, source_item_id: Some(231), source_item_slot: Some(27), target_item_id: Some(99), target_item_slot: Some(13) }
[script livey7lbok_0] interact OpenBooth { x: 3186, z: 3440, level: 0, id: 2213, name: None, action: None }
[host] slot livey7lbok_0: d_loop_us=1092 d_raster_us=0 d_observe_us=69941 max_observe_us=11406 d_paints=0 d_skips=50 d_ticks=3 window_ms=1360
[host] slot livey7lbok_0: d_loop_us=992 d_raster_us=0 d_observe_us=52389 max_observe_us=10522 d_paints=0 d_skips=50 d_ticks=2 window_ms=1360
[host] slot livey7lbok_0: d_loop_us=1007 d_raster_us=0 d_observe_us=57464 max_observe_us=10644 d_paints=0 d_skips=50 d_ticks=2 window_ms=1252
[host] slot livey7lbok_0: d_loop_us=926 d_raster_us=0 d_observe_us=54251 max_observe_us=10928 d_paints=0 d_skips=50 d_ticks=2 window_ms=1201
[host] slot livey7lbok_0: d_loop_us=980 d_raster_us=0 d_observe_us=53787 max_observe_us=8536 d_paints=0 d_skips=50 d_ticks=2 window_ms=1195
[host] slot livey7lbok_0: d_loop_us=903 d_raster_us=0 d_observe_us=55591 max_observe_us=10690 d_paints=0 d_skips=50 d_ticks=2 window_ms=1194
[host] slot livey7lbok_0: d_loop_us=1171 d_raster_us=0 d_observe_us=57992 max_observe_us=11241 d_paints=0 d_skips=50 d_ticks=2 window_ms=1183
[script livey7lbok_0] interact Close
[shim-close] sent
[script livey7lbok_0] withdrew 14 vials of water + 14 Ranarr weed
[host] slot livey7lbok_0: d_loop_us=909 d_raster_us=0 d_observe_us=55180 max_observe_us=11245 d_paints=0 d_skips=50 d_ticks=2 window_ms=1207
[script livey7lbok_0] interact UseOn { name: "Ranarr weed", kind: "inv", target_name: Some("Vial of water"), x: 0, z: 0, level: 0, index: None, source_item_id: Some(257), source_item_slot: Some(27), target_item_id: Some(227), target_item_slot: Some(13) }
[script livey7lbok_0] interact UseOn { name: "Ranarr weed", kind: "inv", target_name: Some("Vial of water"), x: 0, z: 0, level: 0, index: None, source_item_id: Some(257), source_item_slot: Some(27), target_item_id: Some(227), target_item_slot: Some(13) }
[script livey7lbok_0] interact UseOn { name: "Ranarr weed", kind: "inv", target_name: Some("Vial of water"), x: 0, z: 0, level: 0, index: None, source_item_id: Some(257), source_item_slot: Some(27), target_item_id: Some(227), target_item_slot: Some(13) }
[script livey7lbok_0] interact UseOn { name: "Ranarr weed", kind: "inv", target_name: Some("Vial of water"), x: 0, z: 0, level: 0, index: None, source_item_id: Some(257), source_item_slot: Some(27), target_item_id: Some(227), target_item_slot: Some(13) }
[script livey7lbok_0] interact UseOn { name: "Ranarr weed", kind: "inv", target_name: Some("Vial of water"), x: 0, z: 0, level: 0, index: None, source_item_id: Some(257), source_item_slot: Some(27), target_item_id: Some(227), target_item_slot: Some(13) }
[script livey7lbok_0] interact UseOn { name: "Ranarr weed", kind: "inv", target_name: Some("Vial of water"), x: 0, z: 0, level: 0, index: None, source_item_id: Some(257), source_item_slot: Some(27), target_item_id: Some(227), target_item_slot: Some(13) }
[script livey7lbok_0] interact UseOn { name: "Ranarr weed", kind: "inv", target_name: Some("Vial of water"), x: 0, z: 0, level: 0, index: None, source_item_id: Some(257), source_item_slot: Some(27), target_item_id: Some(227), target_item_slot: Some(13) }
[script livey7lbok_0] interact UseOn { name: "Ranarr weed", kind: "inv", target_name: Some("Vial of water"), x: 0, z: 0, level: 0, index: None, source_item_id: Some(257), source_item_slot: Some(27), target_item_id: Some(227), target_item_slot: Some(13) }
[script livey7lbok_0] interact UseOn { name: "Ranarr weed", kind: "inv", target_name: Some("Vial of water"), x: 0, z: 0, level: 0, index: None, source_item_id: Some(257), source_item_slot: Some(27), target_item_id: Some(227), target_item_slot: Some(13) }
[script livey7lbok_0] interact UseOn { name: "Ranarr weed", kind: "inv", target_name: Some("Vial of water"), x: 0, z: 0, level: 0, index: None, source_item_id: Some(257), source_item_slot: Some(27), target_item_id: Some(227), target_item_slot: Some(13) }
[script livey7lbok_0] interact UseOn { name: "Ranarr weed", kind: "inv", target_name: Some("Vial of water"), x: 0, z: 0, level: 0, index: None, source_item_id: Some(257), source_item_slot: Some(27), target_item_id: Some(227), target_item_slot: Some(13) }
[script livey7lbok_0] interact UseOn { name: "Ranarr weed", kind: "inv", target_name: Some("Vial of water"), x: 0, z: 0, level: 0, index: None, source_item_id: Some(257), source_item_slot: Some(27), target_item_id: Some(227), target_item_slot: Some(13) }
[script livey7lbok_0] interact UseOn { name: "Ranarr weed", kind: "inv", target_name: Some("Vial of water"), x: 0, z: 0, level: 0, index: None, source_item_id: Some(257), source_item_slot: Some(27), target_item_id: Some(227), target_item_slot: Some(13) }
[script livey7lbok_0] interact UseOn { name: "Ranarr weed", kind: "inv", target_name: Some("Vial of water"), x: 0, z: 0, level: 0, index: None, source_item_id: Some(257), source_item_slot: Some(27), target_item_id: Some(227), target_item_slot: Some(13) }
[script livey7lbok_0] interact UseOn { name: "Ranarr weed", kind: "inv", target_name: Some("Vial of water"), x: 0, z: 0, level: 0, index: None, source_item_id: Some(257), source_item_slot: Some(27), target_item_id: Some(227), target_item_slot: Some(13) }
[script livey7lbok_0] interact UseOn { name: "Ranarr weed", kind: "inv", target_name: Some("Vial of water"), x: 0, z: 0, level: 0, index: None, source_item_id: Some(257), source_item_slot: Some(27), target_item_id: Some(227), target_item_slot: Some(13) }
[script livey7lbok_0] interact UseOn { name: "Ranarr weed", kind: "inv", target_name: Some("Vial of water"), x: 0, z: 0, level: 0, index: None, source_item_id: Some(257), source_item_slot: Some(27), target_item_id: Some(227), target_item_slot: Some(13) }
[script livey7lbok_0] interact UseOn { name: "Ranarr weed", kind: "inv", target_name: Some("Vial of water"), x: 0, z: 0, level: 0, index: None, source_item_id: Some(257), source_item_slot: Some(27), target_item_id: Some(227), target_item_slot: Some(13) }
[script livey7lbok_0] interact UseOn { name: "Ranarr weed", kind: "inv", target_name: Some("Vial of water"), x: 0, z: 0, level: 0, index: None, source_item_id: Some(257), source_item_slot: Some(27), target_item_id: Some(227), target_item_slot: Some(13) }
[script livey7lbok_0] interact UseOn { name: "Ranarr weed", kind: "inv", target_name: Some("Vial of water"), x: 0, z: 0, level: 0, index: None, source_item_id: Some(257), source_item_slot: Some(27), target_item_id: Some(227), target_item_slot: Some(13) }
[script livey7lbok_0] interact UseOn { name: "Ranarr weed", kind: "inv", target_name: Some("Vial of water"), x: 0, z: 0, level: 0, index: None, source_item_id: Some(257), source_item_slot: Some(27), target_item_id: Some(227), target_item_slot: Some(13) }
[script livey7lbok_0] interact UseOn { name: "Ranarr weed", kind: "inv", target_name: Some("Vial of water"), x: 0, z: 0, level: 0, index: None, source_item_id: Some(257), source_item_slot: Some(27), target_item_id: Some(227), target_item_slot: Some(13) }
[script livey7lbok_0] interact UseOn { name: "Ranarr weed", kind: "inv", target_name: Some("Vial of water"), x: 0, z: 0, level: 0, index: None, source_item_id: Some(257), source_item_slot: Some(27), target_item_id: Some(227), target_item_slot: Some(13) }
[script livey7lbok_0] interact UseOn { name: "Ranarr weed", kind: "inv", target_name: Some("Vial of water"), x: 0, z: 0, level: 0, index: None, source_item_id: Some(257), source_item_slot: Some(27), target_item_id: Some(227), target_item_slot: Some(13) }
[script livey7lbok_0] interact UseOn { name: "Ranarr weed", kind: "inv", target_name: Some("Vial of water"), x: 0, z: 0, level: 0, index: None, source_item_id: Some(257), source_item_slot: Some(27), target_item_id: Some(227), target_item_slot: Some(13) }
[script livey7lbok_0] interact UseOn { name: "Ranarr weed", kind: "inv", target_name: Some("Vial of water"), x: 0, z: 0, level: 0, index: None, source_item_id: Some(257), source_item_slot: Some(27), target_item_id: Some(227), target_item_slot: Some(13) }
[script livey7lbok_0] interact UseOn { name: "Ranarr weed", kind: "inv", target_name: Some("Vial of water"), x: 0, z: 0, level: 0, index: None, source_item_id: Some(257), source_item_slot: Some(27), target_item_id: Some(227), target_item_slot: Some(13) }
[script livey7lbok_0] interact UseOn { name: "Ranarr weed", kind: "inv", target_name: Some("Vial of water"), x: 0, z: 0, level: 0, index: None, source_item_id: Some(257), source_item_slot: Some(27), target_item_id: Some(227), target_item_slot: Some(13) }
[script livey7lbok_0] interact UseOn { name: "Ranarr weed", kind: "inv", target_name: Some("Vial of water"), x: 0, z: 0, level: 0, index: None, source_item_id: Some(257), source_item_slot: Some(27), target_item_id: Some(227), target_item_slot: Some(13) }
[script livey7lbok_0] interact UseOn { name: "Ranarr weed", kind: "inv", target_name: Some("Vial of water"), x: 0, z: 0, level: 0, index: None, source_item_id: Some(257), source_item_slot: Some(27), target_item_id: Some(227), target_item_slot: Some(13) }
[script livey7lbok_0] interact UseOn { name: "Ranarr weed", kind: "inv", target_name: Some("Vial of water"), x: 0, z: 0, level: 0, index: None, source_item_id: Some(257), source_item_slot: Some(27), target_item_id: Some(227), target_item_slot: Some(13) }
[script livey7lbok_0] interact UseOn { name: "Ranarr weed", kind: "inv", target_name: Some("Vial of water"), x: 0, z: 0, level: 0, index: None, source_item_id: Some(257), source_item_slot: Some(27), target_item_id: Some(227), target_item_slot: Some(13) }
[script livey7lbok_0] interact UseOn { name: "Ranarr weed", kind: "inv", target_name: Some("Vial of water"), x: 0, z: 0, level: 0, index: None, source_item_id: Some(257), source_item_slot: Some(27), target_item_id: Some(227), target_item_slot: Some(13) }
[script livey7lbok_0] interact UseOn { name: "Ranarr weed", kind: "inv", target_name: Some("Vial of water"), x: 0, z: 0, level: 0, index: None, source_item_id: Some(257), source_item_slot: Some(27), target_item_id: Some(227), target_item_slot: Some(13) }
[script livey7lbok_0] interact UseOn { name: "Ranarr weed", kind: "inv", target_name: Some("Vial of water"), x: 0, z: 0, level: 0, index: None, source_item_id: Some(257), source_item_slot: Some(27), target_item_id: Some(227), target_item_slot: Some(13) }
[script livey7lbok_0] interact UseOn { name: "Ranarr weed", kind: "inv", target_name: Some("Vial of water"), x: 0, z: 0, level: 0, index: None, source_item_id: Some(257), source_item_slot: Some(27), target_item_id: Some(227), target_item_slot: Some(13) }
[script livey7lbok_0] interact UseOn { name: "Ranarr weed", kind: "inv", target_name: Some("Vial of water"), x: 0, z: 0, level: 0, index: None, source_item_id: Some(257), source_item_slot: Some(27), target_item_id: Some(227), target_item_slot: Some(13) }
[script livey7lbok_0] interact UseOn { name: "Ranarr weed", kind: "inv", target_name: Some("Vial of water"), x: 0, z: 0, level: 0, index: None, source_item_id: Some(257), source_item_slot: Some(27), target_item_id: Some(227), target_item_slot: Some(13) }
[script livey7lbok_0] interact UseOn { name: "Ranarr weed", kind: "inv", target_name: Some("Vial of water"), x: 0, z: 0, level: 0, index: None, source_item_id: Some(257), source_item_slot: Some(27), target_item_id: Some(227), target_item_slot: Some(13) }
[script livey7lbok_0] interact UseOn { name: "Ranarr weed", kind: "inv", target_name: Some("Vial of water"), x: 0, z: 0, level: 0, index: None, source_item_id: Some(257), source_item_slot: Some(27), target_item_id: Some(227), target_item_slot: Some(13) }
[script livey7lbok_0] interact UseOn { name: "Ranarr weed", kind: "inv", target_name: Some("Vial of water"), x: 0, z: 0, level: 0, index: None, source_item_id: Some(257), source_item_slot: Some(27), target_item_id: Some(227), target_item_slot: Some(13) }
[script livey7lbok_0] interact UseOn { name: "Ranarr weed", kind: "inv", target_name: Some("Vial of water"), x: 0, z: 0, level: 0, index: None, source_item_id: Some(257), source_item_slot: Some(27), target_item_id: Some(227), target_item_slot: Some(13) }
[script livey7lbok_0] interact UseOn { name: "Ranarr weed", kind: "inv", target_name: Some("Vial of water"), x: 0, z: 0, level: 0, index: None, source_item_id: Some(257), source_item_slot: Some(27), target_item_id: Some(227), target_item_slot: Some(13) }
[script livey7lbok_0] interact UseOn { name: "Ranarr weed", kind: "inv", target_name: Some("Vial of water"), x: 0, z: 0, level: 0, index: None, source_item_id: Some(257), source_item_slot: Some(27), target_item_id: Some(227), target_item_slot: Some(13) }
[script livey7lbok_0] interact UseOn { name: "Ranarr weed", kind: "inv", target_name: Some("Vial of water"), x: 0, z: 0, level: 0, index: None, source_item_id: Some(257), source_item_slot: Some(27), target_item_id: Some(227), target_item_slot: Some(13) }
[script livey7lbok_0] interact UseOn { name: "Ranarr weed", kind: "inv", target_name: Some("Vial of water"), x: 0, z: 0, level: 0, index: None, source_item_id: Some(257), source_item_slot: Some(27), target_item_id: Some(227), target_item_slot: Some(13) }
[script livey7lbok_0] interact UseOn { name: "Ranarr weed", kind: "inv", target_name: Some("Vial of water"), x: 0, z: 0, level: 0, index: None, source_item_id: Some(257), source_item_slot: Some(27), target_item_id: Some(227), target_item_slot: Some(13) }
[script livey7lbok_0] interact UseOn { name: "Ranarr weed", kind: "inv", target_name: Some("Vial of water"), x: 0, z: 0, level: 0, index: None, source_item_id: Some(257), source_item_slot: Some(27), target_item_id: Some(227), target_item_slot: Some(13) }
[script livey7lbok_0] interact UseOn { name: "Ranarr weed", kind: "inv", target_name: Some("Vial of water"), x: 0, z: 0, level: 0, index: None, source_item_id: Some(257), source_item_slot: Some(27), target_item_id: Some(227), target_item_slot: Some(13) }
[script livey7lbok_0] interact UseOn { name: "Ranarr weed", kind: "inv", target_name: Some("Vial of water"), x: 0, z: 0, level: 0, index: None, source_item_id: Some(257), source_item_slot: Some(27), target_item_id: Some(227), target_item_slot: Some(13) }
[script livey7lbok_0] interact UseOn { name: "Ranarr weed", kind: "inv", target_name: Some("Vial of water"), x: 0, z: 0, level: 0, index: None, source_item_id: Some(257), source_item_slot: Some(27), target_item_id: Some(227), target_item_slot: Some(13) }
[script livey7lbok_0] interact UseOn { name: "Ranarr weed", kind: "inv", target_name: Some("Vial of water"), x: 0, z: 0, level: 0, index: None, source_item_id: Some(257), source_item_slot: Some(27), target_item_id: Some(227), target_item_slot: Some(13) }
[script livey7lbok_0] interact UseOn { name: "Ranarr weed", kind: "inv", target_name: Some("Vial of water"), x: 0, z: 0, level: 0, index: None, source_item_id: Some(257), source_item_slot: Some(27), target_item_id: Some(227), target_item_slot: Some(13) }
[script livey7lbok_0] interact UseOn { name: "Ranarr weed", kind: "inv", target_name: Some("Vial of water"), x: 0, z: 0, level: 0, index: None, source_item_id: Some(257), source_item_slot: Some(27), target_item_id: Some(227), target_item_slot: Some(13) }
[script livey7lbok_0] interact UseOn { name: "Ranarr weed", kind: "inv", target_name: Some("Vial of water"), x: 0, z: 0, level: 0, index: None, source_item_id: Some(257), source_item_slot: Some(27), target_item_id: Some(227), target_item_slot: Some(13) }
[script livey7lbok_0] interact UseOn { name: "Ranarr weed", kind: "inv", target_name: Some("Vial of water"), x: 0, z: 0, level: 0, index: None, source_item_id: Some(257), source_item_slot: Some(27), target_item_id: Some(227), target_item_slot: Some(13) }
[host] slot livey7lbok_0: d_loop_us=1016 d_raster_us=0 d_observe_us=58358 max_observe_us=10791 d_paints=0 d_skips=50 d_ticks=2 window_ms=1172
[host] slot livey7lbok_0: d_loop_us=1519 d_raster_us=0 d_observe_us=61363 max_observe_us=11270 d_paints=0 d_skips=50 d_ticks=2 window_ms=1192
[script livey7lbok_0] interact OpenBooth { x: 3186, z: 3440, level: 0, id: 2213, name: None, action: None }
[host] slot livey7lbok_0: d_loop_us=909 d_raster_us=0 d_observe_us=52048 max_observe_us=8278 d_paints=0 d_skips=50 d_ticks=2 window_ms=1193
[host] slot livey7lbok_0: d_loop_us=904 d_raster_us=0 d_observe_us=57074 max_observe_us=10849 d_paints=0 d_skips=50 d_ticks=2 window_ms=1183
[script livey7lbok_0] interact Close
[shim-close] sent
[host] slot livey7lbok_0: d_loop_us=941 d_raster_us=0 d_observe_us=59937 max_observe_us=11683 d_paints=0 d_skips=50 d_ticks=2 window_ms=1203
[script livey7lbok_0] interact UseOn { name: "Snape grass", kind: "inv", target_name: Some("Unfinished potion"), x: 0, z: 0, level: 0, index: None, source_item_id: Some(231), source_item_slot: Some(27), target_item_id: Some(99), target_item_slot: Some(13) }
[script livey7lbok_0] interact UseOn { name: "Snape grass", kind: "inv", target_name: Some("Unfinished potion"), x: 0, z: 0, level: 0, index: None, source_item_id: Some(231), source_item_slot: Some(27), target_item_id: Some(99), target_item_slot: Some(13) }
[script livey7lbok_0] interact UseOn { name: "Snape grass", kind: "inv", target_name: Some("Unfinished potion"), x: 0, z: 0, level: 0, index: None, source_item_id: Some(231), source_item_slot: Some(27), target_item_id: Some(99), target_item_slot: Some(13) }
[script livey7lbok_0] interact UseOn { name: "Snape grass", kind: "inv", target_name: Some("Unfinished potion"), x: 0, z: 0, level: 0, index: None, source_item_id: Some(231), source_item_slot: Some(27), target_item_id: Some(99), target_item_slot: Some(13) }
[script livey7lbok_0] interact UseOn { name: "Snape grass", kind: "inv", target_name: Some("Unfinished potion"), x: 0, z: 0, level: 0, index: None, source_item_id: Some(231), source_item_slot: Some(27), target_item_id: Some(99), target_item_slot: Some(13) }
[script livey7lbok_0] interact UseOn { name: "Snape grass", kind: "inv", target_name: Some("Unfinished potion"), x: 0, z: 0, level: 0, index: None, source_item_id: Some(231), source_item_slot: Some(27), target_item_id: Some(99), target_item_slot: Some(13) }
[script livey7lbok_0] interact UseOn { name: "Snape grass", kind: "inv", target_name: Some("Unfinished potion"), x: 0, z: 0, level: 0, index: None, source_item_id: Some(231), source_item_slot: Some(27), target_item_id: Some(99), target_item_slot: Some(13) }
[script livey7lbok_0] interact UseOn { name: "Snape grass", kind: "inv", target_name: Some("Unfinished potion"), x: 0, z: 0, level: 0, index: None, source_item_id: Some(231), source_item_slot: Some(27), target_item_id: Some(99), target_item_slot: Some(13) }
[script livey7lbok_0] interact UseOn { name: "Snape grass", kind: "inv", target_name: Some("Unfinished potion"), x: 0, z: 0, level: 0, index: None, source_item_id: Some(231), source_item_slot: Some(27), target_item_id: Some(99), target_item_slot: Some(13) }
[script livey7lbok_0] interact UseOn { name: "Snape grass", kind: "inv", target_name: Some("Unfinished potion"), x: 0, z: 0, level: 0, index: None, source_item_id: Some(231), source_item_slot: Some(27), target_item_id: Some(99), target_item_slot: Some(13) }
[script livey7lbok_0] interact UseOn { name: "Snape grass", kind: "inv", target_name: Some("Unfinished potion"), x: 0, z: 0, level: 0, index: None, source_item_id: Some(231), source_item_slot: Some(27), target_item_id: Some(99), target_item_slot: Some(13) }
[script livey7lbok_0] interact UseOn { name: "Snape grass", kind: "inv", target_name: Some("Unfinished potion"), x: 0, z: 0, level: 0, index: None, source_item_id: Some(231), source_item_slot: Some(27), target_item_id: Some(99), target_item_slot: Some(13) }
[script livey7lbok_0] interact UseOn { name: "Snape grass", kind: "inv", target_name: Some("Unfinished potion"), x: 0, z: 0, level: 0, index: None, source_item_id: Some(231), source_item_slot: Some(27), target_item_id: Some(99), target_item_slot: Some(13) }
[script livey7lbok_0] interact UseOn { name: "Snape grass", kind: "inv", target_name: Some("Unfinished potion"), x: 0, z: 0, level: 0, index: None, source_item_id: Some(231), source_item_slot: Some(27), target_item_id: Some(99), target_item_slot: Some(13) }
[script livey7lbok_0] interact UseOn { name: "Snape grass", kind: "inv", target_name: Some("Unfinished potion"), x: 0, z: 0, level: 0, index: None, source_item_id: Some(231), source_item_slot: Some(27), target_item_id: Some(99), target_item_slot: Some(13) }
[script livey7lbok_0] interact UseOn { name: "Snape grass", kind: "inv", target_name: Some("Unfinished potion"), x: 0, z: 0, level: 0, index: None, source_item_id: Some(231), source_item_slot: Some(27), target_item_id: Some(99), target_item_slot: Some(13) }
[script livey7lbok_0] interact UseOn { name: "Snape grass", kind: "inv", target_name: Some("Unfinished potion"), x: 0, z: 0, level: 0, index: None, source_item_id: Some(231), source_item_slot: Some(27), target_item_id: Some(99), target_item_slot: Some(13) }
[script livey7lbok_0] interact UseOn { name: "Snape grass", kind: "inv", target_name: Some("Unfinished potion"), x: 0, z: 0, level: 0, index: None, source_item_id: Some(231), source_item_slot: Some(27), target_item_id: Some(99), target_item_slot: Some(13) }
[script livey7lbok_0] interact UseOn { name: "Snape grass", kind: "inv", target_name: Some("Unfinished potion"), x: 0, z: 0, level: 0, index: None, source_item_id: Some(231), source_item_slot: Some(27), target_item_id: Some(99), target_item_slot: Some(13) }
[script livey7lbok_0] interact UseOn { name: "Snape grass", kind: "inv", target_name: Some("Unfinished potion"), x: 0, z: 0, level: 0, index: None, source_item_id: Some(231), source_item_slot: Some(27), target_item_id: Some(99), target_item_slot: Some(13) }
[script livey7lbok_0] interact UseOn { name: "Snape grass", kind: "inv", target_name: Some("Unfinished potion"), x: 0, z: 0, level: 0, index: None, source_item_id: Some(231), source_item_slot: Some(27), target_item_id: Some(99), target_item_slot: Some(13) }
[script livey7lbok_0] interact UseOn { name: "Snape grass", kind: "inv", target_name: Some("Unfinished potion"), x: 0, z: 0, level: 0, index: None, source_item_id: Some(231), source_item_slot: Some(27), target_item_id: Some(99), target_item_slot: Some(13) }
[script livey7lbok_0] interact UseOn { name: "Snape grass", kind: "inv", target_name: Some("Unfinished potion"), x: 0, z: 0, level: 0, index: None, source_item_id: Some(231), source_item_slot: Some(27), target_item_id: Some(99), target_item_slot: Some(13) }
[script livey7lbok_0] interact UseOn { name: "Snape grass", kind: "inv", target_name: Some("Unfinished potion"), x: 0, z: 0, level: 0, index: None, source_item_id: Some(231), source_item_slot: Some(27), target_item_id: Some(99), target_item_slot: Some(13) }
[script livey7lbok_0] interact UseOn { name: "Snape grass", kind: "inv", target_name: Some("Unfinished potion"), x: 0, z: 0, level: 0, index: None, source_item_id: Some(231), source_item_slot: Some(27), target_item_id: Some(99), target_item_slot: Some(13) }
[script livey7lbok_0] interact UseOn { name: "Snape grass", kind: "inv", target_name: Some("Unfinished potion"), x: 0, z: 0, level: 0, index: None, source_item_id: Some(231), source_item_slot: Some(27), target_item_id: Some(99), target_item_slot: Some(13) }
[script livey7lbok_0] interact UseOn { name: "Snape grass", kind: "inv", target_name: Some("Unfinished potion"), x: 0, z: 0, level: 0, index: None, source_item_id: Some(231), source_item_slot: Some(27), target_item_id: Some(99), target_item_slot: Some(13) }
[script livey7lbok_0] interact UseOn { name: "Snape grass", kind: "inv", target_name: Some("Unfinished potion"), x: 0, z: 0, level: 0, index: None, source_item_id: Some(231), source_item_slot: Some(27), target_item_id: Some(99), target_item_slot: Some(13) }
[script livey7lbok_0] interact UseOn { name: "Snape grass", kind: "inv", target_name: Some("Unfinished potion"), x: 0, z: 0, level: 0, index: None, source_item_id: Some(231), source_item_slot: Some(27), target_item_id: Some(99), target_item_slot: Some(13) }
[script livey7lbok_0] interact UseOn { name: "Snape grass", kind: "inv", target_name: Some("Unfinished potion"), x: 0, z: 0, level: 0, index: None, source_item_id: Some(231), source_item_slot: Some(27), target_item_id: Some(99), target_item_slot: Some(13) }
[script livey7lbok_0] interact UseOn { name: "Snape grass", kind: "inv", target_name: Some("Unfinished potion"), x: 0, z: 0, level: 0, index: None, source_item_id: Some(231), source_item_slot: Some(27), target_item_id: Some(99), target_item_slot: Some(13) }
[script livey7lbok_0] interact UseOn { name: "Snape grass", kind: "inv", target_name: Some("Unfinished potion"), x: 0, z: 0, level: 0, index: None, source_item_id: Some(231), source_item_slot: Some(27), target_item_id: Some(99), target_item_slot: Some(13) }
[script livey7lbok_0] interact UseOn { name: "Snape grass", kind: "inv", target_name: Some("Unfinished potion"), x: 0, z: 0, level: 0, index: None, source_item_id: Some(231), source_item_slot: Some(27), target_item_id: Some(99), target_item_slot: Some(13) }
[script livey7lbok_0] interact UseOn { name: "Snape grass", kind: "inv", target_name: Some("Unfinished potion"), x: 0, z: 0, level: 0, index: None, source_item_id: Some(231), source_item_slot: Some(27), target_item_id: Some(99), target_item_slot: Some(13) }
[script livey7lbok_0] interact UseOn { name: "Snape grass", kind: "inv", target_name: Some("Unfinished potion"), x: 0, z: 0, level: 0, index: None, source_item_id: Some(231), source_item_slot: Some(27), target_item_id: Some(99), target_item_slot: Some(13) }
[script livey7lbok_0] interact UseOn { name: "Snape grass", kind: "inv", target_name: Some("Unfinished potion"), x: 0, z: 0, level: 0, index: None, source_item_id: Some(231), source_item_slot: Some(27), target_item_id: Some(99), target_item_slot: Some(13) }
[script livey7lbok_0] interact UseOn { name: "Snape grass", kind: "inv", target_name: Some("Unfinished potion"), x: 0, z: 0, level: 0, index: None, source_item_id: Some(231), source_item_slot: Some(27), target_item_id: Some(99), target_item_slot: Some(13) }
[script livey7lbok_0] interact UseOn { name: "Snape grass", kind: "inv", target_name: Some("Unfinished potion"), x: 0, z: 0, level: 0, index: None, source_item_id: Some(231), source_item_slot: Some(27), target_item_id: Some(99), target_item_slot: Some(13) }
[script livey7lbok_0] interact UseOn { name: "Snape grass", kind: "inv", target_name: Some("Unfinished potion"), x: 0, z: 0, level: 0, index: None, source_item_id: Some(231), source_item_slot: Some(27), target_item_id: Some(99), target_item_slot: Some(13) }
[script livey7lbok_0] interact UseOn { name: "Snape grass", kind: "inv", target_name: Some("Unfinished potion"), x: 0, z: 0, level: 0, index: None, source_item_id: Some(231), source_item_slot: Some(27), target_item_id: Some(99), target_item_slot: Some(13) }
[script livey7lbok_0] interact UseOn { name: "Snape grass", kind: "inv", target_name: Some("Unfinished potion"), x: 0, z: 0, level: 0, index: None, source_item_id: Some(231), source_item_slot: Some(27), target_item_id: Some(99), target_item_slot: Some(13) }
[script livey7lbok_0] interact UseOn { name: "Snape grass", kind: "inv", target_name: Some("Unfinished potion"), x: 0, z: 0, level: 0, index: None, source_item_id: Some(231), source_item_slot: Some(27), target_item_id: Some(99), target_item_slot: Some(13) }
[script livey7lbok_0] interact UseOn { name: "Snape grass", kind: "inv", target_name: Some("Unfinished potion"), x: 0, z: 0, level: 0, index: None, source_item_id: Some(231), source_item_slot: Some(27), target_item_id: Some(99), target_item_slot: Some(13) }
[script livey7lbok_0] interact UseOn { name: "Snape grass", kind: "inv", target_name: Some("Unfinished potion"), x: 0, z: 0, level: 0, index: None, source_item_id: Some(231), source_item_slot: Some(27), target_item_id: Some(99), target_item_slot: Some(13) }
[script livey7lbok_0] interact UseOn { name: "Snape grass", kind: "inv", target_name: Some("Unfinished potion"), x: 0, z: 0, level: 0, index: None, source_item_id: Some(231), source_item_slot: Some(27), target_item_id: Some(99), target_item_slot: Some(13) }
[script livey7lbok_0] interact UseOn { name: "Snape grass", kind: "inv", target_name: Some("Unfinished potion"), x: 0, z: 0, level: 0, index: None, source_item_id: Some(231), source_item_slot: Some(27), target_item_id: Some(99), target_item_slot: Some(13) }
[script livey7lbok_0] interact UseOn { name: "Snape grass", kind: "inv", target_name: Some("Unfinished potion"), x: 0, z: 0, level: 0, index: None, source_item_id: Some(231), source_item_slot: Some(27), target_item_id: Some(99), target_item_slot: Some(13) }
[script livey7lbok_0] interact UseOn { name: "Snape grass", kind: "inv", target_name: Some("Unfinished potion"), x: 0, z: 0, level: 0, index: None, source_item_id: Some(231), source_item_slot: Some(27), target_item_id: Some(99), target_item_slot: Some(13) }
[script livey7lbok_0] interact UseOn { name: "Snape grass", kind: "inv", target_name: Some("Unfinished potion"), x: 0, z: 0, level: 0, index: None, source_item_id: Some(231), source_item_slot: Some(27), target_item_id: Some(99), target_item_slot: Some(13) }
[script livey7lbok_0] interact UseOn { name: "Snape grass", kind: "inv", target_name: Some("Unfinished potion"), x: 0, z: 0, level: 0, index: None, source_item_id: Some(231), source_item_slot: Some(27), target_item_id: Some(99), target_item_slot: Some(13) }
[script livey7lbok_0] interact UseOn { name: "Snape grass", kind: "inv", target_name: Some("Unfinished potion"), x: 0, z: 0, level: 0, index: None, source_item_id: Some(231), source_item_slot: Some(27), target_item_id: Some(99), target_item_slot: Some(13) }
[script livey7lbok_0] interact UseOn { name: "Snape grass", kind: "inv", target_name: Some("Unfinished potion"), x: 0, z: 0, level: 0, index: None, source_item_id: Some(231), source_item_slot: Some(27), target_item_id: Some(99), target_item_slot: Some(13) }
[script livey7lbok_0] interact UseOn { name: "Snape grass", kind: "inv", target_name: Some("Unfinished potion"), x: 0, z: 0, level: 0, index: None, source_item_id: Some(231), source_item_slot: Some(27), target_item_id: Some(99), target_item_slot: Some(13) }
[script livey7lbok_0] interact UseOn { name: "Snape grass", kind: "inv", target_name: Some("Unfinished potion"), x: 0, z: 0, level: 0, index: None, source_item_id: Some(231), source_item_slot: Some(27), target_item_id: Some(99), target_item_slot: Some(13) }
[script livey7lbok_0] interact UseOn { name: "Snape grass", kind: "inv", target_name: Some("Unfinished potion"), x: 0, z: 0, level: 0, index: None, source_item_id: Some(231), source_item_slot: Some(27), target_item_id: Some(99), target_item_slot: Some(13) }
[script livey7lbok_0] interact UseOn { name: "Snape grass", kind: "inv", target_name: Some("Unfinished potion"), x: 0, z: 0, level: 0, index: None, source_item_id: Some(231), source_item_slot: Some(27), target_item_id: Some(99), target_item_slot: Some(13) }
PASS: catalog_boundary_live: {"scenario":"potion_maker_named","runner":"Some(Evidence { scenario: \"potion_maker_named\", outcome: \"PASS\", predicate: \"has_item_id(139)>=1\", ticks: 152, elapsed_ms: 78167, message: None, tile: Some([3185, 3440, 0]), inv: [InvRow { id: 139, name: Some(\"Prayer potion(3)\"), count: 1 }, InvRow { id: 139, name: Some(\"Prayer potion(3)\"), count: 1 }, InvRow { id: 139, name: Some(\"Prayer potion(3)\"), count: 1 }, InvRow { id: 139, name: Some(\"Prayer potion(3)\"), count: 1 }, InvRow { id: 139, name: Some(\"Prayer potion(3)\"), count: 1 }, InvRow { id: 99, name: Some(\"Unfinished potion\"), count: 1 }, InvRow { id: 99, name: Some(\"Unfinished potion\"), count: 1 }, InvRow { id: 99, name: Some(\"Unfinished potion\"), count: 1 }, InvRow { id: 99, name: Some(\"Unfinished potion\"), count: 1 }, InvRow { id: 99, name: Some(\"Unfinished potion\"), count: 1 }, InvRow { id: 99, name: Some(\"Unfinished potion\"), count: 1 }, InvRow { id: 99, name: Some(\"Unfinished potion\"), count: 1 }, InvRow { id: 99, name: Some(\"Unfinished potion\"), count: 1 }, InvRow { id: 99, name: Some(\"Unfinished potion\"), count: 1 }, InvRow { id: 231, name: Some(\"Snape grass\"), count: 1 }, InvRow { id: 231, name: Some(\"Snape grass\"), count: 1 }, InvRow { id: 231, name: Some(\"Snape grass\"), count: 1 }, InvRow { id: 231, name: Some(\"Snape grass\"), count: 1 }, InvRow { id: 231, name: Some(\"Snape grass\"), count: 1 }, InvRow { id: 231, name: Some(\"Snape grass\"), count: 1 }, InvRow { id: 231, name: Some(\"Snape grass\"), count: 1 }, InvRow { id: 231, name: Some(\"Snape grass\"), count: 1 }, InvRow { id: 231, name: Some(\"Snape grass\"), count: 1 }], stat: Some(StatRow { runenergy: 100 }), chat: [ChatRow { text: \"You mix the snape grass into your potion.\", username: None }, ChatRow { text: \"You mix the snape grass into your potion.\", username: None }, ChatRow { text: \"You mix the snape grass into your potion.\", username: None }, ChatRow { text: \"You mix the snape grass into your potion.\", username: None }, ChatRow { text: \"You mix the snape grass into your potion.\", username: None }, ChatRow { text: \"You put the Ranarr Weed into the vial of water.\", username: None }, ChatRow { text: \"You put the Ranarr Weed into the vial of water.\", username: None }, ChatRow { text: \"You put the Ranarr Weed into the vial of water.\", username: None }, ChatRow { text: \"You put the Ranarr Weed into the vial of water.\", username: None }, ChatRow { text: \"You put the Ranarr Weed into the vial of water.\", username: None }, ChatRow { text: \"You put the Ranarr Weed into the vial of water.\", username: None }, ChatRow { text: \"You put the Ranarr Weed into the vial of water.\", username: None }, ChatRow { text: \"You put the Ranarr Weed into the vial of water.\", username: None }, ChatRow { text: \"You put the Ranarr Weed into the vial of water.\", username: None }, ChatRow { text: \"You put the Ranarr Weed into the vial of water.\", username: None }, ChatRow { text: \"You put the Ranarr Weed into the vial of water.\", username: None }, ChatRow { text: \"You put the Ranarr Weed into the vial of water.\", username: None }, ChatRow { text: \"You put the Ranarr Weed into the vial of water.\", username: None }, ChatRow { text: \"You put the Ranarr Weed into the vial of water.\", username: None }, ChatRow { text: \"You mix the snape grass into your potion.\", username: None }, ChatRow { text: \"You mix the snape grass into your potion.\", username: None }, ChatRow { text: \"You mix the snape grass into your potion.\", username: None }, ChatRow { text: \"You mix the snape grass into your potion.\", username: None }, ChatRow { text: \"You mix the snape grass into your potion.\", username: None }, ChatRow { text: \"You mix the snape grass into your potion.\", username: None }, ChatRow { text: \"You mix the snape grass into your potion.\", username: None }, ChatRow { text: \"You mix the snape grass into your potion.\", username: None }, ChatRow { text: \"You mix the snape grass into your potion.\", username: None }, ChatRow { text: \"You mix the snape grass into your potion.\", username: None }, ChatRow { text: \"You mix the snape grass into your potion.\", username: None }, ChatRow { text: \"You mix the snape grass into your potion.\", username: None }, ChatRow { text: \"You mix the snape grass into your potion.\", username: None }, ChatRow { text: \"You mix the snape grass into your potion.\", username: None }, ChatRow { text: \"You put the Ranarr Weed into the vial of water.\", username: None }, ChatRow { text: \"You put the Ranarr Weed into the vial of water.\", username: None }, ChatRow { text: \"You put the Ranarr Weed into the vial of water.\", username: None }, ChatRow { text: \"You put the Ranarr Weed into the vial of water.\", username: None }, ChatRow { text: \"You put the Ranarr Weed into the vial of water.\", username: None }, ChatRow { text: \"You put the Ranarr Weed into the vial of water.\", username: None }, ChatRow { text: \"You put the Ranarr Weed into the vial of water.\", username: None }, ChatRow { text: \"You put the Ranarr Weed into the vial of water.\", username: None }, ChatRow { text: \"You put the Ranarr Weed into the vial of water.\", username: None }, ChatRow { text: \"You put the Ranarr Weed into the vial of water.\", username: None }, ChatRow { text: \"You put the Ranarr Weed into the vial of water.\", username: None }, ChatRow { text: \"You put the Ranarr Weed into the vial of water.\", username: None }, ChatRow { text: \"You put the Ranarr Weed into the vial of water.\", username: None }, ChatRow { text: \"You put the Ranarr Weed into the vial of water.\", username: None }, ChatRow { text: \"You mix the snape grass into your potion.\", username: None }, ChatRow { text: \"You mix the snape grass into your potion.\", username: None }, ChatRow { text: \"You mix the snape grass into your potion.\", username: None }, ChatRow { text: \"You mix the snape grass into your potion.\", username: None }, ChatRow { text: \"You mix the snape grass into your potion.\", username: None }, ChatRow { text: \"You mix the snape grass into your potion.\", username: None }, ChatRow { text: \"You mix the snape grass into your potion.\", username: None }, ChatRow { text: \"You mix the snape grass into your potion.\", username: None }, ChatRow { text: \"You mix the snape grass into your potion.\", username: None }, ChatRow { text: \"You mix the snape grass into your potion.\", username: None }, ChatRow { text: \"You mix the snape grass into your potion.\", username: None }, ChatRow { text: \"You mix the snape grass into your potion.\", username: None }, ChatRow { text: \"You mix the snape grass into your potion.\", username: None }, ChatRow { text: \"You mix the snape grass into your potion.\", username: None }, ChatRow { text: \"You put the Ranarr Weed into the vial of water.\", username: None }, ChatRow { text: \"You put the Ranarr Weed into the vial of water.\", username: None }, ChatRow { text: \"You put the Ranarr Weed into the vial of water.\", username: None }, ChatRow { text: \"You put the Ranarr Weed into the vial of water.\", username: None }, ChatRow { text: \"You put the Ranarr Weed into the vial of water.\", username: None }, ChatRow { text: \"You put the Ranarr Weed into the vial of water.\", username: None }, ChatRow { text: \"You put the Ranarr Weed into the vial of water.\", username: None }, ChatRow { text: \"You put the Ranarr Weed into the vial of water.\", username: None }, ChatRow { text: \"You put the Ranarr Weed into the vial of water.\", username: None }, ChatRow { text: \"You put the Ranarr Weed into the vial of water.\", username: None }, ChatRow { text: \"You put the Ranarr Weed into the vial of water.\", username: None }, ChatRow { text: \"You put the Ranarr Weed into the vial of water.\", username: None }, ChatRow { text: \"You put the Ranarr Weed into the vial of water.\", username: None }, ChatRow { text: \"You put the Ranarr Weed into the vial of water.\", username: None }, ChatRow { text: \"Inventory wiped.\", username: None }, ChatRow { text: \"set tutorial: to 1000\", username: None }, ChatRow { text: \"Welcome to RuneScape.\", username: None }], scene: 2 })","core":{"case":"potion_maker_named","baseline":{"ingame":true,"scene_state":2,"player":"Livey7lbok 0","tile":[3185,3440,0],"tick":34,"items":{},"item_ids":{},"bank":{},"bank_ids":{},"bank_open":false,"bank_loaded":false,"bank_generation":2,"levels":{"-unused-":0,"agility":1,"attack":1,"cooking":1,"crafting":1,"defence":1,"firemaking":1,"fishing":1,"fletching":1,"herblore":38,"hitpoints":10,"magic":1,"mining":1,"prayer":1,"ranged":1,"runecraft":1,"slayer":1,"smithing":1,"strength":1,"thieving":1,"woodcutting":1},"xp":{"-unused-":0,"agility":0,"attack":0,"cooking":0,"crafting":0,"defence":0,"firemaking":0,"fishing":0,"fletching":0,"herblore":30408,"hitpoints":1154,"magic":0,"mining":0,"prayer":0,"ranged":0,"runecraft":0,"slayer":0,"smithing":0,"strength":0,"thieving":0,"woodcutting":0},"chat":[[8,"Inventory wiped."],[7,"set tutorial: to 1000"],[6,"Welcome to RuneScape."]],"loc_facts":[{"id":1533,"x":3183,"z":3434,"level":0,"name":"Door","open":true}],"equipment_ids":{}},"latest":{"ingame":true,"scene_state":2,"player":"Livey7lbok 0","tile":[3185,3440,0],"tick":109,"items":{"Prayer potion(3)":5,"Snape grass":9,"Unfinished potion":9},"item_ids":{"99":9,"139":5,"231":9},"bank":{},"bank_ids":{},"bank_open":false,"bank_loaded":false,"bank_generation":14,"levels":{"-unused-":0,"agility":1,"attack":1,"cooking":1,"crafting":1,"defence":1,"firemaking":1,"fishing":1,"fletching":1,"herblore":38,"hitpoints":10,"magic":1,"mining":1,"prayer":1,"ranged":1,"runecraft":1,"slayer":1,"smithing":1,"strength":1,"thieving":1,"woodcutting":1},"xp":{"-unused-":0,"agility":0,"attack":0,"cooking":0,"crafting":0,"defence":0,"firemaking":0,"fishing":0,"fletching":0,"herblore":33295,"hitpoints":1154,"magic":0,"mining":0,"prayer":0,"ranged":0,"runecraft":0,"slayer":0,"smithing":0,"strength":0,"thieving":0,"woodcutting":0},"chat":[[83,"You mix the snape grass into your potion."],[82,"You mix the snape grass into your potion."],[81,"You mix the snape grass into your potion."],[80,"You mix the snape grass into your potion."],[79,"You mix the snape grass into your potion."],[78,"You put the Ranarr Weed into the vial of water."],[77,"You put the Ranarr Weed into the vial of water."],[76,"You put the Ranarr Weed into the vial of water."],[75,"You put the Ranarr Weed into the vial of water."],[74,"You put the Ranarr Weed into the vial of water."],[73,"You put the Ranarr Weed into the vial of water."],[72,"You put the Ranarr Weed into the vial of water."],[71,"You put the Ranarr Weed into the vial of water."],[70,"You put the Ranarr Weed into the vial of water."],[69,"You put the Ranarr Weed into the vial of water."],[68,"You put the Ranarr Weed into the vial of water."],[67,"You put the Ranarr Weed into the vial of water."],[66,"You put the Ranarr Weed into the vial of water."],[65,"You put the Ranarr Weed into the vial of water."],[64,"You mix the snape grass into your potion."],[63,"You mix the snape grass into your potion."],[62,"You mix the snape grass into your potion."],[61,"You mix the snape grass into your potion."],[60,"You mix the snape grass into your potion."],[59,"You mix the snape grass into your potion."],[58,"You mix the snape grass into your potion."],[57,"You mix the snape grass into your potion."],[56,"You mix the snape grass into your potion."],[55,"You mix the snape grass into your potion."],[54,"You mix the snape grass into your potion."],[53,"You mix the snape grass into your potion."],[52,"You mix the snape grass into your potion."],[51,"You mix the snape grass into your potion."],[50,"You put the Ranarr Weed into the vial of water."],[49,"You put the Ranarr Weed into the vial of water."],[48,"You put the Ranarr Weed into the vial of water."],[47,"You put the Ranarr Weed into the vial of water."],[46,"You put the Ranarr Weed into the vial of water."],[45,"You put the Ranarr Weed into the vial of water."],[44,"You put the Ranarr Weed into the vial of water."],[43,"You put the Ranarr Weed into the vial of water."],[42,"You put the Ranarr Weed into the vial of water."],[41,"You put the Ranarr Weed into the vial of water."],[40,"You put the Ranarr Weed into the vial of water."],[39,"You put the Ranarr Weed into the vial of water."],[38,"You put the Ranarr Weed into the vial of water."],[37,"You put the Ranarr Weed into the vial of water."],[36,"You mix the snape grass into your potion."],[35,"You mix the snape grass into your potion."],[34,"You mix the snape grass into your potion."],[33,"You mix the snape grass into your potion."],[32,"You mix the snape grass into your potion."],[31,"You mix the snape grass into your potion."],[30,"You mix the snape grass into your potion."],[29,"You mix the snape grass into your potion."],[28,"You mix the snape grass into your potion."],[27,"You mix the snape grass into your potion."],[26,"You mix the snape grass into your potion."],[25,"You mix the snape grass into your potion."],[24,"You mix the snape grass into your potion."],[23,"You mix the snape grass into your potion."],[22,"You put the Ranarr Weed into the vial of water."],[21,"You put the Ranarr Weed into the vial of water."],[20,"You put the Ranarr Weed into the vial of water."],[19,"You put the Ranarr Weed into the vial of water."],[18,"You put the Ranarr Weed into the vial of water."],[17,"You put the Ranarr Weed into the vial of water."],[16,"You put the Ranarr Weed into the vial of water."],[15,"You put the Ranarr Weed into the vial of water."],[14,"You put the Ranarr Weed into the vial of water."],[13,"You put the Ranarr Weed into the vial of water."],[12,"You put the Ranarr Weed into the vial of water."],[11,"You put the Ranarr Weed into the vial of water."],[10,"You put the Ranarr Weed into the vial of water."],[9,"You put the Ranarr Weed into the vial of water."],[8,"Inventory wiped."],[7,"set tutorial: to 1000"],[6,"Welcome to RuneScape."]],"loc_facts":[{"id":1533,"x":3183,"z":3434,"level":0,"name":"Door","open":true}],"equipment_ids":{}},"max_items":{"Prayer potion(3)":14,"Ranarr weed":14,"Snape grass":14,"Unfinished potion":14,"Vial of water":14},"max_xp":{"-unused-":0,"agility":0,"attack":0,"cooking":0,"crafting":0,"defence":0,"firemaking":0,"fishing":0,"fletching":0,"herblore":33295,"hitpoints":1154,"magic":0,"mining":0,"prayer":0,"ranged":0,"runecraft":0,"slayer":0,"smithing":0,"strength":0,"thieving":0,"woodcutting":0},"saw_bury_chat":false,"post_start_observations":1726,"bone_bank_cycle":{"first_batch_buried":false,"opened":null,"withdrawn":null,"buried_after_withdrawal":false},"bank_fletcher_cycle":{"first_pack_created":false,"deposited":null,"withdrawn":null,"crafted_after_withdrawal":false},"bank_fletcher_string_cycle":{"initial_pairs_strung":false,"deposited":null,"withdrawn":null,"strung_after_withdrawal":false},"bank_fletcher_cut_string_cycle":{"cut_pair_created":false,"deposited":null,"withdrawn":null,"string_pair_created":false},"alcher_generated_custom_cycle":{"withdrawn":null,"consumed":false},"dart_fletcher_cycle":{"first":null,"further":false,"wrong_tier":false},"herb_cleaner_cycle":{"first_pack":false,"deposited":null,"withdrawn":null,"cleaned_after_withdrawal":false,"filter_violated":false},"gem_cutter_cycle":{"first_pack":false,"deposited":null,"withdrawn":null,"cut_after_withdrawal":false,"filter_violated":false},"door_opener_cycle":{"selected":null,"opened":false},"gnome_course_cycle":{"log":null,"ground_return":null,"pipe":null,"second_lap":false},"flax_picker_cycle":{"first_pack":false,"deposited":null,"returned":false,"further":false},"superheater_cycle":{"first_bars":false,"deposited":null,"withdrawn":null,"produced_after_withdrawal":false,"wrong_product":false,"wrong_staff":false},"chicken_killer_bank_cycle":{"combat_loot":false,"deposited":null,"returned":false,"further":false},"vial_filler_cycle":{"filled":null,"deposited":null,"withdrawn":null,"returned":false,"further":false},"potion_maker_cycle":{"unfinished":{"ingame":true,"scene_state":2,"player":"Livey7lbok 0","tile":[3185,3440,0],"tick":44,"items":{"Ranarr weed":9,"Unfinished potion":5,"Vial of water":9},"item_ids":{"99":5,"227":9,"257":9},"bank":{},"bank_ids":{},"bank_open":false,"bank_loaded":false,"bank_generation":4,"levels":{"-unused-":0,"agility":1,"attack":1,"cooking":1,"crafting":1,"defence":1,"firemaking":1,"fishing":1,"fletching":1,"herblore":38,"hitpoints":10,"magic":1,"mining":1,"prayer":1,"ranged":1,"runecraft":1,"slayer":1,"smithing":1,"strength":1,"thieving":1,"woodcutting":1},"xp":{"-unused-":0,"agility":0,"attack":0,"cooking":0,"crafting":0,"defence":0,"firemaking":0,"fishing":0,"fletching":0,"herblore":30408,"hitpoints":1154,"magic":0,"mining":0,"prayer":0,"ranged":0,"runecraft":0,"slayer":0,"smithing":0,"strength":0,"thieving":0,"woodcutting":0},"chat":[[13,"You put the Ranarr Weed into the vial of water."],[12,"You put the Ranarr Weed into the vial of water."],[11,"You put the Ranarr Weed into the vial of water."],[10,"You put the Ranarr Weed into the vial of water."],[9,"You put the Ranarr Weed into the vial of water."],[8,"Inventory wiped."],[7,"set tutorial: to 1000"],[6,"Welcome to RuneScape."]],"loc_facts":[{"id":1533,"x":3183,"z":3434,"level":0,"name":"Door","open":true}],"equipment_ids":{}},"finished":{"ingame":true,"scene_state":2,"player":"Livey7lbok 0","tile":[3185,3440,0],"tick":55,"items":{"Prayer potion(3)":10,"Snape grass":4,"Unfinished potion":4},"item_ids":{"99":4,"139":10,"231":4},"bank":{},"bank_ids":{},"bank_open":false,"bank_loaded":false,"bank_generation":6,"levels":{"-unused-":0,"agility":1,"attack":1,"cooking":1,"crafting":1,"defence":1,"firemaking":1,"fishing":1,"fletching":1,"herblore":38,"hitpoints":10,"magic":1,"mining":1,"prayer":1,"ranged":1,"runecraft":1,"slayer":1,"smithing":1,"strength":1,"thieving":1,"woodcutting":1},"xp":{"-unused-":0,"agility":0,"attack":0,"cooking":0,"crafting":0,"defence":0,"firemaking":0,"fishing":0,"fletching":0,"herblore":31283,"hitpoints":1154,"magic":0,"mining":0,"prayer":0,"ranged":0,"runecraft":0,"slayer":0,"smithing":0,"strength":0,"thieving":0,"woodcutting":0},"chat":[[32,"You mix the snape grass into your potion."],[31,"You mix the snape grass into your potion."],[30,"You mix the snape grass into your potion."],[29,"You mix the snape grass into your potion."],[28,"You mix the snape grass into your potion."],[27,"You mix the snape grass into your potion."],[26,"You mix the snape grass into your potion."],[25,"You mix the snape grass into your potion."],[24,"You mix the snape grass into your potion."],[23,"You mix the snape grass into your potion."],[22,"You put the Ranarr Weed into the vial of water."],[21,"You put the Ranarr Weed into the vial of water."],[20,"You put the Ranarr Weed into the vial of water."],[19,"You put the Ranarr Weed into the vial of water."],[18,"You put the Ranarr Weed into the vial of water."],[17,"You put the Ranarr Weed into the vial of water."],[16,"You put the Ranarr Weed into the vial of water."],[15,"You put the Ranarr Weed into the vial of water."],[14,"You put the Ranarr Weed into the vial of water."],[13,"You put the Ranarr Weed into the vial of water."],[12,"You put the Ranarr Weed into the vial of water."],[11,"You put the Ranarr Weed into the vial of water."],[10,"You put the Ranarr Weed into the vial of water."],[9,"You put the Ranarr Weed into the vial of water."],[8,"Inventory wiped."],[7,"set tutorial: to 1000"],[6,"Welcome to RuneScape."]],"loc_facts":[{"id":1533,"x":3183,"z":3434,"level":0,"name":"Door","open":true}],"equipment_ids":{}},"deposited":{"ingame":true,"scene_state":2,"player":"Livey7lbok 0","tile":[3185,3440,0],"tick":60,"items":{},"item_ids":{},"bank":{"Guam leaf":14,"Prayer potion(3)":14,"Ranarr weed":28,"Snape grass":28,"Vial of water":28},"bank_ids":{"139":14,"227":28,"231":28,"249":14,"257":28},"bank_open":true,"bank_loaded":true,"bank_generation":7,"levels":{"-unused-":0,"agility":1,"attack":1,"cooking":1,"crafting":1,"defence":1,"firemaking":1,"fishing":1,"fletching":1,"herblore":38,"hitpoints":10,"magic":1,"mining":1,"prayer":1,"ranged":1,"runecraft":1,"slayer":1,"smithing":1,"strength":1,"thieving":1,"woodcutting":1},"xp":{"-unused-":0,"agility":0,"attack":0,"cooking":0,"crafting":0,"defence":0,"firemaking":0,"fishing":0,"fletching":0,"herblore":31633,"hitpoints":1154,"magic":0,"mining":0,"prayer":0,"ranged":0,"runecraft":0,"slayer":0,"smithing":0,"strength":0,"thieving":0,"woodcutting":0},"chat":[[36,"You mix the snape grass into your potion."],[35,"You mix the snape grass into your potion."],[34,"You mix the snape grass into your potion."],[33,"You mix the snape grass into your potion."],[32,"You mix the snape grass into your potion."],[31,"You mix the snape grass into your potion."],[30,"You mix the snape grass into your potion."],[29,"You mix the snape grass into your potion."],[28,"You mix the snape grass into your potion."],[27,"You mix the snape grass into your potion."],[26,"You mix the snape grass into your potion."],[25,"You mix the snape grass into your potion."],[24,"You mix the snape grass into your potion."],[23,"You mix the snape grass into your potion."],[22,"You put the Ranarr Weed into the vial of water."],[21,"You put the Ranarr Weed into the vial of water."],[20,"You put the Ranarr Weed into the vial of water."],[19,"You put the Ranarr Weed into the vial of water."],[18,"You put the Ranarr Weed into the vial of water."],[17,"You put the Ranarr Weed into the vial of water."],[16,"You put the Ranarr Weed into the vial of water."],[15,"You put the Ranarr Weed into the vial of water."],[14,"You put the Ranarr Weed into the vial of water."],[13,"You put the Ranarr Weed into the vial of water."],[12,"You put the Ranarr Weed into the vial of water."],[11,"You put the Ranarr Weed into the vial of water."],[10,"You put the Ranarr Weed into the vial of water."],[9,"You put the Ranarr Weed into the vial of water."],[8,"Inventory wiped."],[7,"set tutorial: to 1000"],[6,"Welcome to RuneScape."]],"loc_facts":[{"id":1533,"x":3183,"z":3434,"level":0,"name":"Door","open":true}],"equipment_ids":{}},"withdrawn":{"ingame":true,"scene_state":2,"player":"Livey7lbok 0","tile":[3185,3440,0],"tick":68,"items":{"Ranarr weed":14,"Vial of water":14},"item_ids":{"227":14,"257":14},"bank":{"Guam leaf":14,"Prayer potion(3)":14,"Ranarr weed":14,"Snape grass":28,"Vial of water":14},"bank_ids":{"139":14,"227":14,"231":28,"249":14,"257":14},"bank_open":true,"bank_loaded":true,"bank_generation":7,"levels":{"-unused-":0,"agility":1,"attack":1,"cooking":1,"crafting":1,"defence":1,"firemaking":1,"fishing":1,"fletching":1,"herblore":38,"hitpoints":10,"magic":1,"mining":1,"prayer":1,"ranged":1,"runecraft":1,"slayer":1,"smithing":1,"strength":1,"thieving":1,"woodcutting":1},"xp":{"-unused-":0,"agility":0,"attack":0,"cooking":0,"crafting":0,"defence":0,"firemaking":0,"fishing":0,"fletching":0,"herblore":31633,"hitpoints":1154,"magic":0,"mining":0,"prayer":0,"ranged":0,"runecraft":0,"slayer":0,"smithing":0,"strength":0,"thieving":0,"woodcutting":0},"chat":[[36,"You mix the snape grass into your potion."],[35,"You mix the snape grass into your potion."],[34,"You mix the snape grass into your potion."],[33,"You mix the snape grass into your potion."],[32,"You mix the snape grass into your potion."],[31,"You mix the snape grass into your potion."],[30,"You mix the snape grass into your potion."],[29,"You mix the snape grass into your potion."],[28,"You mix the snape grass into your potion."],[27,"You mix the snape grass into your potion."],[26,"You mix the snape grass into your potion."],[25,"You mix the snape grass into your potion."],[24,"You mix the snape grass into your potion."],[23,"You mix the snape grass into your potion."],[22,"You put the Ranarr Weed into the vial of water."],[21,"You put the Ranarr Weed into the vial of water."],[20,"You put the Ranarr Weed into the vial of water."],[19,"You put the Ranarr Weed into the vial of water."],[18,"You put the Ranarr Weed into the vial of water."],[17,"You put the Ranarr Weed into the vial of water."],[16,"You put the Ranarr Weed into the vial of water."],[15,"You put the Ranarr Weed into the vial of water."],[14,"You put the Ranarr Weed into the vial of water."],[13,"You put the Ranarr Weed into the vial of water."],[12,"You put the Ranarr Weed into the vial of water."],[11,"You put the Ranarr Weed into the vial of water."],[10,"You put the Ranarr Weed into the vial of water."],[9,"You put the Ranarr Weed into the vial of water."],[8,"Inventory wiped."],[7,"set tutorial: to 1000"],[6,"Welcome to RuneScape."]],"loc_facts":[{"id":1533,"x":3183,"z":3434,"level":0,"name":"Door","open":true}],"equipment_ids":{}},"further":true,"wrong_product":false,"filter_violated":false},"ordered_first_exhausted":false}}
test catalog_boundary_live ... ok

test result: ok. 1 passed; 0 failed; 0 ignored; 0 measured; 23 filtered out; finished in 81.41s

