
running 1 test
{"phase":"identity","revision":289,"profile":"local-289 · 127.0.0.1:44594 · revision 289","cache_id":"c4d8ab36bcfd2a7907535b4f619e28623b0a22e98d496fd2a9620d544c5b5b09","nav_pack":"/Users/acfrazier/experiments/274bot/.worktrees/rs2b0t-multirevision/.superpowers/world-capabilities/289/274bot.navpack","nav_sha256":"131db92e32eddcb08148909d477589544320fe7e34a422e8004e97e888032924","catalog_commit":"8e7d965be2071d6ec65c3265e12af797082d720a","catalog_identity":"289-updated frozen catalog","catalog_read_only_path":".superpowers/inputs/rs2b0t-8e7d965be2071d6ec65c3265e12af797082d720a","catalog_root":"/Users/acfrazier/experiments/274bot/.worktrees/rs2b0t-multirevision/.superpowers/inputs/rs2b0t-8e7d965be2071d6ec65c3265e12af797082d720a","registry_path":"/Users/acfrazier/experiments/274bot/.worktrees/rs2b0t-multirevision/.superpowers/inputs/rs2b0t-8e7d965be2071d6ec65c3265e12af797082d720a/src/bot/scripts/index.ts","registry_sha256":"b614aedb3d5adfdfbac3760f082273f3cf5c33fffe4ced0f2b01490ae02d1bc2","card":{"card":"PotionMaker","source_path":"/Users/acfrazier/experiments/274bot/.worktrees/rs2b0t-multirevision/.superpowers/inputs/rs2b0t-8e7d965be2071d6ec65c3265e12af797082d720a/src/bot/scripts/PotionMaker/PotionMaker.ts","source_sha256":"36704aa9951b18bcb27c16d5740577937757847209daa504b0df5ecd9e758beb","compiled_sha256":"7373464469d13fd33abf4aba136425d2b788c9623379ed83c00537b1edc034d7","siblings":[{"module":"/rs2b0t/bot/scripts/bot/PotionMakerLogic.js","compiled_sha256":"cbd2edc1ce4e4419db9e94ee5fadb5fee51eb2efbd7a4dedc8c5d47761f490c1"}],"settings":{"herbCustom":"Guam leaf","secondaryCustom":"Eye of newt","herb":"Custom","secondary":"Custom"}},"account":"liveo8xhzy_0","engine_speed_ms":null}
[host-play] slot liveo8xhzy_0: thread up
274bot: snapshot load skipped: read /Users/acfrazier/.274bot/unpack-289/37214163f1e6ceca/models.bin: No such file or directory (os error 2)
[host-play] slot liveo8xhzy_0: handshake begin reconnect=false
[host-play] slot liveo8xhzy_0: handshake ok
[host] slot liveo8xhzy_0: d_loop_us=3346 d_raster_us=0 d_observe_us=40570 max_observe_us=6523 d_paints=0 d_skips=50 d_ticks=1 window_ms=0
[host-play] slot liveo8xhzy_0: queued mainland tele+setvar (scene 2)
[host-play] slot liveo8xhzy_0: handshake begin reconnect=true
[host-play] slot liveo8xhzy_0: handshake ok
[host] slot liveo8xhzy_0: d_loop_us=1162 d_raster_us=0 d_observe_us=50339 max_observe_us=4164 d_paints=0 d_skips=50 d_ticks=1 window_ms=0
[host-play] slot liveo8xhzy_0: queued mainland tele+setvar (scene 2)
[host] slot liveo8xhzy_0: d_loop_us=27355 d_raster_us=0 d_observe_us=104425 max_observe_us=9428 d_paints=0 d_skips=50 d_ticks=25 window_ms=14917
{"phase":"baseline-after-preparation","scenario":"potion_maker","account":"liveo8xhzy_0","observation":{"ingame":true,"scene_state":2,"player":"Liveo8xhzy 0","tile":[3185,3440,0],"tick":31,"items":{},"item_ids":{},"bank":{},"bank_ids":{},"bank_open":false,"bank_loaded":false,"bank_generation":2,"levels":{"-unused-":0,"agility":1,"attack":1,"cooking":1,"crafting":1,"defence":1,"firemaking":1,"fishing":1,"fletching":1,"herblore":3,"hitpoints":10,"magic":1,"mining":1,"prayer":1,"ranged":1,"runecraft":1,"slayer":1,"smithing":1,"strength":1,"thieving":1,"woodcutting":1},"xp":{"-unused-":0,"agility":0,"attack":0,"cooking":0,"crafting":0,"defence":0,"firemaking":0,"fishing":0,"fletching":0,"herblore":174,"hitpoints":1154,"magic":0,"mining":0,"prayer":0,"ranged":0,"runecraft":0,"slayer":0,"smithing":0,"strength":0,"thieving":0,"woodcutting":0},"chat":[[8,"Inventory wiped."],[7,"set tutorial: to 1000"],[6,"Welcome to RuneScape."]],"loc_facts":[{"id":1533,"x":3183,"z":3434,"level":0,"name":"Door","open":true}],"equipment_ids":{}}}
[script liveo8xhzy_0] start load
{"phase":"start","account":"liveo8xhzy_0","count":1}
[host] hitch liveo8xhzy_0: observe_us=110795 paints=0 skips=108 ticks=31
[script liveo8xhzy_0] PotionMaker — Guam leaf + Eye of newt at the nearest bank
[script liveo8xhzy_0] interact OpenBooth { x: 3186, z: 3440, level: 0, id: 2213, name: None, action: None }
[host] hitch liveo8xhzy_0: observe_us=20526 paints=0 skips=131 ticks=33
[host] slot liveo8xhzy_0: d_loop_us=1403 d_raster_us=0 d_observe_us=208534 max_observe_us=110795 d_paints=0 d_skips=50 d_ticks=7 window_ms=4685
[host] slot liveo8xhzy_0: d_loop_us=1179 d_raster_us=0 d_observe_us=104016 max_observe_us=15518 d_paints=0 d_skips=50 d_ticks=3 window_ms=1339
[host] hitch liveo8xhzy_0: observe_us=23001 paints=0 skips=200 ticks=36
[host] hitch liveo8xhzy_0: observe_us=16877 paints=0 skips=245 ticks=38
[script liveo8xhzy_0] interact Close
[shim-close] sent
[host] slot liveo8xhzy_0: d_loop_us=1112 d_raster_us=0 d_observe_us=120541 max_observe_us=23001 d_paints=0 d_skips=50 d_ticks=2 window_ms=1332
[script liveo8xhzy_0] withdrew 14 vials of water + 14 Guam leaf
[script liveo8xhzy_0] interact UseOn { name: "Guam leaf", kind: "inv", target_name: Some("Vial of water"), x: 0, z: 0, level: 0, index: None, source_item_id: Some(249), source_item_slot: Some(27), target_item_id: Some(227), target_item_slot: Some(13) }
[script liveo8xhzy_0] interact UseOn { name: "Guam leaf", kind: "inv", target_name: Some("Vial of water"), x: 0, z: 0, level: 0, index: None, source_item_id: Some(249), source_item_slot: Some(27), target_item_id: Some(227), target_item_slot: Some(13) }
[script liveo8xhzy_0] interact UseOn { name: "Guam leaf", kind: "inv", target_name: Some("Vial of water"), x: 0, z: 0, level: 0, index: None, source_item_id: Some(249), source_item_slot: Some(27), target_item_id: Some(227), target_item_slot: Some(13) }
[script liveo8xhzy_0] interact UseOn { name: "Guam leaf", kind: "inv", target_name: Some("Vial of water"), x: 0, z: 0, level: 0, index: None, source_item_id: Some(249), source_item_slot: Some(27), target_item_id: Some(227), target_item_slot: Some(13) }
[script liveo8xhzy_0] interact UseOn { name: "Guam leaf", kind: "inv", target_name: Some("Vial of water"), x: 0, z: 0, level: 0, index: None, source_item_id: Some(249), source_item_slot: Some(27), target_item_id: Some(227), target_item_slot: Some(13) }
[script liveo8xhzy_0] interact UseOn { name: "Guam leaf", kind: "inv", target_name: Some("Vial of water"), x: 0, z: 0, level: 0, index: None, source_item_id: Some(249), source_item_slot: Some(27), target_item_id: Some(227), target_item_slot: Some(13) }
[script liveo8xhzy_0] interact UseOn { name: "Guam leaf", kind: "inv", target_name: Some("Vial of water"), x: 0, z: 0, level: 0, index: None, source_item_id: Some(249), source_item_slot: Some(27), target_item_id: Some(227), target_item_slot: Some(13) }
[script liveo8xhzy_0] interact UseOn { name: "Guam leaf", kind: "inv", target_name: Some("Vial of water"), x: 0, z: 0, level: 0, index: None, source_item_id: Some(249), source_item_slot: Some(27), target_item_id: Some(227), target_item_slot: Some(13) }
[script liveo8xhzy_0] interact UseOn { name: "Guam leaf", kind: "inv", target_name: Some("Vial of water"), x: 0, z: 0, level: 0, index: None, source_item_id: Some(249), source_item_slot: Some(27), target_item_id: Some(227), target_item_slot: Some(13) }
[script liveo8xhzy_0] interact UseOn { name: "Guam leaf", kind: "inv", target_name: Some("Vial of water"), x: 0, z: 0, level: 0, index: None, source_item_id: Some(249), source_item_slot: Some(27), target_item_id: Some(227), target_item_slot: Some(13) }
[script liveo8xhzy_0] interact UseOn { name: "Guam leaf", kind: "inv", target_name: Some("Vial of water"), x: 0, z: 0, level: 0, index: None, source_item_id: Some(249), source_item_slot: Some(27), target_item_id: Some(227), target_item_slot: Some(13) }
[script liveo8xhzy_0] interact UseOn { name: "Guam leaf", kind: "inv", target_name: Some("Vial of water"), x: 0, z: 0, level: 0, index: None, source_item_id: Some(249), source_item_slot: Some(27), target_item_id: Some(227), target_item_slot: Some(13) }
[script liveo8xhzy_0] interact UseOn { name: "Guam leaf", kind: "inv", target_name: Some("Vial of water"), x: 0, z: 0, level: 0, index: None, source_item_id: Some(249), source_item_slot: Some(27), target_item_id: Some(227), target_item_slot: Some(13) }
[script liveo8xhzy_0] interact UseOn { name: "Guam leaf", kind: "inv", target_name: Some("Vial of water"), x: 0, z: 0, level: 0, index: None, source_item_id: Some(249), source_item_slot: Some(27), target_item_id: Some(227), target_item_slot: Some(13) }
[script liveo8xhzy_0] interact UseOn { name: "Guam leaf", kind: "inv", target_name: Some("Vial of water"), x: 0, z: 0, level: 0, index: None, source_item_id: Some(249), source_item_slot: Some(27), target_item_id: Some(227), target_item_slot: Some(13) }
[script liveo8xhzy_0] interact UseOn { name: "Guam leaf", kind: "inv", target_name: Some("Vial of water"), x: 0, z: 0, level: 0, index: None, source_item_id: Some(249), source_item_slot: Some(27), target_item_id: Some(227), target_item_slot: Some(13) }
[script liveo8xhzy_0] interact UseOn { name: "Guam leaf", kind: "inv", target_name: Some("Vial of water"), x: 0, z: 0, level: 0, index: None, source_item_id: Some(249), source_item_slot: Some(27), target_item_id: Some(227), target_item_slot: Some(13) }
[script liveo8xhzy_0] interact UseOn { name: "Guam leaf", kind: "inv", target_name: Some("Vial of water"), x: 0, z: 0, level: 0, index: None, source_item_id: Some(249), source_item_slot: Some(27), target_item_id: Some(227), target_item_slot: Some(13) }
[script liveo8xhzy_0] interact UseOn { name: "Guam leaf", kind: "inv", target_name: Some("Vial of water"), x: 0, z: 0, level: 0, index: None, source_item_id: Some(249), source_item_slot: Some(27), target_item_id: Some(227), target_item_slot: Some(13) }
[script liveo8xhzy_0] interact UseOn { name: "Guam leaf", kind: "inv", target_name: Some("Vial of water"), x: 0, z: 0, level: 0, index: None, source_item_id: Some(249), source_item_slot: Some(27), target_item_id: Some(227), target_item_slot: Some(13) }
[script liveo8xhzy_0] interact UseOn { name: "Guam leaf", kind: "inv", target_name: Some("Vial of water"), x: 0, z: 0, level: 0, index: None, source_item_id: Some(249), source_item_slot: Some(27), target_item_id: Some(227), target_item_slot: Some(13) }
[script liveo8xhzy_0] interact UseOn { name: "Guam leaf", kind: "inv", target_name: Some("Vial of water"), x: 0, z: 0, level: 0, index: None, source_item_id: Some(249), source_item_slot: Some(27), target_item_id: Some(227), target_item_slot: Some(13) }
[script liveo8xhzy_0] interact UseOn { name: "Guam leaf", kind: "inv", target_name: Some("Vial of water"), x: 0, z: 0, level: 0, index: None, source_item_id: Some(249), source_item_slot: Some(27), target_item_id: Some(227), target_item_slot: Some(13) }
[script liveo8xhzy_0] interact UseOn { name: "Guam leaf", kind: "inv", target_name: Some("Vial of water"), x: 0, z: 0, level: 0, index: None, source_item_id: Some(249), source_item_slot: Some(27), target_item_id: Some(227), target_item_slot: Some(13) }
[script liveo8xhzy_0] interact UseOn { name: "Guam leaf", kind: "inv", target_name: Some("Vial of water"), x: 0, z: 0, level: 0, index: None, source_item_id: Some(249), source_item_slot: Some(27), target_item_id: Some(227), target_item_slot: Some(13) }
[script liveo8xhzy_0] interact UseOn { name: "Guam leaf", kind: "inv", target_name: Some("Vial of water"), x: 0, z: 0, level: 0, index: None, source_item_id: Some(249), source_item_slot: Some(27), target_item_id: Some(227), target_item_slot: Some(13) }
[script liveo8xhzy_0] interact UseOn { name: "Guam leaf", kind: "inv", target_name: Some("Vial of water"), x: 0, z: 0, level: 0, index: None, source_item_id: Some(249), source_item_slot: Some(27), target_item_id: Some(227), target_item_slot: Some(13) }
[script liveo8xhzy_0] interact UseOn { name: "Guam leaf", kind: "inv", target_name: Some("Vial of water"), x: 0, z: 0, level: 0, index: None, source_item_id: Some(249), source_item_slot: Some(27), target_item_id: Some(227), target_item_slot: Some(13) }
[script liveo8xhzy_0] interact UseOn { name: "Guam leaf", kind: "inv", target_name: Some("Vial of water"), x: 0, z: 0, level: 0, index: None, source_item_id: Some(249), source_item_slot: Some(27), target_item_id: Some(227), target_item_slot: Some(13) }
[script liveo8xhzy_0] interact UseOn { name: "Guam leaf", kind: "inv", target_name: Some("Vial of water"), x: 0, z: 0, level: 0, index: None, source_item_id: Some(249), source_item_slot: Some(27), target_item_id: Some(227), target_item_slot: Some(13) }
[script liveo8xhzy_0] interact UseOn { name: "Guam leaf", kind: "inv", target_name: Some("Vial of water"), x: 0, z: 0, level: 0, index: None, source_item_id: Some(249), source_item_slot: Some(27), target_item_id: Some(227), target_item_slot: Some(13) }
[script liveo8xhzy_0] interact UseOn { name: "Guam leaf", kind: "inv", target_name: Some("Vial of water"), x: 0, z: 0, level: 0, index: None, source_item_id: Some(249), source_item_slot: Some(27), target_item_id: Some(227), target_item_slot: Some(13) }
[script liveo8xhzy_0] interact UseOn { name: "Guam leaf", kind: "inv", target_name: Some("Vial of water"), x: 0, z: 0, level: 0, index: None, source_item_id: Some(249), source_item_slot: Some(27), target_item_id: Some(227), target_item_slot: Some(13) }
[script liveo8xhzy_0] interact UseOn { name: "Guam leaf", kind: "inv", target_name: Some("Vial of water"), x: 0, z: 0, level: 0, index: None, source_item_id: Some(249), source_item_slot: Some(27), target_item_id: Some(227), target_item_slot: Some(13) }
[script liveo8xhzy_0] interact UseOn { name: "Guam leaf", kind: "inv", target_name: Some("Vial of water"), x: 0, z: 0, level: 0, index: None, source_item_id: Some(249), source_item_slot: Some(27), target_item_id: Some(227), target_item_slot: Some(13) }
[script liveo8xhzy_0] interact UseOn { name: "Guam leaf", kind: "inv", target_name: Some("Vial of water"), x: 0, z: 0, level: 0, index: None, source_item_id: Some(249), source_item_slot: Some(27), target_item_id: Some(227), target_item_slot: Some(13) }
[script liveo8xhzy_0] interact UseOn { name: "Guam leaf", kind: "inv", target_name: Some("Vial of water"), x: 0, z: 0, level: 0, index: None, source_item_id: Some(249), source_item_slot: Some(27), target_item_id: Some(227), target_item_slot: Some(13) }
[script liveo8xhzy_0] interact UseOn { name: "Guam leaf", kind: "inv", target_name: Some("Vial of water"), x: 0, z: 0, level: 0, index: None, source_item_id: Some(249), source_item_slot: Some(27), target_item_id: Some(227), target_item_slot: Some(13) }
[script liveo8xhzy_0] interact UseOn { name: "Guam leaf", kind: "inv", target_name: Some("Vial of water"), x: 0, z: 0, level: 0, index: None, source_item_id: Some(249), source_item_slot: Some(27), target_item_id: Some(227), target_item_slot: Some(13) }
[script liveo8xhzy_0] interact UseOn { name: "Guam leaf", kind: "inv", target_name: Some("Vial of water"), x: 0, z: 0, level: 0, index: None, source_item_id: Some(249), source_item_slot: Some(27), target_item_id: Some(227), target_item_slot: Some(13) }
[script liveo8xhzy_0] interact UseOn { name: "Guam leaf", kind: "inv", target_name: Some("Vial of water"), x: 0, z: 0, level: 0, index: None, source_item_id: Some(249), source_item_slot: Some(27), target_item_id: Some(227), target_item_slot: Some(13) }
[script liveo8xhzy_0] interact UseOn { name: "Guam leaf", kind: "inv", target_name: Some("Vial of water"), x: 0, z: 0, level: 0, index: None, source_item_id: Some(249), source_item_slot: Some(27), target_item_id: Some(227), target_item_slot: Some(13) }
[script liveo8xhzy_0] interact UseOn { name: "Guam leaf", kind: "inv", target_name: Some("Vial of water"), x: 0, z: 0, level: 0, index: None, source_item_id: Some(249), source_item_slot: Some(27), target_item_id: Some(227), target_item_slot: Some(13) }
[script liveo8xhzy_0] interact UseOn { name: "Guam leaf", kind: "inv", target_name: Some("Vial of water"), x: 0, z: 0, level: 0, index: None, source_item_id: Some(249), source_item_slot: Some(27), target_item_id: Some(227), target_item_slot: Some(13) }
[script liveo8xhzy_0] interact UseOn { name: "Guam leaf", kind: "inv", target_name: Some("Vial of water"), x: 0, z: 0, level: 0, index: None, source_item_id: Some(249), source_item_slot: Some(27), target_item_id: Some(227), target_item_slot: Some(13) }
[script liveo8xhzy_0] interact UseOn { name: "Guam leaf", kind: "inv", target_name: Some("Vial of water"), x: 0, z: 0, level: 0, index: None, source_item_id: Some(249), source_item_slot: Some(27), target_item_id: Some(227), target_item_slot: Some(13) }
[script liveo8xhzy_0] interact UseOn { name: "Guam leaf", kind: "inv", target_name: Some("Vial of water"), x: 0, z: 0, level: 0, index: None, source_item_id: Some(249), source_item_slot: Some(27), target_item_id: Some(227), target_item_slot: Some(13) }
[script liveo8xhzy_0] interact UseOn { name: "Guam leaf", kind: "inv", target_name: Some("Vial of water"), x: 0, z: 0, level: 0, index: None, source_item_id: Some(249), source_item_slot: Some(27), target_item_id: Some(227), target_item_slot: Some(13) }
[script liveo8xhzy_0] interact UseOn { name: "Guam leaf", kind: "inv", target_name: Some("Vial of water"), x: 0, z: 0, level: 0, index: None, source_item_id: Some(249), source_item_slot: Some(27), target_item_id: Some(227), target_item_slot: Some(13) }
[script liveo8xhzy_0] interact UseOn { name: "Guam leaf", kind: "inv", target_name: Some("Vial of water"), x: 0, z: 0, level: 0, index: None, source_item_id: Some(249), source_item_slot: Some(27), target_item_id: Some(227), target_item_slot: Some(13) }
[script liveo8xhzy_0] interact UseOn { name: "Guam leaf", kind: "inv", target_name: Some("Vial of water"), x: 0, z: 0, level: 0, index: None, source_item_id: Some(249), source_item_slot: Some(27), target_item_id: Some(227), target_item_slot: Some(13) }
[script liveo8xhzy_0] interact UseOn { name: "Guam leaf", kind: "inv", target_name: Some("Vial of water"), x: 0, z: 0, level: 0, index: None, source_item_id: Some(249), source_item_slot: Some(27), target_item_id: Some(227), target_item_slot: Some(13) }
[script liveo8xhzy_0] interact UseOn { name: "Guam leaf", kind: "inv", target_name: Some("Vial of water"), x: 0, z: 0, level: 0, index: None, source_item_id: Some(249), source_item_slot: Some(27), target_item_id: Some(227), target_item_slot: Some(13) }
[script liveo8xhzy_0] interact UseOn { name: "Guam leaf", kind: "inv", target_name: Some("Vial of water"), x: 0, z: 0, level: 0, index: None, source_item_id: Some(249), source_item_slot: Some(27), target_item_id: Some(227), target_item_slot: Some(13) }
[script liveo8xhzy_0] interact UseOn { name: "Guam leaf", kind: "inv", target_name: Some("Vial of water"), x: 0, z: 0, level: 0, index: None, source_item_id: Some(249), source_item_slot: Some(27), target_item_id: Some(227), target_item_slot: Some(13) }
[script liveo8xhzy_0] interact UseOn { name: "Guam leaf", kind: "inv", target_name: Some("Vial of water"), x: 0, z: 0, level: 0, index: None, source_item_id: Some(249), source_item_slot: Some(27), target_item_id: Some(227), target_item_slot: Some(13) }
[host] slot liveo8xhzy_0: d_loop_us=1040 d_raster_us=0 d_observe_us=96390 max_observe_us=14277 d_paints=0 d_skips=50 d_ticks=2 window_ms=1308
[host] hitch liveo8xhzy_0: observe_us=19962 paints=0 skips=314 ticks=41
[host] hitch liveo8xhzy_0: observe_us=21747 paints=0 skips=338 ticks=42
[host] slot liveo8xhzy_0: d_loop_us=1310 d_raster_us=0 d_observe_us=105951 max_observe_us=21747 d_paints=0 d_skips=50 d_ticks=2 window_ms=1278
[host] hitch liveo8xhzy_0: observe_us=21242 paints=0 skips=360 ticks=43
[host] hitch liveo8xhzy_0: observe_us=18159 paints=0 skips=383 ticks=44
[host] slot liveo8xhzy_0: d_loop_us=1158 d_raster_us=0 d_observe_us=119218 max_observe_us=21242 d_paints=0 d_skips=50 d_ticks=2 window_ms=1324
[script liveo8xhzy_0] interact OpenBooth { x: 3186, z: 3440, level: 0, id: 2213, name: None, action: None }
[host] hitch liveo8xhzy_0: observe_us=20974 paints=0 skips=430 ticks=46
[host] slot liveo8xhzy_0: d_loop_us=1244 d_raster_us=0 d_observe_us=101086 max_observe_us=20974 d_paints=0 d_skips=50 d_ticks=2 window_ms=1251
[host] hitch liveo8xhzy_0: observe_us=16946 paints=0 skips=477 ticks=48
[host] slot liveo8xhzy_0: d_loop_us=1020 d_raster_us=0 d_observe_us=100673 max_observe_us=16946 d_paints=0 d_skips=50 d_ticks=3 window_ms=1337
[script liveo8xhzy_0] interact Close
[shim-close] sent
[host] hitch liveo8xhzy_0: observe_us=20845 paints=0 skips=522 ticks=50
[script liveo8xhzy_0] interact UseOn { name: "Eye of newt", kind: "inv", target_name: Some("Unfinished potion"), x: 0, z: 0, level: 0, index: None, source_item_id: Some(221), source_item_slot: Some(27), target_item_id: Some(91), target_item_slot: Some(13) }
[script liveo8xhzy_0] interact UseOn { name: "Eye of newt", kind: "inv", target_name: Some("Unfinished potion"), x: 0, z: 0, level: 0, index: None, source_item_id: Some(221), source_item_slot: Some(27), target_item_id: Some(91), target_item_slot: Some(13) }
[script liveo8xhzy_0] interact UseOn { name: "Eye of newt", kind: "inv", target_name: Some("Unfinished potion"), x: 0, z: 0, level: 0, index: None, source_item_id: Some(221), source_item_slot: Some(27), target_item_id: Some(91), target_item_slot: Some(13) }
[script liveo8xhzy_0] interact UseOn { name: "Eye of newt", kind: "inv", target_name: Some("Unfinished potion"), x: 0, z: 0, level: 0, index: None, source_item_id: Some(221), source_item_slot: Some(27), target_item_id: Some(91), target_item_slot: Some(13) }
[script liveo8xhzy_0] interact UseOn { name: "Eye of newt", kind: "inv", target_name: Some("Unfinished potion"), x: 0, z: 0, level: 0, index: None, source_item_id: Some(221), source_item_slot: Some(27), target_item_id: Some(91), target_item_slot: Some(13) }
[script liveo8xhzy_0] interact UseOn { name: "Eye of newt", kind: "inv", target_name: Some("Unfinished potion"), x: 0, z: 0, level: 0, index: None, source_item_id: Some(221), source_item_slot: Some(27), target_item_id: Some(91), target_item_slot: Some(13) }
[script liveo8xhzy_0] interact UseOn { name: "Eye of newt", kind: "inv", target_name: Some("Unfinished potion"), x: 0, z: 0, level: 0, index: None, source_item_id: Some(221), source_item_slot: Some(27), target_item_id: Some(91), target_item_slot: Some(13) }
[script liveo8xhzy_0] interact UseOn { name: "Eye of newt", kind: "inv", target_name: Some("Unfinished potion"), x: 0, z: 0, level: 0, index: None, source_item_id: Some(221), source_item_slot: Some(27), target_item_id: Some(91), target_item_slot: Some(13) }
[script liveo8xhzy_0] interact UseOn { name: "Eye of newt", kind: "inv", target_name: Some("Unfinished potion"), x: 0, z: 0, level: 0, index: None, source_item_id: Some(221), source_item_slot: Some(27), target_item_id: Some(91), target_item_slot: Some(13) }
[script liveo8xhzy_0] interact UseOn { name: "Eye of newt", kind: "inv", target_name: Some("Unfinished potion"), x: 0, z: 0, level: 0, index: None, source_item_id: Some(221), source_item_slot: Some(27), target_item_id: Some(91), target_item_slot: Some(13) }
[script liveo8xhzy_0] interact UseOn { name: "Eye of newt", kind: "inv", target_name: Some("Unfinished potion"), x: 0, z: 0, level: 0, index: None, source_item_id: Some(221), source_item_slot: Some(27), target_item_id: Some(91), target_item_slot: Some(13) }
[script liveo8xhzy_0] interact UseOn { name: "Eye of newt", kind: "inv", target_name: Some("Unfinished potion"), x: 0, z: 0, level: 0, index: None, source_item_id: Some(221), source_item_slot: Some(27), target_item_id: Some(91), target_item_slot: Some(13) }
[script liveo8xhzy_0] interact UseOn { name: "Eye of newt", kind: "inv", target_name: Some("Unfinished potion"), x: 0, z: 0, level: 0, index: None, source_item_id: Some(221), source_item_slot: Some(27), target_item_id: Some(91), target_item_slot: Some(13) }
[script liveo8xhzy_0] interact UseOn { name: "Eye of newt", kind: "inv", target_name: Some("Unfinished potion"), x: 0, z: 0, level: 0, index: None, source_item_id: Some(221), source_item_slot: Some(27), target_item_id: Some(91), target_item_slot: Some(13) }
[script liveo8xhzy_0] interact UseOn { name: "Eye of newt", kind: "inv", target_name: Some("Unfinished potion"), x: 0, z: 0, level: 0, index: None, source_item_id: Some(221), source_item_slot: Some(27), target_item_id: Some(91), target_item_slot: Some(13) }
[script liveo8xhzy_0] interact UseOn { name: "Eye of newt", kind: "inv", target_name: Some("Unfinished potion"), x: 0, z: 0, level: 0, index: None, source_item_id: Some(221), source_item_slot: Some(27), target_item_id: Some(91), target_item_slot: Some(13) }
[script liveo8xhzy_0] interact UseOn { name: "Eye of newt", kind: "inv", target_name: Some("Unfinished potion"), x: 0, z: 0, level: 0, index: None, source_item_id: Some(221), source_item_slot: Some(27), target_item_id: Some(91), target_item_slot: Some(13) }
[script liveo8xhzy_0] interact UseOn { name: "Eye of newt", kind: "inv", target_name: Some("Unfinished potion"), x: 0, z: 0, level: 0, index: None, source_item_id: Some(221), source_item_slot: Some(27), target_item_id: Some(91), target_item_slot: Some(13) }
[script liveo8xhzy_0] interact UseOn { name: "Eye of newt", kind: "inv", target_name: Some("Unfinished potion"), x: 0, z: 0, level: 0, index: None, source_item_id: Some(221), source_item_slot: Some(27), target_item_id: Some(91), target_item_slot: Some(13) }
[script liveo8xhzy_0] interact UseOn { name: "Eye of newt", kind: "inv", target_name: Some("Unfinished potion"), x: 0, z: 0, level: 0, index: None, source_item_id: Some(221), source_item_slot: Some(27), target_item_id: Some(91), target_item_slot: Some(13) }
[script liveo8xhzy_0] interact UseOn { name: "Eye of newt", kind: "inv", target_name: Some("Unfinished potion"), x: 0, z: 0, level: 0, index: None, source_item_id: Some(221), source_item_slot: Some(27), target_item_id: Some(91), target_item_slot: Some(13) }
[script liveo8xhzy_0] interact UseOn { name: "Eye of newt", kind: "inv", target_name: Some("Unfinished potion"), x: 0, z: 0, level: 0, index: None, source_item_id: Some(221), source_item_slot: Some(27), target_item_id: Some(91), target_item_slot: Some(13) }
[script liveo8xhzy_0] interact UseOn { name: "Eye of newt", kind: "inv", target_name: Some("Unfinished potion"), x: 0, z: 0, level: 0, index: None, source_item_id: Some(221), source_item_slot: Some(27), target_item_id: Some(91), target_item_slot: Some(13) }
[script liveo8xhzy_0] interact UseOn { name: "Eye of newt", kind: "inv", target_name: Some("Unfinished potion"), x: 0, z: 0, level: 0, index: None, source_item_id: Some(221), source_item_slot: Some(27), target_item_id: Some(91), target_item_slot: Some(13) }
[script liveo8xhzy_0] interact UseOn { name: "Eye of newt", kind: "inv", target_name: Some("Unfinished potion"), x: 0, z: 0, level: 0, index: None, source_item_id: Some(221), source_item_slot: Some(27), target_item_id: Some(91), target_item_slot: Some(13) }
[script liveo8xhzy_0] interact UseOn { name: "Eye of newt", kind: "inv", target_name: Some("Unfinished potion"), x: 0, z: 0, level: 0, index: None, source_item_id: Some(221), source_item_slot: Some(27), target_item_id: Some(91), target_item_slot: Some(13) }
[script liveo8xhzy_0] interact UseOn { name: "Eye of newt", kind: "inv", target_name: Some("Unfinished potion"), x: 0, z: 0, level: 0, index: None, source_item_id: Some(221), source_item_slot: Some(27), target_item_id: Some(91), target_item_slot: Some(13) }
[script liveo8xhzy_0] interact UseOn { name: "Eye of newt", kind: "inv", target_name: Some("Unfinished potion"), x: 0, z: 0, level: 0, index: None, source_item_id: Some(221), source_item_slot: Some(27), target_item_id: Some(91), target_item_slot: Some(13) }
[script liveo8xhzy_0] interact UseOn { name: "Eye of newt", kind: "inv", target_name: Some("Unfinished potion"), x: 0, z: 0, level: 0, index: None, source_item_id: Some(221), source_item_slot: Some(27), target_item_id: Some(91), target_item_slot: Some(13) }
[script liveo8xhzy_0] interact UseOn { name: "Eye of newt", kind: "inv", target_name: Some("Unfinished potion"), x: 0, z: 0, level: 0, index: None, source_item_id: Some(221), source_item_slot: Some(27), target_item_id: Some(91), target_item_slot: Some(13) }
[script liveo8xhzy_0] interact UseOn { name: "Eye of newt", kind: "inv", target_name: Some("Unfinished potion"), x: 0, z: 0, level: 0, index: None, source_item_id: Some(221), source_item_slot: Some(27), target_item_id: Some(91), target_item_slot: Some(13) }
[script liveo8xhzy_0] interact UseOn { name: "Eye of newt", kind: "inv", target_name: Some("Unfinished potion"), x: 0, z: 0, level: 0, index: None, source_item_id: Some(221), source_item_slot: Some(27), target_item_id: Some(91), target_item_slot: Some(13) }
[script liveo8xhzy_0] interact UseOn { name: "Eye of newt", kind: "inv", target_name: Some("Unfinished potion"), x: 0, z: 0, level: 0, index: None, source_item_id: Some(221), source_item_slot: Some(27), target_item_id: Some(91), target_item_slot: Some(13) }
[script liveo8xhzy_0] interact UseOn { name: "Eye of newt", kind: "inv", target_name: Some("Unfinished potion"), x: 0, z: 0, level: 0, index: None, source_item_id: Some(221), source_item_slot: Some(27), target_item_id: Some(91), target_item_slot: Some(13) }
[script liveo8xhzy_0] interact UseOn { name: "Eye of newt", kind: "inv", target_name: Some("Unfinished potion"), x: 0, z: 0, level: 0, index: None, source_item_id: Some(221), source_item_slot: Some(27), target_item_id: Some(91), target_item_slot: Some(13) }
[script liveo8xhzy_0] interact UseOn { name: "Eye of newt", kind: "inv", target_name: Some("Unfinished potion"), x: 0, z: 0, level: 0, index: None, source_item_id: Some(221), source_item_slot: Some(27), target_item_id: Some(91), target_item_slot: Some(13) }
[script liveo8xhzy_0] interact UseOn { name: "Eye of newt", kind: "inv", target_name: Some("Unfinished potion"), x: 0, z: 0, level: 0, index: None, source_item_id: Some(221), source_item_slot: Some(27), target_item_id: Some(91), target_item_slot: Some(13) }
[script liveo8xhzy_0] interact UseOn { name: "Eye of newt", kind: "inv", target_name: Some("Unfinished potion"), x: 0, z: 0, level: 0, index: None, source_item_id: Some(221), source_item_slot: Some(27), target_item_id: Some(91), target_item_slot: Some(13) }
[script liveo8xhzy_0] interact UseOn { name: "Eye of newt", kind: "inv", target_name: Some("Unfinished potion"), x: 0, z: 0, level: 0, index: None, source_item_id: Some(221), source_item_slot: Some(27), target_item_id: Some(91), target_item_slot: Some(13) }
[script liveo8xhzy_0] interact UseOn { name: "Eye of newt", kind: "inv", target_name: Some("Unfinished potion"), x: 0, z: 0, level: 0, index: None, source_item_id: Some(221), source_item_slot: Some(27), target_item_id: Some(91), target_item_slot: Some(13) }
[script liveo8xhzy_0] interact UseOn { name: "Eye of newt", kind: "inv", target_name: Some("Unfinished potion"), x: 0, z: 0, level: 0, index: None, source_item_id: Some(221), source_item_slot: Some(27), target_item_id: Some(91), target_item_slot: Some(13) }
[script liveo8xhzy_0] interact UseOn { name: "Eye of newt", kind: "inv", target_name: Some("Unfinished potion"), x: 0, z: 0, level: 0, index: None, source_item_id: Some(221), source_item_slot: Some(27), target_item_id: Some(91), target_item_slot: Some(13) }
[script liveo8xhzy_0] interact UseOn { name: "Eye of newt", kind: "inv", target_name: Some("Unfinished potion"), x: 0, z: 0, level: 0, index: None, source_item_id: Some(221), source_item_slot: Some(27), target_item_id: Some(91), target_item_slot: Some(13) }
[script liveo8xhzy_0] interact UseOn { name: "Eye of newt", kind: "inv", target_name: Some("Unfinished potion"), x: 0, z: 0, level: 0, index: None, source_item_id: Some(221), source_item_slot: Some(27), target_item_id: Some(91), target_item_slot: Some(13) }
[script liveo8xhzy_0] interact UseOn { name: "Eye of newt", kind: "inv", target_name: Some("Unfinished potion"), x: 0, z: 0, level: 0, index: None, source_item_id: Some(221), source_item_slot: Some(27), target_item_id: Some(91), target_item_slot: Some(13) }
[script liveo8xhzy_0] interact UseOn { name: "Eye of newt", kind: "inv", target_name: Some("Unfinished potion"), x: 0, z: 0, level: 0, index: None, source_item_id: Some(221), source_item_slot: Some(27), target_item_id: Some(91), target_item_slot: Some(13) }
[script liveo8xhzy_0] interact UseOn { name: "Eye of newt", kind: "inv", target_name: Some("Unfinished potion"), x: 0, z: 0, level: 0, index: None, source_item_id: Some(221), source_item_slot: Some(27), target_item_id: Some(91), target_item_slot: Some(13) }
[script liveo8xhzy_0] interact UseOn { name: "Eye of newt", kind: "inv", target_name: Some("Unfinished potion"), x: 0, z: 0, level: 0, index: None, source_item_id: Some(221), source_item_slot: Some(27), target_item_id: Some(91), target_item_slot: Some(13) }
[script liveo8xhzy_0] interact UseOn { name: "Eye of newt", kind: "inv", target_name: Some("Unfinished potion"), x: 0, z: 0, level: 0, index: None, source_item_id: Some(221), source_item_slot: Some(27), target_item_id: Some(91), target_item_slot: Some(13) }
[script liveo8xhzy_0] interact UseOn { name: "Eye of newt", kind: "inv", target_name: Some("Unfinished potion"), x: 0, z: 0, level: 0, index: None, source_item_id: Some(221), source_item_slot: Some(27), target_item_id: Some(91), target_item_slot: Some(13) }
[script liveo8xhzy_0] interact UseOn { name: "Eye of newt", kind: "inv", target_name: Some("Unfinished potion"), x: 0, z: 0, level: 0, index: None, source_item_id: Some(221), source_item_slot: Some(27), target_item_id: Some(91), target_item_slot: Some(13) }
[script liveo8xhzy_0] interact UseOn { name: "Eye of newt", kind: "inv", target_name: Some("Unfinished potion"), x: 0, z: 0, level: 0, index: None, source_item_id: Some(221), source_item_slot: Some(27), target_item_id: Some(91), target_item_slot: Some(13) }
[script liveo8xhzy_0] interact UseOn { name: "Eye of newt", kind: "inv", target_name: Some("Unfinished potion"), x: 0, z: 0, level: 0, index: None, source_item_id: Some(221), source_item_slot: Some(27), target_item_id: Some(91), target_item_slot: Some(13) }
[script liveo8xhzy_0] interact UseOn { name: "Eye of newt", kind: "inv", target_name: Some("Unfinished potion"), x: 0, z: 0, level: 0, index: None, source_item_id: Some(221), source_item_slot: Some(27), target_item_id: Some(91), target_item_slot: Some(13) }
[script liveo8xhzy_0] interact UseOn { name: "Eye of newt", kind: "inv", target_name: Some("Unfinished potion"), x: 0, z: 0, level: 0, index: None, source_item_id: Some(221), source_item_slot: Some(27), target_item_id: Some(91), target_item_slot: Some(13) }
[script liveo8xhzy_0] interact UseOn { name: "Eye of newt", kind: "inv", target_name: Some("Unfinished potion"), x: 0, z: 0, level: 0, index: None, source_item_id: Some(221), source_item_slot: Some(27), target_item_id: Some(91), target_item_slot: Some(13) }
[host] hitch liveo8xhzy_0: observe_us=21886 paints=0 skips=547 ticks=51
[script liveo8xhzy_0] interact OpenBooth { x: 3186, z: 3440, level: 0, id: 2213, name: None, action: None }
[host] slot liveo8xhzy_0: d_loop_us=1142 d_raster_us=0 d_observe_us=139081 max_observe_us=21886 d_paints=0 d_skips=50 d_ticks=2 window_ms=1257
[host] slot liveo8xhzy_0: d_loop_us=1150 d_raster_us=0 d_observe_us=75510 max_observe_us=13966 d_paints=0 d_skips=50 d_ticks=2 window_ms=1302
[host] slot liveo8xhzy_0: d_loop_us=1097 d_raster_us=0 d_observe_us=72487 max_observe_us=11920 d_paints=0 d_skips=50 d_ticks=2 window_ms=1338
[host] hitch liveo8xhzy_0: observe_us=20814 paints=0 skips=681 ticks=57
[host] slot liveo8xhzy_0: d_loop_us=1202 d_raster_us=0 d_observe_us=81954 max_observe_us=20814 d_paints=0 d_skips=50 d_ticks=2 window_ms=1363
[host] hitch liveo8xhzy_0: observe_us=16699 paints=0 skips=726 ticks=59
[host] hitch liveo8xhzy_0: observe_us=16293 paints=0 skips=748 ticks=60
[host] slot liveo8xhzy_0: d_loop_us=1245 d_raster_us=0 d_observe_us=96818 max_observe_us=16699 d_paints=0 d_skips=50 d_ticks=3 window_ms=1328
[host] hitch liveo8xhzy_0: observe_us=17686 paints=0 skips=793 ticks=62
[host] slot liveo8xhzy_0: d_loop_us=1214 d_raster_us=0 d_observe_us=95017 max_observe_us=17686 d_paints=0 d_skips=50 d_ticks=2 window_ms=1362
[host] hitch liveo8xhzy_0: observe_us=19643 paints=0 skips=838 ticks=64
[script liveo8xhzy_0] interact Close
[shim-close] sent
[host] slot liveo8xhzy_0: d_loop_us=1212 d_raster_us=0 d_observe_us=80329 max_observe_us=19643 d_paints=0 d_skips=50 d_ticks=2 window_ms=1322
[host] hitch liveo8xhzy_0: observe_us=16621 paints=0 skips=861 ticks=65
[script liveo8xhzy_0] withdrew 14 vials of water + 14 Guam leaf
[script liveo8xhzy_0] interact UseOn { name: "Guam leaf", kind: "inv", target_name: Some("Vial of water"), x: 0, z: 0, level: 0, index: None, source_item_id: Some(249), source_item_slot: Some(27), target_item_id: Some(227), target_item_slot: Some(13) }
[script liveo8xhzy_0] interact UseOn { name: "Guam leaf", kind: "inv", target_name: Some("Vial of water"), x: 0, z: 0, level: 0, index: None, source_item_id: Some(249), source_item_slot: Some(27), target_item_id: Some(227), target_item_slot: Some(13) }
[script liveo8xhzy_0] interact UseOn { name: "Guam leaf", kind: "inv", target_name: Some("Vial of water"), x: 0, z: 0, level: 0, index: None, source_item_id: Some(249), source_item_slot: Some(27), target_item_id: Some(227), target_item_slot: Some(13) }
[script liveo8xhzy_0] interact UseOn { name: "Guam leaf", kind: "inv", target_name: Some("Vial of water"), x: 0, z: 0, level: 0, index: None, source_item_id: Some(249), source_item_slot: Some(27), target_item_id: Some(227), target_item_slot: Some(13) }
[script liveo8xhzy_0] interact UseOn { name: "Guam leaf", kind: "inv", target_name: Some("Vial of water"), x: 0, z: 0, level: 0, index: None, source_item_id: Some(249), source_item_slot: Some(27), target_item_id: Some(227), target_item_slot: Some(13) }
[script liveo8xhzy_0] interact UseOn { name: "Guam leaf", kind: "inv", target_name: Some("Vial of water"), x: 0, z: 0, level: 0, index: None, source_item_id: Some(249), source_item_slot: Some(27), target_item_id: Some(227), target_item_slot: Some(13) }
[script liveo8xhzy_0] interact UseOn { name: "Guam leaf", kind: "inv", target_name: Some("Vial of water"), x: 0, z: 0, level: 0, index: None, source_item_id: Some(249), source_item_slot: Some(27), target_item_id: Some(227), target_item_slot: Some(13) }
[script liveo8xhzy_0] interact UseOn { name: "Guam leaf", kind: "inv", target_name: Some("Vial of water"), x: 0, z: 0, level: 0, index: None, source_item_id: Some(249), source_item_slot: Some(27), target_item_id: Some(227), target_item_slot: Some(13) }
[script liveo8xhzy_0] interact UseOn { name: "Guam leaf", kind: "inv", target_name: Some("Vial of water"), x: 0, z: 0, level: 0, index: None, source_item_id: Some(249), source_item_slot: Some(27), target_item_id: Some(227), target_item_slot: Some(13) }
[script liveo8xhzy_0] interact UseOn { name: "Guam leaf", kind: "inv", target_name: Some("Vial of water"), x: 0, z: 0, level: 0, index: None, source_item_id: Some(249), source_item_slot: Some(27), target_item_id: Some(227), target_item_slot: Some(13) }
[script liveo8xhzy_0] interact UseOn { name: "Guam leaf", kind: "inv", target_name: Some("Vial of water"), x: 0, z: 0, level: 0, index: None, source_item_id: Some(249), source_item_slot: Some(27), target_item_id: Some(227), target_item_slot: Some(13) }
[script liveo8xhzy_0] interact UseOn { name: "Guam leaf", kind: "inv", target_name: Some("Vial of water"), x: 0, z: 0, level: 0, index: None, source_item_id: Some(249), source_item_slot: Some(27), target_item_id: Some(227), target_item_slot: Some(13) }
[script liveo8xhzy_0] interact UseOn { name: "Guam leaf", kind: "inv", target_name: Some("Vial of water"), x: 0, z: 0, level: 0, index: None, source_item_id: Some(249), source_item_slot: Some(27), target_item_id: Some(227), target_item_slot: Some(13) }
[script liveo8xhzy_0] interact UseOn { name: "Guam leaf", kind: "inv", target_name: Some("Vial of water"), x: 0, z: 0, level: 0, index: None, source_item_id: Some(249), source_item_slot: Some(27), target_item_id: Some(227), target_item_slot: Some(13) }
[script liveo8xhzy_0] interact UseOn { name: "Guam leaf", kind: "inv", target_name: Some("Vial of water"), x: 0, z: 0, level: 0, index: None, source_item_id: Some(249), source_item_slot: Some(27), target_item_id: Some(227), target_item_slot: Some(13) }
[script liveo8xhzy_0] interact UseOn { name: "Guam leaf", kind: "inv", target_name: Some("Vial of water"), x: 0, z: 0, level: 0, index: None, source_item_id: Some(249), source_item_slot: Some(27), target_item_id: Some(227), target_item_slot: Some(13) }
[script liveo8xhzy_0] interact UseOn { name: "Guam leaf", kind: "inv", target_name: Some("Vial of water"), x: 0, z: 0, level: 0, index: None, source_item_id: Some(249), source_item_slot: Some(27), target_item_id: Some(227), target_item_slot: Some(13) }
[script liveo8xhzy_0] interact UseOn { name: "Guam leaf", kind: "inv", target_name: Some("Vial of water"), x: 0, z: 0, level: 0, index: None, source_item_id: Some(249), source_item_slot: Some(27), target_item_id: Some(227), target_item_slot: Some(13) }
[script liveo8xhzy_0] interact UseOn { name: "Guam leaf", kind: "inv", target_name: Some("Vial of water"), x: 0, z: 0, level: 0, index: None, source_item_id: Some(249), source_item_slot: Some(27), target_item_id: Some(227), target_item_slot: Some(13) }
[script liveo8xhzy_0] interact UseOn { name: "Guam leaf", kind: "inv", target_name: Some("Vial of water"), x: 0, z: 0, level: 0, index: None, source_item_id: Some(249), source_item_slot: Some(27), target_item_id: Some(227), target_item_slot: Some(13) }
[script liveo8xhzy_0] interact UseOn { name: "Guam leaf", kind: "inv", target_name: Some("Vial of water"), x: 0, z: 0, level: 0, index: None, source_item_id: Some(249), source_item_slot: Some(27), target_item_id: Some(227), target_item_slot: Some(13) }
[script liveo8xhzy_0] interact UseOn { name: "Guam leaf", kind: "inv", target_name: Some("Vial of water"), x: 0, z: 0, level: 0, index: None, source_item_id: Some(249), source_item_slot: Some(27), target_item_id: Some(227), target_item_slot: Some(13) }
[script liveo8xhzy_0] interact UseOn { name: "Guam leaf", kind: "inv", target_name: Some("Vial of water"), x: 0, z: 0, level: 0, index: None, source_item_id: Some(249), source_item_slot: Some(27), target_item_id: Some(227), target_item_slot: Some(13) }
[script liveo8xhzy_0] interact UseOn { name: "Guam leaf", kind: "inv", target_name: Some("Vial of water"), x: 0, z: 0, level: 0, index: None, source_item_id: Some(249), source_item_slot: Some(27), target_item_id: Some(227), target_item_slot: Some(13) }
[script liveo8xhzy_0] interact UseOn { name: "Guam leaf", kind: "inv", target_name: Some("Vial of water"), x: 0, z: 0, level: 0, index: None, source_item_id: Some(249), source_item_slot: Some(27), target_item_id: Some(227), target_item_slot: Some(13) }
[script liveo8xhzy_0] interact UseOn { name: "Guam leaf", kind: "inv", target_name: Some("Vial of water"), x: 0, z: 0, level: 0, index: None, source_item_id: Some(249), source_item_slot: Some(27), target_item_id: Some(227), target_item_slot: Some(13) }
[script liveo8xhzy_0] interact UseOn { name: "Guam leaf", kind: "inv", target_name: Some("Vial of water"), x: 0, z: 0, level: 0, index: None, source_item_id: Some(249), source_item_slot: Some(27), target_item_id: Some(227), target_item_slot: Some(13) }
[script liveo8xhzy_0] interact UseOn { name: "Guam leaf", kind: "inv", target_name: Some("Vial of water"), x: 0, z: 0, level: 0, index: None, source_item_id: Some(249), source_item_slot: Some(27), target_item_id: Some(227), target_item_slot: Some(13) }
[script liveo8xhzy_0] interact UseOn { name: "Guam leaf", kind: "inv", target_name: Some("Vial of water"), x: 0, z: 0, level: 0, index: None, source_item_id: Some(249), source_item_slot: Some(27), target_item_id: Some(227), target_item_slot: Some(13) }
[script liveo8xhzy_0] interact UseOn { name: "Guam leaf", kind: "inv", target_name: Some("Vial of water"), x: 0, z: 0, level: 0, index: None, source_item_id: Some(249), source_item_slot: Some(27), target_item_id: Some(227), target_item_slot: Some(13) }
[script liveo8xhzy_0] interact UseOn { name: "Guam leaf", kind: "inv", target_name: Some("Vial of water"), x: 0, z: 0, level: 0, index: None, source_item_id: Some(249), source_item_slot: Some(27), target_item_id: Some(227), target_item_slot: Some(13) }
[script liveo8xhzy_0] interact UseOn { name: "Guam leaf", kind: "inv", target_name: Some("Vial of water"), x: 0, z: 0, level: 0, index: None, source_item_id: Some(249), source_item_slot: Some(27), target_item_id: Some(227), target_item_slot: Some(13) }
[script liveo8xhzy_0] interact UseOn { name: "Guam leaf", kind: "inv", target_name: Some("Vial of water"), x: 0, z: 0, level: 0, index: None, source_item_id: Some(249), source_item_slot: Some(27), target_item_id: Some(227), target_item_slot: Some(13) }
[script liveo8xhzy_0] interact UseOn { name: "Guam leaf", kind: "inv", target_name: Some("Vial of water"), x: 0, z: 0, level: 0, index: None, source_item_id: Some(249), source_item_slot: Some(27), target_item_id: Some(227), target_item_slot: Some(13) }
[script liveo8xhzy_0] interact UseOn { name: "Guam leaf", kind: "inv", target_name: Some("Vial of water"), x: 0, z: 0, level: 0, index: None, source_item_id: Some(249), source_item_slot: Some(27), target_item_id: Some(227), target_item_slot: Some(13) }
[script liveo8xhzy_0] interact UseOn { name: "Guam leaf", kind: "inv", target_name: Some("Vial of water"), x: 0, z: 0, level: 0, index: None, source_item_id: Some(249), source_item_slot: Some(27), target_item_id: Some(227), target_item_slot: Some(13) }
[script liveo8xhzy_0] interact UseOn { name: "Guam leaf", kind: "inv", target_name: Some("Vial of water"), x: 0, z: 0, level: 0, index: None, source_item_id: Some(249), source_item_slot: Some(27), target_item_id: Some(227), target_item_slot: Some(13) }
[script liveo8xhzy_0] interact UseOn { name: "Guam leaf", kind: "inv", target_name: Some("Vial of water"), x: 0, z: 0, level: 0, index: None, source_item_id: Some(249), source_item_slot: Some(27), target_item_id: Some(227), target_item_slot: Some(13) }
[script liveo8xhzy_0] interact UseOn { name: "Guam leaf", kind: "inv", target_name: Some("Vial of water"), x: 0, z: 0, level: 0, index: None, source_item_id: Some(249), source_item_slot: Some(27), target_item_id: Some(227), target_item_slot: Some(13) }
[script liveo8xhzy_0] interact UseOn { name: "Guam leaf", kind: "inv", target_name: Some("Vial of water"), x: 0, z: 0, level: 0, index: None, source_item_id: Some(249), source_item_slot: Some(27), target_item_id: Some(227), target_item_slot: Some(13) }
[script liveo8xhzy_0] interact UseOn { name: "Guam leaf", kind: "inv", target_name: Some("Vial of water"), x: 0, z: 0, level: 0, index: None, source_item_id: Some(249), source_item_slot: Some(27), target_item_id: Some(227), target_item_slot: Some(13) }
[script liveo8xhzy_0] interact UseOn { name: "Guam leaf", kind: "inv", target_name: Some("Vial of water"), x: 0, z: 0, level: 0, index: None, source_item_id: Some(249), source_item_slot: Some(27), target_item_id: Some(227), target_item_slot: Some(13) }
[script liveo8xhzy_0] interact UseOn { name: "Guam leaf", kind: "inv", target_name: Some("Vial of water"), x: 0, z: 0, level: 0, index: None, source_item_id: Some(249), source_item_slot: Some(27), target_item_id: Some(227), target_item_slot: Some(13) }
[script liveo8xhzy_0] interact UseOn { name: "Guam leaf", kind: "inv", target_name: Some("Vial of water"), x: 0, z: 0, level: 0, index: None, source_item_id: Some(249), source_item_slot: Some(27), target_item_id: Some(227), target_item_slot: Some(13) }
[script liveo8xhzy_0] interact UseOn { name: "Guam leaf", kind: "inv", target_name: Some("Vial of water"), x: 0, z: 0, level: 0, index: None, source_item_id: Some(249), source_item_slot: Some(27), target_item_id: Some(227), target_item_slot: Some(13) }
[script liveo8xhzy_0] interact UseOn { name: "Guam leaf", kind: "inv", target_name: Some("Vial of water"), x: 0, z: 0, level: 0, index: None, source_item_id: Some(249), source_item_slot: Some(27), target_item_id: Some(227), target_item_slot: Some(13) }
[script liveo8xhzy_0] interact UseOn { name: "Guam leaf", kind: "inv", target_name: Some("Vial of water"), x: 0, z: 0, level: 0, index: None, source_item_id: Some(249), source_item_slot: Some(27), target_item_id: Some(227), target_item_slot: Some(13) }
[script liveo8xhzy_0] interact UseOn { name: "Guam leaf", kind: "inv", target_name: Some("Vial of water"), x: 0, z: 0, level: 0, index: None, source_item_id: Some(249), source_item_slot: Some(27), target_item_id: Some(227), target_item_slot: Some(13) }
[script liveo8xhzy_0] interact UseOn { name: "Guam leaf", kind: "inv", target_name: Some("Vial of water"), x: 0, z: 0, level: 0, index: None, source_item_id: Some(249), source_item_slot: Some(27), target_item_id: Some(227), target_item_slot: Some(13) }
[script liveo8xhzy_0] interact UseOn { name: "Guam leaf", kind: "inv", target_name: Some("Vial of water"), x: 0, z: 0, level: 0, index: None, source_item_id: Some(249), source_item_slot: Some(27), target_item_id: Some(227), target_item_slot: Some(13) }
[script liveo8xhzy_0] interact UseOn { name: "Guam leaf", kind: "inv", target_name: Some("Vial of water"), x: 0, z: 0, level: 0, index: None, source_item_id: Some(249), source_item_slot: Some(27), target_item_id: Some(227), target_item_slot: Some(13) }
[script liveo8xhzy_0] interact UseOn { name: "Guam leaf", kind: "inv", target_name: Some("Vial of water"), x: 0, z: 0, level: 0, index: None, source_item_id: Some(249), source_item_slot: Some(27), target_item_id: Some(227), target_item_slot: Some(13) }
[script liveo8xhzy_0] interact UseOn { name: "Guam leaf", kind: "inv", target_name: Some("Vial of water"), x: 0, z: 0, level: 0, index: None, source_item_id: Some(249), source_item_slot: Some(27), target_item_id: Some(227), target_item_slot: Some(13) }
[script liveo8xhzy_0] interact UseOn { name: "Guam leaf", kind: "inv", target_name: Some("Vial of water"), x: 0, z: 0, level: 0, index: None, source_item_id: Some(249), source_item_slot: Some(27), target_item_id: Some(227), target_item_slot: Some(13) }
[script liveo8xhzy_0] interact UseOn { name: "Guam leaf", kind: "inv", target_name: Some("Vial of water"), x: 0, z: 0, level: 0, index: None, source_item_id: Some(249), source_item_slot: Some(27), target_item_id: Some(227), target_item_slot: Some(13) }
[script liveo8xhzy_0] interact UseOn { name: "Guam leaf", kind: "inv", target_name: Some("Vial of water"), x: 0, z: 0, level: 0, index: None, source_item_id: Some(249), source_item_slot: Some(27), target_item_id: Some(227), target_item_slot: Some(13) }
[host] slot liveo8xhzy_0: d_loop_us=1136 d_raster_us=0 d_observe_us=87710 max_observe_us=16621 d_paints=0 d_skips=50 d_ticks=2 window_ms=1296
[host] slot liveo8xhzy_0: d_loop_us=965 d_raster_us=0 d_observe_us=80433 max_observe_us=12018 d_paints=0 d_skips=50 d_ticks=2 window_ms=1309
[host] slot liveo8xhzy_0: d_loop_us=1096 d_raster_us=0 d_observe_us=77612 max_observe_us=9128 d_paints=0 d_skips=50 d_ticks=3 window_ms=1366
[script liveo8xhzy_0] interact OpenBooth { x: 3186, z: 3440, level: 0, id: 2213, name: None, action: None }
[host] slot liveo8xhzy_0: d_loop_us=1031 d_raster_us=0 d_observe_us=71320 max_observe_us=10624 d_paints=0 d_skips=50 d_ticks=2 window_ms=1335
test catalog_boundary_live has been running for over 60 seconds
[host] slot liveo8xhzy_0: d_loop_us=1065 d_raster_us=0 d_observe_us=92128 max_observe_us=8798 d_paints=0 d_skips=50 d_ticks=2 window_ms=1341
[script liveo8xhzy_0] interact Close
[shim-close] sent
[script liveo8xhzy_0] interact UseOn { name: "Eye of newt", kind: "inv", target_name: Some("Unfinished potion"), x: 0, z: 0, level: 0, index: None, source_item_id: Some(221), source_item_slot: Some(27), target_item_id: Some(91), target_item_slot: Some(13) }
[script liveo8xhzy_0] interact UseOn { name: "Eye of newt", kind: "inv", target_name: Some("Unfinished potion"), x: 0, z: 0, level: 0, index: None, source_item_id: Some(221), source_item_slot: Some(27), target_item_id: Some(91), target_item_slot: Some(13) }
[script liveo8xhzy_0] interact UseOn { name: "Eye of newt", kind: "inv", target_name: Some("Unfinished potion"), x: 0, z: 0, level: 0, index: None, source_item_id: Some(221), source_item_slot: Some(27), target_item_id: Some(91), target_item_slot: Some(13) }
[script liveo8xhzy_0] interact UseOn { name: "Eye of newt", kind: "inv", target_name: Some("Unfinished potion"), x: 0, z: 0, level: 0, index: None, source_item_id: Some(221), source_item_slot: Some(27), target_item_id: Some(91), target_item_slot: Some(13) }
[script liveo8xhzy_0] interact UseOn { name: "Eye of newt", kind: "inv", target_name: Some("Unfinished potion"), x: 0, z: 0, level: 0, index: None, source_item_id: Some(221), source_item_slot: Some(27), target_item_id: Some(91), target_item_slot: Some(13) }
[script liveo8xhzy_0] interact UseOn { name: "Eye of newt", kind: "inv", target_name: Some("Unfinished potion"), x: 0, z: 0, level: 0, index: None, source_item_id: Some(221), source_item_slot: Some(27), target_item_id: Some(91), target_item_slot: Some(13) }
[script liveo8xhzy_0] interact UseOn { name: "Eye of newt", kind: "inv", target_name: Some("Unfinished potion"), x: 0, z: 0, level: 0, index: None, source_item_id: Some(221), source_item_slot: Some(27), target_item_id: Some(91), target_item_slot: Some(13) }
[script liveo8xhzy_0] interact UseOn { name: "Eye of newt", kind: "inv", target_name: Some("Unfinished potion"), x: 0, z: 0, level: 0, index: None, source_item_id: Some(221), source_item_slot: Some(27), target_item_id: Some(91), target_item_slot: Some(13) }
[script liveo8xhzy_0] interact UseOn { name: "Eye of newt", kind: "inv", target_name: Some("Unfinished potion"), x: 0, z: 0, level: 0, index: None, source_item_id: Some(221), source_item_slot: Some(27), target_item_id: Some(91), target_item_slot: Some(13) }
[script liveo8xhzy_0] interact UseOn { name: "Eye of newt", kind: "inv", target_name: Some("Unfinished potion"), x: 0, z: 0, level: 0, index: None, source_item_id: Some(221), source_item_slot: Some(27), target_item_id: Some(91), target_item_slot: Some(13) }
[script liveo8xhzy_0] interact UseOn { name: "Eye of newt", kind: "inv", target_name: Some("Unfinished potion"), x: 0, z: 0, level: 0, index: None, source_item_id: Some(221), source_item_slot: Some(27), target_item_id: Some(91), target_item_slot: Some(13) }
[script liveo8xhzy_0] interact UseOn { name: "Eye of newt", kind: "inv", target_name: Some("Unfinished potion"), x: 0, z: 0, level: 0, index: None, source_item_id: Some(221), source_item_slot: Some(27), target_item_id: Some(91), target_item_slot: Some(13) }
[script liveo8xhzy_0] interact UseOn { name: "Eye of newt", kind: "inv", target_name: Some("Unfinished potion"), x: 0, z: 0, level: 0, index: None, source_item_id: Some(221), source_item_slot: Some(27), target_item_id: Some(91), target_item_slot: Some(13) }
[script liveo8xhzy_0] interact UseOn { name: "Eye of newt", kind: "inv", target_name: Some("Unfinished potion"), x: 0, z: 0, level: 0, index: None, source_item_id: Some(221), source_item_slot: Some(27), target_item_id: Some(91), target_item_slot: Some(13) }
[script liveo8xhzy_0] interact UseOn { name: "Eye of newt", kind: "inv", target_name: Some("Unfinished potion"), x: 0, z: 0, level: 0, index: None, source_item_id: Some(221), source_item_slot: Some(27), target_item_id: Some(91), target_item_slot: Some(13) }
[script liveo8xhzy_0] interact UseOn { name: "Eye of newt", kind: "inv", target_name: Some("Unfinished potion"), x: 0, z: 0, level: 0, index: None, source_item_id: Some(221), source_item_slot: Some(27), target_item_id: Some(91), target_item_slot: Some(13) }
[script liveo8xhzy_0] interact UseOn { name: "Eye of newt", kind: "inv", target_name: Some("Unfinished potion"), x: 0, z: 0, level: 0, index: None, source_item_id: Some(221), source_item_slot: Some(27), target_item_id: Some(91), target_item_slot: Some(13) }
[script liveo8xhzy_0] interact UseOn { name: "Eye of newt", kind: "inv", target_name: Some("Unfinished potion"), x: 0, z: 0, level: 0, index: None, source_item_id: Some(221), source_item_slot: Some(27), target_item_id: Some(91), target_item_slot: Some(13) }
[script liveo8xhzy_0] interact UseOn { name: "Eye of newt", kind: "inv", target_name: Some("Unfinished potion"), x: 0, z: 0, level: 0, index: None, source_item_id: Some(221), source_item_slot: Some(27), target_item_id: Some(91), target_item_slot: Some(13) }
[script liveo8xhzy_0] interact UseOn { name: "Eye of newt", kind: "inv", target_name: Some("Unfinished potion"), x: 0, z: 0, level: 0, index: None, source_item_id: Some(221), source_item_slot: Some(27), target_item_id: Some(91), target_item_slot: Some(13) }
[script liveo8xhzy_0] interact UseOn { name: "Eye of newt", kind: "inv", target_name: Some("Unfinished potion"), x: 0, z: 0, level: 0, index: None, source_item_id: Some(221), source_item_slot: Some(27), target_item_id: Some(91), target_item_slot: Some(13) }
[script liveo8xhzy_0] interact UseOn { name: "Eye of newt", kind: "inv", target_name: Some("Unfinished potion"), x: 0, z: 0, level: 0, index: None, source_item_id: Some(221), source_item_slot: Some(27), target_item_id: Some(91), target_item_slot: Some(13) }
[script liveo8xhzy_0] interact UseOn { name: "Eye of newt", kind: "inv", target_name: Some("Unfinished potion"), x: 0, z: 0, level: 0, index: None, source_item_id: Some(221), source_item_slot: Some(27), target_item_id: Some(91), target_item_slot: Some(13) }
[script liveo8xhzy_0] interact UseOn { name: "Eye of newt", kind: "inv", target_name: Some("Unfinished potion"), x: 0, z: 0, level: 0, index: None, source_item_id: Some(221), source_item_slot: Some(27), target_item_id: Some(91), target_item_slot: Some(13) }
[script liveo8xhzy_0] interact UseOn { name: "Eye of newt", kind: "inv", target_name: Some("Unfinished potion"), x: 0, z: 0, level: 0, index: None, source_item_id: Some(221), source_item_slot: Some(27), target_item_id: Some(91), target_item_slot: Some(13) }
[script liveo8xhzy_0] interact UseOn { name: "Eye of newt", kind: "inv", target_name: Some("Unfinished potion"), x: 0, z: 0, level: 0, index: None, source_item_id: Some(221), source_item_slot: Some(27), target_item_id: Some(91), target_item_slot: Some(13) }
[script liveo8xhzy_0] interact UseOn { name: "Eye of newt", kind: "inv", target_name: Some("Unfinished potion"), x: 0, z: 0, level: 0, index: None, source_item_id: Some(221), source_item_slot: Some(27), target_item_id: Some(91), target_item_slot: Some(13) }
[script liveo8xhzy_0] interact UseOn { name: "Eye of newt", kind: "inv", target_name: Some("Unfinished potion"), x: 0, z: 0, level: 0, index: None, source_item_id: Some(221), source_item_slot: Some(27), target_item_id: Some(91), target_item_slot: Some(13) }
[script liveo8xhzy_0] interact UseOn { name: "Eye of newt", kind: "inv", target_name: Some("Unfinished potion"), x: 0, z: 0, level: 0, index: None, source_item_id: Some(221), source_item_slot: Some(27), target_item_id: Some(91), target_item_slot: Some(13) }
[script liveo8xhzy_0] interact UseOn { name: "Eye of newt", kind: "inv", target_name: Some("Unfinished potion"), x: 0, z: 0, level: 0, index: None, source_item_id: Some(221), source_item_slot: Some(27), target_item_id: Some(91), target_item_slot: Some(13) }
[script liveo8xhzy_0] interact UseOn { name: "Eye of newt", kind: "inv", target_name: Some("Unfinished potion"), x: 0, z: 0, level: 0, index: None, source_item_id: Some(221), source_item_slot: Some(27), target_item_id: Some(91), target_item_slot: Some(13) }
[script liveo8xhzy_0] interact UseOn { name: "Eye of newt", kind: "inv", target_name: Some("Unfinished potion"), x: 0, z: 0, level: 0, index: None, source_item_id: Some(221), source_item_slot: Some(27), target_item_id: Some(91), target_item_slot: Some(13) }
[script liveo8xhzy_0] interact UseOn { name: "Eye of newt", kind: "inv", target_name: Some("Unfinished potion"), x: 0, z: 0, level: 0, index: None, source_item_id: Some(221), source_item_slot: Some(27), target_item_id: Some(91), target_item_slot: Some(13) }
[script liveo8xhzy_0] interact UseOn { name: "Eye of newt", kind: "inv", target_name: Some("Unfinished potion"), x: 0, z: 0, level: 0, index: None, source_item_id: Some(221), source_item_slot: Some(27), target_item_id: Some(91), target_item_slot: Some(13) }
[script liveo8xhzy_0] interact UseOn { name: "Eye of newt", kind: "inv", target_name: Some("Unfinished potion"), x: 0, z: 0, level: 0, index: None, source_item_id: Some(221), source_item_slot: Some(27), target_item_id: Some(91), target_item_slot: Some(13) }
[script liveo8xhzy_0] interact UseOn { name: "Eye of newt", kind: "inv", target_name: Some("Unfinished potion"), x: 0, z: 0, level: 0, index: None, source_item_id: Some(221), source_item_slot: Some(27), target_item_id: Some(91), target_item_slot: Some(13) }
[script liveo8xhzy_0] interact UseOn { name: "Eye of newt", kind: "inv", target_name: Some("Unfinished potion"), x: 0, z: 0, level: 0, index: None, source_item_id: Some(221), source_item_slot: Some(27), target_item_id: Some(91), target_item_slot: Some(13) }
[script liveo8xhzy_0] interact UseOn { name: "Eye of newt", kind: "inv", target_name: Some("Unfinished potion"), x: 0, z: 0, level: 0, index: None, source_item_id: Some(221), source_item_slot: Some(27), target_item_id: Some(91), target_item_slot: Some(13) }
[script liveo8xhzy_0] interact UseOn { name: "Eye of newt", kind: "inv", target_name: Some("Unfinished potion"), x: 0, z: 0, level: 0, index: None, source_item_id: Some(221), source_item_slot: Some(27), target_item_id: Some(91), target_item_slot: Some(13) }
[script liveo8xhzy_0] interact UseOn { name: "Eye of newt", kind: "inv", target_name: Some("Unfinished potion"), x: 0, z: 0, level: 0, index: None, source_item_id: Some(221), source_item_slot: Some(27), target_item_id: Some(91), target_item_slot: Some(13) }
[script liveo8xhzy_0] interact UseOn { name: "Eye of newt", kind: "inv", target_name: Some("Unfinished potion"), x: 0, z: 0, level: 0, index: None, source_item_id: Some(221), source_item_slot: Some(27), target_item_id: Some(91), target_item_slot: Some(13) }
[script liveo8xhzy_0] interact UseOn { name: "Eye of newt", kind: "inv", target_name: Some("Unfinished potion"), x: 0, z: 0, level: 0, index: None, source_item_id: Some(221), source_item_slot: Some(27), target_item_id: Some(91), target_item_slot: Some(13) }
[script liveo8xhzy_0] interact UseOn { name: "Eye of newt", kind: "inv", target_name: Some("Unfinished potion"), x: 0, z: 0, level: 0, index: None, source_item_id: Some(221), source_item_slot: Some(27), target_item_id: Some(91), target_item_slot: Some(13) }
[script liveo8xhzy_0] interact UseOn { name: "Eye of newt", kind: "inv", target_name: Some("Unfinished potion"), x: 0, z: 0, level: 0, index: None, source_item_id: Some(221), source_item_slot: Some(27), target_item_id: Some(91), target_item_slot: Some(13) }
[script liveo8xhzy_0] interact UseOn { name: "Eye of newt", kind: "inv", target_name: Some("Unfinished potion"), x: 0, z: 0, level: 0, index: None, source_item_id: Some(221), source_item_slot: Some(27), target_item_id: Some(91), target_item_slot: Some(13) }
[script liveo8xhzy_0] interact UseOn { name: "Eye of newt", kind: "inv", target_name: Some("Unfinished potion"), x: 0, z: 0, level: 0, index: None, source_item_id: Some(221), source_item_slot: Some(27), target_item_id: Some(91), target_item_slot: Some(13) }
[script liveo8xhzy_0] interact UseOn { name: "Eye of newt", kind: "inv", target_name: Some("Unfinished potion"), x: 0, z: 0, level: 0, index: None, source_item_id: Some(221), source_item_slot: Some(27), target_item_id: Some(91), target_item_slot: Some(13) }
[script liveo8xhzy_0] interact UseOn { name: "Eye of newt", kind: "inv", target_name: Some("Unfinished potion"), x: 0, z: 0, level: 0, index: None, source_item_id: Some(221), source_item_slot: Some(27), target_item_id: Some(91), target_item_slot: Some(13) }
[script liveo8xhzy_0] interact UseOn { name: "Eye of newt", kind: "inv", target_name: Some("Unfinished potion"), x: 0, z: 0, level: 0, index: None, source_item_id: Some(221), source_item_slot: Some(27), target_item_id: Some(91), target_item_slot: Some(13) }
[script liveo8xhzy_0] interact UseOn { name: "Eye of newt", kind: "inv", target_name: Some("Unfinished potion"), x: 0, z: 0, level: 0, index: None, source_item_id: Some(221), source_item_slot: Some(27), target_item_id: Some(91), target_item_slot: Some(13) }
[script liveo8xhzy_0] interact UseOn { name: "Eye of newt", kind: "inv", target_name: Some("Unfinished potion"), x: 0, z: 0, level: 0, index: None, source_item_id: Some(221), source_item_slot: Some(27), target_item_id: Some(91), target_item_slot: Some(13) }
[script liveo8xhzy_0] interact UseOn { name: "Eye of newt", kind: "inv", target_name: Some("Unfinished potion"), x: 0, z: 0, level: 0, index: None, source_item_id: Some(221), source_item_slot: Some(27), target_item_id: Some(91), target_item_slot: Some(13) }
[script liveo8xhzy_0] interact UseOn { name: "Eye of newt", kind: "inv", target_name: Some("Unfinished potion"), x: 0, z: 0, level: 0, index: None, source_item_id: Some(221), source_item_slot: Some(27), target_item_id: Some(91), target_item_slot: Some(13) }
[script liveo8xhzy_0] interact UseOn { name: "Eye of newt", kind: "inv", target_name: Some("Unfinished potion"), x: 0, z: 0, level: 0, index: None, source_item_id: Some(221), source_item_slot: Some(27), target_item_id: Some(91), target_item_slot: Some(13) }
[script liveo8xhzy_0] interact UseOn { name: "Eye of newt", kind: "inv", target_name: Some("Unfinished potion"), x: 0, z: 0, level: 0, index: None, source_item_id: Some(221), source_item_slot: Some(27), target_item_id: Some(91), target_item_slot: Some(13) }
[script liveo8xhzy_0] interact UseOn { name: "Eye of newt", kind: "inv", target_name: Some("Unfinished potion"), x: 0, z: 0, level: 0, index: None, source_item_id: Some(221), source_item_slot: Some(27), target_item_id: Some(91), target_item_slot: Some(13) }
[host] slot liveo8xhzy_0: d_loop_us=4812 d_raster_us=0 d_observe_us=89027 max_observe_us=11467 d_paints=0 d_skips=50 d_ticks=2 window_ms=1287
[script liveo8xhzy_0] interact OpenBooth { x: 3186, z: 3440, level: 0, id: 2213, name: None, action: None }
[host] slot liveo8xhzy_0: d_loop_us=1104 d_raster_us=0 d_observe_us=72039 max_observe_us=11999 d_paints=0 d_skips=50 d_ticks=2 window_ms=1302
[host] hitch liveo8xhzy_0: observe_us=18094 paints=0 skips=1224 ticks=81
[host] slot liveo8xhzy_0: d_loop_us=1310 d_raster_us=0 d_observe_us=94518 max_observe_us=18094 d_paints=0 d_skips=50 d_ticks=3 window_ms=1352
[host] hitch liveo8xhzy_0: observe_us=21316 paints=0 skips=1290 ticks=84
[host] slot liveo8xhzy_0: d_loop_us=1396 d_raster_us=0 d_observe_us=98946 max_observe_us=21316 d_paints=0 d_skips=50 d_ticks=2 window_ms=1349
[host] hitch liveo8xhzy_0: observe_us=16541 paints=0 skips=1335 ticks=86
[host] slot liveo8xhzy_0: d_loop_us=1407 d_raster_us=0 d_observe_us=94647 max_observe_us=16541 d_paints=0 d_skips=50 d_ticks=2 window_ms=1317
[host] hitch liveo8xhzy_0: observe_us=16307 paints=0 skips=1379 ticks=88
[host] slot liveo8xhzy_0: d_loop_us=1199 d_raster_us=0 d_observe_us=87101 max_observe_us=16307 d_paints=0 d_skips=50 d_ticks=2 window_ms=1362
[script liveo8xhzy_0] interact Close
[shim-close] sent
[host] slot liveo8xhzy_0: d_loop_us=1046 d_raster_us=0 d_observe_us=88618 max_observe_us=15878 d_paints=0 d_skips=50 d_ticks=3 window_ms=1316
[host] hitch liveo8xhzy_0: observe_us=21083 paints=0 skips=1470 ticks=92
[script liveo8xhzy_0] withdrew 14 vials of water + 14 Guam leaf
[host] hitch liveo8xhzy_0: observe_us=19249 paints=0 skips=1492 ticks=93
[script liveo8xhzy_0] interact UseOn { name: "Guam leaf", kind: "inv", target_name: Some("Vial of water"), x: 0, z: 0, level: 0, index: None, source_item_id: Some(249), source_item_slot: Some(27), target_item_id: Some(227), target_item_slot: Some(13) }
[script liveo8xhzy_0] interact UseOn { name: "Guam leaf", kind: "inv", target_name: Some("Vial of water"), x: 0, z: 0, level: 0, index: None, source_item_id: Some(249), source_item_slot: Some(27), target_item_id: Some(227), target_item_slot: Some(13) }
[script liveo8xhzy_0] interact UseOn { name: "Guam leaf", kind: "inv", target_name: Some("Vial of water"), x: 0, z: 0, level: 0, index: None, source_item_id: Some(249), source_item_slot: Some(27), target_item_id: Some(227), target_item_slot: Some(13) }
[script liveo8xhzy_0] interact UseOn { name: "Guam leaf", kind: "inv", target_name: Some("Vial of water"), x: 0, z: 0, level: 0, index: None, source_item_id: Some(249), source_item_slot: Some(27), target_item_id: Some(227), target_item_slot: Some(13) }
[script liveo8xhzy_0] interact UseOn { name: "Guam leaf", kind: "inv", target_name: Some("Vial of water"), x: 0, z: 0, level: 0, index: None, source_item_id: Some(249), source_item_slot: Some(27), target_item_id: Some(227), target_item_slot: Some(13) }
[script liveo8xhzy_0] interact UseOn { name: "Guam leaf", kind: "inv", target_name: Some("Vial of water"), x: 0, z: 0, level: 0, index: None, source_item_id: Some(249), source_item_slot: Some(27), target_item_id: Some(227), target_item_slot: Some(13) }
[script liveo8xhzy_0] interact UseOn { name: "Guam leaf", kind: "inv", target_name: Some("Vial of water"), x: 0, z: 0, level: 0, index: None, source_item_id: Some(249), source_item_slot: Some(27), target_item_id: Some(227), target_item_slot: Some(13) }
[script liveo8xhzy_0] interact UseOn { name: "Guam leaf", kind: "inv", target_name: Some("Vial of water"), x: 0, z: 0, level: 0, index: None, source_item_id: Some(249), source_item_slot: Some(27), target_item_id: Some(227), target_item_slot: Some(13) }
[script liveo8xhzy_0] interact UseOn { name: "Guam leaf", kind: "inv", target_name: Some("Vial of water"), x: 0, z: 0, level: 0, index: None, source_item_id: Some(249), source_item_slot: Some(27), target_item_id: Some(227), target_item_slot: Some(13) }
[script liveo8xhzy_0] interact UseOn { name: "Guam leaf", kind: "inv", target_name: Some("Vial of water"), x: 0, z: 0, level: 0, index: None, source_item_id: Some(249), source_item_slot: Some(27), target_item_id: Some(227), target_item_slot: Some(13) }
[script liveo8xhzy_0] interact UseOn { name: "Guam leaf", kind: "inv", target_name: Some("Vial of water"), x: 0, z: 0, level: 0, index: None, source_item_id: Some(249), source_item_slot: Some(27), target_item_id: Some(227), target_item_slot: Some(13) }
[script liveo8xhzy_0] interact UseOn { name: "Guam leaf", kind: "inv", target_name: Some("Vial of water"), x: 0, z: 0, level: 0, index: None, source_item_id: Some(249), source_item_slot: Some(27), target_item_id: Some(227), target_item_slot: Some(13) }
[script liveo8xhzy_0] interact UseOn { name: "Guam leaf", kind: "inv", target_name: Some("Vial of water"), x: 0, z: 0, level: 0, index: None, source_item_id: Some(249), source_item_slot: Some(27), target_item_id: Some(227), target_item_slot: Some(13) }
[script liveo8xhzy_0] interact UseOn { name: "Guam leaf", kind: "inv", target_name: Some("Vial of water"), x: 0, z: 0, level: 0, index: None, source_item_id: Some(249), source_item_slot: Some(27), target_item_id: Some(227), target_item_slot: Some(13) }
[script liveo8xhzy_0] interact UseOn { name: "Guam leaf", kind: "inv", target_name: Some("Vial of water"), x: 0, z: 0, level: 0, index: None, source_item_id: Some(249), source_item_slot: Some(27), target_item_id: Some(227), target_item_slot: Some(13) }
[script liveo8xhzy_0] interact UseOn { name: "Guam leaf", kind: "inv", target_name: Some("Vial of water"), x: 0, z: 0, level: 0, index: None, source_item_id: Some(249), source_item_slot: Some(27), target_item_id: Some(227), target_item_slot: Some(13) }
[script liveo8xhzy_0] interact UseOn { name: "Guam leaf", kind: "inv", target_name: Some("Vial of water"), x: 0, z: 0, level: 0, index: None, source_item_id: Some(249), source_item_slot: Some(27), target_item_id: Some(227), target_item_slot: Some(13) }
[script liveo8xhzy_0] interact UseOn { name: "Guam leaf", kind: "inv", target_name: Some("Vial of water"), x: 0, z: 0, level: 0, index: None, source_item_id: Some(249), source_item_slot: Some(27), target_item_id: Some(227), target_item_slot: Some(13) }
[script liveo8xhzy_0] interact UseOn { name: "Guam leaf", kind: "inv", target_name: Some("Vial of water"), x: 0, z: 0, level: 0, index: None, source_item_id: Some(249), source_item_slot: Some(27), target_item_id: Some(227), target_item_slot: Some(13) }
[script liveo8xhzy_0] interact UseOn { name: "Guam leaf", kind: "inv", target_name: Some("Vial of water"), x: 0, z: 0, level: 0, index: None, source_item_id: Some(249), source_item_slot: Some(27), target_item_id: Some(227), target_item_slot: Some(13) }
[script liveo8xhzy_0] interact UseOn { name: "Guam leaf", kind: "inv", target_name: Some("Vial of water"), x: 0, z: 0, level: 0, index: None, source_item_id: Some(249), source_item_slot: Some(27), target_item_id: Some(227), target_item_slot: Some(13) }
[script liveo8xhzy_0] interact UseOn { name: "Guam leaf", kind: "inv", target_name: Some("Vial of water"), x: 0, z: 0, level: 0, index: None, source_item_id: Some(249), source_item_slot: Some(27), target_item_id: Some(227), target_item_slot: Some(13) }
[script liveo8xhzy_0] interact UseOn { name: "Guam leaf", kind: "inv", target_name: Some("Vial of water"), x: 0, z: 0, level: 0, index: None, source_item_id: Some(249), source_item_slot: Some(27), target_item_id: Some(227), target_item_slot: Some(13) }
[script liveo8xhzy_0] interact UseOn { name: "Guam leaf", kind: "inv", target_name: Some("Vial of water"), x: 0, z: 0, level: 0, index: None, source_item_id: Some(249), source_item_slot: Some(27), target_item_id: Some(227), target_item_slot: Some(13) }
[script liveo8xhzy_0] interact UseOn { name: "Guam leaf", kind: "inv", target_name: Some("Vial of water"), x: 0, z: 0, level: 0, index: None, source_item_id: Some(249), source_item_slot: Some(27), target_item_id: Some(227), target_item_slot: Some(13) }
[script liveo8xhzy_0] interact UseOn { name: "Guam leaf", kind: "inv", target_name: Some("Vial of water"), x: 0, z: 0, level: 0, index: None, source_item_id: Some(249), source_item_slot: Some(27), target_item_id: Some(227), target_item_slot: Some(13) }
[script liveo8xhzy_0] interact UseOn { name: "Guam leaf", kind: "inv", target_name: Some("Vial of water"), x: 0, z: 0, level: 0, index: None, source_item_id: Some(249), source_item_slot: Some(27), target_item_id: Some(227), target_item_slot: Some(13) }
[script liveo8xhzy_0] interact UseOn { name: "Guam leaf", kind: "inv", target_name: Some("Vial of water"), x: 0, z: 0, level: 0, index: None, source_item_id: Some(249), source_item_slot: Some(27), target_item_id: Some(227), target_item_slot: Some(13) }
[script liveo8xhzy_0] interact UseOn { name: "Guam leaf", kind: "inv", target_name: Some("Vial of water"), x: 0, z: 0, level: 0, index: None, source_item_id: Some(249), source_item_slot: Some(27), target_item_id: Some(227), target_item_slot: Some(13) }
[script liveo8xhzy_0] interact UseOn { name: "Guam leaf", kind: "inv", target_name: Some("Vial of water"), x: 0, z: 0, level: 0, index: None, source_item_id: Some(249), source_item_slot: Some(27), target_item_id: Some(227), target_item_slot: Some(13) }
[script liveo8xhzy_0] interact UseOn { name: "Guam leaf", kind: "inv", target_name: Some("Vial of water"), x: 0, z: 0, level: 0, index: None, source_item_id: Some(249), source_item_slot: Some(27), target_item_id: Some(227), target_item_slot: Some(13) }
[script liveo8xhzy_0] interact UseOn { name: "Guam leaf", kind: "inv", target_name: Some("Vial of water"), x: 0, z: 0, level: 0, index: None, source_item_id: Some(249), source_item_slot: Some(27), target_item_id: Some(227), target_item_slot: Some(13) }
[script liveo8xhzy_0] interact UseOn { name: "Guam leaf", kind: "inv", target_name: Some("Vial of water"), x: 0, z: 0, level: 0, index: None, source_item_id: Some(249), source_item_slot: Some(27), target_item_id: Some(227), target_item_slot: Some(13) }
[script liveo8xhzy_0] interact UseOn { name: "Guam leaf", kind: "inv", target_name: Some("Vial of water"), x: 0, z: 0, level: 0, index: None, source_item_id: Some(249), source_item_slot: Some(27), target_item_id: Some(227), target_item_slot: Some(13) }
[script liveo8xhzy_0] interact UseOn { name: "Guam leaf", kind: "inv", target_name: Some("Vial of water"), x: 0, z: 0, level: 0, index: None, source_item_id: Some(249), source_item_slot: Some(27), target_item_id: Some(227), target_item_slot: Some(13) }
[script liveo8xhzy_0] interact UseOn { name: "Guam leaf", kind: "inv", target_name: Some("Vial of water"), x: 0, z: 0, level: 0, index: None, source_item_id: Some(249), source_item_slot: Some(27), target_item_id: Some(227), target_item_slot: Some(13) }
[script liveo8xhzy_0] interact UseOn { name: "Guam leaf", kind: "inv", target_name: Some("Vial of water"), x: 0, z: 0, level: 0, index: None, source_item_id: Some(249), source_item_slot: Some(27), target_item_id: Some(227), target_item_slot: Some(13) }
[script liveo8xhzy_0] interact UseOn { name: "Guam leaf", kind: "inv", target_name: Some("Vial of water"), x: 0, z: 0, level: 0, index: None, source_item_id: Some(249), source_item_slot: Some(27), target_item_id: Some(227), target_item_slot: Some(13) }
[script liveo8xhzy_0] interact UseOn { name: "Guam leaf", kind: "inv", target_name: Some("Vial of water"), x: 0, z: 0, level: 0, index: None, source_item_id: Some(249), source_item_slot: Some(27), target_item_id: Some(227), target_item_slot: Some(13) }
[script liveo8xhzy_0] interact UseOn { name: "Guam leaf", kind: "inv", target_name: Some("Vial of water"), x: 0, z: 0, level: 0, index: None, source_item_id: Some(249), source_item_slot: Some(27), target_item_id: Some(227), target_item_slot: Some(13) }
[script liveo8xhzy_0] interact UseOn { name: "Guam leaf", kind: "inv", target_name: Some("Vial of water"), x: 0, z: 0, level: 0, index: None, source_item_id: Some(249), source_item_slot: Some(27), target_item_id: Some(227), target_item_slot: Some(13) }
[script liveo8xhzy_0] interact UseOn { name: "Guam leaf", kind: "inv", target_name: Some("Vial of water"), x: 0, z: 0, level: 0, index: None, source_item_id: Some(249), source_item_slot: Some(27), target_item_id: Some(227), target_item_slot: Some(13) }
[script liveo8xhzy_0] interact UseOn { name: "Guam leaf", kind: "inv", target_name: Some("Vial of water"), x: 0, z: 0, level: 0, index: None, source_item_id: Some(249), source_item_slot: Some(27), target_item_id: Some(227), target_item_slot: Some(13) }
[script liveo8xhzy_0] interact UseOn { name: "Guam leaf", kind: "inv", target_name: Some("Vial of water"), x: 0, z: 0, level: 0, index: None, source_item_id: Some(249), source_item_slot: Some(27), target_item_id: Some(227), target_item_slot: Some(13) }
[script liveo8xhzy_0] interact UseOn { name: "Guam leaf", kind: "inv", target_name: Some("Vial of water"), x: 0, z: 0, level: 0, index: None, source_item_id: Some(249), source_item_slot: Some(27), target_item_id: Some(227), target_item_slot: Some(13) }
[script liveo8xhzy_0] interact UseOn { name: "Guam leaf", kind: "inv", target_name: Some("Vial of water"), x: 0, z: 0, level: 0, index: None, source_item_id: Some(249), source_item_slot: Some(27), target_item_id: Some(227), target_item_slot: Some(13) }
[script liveo8xhzy_0] interact UseOn { name: "Guam leaf", kind: "inv", target_name: Some("Vial of water"), x: 0, z: 0, level: 0, index: None, source_item_id: Some(249), source_item_slot: Some(27), target_item_id: Some(227), target_item_slot: Some(13) }
[script liveo8xhzy_0] interact UseOn { name: "Guam leaf", kind: "inv", target_name: Some("Vial of water"), x: 0, z: 0, level: 0, index: None, source_item_id: Some(249), source_item_slot: Some(27), target_item_id: Some(227), target_item_slot: Some(13) }
[script liveo8xhzy_0] interact UseOn { name: "Guam leaf", kind: "inv", target_name: Some("Vial of water"), x: 0, z: 0, level: 0, index: None, source_item_id: Some(249), source_item_slot: Some(27), target_item_id: Some(227), target_item_slot: Some(13) }
[script liveo8xhzy_0] interact UseOn { name: "Guam leaf", kind: "inv", target_name: Some("Vial of water"), x: 0, z: 0, level: 0, index: None, source_item_id: Some(249), source_item_slot: Some(27), target_item_id: Some(227), target_item_slot: Some(13) }
[script liveo8xhzy_0] interact UseOn { name: "Guam leaf", kind: "inv", target_name: Some("Vial of water"), x: 0, z: 0, level: 0, index: None, source_item_id: Some(249), source_item_slot: Some(27), target_item_id: Some(227), target_item_slot: Some(13) }
[script liveo8xhzy_0] interact UseOn { name: "Guam leaf", kind: "inv", target_name: Some("Vial of water"), x: 0, z: 0, level: 0, index: None, source_item_id: Some(249), source_item_slot: Some(27), target_item_id: Some(227), target_item_slot: Some(13) }
[script liveo8xhzy_0] interact UseOn { name: "Guam leaf", kind: "inv", target_name: Some("Vial of water"), x: 0, z: 0, level: 0, index: None, source_item_id: Some(249), source_item_slot: Some(27), target_item_id: Some(227), target_item_slot: Some(13) }
[script liveo8xhzy_0] interact UseOn { name: "Guam leaf", kind: "inv", target_name: Some("Vial of water"), x: 0, z: 0, level: 0, index: None, source_item_id: Some(249), source_item_slot: Some(27), target_item_id: Some(227), target_item_slot: Some(13) }
[script liveo8xhzy_0] interact UseOn { name: "Guam leaf", kind: "inv", target_name: Some("Vial of water"), x: 0, z: 0, level: 0, index: None, source_item_id: Some(249), source_item_slot: Some(27), target_item_id: Some(227), target_item_slot: Some(13) }
[script liveo8xhzy_0] interact UseOn { name: "Guam leaf", kind: "inv", target_name: Some("Vial of water"), x: 0, z: 0, level: 0, index: None, source_item_id: Some(249), source_item_slot: Some(27), target_item_id: Some(227), target_item_slot: Some(13) }
[host] slot liveo8xhzy_0: d_loop_us=1082 d_raster_us=0 d_observe_us=102644 max_observe_us=21083 d_paints=0 d_skips=50 d_ticks=2 window_ms=1333
[host] hitch liveo8xhzy_0: observe_us=21324 paints=0 skips=1539 ticks=95
[host] slot liveo8xhzy_0: d_loop_us=1184 d_raster_us=0 d_observe_us=93487 max_observe_us=21324 d_paints=0 d_skips=50 d_ticks=2 window_ms=1308
[host] hitch liveo8xhzy_0: observe_us=19661 paints=0 skips=1561 ticks=96
[host] hitch liveo8xhzy_0: observe_us=16230 paints=0 skips=1584 ticks=97
[host] slot liveo8xhzy_0: d_loop_us=1278 d_raster_us=0 d_observe_us=109399 max_observe_us=19661 d_paints=0 d_skips=50 d_ticks=2 window_ms=1308
[script liveo8xhzy_0] interact OpenBooth { x: 3186, z: 3440, level: 0, id: 2213, name: None, action: None }
[host] hitch liveo8xhzy_0: observe_us=23463 paints=0 skips=1630 ticks=99
[host] slot liveo8xhzy_0: d_loop_us=1138 d_raster_us=0 d_observe_us=108006 max_observe_us=23463 d_paints=0 d_skips=50 d_ticks=2 window_ms=1316
[host] hitch liveo8xhzy_0: observe_us=18966 paints=0 skips=1653 ticks=100
[host] hitch liveo8xhzy_0: observe_us=17036 paints=0 skips=1699 ticks=102
[host] slot liveo8xhzy_0: d_loop_us=1153 d_raster_us=0 d_observe_us=115150 max_observe_us=18966 d_paints=0 d_skips=50 d_ticks=3 window_ms=1307
[script liveo8xhzy_0] interact Close
[shim-close] sent
[host] hitch liveo8xhzy_0: observe_us=20382 paints=0 skips=1722 ticks=103
[script liveo8xhzy_0] interact UseOn { name: "Eye of newt", kind: "inv", target_name: Some("Unfinished potion"), x: 0, z: 0, level: 0, index: None, source_item_id: Some(221), source_item_slot: Some(27), target_item_id: Some(91), target_item_slot: Some(13) }
[script liveo8xhzy_0] interact UseOn { name: "Eye of newt", kind: "inv", target_name: Some("Unfinished potion"), x: 0, z: 0, level: 0, index: None, source_item_id: Some(221), source_item_slot: Some(27), target_item_id: Some(91), target_item_slot: Some(13) }
[script liveo8xhzy_0] interact UseOn { name: "Eye of newt", kind: "inv", target_name: Some("Unfinished potion"), x: 0, z: 0, level: 0, index: None, source_item_id: Some(221), source_item_slot: Some(27), target_item_id: Some(91), target_item_slot: Some(13) }
[script liveo8xhzy_0] interact UseOn { name: "Eye of newt", kind: "inv", target_name: Some("Unfinished potion"), x: 0, z: 0, level: 0, index: None, source_item_id: Some(221), source_item_slot: Some(27), target_item_id: Some(91), target_item_slot: Some(13) }
[script liveo8xhzy_0] interact UseOn { name: "Eye of newt", kind: "inv", target_name: Some("Unfinished potion"), x: 0, z: 0, level: 0, index: None, source_item_id: Some(221), source_item_slot: Some(27), target_item_id: Some(91), target_item_slot: Some(13) }
[script liveo8xhzy_0] interact UseOn { name: "Eye of newt", kind: "inv", target_name: Some("Unfinished potion"), x: 0, z: 0, level: 0, index: None, source_item_id: Some(221), source_item_slot: Some(27), target_item_id: Some(91), target_item_slot: Some(13) }
[script liveo8xhzy_0] interact UseOn { name: "Eye of newt", kind: "inv", target_name: Some("Unfinished potion"), x: 0, z: 0, level: 0, index: None, source_item_id: Some(221), source_item_slot: Some(27), target_item_id: Some(91), target_item_slot: Some(13) }
[script liveo8xhzy_0] interact UseOn { name: "Eye of newt", kind: "inv", target_name: Some("Unfinished potion"), x: 0, z: 0, level: 0, index: None, source_item_id: Some(221), source_item_slot: Some(27), target_item_id: Some(91), target_item_slot: Some(13) }
[script liveo8xhzy_0] interact UseOn { name: "Eye of newt", kind: "inv", target_name: Some("Unfinished potion"), x: 0, z: 0, level: 0, index: None, source_item_id: Some(221), source_item_slot: Some(27), target_item_id: Some(91), target_item_slot: Some(13) }
[script liveo8xhzy_0] interact UseOn { name: "Eye of newt", kind: "inv", target_name: Some("Unfinished potion"), x: 0, z: 0, level: 0, index: None, source_item_id: Some(221), source_item_slot: Some(27), target_item_id: Some(91), target_item_slot: Some(13) }
[script liveo8xhzy_0] interact UseOn { name: "Eye of newt", kind: "inv", target_name: Some("Unfinished potion"), x: 0, z: 0, level: 0, index: None, source_item_id: Some(221), source_item_slot: Some(27), target_item_id: Some(91), target_item_slot: Some(13) }
[script liveo8xhzy_0] interact UseOn { name: "Eye of newt", kind: "inv", target_name: Some("Unfinished potion"), x: 0, z: 0, level: 0, index: None, source_item_id: Some(221), source_item_slot: Some(27), target_item_id: Some(91), target_item_slot: Some(13) }
[script liveo8xhzy_0] interact UseOn { name: "Eye of newt", kind: "inv", target_name: Some("Unfinished potion"), x: 0, z: 0, level: 0, index: None, source_item_id: Some(221), source_item_slot: Some(27), target_item_id: Some(91), target_item_slot: Some(13) }
[script liveo8xhzy_0] interact UseOn { name: "Eye of newt", kind: "inv", target_name: Some("Unfinished potion"), x: 0, z: 0, level: 0, index: None, source_item_id: Some(221), source_item_slot: Some(27), target_item_id: Some(91), target_item_slot: Some(13) }
[script liveo8xhzy_0] interact UseOn { name: "Eye of newt", kind: "inv", target_name: Some("Unfinished potion"), x: 0, z: 0, level: 0, index: None, source_item_id: Some(221), source_item_slot: Some(27), target_item_id: Some(91), target_item_slot: Some(13) }
[script liveo8xhzy_0] interact UseOn { name: "Eye of newt", kind: "inv", target_name: Some("Unfinished potion"), x: 0, z: 0, level: 0, index: None, source_item_id: Some(221), source_item_slot: Some(27), target_item_id: Some(91), target_item_slot: Some(13) }
[script liveo8xhzy_0] interact UseOn { name: "Eye of newt", kind: "inv", target_name: Some("Unfinished potion"), x: 0, z: 0, level: 0, index: None, source_item_id: Some(221), source_item_slot: Some(27), target_item_id: Some(91), target_item_slot: Some(13) }
[script liveo8xhzy_0] interact UseOn { name: "Eye of newt", kind: "inv", target_name: Some("Unfinished potion"), x: 0, z: 0, level: 0, index: None, source_item_id: Some(221), source_item_slot: Some(27), target_item_id: Some(91), target_item_slot: Some(13) }
[script liveo8xhzy_0] interact UseOn { name: "Eye of newt", kind: "inv", target_name: Some("Unfinished potion"), x: 0, z: 0, level: 0, index: None, source_item_id: Some(221), source_item_slot: Some(27), target_item_id: Some(91), target_item_slot: Some(13) }
[script liveo8xhzy_0] interact UseOn { name: "Eye of newt", kind: "inv", target_name: Some("Unfinished potion"), x: 0, z: 0, level: 0, index: None, source_item_id: Some(221), source_item_slot: Some(27), target_item_id: Some(91), target_item_slot: Some(13) }
[script liveo8xhzy_0] interact UseOn { name: "Eye of newt", kind: "inv", target_name: Some("Unfinished potion"), x: 0, z: 0, level: 0, index: None, source_item_id: Some(221), source_item_slot: Some(27), target_item_id: Some(91), target_item_slot: Some(13) }
[script liveo8xhzy_0] interact UseOn { name: "Eye of newt", kind: "inv", target_name: Some("Unfinished potion"), x: 0, z: 0, level: 0, index: None, source_item_id: Some(221), source_item_slot: Some(27), target_item_id: Some(91), target_item_slot: Some(13) }
[script liveo8xhzy_0] interact UseOn { name: "Eye of newt", kind: "inv", target_name: Some("Unfinished potion"), x: 0, z: 0, level: 0, index: None, source_item_id: Some(221), source_item_slot: Some(27), target_item_id: Some(91), target_item_slot: Some(13) }
[script liveo8xhzy_0] interact UseOn { name: "Eye of newt", kind: "inv", target_name: Some("Unfinished potion"), x: 0, z: 0, level: 0, index: None, source_item_id: Some(221), source_item_slot: Some(27), target_item_id: Some(91), target_item_slot: Some(13) }
[script liveo8xhzy_0] interact UseOn { name: "Eye of newt", kind: "inv", target_name: Some("Unfinished potion"), x: 0, z: 0, level: 0, index: None, source_item_id: Some(221), source_item_slot: Some(27), target_item_id: Some(91), target_item_slot: Some(13) }
[script liveo8xhzy_0] interact UseOn { name: "Eye of newt", kind: "inv", target_name: Some("Unfinished potion"), x: 0, z: 0, level: 0, index: None, source_item_id: Some(221), source_item_slot: Some(27), target_item_id: Some(91), target_item_slot: Some(13) }
[script liveo8xhzy_0] interact UseOn { name: "Eye of newt", kind: "inv", target_name: Some("Unfinished potion"), x: 0, z: 0, level: 0, index: None, source_item_id: Some(221), source_item_slot: Some(27), target_item_id: Some(91), target_item_slot: Some(13) }
[script liveo8xhzy_0] interact UseOn { name: "Eye of newt", kind: "inv", target_name: Some("Unfinished potion"), x: 0, z: 0, level: 0, index: None, source_item_id: Some(221), source_item_slot: Some(27), target_item_id: Some(91), target_item_slot: Some(13) }
[script liveo8xhzy_0] interact UseOn { name: "Eye of newt", kind: "inv", target_name: Some("Unfinished potion"), x: 0, z: 0, level: 0, index: None, source_item_id: Some(221), source_item_slot: Some(27), target_item_id: Some(91), target_item_slot: Some(13) }
[script liveo8xhzy_0] interact UseOn { name: "Eye of newt", kind: "inv", target_name: Some("Unfinished potion"), x: 0, z: 0, level: 0, index: None, source_item_id: Some(221), source_item_slot: Some(27), target_item_id: Some(91), target_item_slot: Some(13) }
[script liveo8xhzy_0] interact UseOn { name: "Eye of newt", kind: "inv", target_name: Some("Unfinished potion"), x: 0, z: 0, level: 0, index: None, source_item_id: Some(221), source_item_slot: Some(27), target_item_id: Some(91), target_item_slot: Some(13) }
[script liveo8xhzy_0] interact UseOn { name: "Eye of newt", kind: "inv", target_name: Some("Unfinished potion"), x: 0, z: 0, level: 0, index: None, source_item_id: Some(221), source_item_slot: Some(27), target_item_id: Some(91), target_item_slot: Some(13) }
[script liveo8xhzy_0] interact UseOn { name: "Eye of newt", kind: "inv", target_name: Some("Unfinished potion"), x: 0, z: 0, level: 0, index: None, source_item_id: Some(221), source_item_slot: Some(27), target_item_id: Some(91), target_item_slot: Some(13) }
[script liveo8xhzy_0] interact UseOn { name: "Eye of newt", kind: "inv", target_name: Some("Unfinished potion"), x: 0, z: 0, level: 0, index: None, source_item_id: Some(221), source_item_slot: Some(27), target_item_id: Some(91), target_item_slot: Some(13) }
[script liveo8xhzy_0] interact UseOn { name: "Eye of newt", kind: "inv", target_name: Some("Unfinished potion"), x: 0, z: 0, level: 0, index: None, source_item_id: Some(221), source_item_slot: Some(27), target_item_id: Some(91), target_item_slot: Some(13) }
[script liveo8xhzy_0] interact UseOn { name: "Eye of newt", kind: "inv", target_name: Some("Unfinished potion"), x: 0, z: 0, level: 0, index: None, source_item_id: Some(221), source_item_slot: Some(27), target_item_id: Some(91), target_item_slot: Some(13) }
[script liveo8xhzy_0] interact UseOn { name: "Eye of newt", kind: "inv", target_name: Some("Unfinished potion"), x: 0, z: 0, level: 0, index: None, source_item_id: Some(221), source_item_slot: Some(27), target_item_id: Some(91), target_item_slot: Some(13) }
[script liveo8xhzy_0] interact UseOn { name: "Eye of newt", kind: "inv", target_name: Some("Unfinished potion"), x: 0, z: 0, level: 0, index: None, source_item_id: Some(221), source_item_slot: Some(27), target_item_id: Some(91), target_item_slot: Some(13) }
[script liveo8xhzy_0] interact UseOn { name: "Eye of newt", kind: "inv", target_name: Some("Unfinished potion"), x: 0, z: 0, level: 0, index: None, source_item_id: Some(221), source_item_slot: Some(27), target_item_id: Some(91), target_item_slot: Some(13) }
[script liveo8xhzy_0] interact UseOn { name: "Eye of newt", kind: "inv", target_name: Some("Unfinished potion"), x: 0, z: 0, level: 0, index: None, source_item_id: Some(221), source_item_slot: Some(27), target_item_id: Some(91), target_item_slot: Some(13) }
[script liveo8xhzy_0] interact UseOn { name: "Eye of newt", kind: "inv", target_name: Some("Unfinished potion"), x: 0, z: 0, level: 0, index: None, source_item_id: Some(221), source_item_slot: Some(27), target_item_id: Some(91), target_item_slot: Some(13) }
[script liveo8xhzy_0] interact UseOn { name: "Eye of newt", kind: "inv", target_name: Some("Unfinished potion"), x: 0, z: 0, level: 0, index: None, source_item_id: Some(221), source_item_slot: Some(27), target_item_id: Some(91), target_item_slot: Some(13) }
[script liveo8xhzy_0] interact UseOn { name: "Eye of newt", kind: "inv", target_name: Some("Unfinished potion"), x: 0, z: 0, level: 0, index: None, source_item_id: Some(221), source_item_slot: Some(27), target_item_id: Some(91), target_item_slot: Some(13) }
[script liveo8xhzy_0] interact UseOn { name: "Eye of newt", kind: "inv", target_name: Some("Unfinished potion"), x: 0, z: 0, level: 0, index: None, source_item_id: Some(221), source_item_slot: Some(27), target_item_id: Some(91), target_item_slot: Some(13) }
[script liveo8xhzy_0] interact UseOn { name: "Eye of newt", kind: "inv", target_name: Some("Unfinished potion"), x: 0, z: 0, level: 0, index: None, source_item_id: Some(221), source_item_slot: Some(27), target_item_id: Some(91), target_item_slot: Some(13) }
[script liveo8xhzy_0] interact UseOn { name: "Eye of newt", kind: "inv", target_name: Some("Unfinished potion"), x: 0, z: 0, level: 0, index: None, source_item_id: Some(221), source_item_slot: Some(27), target_item_id: Some(91), target_item_slot: Some(13) }
[script liveo8xhzy_0] interact UseOn { name: "Eye of newt", kind: "inv", target_name: Some("Unfinished potion"), x: 0, z: 0, level: 0, index: None, source_item_id: Some(221), source_item_slot: Some(27), target_item_id: Some(91), target_item_slot: Some(13) }
[script liveo8xhzy_0] interact UseOn { name: "Eye of newt", kind: "inv", target_name: Some("Unfinished potion"), x: 0, z: 0, level: 0, index: None, source_item_id: Some(221), source_item_slot: Some(27), target_item_id: Some(91), target_item_slot: Some(13) }
[script liveo8xhzy_0] interact UseOn { name: "Eye of newt", kind: "inv", target_name: Some("Unfinished potion"), x: 0, z: 0, level: 0, index: None, source_item_id: Some(221), source_item_slot: Some(27), target_item_id: Some(91), target_item_slot: Some(13) }
[script liveo8xhzy_0] interact UseOn { name: "Eye of newt", kind: "inv", target_name: Some("Unfinished potion"), x: 0, z: 0, level: 0, index: None, source_item_id: Some(221), source_item_slot: Some(27), target_item_id: Some(91), target_item_slot: Some(13) }
[script liveo8xhzy_0] interact UseOn { name: "Eye of newt", kind: "inv", target_name: Some("Unfinished potion"), x: 0, z: 0, level: 0, index: None, source_item_id: Some(221), source_item_slot: Some(27), target_item_id: Some(91), target_item_slot: Some(13) }
[script liveo8xhzy_0] interact UseOn { name: "Eye of newt", kind: "inv", target_name: Some("Unfinished potion"), x: 0, z: 0, level: 0, index: None, source_item_id: Some(221), source_item_slot: Some(27), target_item_id: Some(91), target_item_slot: Some(13) }
[script liveo8xhzy_0] interact UseOn { name: "Eye of newt", kind: "inv", target_name: Some("Unfinished potion"), x: 0, z: 0, level: 0, index: None, source_item_id: Some(221), source_item_slot: Some(27), target_item_id: Some(91), target_item_slot: Some(13) }
[script liveo8xhzy_0] interact UseOn { name: "Eye of newt", kind: "inv", target_name: Some("Unfinished potion"), x: 0, z: 0, level: 0, index: None, source_item_id: Some(221), source_item_slot: Some(27), target_item_id: Some(91), target_item_slot: Some(13) }
[script liveo8xhzy_0] interact UseOn { name: "Eye of newt", kind: "inv", target_name: Some("Unfinished potion"), x: 0, z: 0, level: 0, index: None, source_item_id: Some(221), source_item_slot: Some(27), target_item_id: Some(91), target_item_slot: Some(13) }
[script liveo8xhzy_0] interact UseOn { name: "Eye of newt", kind: "inv", target_name: Some("Unfinished potion"), x: 0, z: 0, level: 0, index: None, source_item_id: Some(221), source_item_slot: Some(27), target_item_id: Some(91), target_item_slot: Some(13) }
[host] hitch liveo8xhzy_0: observe_us=17769 paints=0 skips=1745 ticks=104
PASS: catalog_boundary_live: {"scenario":"potion_maker","runner":"Some(Evidence { scenario: \"potion_maker\", outcome: \"PASS\", predicate: \"has_item_id(121)>=1\", ticks: 161, elapsed_ms: 74875, message: None, tile: Some([3185, 3440, 0]), inv: [InvRow { id: 121, name: Some(\"Attack potion(3)\"), count: 1 }, InvRow { id: 121, name: Some(\"Attack potion(3)\"), count: 1 }, InvRow { id: 121, name: Some(\"Attack potion(3)\"), count: 1 }, InvRow { id: 121, name: Some(\"Attack potion(3)\"), count: 1 }, InvRow { id: 121, name: Some(\"Attack potion(3)\"), count: 1 }, InvRow { id: 91, name: Some(\"Unfinished potion\"), count: 1 }, InvRow { id: 91, name: Some(\"Unfinished potion\"), count: 1 }, InvRow { id: 91, name: Some(\"Unfinished potion\"), count: 1 }, InvRow { id: 91, name: Some(\"Unfinished potion\"), count: 1 }, InvRow { id: 91, name: Some(\"Unfinished potion\"), count: 1 }, InvRow { id: 91, name: Some(\"Unfinished potion\"), count: 1 }, InvRow { id: 91, name: Some(\"Unfinished potion\"), count: 1 }, InvRow { id: 91, name: Some(\"Unfinished potion\"), count: 1 }, InvRow { id: 91, name: Some(\"Unfinished potion\"), count: 1 }, InvRow { id: 221, name: Some(\"Eye of newt\"), count: 1 }, InvRow { id: 221, name: Some(\"Eye of newt\"), count: 1 }, InvRow { id: 221, name: Some(\"Eye of newt\"), count: 1 }, InvRow { id: 221, name: Some(\"Eye of newt\"), count: 1 }, InvRow { id: 221, name: Some(\"Eye of newt\"), count: 1 }, InvRow { id: 221, name: Some(\"Eye of newt\"), count: 1 }, InvRow { id: 221, name: Some(\"Eye of newt\"), count: 1 }, InvRow { id: 221, name: Some(\"Eye of newt\"), count: 1 }, InvRow { id: 221, name: Some(\"Eye of newt\"), count: 1 }], stat: Some(StatRow { runenergy: 100 }), chat: [ChatRow { text: \"Congratulations, you just advanced a herblore level.\", username: None }, ChatRow { text: \"You mix the eye of newt into your potion.\", username: None }, ChatRow { text: \"You mix the eye of newt into your potion.\", username: None }, ChatRow { text: \"You mix the eye of newt into your potion.\", username: None }, ChatRow { text: \"You mix the eye of newt into your potion.\", username: None }, ChatRow { text: \"You mix the eye of newt into your potion.\", username: None }, ChatRow { text: \"You put the Guam Leaf into the vial of water.\", username: None }, ChatRow { text: \"You put the Guam Leaf into the vial of water.\", username: None }, ChatRow { text: \"You put the Guam Leaf into the vial of water.\", username: None }, ChatRow { text: \"You put the Guam Leaf into the vial of water.\", username: None }, ChatRow { text: \"You put the Guam Leaf into the vial of water.\", username: None }, ChatRow { text: \"You put the Guam Leaf into the vial of water.\", username: None }, ChatRow { text: \"You put the Guam Leaf into the vial of water.\", username: None }, ChatRow { text: \"You put the Guam Leaf into the vial of water.\", username: None }, ChatRow { text: \"You put the Guam Leaf into the vial of water.\", username: None }, ChatRow { text: \"You put the Guam Leaf into the vial of water.\", username: None }, ChatRow { text: \"You put the Guam Leaf into the vial of water.\", username: None }, ChatRow { text: \"You put the Guam Leaf into the vial of water.\", username: None }, ChatRow { text: \"You put the Guam Leaf into the vial of water.\", username: None }, ChatRow { text: \"You put the Guam Leaf into the vial of water.\", username: None }, ChatRow { text: \"Congratulations, you just advanced a herblore level.\", username: None }, ChatRow { text: \"You mix the eye of newt into your potion.\", username: None }, ChatRow { text: \"You mix the eye of newt into your potion.\", username: None }, ChatRow { text: \"You mix the eye of newt into your potion.\", username: None }, ChatRow { text: \"You mix the eye of newt into your potion.\", username: None }, ChatRow { text: \"Congratulations, you just advanced a herblore level.\", username: None }, ChatRow { text: \"You mix the eye of newt into your potion.\", username: None }, ChatRow { text: \"You mix the eye of newt into your potion.\", username: None }, ChatRow { text: \"You mix the eye of newt into your potion.\", username: None }, ChatRow { text: \"You mix the eye of newt into your potion.\", username: None }, ChatRow { text: \"You mix the eye of newt into your potion.\", username: None }, ChatRow { text: \"You mix the eye of newt into your potion.\", username: None }, ChatRow { text: \"You mix the eye of newt into your potion.\", username: None }, ChatRow { text: \"You mix the eye of newt into your potion.\", username: None }, ChatRow { text: \"You mix the eye of newt into your potion.\", username: None }, ChatRow { text: \"You mix the eye of newt into your potion.\", username: None }, ChatRow { text: \"You put the Guam Leaf into the vial of water.\", username: None }, ChatRow { text: \"You put the Guam Leaf into the vial of water.\", username: None }, ChatRow { text: \"You put the Guam Leaf into the vial of water.\", username: None }, ChatRow { text: \"You put the Guam Leaf into the vial of water.\", username: None }, ChatRow { text: \"You put the Guam Leaf into the vial of water.\", username: None }, ChatRow { text: \"You put the Guam Leaf into the vial of water.\", username: None }, ChatRow { text: \"You put the Guam Leaf into the vial of water.\", username: None }, ChatRow { text: \"You put the Guam Leaf into the vial of water.\", username: None }, ChatRow { text: \"You put the Guam Leaf into the vial of water.\", username: None }, ChatRow { text: \"You put the Guam Leaf into the vial of water.\", username: None }, ChatRow { text: \"You put the Guam Leaf into the vial of water.\", username: None }, ChatRow { text: \"You put the Guam Leaf into the vial of water.\", username: None }, ChatRow { text: \"You put the Guam Leaf into the vial of water.\", username: None }, ChatRow { text: \"You put the Guam Leaf into the vial of water.\", username: None }, ChatRow { text: \"Congratulations, you just advanced a herblore level.\", username: None }, ChatRow { text: \"You mix the eye of newt into your potion.\", username: None }, ChatRow { text: \"You mix the eye of newt into your potion.\", username: None }, ChatRow { text: \"You mix the eye of newt into your potion.\", username: None }, ChatRow { text: \"You mix the eye of newt into your potion.\", username: None }, ChatRow { text: \"Congratulations, you just advanced a herblore level.\", username: None }, ChatRow { text: \"You mix the eye of newt into your potion.\", username: None }, ChatRow { text: \"You mix the eye of newt into your potion.\", username: None }, ChatRow { text: \"You mix the eye of newt into your potion.\", username: None }, ChatRow { text: \"You mix the eye of newt into your potion.\", username: None }, ChatRow { text: \"You mix the eye of newt into your potion.\", username: None }, ChatRow { text: \"Congratulations, you just advanced a herblore level.\", username: None }, ChatRow { text: \"You mix the eye of newt into your potion.\", username: None }, ChatRow { text: \"You mix the eye of newt into your potion.\", username: None }, ChatRow { text: \"You mix the eye of newt into your potion.\", username: None }, ChatRow { text: \"You mix the eye of newt into your potion.\", username: None }, ChatRow { text: \"You mix the eye of newt into your potion.\", username: None }, ChatRow { text: \"You put the Guam Leaf into the vial of water.\", username: None }, ChatRow { text: \"You put the Guam Leaf into the vial of water.\", username: None }, ChatRow { text: \"You put the Guam Leaf into the vial of water.\", username: None }, ChatRow { text: \"You put the Guam Leaf into the vial of water.\", username: None }, ChatRow { text: \"You put the Guam Leaf into the vial of water.\", username: None }, ChatRow { text: \"You put the Guam Leaf into the vial of water.\", username: None }, ChatRow { text: \"You put the Guam Leaf into the vial of water.\", username: None }, ChatRow { text: \"You put the Guam Leaf into the vial of water.\", username: None }, ChatRow { text: \"You put the Guam Leaf into the vial of water.\", username: None }, ChatRow { text: \"You put the Guam Leaf into the vial of water.\", username: None }, ChatRow { text: \"You put the Guam Leaf into the vial of water.\", username: None }, ChatRow { text: \"You put the Guam Leaf into the vial of water.\", username: None }, ChatRow { text: \"You put the Guam Leaf into the vial of water.\", username: None }, ChatRow { text: \"You put the Guam Leaf into the vial of water.\", username: None }, ChatRow { text: \"Inventory wiped.\", username: None }, ChatRow { text: \"set tutorial: to 1000\", username: None }, ChatRow { text: \"Welcome to RuneScape.\", username: None }], scene: 2 })","core":{"case":"potion_maker","baseline":{"ingame":true,"scene_state":2,"player":"Liveo8xhzy 0","tile":[3185,3440,0],"tick":31,"items":{},"item_ids":{},"bank":{},"bank_ids":{},"bank_open":false,"bank_loaded":false,"bank_generation":2,"levels":{"-unused-":0,"agility":1,"attack":1,"cooking":1,"crafting":1,"defence":1,"firemaking":1,"fishing":1,"fletching":1,"herblore":3,"hitpoints":10,"magic":1,"mining":1,"prayer":1,"ranged":1,"runecraft":1,"slayer":1,"smithing":1,"strength":1,"thieving":1,"woodcutting":1},"xp":{"-unused-":0,"agility":0,"attack":0,"cooking":0,"crafting":0,"defence":0,"firemaking":0,"fishing":0,"fletching":0,"herblore":174,"hitpoints":1154,"magic":0,"mining":0,"prayer":0,"ranged":0,"runecraft":0,"slayer":0,"smithing":0,"strength":0,"thieving":0,"woodcutting":0},"chat":[[8,"Inventory wiped."],[7,"set tutorial: to 1000"],[6,"Welcome to RuneScape."]],"loc_facts":[{"id":1533,"x":3183,"z":3434,"level":0,"name":"Door","open":true}],"equipment_ids":{}},"latest":{"ingame":true,"scene_state":2,"player":"Liveo8xhzy 0","tile":[3185,3440,0],"tick":104,"items":{"Attack potion(3)":5,"Eye of newt":9,"Unfinished potion":9},"item_ids":{"91":9,"121":5,"221":9},"bank":{},"bank_ids":{},"bank_open":false,"bank_loaded":false,"bank_generation":14,"levels":{"-unused-":0,"agility":1,"attack":1,"cooking":1,"crafting":1,"defence":1,"firemaking":1,"fishing":1,"fletching":1,"herblore":9,"hitpoints":10,"magic":1,"mining":1,"prayer":1,"ranged":1,"runecraft":1,"slayer":1,"smithing":1,"strength":1,"thieving":1,"woodcutting":1},"xp":{"-unused-":0,"agility":0,"attack":0,"cooking":0,"crafting":0,"defence":0,"firemaking":0,"fishing":0,"fletching":0,"herblore":999,"hitpoints":1154,"magic":0,"mining":0,"prayer":0,"ranged":0,"runecraft":0,"slayer":0,"smithing":0,"strength":0,"thieving":0,"woodcutting":0},"chat":[[89,"Congratulations, you just advanced a herblore level."],[88,"You mix the eye of newt into your potion."],[87,"You mix the eye of newt into your potion."],[86,"You mix the eye of newt into your potion."],[85,"You mix the eye of newt into your potion."],[84,"You mix the eye of newt into your potion."],[83,"You put the Guam Leaf into the vial of water."],[82,"You put the Guam Leaf into the vial of water."],[81,"You put the Guam Leaf into the vial of water."],[80,"You put the Guam Leaf into the vial of water."],[79,"You put the Guam Leaf into the vial of water."],[78,"You put the Guam Leaf into the vial of water."],[77,"You put the Guam Leaf into the vial of water."],[76,"You put the Guam Leaf into the vial of water."],[75,"You put the Guam Leaf into the vial of water."],[74,"You put the Guam Leaf into the vial of water."],[73,"You put the Guam Leaf into the vial of water."],[72,"You put the Guam Leaf into the vial of water."],[71,"You put the Guam Leaf into the vial of water."],[70,"You put the Guam Leaf into the vial of water."],[69,"Congratulations, you just advanced a herblore level."],[68,"You mix the eye of newt into your potion."],[67,"You mix the eye of newt into your potion."],[66,"You mix the eye of newt into your potion."],[65,"You mix the eye of newt into your potion."],[64,"Congratulations, you just advanced a herblore level."],[63,"You mix the eye of newt into your potion."],[62,"You mix the eye of newt into your potion."],[61,"You mix the eye of newt into your potion."],[60,"You mix the eye of newt into your potion."],[59,"You mix the eye of newt into your potion."],[58,"You mix the eye of newt into your potion."],[57,"You mix the eye of newt into your potion."],[56,"You mix the eye of newt into your potion."],[55,"You mix the eye of newt into your potion."],[54,"You mix the eye of newt into your potion."],[53,"You put the Guam Leaf into the vial of water."],[52,"You put the Guam Leaf into the vial of water."],[51,"You put the Guam Leaf into the vial of water."],[50,"You put the Guam Leaf into the vial of water."],[49,"You put the Guam Leaf into the vial of water."],[48,"You put the Guam Leaf into the vial of water."],[47,"You put the Guam Leaf into the vial of water."],[46,"You put the Guam Leaf into the vial of water."],[45,"You put the Guam Leaf into the vial of water."],[44,"You put the Guam Leaf into the vial of water."],[43,"You put the Guam Leaf into the vial of water."],[42,"You put the Guam Leaf into the vial of water."],[41,"You put the Guam Leaf into the vial of water."],[40,"You put the Guam Leaf into the vial of water."],[39,"Congratulations, you just advanced a herblore level."],[38,"You mix the eye of newt into your potion."],[37,"You mix the eye of newt into your potion."],[36,"You mix the eye of newt into your potion."],[35,"You mix the eye of newt into your potion."],[34,"Congratulations, you just advanced a herblore level."],[33,"You mix the eye of newt into your potion."],[32,"You mix the eye of newt into your potion."],[31,"You mix the eye of newt into your potion."],[30,"You mix the eye of newt into your potion."],[29,"You mix the eye of newt into your potion."],[28,"Congratulations, you just advanced a herblore level."],[27,"You mix the eye of newt into your potion."],[26,"You mix the eye of newt into your potion."],[25,"You mix the eye of newt into your potion."],[24,"You mix the eye of newt into your potion."],[23,"You mix the eye of newt into your potion."],[22,"You put the Guam Leaf into the vial of water."],[21,"You put the Guam Leaf into the vial of water."],[20,"You put the Guam Leaf into the vial of water."],[19,"You put the Guam Leaf into the vial of water."],[18,"You put the Guam Leaf into the vial of water."],[17,"You put the Guam Leaf into the vial of water."],[16,"You put the Guam Leaf into the vial of water."],[15,"You put the Guam Leaf into the vial of water."],[14,"You put the Guam Leaf into the vial of water."],[13,"You put the Guam Leaf into the vial of water."],[12,"You put the Guam Leaf into the vial of water."],[11,"You put the Guam Leaf into the vial of water."],[10,"You put the Guam Leaf into the vial of water."],[9,"You put the Guam Leaf into the vial of water."],[8,"Inventory wiped."],[7,"set tutorial: to 1000"],[6,"Welcome to RuneScape."]],"loc_facts":[{"id":1533,"x":3183,"z":3434,"level":0,"name":"Door","open":true}],"equipment_ids":{}},"max_items":{"Attack potion(3)":14,"Eye of newt":14,"Guam leaf":14,"Unfinished potion":14,"Vial of water":14},"max_xp":{"-unused-":0,"agility":0,"attack":0,"cooking":0,"crafting":0,"defence":0,"firemaking":0,"fishing":0,"fletching":0,"herblore":999,"hitpoints":1154,"magic":0,"mining":0,"prayer":0,"ranged":0,"runecraft":0,"slayer":0,"smithing":0,"strength":0,"thieving":0,"woodcutting":0},"saw_bury_chat":false,"post_start_observations":1638,"bone_bank_cycle":{"first_batch_buried":false,"opened":null,"withdrawn":null,"buried_after_withdrawal":false},"bank_fletcher_cycle":{"first_pack_created":false,"deposited":null,"withdrawn":null,"crafted_after_withdrawal":false},"bank_fletcher_string_cycle":{"initial_pairs_strung":false,"deposited":null,"withdrawn":null,"strung_after_withdrawal":false},"bank_fletcher_cut_string_cycle":{"cut_pair_created":false,"deposited":null,"withdrawn":null,"string_pair_created":false},"alcher_generated_custom_cycle":{"withdrawn":null,"consumed":false},"dart_fletcher_cycle":{"first":null,"further":false,"wrong_tier":false},"herb_cleaner_cycle":{"first_pack":false,"deposited":null,"withdrawn":null,"cleaned_after_withdrawal":false,"filter_violated":false},"gem_cutter_cycle":{"first_pack":false,"deposited":null,"withdrawn":null,"cut_after_withdrawal":false,"filter_violated":false},"door_opener_cycle":{"selected":null,"opened":false},"gnome_course_cycle":{"log":null,"ground_return":null,"pipe":null,"second_lap":false},"flax_picker_cycle":{"first_pack":false,"deposited":null,"returned":false,"further":false},"superheater_cycle":{"first_bars":false,"deposited":null,"withdrawn":null,"produced_after_withdrawal":false,"wrong_product":false,"wrong_staff":false},"chicken_killer_bank_cycle":{"combat_loot":false,"deposited":null,"returned":false,"further":false},"vial_filler_cycle":{"filled":null,"deposited":null,"withdrawn":null,"returned":false,"further":false},"potion_maker_cycle":{"unfinished":{"ingame":true,"scene_state":2,"player":"Liveo8xhzy 0","tile":[3185,3440,0],"tick":41,"items":{"Guam leaf":9,"Unfinished potion":5,"Vial of water":9},"item_ids":{"91":5,"227":9,"249":9},"bank":{},"bank_ids":{},"bank_open":false,"bank_loaded":false,"bank_generation":4,"levels":{"-unused-":0,"agility":1,"attack":1,"cooking":1,"crafting":1,"defence":1,"firemaking":1,"fishing":1,"fletching":1,"herblore":3,"hitpoints":10,"magic":1,"mining":1,"prayer":1,"ranged":1,"runecraft":1,"slayer":1,"smithing":1,"strength":1,"thieving":1,"woodcutting":1},"xp":{"-unused-":0,"agility":0,"attack":0,"cooking":0,"crafting":0,"defence":0,"firemaking":0,"fishing":0,"fletching":0,"herblore":174,"hitpoints":1154,"magic":0,"mining":0,"prayer":0,"ranged":0,"runecraft":0,"slayer":0,"smithing":0,"strength":0,"thieving":0,"woodcutting":0},"chat":[[13,"You put the Guam Leaf into the vial of water."],[12,"You put the Guam Leaf into the vial of water."],[11,"You put the Guam Leaf into the vial of water."],[10,"You put the Guam Leaf into the vial of water."],[9,"You put the Guam Leaf into the vial of water."],[8,"Inventory wiped."],[7,"set tutorial: to 1000"],[6,"Welcome to RuneScape."]],"loc_facts":[{"id":1533,"x":3183,"z":3434,"level":0,"name":"Door","open":true}],"equipment_ids":{}},"finished":{"ingame":true,"scene_state":2,"player":"Liveo8xhzy 0","tile":[3185,3440,0],"tick":52,"items":{"Attack potion(3)":10,"Eye of newt":4,"Unfinished potion":4},"item_ids":{"91":4,"121":10,"221":4},"bank":{},"bank_ids":{},"bank_open":false,"bank_loaded":false,"bank_generation":6,"levels":{"-unused-":0,"agility":1,"attack":1,"cooking":1,"crafting":1,"defence":1,"firemaking":1,"fishing":1,"fletching":1,"herblore":5,"hitpoints":10,"magic":1,"mining":1,"prayer":1,"ranged":1,"runecraft":1,"slayer":1,"smithing":1,"strength":1,"thieving":1,"woodcutting":1},"xp":{"-unused-":0,"agility":0,"attack":0,"cooking":0,"crafting":0,"defence":0,"firemaking":0,"fishing":0,"fletching":0,"herblore":424,"hitpoints":1154,"magic":0,"mining":0,"prayer":0,"ranged":0,"runecraft":0,"slayer":0,"smithing":0,"strength":0,"thieving":0,"woodcutting":0},"chat":[[34,"Congratulations, you just advanced a herblore level."],[33,"You mix the eye of newt into your potion."],[32,"You mix the eye of newt into your potion."],[31,"You mix the eye of newt into your potion."],[30,"You mix the eye of newt into your potion."],[29,"You mix the eye of newt into your potion."],[28,"Congratulations, you just advanced a herblore level."],[27,"You mix the eye of newt into your potion."],[26,"You mix the eye of newt into your potion."],[25,"You mix the eye of newt into your potion."],[24,"You mix the eye of newt into your potion."],[23,"You mix the eye of newt into your potion."],[22,"You put the Guam Leaf into the vial of water."],[21,"You put the Guam Leaf into the vial of water."],[20,"You put the Guam Leaf into the vial of water."],[19,"You put the Guam Leaf into the vial of water."],[18,"You put the Guam Leaf into the vial of water."],[17,"You put the Guam Leaf into the vial of water."],[16,"You put the Guam Leaf into the vial of water."],[15,"You put the Guam Leaf into the vial of water."],[14,"You put the Guam Leaf into the vial of water."],[13,"You put the Guam Leaf into the vial of water."],[12,"You put the Guam Leaf into the vial of water."],[11,"You put the Guam Leaf into the vial of water."],[10,"You put the Guam Leaf into the vial of water."],[9,"You put the Guam Leaf into the vial of water."],[8,"Inventory wiped."],[7,"set tutorial: to 1000"],[6,"Welcome to RuneScape."]],"loc_facts":[{"id":1533,"x":3183,"z":3434,"level":0,"name":"Door","open":true}],"equipment_ids":{}},"deposited":{"ingame":true,"scene_state":2,"player":"Liveo8xhzy 0","tile":[3185,3440,0],"tick":57,"items":{},"item_ids":{},"bank":{"Attack potion(3)":14,"Eye of newt":28,"Guam leaf":28,"Vial of water":28},"bank_ids":{"121":14,"221":28,"227":28,"249":28},"bank_open":true,"bank_loaded":true,"bank_generation":7,"levels":{"-unused-":0,"agility":1,"attack":1,"cooking":1,"crafting":1,"defence":1,"firemaking":1,"fishing":1,"fletching":1,"herblore":6,"hitpoints":10,"magic":1,"mining":1,"prayer":1,"ranged":1,"runecraft":1,"slayer":1,"smithing":1,"strength":1,"thieving":1,"woodcutting":1},"xp":{"-unused-":0,"agility":0,"attack":0,"cooking":0,"crafting":0,"defence":0,"firemaking":0,"fishing":0,"fletching":0,"herblore":524,"hitpoints":1154,"magic":0,"mining":0,"prayer":0,"ranged":0,"runecraft":0,"slayer":0,"smithing":0,"strength":0,"thieving":0,"woodcutting":0},"chat":[[39,"Congratulations, you just advanced a herblore level."],[38,"You mix the eye of newt into your potion."],[37,"You mix the eye of newt into your potion."],[36,"You mix the eye of newt into your potion."],[35,"You mix the eye of newt into your potion."],[34,"Congratulations, you just advanced a herblore level."],[33,"You mix the eye of newt into your potion."],[32,"You mix the eye of newt into your potion."],[31,"You mix the eye of newt into your potion."],[30,"You mix the eye of newt into your potion."],[29,"You mix the eye of newt into your potion."],[28,"Congratulations, you just advanced a herblore level."],[27,"You mix the eye of newt into your potion."],[26,"You mix the eye of newt into your potion."],[25,"You mix the eye of newt into your potion."],[24,"You mix the eye of newt into your potion."],[23,"You mix the eye of newt into your potion."],[22,"You put the Guam Leaf into the vial of water."],[21,"You put the Guam Leaf into the vial of water."],[20,"You put the Guam Leaf into the vial of water."],[19,"You put the Guam Leaf into the vial of water."],[18,"You put the Guam Leaf into the vial of water."],[17,"You put the Guam Leaf into the vial of water."],[16,"You put the Guam Leaf into the vial of water."],[15,"You put the Guam Leaf into the vial of water."],[14,"You put the Guam Leaf into the vial of water."],[13,"You put the Guam Leaf into the vial of water."],[12,"You put the Guam Leaf into the vial of water."],[11,"You put the Guam Leaf into the vial of water."],[10,"You put the Guam Leaf into the vial of water."],[9,"You put the Guam Leaf into the vial of water."],[8,"Inventory wiped."],[7,"set tutorial: to 1000"],[6,"Welcome to RuneScape."]],"loc_facts":[{"id":1533,"x":3183,"z":3434,"level":0,"name":"Door","open":true}],"equipment_ids":{}},"withdrawn":{"ingame":true,"scene_state":2,"player":"Liveo8xhzy 0","tile":[3185,3440,0],"tick":64,"items":{"Guam leaf":14,"Vial of water":14},"item_ids":{"227":14,"249":14},"bank":{"Attack potion(3)":14,"Eye of newt":28,"Guam leaf":14,"Vial of water":14},"bank_ids":{"121":14,"221":28,"227":14,"249":14},"bank_open":true,"bank_loaded":true,"bank_generation":7,"levels":{"-unused-":0,"agility":1,"attack":1,"cooking":1,"crafting":1,"defence":1,"firemaking":1,"fishing":1,"fletching":1,"herblore":6,"hitpoints":10,"magic":1,"mining":1,"prayer":1,"ranged":1,"runecraft":1,"slayer":1,"smithing":1,"strength":1,"thieving":1,"woodcutting":1},"xp":{"-unused-":0,"agility":0,"attack":0,"cooking":0,"crafting":0,"defence":0,"firemaking":0,"fishing":0,"fletching":0,"herblore":524,"hitpoints":1154,"magic":0,"mining":0,"prayer":0,"ranged":0,"runecraft":0,"slayer":0,"smithing":0,"strength":0,"thieving":0,"woodcutting":0},"chat":[[39,"Congratulations, you just advanced a herblore level."],[38,"You mix the eye of newt into your potion."],[37,"You mix the eye of newt into your potion."],[36,"You mix the eye of newt into your potion."],[35,"You mix the eye of newt into your potion."],[34,"Congratulations, you just advanced a herblore level."],[33,"You mix the eye of newt into your potion."],[32,"You mix the eye of newt into your potion."],[31,"You mix the eye of newt into your potion."],[30,"You mix the eye of newt into your potion."],[29,"You mix the eye of newt into your potion."],[28,"Congratulations, you just advanced a herblore level."],[27,"You mix the eye of newt into your potion."],[26,"You mix the eye of newt into your potion."],[25,"You mix the eye of newt into your potion."],[24,"You mix the eye of newt into your potion."],[23,"You mix the eye of newt into your potion."],[22,"You put the Guam Leaf into the vial of water."],[21,"You put the Guam Leaf into the vial of water."],[20,"You put the Guam Leaf into the vial of water."],[19,"You put the Guam Leaf into the vial of water."],[18,"You put the Guam Leaf into the vial of water."],[17,"You put the Guam Leaf into the vial of water."],[16,"You put the Guam Leaf into the vial of water."],[15,"You put the Guam Leaf into the vial of water."],[14,"You put the Guam Leaf into the vial of water."],[13,"You put the Guam Leaf into the vial of water."],[12,"You put the Guam Leaf into the vial of water."],[11,"You put the Guam Leaf into the vial of water."],[10,"You put the Guam Leaf into the vial of water."],[9,"You put the Guam Leaf into the vial of water."],[8,"Inventory wiped."],[7,"set tutorial: to 1000"],[6,"Welcome to RuneScape."]],"loc_facts":[{"id":1533,"x":3183,"z":3434,"level":0,"name":"Door","open":true}],"equipment_ids":{}},"further":true,"wrong_product":false,"filter_violated":false},"ordered_first_exhausted":false}}
test catalog_boundary_live ... ok

test result: ok. 1 passed; 0 failed; 0 ignored; 0 measured; 23 filtered out; finished in 78.02s

