
running 1 test
{"phase":"identity","revision":289,"profile":"local-289 · 127.0.0.1:44594 · revision 289","cache_id":"c4d8ab36bcfd2a7907535b4f619e28623b0a22e98d496fd2a9620d544c5b5b09","nav_pack":"/Users/acfrazier/experiments/274bot/.worktrees/rs2b0t-multirevision/.superpowers/world-capabilities/289/274bot.navpack","nav_sha256":"131db92e32eddcb08148909d477589544320fe7e34a422e8004e97e888032924","catalog_commit":"100adccc037d9f6898080e1cad58fcfc43364775","catalog_identity":"pre-289 frozen catalog","catalog_read_only_path":".superpowers/inputs/rs2b0t-100adccc037d9f6898080e1cad58fcfc43364775","catalog_root":"/Users/acfrazier/experiments/274bot/.worktrees/rs2b0t-multirevision/.superpowers/inputs/rs2b0t-100adccc037d9f6898080e1cad58fcfc43364775","registry_path":"/Users/acfrazier/experiments/274bot/.worktrees/rs2b0t-multirevision/.superpowers/inputs/rs2b0t-100adccc037d9f6898080e1cad58fcfc43364775/src/bot/scripts/index.ts","registry_sha256":"b614aedb3d5adfdfbac3760f082273f3cf5c33fffe4ced0f2b01490ae02d1bc2","card":{"card":"GemCutter","source_path":"/Users/acfrazier/experiments/274bot/.worktrees/rs2b0t-multirevision/.superpowers/inputs/rs2b0t-100adccc037d9f6898080e1cad58fcfc43364775/src/bot/scripts/GemCutter/GemCutter.ts","source_sha256":"8f42276e6c2c1f7d64aa71367e0b9a78662f67b4100567ff5295027e2277b6bb","compiled_sha256":"8c88e5ca1cd1e10f27a16baa7729a0176c202d38abb252b56c220caa8c6bb0f5","siblings":[{"module":"/rs2b0t/bot/scripts/bot/GemCutterLogic.js","compiled_sha256":"9b5ef8e13b91fe71f6b2b9a95acdc41d85cdb382a12cf20eda200bacd147e96a"}],"settings":{"gems":[]}},"account":"livel2tg6r_0","engine_speed_ms":null}
[host-play] slot livel2tg6r_0: thread up
274bot: snapshot load skipped: read /Users/acfrazier/.274bot/unpack-289/37214163f1e6ceca/models.bin: No such file or directory (os error 2)
[host-play] slot livel2tg6r_0: handshake begin reconnect=false
[host-play] slot livel2tg6r_0: handshake ok
[host] slot livel2tg6r_0: d_loop_us=2678 d_raster_us=0 d_observe_us=27603 max_observe_us=2510 d_paints=0 d_skips=50 d_ticks=1 window_ms=0
[host-play] slot livel2tg6r_0: queued mainland tele+setvar (scene 2)
[host-play] slot livel2tg6r_0: handshake begin reconnect=true
[host-play] slot livel2tg6r_0: handshake ok
[host-play] slot livel2tg6r_0: queued mainland tele+setvar (scene 2)
[host] slot livel2tg6r_0: d_loop_us=8223 d_raster_us=0 d_observe_us=35843 max_observe_us=2376 d_paints=0 d_skips=50 d_ticks=1 window_ms=0
test catalog_boundary_live has been running for over 60 seconds
[host] slot livel2tg6r_0: d_loop_us=10168 d_raster_us=0 d_observe_us=70773 max_observe_us=6149 d_paints=0 d_skips=50 d_ticks=24 window_ms=14332
{"phase":"baseline-after-preparation","scenario":"gem_cutter","account":"livel2tg6r_0","observation":{"ingame":true,"scene_state":2,"player":"Livel2tg6r 0","tile":[3185,3440,0],"tick":27,"items":{},"item_ids":{},"bank":{},"bank_ids":{},"bank_open":false,"bank_loaded":false,"bank_generation":2,"levels":{"-unused-":0,"agility":1,"attack":1,"cooking":1,"crafting":20,"defence":1,"firemaking":1,"fishing":1,"fletching":1,"herblore":1,"hitpoints":10,"magic":1,"mining":1,"prayer":1,"ranged":1,"runecraft":1,"slayer":1,"smithing":1,"strength":1,"thieving":1,"woodcutting":1},"xp":{"-unused-":0,"agility":0,"attack":0,"cooking":0,"crafting":4470,"defence":0,"firemaking":0,"fishing":0,"fletching":0,"herblore":0,"hitpoints":1154,"magic":0,"mining":0,"prayer":0,"ranged":0,"runecraft":0,"slayer":0,"smithing":0,"strength":0,"thieving":0,"woodcutting":0},"chat":[[7,"Inventory wiped."],[6,"set tutorial: to 1000"],[5,"Welcome to RuneScape."]]}}
[script livel2tg6r_0] start load
{"phase":"start","account":"livel2tg6r_0","count":1}
[host] hitch livel2tg6r_0: observe_us=83555 paints=0 skips=103 ticks=27
[script livel2tg6r_0] GemCutter — cut Opal, Jade, Red topaz, Sapphire (Crafting 20)
[script livel2tg6r_0] interact OpenBooth { x: 3186, z: 3440, level: 0, id: 2213, name: None, action: None }
[host] slot livel2tg6r_0: d_loop_us=1034 d_raster_us=0 d_observe_us=133185 max_observe_us=83555 d_paints=0 d_skips=50 d_ticks=4 window_ms=2929
[script livel2tg6r_0] bank opened, starting withdraw/deposit cycle
[script livel2tg6r_0] depositing inventory (keeping chisel)
[host] slot livel2tg6r_0: d_loop_us=901 d_raster_us=0 d_observe_us=38108 max_observe_us=4266 d_paints=0 d_skips=50 d_ticks=2 window_ms=1186
[script livel2tg6r_0] withdrawing chisel
[host] slot livel2tg6r_0: d_loop_us=789 d_raster_us=0 d_observe_us=38736 max_observe_us=6424 d_paints=0 d_skips=50 d_ticks=2 window_ms=1202
[script livel2tg6r_0] got chisel
[script livel2tg6r_0] trying to withdraw 27 Opal (have 0)
[script livel2tg6r_0] withdraw Opal failed — marking empty in bank
[script livel2tg6r_0] Opal confirmed empty in bank — skipping on future trips
[script livel2tg6r_0] trying to withdraw 27 Jade (have 0)
[script livel2tg6r_0] withdraw Jade failed — marking empty in bank
[script livel2tg6r_0] Jade confirmed empty in bank — skipping on future trips
[script livel2tg6r_0] trying to withdraw 27 Red topaz (have 0)
[script livel2tg6r_0] withdraw Red topaz failed — marking empty in bank
[script livel2tg6r_0] Red topaz confirmed empty in bank — skipping on future trips
[script livel2tg6r_0] trying to withdraw 27 Sapphire (have 0)
[host] slot livel2tg6r_0: d_loop_us=834 d_raster_us=0 d_observe_us=45824 max_observe_us=7125 d_paints=0 d_skips=50 d_ticks=2 window_ms=1198
[script livel2tg6r_0] withdrew 27 Sapphire
[script livel2tg6r_0] got gems, closing bank
[script livel2tg6r_0] interact Close
[shim-close] sent
[script livel2tg6r_0] banked @ Bank booth: gave 0 items, took 27 uncut gems
[host] slot livel2tg6r_0: d_loop_us=968 d_raster_us=0 d_observe_us=58248 max_observe_us=9012 d_paints=0 d_skips=50 d_ticks=2 window_ms=1181
[script livel2tg6r_0] interact UseOn { name: "Chisel", kind: "inv", target_name: Some("Uncut sapphire"), x: 0, z: 0, level: 0, index: None }
[script livel2tg6r_0] interact UseOn { name: "Chisel", kind: "inv", target_name: Some("Uncut sapphire"), x: 0, z: 0, level: 0, index: None }
[script livel2tg6r_0] interact UseOn { name: "Chisel", kind: "inv", target_name: Some("Uncut sapphire"), x: 0, z: 0, level: 0, index: None }
[script livel2tg6r_0] interact UseOn { name: "Chisel", kind: "inv", target_name: Some("Uncut sapphire"), x: 0, z: 0, level: 0, index: None }
[script livel2tg6r_0] interact UseOn { name: "Chisel", kind: "inv", target_name: Some("Uncut sapphire"), x: 0, z: 0, level: 0, index: None }
[script livel2tg6r_0] interact UseOn { name: "Chisel", kind: "inv", target_name: Some("Uncut sapphire"), x: 0, z: 0, level: 0, index: None }
[script livel2tg6r_0] interact UseOn { name: "Chisel", kind: "inv", target_name: Some("Uncut sapphire"), x: 0, z: 0, level: 0, index: None }
[script livel2tg6r_0] interact UseOn { name: "Chisel", kind: "inv", target_name: Some("Uncut sapphire"), x: 0, z: 0, level: 0, index: None }
[script livel2tg6r_0] interact UseOn { name: "Chisel", kind: "inv", target_name: Some("Uncut sapphire"), x: 0, z: 0, level: 0, index: None }
[script livel2tg6r_0] interact UseOn { name: "Chisel", kind: "inv", target_name: Some("Uncut sapphire"), x: 0, z: 0, level: 0, index: None }
[script livel2tg6r_0] interact UseOn { name: "Chisel", kind: "inv", target_name: Some("Uncut sapphire"), x: 0, z: 0, level: 0, index: None }
[script livel2tg6r_0] interact UseOn { name: "Chisel", kind: "inv", target_name: Some("Uncut sapphire"), x: 0, z: 0, level: 0, index: None }
[script livel2tg6r_0] interact UseOn { name: "Chisel", kind: "inv", target_name: Some("Uncut sapphire"), x: 0, z: 0, level: 0, index: None }
[script livel2tg6r_0] interact UseOn { name: "Chisel", kind: "inv", target_name: Some("Uncut sapphire"), x: 0, z: 0, level: 0, index: None }
[script livel2tg6r_0] interact UseOn { name: "Chisel", kind: "inv", target_name: Some("Uncut sapphire"), x: 0, z: 0, level: 0, index: None }
[script livel2tg6r_0] interact UseOn { name: "Chisel", kind: "inv", target_name: Some("Uncut sapphire"), x: 0, z: 0, level: 0, index: None }
[script livel2tg6r_0] interact UseOn { name: "Chisel", kind: "inv", target_name: Some("Uncut sapphire"), x: 0, z: 0, level: 0, index: None }
[script livel2tg6r_0] interact UseOn { name: "Chisel", kind: "inv", target_name: Some("Uncut sapphire"), x: 0, z: 0, level: 0, index: None }
[script livel2tg6r_0] interact UseOn { name: "Chisel", kind: "inv", target_name: Some("Uncut sapphire"), x: 0, z: 0, level: 0, index: None }
[script livel2tg6r_0] interact UseOn { name: "Chisel", kind: "inv", target_name: Some("Uncut sapphire"), x: 0, z: 0, level: 0, index: None }
[script livel2tg6r_0] interact UseOn { name: "Chisel", kind: "inv", target_name: Some("Uncut sapphire"), x: 0, z: 0, level: 0, index: None }
[script livel2tg6r_0] interact UseOn { name: "Chisel", kind: "inv", target_name: Some("Uncut sapphire"), x: 0, z: 0, level: 0, index: None }
[script livel2tg6r_0] interact UseOn { name: "Chisel", kind: "inv", target_name: Some("Uncut sapphire"), x: 0, z: 0, level: 0, index: None }
[script livel2tg6r_0] interact UseOn { name: "Chisel", kind: "inv", target_name: Some("Uncut sapphire"), x: 0, z: 0, level: 0, index: None }
[script livel2tg6r_0] interact UseOn { name: "Chisel", kind: "inv", target_name: Some("Uncut sapphire"), x: 0, z: 0, level: 0, index: None }
[script livel2tg6r_0] interact UseOn { name: "Chisel", kind: "inv", target_name: Some("Uncut sapphire"), x: 0, z: 0, level: 0, index: None }
[script livel2tg6r_0] interact UseOn { name: "Chisel", kind: "inv", target_name: Some("Uncut sapphire"), x: 0, z: 0, level: 0, index: None }
[script livel2tg6r_0] interact UseOn { name: "Chisel", kind: "inv", target_name: Some("Uncut sapphire"), x: 0, z: 0, level: 0, index: None }
[script livel2tg6r_0] interact UseOn { name: "Chisel", kind: "inv", target_name: Some("Uncut sapphire"), x: 0, z: 0, level: 0, index: None }
[script livel2tg6r_0] interact UseOn { name: "Chisel", kind: "inv", target_name: Some("Uncut sapphire"), x: 0, z: 0, level: 0, index: None }
[script livel2tg6r_0] interact UseOn { name: "Chisel", kind: "inv", target_name: Some("Uncut sapphire"), x: 0, z: 0, level: 0, index: None }
[script livel2tg6r_0] interact UseOn { name: "Chisel", kind: "inv", target_name: Some("Uncut sapphire"), x: 0, z: 0, level: 0, index: None }
[script livel2tg6r_0] interact UseOn { name: "Chisel", kind: "inv", target_name: Some("Uncut sapphire"), x: 0, z: 0, level: 0, index: None }
[script livel2tg6r_0] interact UseOn { name: "Chisel", kind: "inv", target_name: Some("Uncut sapphire"), x: 0, z: 0, level: 0, index: None }
[script livel2tg6r_0] interact UseOn { name: "Chisel", kind: "inv", target_name: Some("Uncut sapphire"), x: 0, z: 0, level: 0, index: None }
[script livel2tg6r_0] interact UseOn { name: "Chisel", kind: "inv", target_name: Some("Uncut sapphire"), x: 0, z: 0, level: 0, index: None }
[script livel2tg6r_0] interact UseOn { name: "Chisel", kind: "inv", target_name: Some("Uncut sapphire"), x: 0, z: 0, level: 0, index: None }
[script livel2tg6r_0] interact UseOn { name: "Chisel", kind: "inv", target_name: Some("Uncut sapphire"), x: 0, z: 0, level: 0, index: None }
[script livel2tg6r_0] interact UseOn { name: "Chisel", kind: "inv", target_name: Some("Uncut sapphire"), x: 0, z: 0, level: 0, index: None }
[script livel2tg6r_0] interact UseOn { name: "Chisel", kind: "inv", target_name: Some("Uncut sapphire"), x: 0, z: 0, level: 0, index: None }
[script livel2tg6r_0] interact UseOn { name: "Chisel", kind: "inv", target_name: Some("Uncut sapphire"), x: 0, z: 0, level: 0, index: None }
[script livel2tg6r_0] interact UseOn { name: "Chisel", kind: "inv", target_name: Some("Uncut sapphire"), x: 0, z: 0, level: 0, index: None }
[script livel2tg6r_0] interact UseOn { name: "Chisel", kind: "inv", target_name: Some("Uncut sapphire"), x: 0, z: 0, level: 0, index: None }
[script livel2tg6r_0] interact UseOn { name: "Chisel", kind: "inv", target_name: Some("Uncut sapphire"), x: 0, z: 0, level: 0, index: None }
[script livel2tg6r_0] interact UseOn { name: "Chisel", kind: "inv", target_name: Some("Uncut sapphire"), x: 0, z: 0, level: 0, index: None }
[script livel2tg6r_0] interact UseOn { name: "Chisel", kind: "inv", target_name: Some("Uncut sapphire"), x: 0, z: 0, level: 0, index: None }
[script livel2tg6r_0] interact UseOn { name: "Chisel", kind: "inv", target_name: Some("Uncut sapphire"), x: 0, z: 0, level: 0, index: None }
[script livel2tg6r_0] interact UseOn { name: "Chisel", kind: "inv", target_name: Some("Uncut sapphire"), x: 0, z: 0, level: 0, index: None }
[script livel2tg6r_0] interact UseOn { name: "Chisel", kind: "inv", target_name: Some("Uncut sapphire"), x: 0, z: 0, level: 0, index: None }
[script livel2tg6r_0] interact UseOn { name: "Chisel", kind: "inv", target_name: Some("Uncut sapphire"), x: 0, z: 0, level: 0, index: None }
[script livel2tg6r_0] interact UseOn { name: "Chisel", kind: "inv", target_name: Some("Uncut sapphire"), x: 0, z: 0, level: 0, index: None }
[script livel2tg6r_0] interact UseOn { name: "Chisel", kind: "inv", target_name: Some("Uncut sapphire"), x: 0, z: 0, level: 0, index: None }
[script livel2tg6r_0] interact UseOn { name: "Chisel", kind: "inv", target_name: Some("Uncut sapphire"), x: 0, z: 0, level: 0, index: None }
[script livel2tg6r_0] interact UseOn { name: "Chisel", kind: "inv", target_name: Some("Uncut sapphire"), x: 0, z: 0, level: 0, index: None }
[script livel2tg6r_0] interact UseOn { name: "Chisel", kind: "inv", target_name: Some("Uncut sapphire"), x: 0, z: 0, level: 0, index: None }
[script livel2tg6r_0] interact UseOn { name: "Chisel", kind: "inv", target_name: Some("Uncut sapphire"), x: 0, z: 0, level: 0, index: None }
[script livel2tg6r_0] interact UseOn { name: "Chisel", kind: "inv", target_name: Some("Uncut sapphire"), x: 0, z: 0, level: 0, index: None }
[script livel2tg6r_0] interact UseOn { name: "Chisel", kind: "inv", target_name: Some("Uncut sapphire"), x: 0, z: 0, level: 0, index: None }
[script livel2tg6r_0] interact UseOn { name: "Chisel", kind: "inv", target_name: Some("Uncut sapphire"), x: 0, z: 0, level: 0, index: None }
[script livel2tg6r_0] interact UseOn { name: "Chisel", kind: "inv", target_name: Some("Uncut sapphire"), x: 0, z: 0, level: 0, index: None }
[host] slot livel2tg6r_0: d_loop_us=938 d_raster_us=0 d_observe_us=52308 max_observe_us=8697 d_paints=0 d_skips=50 d_ticks=2 window_ms=1187
[script livel2tg6r_0] interact UseOn { name: "Chisel", kind: "inv", target_name: Some("Uncut sapphire"), x: 0, z: 0, level: 0, index: None }
[script livel2tg6r_0] interact UseOn { name: "Chisel", kind: "inv", target_name: Some("Uncut sapphire"), x: 0, z: 0, level: 0, index: None }
[script livel2tg6r_0] interact UseOn { name: "Chisel", kind: "inv", target_name: Some("Uncut sapphire"), x: 0, z: 0, level: 0, index: None }
[script livel2tg6r_0] interact UseOn { name: "Chisel", kind: "inv", target_name: Some("Uncut sapphire"), x: 0, z: 0, level: 0, index: None }
[script livel2tg6r_0] interact UseOn { name: "Chisel", kind: "inv", target_name: Some("Uncut sapphire"), x: 0, z: 0, level: 0, index: None }
[script livel2tg6r_0] interact UseOn { name: "Chisel", kind: "inv", target_name: Some("Uncut sapphire"), x: 0, z: 0, level: 0, index: None }
[script livel2tg6r_0] interact UseOn { name: "Chisel", kind: "inv", target_name: Some("Uncut sapphire"), x: 0, z: 0, level: 0, index: None }
[script livel2tg6r_0] interact UseOn { name: "Chisel", kind: "inv", target_name: Some("Uncut sapphire"), x: 0, z: 0, level: 0, index: None }
[script livel2tg6r_0] interact UseOn { name: "Chisel", kind: "inv", target_name: Some("Uncut sapphire"), x: 0, z: 0, level: 0, index: None }
[script livel2tg6r_0] interact UseOn { name: "Chisel", kind: "inv", target_name: Some("Uncut sapphire"), x: 0, z: 0, level: 0, index: None }
[script livel2tg6r_0] interact UseOn { name: "Chisel", kind: "inv", target_name: Some("Uncut sapphire"), x: 0, z: 0, level: 0, index: None }
[script livel2tg6r_0] interact UseOn { name: "Chisel", kind: "inv", target_name: Some("Uncut sapphire"), x: 0, z: 0, level: 0, index: None }
[script livel2tg6r_0] interact UseOn { name: "Chisel", kind: "inv", target_name: Some("Uncut sapphire"), x: 0, z: 0, level: 0, index: None }
[script livel2tg6r_0] interact UseOn { name: "Chisel", kind: "inv", target_name: Some("Uncut sapphire"), x: 0, z: 0, level: 0, index: None }
[script livel2tg6r_0] interact UseOn { name: "Chisel", kind: "inv", target_name: Some("Uncut sapphire"), x: 0, z: 0, level: 0, index: None }
[script livel2tg6r_0] interact UseOn { name: "Chisel", kind: "inv", target_name: Some("Uncut sapphire"), x: 0, z: 0, level: 0, index: None }
[script livel2tg6r_0] interact UseOn { name: "Chisel", kind: "inv", target_name: Some("Uncut sapphire"), x: 0, z: 0, level: 0, index: None }
[script livel2tg6r_0] interact UseOn { name: "Chisel", kind: "inv", target_name: Some("Uncut sapphire"), x: 0, z: 0, level: 0, index: None }
[script livel2tg6r_0] interact UseOn { name: "Chisel", kind: "inv", target_name: Some("Uncut sapphire"), x: 0, z: 0, level: 0, index: None }
[script livel2tg6r_0] interact UseOn { name: "Chisel", kind: "inv", target_name: Some("Uncut sapphire"), x: 0, z: 0, level: 0, index: None }
[script livel2tg6r_0] interact UseOn { name: "Chisel", kind: "inv", target_name: Some("Uncut sapphire"), x: 0, z: 0, level: 0, index: None }
[script livel2tg6r_0] interact UseOn { name: "Chisel", kind: "inv", target_name: Some("Uncut sapphire"), x: 0, z: 0, level: 0, index: None }
[script livel2tg6r_0] interact UseOn { name: "Chisel", kind: "inv", target_name: Some("Uncut sapphire"), x: 0, z: 0, level: 0, index: None }
[script livel2tg6r_0] interact UseOn { name: "Chisel", kind: "inv", target_name: Some("Uncut sapphire"), x: 0, z: 0, level: 0, index: None }
[script livel2tg6r_0] interact UseOn { name: "Chisel", kind: "inv", target_name: Some("Uncut sapphire"), x: 0, z: 0, level: 0, index: None }
[script livel2tg6r_0] interact UseOn { name: "Chisel", kind: "inv", target_name: Some("Uncut sapphire"), x: 0, z: 0, level: 0, index: None }
[script livel2tg6r_0] interact UseOn { name: "Chisel", kind: "inv", target_name: Some("Uncut sapphire"), x: 0, z: 0, level: 0, index: None }
[script livel2tg6r_0] interact UseOn { name: "Chisel", kind: "inv", target_name: Some("Uncut sapphire"), x: 0, z: 0, level: 0, index: None }
[script livel2tg6r_0] interact UseOn { name: "Chisel", kind: "inv", target_name: Some("Uncut sapphire"), x: 0, z: 0, level: 0, index: None }
[script livel2tg6r_0] interact UseOn { name: "Chisel", kind: "inv", target_name: Some("Uncut sapphire"), x: 0, z: 0, level: 0, index: None }
[script livel2tg6r_0] interact UseOn { name: "Chisel", kind: "inv", target_name: Some("Uncut sapphire"), x: 0, z: 0, level: 0, index: None }
[script livel2tg6r_0] interact UseOn { name: "Chisel", kind: "inv", target_name: Some("Uncut sapphire"), x: 0, z: 0, level: 0, index: None }
[script livel2tg6r_0] interact UseOn { name: "Chisel", kind: "inv", target_name: Some("Uncut sapphire"), x: 0, z: 0, level: 0, index: None }
[script livel2tg6r_0] interact UseOn { name: "Chisel", kind: "inv", target_name: Some("Uncut sapphire"), x: 0, z: 0, level: 0, index: None }
[script livel2tg6r_0] interact UseOn { name: "Chisel", kind: "inv", target_name: Some("Uncut sapphire"), x: 0, z: 0, level: 0, index: None }
[script livel2tg6r_0] interact UseOn { name: "Chisel", kind: "inv", target_name: Some("Uncut sapphire"), x: 0, z: 0, level: 0, index: None }
[script livel2tg6r_0] interact UseOn { name: "Chisel", kind: "inv", target_name: Some("Uncut sapphire"), x: 0, z: 0, level: 0, index: None }
[script livel2tg6r_0] interact UseOn { name: "Chisel", kind: "inv", target_name: Some("Uncut sapphire"), x: 0, z: 0, level: 0, index: None }
[script livel2tg6r_0] interact UseOn { name: "Chisel", kind: "inv", target_name: Some("Uncut sapphire"), x: 0, z: 0, level: 0, index: None }
[script livel2tg6r_0] interact UseOn { name: "Chisel", kind: "inv", target_name: Some("Uncut sapphire"), x: 0, z: 0, level: 0, index: None }
[script livel2tg6r_0] interact UseOn { name: "Chisel", kind: "inv", target_name: Some("Uncut sapphire"), x: 0, z: 0, level: 0, index: None }
[script livel2tg6r_0] interact UseOn { name: "Chisel", kind: "inv", target_name: Some("Uncut sapphire"), x: 0, z: 0, level: 0, index: None }
[script livel2tg6r_0] interact UseOn { name: "Chisel", kind: "inv", target_name: Some("Uncut sapphire"), x: 0, z: 0, level: 0, index: None }
[script livel2tg6r_0] interact UseOn { name: "Chisel", kind: "inv", target_name: Some("Uncut sapphire"), x: 0, z: 0, level: 0, index: None }
[script livel2tg6r_0] interact UseOn { name: "Chisel", kind: "inv", target_name: Some("Uncut sapphire"), x: 0, z: 0, level: 0, index: None }
[script livel2tg6r_0] interact UseOn { name: "Chisel", kind: "inv", target_name: Some("Uncut sapphire"), x: 0, z: 0, level: 0, index: None }
[script livel2tg6r_0] interact UseOn { name: "Chisel", kind: "inv", target_name: Some("Uncut sapphire"), x: 0, z: 0, level: 0, index: None }
[script livel2tg6r_0] interact UseOn { name: "Chisel", kind: "inv", target_name: Some("Uncut sapphire"), x: 0, z: 0, level: 0, index: None }
[script livel2tg6r_0] interact UseOn { name: "Chisel", kind: "inv", target_name: Some("Uncut sapphire"), x: 0, z: 0, level: 0, index: None }
[script livel2tg6r_0] interact UseOn { name: "Chisel", kind: "inv", target_name: Some("Uncut sapphire"), x: 0, z: 0, level: 0, index: None }
[script livel2tg6r_0] interact UseOn { name: "Chisel", kind: "inv", target_name: Some("Uncut sapphire"), x: 0, z: 0, level: 0, index: None }
[script livel2tg6r_0] interact UseOn { name: "Chisel", kind: "inv", target_name: Some("Uncut sapphire"), x: 0, z: 0, level: 0, index: None }
[script livel2tg6r_0] interact UseOn { name: "Chisel", kind: "inv", target_name: Some("Uncut sapphire"), x: 0, z: 0, level: 0, index: None }
[script livel2tg6r_0] interact UseOn { name: "Chisel", kind: "inv", target_name: Some("Uncut sapphire"), x: 0, z: 0, level: 0, index: None }
[script livel2tg6r_0] interact UseOn { name: "Chisel", kind: "inv", target_name: Some("Uncut sapphire"), x: 0, z: 0, level: 0, index: None }
[script livel2tg6r_0] interact UseOn { name: "Chisel", kind: "inv", target_name: Some("Uncut sapphire"), x: 0, z: 0, level: 0, index: None }
[script livel2tg6r_0] interact UseOn { name: "Chisel", kind: "inv", target_name: Some("Uncut sapphire"), x: 0, z: 0, level: 0, index: None }
[script livel2tg6r_0] interact UseOn { name: "Chisel", kind: "inv", target_name: Some("Uncut sapphire"), x: 0, z: 0, level: 0, index: None }
[script livel2tg6r_0] interact UseOn { name: "Chisel", kind: "inv", target_name: Some("Uncut sapphire"), x: 0, z: 0, level: 0, index: None }
[script livel2tg6r_0] interact UseOn { name: "Chisel", kind: "inv", target_name: Some("Uncut sapphire"), x: 0, z: 0, level: 0, index: None }
[host] slot livel2tg6r_0: d_loop_us=989 d_raster_us=0 d_observe_us=39723 max_observe_us=4382 d_paints=0 d_skips=50 d_ticks=2 window_ms=1195
[host] slot livel2tg6r_0: d_loop_us=891 d_raster_us=0 d_observe_us=45941 max_observe_us=7064 d_paints=0 d_skips=50 d_ticks=2 window_ms=1171
[script livel2tg6r_0] interact UseOn { name: "Chisel", kind: "inv", target_name: Some("Uncut sapphire"), x: 0, z: 0, level: 0, index: None }
[script livel2tg6r_0] interact UseOn { name: "Chisel", kind: "inv", target_name: Some("Uncut sapphire"), x: 0, z: 0, level: 0, index: None }
[script livel2tg6r_0] interact UseOn { name: "Chisel", kind: "inv", target_name: Some("Uncut sapphire"), x: 0, z: 0, level: 0, index: None }
[script livel2tg6r_0] interact UseOn { name: "Chisel", kind: "inv", target_name: Some("Uncut sapphire"), x: 0, z: 0, level: 0, index: None }
[script livel2tg6r_0] interact UseOn { name: "Chisel", kind: "inv", target_name: Some("Uncut sapphire"), x: 0, z: 0, level: 0, index: None }
[script livel2tg6r_0] interact UseOn { name: "Chisel", kind: "inv", target_name: Some("Uncut sapphire"), x: 0, z: 0, level: 0, index: None }
[script livel2tg6r_0] interact UseOn { name: "Chisel", kind: "inv", target_name: Some("Uncut sapphire"), x: 0, z: 0, level: 0, index: None }
[script livel2tg6r_0] interact UseOn { name: "Chisel", kind: "inv", target_name: Some("Uncut sapphire"), x: 0, z: 0, level: 0, index: None }
[script livel2tg6r_0] interact UseOn { name: "Chisel", kind: "inv", target_name: Some("Uncut sapphire"), x: 0, z: 0, level: 0, index: None }
[script livel2tg6r_0] interact UseOn { name: "Chisel", kind: "inv", target_name: Some("Uncut sapphire"), x: 0, z: 0, level: 0, index: None }
[script livel2tg6r_0] interact UseOn { name: "Chisel", kind: "inv", target_name: Some("Uncut sapphire"), x: 0, z: 0, level: 0, index: None }
[script livel2tg6r_0] interact UseOn { name: "Chisel", kind: "inv", target_name: Some("Uncut sapphire"), x: 0, z: 0, level: 0, index: None }
[script livel2tg6r_0] interact UseOn { name: "Chisel", kind: "inv", target_name: Some("Uncut sapphire"), x: 0, z: 0, level: 0, index: None }
[script livel2tg6r_0] interact UseOn { name: "Chisel", kind: "inv", target_name: Some("Uncut sapphire"), x: 0, z: 0, level: 0, index: None }
[script livel2tg6r_0] interact UseOn { name: "Chisel", kind: "inv", target_name: Some("Uncut sapphire"), x: 0, z: 0, level: 0, index: None }
[script livel2tg6r_0] interact UseOn { name: "Chisel", kind: "inv", target_name: Some("Uncut sapphire"), x: 0, z: 0, level: 0, index: None }
[script livel2tg6r_0] interact UseOn { name: "Chisel", kind: "inv", target_name: Some("Uncut sapphire"), x: 0, z: 0, level: 0, index: None }
[script livel2tg6r_0] interact UseOn { name: "Chisel", kind: "inv", target_name: Some("Uncut sapphire"), x: 0, z: 0, level: 0, index: None }
[script livel2tg6r_0] interact UseOn { name: "Chisel", kind: "inv", target_name: Some("Uncut sapphire"), x: 0, z: 0, level: 0, index: None }
[script livel2tg6r_0] interact UseOn { name: "Chisel", kind: "inv", target_name: Some("Uncut sapphire"), x: 0, z: 0, level: 0, index: None }
[script livel2tg6r_0] interact UseOn { name: "Chisel", kind: "inv", target_name: Some("Uncut sapphire"), x: 0, z: 0, level: 0, index: None }
[script livel2tg6r_0] interact UseOn { name: "Chisel", kind: "inv", target_name: Some("Uncut sapphire"), x: 0, z: 0, level: 0, index: None }
[script livel2tg6r_0] interact UseOn { name: "Chisel", kind: "inv", target_name: Some("Uncut sapphire"), x: 0, z: 0, level: 0, index: None }
[script livel2tg6r_0] interact UseOn { name: "Chisel", kind: "inv", target_name: Some("Uncut sapphire"), x: 0, z: 0, level: 0, index: None }
[script livel2tg6r_0] interact UseOn { name: "Chisel", kind: "inv", target_name: Some("Uncut sapphire"), x: 0, z: 0, level: 0, index: None }
[script livel2tg6r_0] interact UseOn { name: "Chisel", kind: "inv", target_name: Some("Uncut sapphire"), x: 0, z: 0, level: 0, index: None }
[script livel2tg6r_0] interact UseOn { name: "Chisel", kind: "inv", target_name: Some("Uncut sapphire"), x: 0, z: 0, level: 0, index: None }
[script livel2tg6r_0] interact UseOn { name: "Chisel", kind: "inv", target_name: Some("Uncut sapphire"), x: 0, z: 0, level: 0, index: None }
[script livel2tg6r_0] interact UseOn { name: "Chisel", kind: "inv", target_name: Some("Uncut sapphire"), x: 0, z: 0, level: 0, index: None }
[script livel2tg6r_0] interact UseOn { name: "Chisel", kind: "inv", target_name: Some("Uncut sapphire"), x: 0, z: 0, level: 0, index: None }
[script livel2tg6r_0] interact UseOn { name: "Chisel", kind: "inv", target_name: Some("Uncut sapphire"), x: 0, z: 0, level: 0, index: None }
[script livel2tg6r_0] interact UseOn { name: "Chisel", kind: "inv", target_name: Some("Uncut sapphire"), x: 0, z: 0, level: 0, index: None }
[script livel2tg6r_0] interact UseOn { name: "Chisel", kind: "inv", target_name: Some("Uncut sapphire"), x: 0, z: 0, level: 0, index: None }
[script livel2tg6r_0] interact UseOn { name: "Chisel", kind: "inv", target_name: Some("Uncut sapphire"), x: 0, z: 0, level: 0, index: None }
[script livel2tg6r_0] interact UseOn { name: "Chisel", kind: "inv", target_name: Some("Uncut sapphire"), x: 0, z: 0, level: 0, index: None }
[script livel2tg6r_0] interact UseOn { name: "Chisel", kind: "inv", target_name: Some("Uncut sapphire"), x: 0, z: 0, level: 0, index: None }
[script livel2tg6r_0] interact UseOn { name: "Chisel", kind: "inv", target_name: Some("Uncut sapphire"), x: 0, z: 0, level: 0, index: None }
[script livel2tg6r_0] interact UseOn { name: "Chisel", kind: "inv", target_name: Some("Uncut sapphire"), x: 0, z: 0, level: 0, index: None }
[script livel2tg6r_0] interact UseOn { name: "Chisel", kind: "inv", target_name: Some("Uncut sapphire"), x: 0, z: 0, level: 0, index: None }
[script livel2tg6r_0] interact UseOn { name: "Chisel", kind: "inv", target_name: Some("Uncut sapphire"), x: 0, z: 0, level: 0, index: None }
[script livel2tg6r_0] interact UseOn { name: "Chisel", kind: "inv", target_name: Some("Uncut sapphire"), x: 0, z: 0, level: 0, index: None }
[script livel2tg6r_0] interact UseOn { name: "Chisel", kind: "inv", target_name: Some("Uncut sapphire"), x: 0, z: 0, level: 0, index: None }
[script livel2tg6r_0] interact UseOn { name: "Chisel", kind: "inv", target_name: Some("Uncut sapphire"), x: 0, z: 0, level: 0, index: None }
[script livel2tg6r_0] interact UseOn { name: "Chisel", kind: "inv", target_name: Some("Uncut sapphire"), x: 0, z: 0, level: 0, index: None }
[script livel2tg6r_0] interact UseOn { name: "Chisel", kind: "inv", target_name: Some("Uncut sapphire"), x: 0, z: 0, level: 0, index: None }
[script livel2tg6r_0] interact UseOn { name: "Chisel", kind: "inv", target_name: Some("Uncut sapphire"), x: 0, z: 0, level: 0, index: None }
[script livel2tg6r_0] interact UseOn { name: "Chisel", kind: "inv", target_name: Some("Uncut sapphire"), x: 0, z: 0, level: 0, index: None }
[script livel2tg6r_0] interact UseOn { name: "Chisel", kind: "inv", target_name: Some("Uncut sapphire"), x: 0, z: 0, level: 0, index: None }
[script livel2tg6r_0] interact UseOn { name: "Chisel", kind: "inv", target_name: Some("Uncut sapphire"), x: 0, z: 0, level: 0, index: None }
[script livel2tg6r_0] interact UseOn { name: "Chisel", kind: "inv", target_name: Some("Uncut sapphire"), x: 0, z: 0, level: 0, index: None }
[script livel2tg6r_0] interact UseOn { name: "Chisel", kind: "inv", target_name: Some("Uncut sapphire"), x: 0, z: 0, level: 0, index: None }
[script livel2tg6r_0] interact UseOn { name: "Chisel", kind: "inv", target_name: Some("Uncut sapphire"), x: 0, z: 0, level: 0, index: None }
[script livel2tg6r_0] interact UseOn { name: "Chisel", kind: "inv", target_name: Some("Uncut sapphire"), x: 0, z: 0, level: 0, index: None }
[script livel2tg6r_0] interact UseOn { name: "Chisel", kind: "inv", target_name: Some("Uncut sapphire"), x: 0, z: 0, level: 0, index: None }
[script livel2tg6r_0] interact UseOn { name: "Chisel", kind: "inv", target_name: Some("Uncut sapphire"), x: 0, z: 0, level: 0, index: None }
[script livel2tg6r_0] interact UseOn { name: "Chisel", kind: "inv", target_name: Some("Uncut sapphire"), x: 0, z: 0, level: 0, index: None }
[script livel2tg6r_0] interact UseOn { name: "Chisel", kind: "inv", target_name: Some("Uncut sapphire"), x: 0, z: 0, level: 0, index: None }
[script livel2tg6r_0] interact UseOn { name: "Chisel", kind: "inv", target_name: Some("Uncut sapphire"), x: 0, z: 0, level: 0, index: None }
[script livel2tg6r_0] interact UseOn { name: "Chisel", kind: "inv", target_name: Some("Uncut sapphire"), x: 0, z: 0, level: 0, index: None }
[script livel2tg6r_0] interact UseOn { name: "Chisel", kind: "inv", target_name: Some("Uncut sapphire"), x: 0, z: 0, level: 0, index: None }
[host] slot livel2tg6r_0: d_loop_us=904 d_raster_us=0 d_observe_us=55087 max_observe_us=9353 d_paints=0 d_skips=50 d_ticks=2 window_ms=1205
[script livel2tg6r_0] interact UseOn { name: "Chisel", kind: "inv", target_name: Some("Uncut sapphire"), x: 0, z: 0, level: 0, index: None }
[script livel2tg6r_0] interact UseOn { name: "Chisel", kind: "inv", target_name: Some("Uncut sapphire"), x: 0, z: 0, level: 0, index: None }
[script livel2tg6r_0] interact UseOn { name: "Chisel", kind: "inv", target_name: Some("Uncut sapphire"), x: 0, z: 0, level: 0, index: None }
[script livel2tg6r_0] interact UseOn { name: "Chisel", kind: "inv", target_name: Some("Uncut sapphire"), x: 0, z: 0, level: 0, index: None }
[script livel2tg6r_0] interact UseOn { name: "Chisel", kind: "inv", target_name: Some("Uncut sapphire"), x: 0, z: 0, level: 0, index: None }
[script livel2tg6r_0] interact UseOn { name: "Chisel", kind: "inv", target_name: Some("Uncut sapphire"), x: 0, z: 0, level: 0, index: None }
[script livel2tg6r_0] interact UseOn { name: "Chisel", kind: "inv", target_name: Some("Uncut sapphire"), x: 0, z: 0, level: 0, index: None }
[script livel2tg6r_0] interact UseOn { name: "Chisel", kind: "inv", target_name: Some("Uncut sapphire"), x: 0, z: 0, level: 0, index: None }
[script livel2tg6r_0] interact UseOn { name: "Chisel", kind: "inv", target_name: Some("Uncut sapphire"), x: 0, z: 0, level: 0, index: None }
[script livel2tg6r_0] interact UseOn { name: "Chisel", kind: "inv", target_name: Some("Uncut sapphire"), x: 0, z: 0, level: 0, index: None }
[script livel2tg6r_0] interact UseOn { name: "Chisel", kind: "inv", target_name: Some("Uncut sapphire"), x: 0, z: 0, level: 0, index: None }
[script livel2tg6r_0] interact UseOn { name: "Chisel", kind: "inv", target_name: Some("Uncut sapphire"), x: 0, z: 0, level: 0, index: None }
[script livel2tg6r_0] interact UseOn { name: "Chisel", kind: "inv", target_name: Some("Uncut sapphire"), x: 0, z: 0, level: 0, index: None }
[script livel2tg6r_0] interact UseOn { name: "Chisel", kind: "inv", target_name: Some("Uncut sapphire"), x: 0, z: 0, level: 0, index: None }
[script livel2tg6r_0] interact UseOn { name: "Chisel", kind: "inv", target_name: Some("Uncut sapphire"), x: 0, z: 0, level: 0, index: None }
[script livel2tg6r_0] interact UseOn { name: "Chisel", kind: "inv", target_name: Some("Uncut sapphire"), x: 0, z: 0, level: 0, index: None }
[script livel2tg6r_0] interact UseOn { name: "Chisel", kind: "inv", target_name: Some("Uncut sapphire"), x: 0, z: 0, level: 0, index: None }
[script livel2tg6r_0] interact UseOn { name: "Chisel", kind: "inv", target_name: Some("Uncut sapphire"), x: 0, z: 0, level: 0, index: None }
[script livel2tg6r_0] interact UseOn { name: "Chisel", kind: "inv", target_name: Some("Uncut sapphire"), x: 0, z: 0, level: 0, index: None }
[script livel2tg6r_0] interact UseOn { name: "Chisel", kind: "inv", target_name: Some("Uncut sapphire"), x: 0, z: 0, level: 0, index: None }
[script livel2tg6r_0] interact UseOn { name: "Chisel", kind: "inv", target_name: Some("Uncut sapphire"), x: 0, z: 0, level: 0, index: None }
[script livel2tg6r_0] interact UseOn { name: "Chisel", kind: "inv", target_name: Some("Uncut sapphire"), x: 0, z: 0, level: 0, index: None }
[script livel2tg6r_0] interact UseOn { name: "Chisel", kind: "inv", target_name: Some("Uncut sapphire"), x: 0, z: 0, level: 0, index: None }
[script livel2tg6r_0] interact UseOn { name: "Chisel", kind: "inv", target_name: Some("Uncut sapphire"), x: 0, z: 0, level: 0, index: None }
[script livel2tg6r_0] interact UseOn { name: "Chisel", kind: "inv", target_name: Some("Uncut sapphire"), x: 0, z: 0, level: 0, index: None }
[script livel2tg6r_0] interact UseOn { name: "Chisel", kind: "inv", target_name: Some("Uncut sapphire"), x: 0, z: 0, level: 0, index: None }
[script livel2tg6r_0] interact UseOn { name: "Chisel", kind: "inv", target_name: Some("Uncut sapphire"), x: 0, z: 0, level: 0, index: None }
[script livel2tg6r_0] interact UseOn { name: "Chisel", kind: "inv", target_name: Some("Uncut sapphire"), x: 0, z: 0, level: 0, index: None }
[script livel2tg6r_0] interact UseOn { name: "Chisel", kind: "inv", target_name: Some("Uncut sapphire"), x: 0, z: 0, level: 0, index: None }
[script livel2tg6r_0] interact UseOn { name: "Chisel", kind: "inv", target_name: Some("Uncut sapphire"), x: 0, z: 0, level: 0, index: None }
[script livel2tg6r_0] interact UseOn { name: "Chisel", kind: "inv", target_name: Some("Uncut sapphire"), x: 0, z: 0, level: 0, index: None }
[script livel2tg6r_0] interact UseOn { name: "Chisel", kind: "inv", target_name: Some("Uncut sapphire"), x: 0, z: 0, level: 0, index: None }
[script livel2tg6r_0] interact UseOn { name: "Chisel", kind: "inv", target_name: Some("Uncut sapphire"), x: 0, z: 0, level: 0, index: None }
[script livel2tg6r_0] interact UseOn { name: "Chisel", kind: "inv", target_name: Some("Uncut sapphire"), x: 0, z: 0, level: 0, index: None }
[script livel2tg6r_0] interact UseOn { name: "Chisel", kind: "inv", target_name: Some("Uncut sapphire"), x: 0, z: 0, level: 0, index: None }
[script livel2tg6r_0] interact UseOn { name: "Chisel", kind: "inv", target_name: Some("Uncut sapphire"), x: 0, z: 0, level: 0, index: None }
[script livel2tg6r_0] interact UseOn { name: "Chisel", kind: "inv", target_name: Some("Uncut sapphire"), x: 0, z: 0, level: 0, index: None }
[script livel2tg6r_0] interact UseOn { name: "Chisel", kind: "inv", target_name: Some("Uncut sapphire"), x: 0, z: 0, level: 0, index: None }
[script livel2tg6r_0] interact UseOn { name: "Chisel", kind: "inv", target_name: Some("Uncut sapphire"), x: 0, z: 0, level: 0, index: None }
[script livel2tg6r_0] interact UseOn { name: "Chisel", kind: "inv", target_name: Some("Uncut sapphire"), x: 0, z: 0, level: 0, index: None }
[script livel2tg6r_0] interact UseOn { name: "Chisel", kind: "inv", target_name: Some("Uncut sapphire"), x: 0, z: 0, level: 0, index: None }
[script livel2tg6r_0] interact UseOn { name: "Chisel", kind: "inv", target_name: Some("Uncut sapphire"), x: 0, z: 0, level: 0, index: None }
[script livel2tg6r_0] interact UseOn { name: "Chisel", kind: "inv", target_name: Some("Uncut sapphire"), x: 0, z: 0, level: 0, index: None }
[script livel2tg6r_0] interact UseOn { name: "Chisel", kind: "inv", target_name: Some("Uncut sapphire"), x: 0, z: 0, level: 0, index: None }
[script livel2tg6r_0] interact UseOn { name: "Chisel", kind: "inv", target_name: Some("Uncut sapphire"), x: 0, z: 0, level: 0, index: None }
[script livel2tg6r_0] interact UseOn { name: "Chisel", kind: "inv", target_name: Some("Uncut sapphire"), x: 0, z: 0, level: 0, index: None }
[script livel2tg6r_0] interact UseOn { name: "Chisel", kind: "inv", target_name: Some("Uncut sapphire"), x: 0, z: 0, level: 0, index: None }
[script livel2tg6r_0] interact UseOn { name: "Chisel", kind: "inv", target_name: Some("Uncut sapphire"), x: 0, z: 0, level: 0, index: None }
[script livel2tg6r_0] interact UseOn { name: "Chisel", kind: "inv", target_name: Some("Uncut sapphire"), x: 0, z: 0, level: 0, index: None }
[script livel2tg6r_0] interact UseOn { name: "Chisel", kind: "inv", target_name: Some("Uncut sapphire"), x: 0, z: 0, level: 0, index: None }
[script livel2tg6r_0] interact UseOn { name: "Chisel", kind: "inv", target_name: Some("Uncut sapphire"), x: 0, z: 0, level: 0, index: None }
[script livel2tg6r_0] interact UseOn { name: "Chisel", kind: "inv", target_name: Some("Uncut sapphire"), x: 0, z: 0, level: 0, index: None }
[script livel2tg6r_0] interact UseOn { name: "Chisel", kind: "inv", target_name: Some("Uncut sapphire"), x: 0, z: 0, level: 0, index: None }
[script livel2tg6r_0] interact UseOn { name: "Chisel", kind: "inv", target_name: Some("Uncut sapphire"), x: 0, z: 0, level: 0, index: None }
[script livel2tg6r_0] interact UseOn { name: "Chisel", kind: "inv", target_name: Some("Uncut sapphire"), x: 0, z: 0, level: 0, index: None }
[script livel2tg6r_0] interact UseOn { name: "Chisel", kind: "inv", target_name: Some("Uncut sapphire"), x: 0, z: 0, level: 0, index: None }
[script livel2tg6r_0] interact UseOn { name: "Chisel", kind: "inv", target_name: Some("Uncut sapphire"), x: 0, z: 0, level: 0, index: None }
[script livel2tg6r_0] interact UseOn { name: "Chisel", kind: "inv", target_name: Some("Uncut sapphire"), x: 0, z: 0, level: 0, index: None }
[script livel2tg6r_0] interact UseOn { name: "Chisel", kind: "inv", target_name: Some("Uncut sapphire"), x: 0, z: 0, level: 0, index: None }
[script livel2tg6r_0] interact UseOn { name: "Chisel", kind: "inv", target_name: Some("Uncut sapphire"), x: 0, z: 0, level: 0, index: None }
[host] slot livel2tg6r_0: d_loop_us=913 d_raster_us=0 d_observe_us=49447 max_observe_us=5676 d_paints=0 d_skips=50 d_ticks=2 window_ms=1192
[host] slot livel2tg6r_0: d_loop_us=899 d_raster_us=0 d_observe_us=44899 max_observe_us=6700 d_paints=0 d_skips=50 d_ticks=2 window_ms=1186
[script livel2tg6r_0] interact UseOn { name: "Chisel", kind: "inv", target_name: Some("Uncut sapphire"), x: 0, z: 0, level: 0, index: None }
[script livel2tg6r_0] interact UseOn { name: "Chisel", kind: "inv", target_name: Some("Uncut sapphire"), x: 0, z: 0, level: 0, index: None }
[script livel2tg6r_0] interact UseOn { name: "Chisel", kind: "inv", target_name: Some("Uncut sapphire"), x: 0, z: 0, level: 0, index: None }
[script livel2tg6r_0] interact UseOn { name: "Chisel", kind: "inv", target_name: Some("Uncut sapphire"), x: 0, z: 0, level: 0, index: None }
[script livel2tg6r_0] interact UseOn { name: "Chisel", kind: "inv", target_name: Some("Uncut sapphire"), x: 0, z: 0, level: 0, index: None }
[script livel2tg6r_0] interact UseOn { name: "Chisel", kind: "inv", target_name: Some("Uncut sapphire"), x: 0, z: 0, level: 0, index: None }
[script livel2tg6r_0] interact UseOn { name: "Chisel", kind: "inv", target_name: Some("Uncut sapphire"), x: 0, z: 0, level: 0, index: None }
[script livel2tg6r_0] interact UseOn { name: "Chisel", kind: "inv", target_name: Some("Uncut sapphire"), x: 0, z: 0, level: 0, index: None }
[script livel2tg6r_0] interact UseOn { name: "Chisel", kind: "inv", target_name: Some("Uncut sapphire"), x: 0, z: 0, level: 0, index: None }
[script livel2tg6r_0] interact UseOn { name: "Chisel", kind: "inv", target_name: Some("Uncut sapphire"), x: 0, z: 0, level: 0, index: None }
[script livel2tg6r_0] interact UseOn { name: "Chisel", kind: "inv", target_name: Some("Uncut sapphire"), x: 0, z: 0, level: 0, index: None }
[script livel2tg6r_0] interact UseOn { name: "Chisel", kind: "inv", target_name: Some("Uncut sapphire"), x: 0, z: 0, level: 0, index: None }
[script livel2tg6r_0] interact UseOn { name: "Chisel", kind: "inv", target_name: Some("Uncut sapphire"), x: 0, z: 0, level: 0, index: None }
[script livel2tg6r_0] interact UseOn { name: "Chisel", kind: "inv", target_name: Some("Uncut sapphire"), x: 0, z: 0, level: 0, index: None }
[script livel2tg6r_0] interact UseOn { name: "Chisel", kind: "inv", target_name: Some("Uncut sapphire"), x: 0, z: 0, level: 0, index: None }
[script livel2tg6r_0] interact UseOn { name: "Chisel", kind: "inv", target_name: Some("Uncut sapphire"), x: 0, z: 0, level: 0, index: None }
[script livel2tg6r_0] interact UseOn { name: "Chisel", kind: "inv", target_name: Some("Uncut sapphire"), x: 0, z: 0, level: 0, index: None }
[script livel2tg6r_0] interact UseOn { name: "Chisel", kind: "inv", target_name: Some("Uncut sapphire"), x: 0, z: 0, level: 0, index: None }
[script livel2tg6r_0] interact UseOn { name: "Chisel", kind: "inv", target_name: Some("Uncut sapphire"), x: 0, z: 0, level: 0, index: None }
[script livel2tg6r_0] interact UseOn { name: "Chisel", kind: "inv", target_name: Some("Uncut sapphire"), x: 0, z: 0, level: 0, index: None }
[script livel2tg6r_0] interact UseOn { name: "Chisel", kind: "inv", target_name: Some("Uncut sapphire"), x: 0, z: 0, level: 0, index: None }
[script livel2tg6r_0] interact UseOn { name: "Chisel", kind: "inv", target_name: Some("Uncut sapphire"), x: 0, z: 0, level: 0, index: None }
[script livel2tg6r_0] interact UseOn { name: "Chisel", kind: "inv", target_name: Some("Uncut sapphire"), x: 0, z: 0, level: 0, index: None }
[script livel2tg6r_0] interact UseOn { name: "Chisel", kind: "inv", target_name: Some("Uncut sapphire"), x: 0, z: 0, level: 0, index: None }
[script livel2tg6r_0] interact UseOn { name: "Chisel", kind: "inv", target_name: Some("Uncut sapphire"), x: 0, z: 0, level: 0, index: None }
[script livel2tg6r_0] interact UseOn { name: "Chisel", kind: "inv", target_name: Some("Uncut sapphire"), x: 0, z: 0, level: 0, index: None }
[script livel2tg6r_0] interact UseOn { name: "Chisel", kind: "inv", target_name: Some("Uncut sapphire"), x: 0, z: 0, level: 0, index: None }
[script livel2tg6r_0] interact UseOn { name: "Chisel", kind: "inv", target_name: Some("Uncut sapphire"), x: 0, z: 0, level: 0, index: None }
[script livel2tg6r_0] interact UseOn { name: "Chisel", kind: "inv", target_name: Some("Uncut sapphire"), x: 0, z: 0, level: 0, index: None }
[script livel2tg6r_0] interact UseOn { name: "Chisel", kind: "inv", target_name: Some("Uncut sapphire"), x: 0, z: 0, level: 0, index: None }
[script livel2tg6r_0] interact UseOn { name: "Chisel", kind: "inv", target_name: Some("Uncut sapphire"), x: 0, z: 0, level: 0, index: None }
[script livel2tg6r_0] interact UseOn { name: "Chisel", kind: "inv", target_name: Some("Uncut sapphire"), x: 0, z: 0, level: 0, index: None }
[script livel2tg6r_0] interact UseOn { name: "Chisel", kind: "inv", target_name: Some("Uncut sapphire"), x: 0, z: 0, level: 0, index: None }
[script livel2tg6r_0] interact UseOn { name: "Chisel", kind: "inv", target_name: Some("Uncut sapphire"), x: 0, z: 0, level: 0, index: None }
[script livel2tg6r_0] interact UseOn { name: "Chisel", kind: "inv", target_name: Some("Uncut sapphire"), x: 0, z: 0, level: 0, index: None }
[script livel2tg6r_0] interact UseOn { name: "Chisel", kind: "inv", target_name: Some("Uncut sapphire"), x: 0, z: 0, level: 0, index: None }
[script livel2tg6r_0] interact UseOn { name: "Chisel", kind: "inv", target_name: Some("Uncut sapphire"), x: 0, z: 0, level: 0, index: None }
[script livel2tg6r_0] interact UseOn { name: "Chisel", kind: "inv", target_name: Some("Uncut sapphire"), x: 0, z: 0, level: 0, index: None }
[script livel2tg6r_0] interact UseOn { name: "Chisel", kind: "inv", target_name: Some("Uncut sapphire"), x: 0, z: 0, level: 0, index: None }
[script livel2tg6r_0] interact UseOn { name: "Chisel", kind: "inv", target_name: Some("Uncut sapphire"), x: 0, z: 0, level: 0, index: None }
[script livel2tg6r_0] interact UseOn { name: "Chisel", kind: "inv", target_name: Some("Uncut sapphire"), x: 0, z: 0, level: 0, index: None }
[script livel2tg6r_0] interact UseOn { name: "Chisel", kind: "inv", target_name: Some("Uncut sapphire"), x: 0, z: 0, level: 0, index: None }
[script livel2tg6r_0] interact UseOn { name: "Chisel", kind: "inv", target_name: Some("Uncut sapphire"), x: 0, z: 0, level: 0, index: None }
[script livel2tg6r_0] interact UseOn { name: "Chisel", kind: "inv", target_name: Some("Uncut sapphire"), x: 0, z: 0, level: 0, index: None }
[script livel2tg6r_0] interact UseOn { name: "Chisel", kind: "inv", target_name: Some("Uncut sapphire"), x: 0, z: 0, level: 0, index: None }
[script livel2tg6r_0] interact UseOn { name: "Chisel", kind: "inv", target_name: Some("Uncut sapphire"), x: 0, z: 0, level: 0, index: None }
[script livel2tg6r_0] interact UseOn { name: "Chisel", kind: "inv", target_name: Some("Uncut sapphire"), x: 0, z: 0, level: 0, index: None }
[script livel2tg6r_0] interact UseOn { name: "Chisel", kind: "inv", target_name: Some("Uncut sapphire"), x: 0, z: 0, level: 0, index: None }
[script livel2tg6r_0] interact UseOn { name: "Chisel", kind: "inv", target_name: Some("Uncut sapphire"), x: 0, z: 0, level: 0, index: None }
[script livel2tg6r_0] interact UseOn { name: "Chisel", kind: "inv", target_name: Some("Uncut sapphire"), x: 0, z: 0, level: 0, index: None }
[script livel2tg6r_0] interact UseOn { name: "Chisel", kind: "inv", target_name: Some("Uncut sapphire"), x: 0, z: 0, level: 0, index: None }
[script livel2tg6r_0] interact UseOn { name: "Chisel", kind: "inv", target_name: Some("Uncut sapphire"), x: 0, z: 0, level: 0, index: None }
[script livel2tg6r_0] interact UseOn { name: "Chisel", kind: "inv", target_name: Some("Uncut sapphire"), x: 0, z: 0, level: 0, index: None }
[script livel2tg6r_0] interact UseOn { name: "Chisel", kind: "inv", target_name: Some("Uncut sapphire"), x: 0, z: 0, level: 0, index: None }
[script livel2tg6r_0] interact UseOn { name: "Chisel", kind: "inv", target_name: Some("Uncut sapphire"), x: 0, z: 0, level: 0, index: None }
[script livel2tg6r_0] interact UseOn { name: "Chisel", kind: "inv", target_name: Some("Uncut sapphire"), x: 0, z: 0, level: 0, index: None }
[script livel2tg6r_0] interact UseOn { name: "Chisel", kind: "inv", target_name: Some("Uncut sapphire"), x: 0, z: 0, level: 0, index: None }
[script livel2tg6r_0] interact UseOn { name: "Chisel", kind: "inv", target_name: Some("Uncut sapphire"), x: 0, z: 0, level: 0, index: None }
[script livel2tg6r_0] interact UseOn { name: "Chisel", kind: "inv", target_name: Some("Uncut sapphire"), x: 0, z: 0, level: 0, index: None }
[script livel2tg6r_0] interact UseOn { name: "Chisel", kind: "inv", target_name: Some("Uncut sapphire"), x: 0, z: 0, level: 0, index: None }
[host] slot livel2tg6r_0: d_loop_us=923 d_raster_us=0 d_observe_us=47858 max_observe_us=8468 d_paints=0 d_skips=50 d_ticks=2 window_ms=1169
[host] slot livel2tg6r_0: d_loop_us=881 d_raster_us=0 d_observe_us=39790 max_observe_us=4375 d_paints=0 d_skips=50 d_ticks=2 window_ms=1201
[script livel2tg6r_0] interact UseOn { name: "Chisel", kind: "inv", target_name: Some("Uncut sapphire"), x: 0, z: 0, level: 0, index: None }
[script livel2tg6r_0] interact UseOn { name: "Chisel", kind: "inv", target_name: Some("Uncut sapphire"), x: 0, z: 0, level: 0, index: None }
[script livel2tg6r_0] interact UseOn { name: "Chisel", kind: "inv", target_name: Some("Uncut sapphire"), x: 0, z: 0, level: 0, index: None }
[script livel2tg6r_0] interact UseOn { name: "Chisel", kind: "inv", target_name: Some("Uncut sapphire"), x: 0, z: 0, level: 0, index: None }
[script livel2tg6r_0] interact UseOn { name: "Chisel", kind: "inv", target_name: Some("Uncut sapphire"), x: 0, z: 0, level: 0, index: None }
[script livel2tg6r_0] interact UseOn { name: "Chisel", kind: "inv", target_name: Some("Uncut sapphire"), x: 0, z: 0, level: 0, index: None }
[script livel2tg6r_0] interact UseOn { name: "Chisel", kind: "inv", target_name: Some("Uncut sapphire"), x: 0, z: 0, level: 0, index: None }
[script livel2tg6r_0] interact UseOn { name: "Chisel", kind: "inv", target_name: Some("Uncut sapphire"), x: 0, z: 0, level: 0, index: None }
[script livel2tg6r_0] interact UseOn { name: "Chisel", kind: "inv", target_name: Some("Uncut sapphire"), x: 0, z: 0, level: 0, index: None }
[script livel2tg6r_0] interact UseOn { name: "Chisel", kind: "inv", target_name: Some("Uncut sapphire"), x: 0, z: 0, level: 0, index: None }
[script livel2tg6r_0] interact UseOn { name: "Chisel", kind: "inv", target_name: Some("Uncut sapphire"), x: 0, z: 0, level: 0, index: None }
[script livel2tg6r_0] interact UseOn { name: "Chisel", kind: "inv", target_name: Some("Uncut sapphire"), x: 0, z: 0, level: 0, index: None }
[script livel2tg6r_0] interact UseOn { name: "Chisel", kind: "inv", target_name: Some("Uncut sapphire"), x: 0, z: 0, level: 0, index: None }
[script livel2tg6r_0] interact UseOn { name: "Chisel", kind: "inv", target_name: Some("Uncut sapphire"), x: 0, z: 0, level: 0, index: None }
[script livel2tg6r_0] interact UseOn { name: "Chisel", kind: "inv", target_name: Some("Uncut sapphire"), x: 0, z: 0, level: 0, index: None }
[script livel2tg6r_0] interact UseOn { name: "Chisel", kind: "inv", target_name: Some("Uncut sapphire"), x: 0, z: 0, level: 0, index: None }
[script livel2tg6r_0] interact UseOn { name: "Chisel", kind: "inv", target_name: Some("Uncut sapphire"), x: 0, z: 0, level: 0, index: None }
[script livel2tg6r_0] interact UseOn { name: "Chisel", kind: "inv", target_name: Some("Uncut sapphire"), x: 0, z: 0, level: 0, index: None }
[script livel2tg6r_0] interact UseOn { name: "Chisel", kind: "inv", target_name: Some("Uncut sapphire"), x: 0, z: 0, level: 0, index: None }
[script livel2tg6r_0] interact UseOn { name: "Chisel", kind: "inv", target_name: Some("Uncut sapphire"), x: 0, z: 0, level: 0, index: None }
[script livel2tg6r_0] interact UseOn { name: "Chisel", kind: "inv", target_name: Some("Uncut sapphire"), x: 0, z: 0, level: 0, index: None }
[script livel2tg6r_0] interact UseOn { name: "Chisel", kind: "inv", target_name: Some("Uncut sapphire"), x: 0, z: 0, level: 0, index: None }
[script livel2tg6r_0] interact UseOn { name: "Chisel", kind: "inv", target_name: Some("Uncut sapphire"), x: 0, z: 0, level: 0, index: None }
[script livel2tg6r_0] interact UseOn { name: "Chisel", kind: "inv", target_name: Some("Uncut sapphire"), x: 0, z: 0, level: 0, index: None }
[script livel2tg6r_0] interact UseOn { name: "Chisel", kind: "inv", target_name: Some("Uncut sapphire"), x: 0, z: 0, level: 0, index: None }
[script livel2tg6r_0] interact UseOn { name: "Chisel", kind: "inv", target_name: Some("Uncut sapphire"), x: 0, z: 0, level: 0, index: None }
[script livel2tg6r_0] interact UseOn { name: "Chisel", kind: "inv", target_name: Some("Uncut sapphire"), x: 0, z: 0, level: 0, index: None }
[script livel2tg6r_0] interact UseOn { name: "Chisel", kind: "inv", target_name: Some("Uncut sapphire"), x: 0, z: 0, level: 0, index: None }
[script livel2tg6r_0] interact UseOn { name: "Chisel", kind: "inv", target_name: Some("Uncut sapphire"), x: 0, z: 0, level: 0, index: None }
[script livel2tg6r_0] interact UseOn { name: "Chisel", kind: "inv", target_name: Some("Uncut sapphire"), x: 0, z: 0, level: 0, index: None }
[script livel2tg6r_0] interact UseOn { name: "Chisel", kind: "inv", target_name: Some("Uncut sapphire"), x: 0, z: 0, level: 0, index: None }
[script livel2tg6r_0] interact UseOn { name: "Chisel", kind: "inv", target_name: Some("Uncut sapphire"), x: 0, z: 0, level: 0, index: None }
[script livel2tg6r_0] interact UseOn { name: "Chisel", kind: "inv", target_name: Some("Uncut sapphire"), x: 0, z: 0, level: 0, index: None }
[script livel2tg6r_0] interact UseOn { name: "Chisel", kind: "inv", target_name: Some("Uncut sapphire"), x: 0, z: 0, level: 0, index: None }
[script livel2tg6r_0] interact UseOn { name: "Chisel", kind: "inv", target_name: Some("Uncut sapphire"), x: 0, z: 0, level: 0, index: None }
[script livel2tg6r_0] interact UseOn { name: "Chisel", kind: "inv", target_name: Some("Uncut sapphire"), x: 0, z: 0, level: 0, index: None }
[script livel2tg6r_0] interact UseOn { name: "Chisel", kind: "inv", target_name: Some("Uncut sapphire"), x: 0, z: 0, level: 0, index: None }
[script livel2tg6r_0] interact UseOn { name: "Chisel", kind: "inv", target_name: Some("Uncut sapphire"), x: 0, z: 0, level: 0, index: None }
[script livel2tg6r_0] interact UseOn { name: "Chisel", kind: "inv", target_name: Some("Uncut sapphire"), x: 0, z: 0, level: 0, index: None }
[script livel2tg6r_0] interact UseOn { name: "Chisel", kind: "inv", target_name: Some("Uncut sapphire"), x: 0, z: 0, level: 0, index: None }
[script livel2tg6r_0] interact UseOn { name: "Chisel", kind: "inv", target_name: Some("Uncut sapphire"), x: 0, z: 0, level: 0, index: None }
[script livel2tg6r_0] interact UseOn { name: "Chisel", kind: "inv", target_name: Some("Uncut sapphire"), x: 0, z: 0, level: 0, index: None }
[script livel2tg6r_0] interact UseOn { name: "Chisel", kind: "inv", target_name: Some("Uncut sapphire"), x: 0, z: 0, level: 0, index: None }
[script livel2tg6r_0] interact UseOn { name: "Chisel", kind: "inv", target_name: Some("Uncut sapphire"), x: 0, z: 0, level: 0, index: None }
[script livel2tg6r_0] interact UseOn { name: "Chisel", kind: "inv", target_name: Some("Uncut sapphire"), x: 0, z: 0, level: 0, index: None }
[script livel2tg6r_0] interact UseOn { name: "Chisel", kind: "inv", target_name: Some("Uncut sapphire"), x: 0, z: 0, level: 0, index: None }
[script livel2tg6r_0] interact UseOn { name: "Chisel", kind: "inv", target_name: Some("Uncut sapphire"), x: 0, z: 0, level: 0, index: None }
[script livel2tg6r_0] interact UseOn { name: "Chisel", kind: "inv", target_name: Some("Uncut sapphire"), x: 0, z: 0, level: 0, index: None }
[script livel2tg6r_0] interact UseOn { name: "Chisel", kind: "inv", target_name: Some("Uncut sapphire"), x: 0, z: 0, level: 0, index: None }
[script livel2tg6r_0] interact UseOn { name: "Chisel", kind: "inv", target_name: Some("Uncut sapphire"), x: 0, z: 0, level: 0, index: None }
[script livel2tg6r_0] interact UseOn { name: "Chisel", kind: "inv", target_name: Some("Uncut sapphire"), x: 0, z: 0, level: 0, index: None }
[script livel2tg6r_0] interact UseOn { name: "Chisel", kind: "inv", target_name: Some("Uncut sapphire"), x: 0, z: 0, level: 0, index: None }
[script livel2tg6r_0] interact UseOn { name: "Chisel", kind: "inv", target_name: Some("Uncut sapphire"), x: 0, z: 0, level: 0, index: None }
[script livel2tg6r_0] interact UseOn { name: "Chisel", kind: "inv", target_name: Some("Uncut sapphire"), x: 0, z: 0, level: 0, index: None }
[script livel2tg6r_0] interact UseOn { name: "Chisel", kind: "inv", target_name: Some("Uncut sapphire"), x: 0, z: 0, level: 0, index: None }
[script livel2tg6r_0] interact UseOn { name: "Chisel", kind: "inv", target_name: Some("Uncut sapphire"), x: 0, z: 0, level: 0, index: None }
[script livel2tg6r_0] interact UseOn { name: "Chisel", kind: "inv", target_name: Some("Uncut sapphire"), x: 0, z: 0, level: 0, index: None }
[script livel2tg6r_0] interact UseOn { name: "Chisel", kind: "inv", target_name: Some("Uncut sapphire"), x: 0, z: 0, level: 0, index: None }
[script livel2tg6r_0] interact UseOn { name: "Chisel", kind: "inv", target_name: Some("Uncut sapphire"), x: 0, z: 0, level: 0, index: None }
[script livel2tg6r_0] interact UseOn { name: "Chisel", kind: "inv", target_name: Some("Uncut sapphire"), x: 0, z: 0, level: 0, index: None }
[host] slot livel2tg6r_0: d_loop_us=912 d_raster_us=0 d_observe_us=50353 max_observe_us=8593 d_paints=0 d_skips=50 d_ticks=2 window_ms=1209
[script livel2tg6r_0] interact UseOn { name: "Chisel", kind: "inv", target_name: Some("Uncut sapphire"), x: 0, z: 0, level: 0, index: None }
[script livel2tg6r_0] interact UseOn { name: "Chisel", kind: "inv", target_name: Some("Uncut sapphire"), x: 0, z: 0, level: 0, index: None }
[script livel2tg6r_0] interact UseOn { name: "Chisel", kind: "inv", target_name: Some("Uncut sapphire"), x: 0, z: 0, level: 0, index: None }
[script livel2tg6r_0] interact UseOn { name: "Chisel", kind: "inv", target_name: Some("Uncut sapphire"), x: 0, z: 0, level: 0, index: None }
[script livel2tg6r_0] interact UseOn { name: "Chisel", kind: "inv", target_name: Some("Uncut sapphire"), x: 0, z: 0, level: 0, index: None }
[script livel2tg6r_0] interact UseOn { name: "Chisel", kind: "inv", target_name: Some("Uncut sapphire"), x: 0, z: 0, level: 0, index: None }
[script livel2tg6r_0] interact UseOn { name: "Chisel", kind: "inv", target_name: Some("Uncut sapphire"), x: 0, z: 0, level: 0, index: None }
[script livel2tg6r_0] interact UseOn { name: "Chisel", kind: "inv", target_name: Some("Uncut sapphire"), x: 0, z: 0, level: 0, index: None }
[script livel2tg6r_0] interact UseOn { name: "Chisel", kind: "inv", target_name: Some("Uncut sapphire"), x: 0, z: 0, level: 0, index: None }
[script livel2tg6r_0] interact UseOn { name: "Chisel", kind: "inv", target_name: Some("Uncut sapphire"), x: 0, z: 0, level: 0, index: None }
[script livel2tg6r_0] interact UseOn { name: "Chisel", kind: "inv", target_name: Some("Uncut sapphire"), x: 0, z: 0, level: 0, index: None }
[script livel2tg6r_0] interact UseOn { name: "Chisel", kind: "inv", target_name: Some("Uncut sapphire"), x: 0, z: 0, level: 0, index: None }
[script livel2tg6r_0] interact UseOn { name: "Chisel", kind: "inv", target_name: Some("Uncut sapphire"), x: 0, z: 0, level: 0, index: None }
[script livel2tg6r_0] interact UseOn { name: "Chisel", kind: "inv", target_name: Some("Uncut sapphire"), x: 0, z: 0, level: 0, index: None }
[script livel2tg6r_0] interact UseOn { name: "Chisel", kind: "inv", target_name: Some("Uncut sapphire"), x: 0, z: 0, level: 0, index: None }
[script livel2tg6r_0] interact UseOn { name: "Chisel", kind: "inv", target_name: Some("Uncut sapphire"), x: 0, z: 0, level: 0, index: None }
[script livel2tg6r_0] interact UseOn { name: "Chisel", kind: "inv", target_name: Some("Uncut sapphire"), x: 0, z: 0, level: 0, index: None }
[script livel2tg6r_0] interact UseOn { name: "Chisel", kind: "inv", target_name: Some("Uncut sapphire"), x: 0, z: 0, level: 0, index: None }
[script livel2tg6r_0] interact UseOn { name: "Chisel", kind: "inv", target_name: Some("Uncut sapphire"), x: 0, z: 0, level: 0, index: None }
[script livel2tg6r_0] interact UseOn { name: "Chisel", kind: "inv", target_name: Some("Uncut sapphire"), x: 0, z: 0, level: 0, index: None }
[script livel2tg6r_0] interact UseOn { name: "Chisel", kind: "inv", target_name: Some("Uncut sapphire"), x: 0, z: 0, level: 0, index: None }
[script livel2tg6r_0] interact UseOn { name: "Chisel", kind: "inv", target_name: Some("Uncut sapphire"), x: 0, z: 0, level: 0, index: None }
[script livel2tg6r_0] interact UseOn { name: "Chisel", kind: "inv", target_name: Some("Uncut sapphire"), x: 0, z: 0, level: 0, index: None }
[script livel2tg6r_0] interact UseOn { name: "Chisel", kind: "inv", target_name: Some("Uncut sapphire"), x: 0, z: 0, level: 0, index: None }
[script livel2tg6r_0] interact UseOn { name: "Chisel", kind: "inv", target_name: Some("Uncut sapphire"), x: 0, z: 0, level: 0, index: None }
[script livel2tg6r_0] interact UseOn { name: "Chisel", kind: "inv", target_name: Some("Uncut sapphire"), x: 0, z: 0, level: 0, index: None }
[script livel2tg6r_0] interact UseOn { name: "Chisel", kind: "inv", target_name: Some("Uncut sapphire"), x: 0, z: 0, level: 0, index: None }
[script livel2tg6r_0] interact UseOn { name: "Chisel", kind: "inv", target_name: Some("Uncut sapphire"), x: 0, z: 0, level: 0, index: None }
[script livel2tg6r_0] interact UseOn { name: "Chisel", kind: "inv", target_name: Some("Uncut sapphire"), x: 0, z: 0, level: 0, index: None }
[script livel2tg6r_0] interact UseOn { name: "Chisel", kind: "inv", target_name: Some("Uncut sapphire"), x: 0, z: 0, level: 0, index: None }
[script livel2tg6r_0] interact UseOn { name: "Chisel", kind: "inv", target_name: Some("Uncut sapphire"), x: 0, z: 0, level: 0, index: None }
[script livel2tg6r_0] interact UseOn { name: "Chisel", kind: "inv", target_name: Some("Uncut sapphire"), x: 0, z: 0, level: 0, index: None }
[script livel2tg6r_0] interact UseOn { name: "Chisel", kind: "inv", target_name: Some("Uncut sapphire"), x: 0, z: 0, level: 0, index: None }
[script livel2tg6r_0] interact UseOn { name: "Chisel", kind: "inv", target_name: Some("Uncut sapphire"), x: 0, z: 0, level: 0, index: None }
[script livel2tg6r_0] interact UseOn { name: "Chisel", kind: "inv", target_name: Some("Uncut sapphire"), x: 0, z: 0, level: 0, index: None }
[script livel2tg6r_0] interact UseOn { name: "Chisel", kind: "inv", target_name: Some("Uncut sapphire"), x: 0, z: 0, level: 0, index: None }
[script livel2tg6r_0] interact UseOn { name: "Chisel", kind: "inv", target_name: Some("Uncut sapphire"), x: 0, z: 0, level: 0, index: None }
[script livel2tg6r_0] interact UseOn { name: "Chisel", kind: "inv", target_name: Some("Uncut sapphire"), x: 0, z: 0, level: 0, index: None }
[script livel2tg6r_0] interact UseOn { name: "Chisel", kind: "inv", target_name: Some("Uncut sapphire"), x: 0, z: 0, level: 0, index: None }
[script livel2tg6r_0] interact UseOn { name: "Chisel", kind: "inv", target_name: Some("Uncut sapphire"), x: 0, z: 0, level: 0, index: None }
[script livel2tg6r_0] interact UseOn { name: "Chisel", kind: "inv", target_name: Some("Uncut sapphire"), x: 0, z: 0, level: 0, index: None }
[script livel2tg6r_0] interact UseOn { name: "Chisel", kind: "inv", target_name: Some("Uncut sapphire"), x: 0, z: 0, level: 0, index: None }
[script livel2tg6r_0] interact UseOn { name: "Chisel", kind: "inv", target_name: Some("Uncut sapphire"), x: 0, z: 0, level: 0, index: None }
[script livel2tg6r_0] interact UseOn { name: "Chisel", kind: "inv", target_name: Some("Uncut sapphire"), x: 0, z: 0, level: 0, index: None }
[script livel2tg6r_0] interact UseOn { name: "Chisel", kind: "inv", target_name: Some("Uncut sapphire"), x: 0, z: 0, level: 0, index: None }
[script livel2tg6r_0] interact UseOn { name: "Chisel", kind: "inv", target_name: Some("Uncut sapphire"), x: 0, z: 0, level: 0, index: None }
[script livel2tg6r_0] interact UseOn { name: "Chisel", kind: "inv", target_name: Some("Uncut sapphire"), x: 0, z: 0, level: 0, index: None }
[script livel2tg6r_0] interact UseOn { name: "Chisel", kind: "inv", target_name: Some("Uncut sapphire"), x: 0, z: 0, level: 0, index: None }
[script livel2tg6r_0] interact UseOn { name: "Chisel", kind: "inv", target_name: Some("Uncut sapphire"), x: 0, z: 0, level: 0, index: None }
[script livel2tg6r_0] interact UseOn { name: "Chisel", kind: "inv", target_name: Some("Uncut sapphire"), x: 0, z: 0, level: 0, index: None }
[script livel2tg6r_0] interact UseOn { name: "Chisel", kind: "inv", target_name: Some("Uncut sapphire"), x: 0, z: 0, level: 0, index: None }
[script livel2tg6r_0] interact UseOn { name: "Chisel", kind: "inv", target_name: Some("Uncut sapphire"), x: 0, z: 0, level: 0, index: None }
[script livel2tg6r_0] interact UseOn { name: "Chisel", kind: "inv", target_name: Some("Uncut sapphire"), x: 0, z: 0, level: 0, index: None }
[script livel2tg6r_0] interact UseOn { name: "Chisel", kind: "inv", target_name: Some("Uncut sapphire"), x: 0, z: 0, level: 0, index: None }
[script livel2tg6r_0] interact UseOn { name: "Chisel", kind: "inv", target_name: Some("Uncut sapphire"), x: 0, z: 0, level: 0, index: None }
[script livel2tg6r_0] interact UseOn { name: "Chisel", kind: "inv", target_name: Some("Uncut sapphire"), x: 0, z: 0, level: 0, index: None }
[script livel2tg6r_0] interact UseOn { name: "Chisel", kind: "inv", target_name: Some("Uncut sapphire"), x: 0, z: 0, level: 0, index: None }
[script livel2tg6r_0] interact UseOn { name: "Chisel", kind: "inv", target_name: Some("Uncut sapphire"), x: 0, z: 0, level: 0, index: None }
[script livel2tg6r_0] interact UseOn { name: "Chisel", kind: "inv", target_name: Some("Uncut sapphire"), x: 0, z: 0, level: 0, index: None }
[script livel2tg6r_0] interact UseOn { name: "Chisel", kind: "inv", target_name: Some("Uncut sapphire"), x: 0, z: 0, level: 0, index: None }
[host] slot livel2tg6r_0: d_loop_us=899 d_raster_us=0 d_observe_us=47470 max_observe_us=5325 d_paints=0 d_skips=50 d_ticks=2 window_ms=1185
[host] slot livel2tg6r_0: d_loop_us=930 d_raster_us=0 d_observe_us=48728 max_observe_us=8428 d_paints=0 d_skips=50 d_ticks=2 window_ms=1184
[script livel2tg6r_0] interact UseOn { name: "Chisel", kind: "inv", target_name: Some("Uncut sapphire"), x: 0, z: 0, level: 0, index: None }
[script livel2tg6r_0] interact UseOn { name: "Chisel", kind: "inv", target_name: Some("Uncut sapphire"), x: 0, z: 0, level: 0, index: None }
[script livel2tg6r_0] interact UseOn { name: "Chisel", kind: "inv", target_name: Some("Uncut sapphire"), x: 0, z: 0, level: 0, index: None }
[script livel2tg6r_0] interact UseOn { name: "Chisel", kind: "inv", target_name: Some("Uncut sapphire"), x: 0, z: 0, level: 0, index: None }
[script livel2tg6r_0] interact UseOn { name: "Chisel", kind: "inv", target_name: Some("Uncut sapphire"), x: 0, z: 0, level: 0, index: None }
[script livel2tg6r_0] interact UseOn { name: "Chisel", kind: "inv", target_name: Some("Uncut sapphire"), x: 0, z: 0, level: 0, index: None }
[script livel2tg6r_0] interact UseOn { name: "Chisel", kind: "inv", target_name: Some("Uncut sapphire"), x: 0, z: 0, level: 0, index: None }
[script livel2tg6r_0] interact UseOn { name: "Chisel", kind: "inv", target_name: Some("Uncut sapphire"), x: 0, z: 0, level: 0, index: None }
[script livel2tg6r_0] interact UseOn { name: "Chisel", kind: "inv", target_name: Some("Uncut sapphire"), x: 0, z: 0, level: 0, index: None }
[script livel2tg6r_0] interact UseOn { name: "Chisel", kind: "inv", target_name: Some("Uncut sapphire"), x: 0, z: 0, level: 0, index: None }
[script livel2tg6r_0] interact UseOn { name: "Chisel", kind: "inv", target_name: Some("Uncut sapphire"), x: 0, z: 0, level: 0, index: None }
[script livel2tg6r_0] interact UseOn { name: "Chisel", kind: "inv", target_name: Some("Uncut sapphire"), x: 0, z: 0, level: 0, index: None }
[script livel2tg6r_0] interact UseOn { name: "Chisel", kind: "inv", target_name: Some("Uncut sapphire"), x: 0, z: 0, level: 0, index: None }
[script livel2tg6r_0] interact UseOn { name: "Chisel", kind: "inv", target_name: Some("Uncut sapphire"), x: 0, z: 0, level: 0, index: None }
[script livel2tg6r_0] interact UseOn { name: "Chisel", kind: "inv", target_name: Some("Uncut sapphire"), x: 0, z: 0, level: 0, index: None }
[script livel2tg6r_0] interact UseOn { name: "Chisel", kind: "inv", target_name: Some("Uncut sapphire"), x: 0, z: 0, level: 0, index: None }
[script livel2tg6r_0] interact UseOn { name: "Chisel", kind: "inv", target_name: Some("Uncut sapphire"), x: 0, z: 0, level: 0, index: None }
[script livel2tg6r_0] interact UseOn { name: "Chisel", kind: "inv", target_name: Some("Uncut sapphire"), x: 0, z: 0, level: 0, index: None }
[script livel2tg6r_0] interact UseOn { name: "Chisel", kind: "inv", target_name: Some("Uncut sapphire"), x: 0, z: 0, level: 0, index: None }
[script livel2tg6r_0] interact UseOn { name: "Chisel", kind: "inv", target_name: Some("Uncut sapphire"), x: 0, z: 0, level: 0, index: None }
[script livel2tg6r_0] interact UseOn { name: "Chisel", kind: "inv", target_name: Some("Uncut sapphire"), x: 0, z: 0, level: 0, index: None }
[script livel2tg6r_0] interact UseOn { name: "Chisel", kind: "inv", target_name: Some("Uncut sapphire"), x: 0, z: 0, level: 0, index: None }
[script livel2tg6r_0] interact UseOn { name: "Chisel", kind: "inv", target_name: Some("Uncut sapphire"), x: 0, z: 0, level: 0, index: None }
[script livel2tg6r_0] interact UseOn { name: "Chisel", kind: "inv", target_name: Some("Uncut sapphire"), x: 0, z: 0, level: 0, index: None }
[script livel2tg6r_0] interact UseOn { name: "Chisel", kind: "inv", target_name: Some("Uncut sapphire"), x: 0, z: 0, level: 0, index: None }
[script livel2tg6r_0] interact UseOn { name: "Chisel", kind: "inv", target_name: Some("Uncut sapphire"), x: 0, z: 0, level: 0, index: None }
[script livel2tg6r_0] interact UseOn { name: "Chisel", kind: "inv", target_name: Some("Uncut sapphire"), x: 0, z: 0, level: 0, index: None }
[script livel2tg6r_0] interact UseOn { name: "Chisel", kind: "inv", target_name: Some("Uncut sapphire"), x: 0, z: 0, level: 0, index: None }
[script livel2tg6r_0] interact UseOn { name: "Chisel", kind: "inv", target_name: Some("Uncut sapphire"), x: 0, z: 0, level: 0, index: None }
[script livel2tg6r_0] interact UseOn { name: "Chisel", kind: "inv", target_name: Some("Uncut sapphire"), x: 0, z: 0, level: 0, index: None }
[script livel2tg6r_0] interact UseOn { name: "Chisel", kind: "inv", target_name: Some("Uncut sapphire"), x: 0, z: 0, level: 0, index: None }
[script livel2tg6r_0] interact UseOn { name: "Chisel", kind: "inv", target_name: Some("Uncut sapphire"), x: 0, z: 0, level: 0, index: None }
[script livel2tg6r_0] interact UseOn { name: "Chisel", kind: "inv", target_name: Some("Uncut sapphire"), x: 0, z: 0, level: 0, index: None }
[script livel2tg6r_0] interact UseOn { name: "Chisel", kind: "inv", target_name: Some("Uncut sapphire"), x: 0, z: 0, level: 0, index: None }
[script livel2tg6r_0] interact UseOn { name: "Chisel", kind: "inv", target_name: Some("Uncut sapphire"), x: 0, z: 0, level: 0, index: None }
[script livel2tg6r_0] interact UseOn { name: "Chisel", kind: "inv", target_name: Some("Uncut sapphire"), x: 0, z: 0, level: 0, index: None }
[script livel2tg6r_0] interact UseOn { name: "Chisel", kind: "inv", target_name: Some("Uncut sapphire"), x: 0, z: 0, level: 0, index: None }
[script livel2tg6r_0] interact UseOn { name: "Chisel", kind: "inv", target_name: Some("Uncut sapphire"), x: 0, z: 0, level: 0, index: None }
[script livel2tg6r_0] interact UseOn { name: "Chisel", kind: "inv", target_name: Some("Uncut sapphire"), x: 0, z: 0, level: 0, index: None }
[script livel2tg6r_0] interact UseOn { name: "Chisel", kind: "inv", target_name: Some("Uncut sapphire"), x: 0, z: 0, level: 0, index: None }
[script livel2tg6r_0] interact UseOn { name: "Chisel", kind: "inv", target_name: Some("Uncut sapphire"), x: 0, z: 0, level: 0, index: None }
[script livel2tg6r_0] interact UseOn { name: "Chisel", kind: "inv", target_name: Some("Uncut sapphire"), x: 0, z: 0, level: 0, index: None }
[script livel2tg6r_0] interact UseOn { name: "Chisel", kind: "inv", target_name: Some("Uncut sapphire"), x: 0, z: 0, level: 0, index: None }
[script livel2tg6r_0] interact UseOn { name: "Chisel", kind: "inv", target_name: Some("Uncut sapphire"), x: 0, z: 0, level: 0, index: None }
[script livel2tg6r_0] interact UseOn { name: "Chisel", kind: "inv", target_name: Some("Uncut sapphire"), x: 0, z: 0, level: 0, index: None }
[script livel2tg6r_0] interact UseOn { name: "Chisel", kind: "inv", target_name: Some("Uncut sapphire"), x: 0, z: 0, level: 0, index: None }
[script livel2tg6r_0] interact UseOn { name: "Chisel", kind: "inv", target_name: Some("Uncut sapphire"), x: 0, z: 0, level: 0, index: None }
[script livel2tg6r_0] interact UseOn { name: "Chisel", kind: "inv", target_name: Some("Uncut sapphire"), x: 0, z: 0, level: 0, index: None }
[script livel2tg6r_0] interact UseOn { name: "Chisel", kind: "inv", target_name: Some("Uncut sapphire"), x: 0, z: 0, level: 0, index: None }
[script livel2tg6r_0] interact UseOn { name: "Chisel", kind: "inv", target_name: Some("Uncut sapphire"), x: 0, z: 0, level: 0, index: None }
[script livel2tg6r_0] interact UseOn { name: "Chisel", kind: "inv", target_name: Some("Uncut sapphire"), x: 0, z: 0, level: 0, index: None }
[script livel2tg6r_0] interact UseOn { name: "Chisel", kind: "inv", target_name: Some("Uncut sapphire"), x: 0, z: 0, level: 0, index: None }
[script livel2tg6r_0] interact UseOn { name: "Chisel", kind: "inv", target_name: Some("Uncut sapphire"), x: 0, z: 0, level: 0, index: None }
[script livel2tg6r_0] interact UseOn { name: "Chisel", kind: "inv", target_name: Some("Uncut sapphire"), x: 0, z: 0, level: 0, index: None }
[script livel2tg6r_0] interact UseOn { name: "Chisel", kind: "inv", target_name: Some("Uncut sapphire"), x: 0, z: 0, level: 0, index: None }
[script livel2tg6r_0] interact UseOn { name: "Chisel", kind: "inv", target_name: Some("Uncut sapphire"), x: 0, z: 0, level: 0, index: None }
[script livel2tg6r_0] interact UseOn { name: "Chisel", kind: "inv", target_name: Some("Uncut sapphire"), x: 0, z: 0, level: 0, index: None }
[script livel2tg6r_0] interact UseOn { name: "Chisel", kind: "inv", target_name: Some("Uncut sapphire"), x: 0, z: 0, level: 0, index: None }
[script livel2tg6r_0] interact UseOn { name: "Chisel", kind: "inv", target_name: Some("Uncut sapphire"), x: 0, z: 0, level: 0, index: None }
[script livel2tg6r_0] interact UseOn { name: "Chisel", kind: "inv", target_name: Some("Uncut sapphire"), x: 0, z: 0, level: 0, index: None }
[host] slot livel2tg6r_0: d_loop_us=900 d_raster_us=0 d_observe_us=50035 max_observe_us=5756 d_paints=0 d_skips=50 d_ticks=2 window_ms=1177
[host] slot livel2tg6r_0: d_loop_us=944 d_raster_us=0 d_observe_us=52447 max_observe_us=8974 d_paints=0 d_skips=50 d_ticks=2 window_ms=1192
[script livel2tg6r_0] interact UseOn { name: "Chisel", kind: "inv", target_name: Some("Uncut sapphire"), x: 0, z: 0, level: 0, index: None }
[script livel2tg6r_0] interact UseOn { name: "Chisel", kind: "inv", target_name: Some("Uncut sapphire"), x: 0, z: 0, level: 0, index: None }
[script livel2tg6r_0] interact UseOn { name: "Chisel", kind: "inv", target_name: Some("Uncut sapphire"), x: 0, z: 0, level: 0, index: None }
[script livel2tg6r_0] interact UseOn { name: "Chisel", kind: "inv", target_name: Some("Uncut sapphire"), x: 0, z: 0, level: 0, index: None }
[script livel2tg6r_0] interact UseOn { name: "Chisel", kind: "inv", target_name: Some("Uncut sapphire"), x: 0, z: 0, level: 0, index: None }
[script livel2tg6r_0] interact UseOn { name: "Chisel", kind: "inv", target_name: Some("Uncut sapphire"), x: 0, z: 0, level: 0, index: None }
[script livel2tg6r_0] interact UseOn { name: "Chisel", kind: "inv", target_name: Some("Uncut sapphire"), x: 0, z: 0, level: 0, index: None }
[script livel2tg6r_0] interact UseOn { name: "Chisel", kind: "inv", target_name: Some("Uncut sapphire"), x: 0, z: 0, level: 0, index: None }
[script livel2tg6r_0] interact UseOn { name: "Chisel", kind: "inv", target_name: Some("Uncut sapphire"), x: 0, z: 0, level: 0, index: None }
[script livel2tg6r_0] interact UseOn { name: "Chisel", kind: "inv", target_name: Some("Uncut sapphire"), x: 0, z: 0, level: 0, index: None }
[script livel2tg6r_0] interact UseOn { name: "Chisel", kind: "inv", target_name: Some("Uncut sapphire"), x: 0, z: 0, level: 0, index: None }
[script livel2tg6r_0] interact UseOn { name: "Chisel", kind: "inv", target_name: Some("Uncut sapphire"), x: 0, z: 0, level: 0, index: None }
[script livel2tg6r_0] interact UseOn { name: "Chisel", kind: "inv", target_name: Some("Uncut sapphire"), x: 0, z: 0, level: 0, index: None }
[script livel2tg6r_0] interact UseOn { name: "Chisel", kind: "inv", target_name: Some("Uncut sapphire"), x: 0, z: 0, level: 0, index: None }
[script livel2tg6r_0] interact UseOn { name: "Chisel", kind: "inv", target_name: Some("Uncut sapphire"), x: 0, z: 0, level: 0, index: None }
[script livel2tg6r_0] interact UseOn { name: "Chisel", kind: "inv", target_name: Some("Uncut sapphire"), x: 0, z: 0, level: 0, index: None }
[script livel2tg6r_0] interact UseOn { name: "Chisel", kind: "inv", target_name: Some("Uncut sapphire"), x: 0, z: 0, level: 0, index: None }
[script livel2tg6r_0] interact UseOn { name: "Chisel", kind: "inv", target_name: Some("Uncut sapphire"), x: 0, z: 0, level: 0, index: None }
[script livel2tg6r_0] interact UseOn { name: "Chisel", kind: "inv", target_name: Some("Uncut sapphire"), x: 0, z: 0, level: 0, index: None }
[script livel2tg6r_0] interact UseOn { name: "Chisel", kind: "inv", target_name: Some("Uncut sapphire"), x: 0, z: 0, level: 0, index: None }
[script livel2tg6r_0] interact UseOn { name: "Chisel", kind: "inv", target_name: Some("Uncut sapphire"), x: 0, z: 0, level: 0, index: None }
[script livel2tg6r_0] interact UseOn { name: "Chisel", kind: "inv", target_name: Some("Uncut sapphire"), x: 0, z: 0, level: 0, index: None }
[script livel2tg6r_0] interact UseOn { name: "Chisel", kind: "inv", target_name: Some("Uncut sapphire"), x: 0, z: 0, level: 0, index: None }
[script livel2tg6r_0] interact UseOn { name: "Chisel", kind: "inv", target_name: Some("Uncut sapphire"), x: 0, z: 0, level: 0, index: None }
[script livel2tg6r_0] interact UseOn { name: "Chisel", kind: "inv", target_name: Some("Uncut sapphire"), x: 0, z: 0, level: 0, index: None }
[script livel2tg6r_0] interact UseOn { name: "Chisel", kind: "inv", target_name: Some("Uncut sapphire"), x: 0, z: 0, level: 0, index: None }
[script livel2tg6r_0] interact UseOn { name: "Chisel", kind: "inv", target_name: Some("Uncut sapphire"), x: 0, z: 0, level: 0, index: None }
[script livel2tg6r_0] interact UseOn { name: "Chisel", kind: "inv", target_name: Some("Uncut sapphire"), x: 0, z: 0, level: 0, index: None }
[script livel2tg6r_0] interact UseOn { name: "Chisel", kind: "inv", target_name: Some("Uncut sapphire"), x: 0, z: 0, level: 0, index: None }
[script livel2tg6r_0] interact UseOn { name: "Chisel", kind: "inv", target_name: Some("Uncut sapphire"), x: 0, z: 0, level: 0, index: None }
[script livel2tg6r_0] interact UseOn { name: "Chisel", kind: "inv", target_name: Some("Uncut sapphire"), x: 0, z: 0, level: 0, index: None }
[script livel2tg6r_0] interact UseOn { name: "Chisel", kind: "inv", target_name: Some("Uncut sapphire"), x: 0, z: 0, level: 0, index: None }
[script livel2tg6r_0] interact UseOn { name: "Chisel", kind: "inv", target_name: Some("Uncut sapphire"), x: 0, z: 0, level: 0, index: None }
[script livel2tg6r_0] interact UseOn { name: "Chisel", kind: "inv", target_name: Some("Uncut sapphire"), x: 0, z: 0, level: 0, index: None }
[script livel2tg6r_0] interact UseOn { name: "Chisel", kind: "inv", target_name: Some("Uncut sapphire"), x: 0, z: 0, level: 0, index: None }
[script livel2tg6r_0] interact UseOn { name: "Chisel", kind: "inv", target_name: Some("Uncut sapphire"), x: 0, z: 0, level: 0, index: None }
[script livel2tg6r_0] interact UseOn { name: "Chisel", kind: "inv", target_name: Some("Uncut sapphire"), x: 0, z: 0, level: 0, index: None }
[script livel2tg6r_0] interact UseOn { name: "Chisel", kind: "inv", target_name: Some("Uncut sapphire"), x: 0, z: 0, level: 0, index: None }
[script livel2tg6r_0] interact UseOn { name: "Chisel", kind: "inv", target_name: Some("Uncut sapphire"), x: 0, z: 0, level: 0, index: None }
[script livel2tg6r_0] interact UseOn { name: "Chisel", kind: "inv", target_name: Some("Uncut sapphire"), x: 0, z: 0, level: 0, index: None }
[script livel2tg6r_0] interact UseOn { name: "Chisel", kind: "inv", target_name: Some("Uncut sapphire"), x: 0, z: 0, level: 0, index: None }
[script livel2tg6r_0] interact UseOn { name: "Chisel", kind: "inv", target_name: Some("Uncut sapphire"), x: 0, z: 0, level: 0, index: None }
[script livel2tg6r_0] interact UseOn { name: "Chisel", kind: "inv", target_name: Some("Uncut sapphire"), x: 0, z: 0, level: 0, index: None }
[script livel2tg6r_0] interact UseOn { name: "Chisel", kind: "inv", target_name: Some("Uncut sapphire"), x: 0, z: 0, level: 0, index: None }
[script livel2tg6r_0] interact UseOn { name: "Chisel", kind: "inv", target_name: Some("Uncut sapphire"), x: 0, z: 0, level: 0, index: None }
[script livel2tg6r_0] interact UseOn { name: "Chisel", kind: "inv", target_name: Some("Uncut sapphire"), x: 0, z: 0, level: 0, index: None }
[script livel2tg6r_0] interact UseOn { name: "Chisel", kind: "inv", target_name: Some("Uncut sapphire"), x: 0, z: 0, level: 0, index: None }
[script livel2tg6r_0] interact UseOn { name: "Chisel", kind: "inv", target_name: Some("Uncut sapphire"), x: 0, z: 0, level: 0, index: None }
[script livel2tg6r_0] interact UseOn { name: "Chisel", kind: "inv", target_name: Some("Uncut sapphire"), x: 0, z: 0, level: 0, index: None }
[script livel2tg6r_0] interact UseOn { name: "Chisel", kind: "inv", target_name: Some("Uncut sapphire"), x: 0, z: 0, level: 0, index: None }
[script livel2tg6r_0] interact UseOn { name: "Chisel", kind: "inv", target_name: Some("Uncut sapphire"), x: 0, z: 0, level: 0, index: None }
[script livel2tg6r_0] interact UseOn { name: "Chisel", kind: "inv", target_name: Some("Uncut sapphire"), x: 0, z: 0, level: 0, index: None }
[script livel2tg6r_0] interact UseOn { name: "Chisel", kind: "inv", target_name: Some("Uncut sapphire"), x: 0, z: 0, level: 0, index: None }
[script livel2tg6r_0] interact UseOn { name: "Chisel", kind: "inv", target_name: Some("Uncut sapphire"), x: 0, z: 0, level: 0, index: None }
[script livel2tg6r_0] interact UseOn { name: "Chisel", kind: "inv", target_name: Some("Uncut sapphire"), x: 0, z: 0, level: 0, index: None }
[script livel2tg6r_0] interact UseOn { name: "Chisel", kind: "inv", target_name: Some("Uncut sapphire"), x: 0, z: 0, level: 0, index: None }
[script livel2tg6r_0] interact UseOn { name: "Chisel", kind: "inv", target_name: Some("Uncut sapphire"), x: 0, z: 0, level: 0, index: None }
[script livel2tg6r_0] interact UseOn { name: "Chisel", kind: "inv", target_name: Some("Uncut sapphire"), x: 0, z: 0, level: 0, index: None }
[script livel2tg6r_0] interact UseOn { name: "Chisel", kind: "inv", target_name: Some("Uncut sapphire"), x: 0, z: 0, level: 0, index: None }
[script livel2tg6r_0] interact UseOn { name: "Chisel", kind: "inv", target_name: Some("Uncut sapphire"), x: 0, z: 0, level: 0, index: None }
[host] slot livel2tg6r_0: d_loop_us=939 d_raster_us=0 d_observe_us=54041 max_observe_us=8720 d_paints=0 d_skips=50 d_ticks=2 window_ms=1181
[script livel2tg6r_0] interact UseOn { name: "Chisel", kind: "inv", target_name: Some("Uncut sapphire"), x: 0, z: 0, level: 0, index: None }
[script livel2tg6r_0] interact UseOn { name: "Chisel", kind: "inv", target_name: Some("Uncut sapphire"), x: 0, z: 0, level: 0, index: None }
[script livel2tg6r_0] interact UseOn { name: "Chisel", kind: "inv", target_name: Some("Uncut sapphire"), x: 0, z: 0, level: 0, index: None }
[script livel2tg6r_0] interact UseOn { name: "Chisel", kind: "inv", target_name: Some("Uncut sapphire"), x: 0, z: 0, level: 0, index: None }
[script livel2tg6r_0] interact UseOn { name: "Chisel", kind: "inv", target_name: Some("Uncut sapphire"), x: 0, z: 0, level: 0, index: None }
[script livel2tg6r_0] interact UseOn { name: "Chisel", kind: "inv", target_name: Some("Uncut sapphire"), x: 0, z: 0, level: 0, index: None }
[script livel2tg6r_0] interact UseOn { name: "Chisel", kind: "inv", target_name: Some("Uncut sapphire"), x: 0, z: 0, level: 0, index: None }
[script livel2tg6r_0] interact UseOn { name: "Chisel", kind: "inv", target_name: Some("Uncut sapphire"), x: 0, z: 0, level: 0, index: None }
[script livel2tg6r_0] interact UseOn { name: "Chisel", kind: "inv", target_name: Some("Uncut sapphire"), x: 0, z: 0, level: 0, index: None }
[script livel2tg6r_0] interact UseOn { name: "Chisel", kind: "inv", target_name: Some("Uncut sapphire"), x: 0, z: 0, level: 0, index: None }
[script livel2tg6r_0] interact UseOn { name: "Chisel", kind: "inv", target_name: Some("Uncut sapphire"), x: 0, z: 0, level: 0, index: None }
[script livel2tg6r_0] interact UseOn { name: "Chisel", kind: "inv", target_name: Some("Uncut sapphire"), x: 0, z: 0, level: 0, index: None }
[script livel2tg6r_0] interact UseOn { name: "Chisel", kind: "inv", target_name: Some("Uncut sapphire"), x: 0, z: 0, level: 0, index: None }
[script livel2tg6r_0] interact UseOn { name: "Chisel", kind: "inv", target_name: Some("Uncut sapphire"), x: 0, z: 0, level: 0, index: None }
[script livel2tg6r_0] interact UseOn { name: "Chisel", kind: "inv", target_name: Some("Uncut sapphire"), x: 0, z: 0, level: 0, index: None }
[script livel2tg6r_0] interact UseOn { name: "Chisel", kind: "inv", target_name: Some("Uncut sapphire"), x: 0, z: 0, level: 0, index: None }
[script livel2tg6r_0] interact UseOn { name: "Chisel", kind: "inv", target_name: Some("Uncut sapphire"), x: 0, z: 0, level: 0, index: None }
[script livel2tg6r_0] interact UseOn { name: "Chisel", kind: "inv", target_name: Some("Uncut sapphire"), x: 0, z: 0, level: 0, index: None }
[script livel2tg6r_0] interact UseOn { name: "Chisel", kind: "inv", target_name: Some("Uncut sapphire"), x: 0, z: 0, level: 0, index: None }
[script livel2tg6r_0] interact UseOn { name: "Chisel", kind: "inv", target_name: Some("Uncut sapphire"), x: 0, z: 0, level: 0, index: None }
[script livel2tg6r_0] interact UseOn { name: "Chisel", kind: "inv", target_name: Some("Uncut sapphire"), x: 0, z: 0, level: 0, index: None }
[script livel2tg6r_0] interact UseOn { name: "Chisel", kind: "inv", target_name: Some("Uncut sapphire"), x: 0, z: 0, level: 0, index: None }
[script livel2tg6r_0] interact UseOn { name: "Chisel", kind: "inv", target_name: Some("Uncut sapphire"), x: 0, z: 0, level: 0, index: None }
[script livel2tg6r_0] interact UseOn { name: "Chisel", kind: "inv", target_name: Some("Uncut sapphire"), x: 0, z: 0, level: 0, index: None }
[script livel2tg6r_0] interact UseOn { name: "Chisel", kind: "inv", target_name: Some("Uncut sapphire"), x: 0, z: 0, level: 0, index: None }
[script livel2tg6r_0] interact UseOn { name: "Chisel", kind: "inv", target_name: Some("Uncut sapphire"), x: 0, z: 0, level: 0, index: None }
[script livel2tg6r_0] interact UseOn { name: "Chisel", kind: "inv", target_name: Some("Uncut sapphire"), x: 0, z: 0, level: 0, index: None }
[script livel2tg6r_0] interact UseOn { name: "Chisel", kind: "inv", target_name: Some("Uncut sapphire"), x: 0, z: 0, level: 0, index: None }
[script livel2tg6r_0] interact UseOn { name: "Chisel", kind: "inv", target_name: Some("Uncut sapphire"), x: 0, z: 0, level: 0, index: None }
[script livel2tg6r_0] interact UseOn { name: "Chisel", kind: "inv", target_name: Some("Uncut sapphire"), x: 0, z: 0, level: 0, index: None }
[script livel2tg6r_0] interact UseOn { name: "Chisel", kind: "inv", target_name: Some("Uncut sapphire"), x: 0, z: 0, level: 0, index: None }
[script livel2tg6r_0] interact UseOn { name: "Chisel", kind: "inv", target_name: Some("Uncut sapphire"), x: 0, z: 0, level: 0, index: None }
[script livel2tg6r_0] interact UseOn { name: "Chisel", kind: "inv", target_name: Some("Uncut sapphire"), x: 0, z: 0, level: 0, index: None }
[script livel2tg6r_0] interact UseOn { name: "Chisel", kind: "inv", target_name: Some("Uncut sapphire"), x: 0, z: 0, level: 0, index: None }
[script livel2tg6r_0] interact UseOn { name: "Chisel", kind: "inv", target_name: Some("Uncut sapphire"), x: 0, z: 0, level: 0, index: None }
[script livel2tg6r_0] interact UseOn { name: "Chisel", kind: "inv", target_name: Some("Uncut sapphire"), x: 0, z: 0, level: 0, index: None }
[script livel2tg6r_0] interact UseOn { name: "Chisel", kind: "inv", target_name: Some("Uncut sapphire"), x: 0, z: 0, level: 0, index: None }
[script livel2tg6r_0] interact UseOn { name: "Chisel", kind: "inv", target_name: Some("Uncut sapphire"), x: 0, z: 0, level: 0, index: None }
[script livel2tg6r_0] interact UseOn { name: "Chisel", kind: "inv", target_name: Some("Uncut sapphire"), x: 0, z: 0, level: 0, index: None }
[script livel2tg6r_0] interact UseOn { name: "Chisel", kind: "inv", target_name: Some("Uncut sapphire"), x: 0, z: 0, level: 0, index: None }
[script livel2tg6r_0] interact UseOn { name: "Chisel", kind: "inv", target_name: Some("Uncut sapphire"), x: 0, z: 0, level: 0, index: None }
[script livel2tg6r_0] interact UseOn { name: "Chisel", kind: "inv", target_name: Some("Uncut sapphire"), x: 0, z: 0, level: 0, index: None }
[script livel2tg6r_0] interact UseOn { name: "Chisel", kind: "inv", target_name: Some("Uncut sapphire"), x: 0, z: 0, level: 0, index: None }
[script livel2tg6r_0] interact UseOn { name: "Chisel", kind: "inv", target_name: Some("Uncut sapphire"), x: 0, z: 0, level: 0, index: None }
[script livel2tg6r_0] interact UseOn { name: "Chisel", kind: "inv", target_name: Some("Uncut sapphire"), x: 0, z: 0, level: 0, index: None }
[script livel2tg6r_0] interact UseOn { name: "Chisel", kind: "inv", target_name: Some("Uncut sapphire"), x: 0, z: 0, level: 0, index: None }
[script livel2tg6r_0] interact UseOn { name: "Chisel", kind: "inv", target_name: Some("Uncut sapphire"), x: 0, z: 0, level: 0, index: None }
[script livel2tg6r_0] interact UseOn { name: "Chisel", kind: "inv", target_name: Some("Uncut sapphire"), x: 0, z: 0, level: 0, index: None }
[script livel2tg6r_0] interact UseOn { name: "Chisel", kind: "inv", target_name: Some("Uncut sapphire"), x: 0, z: 0, level: 0, index: None }
[script livel2tg6r_0] interact UseOn { name: "Chisel", kind: "inv", target_name: Some("Uncut sapphire"), x: 0, z: 0, level: 0, index: None }
[script livel2tg6r_0] interact UseOn { name: "Chisel", kind: "inv", target_name: Some("Uncut sapphire"), x: 0, z: 0, level: 0, index: None }
[script livel2tg6r_0] interact UseOn { name: "Chisel", kind: "inv", target_name: Some("Uncut sapphire"), x: 0, z: 0, level: 0, index: None }
[script livel2tg6r_0] interact UseOn { name: "Chisel", kind: "inv", target_name: Some("Uncut sapphire"), x: 0, z: 0, level: 0, index: None }
[script livel2tg6r_0] interact UseOn { name: "Chisel", kind: "inv", target_name: Some("Uncut sapphire"), x: 0, z: 0, level: 0, index: None }
[script livel2tg6r_0] interact UseOn { name: "Chisel", kind: "inv", target_name: Some("Uncut sapphire"), x: 0, z: 0, level: 0, index: None }
[script livel2tg6r_0] interact UseOn { name: "Chisel", kind: "inv", target_name: Some("Uncut sapphire"), x: 0, z: 0, level: 0, index: None }
[script livel2tg6r_0] interact UseOn { name: "Chisel", kind: "inv", target_name: Some("Uncut sapphire"), x: 0, z: 0, level: 0, index: None }
[script livel2tg6r_0] interact UseOn { name: "Chisel", kind: "inv", target_name: Some("Uncut sapphire"), x: 0, z: 0, level: 0, index: None }
[script livel2tg6r_0] interact UseOn { name: "Chisel", kind: "inv", target_name: Some("Uncut sapphire"), x: 0, z: 0, level: 0, index: None }
[script livel2tg6r_0] interact UseOn { name: "Chisel", kind: "inv", target_name: Some("Uncut sapphire"), x: 0, z: 0, level: 0, index: None }
[host] slot livel2tg6r_0: d_loop_us=864 d_raster_us=0 d_observe_us=45654 max_observe_us=5473 d_paints=0 d_skips=50 d_ticks=2 window_ms=1194
[host] slot livel2tg6r_0: d_loop_us=916 d_raster_us=0 d_observe_us=49303 max_observe_us=9684 d_paints=0 d_skips=50 d_ticks=2 window_ms=1179
[script livel2tg6r_0] interact UseOn { name: "Chisel", kind: "inv", target_name: Some("Uncut sapphire"), x: 0, z: 0, level: 0, index: None }
[script livel2tg6r_0] interact UseOn { name: "Chisel", kind: "inv", target_name: Some("Uncut sapphire"), x: 0, z: 0, level: 0, index: None }
[script livel2tg6r_0] interact UseOn { name: "Chisel", kind: "inv", target_name: Some("Uncut sapphire"), x: 0, z: 0, level: 0, index: None }
[script livel2tg6r_0] interact UseOn { name: "Chisel", kind: "inv", target_name: Some("Uncut sapphire"), x: 0, z: 0, level: 0, index: None }
[script livel2tg6r_0] interact UseOn { name: "Chisel", kind: "inv", target_name: Some("Uncut sapphire"), x: 0, z: 0, level: 0, index: None }
[script livel2tg6r_0] interact UseOn { name: "Chisel", kind: "inv", target_name: Some("Uncut sapphire"), x: 0, z: 0, level: 0, index: None }
[script livel2tg6r_0] interact UseOn { name: "Chisel", kind: "inv", target_name: Some("Uncut sapphire"), x: 0, z: 0, level: 0, index: None }
[script livel2tg6r_0] interact UseOn { name: "Chisel", kind: "inv", target_name: Some("Uncut sapphire"), x: 0, z: 0, level: 0, index: None }
[script livel2tg6r_0] interact UseOn { name: "Chisel", kind: "inv", target_name: Some("Uncut sapphire"), x: 0, z: 0, level: 0, index: None }
[script livel2tg6r_0] interact UseOn { name: "Chisel", kind: "inv", target_name: Some("Uncut sapphire"), x: 0, z: 0, level: 0, index: None }
[script livel2tg6r_0] interact UseOn { name: "Chisel", kind: "inv", target_name: Some("Uncut sapphire"), x: 0, z: 0, level: 0, index: None }
[script livel2tg6r_0] interact UseOn { name: "Chisel", kind: "inv", target_name: Some("Uncut sapphire"), x: 0, z: 0, level: 0, index: None }
[script livel2tg6r_0] interact UseOn { name: "Chisel", kind: "inv", target_name: Some("Uncut sapphire"), x: 0, z: 0, level: 0, index: None }
[script livel2tg6r_0] interact UseOn { name: "Chisel", kind: "inv", target_name: Some("Uncut sapphire"), x: 0, z: 0, level: 0, index: None }
[script livel2tg6r_0] interact UseOn { name: "Chisel", kind: "inv", target_name: Some("Uncut sapphire"), x: 0, z: 0, level: 0, index: None }
[script livel2tg6r_0] interact UseOn { name: "Chisel", kind: "inv", target_name: Some("Uncut sapphire"), x: 0, z: 0, level: 0, index: None }
[script livel2tg6r_0] interact UseOn { name: "Chisel", kind: "inv", target_name: Some("Uncut sapphire"), x: 0, z: 0, level: 0, index: None }
[script livel2tg6r_0] interact UseOn { name: "Chisel", kind: "inv", target_name: Some("Uncut sapphire"), x: 0, z: 0, level: 0, index: None }
[script livel2tg6r_0] interact UseOn { name: "Chisel", kind: "inv", target_name: Some("Uncut sapphire"), x: 0, z: 0, level: 0, index: None }
[script livel2tg6r_0] interact UseOn { name: "Chisel", kind: "inv", target_name: Some("Uncut sapphire"), x: 0, z: 0, level: 0, index: None }
[script livel2tg6r_0] interact UseOn { name: "Chisel", kind: "inv", target_name: Some("Uncut sapphire"), x: 0, z: 0, level: 0, index: None }
[script livel2tg6r_0] interact UseOn { name: "Chisel", kind: "inv", target_name: Some("Uncut sapphire"), x: 0, z: 0, level: 0, index: None }
[script livel2tg6r_0] interact UseOn { name: "Chisel", kind: "inv", target_name: Some("Uncut sapphire"), x: 0, z: 0, level: 0, index: None }
[script livel2tg6r_0] interact UseOn { name: "Chisel", kind: "inv", target_name: Some("Uncut sapphire"), x: 0, z: 0, level: 0, index: None }
[script livel2tg6r_0] interact UseOn { name: "Chisel", kind: "inv", target_name: Some("Uncut sapphire"), x: 0, z: 0, level: 0, index: None }
[script livel2tg6r_0] interact UseOn { name: "Chisel", kind: "inv", target_name: Some("Uncut sapphire"), x: 0, z: 0, level: 0, index: None }
[script livel2tg6r_0] interact UseOn { name: "Chisel", kind: "inv", target_name: Some("Uncut sapphire"), x: 0, z: 0, level: 0, index: None }
[script livel2tg6r_0] interact UseOn { name: "Chisel", kind: "inv", target_name: Some("Uncut sapphire"), x: 0, z: 0, level: 0, index: None }
[script livel2tg6r_0] interact UseOn { name: "Chisel", kind: "inv", target_name: Some("Uncut sapphire"), x: 0, z: 0, level: 0, index: None }
[script livel2tg6r_0] interact UseOn { name: "Chisel", kind: "inv", target_name: Some("Uncut sapphire"), x: 0, z: 0, level: 0, index: None }
[script livel2tg6r_0] interact UseOn { name: "Chisel", kind: "inv", target_name: Some("Uncut sapphire"), x: 0, z: 0, level: 0, index: None }
[script livel2tg6r_0] interact UseOn { name: "Chisel", kind: "inv", target_name: Some("Uncut sapphire"), x: 0, z: 0, level: 0, index: None }
[script livel2tg6r_0] interact UseOn { name: "Chisel", kind: "inv", target_name: Some("Uncut sapphire"), x: 0, z: 0, level: 0, index: None }
[script livel2tg6r_0] interact UseOn { name: "Chisel", kind: "inv", target_name: Some("Uncut sapphire"), x: 0, z: 0, level: 0, index: None }
[script livel2tg6r_0] interact UseOn { name: "Chisel", kind: "inv", target_name: Some("Uncut sapphire"), x: 0, z: 0, level: 0, index: None }
[script livel2tg6r_0] interact UseOn { name: "Chisel", kind: "inv", target_name: Some("Uncut sapphire"), x: 0, z: 0, level: 0, index: None }
[script livel2tg6r_0] interact UseOn { name: "Chisel", kind: "inv", target_name: Some("Uncut sapphire"), x: 0, z: 0, level: 0, index: None }
[script livel2tg6r_0] interact UseOn { name: "Chisel", kind: "inv", target_name: Some("Uncut sapphire"), x: 0, z: 0, level: 0, index: None }
[script livel2tg6r_0] interact UseOn { name: "Chisel", kind: "inv", target_name: Some("Uncut sapphire"), x: 0, z: 0, level: 0, index: None }
[script livel2tg6r_0] interact UseOn { name: "Chisel", kind: "inv", target_name: Some("Uncut sapphire"), x: 0, z: 0, level: 0, index: None }
[script livel2tg6r_0] interact UseOn { name: "Chisel", kind: "inv", target_name: Some("Uncut sapphire"), x: 0, z: 0, level: 0, index: None }
[script livel2tg6r_0] interact UseOn { name: "Chisel", kind: "inv", target_name: Some("Uncut sapphire"), x: 0, z: 0, level: 0, index: None }
[script livel2tg6r_0] interact UseOn { name: "Chisel", kind: "inv", target_name: Some("Uncut sapphire"), x: 0, z: 0, level: 0, index: None }
[script livel2tg6r_0] interact UseOn { name: "Chisel", kind: "inv", target_name: Some("Uncut sapphire"), x: 0, z: 0, level: 0, index: None }
[script livel2tg6r_0] interact UseOn { name: "Chisel", kind: "inv", target_name: Some("Uncut sapphire"), x: 0, z: 0, level: 0, index: None }
[script livel2tg6r_0] interact UseOn { name: "Chisel", kind: "inv", target_name: Some("Uncut sapphire"), x: 0, z: 0, level: 0, index: None }
[script livel2tg6r_0] interact UseOn { name: "Chisel", kind: "inv", target_name: Some("Uncut sapphire"), x: 0, z: 0, level: 0, index: None }
[script livel2tg6r_0] interact UseOn { name: "Chisel", kind: "inv", target_name: Some("Uncut sapphire"), x: 0, z: 0, level: 0, index: None }
[script livel2tg6r_0] interact UseOn { name: "Chisel", kind: "inv", target_name: Some("Uncut sapphire"), x: 0, z: 0, level: 0, index: None }
[script livel2tg6r_0] interact UseOn { name: "Chisel", kind: "inv", target_name: Some("Uncut sapphire"), x: 0, z: 0, level: 0, index: None }
[script livel2tg6r_0] interact UseOn { name: "Chisel", kind: "inv", target_name: Some("Uncut sapphire"), x: 0, z: 0, level: 0, index: None }
[script livel2tg6r_0] interact UseOn { name: "Chisel", kind: "inv", target_name: Some("Uncut sapphire"), x: 0, z: 0, level: 0, index: None }
[script livel2tg6r_0] interact UseOn { name: "Chisel", kind: "inv", target_name: Some("Uncut sapphire"), x: 0, z: 0, level: 0, index: None }
[script livel2tg6r_0] interact UseOn { name: "Chisel", kind: "inv", target_name: Some("Uncut sapphire"), x: 0, z: 0, level: 0, index: None }
[script livel2tg6r_0] interact UseOn { name: "Chisel", kind: "inv", target_name: Some("Uncut sapphire"), x: 0, z: 0, level: 0, index: None }
[script livel2tg6r_0] interact UseOn { name: "Chisel", kind: "inv", target_name: Some("Uncut sapphire"), x: 0, z: 0, level: 0, index: None }
[script livel2tg6r_0] interact UseOn { name: "Chisel", kind: "inv", target_name: Some("Uncut sapphire"), x: 0, z: 0, level: 0, index: None }
[script livel2tg6r_0] interact UseOn { name: "Chisel", kind: "inv", target_name: Some("Uncut sapphire"), x: 0, z: 0, level: 0, index: None }
[script livel2tg6r_0] interact UseOn { name: "Chisel", kind: "inv", target_name: Some("Uncut sapphire"), x: 0, z: 0, level: 0, index: None }
[script livel2tg6r_0] interact UseOn { name: "Chisel", kind: "inv", target_name: Some("Uncut sapphire"), x: 0, z: 0, level: 0, index: None }
[host] slot livel2tg6r_0: d_loop_us=980 d_raster_us=0 d_observe_us=59230 max_observe_us=8967 d_paints=0 d_skips=50 d_ticks=2 window_ms=1179
[host] slot livel2tg6r_0: d_loop_us=857 d_raster_us=0 d_observe_us=49568 max_observe_us=8667 d_paints=0 d_skips=50 d_ticks=2 window_ms=1196
[script livel2tg6r_0] interact UseOn { name: "Chisel", kind: "inv", target_name: Some("Uncut sapphire"), x: 0, z: 0, level: 0, index: None }
[script livel2tg6r_0] interact UseOn { name: "Chisel", kind: "inv", target_name: Some("Uncut sapphire"), x: 0, z: 0, level: 0, index: None }
[script livel2tg6r_0] interact UseOn { name: "Chisel", kind: "inv", target_name: Some("Uncut sapphire"), x: 0, z: 0, level: 0, index: None }
[script livel2tg6r_0] interact UseOn { name: "Chisel", kind: "inv", target_name: Some("Uncut sapphire"), x: 0, z: 0, level: 0, index: None }
[script livel2tg6r_0] interact UseOn { name: "Chisel", kind: "inv", target_name: Some("Uncut sapphire"), x: 0, z: 0, level: 0, index: None }
[script livel2tg6r_0] interact UseOn { name: "Chisel", kind: "inv", target_name: Some("Uncut sapphire"), x: 0, z: 0, level: 0, index: None }
[script livel2tg6r_0] interact UseOn { name: "Chisel", kind: "inv", target_name: Some("Uncut sapphire"), x: 0, z: 0, level: 0, index: None }
[script livel2tg6r_0] interact UseOn { name: "Chisel", kind: "inv", target_name: Some("Uncut sapphire"), x: 0, z: 0, level: 0, index: None }
[script livel2tg6r_0] interact UseOn { name: "Chisel", kind: "inv", target_name: Some("Uncut sapphire"), x: 0, z: 0, level: 0, index: None }
[script livel2tg6r_0] interact UseOn { name: "Chisel", kind: "inv", target_name: Some("Uncut sapphire"), x: 0, z: 0, level: 0, index: None }
[script livel2tg6r_0] interact UseOn { name: "Chisel", kind: "inv", target_name: Some("Uncut sapphire"), x: 0, z: 0, level: 0, index: None }
[script livel2tg6r_0] interact UseOn { name: "Chisel", kind: "inv", target_name: Some("Uncut sapphire"), x: 0, z: 0, level: 0, index: None }
[script livel2tg6r_0] interact UseOn { name: "Chisel", kind: "inv", target_name: Some("Uncut sapphire"), x: 0, z: 0, level: 0, index: None }
[script livel2tg6r_0] interact UseOn { name: "Chisel", kind: "inv", target_name: Some("Uncut sapphire"), x: 0, z: 0, level: 0, index: None }
[script livel2tg6r_0] interact UseOn { name: "Chisel", kind: "inv", target_name: Some("Uncut sapphire"), x: 0, z: 0, level: 0, index: None }
[script livel2tg6r_0] interact UseOn { name: "Chisel", kind: "inv", target_name: Some("Uncut sapphire"), x: 0, z: 0, level: 0, index: None }
[script livel2tg6r_0] interact UseOn { name: "Chisel", kind: "inv", target_name: Some("Uncut sapphire"), x: 0, z: 0, level: 0, index: None }
[script livel2tg6r_0] interact UseOn { name: "Chisel", kind: "inv", target_name: Some("Uncut sapphire"), x: 0, z: 0, level: 0, index: None }
[script livel2tg6r_0] interact UseOn { name: "Chisel", kind: "inv", target_name: Some("Uncut sapphire"), x: 0, z: 0, level: 0, index: None }
[script livel2tg6r_0] interact UseOn { name: "Chisel", kind: "inv", target_name: Some("Uncut sapphire"), x: 0, z: 0, level: 0, index: None }
[script livel2tg6r_0] interact UseOn { name: "Chisel", kind: "inv", target_name: Some("Uncut sapphire"), x: 0, z: 0, level: 0, index: None }
[script livel2tg6r_0] interact UseOn { name: "Chisel", kind: "inv", target_name: Some("Uncut sapphire"), x: 0, z: 0, level: 0, index: None }
[script livel2tg6r_0] interact UseOn { name: "Chisel", kind: "inv", target_name: Some("Uncut sapphire"), x: 0, z: 0, level: 0, index: None }
[script livel2tg6r_0] interact UseOn { name: "Chisel", kind: "inv", target_name: Some("Uncut sapphire"), x: 0, z: 0, level: 0, index: None }
[script livel2tg6r_0] interact UseOn { name: "Chisel", kind: "inv", target_name: Some("Uncut sapphire"), x: 0, z: 0, level: 0, index: None }
[script livel2tg6r_0] interact UseOn { name: "Chisel", kind: "inv", target_name: Some("Uncut sapphire"), x: 0, z: 0, level: 0, index: None }
[script livel2tg6r_0] interact UseOn { name: "Chisel", kind: "inv", target_name: Some("Uncut sapphire"), x: 0, z: 0, level: 0, index: None }
[script livel2tg6r_0] interact UseOn { name: "Chisel", kind: "inv", target_name: Some("Uncut sapphire"), x: 0, z: 0, level: 0, index: None }
[script livel2tg6r_0] interact UseOn { name: "Chisel", kind: "inv", target_name: Some("Uncut sapphire"), x: 0, z: 0, level: 0, index: None }
[script livel2tg6r_0] interact UseOn { name: "Chisel", kind: "inv", target_name: Some("Uncut sapphire"), x: 0, z: 0, level: 0, index: None }
[script livel2tg6r_0] interact UseOn { name: "Chisel", kind: "inv", target_name: Some("Uncut sapphire"), x: 0, z: 0, level: 0, index: None }
[script livel2tg6r_0] interact UseOn { name: "Chisel", kind: "inv", target_name: Some("Uncut sapphire"), x: 0, z: 0, level: 0, index: None }
[script livel2tg6r_0] interact UseOn { name: "Chisel", kind: "inv", target_name: Some("Uncut sapphire"), x: 0, z: 0, level: 0, index: None }
[script livel2tg6r_0] interact UseOn { name: "Chisel", kind: "inv", target_name: Some("Uncut sapphire"), x: 0, z: 0, level: 0, index: None }
[script livel2tg6r_0] interact UseOn { name: "Chisel", kind: "inv", target_name: Some("Uncut sapphire"), x: 0, z: 0, level: 0, index: None }
[script livel2tg6r_0] interact UseOn { name: "Chisel", kind: "inv", target_name: Some("Uncut sapphire"), x: 0, z: 0, level: 0, index: None }
[script livel2tg6r_0] interact UseOn { name: "Chisel", kind: "inv", target_name: Some("Uncut sapphire"), x: 0, z: 0, level: 0, index: None }
[script livel2tg6r_0] interact UseOn { name: "Chisel", kind: "inv", target_name: Some("Uncut sapphire"), x: 0, z: 0, level: 0, index: None }
[script livel2tg6r_0] interact UseOn { name: "Chisel", kind: "inv", target_name: Some("Uncut sapphire"), x: 0, z: 0, level: 0, index: None }
[script livel2tg6r_0] interact UseOn { name: "Chisel", kind: "inv", target_name: Some("Uncut sapphire"), x: 0, z: 0, level: 0, index: None }
[script livel2tg6r_0] interact UseOn { name: "Chisel", kind: "inv", target_name: Some("Uncut sapphire"), x: 0, z: 0, level: 0, index: None }
[script livel2tg6r_0] interact UseOn { name: "Chisel", kind: "inv", target_name: Some("Uncut sapphire"), x: 0, z: 0, level: 0, index: None }
[script livel2tg6r_0] interact UseOn { name: "Chisel", kind: "inv", target_name: Some("Uncut sapphire"), x: 0, z: 0, level: 0, index: None }
[script livel2tg6r_0] interact UseOn { name: "Chisel", kind: "inv", target_name: Some("Uncut sapphire"), x: 0, z: 0, level: 0, index: None }
[script livel2tg6r_0] interact UseOn { name: "Chisel", kind: "inv", target_name: Some("Uncut sapphire"), x: 0, z: 0, level: 0, index: None }
[script livel2tg6r_0] interact UseOn { name: "Chisel", kind: "inv", target_name: Some("Uncut sapphire"), x: 0, z: 0, level: 0, index: None }
[script livel2tg6r_0] interact UseOn { name: "Chisel", kind: "inv", target_name: Some("Uncut sapphire"), x: 0, z: 0, level: 0, index: None }
[script livel2tg6r_0] interact UseOn { name: "Chisel", kind: "inv", target_name: Some("Uncut sapphire"), x: 0, z: 0, level: 0, index: None }
[script livel2tg6r_0] interact UseOn { name: "Chisel", kind: "inv", target_name: Some("Uncut sapphire"), x: 0, z: 0, level: 0, index: None }
[script livel2tg6r_0] interact UseOn { name: "Chisel", kind: "inv", target_name: Some("Uncut sapphire"), x: 0, z: 0, level: 0, index: None }
[script livel2tg6r_0] interact UseOn { name: "Chisel", kind: "inv", target_name: Some("Uncut sapphire"), x: 0, z: 0, level: 0, index: None }
[script livel2tg6r_0] interact UseOn { name: "Chisel", kind: "inv", target_name: Some("Uncut sapphire"), x: 0, z: 0, level: 0, index: None }
[script livel2tg6r_0] interact UseOn { name: "Chisel", kind: "inv", target_name: Some("Uncut sapphire"), x: 0, z: 0, level: 0, index: None }
[script livel2tg6r_0] interact UseOn { name: "Chisel", kind: "inv", target_name: Some("Uncut sapphire"), x: 0, z: 0, level: 0, index: None }
[script livel2tg6r_0] interact UseOn { name: "Chisel", kind: "inv", target_name: Some("Uncut sapphire"), x: 0, z: 0, level: 0, index: None }
[script livel2tg6r_0] interact UseOn { name: "Chisel", kind: "inv", target_name: Some("Uncut sapphire"), x: 0, z: 0, level: 0, index: None }
[script livel2tg6r_0] interact UseOn { name: "Chisel", kind: "inv", target_name: Some("Uncut sapphire"), x: 0, z: 0, level: 0, index: None }
[script livel2tg6r_0] interact UseOn { name: "Chisel", kind: "inv", target_name: Some("Uncut sapphire"), x: 0, z: 0, level: 0, index: None }
[script livel2tg6r_0] interact UseOn { name: "Chisel", kind: "inv", target_name: Some("Uncut sapphire"), x: 0, z: 0, level: 0, index: None }
[script livel2tg6r_0] interact UseOn { name: "Chisel", kind: "inv", target_name: Some("Uncut sapphire"), x: 0, z: 0, level: 0, index: None }
[host] slot livel2tg6r_0: d_loop_us=843 d_raster_us=0 d_observe_us=43755 max_observe_us=7031 d_paints=0 d_skips=50 d_ticks=2 window_ms=1177
[script livel2tg6r_0] interact UseOn { name: "Chisel", kind: "inv", target_name: Some("Uncut sapphire"), x: 0, z: 0, level: 0, index: None }
[script livel2tg6r_0] interact UseOn { name: "Chisel", kind: "inv", target_name: Some("Uncut sapphire"), x: 0, z: 0, level: 0, index: None }
[script livel2tg6r_0] interact UseOn { name: "Chisel", kind: "inv", target_name: Some("Uncut sapphire"), x: 0, z: 0, level: 0, index: None }
[script livel2tg6r_0] interact UseOn { name: "Chisel", kind: "inv", target_name: Some("Uncut sapphire"), x: 0, z: 0, level: 0, index: None }
[script livel2tg6r_0] interact UseOn { name: "Chisel", kind: "inv", target_name: Some("Uncut sapphire"), x: 0, z: 0, level: 0, index: None }
[script livel2tg6r_0] interact UseOn { name: "Chisel", kind: "inv", target_name: Some("Uncut sapphire"), x: 0, z: 0, level: 0, index: None }
[script livel2tg6r_0] interact UseOn { name: "Chisel", kind: "inv", target_name: Some("Uncut sapphire"), x: 0, z: 0, level: 0, index: None }
[script livel2tg6r_0] interact UseOn { name: "Chisel", kind: "inv", target_name: Some("Uncut sapphire"), x: 0, z: 0, level: 0, index: None }
[script livel2tg6r_0] interact UseOn { name: "Chisel", kind: "inv", target_name: Some("Uncut sapphire"), x: 0, z: 0, level: 0, index: None }
[script livel2tg6r_0] interact UseOn { name: "Chisel", kind: "inv", target_name: Some("Uncut sapphire"), x: 0, z: 0, level: 0, index: None }
[script livel2tg6r_0] interact UseOn { name: "Chisel", kind: "inv", target_name: Some("Uncut sapphire"), x: 0, z: 0, level: 0, index: None }
[script livel2tg6r_0] interact UseOn { name: "Chisel", kind: "inv", target_name: Some("Uncut sapphire"), x: 0, z: 0, level: 0, index: None }
[script livel2tg6r_0] interact UseOn { name: "Chisel", kind: "inv", target_name: Some("Uncut sapphire"), x: 0, z: 0, level: 0, index: None }
[script livel2tg6r_0] interact UseOn { name: "Chisel", kind: "inv", target_name: Some("Uncut sapphire"), x: 0, z: 0, level: 0, index: None }
[script livel2tg6r_0] interact UseOn { name: "Chisel", kind: "inv", target_name: Some("Uncut sapphire"), x: 0, z: 0, level: 0, index: None }
[script livel2tg6r_0] interact UseOn { name: "Chisel", kind: "inv", target_name: Some("Uncut sapphire"), x: 0, z: 0, level: 0, index: None }
[script livel2tg6r_0] interact UseOn { name: "Chisel", kind: "inv", target_name: Some("Uncut sapphire"), x: 0, z: 0, level: 0, index: None }
[script livel2tg6r_0] interact UseOn { name: "Chisel", kind: "inv", target_name: Some("Uncut sapphire"), x: 0, z: 0, level: 0, index: None }
[script livel2tg6r_0] interact UseOn { name: "Chisel", kind: "inv", target_name: Some("Uncut sapphire"), x: 0, z: 0, level: 0, index: None }
[script livel2tg6r_0] interact UseOn { name: "Chisel", kind: "inv", target_name: Some("Uncut sapphire"), x: 0, z: 0, level: 0, index: None }
[script livel2tg6r_0] interact UseOn { name: "Chisel", kind: "inv", target_name: Some("Uncut sapphire"), x: 0, z: 0, level: 0, index: None }
[script livel2tg6r_0] interact UseOn { name: "Chisel", kind: "inv", target_name: Some("Uncut sapphire"), x: 0, z: 0, level: 0, index: None }
[script livel2tg6r_0] interact UseOn { name: "Chisel", kind: "inv", target_name: Some("Uncut sapphire"), x: 0, z: 0, level: 0, index: None }
[script livel2tg6r_0] interact UseOn { name: "Chisel", kind: "inv", target_name: Some("Uncut sapphire"), x: 0, z: 0, level: 0, index: None }
[script livel2tg6r_0] interact UseOn { name: "Chisel", kind: "inv", target_name: Some("Uncut sapphire"), x: 0, z: 0, level: 0, index: None }
[script livel2tg6r_0] interact UseOn { name: "Chisel", kind: "inv", target_name: Some("Uncut sapphire"), x: 0, z: 0, level: 0, index: None }
[script livel2tg6r_0] interact UseOn { name: "Chisel", kind: "inv", target_name: Some("Uncut sapphire"), x: 0, z: 0, level: 0, index: None }
[script livel2tg6r_0] interact UseOn { name: "Chisel", kind: "inv", target_name: Some("Uncut sapphire"), x: 0, z: 0, level: 0, index: None }
[script livel2tg6r_0] interact UseOn { name: "Chisel", kind: "inv", target_name: Some("Uncut sapphire"), x: 0, z: 0, level: 0, index: None }
[script livel2tg6r_0] interact UseOn { name: "Chisel", kind: "inv", target_name: Some("Uncut sapphire"), x: 0, z: 0, level: 0, index: None }
[script livel2tg6r_0] interact UseOn { name: "Chisel", kind: "inv", target_name: Some("Uncut sapphire"), x: 0, z: 0, level: 0, index: None }
[script livel2tg6r_0] interact UseOn { name: "Chisel", kind: "inv", target_name: Some("Uncut sapphire"), x: 0, z: 0, level: 0, index: None }
[script livel2tg6r_0] interact UseOn { name: "Chisel", kind: "inv", target_name: Some("Uncut sapphire"), x: 0, z: 0, level: 0, index: None }
[script livel2tg6r_0] interact UseOn { name: "Chisel", kind: "inv", target_name: Some("Uncut sapphire"), x: 0, z: 0, level: 0, index: None }
[script livel2tg6r_0] interact UseOn { name: "Chisel", kind: "inv", target_name: Some("Uncut sapphire"), x: 0, z: 0, level: 0, index: None }
[script livel2tg6r_0] interact UseOn { name: "Chisel", kind: "inv", target_name: Some("Uncut sapphire"), x: 0, z: 0, level: 0, index: None }
[script livel2tg6r_0] interact UseOn { name: "Chisel", kind: "inv", target_name: Some("Uncut sapphire"), x: 0, z: 0, level: 0, index: None }
[script livel2tg6r_0] interact UseOn { name: "Chisel", kind: "inv", target_name: Some("Uncut sapphire"), x: 0, z: 0, level: 0, index: None }
[script livel2tg6r_0] interact UseOn { name: "Chisel", kind: "inv", target_name: Some("Uncut sapphire"), x: 0, z: 0, level: 0, index: None }
[script livel2tg6r_0] interact UseOn { name: "Chisel", kind: "inv", target_name: Some("Uncut sapphire"), x: 0, z: 0, level: 0, index: None }
[script livel2tg6r_0] interact UseOn { name: "Chisel", kind: "inv", target_name: Some("Uncut sapphire"), x: 0, z: 0, level: 0, index: None }
[script livel2tg6r_0] interact UseOn { name: "Chisel", kind: "inv", target_name: Some("Uncut sapphire"), x: 0, z: 0, level: 0, index: None }
[script livel2tg6r_0] interact UseOn { name: "Chisel", kind: "inv", target_name: Some("Uncut sapphire"), x: 0, z: 0, level: 0, index: None }
[script livel2tg6r_0] interact UseOn { name: "Chisel", kind: "inv", target_name: Some("Uncut sapphire"), x: 0, z: 0, level: 0, index: None }
[script livel2tg6r_0] interact UseOn { name: "Chisel", kind: "inv", target_name: Some("Uncut sapphire"), x: 0, z: 0, level: 0, index: None }
[script livel2tg6r_0] interact UseOn { name: "Chisel", kind: "inv", target_name: Some("Uncut sapphire"), x: 0, z: 0, level: 0, index: None }
[script livel2tg6r_0] interact UseOn { name: "Chisel", kind: "inv", target_name: Some("Uncut sapphire"), x: 0, z: 0, level: 0, index: None }
[script livel2tg6r_0] interact UseOn { name: "Chisel", kind: "inv", target_name: Some("Uncut sapphire"), x: 0, z: 0, level: 0, index: None }
[script livel2tg6r_0] interact UseOn { name: "Chisel", kind: "inv", target_name: Some("Uncut sapphire"), x: 0, z: 0, level: 0, index: None }
[script livel2tg6r_0] interact UseOn { name: "Chisel", kind: "inv", target_name: Some("Uncut sapphire"), x: 0, z: 0, level: 0, index: None }
[script livel2tg6r_0] interact UseOn { name: "Chisel", kind: "inv", target_name: Some("Uncut sapphire"), x: 0, z: 0, level: 0, index: None }
[script livel2tg6r_0] interact UseOn { name: "Chisel", kind: "inv", target_name: Some("Uncut sapphire"), x: 0, z: 0, level: 0, index: None }
[script livel2tg6r_0] interact UseOn { name: "Chisel", kind: "inv", target_name: Some("Uncut sapphire"), x: 0, z: 0, level: 0, index: None }
[script livel2tg6r_0] interact UseOn { name: "Chisel", kind: "inv", target_name: Some("Uncut sapphire"), x: 0, z: 0, level: 0, index: None }
[script livel2tg6r_0] interact UseOn { name: "Chisel", kind: "inv", target_name: Some("Uncut sapphire"), x: 0, z: 0, level: 0, index: None }
[script livel2tg6r_0] interact UseOn { name: "Chisel", kind: "inv", target_name: Some("Uncut sapphire"), x: 0, z: 0, level: 0, index: None }
[script livel2tg6r_0] interact UseOn { name: "Chisel", kind: "inv", target_name: Some("Uncut sapphire"), x: 0, z: 0, level: 0, index: None }
[script livel2tg6r_0] interact UseOn { name: "Chisel", kind: "inv", target_name: Some("Uncut sapphire"), x: 0, z: 0, level: 0, index: None }
[script livel2tg6r_0] interact UseOn { name: "Chisel", kind: "inv", target_name: Some("Uncut sapphire"), x: 0, z: 0, level: 0, index: None }
[script livel2tg6r_0] interact UseOn { name: "Chisel", kind: "inv", target_name: Some("Uncut sapphire"), x: 0, z: 0, level: 0, index: None }
[host] slot livel2tg6r_0: d_loop_us=843 d_raster_us=0 d_observe_us=41823 max_observe_us=4800 d_paints=0 d_skips=50 d_ticks=2 window_ms=1195
[host] slot livel2tg6r_0: d_loop_us=949 d_raster_us=0 d_observe_us=40698 max_observe_us=6780 d_paints=0 d_skips=50 d_ticks=2 window_ms=1204
[script livel2tg6r_0] interact UseOn { name: "Chisel", kind: "inv", target_name: Some("Uncut sapphire"), x: 0, z: 0, level: 0, index: None }
[script livel2tg6r_0] interact UseOn { name: "Chisel", kind: "inv", target_name: Some("Uncut sapphire"), x: 0, z: 0, level: 0, index: None }
[script livel2tg6r_0] interact UseOn { name: "Chisel", kind: "inv", target_name: Some("Uncut sapphire"), x: 0, z: 0, level: 0, index: None }
[script livel2tg6r_0] interact UseOn { name: "Chisel", kind: "inv", target_name: Some("Uncut sapphire"), x: 0, z: 0, level: 0, index: None }
[script livel2tg6r_0] interact UseOn { name: "Chisel", kind: "inv", target_name: Some("Uncut sapphire"), x: 0, z: 0, level: 0, index: None }
[script livel2tg6r_0] interact UseOn { name: "Chisel", kind: "inv", target_name: Some("Uncut sapphire"), x: 0, z: 0, level: 0, index: None }
[script livel2tg6r_0] interact UseOn { name: "Chisel", kind: "inv", target_name: Some("Uncut sapphire"), x: 0, z: 0, level: 0, index: None }
[script livel2tg6r_0] interact UseOn { name: "Chisel", kind: "inv", target_name: Some("Uncut sapphire"), x: 0, z: 0, level: 0, index: None }
[script livel2tg6r_0] interact UseOn { name: "Chisel", kind: "inv", target_name: Some("Uncut sapphire"), x: 0, z: 0, level: 0, index: None }
[script livel2tg6r_0] interact UseOn { name: "Chisel", kind: "inv", target_name: Some("Uncut sapphire"), x: 0, z: 0, level: 0, index: None }
[script livel2tg6r_0] interact UseOn { name: "Chisel", kind: "inv", target_name: Some("Uncut sapphire"), x: 0, z: 0, level: 0, index: None }
[script livel2tg6r_0] interact UseOn { name: "Chisel", kind: "inv", target_name: Some("Uncut sapphire"), x: 0, z: 0, level: 0, index: None }
[script livel2tg6r_0] interact UseOn { name: "Chisel", kind: "inv", target_name: Some("Uncut sapphire"), x: 0, z: 0, level: 0, index: None }
[script livel2tg6r_0] interact UseOn { name: "Chisel", kind: "inv", target_name: Some("Uncut sapphire"), x: 0, z: 0, level: 0, index: None }
[script livel2tg6r_0] interact UseOn { name: "Chisel", kind: "inv", target_name: Some("Uncut sapphire"), x: 0, z: 0, level: 0, index: None }
[script livel2tg6r_0] interact UseOn { name: "Chisel", kind: "inv", target_name: Some("Uncut sapphire"), x: 0, z: 0, level: 0, index: None }
[script livel2tg6r_0] interact UseOn { name: "Chisel", kind: "inv", target_name: Some("Uncut sapphire"), x: 0, z: 0, level: 0, index: None }
[script livel2tg6r_0] interact UseOn { name: "Chisel", kind: "inv", target_name: Some("Uncut sapphire"), x: 0, z: 0, level: 0, index: None }
[script livel2tg6r_0] interact UseOn { name: "Chisel", kind: "inv", target_name: Some("Uncut sapphire"), x: 0, z: 0, level: 0, index: None }
[script livel2tg6r_0] interact UseOn { name: "Chisel", kind: "inv", target_name: Some("Uncut sapphire"), x: 0, z: 0, level: 0, index: None }
[script livel2tg6r_0] interact UseOn { name: "Chisel", kind: "inv", target_name: Some("Uncut sapphire"), x: 0, z: 0, level: 0, index: None }
[script livel2tg6r_0] interact UseOn { name: "Chisel", kind: "inv", target_name: Some("Uncut sapphire"), x: 0, z: 0, level: 0, index: None }
[script livel2tg6r_0] interact UseOn { name: "Chisel", kind: "inv", target_name: Some("Uncut sapphire"), x: 0, z: 0, level: 0, index: None }
[script livel2tg6r_0] interact UseOn { name: "Chisel", kind: "inv", target_name: Some("Uncut sapphire"), x: 0, z: 0, level: 0, index: None }
[script livel2tg6r_0] interact UseOn { name: "Chisel", kind: "inv", target_name: Some("Uncut sapphire"), x: 0, z: 0, level: 0, index: None }
[script livel2tg6r_0] interact UseOn { name: "Chisel", kind: "inv", target_name: Some("Uncut sapphire"), x: 0, z: 0, level: 0, index: None }
[script livel2tg6r_0] interact UseOn { name: "Chisel", kind: "inv", target_name: Some("Uncut sapphire"), x: 0, z: 0, level: 0, index: None }
[script livel2tg6r_0] interact UseOn { name: "Chisel", kind: "inv", target_name: Some("Uncut sapphire"), x: 0, z: 0, level: 0, index: None }
[script livel2tg6r_0] interact UseOn { name: "Chisel", kind: "inv", target_name: Some("Uncut sapphire"), x: 0, z: 0, level: 0, index: None }
[script livel2tg6r_0] interact UseOn { name: "Chisel", kind: "inv", target_name: Some("Uncut sapphire"), x: 0, z: 0, level: 0, index: None }
[script livel2tg6r_0] interact UseOn { name: "Chisel", kind: "inv", target_name: Some("Uncut sapphire"), x: 0, z: 0, level: 0, index: None }
[script livel2tg6r_0] interact UseOn { name: "Chisel", kind: "inv", target_name: Some("Uncut sapphire"), x: 0, z: 0, level: 0, index: None }
[script livel2tg6r_0] interact UseOn { name: "Chisel", kind: "inv", target_name: Some("Uncut sapphire"), x: 0, z: 0, level: 0, index: None }
[script livel2tg6r_0] interact UseOn { name: "Chisel", kind: "inv", target_name: Some("Uncut sapphire"), x: 0, z: 0, level: 0, index: None }
[script livel2tg6r_0] interact UseOn { name: "Chisel", kind: "inv", target_name: Some("Uncut sapphire"), x: 0, z: 0, level: 0, index: None }
[script livel2tg6r_0] interact UseOn { name: "Chisel", kind: "inv", target_name: Some("Uncut sapphire"), x: 0, z: 0, level: 0, index: None }
[script livel2tg6r_0] interact UseOn { name: "Chisel", kind: "inv", target_name: Some("Uncut sapphire"), x: 0, z: 0, level: 0, index: None }
[script livel2tg6r_0] interact UseOn { name: "Chisel", kind: "inv", target_name: Some("Uncut sapphire"), x: 0, z: 0, level: 0, index: None }
[script livel2tg6r_0] interact UseOn { name: "Chisel", kind: "inv", target_name: Some("Uncut sapphire"), x: 0, z: 0, level: 0, index: None }
[script livel2tg6r_0] interact UseOn { name: "Chisel", kind: "inv", target_name: Some("Uncut sapphire"), x: 0, z: 0, level: 0, index: None }
[script livel2tg6r_0] interact UseOn { name: "Chisel", kind: "inv", target_name: Some("Uncut sapphire"), x: 0, z: 0, level: 0, index: None }
[script livel2tg6r_0] interact UseOn { name: "Chisel", kind: "inv", target_name: Some("Uncut sapphire"), x: 0, z: 0, level: 0, index: None }
[script livel2tg6r_0] interact UseOn { name: "Chisel", kind: "inv", target_name: Some("Uncut sapphire"), x: 0, z: 0, level: 0, index: None }
[script livel2tg6r_0] interact UseOn { name: "Chisel", kind: "inv", target_name: Some("Uncut sapphire"), x: 0, z: 0, level: 0, index: None }
[script livel2tg6r_0] interact UseOn { name: "Chisel", kind: "inv", target_name: Some("Uncut sapphire"), x: 0, z: 0, level: 0, index: None }
[script livel2tg6r_0] interact UseOn { name: "Chisel", kind: "inv", target_name: Some("Uncut sapphire"), x: 0, z: 0, level: 0, index: None }
[script livel2tg6r_0] interact UseOn { name: "Chisel", kind: "inv", target_name: Some("Uncut sapphire"), x: 0, z: 0, level: 0, index: None }
[script livel2tg6r_0] interact UseOn { name: "Chisel", kind: "inv", target_name: Some("Uncut sapphire"), x: 0, z: 0, level: 0, index: None }
[script livel2tg6r_0] interact UseOn { name: "Chisel", kind: "inv", target_name: Some("Uncut sapphire"), x: 0, z: 0, level: 0, index: None }
[script livel2tg6r_0] interact UseOn { name: "Chisel", kind: "inv", target_name: Some("Uncut sapphire"), x: 0, z: 0, level: 0, index: None }
[script livel2tg6r_0] interact UseOn { name: "Chisel", kind: "inv", target_name: Some("Uncut sapphire"), x: 0, z: 0, level: 0, index: None }
[script livel2tg6r_0] interact UseOn { name: "Chisel", kind: "inv", target_name: Some("Uncut sapphire"), x: 0, z: 0, level: 0, index: None }
[script livel2tg6r_0] interact UseOn { name: "Chisel", kind: "inv", target_name: Some("Uncut sapphire"), x: 0, z: 0, level: 0, index: None }
[script livel2tg6r_0] interact UseOn { name: "Chisel", kind: "inv", target_name: Some("Uncut sapphire"), x: 0, z: 0, level: 0, index: None }
[script livel2tg6r_0] interact UseOn { name: "Chisel", kind: "inv", target_name: Some("Uncut sapphire"), x: 0, z: 0, level: 0, index: None }
[script livel2tg6r_0] interact UseOn { name: "Chisel", kind: "inv", target_name: Some("Uncut sapphire"), x: 0, z: 0, level: 0, index: None }
[script livel2tg6r_0] interact UseOn { name: "Chisel", kind: "inv", target_name: Some("Uncut sapphire"), x: 0, z: 0, level: 0, index: None }
[script livel2tg6r_0] interact UseOn { name: "Chisel", kind: "inv", target_name: Some("Uncut sapphire"), x: 0, z: 0, level: 0, index: None }
[script livel2tg6r_0] interact UseOn { name: "Chisel", kind: "inv", target_name: Some("Uncut sapphire"), x: 0, z: 0, level: 0, index: None }
[script livel2tg6r_0] interact UseOn { name: "Chisel", kind: "inv", target_name: Some("Uncut sapphire"), x: 0, z: 0, level: 0, index: None }
[host] slot livel2tg6r_0: d_loop_us=773 d_raster_us=0 d_observe_us=40724 max_observe_us=5275 d_paints=0 d_skips=50 d_ticks=2 window_ms=1209
[host] slot livel2tg6r_0: d_loop_us=799 d_raster_us=0 d_observe_us=38333 max_observe_us=6409 d_paints=0 d_skips=50 d_ticks=2 window_ms=1206
[script livel2tg6r_0] interact UseOn { name: "Chisel", kind: "inv", target_name: Some("Uncut sapphire"), x: 0, z: 0, level: 0, index: None }
[script livel2tg6r_0] interact UseOn { name: "Chisel", kind: "inv", target_name: Some("Uncut sapphire"), x: 0, z: 0, level: 0, index: None }
[script livel2tg6r_0] interact UseOn { name: "Chisel", kind: "inv", target_name: Some("Uncut sapphire"), x: 0, z: 0, level: 0, index: None }
[script livel2tg6r_0] interact UseOn { name: "Chisel", kind: "inv", target_name: Some("Uncut sapphire"), x: 0, z: 0, level: 0, index: None }
[script livel2tg6r_0] interact UseOn { name: "Chisel", kind: "inv", target_name: Some("Uncut sapphire"), x: 0, z: 0, level: 0, index: None }
[script livel2tg6r_0] interact UseOn { name: "Chisel", kind: "inv", target_name: Some("Uncut sapphire"), x: 0, z: 0, level: 0, index: None }
[script livel2tg6r_0] interact UseOn { name: "Chisel", kind: "inv", target_name: Some("Uncut sapphire"), x: 0, z: 0, level: 0, index: None }
[script livel2tg6r_0] interact UseOn { name: "Chisel", kind: "inv", target_name: Some("Uncut sapphire"), x: 0, z: 0, level: 0, index: None }
[script livel2tg6r_0] interact UseOn { name: "Chisel", kind: "inv", target_name: Some("Uncut sapphire"), x: 0, z: 0, level: 0, index: None }
[script livel2tg6r_0] interact UseOn { name: "Chisel", kind: "inv", target_name: Some("Uncut sapphire"), x: 0, z: 0, level: 0, index: None }
[script livel2tg6r_0] interact UseOn { name: "Chisel", kind: "inv", target_name: Some("Uncut sapphire"), x: 0, z: 0, level: 0, index: None }
[script livel2tg6r_0] interact UseOn { name: "Chisel", kind: "inv", target_name: Some("Uncut sapphire"), x: 0, z: 0, level: 0, index: None }
[script livel2tg6r_0] interact UseOn { name: "Chisel", kind: "inv", target_name: Some("Uncut sapphire"), x: 0, z: 0, level: 0, index: None }
[script livel2tg6r_0] interact UseOn { name: "Chisel", kind: "inv", target_name: Some("Uncut sapphire"), x: 0, z: 0, level: 0, index: None }
[script livel2tg6r_0] interact UseOn { name: "Chisel", kind: "inv", target_name: Some("Uncut sapphire"), x: 0, z: 0, level: 0, index: None }
[script livel2tg6r_0] interact UseOn { name: "Chisel", kind: "inv", target_name: Some("Uncut sapphire"), x: 0, z: 0, level: 0, index: None }
[script livel2tg6r_0] interact UseOn { name: "Chisel", kind: "inv", target_name: Some("Uncut sapphire"), x: 0, z: 0, level: 0, index: None }
[script livel2tg6r_0] interact UseOn { name: "Chisel", kind: "inv", target_name: Some("Uncut sapphire"), x: 0, z: 0, level: 0, index: None }
[script livel2tg6r_0] interact UseOn { name: "Chisel", kind: "inv", target_name: Some("Uncut sapphire"), x: 0, z: 0, level: 0, index: None }
[script livel2tg6r_0] interact UseOn { name: "Chisel", kind: "inv", target_name: Some("Uncut sapphire"), x: 0, z: 0, level: 0, index: None }
[script livel2tg6r_0] interact UseOn { name: "Chisel", kind: "inv", target_name: Some("Uncut sapphire"), x: 0, z: 0, level: 0, index: None }
[script livel2tg6r_0] interact UseOn { name: "Chisel", kind: "inv", target_name: Some("Uncut sapphire"), x: 0, z: 0, level: 0, index: None }
[script livel2tg6r_0] interact UseOn { name: "Chisel", kind: "inv", target_name: Some("Uncut sapphire"), x: 0, z: 0, level: 0, index: None }
[script livel2tg6r_0] interact UseOn { name: "Chisel", kind: "inv", target_name: Some("Uncut sapphire"), x: 0, z: 0, level: 0, index: None }
[script livel2tg6r_0] interact UseOn { name: "Chisel", kind: "inv", target_name: Some("Uncut sapphire"), x: 0, z: 0, level: 0, index: None }
[script livel2tg6r_0] interact UseOn { name: "Chisel", kind: "inv", target_name: Some("Uncut sapphire"), x: 0, z: 0, level: 0, index: None }
[script livel2tg6r_0] interact UseOn { name: "Chisel", kind: "inv", target_name: Some("Uncut sapphire"), x: 0, z: 0, level: 0, index: None }
[script livel2tg6r_0] interact UseOn { name: "Chisel", kind: "inv", target_name: Some("Uncut sapphire"), x: 0, z: 0, level: 0, index: None }
[script livel2tg6r_0] interact UseOn { name: "Chisel", kind: "inv", target_name: Some("Uncut sapphire"), x: 0, z: 0, level: 0, index: None }
[script livel2tg6r_0] interact UseOn { name: "Chisel", kind: "inv", target_name: Some("Uncut sapphire"), x: 0, z: 0, level: 0, index: None }
[script livel2tg6r_0] interact UseOn { name: "Chisel", kind: "inv", target_name: Some("Uncut sapphire"), x: 0, z: 0, level: 0, index: None }
[script livel2tg6r_0] interact UseOn { name: "Chisel", kind: "inv", target_name: Some("Uncut sapphire"), x: 0, z: 0, level: 0, index: None }
[script livel2tg6r_0] interact UseOn { name: "Chisel", kind: "inv", target_name: Some("Uncut sapphire"), x: 0, z: 0, level: 0, index: None }
[script livel2tg6r_0] interact UseOn { name: "Chisel", kind: "inv", target_name: Some("Uncut sapphire"), x: 0, z: 0, level: 0, index: None }
[script livel2tg6r_0] interact UseOn { name: "Chisel", kind: "inv", target_name: Some("Uncut sapphire"), x: 0, z: 0, level: 0, index: None }
[script livel2tg6r_0] interact UseOn { name: "Chisel", kind: "inv", target_name: Some("Uncut sapphire"), x: 0, z: 0, level: 0, index: None }
[script livel2tg6r_0] interact UseOn { name: "Chisel", kind: "inv", target_name: Some("Uncut sapphire"), x: 0, z: 0, level: 0, index: None }
[script livel2tg6r_0] interact UseOn { name: "Chisel", kind: "inv", target_name: Some("Uncut sapphire"), x: 0, z: 0, level: 0, index: None }
[script livel2tg6r_0] interact UseOn { name: "Chisel", kind: "inv", target_name: Some("Uncut sapphire"), x: 0, z: 0, level: 0, index: None }
[script livel2tg6r_0] interact UseOn { name: "Chisel", kind: "inv", target_name: Some("Uncut sapphire"), x: 0, z: 0, level: 0, index: None }
[script livel2tg6r_0] interact UseOn { name: "Chisel", kind: "inv", target_name: Some("Uncut sapphire"), x: 0, z: 0, level: 0, index: None }
[script livel2tg6r_0] interact UseOn { name: "Chisel", kind: "inv", target_name: Some("Uncut sapphire"), x: 0, z: 0, level: 0, index: None }
[script livel2tg6r_0] interact UseOn { name: "Chisel", kind: "inv", target_name: Some("Uncut sapphire"), x: 0, z: 0, level: 0, index: None }
[script livel2tg6r_0] interact UseOn { name: "Chisel", kind: "inv", target_name: Some("Uncut sapphire"), x: 0, z: 0, level: 0, index: None }
[script livel2tg6r_0] interact UseOn { name: "Chisel", kind: "inv", target_name: Some("Uncut sapphire"), x: 0, z: 0, level: 0, index: None }
[script livel2tg6r_0] interact UseOn { name: "Chisel", kind: "inv", target_name: Some("Uncut sapphire"), x: 0, z: 0, level: 0, index: None }
[script livel2tg6r_0] interact UseOn { name: "Chisel", kind: "inv", target_name: Some("Uncut sapphire"), x: 0, z: 0, level: 0, index: None }
[script livel2tg6r_0] interact UseOn { name: "Chisel", kind: "inv", target_name: Some("Uncut sapphire"), x: 0, z: 0, level: 0, index: None }
[script livel2tg6r_0] interact UseOn { name: "Chisel", kind: "inv", target_name: Some("Uncut sapphire"), x: 0, z: 0, level: 0, index: None }
[script livel2tg6r_0] interact UseOn { name: "Chisel", kind: "inv", target_name: Some("Uncut sapphire"), x: 0, z: 0, level: 0, index: None }
[script livel2tg6r_0] interact UseOn { name: "Chisel", kind: "inv", target_name: Some("Uncut sapphire"), x: 0, z: 0, level: 0, index: None }
[script livel2tg6r_0] interact UseOn { name: "Chisel", kind: "inv", target_name: Some("Uncut sapphire"), x: 0, z: 0, level: 0, index: None }
[script livel2tg6r_0] interact UseOn { name: "Chisel", kind: "inv", target_name: Some("Uncut sapphire"), x: 0, z: 0, level: 0, index: None }
[script livel2tg6r_0] interact UseOn { name: "Chisel", kind: "inv", target_name: Some("Uncut sapphire"), x: 0, z: 0, level: 0, index: None }
[script livel2tg6r_0] interact UseOn { name: "Chisel", kind: "inv", target_name: Some("Uncut sapphire"), x: 0, z: 0, level: 0, index: None }
[script livel2tg6r_0] interact UseOn { name: "Chisel", kind: "inv", target_name: Some("Uncut sapphire"), x: 0, z: 0, level: 0, index: None }
[script livel2tg6r_0] interact UseOn { name: "Chisel", kind: "inv", target_name: Some("Uncut sapphire"), x: 0, z: 0, level: 0, index: None }
[script livel2tg6r_0] interact UseOn { name: "Chisel", kind: "inv", target_name: Some("Uncut sapphire"), x: 0, z: 0, level: 0, index: None }
[script livel2tg6r_0] interact UseOn { name: "Chisel", kind: "inv", target_name: Some("Uncut sapphire"), x: 0, z: 0, level: 0, index: None }
[script livel2tg6r_0] interact UseOn { name: "Chisel", kind: "inv", target_name: Some("Uncut sapphire"), x: 0, z: 0, level: 0, index: None }
[host] slot livel2tg6r_0: d_loop_us=780 d_raster_us=0 d_observe_us=41694 max_observe_us=6898 d_paints=0 d_skips=50 d_ticks=2 window_ms=1201
[host] slot livel2tg6r_0: d_loop_us=848 d_raster_us=0 d_observe_us=37164 max_observe_us=4210 d_paints=0 d_skips=50 d_ticks=2 window_ms=1199
[script livel2tg6r_0] interact UseOn { name: "Chisel", kind: "inv", target_name: Some("Uncut sapphire"), x: 0, z: 0, level: 0, index: None }
[script livel2tg6r_0] interact UseOn { name: "Chisel", kind: "inv", target_name: Some("Uncut sapphire"), x: 0, z: 0, level: 0, index: None }
[script livel2tg6r_0] interact UseOn { name: "Chisel", kind: "inv", target_name: Some("Uncut sapphire"), x: 0, z: 0, level: 0, index: None }
[script livel2tg6r_0] interact UseOn { name: "Chisel", kind: "inv", target_name: Some("Uncut sapphire"), x: 0, z: 0, level: 0, index: None }
[script livel2tg6r_0] interact UseOn { name: "Chisel", kind: "inv", target_name: Some("Uncut sapphire"), x: 0, z: 0, level: 0, index: None }
[script livel2tg6r_0] interact UseOn { name: "Chisel", kind: "inv", target_name: Some("Uncut sapphire"), x: 0, z: 0, level: 0, index: None }
[script livel2tg6r_0] interact UseOn { name: "Chisel", kind: "inv", target_name: Some("Uncut sapphire"), x: 0, z: 0, level: 0, index: None }
[script livel2tg6r_0] interact UseOn { name: "Chisel", kind: "inv", target_name: Some("Uncut sapphire"), x: 0, z: 0, level: 0, index: None }
[script livel2tg6r_0] interact UseOn { name: "Chisel", kind: "inv", target_name: Some("Uncut sapphire"), x: 0, z: 0, level: 0, index: None }
[script livel2tg6r_0] interact UseOn { name: "Chisel", kind: "inv", target_name: Some("Uncut sapphire"), x: 0, z: 0, level: 0, index: None }
[script livel2tg6r_0] interact UseOn { name: "Chisel", kind: "inv", target_name: Some("Uncut sapphire"), x: 0, z: 0, level: 0, index: None }
[script livel2tg6r_0] interact UseOn { name: "Chisel", kind: "inv", target_name: Some("Uncut sapphire"), x: 0, z: 0, level: 0, index: None }
[script livel2tg6r_0] interact UseOn { name: "Chisel", kind: "inv", target_name: Some("Uncut sapphire"), x: 0, z: 0, level: 0, index: None }
[script livel2tg6r_0] interact UseOn { name: "Chisel", kind: "inv", target_name: Some("Uncut sapphire"), x: 0, z: 0, level: 0, index: None }
[script livel2tg6r_0] interact UseOn { name: "Chisel", kind: "inv", target_name: Some("Uncut sapphire"), x: 0, z: 0, level: 0, index: None }
[script livel2tg6r_0] interact UseOn { name: "Chisel", kind: "inv", target_name: Some("Uncut sapphire"), x: 0, z: 0, level: 0, index: None }
[script livel2tg6r_0] interact UseOn { name: "Chisel", kind: "inv", target_name: Some("Uncut sapphire"), x: 0, z: 0, level: 0, index: None }
[script livel2tg6r_0] interact UseOn { name: "Chisel", kind: "inv", target_name: Some("Uncut sapphire"), x: 0, z: 0, level: 0, index: None }
[script livel2tg6r_0] interact UseOn { name: "Chisel", kind: "inv", target_name: Some("Uncut sapphire"), x: 0, z: 0, level: 0, index: None }
[script livel2tg6r_0] interact UseOn { name: "Chisel", kind: "inv", target_name: Some("Uncut sapphire"), x: 0, z: 0, level: 0, index: None }
[script livel2tg6r_0] interact UseOn { name: "Chisel", kind: "inv", target_name: Some("Uncut sapphire"), x: 0, z: 0, level: 0, index: None }
[script livel2tg6r_0] interact UseOn { name: "Chisel", kind: "inv", target_name: Some("Uncut sapphire"), x: 0, z: 0, level: 0, index: None }
[script livel2tg6r_0] interact UseOn { name: "Chisel", kind: "inv", target_name: Some("Uncut sapphire"), x: 0, z: 0, level: 0, index: None }
[script livel2tg6r_0] interact UseOn { name: "Chisel", kind: "inv", target_name: Some("Uncut sapphire"), x: 0, z: 0, level: 0, index: None }
[script livel2tg6r_0] interact UseOn { name: "Chisel", kind: "inv", target_name: Some("Uncut sapphire"), x: 0, z: 0, level: 0, index: None }
[script livel2tg6r_0] interact UseOn { name: "Chisel", kind: "inv", target_name: Some("Uncut sapphire"), x: 0, z: 0, level: 0, index: None }
[script livel2tg6r_0] interact UseOn { name: "Chisel", kind: "inv", target_name: Some("Uncut sapphire"), x: 0, z: 0, level: 0, index: None }
[script livel2tg6r_0] interact UseOn { name: "Chisel", kind: "inv", target_name: Some("Uncut sapphire"), x: 0, z: 0, level: 0, index: None }
[script livel2tg6r_0] interact UseOn { name: "Chisel", kind: "inv", target_name: Some("Uncut sapphire"), x: 0, z: 0, level: 0, index: None }
[script livel2tg6r_0] interact UseOn { name: "Chisel", kind: "inv", target_name: Some("Uncut sapphire"), x: 0, z: 0, level: 0, index: None }
[script livel2tg6r_0] interact UseOn { name: "Chisel", kind: "inv", target_name: Some("Uncut sapphire"), x: 0, z: 0, level: 0, index: None }
[script livel2tg6r_0] interact UseOn { name: "Chisel", kind: "inv", target_name: Some("Uncut sapphire"), x: 0, z: 0, level: 0, index: None }
[script livel2tg6r_0] interact UseOn { name: "Chisel", kind: "inv", target_name: Some("Uncut sapphire"), x: 0, z: 0, level: 0, index: None }
[script livel2tg6r_0] interact UseOn { name: "Chisel", kind: "inv", target_name: Some("Uncut sapphire"), x: 0, z: 0, level: 0, index: None }
[script livel2tg6r_0] interact UseOn { name: "Chisel", kind: "inv", target_name: Some("Uncut sapphire"), x: 0, z: 0, level: 0, index: None }
[script livel2tg6r_0] interact UseOn { name: "Chisel", kind: "inv", target_name: Some("Uncut sapphire"), x: 0, z: 0, level: 0, index: None }
[script livel2tg6r_0] interact UseOn { name: "Chisel", kind: "inv", target_name: Some("Uncut sapphire"), x: 0, z: 0, level: 0, index: None }
[script livel2tg6r_0] interact UseOn { name: "Chisel", kind: "inv", target_name: Some("Uncut sapphire"), x: 0, z: 0, level: 0, index: None }
[script livel2tg6r_0] interact UseOn { name: "Chisel", kind: "inv", target_name: Some("Uncut sapphire"), x: 0, z: 0, level: 0, index: None }
[script livel2tg6r_0] interact UseOn { name: "Chisel", kind: "inv", target_name: Some("Uncut sapphire"), x: 0, z: 0, level: 0, index: None }
[script livel2tg6r_0] interact UseOn { name: "Chisel", kind: "inv", target_name: Some("Uncut sapphire"), x: 0, z: 0, level: 0, index: None }
[script livel2tg6r_0] interact UseOn { name: "Chisel", kind: "inv", target_name: Some("Uncut sapphire"), x: 0, z: 0, level: 0, index: None }
[script livel2tg6r_0] interact UseOn { name: "Chisel", kind: "inv", target_name: Some("Uncut sapphire"), x: 0, z: 0, level: 0, index: None }
[script livel2tg6r_0] interact UseOn { name: "Chisel", kind: "inv", target_name: Some("Uncut sapphire"), x: 0, z: 0, level: 0, index: None }
[script livel2tg6r_0] interact UseOn { name: "Chisel", kind: "inv", target_name: Some("Uncut sapphire"), x: 0, z: 0, level: 0, index: None }
[script livel2tg6r_0] interact UseOn { name: "Chisel", kind: "inv", target_name: Some("Uncut sapphire"), x: 0, z: 0, level: 0, index: None }
[script livel2tg6r_0] interact UseOn { name: "Chisel", kind: "inv", target_name: Some("Uncut sapphire"), x: 0, z: 0, level: 0, index: None }
[script livel2tg6r_0] interact UseOn { name: "Chisel", kind: "inv", target_name: Some("Uncut sapphire"), x: 0, z: 0, level: 0, index: None }
[script livel2tg6r_0] interact UseOn { name: "Chisel", kind: "inv", target_name: Some("Uncut sapphire"), x: 0, z: 0, level: 0, index: None }
[script livel2tg6r_0] interact UseOn { name: "Chisel", kind: "inv", target_name: Some("Uncut sapphire"), x: 0, z: 0, level: 0, index: None }
[script livel2tg6r_0] interact UseOn { name: "Chisel", kind: "inv", target_name: Some("Uncut sapphire"), x: 0, z: 0, level: 0, index: None }
[script livel2tg6r_0] interact UseOn { name: "Chisel", kind: "inv", target_name: Some("Uncut sapphire"), x: 0, z: 0, level: 0, index: None }
[script livel2tg6r_0] interact UseOn { name: "Chisel", kind: "inv", target_name: Some("Uncut sapphire"), x: 0, z: 0, level: 0, index: None }
[script livel2tg6r_0] interact UseOn { name: "Chisel", kind: "inv", target_name: Some("Uncut sapphire"), x: 0, z: 0, level: 0, index: None }
[script livel2tg6r_0] interact UseOn { name: "Chisel", kind: "inv", target_name: Some("Uncut sapphire"), x: 0, z: 0, level: 0, index: None }
[script livel2tg6r_0] interact UseOn { name: "Chisel", kind: "inv", target_name: Some("Uncut sapphire"), x: 0, z: 0, level: 0, index: None }
[script livel2tg6r_0] interact UseOn { name: "Chisel", kind: "inv", target_name: Some("Uncut sapphire"), x: 0, z: 0, level: 0, index: None }
[script livel2tg6r_0] interact UseOn { name: "Chisel", kind: "inv", target_name: Some("Uncut sapphire"), x: 0, z: 0, level: 0, index: None }
[script livel2tg6r_0] interact UseOn { name: "Chisel", kind: "inv", target_name: Some("Uncut sapphire"), x: 0, z: 0, level: 0, index: None }
[script livel2tg6r_0] interact UseOn { name: "Chisel", kind: "inv", target_name: Some("Uncut sapphire"), x: 0, z: 0, level: 0, index: None }
[host] slot livel2tg6r_0: d_loop_us=927 d_raster_us=0 d_observe_us=46514 max_observe_us=6888 d_paints=0 d_skips=50 d_ticks=2 window_ms=1184
[script livel2tg6r_0] interact UseOn { name: "Chisel", kind: "inv", target_name: Some("Uncut sapphire"), x: 0, z: 0, level: 0, index: None }
[script livel2tg6r_0] interact UseOn { name: "Chisel", kind: "inv", target_name: Some("Uncut sapphire"), x: 0, z: 0, level: 0, index: None }
[script livel2tg6r_0] interact UseOn { name: "Chisel", kind: "inv", target_name: Some("Uncut sapphire"), x: 0, z: 0, level: 0, index: None }
[script livel2tg6r_0] interact UseOn { name: "Chisel", kind: "inv", target_name: Some("Uncut sapphire"), x: 0, z: 0, level: 0, index: None }
[script livel2tg6r_0] interact UseOn { name: "Chisel", kind: "inv", target_name: Some("Uncut sapphire"), x: 0, z: 0, level: 0, index: None }
[script livel2tg6r_0] interact UseOn { name: "Chisel", kind: "inv", target_name: Some("Uncut sapphire"), x: 0, z: 0, level: 0, index: None }
[script livel2tg6r_0] interact UseOn { name: "Chisel", kind: "inv", target_name: Some("Uncut sapphire"), x: 0, z: 0, level: 0, index: None }
[script livel2tg6r_0] interact UseOn { name: "Chisel", kind: "inv", target_name: Some("Uncut sapphire"), x: 0, z: 0, level: 0, index: None }
[script livel2tg6r_0] interact UseOn { name: "Chisel", kind: "inv", target_name: Some("Uncut sapphire"), x: 0, z: 0, level: 0, index: None }
[script livel2tg6r_0] interact UseOn { name: "Chisel", kind: "inv", target_name: Some("Uncut sapphire"), x: 0, z: 0, level: 0, index: None }
[script livel2tg6r_0] interact UseOn { name: "Chisel", kind: "inv", target_name: Some("Uncut sapphire"), x: 0, z: 0, level: 0, index: None }
[script livel2tg6r_0] interact UseOn { name: "Chisel", kind: "inv", target_name: Some("Uncut sapphire"), x: 0, z: 0, level: 0, index: None }
[script livel2tg6r_0] interact UseOn { name: "Chisel", kind: "inv", target_name: Some("Uncut sapphire"), x: 0, z: 0, level: 0, index: None }
[script livel2tg6r_0] interact UseOn { name: "Chisel", kind: "inv", target_name: Some("Uncut sapphire"), x: 0, z: 0, level: 0, index: None }
[script livel2tg6r_0] interact UseOn { name: "Chisel", kind: "inv", target_name: Some("Uncut sapphire"), x: 0, z: 0, level: 0, index: None }
[script livel2tg6r_0] interact UseOn { name: "Chisel", kind: "inv", target_name: Some("Uncut sapphire"), x: 0, z: 0, level: 0, index: None }
[script livel2tg6r_0] interact UseOn { name: "Chisel", kind: "inv", target_name: Some("Uncut sapphire"), x: 0, z: 0, level: 0, index: None }
[script livel2tg6r_0] interact UseOn { name: "Chisel", kind: "inv", target_name: Some("Uncut sapphire"), x: 0, z: 0, level: 0, index: None }
[script livel2tg6r_0] interact UseOn { name: "Chisel", kind: "inv", target_name: Some("Uncut sapphire"), x: 0, z: 0, level: 0, index: None }
[script livel2tg6r_0] interact UseOn { name: "Chisel", kind: "inv", target_name: Some("Uncut sapphire"), x: 0, z: 0, level: 0, index: None }
[script livel2tg6r_0] interact UseOn { name: "Chisel", kind: "inv", target_name: Some("Uncut sapphire"), x: 0, z: 0, level: 0, index: None }
[script livel2tg6r_0] interact UseOn { name: "Chisel", kind: "inv", target_name: Some("Uncut sapphire"), x: 0, z: 0, level: 0, index: None }
[script livel2tg6r_0] interact UseOn { name: "Chisel", kind: "inv", target_name: Some("Uncut sapphire"), x: 0, z: 0, level: 0, index: None }
[script livel2tg6r_0] interact UseOn { name: "Chisel", kind: "inv", target_name: Some("Uncut sapphire"), x: 0, z: 0, level: 0, index: None }
[script livel2tg6r_0] interact UseOn { name: "Chisel", kind: "inv", target_name: Some("Uncut sapphire"), x: 0, z: 0, level: 0, index: None }
[script livel2tg6r_0] interact UseOn { name: "Chisel", kind: "inv", target_name: Some("Uncut sapphire"), x: 0, z: 0, level: 0, index: None }
[script livel2tg6r_0] interact UseOn { name: "Chisel", kind: "inv", target_name: Some("Uncut sapphire"), x: 0, z: 0, level: 0, index: None }
[script livel2tg6r_0] interact UseOn { name: "Chisel", kind: "inv", target_name: Some("Uncut sapphire"), x: 0, z: 0, level: 0, index: None }
[script livel2tg6r_0] interact UseOn { name: "Chisel", kind: "inv", target_name: Some("Uncut sapphire"), x: 0, z: 0, level: 0, index: None }
[script livel2tg6r_0] interact UseOn { name: "Chisel", kind: "inv", target_name: Some("Uncut sapphire"), x: 0, z: 0, level: 0, index: None }
[script livel2tg6r_0] interact UseOn { name: "Chisel", kind: "inv", target_name: Some("Uncut sapphire"), x: 0, z: 0, level: 0, index: None }
[script livel2tg6r_0] interact UseOn { name: "Chisel", kind: "inv", target_name: Some("Uncut sapphire"), x: 0, z: 0, level: 0, index: None }
[script livel2tg6r_0] interact UseOn { name: "Chisel", kind: "inv", target_name: Some("Uncut sapphire"), x: 0, z: 0, level: 0, index: None }
[script livel2tg6r_0] interact UseOn { name: "Chisel", kind: "inv", target_name: Some("Uncut sapphire"), x: 0, z: 0, level: 0, index: None }
[script livel2tg6r_0] interact UseOn { name: "Chisel", kind: "inv", target_name: Some("Uncut sapphire"), x: 0, z: 0, level: 0, index: None }
[script livel2tg6r_0] interact UseOn { name: "Chisel", kind: "inv", target_name: Some("Uncut sapphire"), x: 0, z: 0, level: 0, index: None }
[script livel2tg6r_0] interact UseOn { name: "Chisel", kind: "inv", target_name: Some("Uncut sapphire"), x: 0, z: 0, level: 0, index: None }
[script livel2tg6r_0] interact UseOn { name: "Chisel", kind: "inv", target_name: Some("Uncut sapphire"), x: 0, z: 0, level: 0, index: None }
[script livel2tg6r_0] interact UseOn { name: "Chisel", kind: "inv", target_name: Some("Uncut sapphire"), x: 0, z: 0, level: 0, index: None }
[script livel2tg6r_0] interact UseOn { name: "Chisel", kind: "inv", target_name: Some("Uncut sapphire"), x: 0, z: 0, level: 0, index: None }
[script livel2tg6r_0] interact UseOn { name: "Chisel", kind: "inv", target_name: Some("Uncut sapphire"), x: 0, z: 0, level: 0, index: None }
[script livel2tg6r_0] interact UseOn { name: "Chisel", kind: "inv", target_name: Some("Uncut sapphire"), x: 0, z: 0, level: 0, index: None }
[script livel2tg6r_0] interact UseOn { name: "Chisel", kind: "inv", target_name: Some("Uncut sapphire"), x: 0, z: 0, level: 0, index: None }
[script livel2tg6r_0] interact UseOn { name: "Chisel", kind: "inv", target_name: Some("Uncut sapphire"), x: 0, z: 0, level: 0, index: None }
[script livel2tg6r_0] interact UseOn { name: "Chisel", kind: "inv", target_name: Some("Uncut sapphire"), x: 0, z: 0, level: 0, index: None }
[script livel2tg6r_0] interact UseOn { name: "Chisel", kind: "inv", target_name: Some("Uncut sapphire"), x: 0, z: 0, level: 0, index: None }
[script livel2tg6r_0] interact UseOn { name: "Chisel", kind: "inv", target_name: Some("Uncut sapphire"), x: 0, z: 0, level: 0, index: None }
[script livel2tg6r_0] interact UseOn { name: "Chisel", kind: "inv", target_name: Some("Uncut sapphire"), x: 0, z: 0, level: 0, index: None }
[script livel2tg6r_0] interact UseOn { name: "Chisel", kind: "inv", target_name: Some("Uncut sapphire"), x: 0, z: 0, level: 0, index: None }
[script livel2tg6r_0] interact UseOn { name: "Chisel", kind: "inv", target_name: Some("Uncut sapphire"), x: 0, z: 0, level: 0, index: None }
[script livel2tg6r_0] interact UseOn { name: "Chisel", kind: "inv", target_name: Some("Uncut sapphire"), x: 0, z: 0, level: 0, index: None }
[script livel2tg6r_0] interact UseOn { name: "Chisel", kind: "inv", target_name: Some("Uncut sapphire"), x: 0, z: 0, level: 0, index: None }
[script livel2tg6r_0] interact UseOn { name: "Chisel", kind: "inv", target_name: Some("Uncut sapphire"), x: 0, z: 0, level: 0, index: None }
[script livel2tg6r_0] interact UseOn { name: "Chisel", kind: "inv", target_name: Some("Uncut sapphire"), x: 0, z: 0, level: 0, index: None }
[script livel2tg6r_0] interact UseOn { name: "Chisel", kind: "inv", target_name: Some("Uncut sapphire"), x: 0, z: 0, level: 0, index: None }
[script livel2tg6r_0] interact UseOn { name: "Chisel", kind: "inv", target_name: Some("Uncut sapphire"), x: 0, z: 0, level: 0, index: None }
[script livel2tg6r_0] interact UseOn { name: "Chisel", kind: "inv", target_name: Some("Uncut sapphire"), x: 0, z: 0, level: 0, index: None }
[script livel2tg6r_0] interact UseOn { name: "Chisel", kind: "inv", target_name: Some("Uncut sapphire"), x: 0, z: 0, level: 0, index: None }
[script livel2tg6r_0] interact UseOn { name: "Chisel", kind: "inv", target_name: Some("Uncut sapphire"), x: 0, z: 0, level: 0, index: None }
[script livel2tg6r_0] interact UseOn { name: "Chisel", kind: "inv", target_name: Some("Uncut sapphire"), x: 0, z: 0, level: 0, index: None }
[host] slot livel2tg6r_0: d_loop_us=847 d_raster_us=0 d_observe_us=41028 max_observe_us=4862 d_paints=0 d_skips=50 d_ticks=2 window_ms=1178
[host] slot livel2tg6r_0: d_loop_us=847 d_raster_us=0 d_observe_us=39276 max_observe_us=6500 d_paints=0 d_skips=50 d_ticks=2 window_ms=1199
[script livel2tg6r_0] interact UseOn { name: "Chisel", kind: "inv", target_name: Some("Uncut sapphire"), x: 0, z: 0, level: 0, index: None }
[script livel2tg6r_0] interact UseOn { name: "Chisel", kind: "inv", target_name: Some("Uncut sapphire"), x: 0, z: 0, level: 0, index: None }
[script livel2tg6r_0] interact UseOn { name: "Chisel", kind: "inv", target_name: Some("Uncut sapphire"), x: 0, z: 0, level: 0, index: None }
[script livel2tg6r_0] interact UseOn { name: "Chisel", kind: "inv", target_name: Some("Uncut sapphire"), x: 0, z: 0, level: 0, index: None }
[script livel2tg6r_0] interact UseOn { name: "Chisel", kind: "inv", target_name: Some("Uncut sapphire"), x: 0, z: 0, level: 0, index: None }
[script livel2tg6r_0] interact UseOn { name: "Chisel", kind: "inv", target_name: Some("Uncut sapphire"), x: 0, z: 0, level: 0, index: None }
[script livel2tg6r_0] interact UseOn { name: "Chisel", kind: "inv", target_name: Some("Uncut sapphire"), x: 0, z: 0, level: 0, index: None }
[script livel2tg6r_0] interact UseOn { name: "Chisel", kind: "inv", target_name: Some("Uncut sapphire"), x: 0, z: 0, level: 0, index: None }
[script livel2tg6r_0] interact UseOn { name: "Chisel", kind: "inv", target_name: Some("Uncut sapphire"), x: 0, z: 0, level: 0, index: None }
[script livel2tg6r_0] interact UseOn { name: "Chisel", kind: "inv", target_name: Some("Uncut sapphire"), x: 0, z: 0, level: 0, index: None }
[script livel2tg6r_0] interact UseOn { name: "Chisel", kind: "inv", target_name: Some("Uncut sapphire"), x: 0, z: 0, level: 0, index: None }
[script livel2tg6r_0] interact UseOn { name: "Chisel", kind: "inv", target_name: Some("Uncut sapphire"), x: 0, z: 0, level: 0, index: None }
[script livel2tg6r_0] interact UseOn { name: "Chisel", kind: "inv", target_name: Some("Uncut sapphire"), x: 0, z: 0, level: 0, index: None }
[script livel2tg6r_0] interact UseOn { name: "Chisel", kind: "inv", target_name: Some("Uncut sapphire"), x: 0, z: 0, level: 0, index: None }
[script livel2tg6r_0] interact UseOn { name: "Chisel", kind: "inv", target_name: Some("Uncut sapphire"), x: 0, z: 0, level: 0, index: None }
[script livel2tg6r_0] interact UseOn { name: "Chisel", kind: "inv", target_name: Some("Uncut sapphire"), x: 0, z: 0, level: 0, index: None }
[script livel2tg6r_0] interact UseOn { name: "Chisel", kind: "inv", target_name: Some("Uncut sapphire"), x: 0, z: 0, level: 0, index: None }
[script livel2tg6r_0] interact UseOn { name: "Chisel", kind: "inv", target_name: Some("Uncut sapphire"), x: 0, z: 0, level: 0, index: None }
[script livel2tg6r_0] interact UseOn { name: "Chisel", kind: "inv", target_name: Some("Uncut sapphire"), x: 0, z: 0, level: 0, index: None }
[script livel2tg6r_0] interact UseOn { name: "Chisel", kind: "inv", target_name: Some("Uncut sapphire"), x: 0, z: 0, level: 0, index: None }
[script livel2tg6r_0] interact UseOn { name: "Chisel", kind: "inv", target_name: Some("Uncut sapphire"), x: 0, z: 0, level: 0, index: None }
[script livel2tg6r_0] interact UseOn { name: "Chisel", kind: "inv", target_name: Some("Uncut sapphire"), x: 0, z: 0, level: 0, index: None }
[script livel2tg6r_0] interact UseOn { name: "Chisel", kind: "inv", target_name: Some("Uncut sapphire"), x: 0, z: 0, level: 0, index: None }
[script livel2tg6r_0] interact UseOn { name: "Chisel", kind: "inv", target_name: Some("Uncut sapphire"), x: 0, z: 0, level: 0, index: None }
[script livel2tg6r_0] interact UseOn { name: "Chisel", kind: "inv", target_name: Some("Uncut sapphire"), x: 0, z: 0, level: 0, index: None }
[script livel2tg6r_0] interact UseOn { name: "Chisel", kind: "inv", target_name: Some("Uncut sapphire"), x: 0, z: 0, level: 0, index: None }
[script livel2tg6r_0] interact UseOn { name: "Chisel", kind: "inv", target_name: Some("Uncut sapphire"), x: 0, z: 0, level: 0, index: None }
[script livel2tg6r_0] interact UseOn { name: "Chisel", kind: "inv", target_name: Some("Uncut sapphire"), x: 0, z: 0, level: 0, index: None }
[script livel2tg6r_0] interact UseOn { name: "Chisel", kind: "inv", target_name: Some("Uncut sapphire"), x: 0, z: 0, level: 0, index: None }
[script livel2tg6r_0] interact UseOn { name: "Chisel", kind: "inv", target_name: Some("Uncut sapphire"), x: 0, z: 0, level: 0, index: None }
[script livel2tg6r_0] interact UseOn { name: "Chisel", kind: "inv", target_name: Some("Uncut sapphire"), x: 0, z: 0, level: 0, index: None }
[script livel2tg6r_0] interact UseOn { name: "Chisel", kind: "inv", target_name: Some("Uncut sapphire"), x: 0, z: 0, level: 0, index: None }
[script livel2tg6r_0] interact UseOn { name: "Chisel", kind: "inv", target_name: Some("Uncut sapphire"), x: 0, z: 0, level: 0, index: None }
[script livel2tg6r_0] interact UseOn { name: "Chisel", kind: "inv", target_name: Some("Uncut sapphire"), x: 0, z: 0, level: 0, index: None }
[script livel2tg6r_0] interact UseOn { name: "Chisel", kind: "inv", target_name: Some("Uncut sapphire"), x: 0, z: 0, level: 0, index: None }
[script livel2tg6r_0] interact UseOn { name: "Chisel", kind: "inv", target_name: Some("Uncut sapphire"), x: 0, z: 0, level: 0, index: None }
[script livel2tg6r_0] interact UseOn { name: "Chisel", kind: "inv", target_name: Some("Uncut sapphire"), x: 0, z: 0, level: 0, index: None }
[script livel2tg6r_0] interact UseOn { name: "Chisel", kind: "inv", target_name: Some("Uncut sapphire"), x: 0, z: 0, level: 0, index: None }
[script livel2tg6r_0] interact UseOn { name: "Chisel", kind: "inv", target_name: Some("Uncut sapphire"), x: 0, z: 0, level: 0, index: None }
[script livel2tg6r_0] interact UseOn { name: "Chisel", kind: "inv", target_name: Some("Uncut sapphire"), x: 0, z: 0, level: 0, index: None }
[script livel2tg6r_0] interact UseOn { name: "Chisel", kind: "inv", target_name: Some("Uncut sapphire"), x: 0, z: 0, level: 0, index: None }
[script livel2tg6r_0] interact UseOn { name: "Chisel", kind: "inv", target_name: Some("Uncut sapphire"), x: 0, z: 0, level: 0, index: None }
[script livel2tg6r_0] interact UseOn { name: "Chisel", kind: "inv", target_name: Some("Uncut sapphire"), x: 0, z: 0, level: 0, index: None }
[script livel2tg6r_0] interact UseOn { name: "Chisel", kind: "inv", target_name: Some("Uncut sapphire"), x: 0, z: 0, level: 0, index: None }
[script livel2tg6r_0] interact UseOn { name: "Chisel", kind: "inv", target_name: Some("Uncut sapphire"), x: 0, z: 0, level: 0, index: None }
[script livel2tg6r_0] interact UseOn { name: "Chisel", kind: "inv", target_name: Some("Uncut sapphire"), x: 0, z: 0, level: 0, index: None }
[script livel2tg6r_0] interact UseOn { name: "Chisel", kind: "inv", target_name: Some("Uncut sapphire"), x: 0, z: 0, level: 0, index: None }
[script livel2tg6r_0] interact UseOn { name: "Chisel", kind: "inv", target_name: Some("Uncut sapphire"), x: 0, z: 0, level: 0, index: None }
[script livel2tg6r_0] interact UseOn { name: "Chisel", kind: "inv", target_name: Some("Uncut sapphire"), x: 0, z: 0, level: 0, index: None }
[script livel2tg6r_0] interact UseOn { name: "Chisel", kind: "inv", target_name: Some("Uncut sapphire"), x: 0, z: 0, level: 0, index: None }
[script livel2tg6r_0] interact UseOn { name: "Chisel", kind: "inv", target_name: Some("Uncut sapphire"), x: 0, z: 0, level: 0, index: None }
[script livel2tg6r_0] interact UseOn { name: "Chisel", kind: "inv", target_name: Some("Uncut sapphire"), x: 0, z: 0, level: 0, index: None }
[script livel2tg6r_0] interact UseOn { name: "Chisel", kind: "inv", target_name: Some("Uncut sapphire"), x: 0, z: 0, level: 0, index: None }
[script livel2tg6r_0] interact UseOn { name: "Chisel", kind: "inv", target_name: Some("Uncut sapphire"), x: 0, z: 0, level: 0, index: None }
[script livel2tg6r_0] interact UseOn { name: "Chisel", kind: "inv", target_name: Some("Uncut sapphire"), x: 0, z: 0, level: 0, index: None }
[script livel2tg6r_0] interact UseOn { name: "Chisel", kind: "inv", target_name: Some("Uncut sapphire"), x: 0, z: 0, level: 0, index: None }
[script livel2tg6r_0] interact UseOn { name: "Chisel", kind: "inv", target_name: Some("Uncut sapphire"), x: 0, z: 0, level: 0, index: None }
[script livel2tg6r_0] interact UseOn { name: "Chisel", kind: "inv", target_name: Some("Uncut sapphire"), x: 0, z: 0, level: 0, index: None }
[script livel2tg6r_0] interact UseOn { name: "Chisel", kind: "inv", target_name: Some("Uncut sapphire"), x: 0, z: 0, level: 0, index: None }
[script livel2tg6r_0] interact UseOn { name: "Chisel", kind: "inv", target_name: Some("Uncut sapphire"), x: 0, z: 0, level: 0, index: None }
[host] slot livel2tg6r_0: d_loop_us=836 d_raster_us=0 d_observe_us=41626 max_observe_us=6492 d_paints=0 d_skips=50 d_ticks=2 window_ms=1179
[script livel2tg6r_0] interact UseOn { name: "Chisel", kind: "inv", target_name: Some("Uncut sapphire"), x: 0, z: 0, level: 0, index: None }
[script livel2tg6r_0] interact UseOn { name: "Chisel", kind: "inv", target_name: Some("Uncut sapphire"), x: 0, z: 0, level: 0, index: None }
[script livel2tg6r_0] interact UseOn { name: "Chisel", kind: "inv", target_name: Some("Uncut sapphire"), x: 0, z: 0, level: 0, index: None }
[script livel2tg6r_0] interact UseOn { name: "Chisel", kind: "inv", target_name: Some("Uncut sapphire"), x: 0, z: 0, level: 0, index: None }
[script livel2tg6r_0] interact UseOn { name: "Chisel", kind: "inv", target_name: Some("Uncut sapphire"), x: 0, z: 0, level: 0, index: None }
[script livel2tg6r_0] interact UseOn { name: "Chisel", kind: "inv", target_name: Some("Uncut sapphire"), x: 0, z: 0, level: 0, index: None }
[script livel2tg6r_0] interact UseOn { name: "Chisel", kind: "inv", target_name: Some("Uncut sapphire"), x: 0, z: 0, level: 0, index: None }
[script livel2tg6r_0] interact UseOn { name: "Chisel", kind: "inv", target_name: Some("Uncut sapphire"), x: 0, z: 0, level: 0, index: None }
[script livel2tg6r_0] interact UseOn { name: "Chisel", kind: "inv", target_name: Some("Uncut sapphire"), x: 0, z: 0, level: 0, index: None }
[script livel2tg6r_0] interact UseOn { name: "Chisel", kind: "inv", target_name: Some("Uncut sapphire"), x: 0, z: 0, level: 0, index: None }
[script livel2tg6r_0] interact UseOn { name: "Chisel", kind: "inv", target_name: Some("Uncut sapphire"), x: 0, z: 0, level: 0, index: None }
[script livel2tg6r_0] interact UseOn { name: "Chisel", kind: "inv", target_name: Some("Uncut sapphire"), x: 0, z: 0, level: 0, index: None }
[script livel2tg6r_0] interact UseOn { name: "Chisel", kind: "inv", target_name: Some("Uncut sapphire"), x: 0, z: 0, level: 0, index: None }
[script livel2tg6r_0] interact UseOn { name: "Chisel", kind: "inv", target_name: Some("Uncut sapphire"), x: 0, z: 0, level: 0, index: None }
[script livel2tg6r_0] interact UseOn { name: "Chisel", kind: "inv", target_name: Some("Uncut sapphire"), x: 0, z: 0, level: 0, index: None }
[script livel2tg6r_0] interact UseOn { name: "Chisel", kind: "inv", target_name: Some("Uncut sapphire"), x: 0, z: 0, level: 0, index: None }
[script livel2tg6r_0] interact UseOn { name: "Chisel", kind: "inv", target_name: Some("Uncut sapphire"), x: 0, z: 0, level: 0, index: None }
[script livel2tg6r_0] interact UseOn { name: "Chisel", kind: "inv", target_name: Some("Uncut sapphire"), x: 0, z: 0, level: 0, index: None }
[script livel2tg6r_0] interact UseOn { name: "Chisel", kind: "inv", target_name: Some("Uncut sapphire"), x: 0, z: 0, level: 0, index: None }
[script livel2tg6r_0] interact UseOn { name: "Chisel", kind: "inv", target_name: Some("Uncut sapphire"), x: 0, z: 0, level: 0, index: None }
[script livel2tg6r_0] interact UseOn { name: "Chisel", kind: "inv", target_name: Some("Uncut sapphire"), x: 0, z: 0, level: 0, index: None }
[script livel2tg6r_0] interact UseOn { name: "Chisel", kind: "inv", target_name: Some("Uncut sapphire"), x: 0, z: 0, level: 0, index: None }
[script livel2tg6r_0] interact UseOn { name: "Chisel", kind: "inv", target_name: Some("Uncut sapphire"), x: 0, z: 0, level: 0, index: None }
[script livel2tg6r_0] interact UseOn { name: "Chisel", kind: "inv", target_name: Some("Uncut sapphire"), x: 0, z: 0, level: 0, index: None }
[script livel2tg6r_0] interact UseOn { name: "Chisel", kind: "inv", target_name: Some("Uncut sapphire"), x: 0, z: 0, level: 0, index: None }
[script livel2tg6r_0] interact UseOn { name: "Chisel", kind: "inv", target_name: Some("Uncut sapphire"), x: 0, z: 0, level: 0, index: None }
[script livel2tg6r_0] interact UseOn { name: "Chisel", kind: "inv", target_name: Some("Uncut sapphire"), x: 0, z: 0, level: 0, index: None }
[script livel2tg6r_0] interact UseOn { name: "Chisel", kind: "inv", target_name: Some("Uncut sapphire"), x: 0, z: 0, level: 0, index: None }
[script livel2tg6r_0] interact UseOn { name: "Chisel", kind: "inv", target_name: Some("Uncut sapphire"), x: 0, z: 0, level: 0, index: None }
[script livel2tg6r_0] interact UseOn { name: "Chisel", kind: "inv", target_name: Some("Uncut sapphire"), x: 0, z: 0, level: 0, index: None }
[script livel2tg6r_0] interact UseOn { name: "Chisel", kind: "inv", target_name: Some("Uncut sapphire"), x: 0, z: 0, level: 0, index: None }
[script livel2tg6r_0] interact UseOn { name: "Chisel", kind: "inv", target_name: Some("Uncut sapphire"), x: 0, z: 0, level: 0, index: None }
[script livel2tg6r_0] interact UseOn { name: "Chisel", kind: "inv", target_name: Some("Uncut sapphire"), x: 0, z: 0, level: 0, index: None }
[script livel2tg6r_0] interact UseOn { name: "Chisel", kind: "inv", target_name: Some("Uncut sapphire"), x: 0, z: 0, level: 0, index: None }
[script livel2tg6r_0] interact UseOn { name: "Chisel", kind: "inv", target_name: Some("Uncut sapphire"), x: 0, z: 0, level: 0, index: None }
[script livel2tg6r_0] interact UseOn { name: "Chisel", kind: "inv", target_name: Some("Uncut sapphire"), x: 0, z: 0, level: 0, index: None }
[script livel2tg6r_0] interact UseOn { name: "Chisel", kind: "inv", target_name: Some("Uncut sapphire"), x: 0, z: 0, level: 0, index: None }
[script livel2tg6r_0] interact UseOn { name: "Chisel", kind: "inv", target_name: Some("Uncut sapphire"), x: 0, z: 0, level: 0, index: None }
[script livel2tg6r_0] interact UseOn { name: "Chisel", kind: "inv", target_name: Some("Uncut sapphire"), x: 0, z: 0, level: 0, index: None }
[script livel2tg6r_0] interact UseOn { name: "Chisel", kind: "inv", target_name: Some("Uncut sapphire"), x: 0, z: 0, level: 0, index: None }
[script livel2tg6r_0] interact UseOn { name: "Chisel", kind: "inv", target_name: Some("Uncut sapphire"), x: 0, z: 0, level: 0, index: None }
[script livel2tg6r_0] interact UseOn { name: "Chisel", kind: "inv", target_name: Some("Uncut sapphire"), x: 0, z: 0, level: 0, index: None }
[script livel2tg6r_0] interact UseOn { name: "Chisel", kind: "inv", target_name: Some("Uncut sapphire"), x: 0, z: 0, level: 0, index: None }
[script livel2tg6r_0] interact UseOn { name: "Chisel", kind: "inv", target_name: Some("Uncut sapphire"), x: 0, z: 0, level: 0, index: None }
[script livel2tg6r_0] interact UseOn { name: "Chisel", kind: "inv", target_name: Some("Uncut sapphire"), x: 0, z: 0, level: 0, index: None }
[script livel2tg6r_0] interact UseOn { name: "Chisel", kind: "inv", target_name: Some("Uncut sapphire"), x: 0, z: 0, level: 0, index: None }
[script livel2tg6r_0] interact UseOn { name: "Chisel", kind: "inv", target_name: Some("Uncut sapphire"), x: 0, z: 0, level: 0, index: None }
[script livel2tg6r_0] interact UseOn { name: "Chisel", kind: "inv", target_name: Some("Uncut sapphire"), x: 0, z: 0, level: 0, index: None }
[script livel2tg6r_0] interact UseOn { name: "Chisel", kind: "inv", target_name: Some("Uncut sapphire"), x: 0, z: 0, level: 0, index: None }
[script livel2tg6r_0] interact UseOn { name: "Chisel", kind: "inv", target_name: Some("Uncut sapphire"), x: 0, z: 0, level: 0, index: None }
[script livel2tg6r_0] interact UseOn { name: "Chisel", kind: "inv", target_name: Some("Uncut sapphire"), x: 0, z: 0, level: 0, index: None }
[script livel2tg6r_0] interact UseOn { name: "Chisel", kind: "inv", target_name: Some("Uncut sapphire"), x: 0, z: 0, level: 0, index: None }
[script livel2tg6r_0] interact UseOn { name: "Chisel", kind: "inv", target_name: Some("Uncut sapphire"), x: 0, z: 0, level: 0, index: None }
[script livel2tg6r_0] interact UseOn { name: "Chisel", kind: "inv", target_name: Some("Uncut sapphire"), x: 0, z: 0, level: 0, index: None }
[script livel2tg6r_0] interact UseOn { name: "Chisel", kind: "inv", target_name: Some("Uncut sapphire"), x: 0, z: 0, level: 0, index: None }
[script livel2tg6r_0] interact UseOn { name: "Chisel", kind: "inv", target_name: Some("Uncut sapphire"), x: 0, z: 0, level: 0, index: None }
[script livel2tg6r_0] interact UseOn { name: "Chisel", kind: "inv", target_name: Some("Uncut sapphire"), x: 0, z: 0, level: 0, index: None }
[script livel2tg6r_0] interact UseOn { name: "Chisel", kind: "inv", target_name: Some("Uncut sapphire"), x: 0, z: 0, level: 0, index: None }
[script livel2tg6r_0] interact UseOn { name: "Chisel", kind: "inv", target_name: Some("Uncut sapphire"), x: 0, z: 0, level: 0, index: None }
[script livel2tg6r_0] interact UseOn { name: "Chisel", kind: "inv", target_name: Some("Uncut sapphire"), x: 0, z: 0, level: 0, index: None }
[host] slot livel2tg6r_0: d_loop_us=810 d_raster_us=0 d_observe_us=38797 max_observe_us=4354 d_paints=0 d_skips=50 d_ticks=2 window_ms=1191
[host] slot livel2tg6r_0: d_loop_us=808 d_raster_us=0 d_observe_us=38932 max_observe_us=6247 d_paints=0 d_skips=50 d_ticks=2 window_ms=1191
[script livel2tg6r_0] interact UseOn { name: "Chisel", kind: "inv", target_name: Some("Uncut sapphire"), x: 0, z: 0, level: 0, index: None }
[script livel2tg6r_0] interact UseOn { name: "Chisel", kind: "inv", target_name: Some("Uncut sapphire"), x: 0, z: 0, level: 0, index: None }
[script livel2tg6r_0] interact UseOn { name: "Chisel", kind: "inv", target_name: Some("Uncut sapphire"), x: 0, z: 0, level: 0, index: None }
[script livel2tg6r_0] interact UseOn { name: "Chisel", kind: "inv", target_name: Some("Uncut sapphire"), x: 0, z: 0, level: 0, index: None }
[script livel2tg6r_0] interact UseOn { name: "Chisel", kind: "inv", target_name: Some("Uncut sapphire"), x: 0, z: 0, level: 0, index: None }
[script livel2tg6r_0] interact UseOn { name: "Chisel", kind: "inv", target_name: Some("Uncut sapphire"), x: 0, z: 0, level: 0, index: None }
[script livel2tg6r_0] interact UseOn { name: "Chisel", kind: "inv", target_name: Some("Uncut sapphire"), x: 0, z: 0, level: 0, index: None }
[script livel2tg6r_0] interact UseOn { name: "Chisel", kind: "inv", target_name: Some("Uncut sapphire"), x: 0, z: 0, level: 0, index: None }
[script livel2tg6r_0] interact UseOn { name: "Chisel", kind: "inv", target_name: Some("Uncut sapphire"), x: 0, z: 0, level: 0, index: None }
[script livel2tg6r_0] interact UseOn { name: "Chisel", kind: "inv", target_name: Some("Uncut sapphire"), x: 0, z: 0, level: 0, index: None }
[script livel2tg6r_0] interact UseOn { name: "Chisel", kind: "inv", target_name: Some("Uncut sapphire"), x: 0, z: 0, level: 0, index: None }
[script livel2tg6r_0] interact UseOn { name: "Chisel", kind: "inv", target_name: Some("Uncut sapphire"), x: 0, z: 0, level: 0, index: None }
[script livel2tg6r_0] interact UseOn { name: "Chisel", kind: "inv", target_name: Some("Uncut sapphire"), x: 0, z: 0, level: 0, index: None }
[script livel2tg6r_0] interact UseOn { name: "Chisel", kind: "inv", target_name: Some("Uncut sapphire"), x: 0, z: 0, level: 0, index: None }
[script livel2tg6r_0] interact UseOn { name: "Chisel", kind: "inv", target_name: Some("Uncut sapphire"), x: 0, z: 0, level: 0, index: None }
[script livel2tg6r_0] interact UseOn { name: "Chisel", kind: "inv", target_name: Some("Uncut sapphire"), x: 0, z: 0, level: 0, index: None }
[script livel2tg6r_0] interact UseOn { name: "Chisel", kind: "inv", target_name: Some("Uncut sapphire"), x: 0, z: 0, level: 0, index: None }
[script livel2tg6r_0] interact UseOn { name: "Chisel", kind: "inv", target_name: Some("Uncut sapphire"), x: 0, z: 0, level: 0, index: None }
[script livel2tg6r_0] interact UseOn { name: "Chisel", kind: "inv", target_name: Some("Uncut sapphire"), x: 0, z: 0, level: 0, index: None }
[script livel2tg6r_0] interact UseOn { name: "Chisel", kind: "inv", target_name: Some("Uncut sapphire"), x: 0, z: 0, level: 0, index: None }
[script livel2tg6r_0] interact UseOn { name: "Chisel", kind: "inv", target_name: Some("Uncut sapphire"), x: 0, z: 0, level: 0, index: None }
[script livel2tg6r_0] interact UseOn { name: "Chisel", kind: "inv", target_name: Some("Uncut sapphire"), x: 0, z: 0, level: 0, index: None }
[script livel2tg6r_0] interact UseOn { name: "Chisel", kind: "inv", target_name: Some("Uncut sapphire"), x: 0, z: 0, level: 0, index: None }
[script livel2tg6r_0] interact UseOn { name: "Chisel", kind: "inv", target_name: Some("Uncut sapphire"), x: 0, z: 0, level: 0, index: None }
[script livel2tg6r_0] interact UseOn { name: "Chisel", kind: "inv", target_name: Some("Uncut sapphire"), x: 0, z: 0, level: 0, index: None }
[script livel2tg6r_0] interact UseOn { name: "Chisel", kind: "inv", target_name: Some("Uncut sapphire"), x: 0, z: 0, level: 0, index: None }
[script livel2tg6r_0] interact UseOn { name: "Chisel", kind: "inv", target_name: Some("Uncut sapphire"), x: 0, z: 0, level: 0, index: None }
[script livel2tg6r_0] interact UseOn { name: "Chisel", kind: "inv", target_name: Some("Uncut sapphire"), x: 0, z: 0, level: 0, index: None }
[script livel2tg6r_0] interact UseOn { name: "Chisel", kind: "inv", target_name: Some("Uncut sapphire"), x: 0, z: 0, level: 0, index: None }
[script livel2tg6r_0] interact UseOn { name: "Chisel", kind: "inv", target_name: Some("Uncut sapphire"), x: 0, z: 0, level: 0, index: None }
[script livel2tg6r_0] interact UseOn { name: "Chisel", kind: "inv", target_name: Some("Uncut sapphire"), x: 0, z: 0, level: 0, index: None }
[script livel2tg6r_0] interact UseOn { name: "Chisel", kind: "inv", target_name: Some("Uncut sapphire"), x: 0, z: 0, level: 0, index: None }
[script livel2tg6r_0] interact UseOn { name: "Chisel", kind: "inv", target_name: Some("Uncut sapphire"), x: 0, z: 0, level: 0, index: None }
[script livel2tg6r_0] interact UseOn { name: "Chisel", kind: "inv", target_name: Some("Uncut sapphire"), x: 0, z: 0, level: 0, index: None }
[script livel2tg6r_0] interact UseOn { name: "Chisel", kind: "inv", target_name: Some("Uncut sapphire"), x: 0, z: 0, level: 0, index: None }
[script livel2tg6r_0] interact UseOn { name: "Chisel", kind: "inv", target_name: Some("Uncut sapphire"), x: 0, z: 0, level: 0, index: None }
[script livel2tg6r_0] interact UseOn { name: "Chisel", kind: "inv", target_name: Some("Uncut sapphire"), x: 0, z: 0, level: 0, index: None }
[script livel2tg6r_0] interact UseOn { name: "Chisel", kind: "inv", target_name: Some("Uncut sapphire"), x: 0, z: 0, level: 0, index: None }
[script livel2tg6r_0] interact UseOn { name: "Chisel", kind: "inv", target_name: Some("Uncut sapphire"), x: 0, z: 0, level: 0, index: None }
[script livel2tg6r_0] interact UseOn { name: "Chisel", kind: "inv", target_name: Some("Uncut sapphire"), x: 0, z: 0, level: 0, index: None }
[script livel2tg6r_0] interact UseOn { name: "Chisel", kind: "inv", target_name: Some("Uncut sapphire"), x: 0, z: 0, level: 0, index: None }
[script livel2tg6r_0] interact UseOn { name: "Chisel", kind: "inv", target_name: Some("Uncut sapphire"), x: 0, z: 0, level: 0, index: None }
[script livel2tg6r_0] interact UseOn { name: "Chisel", kind: "inv", target_name: Some("Uncut sapphire"), x: 0, z: 0, level: 0, index: None }
[script livel2tg6r_0] interact UseOn { name: "Chisel", kind: "inv", target_name: Some("Uncut sapphire"), x: 0, z: 0, level: 0, index: None }
[script livel2tg6r_0] interact UseOn { name: "Chisel", kind: "inv", target_name: Some("Uncut sapphire"), x: 0, z: 0, level: 0, index: None }
[script livel2tg6r_0] interact UseOn { name: "Chisel", kind: "inv", target_name: Some("Uncut sapphire"), x: 0, z: 0, level: 0, index: None }
[script livel2tg6r_0] interact UseOn { name: "Chisel", kind: "inv", target_name: Some("Uncut sapphire"), x: 0, z: 0, level: 0, index: None }
[script livel2tg6r_0] interact UseOn { name: "Chisel", kind: "inv", target_name: Some("Uncut sapphire"), x: 0, z: 0, level: 0, index: None }
[script livel2tg6r_0] interact UseOn { name: "Chisel", kind: "inv", target_name: Some("Uncut sapphire"), x: 0, z: 0, level: 0, index: None }
[script livel2tg6r_0] interact UseOn { name: "Chisel", kind: "inv", target_name: Some("Uncut sapphire"), x: 0, z: 0, level: 0, index: None }
[script livel2tg6r_0] interact UseOn { name: "Chisel", kind: "inv", target_name: Some("Uncut sapphire"), x: 0, z: 0, level: 0, index: None }
[script livel2tg6r_0] interact UseOn { name: "Chisel", kind: "inv", target_name: Some("Uncut sapphire"), x: 0, z: 0, level: 0, index: None }
[script livel2tg6r_0] interact UseOn { name: "Chisel", kind: "inv", target_name: Some("Uncut sapphire"), x: 0, z: 0, level: 0, index: None }
[script livel2tg6r_0] interact UseOn { name: "Chisel", kind: "inv", target_name: Some("Uncut sapphire"), x: 0, z: 0, level: 0, index: None }
[script livel2tg6r_0] interact UseOn { name: "Chisel", kind: "inv", target_name: Some("Uncut sapphire"), x: 0, z: 0, level: 0, index: None }
[script livel2tg6r_0] interact UseOn { name: "Chisel", kind: "inv", target_name: Some("Uncut sapphire"), x: 0, z: 0, level: 0, index: None }
[script livel2tg6r_0] interact UseOn { name: "Chisel", kind: "inv", target_name: Some("Uncut sapphire"), x: 0, z: 0, level: 0, index: None }
[script livel2tg6r_0] interact UseOn { name: "Chisel", kind: "inv", target_name: Some("Uncut sapphire"), x: 0, z: 0, level: 0, index: None }
[script livel2tg6r_0] interact UseOn { name: "Chisel", kind: "inv", target_name: Some("Uncut sapphire"), x: 0, z: 0, level: 0, index: None }
[script livel2tg6r_0] interact UseOn { name: "Chisel", kind: "inv", target_name: Some("Uncut sapphire"), x: 0, z: 0, level: 0, index: None }
[host] slot livel2tg6r_0: d_loop_us=778 d_raster_us=0 d_observe_us=37896 max_observe_us=4107 d_paints=0 d_skips=50 d_ticks=2 window_ms=1206
[host] slot livel2tg6r_0: d_loop_us=818 d_raster_us=0 d_observe_us=38379 max_observe_us=6692 d_paints=0 d_skips=50 d_ticks=2 window_ms=1198
[script livel2tg6r_0] interact UseOn { name: "Chisel", kind: "inv", target_name: Some("Uncut sapphire"), x: 0, z: 0, level: 0, index: None }
[script livel2tg6r_0] interact UseOn { name: "Chisel", kind: "inv", target_name: Some("Uncut sapphire"), x: 0, z: 0, level: 0, index: None }
[script livel2tg6r_0] interact UseOn { name: "Chisel", kind: "inv", target_name: Some("Uncut sapphire"), x: 0, z: 0, level: 0, index: None }
[script livel2tg6r_0] interact UseOn { name: "Chisel", kind: "inv", target_name: Some("Uncut sapphire"), x: 0, z: 0, level: 0, index: None }
[script livel2tg6r_0] interact UseOn { name: "Chisel", kind: "inv", target_name: Some("Uncut sapphire"), x: 0, z: 0, level: 0, index: None }
[script livel2tg6r_0] interact UseOn { name: "Chisel", kind: "inv", target_name: Some("Uncut sapphire"), x: 0, z: 0, level: 0, index: None }
[script livel2tg6r_0] interact UseOn { name: "Chisel", kind: "inv", target_name: Some("Uncut sapphire"), x: 0, z: 0, level: 0, index: None }
[script livel2tg6r_0] interact UseOn { name: "Chisel", kind: "inv", target_name: Some("Uncut sapphire"), x: 0, z: 0, level: 0, index: None }
[script livel2tg6r_0] interact UseOn { name: "Chisel", kind: "inv", target_name: Some("Uncut sapphire"), x: 0, z: 0, level: 0, index: None }
[script livel2tg6r_0] interact UseOn { name: "Chisel", kind: "inv", target_name: Some("Uncut sapphire"), x: 0, z: 0, level: 0, index: None }
[script livel2tg6r_0] interact UseOn { name: "Chisel", kind: "inv", target_name: Some("Uncut sapphire"), x: 0, z: 0, level: 0, index: None }
[script livel2tg6r_0] interact UseOn { name: "Chisel", kind: "inv", target_name: Some("Uncut sapphire"), x: 0, z: 0, level: 0, index: None }
[script livel2tg6r_0] interact UseOn { name: "Chisel", kind: "inv", target_name: Some("Uncut sapphire"), x: 0, z: 0, level: 0, index: None }
[script livel2tg6r_0] interact UseOn { name: "Chisel", kind: "inv", target_name: Some("Uncut sapphire"), x: 0, z: 0, level: 0, index: None }
[script livel2tg6r_0] interact UseOn { name: "Chisel", kind: "inv", target_name: Some("Uncut sapphire"), x: 0, z: 0, level: 0, index: None }
[script livel2tg6r_0] interact UseOn { name: "Chisel", kind: "inv", target_name: Some("Uncut sapphire"), x: 0, z: 0, level: 0, index: None }
[script livel2tg6r_0] interact UseOn { name: "Chisel", kind: "inv", target_name: Some("Uncut sapphire"), x: 0, z: 0, level: 0, index: None }
[script livel2tg6r_0] interact UseOn { name: "Chisel", kind: "inv", target_name: Some("Uncut sapphire"), x: 0, z: 0, level: 0, index: None }
[script livel2tg6r_0] interact UseOn { name: "Chisel", kind: "inv", target_name: Some("Uncut sapphire"), x: 0, z: 0, level: 0, index: None }
[script livel2tg6r_0] interact UseOn { name: "Chisel", kind: "inv", target_name: Some("Uncut sapphire"), x: 0, z: 0, level: 0, index: None }
[script livel2tg6r_0] interact UseOn { name: "Chisel", kind: "inv", target_name: Some("Uncut sapphire"), x: 0, z: 0, level: 0, index: None }
[script livel2tg6r_0] interact UseOn { name: "Chisel", kind: "inv", target_name: Some("Uncut sapphire"), x: 0, z: 0, level: 0, index: None }
[script livel2tg6r_0] interact UseOn { name: "Chisel", kind: "inv", target_name: Some("Uncut sapphire"), x: 0, z: 0, level: 0, index: None }
[script livel2tg6r_0] interact UseOn { name: "Chisel", kind: "inv", target_name: Some("Uncut sapphire"), x: 0, z: 0, level: 0, index: None }
[script livel2tg6r_0] interact UseOn { name: "Chisel", kind: "inv", target_name: Some("Uncut sapphire"), x: 0, z: 0, level: 0, index: None }
[script livel2tg6r_0] interact UseOn { name: "Chisel", kind: "inv", target_name: Some("Uncut sapphire"), x: 0, z: 0, level: 0, index: None }
[script livel2tg6r_0] interact UseOn { name: "Chisel", kind: "inv", target_name: Some("Uncut sapphire"), x: 0, z: 0, level: 0, index: None }
[script livel2tg6r_0] interact UseOn { name: "Chisel", kind: "inv", target_name: Some("Uncut sapphire"), x: 0, z: 0, level: 0, index: None }
[script livel2tg6r_0] interact UseOn { name: "Chisel", kind: "inv", target_name: Some("Uncut sapphire"), x: 0, z: 0, level: 0, index: None }
[script livel2tg6r_0] interact UseOn { name: "Chisel", kind: "inv", target_name: Some("Uncut sapphire"), x: 0, z: 0, level: 0, index: None }
[script livel2tg6r_0] interact UseOn { name: "Chisel", kind: "inv", target_name: Some("Uncut sapphire"), x: 0, z: 0, level: 0, index: None }
[script livel2tg6r_0] interact UseOn { name: "Chisel", kind: "inv", target_name: Some("Uncut sapphire"), x: 0, z: 0, level: 0, index: None }
[script livel2tg6r_0] interact UseOn { name: "Chisel", kind: "inv", target_name: Some("Uncut sapphire"), x: 0, z: 0, level: 0, index: None }
[script livel2tg6r_0] interact UseOn { name: "Chisel", kind: "inv", target_name: Some("Uncut sapphire"), x: 0, z: 0, level: 0, index: None }
[script livel2tg6r_0] interact UseOn { name: "Chisel", kind: "inv", target_name: Some("Uncut sapphire"), x: 0, z: 0, level: 0, index: None }
[script livel2tg6r_0] interact UseOn { name: "Chisel", kind: "inv", target_name: Some("Uncut sapphire"), x: 0, z: 0, level: 0, index: None }
[script livel2tg6r_0] interact UseOn { name: "Chisel", kind: "inv", target_name: Some("Uncut sapphire"), x: 0, z: 0, level: 0, index: None }
[script livel2tg6r_0] interact UseOn { name: "Chisel", kind: "inv", target_name: Some("Uncut sapphire"), x: 0, z: 0, level: 0, index: None }
[script livel2tg6r_0] interact UseOn { name: "Chisel", kind: "inv", target_name: Some("Uncut sapphire"), x: 0, z: 0, level: 0, index: None }
[script livel2tg6r_0] interact UseOn { name: "Chisel", kind: "inv", target_name: Some("Uncut sapphire"), x: 0, z: 0, level: 0, index: None }
[script livel2tg6r_0] interact UseOn { name: "Chisel", kind: "inv", target_name: Some("Uncut sapphire"), x: 0, z: 0, level: 0, index: None }
[script livel2tg6r_0] interact UseOn { name: "Chisel", kind: "inv", target_name: Some("Uncut sapphire"), x: 0, z: 0, level: 0, index: None }
[script livel2tg6r_0] interact UseOn { name: "Chisel", kind: "inv", target_name: Some("Uncut sapphire"), x: 0, z: 0, level: 0, index: None }
[script livel2tg6r_0] interact UseOn { name: "Chisel", kind: "inv", target_name: Some("Uncut sapphire"), x: 0, z: 0, level: 0, index: None }
[script livel2tg6r_0] interact UseOn { name: "Chisel", kind: "inv", target_name: Some("Uncut sapphire"), x: 0, z: 0, level: 0, index: None }
[script livel2tg6r_0] interact UseOn { name: "Chisel", kind: "inv", target_name: Some("Uncut sapphire"), x: 0, z: 0, level: 0, index: None }
[script livel2tg6r_0] interact UseOn { name: "Chisel", kind: "inv", target_name: Some("Uncut sapphire"), x: 0, z: 0, level: 0, index: None }
[script livel2tg6r_0] interact UseOn { name: "Chisel", kind: "inv", target_name: Some("Uncut sapphire"), x: 0, z: 0, level: 0, index: None }
[script livel2tg6r_0] interact UseOn { name: "Chisel", kind: "inv", target_name: Some("Uncut sapphire"), x: 0, z: 0, level: 0, index: None }
[script livel2tg6r_0] interact UseOn { name: "Chisel", kind: "inv", target_name: Some("Uncut sapphire"), x: 0, z: 0, level: 0, index: None }
[script livel2tg6r_0] interact UseOn { name: "Chisel", kind: "inv", target_name: Some("Uncut sapphire"), x: 0, z: 0, level: 0, index: None }
[script livel2tg6r_0] interact UseOn { name: "Chisel", kind: "inv", target_name: Some("Uncut sapphire"), x: 0, z: 0, level: 0, index: None }
[script livel2tg6r_0] interact UseOn { name: "Chisel", kind: "inv", target_name: Some("Uncut sapphire"), x: 0, z: 0, level: 0, index: None }
[script livel2tg6r_0] interact UseOn { name: "Chisel", kind: "inv", target_name: Some("Uncut sapphire"), x: 0, z: 0, level: 0, index: None }
[script livel2tg6r_0] interact UseOn { name: "Chisel", kind: "inv", target_name: Some("Uncut sapphire"), x: 0, z: 0, level: 0, index: None }
[script livel2tg6r_0] interact UseOn { name: "Chisel", kind: "inv", target_name: Some("Uncut sapphire"), x: 0, z: 0, level: 0, index: None }
[script livel2tg6r_0] interact UseOn { name: "Chisel", kind: "inv", target_name: Some("Uncut sapphire"), x: 0, z: 0, level: 0, index: None }
[script livel2tg6r_0] interact UseOn { name: "Chisel", kind: "inv", target_name: Some("Uncut sapphire"), x: 0, z: 0, level: 0, index: None }
[script livel2tg6r_0] interact UseOn { name: "Chisel", kind: "inv", target_name: Some("Uncut sapphire"), x: 0, z: 0, level: 0, index: None }
[script livel2tg6r_0] interact UseOn { name: "Chisel", kind: "inv", target_name: Some("Uncut sapphire"), x: 0, z: 0, level: 0, index: None }
[host] slot livel2tg6r_0: d_loop_us=807 d_raster_us=0 d_observe_us=39309 max_observe_us=4250 d_paints=0 d_skips=50 d_ticks=2 window_ms=1186
[host] slot livel2tg6r_0: d_loop_us=723 d_raster_us=0 d_observe_us=37094 max_observe_us=6571 d_paints=0 d_skips=50 d_ticks=2 window_ms=1217
[script livel2tg6r_0] interact UseOn { name: "Chisel", kind: "inv", target_name: Some("Uncut sapphire"), x: 0, z: 0, level: 0, index: None }
[script livel2tg6r_0] interact UseOn { name: "Chisel", kind: "inv", target_name: Some("Uncut sapphire"), x: 0, z: 0, level: 0, index: None }
[script livel2tg6r_0] interact UseOn { name: "Chisel", kind: "inv", target_name: Some("Uncut sapphire"), x: 0, z: 0, level: 0, index: None }
[script livel2tg6r_0] interact UseOn { name: "Chisel", kind: "inv", target_name: Some("Uncut sapphire"), x: 0, z: 0, level: 0, index: None }
[script livel2tg6r_0] interact UseOn { name: "Chisel", kind: "inv", target_name: Some("Uncut sapphire"), x: 0, z: 0, level: 0, index: None }
[script livel2tg6r_0] interact UseOn { name: "Chisel", kind: "inv", target_name: Some("Uncut sapphire"), x: 0, z: 0, level: 0, index: None }
[script livel2tg6r_0] interact UseOn { name: "Chisel", kind: "inv", target_name: Some("Uncut sapphire"), x: 0, z: 0, level: 0, index: None }
[script livel2tg6r_0] interact UseOn { name: "Chisel", kind: "inv", target_name: Some("Uncut sapphire"), x: 0, z: 0, level: 0, index: None }
[script livel2tg6r_0] interact UseOn { name: "Chisel", kind: "inv", target_name: Some("Uncut sapphire"), x: 0, z: 0, level: 0, index: None }
[script livel2tg6r_0] interact UseOn { name: "Chisel", kind: "inv", target_name: Some("Uncut sapphire"), x: 0, z: 0, level: 0, index: None }
[script livel2tg6r_0] interact UseOn { name: "Chisel", kind: "inv", target_name: Some("Uncut sapphire"), x: 0, z: 0, level: 0, index: None }
[script livel2tg6r_0] interact UseOn { name: "Chisel", kind: "inv", target_name: Some("Uncut sapphire"), x: 0, z: 0, level: 0, index: None }
[script livel2tg6r_0] interact UseOn { name: "Chisel", kind: "inv", target_name: Some("Uncut sapphire"), x: 0, z: 0, level: 0, index: None }
[script livel2tg6r_0] interact UseOn { name: "Chisel", kind: "inv", target_name: Some("Uncut sapphire"), x: 0, z: 0, level: 0, index: None }
[script livel2tg6r_0] interact UseOn { name: "Chisel", kind: "inv", target_name: Some("Uncut sapphire"), x: 0, z: 0, level: 0, index: None }
[script livel2tg6r_0] interact UseOn { name: "Chisel", kind: "inv", target_name: Some("Uncut sapphire"), x: 0, z: 0, level: 0, index: None }
[script livel2tg6r_0] interact UseOn { name: "Chisel", kind: "inv", target_name: Some("Uncut sapphire"), x: 0, z: 0, level: 0, index: None }
[script livel2tg6r_0] interact UseOn { name: "Chisel", kind: "inv", target_name: Some("Uncut sapphire"), x: 0, z: 0, level: 0, index: None }
[script livel2tg6r_0] interact UseOn { name: "Chisel", kind: "inv", target_name: Some("Uncut sapphire"), x: 0, z: 0, level: 0, index: None }
[script livel2tg6r_0] interact UseOn { name: "Chisel", kind: "inv", target_name: Some("Uncut sapphire"), x: 0, z: 0, level: 0, index: None }
[script livel2tg6r_0] interact UseOn { name: "Chisel", kind: "inv", target_name: Some("Uncut sapphire"), x: 0, z: 0, level: 0, index: None }
[script livel2tg6r_0] interact UseOn { name: "Chisel", kind: "inv", target_name: Some("Uncut sapphire"), x: 0, z: 0, level: 0, index: None }
[script livel2tg6r_0] interact UseOn { name: "Chisel", kind: "inv", target_name: Some("Uncut sapphire"), x: 0, z: 0, level: 0, index: None }
[script livel2tg6r_0] interact UseOn { name: "Chisel", kind: "inv", target_name: Some("Uncut sapphire"), x: 0, z: 0, level: 0, index: None }
[script livel2tg6r_0] interact UseOn { name: "Chisel", kind: "inv", target_name: Some("Uncut sapphire"), x: 0, z: 0, level: 0, index: None }
[script livel2tg6r_0] interact UseOn { name: "Chisel", kind: "inv", target_name: Some("Uncut sapphire"), x: 0, z: 0, level: 0, index: None }
[script livel2tg6r_0] interact UseOn { name: "Chisel", kind: "inv", target_name: Some("Uncut sapphire"), x: 0, z: 0, level: 0, index: None }
[script livel2tg6r_0] interact UseOn { name: "Chisel", kind: "inv", target_name: Some("Uncut sapphire"), x: 0, z: 0, level: 0, index: None }
[script livel2tg6r_0] interact UseOn { name: "Chisel", kind: "inv", target_name: Some("Uncut sapphire"), x: 0, z: 0, level: 0, index: None }
[script livel2tg6r_0] interact UseOn { name: "Chisel", kind: "inv", target_name: Some("Uncut sapphire"), x: 0, z: 0, level: 0, index: None }
[script livel2tg6r_0] interact UseOn { name: "Chisel", kind: "inv", target_name: Some("Uncut sapphire"), x: 0, z: 0, level: 0, index: None }
[script livel2tg6r_0] interact UseOn { name: "Chisel", kind: "inv", target_name: Some("Uncut sapphire"), x: 0, z: 0, level: 0, index: None }
[script livel2tg6r_0] interact UseOn { name: "Chisel", kind: "inv", target_name: Some("Uncut sapphire"), x: 0, z: 0, level: 0, index: None }
[script livel2tg6r_0] interact UseOn { name: "Chisel", kind: "inv", target_name: Some("Uncut sapphire"), x: 0, z: 0, level: 0, index: None }
[script livel2tg6r_0] interact UseOn { name: "Chisel", kind: "inv", target_name: Some("Uncut sapphire"), x: 0, z: 0, level: 0, index: None }
[script livel2tg6r_0] interact UseOn { name: "Chisel", kind: "inv", target_name: Some("Uncut sapphire"), x: 0, z: 0, level: 0, index: None }
[script livel2tg6r_0] interact UseOn { name: "Chisel", kind: "inv", target_name: Some("Uncut sapphire"), x: 0, z: 0, level: 0, index: None }
[script livel2tg6r_0] interact UseOn { name: "Chisel", kind: "inv", target_name: Some("Uncut sapphire"), x: 0, z: 0, level: 0, index: None }
[script livel2tg6r_0] interact UseOn { name: "Chisel", kind: "inv", target_name: Some("Uncut sapphire"), x: 0, z: 0, level: 0, index: None }
[script livel2tg6r_0] interact UseOn { name: "Chisel", kind: "inv", target_name: Some("Uncut sapphire"), x: 0, z: 0, level: 0, index: None }
[script livel2tg6r_0] interact UseOn { name: "Chisel", kind: "inv", target_name: Some("Uncut sapphire"), x: 0, z: 0, level: 0, index: None }
[script livel2tg6r_0] interact UseOn { name: "Chisel", kind: "inv", target_name: Some("Uncut sapphire"), x: 0, z: 0, level: 0, index: None }
[script livel2tg6r_0] interact UseOn { name: "Chisel", kind: "inv", target_name: Some("Uncut sapphire"), x: 0, z: 0, level: 0, index: None }
[script livel2tg6r_0] interact UseOn { name: "Chisel", kind: "inv", target_name: Some("Uncut sapphire"), x: 0, z: 0, level: 0, index: None }
[script livel2tg6r_0] interact UseOn { name: "Chisel", kind: "inv", target_name: Some("Uncut sapphire"), x: 0, z: 0, level: 0, index: None }
[script livel2tg6r_0] interact UseOn { name: "Chisel", kind: "inv", target_name: Some("Uncut sapphire"), x: 0, z: 0, level: 0, index: None }
[script livel2tg6r_0] interact UseOn { name: "Chisel", kind: "inv", target_name: Some("Uncut sapphire"), x: 0, z: 0, level: 0, index: None }
[script livel2tg6r_0] interact UseOn { name: "Chisel", kind: "inv", target_name: Some("Uncut sapphire"), x: 0, z: 0, level: 0, index: None }
[script livel2tg6r_0] interact UseOn { name: "Chisel", kind: "inv", target_name: Some("Uncut sapphire"), x: 0, z: 0, level: 0, index: None }
[script livel2tg6r_0] interact UseOn { name: "Chisel", kind: "inv", target_name: Some("Uncut sapphire"), x: 0, z: 0, level: 0, index: None }
[script livel2tg6r_0] interact UseOn { name: "Chisel", kind: "inv", target_name: Some("Uncut sapphire"), x: 0, z: 0, level: 0, index: None }
[script livel2tg6r_0] interact UseOn { name: "Chisel", kind: "inv", target_name: Some("Uncut sapphire"), x: 0, z: 0, level: 0, index: None }
[script livel2tg6r_0] interact UseOn { name: "Chisel", kind: "inv", target_name: Some("Uncut sapphire"), x: 0, z: 0, level: 0, index: None }
[script livel2tg6r_0] interact UseOn { name: "Chisel", kind: "inv", target_name: Some("Uncut sapphire"), x: 0, z: 0, level: 0, index: None }
[script livel2tg6r_0] interact UseOn { name: "Chisel", kind: "inv", target_name: Some("Uncut sapphire"), x: 0, z: 0, level: 0, index: None }
[script livel2tg6r_0] interact UseOn { name: "Chisel", kind: "inv", target_name: Some("Uncut sapphire"), x: 0, z: 0, level: 0, index: None }
[script livel2tg6r_0] interact UseOn { name: "Chisel", kind: "inv", target_name: Some("Uncut sapphire"), x: 0, z: 0, level: 0, index: None }
[script livel2tg6r_0] interact UseOn { name: "Chisel", kind: "inv", target_name: Some("Uncut sapphire"), x: 0, z: 0, level: 0, index: None }
[script livel2tg6r_0] interact UseOn { name: "Chisel", kind: "inv", target_name: Some("Uncut sapphire"), x: 0, z: 0, level: 0, index: None }
[script livel2tg6r_0] interact UseOn { name: "Chisel", kind: "inv", target_name: Some("Uncut sapphire"), x: 0, z: 0, level: 0, index: None }
[host] slot livel2tg6r_0: d_loop_us=786 d_raster_us=0 d_observe_us=40052 max_observe_us=6750 d_paints=0 d_skips=50 d_ticks=2 window_ms=1183
[script livel2tg6r_0] interact UseOn { name: "Chisel", kind: "inv", target_name: Some("Uncut sapphire"), x: 0, z: 0, level: 0, index: None }
[script livel2tg6r_0] interact UseOn { name: "Chisel", kind: "inv", target_name: Some("Uncut sapphire"), x: 0, z: 0, level: 0, index: None }
[script livel2tg6r_0] interact UseOn { name: "Chisel", kind: "inv", target_name: Some("Uncut sapphire"), x: 0, z: 0, level: 0, index: None }
[script livel2tg6r_0] interact UseOn { name: "Chisel", kind: "inv", target_name: Some("Uncut sapphire"), x: 0, z: 0, level: 0, index: None }
[script livel2tg6r_0] interact UseOn { name: "Chisel", kind: "inv", target_name: Some("Uncut sapphire"), x: 0, z: 0, level: 0, index: None }
[script livel2tg6r_0] interact UseOn { name: "Chisel", kind: "inv", target_name: Some("Uncut sapphire"), x: 0, z: 0, level: 0, index: None }
[script livel2tg6r_0] interact UseOn { name: "Chisel", kind: "inv", target_name: Some("Uncut sapphire"), x: 0, z: 0, level: 0, index: None }
[script livel2tg6r_0] interact UseOn { name: "Chisel", kind: "inv", target_name: Some("Uncut sapphire"), x: 0, z: 0, level: 0, index: None }
[script livel2tg6r_0] interact UseOn { name: "Chisel", kind: "inv", target_name: Some("Uncut sapphire"), x: 0, z: 0, level: 0, index: None }
[script livel2tg6r_0] interact UseOn { name: "Chisel", kind: "inv", target_name: Some("Uncut sapphire"), x: 0, z: 0, level: 0, index: None }
[script livel2tg6r_0] interact UseOn { name: "Chisel", kind: "inv", target_name: Some("Uncut sapphire"), x: 0, z: 0, level: 0, index: None }
[script livel2tg6r_0] interact UseOn { name: "Chisel", kind: "inv", target_name: Some("Uncut sapphire"), x: 0, z: 0, level: 0, index: None }
[script livel2tg6r_0] interact UseOn { name: "Chisel", kind: "inv", target_name: Some("Uncut sapphire"), x: 0, z: 0, level: 0, index: None }
[script livel2tg6r_0] interact UseOn { name: "Chisel", kind: "inv", target_name: Some("Uncut sapphire"), x: 0, z: 0, level: 0, index: None }
[script livel2tg6r_0] interact UseOn { name: "Chisel", kind: "inv", target_name: Some("Uncut sapphire"), x: 0, z: 0, level: 0, index: None }
[script livel2tg6r_0] interact UseOn { name: "Chisel", kind: "inv", target_name: Some("Uncut sapphire"), x: 0, z: 0, level: 0, index: None }
[script livel2tg6r_0] interact UseOn { name: "Chisel", kind: "inv", target_name: Some("Uncut sapphire"), x: 0, z: 0, level: 0, index: None }
[script livel2tg6r_0] interact UseOn { name: "Chisel", kind: "inv", target_name: Some("Uncut sapphire"), x: 0, z: 0, level: 0, index: None }
[script livel2tg6r_0] interact UseOn { name: "Chisel", kind: "inv", target_name: Some("Uncut sapphire"), x: 0, z: 0, level: 0, index: None }
[script livel2tg6r_0] interact UseOn { name: "Chisel", kind: "inv", target_name: Some("Uncut sapphire"), x: 0, z: 0, level: 0, index: None }
[script livel2tg6r_0] interact UseOn { name: "Chisel", kind: "inv", target_name: Some("Uncut sapphire"), x: 0, z: 0, level: 0, index: None }
[script livel2tg6r_0] interact UseOn { name: "Chisel", kind: "inv", target_name: Some("Uncut sapphire"), x: 0, z: 0, level: 0, index: None }
[script livel2tg6r_0] interact UseOn { name: "Chisel", kind: "inv", target_name: Some("Uncut sapphire"), x: 0, z: 0, level: 0, index: None }
[script livel2tg6r_0] interact UseOn { name: "Chisel", kind: "inv", target_name: Some("Uncut sapphire"), x: 0, z: 0, level: 0, index: None }
[script livel2tg6r_0] interact UseOn { name: "Chisel", kind: "inv", target_name: Some("Uncut sapphire"), x: 0, z: 0, level: 0, index: None }
[script livel2tg6r_0] interact UseOn { name: "Chisel", kind: "inv", target_name: Some("Uncut sapphire"), x: 0, z: 0, level: 0, index: None }
[script livel2tg6r_0] interact UseOn { name: "Chisel", kind: "inv", target_name: Some("Uncut sapphire"), x: 0, z: 0, level: 0, index: None }
[script livel2tg6r_0] interact UseOn { name: "Chisel", kind: "inv", target_name: Some("Uncut sapphire"), x: 0, z: 0, level: 0, index: None }
[script livel2tg6r_0] interact UseOn { name: "Chisel", kind: "inv", target_name: Some("Uncut sapphire"), x: 0, z: 0, level: 0, index: None }
[script livel2tg6r_0] interact UseOn { name: "Chisel", kind: "inv", target_name: Some("Uncut sapphire"), x: 0, z: 0, level: 0, index: None }
[script livel2tg6r_0] interact UseOn { name: "Chisel", kind: "inv", target_name: Some("Uncut sapphire"), x: 0, z: 0, level: 0, index: None }
[script livel2tg6r_0] interact UseOn { name: "Chisel", kind: "inv", target_name: Some("Uncut sapphire"), x: 0, z: 0, level: 0, index: None }
[script livel2tg6r_0] interact UseOn { name: "Chisel", kind: "inv", target_name: Some("Uncut sapphire"), x: 0, z: 0, level: 0, index: None }
[script livel2tg6r_0] interact UseOn { name: "Chisel", kind: "inv", target_name: Some("Uncut sapphire"), x: 0, z: 0, level: 0, index: None }
[script livel2tg6r_0] interact UseOn { name: "Chisel", kind: "inv", target_name: Some("Uncut sapphire"), x: 0, z: 0, level: 0, index: None }
[script livel2tg6r_0] interact UseOn { name: "Chisel", kind: "inv", target_name: Some("Uncut sapphire"), x: 0, z: 0, level: 0, index: None }
[script livel2tg6r_0] interact UseOn { name: "Chisel", kind: "inv", target_name: Some("Uncut sapphire"), x: 0, z: 0, level: 0, index: None }
[script livel2tg6r_0] interact UseOn { name: "Chisel", kind: "inv", target_name: Some("Uncut sapphire"), x: 0, z: 0, level: 0, index: None }
[script livel2tg6r_0] interact UseOn { name: "Chisel", kind: "inv", target_name: Some("Uncut sapphire"), x: 0, z: 0, level: 0, index: None }
[script livel2tg6r_0] interact UseOn { name: "Chisel", kind: "inv", target_name: Some("Uncut sapphire"), x: 0, z: 0, level: 0, index: None }
[script livel2tg6r_0] interact UseOn { name: "Chisel", kind: "inv", target_name: Some("Uncut sapphire"), x: 0, z: 0, level: 0, index: None }
[script livel2tg6r_0] interact UseOn { name: "Chisel", kind: "inv", target_name: Some("Uncut sapphire"), x: 0, z: 0, level: 0, index: None }
[script livel2tg6r_0] interact UseOn { name: "Chisel", kind: "inv", target_name: Some("Uncut sapphire"), x: 0, z: 0, level: 0, index: None }
[script livel2tg6r_0] interact UseOn { name: "Chisel", kind: "inv", target_name: Some("Uncut sapphire"), x: 0, z: 0, level: 0, index: None }
[script livel2tg6r_0] interact UseOn { name: "Chisel", kind: "inv", target_name: Some("Uncut sapphire"), x: 0, z: 0, level: 0, index: None }
[script livel2tg6r_0] interact UseOn { name: "Chisel", kind: "inv", target_name: Some("Uncut sapphire"), x: 0, z: 0, level: 0, index: None }
[script livel2tg6r_0] interact UseOn { name: "Chisel", kind: "inv", target_name: Some("Uncut sapphire"), x: 0, z: 0, level: 0, index: None }
[script livel2tg6r_0] interact UseOn { name: "Chisel", kind: "inv", target_name: Some("Uncut sapphire"), x: 0, z: 0, level: 0, index: None }
[script livel2tg6r_0] interact UseOn { name: "Chisel", kind: "inv", target_name: Some("Uncut sapphire"), x: 0, z: 0, level: 0, index: None }
[script livel2tg6r_0] interact UseOn { name: "Chisel", kind: "inv", target_name: Some("Uncut sapphire"), x: 0, z: 0, level: 0, index: None }
[script livel2tg6r_0] interact UseOn { name: "Chisel", kind: "inv", target_name: Some("Uncut sapphire"), x: 0, z: 0, level: 0, index: None }
[script livel2tg6r_0] interact UseOn { name: "Chisel", kind: "inv", target_name: Some("Uncut sapphire"), x: 0, z: 0, level: 0, index: None }
[script livel2tg6r_0] interact UseOn { name: "Chisel", kind: "inv", target_name: Some("Uncut sapphire"), x: 0, z: 0, level: 0, index: None }
[script livel2tg6r_0] interact UseOn { name: "Chisel", kind: "inv", target_name: Some("Uncut sapphire"), x: 0, z: 0, level: 0, index: None }
[script livel2tg6r_0] interact UseOn { name: "Chisel", kind: "inv", target_name: Some("Uncut sapphire"), x: 0, z: 0, level: 0, index: None }
[script livel2tg6r_0] interact UseOn { name: "Chisel", kind: "inv", target_name: Some("Uncut sapphire"), x: 0, z: 0, level: 0, index: None }
[script livel2tg6r_0] interact UseOn { name: "Chisel", kind: "inv", target_name: Some("Uncut sapphire"), x: 0, z: 0, level: 0, index: None }
[script livel2tg6r_0] interact UseOn { name: "Chisel", kind: "inv", target_name: Some("Uncut sapphire"), x: 0, z: 0, level: 0, index: None }
[script livel2tg6r_0] interact UseOn { name: "Chisel", kind: "inv", target_name: Some("Uncut sapphire"), x: 0, z: 0, level: 0, index: None }
[script livel2tg6r_0] interact UseOn { name: "Chisel", kind: "inv", target_name: Some("Uncut sapphire"), x: 0, z: 0, level: 0, index: None }
[host] slot livel2tg6r_0: d_loop_us=893 d_raster_us=0 d_observe_us=43425 max_observe_us=4384 d_paints=0 d_skips=50 d_ticks=2 window_ms=1197
[host] slot livel2tg6r_0: d_loop_us=854 d_raster_us=0 d_observe_us=40596 max_observe_us=6665 d_paints=0 d_skips=50 d_ticks=2 window_ms=1201
[script livel2tg6r_0] interact UseOn { name: "Chisel", kind: "inv", target_name: Some("Uncut sapphire"), x: 0, z: 0, level: 0, index: None }
[script livel2tg6r_0] interact UseOn { name: "Chisel", kind: "inv", target_name: Some("Uncut sapphire"), x: 0, z: 0, level: 0, index: None }
[script livel2tg6r_0] interact UseOn { name: "Chisel", kind: "inv", target_name: Some("Uncut sapphire"), x: 0, z: 0, level: 0, index: None }
[script livel2tg6r_0] interact UseOn { name: "Chisel", kind: "inv", target_name: Some("Uncut sapphire"), x: 0, z: 0, level: 0, index: None }
[script livel2tg6r_0] interact UseOn { name: "Chisel", kind: "inv", target_name: Some("Uncut sapphire"), x: 0, z: 0, level: 0, index: None }
[script livel2tg6r_0] interact UseOn { name: "Chisel", kind: "inv", target_name: Some("Uncut sapphire"), x: 0, z: 0, level: 0, index: None }
[script livel2tg6r_0] interact UseOn { name: "Chisel", kind: "inv", target_name: Some("Uncut sapphire"), x: 0, z: 0, level: 0, index: None }
[script livel2tg6r_0] interact UseOn { name: "Chisel", kind: "inv", target_name: Some("Uncut sapphire"), x: 0, z: 0, level: 0, index: None }
[script livel2tg6r_0] interact UseOn { name: "Chisel", kind: "inv", target_name: Some("Uncut sapphire"), x: 0, z: 0, level: 0, index: None }
[script livel2tg6r_0] interact UseOn { name: "Chisel", kind: "inv", target_name: Some("Uncut sapphire"), x: 0, z: 0, level: 0, index: None }
[script livel2tg6r_0] interact UseOn { name: "Chisel", kind: "inv", target_name: Some("Uncut sapphire"), x: 0, z: 0, level: 0, index: None }
[script livel2tg6r_0] interact UseOn { name: "Chisel", kind: "inv", target_name: Some("Uncut sapphire"), x: 0, z: 0, level: 0, index: None }
[script livel2tg6r_0] interact UseOn { name: "Chisel", kind: "inv", target_name: Some("Uncut sapphire"), x: 0, z: 0, level: 0, index: None }
[script livel2tg6r_0] interact UseOn { name: "Chisel", kind: "inv", target_name: Some("Uncut sapphire"), x: 0, z: 0, level: 0, index: None }
[script livel2tg6r_0] interact UseOn { name: "Chisel", kind: "inv", target_name: Some("Uncut sapphire"), x: 0, z: 0, level: 0, index: None }
[script livel2tg6r_0] interact UseOn { name: "Chisel", kind: "inv", target_name: Some("Uncut sapphire"), x: 0, z: 0, level: 0, index: None }
[script livel2tg6r_0] interact UseOn { name: "Chisel", kind: "inv", target_name: Some("Uncut sapphire"), x: 0, z: 0, level: 0, index: None }
[script livel2tg6r_0] interact UseOn { name: "Chisel", kind: "inv", target_name: Some("Uncut sapphire"), x: 0, z: 0, level: 0, index: None }
[script livel2tg6r_0] interact UseOn { name: "Chisel", kind: "inv", target_name: Some("Uncut sapphire"), x: 0, z: 0, level: 0, index: None }
[script livel2tg6r_0] interact UseOn { name: "Chisel", kind: "inv", target_name: Some("Uncut sapphire"), x: 0, z: 0, level: 0, index: None }
[script livel2tg6r_0] interact UseOn { name: "Chisel", kind: "inv", target_name: Some("Uncut sapphire"), x: 0, z: 0, level: 0, index: None }
[script livel2tg6r_0] interact UseOn { name: "Chisel", kind: "inv", target_name: Some("Uncut sapphire"), x: 0, z: 0, level: 0, index: None }
[script livel2tg6r_0] interact UseOn { name: "Chisel", kind: "inv", target_name: Some("Uncut sapphire"), x: 0, z: 0, level: 0, index: None }
[script livel2tg6r_0] interact UseOn { name: "Chisel", kind: "inv", target_name: Some("Uncut sapphire"), x: 0, z: 0, level: 0, index: None }
[script livel2tg6r_0] interact UseOn { name: "Chisel", kind: "inv", target_name: Some("Uncut sapphire"), x: 0, z: 0, level: 0, index: None }
[script livel2tg6r_0] interact UseOn { name: "Chisel", kind: "inv", target_name: Some("Uncut sapphire"), x: 0, z: 0, level: 0, index: None }
[script livel2tg6r_0] interact UseOn { name: "Chisel", kind: "inv", target_name: Some("Uncut sapphire"), x: 0, z: 0, level: 0, index: None }
[script livel2tg6r_0] interact UseOn { name: "Chisel", kind: "inv", target_name: Some("Uncut sapphire"), x: 0, z: 0, level: 0, index: None }
[script livel2tg6r_0] interact UseOn { name: "Chisel", kind: "inv", target_name: Some("Uncut sapphire"), x: 0, z: 0, level: 0, index: None }
[script livel2tg6r_0] interact UseOn { name: "Chisel", kind: "inv", target_name: Some("Uncut sapphire"), x: 0, z: 0, level: 0, index: None }
[script livel2tg6r_0] interact UseOn { name: "Chisel", kind: "inv", target_name: Some("Uncut sapphire"), x: 0, z: 0, level: 0, index: None }
[script livel2tg6r_0] interact UseOn { name: "Chisel", kind: "inv", target_name: Some("Uncut sapphire"), x: 0, z: 0, level: 0, index: None }
[script livel2tg6r_0] interact UseOn { name: "Chisel", kind: "inv", target_name: Some("Uncut sapphire"), x: 0, z: 0, level: 0, index: None }
[script livel2tg6r_0] interact UseOn { name: "Chisel", kind: "inv", target_name: Some("Uncut sapphire"), x: 0, z: 0, level: 0, index: None }
[script livel2tg6r_0] interact UseOn { name: "Chisel", kind: "inv", target_name: Some("Uncut sapphire"), x: 0, z: 0, level: 0, index: None }
[script livel2tg6r_0] interact UseOn { name: "Chisel", kind: "inv", target_name: Some("Uncut sapphire"), x: 0, z: 0, level: 0, index: None }
[script livel2tg6r_0] interact UseOn { name: "Chisel", kind: "inv", target_name: Some("Uncut sapphire"), x: 0, z: 0, level: 0, index: None }
[script livel2tg6r_0] interact UseOn { name: "Chisel", kind: "inv", target_name: Some("Uncut sapphire"), x: 0, z: 0, level: 0, index: None }
[script livel2tg6r_0] interact UseOn { name: "Chisel", kind: "inv", target_name: Some("Uncut sapphire"), x: 0, z: 0, level: 0, index: None }
[script livel2tg6r_0] interact UseOn { name: "Chisel", kind: "inv", target_name: Some("Uncut sapphire"), x: 0, z: 0, level: 0, index: None }
[script livel2tg6r_0] interact UseOn { name: "Chisel", kind: "inv", target_name: Some("Uncut sapphire"), x: 0, z: 0, level: 0, index: None }
[script livel2tg6r_0] interact UseOn { name: "Chisel", kind: "inv", target_name: Some("Uncut sapphire"), x: 0, z: 0, level: 0, index: None }
[script livel2tg6r_0] interact UseOn { name: "Chisel", kind: "inv", target_name: Some("Uncut sapphire"), x: 0, z: 0, level: 0, index: None }
[script livel2tg6r_0] interact UseOn { name: "Chisel", kind: "inv", target_name: Some("Uncut sapphire"), x: 0, z: 0, level: 0, index: None }
[script livel2tg6r_0] interact UseOn { name: "Chisel", kind: "inv", target_name: Some("Uncut sapphire"), x: 0, z: 0, level: 0, index: None }
[script livel2tg6r_0] interact UseOn { name: "Chisel", kind: "inv", target_name: Some("Uncut sapphire"), x: 0, z: 0, level: 0, index: None }
[script livel2tg6r_0] interact UseOn { name: "Chisel", kind: "inv", target_name: Some("Uncut sapphire"), x: 0, z: 0, level: 0, index: None }
[script livel2tg6r_0] interact UseOn { name: "Chisel", kind: "inv", target_name: Some("Uncut sapphire"), x: 0, z: 0, level: 0, index: None }
[script livel2tg6r_0] interact UseOn { name: "Chisel", kind: "inv", target_name: Some("Uncut sapphire"), x: 0, z: 0, level: 0, index: None }
[script livel2tg6r_0] interact UseOn { name: "Chisel", kind: "inv", target_name: Some("Uncut sapphire"), x: 0, z: 0, level: 0, index: None }
[script livel2tg6r_0] interact UseOn { name: "Chisel", kind: "inv", target_name: Some("Uncut sapphire"), x: 0, z: 0, level: 0, index: None }
[script livel2tg6r_0] interact UseOn { name: "Chisel", kind: "inv", target_name: Some("Uncut sapphire"), x: 0, z: 0, level: 0, index: None }
[script livel2tg6r_0] interact UseOn { name: "Chisel", kind: "inv", target_name: Some("Uncut sapphire"), x: 0, z: 0, level: 0, index: None }
[script livel2tg6r_0] interact UseOn { name: "Chisel", kind: "inv", target_name: Some("Uncut sapphire"), x: 0, z: 0, level: 0, index: None }
[script livel2tg6r_0] interact UseOn { name: "Chisel", kind: "inv", target_name: Some("Uncut sapphire"), x: 0, z: 0, level: 0, index: None }
[script livel2tg6r_0] interact UseOn { name: "Chisel", kind: "inv", target_name: Some("Uncut sapphire"), x: 0, z: 0, level: 0, index: None }
[script livel2tg6r_0] interact UseOn { name: "Chisel", kind: "inv", target_name: Some("Uncut sapphire"), x: 0, z: 0, level: 0, index: None }
[script livel2tg6r_0] interact UseOn { name: "Chisel", kind: "inv", target_name: Some("Uncut sapphire"), x: 0, z: 0, level: 0, index: None }
[script livel2tg6r_0] interact UseOn { name: "Chisel", kind: "inv", target_name: Some("Uncut sapphire"), x: 0, z: 0, level: 0, index: None }
[script livel2tg6r_0] interact UseOn { name: "Chisel", kind: "inv", target_name: Some("Uncut sapphire"), x: 0, z: 0, level: 0, index: None }
[host] slot livel2tg6r_0: d_loop_us=845 d_raster_us=0 d_observe_us=48424 max_observe_us=7565 d_paints=0 d_skips=50 d_ticks=2 window_ms=1208
[script livel2tg6r_0] interact UseOn { name: "Chisel", kind: "inv", target_name: Some("Uncut sapphire"), x: 0, z: 0, level: 0, index: None }
[script livel2tg6r_0] interact UseOn { name: "Chisel", kind: "inv", target_name: Some("Uncut sapphire"), x: 0, z: 0, level: 0, index: None }
[script livel2tg6r_0] interact UseOn { name: "Chisel", kind: "inv", target_name: Some("Uncut sapphire"), x: 0, z: 0, level: 0, index: None }
[script livel2tg6r_0] interact UseOn { name: "Chisel", kind: "inv", target_name: Some("Uncut sapphire"), x: 0, z: 0, level: 0, index: None }
[script livel2tg6r_0] interact UseOn { name: "Chisel", kind: "inv", target_name: Some("Uncut sapphire"), x: 0, z: 0, level: 0, index: None }
[script livel2tg6r_0] interact UseOn { name: "Chisel", kind: "inv", target_name: Some("Uncut sapphire"), x: 0, z: 0, level: 0, index: None }
[script livel2tg6r_0] interact UseOn { name: "Chisel", kind: "inv", target_name: Some("Uncut sapphire"), x: 0, z: 0, level: 0, index: None }
[script livel2tg6r_0] interact UseOn { name: "Chisel", kind: "inv", target_name: Some("Uncut sapphire"), x: 0, z: 0, level: 0, index: None }
[script livel2tg6r_0] interact UseOn { name: "Chisel", kind: "inv", target_name: Some("Uncut sapphire"), x: 0, z: 0, level: 0, index: None }
[script livel2tg6r_0] interact UseOn { name: "Chisel", kind: "inv", target_name: Some("Uncut sapphire"), x: 0, z: 0, level: 0, index: None }
[script livel2tg6r_0] interact UseOn { name: "Chisel", kind: "inv", target_name: Some("Uncut sapphire"), x: 0, z: 0, level: 0, index: None }
[script livel2tg6r_0] interact UseOn { name: "Chisel", kind: "inv", target_name: Some("Uncut sapphire"), x: 0, z: 0, level: 0, index: None }
[script livel2tg6r_0] interact UseOn { name: "Chisel", kind: "inv", target_name: Some("Uncut sapphire"), x: 0, z: 0, level: 0, index: None }
[script livel2tg6r_0] interact UseOn { name: "Chisel", kind: "inv", target_name: Some("Uncut sapphire"), x: 0, z: 0, level: 0, index: None }
[script livel2tg6r_0] interact UseOn { name: "Chisel", kind: "inv", target_name: Some("Uncut sapphire"), x: 0, z: 0, level: 0, index: None }
[script livel2tg6r_0] interact UseOn { name: "Chisel", kind: "inv", target_name: Some("Uncut sapphire"), x: 0, z: 0, level: 0, index: None }
[script livel2tg6r_0] interact UseOn { name: "Chisel", kind: "inv", target_name: Some("Uncut sapphire"), x: 0, z: 0, level: 0, index: None }
[script livel2tg6r_0] interact UseOn { name: "Chisel", kind: "inv", target_name: Some("Uncut sapphire"), x: 0, z: 0, level: 0, index: None }
[script livel2tg6r_0] interact UseOn { name: "Chisel", kind: "inv", target_name: Some("Uncut sapphire"), x: 0, z: 0, level: 0, index: None }
[script livel2tg6r_0] interact UseOn { name: "Chisel", kind: "inv", target_name: Some("Uncut sapphire"), x: 0, z: 0, level: 0, index: None }
[script livel2tg6r_0] interact UseOn { name: "Chisel", kind: "inv", target_name: Some("Uncut sapphire"), x: 0, z: 0, level: 0, index: None }
[script livel2tg6r_0] interact UseOn { name: "Chisel", kind: "inv", target_name: Some("Uncut sapphire"), x: 0, z: 0, level: 0, index: None }
[script livel2tg6r_0] interact UseOn { name: "Chisel", kind: "inv", target_name: Some("Uncut sapphire"), x: 0, z: 0, level: 0, index: None }
[script livel2tg6r_0] interact UseOn { name: "Chisel", kind: "inv", target_name: Some("Uncut sapphire"), x: 0, z: 0, level: 0, index: None }
[script livel2tg6r_0] interact UseOn { name: "Chisel", kind: "inv", target_name: Some("Uncut sapphire"), x: 0, z: 0, level: 0, index: None }
[script livel2tg6r_0] interact UseOn { name: "Chisel", kind: "inv", target_name: Some("Uncut sapphire"), x: 0, z: 0, level: 0, index: None }
[script livel2tg6r_0] interact UseOn { name: "Chisel", kind: "inv", target_name: Some("Uncut sapphire"), x: 0, z: 0, level: 0, index: None }
[script livel2tg6r_0] interact UseOn { name: "Chisel", kind: "inv", target_name: Some("Uncut sapphire"), x: 0, z: 0, level: 0, index: None }
[script livel2tg6r_0] interact UseOn { name: "Chisel", kind: "inv", target_name: Some("Uncut sapphire"), x: 0, z: 0, level: 0, index: None }
[script livel2tg6r_0] interact UseOn { name: "Chisel", kind: "inv", target_name: Some("Uncut sapphire"), x: 0, z: 0, level: 0, index: None }
[script livel2tg6r_0] interact UseOn { name: "Chisel", kind: "inv", target_name: Some("Uncut sapphire"), x: 0, z: 0, level: 0, index: None }
[script livel2tg6r_0] interact UseOn { name: "Chisel", kind: "inv", target_name: Some("Uncut sapphire"), x: 0, z: 0, level: 0, index: None }
[script livel2tg6r_0] interact UseOn { name: "Chisel", kind: "inv", target_name: Some("Uncut sapphire"), x: 0, z: 0, level: 0, index: None }
[script livel2tg6r_0] interact UseOn { name: "Chisel", kind: "inv", target_name: Some("Uncut sapphire"), x: 0, z: 0, level: 0, index: None }
[script livel2tg6r_0] interact UseOn { name: "Chisel", kind: "inv", target_name: Some("Uncut sapphire"), x: 0, z: 0, level: 0, index: None }
[script livel2tg6r_0] interact UseOn { name: "Chisel", kind: "inv", target_name: Some("Uncut sapphire"), x: 0, z: 0, level: 0, index: None }
[script livel2tg6r_0] interact UseOn { name: "Chisel", kind: "inv", target_name: Some("Uncut sapphire"), x: 0, z: 0, level: 0, index: None }
[script livel2tg6r_0] interact UseOn { name: "Chisel", kind: "inv", target_name: Some("Uncut sapphire"), x: 0, z: 0, level: 0, index: None }
[script livel2tg6r_0] interact UseOn { name: "Chisel", kind: "inv", target_name: Some("Uncut sapphire"), x: 0, z: 0, level: 0, index: None }
[script livel2tg6r_0] interact UseOn { name: "Chisel", kind: "inv", target_name: Some("Uncut sapphire"), x: 0, z: 0, level: 0, index: None }
[script livel2tg6r_0] interact UseOn { name: "Chisel", kind: "inv", target_name: Some("Uncut sapphire"), x: 0, z: 0, level: 0, index: None }
[script livel2tg6r_0] interact UseOn { name: "Chisel", kind: "inv", target_name: Some("Uncut sapphire"), x: 0, z: 0, level: 0, index: None }
[script livel2tg6r_0] interact UseOn { name: "Chisel", kind: "inv", target_name: Some("Uncut sapphire"), x: 0, z: 0, level: 0, index: None }
[script livel2tg6r_0] interact UseOn { name: "Chisel", kind: "inv", target_name: Some("Uncut sapphire"), x: 0, z: 0, level: 0, index: None }
[script livel2tg6r_0] interact UseOn { name: "Chisel", kind: "inv", target_name: Some("Uncut sapphire"), x: 0, z: 0, level: 0, index: None }
[script livel2tg6r_0] interact UseOn { name: "Chisel", kind: "inv", target_name: Some("Uncut sapphire"), x: 0, z: 0, level: 0, index: None }
[script livel2tg6r_0] interact UseOn { name: "Chisel", kind: "inv", target_name: Some("Uncut sapphire"), x: 0, z: 0, level: 0, index: None }
[script livel2tg6r_0] interact UseOn { name: "Chisel", kind: "inv", target_name: Some("Uncut sapphire"), x: 0, z: 0, level: 0, index: None }
[script livel2tg6r_0] interact UseOn { name: "Chisel", kind: "inv", target_name: Some("Uncut sapphire"), x: 0, z: 0, level: 0, index: None }
[script livel2tg6r_0] interact UseOn { name: "Chisel", kind: "inv", target_name: Some("Uncut sapphire"), x: 0, z: 0, level: 0, index: None }
[script livel2tg6r_0] interact UseOn { name: "Chisel", kind: "inv", target_name: Some("Uncut sapphire"), x: 0, z: 0, level: 0, index: None }
[script livel2tg6r_0] interact UseOn { name: "Chisel", kind: "inv", target_name: Some("Uncut sapphire"), x: 0, z: 0, level: 0, index: None }
[script livel2tg6r_0] interact UseOn { name: "Chisel", kind: "inv", target_name: Some("Uncut sapphire"), x: 0, z: 0, level: 0, index: None }
[script livel2tg6r_0] interact UseOn { name: "Chisel", kind: "inv", target_name: Some("Uncut sapphire"), x: 0, z: 0, level: 0, index: None }
[script livel2tg6r_0] interact UseOn { name: "Chisel", kind: "inv", target_name: Some("Uncut sapphire"), x: 0, z: 0, level: 0, index: None }
[script livel2tg6r_0] interact UseOn { name: "Chisel", kind: "inv", target_name: Some("Uncut sapphire"), x: 0, z: 0, level: 0, index: None }
[script livel2tg6r_0] interact UseOn { name: "Chisel", kind: "inv", target_name: Some("Uncut sapphire"), x: 0, z: 0, level: 0, index: None }
[script livel2tg6r_0] interact UseOn { name: "Chisel", kind: "inv", target_name: Some("Uncut sapphire"), x: 0, z: 0, level: 0, index: None }
[script livel2tg6r_0] interact UseOn { name: "Chisel", kind: "inv", target_name: Some("Uncut sapphire"), x: 0, z: 0, level: 0, index: None }
[script livel2tg6r_0] interact UseOn { name: "Chisel", kind: "inv", target_name: Some("Uncut sapphire"), x: 0, z: 0, level: 0, index: None }
[host] slot livel2tg6r_0: d_loop_us=834 d_raster_us=0 d_observe_us=43504 max_observe_us=6892 d_paints=0 d_skips=50 d_ticks=2 window_ms=1191
[host] slot livel2tg6r_0: d_loop_us=843 d_raster_us=0 d_observe_us=39652 max_observe_us=6886 d_paints=0 d_skips=50 d_ticks=2 window_ms=1184
[script livel2tg6r_0] interact UseOn { name: "Chisel", kind: "inv", target_name: Some("Uncut sapphire"), x: 0, z: 0, level: 0, index: None }
[script livel2tg6r_0] interact UseOn { name: "Chisel", kind: "inv", target_name: Some("Uncut sapphire"), x: 0, z: 0, level: 0, index: None }
[script livel2tg6r_0] interact UseOn { name: "Chisel", kind: "inv", target_name: Some("Uncut sapphire"), x: 0, z: 0, level: 0, index: None }
[script livel2tg6r_0] interact UseOn { name: "Chisel", kind: "inv", target_name: Some("Uncut sapphire"), x: 0, z: 0, level: 0, index: None }
[script livel2tg6r_0] interact UseOn { name: "Chisel", kind: "inv", target_name: Some("Uncut sapphire"), x: 0, z: 0, level: 0, index: None }
[script livel2tg6r_0] interact UseOn { name: "Chisel", kind: "inv", target_name: Some("Uncut sapphire"), x: 0, z: 0, level: 0, index: None }
[script livel2tg6r_0] interact UseOn { name: "Chisel", kind: "inv", target_name: Some("Uncut sapphire"), x: 0, z: 0, level: 0, index: None }
[script livel2tg6r_0] interact UseOn { name: "Chisel", kind: "inv", target_name: Some("Uncut sapphire"), x: 0, z: 0, level: 0, index: None }
[script livel2tg6r_0] interact UseOn { name: "Chisel", kind: "inv", target_name: Some("Uncut sapphire"), x: 0, z: 0, level: 0, index: None }
[script livel2tg6r_0] interact UseOn { name: "Chisel", kind: "inv", target_name: Some("Uncut sapphire"), x: 0, z: 0, level: 0, index: None }
[script livel2tg6r_0] interact UseOn { name: "Chisel", kind: "inv", target_name: Some("Uncut sapphire"), x: 0, z: 0, level: 0, index: None }
[script livel2tg6r_0] interact UseOn { name: "Chisel", kind: "inv", target_name: Some("Uncut sapphire"), x: 0, z: 0, level: 0, index: None }
[script livel2tg6r_0] interact UseOn { name: "Chisel", kind: "inv", target_name: Some("Uncut sapphire"), x: 0, z: 0, level: 0, index: None }
[script livel2tg6r_0] interact UseOn { name: "Chisel", kind: "inv", target_name: Some("Uncut sapphire"), x: 0, z: 0, level: 0, index: None }
[script livel2tg6r_0] interact UseOn { name: "Chisel", kind: "inv", target_name: Some("Uncut sapphire"), x: 0, z: 0, level: 0, index: None }
[script livel2tg6r_0] interact UseOn { name: "Chisel", kind: "inv", target_name: Some("Uncut sapphire"), x: 0, z: 0, level: 0, index: None }
[script livel2tg6r_0] interact UseOn { name: "Chisel", kind: "inv", target_name: Some("Uncut sapphire"), x: 0, z: 0, level: 0, index: None }
[script livel2tg6r_0] interact UseOn { name: "Chisel", kind: "inv", target_name: Some("Uncut sapphire"), x: 0, z: 0, level: 0, index: None }
[script livel2tg6r_0] interact UseOn { name: "Chisel", kind: "inv", target_name: Some("Uncut sapphire"), x: 0, z: 0, level: 0, index: None }
[script livel2tg6r_0] interact UseOn { name: "Chisel", kind: "inv", target_name: Some("Uncut sapphire"), x: 0, z: 0, level: 0, index: None }
[script livel2tg6r_0] interact UseOn { name: "Chisel", kind: "inv", target_name: Some("Uncut sapphire"), x: 0, z: 0, level: 0, index: None }
[script livel2tg6r_0] interact UseOn { name: "Chisel", kind: "inv", target_name: Some("Uncut sapphire"), x: 0, z: 0, level: 0, index: None }
[script livel2tg6r_0] interact UseOn { name: "Chisel", kind: "inv", target_name: Some("Uncut sapphire"), x: 0, z: 0, level: 0, index: None }
[script livel2tg6r_0] interact UseOn { name: "Chisel", kind: "inv", target_name: Some("Uncut sapphire"), x: 0, z: 0, level: 0, index: None }
[script livel2tg6r_0] interact UseOn { name: "Chisel", kind: "inv", target_name: Some("Uncut sapphire"), x: 0, z: 0, level: 0, index: None }
[script livel2tg6r_0] interact UseOn { name: "Chisel", kind: "inv", target_name: Some("Uncut sapphire"), x: 0, z: 0, level: 0, index: None }
[script livel2tg6r_0] interact UseOn { name: "Chisel", kind: "inv", target_name: Some("Uncut sapphire"), x: 0, z: 0, level: 0, index: None }
[script livel2tg6r_0] interact UseOn { name: "Chisel", kind: "inv", target_name: Some("Uncut sapphire"), x: 0, z: 0, level: 0, index: None }
[script livel2tg6r_0] interact UseOn { name: "Chisel", kind: "inv", target_name: Some("Uncut sapphire"), x: 0, z: 0, level: 0, index: None }
[script livel2tg6r_0] interact UseOn { name: "Chisel", kind: "inv", target_name: Some("Uncut sapphire"), x: 0, z: 0, level: 0, index: None }
[script livel2tg6r_0] interact UseOn { name: "Chisel", kind: "inv", target_name: Some("Uncut sapphire"), x: 0, z: 0, level: 0, index: None }
[script livel2tg6r_0] interact UseOn { name: "Chisel", kind: "inv", target_name: Some("Uncut sapphire"), x: 0, z: 0, level: 0, index: None }
[script livel2tg6r_0] interact UseOn { name: "Chisel", kind: "inv", target_name: Some("Uncut sapphire"), x: 0, z: 0, level: 0, index: None }
[script livel2tg6r_0] interact UseOn { name: "Chisel", kind: "inv", target_name: Some("Uncut sapphire"), x: 0, z: 0, level: 0, index: None }
[script livel2tg6r_0] interact UseOn { name: "Chisel", kind: "inv", target_name: Some("Uncut sapphire"), x: 0, z: 0, level: 0, index: None }
[script livel2tg6r_0] interact UseOn { name: "Chisel", kind: "inv", target_name: Some("Uncut sapphire"), x: 0, z: 0, level: 0, index: None }
[script livel2tg6r_0] interact UseOn { name: "Chisel", kind: "inv", target_name: Some("Uncut sapphire"), x: 0, z: 0, level: 0, index: None }
[script livel2tg6r_0] interact UseOn { name: "Chisel", kind: "inv", target_name: Some("Uncut sapphire"), x: 0, z: 0, level: 0, index: None }
[script livel2tg6r_0] interact UseOn { name: "Chisel", kind: "inv", target_name: Some("Uncut sapphire"), x: 0, z: 0, level: 0, index: None }
[script livel2tg6r_0] interact UseOn { name: "Chisel", kind: "inv", target_name: Some("Uncut sapphire"), x: 0, z: 0, level: 0, index: None }
[script livel2tg6r_0] interact UseOn { name: "Chisel", kind: "inv", target_name: Some("Uncut sapphire"), x: 0, z: 0, level: 0, index: None }
[script livel2tg6r_0] interact UseOn { name: "Chisel", kind: "inv", target_name: Some("Uncut sapphire"), x: 0, z: 0, level: 0, index: None }
[script livel2tg6r_0] interact UseOn { name: "Chisel", kind: "inv", target_name: Some("Uncut sapphire"), x: 0, z: 0, level: 0, index: None }
[script livel2tg6r_0] interact UseOn { name: "Chisel", kind: "inv", target_name: Some("Uncut sapphire"), x: 0, z: 0, level: 0, index: None }
[script livel2tg6r_0] interact UseOn { name: "Chisel", kind: "inv", target_name: Some("Uncut sapphire"), x: 0, z: 0, level: 0, index: None }
[script livel2tg6r_0] interact UseOn { name: "Chisel", kind: "inv", target_name: Some("Uncut sapphire"), x: 0, z: 0, level: 0, index: None }
[script livel2tg6r_0] interact UseOn { name: "Chisel", kind: "inv", target_name: Some("Uncut sapphire"), x: 0, z: 0, level: 0, index: None }
[script livel2tg6r_0] interact UseOn { name: "Chisel", kind: "inv", target_name: Some("Uncut sapphire"), x: 0, z: 0, level: 0, index: None }
[script livel2tg6r_0] interact UseOn { name: "Chisel", kind: "inv", target_name: Some("Uncut sapphire"), x: 0, z: 0, level: 0, index: None }
[script livel2tg6r_0] interact UseOn { name: "Chisel", kind: "inv", target_name: Some("Uncut sapphire"), x: 0, z: 0, level: 0, index: None }
[script livel2tg6r_0] interact UseOn { name: "Chisel", kind: "inv", target_name: Some("Uncut sapphire"), x: 0, z: 0, level: 0, index: None }
[script livel2tg6r_0] interact UseOn { name: "Chisel", kind: "inv", target_name: Some("Uncut sapphire"), x: 0, z: 0, level: 0, index: None }
[script livel2tg6r_0] interact UseOn { name: "Chisel", kind: "inv", target_name: Some("Uncut sapphire"), x: 0, z: 0, level: 0, index: None }
[script livel2tg6r_0] interact UseOn { name: "Chisel", kind: "inv", target_name: Some("Uncut sapphire"), x: 0, z: 0, level: 0, index: None }
[script livel2tg6r_0] interact UseOn { name: "Chisel", kind: "inv", target_name: Some("Uncut sapphire"), x: 0, z: 0, level: 0, index: None }
[script livel2tg6r_0] interact UseOn { name: "Chisel", kind: "inv", target_name: Some("Uncut sapphire"), x: 0, z: 0, level: 0, index: None }
[script livel2tg6r_0] interact UseOn { name: "Chisel", kind: "inv", target_name: Some("Uncut sapphire"), x: 0, z: 0, level: 0, index: None }
[script livel2tg6r_0] interact UseOn { name: "Chisel", kind: "inv", target_name: Some("Uncut sapphire"), x: 0, z: 0, level: 0, index: None }
[script livel2tg6r_0] interact UseOn { name: "Chisel", kind: "inv", target_name: Some("Uncut sapphire"), x: 0, z: 0, level: 0, index: None }
[script livel2tg6r_0] interact UseOn { name: "Chisel", kind: "inv", target_name: Some("Uncut sapphire"), x: 0, z: 0, level: 0, index: None }
[host] slot livel2tg6r_0: d_loop_us=869 d_raster_us=0 d_observe_us=41884 max_observe_us=6631 d_paints=0 d_skips=50 d_ticks=2 window_ms=1182
[script livel2tg6r_0] interact UseOn { name: "Chisel", kind: "inv", target_name: Some("Uncut sapphire"), x: 0, z: 0, level: 0, index: None }
[script livel2tg6r_0] interact UseOn { name: "Chisel", kind: "inv", target_name: Some("Uncut sapphire"), x: 0, z: 0, level: 0, index: None }
[script livel2tg6r_0] interact UseOn { name: "Chisel", kind: "inv", target_name: Some("Uncut sapphire"), x: 0, z: 0, level: 0, index: None }
[script livel2tg6r_0] interact UseOn { name: "Chisel", kind: "inv", target_name: Some("Uncut sapphire"), x: 0, z: 0, level: 0, index: None }
[script livel2tg6r_0] interact UseOn { name: "Chisel", kind: "inv", target_name: Some("Uncut sapphire"), x: 0, z: 0, level: 0, index: None }
[script livel2tg6r_0] interact UseOn { name: "Chisel", kind: "inv", target_name: Some("Uncut sapphire"), x: 0, z: 0, level: 0, index: None }
[script livel2tg6r_0] interact UseOn { name: "Chisel", kind: "inv", target_name: Some("Uncut sapphire"), x: 0, z: 0, level: 0, index: None }
[script livel2tg6r_0] interact UseOn { name: "Chisel", kind: "inv", target_name: Some("Uncut sapphire"), x: 0, z: 0, level: 0, index: None }
[script livel2tg6r_0] interact UseOn { name: "Chisel", kind: "inv", target_name: Some("Uncut sapphire"), x: 0, z: 0, level: 0, index: None }
[script livel2tg6r_0] interact UseOn { name: "Chisel", kind: "inv", target_name: Some("Uncut sapphire"), x: 0, z: 0, level: 0, index: None }
[script livel2tg6r_0] interact UseOn { name: "Chisel", kind: "inv", target_name: Some("Uncut sapphire"), x: 0, z: 0, level: 0, index: None }
[script livel2tg6r_0] interact UseOn { name: "Chisel", kind: "inv", target_name: Some("Uncut sapphire"), x: 0, z: 0, level: 0, index: None }
[script livel2tg6r_0] interact UseOn { name: "Chisel", kind: "inv", target_name: Some("Uncut sapphire"), x: 0, z: 0, level: 0, index: None }
[script livel2tg6r_0] interact UseOn { name: "Chisel", kind: "inv", target_name: Some("Uncut sapphire"), x: 0, z: 0, level: 0, index: None }
[script livel2tg6r_0] interact UseOn { name: "Chisel", kind: "inv", target_name: Some("Uncut sapphire"), x: 0, z: 0, level: 0, index: None }
[script livel2tg6r_0] interact UseOn { name: "Chisel", kind: "inv", target_name: Some("Uncut sapphire"), x: 0, z: 0, level: 0, index: None }
[script livel2tg6r_0] interact UseOn { name: "Chisel", kind: "inv", target_name: Some("Uncut sapphire"), x: 0, z: 0, level: 0, index: None }
[script livel2tg6r_0] interact UseOn { name: "Chisel", kind: "inv", target_name: Some("Uncut sapphire"), x: 0, z: 0, level: 0, index: None }
[script livel2tg6r_0] interact UseOn { name: "Chisel", kind: "inv", target_name: Some("Uncut sapphire"), x: 0, z: 0, level: 0, index: None }
[script livel2tg6r_0] interact UseOn { name: "Chisel", kind: "inv", target_name: Some("Uncut sapphire"), x: 0, z: 0, level: 0, index: None }
[script livel2tg6r_0] interact UseOn { name: "Chisel", kind: "inv", target_name: Some("Uncut sapphire"), x: 0, z: 0, level: 0, index: None }
[script livel2tg6r_0] interact UseOn { name: "Chisel", kind: "inv", target_name: Some("Uncut sapphire"), x: 0, z: 0, level: 0, index: None }
[script livel2tg6r_0] interact UseOn { name: "Chisel", kind: "inv", target_name: Some("Uncut sapphire"), x: 0, z: 0, level: 0, index: None }
[script livel2tg6r_0] interact UseOn { name: "Chisel", kind: "inv", target_name: Some("Uncut sapphire"), x: 0, z: 0, level: 0, index: None }
[script livel2tg6r_0] interact UseOn { name: "Chisel", kind: "inv", target_name: Some("Uncut sapphire"), x: 0, z: 0, level: 0, index: None }
[script livel2tg6r_0] interact UseOn { name: "Chisel", kind: "inv", target_name: Some("Uncut sapphire"), x: 0, z: 0, level: 0, index: None }
[script livel2tg6r_0] interact UseOn { name: "Chisel", kind: "inv", target_name: Some("Uncut sapphire"), x: 0, z: 0, level: 0, index: None }
[script livel2tg6r_0] interact UseOn { name: "Chisel", kind: "inv", target_name: Some("Uncut sapphire"), x: 0, z: 0, level: 0, index: None }
[script livel2tg6r_0] interact UseOn { name: "Chisel", kind: "inv", target_name: Some("Uncut sapphire"), x: 0, z: 0, level: 0, index: None }
[script livel2tg6r_0] interact UseOn { name: "Chisel", kind: "inv", target_name: Some("Uncut sapphire"), x: 0, z: 0, level: 0, index: None }
[script livel2tg6r_0] interact UseOn { name: "Chisel", kind: "inv", target_name: Some("Uncut sapphire"), x: 0, z: 0, level: 0, index: None }
[script livel2tg6r_0] interact UseOn { name: "Chisel", kind: "inv", target_name: Some("Uncut sapphire"), x: 0, z: 0, level: 0, index: None }
[script livel2tg6r_0] interact UseOn { name: "Chisel", kind: "inv", target_name: Some("Uncut sapphire"), x: 0, z: 0, level: 0, index: None }
[script livel2tg6r_0] interact UseOn { name: "Chisel", kind: "inv", target_name: Some("Uncut sapphire"), x: 0, z: 0, level: 0, index: None }
[script livel2tg6r_0] interact UseOn { name: "Chisel", kind: "inv", target_name: Some("Uncut sapphire"), x: 0, z: 0, level: 0, index: None }
[script livel2tg6r_0] interact UseOn { name: "Chisel", kind: "inv", target_name: Some("Uncut sapphire"), x: 0, z: 0, level: 0, index: None }
[script livel2tg6r_0] interact UseOn { name: "Chisel", kind: "inv", target_name: Some("Uncut sapphire"), x: 0, z: 0, level: 0, index: None }
[script livel2tg6r_0] interact UseOn { name: "Chisel", kind: "inv", target_name: Some("Uncut sapphire"), x: 0, z: 0, level: 0, index: None }
[script livel2tg6r_0] interact UseOn { name: "Chisel", kind: "inv", target_name: Some("Uncut sapphire"), x: 0, z: 0, level: 0, index: None }
[script livel2tg6r_0] interact UseOn { name: "Chisel", kind: "inv", target_name: Some("Uncut sapphire"), x: 0, z: 0, level: 0, index: None }
[script livel2tg6r_0] interact UseOn { name: "Chisel", kind: "inv", target_name: Some("Uncut sapphire"), x: 0, z: 0, level: 0, index: None }
[script livel2tg6r_0] interact UseOn { name: "Chisel", kind: "inv", target_name: Some("Uncut sapphire"), x: 0, z: 0, level: 0, index: None }
[script livel2tg6r_0] interact UseOn { name: "Chisel", kind: "inv", target_name: Some("Uncut sapphire"), x: 0, z: 0, level: 0, index: None }
[script livel2tg6r_0] interact UseOn { name: "Chisel", kind: "inv", target_name: Some("Uncut sapphire"), x: 0, z: 0, level: 0, index: None }
[script livel2tg6r_0] interact UseOn { name: "Chisel", kind: "inv", target_name: Some("Uncut sapphire"), x: 0, z: 0, level: 0, index: None }
[script livel2tg6r_0] interact UseOn { name: "Chisel", kind: "inv", target_name: Some("Uncut sapphire"), x: 0, z: 0, level: 0, index: None }
[script livel2tg6r_0] interact UseOn { name: "Chisel", kind: "inv", target_name: Some("Uncut sapphire"), x: 0, z: 0, level: 0, index: None }
[script livel2tg6r_0] interact UseOn { name: "Chisel", kind: "inv", target_name: Some("Uncut sapphire"), x: 0, z: 0, level: 0, index: None }
[script livel2tg6r_0] interact UseOn { name: "Chisel", kind: "inv", target_name: Some("Uncut sapphire"), x: 0, z: 0, level: 0, index: None }
[script livel2tg6r_0] interact UseOn { name: "Chisel", kind: "inv", target_name: Some("Uncut sapphire"), x: 0, z: 0, level: 0, index: None }
[script livel2tg6r_0] interact UseOn { name: "Chisel", kind: "inv", target_name: Some("Uncut sapphire"), x: 0, z: 0, level: 0, index: None }
[script livel2tg6r_0] interact UseOn { name: "Chisel", kind: "inv", target_name: Some("Uncut sapphire"), x: 0, z: 0, level: 0, index: None }
[script livel2tg6r_0] interact UseOn { name: "Chisel", kind: "inv", target_name: Some("Uncut sapphire"), x: 0, z: 0, level: 0, index: None }
[script livel2tg6r_0] interact UseOn { name: "Chisel", kind: "inv", target_name: Some("Uncut sapphire"), x: 0, z: 0, level: 0, index: None }
[script livel2tg6r_0] interact UseOn { name: "Chisel", kind: "inv", target_name: Some("Uncut sapphire"), x: 0, z: 0, level: 0, index: None }
[script livel2tg6r_0] interact UseOn { name: "Chisel", kind: "inv", target_name: Some("Uncut sapphire"), x: 0, z: 0, level: 0, index: None }
[script livel2tg6r_0] interact UseOn { name: "Chisel", kind: "inv", target_name: Some("Uncut sapphire"), x: 0, z: 0, level: 0, index: None }
[script livel2tg6r_0] interact UseOn { name: "Chisel", kind: "inv", target_name: Some("Uncut sapphire"), x: 0, z: 0, level: 0, index: None }
[script livel2tg6r_0] interact UseOn { name: "Chisel", kind: "inv", target_name: Some("Uncut sapphire"), x: 0, z: 0, level: 0, index: None }
[script livel2tg6r_0] interact UseOn { name: "Chisel", kind: "inv", target_name: Some("Uncut sapphire"), x: 0, z: 0, level: 0, index: None }
[host] slot livel2tg6r_0: d_loop_us=852 d_raster_us=0 d_observe_us=39090 max_observe_us=4091 d_paints=0 d_skips=50 d_ticks=2 window_ms=1187
[host] slot livel2tg6r_0: d_loop_us=845 d_raster_us=0 d_observe_us=39132 max_observe_us=6482 d_paints=0 d_skips=50 d_ticks=2 window_ms=1204
[script livel2tg6r_0] interact OpenBooth { x: 3186, z: 3440, level: 0, id: 2213, name: None, action: None }
[host] slot livel2tg6r_0: d_loop_us=862 d_raster_us=0 d_observe_us=41324 max_observe_us=6462 d_paints=0 d_skips=50 d_ticks=2 window_ms=1182
[script livel2tg6r_0] bank opened, starting withdraw/deposit cycle
[script livel2tg6r_0] depositing inventory (keeping chisel)
[host] slot livel2tg6r_0: d_loop_us=869 d_raster_us=0 d_observe_us=40485 max_observe_us=6814 d_paints=0 d_skips=50 d_ticks=2 window_ms=1201
[script livel2tg6r_0] trying to withdraw 27 Sapphire (have 0)
[script livel2tg6r_0] withdrew 1 Sapphire
[script livel2tg6r_0] got gems, closing bank
[script livel2tg6r_0] interact Close
[shim-close] sent
[host] slot livel2tg6r_0: d_loop_us=883 d_raster_us=0 d_observe_us=40538 max_observe_us=6712 d_paints=0 d_skips=50 d_ticks=2 window_ms=1197
[script livel2tg6r_0] banked @ Bank booth: gave 0 items, took 1 uncut gems
[script livel2tg6r_0] interact UseOn { name: "Chisel", kind: "inv", target_name: Some("Uncut sapphire"), x: 0, z: 0, level: 0, index: None }
[script livel2tg6r_0] interact UseOn { name: "Chisel", kind: "inv", target_name: Some("Uncut sapphire"), x: 0, z: 0, level: 0, index: None }
[script livel2tg6r_0] interact UseOn { name: "Chisel", kind: "inv", target_name: Some("Uncut sapphire"), x: 0, z: 0, level: 0, index: None }
[script livel2tg6r_0] interact UseOn { name: "Chisel", kind: "inv", target_name: Some("Uncut sapphire"), x: 0, z: 0, level: 0, index: None }
[script livel2tg6r_0] interact UseOn { name: "Chisel", kind: "inv", target_name: Some("Uncut sapphire"), x: 0, z: 0, level: 0, index: None }
[script livel2tg6r_0] interact UseOn { name: "Chisel", kind: "inv", target_name: Some("Uncut sapphire"), x: 0, z: 0, level: 0, index: None }
[script livel2tg6r_0] interact UseOn { name: "Chisel", kind: "inv", target_name: Some("Uncut sapphire"), x: 0, z: 0, level: 0, index: None }
[script livel2tg6r_0] interact UseOn { name: "Chisel", kind: "inv", target_name: Some("Uncut sapphire"), x: 0, z: 0, level: 0, index: None }
[script livel2tg6r_0] interact UseOn { name: "Chisel", kind: "inv", target_name: Some("Uncut sapphire"), x: 0, z: 0, level: 0, index: None }
[script livel2tg6r_0] interact UseOn { name: "Chisel", kind: "inv", target_name: Some("Uncut sapphire"), x: 0, z: 0, level: 0, index: None }
[script livel2tg6r_0] interact UseOn { name: "Chisel", kind: "inv", target_name: Some("Uncut sapphire"), x: 0, z: 0, level: 0, index: None }
[script livel2tg6r_0] interact UseOn { name: "Chisel", kind: "inv", target_name: Some("Uncut sapphire"), x: 0, z: 0, level: 0, index: None }
[script livel2tg6r_0] interact UseOn { name: "Chisel", kind: "inv", target_name: Some("Uncut sapphire"), x: 0, z: 0, level: 0, index: None }
[script livel2tg6r_0] interact UseOn { name: "Chisel", kind: "inv", target_name: Some("Uncut sapphire"), x: 0, z: 0, level: 0, index: None }
[script livel2tg6r_0] interact UseOn { name: "Chisel", kind: "inv", target_name: Some("Uncut sapphire"), x: 0, z: 0, level: 0, index: None }
[script livel2tg6r_0] interact UseOn { name: "Chisel", kind: "inv", target_name: Some("Uncut sapphire"), x: 0, z: 0, level: 0, index: None }
[script livel2tg6r_0] interact UseOn { name: "Chisel", kind: "inv", target_name: Some("Uncut sapphire"), x: 0, z: 0, level: 0, index: None }
[script livel2tg6r_0] interact UseOn { name: "Chisel", kind: "inv", target_name: Some("Uncut sapphire"), x: 0, z: 0, level: 0, index: None }
[script livel2tg6r_0] interact UseOn { name: "Chisel", kind: "inv", target_name: Some("Uncut sapphire"), x: 0, z: 0, level: 0, index: None }
[script livel2tg6r_0] interact UseOn { name: "Chisel", kind: "inv", target_name: Some("Uncut sapphire"), x: 0, z: 0, level: 0, index: None }
[script livel2tg6r_0] interact UseOn { name: "Chisel", kind: "inv", target_name: Some("Uncut sapphire"), x: 0, z: 0, level: 0, index: None }
[script livel2tg6r_0] interact UseOn { name: "Chisel", kind: "inv", target_name: Some("Uncut sapphire"), x: 0, z: 0, level: 0, index: None }
[script livel2tg6r_0] interact UseOn { name: "Chisel", kind: "inv", target_name: Some("Uncut sapphire"), x: 0, z: 0, level: 0, index: None }
[script livel2tg6r_0] interact UseOn { name: "Chisel", kind: "inv", target_name: Some("Uncut sapphire"), x: 0, z: 0, level: 0, index: None }
[script livel2tg6r_0] interact UseOn { name: "Chisel", kind: "inv", target_name: Some("Uncut sapphire"), x: 0, z: 0, level: 0, index: None }
[script livel2tg6r_0] interact UseOn { name: "Chisel", kind: "inv", target_name: Some("Uncut sapphire"), x: 0, z: 0, level: 0, index: None }
[script livel2tg6r_0] interact UseOn { name: "Chisel", kind: "inv", target_name: Some("Uncut sapphire"), x: 0, z: 0, level: 0, index: None }
[script livel2tg6r_0] interact UseOn { name: "Chisel", kind: "inv", target_name: Some("Uncut sapphire"), x: 0, z: 0, level: 0, index: None }
[script livel2tg6r_0] interact UseOn { name: "Chisel", kind: "inv", target_name: Some("Uncut sapphire"), x: 0, z: 0, level: 0, index: None }
[script livel2tg6r_0] interact UseOn { name: "Chisel", kind: "inv", target_name: Some("Uncut sapphire"), x: 0, z: 0, level: 0, index: None }
[script livel2tg6r_0] interact UseOn { name: "Chisel", kind: "inv", target_name: Some("Uncut sapphire"), x: 0, z: 0, level: 0, index: None }
[script livel2tg6r_0] interact UseOn { name: "Chisel", kind: "inv", target_name: Some("Uncut sapphire"), x: 0, z: 0, level: 0, index: None }
[script livel2tg6r_0] interact UseOn { name: "Chisel", kind: "inv", target_name: Some("Uncut sapphire"), x: 0, z: 0, level: 0, index: None }
[script livel2tg6r_0] interact UseOn { name: "Chisel", kind: "inv", target_name: Some("Uncut sapphire"), x: 0, z: 0, level: 0, index: None }
[script livel2tg6r_0] interact UseOn { name: "Chisel", kind: "inv", target_name: Some("Uncut sapphire"), x: 0, z: 0, level: 0, index: None }
[script livel2tg6r_0] interact UseOn { name: "Chisel", kind: "inv", target_name: Some("Uncut sapphire"), x: 0, z: 0, level: 0, index: None }
[script livel2tg6r_0] interact UseOn { name: "Chisel", kind: "inv", target_name: Some("Uncut sapphire"), x: 0, z: 0, level: 0, index: None }
[script livel2tg6r_0] interact UseOn { name: "Chisel", kind: "inv", target_name: Some("Uncut sapphire"), x: 0, z: 0, level: 0, index: None }
[script livel2tg6r_0] interact UseOn { name: "Chisel", kind: "inv", target_name: Some("Uncut sapphire"), x: 0, z: 0, level: 0, index: None }
[script livel2tg6r_0] interact UseOn { name: "Chisel", kind: "inv", target_name: Some("Uncut sapphire"), x: 0, z: 0, level: 0, index: None }
[script livel2tg6r_0] interact UseOn { name: "Chisel", kind: "inv", target_name: Some("Uncut sapphire"), x: 0, z: 0, level: 0, index: None }
[script livel2tg6r_0] interact UseOn { name: "Chisel", kind: "inv", target_name: Some("Uncut sapphire"), x: 0, z: 0, level: 0, index: None }
[script livel2tg6r_0] interact UseOn { name: "Chisel", kind: "inv", target_name: Some("Uncut sapphire"), x: 0, z: 0, level: 0, index: None }
[script livel2tg6r_0] interact UseOn { name: "Chisel", kind: "inv", target_name: Some("Uncut sapphire"), x: 0, z: 0, level: 0, index: None }
[script livel2tg6r_0] interact UseOn { name: "Chisel", kind: "inv", target_name: Some("Uncut sapphire"), x: 0, z: 0, level: 0, index: None }
[script livel2tg6r_0] interact UseOn { name: "Chisel", kind: "inv", target_name: Some("Uncut sapphire"), x: 0, z: 0, level: 0, index: None }
[script livel2tg6r_0] interact UseOn { name: "Chisel", kind: "inv", target_name: Some("Uncut sapphire"), x: 0, z: 0, level: 0, index: None }
[script livel2tg6r_0] interact UseOn { name: "Chisel", kind: "inv", target_name: Some("Uncut sapphire"), x: 0, z: 0, level: 0, index: None }
[script livel2tg6r_0] interact UseOn { name: "Chisel", kind: "inv", target_name: Some("Uncut sapphire"), x: 0, z: 0, level: 0, index: None }
[script livel2tg6r_0] interact UseOn { name: "Chisel", kind: "inv", target_name: Some("Uncut sapphire"), x: 0, z: 0, level: 0, index: None }
[script livel2tg6r_0] interact UseOn { name: "Chisel", kind: "inv", target_name: Some("Uncut sapphire"), x: 0, z: 0, level: 0, index: None }
[script livel2tg6r_0] interact UseOn { name: "Chisel", kind: "inv", target_name: Some("Uncut sapphire"), x: 0, z: 0, level: 0, index: None }
[script livel2tg6r_0] interact UseOn { name: "Chisel", kind: "inv", target_name: Some("Uncut sapphire"), x: 0, z: 0, level: 0, index: None }
[script livel2tg6r_0] interact UseOn { name: "Chisel", kind: "inv", target_name: Some("Uncut sapphire"), x: 0, z: 0, level: 0, index: None }
[script livel2tg6r_0] interact UseOn { name: "Chisel", kind: "inv", target_name: Some("Uncut sapphire"), x: 0, z: 0, level: 0, index: None }
[script livel2tg6r_0] interact UseOn { name: "Chisel", kind: "inv", target_name: Some("Uncut sapphire"), x: 0, z: 0, level: 0, index: None }
[script livel2tg6r_0] interact UseOn { name: "Chisel", kind: "inv", target_name: Some("Uncut sapphire"), x: 0, z: 0, level: 0, index: None }
[script livel2tg6r_0] interact UseOn { name: "Chisel", kind: "inv", target_name: Some("Uncut sapphire"), x: 0, z: 0, level: 0, index: None }
[script livel2tg6r_0] interact UseOn { name: "Chisel", kind: "inv", target_name: Some("Uncut sapphire"), x: 0, z: 0, level: 0, index: None }
[script livel2tg6r_0] interact UseOn { name: "Chisel", kind: "inv", target_name: Some("Uncut sapphire"), x: 0, z: 0, level: 0, index: None }
[host] slot livel2tg6r_0: d_loop_us=896 d_raster_us=0 d_observe_us=45681 max_observe_us=6311 d_paints=0 d_skips=50 d_ticks=2 window_ms=1177
PASS: catalog_boundary_live: {"scenario":"gem_cutter","runner":"Some(Evidence { scenario: \"gem_cutter\", outcome: \"PASS\", predicate: \"stat_xp_gain(12)>=2\", ticks: 175, elapsed_ms: 105722, message: None, tile: Some([3185, 3440, 0]), inv: [InvRow { id: 1755, name: Some(\"Chisel\"), count: 1 }, InvRow { id: 1607, name: Some(\"Sapphire\"), count: 1 }], stat: Some(StatRow { runenergy: 100 }), chat: [ChatRow { text: \"You cut the Sapphire.\", username: None }, ChatRow { text: \"You cut the Sapphire.\", username: None }, ChatRow { text: \"You cut the Sapphire.\", username: None }, ChatRow { text: \"You cut the Sapphire.\", username: None }, ChatRow { text: \"Congratulations, you just advanced a crafting level.\", username: None }, ChatRow { text: \"You cut the Sapphire.\", username: None }, ChatRow { text: \"You cut the Sapphire.\", username: None }, ChatRow { text: \"You cut the Sapphire.\", username: None }, ChatRow { text: \"You cut the Sapphire.\", username: None }, ChatRow { text: \"You cut the Sapphire.\", username: None }, ChatRow { text: \"You cut the Sapphire.\", username: None }, ChatRow { text: \"You cut the Sapphire.\", username: None }, ChatRow { text: \"You cut the Sapphire.\", username: None }, ChatRow { text: \"You cut the Sapphire.\", username: None }, ChatRow { text: \"You cut the Sapphire.\", username: None }, ChatRow { text: \"You cut the Sapphire.\", username: None }, ChatRow { text: \"You cut the Sapphire.\", username: None }, ChatRow { text: \"You cut the Sapphire.\", username: None }, ChatRow { text: \"Congratulations, you just advanced a crafting level.\", username: None }, ChatRow { text: \"You cut the Sapphire.\", username: None }, ChatRow { text: \"You cut the Sapphire.\", username: None }, ChatRow { text: \"You cut the Sapphire.\", username: None }, ChatRow { text: \"You cut the Sapphire.\", username: None }, ChatRow { text: \"You cut the Sapphire.\", username: None }, ChatRow { text: \"You cut the Sapphire.\", username: None }, ChatRow { text: \"You cut the Sapphire.\", username: None }, ChatRow { text: \"You cut the Sapphire.\", username: None }, ChatRow { text: \"You cut the Sapphire.\", username: None }, ChatRow { text: \"You cut the Sapphire.\", username: None }, ChatRow { text: \"You cut the Sapphire.\", username: None }, ChatRow { text: \"Inventory wiped.\", username: None }, ChatRow { text: \"set tutorial: to 1000\", username: None }, ChatRow { text: \"Welcome to RuneScape.\", username: None }], scene: 2 })","core":{"case":"gem_cutter","baseline":{"ingame":true,"scene_state":2,"player":"Livel2tg6r 0","tile":[3185,3440,0],"tick":27,"items":{},"item_ids":{},"bank":{},"bank_ids":{},"bank_open":false,"bank_loaded":false,"bank_generation":2,"levels":{"-unused-":0,"agility":1,"attack":1,"cooking":1,"crafting":20,"defence":1,"firemaking":1,"fishing":1,"fletching":1,"herblore":1,"hitpoints":10,"magic":1,"mining":1,"prayer":1,"ranged":1,"runecraft":1,"slayer":1,"smithing":1,"strength":1,"thieving":1,"woodcutting":1},"xp":{"-unused-":0,"agility":0,"attack":0,"cooking":0,"crafting":4470,"defence":0,"firemaking":0,"fishing":0,"fletching":0,"herblore":0,"hitpoints":1154,"magic":0,"mining":0,"prayer":0,"ranged":0,"runecraft":0,"slayer":0,"smithing":0,"strength":0,"thieving":0,"woodcutting":0},"chat":[[7,"Inventory wiped."],[6,"set tutorial: to 1000"],[5,"Welcome to RuneScape."]]},"latest":{"ingame":true,"scene_state":2,"player":"Livel2tg6r 0","tile":[3185,3440,0],"tick":134,"items":{"Chisel":1,"Sapphire":1},"item_ids":{"1607":1,"1755":1},"bank":{},"bank_ids":{},"bank_open":false,"bank_loaded":false,"bank_generation":6,"levels":{"-unused-":0,"agility":1,"attack":1,"cooking":1,"crafting":22,"defence":1,"firemaking":1,"fishing":1,"fletching":1,"herblore":1,"hitpoints":10,"magic":1,"mining":1,"prayer":1,"ranged":1,"runecraft":1,"slayer":1,"smithing":1,"strength":1,"thieving":1,"woodcutting":1},"xp":{"-unused-":0,"agility":0,"attack":0,"cooking":0,"crafting":5870,"defence":0,"firemaking":0,"fishing":0,"fletching":0,"herblore":0,"hitpoints":1154,"magic":0,"mining":0,"prayer":0,"ranged":0,"runecraft":0,"slayer":0,"smithing":0,"strength":0,"thieving":0,"woodcutting":0},"chat":[[37,"You cut the Sapphire."],[36,"You cut the Sapphire."],[35,"You cut the Sapphire."],[34,"You cut the Sapphire."],[33,"Congratulations, you just advanced a crafting level."],[32,"You cut the Sapphire."],[31,"You cut the Sapphire."],[30,"You cut the Sapphire."],[29,"You cut the Sapphire."],[28,"You cut the Sapphire."],[27,"You cut the Sapphire."],[26,"You cut the Sapphire."],[25,"You cut the Sapphire."],[24,"You cut the Sapphire."],[23,"You cut the Sapphire."],[22,"You cut the Sapphire."],[21,"You cut the Sapphire."],[20,"You cut the Sapphire."],[19,"Congratulations, you just advanced a crafting level."],[18,"You cut the Sapphire."],[17,"You cut the Sapphire."],[16,"You cut the Sapphire."],[15,"You cut the Sapphire."],[14,"You cut the Sapphire."],[13,"You cut the Sapphire."],[12,"You cut the Sapphire."],[11,"You cut the Sapphire."],[10,"You cut the Sapphire."],[9,"You cut the Sapphire."],[8,"You cut the Sapphire."],[7,"Inventory wiped."],[6,"set tutorial: to 1000"],[5,"Welcome to RuneScape."]]},"max_items":{"Chisel":1,"Sapphire":27,"Uncut sapphire":27},"max_xp":{"-unused-":0,"agility":0,"attack":0,"cooking":0,"crafting":5870,"defence":0,"firemaking":0,"fishing":0,"fletching":0,"herblore":0,"hitpoints":1154,"magic":0,"mining":0,"prayer":0,"ranged":0,"runecraft":0,"slayer":0,"smithing":0,"strength":0,"thieving":0,"woodcutting":0},"saw_bury_chat":false,"post_start_observations":2669,"bone_bank_cycle":{"first_batch_buried":false,"opened":null,"withdrawn":null,"buried_after_withdrawal":false},"bank_fletcher_cycle":{"first_pack_created":false,"deposited":null,"withdrawn":null,"crafted_after_withdrawal":false},"bank_fletcher_string_cycle":{"initial_pairs_strung":false,"deposited":null,"withdrawn":null,"strung_after_withdrawal":false},"bank_fletcher_cut_string_cycle":{"cut_pair_created":false,"deposited":null,"withdrawn":null,"string_pair_created":false},"alcher_generated_custom_cycle":{"withdrawn":null,"consumed":false},"dart_fletcher_cycle":{"first":null,"further":false,"wrong_tier":false},"herb_cleaner_cycle":{"first_pack":false,"deposited":null,"withdrawn":null,"cleaned_after_withdrawal":false,"filter_violated":false},"gem_cutter_cycle":{"first_pack":true,"deposited":{"ingame":true,"scene_state":2,"player":"Livel2tg6r 0","tile":[3185,3440,0],"tick":129,"items":{"Chisel":1},"item_ids":{"1755":1},"bank":{"Sapphire":27,"Uncut sapphire":1},"bank_ids":{"1607":27,"1623":1},"bank_open":true,"bank_loaded":true,"bank_generation":5,"levels":{"-unused-":0,"agility":1,"attack":1,"cooking":1,"crafting":22,"defence":1,"firemaking":1,"fishing":1,"fletching":1,"herblore":1,"hitpoints":10,"magic":1,"mining":1,"prayer":1,"ranged":1,"runecraft":1,"slayer":1,"smithing":1,"strength":1,"thieving":1,"woodcutting":1},"xp":{"-unused-":0,"agility":0,"attack":0,"cooking":0,"crafting":5820,"defence":0,"firemaking":0,"fishing":0,"fletching":0,"herblore":0,"hitpoints":1154,"magic":0,"mining":0,"prayer":0,"ranged":0,"runecraft":0,"slayer":0,"smithing":0,"strength":0,"thieving":0,"woodcutting":0},"chat":[[36,"You cut the Sapphire."],[35,"You cut the Sapphire."],[34,"You cut the Sapphire."],[33,"Congratulations, you just advanced a crafting level."],[32,"You cut the Sapphire."],[31,"You cut the Sapphire."],[30,"You cut the Sapphire."],[29,"You cut the Sapphire."],[28,"You cut the Sapphire."],[27,"You cut the Sapphire."],[26,"You cut the Sapphire."],[25,"You cut the Sapphire."],[24,"You cut the Sapphire."],[23,"You cut the Sapphire."],[22,"You cut the Sapphire."],[21,"You cut the Sapphire."],[20,"You cut the Sapphire."],[19,"Congratulations, you just advanced a crafting level."],[18,"You cut the Sapphire."],[17,"You cut the Sapphire."],[16,"You cut the Sapphire."],[15,"You cut the Sapphire."],[14,"You cut the Sapphire."],[13,"You cut the Sapphire."],[12,"You cut the Sapphire."],[11,"You cut the Sapphire."],[10,"You cut the Sapphire."],[9,"You cut the Sapphire."],[8,"You cut the Sapphire."],[7,"Inventory wiped."],[6,"set tutorial: to 1000"],[5,"Welcome to RuneScape."]]},"withdrawn":{"ingame":true,"scene_state":2,"player":"Livel2tg6r 0","tile":[3185,3440,0],"tick":131,"items":{"Chisel":1,"Uncut sapphire":1},"item_ids":{"1623":1,"1755":1},"bank":{"Sapphire":27},"bank_ids":{"1607":27},"bank_open":true,"bank_loaded":true,"bank_generation":5,"levels":{"-unused-":0,"agility":1,"attack":1,"cooking":1,"crafting":22,"defence":1,"firemaking":1,"fishing":1,"fletching":1,"herblore":1,"hitpoints":10,"magic":1,"mining":1,"prayer":1,"ranged":1,"runecraft":1,"slayer":1,"smithing":1,"strength":1,"thieving":1,"woodcutting":1},"xp":{"-unused-":0,"agility":0,"attack":0,"cooking":0,"crafting":5820,"defence":0,"firemaking":0,"fishing":0,"fletching":0,"herblore":0,"hitpoints":1154,"magic":0,"mining":0,"prayer":0,"ranged":0,"runecraft":0,"slayer":0,"smithing":0,"strength":0,"thieving":0,"woodcutting":0},"chat":[[36,"You cut the Sapphire."],[35,"You cut the Sapphire."],[34,"You cut the Sapphire."],[33,"Congratulations, you just advanced a crafting level."],[32,"You cut the Sapphire."],[31,"You cut the Sapphire."],[30,"You cut the Sapphire."],[29,"You cut the Sapphire."],[28,"You cut the Sapphire."],[27,"You cut the Sapphire."],[26,"You cut the Sapphire."],[25,"You cut the Sapphire."],[24,"You cut the Sapphire."],[23,"You cut the Sapphire."],[22,"You cut the Sapphire."],[21,"You cut the Sapphire."],[20,"You cut the Sapphire."],[19,"Congratulations, you just advanced a crafting level."],[18,"You cut the Sapphire."],[17,"You cut the Sapphire."],[16,"You cut the Sapphire."],[15,"You cut the Sapphire."],[14,"You cut the Sapphire."],[13,"You cut the Sapphire."],[12,"You cut the Sapphire."],[11,"You cut the Sapphire."],[10,"You cut the Sapphire."],[9,"You cut the Sapphire."],[8,"You cut the Sapphire."],[7,"Inventory wiped."],[6,"set tutorial: to 1000"],[5,"Welcome to RuneScape."]]},"cut_after_withdrawal":true,"filter_violated":false},"ordered_first_exhausted":false}}
test catalog_boundary_live ... ok

test result: ok. 1 passed; 0 failed; 0 ignored; 0 measured; 16 filtered out; finished in 130.84s

