
running 1 test
{"phase":"identity","revision":274,"profile":"local-274 · 127.0.0.1:43594 · revision 274","cache_id":"4aac9b63312dcb75d5de8f686772d083ba0808c57985438246edf21ef522be1c","nav_pack":"/Users/acfrazier/experiments/274bot/.worktrees/rs2b0t-multirevision/.superpowers/world-capabilities/274/274bot.navpack","nav_sha256":"05db24743e9f549ced16c1f00b87c30a390d3aaec391815da3f3563130b3bcd4","catalog_commit":"100adccc037d9f6898080e1cad58fcfc43364775","catalog_identity":"pre-289 frozen catalog","catalog_read_only_path":".superpowers/inputs/rs2b0t-100adccc037d9f6898080e1cad58fcfc43364775","catalog_root":"/Users/acfrazier/experiments/274bot/.worktrees/rs2b0t-multirevision/.superpowers/inputs/rs2b0t-100adccc037d9f6898080e1cad58fcfc43364775","registry_path":"/Users/acfrazier/experiments/274bot/.worktrees/rs2b0t-multirevision/.superpowers/inputs/rs2b0t-100adccc037d9f6898080e1cad58fcfc43364775/src/bot/scripts/index.ts","registry_sha256":"b614aedb3d5adfdfbac3760f082273f3cf5c33fffe4ced0f2b01490ae02d1bc2","card":{"card":"TannerBot","source_path":"/Users/acfrazier/experiments/274bot/.worktrees/rs2b0t-multirevision/.superpowers/inputs/rs2b0t-100adccc037d9f6898080e1cad58fcfc43364775/src/bot/scripts/TannerBot/TannerBot.ts","source_sha256":"b8038b17ac72eec3cf7b2e84f8323e4cd898f1975de7d210cfba333e552b8d7f","compiled_sha256":"a9da7b6f5c395ba28391685f84b0aa48ab35cfeeb4829cdc6082699fc4f82a39","siblings":[],"settings":{"hideType":"Soft leather","buyThread":false,"threadEveryRuns":5.0,"threadQty":100.0,"coinsPerTrip":2000.0}},"account":"livelk8w3o_0","engine_speed_ms":null}
[host-play] slot livelk8w3o_0: thread up
274bot: loaded snapshot (4556 models, 336 anim records)
[host-play] slot livelk8w3o_0: handshake begin reconnect=false
[host-play] slot livelk8w3o_0: handshake ok
[host-play] slot livelk8w3o_0: queued mainland tele+setvar (scene 2)
[host] slot livelk8w3o_0: d_loop_us=8213 d_raster_us=0 d_observe_us=39216 max_observe_us=4537 d_paints=0 d_skips=50 d_ticks=5 window_ms=0
[host-play] slot livelk8w3o_0: handshake begin reconnect=true
[host-play] slot livelk8w3o_0: handshake ok
[host-play] slot livelk8w3o_0: queued mainland tele+setvar (scene 2)
[host] slot livelk8w3o_0: d_loop_us=10625 d_raster_us=0 d_observe_us=52230 max_observe_us=4720 d_paints=0 d_skips=50 d_ticks=1 window_ms=0
{"phase":"baseline-after-preparation","scenario":"tanner_bot","account":"livelk8w3o_0","observation":{"ingame":true,"scene_state":2,"player":"Livelk8w3o 0","tile":[3269,3166,0],"tick":25,"items":{},"item_ids":{},"bank":{},"bank_ids":{},"bank_open":false,"bank_loaded":false,"bank_generation":2,"levels":{"-unused-":0,"agility":1,"attack":1,"cooking":1,"crafting":1,"defence":1,"firemaking":1,"fishing":1,"fletching":1,"herblore":1,"hitpoints":10,"magic":1,"mining":1,"prayer":1,"ranged":1,"runecraft":1,"slayer":1,"smithing":1,"strength":1,"thieving":1,"woodcutting":1},"xp":{"-unused-":0,"agility":0,"attack":0,"cooking":0,"crafting":0,"defence":0,"firemaking":0,"fishing":0,"fletching":0,"herblore":0,"hitpoints":1154,"magic":0,"mining":0,"prayer":0,"ranged":0,"runecraft":0,"slayer":0,"smithing":0,"strength":0,"thieving":0,"woodcutting":0},"chat":[[7,"Inventory wiped."],[6,"set tutorial: to 1000"],[5,"Welcome to RuneScape."]],"loc_facts":[],"equipment_ids":{},"main_modal":-1,"widget_ids":[3213,3214]}}
[script livelk8w3o_0] start load
{"phase":"start","account":"livelk8w3o_0","count":1}
[host] hitch livelk8w3o_0: observe_us=110327 paints=0 skips=99 ticks=25
[host] slot livelk8w3o_0: d_loop_us=13326 d_raster_us=0 d_observe_us=222372 max_observe_us=110327 d_paints=0 d_skips=50 d_ticks=25 window_ms=15041
[script livelk8w3o_0] TannerBot — Soft leather: Cow hide -> Leather
[script livelk8w3o_0] interact OpenBooth { x: 3268, z: 3166, level: 0, id: 2213, name: Some("Bank booth"), action: Some("Use-quickly") }
[host] slot livelk8w3o_0: d_loop_us=1020 d_raster_us=0 d_observe_us=80390 max_observe_us=14029 d_paints=0 d_skips=50 d_ticks=2 window_ms=1173
[host] slot livelk8w3o_0: d_loop_us=1198 d_raster_us=0 d_observe_us=86233 max_observe_us=12725 d_paints=0 d_skips=50 d_ticks=2 window_ms=1208
[script livelk8w3o_0] interact InvButton { id: 1739, slot: 0, component: 5382, operation: 5, bank_generation: 3 }
[host] slot livelk8w3o_0: d_loop_us=1041 d_raster_us=0 d_observe_us=75415 max_observe_us=15923 d_paints=0 d_skips=50 d_ticks=2 window_ms=1191
[script livelk8w3o_0] interact AnswerCount { value: 27 }
[shim-count] 27 sent
[host] hitch livelk8w3o_0: observe_us=16981 paints=0 skips=297 ticks=34
[script livelk8w3o_0] interact CloseModal
[host] slot livelk8w3o_0: d_loop_us=1244 d_raster_us=0 d_observe_us=84211 max_observe_us=16981 d_paints=0 d_skips=50 d_ticks=2 window_ms=1198
[host] hitch livelk8w3o_0: observe_us=16901 paints=0 skips=322 ticks=35
[script livelk8w3o_0] interact WalkNear { x: 3277, z: 3191, level: 0, radius: 3, allow_teleports: false }
[nav-follow] here=WorldTile { x: 3269, z: 3166, level: 0 } walk=true transport=false leg=0 hops=1 outcome=None
[host] slot livelk8w3o_0: d_loop_us=1240 d_raster_us=0 d_observe_us=80420 max_observe_us=16901 d_paints=0 d_skips=50 d_ticks=2 window_ms=1204
[nav-walk] here=WorldTile { x: 3271, z: 3166, level: 0 } aim=WorldTile { x: 3280, z: 3178, level: 0 } radius=2 ticks_waited=0 sent_tile=Some(WorldTile { x: 3269, z: 3166, level: 0 })
[nav-follow] here=WorldTile { x: 3271, z: 3166, level: 0 } walk=true transport=false leg=0 hops=1 outcome=None
[host] hitch livelk8w3o_0: observe_us=20152 paints=0 skips=372 ticks=37
[nav-walk] here=WorldTile { x: 3273, z: 3167, level: 0 } aim=WorldTile { x: 3280, z: 3178, level: 0 } radius=2 ticks_waited=1 sent_tile=Some(WorldTile { x: 3269, z: 3166, level: 0 })
[nav-follow] here=WorldTile { x: 3273, z: 3167, level: 0 } walk=true transport=false leg=0 hops=1 outcome=None
[host] hitch livelk8w3o_0: observe_us=19836 paints=0 skips=397 ticks=38
[host] slot livelk8w3o_0: d_loop_us=1154 d_raster_us=0 d_observe_us=92283 max_observe_us=20152 d_paints=0 d_skips=50 d_ticks=2 window_ms=1198
[nav-walk] here=WorldTile { x: 3273, z: 3169, level: 0 } aim=WorldTile { x: 3280, z: 3178, level: 0 } radius=2 ticks_waited=2 sent_tile=Some(WorldTile { x: 3269, z: 3166, level: 0 })
[nav-follow] here=WorldTile { x: 3273, z: 3169, level: 0 } walk=true transport=false leg=0 hops=1 outcome=None
[host] hitch livelk8w3o_0: observe_us=22903 paints=0 skips=422 ticks=39
[nav-walk] here=WorldTile { x: 3275, z: 3171, level: 0 } aim=WorldTile { x: 3280, z: 3178, level: 0 } radius=2 ticks_waited=3 sent_tile=Some(WorldTile { x: 3269, z: 3166, level: 0 })
[nav-follow] here=WorldTile { x: 3275, z: 3171, level: 0 } walk=true transport=false leg=0 hops=1 outcome=None
[host] hitch livelk8w3o_0: observe_us=18682 paints=0 skips=447 ticks=40
[host] slot livelk8w3o_0: d_loop_us=1192 d_raster_us=0 d_observe_us=88135 max_observe_us=22903 d_paints=0 d_skips=50 d_ticks=2 window_ms=1197
[nav-walk] here=WorldTile { x: 3275, z: 3173, level: 0 } aim=WorldTile { x: 3280, z: 3178, level: 0 } radius=2 ticks_waited=4 sent_tile=Some(WorldTile { x: 3269, z: 3166, level: 0 })
[nav-follow] here=WorldTile { x: 3275, z: 3173, level: 0 } walk=true transport=false leg=0 hops=1 outcome=None
[host] hitch livelk8w3o_0: observe_us=20842 paints=0 skips=472 ticks=41
[nav-walk] here=WorldTile { x: 3277, z: 3175, level: 0 } aim=WorldTile { x: 3280, z: 3178, level: 0 } radius=2 ticks_waited=5 sent_tile=Some(WorldTile { x: 3269, z: 3166, level: 0 })
[nav-follow] here=WorldTile { x: 3277, z: 3175, level: 0 } walk=true transport=false leg=0 hops=1 outcome=None
[host] hitch livelk8w3o_0: observe_us=17779 paints=0 skips=497 ticks=42
[host] slot livelk8w3o_0: d_loop_us=1164 d_raster_us=0 d_observe_us=82344 max_observe_us=20842 d_paints=0 d_skips=50 d_ticks=2 window_ms=1207
[nav-walk] here=WorldTile { x: 3279, z: 3177, level: 0 } aim=WorldTile { x: 3280, z: 3178, level: 0 } radius=2 ticks_waited=6 sent_tile=Some(WorldTile { x: 3269, z: 3166, level: 0 })
[nav-follow] here=WorldTile { x: 3279, z: 3177, level: 0 } walk=true transport=false leg=0 hops=2 outcome=None
[host] hitch livelk8w3o_0: observe_us=19721 paints=0 skips=523 ticks=43
[nav-walk] here=WorldTile { x: 3279, z: 3179, level: 0 } aim=WorldTile { x: 3274, z: 3188, level: 0 } radius=0 ticks_waited=0 sent_tile=Some(WorldTile { x: 3279, z: 3177, level: 0 })
[nav-follow] here=WorldTile { x: 3279, z: 3179, level: 0 } walk=true transport=false leg=0 hops=2 outcome=None
[host] hitch livelk8w3o_0: observe_us=16212 paints=0 skips=547 ticks=44
[host] slot livelk8w3o_0: d_loop_us=1162 d_raster_us=0 d_observe_us=80631 max_observe_us=19721 d_paints=0 d_skips=50 d_ticks=2 window_ms=1187
[nav-walk] here=WorldTile { x: 3279, z: 3181, level: 0 } aim=WorldTile { x: 3274, z: 3188, level: 0 } radius=0 ticks_waited=1 sent_tile=Some(WorldTile { x: 3279, z: 3177, level: 0 })
[nav-follow] here=WorldTile { x: 3279, z: 3181, level: 0 } walk=true transport=false leg=0 hops=2 outcome=None
[host] hitch livelk8w3o_0: observe_us=18007 paints=0 skips=572 ticks=45
[nav-walk] here=WorldTile { x: 3280, z: 3183, level: 0 } aim=WorldTile { x: 3274, z: 3188, level: 0 } radius=0 ticks_waited=2 sent_tile=Some(WorldTile { x: 3279, z: 3177, level: 0 })
[nav-follow] here=WorldTile { x: 3280, z: 3183, level: 0 } walk=true transport=false leg=0 hops=2 outcome=None
[host] hitch livelk8w3o_0: observe_us=18692 paints=0 skips=598 ticks=46
[host] slot livelk8w3o_0: d_loop_us=1211 d_raster_us=0 d_observe_us=83342 max_observe_us=18692 d_paints=0 d_skips=50 d_ticks=2 window_ms=1194
[nav-walk] here=WorldTile { x: 3280, z: 3185, level: 0 } aim=WorldTile { x: 3274, z: 3188, level: 0 } radius=0 ticks_waited=3 sent_tile=Some(WorldTile { x: 3279, z: 3177, level: 0 })
[nav-follow] here=WorldTile { x: 3280, z: 3185, level: 0 } walk=true transport=false leg=0 hops=2 outcome=None
[host] hitch livelk8w3o_0: observe_us=19857 paints=0 skips=623 ticks=47
[nav-walk] here=WorldTile { x: 3278, z: 3185, level: 0 } aim=WorldTile { x: 3274, z: 3188, level: 0 } radius=0 ticks_waited=4 sent_tile=Some(WorldTile { x: 3279, z: 3177, level: 0 })
[nav-follow] here=WorldTile { x: 3278, z: 3185, level: 0 } walk=true transport=false leg=0 hops=2 outcome=None
[host] hitch livelk8w3o_0: observe_us=21238 paints=0 skips=648 ticks=48
[host] slot livelk8w3o_0: d_loop_us=1165 d_raster_us=0 d_observe_us=87405 max_observe_us=21238 d_paints=0 d_skips=50 d_ticks=2 window_ms=1200
[nav-walk] here=WorldTile { x: 3276, z: 3185, level: 0 } aim=WorldTile { x: 3274, z: 3188, level: 0 } radius=0 ticks_waited=5 sent_tile=Some(WorldTile { x: 3279, z: 3177, level: 0 })
[nav-follow] here=WorldTile { x: 3276, z: 3185, level: 0 } walk=true transport=false leg=0 hops=2 outcome=None
[host] hitch livelk8w3o_0: observe_us=17323 paints=0 skips=673 ticks=49
[nav-walk] here=WorldTile { x: 3275, z: 3187, level: 0 } aim=WorldTile { x: 3274, z: 3188, level: 0 } radius=0 ticks_waited=6 sent_tile=Some(WorldTile { x: 3279, z: 3177, level: 0 })
[nav-follow] here=WorldTile { x: 3275, z: 3187, level: 0 } walk=true transport=false leg=0 hops=2 outcome=None
[host] slot livelk8w3o_0: d_loop_us=1115 d_raster_us=0 d_observe_us=74955 max_observe_us=17323 d_paints=0 d_skips=50 d_ticks=2 window_ms=1198
[nav-walk] here=WorldTile { x: 3274, z: 3188, level: 0 } aim=WorldTile { x: 3274, z: 3188, level: 0 } radius=0 ticks_waited=7 sent_tile=Some(WorldTile { x: 3279, z: 3177, level: 0 })
[nav-follow] here=WorldTile { x: 3274, z: 3188, level: 0 } walk=false transport=false leg=1 hops=2 outcome=Some(Arrived { at: WorldTile { x: 3274, z: 3188, level: 0 } })
[script livelk8w3o_0] interact Npc { name: "Tanner", action: "Trade", index: Some(225) }
[diag-tanner-arrival] {"snapshot_tick":51,"here":{"tile":[3274,3188,0],"probeable":true,"walkable":true,"collision":1026,"reachable":true,"reachable_adj":true,"reachable_512":true,"reachable_adj_512":true},"destination":{"tile":[3277,3191,0],"probeable":true,"walkable":true,"collision":0,"reachable":true,"reachable_adj":true,"reachable_512":true,"reachable_adj_512":true},"npc":{"index":225,"name":"Tanner","distance":5,"reach":{"tile":[3277,3193,0],"probeable":true,"walkable":true,"collision":4104,"reachable":true,"reachable_adj":true,"reachable_512":true,"reachable_adj_512":true}},"main_modal_id":-1,"scene_available":true,"flood_available":true,"observation_only":true}
[host] hitch livelk8w3o_0: observe_us=16608 paints=0 skips=749 ticks=52
[host] slot livelk8w3o_0: d_loop_us=948 d_raster_us=0 d_observe_us=67743 max_observe_us=16608 d_paints=0 d_skips=50 d_ticks=2 window_ms=1201
[host] hitch livelk8w3o_0: observe_us=18584 paints=0 skips=774 ticks=53
[host] slot livelk8w3o_0: d_loop_us=1153 d_raster_us=0 d_observe_us=76532 max_observe_us=18584 d_paints=0 d_skips=50 d_ticks=2 window_ms=1185
[host] hitch livelk8w3o_0: observe_us=20066 paints=0 skips=824 ticks=55
[host] hitch livelk8w3o_0: observe_us=16812 paints=0 skips=849 ticks=56
[host] slot livelk8w3o_0: d_loop_us=1238 d_raster_us=0 d_observe_us=83246 max_observe_us=20066 d_paints=0 d_skips=50 d_ticks=2 window_ms=1214
[host] hitch livelk8w3o_0: observe_us=18128 paints=0 skips=874 ticks=57
[host] hitch livelk8w3o_0: observe_us=18957 paints=0 skips=898 ticks=58
[host] slot livelk8w3o_0: d_loop_us=1038 d_raster_us=0 d_observe_us=78636 max_observe_us=18957 d_paints=0 d_skips=50 d_ticks=2 window_ms=1197
[host] hitch livelk8w3o_0: observe_us=17240 paints=0 skips=923 ticks=59
[host] hitch livelk8w3o_0: observe_us=17892 paints=0 skips=949 ticks=60
[host] slot livelk8w3o_0: d_loop_us=1052 d_raster_us=0 d_observe_us=78898 max_observe_us=17892 d_paints=0 d_skips=50 d_ticks=2 window_ms=1220
[script livelk8w3o_0] tanner interface did not open — retrying
[host] hitch livelk8w3o_0: observe_us=19629 paints=0 skips=975 ticks=61
[script livelk8w3o_0] interact WalkNear { x: 3269, z: 3167, level: 0, radius: 3, allow_teleports: false }
[host] slot livelk8w3o_0: d_loop_us=1021 d_raster_us=0 d_observe_us=69599 max_observe_us=19629 d_paints=0 d_skips=50 d_ticks=2 window_ms=1186
[nav-follow] here=WorldTile { x: 3274, z: 3191, level: 0 } walk=true transport=false leg=0 hops=1 outcome=None
[nav-walk] here=WorldTile { x: 3276, z: 3191, level: 0 } aim=WorldTile { x: 3282, z: 3181, level: 0 } radius=2 ticks_waited=0 sent_tile=Some(WorldTile { x: 3274, z: 3191, level: 0 })
[nav-follow] here=WorldTile { x: 3276, z: 3191, level: 0 } walk=true transport=false leg=0 hops=1 outcome=None
[host] hitch livelk8w3o_0: observe_us=21700 paints=0 skips=1048 ticks=64
[host] slot livelk8w3o_0: d_loop_us=1116 d_raster_us=0 d_observe_us=73455 max_observe_us=21700 d_paints=0 d_skips=50 d_ticks=2 window_ms=1204
[nav-walk] here=WorldTile { x: 3278, z: 3191, level: 0 } aim=WorldTile { x: 3282, z: 3181, level: 0 } radius=2 ticks_waited=1 sent_tile=Some(WorldTile { x: 3274, z: 3191, level: 0 })
[nav-follow] here=WorldTile { x: 3278, z: 3191, level: 0 } walk=true transport=false leg=0 hops=1 outcome=None
[host] hitch livelk8w3o_0: observe_us=19597 paints=0 skips=1073 ticks=65
[nav-walk] here=WorldTile { x: 3279, z: 3190, level: 0 } aim=WorldTile { x: 3282, z: 3181, level: 0 } radius=2 ticks_waited=2 sent_tile=Some(WorldTile { x: 3274, z: 3191, level: 0 })
[nav-follow] here=WorldTile { x: 3279, z: 3190, level: 0 } walk=true transport=false leg=0 hops=1 outcome=None
[host] slot livelk8w3o_0: d_loop_us=1151 d_raster_us=0 d_observe_us=72077 max_observe_us=19597 d_paints=0 d_skips=50 d_ticks=2 window_ms=1198
[nav-walk] here=WorldTile { x: 3280, z: 3188, level: 0 } aim=WorldTile { x: 3282, z: 3181, level: 0 } radius=2 ticks_waited=3 sent_tile=Some(WorldTile { x: 3274, z: 3191, level: 0 })
[nav-follow] here=WorldTile { x: 3280, z: 3188, level: 0 } walk=true transport=false leg=0 hops=1 outcome=None
[nav-walk] here=WorldTile { x: 3280, z: 3186, level: 0 } aim=WorldTile { x: 3282, z: 3181, level: 0 } radius=2 ticks_waited=4 sent_tile=Some(WorldTile { x: 3274, z: 3191, level: 0 })
[nav-follow] here=WorldTile { x: 3280, z: 3186, level: 0 } walk=true transport=false leg=0 hops=1 outcome=None
[host] hitch livelk8w3o_0: observe_us=22043 paints=0 skips=1148 ticks=68
[host] slot livelk8w3o_0: d_loop_us=999 d_raster_us=0 d_observe_us=72964 max_observe_us=22043 d_paints=0 d_skips=50 d_ticks=2 window_ms=1208
[nav-walk] here=WorldTile { x: 3280, z: 3184, level: 0 } aim=WorldTile { x: 3282, z: 3181, level: 0 } radius=2 ticks_waited=5 sent_tile=Some(WorldTile { x: 3274, z: 3191, level: 0 })
[nav-follow] here=WorldTile { x: 3280, z: 3184, level: 0 } walk=true transport=false leg=0 hops=1 outcome=None
[host] hitch livelk8w3o_0: observe_us=17987 paints=0 skips=1173 ticks=69
[nav-walk] here=WorldTile { x: 3281, z: 3182, level: 0 } aim=WorldTile { x: 3282, z: 3181, level: 0 } radius=2 ticks_waited=6 sent_tile=Some(WorldTile { x: 3274, z: 3191, level: 0 })
[nav-follow] here=WorldTile { x: 3281, z: 3182, level: 0 } walk=true transport=false leg=0 hops=2 outcome=None
[host] hitch livelk8w3o_0: observe_us=22128 paints=0 skips=1198 ticks=70
[host] slot livelk8w3o_0: d_loop_us=1230 d_raster_us=0 d_observe_us=87467 max_observe_us=22128 d_paints=0 d_skips=50 d_ticks=2 window_ms=1202
[nav-walk] here=WorldTile { x: 3281, z: 3180, level: 0 } aim=WorldTile { x: 3269, z: 3170, level: 0 } radius=0 ticks_waited=0 sent_tile=Some(WorldTile { x: 3281, z: 3182, level: 0 })
[nav-follow] here=WorldTile { x: 3281, z: 3180, level: 0 } walk=true transport=false leg=0 hops=2 outcome=None
[host] hitch livelk8w3o_0: observe_us=18909 paints=0 skips=1223 ticks=71
[nav-walk] here=WorldTile { x: 3280, z: 3178, level: 0 } aim=WorldTile { x: 3269, z: 3170, level: 0 } radius=0 ticks_waited=1 sent_tile=Some(WorldTile { x: 3281, z: 3182, level: 0 })
[nav-follow] here=WorldTile { x: 3280, z: 3178, level: 0 } walk=true transport=false leg=0 hops=2 outcome=None
[host] hitch livelk8w3o_0: observe_us=17832 paints=0 skips=1248 ticks=72
[host] slot livelk8w3o_0: d_loop_us=1220 d_raster_us=0 d_observe_us=78345 max_observe_us=18909 d_paints=0 d_skips=50 d_ticks=2 window_ms=1188
[nav-walk] here=WorldTile { x: 3280, z: 3176, level: 0 } aim=WorldTile { x: 3269, z: 3170, level: 0 } radius=0 ticks_waited=2 sent_tile=Some(WorldTile { x: 3281, z: 3182, level: 0 })
[nav-follow] here=WorldTile { x: 3280, z: 3176, level: 0 } walk=true transport=false leg=0 hops=2 outcome=None
[host] hitch livelk8w3o_0: observe_us=16275 paints=0 skips=1273 ticks=73
[nav-walk] here=WorldTile { x: 3278, z: 3174, level: 0 } aim=WorldTile { x: 3269, z: 3170, level: 0 } radius=0 ticks_waited=3 sent_tile=Some(WorldTile { x: 3281, z: 3182, level: 0 })
[nav-follow] here=WorldTile { x: 3278, z: 3174, level: 0 } walk=true transport=false leg=0 hops=2 outcome=None
[host] hitch livelk8w3o_0: observe_us=16870 paints=0 skips=1298 ticks=74
[host] slot livelk8w3o_0: d_loop_us=1353 d_raster_us=0 d_observe_us=77240 max_observe_us=16870 d_paints=0 d_skips=50 d_ticks=2 window_ms=1201
[nav-walk] here=WorldTile { x: 3276, z: 3172, level: 0 } aim=WorldTile { x: 3269, z: 3170, level: 0 } radius=0 ticks_waited=4 sent_tile=Some(WorldTile { x: 3281, z: 3182, level: 0 })
[nav-follow] here=WorldTile { x: 3276, z: 3172, level: 0 } walk=true transport=false leg=0 hops=2 outcome=None
[host] hitch livelk8w3o_0: observe_us=17150 paints=0 skips=1323 ticks=75
[nav-walk] here=WorldTile { x: 3276, z: 3170, level: 0 } aim=WorldTile { x: 3269, z: 3170, level: 0 } radius=0 ticks_waited=5 sent_tile=Some(WorldTile { x: 3281, z: 3182, level: 0 })
[nav-follow] here=WorldTile { x: 3276, z: 3170, level: 0 } walk=true transport=false leg=0 hops=2 outcome=None
[host] hitch livelk8w3o_0: observe_us=18831 paints=0 skips=1348 ticks=76
[host] slot livelk8w3o_0: d_loop_us=1414 d_raster_us=0 d_observe_us=80359 max_observe_us=18831 d_paints=0 d_skips=50 d_ticks=2 window_ms=1207
test catalog_boundary_live has been running for over 60 seconds
[nav-walk] here=WorldTile { x: 3274, z: 3168, level: 0 } aim=WorldTile { x: 3269, z: 3170, level: 0 } radius=0 ticks_waited=6 sent_tile=Some(WorldTile { x: 3281, z: 3182, level: 0 })
[nav-follow] here=WorldTile { x: 3274, z: 3168, level: 0 } walk=true transport=false leg=0 hops=2 outcome=None
[nav-walk] here=WorldTile { x: 3272, z: 3167, level: 0 } aim=WorldTile { x: 3269, z: 3170, level: 0 } radius=0 ticks_waited=7 sent_tile=Some(WorldTile { x: 3281, z: 3182, level: 0 })
[nav-follow] here=WorldTile { x: 3272, z: 3167, level: 0 } walk=true transport=false leg=0 hops=2 outcome=None
[host] hitch livelk8w3o_0: observe_us=16853 paints=0 skips=1399 ticks=78
[host] slot livelk8w3o_0: d_loop_us=975 d_raster_us=0 d_observe_us=66288 max_observe_us=16853 d_paints=0 d_skips=50 d_ticks=2 window_ms=1204
[script livelk8w3o_0] interact WalkNear { x: 3268, z: 3164, level: 0, radius: 1, allow_teleports: false }
[nav-follow] here=WorldTile { x: 3271, z: 3168, level: 0 } walk=true transport=false leg=0 hops=1 outcome=None
[host] hitch livelk8w3o_0: observe_us=21106 paints=0 skips=1424 ticks=79
[nav-walk] here=WorldTile { x: 3271, z: 3166, level: 0 } aim=WorldTile { x: 3269, z: 3164, level: 0 } radius=0 ticks_waited=0 sent_tile=Some(WorldTile { x: 3271, z: 3168, level: 0 })
[nav-follow] here=WorldTile { x: 3271, z: 3166, level: 0 } walk=true transport=false leg=0 hops=1 outcome=None
[host] hitch livelk8w3o_0: observe_us=21155 paints=0 skips=1449 ticks=80
[host] slot livelk8w3o_0: d_loop_us=1059 d_raster_us=0 d_observe_us=89354 max_observe_us=21155 d_paints=0 d_skips=50 d_ticks=2 window_ms=1202
[nav-walk] here=WorldTile { x: 3269, z: 3164, level: 0 } aim=WorldTile { x: 3269, z: 3164, level: 0 } radius=0 ticks_waited=1 sent_tile=Some(WorldTile { x: 3271, z: 3168, level: 0 })
[nav-follow] here=WorldTile { x: 3269, z: 3164, level: 0 } walk=false transport=false leg=1 hops=1 outcome=Some(Arrived { at: WorldTile { x: 3269, z: 3164, level: 0 } })
[host] hitch livelk8w3o_0: observe_us=18121 paints=0 skips=1473 ticks=81
[script livelk8w3o_0] interact OpenBooth { x: 3268, z: 3164, level: 0, id: 2213, name: Some("Bank booth"), action: Some("Use-quickly") }
[host] slot livelk8w3o_0: d_loop_us=1026 d_raster_us=0 d_observe_us=75031 max_observe_us=18121 d_paints=0 d_skips=50 d_ticks=2 window_ms=1202
[host] slot livelk8w3o_0: d_loop_us=966 d_raster_us=0 d_observe_us=66806 max_observe_us=13346 d_paints=0 d_skips=50 d_ticks=2 window_ms=1184
[script livelk8w3o_0] interact InvButton { id: 1739, slot: 0, component: 5382, operation: 5, bank_generation: 7 }
[script livelk8w3o_0] interact AnswerCount { value: 27 }
[shim-count] 27 sent
[host] slot livelk8w3o_0: d_loop_us=982 d_raster_us=0 d_observe_us=69564 max_observe_us=9782 d_paints=0 d_skips=50 d_ticks=2 window_ms=1169
[script livelk8w3o_0] interact CloseModal
[script livelk8w3o_0] interact WalkNear { x: 3277, z: 3191, level: 0, radius: 3, allow_teleports: false }
[host] slot livelk8w3o_0: d_loop_us=1143 d_raster_us=0 d_observe_us=79702 max_observe_us=14329 d_paints=0 d_skips=50 d_ticks=2 window_ms=1198
[nav-follow] here=WorldTile { x: 3269, z: 3164, level: 0 } walk=true transport=false leg=0 hops=1 outcome=None
[nav-walk] here=WorldTile { x: 3271, z: 3166, level: 0 } aim=WorldTile { x: 3280, z: 3178, level: 0 } radius=2 ticks_waited=0 sent_tile=Some(WorldTile { x: 3269, z: 3164, level: 0 })
[nav-follow] here=WorldTile { x: 3271, z: 3166, level: 0 } walk=true transport=false leg=0 hops=1 outcome=None
[host] hitch livelk8w3o_0: observe_us=23601 paints=0 skips=1675 ticks=89
[host] slot livelk8w3o_0: d_loop_us=1041 d_raster_us=0 d_observe_us=77581 max_observe_us=23601 d_paints=0 d_skips=50 d_ticks=2 window_ms=1209
[nav-walk] here=WorldTile { x: 3273, z: 3167, level: 0 } aim=WorldTile { x: 3280, z: 3178, level: 0 } radius=2 ticks_waited=1 sent_tile=Some(WorldTile { x: 3269, z: 3164, level: 0 })
[nav-follow] here=WorldTile { x: 3273, z: 3167, level: 0 } walk=true transport=false leg=0 hops=1 outcome=None
[host] hitch livelk8w3o_0: observe_us=16629 paints=0 skips=1700 ticks=90
[nav-walk] here=WorldTile { x: 3273, z: 3169, level: 0 } aim=WorldTile { x: 3280, z: 3178, level: 0 } radius=2 ticks_waited=2 sent_tile=Some(WorldTile { x: 3269, z: 3164, level: 0 })
[nav-follow] here=WorldTile { x: 3273, z: 3169, level: 0 } walk=true transport=false leg=0 hops=1 outcome=None
[host] hitch livelk8w3o_0: observe_us=24394 paints=0 skips=1725 ticks=91
[host] slot livelk8w3o_0: d_loop_us=1240 d_raster_us=0 d_observe_us=96208 max_observe_us=24394 d_paints=0 d_skips=50 d_ticks=2 window_ms=1183
[nav-walk] here=WorldTile { x: 3275, z: 3171, level: 0 } aim=WorldTile { x: 3280, z: 3178, level: 0 } radius=2 ticks_waited=3 sent_tile=Some(WorldTile { x: 3269, z: 3164, level: 0 })
[nav-follow] here=WorldTile { x: 3275, z: 3171, level: 0 } walk=true transport=false leg=0 hops=1 outcome=None
[host] hitch livelk8w3o_0: observe_us=21269 paints=0 skips=1750 ticks=92
[nav-walk] here=WorldTile { x: 3275, z: 3173, level: 0 } aim=WorldTile { x: 3280, z: 3178, level: 0 } radius=2 ticks_waited=4 sent_tile=Some(WorldTile { x: 3269, z: 3164, level: 0 })
[nav-follow] here=WorldTile { x: 3275, z: 3173, level: 0 } walk=true transport=false leg=0 hops=1 outcome=None
[host] slot livelk8w3o_0: d_loop_us=1203 d_raster_us=0 d_observe_us=80950 max_observe_us=21269 d_paints=0 d_skips=50 d_ticks=1 window_ms=1200
[nav-walk] here=WorldTile { x: 3277, z: 3175, level: 0 } aim=WorldTile { x: 3280, z: 3178, level: 0 } radius=2 ticks_waited=5 sent_tile=Some(WorldTile { x: 3269, z: 3164, level: 0 })
[nav-follow] here=WorldTile { x: 3277, z: 3175, level: 0 } walk=true transport=false leg=0 hops=1 outcome=None
[host] hitch livelk8w3o_0: observe_us=21882 paints=0 skips=1801 ticks=94
[nav-walk] here=WorldTile { x: 3279, z: 3177, level: 0 } aim=WorldTile { x: 3280, z: 3178, level: 0 } radius=2 ticks_waited=6 sent_tile=Some(WorldTile { x: 3269, z: 3164, level: 0 })
[nav-follow] here=WorldTile { x: 3279, z: 3177, level: 0 } walk=true transport=false leg=0 hops=2 outcome=None
[host] hitch livelk8w3o_0: observe_us=23240 paints=0 skips=1825 ticks=95
[host] slot livelk8w3o_0: d_loop_us=1293 d_raster_us=0 d_observe_us=88148 max_observe_us=23240 d_paints=0 d_skips=50 d_ticks=3 window_ms=1214
[nav-walk] here=WorldTile { x: 3279, z: 3179, level: 0 } aim=WorldTile { x: 3274, z: 3188, level: 0 } radius=0 ticks_waited=0 sent_tile=Some(WorldTile { x: 3279, z: 3177, level: 0 })
[nav-follow] here=WorldTile { x: 3279, z: 3179, level: 0 } walk=true transport=false leg=0 hops=2 outcome=None
[host] hitch livelk8w3o_0: observe_us=18824 paints=0 skips=1850 ticks=96
[nav-walk] here=WorldTile { x: 3279, z: 3181, level: 0 } aim=WorldTile { x: 3274, z: 3188, level: 0 } radius=0 ticks_waited=1 sent_tile=Some(WorldTile { x: 3279, z: 3177, level: 0 })
[nav-follow] here=WorldTile { x: 3279, z: 3181, level: 0 } walk=true transport=false leg=0 hops=2 outcome=None
[host] hitch livelk8w3o_0: observe_us=18297 paints=0 skips=1875 ticks=97
[host] slot livelk8w3o_0: d_loop_us=1334 d_raster_us=0 d_observe_us=77963 max_observe_us=18824 d_paints=0 d_skips=50 d_ticks=2 window_ms=1193
[nav-walk] here=WorldTile { x: 3280, z: 3183, level: 0 } aim=WorldTile { x: 3274, z: 3188, level: 0 } radius=0 ticks_waited=2 sent_tile=Some(WorldTile { x: 3279, z: 3177, level: 0 })
[nav-follow] here=WorldTile { x: 3280, z: 3183, level: 0 } walk=true transport=false leg=0 hops=2 outcome=None
[host] hitch livelk8w3o_0: observe_us=22180 paints=0 skips=1900 ticks=98
[nav-walk] here=WorldTile { x: 3280, z: 3185, level: 0 } aim=WorldTile { x: 3274, z: 3188, level: 0 } radius=0 ticks_waited=3 sent_tile=Some(WorldTile { x: 3279, z: 3177, level: 0 })
[nav-follow] here=WorldTile { x: 3280, z: 3185, level: 0 } walk=true transport=false leg=0 hops=2 outcome=None
[host] hitch livelk8w3o_0: observe_us=18261 paints=0 skips=1925 ticks=99
[host] slot livelk8w3o_0: d_loop_us=1236 d_raster_us=0 d_observe_us=91549 max_observe_us=22180 d_paints=0 d_skips=50 d_ticks=2 window_ms=1200
[nav-walk] here=WorldTile { x: 3278, z: 3185, level: 0 } aim=WorldTile { x: 3274, z: 3188, level: 0 } radius=0 ticks_waited=4 sent_tile=Some(WorldTile { x: 3279, z: 3177, level: 0 })
[nav-follow] here=WorldTile { x: 3278, z: 3185, level: 0 } walk=true transport=false leg=0 hops=2 outcome=None
[host] hitch livelk8w3o_0: observe_us=20889 paints=0 skips=1950 ticks=100
[nav-walk] here=WorldTile { x: 3276, z: 3185, level: 0 } aim=WorldTile { x: 3274, z: 3188, level: 0 } radius=0 ticks_waited=5 sent_tile=Some(WorldTile { x: 3279, z: 3177, level: 0 })
[nav-follow] here=WorldTile { x: 3276, z: 3185, level: 0 } walk=true transport=false leg=0 hops=2 outcome=None
[host] hitch livelk8w3o_0: observe_us=17450 paints=0 skips=1975 ticks=101
[host] slot livelk8w3o_0: d_loop_us=1157 d_raster_us=0 d_observe_us=84722 max_observe_us=20889 d_paints=0 d_skips=50 d_ticks=2 window_ms=1197
[nav-walk] here=WorldTile { x: 3275, z: 3187, level: 0 } aim=WorldTile { x: 3274, z: 3188, level: 0 } radius=0 ticks_waited=6 sent_tile=Some(WorldTile { x: 3279, z: 3177, level: 0 })
[nav-follow] here=WorldTile { x: 3275, z: 3187, level: 0 } walk=true transport=false leg=0 hops=2 outcome=None
[host] hitch livelk8w3o_0: observe_us=18118 paints=0 skips=2000 ticks=102
[nav-walk] here=WorldTile { x: 3274, z: 3188, level: 0 } aim=WorldTile { x: 3274, z: 3188, level: 0 } radius=0 ticks_waited=7 sent_tile=Some(WorldTile { x: 3279, z: 3177, level: 0 })
[nav-follow] here=WorldTile { x: 3274, z: 3188, level: 0 } walk=false transport=false leg=1 hops=2 outcome=Some(Arrived { at: WorldTile { x: 3274, z: 3188, level: 0 } })
[script livelk8w3o_0] interact Npc { name: "Tanner", action: "Trade", index: Some(225) }
[diag-tanner-arrival] {"snapshot_tick":103,"here":{"tile":[3274,3188,0],"probeable":true,"walkable":true,"collision":1026,"reachable":true,"reachable_adj":true,"reachable_512":true,"reachable_adj_512":true},"destination":{"tile":[3277,3191,0],"probeable":true,"walkable":true,"collision":0,"reachable":true,"reachable_adj":true,"reachable_512":true,"reachable_adj_512":true},"npc":{"index":225,"name":"Tanner","distance":3,"reach":{"tile":[3274,3191,0],"probeable":true,"walkable":true,"collision":0,"reachable":true,"reachable_adj":true,"reachable_512":true,"reachable_adj_512":true}},"main_modal_id":-1,"scene_available":true,"flood_available":true,"observation_only":true}
[host] slot livelk8w3o_0: d_loop_us=989 d_raster_us=0 d_observe_us=71477 max_observe_us=18118 d_paints=0 d_skips=50 d_ticks=1 window_ms=1191
[host] hitch livelk8w3o_0: observe_us=18191 paints=0 skips=2051 ticks=104
[host] hitch livelk8w3o_0: observe_us=17907 paints=0 skips=2076 ticks=105
[host] slot livelk8w3o_0: d_loop_us=1120 d_raster_us=0 d_observe_us=78248 max_observe_us=18191 d_paints=0 d_skips=50 d_ticks=2 window_ms=1204
[host] hitch livelk8w3o_0: observe_us=21341 paints=0 skips=2101 ticks=106
[host] hitch livelk8w3o_0: observe_us=22005 paints=0 skips=2126 ticks=107
[host] slot livelk8w3o_0: d_loop_us=1257 d_raster_us=0 d_observe_us=86269 max_observe_us=22005 d_paints=0 d_skips=50 d_ticks=2 window_ms=1193
[host] hitch livelk8w3o_0: observe_us=17022 paints=0 skips=2176 ticks=109
[host] slot livelk8w3o_0: d_loop_us=1048 d_raster_us=0 d_observe_us=69538 max_observe_us=17022 d_paints=0 d_skips=50 d_ticks=2 window_ms=1193
[host] hitch livelk8w3o_0: observe_us=20929 paints=0 skips=2201 ticks=110
[host] hitch livelk8w3o_0: observe_us=18764 paints=0 skips=2226 ticks=111
[host] slot livelk8w3o_0: d_loop_us=1080 d_raster_us=0 d_observe_us=83543 max_observe_us=20929 d_paints=0 d_skips=50 d_ticks=2 window_ms=1207
[host] hitch livelk8w3o_0: observe_us=20175 paints=0 skips=2253 ticks=112
[script livelk8w3o_0] interact IfButton { component_id: 8686 }
[script livelk8w3o_0] interact CloseModal
[host] slot livelk8w3o_0: d_loop_us=1111 d_raster_us=0 d_observe_us=91253 max_observe_us=20175 d_paints=0 d_skips=50 d_ticks=2 window_ms=1187
[script livelk8w3o_0] tanned 27 Leather
[script livelk8w3o_0] interact WalkNear { x: 3269, z: 3167, level: 0, radius: 3, allow_teleports: false }
[host] slot livelk8w3o_0: d_loop_us=1025 d_raster_us=0 d_observe_us=56773 max_observe_us=11126 d_paints=0 d_skips=50 d_ticks=2 window_ms=1205
[nav-follow] here=WorldTile { x: 3275, z: 3191, level: 0 } walk=true transport=false leg=0 hops=1 outcome=None
[host] slot livelk8w3o_0: d_loop_us=976 d_raster_us=0 d_observe_us=53801 max_observe_us=10375 d_paints=0 d_skips=50 d_ticks=2 window_ms=1180
[nav-walk] here=WorldTile { x: 3277, z: 3191, level: 0 } aim=WorldTile { x: 3281, z: 3180, level: 0 } radius=2 ticks_waited=0 sent_tile=Some(WorldTile { x: 3275, z: 3191, level: 0 })
[nav-follow] here=WorldTile { x: 3277, z: 3191, level: 0 } walk=true transport=false leg=0 hops=1 outcome=None
[host] hitch livelk8w3o_0: observe_us=19504 paints=0 skips=2402 ticks=118
[nav-walk] here=WorldTile { x: 3279, z: 3191, level: 0 } aim=WorldTile { x: 3281, z: 3180, level: 0 } radius=2 ticks_waited=1 sent_tile=Some(WorldTile { x: 3275, z: 3191, level: 0 })
[nav-follow] here=WorldTile { x: 3279, z: 3191, level: 0 } walk=true transport=false leg=0 hops=1 outcome=None
[host] slot livelk8w3o_0: d_loop_us=991 d_raster_us=0 d_observe_us=73425 max_observe_us=19504 d_paints=0 d_skips=50 d_ticks=2 window_ms=1188
[nav-walk] here=WorldTile { x: 3280, z: 3189, level: 0 } aim=WorldTile { x: 3281, z: 3180, level: 0 } radius=2 ticks_waited=2 sent_tile=Some(WorldTile { x: 3275, z: 3191, level: 0 })
[nav-follow] here=WorldTile { x: 3280, z: 3189, level: 0 } walk=true transport=false leg=0 hops=1 outcome=None
[nav-walk] here=WorldTile { x: 3280, z: 3187, level: 0 } aim=WorldTile { x: 3281, z: 3180, level: 0 } radius=2 ticks_waited=3 sent_tile=Some(WorldTile { x: 3275, z: 3191, level: 0 })
[nav-follow] here=WorldTile { x: 3280, z: 3187, level: 0 } walk=true transport=false leg=0 hops=1 outcome=None
[host] slot livelk8w3o_0: d_loop_us=1023 d_raster_us=0 d_observe_us=60994 max_observe_us=13958 d_paints=0 d_skips=50 d_ticks=2 window_ms=1193
[nav-walk] here=WorldTile { x: 3280, z: 3185, level: 0 } aim=WorldTile { x: 3281, z: 3180, level: 0 } radius=2 ticks_waited=4 sent_tile=Some(WorldTile { x: 3275, z: 3191, level: 0 })
[nav-follow] here=WorldTile { x: 3280, z: 3185, level: 0 } walk=true transport=false leg=0 hops=1 outcome=None
[host] hitch livelk8w3o_0: observe_us=18738 paints=0 skips=2503 ticks=122
[nav-walk] here=WorldTile { x: 3280, z: 3183, level: 0 } aim=WorldTile { x: 3281, z: 3180, level: 0 } radius=2 ticks_waited=5 sent_tile=Some(WorldTile { x: 3275, z: 3191, level: 0 })
[nav-follow] here=WorldTile { x: 3280, z: 3183, level: 0 } walk=true transport=false leg=0 hops=1 outcome=None
[host] slot livelk8w3o_0: d_loop_us=989 d_raster_us=0 d_observe_us=73597 max_observe_us=18738 d_paints=0 d_skips=50 d_ticks=2 window_ms=1181
[nav-walk] here=WorldTile { x: 3280, z: 3181, level: 0 } aim=WorldTile { x: 3281, z: 3180, level: 0 } radius=2 ticks_waited=6 sent_tile=Some(WorldTile { x: 3275, z: 3191, level: 0 })
[nav-follow] here=WorldTile { x: 3280, z: 3181, level: 0 } walk=true transport=false leg=0 hops=2 outcome=None
[nav-walk] here=WorldTile { x: 3280, z: 3179, level: 0 } aim=WorldTile { x: 3269, z: 3170, level: 0 } radius=0 ticks_waited=0 sent_tile=Some(WorldTile { x: 3280, z: 3181, level: 0 })
[nav-follow] here=WorldTile { x: 3280, z: 3179, level: 0 } walk=true transport=false leg=0 hops=2 outcome=None
[host] hitch livelk8w3o_0: observe_us=16367 paints=0 skips=2579 ticks=125
[host] slot livelk8w3o_0: d_loop_us=1146 d_raster_us=0 d_observe_us=69731 max_observe_us=16367 d_paints=0 d_skips=50 d_ticks=2 window_ms=1186
[nav-walk] here=WorldTile { x: 3280, z: 3177, level: 0 } aim=WorldTile { x: 3269, z: 3170, level: 0 } radius=0 ticks_waited=1 sent_tile=Some(WorldTile { x: 3280, z: 3181, level: 0 })
[nav-follow] here=WorldTile { x: 3280, z: 3177, level: 0 } walk=true transport=false leg=0 hops=2 outcome=None
[host] hitch livelk8w3o_0: observe_us=20864 paints=0 skips=2605 ticks=126
[nav-walk] here=WorldTile { x: 3279, z: 3175, level: 0 } aim=WorldTile { x: 3269, z: 3170, level: 0 } radius=0 ticks_waited=2 sent_tile=Some(WorldTile { x: 3280, z: 3181, level: 0 })
[nav-follow] here=WorldTile { x: 3279, z: 3175, level: 0 } walk=true transport=false leg=0 hops=2 outcome=None
[host] hitch livelk8w3o_0: observe_us=20537 paints=0 skips=2630 ticks=127
[host] slot livelk8w3o_0: d_loop_us=1274 d_raster_us=0 d_observe_us=86349 max_observe_us=20864 d_paints=0 d_skips=50 d_ticks=2 window_ms=1179
[nav-walk] here=WorldTile { x: 3278, z: 3174, level: 0 } aim=WorldTile { x: 3269, z: 3170, level: 0 } radius=0 ticks_waited=3 sent_tile=Some(WorldTile { x: 3280, z: 3181, level: 0 })
[nav-follow] here=WorldTile { x: 3278, z: 3174, level: 0 } walk=true transport=false leg=0 hops=2 outcome=None
[host] hitch livelk8w3o_0: observe_us=18465 paints=0 skips=2655 ticks=128
[nav-walk] here=WorldTile { x: 3277, z: 3173, level: 0 } aim=WorldTile { x: 3269, z: 3170, level: 0 } radius=0 ticks_waited=4 sent_tile=Some(WorldTile { x: 3280, z: 3181, level: 0 })
[nav-follow] here=WorldTile { x: 3277, z: 3173, level: 0 } walk=true transport=false leg=0 hops=2 outcome=None
[host] hitch livelk8w3o_0: observe_us=17010 paints=0 skips=2681 ticks=129
[host] slot livelk8w3o_0: d_loop_us=1048 d_raster_us=0 d_observe_us=74175 max_observe_us=18465 d_paints=0 d_skips=50 d_ticks=2 window_ms=1198
[nav-walk] here=WorldTile { x: 3276, z: 3172, level: 0 } aim=WorldTile { x: 3269, z: 3170, level: 0 } radius=0 ticks_waited=5 sent_tile=Some(WorldTile { x: 3280, z: 3181, level: 0 })
[nav-follow] here=WorldTile { x: 3276, z: 3172, level: 0 } walk=true transport=false leg=0 hops=2 outcome=None
[nav-walk] here=WorldTile { x: 3276, z: 3171, level: 0 } aim=WorldTile { x: 3269, z: 3170, level: 0 } radius=0 ticks_waited=6 sent_tile=Some(WorldTile { x: 3280, z: 3181, level: 0 })
[nav-follow] here=WorldTile { x: 3276, z: 3171, level: 0 } walk=true transport=false leg=0 hops=2 outcome=None
[host] hitch livelk8w3o_0: observe_us=19835 paints=0 skips=2731 ticks=131
[host] slot livelk8w3o_0: d_loop_us=1199 d_raster_us=0 d_observe_us=77552 max_observe_us=19835 d_paints=0 d_skips=50 d_ticks=2 window_ms=1175
[nav-walk] here=WorldTile { x: 3276, z: 3170, level: 0 } aim=WorldTile { x: 3269, z: 3170, level: 0 } radius=0 ticks_waited=7 sent_tile=Some(WorldTile { x: 3280, z: 3181, level: 0 })
[nav-follow] here=WorldTile { x: 3276, z: 3170, level: 0 } walk=true transport=false leg=0 hops=2 outcome=None
[nav-walk] here=WorldTile { x: 3275, z: 3169, level: 0 } aim=WorldTile { x: 3269, z: 3170, level: 0 } radius=0 ticks_waited=8 sent_tile=Some(WorldTile { x: 3280, z: 3181, level: 0 })
[nav-follow] here=WorldTile { x: 3275, z: 3169, level: 0 } walk=true transport=false leg=0 hops=2 outcome=None
[host] hitch livelk8w3o_0: observe_us=20435 paints=0 skips=2782 ticks=133
[host] slot livelk8w3o_0: d_loop_us=1160 d_raster_us=0 d_observe_us=78382 max_observe_us=20435 d_paints=0 d_skips=50 d_ticks=2 window_ms=1181
[nav-walk] here=WorldTile { x: 3274, z: 3168, level: 0 } aim=WorldTile { x: 3269, z: 3170, level: 0 } radius=0 ticks_waited=9 sent_tile=Some(WorldTile { x: 3280, z: 3181, level: 0 })
[nav-follow] here=WorldTile { x: 3274, z: 3168, level: 0 } walk=true transport=false leg=0 hops=2 outcome=None
[host] hitch livelk8w3o_0: observe_us=20906 paints=0 skips=2808 ticks=134
[nav-walk] here=WorldTile { x: 3273, z: 3167, level: 0 } aim=WorldTile { x: 3269, z: 3170, level: 0 } radius=0 ticks_waited=10 sent_tile=Some(WorldTile { x: 3280, z: 3181, level: 0 })
[nav-follow] here=WorldTile { x: 3273, z: 3167, level: 0 } walk=true transport=false leg=0 hops=2 outcome=None
[host] hitch livelk8w3o_0: observe_us=25251 paints=0 skips=2833 ticks=135
[host] slot livelk8w3o_0: d_loop_us=1266 d_raster_us=0 d_observe_us=93105 max_observe_us=25251 d_paints=0 d_skips=50 d_ticks=2 window_ms=1194
[nav-walk] here=WorldTile { x: 3272, z: 3167, level: 0 } aim=WorldTile { x: 3269, z: 3170, level: 0 } radius=0 ticks_waited=11 sent_tile=Some(WorldTile { x: 3280, z: 3181, level: 0 })
[nav-follow] here=WorldTile { x: 3272, z: 3167, level: 0 } walk=true transport=false leg=0 hops=2 outcome=None
[host] hitch livelk8w3o_0: observe_us=19979 paints=0 skips=2858 ticks=136
[script livelk8w3o_0] interact WalkNear { x: 3268, z: 3164, level: 0, radius: 1, allow_teleports: false }
[nav-follow] here=WorldTile { x: 3271, z: 3167, level: 0 } walk=true transport=false leg=0 hops=1 outcome=None
[host] hitch livelk8w3o_0: observe_us=22902 paints=0 skips=2883 ticks=137
[host] slot livelk8w3o_0: d_loop_us=1162 d_raster_us=0 d_observe_us=91216 max_observe_us=22902 d_paints=0 d_skips=50 d_ticks=2 window_ms=1196
[nav-walk] here=WorldTile { x: 3271, z: 3166, level: 0 } aim=WorldTile { x: 3269, z: 3164, level: 0 } radius=0 ticks_waited=0 sent_tile=Some(WorldTile { x: 3271, z: 3167, level: 0 })
[nav-follow] here=WorldTile { x: 3271, z: 3166, level: 0 } walk=true transport=false leg=0 hops=1 outcome=None
[host] hitch livelk8w3o_0: observe_us=20079 paints=0 skips=2908 ticks=138
[nav-walk] here=WorldTile { x: 3270, z: 3165, level: 0 } aim=WorldTile { x: 3269, z: 3164, level: 0 } radius=0 ticks_waited=1 sent_tile=Some(WorldTile { x: 3271, z: 3167, level: 0 })
[nav-follow] here=WorldTile { x: 3270, z: 3165, level: 0 } walk=true transport=false leg=0 hops=1 outcome=None
[host] slot livelk8w3o_0: d_loop_us=949 d_raster_us=0 d_observe_us=75623 max_observe_us=20079 d_paints=0 d_skips=50 d_ticks=2 window_ms=1199
[nav-walk] here=WorldTile { x: 3269, z: 3164, level: 0 } aim=WorldTile { x: 3269, z: 3164, level: 0 } radius=0 ticks_waited=2 sent_tile=Some(WorldTile { x: 3271, z: 3167, level: 0 })
[nav-follow] here=WorldTile { x: 3269, z: 3164, level: 0 } walk=false transport=false leg=1 hops=1 outcome=Some(Arrived { at: WorldTile { x: 3269, z: 3164, level: 0 } })
[host] hitch livelk8w3o_0: observe_us=18738 paints=0 skips=2958 ticks=140
[script livelk8w3o_0] interact OpenBooth { x: 3268, z: 3164, level: 0, id: 2213, name: Some("Bank booth"), action: Some("Use-quickly") }
[host] slot livelk8w3o_0: d_loop_us=1059 d_raster_us=0 d_observe_us=85194 max_observe_us=18738 d_paints=0 d_skips=50 d_ticks=2 window_ms=1181
[script livelk8w3o_0] interact InvButton { id: 1739, slot: 0, component: 5382, operation: 5, bank_generation: 11 }
[host] slot livelk8w3o_0: d_loop_us=1223 d_raster_us=0 d_observe_us=84217 max_observe_us=15682 d_paints=0 d_skips=50 d_ticks=2 window_ms=1188
[script livelk8w3o_0] interact AnswerCount { value: 27 }
[shim-count] 27 sent
[script livelk8w3o_0] interact CloseModal
[host] slot livelk8w3o_0: d_loop_us=890 d_raster_us=0 d_observe_us=59213 max_observe_us=9120 d_paints=0 d_skips=50 d_ticks=2 window_ms=1178
[script livelk8w3o_0] interact WalkNear { x: 3277, z: 3191, level: 0, radius: 3, allow_teleports: false }
[nav-follow] here=WorldTile { x: 3269, z: 3164, level: 0 } walk=true transport=false leg=0 hops=1 outcome=None
[host] slot livelk8w3o_0: d_loop_us=867 d_raster_us=0 d_observe_us=76101 max_observe_us=8617 d_paints=0 d_skips=50 d_ticks=2 window_ms=1180
[nav-walk] here=WorldTile { x: 3270, z: 3165, level: 0 } aim=WorldTile { x: 3280, z: 3178, level: 0 } radius=2 ticks_waited=0 sent_tile=Some(WorldTile { x: 3269, z: 3164, level: 0 })
[nav-follow] here=WorldTile { x: 3270, z: 3165, level: 0 } walk=true transport=false leg=0 hops=1 outcome=None
[nav-walk] here=WorldTile { x: 3271, z: 3166, level: 0 } aim=WorldTile { x: 3280, z: 3178, level: 0 } radius=2 ticks_waited=1 sent_tile=Some(WorldTile { x: 3269, z: 3164, level: 0 })
[nav-follow] here=WorldTile { x: 3271, z: 3166, level: 0 } walk=true transport=false leg=0 hops=1 outcome=None
[host] slot livelk8w3o_0: d_loop_us=843 d_raster_us=0 d_observe_us=72270 max_observe_us=13501 d_paints=0 d_skips=50 d_ticks=2 window_ms=1186
[nav-walk] here=WorldTile { x: 3272, z: 3166, level: 0 } aim=WorldTile { x: 3280, z: 3178, level: 0 } radius=2 ticks_waited=2 sent_tile=Some(WorldTile { x: 3269, z: 3164, level: 0 })
[nav-follow] here=WorldTile { x: 3272, z: 3166, level: 0 } walk=true transport=false leg=0 hops=1 outcome=None
[nav-walk] here=WorldTile { x: 3273, z: 3167, level: 0 } aim=WorldTile { x: 3280, z: 3178, level: 0 } radius=2 ticks_waited=3 sent_tile=Some(WorldTile { x: 3269, z: 3164, level: 0 })
[nav-follow] here=WorldTile { x: 3273, z: 3167, level: 0 } walk=true transport=false leg=0 hops=1 outcome=None
[host] slot livelk8w3o_0: d_loop_us=889 d_raster_us=0 d_observe_us=74648 max_observe_us=13790 d_paints=0 d_skips=50 d_ticks=2 window_ms=1181
[nav-walk] here=WorldTile { x: 3273, z: 3168, level: 0 } aim=WorldTile { x: 3280, z: 3178, level: 0 } radius=2 ticks_waited=4 sent_tile=Some(WorldTile { x: 3269, z: 3164, level: 0 })
[nav-follow] here=WorldTile { x: 3273, z: 3168, level: 0 } walk=true transport=false leg=0 hops=1 outcome=None
[nav-walk] here=WorldTile { x: 3273, z: 3169, level: 0 } aim=WorldTile { x: 3280, z: 3178, level: 0 } radius=2 ticks_waited=5 sent_tile=Some(WorldTile { x: 3269, z: 3164, level: 0 })
[nav-follow] here=WorldTile { x: 3273, z: 3169, level: 0 } walk=true transport=false leg=0 hops=1 outcome=None
[host] slot livelk8w3o_0: d_loop_us=964 d_raster_us=0 d_observe_us=58613 max_observe_us=15310 d_paints=0 d_skips=50 d_ticks=2 window_ms=1188
[nav-walk] here=WorldTile { x: 3274, z: 3170, level: 0 } aim=WorldTile { x: 3280, z: 3178, level: 0 } radius=2 ticks_waited=6 sent_tile=Some(WorldTile { x: 3269, z: 3164, level: 0 })
[nav-follow] here=WorldTile { x: 3274, z: 3170, level: 0 } walk=true transport=false leg=0 hops=1 outcome=None
[host] hitch livelk8w3o_0: observe_us=18030 paints=0 skips=3313 ticks=154
[nav-walk] here=WorldTile { x: 3275, z: 3171, level: 0 } aim=WorldTile { x: 3280, z: 3178, level: 0 } radius=2 ticks_waited=7 sent_tile=Some(WorldTile { x: 3269, z: 3164, level: 0 })
[nav-follow] here=WorldTile { x: 3275, z: 3171, level: 0 } walk=true transport=false leg=0 hops=1 outcome=None
[host] slot livelk8w3o_0: d_loop_us=987 d_raster_us=0 d_observe_us=63409 max_observe_us=18030 d_paints=0 d_skips=50 d_ticks=2 window_ms=1187
[nav-walk] here=WorldTile { x: 3275, z: 3172, level: 0 } aim=WorldTile { x: 3280, z: 3178, level: 0 } radius=2 ticks_waited=8 sent_tile=Some(WorldTile { x: 3269, z: 3164, level: 0 })
[nav-follow] here=WorldTile { x: 3275, z: 3172, level: 0 } walk=true transport=false leg=0 hops=1 outcome=None
[host] hitch livelk8w3o_0: observe_us=16059 paints=0 skips=3363 ticks=156
[nav-walk] here=WorldTile { x: 3275, z: 3173, level: 0 } aim=WorldTile { x: 3280, z: 3178, level: 0 } radius=2 ticks_waited=9 sent_tile=Some(WorldTile { x: 3269, z: 3164, level: 0 })
[nav-follow] here=WorldTile { x: 3275, z: 3173, level: 0 } walk=true transport=false leg=0 hops=1 outcome=None
[host] slot livelk8w3o_0: d_loop_us=1105 d_raster_us=0 d_observe_us=67885 max_observe_us=16059 d_paints=0 d_skips=50 d_ticks=2 window_ms=1220
[nav-walk] here=WorldTile { x: 3276, z: 3174, level: 0 } aim=WorldTile { x: 3280, z: 3178, level: 0 } radius=2 ticks_waited=10 sent_tile=Some(WorldTile { x: 3269, z: 3164, level: 0 })
[nav-follow] here=WorldTile { x: 3276, z: 3174, level: 0 } walk=true transport=false leg=0 hops=1 outcome=None
[nav-walk] here=WorldTile { x: 3277, z: 3175, level: 0 } aim=WorldTile { x: 3280, z: 3178, level: 0 } radius=2 ticks_waited=11 sent_tile=Some(WorldTile { x: 3269, z: 3164, level: 0 })
[nav-follow] here=WorldTile { x: 3277, z: 3175, level: 0 } walk=true transport=false leg=0 hops=1 outcome=None
[host] slot livelk8w3o_0: d_loop_us=1132 d_raster_us=0 d_observe_us=76002 max_observe_us=12058 d_paints=0 d_skips=50 d_ticks=2 window_ms=1201
[nav-walk] here=WorldTile { x: 3278, z: 3176, level: 0 } aim=WorldTile { x: 3280, z: 3178, level: 0 } radius=2 ticks_waited=12 sent_tile=Some(WorldTile { x: 3269, z: 3164, level: 0 })
[nav-follow] here=WorldTile { x: 3278, z: 3176, level: 0 } walk=true transport=false leg=0 hops=2 outcome=None
[host] hitch livelk8w3o_0: observe_us=22907 paints=0 skips=3463 ticks=160
[nav-walk] here=WorldTile { x: 3278, z: 3177, level: 0 } aim=WorldTile { x: 3274, z: 3188, level: 0 } radius=0 ticks_waited=0 sent_tile=Some(WorldTile { x: 3278, z: 3176, level: 0 })
[nav-follow] here=WorldTile { x: 3278, z: 3177, level: 0 } walk=true transport=false leg=0 hops=2 outcome=None
[host] hitch livelk8w3o_0: observe_us=18287 paints=0 skips=3488 ticks=161
[host] slot livelk8w3o_0: d_loop_us=1318 d_raster_us=0 d_observe_us=97115 max_observe_us=22907 d_paints=0 d_skips=50 d_ticks=2 window_ms=1190
[nav-walk] here=WorldTile { x: 3278, z: 3178, level: 0 } aim=WorldTile { x: 3274, z: 3188, level: 0 } radius=0 ticks_waited=1 sent_tile=Some(WorldTile { x: 3278, z: 3176, level: 0 })
[nav-follow] here=WorldTile { x: 3278, z: 3178, level: 0 } walk=true transport=false leg=0 hops=2 outcome=None
[host] hitch livelk8w3o_0: observe_us=18989 paints=0 skips=3514 ticks=162
[nav-walk] here=WorldTile { x: 3278, z: 3179, level: 0 } aim=WorldTile { x: 3274, z: 3188, level: 0 } radius=0 ticks_waited=2 sent_tile=Some(WorldTile { x: 3278, z: 3176, level: 0 })
[nav-follow] here=WorldTile { x: 3278, z: 3179, level: 0 } walk=true transport=false leg=0 hops=2 outcome=None
[host] hitch livelk8w3o_0: observe_us=25131 paints=0 skips=3539 ticks=163
[host] slot livelk8w3o_0: d_loop_us=1258 d_raster_us=0 d_observe_us=95637 max_observe_us=25131 d_paints=0 d_skips=50 d_ticks=2 window_ms=1188
[nav-walk] here=WorldTile { x: 3278, z: 3180, level: 0 } aim=WorldTile { x: 3274, z: 3188, level: 0 } radius=0 ticks_waited=3 sent_tile=Some(WorldTile { x: 3278, z: 3176, level: 0 })
[nav-follow] here=WorldTile { x: 3278, z: 3180, level: 0 } walk=true transport=false leg=0 hops=2 outcome=None
[host] hitch livelk8w3o_0: observe_us=23329 paints=0 skips=3564 ticks=164
[nav-walk] here=WorldTile { x: 3278, z: 3181, level: 0 } aim=WorldTile { x: 3274, z: 3188, level: 0 } radius=0 ticks_waited=4 sent_tile=Some(WorldTile { x: 3278, z: 3176, level: 0 })
[nav-follow] here=WorldTile { x: 3278, z: 3181, level: 0 } walk=true transport=false leg=0 hops=2 outcome=None
[host] hitch livelk8w3o_0: observe_us=26735 paints=0 skips=3589 ticks=165
[host] slot livelk8w3o_0: d_loop_us=1390 d_raster_us=0 d_observe_us=105970 max_observe_us=26735 d_paints=0 d_skips=50 d_ticks=2 window_ms=1181
[nav-walk] here=WorldTile { x: 3279, z: 3182, level: 0 } aim=WorldTile { x: 3274, z: 3188, level: 0 } radius=0 ticks_waited=5 sent_tile=Some(WorldTile { x: 3278, z: 3176, level: 0 })
[nav-follow] here=WorldTile { x: 3279, z: 3182, level: 0 } walk=true transport=false leg=0 hops=2 outcome=None
[host] hitch livelk8w3o_0: observe_us=24019 paints=0 skips=3614 ticks=166
[nav-walk] here=WorldTile { x: 3280, z: 3183, level: 0 } aim=WorldTile { x: 3274, z: 3188, level: 0 } radius=0 ticks_waited=6 sent_tile=Some(WorldTile { x: 3278, z: 3176, level: 0 })
[nav-follow] here=WorldTile { x: 3280, z: 3183, level: 0 } walk=true transport=false leg=0 hops=2 outcome=None
[host] hitch livelk8w3o_0: observe_us=24706 paints=0 skips=3639 ticks=167
[host] slot livelk8w3o_0: d_loop_us=1244 d_raster_us=0 d_observe_us=99309 max_observe_us=24706 d_paints=0 d_skips=50 d_ticks=2 window_ms=1208
[nav-walk] here=WorldTile { x: 3280, z: 3184, level: 0 } aim=WorldTile { x: 3274, z: 3188, level: 0 } radius=0 ticks_waited=7 sent_tile=Some(WorldTile { x: 3278, z: 3176, level: 0 })
[nav-follow] here=WorldTile { x: 3280, z: 3184, level: 0 } walk=true transport=false leg=0 hops=2 outcome=None
[host] hitch livelk8w3o_0: observe_us=22633 paints=0 skips=3664 ticks=168
[nav-walk] here=WorldTile { x: 3280, z: 3185, level: 0 } aim=WorldTile { x: 3274, z: 3188, level: 0 } radius=0 ticks_waited=8 sent_tile=Some(WorldTile { x: 3278, z: 3176, level: 0 })
[nav-follow] here=WorldTile { x: 3280, z: 3185, level: 0 } walk=true transport=false leg=0 hops=2 outcome=None
[host] hitch livelk8w3o_0: observe_us=22484 paints=0 skips=3690 ticks=169
[host] slot livelk8w3o_0: d_loop_us=1184 d_raster_us=0 d_observe_us=121501 max_observe_us=22633 d_paints=0 d_skips=50 d_ticks=2 window_ms=1185
[nav-walk] here=WorldTile { x: 3279, z: 3185, level: 0 } aim=WorldTile { x: 3274, z: 3188, level: 0 } radius=0 ticks_waited=9 sent_tile=Some(WorldTile { x: 3278, z: 3176, level: 0 })
[nav-follow] here=WorldTile { x: 3279, z: 3185, level: 0 } walk=true transport=false leg=0 hops=2 outcome=None
[host] hitch livelk8w3o_0: observe_us=25253 paints=0 skips=3714 ticks=170
[nav-walk] here=WorldTile { x: 3278, z: 3185, level: 0 } aim=WorldTile { x: 3274, z: 3188, level: 0 } radius=0 ticks_waited=10 sent_tile=Some(WorldTile { x: 3278, z: 3176, level: 0 })
[nav-follow] here=WorldTile { x: 3278, z: 3185, level: 0 } walk=true transport=false leg=0 hops=2 outcome=None
[host] slot livelk8w3o_0: d_loop_us=1109 d_raster_us=0 d_observe_us=83098 max_observe_us=25253 d_paints=0 d_skips=50 d_ticks=2 window_ms=1190
[nav-walk] here=WorldTile { x: 3277, z: 3185, level: 0 } aim=WorldTile { x: 3274, z: 3188, level: 0 } radius=0 ticks_waited=11 sent_tile=Some(WorldTile { x: 3278, z: 3176, level: 0 })
[nav-follow] here=WorldTile { x: 3277, z: 3185, level: 0 } walk=true transport=false leg=0 hops=2 outcome=None
[host] hitch livelk8w3o_0: observe_us=24872 paints=0 skips=3766 ticks=172
[nav-walk] here=WorldTile { x: 3276, z: 3185, level: 0 } aim=WorldTile { x: 3274, z: 3188, level: 0 } radius=0 ticks_waited=12 sent_tile=Some(WorldTile { x: 3278, z: 3176, level: 0 })
[nav-follow] here=WorldTile { x: 3276, z: 3185, level: 0 } walk=true transport=false leg=0 hops=2 outcome=None
[host] hitch livelk8w3o_0: observe_us=21536 paints=0 skips=3790 ticks=173
[host] slot livelk8w3o_0: d_loop_us=1159 d_raster_us=0 d_observe_us=113567 max_observe_us=24872 d_paints=0 d_skips=50 d_ticks=2 window_ms=1189
[nav-walk] here=WorldTile { x: 3275, z: 3186, level: 0 } aim=WorldTile { x: 3274, z: 3188, level: 0 } radius=0 ticks_waited=13 sent_tile=Some(WorldTile { x: 3278, z: 3176, level: 0 })
[nav-follow] here=WorldTile { x: 3275, z: 3186, level: 0 } walk=true transport=false leg=0 hops=2 outcome=None
[host] hitch livelk8w3o_0: observe_us=24137 paints=0 skips=3816 ticks=174
[nav-walk] here=WorldTile { x: 3275, z: 3187, level: 0 } aim=WorldTile { x: 3274, z: 3188, level: 0 } radius=0 ticks_waited=14 sent_tile=Some(WorldTile { x: 3278, z: 3176, level: 0 })
[nav-follow] here=WorldTile { x: 3275, z: 3187, level: 0 } walk=true transport=false leg=0 hops=2 outcome=None
[host] hitch livelk8w3o_0: observe_us=23021 paints=0 skips=3841 ticks=175
[host] slot livelk8w3o_0: d_loop_us=1928 d_raster_us=0 d_observe_us=99818 max_observe_us=24137 d_paints=0 d_skips=50 d_ticks=2 window_ms=1187
[nav-walk] here=WorldTile { x: 3275, z: 3188, level: 0 } aim=WorldTile { x: 3274, z: 3188, level: 0 } radius=0 ticks_waited=15 sent_tile=Some(WorldTile { x: 3278, z: 3176, level: 0 })
[nav-follow] here=WorldTile { x: 3275, z: 3188, level: 0 } walk=true transport=false leg=0 hops=2 outcome=None
[host] hitch livelk8w3o_0: observe_us=23158 paints=0 skips=3866 ticks=176
[script livelk8w3o_0] interact Npc { name: "Tanner", action: "Trade", index: Some(225) }
[diag-tanner-arrival] {"snapshot_tick":176,"here":{"tile":[3275,3188,0],"probeable":true,"walkable":true,"collision":1026,"reachable":true,"reachable_adj":true,"reachable_512":true,"reachable_adj_512":true},"destination":{"tile":[3277,3191,0],"probeable":true,"walkable":true,"collision":0,"reachable":true,"reachable_adj":true,"reachable_512":true,"reachable_adj_512":true},"npc":{"index":225,"name":"Tanner","distance":5,"reach":{"tile":[3277,3193,0],"probeable":true,"walkable":true,"collision":4104,"reachable":true,"reachable_adj":true,"reachable_512":true,"reachable_adj_512":true}},"main_modal_id":-1,"scene_available":true,"flood_available":true,"observation_only":true}
[nav-walk] here=WorldTile { x: 3275, z: 3187, level: 0 } aim=WorldTile { x: 3274, z: 3188, level: 0 } radius=0 ticks_waited=16 sent_tile=Some(WorldTile { x: 3278, z: 3176, level: 0 })
[nav-follow] here=WorldTile { x: 3275, z: 3187, level: 0 } walk=true transport=false leg=0 hops=2 outcome=None
[host] slot livelk8w3o_0: d_loop_us=1090 d_raster_us=0 d_observe_us=89429 max_observe_us=23158 d_paints=0 d_skips=50 d_ticks=2 window_ms=1194
[nav-walk] here=WorldTile { x: 3275, z: 3186, level: 0 } aim=WorldTile { x: 3274, z: 3188, level: 0 } radius=0 ticks_waited=17 sent_tile=Some(WorldTile { x: 3278, z: 3176, level: 0 })
[nav-follow] here=WorldTile { x: 3275, z: 3186, level: 0 } walk=true transport=false leg=0 hops=2 outcome=None
[nav-walk] here=WorldTile { x: 3276, z: 3186, level: 0 } aim=WorldTile { x: 3274, z: 3188, level: 0 } radius=0 ticks_waited=18 sent_tile=Some(WorldTile { x: 3278, z: 3176, level: 0 })
[nav-follow] here=WorldTile { x: 3276, z: 3186, level: 0 } walk=true transport=false leg=0 hops=2 outcome=None
[host] slot livelk8w3o_0: d_loop_us=1035 d_raster_us=0 d_observe_us=73757 max_observe_us=13636 d_paints=0 d_skips=50 d_ticks=2 window_ms=1195
[nav-walk] here=WorldTile { x: 3277, z: 3186, level: 0 } aim=WorldTile { x: 3274, z: 3188, level: 0 } radius=0 ticks_waited=19 sent_tile=Some(WorldTile { x: 3278, z: 3176, level: 0 })
[nav-follow] here=WorldTile { x: 3277, z: 3186, level: 0 } walk=true transport=false leg=0 hops=2 outcome=None
[nav-walk] here=WorldTile { x: 3278, z: 3185, level: 0 } aim=WorldTile { x: 3274, z: 3188, level: 0 } radius=0 ticks_waited=20 sent_tile=Some(WorldTile { x: 3278, z: 3176, level: 0 })
[nav-follow] here=WorldTile { x: 3278, z: 3185, level: 0 } walk=true transport=false leg=0 hops=2 outcome=None
[host] slot livelk8w3o_0: d_loop_us=995 d_raster_us=0 d_observe_us=63165 max_observe_us=15389 d_paints=0 d_skips=50 d_ticks=2 window_ms=1200
[nav-walk] here=WorldTile { x: 3279, z: 3185, level: 0 } aim=WorldTile { x: 3274, z: 3188, level: 0 } radius=0 ticks_waited=21 sent_tile=Some(WorldTile { x: 3278, z: 3176, level: 0 })
[nav-follow] here=WorldTile { x: 3279, z: 3185, level: 0 } walk=true transport=false leg=0 hops=2 outcome=None
[nav-walk] here=WorldTile { x: 3280, z: 3185, level: 0 } aim=WorldTile { x: 3274, z: 3188, level: 0 } radius=0 ticks_waited=22 sent_tile=Some(WorldTile { x: 3278, z: 3176, level: 0 })
[nav-follow] here=WorldTile { x: 3280, z: 3185, level: 0 } walk=true transport=false leg=0 hops=2 outcome=None
[host] hitch livelk8w3o_0: observe_us=17006 paints=0 skips=4041 ticks=183
[host] slot livelk8w3o_0: d_loop_us=1102 d_raster_us=0 d_observe_us=85360 max_observe_us=17006 d_paints=0 d_skips=50 d_ticks=2 window_ms=1184
[nav-walk] here=WorldTile { x: 3280, z: 3186, level: 0 } aim=WorldTile { x: 3274, z: 3188, level: 0 } radius=0 ticks_waited=23 sent_tile=Some(WorldTile { x: 3278, z: 3176, level: 0 })
[nav-follow] here=WorldTile { x: 3280, z: 3186, level: 0 } walk=true transport=false leg=0 hops=2 outcome=None
[nav-walk] here=WorldTile { x: 3280, z: 3187, level: 0 } aim=WorldTile { x: 3274, z: 3188, level: 0 } radius=0 ticks_waited=24 sent_tile=Some(WorldTile { x: 3278, z: 3176, level: 0 })
[nav-follow] here=WorldTile { x: 3280, z: 3187, level: 0 } walk=true transport=false leg=0 hops=2 outcome=None
[script livelk8w3o_0] tanner interface did not open — retrying
[host] slot livelk8w3o_0: d_loop_us=1157 d_raster_us=0 d_observe_us=76522 max_observe_us=14982 d_paints=0 d_skips=50 d_ticks=2 window_ms=1187
[nav-walk] here=WorldTile { x: 3280, z: 3188, level: 0 } aim=WorldTile { x: 3274, z: 3188, level: 0 } radius=0 ticks_waited=25 sent_tile=Some(WorldTile { x: 3278, z: 3176, level: 0 })
[nav-follow] here=WorldTile { x: 3280, z: 3188, level: 0 } walk=true transport=false leg=0 hops=2 outcome=None
[script livelk8w3o_0] interact WalkNear { x: 3269, z: 3167, level: 0, radius: 3, allow_teleports: false }
[nav-walk] here=WorldTile { x: 3280, z: 3189, level: 0 } aim=WorldTile { x: 3274, z: 3188, level: 0 } radius=0 ticks_waited=26 sent_tile=Some(WorldTile { x: 3278, z: 3176, level: 0 })
[nav-follow] here=WorldTile { x: 3280, z: 3189, level: 0 } walk=true transport=false leg=0 hops=2 outcome=None
[host] slot livelk8w3o_0: d_loop_us=976 d_raster_us=0 d_observe_us=53769 max_observe_us=11815 d_paints=0 d_skips=50 d_ticks=2 window_ms=1144
[nav-follow] here=WorldTile { x: 3280, z: 3190, level: 0 } walk=true transport=false leg=0 hops=1 outcome=None
[nav-walk] here=WorldTile { x: 3280, z: 3189, level: 0 } aim=WorldTile { x: 3269, z: 3170, level: 0 } radius=0 ticks_waited=0 sent_tile=Some(WorldTile { x: 3280, z: 3190, level: 0 })
[nav-follow] here=WorldTile { x: 3280, z: 3189, level: 0 } walk=true transport=false leg=0 hops=1 outcome=None
[host] slot livelk8w3o_0: d_loop_us=998 d_raster_us=0 d_observe_us=72461 max_observe_us=14634 d_paints=0 d_skips=50 d_ticks=2 window_ms=1203
[nav-walk] here=WorldTile { x: 3280, z: 3188, level: 0 } aim=WorldTile { x: 3269, z: 3170, level: 0 } radius=0 ticks_waited=1 sent_tile=Some(WorldTile { x: 3280, z: 3190, level: 0 })
[nav-follow] here=WorldTile { x: 3280, z: 3188, level: 0 } walk=true transport=false leg=0 hops=1 outcome=None
[nav-walk] here=WorldTile { x: 3280, z: 3187, level: 0 } aim=WorldTile { x: 3269, z: 3170, level: 0 } radius=0 ticks_waited=2 sent_tile=Some(WorldTile { x: 3280, z: 3190, level: 0 })
[nav-follow] here=WorldTile { x: 3280, z: 3187, level: 0 } walk=true transport=false leg=0 hops=1 outcome=None
[host] hitch livelk8w3o_0: observe_us=17462 paints=0 skips=4244 ticks=191
[host] slot livelk8w3o_0: d_loop_us=976 d_raster_us=0 d_observe_us=78749 max_observe_us=17462 d_paints=0 d_skips=50 d_ticks=2 window_ms=1203
[nav-walk] here=WorldTile { x: 3280, z: 3186, level: 0 } aim=WorldTile { x: 3269, z: 3170, level: 0 } radius=0 ticks_waited=3 sent_tile=Some(WorldTile { x: 3280, z: 3190, level: 0 })
[nav-follow] here=WorldTile { x: 3280, z: 3186, level: 0 } walk=true transport=false leg=0 hops=1 outcome=None
[nav-walk] here=WorldTile { x: 3280, z: 3185, level: 0 } aim=WorldTile { x: 3269, z: 3170, level: 0 } radius=0 ticks_waited=4 sent_tile=Some(WorldTile { x: 3280, z: 3190, level: 0 })
[nav-follow] here=WorldTile { x: 3280, z: 3185, level: 0 } walk=true transport=false leg=0 hops=1 outcome=None
[host] hitch livelk8w3o_0: observe_us=23605 paints=0 skips=4296 ticks=193
[host] slot livelk8w3o_0: d_loop_us=1350 d_raster_us=0 d_observe_us=90295 max_observe_us=23605 d_paints=0 d_skips=50 d_ticks=2 window_ms=1166
[nav-walk] here=WorldTile { x: 3280, z: 3184, level: 0 } aim=WorldTile { x: 3269, z: 3170, level: 0 } radius=0 ticks_waited=5 sent_tile=Some(WorldTile { x: 3280, z: 3190, level: 0 })
[nav-follow] here=WorldTile { x: 3280, z: 3184, level: 0 } walk=true transport=false leg=0 hops=1 outcome=None
[host] hitch livelk8w3o_0: observe_us=21084 paints=0 skips=4321 ticks=194
[nav-walk] here=WorldTile { x: 3280, z: 3183, level: 0 } aim=WorldTile { x: 3269, z: 3170, level: 0 } radius=0 ticks_waited=6 sent_tile=Some(WorldTile { x: 3280, z: 3190, level: 0 })
[nav-follow] here=WorldTile { x: 3280, z: 3183, level: 0 } walk=true transport=false leg=0 hops=1 outcome=None
[host] hitch livelk8w3o_0: observe_us=32316 paints=0 skips=4346 ticks=195
[host] slot livelk8w3o_0: d_loop_us=1315 d_raster_us=0 d_observe_us=109876 max_observe_us=32316 d_paints=0 d_skips=50 d_ticks=2 window_ms=1202
[nav-walk] here=WorldTile { x: 3280, z: 3182, level: 0 } aim=WorldTile { x: 3269, z: 3170, level: 0 } radius=0 ticks_waited=7 sent_tile=Some(WorldTile { x: 3280, z: 3190, level: 0 })
[nav-follow] here=WorldTile { x: 3280, z: 3182, level: 0 } walk=true transport=false leg=0 hops=1 outcome=None
[host] hitch livelk8w3o_0: observe_us=22778 paints=0 skips=4370 ticks=196
[nav-walk] here=WorldTile { x: 3280, z: 3181, level: 0 } aim=WorldTile { x: 3269, z: 3170, level: 0 } radius=0 ticks_waited=8 sent_tile=Some(WorldTile { x: 3280, z: 3190, level: 0 })
[nav-follow] here=WorldTile { x: 3280, z: 3181, level: 0 } walk=true transport=false leg=0 hops=1 outcome=None
[host] hitch livelk8w3o_0: observe_us=17453 paints=0 skips=4395 ticks=197
[host] slot livelk8w3o_0: d_loop_us=1119 d_raster_us=0 d_observe_us=88002 max_observe_us=22778 d_paints=0 d_skips=50 d_ticks=2 window_ms=1205
[nav-walk] here=WorldTile { x: 3280, z: 3180, level: 0 } aim=WorldTile { x: 3269, z: 3170, level: 0 } radius=0 ticks_waited=9 sent_tile=Some(WorldTile { x: 3280, z: 3190, level: 0 })
[nav-follow] here=WorldTile { x: 3280, z: 3180, level: 0 } walk=true transport=false leg=0 hops=1 outcome=None
[host] hitch livelk8w3o_0: observe_us=19198 paints=0 skips=4421 ticks=198
[nav-walk] here=WorldTile { x: 3280, z: 3179, level: 0 } aim=WorldTile { x: 3269, z: 3170, level: 0 } radius=0 ticks_waited=10 sent_tile=Some(WorldTile { x: 3280, z: 3190, level: 0 })
[nav-follow] here=WorldTile { x: 3280, z: 3179, level: 0 } walk=true transport=false leg=0 hops=1 outcome=None
[host] hitch livelk8w3o_0: observe_us=22972 paints=0 skips=4446 ticks=199
[host] slot livelk8w3o_0: d_loop_us=1313 d_raster_us=0 d_observe_us=99842 max_observe_us=22972 d_paints=0 d_skips=50 d_ticks=2 window_ms=1189
[nav-walk] here=WorldTile { x: 3280, z: 3178, level: 0 } aim=WorldTile { x: 3269, z: 3170, level: 0 } radius=0 ticks_waited=11 sent_tile=Some(WorldTile { x: 3280, z: 3190, level: 0 })
[nav-follow] here=WorldTile { x: 3280, z: 3178, level: 0 } walk=true transport=false leg=0 hops=1 outcome=None
[host] hitch livelk8w3o_0: observe_us=17587 paints=0 skips=4471 ticks=200
[nav-walk] here=WorldTile { x: 3280, z: 3177, level: 0 } aim=WorldTile { x: 3269, z: 3170, level: 0 } radius=0 ticks_waited=12 sent_tile=Some(WorldTile { x: 3280, z: 3190, level: 0 })
[nav-follow] here=WorldTile { x: 3280, z: 3177, level: 0 } walk=true transport=false leg=0 hops=1 outcome=None
[host] hitch livelk8w3o_0: observe_us=23684 paints=0 skips=4496 ticks=201
[host] slot livelk8w3o_0: d_loop_us=1519 d_raster_us=0 d_observe_us=98393 max_observe_us=23684 d_paints=0 d_skips=50 d_ticks=2 window_ms=1194
[nav-walk] here=WorldTile { x: 3280, z: 3176, level: 0 } aim=WorldTile { x: 3269, z: 3170, level: 0 } radius=0 ticks_waited=13 sent_tile=Some(WorldTile { x: 3280, z: 3190, level: 0 })
[nav-follow] here=WorldTile { x: 3280, z: 3176, level: 0 } walk=true transport=false leg=0 hops=1 outcome=None
[host] hitch livelk8w3o_0: observe_us=16741 paints=0 skips=4521 ticks=202
[nav-walk] here=WorldTile { x: 3279, z: 3175, level: 0 } aim=WorldTile { x: 3269, z: 3170, level: 0 } radius=0 ticks_waited=14 sent_tile=Some(WorldTile { x: 3280, z: 3190, level: 0 })
[nav-follow] here=WorldTile { x: 3279, z: 3175, level: 0 } walk=true transport=false leg=0 hops=1 outcome=None
[host] hitch livelk8w3o_0: observe_us=26334 paints=0 skips=4546 ticks=203
[host] slot livelk8w3o_0: d_loop_us=1348 d_raster_us=0 d_observe_us=105268 max_observe_us=26334 d_paints=0 d_skips=50 d_ticks=2 window_ms=1191
[nav-walk] here=WorldTile { x: 3278, z: 3174, level: 0 } aim=WorldTile { x: 3269, z: 3170, level: 0 } radius=0 ticks_waited=15 sent_tile=Some(WorldTile { x: 3280, z: 3190, level: 0 })
[nav-follow] here=WorldTile { x: 3278, z: 3174, level: 0 } walk=true transport=false leg=0 hops=1 outcome=None
[host] hitch livelk8w3o_0: observe_us=26975 paints=0 skips=4572 ticks=204
[nav-walk] here=WorldTile { x: 3277, z: 3173, level: 0 } aim=WorldTile { x: 3269, z: 3170, level: 0 } radius=0 ticks_waited=16 sent_tile=Some(WorldTile { x: 3280, z: 3190, level: 0 })
[nav-follow] here=WorldTile { x: 3277, z: 3173, level: 0 } walk=true transport=false leg=0 hops=1 outcome=None
[host] hitch livelk8w3o_0: observe_us=23105 paints=0 skips=4598 ticks=205
[host] slot livelk8w3o_0: d_loop_us=1388 d_raster_us=0 d_observe_us=119960 max_observe_us=26975 d_paints=0 d_skips=50 d_ticks=2 window_ms=1165
[nav-walk] here=WorldTile { x: 3276, z: 3172, level: 0 } aim=WorldTile { x: 3269, z: 3170, level: 0 } radius=0 ticks_waited=17 sent_tile=Some(WorldTile { x: 3280, z: 3190, level: 0 })
[nav-follow] here=WorldTile { x: 3276, z: 3172, level: 0 } walk=true transport=false leg=0 hops=1 outcome=None
[host] hitch livelk8w3o_0: observe_us=18884 paints=0 skips=4623 ticks=206
[nav-walk] here=WorldTile { x: 3276, z: 3171, level: 0 } aim=WorldTile { x: 3269, z: 3170, level: 0 } radius=0 ticks_waited=18 sent_tile=Some(WorldTile { x: 3280, z: 3190, level: 0 })
[nav-follow] here=WorldTile { x: 3276, z: 3171, level: 0 } walk=true transport=false leg=0 hops=1 outcome=None
[host] hitch livelk8w3o_0: observe_us=17904 paints=0 skips=4649 ticks=207
[host] slot livelk8w3o_0: d_loop_us=1271 d_raster_us=0 d_observe_us=103583 max_observe_us=18884 d_paints=0 d_skips=50 d_ticks=2 window_ms=1198
[nav-walk] here=WorldTile { x: 3276, z: 3170, level: 0 } aim=WorldTile { x: 3269, z: 3170, level: 0 } radius=0 ticks_waited=19 sent_tile=Some(WorldTile { x: 3280, z: 3190, level: 0 })
[nav-follow] here=WorldTile { x: 3276, z: 3170, level: 0 } walk=true transport=false leg=0 hops=1 outcome=None
[host] hitch livelk8w3o_0: observe_us=19643 paints=0 skips=4674 ticks=208
[nav-walk] here=WorldTile { x: 3275, z: 3169, level: 0 } aim=WorldTile { x: 3269, z: 3170, level: 0 } radius=0 ticks_waited=20 sent_tile=Some(WorldTile { x: 3280, z: 3190, level: 0 })
[nav-follow] here=WorldTile { x: 3275, z: 3169, level: 0 } walk=true transport=false leg=0 hops=1 outcome=None
[host] hitch livelk8w3o_0: observe_us=17007 paints=0 skips=4699 ticks=209
[host] slot livelk8w3o_0: d_loop_us=1135 d_raster_us=0 d_observe_us=87922 max_observe_us=19643 d_paints=0 d_skips=50 d_ticks=2 window_ms=1186
[nav-walk] here=WorldTile { x: 3274, z: 3168, level: 0 } aim=WorldTile { x: 3269, z: 3170, level: 0 } radius=0 ticks_waited=21 sent_tile=Some(WorldTile { x: 3280, z: 3190, level: 0 })
[nav-follow] here=WorldTile { x: 3274, z: 3168, level: 0 } walk=true transport=false leg=0 hops=1 outcome=None
[host] hitch livelk8w3o_0: observe_us=21100 paints=0 skips=4725 ticks=210
[host] slot livelk8w3o_0: d_loop_us=1276 d_raster_us=0 d_observe_us=84026 max_observe_us=21100 d_paints=0 d_skips=50 d_ticks=2 window_ms=1152
[nav-walk] here=WorldTile { x: 3273, z: 3167, level: 0 } aim=WorldTile { x: 3269, z: 3170, level: 0 } radius=0 ticks_waited=22 sent_tile=Some(WorldTile { x: 3280, z: 3190, level: 0 })
[nav-follow] here=WorldTile { x: 3273, z: 3167, level: 0 } walk=true transport=false leg=0 hops=1 outcome=None
[nav-walk] here=WorldTile { x: 3272, z: 3167, level: 0 } aim=WorldTile { x: 3269, z: 3170, level: 0 } radius=0 ticks_waited=23 sent_tile=Some(WorldTile { x: 3280, z: 3190, level: 0 })
[nav-follow] here=WorldTile { x: 3272, z: 3167, level: 0 } walk=true transport=false leg=0 hops=1 outcome=None
[script livelk8w3o_0] interact WalkNear { x: 3268, z: 3164, level: 0, radius: 1, allow_teleports: false }
[host] slot livelk8w3o_0: d_loop_us=964 d_raster_us=0 d_observe_us=75517 max_observe_us=14303 d_paints=0 d_skips=50 d_ticks=1 window_ms=1187
[nav-follow] here=WorldTile { x: 3271, z: 3167, level: 0 } walk=true transport=false leg=0 hops=1 outcome=None
[nav-walk] here=WorldTile { x: 3271, z: 3166, level: 0 } aim=WorldTile { x: 3269, z: 3164, level: 0 } radius=0 ticks_waited=0 sent_tile=Some(WorldTile { x: 3271, z: 3167, level: 0 })
[nav-follow] here=WorldTile { x: 3271, z: 3166, level: 0 } walk=true transport=false leg=0 hops=1 outcome=None
[host] slot livelk8w3o_0: d_loop_us=1110 d_raster_us=0 d_observe_us=68669 max_observe_us=14309 d_paints=0 d_skips=50 d_ticks=2 window_ms=1191
[nav-walk] here=WorldTile { x: 3270, z: 3165, level: 0 } aim=WorldTile { x: 3269, z: 3164, level: 0 } radius=0 ticks_waited=1 sent_tile=Some(WorldTile { x: 3271, z: 3167, level: 0 })
[nav-follow] here=WorldTile { x: 3270, z: 3165, level: 0 } walk=true transport=false leg=0 hops=1 outcome=None
[nav-walk] here=WorldTile { x: 3269, z: 3164, level: 0 } aim=WorldTile { x: 3269, z: 3164, level: 0 } radius=0 ticks_waited=2 sent_tile=Some(WorldTile { x: 3271, z: 3167, level: 0 })
[nav-follow] here=WorldTile { x: 3269, z: 3164, level: 0 } walk=false transport=false leg=1 hops=1 outcome=Some(Arrived { at: WorldTile { x: 3269, z: 3164, level: 0 } })
[script livelk8w3o_0] interact OpenBooth { x: 3268, z: 3164, level: 0, id: 2213, name: Some("Bank booth"), action: Some("Use-quickly") }
[host] slot livelk8w3o_0: d_loop_us=985 d_raster_us=0 d_observe_us=69949 max_observe_us=11730 d_paints=0 d_skips=50 d_ticks=2 window_ms=1182
[host] slot livelk8w3o_0: d_loop_us=1048 d_raster_us=0 d_observe_us=75501 max_observe_us=9323 d_paints=0 d_skips=50 d_ticks=2 window_ms=1196
[host] hitch livelk8w3o_0: observe_us=17301 paints=0 skips=4952 ticks=219
[script livelk8w3o_0] interact InvButton { id: 1739, slot: 2, component: 5382, operation: 5, bank_generation: 13 }
[script livelk8w3o_0] interact AnswerCount { value: 27 }
[shim-count] 27 sent
[host] slot livelk8w3o_0: d_loop_us=3430 d_raster_us=0 d_observe_us=89570 max_observe_us=17301 d_paints=0 d_skips=50 d_ticks=2 window_ms=1201
[script livelk8w3o_0] interact CloseModal
[script livelk8w3o_0] interact WalkNear { x: 3277, z: 3191, level: 0, radius: 3, allow_teleports: false }
[host] slot livelk8w3o_0: d_loop_us=1071 d_raster_us=0 d_observe_us=83743 max_observe_us=14742 d_paints=0 d_skips=50 d_ticks=2 window_ms=1174
[nav-follow] here=WorldTile { x: 3269, z: 3164, level: 0 } walk=true transport=false leg=0 hops=1 outcome=None
[nav-walk] here=WorldTile { x: 3270, z: 3165, level: 0 } aim=WorldTile { x: 3280, z: 3178, level: 0 } radius=2 ticks_waited=0 sent_tile=Some(WorldTile { x: 3269, z: 3164, level: 0 })
[nav-follow] here=WorldTile { x: 3270, z: 3165, level: 0 } walk=true transport=false leg=0 hops=1 outcome=None
[host] slot livelk8w3o_0: d_loop_us=957 d_raster_us=0 d_observe_us=71177 max_observe_us=15626 d_paints=0 d_skips=50 d_ticks=2 window_ms=1187
[nav-walk] here=WorldTile { x: 3271, z: 3166, level: 0 } aim=WorldTile { x: 3280, z: 3178, level: 0 } radius=2 ticks_waited=1 sent_tile=Some(WorldTile { x: 3269, z: 3164, level: 0 })
[nav-follow] here=WorldTile { x: 3271, z: 3166, level: 0 } walk=true transport=false leg=0 hops=1 outcome=None
[nav-walk] here=WorldTile { x: 3272, z: 3166, level: 0 } aim=WorldTile { x: 3280, z: 3178, level: 0 } radius=2 ticks_waited=2 sent_tile=Some(WorldTile { x: 3269, z: 3164, level: 0 })
[nav-follow] here=WorldTile { x: 3272, z: 3166, level: 0 } walk=true transport=false leg=0 hops=1 outcome=None
[host] hitch livelk8w3o_0: observe_us=18300 paints=0 skips=5128 ticks=226
[host] slot livelk8w3o_0: d_loop_us=1123 d_raster_us=0 d_observe_us=83908 max_observe_us=18300 d_paints=0 d_skips=50 d_ticks=2 window_ms=1198
[nav-walk] here=WorldTile { x: 3273, z: 3167, level: 0 } aim=WorldTile { x: 3280, z: 3178, level: 0 } radius=2 ticks_waited=3 sent_tile=Some(WorldTile { x: 3269, z: 3164, level: 0 })
[nav-follow] here=WorldTile { x: 3273, z: 3167, level: 0 } walk=true transport=false leg=0 hops=1 outcome=None
[host] hitch livelk8w3o_0: observe_us=16162 paints=0 skips=5154 ticks=227
[nav-walk] here=WorldTile { x: 3273, z: 3168, level: 0 } aim=WorldTile { x: 3280, z: 3178, level: 0 } radius=2 ticks_waited=4 sent_tile=Some(WorldTile { x: 3269, z: 3164, level: 0 })
[nav-follow] here=WorldTile { x: 3273, z: 3168, level: 0 } walk=true transport=false leg=0 hops=1 outcome=None
[host] slot livelk8w3o_0: d_loop_us=1075 d_raster_us=0 d_observe_us=76845 max_observe_us=16162 d_paints=0 d_skips=50 d_ticks=2 window_ms=1205
[nav-walk] here=WorldTile { x: 3273, z: 3169, level: 0 } aim=WorldTile { x: 3280, z: 3178, level: 0 } radius=2 ticks_waited=5 sent_tile=Some(WorldTile { x: 3269, z: 3164, level: 0 })
[nav-follow] here=WorldTile { x: 3273, z: 3169, level: 0 } walk=true transport=false leg=0 hops=1 outcome=None
[nav-walk] here=WorldTile { x: 3274, z: 3170, level: 0 } aim=WorldTile { x: 3280, z: 3178, level: 0 } radius=2 ticks_waited=6 sent_tile=Some(WorldTile { x: 3269, z: 3164, level: 0 })
[nav-follow] here=WorldTile { x: 3274, z: 3170, level: 0 } walk=true transport=false leg=0 hops=1 outcome=None
[host] slot livelk8w3o_0: d_loop_us=1154 d_raster_us=0 d_observe_us=73231 max_observe_us=12989 d_paints=0 d_skips=50 d_ticks=2 window_ms=1210
[nav-walk] here=WorldTile { x: 3275, z: 3171, level: 0 } aim=WorldTile { x: 3280, z: 3178, level: 0 } radius=2 ticks_waited=7 sent_tile=Some(WorldTile { x: 3269, z: 3164, level: 0 })
[nav-follow] here=WorldTile { x: 3275, z: 3171, level: 0 } walk=true transport=false leg=0 hops=1 outcome=None
[nav-walk] here=WorldTile { x: 3275, z: 3172, level: 0 } aim=WorldTile { x: 3280, z: 3178, level: 0 } radius=2 ticks_waited=8 sent_tile=Some(WorldTile { x: 3269, z: 3164, level: 0 })
[nav-follow] here=WorldTile { x: 3275, z: 3172, level: 0 } walk=true transport=false leg=0 hops=1 outcome=None
[host] hitch livelk8w3o_0: observe_us=18477 paints=0 skips=5279 ticks=232
[host] slot livelk8w3o_0: d_loop_us=1256 d_raster_us=0 d_observe_us=88591 max_observe_us=18477 d_paints=0 d_skips=50 d_ticks=2 window_ms=1165
[nav-walk] here=WorldTile { x: 3275, z: 3173, level: 0 } aim=WorldTile { x: 3280, z: 3178, level: 0 } radius=2 ticks_waited=9 sent_tile=Some(WorldTile { x: 3269, z: 3164, level: 0 })
[nav-follow] here=WorldTile { x: 3275, z: 3173, level: 0 } walk=true transport=false leg=0 hops=1 outcome=None
[host] hitch livelk8w3o_0: observe_us=22774 paints=0 skips=5305 ticks=233
[nav-walk] here=WorldTile { x: 3276, z: 3174, level: 0 } aim=WorldTile { x: 3280, z: 3178, level: 0 } radius=2 ticks_waited=10 sent_tile=Some(WorldTile { x: 3269, z: 3164, level: 0 })
[nav-follow] here=WorldTile { x: 3276, z: 3174, level: 0 } walk=true transport=false leg=0 hops=1 outcome=None
[host] hitch livelk8w3o_0: observe_us=20943 paints=0 skips=5330 ticks=234
[host] slot livelk8w3o_0: d_loop_us=1159 d_raster_us=0 d_observe_us=101379 max_observe_us=22774 d_paints=0 d_skips=50 d_ticks=2 window_ms=1193
[nav-walk] here=WorldTile { x: 3277, z: 3175, level: 0 } aim=WorldTile { x: 3280, z: 3178, level: 0 } radius=2 ticks_waited=11 sent_tile=Some(WorldTile { x: 3269, z: 3164, level: 0 })
[nav-follow] here=WorldTile { x: 3277, z: 3175, level: 0 } walk=true transport=false leg=0 hops=1 outcome=None
[nav-walk] here=WorldTile { x: 3278, z: 3176, level: 0 } aim=WorldTile { x: 3280, z: 3178, level: 0 } radius=2 ticks_waited=12 sent_tile=Some(WorldTile { x: 3269, z: 3164, level: 0 })
[nav-follow] here=WorldTile { x: 3278, z: 3176, level: 0 } walk=true transport=false leg=0 hops=2 outcome=None
[host] slot livelk8w3o_0: d_loop_us=1048 d_raster_us=0 d_observe_us=55725 max_observe_us=13708 d_paints=0 d_skips=50 d_ticks=2 window_ms=1197
[nav-walk] here=WorldTile { x: 3278, z: 3177, level: 0 } aim=WorldTile { x: 3274, z: 3188, level: 0 } radius=0 ticks_waited=0 sent_tile=Some(WorldTile { x: 3278, z: 3176, level: 0 })
[nav-follow] here=WorldTile { x: 3278, z: 3177, level: 0 } walk=true transport=false leg=0 hops=2 outcome=None
[host] hitch livelk8w3o_0: observe_us=17564 paints=0 skips=5405 ticks=237
[nav-walk] here=WorldTile { x: 3278, z: 3178, level: 0 } aim=WorldTile { x: 3274, z: 3188, level: 0 } radius=0 ticks_waited=1 sent_tile=Some(WorldTile { x: 3278, z: 3176, level: 0 })
[nav-follow] here=WorldTile { x: 3278, z: 3178, level: 0 } walk=true transport=false leg=0 hops=2 outcome=None
[host] hitch livelk8w3o_0: observe_us=23751 paints=0 skips=5431 ticks=238
[host] slot livelk8w3o_0: d_loop_us=1391 d_raster_us=0 d_observe_us=92229 max_observe_us=23751 d_paints=0 d_skips=50 d_ticks=2 window_ms=1186
[nav-walk] here=WorldTile { x: 3278, z: 3179, level: 0 } aim=WorldTile { x: 3274, z: 3188, level: 0 } radius=0 ticks_waited=2 sent_tile=Some(WorldTile { x: 3278, z: 3176, level: 0 })
[nav-follow] here=WorldTile { x: 3278, z: 3179, level: 0 } walk=true transport=false leg=0 hops=2 outcome=None
[host] hitch livelk8w3o_0: observe_us=22969 paints=0 skips=5456 ticks=239
[nav-walk] here=WorldTile { x: 3278, z: 3180, level: 0 } aim=WorldTile { x: 3274, z: 3188, level: 0 } radius=0 ticks_waited=3 sent_tile=Some(WorldTile { x: 3278, z: 3176, level: 0 })
[nav-follow] here=WorldTile { x: 3278, z: 3180, level: 0 } walk=true transport=false leg=0 hops=2 outcome=None
[host] hitch livelk8w3o_0: observe_us=19489 paints=0 skips=5482 ticks=240
[host] slot livelk8w3o_0: d_loop_us=1303 d_raster_us=0 d_observe_us=92279 max_observe_us=22969 d_paints=0 d_skips=50 d_ticks=2 window_ms=1172
[nav-walk] here=WorldTile { x: 3278, z: 3181, level: 0 } aim=WorldTile { x: 3274, z: 3188, level: 0 } radius=0 ticks_waited=4 sent_tile=Some(WorldTile { x: 3278, z: 3176, level: 0 })
[nav-follow] here=WorldTile { x: 3278, z: 3181, level: 0 } walk=true transport=false leg=0 hops=2 outcome=None
[host] hitch livelk8w3o_0: observe_us=21622 paints=0 skips=5507 ticks=241
[nav-walk] here=WorldTile { x: 3279, z: 3182, level: 0 } aim=WorldTile { x: 3274, z: 3188, level: 0 } radius=0 ticks_waited=5 sent_tile=Some(WorldTile { x: 3278, z: 3176, level: 0 })
[nav-follow] here=WorldTile { x: 3279, z: 3182, level: 0 } walk=true transport=false leg=0 hops=2 outcome=None
[host] hitch livelk8w3o_0: observe_us=18425 paints=0 skips=5532 ticks=242
[host] slot livelk8w3o_0: d_loop_us=1129 d_raster_us=0 d_observe_us=85461 max_observe_us=21622 d_paints=0 d_skips=50 d_ticks=2 window_ms=1187
[nav-walk] here=WorldTile { x: 3280, z: 3183, level: 0 } aim=WorldTile { x: 3274, z: 3188, level: 0 } radius=0 ticks_waited=6 sent_tile=Some(WorldTile { x: 3278, z: 3176, level: 0 })
[nav-follow] here=WorldTile { x: 3280, z: 3183, level: 0 } walk=true transport=false leg=0 hops=2 outcome=None
[nav-walk] here=WorldTile { x: 3280, z: 3184, level: 0 } aim=WorldTile { x: 3274, z: 3188, level: 0 } radius=0 ticks_waited=7 sent_tile=Some(WorldTile { x: 3278, z: 3176, level: 0 })
[nav-follow] here=WorldTile { x: 3280, z: 3184, level: 0 } walk=true transport=false leg=0 hops=2 outcome=None
[host] slot livelk8w3o_0: d_loop_us=1110 d_raster_us=0 d_observe_us=69558 max_observe_us=13941 d_paints=0 d_skips=50 d_ticks=2 window_ms=1197
[nav-walk] here=WorldTile { x: 3280, z: 3185, level: 0 } aim=WorldTile { x: 3274, z: 3188, level: 0 } radius=0 ticks_waited=8 sent_tile=Some(WorldTile { x: 3278, z: 3176, level: 0 })
[nav-follow] here=WorldTile { x: 3280, z: 3185, level: 0 } walk=true transport=false leg=0 hops=2 outcome=None
[nav-walk] here=WorldTile { x: 3279, z: 3185, level: 0 } aim=WorldTile { x: 3274, z: 3188, level: 0 } radius=0 ticks_waited=9 sent_tile=Some(WorldTile { x: 3278, z: 3176, level: 0 })
[nav-follow] here=WorldTile { x: 3279, z: 3185, level: 0 } walk=true transport=false leg=0 hops=2 outcome=None
[host] slot livelk8w3o_0: d_loop_us=1121 d_raster_us=0 d_observe_us=67266 max_observe_us=13547 d_paints=0 d_skips=50 d_ticks=2 window_ms=1203
[nav-walk] here=WorldTile { x: 3278, z: 3185, level: 0 } aim=WorldTile { x: 3274, z: 3188, level: 0 } radius=0 ticks_waited=10 sent_tile=Some(WorldTile { x: 3278, z: 3176, level: 0 })
[nav-follow] here=WorldTile { x: 3278, z: 3185, level: 0 } walk=true transport=false leg=0 hops=2 outcome=None
[nav-walk] here=WorldTile { x: 3277, z: 3185, level: 0 } aim=WorldTile { x: 3274, z: 3188, level: 0 } radius=0 ticks_waited=11 sent_tile=Some(WorldTile { x: 3278, z: 3176, level: 0 })
[nav-follow] here=WorldTile { x: 3277, z: 3185, level: 0 } walk=true transport=false leg=0 hops=2 outcome=None
[host] slot livelk8w3o_0: d_loop_us=1086 d_raster_us=0 d_observe_us=72951 max_observe_us=14489 d_paints=0 d_skips=50 d_ticks=2 window_ms=1173
[nav-walk] here=WorldTile { x: 3276, z: 3185, level: 0 } aim=WorldTile { x: 3274, z: 3188, level: 0 } radius=0 ticks_waited=12 sent_tile=Some(WorldTile { x: 3278, z: 3176, level: 0 })
[nav-follow] here=WorldTile { x: 3276, z: 3185, level: 0 } walk=true transport=false leg=0 hops=2 outcome=None
[nav-walk] here=WorldTile { x: 3275, z: 3186, level: 0 } aim=WorldTile { x: 3274, z: 3188, level: 0 } radius=0 ticks_waited=13 sent_tile=Some(WorldTile { x: 3278, z: 3176, level: 0 })
[nav-follow] here=WorldTile { x: 3275, z: 3186, level: 0 } walk=true transport=false leg=0 hops=2 outcome=None
[host] slot livelk8w3o_0: d_loop_us=1001 d_raster_us=0 d_observe_us=79894 max_observe_us=13433 d_paints=0 d_skips=50 d_ticks=2 window_ms=1195
[nav-walk] here=WorldTile { x: 3275, z: 3187, level: 0 } aim=WorldTile { x: 3274, z: 3188, level: 0 } radius=0 ticks_waited=14 sent_tile=Some(WorldTile { x: 3278, z: 3176, level: 0 })
[nav-follow] here=WorldTile { x: 3275, z: 3187, level: 0 } walk=true transport=false leg=0 hops=2 outcome=None
[nav-walk] here=WorldTile { x: 3275, z: 3188, level: 0 } aim=WorldTile { x: 3274, z: 3188, level: 0 } radius=0 ticks_waited=15 sent_tile=Some(WorldTile { x: 3278, z: 3176, level: 0 })
[nav-follow] here=WorldTile { x: 3275, z: 3188, level: 0 } walk=true transport=false leg=0 hops=2 outcome=None
[script livelk8w3o_0] interact Npc { name: "Tanner", action: "Trade", index: Some(225) }
[diag-tanner-arrival] {"snapshot_tick":252,"here":{"tile":[3275,3188,0],"probeable":true,"walkable":true,"collision":1026,"reachable":true,"reachable_adj":true,"reachable_512":true,"reachable_adj_512":true},"destination":{"tile":[3277,3191,0],"probeable":true,"walkable":true,"collision":0,"reachable":true,"reachable_adj":true,"reachable_512":true,"reachable_adj_512":true},"npc":{"index":225,"name":"Tanner","distance":4,"reach":{"tile":[3277,3192,0],"probeable":true,"walkable":true,"collision":4104,"reachable":true,"reachable_adj":true,"reachable_512":true,"reachable_adj_512":true}},"main_modal_id":-1,"scene_available":true,"flood_available":true,"observation_only":true}
[host] slot livelk8w3o_0: d_loop_us=1096 d_raster_us=0 d_observe_us=81511 max_observe_us=14168 d_paints=0 d_skips=50 d_ticks=2 window_ms=1194
[nav-walk] here=WorldTile { x: 3275, z: 3187, level: 0 } aim=WorldTile { x: 3274, z: 3188, level: 0 } radius=0 ticks_waited=16 sent_tile=Some(WorldTile { x: 3278, z: 3176, level: 0 })
[nav-follow] here=WorldTile { x: 3275, z: 3187, level: 0 } walk=true transport=false leg=0 hops=2 outcome=None
[host] hitch livelk8w3o_0: observe_us=20008 paints=0 skips=5809 ticks=253
[nav-walk] here=WorldTile { x: 3275, z: 3186, level: 0 } aim=WorldTile { x: 3274, z: 3188, level: 0 } radius=0 ticks_waited=17 sent_tile=Some(WorldTile { x: 3278, z: 3176, level: 0 })
[nav-follow] here=WorldTile { x: 3275, z: 3186, level: 0 } walk=true transport=false leg=0 hops=2 outcome=None
[host] hitch livelk8w3o_0: observe_us=16431 paints=0 skips=5834 ticks=254
[host] slot livelk8w3o_0: d_loop_us=1202 d_raster_us=0 d_observe_us=81635 max_observe_us=20008 d_paints=0 d_skips=50 d_ticks=2 window_ms=1194
[nav-walk] here=WorldTile { x: 3276, z: 3186, level: 0 } aim=WorldTile { x: 3274, z: 3188, level: 0 } radius=0 ticks_waited=18 sent_tile=Some(WorldTile { x: 3278, z: 3176, level: 0 })
[nav-follow] here=WorldTile { x: 3276, z: 3186, level: 0 } walk=true transport=false leg=0 hops=2 outcome=None
[host] hitch livelk8w3o_0: observe_us=21093 paints=0 skips=5859 ticks=255
[nav-walk] here=WorldTile { x: 3277, z: 3186, level: 0 } aim=WorldTile { x: 3274, z: 3188, level: 0 } radius=0 ticks_waited=19 sent_tile=Some(WorldTile { x: 3278, z: 3176, level: 0 })
[nav-follow] here=WorldTile { x: 3277, z: 3186, level: 0 } walk=true transport=false leg=0 hops=2 outcome=None
[host] hitch livelk8w3o_0: observe_us=21515 paints=0 skips=5884 ticks=256
[host] slot livelk8w3o_0: d_loop_us=1200 d_raster_us=0 d_observe_us=93441 max_observe_us=21515 d_paints=0 d_skips=50 d_ticks=2 window_ms=1187
[nav-walk] here=WorldTile { x: 3278, z: 3185, level: 0 } aim=WorldTile { x: 3274, z: 3188, level: 0 } radius=0 ticks_waited=20 sent_tile=Some(WorldTile { x: 3278, z: 3176, level: 0 })
[nav-follow] here=WorldTile { x: 3278, z: 3185, level: 0 } walk=true transport=false leg=0 hops=2 outcome=None
[host] hitch livelk8w3o_0: observe_us=21457 paints=0 skips=5909 ticks=257
[nav-walk] here=WorldTile { x: 3279, z: 3185, level: 0 } aim=WorldTile { x: 3274, z: 3188, level: 0 } radius=0 ticks_waited=21 sent_tile=Some(WorldTile { x: 3278, z: 3176, level: 0 })
[nav-follow] here=WorldTile { x: 3279, z: 3185, level: 0 } walk=true transport=false leg=0 hops=2 outcome=None
[host] hitch livelk8w3o_0: observe_us=22133 paints=0 skips=5935 ticks=258
[host] slot livelk8w3o_0: d_loop_us=1291 d_raster_us=0 d_observe_us=92717 max_observe_us=22133 d_paints=0 d_skips=50 d_ticks=2 window_ms=1185
[nav-walk] here=WorldTile { x: 3280, z: 3185, level: 0 } aim=WorldTile { x: 3274, z: 3188, level: 0 } radius=0 ticks_waited=22 sent_tile=Some(WorldTile { x: 3278, z: 3176, level: 0 })
[nav-follow] here=WorldTile { x: 3280, z: 3185, level: 0 } walk=true transport=false leg=0 hops=2 outcome=None
[host] hitch livelk8w3o_0: observe_us=28106 paints=0 skips=5960 ticks=259
[nav-walk] here=WorldTile { x: 3280, z: 3186, level: 0 } aim=WorldTile { x: 3274, z: 3188, level: 0 } radius=0 ticks_waited=23 sent_tile=Some(WorldTile { x: 3278, z: 3176, level: 0 })
[nav-follow] here=WorldTile { x: 3280, z: 3186, level: 0 } walk=true transport=false leg=0 hops=2 outcome=None
[host] hitch livelk8w3o_0: observe_us=25272 paints=0 skips=5985 ticks=260
[host] slot livelk8w3o_0: d_loop_us=1149 d_raster_us=0 d_observe_us=107895 max_observe_us=28106 d_paints=0 d_skips=50 d_ticks=2 window_ms=1214
[nav-walk] here=WorldTile { x: 3280, z: 3187, level: 0 } aim=WorldTile { x: 3274, z: 3188, level: 0 } radius=0 ticks_waited=24 sent_tile=Some(WorldTile { x: 3278, z: 3176, level: 0 })
[nav-follow] here=WorldTile { x: 3280, z: 3187, level: 0 } walk=true transport=false leg=0 hops=2 outcome=None
[host] hitch livelk8w3o_0: observe_us=16393 paints=0 skips=6010 ticks=261
[script livelk8w3o_0] tanner interface did not open — retrying
[nav-walk] here=WorldTile { x: 3280, z: 3188, level: 0 } aim=WorldTile { x: 3274, z: 3188, level: 0 } radius=0 ticks_waited=25 sent_tile=Some(WorldTile { x: 3278, z: 3176, level: 0 })
[nav-follow] here=WorldTile { x: 3280, z: 3188, level: 0 } walk=true transport=false leg=0 hops=2 outcome=None
[host] hitch livelk8w3o_0: observe_us=22571 paints=0 skips=6035 ticks=262
[script livelk8w3o_0] interact WalkNear { x: 3269, z: 3167, level: 0, radius: 3, allow_teleports: false }
[host] slot livelk8w3o_0: d_loop_us=1256 d_raster_us=0 d_observe_us=81719 max_observe_us=22571 d_paints=0 d_skips=50 d_ticks=2 window_ms=1181
[nav-walk] here=WorldTile { x: 3280, z: 3189, level: 0 } aim=WorldTile { x: 3274, z: 3188, level: 0 } radius=0 ticks_waited=26 sent_tile=Some(WorldTile { x: 3278, z: 3176, level: 0 })
[nav-follow] here=WorldTile { x: 3280, z: 3189, level: 0 } walk=true transport=false leg=0 hops=2 outcome=None
[nav-follow] here=WorldTile { x: 3280, z: 3190, level: 0 } walk=true transport=false leg=0 hops=1 outcome=None
[host] hitch livelk8w3o_0: observe_us=20489 paints=0 skips=6085 ticks=264
[host] slot livelk8w3o_0: d_loop_us=997 d_raster_us=0 d_observe_us=68454 max_observe_us=20489 d_paints=0 d_skips=50 d_ticks=2 window_ms=1208
[nav-walk] here=WorldTile { x: 3280, z: 3189, level: 0 } aim=WorldTile { x: 3269, z: 3170, level: 0 } radius=0 ticks_waited=0 sent_tile=Some(WorldTile { x: 3280, z: 3190, level: 0 })
[nav-follow] here=WorldTile { x: 3280, z: 3189, level: 0 } walk=true transport=false leg=0 hops=1 outcome=None
[host] hitch livelk8w3o_0: observe_us=24456 paints=0 skips=6110 ticks=265
[nav-walk] here=WorldTile { x: 3280, z: 3188, level: 0 } aim=WorldTile { x: 3269, z: 3170, level: 0 } radius=0 ticks_waited=1 sent_tile=Some(WorldTile { x: 3280, z: 3190, level: 0 })
[nav-follow] here=WorldTile { x: 3280, z: 3188, level: 0 } walk=true transport=false leg=0 hops=1 outcome=None
[host] hitch livelk8w3o_0: observe_us=20781 paints=0 skips=6135 ticks=266
[host] slot livelk8w3o_0: d_loop_us=1260 d_raster_us=0 d_observe_us=102673 max_observe_us=24456 d_paints=0 d_skips=50 d_ticks=2 window_ms=1194
[nav-walk] here=WorldTile { x: 3280, z: 3187, level: 0 } aim=WorldTile { x: 3269, z: 3170, level: 0 } radius=0 ticks_waited=2 sent_tile=Some(WorldTile { x: 3280, z: 3190, level: 0 })
[nav-follow] here=WorldTile { x: 3280, z: 3187, level: 0 } walk=true transport=false leg=0 hops=1 outcome=None
[host] hitch livelk8w3o_0: observe_us=21688 paints=0 skips=6160 ticks=267
[nav-walk] here=WorldTile { x: 3280, z: 3186, level: 0 } aim=WorldTile { x: 3269, z: 3170, level: 0 } radius=0 ticks_waited=3 sent_tile=Some(WorldTile { x: 3280, z: 3190, level: 0 })
[nav-follow] here=WorldTile { x: 3280, z: 3186, level: 0 } walk=true transport=false leg=0 hops=1 outcome=None
[host] hitch livelk8w3o_0: observe_us=21547 paints=0 skips=6185 ticks=268
[host] slot livelk8w3o_0: d_loop_us=1196 d_raster_us=0 d_observe_us=101518 max_observe_us=21688 d_paints=0 d_skips=50 d_ticks=2 window_ms=1186
[nav-walk] here=WorldTile { x: 3280, z: 3185, level: 0 } aim=WorldTile { x: 3269, z: 3170, level: 0 } radius=0 ticks_waited=4 sent_tile=Some(WorldTile { x: 3280, z: 3190, level: 0 })
[nav-follow] here=WorldTile { x: 3280, z: 3185, level: 0 } walk=true transport=false leg=0 hops=1 outcome=None
[host] hitch livelk8w3o_0: observe_us=20633 paints=0 skips=6211 ticks=269
[nav-walk] here=WorldTile { x: 3280, z: 3184, level: 0 } aim=WorldTile { x: 3269, z: 3170, level: 0 } radius=0 ticks_waited=5 sent_tile=Some(WorldTile { x: 3280, z: 3190, level: 0 })
[nav-follow] here=WorldTile { x: 3280, z: 3184, level: 0 } walk=true transport=false leg=0 hops=1 outcome=None
[host] slot livelk8w3o_0: d_loop_us=1205 d_raster_us=0 d_observe_us=88015 max_observe_us=20633 d_paints=0 d_skips=50 d_ticks=2 window_ms=1182
[nav-walk] here=WorldTile { x: 3280, z: 3183, level: 0 } aim=WorldTile { x: 3269, z: 3170, level: 0 } radius=0 ticks_waited=6 sent_tile=Some(WorldTile { x: 3280, z: 3190, level: 0 })
[nav-follow] here=WorldTile { x: 3280, z: 3183, level: 0 } walk=true transport=false leg=0 hops=1 outcome=None
[host] hitch livelk8w3o_0: observe_us=26317 paints=0 skips=6262 ticks=271
[nav-walk] here=WorldTile { x: 3280, z: 3182, level: 0 } aim=WorldTile { x: 3269, z: 3170, level: 0 } radius=0 ticks_waited=7 sent_tile=Some(WorldTile { x: 3280, z: 3190, level: 0 })
[nav-follow] here=WorldTile { x: 3280, z: 3182, level: 0 } walk=true transport=false leg=0 hops=1 outcome=None
[host] slot livelk8w3o_0: d_loop_us=1153 d_raster_us=0 d_observe_us=82633 max_observe_us=26317 d_paints=0 d_skips=50 d_ticks=2 window_ms=1214
[nav-walk] here=WorldTile { x: 3280, z: 3181, level: 0 } aim=WorldTile { x: 3269, z: 3170, level: 0 } radius=0 ticks_waited=8 sent_tile=Some(WorldTile { x: 3280, z: 3190, level: 0 })
[nav-follow] here=WorldTile { x: 3280, z: 3181, level: 0 } walk=true transport=false leg=0 hops=1 outcome=None
[nav-walk] here=WorldTile { x: 3280, z: 3180, level: 0 } aim=WorldTile { x: 3269, z: 3170, level: 0 } radius=0 ticks_waited=9 sent_tile=Some(WorldTile { x: 3280, z: 3190, level: 0 })
[nav-follow] here=WorldTile { x: 3280, z: 3180, level: 0 } walk=true transport=false leg=0 hops=1 outcome=None
[host] slot livelk8w3o_0: d_loop_us=1188 d_raster_us=0 d_observe_us=87964 max_observe_us=14733 d_paints=0 d_skips=50 d_ticks=2 window_ms=1176
[nav-walk] here=WorldTile { x: 3280, z: 3179, level: 0 } aim=WorldTile { x: 3269, z: 3170, level: 0 } radius=0 ticks_waited=10 sent_tile=Some(WorldTile { x: 3280, z: 3190, level: 0 })
[nav-follow] here=WorldTile { x: 3280, z: 3179, level: 0 } walk=true transport=false leg=0 hops=1 outcome=None
[nav-walk] here=WorldTile { x: 3280, z: 3178, level: 0 } aim=WorldTile { x: 3269, z: 3170, level: 0 } radius=0 ticks_waited=11 sent_tile=Some(WorldTile { x: 3280, z: 3190, level: 0 })
[nav-follow] here=WorldTile { x: 3280, z: 3178, level: 0 } walk=true transport=false leg=0 hops=1 outcome=None
[host] hitch livelk8w3o_0: observe_us=23188 paints=0 skips=6387 ticks=276
[host] slot livelk8w3o_0: d_loop_us=1475 d_raster_us=0 d_observe_us=92348 max_observe_us=23188 d_paints=0 d_skips=50 d_ticks=2 window_ms=1188
[nav-walk] here=WorldTile { x: 3280, z: 3177, level: 0 } aim=WorldTile { x: 3269, z: 3170, level: 0 } radius=0 ticks_waited=12 sent_tile=Some(WorldTile { x: 3280, z: 3190, level: 0 })
[nav-follow] here=WorldTile { x: 3280, z: 3177, level: 0 } walk=true transport=false leg=0 hops=1 outcome=None
[host] hitch livelk8w3o_0: observe_us=20731 paints=0 skips=6412 ticks=277
[nav-walk] here=WorldTile { x: 3280, z: 3176, level: 0 } aim=WorldTile { x: 3269, z: 3170, level: 0 } radius=0 ticks_waited=13 sent_tile=Some(WorldTile { x: 3280, z: 3190, level: 0 })
[nav-follow] here=WorldTile { x: 3280, z: 3176, level: 0 } walk=true transport=false leg=0 hops=1 outcome=None
[host] slot livelk8w3o_0: d_loop_us=1383 d_raster_us=0 d_observe_us=89862 max_observe_us=20731 d_paints=0 d_skips=50 d_ticks=2 window_ms=1195
[nav-walk] here=WorldTile { x: 3279, z: 3175, level: 0 } aim=WorldTile { x: 3269, z: 3170, level: 0 } radius=0 ticks_waited=14 sent_tile=Some(WorldTile { x: 3280, z: 3190, level: 0 })
[nav-follow] here=WorldTile { x: 3279, z: 3175, level: 0 } walk=true transport=false leg=0 hops=1 outcome=None
[nav-walk] here=WorldTile { x: 3278, z: 3174, level: 0 } aim=WorldTile { x: 3269, z: 3170, level: 0 } radius=0 ticks_waited=15 sent_tile=Some(WorldTile { x: 3280, z: 3190, level: 0 })
[nav-follow] here=WorldTile { x: 3278, z: 3174, level: 0 } walk=true transport=false leg=0 hops=1 outcome=None
[host] hitch livelk8w3o_0: observe_us=26170 paints=0 skips=6488 ticks=280
[host] slot livelk8w3o_0: d_loop_us=1416 d_raster_us=0 d_observe_us=101899 max_observe_us=26170 d_paints=0 d_skips=50 d_ticks=2 window_ms=1193
[nav-walk] here=WorldTile { x: 3277, z: 3173, level: 0 } aim=WorldTile { x: 3269, z: 3170, level: 0 } radius=0 ticks_waited=16 sent_tile=Some(WorldTile { x: 3280, z: 3190, level: 0 })
[nav-follow] here=WorldTile { x: 3277, z: 3173, level: 0 } walk=true transport=false leg=0 hops=1 outcome=None
[host] hitch livelk8w3o_0: observe_us=26790 paints=0 skips=6513 ticks=281
FAIL: catalog_boundary_live: scenario failed: tanner_bot: deadline 180s exceeded; evidence=Some(Evidence { scenario: "tanner_bot", outcome: "FAIL", predicate: "has_item_id(1741)>=1", ticks: 382, elapsed_ms: 180015, message: Some("tanner_bot: deadline 180s exceeded"), tile: Some([3277, 3173, 0]), inv: [InvRow { id: 995, name: Some("Coins"), count: 1973 }, InvRow { id: 1739, name: Some("Cow hide"), count: 1 }], stat: Some(StatRow { runenergy: 12 }), chat: [ChatRow { text: "The tanner tans 27 cowhides for you.", username: None }, ChatRow { text: "Inventory wiped.", username: None }, ChatRow { text: "set tutorial: to 1000", username: None }, ChatRow { text: "Welcome to RuneScape.", username: None }], scene: 2 }); core={"error":"tanner_bot core post-Start delta incomplete","witness":{"case":"tanner_bot","baseline":{"ingame":true,"scene_state":2,"player":"Livelk8w3o 0","tile":[3269,3166,0],"tick":25,"items":{},"item_ids":{},"bank":{},"bank_ids":{},"bank_open":false,"bank_loaded":false,"bank_generation":2,"levels":{"-unused-":0,"agility":1,"attack":1,"cooking":1,"crafting":1,"defence":1,"firemaking":1,"fishing":1,"fletching":1,"herblore":1,"hitpoints":10,"magic":1,"mining":1,"prayer":1,"ranged":1,"runecraft":1,"slayer":1,"smithing":1,"strength":1,"thieving":1,"woodcutting":1},"xp":{"-unused-":0,"agility":0,"attack":0,"cooking":0,"crafting":0,"defence":0,"firemaking":0,"fishing":0,"fletching":0,"herblore":0,"hitpoints":1154,"magic":0,"mining":0,"prayer":0,"ranged":0,"runecraft":0,"slayer":0,"smithing":0,"strength":0,"thieving":0,"woodcutting":0},"chat":[[7,"Inventory wiped."],[6,"set tutorial: to 1000"],[5,"Welcome to RuneScape."]],"loc_facts":[],"equipment_ids":{},"main_modal":-1,"widget_ids":[3213,3214]},"latest":{"ingame":true,"scene_state":2,"player":"Livelk8w3o 0","tile":[3277,3173,0],"tick":281,"items":{"Coins":1973,"Cow hide":1},"item_ids":{"995":1973,"1739":1},"bank":{},"bank_ids":{},"bank_open":false,"bank_loaded":false,"bank_generation":14,"levels":{"-unused-":0,"agility":1,"attack":1,"cooking":1,"crafting":1,"defence":1,"firemaking":1,"fishing":1,"fletching":1,"herblore":1,"hitpoints":10,"magic":1,"mining":1,"prayer":1,"ranged":1,"runecraft":1,"slayer":1,"smithing":1,"strength":1,"thieving":1,"woodcutting":1},"xp":{"-unused-":0,"agility":0,"attack":0,"cooking":0,"crafting":0,"defence":0,"firemaking":0,"fishing":0,"fletching":0,"herblore":0,"hitpoints":1154,"magic":0,"mining":0,"prayer":0,"ranged":0,"runecraft":0,"slayer":0,"smithing":0,"strength":0,"thieving":0,"woodcutting":0},"chat":[[8,"The tanner tans 27 cowhides for you."],[7,"Inventory wiped."],[6,"set tutorial: to 1000"],[5,"Welcome to RuneScape."]],"loc_facts":[{"id":1531,"x":3276,"z":3180,"level":0,"name":"Door","open":false}],"equipment_ids":{},"main_modal":-1,"widget_ids":[3213,3214]},"max_items":{"Coins":2000,"Cow hide":27,"Leather":27},"max_xp":{"-unused-":0,"agility":0,"attack":0,"cooking":0,"crafting":0,"defence":0,"firemaking":0,"fishing":0,"fletching":0,"herblore":0,"hitpoints":1154,"magic":0,"mining":0,"prayer":0,"ranged":0,"runecraft":0,"slayer":0,"smithing":0,"strength":0,"thieving":0,"woodcutting":0},"saw_bury_chat":false,"post_start_observations":6421,"bone_bank_cycle":{"first_batch_buried":false,"opened":null,"withdrawn":null,"buried_after_withdrawal":false},"bank_fletcher_cycle":{"first_pack_created":false,"deposited":null,"withdrawn":null,"crafted_after_withdrawal":false},"bank_fletcher_string_cycle":{"initial_pairs_strung":false,"deposited":null,"withdrawn":null,"strung_after_withdrawal":false},"bank_fletcher_cut_string_cycle":{"cut_pair_created":false,"deposited":null,"withdrawn":null,"string_pair_created":false},"alcher_generated_custom_cycle":{"withdrawn":null,"consumed":false},"dart_fletcher_cycle":{"first":null,"further":false,"wrong_tier":false},"herb_cleaner_cycle":{"first_pack":false,"deposited":null,"withdrawn":null,"cleaned_after_withdrawal":false,"filter_violated":false},"gem_cutter_cycle":{"first_pack":false,"deposited":null,"withdrawn":null,"cut_after_withdrawal":false,"filter_violated":false},"door_opener_cycle":{"selected":null,"opened":false},"gnome_course_cycle":{"log":null,"ground_return":null,"pipe":null,"second_lap":false},"flax_picker_cycle":{"first_pack":false,"deposited":null,"returned":false,"further":false},"superheater_cycle":{"first_bars":false,"deposited":null,"withdrawn":null,"produced_after_withdrawal":false,"wrong_product":false,"wrong_staff":false},"chicken_killer_bank_cycle":{"combat_loot":false,"deposited":null,"returned":false,"further":false},"vial_filler_cycle":{"filled":null,"deposited":null,"withdrawn":null,"returned":false,"further":false},"potion_maker_cycle":{"unfinished":null,"finished":null,"deposited":null,"withdrawn":null,"further":false,"wrong_product":false,"filter_violated":false},"tanner_bot_cycle":{"widget":{"ingame":true,"scene_state":2,"player":"Livelk8w3o 0","tile":[3274,3191,0],"tick":61,"items":{"Coins":2000,"Cow hide":27},"item_ids":{"995":2000,"1739":27},"bank":{},"bank_ids":{},"bank_open":false,"bank_loaded":false,"bank_generation":5,"levels":{"-unused-":0,"agility":1,"attack":1,"cooking":1,"crafting":1,"defence":1,"firemaking":1,"fishing":1,"fletching":1,"herblore":1,"hitpoints":10,"magic":1,"mining":1,"prayer":1,"ranged":1,"runecraft":1,"slayer":1,"smithing":1,"strength":1,"thieving":1,"woodcutting":1},"xp":{"-unused-":0,"agility":0,"attack":0,"cooking":0,"crafting":0,"defence":0,"firemaking":0,"fishing":0,"fletching":0,"herblore":0,"hitpoints":1154,"magic":0,"mining":0,"prayer":0,"ranged":0,"runecraft":0,"slayer":0,"smithing":0,"strength":0,"thieving":0,"woodcutting":0},"chat":[[7,"Inventory wiped."],[6,"set tutorial: to 1000"],[5,"Welcome to RuneScape."]],"loc_facts":[{"id":1531,"x":3278,"z":3191,"level":0,"name":"Door","open":false},{"id":1531,"x":3279,"z":3185,"level":0,"name":"Door","open":false}],"equipment_ids":{},"main_modal":679,"widget_ids":[679,680,681,683,684,685,686,687,688,689,690,691,692,693,694,695,696,697,698,699,700,701,702,703,704,705,706,707,708,709,710,711,712,713,714,715,3213,3214,7377,7384,7385,7386,7387,7388,7389,7390,7391,7392,7393,7394,7395,7396,7397,7398,7399,7400,7401,7402,7403,7404,7405,7406,7407,7408,7409,7410,7411,7412,7413,7414,7415,7416,7417,7418,7419,7420,7421,7422,7423,7424,7425,7426,7427,7428,7429,7430,7431,7432,7433,7434,7435,7436,7437,7438,7439,7445,8685,8686,8687,8688,8689,8690,8691,8692,8693,8694,8695,8696,8697,8698,8699,8700,8701,8702,8703,8704,8705,8706,8707,8708,8709,8710,8711,8712,8713]},"tanned":{"ingame":true,"scene_state":2,"player":"Livelk8w3o 0","tile":[3275,3191,0],"tick":113,"items":{"Coins":1973,"Leather":27},"item_ids":{"995":1973,"1741":27},"bank":{},"bank_ids":{},"bank_open":false,"bank_loaded":false,"bank_generation":9,"levels":{"-unused-":0,"agility":1,"attack":1,"cooking":1,"crafting":1,"defence":1,"firemaking":1,"fishing":1,"fletching":1,"herblore":1,"hitpoints":10,"magic":1,"mining":1,"prayer":1,"ranged":1,"runecraft":1,"slayer":1,"smithing":1,"strength":1,"thieving":1,"woodcutting":1},"xp":{"-unused-":0,"agility":0,"attack":0,"cooking":0,"crafting":0,"defence":0,"firemaking":0,"fishing":0,"fletching":0,"herblore":0,"hitpoints":1154,"magic":0,"mining":0,"prayer":0,"ranged":0,"runecraft":0,"slayer":0,"smithing":0,"strength":0,"thieving":0,"woodcutting":0},"chat":[[8,"The tanner tans 27 cowhides for you."],[7,"Inventory wiped."],[6,"set tutorial: to 1000"],[5,"Welcome to RuneScape."]],"loc_facts":[{"id":1531,"x":3278,"z":3191,"level":0,"name":"Door","open":false},{"id":1531,"x":3279,"z":3185,"level":0,"name":"Door","open":false}],"equipment_ids":{},"main_modal":679,"widget_ids":[679,680,681,683,684,685,686,687,688,689,690,691,692,693,694,695,696,697,698,699,700,701,702,703,704,705,706,707,708,709,710,711,712,713,714,715,3213,3214,7377,7384,7385,7386,7387,7388,7389,7390,7391,7392,7393,7394,7395,7396,7397,7398,7399,7400,7401,7402,7403,7404,7405,7406,7407,7408,7409,7410,7411,7412,7413,7414,7415,7416,7417,7418,7419,7420,7421,7422,7423,7424,7425,7426,7427,7428,7429,7430,7431,7432,7433,7434,7435,7436,7437,7438,7439,7445,8685,8686,8687,8688,8689,8690,8691,8692,8693,8694,8695,8696,8697,8698,8699,8700,8701,8702,8703,8704,8705,8706,8707,8708,8709,8710,8711,8712,8713]},"deposited":{"ingame":true,"scene_state":2,"player":"Livelk8w3o 0","tile":[3269,3164,0],"tick":143,"items":{"Coins":1973},"item_ids":{"995":1973},"bank":{"Coins":3000,"Cow hide":1,"Leather":27},"bank_ids":{"995":3000,"1739":1,"1741":27},"bank_open":true,"bank_loaded":true,"bank_generation":11,"levels":{"-unused-":0,"agility":1,"attack":1,"cooking":1,"crafting":1,"defence":1,"firemaking":1,"fishing":1,"fletching":1,"herblore":1,"hitpoints":10,"magic":1,"mining":1,"prayer":1,"ranged":1,"runecraft":1,"slayer":1,"smithing":1,"strength":1,"thieving":1,"woodcutting":1},"xp":{"-unused-":0,"agility":0,"attack":0,"cooking":0,"crafting":0,"defence":0,"firemaking":0,"fishing":0,"fletching":0,"herblore":0,"hitpoints":1154,"magic":0,"mining":0,"prayer":0,"ranged":0,"runecraft":0,"slayer":0,"smithing":0,"strength":0,"thieving":0,"woodcutting":0},"chat":[[8,"The tanner tans 27 cowhides for you."],[7,"Inventory wiped."],[6,"set tutorial: to 1000"],[5,"Welcome to RuneScape."]],"loc_facts":[],"equipment_ids":{},"main_modal":5292,"widget_ids":[2005,2006,5292,5293,5294,5295,5296,5297,5298,5299,5300,5301,5302,5303,5304,5305,5306,5307,5308,5309,5310,5311,5312,5313,5314,5315,5316,5317,5318,5319,5320,5321,5322,5323,5324,5325,5326,5327,5328,5329,5330,5331,5332,5333,5334,5335,5336,5337,5338,5339,5340,5341,5342,5343,5344,5345,5346,5347,5348,5349,5350,5351,5352,5353,5354,5355,5356,5357,5358,5359,5360,5361,5362,5363,5364,5365,5366,5367,5368,5369,5370,5371,5372,5373,5374,5375,5376,5377,5378,5379,5380,5381,5382,5383,5384,5385,5386,5387,5388,5389,5390,5391,8130,8131,8132,8133]},"withdrawn":{"ingame":true,"scene_state":2,"player":"Livelk8w3o 0","tile":[3269,3164,0],"tick":145,"items":{"Coins":1973,"Cow hide":1},"item_ids":{"995":1973,"1739":1},"bank":{"Coins":3000,"Leather":27},"bank_ids":{"995":3000,"1741":27},"bank_open":true,"bank_loaded":true,"bank_generation":11,"levels":{"-unused-":0,"agility":1,"attack":1,"cooking":1,"crafting":1,"defence":1,"firemaking":1,"fishing":1,"fletching":1,"herblore":1,"hitpoints":10,"magic":1,"mining":1,"prayer":1,"ranged":1,"runecraft":1,"slayer":1,"smithing":1,"strength":1,"thieving":1,"woodcutting":1},"xp":{"-unused-":0,"agility":0,"attack":0,"cooking":0,"crafting":0,"defence":0,"firemaking":0,"fishing":0,"fletching":0,"herblore":0,"hitpoints":1154,"magic":0,"mining":0,"prayer":0,"ranged":0,"runecraft":0,"slayer":0,"smithing":0,"strength":0,"thieving":0,"woodcutting":0},"chat":[[8,"The tanner tans 27 cowhides for you."],[7,"Inventory wiped."],[6,"set tutorial: to 1000"],[5,"Welcome to RuneScape."]],"loc_facts":[],"equipment_ids":{},"main_modal":5292,"widget_ids":[2005,2006,5292,5293,5294,5295,5296,5297,5298,5299,5300,5301,5302,5303,5304,5305,5306,5307,5308,5309,5310,5311,5312,5313,5314,5315,5316,5317,5318,5319,5320,5321,5322,5323,5324,5325,5326,5327,5328,5329,5330,5331,5332,5333,5334,5335,5336,5337,5338,5339,5340,5341,5342,5343,5344,5345,5346,5347,5348,5349,5350,5351,5352,5353,5354,5355,5356,5357,5358,5359,5360,5361,5362,5363,5364,5365,5366,5367,5368,5369,5370,5371,5372,5373,5374,5375,5376,5377,5378,5379,5380,5381,5382,5383,5384,5385,5386,5387,5388,5389,5390,5391,8130,8131,8132,8133]},"returned":true,"further":false,"wrong_product":false,"shop":false},"rune_crafter_cycle":{"withdrawn":null,"entered":null,"crafted":null,"exited":null,"deposited":null,"restocked":null,"returned":false,"further":false,"wrong_product":false,"noted":false},"ardy_cakes_cycle":{"stolen":null,"deposited":null,"returned":false,"further":false,"wrong_product":false,"noted":false},"ardy_thiever_cycle":{"pickpocketed":null,"deposited":null,"returned":false,"further":false},"ordered_first_exhausted":false}}
