trace_id	family_id	requested_bytes	live_count	allocation_calls_full_trace
3865	bd4c43e256c8cea50aaf6ab0d6f2eff8787801fb5ae6f698d68730b97704844e	65142784	1	1
5483	f5ce67bf6fb7a767979b6754873b100c2501c495ea5f094f69a25f3a62bc1c31	13928000	1	1
3867	a7f7ef1d33c50f587dbba5e68d5c9d91edbbe1a9d61ab71aa1e83f3fd5478cd7	8142848	1	1
3763	b6c55a3d7a517b2b5398e5113d88b8311dc7ad29bc217791c818cbc25f08b091	5887424	10984	10984
6042	1d4d06a18443dd793bba7d2c0c6e7168efc4e08b84087c95d11dd110f7c6860c	5046594	4556	4556
3433	ddad8a7d3b08ca7ba4c54e256931b5d9d220d7d30fa9bc12193d873f7fd86ed4	1962576	1	1
3834	5b7db08924c7399ebf1b154a12e33e4688c0a7a3f76ec9c3b0d8df1c5a65728a	1933184	10984	10984
7331	2c6aa653e79cc9117fc5d7e24d1c3ff9484ba5db7554c56aa16de338349e6631	1203912	6543	28341
3589	f4dffd87ec76a3bb0853c541bd1fc9d84f13eaa9b938a6b1f855cd24cdfc91ab	1158408	1	1
5971	d42220e4c0b5ee2edd6134684e754a90a249deb1d4327384f8fabb9d9b120c79	1131312	1	1
6062	b06b85e547c70b4344e0b354fe65d7eebaedabe024a0dca4fa281c7168e9c6f4	878684	9847	9847
6063	b06b85e547c70b4344e0b354fe65d7eebaedabe024a0dca4fa281c7168e9c6f4	878684	9847	9847
6064	b06b85e547c70b4344e0b354fe65d7eebaedabe024a0dca4fa281c7168e9c6f4	878684	9847	9847
6065	b06b85e547c70b4344e0b354fe65d7eebaedabe024a0dca4fa281c7168e9c6f4	878684	9847	9847
7332	2c6aa653e79cc9117fc5d7e24d1c3ff9484ba5db7554c56aa16de338349e6631	724064	10648	40715
6535	121961b5fac83903704be8f12a7b7d12cfb9a2b8895e04078ad873fe052aeb69	696320	1024	1024
7172	4ea813d670f5aafb3c118a6c5210807a5ee6c6616502a8e28d197c65e44b6bf3	696320	1024	1024
7191	4ea813d670f5aafb3c118a6c5210807a5ee6c6616502a8e28d197c65e44b6bf3	696320	1024	1024
7805	b70f790e60940b14d2fbb8e58a45f487d7dacfab979c0e874298c753236661fb	671488	12	4956
7852	b70f790e60940b14d2fbb8e58a45f487d7dacfab979c0e874298c753236661fb	671488	12	4901
7921	b70f790e60940b14d2fbb8e58a45f487d7dacfab979c0e874298c753236661fb	671488	12	4956
7348	b70f790e60940b14d2fbb8e58a45f487d7dacfab979c0e874298c753236661fb	589824	1	10
7406	b70f790e60940b14d2fbb8e58a45f487d7dacfab979c0e874298c753236661fb	589824	1	6
7499	b70f790e60940b14d2fbb8e58a45f487d7dacfab979c0e874298c753236661fb	589824	1	10
25351	ce9ce269314ca080913882e1ada1c1ba3bfbb6e6f84b51579753866343d49a52	524288	1	1
5980	d42220e4c0b5ee2edd6134684e754a90a249deb1d4327384f8fabb9d9b120c79	406296	1	1
7086	d42220e4c0b5ee2edd6134684e754a90a249deb1d4327384f8fabb9d9b120c79	401408	18	557
3869	a7f7ef1d33c50f587dbba5e68d5c9d91edbbe1a9d61ab71aa1e83f3fd5478cd7	366576	1	1
7163	122f4b86b35bb72bae9022c349c9a6be51d4e87aad6cc6e2d1176ac7325f0686	363584	1976	6554
5526	0ae627823fd8d8ab878efe3edc45e0f25676f6cb216435a2e4a2b314a5b3ae00	346112	416	416
5534	b91decdc48293ec13828af87116afff9f131fcd08317248dea2d85a8393f15b5	346112	1	1
34023	30437fcfaa5c630b8e9b1f52ef2a51c22c3ed35446054ca94bdb8f5d5bebaea5	339840	1	36
10910	7fb98bd704d8026ed86a139b649086964d42a16da1a13ebf89abaa37fc2b79bc	333593	14	14
3524	1d61dbef9f7a9717bb2cb7251a8477f81c58459792cb31a123dfd15b317327f4	315288	1	1
10933	944c3b7c09168d59a958d66a92ea4be3ba5c32295aebaae4404beaa3ed3b64cb	274432	1	1
6526	4483c7318268ca517535c5ba2733f05497d864758818a4e6acc4d160cee79d2a	262144	1	1
7292	1b4c7cb9a85aaaf2eaea3cf5d2f250f1a79bf25f0430697207f2d3290e5c6b67	256496	1394	3186
4051	893d2666be7a293543e56ad759a1ec97bee5e92ddaa594ec801194e79a23c1b1	230400	1	1
4070	893d2666be7a293543e56ad759a1ec97bee5e92ddaa594ec801194e79a23c1b1	230400	1	1
7797	b6ca1b5579046ec83123d1d03e72952868e031b8379b7f485e161df1866380f0	202080	1684	151622
7844	b6ca1b5579046ec83123d1d03e72952868e031b8379b7f485e161df1866380f0	202080	1684	149938
7913	b6ca1b5579046ec83123d1d03e72952868e031b8379b7f485e161df1866380f0	202080	1684	151622
6059	dde4336a3153a334365d4918fd7accad1235ebfbc4725122e3ed8a9cde48f6f7	196800	336	336
3838	99231c7e87e442cff4956f1aee0ac47defd0492438d314316af1a96c650376e7	186912	1	1
3362	f870549f971c3bcb0266c54168876e3b941e296b68ef3968f60776e671e57a5e	185368	1	1
7263	d42220e4c0b5ee2edd6134684e754a90a249deb1d4327384f8fabb9d9b120c79	180224	1	9
5512	38f6ae1a25b34f9f32fc78094fb187b3fd936397db4f1f6b7861e0db030d6c8e	176400	420	420
5529	0ae627823fd8d8ab878efe3edc45e0f25676f6cb216435a2e4a2b314a5b3ae00	176400	1	1
6546	d42220e4c0b5ee2edd6134684e754a90a249deb1d4327384f8fabb9d9b120c79	163840	1	1
6560	d42220e4c0b5ee2edd6134684e754a90a249deb1d4327384f8fabb9d9b120c79	163840	1	1
7183	d42220e4c0b5ee2edd6134684e754a90a249deb1d4327384f8fabb9d9b120c79	163840	1	1
7202	d42220e4c0b5ee2edd6134684e754a90a249deb1d4327384f8fabb9d9b120c79	163840	1	1
3593	d42220e4c0b5ee2edd6134684e754a90a249deb1d4327384f8fabb9d9b120c79	153528	1597	1597
5528	0ae627823fd8d8ab878efe3edc45e0f25676f6cb216435a2e4a2b314a5b3ae00	152000	1	1
21444	7fb98bd704d8026ed86a139b649086964d42a16da1a13ebf89abaa37fc2b79bc	142282	95	95
7236	2aa2be2e9dda878a21acf4aaa148c47f1315195c11159943cc8c65e9dd41a334	142120	209	209
7226	9d29636f7d39d7f185860d091450182b9f59608ba60184898388b47822e3681f	141440	208	208
7232	7957ba94513fe282f043b349bcec95f85c9a6c642ad8f4aff992d139de945b33	139724	209	209
7233	7957ba94513fe282f043b349bcec95f85c9a6c642ad8f4aff992d139de945b33	139724	209	209
7234	7957ba94513fe282f043b349bcec95f85c9a6c642ad8f4aff992d139de945b33	139724	209	209
7235	7957ba94513fe282f043b349bcec95f85c9a6c642ad8f4aff992d139de945b33	139724	209	209
6550	59e41b6a52cd92d26a5d2f734a1959eb311d0f4c455cf8ebe8b9c7388e451368	139264	1024	1024
7209	ba8adbc6ccaa5b4095323dce95ba2b8eb02d6d7b3ddaaa4f8d062589abdc9541	139176	208	208
7210	ba8adbc6ccaa5b4095323dce95ba2b8eb02d6d7b3ddaaa4f8d062589abdc9541	139176	208	208
7211	ba8adbc6ccaa5b4095323dce95ba2b8eb02d6d7b3ddaaa4f8d062589abdc9541	139176	208	208
7212	ba8adbc6ccaa5b4095323dce95ba2b8eb02d6d7b3ddaaa4f8d062589abdc9541	139176	208	208
5500	38f6ae1a25b34f9f32fc78094fb187b3fd936397db4f1f6b7861e0db030d6c8e	132300	315	315
26421	b133599c921dfc8f66cf48bf445437ca051430ba46e6bf47020d7bf91419a869	131096	1	1
5502	b91decdc48293ec13828af87116afff9f131fcd08317248dea2d85a8393f15b5	131072	1	1
3532	d42220e4c0b5ee2edd6134684e754a90a249deb1d4327384f8fabb9d9b120c79	113688	1184	1242
3604	d42220e4c0b5ee2edd6134684e754a90a249deb1d4327384f8fabb9d9b120c79	107568	2612	5765
7229	7957ba94513fe282f043b349bcec95f85c9a6c642ad8f4aff992d139de945b33	106280	209	209
7230	7957ba94513fe282f043b349bcec95f85c9a6c642ad8f4aff992d139de945b33	106280	209	209
7231	7957ba94513fe282f043b349bcec95f85c9a6c642ad8f4aff992d139de945b33	106280	209	209
7206	ba8adbc6ccaa5b4095323dce95ba2b8eb02d6d7b3ddaaa4f8d062589abdc9541	105852	208	208
7207	ba8adbc6ccaa5b4095323dce95ba2b8eb02d6d7b3ddaaa4f8d062589abdc9541	105852	208	208
7208	ba8adbc6ccaa5b4095323dce95ba2b8eb02d6d7b3ddaaa4f8d062589abdc9541	105852	208	208
3769	d42220e4c0b5ee2edd6134684e754a90a249deb1d4327384f8fabb9d9b120c79	102912	1	4
3770	d42220e4c0b5ee2edd6134684e754a90a249deb1d4327384f8fabb9d9b120c79	102912	1	4
3437	d42220e4c0b5ee2edd6134684e754a90a249deb1d4327384f8fabb9d9b120c79	99392	2190	5187
7271	7957ba94513fe282f043b349bcec95f85c9a6c642ad8f4aff992d139de945b33	91016	123	123
7268	ba8adbc6ccaa5b4095323dce95ba2b8eb02d6d7b3ddaaa4f8d062589abdc9541	90468	122	122
6804	b70f790e60940b14d2fbb8e58a45f487d7dacfab979c0e874298c753236661fb	88064	1	6
6599	759555167e34a9a9d61431b5cf20a39a8350e01efc037331475e874b577520c2	87872	1	1
3888	53235dbf919a2e4a96f4c9958342109c2a3db8faaf542c7f9f2d4dbd491e0a52	83984	1	10
3467	35c9fc1afa0cb835d15a2ed0694b5d8770a0e152eb0cba4d4520c53bdeaed60d	83490	1265	1265
7293	1b4c7cb9a85aaaf2eaea3cf5d2f250f1a79bf25f0430697207f2d3290e5c6b67	81256	1451	3589
5527	0ae627823fd8d8ab878efe3edc45e0f25676f6cb216435a2e4a2b314a5b3ae00	80000	1	1
3768	d42220e4c0b5ee2edd6134684e754a90a249deb1d4327384f8fabb9d9b120c79	77824	4864	4864
4	e220fe1122bad46f986f3f0939ad9b5fc1c70517b4ace797aab6dfc17031bb2a	73728	1	1
3363	f870549f971c3bcb0266c54168876e3b941e296b68ef3968f60776e671e57a5e	73368	1363	1363
3364	f870549f971c3bcb0266c54168876e3b941e296b68ef3968f60776e671e57a5e	73368	1363	1363
3365	f870549f971c3bcb0266c54168876e3b941e296b68ef3968f60776e671e57a5e	73368	1363	1363
7270	7957ba94513fe282f043b349bcec95f85c9a6c642ad8f4aff992d139de945b33	71540	119	119
7267	ba8adbc6ccaa5b4095323dce95ba2b8eb02d6d7b3ddaaa4f8d062589abdc9541	70992	118	118
10959	f055845ab0dca12be07ed64aab7569dcdcec6465716f694e22bbe6b5e9d25652	70392	1	1
5504	b91decdc48293ec13828af87116afff9f131fcd08317248dea2d85a8393f15b5	65536	1	1
7450	6a36977ed237be23b5c72646586416b857d6e764b1e64b2b679be67623263e51	65536	1	101151
11141	e1c671612c0560bd70e033f19af2b1e23793222a59404dbf9cf3905c389e1145	61448	1	1
11143	e1c671612c0560bd70e033f19af2b1e23793222a59404dbf9cf3905c389e1145	61448	1	1
11145	e1c671612c0560bd70e033f19af2b1e23793222a59404dbf9cf3905c389e1145	61448	1	1
11252	e1c671612c0560bd70e033f19af2b1e23793222a59404dbf9cf3905c389e1145	57352	1	1
3528	d42220e4c0b5ee2edd6134684e754a90a249deb1d4327384f8fabb9d9b120c79	56016	1347	3015
11254	e1c671612c0560bd70e033f19af2b1e23793222a59404dbf9cf3905c389e1145	49152	1	1
3840	e6527c6c96efd30f776181ab2bfe350b313346e10cddc8f6393d4b138840be87	47024	3883	3883
3891	d42220e4c0b5ee2edd6134684e754a90a249deb1d4327384f8fabb9d9b120c79	46880	1465	1466
47708	b70f790e60940b14d2fbb8e58a45f487d7dacfab979c0e874298c753236661fb	44032	1	4
47929	b70f790e60940b14d2fbb8e58a45f487d7dacfab979c0e874298c753236661fb	44032	1	4
5530	b91decdc48293ec13828af87116afff9f131fcd08317248dea2d85a8393f15b5	43264	1	1
5531	b91decdc48293ec13828af87116afff9f131fcd08317248dea2d85a8393f15b5	43264	1	1
5532	b91decdc48293ec13828af87116afff9f131fcd08317248dea2d85a8393f15b5	43264	1	1
5533	b91decdc48293ec13828af87116afff9f131fcd08317248dea2d85a8393f15b5	43264	1	1
5562	b91decdc48293ec13828af87116afff9f131fcd08317248dea2d85a8393f15b5	43264	1	1
5563	b91decdc48293ec13828af87116afff9f131fcd08317248dea2d85a8393f15b5	43264	1	1
7786	42fd7979472595bd542957fa78924499b6cc99d53299d790aa2cf18686188968	43264	1	63
7829	42fd7979472595bd542957fa78924499b6cc99d53299d790aa2cf18686188968	43264	1	47
7898	42fd7979472595bd542957fa78924499b6cc99d53299d790aa2cf18686188968	43264	1	63
5495	468f43e36da24d2cfafd965d3dd3a3a27ee6838f71a45900701659a58c0decb0	43260	103	103
3752	b6c55a3d7a517b2b5398e5113d88b8311dc7ad29bc217791c818cbc25f08b091	43148	488	488
3753	b6c55a3d7a517b2b5398e5113d88b8311dc7ad29bc217791c818cbc25f08b091	43148	488	488
3754	b6c55a3d7a517b2b5398e5113d88b8311dc7ad29bc217791c818cbc25f08b091	43148	488	488
7295	1b4c7cb9a85aaaf2eaea3cf5d2f250f1a79bf25f0430697207f2d3290e5c6b67	40664	221	527
3773	b6c55a3d7a517b2b5398e5113d88b8311dc7ad29bc217791c818cbc25f08b091	40464	1492	1492
5947	2a5d7fc670c2aea7653bdb1418ea460f0763f046b0ed686f23c3b62fb8ced5d4	40400	1	1
3441	d42220e4c0b5ee2edd6134684e754a90a249deb1d4327384f8fabb9d9b120c79	39072	2097	2442
6060	dde4336a3153a334365d4918fd7accad1235ebfbc4725122e3ed8a9cde48f6f7	38390	8186	8186
7287	122f4b86b35bb72bae9022c349c9a6be51d4e87aad6cc6e2d1176ac7325f0686	36800	200	530
7298	e4f7606d320ae723a8429e34a0d341babcf1683b3e7ae8a8b3d2056b6930177a	35512	193	770
3774	b6c55a3d7a517b2b5398e5113d88b8311dc7ad29bc217791c818cbc25f08b091	33120	1686	1686
13383	0155253774a724226f43fdfb929e4207ff0f24f806dfc37c5f9c995bb07190d4	32768	1	8
5521	21c9fcc844ff712852497a991ea3f9b0a9b96fee79a444f7fcb3a4c6be42d7f2	32448	312	312
3783	d42220e4c0b5ee2edd6134684e754a90a249deb1d4327384f8fabb9d9b120c79	31728	1085	1780
10936	c152eda13e2cfa92fe634a3193fd83d21ce388d5f3f27f6d5ef559dfcff0f493	31408	1	1
3541	1d61dbef9f7a9717bb2cb7251a8477f81c58459792cb31a123dfd15b317327f4	28620	1359	1359
33930	bb02fc1e15d371276f4c8a3c670fcd87f309a8e0aa58425a874710eb9579e5ba	27744	506	31372
33960	bb02fc1e15d371276f4c8a3c670fcd87f309a8e0aa58425a874710eb9579e5ba	27744	506	31372
33990	bb02fc1e15d371276f4c8a3c670fcd87f309a8e0aa58425a874710eb9579e5ba	27744	506	23276
33928	e6527c6c96efd30f776181ab2bfe350b313346e10cddc8f6393d4b138840be87	25421	1045	64790
33958	e6527c6c96efd30f776181ab2bfe350b313346e10cddc8f6393d4b138840be87	25421	1045	64790
33988	e6527c6c96efd30f776181ab2bfe350b313346e10cddc8f6393d4b138840be87	25421	1045	48070
5429	7cddee6a1e1c514177986443a51a2245cbbb49afe1a83cb69d99906973cacdef	25228	4	4
5431	7cddee6a1e1c514177986443a51a2245cbbb49afe1a83cb69d99906973cacdef	25228	4	4
5434	f65b0dcb8f471028f70856a1800f7c05f9c37a5f360b9855fe07103e88e98e2c	25228	4	4
5925	7cddee6a1e1c514177986443a51a2245cbbb49afe1a83cb69d99906973cacdef	25228	4	4
5931	7cddee6a1e1c514177986443a51a2245cbbb49afe1a83cb69d99906973cacdef	25228	4	4
6872	94ddfe7fcc51be79e10691fb8054880c96260d1d3f5094134f02dc37358cb555	24992	142	142
6061	b06b85e547c70b4344e0b354fe65d7eebaedabe024a0dca4fa281c7168e9c6f4	24192	336	336
3605	d42220e4c0b5ee2edd6134684e754a90a249deb1d4327384f8fabb9d9b120c79	23248	1319	1452
26231	b028655f5f8019c91b7878be115200b019c754a939495b35194ea713f259ac50	22160	5	20
7299	e4f7606d320ae723a8429e34a0d341babcf1683b3e7ae8a8b3d2056b6930177a	21840	390	1169
3389	51352243c3ef419b0629c113a9642e92acfb897c76cf3821219207148c5fdcd8	21672	1	1
10809	cb26da3ddaad3b179c24421d09991e2f6f6826fc8ea60739249c7abf84473f2e	21504	64	64
7289	1b4c7cb9a85aaaf2eaea3cf5d2f250f1a79bf25f0430697207f2d3290e5c6b67	20424	111	337
7251	2aa2be2e9dda878a21acf4aaa148c47f1315195c11159943cc8c65e9dd41a334	20400	30	1325
3194	e6527c6c96efd30f776181ab2bfe350b313346e10cddc8f6393d4b138840be87	19681	1	1
5935	7cddee6a1e1c514177986443a51a2245cbbb49afe1a83cb69d99906973cacdef	18468	1	1
22054	d1dff27db77e8fa5eccf396759aa4b5622c18ce07038973d2ba1fb3a13452ae9	18032	69	69
4390	09d69e0507f94583b57cf6d925bea537e480b526580fc4d762c3cd2c9e1d3353	17424	1	1
3196	e6527c6c96efd30f776181ab2bfe350b313346e10cddc8f6393d4b138840be87	17293	1	1
8372	e6527c6c96efd30f776181ab2bfe350b313346e10cddc8f6393d4b138840be87	17293	1	1
3788	b6c55a3d7a517b2b5398e5113d88b8311dc7ad29bc217791c818cbc25f08b091	17280	36	36
5783	5b6fae662b69e086384539388fe1c7d6d7a0ee6e849b27e11841985cc4d64743	17244	1	1
11976	12c33b8423f0d4c442e01ed337d7405255ff85dd3180917a2d1baf18f5954844	16536	1	1
5501	b91decdc48293ec13828af87116afff9f131fcd08317248dea2d85a8393f15b5	16384	1	1
5507	b91decdc48293ec13828af87116afff9f131fcd08317248dea2d85a8393f15b5	16384	1	1
11302	65a2a8416e34e81374d9d652243bb2daca85a222bfdd65ec5abfc83f91f4853c	16384	8	8
3818	d42220e4c0b5ee2edd6134684e754a90a249deb1d4327384f8fabb9d9b120c79	16240	789	987
5564	b91decdc48293ec13828af87116afff9f131fcd08317248dea2d85a8393f15b5	16000	1	1
5565	b91decdc48293ec13828af87116afff9f131fcd08317248dea2d85a8393f15b5	16000	1	1
3465	e6527c6c96efd30f776181ab2bfe350b313346e10cddc8f6393d4b138840be87	15757	1265	1265
5841	edca9c120dbdd573c00e82e191d271e7b19181a0032d8fd6e8d3ae34da727e2e	15412	452	452
7809	026de9af00608c3d6771cdace6f08bfd4120bad5d127b30400674af76cd7ca51	14640	486	43764
7856	026de9af00608c3d6771cdace6f08bfd4120bad5d127b30400674af76cd7ca51	14640	486	43278
7925	026de9af00608c3d6771cdace6f08bfd4120bad5d127b30400674af76cd7ca51	14640	486	43764
3877	31aff74db2a43b7a3971bfad1f70185af06b2345a2ad85703568a213207400bf	13924	31	31
34026	1bce5e0c03b5ad8f5278a3c0a9ef1db3b460f6b5d9ce25785bfba5fe24bb1b6e	13800	546	19656
3608	f4dffd87ec76a3bb0853c541bd1fc9d84f13eaa9b938a6b1f855cd24cdfc91ab	13636	1922	1922
3609	f4dffd87ec76a3bb0853c541bd1fc9d84f13eaa9b938a6b1f855cd24cdfc91ab	13636	1922	1922
7296	1b4c7cb9a85aaaf2eaea3cf5d2f250f1a79bf25f0430697207f2d3290e5c6b67	13048	233	551
8471	bea9044e3e3f02ebca208d41833de32f07f3c1b382b46fa298affc749ade6675	12968	1	1
3544	d42220e4c0b5ee2edd6134684e754a90a249deb1d4327384f8fabb9d9b120c79	12960	720	810
3535	d42220e4c0b5ee2edd6134684e754a90a249deb1d4327384f8fabb9d9b120c79	12576	1572	1762
3444	d42220e4c0b5ee2edd6134684e754a90a249deb1d4327384f8fabb9d9b120c79	12560	1570	1589
3600	d42220e4c0b5ee2edd6134684e754a90a249deb1d4327384f8fabb9d9b120c79	12320	1540	2859
5814	d42220e4c0b5ee2edd6134684e754a90a249deb1d4327384f8fabb9d9b120c79	12288	1	7
5818	d42220e4c0b5ee2edd6134684e754a90a249deb1d4327384f8fabb9d9b120c79	12288	1	4
5845	d42220e4c0b5ee2edd6134684e754a90a249deb1d4327384f8fabb9d9b120c79	12288	1	7
5876	d42220e4c0b5ee2edd6134684e754a90a249deb1d4327384f8fabb9d9b120c79	12288	1	7
10800	4321aca5eb6d09c72924ba0c1e2203d171fa1d29b126b0174ef493772fc725c8	12288	1	1
10928	944c3b7c09168d59a958d66a92ea4be3ba5c32295aebaae4404beaa3ed3b64cb	12288	1	1
3596	d42220e4c0b5ee2edd6134684e754a90a249deb1d4327384f8fabb9d9b120c79	12064	1508	1998
5557	fe8516566119313a78bf2085ac61ec31be0be907f3c67d2099889056ac35db03	12000	1	1
7808	026de9af00608c3d6771cdace6f08bfd4120bad5d127b30400674af76cd7ca51	11664	339	30534
7855	026de9af00608c3d6771cdace6f08bfd4120bad5d127b30400674af76cd7ca51	11664	339	30195
7924	026de9af00608c3d6771cdace6f08bfd4120bad5d127b30400674af76cd7ca51	11664	339	30534
21606	3ea6b7ef3e4809b2c595757bb5b28c2724c202f9649471266a374cd1f622738e	11264	1	3
3545	d42220e4c0b5ee2edd6134684e754a90a249deb1d4327384f8fabb9d9b120c79	11136	58	58
7949	94ddfe7fcc51be79e10691fb8054880c96260d1d3f5094134f02dc37358cb555	11088	63	63
3597	f4dffd87ec76a3bb0853c541bd1fc9d84f13eaa9b938a6b1f855cd24cdfc91ab	11068	2749	2749
3885	41ea9e5a1ce7cd740a10b2a74b449f6d8a1242496c66b807fe0c1d16c55f6f4b	10752	1	4
53588	a3353e2554b3bb8ba5a061174a65fc06338ba76c5d563799730dd4d2b75a1738	10696	191	197
5517	bf30fe65930798cf42dc8cd5b6b442ba3eadc22657934e1df773321e0e0a55c0	10608	102	102
5974	d42220e4c0b5ee2edd6134684e754a90a249deb1d4327384f8fabb9d9b120c79	10101	1	1
5511	38f6ae1a25b34f9f32fc78094fb187b3fd936397db4f1f6b7861e0db030d6c8e	10080	4	4
5525	0ae627823fd8d8ab878efe3edc45e0f25676f6cb216435a2e4a2b314a5b3ae00	9984	4	4
7242	09afbcf0043a064ece9541f480ab543dca5bab9d363a9fc2b3f7d3714e9b90eb	9780	30	1273
7243	09afbcf0043a064ece9541f480ab543dca5bab9d363a9fc2b3f7d3714e9b90eb	9780	30	1325
7244	09afbcf0043a064ece9541f480ab543dca5bab9d363a9fc2b3f7d3714e9b90eb	9780	30	1325
7245	09afbcf0043a064ece9541f480ab543dca5bab9d363a9fc2b3f7d3714e9b90eb	9780	30	1325
7247	415dd4b3c72a86e81696931b9c819903aed6401b54791701b9d3b23c77d15a50	9780	30	1325
7248	415dd4b3c72a86e81696931b9c819903aed6401b54791701b9d3b23c77d15a50	9780	30	1325
7249	415dd4b3c72a86e81696931b9c819903aed6401b54791701b9d3b23c77d15a50	9780	30	1325
21702	e925e6e7e555f145dd3cb9f670562e620dcb162209e86c1dd494424e5eca2fcb	9360	1	6
7304	ba8adbc6ccaa5b4095323dce95ba2b8eb02d6d7b3ddaaa4f8d062589abdc9541	9180	11	11
7305	7957ba94513fe282f043b349bcec95f85c9a6c642ad8f4aff992d139de945b33	9180	11	11
13133	b028655f5f8019c91b7878be115200b019c754a939495b35194ea713f259ac50	8864	2	4
36341	b028655f5f8019c91b7878be115200b019c754a939495b35194ea713f259ac50	8864	2	3
58968	b028655f5f8019c91b7878be115200b019c754a939495b35194ea713f259ac50	8864	2	2
10986	97ecb8bfc0028b73c2d3c2fc301f8de4c7ab36fdbd3d6d46d6c8ce1165b3bafb	8656	1	1
10661	6a345445d81fcdce75364c898a44e743e18e46e462fd1f959258f2b34ffefd50	8608	1	1
3660	5663a90e5ad0f920cc3ce3a753441f8ac3826da4d66c827db4510731cb58435e	8528	1	1
3782	d42220e4c0b5ee2edd6134684e754a90a249deb1d4327384f8fabb9d9b120c79	8352	1044	2129
11311	7de04b7e12857349d62ac093a9ee8ef4b80f1e520d6be9622526ac5b71f46d03	8312	1	1
11638	e9e36b6fee08c8530f043c28b923c05aa6f54b86c2ea984b5305060cc3bdbbdd	8240	1	1
15053	e9e36b6fee08c8530f043c28b923c05aa6f54b86c2ea984b5305060cc3bdbbdd	8240	1	1
10677	12c33b8423f0d4c442e01ed337d7405255ff85dd3180917a2d1baf18f5954844	8224	1	1
6058	dde4336a3153a334365d4918fd7accad1235ebfbc4725122e3ed8a9cde48f6f7	8200	336	336
5503	b91decdc48293ec13828af87116afff9f131fcd08317248dea2d85a8393f15b5	8192	1	1
5506	b91decdc48293ec13828af87116afff9f131fcd08317248dea2d85a8393f15b5	8192	1	1
6533	39fbe73b19a605479458b7e9c5e3d82938540d5dc15f09de42f3c117ac94347f	8192	1	1
6549	59e41b6a52cd92d26a5d2f734a1959eb311d0f4c455cf8ebe8b9c7388e451368	8192	1	1
7170	648a086a32bed56e5591707fc20b6ade74a2e407a393f34219628ea9e78e57f9	8192	1	1
7189	648a086a32bed56e5591707fc20b6ade74a2e407a393f34219628ea9e78e57f9	8192	1	1
10701	12c33b8423f0d4c442e01ed337d7405255ff85dd3180917a2d1baf18f5954844	8192	1	1
11566	c2e2aa1719fc5e170a6fed0895fc86b69c33698bc1214e300d6a7277f1d64e1f	8192	1	11
11594	12c33b8423f0d4c442e01ed337d7405255ff85dd3180917a2d1baf18f5954844	8192	1	1
13511	12c33b8423f0d4c442e01ed337d7405255ff85dd3180917a2d1baf18f5954844	8192	1	1
15032	55a3056145b9a61a27f775dd02ca4af81944cf305f615bc8eaac4aeb6341e089	8192	1	1
11483	73af0c4b26816bedafba2b517e4dfcbcebc37c25ce17126965b880b2e927b9d5	8176	1	1
32773	390152630b1c8d7231daf3bc4bbeba80d43919ec544083bafd542b316c37e645	7920	22	199
7238	09afbcf0043a064ece9541f480ab543dca5bab9d363a9fc2b3f7d3714e9b90eb	7800	30	1325
7239	09afbcf0043a064ece9541f480ab543dca5bab9d363a9fc2b3f7d3714e9b90eb	7800	30	1325
7240	09afbcf0043a064ece9541f480ab543dca5bab9d363a9fc2b3f7d3714e9b90eb	7800	30	1325
3536	1d61dbef9f7a9717bb2cb7251a8477f81c58459792cb31a123dfd15b317327f4	7620	1065	1065
3537	1d61dbef9f7a9717bb2cb7251a8477f81c58459792cb31a123dfd15b317327f4	7620	1065	1065
22079	72204921509737c486b146f3d6df800663e7a2c911de8a897241ecf87f90b6f0	7589	154	160
5499	38f6ae1a25b34f9f32fc78094fb187b3fd936397db4f1f6b7861e0db030d6c8e	7560	3	3
34025	1bce5e0c03b5ad8f5278a3c0a9ef1db3b460f6b5d9ce25785bfba5fe24bb1b6e	7253	1115	40140
3812	d42220e4c0b5ee2edd6134684e754a90a249deb1d4327384f8fabb9d9b120c79	7216	451	451
32781	b70f790e60940b14d2fbb8e58a45f487d7dacfab979c0e874298c753236661fb	7168	1	5
32799	b70f790e60940b14d2fbb8e58a45f487d7dacfab979c0e874298c753236661fb	7168	1	5
33632	b70f790e60940b14d2fbb8e58a45f487d7dacfab979c0e874298c753236661fb	7168	1	4
5806	57e3f01f8a421ad930eab69ad8d06e78cc201a159e425fe09a57a3ffc0c61860	7012	337	337
7806	30a3976e1ce582d122c89d7ce0c85b5511a4b1a8efa19f60de0033fef33df90c	6936	549	49435
7853	30a3976e1ce582d122c89d7ce0c85b5511a4b1a8efa19f60de0033fef33df90c	6936	549	48886
7922	30a3976e1ce582d122c89d7ce0c85b5511a4b1a8efa19f60de0033fef33df90c	6936	549	49435
7804	30a3976e1ce582d122c89d7ce0c85b5511a4b1a8efa19f60de0033fef33df90c	6844	556	50071
7851	30a3976e1ce582d122c89d7ce0c85b5511a4b1a8efa19f60de0033fef33df90c	6844	556	49515
7920	30a3976e1ce582d122c89d7ce0c85b5511a4b1a8efa19f60de0033fef33df90c	6844	556	50071
33926	e6527c6c96efd30f776181ab2bfe350b313346e10cddc8f6393d4b138840be87	6719	1045	64790
33956	e6527c6c96efd30f776181ab2bfe350b313346e10cddc8f6393d4b138840be87	6719	1045	64790
33986	e6527c6c96efd30f776181ab2bfe350b313346e10cddc8f6393d4b138840be87	6719	1045	48070
3633	77be961186e8c758162cbe177fecb1797f0f5a45bff59be0103d2abf25eb47ff	6592	1	1
3894	9b4b0e71bdd12fa0cdda3bf87bbbb6153a3a180abb0613930db9812de8eb26f5	6528	1	1
3771	b6c55a3d7a517b2b5398e5113d88b8311dc7ad29bc217791c818cbc25f08b091	6348	1397	1397
3772	b6c55a3d7a517b2b5398e5113d88b8311dc7ad29bc217791c818cbc25f08b091	6348	1397	1397
11393	3c97c345ff0aa1efa63d4298c46ffc3813b802896104348c00fa5b234145fa77	6296	1	1
22858	2dc8640212bc24c9cb7f1b8dc92deb9c1b24b4a1925fbf672ed948ae9e486fa2	6288	1	2
10812	9c791a479ed76913f653b765e9cce79232e5344cf99734c88619482cf4c9449d	6240	1	1
11157	e1c671612c0560bd70e033f19af2b1e23793222a59404dbf9cf3905c389e1145	6176	1	1
5308	b36cf8f84c56662a6d25bdb148e239745319ee03cd77042c4d3452cbc4fa7f92	6144	1	1
25381	d84f244a8be11a494e657582cdbbeb61fb7500a3323a1146b5ed65a0bdde6320	5984	1	1
7290	1b4c7cb9a85aaaf2eaea3cf5d2f250f1a79bf25f0430697207f2d3290e5c6b67	5936	106	361
7551	b70f790e60940b14d2fbb8e58a45f487d7dacfab979c0e874298c753236661fb	5888	1	2
21600	aa69e0247d6c7f0ba29bb87258288e99ff7e061ff2ccd88c449f86c30c99a901	5856	95	95
3606	f4dffd87ec76a3bb0853c541bd1fc9d84f13eaa9b938a6b1f855cd24cdfc91ab	5734	1602	1602
3607	f4dffd87ec76a3bb0853c541bd1fc9d84f13eaa9b938a6b1f855cd24cdfc91ab	5734	1602	1602
6336	e13fbac0260299db4b752e20cc6d8ee25e29bbb6898bdf658a1cce842d003a6a	5652	1	1
6975	5bed7611aa5f3463bd02f80b4a26ca28c2a87d65b12459d991961d442a26506c	5600	1	11260
3542	1d61dbef9f7a9717bb2cb7251a8477f81c58459792cb31a123dfd15b317327f4	5440	806	806
3610	d42220e4c0b5ee2edd6134684e754a90a249deb1d4327384f8fabb9d9b120c79	5440	340	340
11300	65a2a8416e34e81374d9d652243bb2daca85a222bfdd65ec5abfc83f91f4853c	5184	8	8
3445	ddad8a7d3b08ca7ba4c54e256931b5d9d220d7d30fa9bc12193d873f7fd86ed4	5174	1458	1458
3446	ddad8a7d3b08ca7ba4c54e256931b5d9d220d7d30fa9bc12193d873f7fd86ed4	5174	1458	1458
7272	7957ba94513fe282f043b349bcec95f85c9a6c642ad8f4aff992d139de945b33	5172	95	95
7273	7957ba94513fe282f043b349bcec95f85c9a6c642ad8f4aff992d139de945b33	5172	95	95
7274	7957ba94513fe282f043b349bcec95f85c9a6c642ad8f4aff992d139de945b33	5172	95	95
10946	b17f58c24a42914fa8afe413c8a4a9a2b028afbcb1c1f0f5346a09b4bc804986	5168	1	1
7264	ba8adbc6ccaa5b4095323dce95ba2b8eb02d6d7b3ddaaa4f8d062589abdc9541	5132	94	94
7265	ba8adbc6ccaa5b4095323dce95ba2b8eb02d6d7b3ddaaa4f8d062589abdc9541	5132	94	94
7266	ba8adbc6ccaa5b4095323dce95ba2b8eb02d6d7b3ddaaa4f8d062589abdc9541	5132	94	94
3540	d42220e4c0b5ee2edd6134684e754a90a249deb1d4327384f8fabb9d9b120c79	5104	638	1358
44619	089bd16d9c1cfa119f391df034aa69d602ca84c9b94a1790528ed106e8332a71	5076	1	1
5569	a0d7ed212e80f62e51e102961319a29545700fb224ffeedd71b41c568842cc5f	5000	1	1
5571	a0d7ed212e80f62e51e102961319a29545700fb224ffeedd71b41c568842cc5f	5000	1	1
6180	ef4e540fe6ca247a4cf69e629f80d84235a5ce36f852a4383b9777e3d14e36f1	5000	1	2
3784	b6c55a3d7a517b2b5398e5113d88b8311dc7ad29bc217791c818cbc25f08b091	4992	36	36
3785	b6c55a3d7a517b2b5398e5113d88b8311dc7ad29bc217791c818cbc25f08b091	4992	36	36
5522	21c9fcc844ff712852497a991ea3f9b0a9b96fee79a444f7fcb3a4c6be42d7f2	4992	2	2
3366	f870549f971c3bcb0266c54168876e3b941e296b68ef3968f60776e671e57a5e	4928	88	88
7545	b70f790e60940b14d2fbb8e58a45f487d7dacfab979c0e874298c753236661fb	4784	1	2
7552	b70f790e60940b14d2fbb8e58a45f487d7dacfab979c0e874298c753236661fb	4784	1	2
26241	2490d5fc35fee5eed8c794ab2ecb883b1f78074542e897e0be5410c635dce2f3	4608	144	624
7814	b70f790e60940b14d2fbb8e58a45f487d7dacfab979c0e874298c753236661fb	4512	47	4254
7861	b70f790e60940b14d2fbb8e58a45f487d7dacfab979c0e874298c753236661fb	4512	47	4207
7930	b70f790e60940b14d2fbb8e58a45f487d7dacfab979c0e874298c753236661fb	4512	47	4254
11512	b028655f5f8019c91b7878be115200b019c754a939495b35194ea713f259ac50	4432	1	1
11537	b028655f5f8019c91b7878be115200b019c754a939495b35194ea713f259ac50	4432	1	1
12918	b028655f5f8019c91b7878be115200b019c754a939495b35194ea713f259ac50	4432	1	1
20265	b028655f5f8019c91b7878be115200b019c754a939495b35194ea713f259ac50	4432	1	1
22974	b028655f5f8019c91b7878be115200b019c754a939495b35194ea713f259ac50	4432	1	1
23020	b028655f5f8019c91b7878be115200b019c754a939495b35194ea713f259ac50	4432	1	1
23838	b028655f5f8019c91b7878be115200b019c754a939495b35194ea713f259ac50	4432	1	2
23883	b028655f5f8019c91b7878be115200b019c754a939495b35194ea713f259ac50	4432	1	1
25960	b028655f5f8019c91b7878be115200b019c754a939495b35194ea713f259ac50	4432	1	1
37391	b028655f5f8019c91b7878be115200b019c754a939495b35194ea713f259ac50	4432	1	2
38126	b028655f5f8019c91b7878be115200b019c754a939495b35194ea713f259ac50	4432	1	1
46679	b028655f5f8019c91b7878be115200b019c754a939495b35194ea713f259ac50	4432	1	2
53528	b028655f5f8019c91b7878be115200b019c754a939495b35194ea713f259ac50	4432	1	1
53562	b028655f5f8019c91b7878be115200b019c754a939495b35194ea713f259ac50	4432	1	1
53919	b028655f5f8019c91b7878be115200b019c754a939495b35194ea713f259ac50	4432	1	1
54230	b028655f5f8019c91b7878be115200b019c754a939495b35194ea713f259ac50	4432	1	1
54240	b028655f5f8019c91b7878be115200b019c754a939495b35194ea713f259ac50	4432	1	1
55464	b028655f5f8019c91b7878be115200b019c754a939495b35194ea713f259ac50	4432	1	1
56171	b028655f5f8019c91b7878be115200b019c754a939495b35194ea713f259ac50	4432	1	1
56886	b028655f5f8019c91b7878be115200b019c754a939495b35194ea713f259ac50	4432	1	1
56888	b028655f5f8019c91b7878be115200b019c754a939495b35194ea713f259ac50	4432	1	1
56895	b028655f5f8019c91b7878be115200b019c754a939495b35194ea713f259ac50	4432	1	1
57125	b028655f5f8019c91b7878be115200b019c754a939495b35194ea713f259ac50	4432	1	1
57194	b028655f5f8019c91b7878be115200b019c754a939495b35194ea713f259ac50	4432	1	1
59069	b028655f5f8019c91b7878be115200b019c754a939495b35194ea713f259ac50	4432	1	1
7241	09afbcf0043a064ece9541f480ab543dca5bab9d363a9fc2b3f7d3714e9b90eb	4416	9	1325
7275	09afbcf0043a064ece9541f480ab543dca5bab9d363a9fc2b3f7d3714e9b90eb	4416	9	718
7276	09afbcf0043a064ece9541f480ab543dca5bab9d363a9fc2b3f7d3714e9b90eb	4416	9	645
7228	9755733fa1522ca3bf93357623d0274e0574a249b2ef0ef2520fff4c2a2f47b3	4368	1	7
16743	d1dff27db77e8fa5eccf396759aa4b5622c18ce07038973d2ba1fb3a13452ae9	4256	13	13
6602	94ddfe7fcc51be79e10691fb8054880c96260d1d3f5094134f02dc37358cb555	4224	24	24
3440	d42220e4c0b5ee2edd6134684e754a90a249deb1d4327384f8fabb9d9b120c79	4168	521	2618
7961	b70f790e60940b14d2fbb8e58a45f487d7dacfab979c0e874298c753236661fb	4096	1	5
7981	b70f790e60940b14d2fbb8e58a45f487d7dacfab979c0e874298c753236661fb	4096	1	5
8059	b70f790e60940b14d2fbb8e58a45f487d7dacfab979c0e874298c753236661fb	4096	1	5
11609	96783696ec85188ab0bea7729f6f03b6241d04f1561bcd98182cc7a2608798c4	4096	1	1
12870	7390bfaaf5260a1e2baf35097ad4109fdc35d54f18f868aa58fa2f1bc697eaa4	4096	1	1
17687	f123e75e3ee93fe3b0c416d03db584ccedf8366949254ef9bb474e2057c061a2	4096	1	1
40820	36e8d6c79d4203243eb4cf2227658311b693c9ba06400707d19018f95d81a0a5	4096	1	1
41452	36e8d6c79d4203243eb4cf2227658311b693c9ba06400707d19018f95d81a0a5	4096	1	1
42148	f123e75e3ee93fe3b0c416d03db584ccedf8366949254ef9bb474e2057c061a2	4096	1	1
5489	f5ce67bf6fb7a767979b6754873b100c2501c495ea5f094f69a25f3a62bc1c31	4000	1	1
5505	b91decdc48293ec13828af87116afff9f131fcd08317248dea2d85a8393f15b5	4000	1	1
5577	b91decdc48293ec13828af87116afff9f131fcd08317248dea2d85a8393f15b5	4000	1	1
21628	67bd84f807035d03fe0592ee6bbe691d2f34a724fcd0615821b1ce5fc5af7a82	3975	95	95
21699	077c2ea1015258eed6fb0e1a208cf63509b7c47248559ed46c94400c66d1f7db	3975	95	95
7313	ba8adbc6ccaa5b4095323dce95ba2b8eb02d6d7b3ddaaa4f8d062589abdc9541	3740	7	7
7315	7957ba94513fe282f043b349bcec95f85c9a6c642ad8f4aff992d139de945b33	3740	7	7
3208	372ae53a11f2bdf70733d50514e75dbe17f17b594b5e03286eabb2f26e62f36c	3696	1	1
34028	e6527c6c96efd30f776181ab2bfe350b313346e10cddc8f6393d4b138840be87	3691	575	20700
7308	1b4c7cb9a85aaaf2eaea3cf5d2f250f1a79bf25f0430697207f2d3290e5c6b67	3680	20	78
6093	d42220e4c0b5ee2edd6134684e754a90a249deb1d4327384f8fabb9d9b120c79	3584	1	3
7486	d42220e4c0b5ee2edd6134684e754a90a249deb1d4327384f8fabb9d9b120c79	3584	1	1
7609	d42220e4c0b5ee2edd6134684e754a90a249deb1d4327384f8fabb9d9b120c79	3584	1	1
33932	e6527c6c96efd30f776181ab2bfe350b313346e10cddc8f6393d4b138840be87	3503	532	32984
33962	e6527c6c96efd30f776181ab2bfe350b313346e10cddc8f6393d4b138840be87	3503	532	32984
33992	e6527c6c96efd30f776181ab2bfe350b313346e10cddc8f6393d4b138840be87	3503	532	24472
5813	57e3f01f8a421ad930eab69ad8d06e78cc201a159e425fe09a57a3ffc0c61860	3336	86	86
22084	34835e55991ddad8e12d1e9b0ab1c03995a2e9cbd60ae14ec67260f563c66ce3	3216	1	5
22854	2dc8640212bc24c9cb7f1b8dc92deb9c1b24b4a1925fbf672ed948ae9e486fa2	3216	1	2
32803	63a0bcab113124cea1d340904f8d1112383d840d9dc5c9bd3d4f26e8d80f91c8	3200	1	291
5352	a61f2c4ca45cbb759181ebb6e0b7ddb26c5daabd96a483c21d4de97b38d35e4d	3072	1	1
11249	24ab923e26e62b9346f79fd5a158e62c6c8b9a73a6d0c56c5430266d5d5c7030	3048	1	1
6977	e6527c6c96efd30f776181ab2bfe350b313346e10cddc8f6393d4b138840be87	3003	100	972165
32767	47500655bdb82fb36e8da6ba314c300b4e1ce026d7ca67672d52cd8d5119ee71	3003	100	314
32778	e6527c6c96efd30f776181ab2bfe350b313346e10cddc8f6393d4b138840be87	3003	100	25222
32791	e6527c6c96efd30f776181ab2bfe350b313346e10cddc8f6393d4b138840be87	3003	100	25222
32796	e6527c6c96efd30f776181ab2bfe350b313346e10cddc8f6393d4b138840be87	3003	100	24822
32804	63a0bcab113124cea1d340904f8d1112383d840d9dc5c9bd3d4f26e8d80f91c8	3003	100	24822
7314	ba8adbc6ccaa5b4095323dce95ba2b8eb02d6d7b3ddaaa4f8d062589abdc9541	2884	4	4
7316	7957ba94513fe282f043b349bcec95f85c9a6c642ad8f4aff992d139de945b33	2884	4	4
3786	b6c55a3d7a517b2b5398e5113d88b8311dc7ad29bc217791c818cbc25f08b091	2880	36	36
3787	b6c55a3d7a517b2b5398e5113d88b8311dc7ad29bc217791c818cbc25f08b091	2880	36	36
7778	4d78d0f93d2bb6d4a0c610d85c5ccb18cf68275c4f037fa7a4ffc4f120ea63d3	2872	1	22
7821	4d78d0f93d2bb6d4a0c610d85c5ccb18cf68275c4f037fa7a4ffc4f120ea63d3	2872	1	22
7890	4d78d0f93d2bb6d4a0c610d85c5ccb18cf68275c4f037fa7a4ffc4f120ea63d3	2872	1	22
3684	72cad0026120c50af7d386321b6ee737585055b163be5bd0db7aef205508c22c	2840	1	1
32973	b70f790e60940b14d2fbb8e58a45f487d7dacfab979c0e874298c753236661fb	2816	1	3
32999	b70f790e60940b14d2fbb8e58a45f487d7dacfab979c0e874298c753236661fb	2816	1	200
33013	b70f790e60940b14d2fbb8e58a45f487d7dacfab979c0e874298c753236661fb	2816	1	200
33119	b70f790e60940b14d2fbb8e58a45f487d7dacfab979c0e874298c753236661fb	2816	1	3
33145	b70f790e60940b14d2fbb8e58a45f487d7dacfab979c0e874298c753236661fb	2816	1	200
33159	b70f790e60940b14d2fbb8e58a45f487d7dacfab979c0e874298c753236661fb	2816	1	200
33188	b70f790e60940b14d2fbb8e58a45f487d7dacfab979c0e874298c753236661fb	2816	1	3
33214	b70f790e60940b14d2fbb8e58a45f487d7dacfab979c0e874298c753236661fb	2816	1	197
33228	b70f790e60940b14d2fbb8e58a45f487d7dacfab979c0e874298c753236661fb	2816	1	197
3922	9bca4819bbcf39109cb4aed77a08ddc96c77d8c37c2271576434542e038f3c0f	2784	1	1
576	714096c6affa162b7d3d534d211c6ec56d7d26ac8c89c0abdf71e05d7eb9cf3c	2776	1	1
7311	774ad503d73c6b03581e89149f583cf55edf26885ea1dd95a71c2a5a178f509c	2760	15	433
5493	468f43e36da24d2cfafd965d3dd3a3a27ee6838f71a45900701659a58c0decb0	2520	1	1
5515	bf30fe65930798cf42dc8cd5b6b442ba3eadc22657934e1df773321e0e0a55c0	2496	1	1
5520	21c9fcc844ff712852497a991ea3f9b0a9b96fee79a444f7fcb3a4c6be42d7f2	2496	1	1
37723	d42220e4c0b5ee2edd6134684e754a90a249deb1d4327384f8fabb9d9b120c79	2464	7	9
6512	d42220e4c0b5ee2edd6134684e754a90a249deb1d4327384f8fabb9d9b120c79	2432	1	5
6513	d42220e4c0b5ee2edd6134684e754a90a249deb1d4327384f8fabb9d9b120c79	2432	1	5
7481	c1e80a793bea5d52cd15de42dd5e4cfa39d9b1d1553213b5326560387ce5bda3	2320	1	2
32964	b6ca1b5579046ec83123d1d03e72952868e031b8379b7f485e161df1866380f0	2280	19	1389
32992	b6ca1b5579046ec83123d1d03e72952868e031b8379b7f485e161df1866380f0	2280	19	1396
33006	b6ca1b5579046ec83123d1d03e72952868e031b8379b7f485e161df1866380f0	2280	19	1389
33110	b6ca1b5579046ec83123d1d03e72952868e031b8379b7f485e161df1866380f0	2280	19	1389
33138	b6ca1b5579046ec83123d1d03e72952868e031b8379b7f485e161df1866380f0	2280	19	1396
33152	b6ca1b5579046ec83123d1d03e72952868e031b8379b7f485e161df1866380f0	2280	19	1389
33179	b6ca1b5579046ec83123d1d03e72952868e031b8379b7f485e161df1866380f0	2280	19	1367
33207	b6ca1b5579046ec83123d1d03e72952868e031b8379b7f485e161df1866380f0	2280	19	1374
33221	b6ca1b5579046ec83123d1d03e72952868e031b8379b7f485e161df1866380f0	2280	19	1367
5871	79e9d47497ab7ec6e07c2f06ed8e6e4814f9e6e2cf84e351cbb718ff6dddbc3c	2152	258	258
6671	55f28fcbd17be75b3b499de20199547c4b78e4f14fd46f6b3dfa83d7aab4f14b	2112	1	3
29459	30437fcfaa5c630b8e9b1f52ef2a51c22c3ed35446054ca94bdb8f5d5bebaea5	2112	1	958
5875	53478f19ea5fe9a6b3dea01118e093c155d769afd012143a1d8e445a3086a1d7	2048	1	7
10808	cb26da3ddaad3b179c24421d09991e2f6f6826fc8ea60739249c7abf84473f2e	2048	1	1
10966	ac65fa5e49fd9ebc7127705845b1593e039936602486a252f90e700cb7e60591	2048	1	1
11220	73af0c4b26816bedafba2b517e4dfcbcebc37c25ce17126965b880b2e927b9d5	2048	1	1
21603	3ea6b7ef3e4809b2c595757bb5b28c2724c202f9649471266a374cd1f622738e	2048	1	3
5558	b91decdc48293ec13828af87116afff9f131fcd08317248dea2d85a8393f15b5	2000	1	1
5559	b91decdc48293ec13828af87116afff9f131fcd08317248dea2d85a8393f15b5	2000	1	1
5560	b91decdc48293ec13828af87116afff9f131fcd08317248dea2d85a8393f15b5	2000	1	1
5561	b91decdc48293ec13828af87116afff9f131fcd08317248dea2d85a8393f15b5	2000	1	1
5939	7cddee6a1e1c514177986443a51a2245cbbb49afe1a83cb69d99906973cacdef	1932	1	1
5940	7cddee6a1e1c514177986443a51a2245cbbb49afe1a83cb69d99906973cacdef	1932	1	1
5941	7cddee6a1e1c514177986443a51a2245cbbb49afe1a83cb69d99906973cacdef	1932	1	1
5942	7cddee6a1e1c514177986443a51a2245cbbb49afe1a83cb69d99906973cacdef	1932	1	1
11235	e1c671612c0560bd70e033f19af2b1e23793222a59404dbf9cf3905c389e1145	1768	1	1
36113	da509e37f06204c3d6ebabc4cddfbc46ed79788ed8b135e6bde149e1a1556f66	1744	1	31
7309	1b4c7cb9a85aaaf2eaea3cf5d2f250f1a79bf25f0430697207f2d3290e5c6b67	1680	30	123
6874	e6527c6c96efd30f776181ab2bfe350b313346e10cddc8f6393d4b138840be87	1610	120	120
7810	30a3976e1ce582d122c89d7ce0c85b5511a4b1a8efa19f60de0033fef33df90c	1600	257	23154
7811	30a3976e1ce582d122c89d7ce0c85b5511a4b1a8efa19f60de0033fef33df90c	1600	257	23154
7857	30a3976e1ce582d122c89d7ce0c85b5511a4b1a8efa19f60de0033fef33df90c	1600	257	22897
7858	30a3976e1ce582d122c89d7ce0c85b5511a4b1a8efa19f60de0033fef33df90c	1600	257	22897
7926	30a3976e1ce582d122c89d7ce0c85b5511a4b1a8efa19f60de0033fef33df90c	1600	257	23154
7927	30a3976e1ce582d122c89d7ce0c85b5511a4b1a8efa19f60de0033fef33df90c	1600	257	23154
7312	774ad503d73c6b03581e89149f583cf55edf26885ea1dd95a71c2a5a178f509c	1584	33	552
13143	2490d5fc35fee5eed8c794ab2ecb883b1f78074542e897e0be5410c635dce2f3	1536	48	96
23848	2490d5fc35fee5eed8c794ab2ecb883b1f78074542e897e0be5410c635dce2f3	1536	48	96
36351	2490d5fc35fee5eed8c794ab2ecb883b1f78074542e897e0be5410c635dce2f3	1536	48	96
25108	bb02fc1e15d371276f4c8a3c670fcd87f309a8e0aa58425a874710eb9579e5ba	1512	22	19649
25134	bb02fc1e15d371276f4c8a3c670fcd87f309a8e0aa58425a874710eb9579e5ba	1512	22	19649
25151	bb02fc1e15d371276f4c8a3c670fcd87f309a8e0aa58425a874710eb9579e5ba	1512	22	19563
11588	e1c671612c0560bd70e033f19af2b1e23793222a59404dbf9cf3905c389e1145	1496	1	1
3543	d42220e4c0b5ee2edd6134684e754a90a249deb1d4327384f8fabb9d9b120c79	1472	90	92
3261	096d438c37c9977fb6448fdba38a462e10644befdb233603dda487b12b40abdb	1456	1	2
3707	2bc56048b24176b1607f5a9248d31e911dbadb2c4ef1929d038361c9598f3289	1436	1	1
24242	7fb98bd704d8026ed86a139b649086964d42a16da1a13ebf89abaa37fc2b79bc	1391	1	1
5952	011610dff68d7355846fb92d0395271a165614a80fd394b0414cbffdc968540c	1384	1	1
7800	b70f790e60940b14d2fbb8e58a45f487d7dacfab979c0e874298c753236661fb	1376	1	1172
7847	b70f790e60940b14d2fbb8e58a45f487d7dacfab979c0e874298c753236661fb	1376	1	1159
7916	b70f790e60940b14d2fbb8e58a45f487d7dacfab979c0e874298c753236661fb	1376	1	1172
25414	89d3b40d4d69e11b8d19c559920a9a3c50cffe599e6619f07eae9809c44ef49b	1376	1	1
33238	7208c76875d7f972c719a523514a849d05d1ddb92a6974d85d102ac98af929f6	1368	1	85
251	096d438c37c9977fb6448fdba38a462e10644befdb233603dda487b12b40abdb	1344	1	1
4082	e821e91c59f08171d755f86808d0a7e4c21f771576e0d619869f62518dac7180	1296	1	1
11128	e1c671612c0560bd70e033f19af2b1e23793222a59404dbf9cf3905c389e1145	1280	1	1
3637	d42220e4c0b5ee2edd6134684e754a90a249deb1d4327384f8fabb9d9b120c79	1264	66	79
3310	6abb066cf89663373768d54528edf59c7d2089ee2c4a0637ae919947ff155460	1248	1	1
7604	00c89763cb26c53bed59b71a5393770b74a863783f5db603679629f01cb05f12	1248	1	2
36374	8c51a436a79ab5a2ba2898add0b10f5a53a5813fbacec03a3090c463f928f670	1248	1	22
4076	469c2cfc65481f04e7a0b0d80414270de711c945a86d8ecff0ae9131416c82b9	1216	1	1
3817	d42220e4c0b5ee2edd6134684e754a90a249deb1d4327384f8fabb9d9b120c79	1208	151	940
7781	5d114bf99f786e6582f3469d0f13eb24f148bc16d91076e6ca9f9bd45d28ccd2	1200	1	731
7824	5d114bf99f786e6582f3469d0f13eb24f148bc16d91076e6ca9f9bd45d28ccd2	1200	1	659
7893	5d114bf99f786e6582f3469d0f13eb24f148bc16d91076e6ca9f9bd45d28ccd2	1200	1	731
3813	b6c55a3d7a517b2b5398e5113d88b8311dc7ad29bc217791c818cbc25f08b091	1182	197	197
5355	ad9b29abe09e8e4fc90dab8e0e38fbae9774c86ab385c2da3fafd5a05c6b68f3	1176	1	1
7277	09afbcf0043a064ece9541f480ab543dca5bab9d363a9fc2b3f7d3714e9b90eb	1176	9	607
7278	09afbcf0043a064ece9541f480ab543dca5bab9d363a9fc2b3f7d3714e9b90eb	1176	9	607
7279	09afbcf0043a064ece9541f480ab543dca5bab9d363a9fc2b3f7d3714e9b90eb	1176	9	607
26239	2490d5fc35fee5eed8c794ab2ecb883b1f78074542e897e0be5410c635dce2f3	1152	6	26
3436	d42220e4c0b5ee2edd6134684e754a90a249deb1d4327384f8fabb9d9b120c79	1128	141	2333
33944	e6527c6c96efd30f776181ab2bfe350b313346e10cddc8f6393d4b138840be87	1090	29	1798
33974	e6527c6c96efd30f776181ab2bfe350b313346e10cddc8f6393d4b138840be87	1090	29	1798
34004	e6527c6c96efd30f776181ab2bfe350b313346e10cddc8f6393d4b138840be87	1090	29	1334
11149	e1c671612c0560bd70e033f19af2b1e23793222a59404dbf9cf3905c389e1145	1072	1	1
47647	94ddfe7fcc51be79e10691fb8054880c96260d1d3f5094134f02dc37358cb555	1072	2	2
47648	94ddfe7fcc51be79e10691fb8054880c96260d1d3f5094134f02dc37358cb555	1072	2	2
33938	bb02fc1e15d371276f4c8a3c670fcd87f309a8e0aa58425a874710eb9579e5ba	1032	40	2480
33968	bb02fc1e15d371276f4c8a3c670fcd87f309a8e0aa58425a874710eb9579e5ba	1032	40	2480
33998	bb02fc1e15d371276f4c8a3c670fcd87f309a8e0aa58425a874710eb9579e5ba	1032	40	1840
4047	d4d5ad300c90110fa0a60afd68522af872b590becb95435e2c0b6bb56fb42486	1024	1	1
6986	6a36977ed237be23b5c72646586416b857d6e764b1e64b2b679be67623263e51	1024	1	33780
26091	e167aa90deb0d855428bcce169bce2042455e236c234be6545b55fbb0eb056a0	1024	1	1
29462	1bce5e0c03b5ad8f5278a3c0a9ef1db3b460f6b5d9ce25785bfba5fe24bb1b6e	1008	22	19541
33245	c200d6087d18deb4a786382325681acbe6f05d25d9bc9beead67d0d26b855caf	1000	1	128
570	096d438c37c9977fb6448fdba38a462e10644befdb233603dda487b12b40abdb	992	1	1
5457	eb965d7f0dda95cd197ac8b79ecb3286f8ad3ad63daa9c93d6b18139ed011ead	992	1	1
5543	d42220e4c0b5ee2edd6134684e754a90a249deb1d4327384f8fabb9d9b120c79	992	1	1
47749	8a03ed7948fe4873d3a76e1259e9718c0746d3098bbb2525a8e7f9a4e97e63db	951	66	198
47858	8a03ed7948fe4873d3a76e1259e9718c0746d3098bbb2525a8e7f9a4e97e63db	951	66	198
47970	8a03ed7948fe4873d3a76e1259e9718c0746d3098bbb2525a8e7f9a4e97e63db	951	66	198
7951	e6527c6c96efd30f776181ab2bfe350b313346e10cddc8f6393d4b138840be87	911	63	63
33241	6792a80fce9588b41a42867e7103829ad3de44ed5e5ac9364ec5c94d9ac287fc	888	19	1334
16762	1a862f2fce5b3dba6dc981a90a808787b89171a4f426b49a5cde3fc695b012de	881	38	38
8220	94ddfe7fcc51be79e10691fb8054880c96260d1d3f5094134f02dc37358cb555	880	5	5
25090	ba6acfe4a53dd2ba39bf9f7d31cfb7a69da4cc73306c74bb082370b9807324a6	880	22	585362
25091	ba6acfe4a53dd2ba39bf9f7d31cfb7a69da4cc73306c74bb082370b9807324a6	880	22	585362
11151	e1c671612c0560bd70e033f19af2b1e23793222a59404dbf9cf3905c389e1145	856	1	1
3778	d42220e4c0b5ee2edd6134684e754a90a249deb1d4327384f8fabb9d9b120c79	848	37	53
33952	b6ca1b5579046ec83123d1d03e72952868e031b8379b7f485e161df1866380f0	840	7	342
33982	b6ca1b5579046ec83123d1d03e72952868e031b8379b7f485e161df1866380f0	840	7	342
34012	b6ca1b5579046ec83123d1d03e72952868e031b8379b7f485e161df1866380f0	840	7	246
3779	b6c55a3d7a517b2b5398e5113d88b8311dc7ad29bc217791c818cbc25f08b091	830	415	415
10995	a202f9664c232a3e70bf226a5c696a716cb637088ebc6249de6c45f18187d078	824	1	1
11282	54f28f909c1b60a73faec748454b11c9412612ccdf73a4973c06a7d388e9fa00	808	1	1
14066	a3353e2554b3bb8ba5a061174a65fc06338ba76c5d563799730dd4d2b75a1738	784	14	78
26248	7c722e0367e24c3303514a208201431e22576edf106762cb6f02e1523bb82bc9	776	1	2
5341	f20f719ae83ac5c6407ebc5559bf207d7df223889025847c2e379ceccd5e1e9c	768	1	1
5357	ad9b29abe09e8e4fc90dab8e0e38fbae9774c86ab385c2da3fafd5a05c6b68f3	768	1	1
5358	ad9b29abe09e8e4fc90dab8e0e38fbae9774c86ab385c2da3fafd5a05c6b68f3	768	1	1
7601	b70f790e60940b14d2fbb8e58a45f487d7dacfab979c0e874298c753236661fb	768	1	2
7603	b70f790e60940b14d2fbb8e58a45f487d7dacfab979c0e874298c753236661fb	768	1	1
7693	b70f790e60940b14d2fbb8e58a45f487d7dacfab979c0e874298c753236661fb	768	1	2
10820	2ff72b912185d9b8008c8977b5fbd79f917e3a86fa0482096dcfcb04517c8b1a	768	1	1
11522	2490d5fc35fee5eed8c794ab2ecb883b1f78074542e897e0be5410c635dce2f3	768	24	24
11547	2490d5fc35fee5eed8c794ab2ecb883b1f78074542e897e0be5410c635dce2f3	768	24	24
12932	2490d5fc35fee5eed8c794ab2ecb883b1f78074542e897e0be5410c635dce2f3	768	24	24
22984	2490d5fc35fee5eed8c794ab2ecb883b1f78074542e897e0be5410c635dce2f3	768	24	24
23030	2490d5fc35fee5eed8c794ab2ecb883b1f78074542e897e0be5410c635dce2f3	768	24	24
23893	2490d5fc35fee5eed8c794ab2ecb883b1f78074542e897e0be5410c635dce2f3	768	24	24
25970	2490d5fc35fee5eed8c794ab2ecb883b1f78074542e897e0be5410c635dce2f3	768	24	24
37698	2490d5fc35fee5eed8c794ab2ecb883b1f78074542e897e0be5410c635dce2f3	768	24	48
38136	2490d5fc35fee5eed8c794ab2ecb883b1f78074542e897e0be5410c635dce2f3	768	24	24
53572	2490d5fc35fee5eed8c794ab2ecb883b1f78074542e897e0be5410c635dce2f3	768	24	24
53574	2490d5fc35fee5eed8c794ab2ecb883b1f78074542e897e0be5410c635dce2f3	768	24	24
56905	2490d5fc35fee5eed8c794ab2ecb883b1f78074542e897e0be5410c635dce2f3	768	24	24
57135	2490d5fc35fee5eed8c794ab2ecb883b1f78074542e897e0be5410c635dce2f3	768	24	24
57204	2490d5fc35fee5eed8c794ab2ecb883b1f78074542e897e0be5410c635dce2f3	768	24	24
57263	2490d5fc35fee5eed8c794ab2ecb883b1f78074542e897e0be5410c635dce2f3	768	24	24
59079	2490d5fc35fee5eed8c794ab2ecb883b1f78074542e897e0be5410c635dce2f3	768	24	24
33936	e6527c6c96efd30f776181ab2bfe350b313346e10cddc8f6393d4b138840be87	753	37	2294
33966	e6527c6c96efd30f776181ab2bfe350b313346e10cddc8f6393d4b138840be87	753	37	2294
33996	e6527c6c96efd30f776181ab2bfe350b313346e10cddc8f6393d4b138840be87	753	37	1702
7335	8d0bcf0af7d2e252b4e0eedb2e38cc757da0ff7d9dc3d7602de62f41d96824d7	752	1	4
3875	b4b209c65185ca8c9d2323f054be7a1f73d613d47ed9a29a5ddb002550fc368e	720	80	80
3222	e6527c6c96efd30f776181ab2bfe350b313346e10cddc8f6393d4b138840be87	707	8	8
3827	d42220e4c0b5ee2edd6134684e754a90a249deb1d4327384f8fabb9d9b120c79	688	35	43
6605	d42220e4c0b5ee2edd6134684e754a90a249deb1d4327384f8fabb9d9b120c79	688	20	47
3896	dc877e0c4569c6b1db219e81b7ab5dffce40b52836cdebb3bc74db399070c0a3	680	68	68
6542	121961b5fac83903704be8f12a7b7d12cfb9a2b8895e04078ad873fe052aeb69	680	1	1
7179	4ea813d670f5aafb3c118a6c5210807a5ee6c6616502a8e28d197c65e44b6bf3	680	1	1
7198	4ea813d670f5aafb3c118a6c5210807a5ee6c6616502a8e28d197c65e44b6bf3	680	1	1
25383	0af2463f5a76eb26a859b838f7c880ec3d700be72c8501a3ea055dc48a3458a2	680	68	68
34030	30437fcfaa5c630b8e9b1f52ef2a51c22c3ed35446054ca94bdb8f5d5bebaea5	672	1	33
16213	aa69e0247d6c7f0ba29bb87258288e99ff7e061ff2ccd88c449f86c30c99a901	656	14	14
3447	ddad8a7d3b08ca7ba4c54e256931b5d9d220d7d30fa9bc12193d873f7fd86ed4	640	32	32
3448	ddad8a7d3b08ca7ba4c54e256931b5d9d220d7d30fa9bc12193d873f7fd86ed4	640	32	32
3819	b6c55a3d7a517b2b5398e5113d88b8311dc7ad29bc217791c818cbc25f08b091	640	8	8
3820	b6c55a3d7a517b2b5398e5113d88b8311dc7ad29bc217791c818cbc25f08b091	640	8	8
6473	b70f790e60940b14d2fbb8e58a45f487d7dacfab979c0e874298c753236661fb	640	1	2
7840	b70f790e60940b14d2fbb8e58a45f487d7dacfab979c0e874298c753236661fb	640	1	2
7909	b70f790e60940b14d2fbb8e58a45f487d7dacfab979c0e874298c753236661fb	640	1	2
37724	ab19d9da3635817e1740b395f517731bb070ae325a69972697fd24d4ea13d17c	616	7	9
8238	19068f6c963fe178f2b4c0c6758aa42933b8303661e010183c4512e86b90a955	608	1	11131
3914	b5b67e31e8ac0052c55680efde21373657e30a9b31fe2b117ca8cfb35e1b5a03	576	1	1
23241	72204921509737c486b146f3d6df800663e7a2c911de8a897241ecf87f90b6f0	572	7	7
15018	af9eb3ebff370285456ff84de64b1426dcd61574fae724cdc8bc28619eb6ba5b	560	1	1
11280	54f28f909c1b60a73faec748454b11c9412612ccdf73a4973c06a7d388e9fa00	552	1	1
26	549d2828f4bd60b6f928e9649aeef9539a53e8115de8c250dc64ff495cff50ca	544	1	1
25415	89d3b40d4d69e11b8d19c559920a9a3c50cffe599e6619f07eae9809c44ef49b	527	43	43
33017	30a3976e1ce582d122c89d7ce0c85b5511a4b1a8efa19f60de0033fef33df90c	527	43	3870
33163	30a3976e1ce582d122c89d7ce0c85b5511a4b1a8efa19f60de0033fef33df90c	527	43	3870
33232	30a3976e1ce582d122c89d7ce0c85b5511a4b1a8efa19f60de0033fef33df90c	527	43	3827
157	268f7bdf5b2adcdad40216436e81d1d98b856a0cac65cbcb37464faf2346fa85	522	1	1
5421	2ff72b912185d9b8008c8977b5fbd79f917e3a86fa0482096dcfcb04517c8b1a	512	1	1
5955	2ff72b912185d9b8008c8977b5fbd79f917e3a86fa0482096dcfcb04517c8b1a	512	1	1
10740	2ff72b912185d9b8008c8977b5fbd79f917e3a86fa0482096dcfcb04517c8b1a	512	1	1
10742	2ff72b912185d9b8008c8977b5fbd79f917e3a86fa0482096dcfcb04517c8b1a	512	1	1
10744	2ff72b912185d9b8008c8977b5fbd79f917e3a86fa0482096dcfcb04517c8b1a	512	1	1
10821	27f26f6476ccc61a4282dd55be700d53e4bfd6cfbb2ffa44f43920c91a3a589c	512	1	1
25363	096d438c37c9977fb6448fdba38a462e10644befdb233603dda487b12b40abdb	512	1	1
29100	ce9ce269314ca080913882e1ada1c1ba3bfbb6e6f84b51579753866343d49a52	512	1	1
32759	b7d7fab3bccff4d7fa1569eca084d9f0d7e82dcb6205cacd5055167e2d24488a	512	1	133
47060	7ddd4335e938a97786c20127d1bdedd53316ad0dd76f07c9e880909b96111557	512	1	1
6309	41038b466700ba353285575e7ee52bc2d9fecc3394d4f3b6e5bceea931723a35	496	1	2
7724	d42220e4c0b5ee2edd6134684e754a90a249deb1d4327384f8fabb9d9b120c79	480	1	1
11083	9e23ce7ee7495f5f7540f25562d428c93500bc0e8bbfde42c655c2a8f8845270	480	1	1
3968	dc841b418a43489285004497520904bab350e475f311241b0bb235ba9fcf4c8a	468	1	1
3603	d42220e4c0b5ee2edd6134684e754a90a249deb1d4327384f8fabb9d9b120c79	456	57	2669
8608	ec51e48b0e1dfa29517cc0204670d12cc5d4a19ea45cab8b7b017907a213e5d7	456	1	1
236	268f7bdf5b2adcdad40216436e81d1d98b856a0cac65cbcb37464faf2346fa85	450	1	1
5547	d42220e4c0b5ee2edd6134684e754a90a249deb1d4327384f8fabb9d9b120c79	448	1	1
10918	af9eb3ebff370285456ff84de64b1426dcd61574fae724cdc8bc28619eb6ba5b	440	1	1
11347	c518a25bae52605c156e62fadaae752f7d66d70871b0cee73a374b64b113d409	432	1	1
11627	af9eb3ebff370285456ff84de64b1426dcd61574fae724cdc8bc28619eb6ba5b	424	1	1
5491	b91decdc48293ec13828af87116afff9f131fcd08317248dea2d85a8393f15b5	420	1	1
5494	468f43e36da24d2cfafd965d3dd3a3a27ee6838f71a45900701659a58c0decb0	420	1	1
3871	b4b209c65185ca8c9d2323f054be7a1f73d613d47ed9a29a5ddb002550fc368e	400	44	44
42105	1a15b2427143050134127ddb41b696681591c99059b4e61dde411b66deb567fa	400	1	4
41861	b133599c921dfc8f66cf48bf445437ca051430ba46e6bf47020d7bf91419a869	392	1	4
3879	baefb88c68da06e8c362bd8929c568e0523f83fa54eb3f6aec121155b0dd6c98	384	16	16
13141	2490d5fc35fee5eed8c794ab2ecb883b1f78074542e897e0be5410c635dce2f3	384	2	4
23846	2490d5fc35fee5eed8c794ab2ecb883b1f78074542e897e0be5410c635dce2f3	384	2	4
36349	2490d5fc35fee5eed8c794ab2ecb883b1f78074542e897e0be5410c635dce2f3	384	2	4
10968	0928fc24fd207c1be570d15d500acf23e0b01c83ba5b4d3200e94599815089ce	376	1	1
8118	1abc8a2c2e2aded08dca4dffad153d69662f8378056f54fec34f15749d4568eb	368	2	2
11621	7342eeea1002be07c0e17d3c8bf84ff299d0850bc6f1c51308e334e36fbb1baf	368	1	1
37727	dec372a81fa7cd72cb162a4e8bd44d5a765f5f452f57e3542a3aa58b1a77cfca	364	7	9
11002	639511caff4ca9379f4c3593474a84e0dce66148a37e47055a9961dfd1b34898	360	1	1
11007	639511caff4ca9379f4c3593474a84e0dce66148a37e47055a9961dfd1b34898	360	1	1
11012	639511caff4ca9379f4c3593474a84e0dce66148a37e47055a9961dfd1b34898	360	1	1
11017	639511caff4ca9379f4c3593474a84e0dce66148a37e47055a9961dfd1b34898	360	1	1
4016	67248a1377ac46351668ea2dd17a7513363e9955b9bd6537ef3ad46cf25673fb	352	1	1
5462	67248a1377ac46351668ea2dd17a7513363e9955b9bd6537ef3ad46cf25673fb	352	1	1
6194	67248a1377ac46351668ea2dd17a7513363e9955b9bd6537ef3ad46cf25673fb	352	1	1
8065	94ddfe7fcc51be79e10691fb8054880c96260d1d3f5094134f02dc37358cb555	352	2	2
8402	67248a1377ac46351668ea2dd17a7513363e9955b9bd6537ef3ad46cf25673fb	352	1	1
10768	67248a1377ac46351668ea2dd17a7513363e9955b9bd6537ef3ad46cf25673fb	352	1	1
44649	67248a1377ac46351668ea2dd17a7513363e9955b9bd6537ef3ad46cf25673fb	352	1	1
47646	94ddfe7fcc51be79e10691fb8054880c96260d1d3f5094134f02dc37358cb555	352	2	2
33942	e6527c6c96efd30f776181ab2bfe350b313346e10cddc8f6393d4b138840be87	350	29	1798
33972	e6527c6c96efd30f776181ab2bfe350b313346e10cddc8f6393d4b138840be87	350	29	1798
34002	e6527c6c96efd30f776181ab2bfe350b313346e10cddc8f6393d4b138840be87	350	29	1334
3661	5663a90e5ad0f920cc3ce3a753441f8ac3826da4d66c827db4510731cb58435e	348	82	82
3823	d42220e4c0b5ee2edd6134684e754a90a249deb1d4327384f8fabb9d9b120c79	344	43	43
11039	048227bfb6448da351d12facc82be723e159520e075d8b3d66bb1d16b71e9999	344	1	1
20471	0acd8c5232f54ca5d248bc9fcffa2e19db0afd3c11ab290ad7895f143331e527	344	1	1
25384	0af2463f5a76eb26a859b838f7c880ec3d700be72c8501a3ea055dc48a3458a2	340	68	68
3814	b6c55a3d7a517b2b5398e5113d88b8311dc7ad29bc217791c818cbc25f08b091	336	42	42
10943	1ee0c53f4c4a41a7428af09047e7c578bb79fcd5eeb943a902dd641d10c3fb5d	336	1	1
10944	1ee0c53f4c4a41a7428af09047e7c578bb79fcd5eeb943a902dd641d10c3fb5d	336	1	1
11032	4bddbacd6e7c2d367e569e46953d56c431aea573962b5e266fa80b8fda61c3db	336	1	1
4011	2fb231e1308fccb0e5cd2ea0cedd178d50ff9ed88231713caf6d9bd1d1dcc2fa	320	1	1
3218	a1e3283a7532242597e47eba3280f608ee0f4030bdae532505ee27aa8e8af194	312	2	2
25110	e6527c6c96efd30f776181ab2bfe350b313346e10cddc8f6393d4b138840be87	305	42	37943
25136	e6527c6c96efd30f776181ab2bfe350b313346e10cddc8f6393d4b138840be87	305	42	37943
25153	e6527c6c96efd30f776181ab2bfe350b313346e10cddc8f6393d4b138840be87	305	42	37778
29464	e6527c6c96efd30f776181ab2bfe350b313346e10cddc8f6393d4b138840be87	305	42	37735
4341	47d507281cbd04f7fdd3ad90f9c010504bcfa4eb45a7edeb7e9d13c016ddbc27	304	1	11271
33016	30a3976e1ce582d122c89d7ce0c85b5511a4b1a8efa19f60de0033fef33df90c	301	43	3870
33162	30a3976e1ce582d122c89d7ce0c85b5511a4b1a8efa19f60de0033fef33df90c	301	43	3870
33231	30a3976e1ce582d122c89d7ce0c85b5511a4b1a8efa19f60de0033fef33df90c	301	43	3827
3636	d42220e4c0b5ee2edd6134684e754a90a249deb1d4327384f8fabb9d9b120c79	296	37	103
3449	d42220e4c0b5ee2edd6134684e754a90a249deb1d4327384f8fabb9d9b120c79	288	18	18
11210	4091cfb523c06c1d5d7ece656a18793c86176d3f3d39a54e1d48011055427f50	288	1	1
33095	11380106c9f42261f49a8660107ff53dcc9f857f21ecf5763f293a78adc4c78c	288	1	1
41468	a3353e2554b3bb8ba5a061174a65fc06338ba76c5d563799730dd4d2b75a1738	280	5	11
8480	d3c1c73d401ec2de4333aca1908bb27614668e4e834d4bf02434dec8b9107771	272	1	1
10706	d3c1c73d401ec2de4333aca1908bb27614668e4e834d4bf02434dec8b9107771	272	1	1
10817	419933c8fd6d0d374093e23d577824bab4c8be641d6c9155b2756151ffb0b459	272	1	1
10746	72b0f99b8349bb7b8f6caaa7b7cc008049b5ba7d8228b57ab6fff14f143c053e	264	1	1
11349	c518a25bae52605c156e62fadaae752f7d66d70871b0cee73a374b64b113d409	264	1	1
15011	8a8a5ef0f3b1ba216008817c34c3e1a0b0f530d6edd5a46d96687f1c4b17d842	264	1	1
26002	1942fbac2862122b389c0331272cc3bea5f0e29c1cec1a52d5ecbfa08a7fb254	264	1	14
34616	1942fbac2862122b389c0331272cc3bea5f0e29c1cec1a52d5ecbfa08a7fb254	264	1	33
34673	1942fbac2862122b389c0331272cc3bea5f0e29c1cec1a52d5ecbfa08a7fb254	264	1	30
59095	1942fbac2862122b389c0331272cc3bea5f0e29c1cec1a52d5ecbfa08a7fb254	264	1	1
3880	baefb88c68da06e8c362bd8929c568e0523f83fa54eb3f6aec121155b0dd6c98	256	16	16
5351	a61f2c4ca45cbb759181ebb6e0b7ddb26c5daabd96a483c21d4de97b38d35e4d	256	1	1
7614	d42220e4c0b5ee2edd6134684e754a90a249deb1d4327384f8fabb9d9b120c79	256	1	1
7618	d42220e4c0b5ee2edd6134684e754a90a249deb1d4327384f8fabb9d9b120c79	256	1	1
11113	64cd864b1070def8685577729392fe45796c8cafc94f37d196025303ee5d4d47	256	1	1
11359	c518a25bae52605c156e62fadaae752f7d66d70871b0cee73a374b64b113d409	256	1	1
11361	c518a25bae52605c156e62fadaae752f7d66d70871b0cee73a374b64b113d409	256	1	1
11371	c518a25bae52605c156e62fadaae752f7d66d70871b0cee73a374b64b113d409	256	1	1
11391	c156b22617a102fe9571f88bc00eb81df00e61d44bebc74ff0723cc3bbb1403c	256	1	1
26099	de01b46e76e67df38a06f6e161382a6658c5a09f7cd6082993ab1075c0944c5a	256	2	78
32959	b70f790e60940b14d2fbb8e58a45f487d7dacfab979c0e874298c753236661fb	256	1	197
33092	b5b67e31e8ac0052c55680efde21373657e30a9b31fe2b117ca8cfb35e1b5a03	256	1	1
33105	b70f790e60940b14d2fbb8e58a45f487d7dacfab979c0e874298c753236661fb	256	1	197
33174	b70f790e60940b14d2fbb8e58a45f487d7dacfab979c0e874298c753236661fb	256	1	197
53304	7ddd4335e938a97786c20127d1bdedd53316ad0dd76f07c9e880909b96111557	256	1	10
4087	255fa18ad4649c9991f6316ad14a3bf10646e14518210fba5ebd912eec1f97b8	244	1	1
4092	c73d3f6f3fb7010b890c7494eda829999c0ea6bb90237eca394004b68c4d1aed	244	1	1
3897	65ac0e2f2001d1807c5cbd6088ce6f20218842c33aaf16179785d0273d4f9682	240	1	1
8392	917601d5c640a908cc1a8bb7245f46317a88492c911c03ae35d34654a95a3824	240	1	1
10988	0928fc24fd207c1be570d15d500acf23e0b01c83ba5b4d3200e94599815089ce	240	1	1
32986	b6ca1b5579046ec83123d1d03e72952868e031b8379b7f485e161df1866380f0	240	2	596
33132	b6ca1b5579046ec83123d1d03e72952868e031b8379b7f485e161df1866380f0	240	2	596
33201	b6ca1b5579046ec83123d1d03e72952868e031b8379b7f485e161df1866380f0	240	2	594
3835	65ac0e2f2001d1807c5cbd6088ce6f20218842c33aaf16179785d0273d4f9682	232	1	1
11290	54f28f909c1b60a73faec748454b11c9412612ccdf73a4973c06a7d388e9fa00	232	1	1
10728	331ef57ca23ee25133da10ff950e228afba967a0dd3c7206d942b2dbf9859656	224	1	1
10831	621e876fa28baa2e1a28044329820ba92a08447fdfbdc2e5f2016000f864775a	224	1	1
11250	98f39d588d48125a3f98324c9665cffeba646c31c1e12daf94766e31b3303fa1	224	1	1
11261	781aa38583519ab9a8833154cb0ed7895a4c748a08a9b8e2291f31dab1c526d0	224	1	1
11278	54f28f909c1b60a73faec748454b11c9412612ccdf73a4973c06a7d388e9fa00	224	1	1
25092	ba6acfe4a53dd2ba39bf9f7d31cfb7a69da4cc73306c74bb082370b9807324a6	220	22	585362
32734	e6527c6c96efd30f776181ab2bfe350b313346e10cddc8f6393d4b138840be87	219	3	3
6378	488ccd2972689c285f4bcf3859732b3e5b25566a2287e3395438624af7176a56	216	1	3
6380	488ccd2972689c285f4bcf3859732b3e5b25566a2287e3395438624af7176a56	216	1	3
33097	e6527c6c96efd30f776181ab2bfe350b313346e10cddc8f6393d4b138840be87	214	6	6
3216	e6527c6c96efd30f776181ab2bfe350b313346e10cddc8f6393d4b138840be87	212	11	11
4019	7c0b3157abae812e6ff5c53a68b2e5b584db8e6395b26bafdf81cc3d55a9a7b3	212	1	1
11107	b6129c2f69ea4fdbe45600cd508cdd5db0dcf69fdb827bcf87c90d5b3a37c7db	208	1	1
3849	65ac0e2f2001d1807c5cbd6088ce6f20218842c33aaf16179785d0273d4f9682	200	1	1
5553	b91decdc48293ec13828af87116afff9f131fcd08317248dea2d85a8393f15b5	200	1	1
5554	b91decdc48293ec13828af87116afff9f131fcd08317248dea2d85a8393f15b5	200	1	1
5555	b91decdc48293ec13828af87116afff9f131fcd08317248dea2d85a8393f15b5	200	1	1
5190	7e0e45c15744d8452570847f076ec88b4e8c943d70ede9bc61b6e69c8b5ab844	192	1	11271
11068	dd61c7130419a501bd0667b27233cf99694186844c12bc425dfd6bb61b48d3e9	192	1	1
11074	820ff130d270b43586b99a0212433b83e233c1a9aba1a063143e2ed90a598410	192	1	1
11345	3fed89e0f53b4492788305da49c9c2eb2cb3a7d2a50c28ce8e621aee97dc5cb8	192	1	1
11357	3fed89e0f53b4492788305da49c9c2eb2cb3a7d2a50c28ce8e621aee97dc5cb8	192	1	1
11369	3fed89e0f53b4492788305da49c9c2eb2cb3a7d2a50c28ce8e621aee97dc5cb8	192	1	1
11520	2490d5fc35fee5eed8c794ab2ecb883b1f78074542e897e0be5410c635dce2f3	192	1	1
11545	2490d5fc35fee5eed8c794ab2ecb883b1f78074542e897e0be5410c635dce2f3	192	1	1
11623	a2c270c8a5a8d6c6321b31d7e26f46e6f080e6a2d84fe0af5879e67304be0fed	192	1	1
12930	2490d5fc35fee5eed8c794ab2ecb883b1f78074542e897e0be5410c635dce2f3	192	1	1
15072	3ea6b7ef3e4809b2c595757bb5b28c2724c202f9649471266a374cd1f622738e	192	1	1
22982	2490d5fc35fee5eed8c794ab2ecb883b1f78074542e897e0be5410c635dce2f3	192	1	1
23028	2490d5fc35fee5eed8c794ab2ecb883b1f78074542e897e0be5410c635dce2f3	192	1	1
23891	2490d5fc35fee5eed8c794ab2ecb883b1f78074542e897e0be5410c635dce2f3	192	1	1
25968	2490d5fc35fee5eed8c794ab2ecb883b1f78074542e897e0be5410c635dce2f3	192	1	1
37696	2490d5fc35fee5eed8c794ab2ecb883b1f78074542e897e0be5410c635dce2f3	192	1	2
38134	2490d5fc35fee5eed8c794ab2ecb883b1f78074542e897e0be5410c635dce2f3	192	1	1
53553	2490d5fc35fee5eed8c794ab2ecb883b1f78074542e897e0be5410c635dce2f3	192	1	1
53570	2490d5fc35fee5eed8c794ab2ecb883b1f78074542e897e0be5410c635dce2f3	192	1	1
56903	2490d5fc35fee5eed8c794ab2ecb883b1f78074542e897e0be5410c635dce2f3	192	1	1
57133	2490d5fc35fee5eed8c794ab2ecb883b1f78074542e897e0be5410c635dce2f3	192	1	1
57202	2490d5fc35fee5eed8c794ab2ecb883b1f78074542e897e0be5410c635dce2f3	192	1	1
57261	2490d5fc35fee5eed8c794ab2ecb883b1f78074542e897e0be5410c635dce2f3	192	1	1
59077	2490d5fc35fee5eed8c794ab2ecb883b1f78074542e897e0be5410c635dce2f3	192	1	1
7783	fe0773d0ade3ed06a6aaf70237567dbf9d1e8f26fe9c3ce8f63614be3581bb13	191	25	18275
7826	fe0773d0ade3ed06a6aaf70237567dbf9d1e8f26fe9c3ce8f63614be3581bb13	191	25	16475
7895	fe0773d0ade3ed06a6aaf70237567dbf9d1e8f26fe9c3ce8f63614be3581bb13	191	25	18275
33247	6372c45c8b0f7e395fb0da1dc75b46a57bc14f1f297df52b295dd199f94f0de8	191	25	3200
33940	e6527c6c96efd30f776181ab2bfe350b313346e10cddc8f6393d4b138840be87	188	43	2666
33970	e6527c6c96efd30f776181ab2bfe350b313346e10cddc8f6393d4b138840be87	188	43	2666
34000	e6527c6c96efd30f776181ab2bfe350b313346e10cddc8f6393d4b138840be87	188	43	1978
33934	e6527c6c96efd30f776181ab2bfe350b313346e10cddc8f6393d4b138840be87	184	41	2542
33964	e6527c6c96efd30f776181ab2bfe350b313346e10cddc8f6393d4b138840be87	184	41	2542
33994	e6527c6c96efd30f776181ab2bfe350b313346e10cddc8f6393d4b138840be87	184	41	1886
25106	e6527c6c96efd30f776181ab2bfe350b313346e10cddc8f6393d4b138840be87	181	22	19649
25132	e6527c6c96efd30f776181ab2bfe350b313346e10cddc8f6393d4b138840be87	181	22	19649
25149	e6527c6c96efd30f776181ab2bfe350b313346e10cddc8f6393d4b138840be87	181	22	19563
29461	1bce5e0c03b5ad8f5278a3c0a9ef1db3b460f6b5d9ce25785bfba5fe24bb1b6e	181	22	19541
5466	0d19a670d841b93b363b568dcfeb104b56588ba048699ceab44a16f8e645ca83	180	1	1
15057	2dc8640212bc24c9cb7f1b8dc92deb9c1b24b4a1925fbf672ed948ae9e486fa2	180	1	1
577	714096c6affa162b7d3d534d211c6ec56d7d26ac8c89c0abdf71e05d7eb9cf3c	176	1	1
3831	d42220e4c0b5ee2edd6134684e754a90a249deb1d4327384f8fabb9d9b120c79	176	11	11
8066	94ddfe7fcc51be79e10691fb8054880c96260d1d3f5094134f02dc37358cb555	172	2	2
8067	94ddfe7fcc51be79e10691fb8054880c96260d1d3f5094134f02dc37358cb555	172	2	2
5320	53b09ddf21c09e3bf7d9e3a9d3d47f453324e322aa8784521cc912b9837dea2d	168	1	1
10916	af9eb3ebff370285456ff84de64b1426dcd61574fae724cdc8bc28619eb6ba5b	168	1	1
11441	7e8b8d8066bd1cc39ec51346e817f560355462b8a7591699a535e1b9baba7c27	168	1	1
29072	bcac848766cab80d3b791538d7991bf41ec3a16932507e01172a18d9e34760dd	168	1	686
29390	86e0bdae1754b7938e4b27cab6782ab463e58555a18bbeb1080c2f8bddbd0e6e	168	1	686
29406	a1e3283a7532242597e47eba3280f608ee0f4030bdae532505ee27aa8e8af194	168	1	686
29422	a1e3283a7532242597e47eba3280f608ee0f4030bdae532505ee27aa8e8af194	168	1	11056
29430	882ea6e1c2701ce5bfaa9420f0091d24ac72db02ddd09f153aa28820d18ebacf	168	1	11056
34033	1bce5e0c03b5ad8f5278a3c0a9ef1db3b460f6b5d9ce25785bfba5fe24bb1b6e	168	7	170
29074	e6527c6c96efd30f776181ab2bfe350b313346e10cddc8f6393d4b138840be87	166	5	3430
29408	e6527c6c96efd30f776181ab2bfe350b313346e10cddc8f6393d4b138840be87	166	5	3430
29424	e6527c6c96efd30f776181ab2bfe350b313346e10cddc8f6393d4b138840be87	166	5	55280
29432	e6527c6c96efd30f776181ab2bfe350b313346e10cddc8f6393d4b138840be87	166	5	55280
3258	96017cb921d87cd5c0ab08e89669fcc08b50f6d93e7eb9213e59f88be19918cb	160	1	3
3873	b4b209c65185ca8c9d2323f054be7a1f73d613d47ed9a29a5ddb002550fc368e	160	20	20
5187	b0ef6f3ca41701fe941c5ade4b963755cf1754c1ddce8e7de3c7479910de6fb2	160	1	11271
7064	b0ef6f3ca41701fe941c5ade4b963755cf1754c1ddce8e7de3c7479910de6fb2	160	1	11260
7477	b0ef6f3ca41701fe941c5ade4b963755cf1754c1ddce8e7de3c7479910de6fb2	160	1	11254
10881	ed1af01a81203a3866fb72d810168a10a3c1b7e58882a6b999406b477a897eed	160	1	1
10941	af9eb3ebff370285456ff84de64b1426dcd61574fae724cdc8bc28619eb6ba5b	160	1	1
11026	4bddbacd6e7c2d367e569e46953d56c431aea573962b5e266fa80b8fda61c3db	160	1	1
10763	670297148fc36e17e664809ea562a44bd7d59789f5732bf2ea03ec43423d36e8	152	1	1
10822	27f26f6476ccc61a4282dd55be700d53e4bfd6cfbb2ffa44f43920c91a3a589c	152	1	1
11339	c518a25bae52605c156e62fadaae752f7d66d70871b0cee73a374b64b113d409	152	1	1
11342	9a3a8f635af85d906c14758e4e25867141c18ad3a93759dee4b23b0fba0c00b1	152	1	1
11351	c518a25bae52605c156e62fadaae752f7d66d70871b0cee73a374b64b113d409	152	1	1
11354	9a3a8f635af85d906c14758e4e25867141c18ad3a93759dee4b23b0fba0c00b1	152	1	1
11363	c518a25bae52605c156e62fadaae752f7d66d70871b0cee73a374b64b113d409	152	1	1
11366	9a3a8f635af85d906c14758e4e25867141c18ad3a93759dee4b23b0fba0c00b1	152	1	1
11611	02c9bda346a88976e269d0be2a7b2efa24fcbf4c395a940726f431c57755eafc	152	1	1
11626	91d21d2d116ad1d872cc7969bbfe65d40307733ebaa9afad9c325f25b9212ef5	152	1	1
6876	e6527c6c96efd30f776181ab2bfe350b313346e10cddc8f6393d4b138840be87	150	19	19
3925	f83b9ac1d3eac2c46e7d64a1f121f93ead497073f19dd65bf2d526676e251a90	148	1	1
3980	f8c914624c504630d8f4a0733009037852a92382bb7f7259cf04ddb9e6203a8e	148	1	1
3987	b7d3eb0db28dbdf3fe35a7c7d771fcaebd0323389c891849547601dad46d4e35	148	1	1
4081	c9858a929d11167713916b686d010d7be629365b51f3f35717df9c5d8e79e2f0	148	1	1
6162	127a7572eaec280adc763914c0169bbc615ec87768b27b1d64e4b88527965fb0	148	1	1
15004	4c247950c8bf165c6c092af3219f112cb961d1258320f8483ce115fc1bbf168e	148	1	1
15069	2dc8640212bc24c9cb7f1b8dc92deb9c1b24b4a1925fbf672ed948ae9e486fa2	148	1	1
15082	812e48c3380952445cd68d313d46c8f0d260619941652477aa1a49fd346d37a5	148	1	1
5305	6cc5e6a7895c833ee25782f7d89d453371ca72d012cbd16b264113bdc401b8ca	144	1	1
7037	0495fd1933e44946f45f4c73359f2b114dd16b12edfe3ed7ecca4e55ae132a2b	144	1	11260
8382	f03ee78951fc67d0673a6a52ddbb4a6e567c4d74365df70e2e71e47772de959d	144	1	1
10983	0928fc24fd207c1be570d15d500acf23e0b01c83ba5b4d3200e94599815089ce	144	1	1
19819	075163944ac5d388fd7bed2dc5eb1ffcd0d2ef719bc1204dc87432eb245882dd	144	2	2
26245	53ac3631f42df5b49d4fad740c7d5cbb8833f3db194a8d892f08cc32e8c538e5	144	6	26
6983	e6527c6c96efd30f776181ab2bfe350b313346e10cddc8f6393d4b138840be87	139	18	202680
3791	d42220e4c0b5ee2edd6134684e754a90a249deb1d4327384f8fabb9d9b120c79	136	17	21
6556	e5b43aad5898c72cb93b5ff536035984342fe341aae8fef73dfc19fe3fcd7c23	136	1	1
8476	ae781395194ce28362fbb8c8d1d93318cf1b122409d98480df105bbaa709ff87	136	1	1
10991	b72d4423bee37b34efcc44f44ef889eb5cb5c4111a1f55f5216c73eedd593cef	136	1	1
11182	e1c671612c0560bd70e033f19af2b1e23793222a59404dbf9cf3905c389e1145	136	1	1
3200	e6527c6c96efd30f776181ab2bfe350b313346e10cddc8f6393d4b138840be87	134	1	1
8241	e6527c6c96efd30f776181ab2bfe350b313346e10cddc8f6393d4b138840be87	131	19	186939
32970	e6527c6c96efd30f776181ab2bfe350b313346e10cddc8f6393d4b138840be87	131	19	1389
32995	e6527c6c96efd30f776181ab2bfe350b313346e10cddc8f6393d4b138840be87	131	19	1396
33009	e6527c6c96efd30f776181ab2bfe350b313346e10cddc8f6393d4b138840be87	131	19	1389
33116	e6527c6c96efd30f776181ab2bfe350b313346e10cddc8f6393d4b138840be87	131	19	1389
33141	e6527c6c96efd30f776181ab2bfe350b313346e10cddc8f6393d4b138840be87	131	19	1396
33155	e6527c6c96efd30f776181ab2bfe350b313346e10cddc8f6393d4b138840be87	131	19	1389
33185	e6527c6c96efd30f776181ab2bfe350b313346e10cddc8f6393d4b138840be87	131	19	1367
33210	e6527c6c96efd30f776181ab2bfe350b313346e10cddc8f6393d4b138840be87	131	19	1374
33224	e6527c6c96efd30f776181ab2bfe350b313346e10cddc8f6393d4b138840be87	131	19	1367
33240	6792a80fce9588b41a42867e7103829ad3de44ed5e5ac9364ec5c94d9ac287fc	131	19	1334
33243	e6527c6c96efd30f776181ab2bfe350b313346e10cddc8f6393d4b138840be87	130	37	2585
4349	57d247744b80c373340d2936b58be068cad1592bfa67f27f90679fcd7943d7d1	128	1	11271
5199	1e057357226e99c9207ec3245e576e826cefc2268525713fb79ee1d2a0cf9c9b	128	1	11271
5325	f20f719ae83ac5c6407ebc5559bf207d7df223889025847c2e379ceccd5e1e9c	128	1	1
10801	768b1d3877a755805fb8b0e8c90a70e4102fb271726834eccd1934583b200540	128	1	1
11063	fb1f2048ee8be5f0ce92f2450771c5f3eeface13bd03baa01cd9ea4f1562a114	128	1	1
11119	265c5f756961b203b2872a6afdd9130aa0e18c76b13e75610e889657857658ec	128	1	1
11139	e1c671612c0560bd70e033f19af2b1e23793222a59404dbf9cf3905c389e1145	128	1	1
11178	265c5f756961b203b2872a6afdd9130aa0e18c76b13e75610e889657857658ec	128	1	1
11195	265c5f756961b203b2872a6afdd9130aa0e18c76b13e75610e889657857658ec	128	1	1
11233	51e2df5df35e0c78f2d6f51bd676c7c9cff213b9cbd61dd3ed1eb5de0c99e454	128	1	1
11397	3c97c345ff0aa1efa63d4298c46ffc3813b802896104348c00fa5b234145fa77	128	1	1
34618	de01b46e76e67df38a06f6e161382a6658c5a09f7cd6082993ab1075c0944c5a	128	1	33
34675	de01b46e76e67df38a06f6e161382a6658c5a09f7cd6082993ab1075c0944c5a	128	1	56
59097	198b7e9b8c3d2a1552f6df7581acc9f690334215ec535bd5dbed86108ed65ae9	128	1	1
59106	e7c4d1e641be3dee8a2c6ba7c31c3c3b1cfdcdf4a1106fd922dac644ba1ec5a1	128	1	1
3287	abff6880d426cbe59e117f65b0d3b12993eab626d9dae0e9bbdeed77b94a67d8	127	1	1
29391	86e0bdae1754b7938e4b27cab6782ab463e58555a18bbeb1080c2f8bddbd0e6e	123	4	2744
3795	d42220e4c0b5ee2edd6134684e754a90a249deb1d4327384f8fabb9d9b120c79	120	15	20
7775	b6ca1b5579046ec83123d1d03e72952868e031b8379b7f485e161df1866380f0	120	1	964
7818	b6ca1b5579046ec83123d1d03e72952868e031b8379b7f485e161df1866380f0	120	1	964
7887	b6ca1b5579046ec83123d1d03e72952868e031b8379b7f485e161df1866380f0	120	1	964
11066	35ade8e96517f8e8ea00b9dd01fe2a9e2db4dfa92c360385a0edf79e1731c488	120	1	1
11333	c518a25bae52605c156e62fadaae752f7d66d70871b0cee73a374b64b113d409	120	1	1
11998	daf024affc568853a32f551ecabbaabe6ad005324acd4304777412765456ff9a	120	1	1
3973	34835e55991ddad8e12d1e9b0ab1c03995a2e9cbd60ae14ec67260f563c66ce3	116	1	1
5424	d8cd7ea33945fb0d771bf536464e4802c478b21f5306e73ad27de389a3e16b82	116	1	1
3804	d42220e4c0b5ee2edd6134684e754a90a249deb1d4327384f8fabb9d9b120c79	112	7	7
8474	ae781395194ce28362fbb8c8d1d93318cf1b122409d98480df105bbaa709ff87	112	1	1
10825	5a09ff7985e731e538923dbb348daf5f3ad5de42d3012bcd0fa3e6ea8d33c161	112	1	1
11295	54f28f909c1b60a73faec748454b11c9412612ccdf73a4973c06a7d388e9fa00	112	1	1
11614	5662a0001a74eee824cd15bacba0f92c48b36f9679826fe766bc94c3b2cc977b	112	1	1
11634	5662a0001a74eee824cd15bacba0f92c48b36f9679826fe766bc94c3b2cc977b	112	1	1
12011	5662a0001a74eee824cd15bacba0f92c48b36f9679826fe766bc94c3b2cc977b	112	1	1
15090	5662a0001a74eee824cd15bacba0f92c48b36f9679826fe766bc94c3b2cc977b	112	1	1
15093	5662a0001a74eee824cd15bacba0f92c48b36f9679826fe766bc94c3b2cc977b	112	1	1
24373	d1dff27db77e8fa5eccf396759aa4b5622c18ce07038973d2ba1fb3a13452ae9	112	1	1
25412	88bf6d234899e009021c1b6b9cb2b25fc041ea986670f2e423b106a9433ce31b	112	1	1
3799	d42220e4c0b5ee2edd6134684e754a90a249deb1d4327384f8fabb9d9b120c79	104	13	19
5463	7cddee6a1e1c514177986443a51a2245cbbb49afe1a83cb69d99906973cacdef	104	1	1
5513	b91decdc48293ec13828af87116afff9f131fcd08317248dea2d85a8393f15b5	104	1	1
5516	bf30fe65930798cf42dc8cd5b6b442ba3eadc22657934e1df773321e0e0a55c0	104	1	1
8600	ec51e48b0e1dfa29517cc0204670d12cc5d4a19ea45cab8b7b017907a213e5d7	104	1	1
11130	e1c671612c0560bd70e033f19af2b1e23793222a59404dbf9cf3905c389e1145	104	1	1
11307	865e19a6cbd943d142d1dcc14ee92d2ebb07999cc3058cf259ab1cd586075385	104	1	1
5548	b91decdc48293ec13828af87116afff9f131fcd08317248dea2d85a8393f15b5	100	1	1
5549	b91decdc48293ec13828af87116afff9f131fcd08317248dea2d85a8393f15b5	100	1	1
5550	b91decdc48293ec13828af87116afff9f131fcd08317248dea2d85a8393f15b5	100	1	1
3192	52a4a0ca1b14b209ff494dddc71f2cdc286878eccc2e32133f42f0b6e0b9aad0	99	1	1
3220	e6527c6c96efd30f776181ab2bfe350b313346e10cddc8f6393d4b138840be87	99	13	13
153	504b0641dc0dbb4133d68931a787fd8d2d08a11e516abbbff1e2708d60c6d79b	96	1	1
3204	a1e3283a7532242597e47eba3280f608ee0f4030bdae532505ee27aa8e8af194	96	1	1
3452	d42220e4c0b5ee2edd6134684e754a90a249deb1d4327384f8fabb9d9b120c79	96	12	13
3800	d42220e4c0b5ee2edd6134684e754a90a249deb1d4327384f8fabb9d9b120c79	96	6	6
3954	a7802d8912b0e785b6d072b59852914ecefff8bd5a0d9e11e712e34276fcddbd	96	1	1
4391	09d69e0507f94583b57cf6d925bea537e480b526580fc4d762c3cd2c9e1d3353	96	1	1
4392	09d69e0507f94583b57cf6d925bea537e480b526580fc4d762c3cd2c9e1d3353	96	1	1
4751	ac2f72e85475996df5e4447a6fcf4dd0b51312ba6ad617fe276de341b60ec8fc	96	1	1
5086	ac2f72e85475996df5e4447a6fcf4dd0b51312ba6ad617fe276de341b60ec8fc	96	1	1
5428	7cddee6a1e1c514177986443a51a2245cbbb49afe1a83cb69d99906973cacdef	96	1	1
5430	7cddee6a1e1c514177986443a51a2245cbbb49afe1a83cb69d99906973cacdef	96	1	1
5433	f65b0dcb8f471028f70856a1800f7c05f9c37a5f360b9855fe07103e88e98e2c	96	1	1
5497	ec923eb81ff0163b0426ee4981c0e1d5af51159db95417dc6c0ca9af74d99667	96	1	1
5509	aac785335ce564f496d6ed096010afca50fae2814a2f4fd6694ec91e9f0b5426	96	1	1
5519	21c9fcc844ff712852497a991ea3f9b0a9b96fee79a444f7fcb3a4c6be42d7f2	96	1	1
5524	0ae627823fd8d8ab878efe3edc45e0f25676f6cb216435a2e4a2b314a5b3ae00	96	1	1
5920	7cddee6a1e1c514177986443a51a2245cbbb49afe1a83cb69d99906973cacdef	96	1	1
5926	7cddee6a1e1c514177986443a51a2245cbbb49afe1a83cb69d99906973cacdef	96	1	1
8243	d0bd7905244f6baee5afb2c3ed5c7e5235efef13cbada6b0dd911284bb966867	96	1	11131
10783	ae1e38174a6d2a373314fa16735f458ed716e00dabec759acca45470561cc74d	96	1	1
10818	27f26f6476ccc61a4282dd55be700d53e4bfd6cfbb2ffa44f43920c91a3a589c	96	1	1
10823	bc7717755c818254ce77e67269cda1160d43e64e6cef570167a4d6b52ae09350	96	1	1
11167	14c34d83827dfc38c7f0204ab94a250136b25dfcab7902d4dbcfc1bf9f39685d	96	1	1
11395	3c97c345ff0aa1efa63d4298c46ffc3813b802896104348c00fa5b234145fa77	96	1	1
13360	31bbd5b78a030ef22c866978f570f339956f40758101982e843c85ba9d06b574	96	1	1
24793	ae1e38174a6d2a373314fa16735f458ed716e00dabec759acca45470561cc74d	96	1	1
25409	89d3b40d4d69e11b8d19c559920a9a3c50cffe599e6619f07eae9809c44ef49b	96	1	1
32732	096d438c37c9977fb6448fdba38a462e10644befdb233603dda487b12b40abdb	96	1	1
33003	b70f790e60940b14d2fbb8e58a45f487d7dacfab979c0e874298c753236661fb	96	1	90
33149	b70f790e60940b14d2fbb8e58a45f487d7dacfab979c0e874298c753236661fb	96	1	90
33218	b70f790e60940b14d2fbb8e58a45f487d7dacfab979c0e874298c753236661fb	96	1	89
10926	b0ec0a1113026236e64238a15e63cfce56e2ed4bcc74877e6bece6403c5b6470	88	1	1
10934	af9eb3ebff370285456ff84de64b1426dcd61574fae724cdc8bc28619eb6ba5b	88	1	1
11126	e1c671612c0560bd70e033f19af2b1e23793222a59404dbf9cf3905c389e1145	88	1	1
11327	96ef0d4ca2e99b25adb0e38a6b5cb0ab205f8b826f5b60ab147beb36273115af	88	1	1
3210	e6527c6c96efd30f776181ab2bfe350b313346e10cddc8f6393d4b138840be87	87	11	11
3253	e6527c6c96efd30f776181ab2bfe350b313346e10cddc8f6393d4b138840be87	87	11	11
3796	d42220e4c0b5ee2edd6134684e754a90a249deb1d4327384f8fabb9d9b120c79	80	5	5
3898	0bbfd0605ddf0deabeeac3e505dc5cb181269c21ede78acbc624d7e1af9f938a	80	1	1
5319	d54eb60c6bf13d832d4021ac5c9b8e55f16f11384567a4e673442aa3e0736f72	80	1	1
8387	52fd6f2fdb960c75d6a302149ab0ebde810845295537508945823afeb4b84dd6	80	1	1
10963	a105775d795f1d940de85c6c41a34d2a939ea67ee0cedac44dbcb75c4b811933	80	1	1
11248	24ab923e26e62b9346f79fd5a158e62c6c8b9a73a6d0c56c5430266d5d5c7030	80	1	1
11284	54f28f909c1b60a73faec748454b11c9412612ccdf73a4973c06a7d388e9fa00	80	1	1
11286	54f28f909c1b60a73faec748454b11c9412612ccdf73a4973c06a7d388e9fa00	80	1	1
11408	3c97c345ff0aa1efa63d4298c46ffc3813b802896104348c00fa5b234145fa77	80	1	1
11460	e1c671612c0560bd70e033f19af2b1e23793222a59404dbf9cf3905c389e1145	80	1	1
11624	a2c270c8a5a8d6c6321b31d7e26f46e6f080e6a2d84fe0af5879e67304be0fed	80	1	1
15008	05bfbb0311ff41c34a955b06da1c5819a57768e874cbcd6a400c1d153959af0b	80	1	1
15014	05bfbb0311ff41c34a955b06da1c5819a57768e874cbcd6a400c1d153959af0b	80	1	1
19824	c518a25bae52605c156e62fadaae752f7d66d70871b0cee73a374b64b113d409	80	2	2
32967	8a03ed7948fe4873d3a76e1259e9718c0746d3098bbb2525a8e7f9a4e97e63db	76	19	1389
33113	8a03ed7948fe4873d3a76e1259e9718c0746d3098bbb2525a8e7f9a4e97e63db	76	19	1389
33182	8a03ed7948fe4873d3a76e1259e9718c0746d3098bbb2525a8e7f9a4e97e63db	76	19	1367
571	714096c6affa162b7d3d534d211c6ec56d7d26ac8c89c0abdf71e05d7eb9cf3c	72	1	1
572	714096c6affa162b7d3d534d211c6ec56d7d26ac8c89c0abdf71e05d7eb9cf3c	72	1	1
573	714096c6affa162b7d3d534d211c6ec56d7d26ac8c89c0abdf71e05d7eb9cf3c	72	1	1
3851	65ac0e2f2001d1807c5cbd6088ce6f20218842c33aaf16179785d0273d4f9682	72	1	1
3852	65ac0e2f2001d1807c5cbd6088ce6f20218842c33aaf16179785d0273d4f9682	72	1	1
3853	65ac0e2f2001d1807c5cbd6088ce6f20218842c33aaf16179785d0273d4f9682	72	1	1
3854	65ac0e2f2001d1807c5cbd6088ce6f20218842c33aaf16179785d0273d4f9682	72	1	1
5425	7cddee6a1e1c514177986443a51a2245cbbb49afe1a83cb69d99906973cacdef	72	1	1
7063	b0ef6f3ca41701fe941c5ade4b963755cf1754c1ddce8e7de3c7479910de6fb2	72	1	11260
10974	0928fc24fd207c1be570d15d500acf23e0b01c83ba5b4d3200e94599815089ce	72	1	1
11222	4091cfb523c06c1d5d7ece656a18793c86176d3f3d39a54e1d48011055427f50	72	1	1
11257	54f28f909c1b60a73faec748454b11c9412612ccdf73a4973c06a7d388e9fa00	72	1	1
15017	44e5d9c747a3933c6094de4239afc8ad1235a5ec4ab1891e53c683af9237bfa8	72	1	1
15676	075163944ac5d388fd7bed2dc5eb1ffcd0d2ef719bc1204dc87432eb245882dd	72	1	1
18912	075163944ac5d388fd7bed2dc5eb1ffcd0d2ef719bc1204dc87432eb245882dd	72	1	1
3230	e6527c6c96efd30f776181ab2bfe350b313346e10cddc8f6393d4b138840be87	70	2	2
41077	ec8fed4bf55c3eafa074bd5eb3e5425b6fec8022cf6682a73c71a57f877713aa	69	1	1
3212	e6527c6c96efd30f776181ab2bfe350b313346e10cddc8f6393d4b138840be87	67	11	11
8222	e6527c6c96efd30f776181ab2bfe350b313346e10cddc8f6393d4b138840be87	66	3	3
204	096d438c37c9977fb6448fdba38a462e10644befdb233603dda487b12b40abdb	64	1	3
3198	e6527c6c96efd30f776181ab2bfe350b313346e10cddc8f6393d4b138840be87	64	1	1
3792	d42220e4c0b5ee2edd6134684e754a90a249deb1d4327384f8fabb9d9b120c79	64	4	4
3826	d42220e4c0b5ee2edd6134684e754a90a249deb1d4327384f8fabb9d9b120c79	64	8	43
3892	d42220e4c0b5ee2edd6134684e754a90a249deb1d4327384f8fabb9d9b120c79	64	1	1
4750	6929d9bb67a00fec91d90f4559b9ed26003bf7fb74134da08e1e0095ccca3982	64	1	1
6166	3526a15898cc24c91ffe28049308a349a0995daffb6da0f1246cee4adbe0b4f1	64	1	1
6189	350e82cb33789002c06e2b9febd6ab799b77cdab4d0bebbc2908409673cf2cad	64	1	2
6677	1d8a838ddf6867dd55126c94d7395ab569cf0f4493a82e45fd0eaa1c51f82755	64	1	1
6678	1d8a838ddf6867dd55126c94d7395ab569cf0f4493a82e45fd0eaa1c51f82755	64	1	1
8395	67c23779f78ddc300af09da18ad4e45f39300074c64ef84fd85f6fbf0e1daad3	64	1	1
10695	70e36be5ecbdaf3253f0908612ab3091894e9b9bf2e9cc897e1efebe81f1a0d9	64	1	1
10815	10667dfeab1ab58eace57cc9a1e2e10c1bed2420b6ada224760d7a55b7eb1ec6	64	1	1
10924	944c3b7c09168d59a958d66a92ea4be3ba5c32295aebaae4404beaa3ed3b64cb	64	1	1
10927	b0ec0a1113026236e64238a15e63cfce56e2ed4bcc74877e6bece6403c5b6470	64	1	1
10931	944c3b7c09168d59a958d66a92ea4be3ba5c32295aebaae4404beaa3ed3b64cb	64	1	1
10998	5bda19d2e77b5de08a70b2b8f9e7764e3c6f40eb4275a09a7afca4578771aa6c	64	1	1
11019	639511caff4ca9379f4c3593474a84e0dce66148a37e47055a9961dfd1b34898	64	1	1
11022	036e294a7d4186612dfca04b3460ad623884911c9559f6d81c96d4044089df95	64	1	1
11155	73c57d868ec65b2ec89448216eda3f96e25d61766e666282975f198e18398672	64	1	1
11227	4091cfb523c06c1d5d7ece656a18793c86176d3f3d39a54e1d48011055427f50	64	1	1
11293	de7af124051a40a470ceb9131f1f55ba8797191aa8d17f770c31d066f8d15c27	64	1	1
11298	65a2a8416e34e81374d9d652243bb2daca85a222bfdd65ec5abfc83f91f4853c	64	1	1
11965	6a04df60ca57e7d15fa276a2554334fdc67fae78eb8010db7575a238225a09b7	64	1	1
11967	6a04df60ca57e7d15fa276a2554334fdc67fae78eb8010db7575a238225a09b7	64	1	1
15009	05bfbb0311ff41c34a955b06da1c5819a57768e874cbcd6a400c1d153959af0b	64	1	1
15012	8a8a5ef0f3b1ba216008817c34c3e1a0b0f530d6edd5a46d96687f1c4b17d842	64	1	1
15015	05bfbb0311ff41c34a955b06da1c5819a57768e874cbcd6a400c1d153959af0b	64	1	1
19821	e722f1fd05a3d869c1a72eaabcb9323cd25d86a610362b3b95123ea9c1780fe1	64	2	2
21723	0fe975834c10f6f9ffeeca26f9efc2eb24ec06cd5ed329c70f77ea25e12016e7	64	1	1
33776	0009a88d4afc30d2038bb95302980cba973f583b73155b8d0dfc357bd8b52f9f	64	1	1
33949	e6527c6c96efd30f776181ab2bfe350b313346e10cddc8f6393d4b138840be87	64	7	342
33979	e6527c6c96efd30f776181ab2bfe350b313346e10cddc8f6393d4b138840be87	64	7	342
34009	e6527c6c96efd30f776181ab2bfe350b313346e10cddc8f6393d4b138840be87	64	7	246
34032	1bce5e0c03b5ad8f5278a3c0a9ef1db3b460f6b5d9ce25785bfba5fe24bb1b6e	64	7	170
36489	91eff752cc5109a11da1670ac5bfa24e0be76468c2d8b21a2047fd88abf4531e	64	1	10
44605	096d438c37c9977fb6448fdba38a462e10644befdb233603dda487b12b40abdb	64	1	1
90	6a36977ed237be23b5c72646586416b857d6e764b1e64b2b679be67623263e51	63	1	1
103	e6527c6c96efd30f776181ab2bfe350b313346e10cddc8f6393d4b138840be87	63	1	1
3846	e6527c6c96efd30f776181ab2bfe350b313346e10cddc8f6393d4b138840be87	63	1	1
3995	e6527c6c96efd30f776181ab2bfe350b313346e10cddc8f6393d4b138840be87	63	1	1
5737	edcaa9ee722ce3b2f2d0ab95502421f356fd5d880d1abc85cf2ce615ccb4d78d	63	1	1
4395	ac2f72e85475996df5e4447a6fcf4dd0b51312ba6ad617fe276de341b60ec8fc	60	1	11271
25377	88bf6d234899e009021c1b6b9cb2b25fc041ea986670f2e423b106a9433ce31b	60	1	1
692	448d57f07b8d24653caaa7fcfbd057cbd5e5c181204020de3dc6065f866082f2	58	1	1
10829	925d856f5ad5a4c35686fb53d6a7ac13a8be505d17bf838b1a60fd52068e620c	58	1	1
10830	621e876fa28baa2e1a28044329820ba92a08447fdfbdc2e5f2016000f864775a	58	1	1
3527	d42220e4c0b5ee2edd6134684e754a90a249deb1d4327384f8fabb9d9b120c79	56	7	1364
4748	6929d9bb67a00fec91d90f4559b9ed26003bf7fb74134da08e1e0095ccca3982	56	1	1
5309	6cc5e6a7895c833ee25782f7d89d453371ca72d012cbd16b264113bdc401b8ca	56	1	1
5447	d28f8c67e2e56b120fb5ddcf5cf5a19b1c7ed002d272ddec501ae316465286ec	56	1	1
6181	ef4e540fe6ca247a4cf69e629f80d84235a5ce36f852a4383b9777e3d14e36f1	56	1	2
8416	a0d598c0b1fd3f99b7063b8c7baaf35fc2ca52a0c76239eaf9917f6adf1923a9	56	1	1
8616	ec51e48b0e1dfa29517cc0204670d12cc5d4a19ea45cab8b7b017907a213e5d7	56	1	1
8624	ec51e48b0e1dfa29517cc0204670d12cc5d4a19ea45cab8b7b017907a213e5d7	56	1	1
8632	ec51e48b0e1dfa29517cc0204670d12cc5d4a19ea45cab8b7b017907a213e5d7	56	1	1
10703	754bed513eba0ec694282397267e027b7af8cd8a4384a08baa1b30312559a13d	56	1	1
10879	f9207cfc984e24790b1f723160fcbad90f6d2f42d19a3793c8eeec7728599696	56	1	1
10929	944c3b7c09168d59a958d66a92ea4be3ba5c32295aebaae4404beaa3ed3b64cb	56	1	1
10932	944c3b7c09168d59a958d66a92ea4be3ba5c32295aebaae4404beaa3ed3b64cb	56	1	1
10956	501477c5d08457b5c238053adaa0a38374a3945dffae80d8458f6417743c02b7	56	1	1
11034	4bddbacd6e7c2d367e569e46953d56c431aea573962b5e266fa80b8fda61c3db	56	1	1
11036	4bddbacd6e7c2d367e569e46953d56c431aea573962b5e266fa80b8fda61c3db	56	1	1
11109	b6129c2f69ea4fdbe45600cd508cdd5db0dcf69fdb827bcf87c90d5b3a37c7db	56	1	1
11135	e1c671612c0560bd70e033f19af2b1e23793222a59404dbf9cf3905c389e1145	56	1	1
11276	54f28f909c1b60a73faec748454b11c9412612ccdf73a4973c06a7d388e9fa00	56	1	1
11428	e1c671612c0560bd70e033f19af2b1e23793222a59404dbf9cf3905c389e1145	56	1	1
20443	621e876fa28baa2e1a28044329820ba92a08447fdfbdc2e5f2016000f864775a	56	1	1
24403	aa69e0247d6c7f0ba29bb87258288e99ff7e061ff2ccd88c449f86c30c99a901	56	1	1
12435	ec8fed4bf55c3eafa074bd5eb3e5425b6fec8022cf6682a73c71a57f877713aa	55	1	1
32966	e6527c6c96efd30f776181ab2bfe350b313346e10cddc8f6393d4b138840be87	54	18	1304
33112	e6527c6c96efd30f776181ab2bfe350b313346e10cddc8f6393d4b138840be87	54	18	1304
33181	e6527c6c96efd30f776181ab2bfe350b313346e10cddc8f6393d4b138840be87	54	18	1282
6670	55f28fcbd17be75b3b499de20199547c4b78e4f14fd46f6b3dfa83d7aab4f14b	51	1	3
7476	b0ef6f3ca41701fe941c5ade4b963755cf1754c1ddce8e7de3c7479910de6fb2	51	1	11254
29068	e6527c6c96efd30f776181ab2bfe350b313346e10cddc8f6393d4b138840be87	51	1	686
29385	26f92126a5ac14b1002854df2b7d2850a0d613c8069fd060f09f421a7fb493aa	51	1	686
29402	e6527c6c96efd30f776181ab2bfe350b313346e10cddc8f6393d4b138840be87	51	1	686
29418	e6527c6c96efd30f776181ab2bfe350b313346e10cddc8f6393d4b138840be87	51	1	11056
29426	e6527c6c96efd30f776181ab2bfe350b313346e10cddc8f6393d4b138840be87	51	1	11056
5186	b0ef6f3ca41701fe941c5ade4b963755cf1754c1ddce8e7de3c7479910de6fb2	49	1	11271
3808	d42220e4c0b5ee2edd6134684e754a90a249deb1d4327384f8fabb9d9b120c79	48	3	3
3842	65ac0e2f2001d1807c5cbd6088ce6f20218842c33aaf16179785d0273d4f9682	48	1	1
3952	a7802d8912b0e785b6d072b59852914ecefff8bd5a0d9e11e712e34276fcddbd	48	1	1
4006	4dca13caf745cb432bb835cf795aa1269da67bc9b074a0978515bb9f293c6d76	48	1	1
4010	2fb231e1308fccb0e5cd2ea0cedd178d50ff9ed88231713caf6d9bd1d1dcc2fa	48	1	1
5312	0441dcf43b67a4b7a2e4884afa0e5bdfdad7dcc2f33f7215d092bd9b86097970	48	1	1
5343	c76d5c58fed14a0cba283ab845ac469b7b93bd414d8f9654acecea318f2479b6	48	1	1
5455	4dca13caf745cb432bb835cf795aa1269da67bc9b074a0978515bb9f293c6d76	48	1	1
5456	eb965d7f0dda95cd197ac8b79ecb3286f8ad3ad63daa9c93d6b18139ed011ead	48	1	1
5551	b91decdc48293ec13828af87116afff9f131fcd08317248dea2d85a8393f15b5	48	1	1
5552	b91decdc48293ec13828af87116afff9f131fcd08317248dea2d85a8393f15b5	48	1	1
6187	4dca13caf745cb432bb835cf795aa1269da67bc9b074a0978515bb9f293c6d76	48	1	2
6188	350e82cb33789002c06e2b9febd6ab799b77cdab4d0bebbc2908409673cf2cad	48	1	2
6676	1d8a838ddf6867dd55126c94d7395ab569cf0f4493a82e45fd0eaa1c51f82755	48	1	1
10680	d8a7804abbb693cdf832824e0683ba7445a54039b3fe48b2c50f0795b19fcfdf	48	1	1
10689	d8a7804abbb693cdf832824e0683ba7445a54039b3fe48b2c50f0795b19fcfdf	48	1	1
10761	4dca13caf745cb432bb835cf795aa1269da67bc9b074a0978515bb9f293c6d76	48	1	1
10762	670297148fc36e17e664809ea562a44bd7d59789f5732bf2ea03ec43423d36e8	48	1	1
10775	4dca13caf745cb432bb835cf795aa1269da67bc9b074a0978515bb9f293c6d76	48	1	1
10776	7e3949ea5a210208d044003806f43302464bdb80af6739cd18b0eb4d08291560	48	1	1
10917	af9eb3ebff370285456ff84de64b1426dcd61574fae724cdc8bc28619eb6ba5b	48	1	1
10976	0928fc24fd207c1be570d15d500acf23e0b01c83ba5b4d3200e94599815089ce	48	1	1
11133	6db6fbd2add0b9db3f8c98b32f2f231dfd568abda076161cc8f722eebbe3f05a	48	1	1
11239	c7bc74c2c4e9f689ffc3bfcf1c335418a98616c287767fc27955b79d6342aba6	48	1	1
11288	54f28f909c1b60a73faec748454b11c9412612ccdf73a4973c06a7d388e9fa00	48	1	1
11979	d8a7804abbb693cdf832824e0683ba7445a54039b3fe48b2c50f0795b19fcfdf	48	1	1
13154	53ac3631f42df5b49d4fad740c7d5cbb8833f3db194a8d892f08cc32e8c538e5	48	2	4
14993	0bb667726ef87d1472b2594c925454770ba66ccb92f0441a7adb289e01942dcf	48	1	1
20456	8cc013b178ad8ffeef17de30cb62f158d3ec92284fe8dd1c50482ced5bad4e0f	48	1	1
23852	53ac3631f42df5b49d4fad740c7d5cbb8833f3db194a8d892f08cc32e8c538e5	48	2	4
24784	7e3949ea5a210208d044003806f43302464bdb80af6739cd18b0eb4d08291560	48	1	1
26235	2e362a31aab39ed588d22d840f93e3fd2eac128d48c942a652982ebbabb8ab91	48	6	26
34194	53ac3631f42df5b49d4fad740c7d5cbb8833f3db194a8d892f08cc32e8c538e5	48	2	4
36355	53ac3631f42df5b49d4fad740c7d5cbb8833f3db194a8d892f08cc32e8c538e5	48	2	4
41613	c3ed9422a2622e542b5934b1eba7dfd5788596fe1be3f1751fe4833587a8e2cc	48	1	1
42125	0d626ce5fb17adfbd4bacd087f456be8758c78050c4f24d4835a3059bd188a1f	48	1	1
53526	cb7e8106f8d7d2b6b7120ae44bafe0f5a74105401b8b7717614c0e1abb080cb8	48	1	1
12432	ec8fed4bf55c3eafa074bd5eb3e5425b6fec8022cf6682a73c71a57f877713aa	47	1	1
56	448d57f07b8d24653caaa7fcfbd057cbd5e5c181204020de3dc6065f866082f2	46	1	1
119	448d57f07b8d24653caaa7fcfbd057cbd5e5c181204020de3dc6065f866082f2	46	1	1
136	448d57f07b8d24653caaa7fcfbd057cbd5e5c181204020de3dc6065f866082f2	46	1	1
601	448d57f07b8d24653caaa7fcfbd057cbd5e5c181204020de3dc6065f866082f2	46	1	1
618	448d57f07b8d24653caaa7fcfbd057cbd5e5c181204020de3dc6065f866082f2	46	1	1
20148	ec8fed4bf55c3eafa074bd5eb3e5425b6fec8022cf6682a73c71a57f877713aa	44	1	1
29389	86e0bdae1754b7938e4b27cab6782ab463e58555a18bbeb1080c2f8bddbd0e6e	43	1	686
3214	e6527c6c96efd30f776181ab2bfe350b313346e10cddc8f6393d4b138840be87	42	9	9
3807	d42220e4c0b5ee2edd6134684e754a90a249deb1d4327384f8fabb9d9b120c79	40	5	8
3841	65ac0e2f2001d1807c5cbd6088ce6f20218842c33aaf16179785d0273d4f9682	40	1	1
3847	65ac0e2f2001d1807c5cbd6088ce6f20218842c33aaf16179785d0273d4f9682	40	1	1
3848	65ac0e2f2001d1807c5cbd6088ce6f20218842c33aaf16179785d0273d4f9682	40	1	1
5085	6929d9bb67a00fec91d90f4559b9ed26003bf7fb74134da08e1e0095ccca3982	40	1	1
5488	f5ce67bf6fb7a767979b6754873b100c2501c495ea5f094f69a25f3a62bc1c31	40	1	1
5490	f5ce67bf6fb7a767979b6754873b100c2501c495ea5f094f69a25f3a62bc1c31	40	1	1
6305	ba6acfe4a53dd2ba39bf9f7d31cfb7a69da4cc73306c74bb082370b9807324a6	40	1	2
6306	ba6acfe4a53dd2ba39bf9f7d31cfb7a69da4cc73306c74bb082370b9807324a6	40	1	2
6347	ba6acfe4a53dd2ba39bf9f7d31cfb7a69da4cc73306c74bb082370b9807324a6	40	1	28691
6348	ba6acfe4a53dd2ba39bf9f7d31cfb7a69da4cc73306c74bb082370b9807324a6	40	1	28691
6598	759555167e34a9a9d61431b5cf20a39a8350e01efc037331475e874b577520c2	40	1	1
8486	52e3502a02f1e0979a53b6a0df6729a8d0cab14ffb903b2f0d2a65a2b050b1cd	40	1	1
8506	52e3502a02f1e0979a53b6a0df6729a8d0cab14ffb903b2f0d2a65a2b050b1cd	40	1	1
10712	52e3502a02f1e0979a53b6a0df6729a8d0cab14ffb903b2f0d2a65a2b050b1cd	40	1	1
10715	65628fbfd8eea0ba3d55f7490dc21cf2f523fb085cc5edbf2acc07e61d738a9a	40	1	1
10735	52e3502a02f1e0979a53b6a0df6729a8d0cab14ffb903b2f0d2a65a2b050b1cd	40	1	1
10738	65628fbfd8eea0ba3d55f7490dc21cf2f523fb085cc5edbf2acc07e61d738a9a	40	1	1
10877	f9207cfc984e24790b1f723160fcbad90f6d2f42d19a3793c8eeec7728599696	40	1	1
10970	0928fc24fd207c1be570d15d500acf23e0b01c83ba5b4d3200e94599815089ce	40	1	1
10979	065e2c1a0a0d98c71fab0691ea6ead636870b3691ae79b35534f5cf4206af74b	40	1	1
10981	065e2c1a0a0d98c71fab0691ea6ead636870b3691ae79b35534f5cf4206af74b	40	1	1
11072	35ade8e96517f8e8ea00b9dd01fe2a9e2db4dfa92c360385a0edf79e1731c488	40	1	1
11081	9e23ce7ee7495f5f7540f25562d428c93500bc0e8bbfde42c655c2a8f8845270	40	1	1
11164	e1c671612c0560bd70e033f19af2b1e23793222a59404dbf9cf3905c389e1145	40	1	1
11214	117e203615b17dcfb33442b3d53f06f2c3fc7c0cba6870029c8acce67f6e59f1	40	1	1
11268	52e3502a02f1e0979a53b6a0df6729a8d0cab14ffb903b2f0d2a65a2b050b1cd	40	1	1
11413	4e5621c6fa23b01661d0c9e68ef46b7d91b11364438d91a8ff0b0491bd6a2759	40	1	1
11454	e1c671612c0560bd70e033f19af2b1e23793222a59404dbf9cf3905c389e1145	40	1	1
11578	52e3502a02f1e0979a53b6a0df6729a8d0cab14ffb903b2f0d2a65a2b050b1cd	40	1	1
11738	52e3502a02f1e0979a53b6a0df6729a8d0cab14ffb903b2f0d2a65a2b050b1cd	40	1	1
11982	4c2522db83b87aa095d30844269d3f483987eef675b655a8fb5a70f8e2a7d761	40	1	1
13042	52e3502a02f1e0979a53b6a0df6729a8d0cab14ffb903b2f0d2a65a2b050b1cd	40	1	2
15681	c518a25bae52605c156e62fadaae752f7d66d70871b0cee73a374b64b113d409	40	1	1
18917	c518a25bae52605c156e62fadaae752f7d66d70871b0cee73a374b64b113d409	40	1	1
19817	92487c3ac15e0c4edbaffe1a0f2cd4eea3c74338dbd6a3dddbd171954d513803	40	2	2
40345	8456236c02212248ff44836ddfc95227b88f6f3dec9a69b45c68322e4ddcaaca	40	1	1
52234	52e3502a02f1e0979a53b6a0df6729a8d0cab14ffb903b2f0d2a65a2b050b1cd	40	1	1
52240	65628fbfd8eea0ba3d55f7490dc21cf2f523fb085cc5edbf2acc07e61d738a9a	40	1	1
53514	52e3502a02f1e0979a53b6a0df6729a8d0cab14ffb903b2f0d2a65a2b050b1cd	40	1	1
53520	65628fbfd8eea0ba3d55f7490dc21cf2f523fb085cc5edbf2acc07e61d738a9a	40	1	1
53523	fdac19feaa989c5e391325e4cf4b8ef712350f0915fab727d39069b3bc23d6ac	40	1	1
53652	65628fbfd8eea0ba3d55f7490dc21cf2f523fb085cc5edbf2acc07e61d738a9a	40	1	2
24398	72204921509737c486b146f3d6df800663e7a2c911de8a897241ecf87f90b6f0	38	1	1
24425	67bd84f807035d03fe0592ee6bbe691d2f34a724fcd0615821b1ce5fc5af7a82	38	1	1
24543	077c2ea1015258eed6fb0e1a208cf63509b7c47248559ed46c94400c66d1f7db	38	1	1
5347	4321aca5eb6d09c72924ba0c1e2203d171fa1d29b126b0174ef493772fc725c8	36	1	1
6382	981c6ef021bdfe8b3f7e5f8a96baf39e34c6d9fd72a42ada17a3441fc9d6f44d	36	1	3
6384	981c6ef021bdfe8b3f7e5f8a96baf39e34c6d9fd72a42ada17a3441fc9d6f44d	36	1	3
6386	981c6ef021bdfe8b3f7e5f8a96baf39e34c6d9fd72a42ada17a3441fc9d6f44d	36	1	3
6944	e6527c6c96efd30f776181ab2bfe350b313346e10cddc8f6393d4b138840be87	36	1	11260
25076	e6527c6c96efd30f776181ab2bfe350b313346e10cddc8f6393d4b138840be87	36	1	28689
32776	e6527c6c96efd30f776181ab2bfe350b313346e10cddc8f6393d4b138840be87	36	1	295
32789	e6527c6c96efd30f776181ab2bfe350b313346e10cddc8f6393d4b138840be87	36	1	295
32794	e6527c6c96efd30f776181ab2bfe350b313346e10cddc8f6393d4b138840be87	36	1	291
32801	91eff752cc5109a11da1670ac5bfa24e0be76468c2d8b21a2047fd88abf4531e	36	1	289
3312	72a1618b84e7906669afd846e812b5c566431a338b5eb393f621fc765cbd2142	35	1	1
7051	268f7bdf5b2adcdad40216436e81d1d98b856a0cac65cbcb37464faf2346fa85	34	2	22520
25410	89d3b40d4d69e11b8d19c559920a9a3c50cffe599e6619f07eae9809c44ef49b	33	3	3
42	fc2da8fba9e079d471b644a9b1c677eca407d7961f4c0267bb332715e144686d	32	1	1
575	714096c6affa162b7d3d534d211c6ec56d7d26ac8c89c0abdf71e05d7eb9cf3c	32	1	1
578	714096c6affa162b7d3d534d211c6ec56d7d26ac8c89c0abdf71e05d7eb9cf3c	32	1	1
3906	f92691b8fcb9335ba25ffa7d572b8bae47cae774807f6184a21068f809b682dc	32	1	1
4009	fc2da8fba9e079d471b644a9b1c677eca407d7961f4c0267bb332715e144686d	32	1	1
4067	fc2da8fba9e079d471b644a9b1c677eca407d7961f4c0267bb332715e144686d	32	1	1
4394	fc2da8fba9e079d471b644a9b1c677eca407d7961f4c0267bb332715e144686d	32	1	1
5083	6929d9bb67a00fec91d90f4559b9ed26003bf7fb74134da08e1e0095ccca3982	32	1	1
5487	fc2da8fba9e079d471b644a9b1c677eca407d7961f4c0267bb332715e144686d	32	1	1
5568	fc2da8fba9e079d471b644a9b1c677eca407d7961f4c0267bb332715e144686d	32	1	1
6198	fc2da8fba9e079d471b644a9b1c677eca407d7961f4c0267bb332715e144686d	32	1	2
6595	d42220e4c0b5ee2edd6134684e754a90a249deb1d4327384f8fabb9d9b120c79	32	4	41
6680	1d8a838ddf6867dd55126c94d7395ab569cf0f4493a82e45fd0eaa1c51f82755	32	1	1
7303	d42220e4c0b5ee2edd6134684e754a90a249deb1d4327384f8fabb9d9b120c79	32	1	1
8409	38a0cb8c47eaa2056c011cec3dc85cdfb5f4a2666c90ec5eac16ce3ad7f3e158	32	1	1
8603	b6eab2c2660eccaa094ac56846172fd9d74b032b166b4e5597a71294894587d6	32	1	1
8611	b6eab2c2660eccaa094ac56846172fd9d74b032b166b4e5597a71294894587d6	32	1	1
8619	b6eab2c2660eccaa094ac56846172fd9d74b032b166b4e5597a71294894587d6	32	1	1
8627	b6eab2c2660eccaa094ac56846172fd9d74b032b166b4e5597a71294894587d6	32	1	1
8635	b6eab2c2660eccaa094ac56846172fd9d74b032b166b4e5597a71294894587d6	32	1	1
10749	096d438c37c9977fb6448fdba38a462e10644befdb233603dda487b12b40abdb	32	1	1
10778	fc2da8fba9e079d471b644a9b1c677eca407d7961f4c0267bb332715e144686d	32	1	1
10787	fc2da8fba9e079d471b644a9b1c677eca407d7961f4c0267bb332715e144686d	32	1	1
10930	944c3b7c09168d59a958d66a92ea4be3ba5c32295aebaae4404beaa3ed3b64cb	32	1	1
10955	35e78f0a0e872012e5d3ab66e80d34cfa19b567ed7b01f627b04116a14de0e1f	32	1	1
11053	5bda19d2e77b5de08a70b2b8f9e7764e3c6f40eb4275a09a7afca4578771aa6c	32	1	1
11060	d43e40ea5d17a3437046fee6b943c815126db89e1a68084da4d40667aa187537	32	1	1
11093	db69a00f387ff559f63c7088f66af7946dad980946ff5f2c76e311e05900dc1c	32	1	1
11096	4e8fa2ab74a16f103d775871f1ff9fb8027c1a3c525d53808a1f335fc748c462	32	1	1
11137	e1c671612c0560bd70e033f19af2b1e23793222a59404dbf9cf3905c389e1145	32	1	1
11147	e1c671612c0560bd70e033f19af2b1e23793222a59404dbf9cf3905c389e1145	32	1	1
11174	edd755cf4c723e1f1b8b96216796551f6be27ddea638984812749935ddd5bda7	32	1	1
11274	c94bfcdea6b97944ab088e32592ae9ddaf72fa1eeb848a15c39f95f07b1b6883	32	1	1
11444	59f8f6b22a641eddb9d2cc92eb5e656b99e63f13526f1c05e7eab3a94372a539	32	1	1
11450	68717bc035d501b2d7a0548069f3cb687ec27f290d2a36341c727b8f1e313ebc	32	1	1
11586	1b41b4c90cd11a8fc95d510ffe45d155da782c76593f8725424caa71f1a178a5	32	1	1
11617	3474ced2e745fb4a831577303fece12ca8f0d485133df40b21d489263c635be4	32	1	1
11746	1b41b4c90cd11a8fc95d510ffe45d155da782c76593f8725424caa71f1a178a5	32	1	1
15005	cc887c35cbb94c87d58b6a566efc67732bc5dba8aa071e6b2eafb791ed9134b9	32	1	1
15678	e722f1fd05a3d869c1a72eaabcb9323cd25d86a610362b3b95123ea9c1780fe1	32	1	1
15968	aa69e0247d6c7f0ba29bb87258288e99ff7e061ff2ccd88c449f86c30c99a901	32	1	1
16019	9b98ccce08121c1f46b5e647b1013f305c663c59b182bf6986fc0277233adaf8	32	1	1
16021	fc2da8fba9e079d471b644a9b1c677eca407d7961f4c0267bb332715e144686d	32	1	1
18914	e722f1fd05a3d869c1a72eaabcb9323cd25d86a610362b3b95123ea9c1780fe1	32	1	1
20476	fc2da8fba9e079d471b644a9b1c677eca407d7961f4c0267bb332715e144686d	32	1	1
24786	fc2da8fba9e079d471b644a9b1c677eca407d7961f4c0267bb332715e144686d	32	1	1
25074	d42220e4c0b5ee2edd6134684e754a90a249deb1d4327384f8fabb9d9b120c79	32	1	1
25330	72204921509737c486b146f3d6df800663e7a2c911de8a897241ecf87f90b6f0	32	1	1
33086	35c9fc1afa0cb835d15a2ed0694b5d8770a0e152eb0cba4d4520c53bdeaed60d	32	1	1
40733	ec8fed4bf55c3eafa074bd5eb3e5425b6fec8022cf6682a73c71a57f877713aa	32	1	1
41859	1b1340a6c67023584ca7df013833bc2fc5ba7e080ef2a4d3e707a2f30f58aeda	32	1	4
41944	7ddd4335e938a97786c20127d1bdedd53316ad0dd76f07c9e880909b96111557	32	1	3
42092	ed18864bf7ff0822ecaad38b15c39a999bd9d34ad1d4914979ecc98ac5421f19	32	1	2
42120	835c7c0937d72d625358bd839d46e5b0a46f0ce6e2ea8aef1bf3114f8ed93b86	32	1	4
42142	835c7c0937d72d625358bd839d46e5b0a46f0ce6e2ea8aef1bf3114f8ed93b86	32	1	1944
47065	a718c1274bef4c5201c701009a6285b4dca13d38680b99ac0e9891f64cdd5ffe	32	1	1
52242	1b41b4c90cd11a8fc95d510ffe45d155da782c76593f8725424caa71f1a178a5	32	1	1
12071	ec8fed4bf55c3eafa074bd5eb3e5425b6fec8022cf6682a73c71a57f877713aa	31	1	1
33000	30a3976e1ce582d122c89d7ce0c85b5511a4b1a8efa19f60de0033fef33df90c	31	1	90
33146	30a3976e1ce582d122c89d7ce0c85b5511a4b1a8efa19f60de0033fef33df90c	31	1	90
33215	30a3976e1ce582d122c89d7ce0c85b5511a4b1a8efa19f60de0033fef33df90c	31	1	89
35954	e6527c6c96efd30f776181ab2bfe350b313346e10cddc8f6393d4b138840be87	31	1	3707
35956	e6527c6c96efd30f776181ab2bfe350b313346e10cddc8f6393d4b138840be87	31	1	149
35958	e6527c6c96efd30f776181ab2bfe350b313346e10cddc8f6393d4b138840be87	31	1	149
35960	e6527c6c96efd30f776181ab2bfe350b313346e10cddc8f6393d4b138840be87	31	1	148
13409	ec8fed4bf55c3eafa074bd5eb3e5425b6fec8022cf6682a73c71a57f877713aa	30	1	1
3268	e6527c6c96efd30f776181ab2bfe350b313346e10cddc8f6393d4b138840be87	29	4	4
7447	9461c870e36140e4cc925d50050857934e5c0966db2521d9495b4c5b71997db0	29	3	12515884
4062	549d2828f4bd60b6f928e9649aeef9539a53e8115de8c250dc64ff495cff50ca	28	3	6
8245	e6527c6c96efd30f776181ab2bfe350b313346e10cddc8f6393d4b138840be87	28	4	43984
33953	961c1d4e7436c6f8e6234ad6b7a2020f550853b36ce473c56aafa10e2cecdd6c	28	7	342
33983	961c1d4e7436c6f8e6234ad6b7a2020f550853b36ce473c56aafa10e2cecdd6c	28	7	342
34013	961c1d4e7436c6f8e6234ad6b7a2020f550853b36ce473c56aafa10e2cecdd6c	28	7	246
34035	e6527c6c96efd30f776181ab2bfe350b313346e10cddc8f6393d4b138840be87	28	7	170
3206	e6527c6c96efd30f776181ab2bfe350b313346e10cddc8f6393d4b138840be87	26	4	4
41575	ec8fed4bf55c3eafa074bd5eb3e5425b6fec8022cf6682a73c71a57f877713aa	26	1	1
41956	ec8fed4bf55c3eafa074bd5eb3e5425b6fec8022cf6682a73c71a57f877713aa	26	1	1
20465	06dda4345adc497f06700170310c7417b603b4ead60ef1491d13b3c1c7613609	25	1	1
574	714096c6affa162b7d3d534d211c6ec56d7d26ac8c89c0abdf71e05d7eb9cf3c	24	1	1
662	a92e83b7ec14ad03914f87b070dcbfb7304002d609f0051a5789758fad54d96c	24	1	1
3777	d42220e4c0b5ee2edd6134684e754a90a249deb1d4327384f8fabb9d9b120c79	24	3	40
3803	d42220e4c0b5ee2edd6134684e754a90a249deb1d4327384f8fabb9d9b120c79	24	3	10
3917	5d819357873c1654776c81c4502360ad6ede0a7b9e9e2e1cc163e0ecb36fcd7e	24	1	1
3927	882ea6e1c2701ce5bfaa9420f0091d24ac72db02ddd09f153aa28820d18ebacf	24	1	1
3944	a7802d8912b0e785b6d072b59852914ecefff8bd5a0d9e11e712e34276fcddbd	24	1	1
3945	a7802d8912b0e785b6d072b59852914ecefff8bd5a0d9e11e712e34276fcddbd	24	1	1
3946	a7802d8912b0e785b6d072b59852914ecefff8bd5a0d9e11e712e34276fcddbd	24	1	1
3947	a7802d8912b0e785b6d072b59852914ecefff8bd5a0d9e11e712e34276fcddbd	24	1	1
3948	a7802d8912b0e785b6d072b59852914ecefff8bd5a0d9e11e712e34276fcddbd	24	1	1
3949	a7802d8912b0e785b6d072b59852914ecefff8bd5a0d9e11e712e34276fcddbd	24	1	1
3950	a7802d8912b0e785b6d072b59852914ecefff8bd5a0d9e11e712e34276fcddbd	24	1	1
3953	a7802d8912b0e785b6d072b59852914ecefff8bd5a0d9e11e712e34276fcddbd	24	1	1
3982	a8f324652c4c1dd0a49580422460b526878890047af48c1ceb42d51f828767f4	24	1	1
4093	1cf38f7c321e569f315735dbfdae2352f2e0d035a11bbde115a6a43d2396a580	24	1	1
4345	882ea6e1c2701ce5bfaa9420f0091d24ac72db02ddd09f153aa28820d18ebacf	24	1	11271
4365	882ea6e1c2701ce5bfaa9420f0091d24ac72db02ddd09f153aa28820d18ebacf	24	1	1
4369	882ea6e1c2701ce5bfaa9420f0091d24ac72db02ddd09f153aa28820d18ebacf	24	1	11271
4799	ac2f72e85475996df5e4447a6fcf4dd0b51312ba6ad617fe276de341b60ec8fc	24	1	11271
5306	6cc5e6a7895c833ee25782f7d89d453371ca72d012cbd16b264113bdc401b8ca	24	1	1
5426	7cddee6a1e1c514177986443a51a2245cbbb49afe1a83cb69d99906973cacdef	24	1	1
5427	7cddee6a1e1c514177986443a51a2245cbbb49afe1a83cb69d99906973cacdef	24	1	1
5478	b91decdc48293ec13828af87116afff9f131fcd08317248dea2d85a8393f15b5	24	1	1
6182	ef4e540fe6ca247a4cf69e629f80d84235a5ce36f852a4383b9777e3d14e36f1	24	1	2
6679	1d8a838ddf6867dd55126c94d7395ab569cf0f4493a82e45fd0eaa1c51f82755	24	1	1
7043	268f7bdf5b2adcdad40216436e81d1d98b856a0cac65cbcb37464faf2346fa85	24	3	67560
8385	52fd6f2fdb960c75d6a302149ab0ebde810845295537508945823afeb4b84dd6	24	1	1
8444	58534557cbcdf3d411c4377186c613926551a343651cff4cecda6d806ba8339f	24	1	1
8468	2479af13e325f5aade90dce50abeb954c4ba9731d794a14ba1b0dcb60251613f	24	1	1
8483	60ab0fed6c58b447428bd8fdb4338d027dcd0934b549e89b01e0f603834ad736	24	1	1
8503	7ad47fd9849faa7a87934058d918ff23d2e56e9955721e3e7710e2d25d4d5691	24	1	1
10709	60ab0fed6c58b447428bd8fdb4338d027dcd0934b549e89b01e0f603834ad736	24	1	1
10732	60ab0fed6c58b447428bd8fdb4338d027dcd0934b549e89b01e0f603834ad736	24	1	1
10816	10667dfeab1ab58eace57cc9a1e2e10c1bed2420b6ada224760d7a55b7eb1ec6	24	1	1
10832	621e876fa28baa2e1a28044329820ba92a08447fdfbdc2e5f2016000f864775a	24	1	1
10878	f9207cfc984e24790b1f723160fcbad90f6d2f42d19a3793c8eeec7728599696	24	1	1
11070	dd61c7130419a501bd0667b27233cf99694186844c12bc425dfd6bb61b48d3e9	24	1	1
11085	9e23ce7ee7495f5f7540f25562d428c93500bc0e8bbfde42c655c2a8f8845270	24	1	1
11121	816b2bf143e525c9e03a82096c1bb5d7bb83593977b809303c5eda2c79293b10	24	1	1
11162	68f94075f9ebcad921dd2b319b30dc5b3c0af233fc7fa15fa47203092cc7e81f	24	1	1
11180	816b2bf143e525c9e03a82096c1bb5d7bb83593977b809303c5eda2c79293b10	24	1	1
11197	816b2bf143e525c9e03a82096c1bb5d7bb83593977b809303c5eda2c79293b10	24	1	1
11265	60ab0fed6c58b447428bd8fdb4338d027dcd0934b549e89b01e0f603834ad736	24	1	1
11377	797e92cd0abd10212156b50da8f940fd71274a0f4c5ebc8bc4e6b2cf2743beb1	24	1	1
11381	7316a23d42412e20048446bd14d5cf1b3e7285cae727af14dd7e45e6b28c983d	24	1	1
11385	7316a23d42412e20048446bd14d5cf1b3e7285cae727af14dd7e45e6b28c983d	24	1	1
11389	7316a23d42412e20048446bd14d5cf1b3e7285cae727af14dd7e45e6b28c983d	24	1	1
11410	3c97c345ff0aa1efa63d4298c46ffc3813b802896104348c00fa5b234145fa77	24	1	1
11423	e1c671612c0560bd70e033f19af2b1e23793222a59404dbf9cf3905c389e1145	24	1	1
11458	58534557cbcdf3d411c4377186c613926551a343651cff4cecda6d806ba8339f	24	1	1
11526	53ac3631f42df5b49d4fad740c7d5cbb8833f3db194a8d892f08cc32e8c538e5	24	1	1
11551	53ac3631f42df5b49d4fad740c7d5cbb8833f3db194a8d892f08cc32e8c538e5	24	1	1
11575	7ad47fd9849faa7a87934058d918ff23d2e56e9955721e3e7710e2d25d4d5691	24	1	1
11648	1b935d15ca250382322900031b7302de234c2556b0a58eee9ed96c093c5f62bc	24	1	1
11735	7ad47fd9849faa7a87934058d918ff23d2e56e9955721e3e7710e2d25d4d5691	24	1	1
12948	53ac3631f42df5b49d4fad740c7d5cbb8833f3db194a8d892f08cc32e8c538e5	24	1	1
13039	7ad47fd9849faa7a87934058d918ff23d2e56e9955721e3e7710e2d25d4d5691	24	1	2
20447	91ddef662afb4799fcfaa3c6dff623e5c3df5fe5b292f80e2f7231585f7b6977	24	1	1
23007	53ac3631f42df5b49d4fad740c7d5cbb8833f3db194a8d892f08cc32e8c538e5	24	1	1
23034	53ac3631f42df5b49d4fad740c7d5cbb8833f3db194a8d892f08cc32e8c538e5	24	1	1
23897	53ac3631f42df5b49d4fad740c7d5cbb8833f3db194a8d892f08cc32e8c538e5	24	1	1
25974	53ac3631f42df5b49d4fad740c7d5cbb8833f3db194a8d892f08cc32e8c538e5	24	1	1
35715	53ac3631f42df5b49d4fad740c7d5cbb8833f3db194a8d892f08cc32e8c538e5	24	1	3
37399	53ac3631f42df5b49d4fad740c7d5cbb8833f3db194a8d892f08cc32e8c538e5	24	1	3
37702	53ac3631f42df5b49d4fad740c7d5cbb8833f3db194a8d892f08cc32e8c538e5	24	1	2
37817	53ac3631f42df5b49d4fad740c7d5cbb8833f3db194a8d892f08cc32e8c538e5	24	1	2
38140	53ac3631f42df5b49d4fad740c7d5cbb8833f3db194a8d892f08cc32e8c538e5	24	1	1
41621	c3ed9422a2622e542b5934b1eba7dfd5788596fe1be3f1751fe4833587a8e2cc	24	1	1
41625	c3ed9422a2622e542b5934b1eba7dfd5788596fe1be3f1751fe4833587a8e2cc	24	1	1
41629	c3ed9422a2622e542b5934b1eba7dfd5788596fe1be3f1751fe4833587a8e2cc	24	1	1
41633	c3ed9422a2622e542b5934b1eba7dfd5788596fe1be3f1751fe4833587a8e2cc	24	1	1
41640	c3ed9422a2622e542b5934b1eba7dfd5788596fe1be3f1751fe4833587a8e2cc	24	1	1
41646	c3ed9422a2622e542b5934b1eba7dfd5788596fe1be3f1751fe4833587a8e2cc	24	1	1
41649	c3ed9422a2622e542b5934b1eba7dfd5788596fe1be3f1751fe4833587a8e2cc	24	1	1
41857	1b1340a6c67023584ca7df013833bc2fc5ba7e080ef2a4d3e707a2f30f58aeda	24	1	4
42098	816b2bf143e525c9e03a82096c1bb5d7bb83593977b809303c5eda2c79293b10	24	1	4
42134	816b2bf143e525c9e03a82096c1bb5d7bb83593977b809303c5eda2c79293b10	24	1	4
44823	53ac3631f42df5b49d4fad740c7d5cbb8833f3db194a8d892f08cc32e8c538e5	24	1	6
45672	53ac3631f42df5b49d4fad740c7d5cbb8833f3db194a8d892f08cc32e8c538e5	24	1	6
52231	7ad47fd9849faa7a87934058d918ff23d2e56e9955721e3e7710e2d25d4d5691	24	1	1
53369	816b2bf143e525c9e03a82096c1bb5d7bb83593977b809303c5eda2c79293b10	24	1	2
53511	7ad47fd9849faa7a87934058d918ff23d2e56e9955721e3e7710e2d25d4d5691	24	1	1
53578	53ac3631f42df5b49d4fad740c7d5cbb8833f3db194a8d892f08cc32e8c538e5	24	1	1
53598	53ac3631f42df5b49d4fad740c7d5cbb8833f3db194a8d892f08cc32e8c538e5	24	1	1
56850	53ac3631f42df5b49d4fad740c7d5cbb8833f3db194a8d892f08cc32e8c538e5	24	1	2
56909	53ac3631f42df5b49d4fad740c7d5cbb8833f3db194a8d892f08cc32e8c538e5	24	1	1
57139	53ac3631f42df5b49d4fad740c7d5cbb8833f3db194a8d892f08cc32e8c538e5	24	1	1
57208	53ac3631f42df5b49d4fad740c7d5cbb8833f3db194a8d892f08cc32e8c538e5	24	1	1
57267	53ac3631f42df5b49d4fad740c7d5cbb8833f3db194a8d892f08cc32e8c538e5	24	1	1
59083	53ac3631f42df5b49d4fad740c7d5cbb8833f3db194a8d892f08cc32e8c538e5	24	1	1
4023	41de71e6ff4fec95445c5b078580c71dab0da7f5047fe6ad8186920d4d759399	23	1	1
6170	afab269222a4495efbd17a11cc850a88d40f9091180af3e887b61c63eea1cf13	23	1	1
6341	b70f790e60940b14d2fbb8e58a45f487d7dacfab979c0e874298c753236661fb	23	1	28691
7865	b70f790e60940b14d2fbb8e58a45f487d7dacfab979c0e874298c753236661fb	23	1	964
7934	b70f790e60940b14d2fbb8e58a45f487d7dacfab979c0e874298c753236661fb	23	1	91
20463	ce18b5a4251efe20c7f76770b975c77c1e198ea7aacb1a43c6dbbe6d8b8e62e7	22	1	1
6154	162da317b326b72422e3c27284879c734765d45a012a7cbc17cb253657df3199	21	1	1
20144	ec8fed4bf55c3eafa074bd5eb3e5425b6fec8022cf6682a73c71a57f877713aa	21	1	1
9332	73af0c4b26816bedafba2b517e4dfcbcebc37c25ce17126965b880b2e927b9d5	18	1	1
9336	73af0c4b26816bedafba2b517e4dfcbcebc37c25ce17126965b880b2e927b9d5	18	1	1
9364	73af0c4b26816bedafba2b517e4dfcbcebc37c25ce17126965b880b2e927b9d5	18	1	1
9403	73af0c4b26816bedafba2b517e4dfcbcebc37c25ce17126965b880b2e927b9d5	18	1	1
11246	d49cc45158276e81d97e132a4b194e4b7e6277cdb9eb0692619a5c894e9d4f3a	18	1	1
5976	1bea549fc6216c922f99d84e1d765fbfe6d17dd5477dec7429e3c66977698742	16	1	1
6160	53478f19ea5fe9a6b3dea01118e093c155d769afd012143a1d8e445a3086a1d7	16	1	1
6591	d42220e4c0b5ee2edd6134684e754a90a249deb1d4327384f8fabb9d9b120c79	16	1	2
7047	268f7bdf5b2adcdad40216436e81d1d98b856a0cac65cbcb37464faf2346fa85	16	1	11260
8398	1234ee14c150078f67da48b4057b6fe330613242856c5cfb2c4c2d8089a0ed23	16	1	1
8447	72e4f5c576864e6e9e461504e1d5c4b00dabc066b49ca029aeaebd5795a14d5f	16	1	1
8606	36198643ac80e2d51660aaf117be658f4c91cfa7f9cd0ad5866aa0640f6db19e	16	1	1
8614	36198643ac80e2d51660aaf117be658f4c91cfa7f9cd0ad5866aa0640f6db19e	16	1	1
8622	36198643ac80e2d51660aaf117be658f4c91cfa7f9cd0ad5866aa0640f6db19e	16	1	1
8630	36198643ac80e2d51660aaf117be658f4c91cfa7f9cd0ad5866aa0640f6db19e	16	1	1
8638	36198643ac80e2d51660aaf117be658f4c91cfa7f9cd0ad5866aa0640f6db19e	16	1	1
9360	73af0c4b26816bedafba2b517e4dfcbcebc37c25ce17126965b880b2e927b9d5	16	1	1
9391	73af0c4b26816bedafba2b517e4dfcbcebc37c25ce17126965b880b2e927b9d5	16	1	1
10181	73af0c4b26816bedafba2b517e4dfcbcebc37c25ce17126965b880b2e927b9d5	16	1	1
10365	73af0c4b26816bedafba2b517e4dfcbcebc37c25ce17126965b880b2e927b9d5	16	1	1
10794	e4fcbd8076b09a32f7828f4e08e05a8d1461de0f4e56f6418261cac92ef2f1cd	16	1	1
10810	339a40095a13144c3d90fd985fec97be00d4038bcd027dd421f98f87b84f8812	16	1	1
10972	0928fc24fd207c1be570d15d500acf23e0b01c83ba5b4d3200e94599815089ce	16	1	1
11024	4bddbacd6e7c2d367e569e46953d56c431aea573962b5e266fa80b8fda61c3db	16	1	1
11079	056ac9fa3649149535ae2f27f31de534f79d3502fd7f81bf37c92390fa2fc1be	16	1	1
11099	44b468bcb63f9bc71280b33bae91a50dd3405152daf08b5e68625b4d225257f6	16	1	1
11115	2941ec1d66ce3b6db61f0aceaebdc5cdc38b6a7ccc69e79ecad03133360236de	16	1	1
11124	63936749fcc40d518ff2fb6bcfbce101e18f17ace4a8237e91dde161ba1ed4a9	16	1	1
11159	e1c671612c0560bd70e033f19af2b1e23793222a59404dbf9cf3905c389e1145	16	1	1
11191	0c475cbe389e124d9a800c81cf078652403f14f8e51a6b8c9f6e678ddf5b7ec5	16	1	1
11225	7a504ea0b8719c570e3a5cdf06280fa8ac2b4e3f9b98eae95a80533dcd18416b	16	1	1
11230	1234ee14c150078f67da48b4057b6fe330613242856c5cfb2c4c2d8089a0ed23	16	1	1
11241	698caa20e98a629b0b52574c520d465f4a3781a3ca81dafdb1113c46ac66473f	16	1	1
11447	ecf04988ffba303656dcae1a61829b660d5402e17ccba64edae90e55041ad43f	16	1	1
11985	09ee6517a97463886287f5e1da963c1533aec96ddb6c10d32b33a17c3bc98420	16	1	1
13137	2e362a31aab39ed588d22d840f93e3fd2eac128d48c942a652982ebbabb8ab91	16	2	4
13228	c518a25bae52605c156e62fadaae752f7d66d70871b0cee73a374b64b113d409	16	1	18
13380	fa039c0d77f6af567a3ecd02aa6d622f01dc7ec982c194bd38ebb79f275493c9	16	1	1
13454	3e5e164b86c7d3ea122b960b0ecd7c4361c932408bac7a1959d2e688d29f5390	16	1	1
14094	c518a25bae52605c156e62fadaae752f7d66d70871b0cee73a374b64b113d409	16	1	78
17694	73599eb4fb3f23b3a188c3a6dcb146f770f7b9910e9337a3487a4f87abe06cbf	16	1	1
20450	f6f46ba007de022741eb4337ea160763f44549e8bf90a312eb2a97206328cef7	16	1	1
20467	a15044e903c21b01c823da831c65d67990cb2ed9a4c09fd791613d2643bc8f0c	16	1	1
23842	2e362a31aab39ed588d22d840f93e3fd2eac128d48c942a652982ebbabb8ab91	16	2	4
29107	72204921509737c486b146f3d6df800663e7a2c911de8a897241ecf87f90b6f0	16	1	1
33784	fccd6d321448cd6050d09573da25171f686eb8a0e4780ebda2a03d268ee5c9f6	16	1	108
34190	2e362a31aab39ed588d22d840f93e3fd2eac128d48c942a652982ebbabb8ab91	16	2	4
36345	2e362a31aab39ed588d22d840f93e3fd2eac128d48c942a652982ebbabb8ab91	16	2	4
36480	c518a25bae52605c156e62fadaae752f7d66d70871b0cee73a374b64b113d409	16	1	21
41939	7ddd4335e938a97786c20127d1bdedd53316ad0dd76f07c9e880909b96111557	16	1	2
42146	f123e75e3ee93fe3b0c416d03db584ccedf8366949254ef9bb474e2057c061a2	16	1	1
45496	c518a25bae52605c156e62fadaae752f7d66d70871b0cee73a374b64b113d409	16	1	1
58905	c518a25bae52605c156e62fadaae752f7d66d70871b0cee73a374b64b113d409	16	1	1
584	abff6880d426cbe59e117f65b0d3b12993eab626d9dae0e9bbdeed77b94a67d8	15	1	1
4037	abff6880d426cbe59e117f65b0d3b12993eab626d9dae0e9bbdeed77b94a67d8	15	1	1
4372	5bed7611aa5f3463bd02f80b4a26ca28c2a87d65b12459d991961d442a26506c	15	1	11271
8691	73af0c4b26816bedafba2b517e4dfcbcebc37c25ce17126965b880b2e927b9d5	14	1	1
8765	73af0c4b26816bedafba2b517e4dfcbcebc37c25ce17126965b880b2e927b9d5	14	1	1
8775	73af0c4b26816bedafba2b517e4dfcbcebc37c25ce17126965b880b2e927b9d5	14	1	1
8845	73af0c4b26816bedafba2b517e4dfcbcebc37c25ce17126965b880b2e927b9d5	14	1	1
8874	73af0c4b26816bedafba2b517e4dfcbcebc37c25ce17126965b880b2e927b9d5	14	1	1
8953	73af0c4b26816bedafba2b517e4dfcbcebc37c25ce17126965b880b2e927b9d5	14	1	1
9065	73af0c4b26816bedafba2b517e4dfcbcebc37c25ce17126965b880b2e927b9d5	14	1	1
9340	73af0c4b26816bedafba2b517e4dfcbcebc37c25ce17126965b880b2e927b9d5	14	1	1
9344	73af0c4b26816bedafba2b517e4dfcbcebc37c25ce17126965b880b2e927b9d5	14	1	1
9395	73af0c4b26816bedafba2b517e4dfcbcebc37c25ce17126965b880b2e927b9d5	14	1	1
9399	73af0c4b26816bedafba2b517e4dfcbcebc37c25ce17126965b880b2e927b9d5	14	1	1
9642	73af0c4b26816bedafba2b517e4dfcbcebc37c25ce17126965b880b2e927b9d5	14	1	1
9863	73af0c4b26816bedafba2b517e4dfcbcebc37c25ce17126965b880b2e927b9d5	14	1	1
10019	73af0c4b26816bedafba2b517e4dfcbcebc37c25ce17126965b880b2e927b9d5	14	1	1
10023	73af0c4b26816bedafba2b517e4dfcbcebc37c25ce17126965b880b2e927b9d5	14	1	1
10061	73af0c4b26816bedafba2b517e4dfcbcebc37c25ce17126965b880b2e927b9d5	14	1	1
10065	73af0c4b26816bedafba2b517e4dfcbcebc37c25ce17126965b880b2e927b9d5	14	1	1
10177	73af0c4b26816bedafba2b517e4dfcbcebc37c25ce17126965b880b2e927b9d5	14	1	1
10294	73af0c4b26816bedafba2b517e4dfcbcebc37c25ce17126965b880b2e927b9d5	14	1	1
4367	e6527c6c96efd30f776181ab2bfe350b313346e10cddc8f6393d4b138840be87	13	1	1
4371	e6527c6c96efd30f776181ab2bfe350b313346e10cddc8f6393d4b138840be87	13	1	11271
8679	73af0c4b26816bedafba2b517e4dfcbcebc37c25ce17126965b880b2e927b9d5	12	1	1
8742	73af0c4b26816bedafba2b517e4dfcbcebc37c25ce17126965b880b2e927b9d5	12	1	1
8753	73af0c4b26816bedafba2b517e4dfcbcebc37c25ce17126965b880b2e927b9d5	12	1	1
8826	73af0c4b26816bedafba2b517e4dfcbcebc37c25ce17126965b880b2e927b9d5	12	1	1
8833	73af0c4b26816bedafba2b517e4dfcbcebc37c25ce17126965b880b2e927b9d5	12	1	1
8841	73af0c4b26816bedafba2b517e4dfcbcebc37c25ce17126965b880b2e927b9d5	12	1	1
8866	73af0c4b26816bedafba2b517e4dfcbcebc37c25ce17126965b880b2e927b9d5	12	1	1
8870	73af0c4b26816bedafba2b517e4dfcbcebc37c25ce17126965b880b2e927b9d5	12	1	1
8921	73af0c4b26816bedafba2b517e4dfcbcebc37c25ce17126965b880b2e927b9d5	12	1	1
8945	73af0c4b26816bedafba2b517e4dfcbcebc37c25ce17126965b880b2e927b9d5	12	1	1
8984	73af0c4b26816bedafba2b517e4dfcbcebc37c25ce17126965b880b2e927b9d5	12	1	1
9069	73af0c4b26816bedafba2b517e4dfcbcebc37c25ce17126965b880b2e927b9d5	12	1	1
9356	73af0c4b26816bedafba2b517e4dfcbcebc37c25ce17126965b880b2e927b9d5	12	1	1
9752	73af0c4b26816bedafba2b517e4dfcbcebc37c25ce17126965b880b2e927b9d5	12	1	1
9851	73af0c4b26816bedafba2b517e4dfcbcebc37c25ce17126965b880b2e927b9d5	12	1	1
9859	73af0c4b26816bedafba2b517e4dfcbcebc37c25ce17126965b880b2e927b9d5	12	1	1
10011	73af0c4b26816bedafba2b517e4dfcbcebc37c25ce17126965b880b2e927b9d5	12	1	1
10069	73af0c4b26816bedafba2b517e4dfcbcebc37c25ce17126965b880b2e927b9d5	12	1	1
10185	73af0c4b26816bedafba2b517e4dfcbcebc37c25ce17126965b880b2e927b9d5	12	1	1
10209	73af0c4b26816bedafba2b517e4dfcbcebc37c25ce17126965b880b2e927b9d5	12	1	1
10377	73af0c4b26816bedafba2b517e4dfcbcebc37c25ce17126965b880b2e927b9d5	12	1	1
20457	8b9ab6923861159f7e66682efcebca87fa8b22abc4caa377609cd6b6213a2c4f	12	1	1
4005	268f7bdf5b2adcdad40216436e81d1d98b856a0cac65cbcb37464faf2346fa85	11	1	1
10760	268f7bdf5b2adcdad40216436e81d1d98b856a0cac65cbcb37464faf2346fa85	11	1	1
12732	ec8fed4bf55c3eafa074bd5eb3e5425b6fec8022cf6682a73c71a57f877713aa	11	1	1
46305	91eff752cc5109a11da1670ac5bfa24e0be76468c2d8b21a2047fd88abf4531e	11	1	4
664	35c9fc1afa0cb835d15a2ed0694b5d8770a0e152eb0cba4d4520c53bdeaed60d	10	1	1
3300	6aba15e778ac0d218533472f0ad16f18584049c46fb2edce793d5d49d7ad3c91	10	1	1
3303	c804bce6353a5d3ed5faf59b363a0aaf45beb4b4a1951da37ca86d6a87a16a0e	10	1	1
3305	c804bce6353a5d3ed5faf59b363a0aaf45beb4b4a1951da37ca86d6a87a16a0e	10	1	1
3919	e6527c6c96efd30f776181ab2bfe350b313346e10cddc8f6393d4b138840be87	10	1	1
3921	e6527c6c96efd30f776181ab2bfe350b313346e10cddc8f6393d4b138840be87	10	1	1
3929	e6527c6c96efd30f776181ab2bfe350b313346e10cddc8f6393d4b138840be87	10	1	1
3959	e6527c6c96efd30f776181ab2bfe350b313346e10cddc8f6393d4b138840be87	10	1	1
3961	e6527c6c96efd30f776181ab2bfe350b313346e10cddc8f6393d4b138840be87	10	1	1
3963	e6527c6c96efd30f776181ab2bfe350b313346e10cddc8f6393d4b138840be87	10	1	1
3970	e6527c6c96efd30f776181ab2bfe350b313346e10cddc8f6393d4b138840be87	10	1	1
3977	e6527c6c96efd30f776181ab2bfe350b313346e10cddc8f6393d4b138840be87	10	1	1
3984	e6527c6c96efd30f776181ab2bfe350b313346e10cddc8f6393d4b138840be87	10	1	1
3989	e6527c6c96efd30f776181ab2bfe350b313346e10cddc8f6393d4b138840be87	10	1	1
3991	e6527c6c96efd30f776181ab2bfe350b313346e10cddc8f6393d4b138840be87	10	1	1
3997	e6527c6c96efd30f776181ab2bfe350b313346e10cddc8f6393d4b138840be87	10	1	1
4073	e6527c6c96efd30f776181ab2bfe350b313346e10cddc8f6393d4b138840be87	10	1	1
4078	e821e91c59f08171d755f86808d0a7e4c21f771576e0d619869f62518dac7180	10	1	1
4084	e6527c6c96efd30f776181ab2bfe350b313346e10cddc8f6393d4b138840be87	10	1	1
4089	e6527c6c96efd30f776181ab2bfe350b313346e10cddc8f6393d4b138840be87	10	1	1
4096	7f0fc215f554276eace2e99fe64bd17b8bacb82b1258b438f7880e3666f7b7eb	10	1	11271
4343	e6527c6c96efd30f776181ab2bfe350b313346e10cddc8f6393d4b138840be87	10	1	11271
4347	e6527c6c96efd30f776181ab2bfe350b313346e10cddc8f6393d4b138840be87	10	1	11271
4379	e6527c6c96efd30f776181ab2bfe350b313346e10cddc8f6393d4b138840be87	10	1	1
6168	afab269222a4495efbd17a11cc850a88d40f9091180af3e887b61c63eea1cf13	10	1	2
6169	afab269222a4495efbd17a11cc850a88d40f9091180af3e887b61c63eea1cf13	10	1	2
6307	ba6acfe4a53dd2ba39bf9f7d31cfb7a69da4cc73306c74bb082370b9807324a6	10	1	2
6311	e6527c6c96efd30f776181ab2bfe350b313346e10cddc8f6393d4b138840be87	10	1	2
6313	e6527c6c96efd30f776181ab2bfe350b313346e10cddc8f6393d4b138840be87	10	1	2
6333	8e8b2b852661c5e99c2c4c5778c1220c84a8e7772afea25c3b352f2d32404adb	10	1	28691
6349	ba6acfe4a53dd2ba39bf9f7d31cfb7a69da4cc73306c74bb082370b9807324a6	10	1	28691
6694	d42220e4c0b5ee2edd6134684e754a90a249deb1d4327384f8fabb9d9b120c79	10	1	3
6942	e6527c6c96efd30f776181ab2bfe350b313346e10cddc8f6393d4b138840be87	10	1	11259
8645	73af0c4b26816bedafba2b517e4dfcbcebc37c25ce17126965b880b2e927b9d5	10	1	1
8667	73af0c4b26816bedafba2b517e4dfcbcebc37c25ce17126965b880b2e927b9d5	10	1	1
8675	73af0c4b26816bedafba2b517e4dfcbcebc37c25ce17126965b880b2e927b9d5	10	1	1
8710	73af0c4b26816bedafba2b517e4dfcbcebc37c25ce17126965b880b2e927b9d5	10	1	1
8746	73af0c4b26816bedafba2b517e4dfcbcebc37c25ce17126965b880b2e927b9d5	10	1	1
8761	73af0c4b26816bedafba2b517e4dfcbcebc37c25ce17126965b880b2e927b9d5	10	1	1
8783	73af0c4b26816bedafba2b517e4dfcbcebc37c25ce17126965b880b2e927b9d5	10	1	1
8801	73af0c4b26816bedafba2b517e4dfcbcebc37c25ce17126965b880b2e927b9d5	10	1	1
8805	73af0c4b26816bedafba2b517e4dfcbcebc37c25ce17126965b880b2e927b9d5	10	1	1
8809	73af0c4b26816bedafba2b517e4dfcbcebc37c25ce17126965b880b2e927b9d5	10	1	1
8818	73af0c4b26816bedafba2b517e4dfcbcebc37c25ce17126965b880b2e927b9d5	10	1	1
8837	73af0c4b26816bedafba2b517e4dfcbcebc37c25ce17126965b880b2e927b9d5	10	1	1
8859	73af0c4b26816bedafba2b517e4dfcbcebc37c25ce17126965b880b2e927b9d5	10	1	1
8884	73af0c4b26816bedafba2b517e4dfcbcebc37c25ce17126965b880b2e927b9d5	10	1	1
8887	73af0c4b26816bedafba2b517e4dfcbcebc37c25ce17126965b880b2e927b9d5	10	1	1
8909	73af0c4b26816bedafba2b517e4dfcbcebc37c25ce17126965b880b2e927b9d5	10	1	1
8913	73af0c4b26816bedafba2b517e4dfcbcebc37c25ce17126965b880b2e927b9d5	10	1	1
8933	73af0c4b26816bedafba2b517e4dfcbcebc37c25ce17126965b880b2e927b9d5	10	1	1
8949	73af0c4b26816bedafba2b517e4dfcbcebc37c25ce17126965b880b2e927b9d5	10	1	1
8987	73af0c4b26816bedafba2b517e4dfcbcebc37c25ce17126965b880b2e927b9d5	10	1	1
8990	73af0c4b26816bedafba2b517e4dfcbcebc37c25ce17126965b880b2e927b9d5	10	1	1
8993	73af0c4b26816bedafba2b517e4dfcbcebc37c25ce17126965b880b2e927b9d5	10	1	1
9042	73af0c4b26816bedafba2b517e4dfcbcebc37c25ce17126965b880b2e927b9d5	10	1	1
9049	73af0c4b26816bedafba2b517e4dfcbcebc37c25ce17126965b880b2e927b9d5	10	1	1
9061	73af0c4b26816bedafba2b517e4dfcbcebc37c25ce17126965b880b2e927b9d5	10	1	1
9081	73af0c4b26816bedafba2b517e4dfcbcebc37c25ce17126965b880b2e927b9d5	10	1	1
9124	73af0c4b26816bedafba2b517e4dfcbcebc37c25ce17126965b880b2e927b9d5	10	1	1
9166	73af0c4b26816bedafba2b517e4dfcbcebc37c25ce17126965b880b2e927b9d5	10	1	1
9169	73af0c4b26816bedafba2b517e4dfcbcebc37c25ce17126965b880b2e927b9d5	10	1	1
9172	73af0c4b26816bedafba2b517e4dfcbcebc37c25ce17126965b880b2e927b9d5	10	1	1
9175	73af0c4b26816bedafba2b517e4dfcbcebc37c25ce17126965b880b2e927b9d5	10	1	1
9178	73af0c4b26816bedafba2b517e4dfcbcebc37c25ce17126965b880b2e927b9d5	10	1	1
9181	73af0c4b26816bedafba2b517e4dfcbcebc37c25ce17126965b880b2e927b9d5	10	1	1
9184	73af0c4b26816bedafba2b517e4dfcbcebc37c25ce17126965b880b2e927b9d5	10	1	1
9187	73af0c4b26816bedafba2b517e4dfcbcebc37c25ce17126965b880b2e927b9d5	10	1	1
9199	73af0c4b26816bedafba2b517e4dfcbcebc37c25ce17126965b880b2e927b9d5	10	1	1
9202	73af0c4b26816bedafba2b517e4dfcbcebc37c25ce17126965b880b2e927b9d5	10	1	1
9262	73af0c4b26816bedafba2b517e4dfcbcebc37c25ce17126965b880b2e927b9d5	10	1	1
9310	73af0c4b26816bedafba2b517e4dfcbcebc37c25ce17126965b880b2e927b9d5	10	1	1
9348	73af0c4b26816bedafba2b517e4dfcbcebc37c25ce17126965b880b2e927b9d5	10	1	1
9352	73af0c4b26816bedafba2b517e4dfcbcebc37c25ce17126965b880b2e927b9d5	10	1	1
9413	73af0c4b26816bedafba2b517e4dfcbcebc37c25ce17126965b880b2e927b9d5	10	1	1
9556	73af0c4b26816bedafba2b517e4dfcbcebc37c25ce17126965b880b2e927b9d5	10	1	1
9560	73af0c4b26816bedafba2b517e4dfcbcebc37c25ce17126965b880b2e927b9d5	10	1	1
9568	73af0c4b26816bedafba2b517e4dfcbcebc37c25ce17126965b880b2e927b9d5	10	1	1
9638	73af0c4b26816bedafba2b517e4dfcbcebc37c25ce17126965b880b2e927b9d5	10	1	1
9649	73af0c4b26816bedafba2b517e4dfcbcebc37c25ce17126965b880b2e927b9d5	10	1	1
9659	73af0c4b26816bedafba2b517e4dfcbcebc37c25ce17126965b880b2e927b9d5	10	1	1
9771	73af0c4b26816bedafba2b517e4dfcbcebc37c25ce17126965b880b2e927b9d5	10	1	1
9799	73af0c4b26816bedafba2b517e4dfcbcebc37c25ce17126965b880b2e927b9d5	10	1	1
9819	73af0c4b26816bedafba2b517e4dfcbcebc37c25ce17126965b880b2e927b9d5	10	1	1
9896	73af0c4b26816bedafba2b517e4dfcbcebc37c25ce17126965b880b2e927b9d5	10	1	1
9919	73af0c4b26816bedafba2b517e4dfcbcebc37c25ce17126965b880b2e927b9d5	10	1	1
10031	73af0c4b26816bedafba2b517e4dfcbcebc37c25ce17126965b880b2e927b9d5	10	1	1
10073	73af0c4b26816bedafba2b517e4dfcbcebc37c25ce17126965b880b2e927b9d5	10	1	1
10081	73af0c4b26816bedafba2b517e4dfcbcebc37c25ce17126965b880b2e927b9d5	10	1	1
10093	73af0c4b26816bedafba2b517e4dfcbcebc37c25ce17126965b880b2e927b9d5	10	1	1
10197	73af0c4b26816bedafba2b517e4dfcbcebc37c25ce17126965b880b2e927b9d5	10	1	1
10201	73af0c4b26816bedafba2b517e4dfcbcebc37c25ce17126965b880b2e927b9d5	10	1	1
10205	73af0c4b26816bedafba2b517e4dfcbcebc37c25ce17126965b880b2e927b9d5	10	1	1
10278	73af0c4b26816bedafba2b517e4dfcbcebc37c25ce17126965b880b2e927b9d5	10	1	1
10282	73af0c4b26816bedafba2b517e4dfcbcebc37c25ce17126965b880b2e927b9d5	10	1	1
10313	73af0c4b26816bedafba2b517e4dfcbcebc37c25ce17126965b880b2e927b9d5	10	1	1
10317	73af0c4b26816bedafba2b517e4dfcbcebc37c25ce17126965b880b2e927b9d5	10	1	1
25078	e6527c6c96efd30f776181ab2bfe350b313346e10cddc8f6393d4b138840be87	10	1	28689
25112	e6527c6c96efd30f776181ab2bfe350b313346e10cddc8f6393d4b138840be87	10	1	963
25116	e6527c6c96efd30f776181ab2bfe350b313346e10cddc8f6393d4b138840be87	10	1	963
25138	e6527c6c96efd30f776181ab2bfe350b313346e10cddc8f6393d4b138840be87	10	1	963
25142	e6527c6c96efd30f776181ab2bfe350b313346e10cddc8f6393d4b138840be87	10	1	963
25155	e6527c6c96efd30f776181ab2bfe350b313346e10cddc8f6393d4b138840be87	10	1	963
25159	e6527c6c96efd30f776181ab2bfe350b313346e10cddc8f6393d4b138840be87	10	1	963
25411	88bf6d234899e009021c1b6b9cb2b25fc041ea986670f2e423b106a9433ce31b	10	1	1
44616	e6527c6c96efd30f776181ab2bfe350b313346e10cddc8f6393d4b138840be87	10	1	3
46304	91eff752cc5109a11da1670ac5bfa24e0be76468c2d8b21a2047fd88abf4531e	10	1	4
63	aa2e25fb273e51bd33deabaef4aa80e2d4ab109bc4874dba03c5b7a41d844811	9	1	1
101	e6527c6c96efd30f776181ab2bfe350b313346e10cddc8f6393d4b138840be87	9	1	1
147	e2ee98d8e68c51813bdd0b04b93112bb9034d0dfdeb354e00f9c04980120d117	9	1	1
3844	e6527c6c96efd30f776181ab2bfe350b313346e10cddc8f6393d4b138840be87	9	1	1
3993	e6527c6c96efd30f776181ab2bfe350b313346e10cddc8f6393d4b138840be87	9	1	1
4352	e6527c6c96efd30f776181ab2bfe350b313346e10cddc8f6393d4b138840be87	9	1	11271
5417	7cddee6a1e1c514177986443a51a2245cbbb49afe1a83cb69d99906973cacdef	9	1	1
5435	7cddee6a1e1c514177986443a51a2245cbbb49afe1a83cb69d99906973cacdef	9	1	1
5454	268f7bdf5b2adcdad40216436e81d1d98b856a0cac65cbcb37464faf2346fa85	9	1	1
5966	7cddee6a1e1c514177986443a51a2245cbbb49afe1a83cb69d99906973cacdef	9	1	1
248	096d438c37c9977fb6448fdba38a462e10644befdb233603dda487b12b40abdb	8	1	1
3202	e6527c6c96efd30f776181ab2bfe350b313346e10cddc8f6393d4b138840be87	8	1	1
3224	e6527c6c96efd30f776181ab2bfe350b313346e10cddc8f6393d4b138840be87	8	1	1
3308	c804bce6353a5d3ed5faf59b363a0aaf45beb4b4a1951da37ca86d6a87a16a0e	8	1	1
3942	e6527c6c96efd30f776181ab2bfe350b313346e10cddc8f6393d4b138840be87	8	1	1
3965	e6527c6c96efd30f776181ab2bfe350b313346e10cddc8f6393d4b138840be87	8	1	1
3975	e6527c6c96efd30f776181ab2bfe350b313346e10cddc8f6393d4b138840be87	8	1	1
4381	e6527c6c96efd30f776181ab2bfe350b313346e10cddc8f6393d4b138840be87	8	1	1
6351	e6527c6c96efd30f776181ab2bfe350b313346e10cddc8f6393d4b138840be87	8	1	28691
6590	d42220e4c0b5ee2edd6134684e754a90a249deb1d4327384f8fabb9d9b120c79	8	1	8
8390	95f1400ed7f8f18b0a420b6a75e99d601afebacbecf93e2456a9499bc122001b	8	1	1
8405	8a355ff6a766f3f48fea513501fc2adbac1ff7894e093a14f629661844423ca1	8	1	1
8436	cd8fce4f72bd3d0b945180d74f98dba1539e9ebd4d3783a94b2b61eb9a7e1652	8	1	1
8441	09988fff949804281ceb8e88c714ebf7ee307a97fda002f6199922ef4979199c	8	1	1
8466	2479af13e325f5aade90dce50abeb954c4ba9731d794a14ba1b0dcb60251613f	8	1	1
8515	35e6f0f9976ea03318a2d43ca289c46cc38b85acc35045c428ed6b04c0a4fc27	8	1	1
8517	35e6f0f9976ea03318a2d43ca289c46cc38b85acc35045c428ed6b04c0a4fc27	8	1	1
8519	35e6f0f9976ea03318a2d43ca289c46cc38b85acc35045c428ed6b04c0a4fc27	8	1	1
8521	35e6f0f9976ea03318a2d43ca289c46cc38b85acc35045c428ed6b04c0a4fc27	8	1	1
8523	35e6f0f9976ea03318a2d43ca289c46cc38b85acc35045c428ed6b04c0a4fc27	8	1	1
8525	35e6f0f9976ea03318a2d43ca289c46cc38b85acc35045c428ed6b04c0a4fc27	8	1	1
8527	35e6f0f9976ea03318a2d43ca289c46cc38b85acc35045c428ed6b04c0a4fc27	8	1	1
8529	35e6f0f9976ea03318a2d43ca289c46cc38b85acc35045c428ed6b04c0a4fc27	8	1	1
8531	35e6f0f9976ea03318a2d43ca289c46cc38b85acc35045c428ed6b04c0a4fc27	8	1	1
8533	35e6f0f9976ea03318a2d43ca289c46cc38b85acc35045c428ed6b04c0a4fc27	8	1	1
8535	35e6f0f9976ea03318a2d43ca289c46cc38b85acc35045c428ed6b04c0a4fc27	8	1	1
8537	35e6f0f9976ea03318a2d43ca289c46cc38b85acc35045c428ed6b04c0a4fc27	8	1	1
8539	35e6f0f9976ea03318a2d43ca289c46cc38b85acc35045c428ed6b04c0a4fc27	8	1	1
8541	35e6f0f9976ea03318a2d43ca289c46cc38b85acc35045c428ed6b04c0a4fc27	8	1	1
8543	35e6f0f9976ea03318a2d43ca289c46cc38b85acc35045c428ed6b04c0a4fc27	8	1	1
8545	35e6f0f9976ea03318a2d43ca289c46cc38b85acc35045c428ed6b04c0a4fc27	8	1	1
8547	35e6f0f9976ea03318a2d43ca289c46cc38b85acc35045c428ed6b04c0a4fc27	8	1	1
8549	35e6f0f9976ea03318a2d43ca289c46cc38b85acc35045c428ed6b04c0a4fc27	8	1	1
8551	35e6f0f9976ea03318a2d43ca289c46cc38b85acc35045c428ed6b04c0a4fc27	8	1	1
8553	35e6f0f9976ea03318a2d43ca289c46cc38b85acc35045c428ed6b04c0a4fc27	8	1	1
8555	35e6f0f9976ea03318a2d43ca289c46cc38b85acc35045c428ed6b04c0a4fc27	8	1	1
8557	35e6f0f9976ea03318a2d43ca289c46cc38b85acc35045c428ed6b04c0a4fc27	8	1	1
8559	35e6f0f9976ea03318a2d43ca289c46cc38b85acc35045c428ed6b04c0a4fc27	8	1	1
8561	35e6f0f9976ea03318a2d43ca289c46cc38b85acc35045c428ed6b04c0a4fc27	8	1	1
8563	35e6f0f9976ea03318a2d43ca289c46cc38b85acc35045c428ed6b04c0a4fc27	8	1	1
8565	35e6f0f9976ea03318a2d43ca289c46cc38b85acc35045c428ed6b04c0a4fc27	8	1	1
8567	35e6f0f9976ea03318a2d43ca289c46cc38b85acc35045c428ed6b04c0a4fc27	8	1	1
8569	35e6f0f9976ea03318a2d43ca289c46cc38b85acc35045c428ed6b04c0a4fc27	8	1	1
8571	35e6f0f9976ea03318a2d43ca289c46cc38b85acc35045c428ed6b04c0a4fc27	8	1	1
8573	35e6f0f9976ea03318a2d43ca289c46cc38b85acc35045c428ed6b04c0a4fc27	8	1	1
8575	35e6f0f9976ea03318a2d43ca289c46cc38b85acc35045c428ed6b04c0a4fc27	8	1	1
8577	35e6f0f9976ea03318a2d43ca289c46cc38b85acc35045c428ed6b04c0a4fc27	8	1	1
8579	35e6f0f9976ea03318a2d43ca289c46cc38b85acc35045c428ed6b04c0a4fc27	8	1	1
8581	35e6f0f9976ea03318a2d43ca289c46cc38b85acc35045c428ed6b04c0a4fc27	8	1	1
8583	35e6f0f9976ea03318a2d43ca289c46cc38b85acc35045c428ed6b04c0a4fc27	8	1	1
8585	35e6f0f9976ea03318a2d43ca289c46cc38b85acc35045c428ed6b04c0a4fc27	8	1	1
8587	35e6f0f9976ea03318a2d43ca289c46cc38b85acc35045c428ed6b04c0a4fc27	8	1	1
8589	35e6f0f9976ea03318a2d43ca289c46cc38b85acc35045c428ed6b04c0a4fc27	8	1	1
8591	35e6f0f9976ea03318a2d43ca289c46cc38b85acc35045c428ed6b04c0a4fc27	8	1	1
8593	35e6f0f9976ea03318a2d43ca289c46cc38b85acc35045c428ed6b04c0a4fc27	8	1	1
8595	35e6f0f9976ea03318a2d43ca289c46cc38b85acc35045c428ed6b04c0a4fc27	8	1	1
8597	35e6f0f9976ea03318a2d43ca289c46cc38b85acc35045c428ed6b04c0a4fc27	8	1	1
8648	73af0c4b26816bedafba2b517e4dfcbcebc37c25ce17126965b880b2e927b9d5	8	1	1
8656	73af0c4b26816bedafba2b517e4dfcbcebc37c25ce17126965b880b2e927b9d5	8	1	1
8660	73af0c4b26816bedafba2b517e4dfcbcebc37c25ce17126965b880b2e927b9d5	8	1	1
8663	73af0c4b26816bedafba2b517e4dfcbcebc37c25ce17126965b880b2e927b9d5	8	1	1
8671	73af0c4b26816bedafba2b517e4dfcbcebc37c25ce17126965b880b2e927b9d5	8	1	1
8706	73af0c4b26816bedafba2b517e4dfcbcebc37c25ce17126965b880b2e927b9d5	8	1	1
8714	73af0c4b26816bedafba2b517e4dfcbcebc37c25ce17126965b880b2e927b9d5	8	1	1
8718	73af0c4b26816bedafba2b517e4dfcbcebc37c25ce17126965b880b2e927b9d5	8	1	1
8726	73af0c4b26816bedafba2b517e4dfcbcebc37c25ce17126965b880b2e927b9d5	8	1	1
8734	73af0c4b26816bedafba2b517e4dfcbcebc37c25ce17126965b880b2e927b9d5	8	1	1
8757	73af0c4b26816bedafba2b517e4dfcbcebc37c25ce17126965b880b2e927b9d5	8	1	1
8779	73af0c4b26816bedafba2b517e4dfcbcebc37c25ce17126965b880b2e927b9d5	8	1	1
8793	73af0c4b26816bedafba2b517e4dfcbcebc37c25ce17126965b880b2e927b9d5	8	1	1
8797	73af0c4b26816bedafba2b517e4dfcbcebc37c25ce17126965b880b2e927b9d5	8	1	1
8815	73af0c4b26816bedafba2b517e4dfcbcebc37c25ce17126965b880b2e927b9d5	8	1	1
8822	73af0c4b26816bedafba2b517e4dfcbcebc37c25ce17126965b880b2e927b9d5	8	1	1
8829	73af0c4b26816bedafba2b517e4dfcbcebc37c25ce17126965b880b2e927b9d5	8	1	1
8855	73af0c4b26816bedafba2b517e4dfcbcebc37c25ce17126965b880b2e927b9d5	8	1	1
8862	73af0c4b26816bedafba2b517e4dfcbcebc37c25ce17126965b880b2e927b9d5	8	1	1
8880	73af0c4b26816bedafba2b517e4dfcbcebc37c25ce17126965b880b2e927b9d5	8	1	1
8905	73af0c4b26816bedafba2b517e4dfcbcebc37c25ce17126965b880b2e927b9d5	8	1	1
8917	73af0c4b26816bedafba2b517e4dfcbcebc37c25ce17126965b880b2e927b9d5	8	1	1
8925	73af0c4b26816bedafba2b517e4dfcbcebc37c25ce17126965b880b2e927b9d5	8	1	1
8929	73af0c4b26816bedafba2b517e4dfcbcebc37c25ce17126965b880b2e927b9d5	8	1	1
8937	73af0c4b26816bedafba2b517e4dfcbcebc37c25ce17126965b880b2e927b9d5	8	1	1
8941	73af0c4b26816bedafba2b517e4dfcbcebc37c25ce17126965b880b2e927b9d5	8	1	1
8957	73af0c4b26816bedafba2b517e4dfcbcebc37c25ce17126965b880b2e927b9d5	8	1	1
8961	73af0c4b26816bedafba2b517e4dfcbcebc37c25ce17126965b880b2e927b9d5	8	1	1
8977	73af0c4b26816bedafba2b517e4dfcbcebc37c25ce17126965b880b2e927b9d5	8	1	1
8981	73af0c4b26816bedafba2b517e4dfcbcebc37c25ce17126965b880b2e927b9d5	8	1	1
8996	73af0c4b26816bedafba2b517e4dfcbcebc37c25ce17126965b880b2e927b9d5	8	1	1
8999	73af0c4b26816bedafba2b517e4dfcbcebc37c25ce17126965b880b2e927b9d5	8	1	1
9003	73af0c4b26816bedafba2b517e4dfcbcebc37c25ce17126965b880b2e927b9d5	8	1	1
9045	73af0c4b26816bedafba2b517e4dfcbcebc37c25ce17126965b880b2e927b9d5	8	1	1
9053	73af0c4b26816bedafba2b517e4dfcbcebc37c25ce17126965b880b2e927b9d5	8	1	1
9057	73af0c4b26816bedafba2b517e4dfcbcebc37c25ce17126965b880b2e927b9d5	8	1	1
9077	73af0c4b26816bedafba2b517e4dfcbcebc37c25ce17126965b880b2e927b9d5	8	1	1
9102	73af0c4b26816bedafba2b517e4dfcbcebc37c25ce17126965b880b2e927b9d5	8	1	1
9120	73af0c4b26816bedafba2b517e4dfcbcebc37c25ce17126965b880b2e927b9d5	8	1	1
9139	73af0c4b26816bedafba2b517e4dfcbcebc37c25ce17126965b880b2e927b9d5	8	1	1
9157	73af0c4b26816bedafba2b517e4dfcbcebc37c25ce17126965b880b2e927b9d5	8	1	1
9196	73af0c4b26816bedafba2b517e4dfcbcebc37c25ce17126965b880b2e927b9d5	8	1	1
9271	73af0c4b26816bedafba2b517e4dfcbcebc37c25ce17126965b880b2e927b9d5	8	1	1
9280	73af0c4b26816bedafba2b517e4dfcbcebc37c25ce17126965b880b2e927b9d5	8	1	1
9283	73af0c4b26816bedafba2b517e4dfcbcebc37c25ce17126965b880b2e927b9d5	8	1	1
9307	73af0c4b26816bedafba2b517e4dfcbcebc37c25ce17126965b880b2e927b9d5	8	1	1
9313	73af0c4b26816bedafba2b517e4dfcbcebc37c25ce17126965b880b2e927b9d5	8	1	1
9316	73af0c4b26816bedafba2b517e4dfcbcebc37c25ce17126965b880b2e927b9d5	8	1	1
9380	73af0c4b26816bedafba2b517e4dfcbcebc37c25ce17126965b880b2e927b9d5	8	1	1
9420	73af0c4b26816bedafba2b517e4dfcbcebc37c25ce17126965b880b2e927b9d5	8	1	1
9652	73af0c4b26816bedafba2b517e4dfcbcebc37c25ce17126965b880b2e927b9d5	8	1	1
9763	73af0c4b26816bedafba2b517e4dfcbcebc37c25ce17126965b880b2e927b9d5	8	1	1
9775	73af0c4b26816bedafba2b517e4dfcbcebc37c25ce17126965b880b2e927b9d5	8	1	1
9779	73af0c4b26816bedafba2b517e4dfcbcebc37c25ce17126965b880b2e927b9d5	8	1	1
9783	73af0c4b26816bedafba2b517e4dfcbcebc37c25ce17126965b880b2e927b9d5	8	1	1
9795	73af0c4b26816bedafba2b517e4dfcbcebc37c25ce17126965b880b2e927b9d5	8	1	1
9823	73af0c4b26816bedafba2b517e4dfcbcebc37c25ce17126965b880b2e927b9d5	8	1	1
9835	73af0c4b26816bedafba2b517e4dfcbcebc37c25ce17126965b880b2e927b9d5	8	1	1
9843	73af0c4b26816bedafba2b517e4dfcbcebc37c25ce17126965b880b2e927b9d5	8	1	1
9867	73af0c4b26816bedafba2b517e4dfcbcebc37c25ce17126965b880b2e927b9d5	8	1	1
9871	73af0c4b26816bedafba2b517e4dfcbcebc37c25ce17126965b880b2e927b9d5	8	1	1
9875	73af0c4b26816bedafba2b517e4dfcbcebc37c25ce17126965b880b2e927b9d5	8	1	1
9888	73af0c4b26816bedafba2b517e4dfcbcebc37c25ce17126965b880b2e927b9d5	8	1	1
9903	73af0c4b26816bedafba2b517e4dfcbcebc37c25ce17126965b880b2e927b9d5	8	1	1
9911	73af0c4b26816bedafba2b517e4dfcbcebc37c25ce17126965b880b2e927b9d5	8	1	1
9915	73af0c4b26816bedafba2b517e4dfcbcebc37c25ce17126965b880b2e927b9d5	8	1	1
9923	73af0c4b26816bedafba2b517e4dfcbcebc37c25ce17126965b880b2e927b9d5	8	1	1
9927	73af0c4b26816bedafba2b517e4dfcbcebc37c25ce17126965b880b2e927b9d5	8	1	1
9952	73af0c4b26816bedafba2b517e4dfcbcebc37c25ce17126965b880b2e927b9d5	8	1	1
9977	73af0c4b26816bedafba2b517e4dfcbcebc37c25ce17126965b880b2e927b9d5	8	1	1
9981	73af0c4b26816bedafba2b517e4dfcbcebc37c25ce17126965b880b2e927b9d5	8	1	1
9985	73af0c4b26816bedafba2b517e4dfcbcebc37c25ce17126965b880b2e927b9d5	8	1	1
10000	73af0c4b26816bedafba2b517e4dfcbcebc37c25ce17126965b880b2e927b9d5	8	1	1
10003	73af0c4b26816bedafba2b517e4dfcbcebc37c25ce17126965b880b2e927b9d5	8	1	1
10007	73af0c4b26816bedafba2b517e4dfcbcebc37c25ce17126965b880b2e927b9d5	8	1	1
10035	73af0c4b26816bedafba2b517e4dfcbcebc37c25ce17126965b880b2e927b9d5	8	1	1
10089	73af0c4b26816bedafba2b517e4dfcbcebc37c25ce17126965b880b2e927b9d5	8	1	1
10161	73af0c4b26816bedafba2b517e4dfcbcebc37c25ce17126965b880b2e927b9d5	8	1	1
10169	73af0c4b26816bedafba2b517e4dfcbcebc37c25ce17126965b880b2e927b9d5	8	1	1
10173	73af0c4b26816bedafba2b517e4dfcbcebc37c25ce17126965b880b2e927b9d5	8	1	1
10286	73af0c4b26816bedafba2b517e4dfcbcebc37c25ce17126965b880b2e927b9d5	8	1	1
10290	73af0c4b26816bedafba2b517e4dfcbcebc37c25ce17126965b880b2e927b9d5	8	1	1
10324	73af0c4b26816bedafba2b517e4dfcbcebc37c25ce17126965b880b2e927b9d5	8	1	1
10328	73af0c4b26816bedafba2b517e4dfcbcebc37c25ce17126965b880b2e927b9d5	8	1	1
10361	73af0c4b26816bedafba2b517e4dfcbcebc37c25ce17126965b880b2e927b9d5	8	1	1
10369	73af0c4b26816bedafba2b517e4dfcbcebc37c25ce17126965b880b2e927b9d5	8	1	1
10381	73af0c4b26816bedafba2b517e4dfcbcebc37c25ce17126965b880b2e927b9d5	8	1	1
10431	73af0c4b26816bedafba2b517e4dfcbcebc37c25ce17126965b880b2e927b9d5	8	1	1
10499	73af0c4b26816bedafba2b517e4dfcbcebc37c25ce17126965b880b2e927b9d5	8	1	1
10507	73af0c4b26816bedafba2b517e4dfcbcebc37c25ce17126965b880b2e927b9d5	8	1	1
10511	73af0c4b26816bedafba2b517e4dfcbcebc37c25ce17126965b880b2e927b9d5	8	1	1
10515	73af0c4b26816bedafba2b517e4dfcbcebc37c25ce17126965b880b2e927b9d5	8	1	1
10523	73af0c4b26816bedafba2b517e4dfcbcebc37c25ce17126965b880b2e927b9d5	8	1	1
10527	73af0c4b26816bedafba2b517e4dfcbcebc37c25ce17126965b880b2e927b9d5	8	1	1
10535	73af0c4b26816bedafba2b517e4dfcbcebc37c25ce17126965b880b2e927b9d5	8	1	1
10539	73af0c4b26816bedafba2b517e4dfcbcebc37c25ce17126965b880b2e927b9d5	8	1	1
10547	73af0c4b26816bedafba2b517e4dfcbcebc37c25ce17126965b880b2e927b9d5	8	1	1
10551	73af0c4b26816bedafba2b517e4dfcbcebc37c25ce17126965b880b2e927b9d5	8	1	1
10559	73af0c4b26816bedafba2b517e4dfcbcebc37c25ce17126965b880b2e927b9d5	8	1	1
10563	73af0c4b26816bedafba2b517e4dfcbcebc37c25ce17126965b880b2e927b9d5	8	1	1
10571	73af0c4b26816bedafba2b517e4dfcbcebc37c25ce17126965b880b2e927b9d5	8	1	1
10575	73af0c4b26816bedafba2b517e4dfcbcebc37c25ce17126965b880b2e927b9d5	8	1	1
10583	73af0c4b26816bedafba2b517e4dfcbcebc37c25ce17126965b880b2e927b9d5	8	1	1
10587	73af0c4b26816bedafba2b517e4dfcbcebc37c25ce17126965b880b2e927b9d5	8	1	1
10595	73af0c4b26816bedafba2b517e4dfcbcebc37c25ce17126965b880b2e927b9d5	8	1	1
10599	73af0c4b26816bedafba2b517e4dfcbcebc37c25ce17126965b880b2e927b9d5	8	1	1
10607	73af0c4b26816bedafba2b517e4dfcbcebc37c25ce17126965b880b2e927b9d5	8	1	1
10611	73af0c4b26816bedafba2b517e4dfcbcebc37c25ce17126965b880b2e927b9d5	8	1	1
10619	73af0c4b26816bedafba2b517e4dfcbcebc37c25ce17126965b880b2e927b9d5	8	1	1
10623	73af0c4b26816bedafba2b517e4dfcbcebc37c25ce17126965b880b2e927b9d5	8	1	1
10631	73af0c4b26816bedafba2b517e4dfcbcebc37c25ce17126965b880b2e927b9d5	8	1	1
10635	73af0c4b26816bedafba2b517e4dfcbcebc37c25ce17126965b880b2e927b9d5	8	1	1
10643	73af0c4b26816bedafba2b517e4dfcbcebc37c25ce17126965b880b2e927b9d5	8	1	1
10647	73af0c4b26816bedafba2b517e4dfcbcebc37c25ce17126965b880b2e927b9d5	8	1	1
10655	73af0c4b26816bedafba2b517e4dfcbcebc37c25ce17126965b880b2e927b9d5	8	1	1
10658	73af0c4b26816bedafba2b517e4dfcbcebc37c25ce17126965b880b2e927b9d5	8	1	1
10952	485cc6d3a6fa0d6044464e73b519db8a318534448a0207ab96e841dc5708ab0c	8	1	1
11030	0b3311cf309b06ae11e7251f1f02f57240f64213c87fa4cc81f6e68e097ac58a	8	1	1
11089	d6be996548260e29ceb95d6a3afef4cd3d3851d02e0369b9823cfc766084b776	8	1	1
11330	7c763f29625127778328c5c1c0c28b9aead045d016fb202f6138ad5945b89dde	8	1	1
11336	2531a2fff913b85888939864a7db5594d79e39d255946740007346e5cbe3dac4	8	1	1
11436	0ed5a796d692d50ed60a407c3d760cf465eb2eb488dba97923dd2c11ed2c0f3f	8	1	1
11462	e1c671612c0560bd70e033f19af2b1e23793222a59404dbf9cf3905c389e1145	8	1	1
11474	c2e2aa1719fc5e170a6fed0895fc86b69c33698bc1214e300d6a7277f1d64e1f	8	1	1
11516	2e362a31aab39ed588d22d840f93e3fd2eac128d48c942a652982ebbabb8ab91	8	1	1
11541	2e362a31aab39ed588d22d840f93e3fd2eac128d48c942a652982ebbabb8ab91	8	1	1
11619	c5dba336ffda14db3c1b63e7062f60c6241f1a675fb2b1eab555b322ae7e1893	8	1	1
11629	e2da3e86c9ebcbba3943b1a767a9befb67d6f9206df8b03235b01d8b447c32bf	8	1	1
11631	3d88b744a459735c15b361a4c286f3e311b3c18b748e2edb3a35fc24317c4b52	8	1	1
12001	9683b6ebf48abf918a61738743af2921cd0a02abfd38eaca64ddb75b5b3c79b9	8	1	1
12868	7390bfaaf5260a1e2baf35097ad4109fdc35d54f18f868aa58fa2f1bc697eaa4	8	1	1
12922	2e362a31aab39ed588d22d840f93e3fd2eac128d48c942a652982ebbabb8ab91	8	1	1
14999	0bb667726ef87d1472b2594c925454770ba66ccb92f0441a7adb289e01942dcf	8	1	1
15674	92487c3ac15e0c4edbaffe1a0f2cd4eea3c74338dbd6a3dddbd171954d513803	8	1	1
18910	92487c3ac15e0c4edbaffe1a0f2cd4eea3c74338dbd6a3dddbd171954d513803	8	1	1
20445	1d3923df2783355a3149d0b47329c52ea2feebdde53b5b480496a788bdcd3449	8	1	1
22978	2e362a31aab39ed588d22d840f93e3fd2eac128d48c942a652982ebbabb8ab91	8	1	1
23024	2e362a31aab39ed588d22d840f93e3fd2eac128d48c942a652982ebbabb8ab91	8	1	1
23887	2e362a31aab39ed588d22d840f93e3fd2eac128d48c942a652982ebbabb8ab91	8	1	1
25964	2e362a31aab39ed588d22d840f93e3fd2eac128d48c942a652982ebbabb8ab91	8	1	1
30436	8fd4e0ad2eb25c28ef3f4e464dca20d634a3715bab5e0b4b6c094773ab4e0803	8	1	2
35711	2e362a31aab39ed588d22d840f93e3fd2eac128d48c942a652982ebbabb8ab91	8	1	3
37395	2e362a31aab39ed588d22d840f93e3fd2eac128d48c942a652982ebbabb8ab91	8	1	3
37692	2e362a31aab39ed588d22d840f93e3fd2eac128d48c942a652982ebbabb8ab91	8	1	2
37813	2e362a31aab39ed588d22d840f93e3fd2eac128d48c942a652982ebbabb8ab91	8	1	2
38130	2e362a31aab39ed588d22d840f93e3fd2eac128d48c942a652982ebbabb8ab91	8	1	1
40818	36e8d6c79d4203243eb4cf2227658311b693c9ba06400707d19018f95d81a0a5	8	1	1
41450	36e8d6c79d4203243eb4cf2227658311b693c9ba06400707d19018f95d81a0a5	8	1	1
44819	2e362a31aab39ed588d22d840f93e3fd2eac128d48c942a652982ebbabb8ab91	8	1	6
45668	2e362a31aab39ed588d22d840f93e3fd2eac128d48c942a652982ebbabb8ab91	8	1	6
53547	2e362a31aab39ed588d22d840f93e3fd2eac128d48c942a652982ebbabb8ab91	8	1	1
53566	2e362a31aab39ed588d22d840f93e3fd2eac128d48c942a652982ebbabb8ab91	8	1	1
56846	2e362a31aab39ed588d22d840f93e3fd2eac128d48c942a652982ebbabb8ab91	8	1	2
56899	2e362a31aab39ed588d22d840f93e3fd2eac128d48c942a652982ebbabb8ab91	8	1	1
57129	2e362a31aab39ed588d22d840f93e3fd2eac128d48c942a652982ebbabb8ab91	8	1	1
57198	2e362a31aab39ed588d22d840f93e3fd2eac128d48c942a652982ebbabb8ab91	8	1	1
57257	2e362a31aab39ed588d22d840f93e3fd2eac128d48c942a652982ebbabb8ab91	8	1	1
59073	2e362a31aab39ed588d22d840f93e3fd2eac128d48c942a652982ebbabb8ab91	8	1	1
243	e0a1f669a6a35b4ebb54abaf67ecd4b3f3da3025a2f80473708d9061f1566cf2	7	1	1
3191	e6527c6c96efd30f776181ab2bfe350b313346e10cddc8f6393d4b138840be87	7	1	1
29070	e6527c6c96efd30f776181ab2bfe350b313346e10cddc8f6393d4b138840be87	7	1	686
29386	26f92126a5ac14b1002854df2b7d2850a0d613c8069fd060f09f421a7fb493aa	7	1	686
29404	e6527c6c96efd30f776181ab2bfe350b313346e10cddc8f6393d4b138840be87	7	1	686
29420	e6527c6c96efd30f776181ab2bfe350b313346e10cddc8f6393d4b138840be87	7	1	11056
29428	e6527c6c96efd30f776181ab2bfe350b313346e10cddc8f6393d4b138840be87	7	1	11056
33093	e6a08bd3576ee2f9da4b6b2f3b7b32a2f98045ca15bb574d3767b4d57fdbaf94	7	1	1
3228	e6527c6c96efd30f776181ab2bfe350b313346e10cddc8f6393d4b138840be87	6	3	3
6980	e6527c6c96efd30f776181ab2bfe350b313346e10cddc8f6393d4b138840be87	6	1	11260
8683	73af0c4b26816bedafba2b517e4dfcbcebc37c25ce17126965b880b2e927b9d5	6	1	1
8687	73af0c4b26816bedafba2b517e4dfcbcebc37c25ce17126965b880b2e927b9d5	6	1	1
8695	73af0c4b26816bedafba2b517e4dfcbcebc37c25ce17126965b880b2e927b9d5	6	1	1
8702	73af0c4b26816bedafba2b517e4dfcbcebc37c25ce17126965b880b2e927b9d5	6	1	1
8722	73af0c4b26816bedafba2b517e4dfcbcebc37c25ce17126965b880b2e927b9d5	6	1	1
8730	73af0c4b26816bedafba2b517e4dfcbcebc37c25ce17126965b880b2e927b9d5	6	1	1
8738	73af0c4b26816bedafba2b517e4dfcbcebc37c25ce17126965b880b2e927b9d5	6	1	1
8749	73af0c4b26816bedafba2b517e4dfcbcebc37c25ce17126965b880b2e927b9d5	6	1	1
8786	73af0c4b26816bedafba2b517e4dfcbcebc37c25ce17126965b880b2e927b9d5	6	1	1
8789	73af0c4b26816bedafba2b517e4dfcbcebc37c25ce17126965b880b2e927b9d5	6	1	1
8812	73af0c4b26816bedafba2b517e4dfcbcebc37c25ce17126965b880b2e927b9d5	6	1	1
8851	73af0c4b26816bedafba2b517e4dfcbcebc37c25ce17126965b880b2e927b9d5	6	1	1
8877	73af0c4b26816bedafba2b517e4dfcbcebc37c25ce17126965b880b2e927b9d5	6	1	1
8890	73af0c4b26816bedafba2b517e4dfcbcebc37c25ce17126965b880b2e927b9d5	6	1	1
8893	73af0c4b26816bedafba2b517e4dfcbcebc37c25ce17126965b880b2e927b9d5	6	1	1
8897	73af0c4b26816bedafba2b517e4dfcbcebc37c25ce17126965b880b2e927b9d5	6	1	1
8965	73af0c4b26816bedafba2b517e4dfcbcebc37c25ce17126965b880b2e927b9d5	6	1	1
8969	73af0c4b26816bedafba2b517e4dfcbcebc37c25ce17126965b880b2e927b9d5	6	1	1
8973	73af0c4b26816bedafba2b517e4dfcbcebc37c25ce17126965b880b2e927b9d5	6	1	1
9014	73af0c4b26816bedafba2b517e4dfcbcebc37c25ce17126965b880b2e927b9d5	6	1	1
9023	73af0c4b26816bedafba2b517e4dfcbcebc37c25ce17126965b880b2e927b9d5	6	1	1
9027	73af0c4b26816bedafba2b517e4dfcbcebc37c25ce17126965b880b2e927b9d5	6	1	1
9035	73af0c4b26816bedafba2b517e4dfcbcebc37c25ce17126965b880b2e927b9d5	6	1	1
9073	73af0c4b26816bedafba2b517e4dfcbcebc37c25ce17126965b880b2e927b9d5	6	1	1
9088	73af0c4b26816bedafba2b517e4dfcbcebc37c25ce17126965b880b2e927b9d5	6	1	1
9098	73af0c4b26816bedafba2b517e4dfcbcebc37c25ce17126965b880b2e927b9d5	6	1	1
9131	73af0c4b26816bedafba2b517e4dfcbcebc37c25ce17126965b880b2e927b9d5	6	1	1
9135	73af0c4b26816bedafba2b517e4dfcbcebc37c25ce17126965b880b2e927b9d5	6	1	1
9142	73af0c4b26816bedafba2b517e4dfcbcebc37c25ce17126965b880b2e927b9d5	6	1	1
9145	73af0c4b26816bedafba2b517e4dfcbcebc37c25ce17126965b880b2e927b9d5	6	1	1
9154	73af0c4b26816bedafba2b517e4dfcbcebc37c25ce17126965b880b2e927b9d5	6	1	1
9160	73af0c4b26816bedafba2b517e4dfcbcebc37c25ce17126965b880b2e927b9d5	6	1	1
9163	73af0c4b26816bedafba2b517e4dfcbcebc37c25ce17126965b880b2e927b9d5	6	1	1
9205	73af0c4b26816bedafba2b517e4dfcbcebc37c25ce17126965b880b2e927b9d5	6	1	1
9208	73af0c4b26816bedafba2b517e4dfcbcebc37c25ce17126965b880b2e927b9d5	6	1	1
9211	73af0c4b26816bedafba2b517e4dfcbcebc37c25ce17126965b880b2e927b9d5	6	1	1
9214	73af0c4b26816bedafba2b517e4dfcbcebc37c25ce17126965b880b2e927b9d5	6	1	1
9217	73af0c4b26816bedafba2b517e4dfcbcebc37c25ce17126965b880b2e927b9d5	6	1	1
9220	73af0c4b26816bedafba2b517e4dfcbcebc37c25ce17126965b880b2e927b9d5	6	1	1
9223	73af0c4b26816bedafba2b517e4dfcbcebc37c25ce17126965b880b2e927b9d5	6	1	1
9226	73af0c4b26816bedafba2b517e4dfcbcebc37c25ce17126965b880b2e927b9d5	6	1	1
9235	73af0c4b26816bedafba2b517e4dfcbcebc37c25ce17126965b880b2e927b9d5	6	1	1
9238	73af0c4b26816bedafba2b517e4dfcbcebc37c25ce17126965b880b2e927b9d5	6	1	1
9241	73af0c4b26816bedafba2b517e4dfcbcebc37c25ce17126965b880b2e927b9d5	6	1	1
9247	73af0c4b26816bedafba2b517e4dfcbcebc37c25ce17126965b880b2e927b9d5	6	1	1
9259	73af0c4b26816bedafba2b517e4dfcbcebc37c25ce17126965b880b2e927b9d5	6	1	1
9265	73af0c4b26816bedafba2b517e4dfcbcebc37c25ce17126965b880b2e927b9d5	6	1	1
9274	73af0c4b26816bedafba2b517e4dfcbcebc37c25ce17126965b880b2e927b9d5	6	1	1
9277	73af0c4b26816bedafba2b517e4dfcbcebc37c25ce17126965b880b2e927b9d5	6	1	1
9286	73af0c4b26816bedafba2b517e4dfcbcebc37c25ce17126965b880b2e927b9d5	6	1	1
9289	73af0c4b26816bedafba2b517e4dfcbcebc37c25ce17126965b880b2e927b9d5	6	1	1
9292	73af0c4b26816bedafba2b517e4dfcbcebc37c25ce17126965b880b2e927b9d5	6	1	1
9298	73af0c4b26816bedafba2b517e4dfcbcebc37c25ce17126965b880b2e927b9d5	6	1	1
9301	73af0c4b26816bedafba2b517e4dfcbcebc37c25ce17126965b880b2e927b9d5	6	1	1
9304	73af0c4b26816bedafba2b517e4dfcbcebc37c25ce17126965b880b2e927b9d5	6	1	1
9319	73af0c4b26816bedafba2b517e4dfcbcebc37c25ce17126965b880b2e927b9d5	6	1	1
9322	73af0c4b26816bedafba2b517e4dfcbcebc37c25ce17126965b880b2e927b9d5	6	1	1
9368	73af0c4b26816bedafba2b517e4dfcbcebc37c25ce17126965b880b2e927b9d5	6	1	1
9372	73af0c4b26816bedafba2b517e4dfcbcebc37c25ce17126965b880b2e927b9d5	6	1	1
9376	73af0c4b26816bedafba2b517e4dfcbcebc37c25ce17126965b880b2e927b9d5	6	1	1
9383	73af0c4b26816bedafba2b517e4dfcbcebc37c25ce17126965b880b2e927b9d5	6	1	1
9387	73af0c4b26816bedafba2b517e4dfcbcebc37c25ce17126965b880b2e927b9d5	6	1	1
9424	73af0c4b26816bedafba2b517e4dfcbcebc37c25ce17126965b880b2e927b9d5	6	1	1
9428	73af0c4b26816bedafba2b517e4dfcbcebc37c25ce17126965b880b2e927b9d5	6	1	1
9432	73af0c4b26816bedafba2b517e4dfcbcebc37c25ce17126965b880b2e927b9d5	6	1	1
9436	73af0c4b26816bedafba2b517e4dfcbcebc37c25ce17126965b880b2e927b9d5	6	1	1
9440	73af0c4b26816bedafba2b517e4dfcbcebc37c25ce17126965b880b2e927b9d5	6	1	1
9444	73af0c4b26816bedafba2b517e4dfcbcebc37c25ce17126965b880b2e927b9d5	6	1	1
9448	73af0c4b26816bedafba2b517e4dfcbcebc37c25ce17126965b880b2e927b9d5	6	1	1
9452	73af0c4b26816bedafba2b517e4dfcbcebc37c25ce17126965b880b2e927b9d5	6	1	1
9456	73af0c4b26816bedafba2b517e4dfcbcebc37c25ce17126965b880b2e927b9d5	6	1	1
9460	73af0c4b26816bedafba2b517e4dfcbcebc37c25ce17126965b880b2e927b9d5	6	1	1
9464	73af0c4b26816bedafba2b517e4dfcbcebc37c25ce17126965b880b2e927b9d5	6	1	1
9468	73af0c4b26816bedafba2b517e4dfcbcebc37c25ce17126965b880b2e927b9d5	6	1	1
9472	73af0c4b26816bedafba2b517e4dfcbcebc37c25ce17126965b880b2e927b9d5	6	1	1
9476	73af0c4b26816bedafba2b517e4dfcbcebc37c25ce17126965b880b2e927b9d5	6	1	1
9480	73af0c4b26816bedafba2b517e4dfcbcebc37c25ce17126965b880b2e927b9d5	6	1	1
9484	73af0c4b26816bedafba2b517e4dfcbcebc37c25ce17126965b880b2e927b9d5	6	1	1
9488	73af0c4b26816bedafba2b517e4dfcbcebc37c25ce17126965b880b2e927b9d5	6	1	1
9492	73af0c4b26816bedafba2b517e4dfcbcebc37c25ce17126965b880b2e927b9d5	6	1	1
9496	73af0c4b26816bedafba2b517e4dfcbcebc37c25ce17126965b880b2e927b9d5	6	1	1
9500	73af0c4b26816bedafba2b517e4dfcbcebc37c25ce17126965b880b2e927b9d5	6	1	1
9503	73af0c4b26816bedafba2b517e4dfcbcebc37c25ce17126965b880b2e927b9d5	6	1	1
9506	73af0c4b26816bedafba2b517e4dfcbcebc37c25ce17126965b880b2e927b9d5	6	1	1
9509	73af0c4b26816bedafba2b517e4dfcbcebc37c25ce17126965b880b2e927b9d5	6	1	1
9512	73af0c4b26816bedafba2b517e4dfcbcebc37c25ce17126965b880b2e927b9d5	6	1	1
9515	73af0c4b26816bedafba2b517e4dfcbcebc37c25ce17126965b880b2e927b9d5	6	1	1
9533	73af0c4b26816bedafba2b517e4dfcbcebc37c25ce17126965b880b2e927b9d5	6	1	1
9537	73af0c4b26816bedafba2b517e4dfcbcebc37c25ce17126965b880b2e927b9d5	6	1	1
9541	73af0c4b26816bedafba2b517e4dfcbcebc37c25ce17126965b880b2e927b9d5	6	1	1
9544	73af0c4b26816bedafba2b517e4dfcbcebc37c25ce17126965b880b2e927b9d5	6	1	1
9548	73af0c4b26816bedafba2b517e4dfcbcebc37c25ce17126965b880b2e927b9d5	6	1	1
9552	73af0c4b26816bedafba2b517e4dfcbcebc37c25ce17126965b880b2e927b9d5	6	1	1
9564	73af0c4b26816bedafba2b517e4dfcbcebc37c25ce17126965b880b2e927b9d5	6	1	1
9598	73af0c4b26816bedafba2b517e4dfcbcebc37c25ce17126965b880b2e927b9d5	6	1	1
9634	73af0c4b26816bedafba2b517e4dfcbcebc37c25ce17126965b880b2e927b9d5	6	1	1
9682	73af0c4b26816bedafba2b517e4dfcbcebc37c25ce17126965b880b2e927b9d5	6	1	1
9685	73af0c4b26816bedafba2b517e4dfcbcebc37c25ce17126965b880b2e927b9d5	6	1	1
9688	73af0c4b26816bedafba2b517e4dfcbcebc37c25ce17126965b880b2e927b9d5	6	1	1
9691	73af0c4b26816bedafba2b517e4dfcbcebc37c25ce17126965b880b2e927b9d5	6	1	1
9694	73af0c4b26816bedafba2b517e4dfcbcebc37c25ce17126965b880b2e927b9d5	6	1	1
9697	73af0c4b26816bedafba2b517e4dfcbcebc37c25ce17126965b880b2e927b9d5	6	1	1
9700	73af0c4b26816bedafba2b517e4dfcbcebc37c25ce17126965b880b2e927b9d5	6	1	1
9715	73af0c4b26816bedafba2b517e4dfcbcebc37c25ce17126965b880b2e927b9d5	6	1	1
9718	73af0c4b26816bedafba2b517e4dfcbcebc37c25ce17126965b880b2e927b9d5	6	1	1
9721	73af0c4b26816bedafba2b517e4dfcbcebc37c25ce17126965b880b2e927b9d5	6	1	1
9724	73af0c4b26816bedafba2b517e4dfcbcebc37c25ce17126965b880b2e927b9d5	6	1	1
9727	73af0c4b26816bedafba2b517e4dfcbcebc37c25ce17126965b880b2e927b9d5	6	1	1
9730	73af0c4b26816bedafba2b517e4dfcbcebc37c25ce17126965b880b2e927b9d5	6	1	1
9733	73af0c4b26816bedafba2b517e4dfcbcebc37c25ce17126965b880b2e927b9d5	6	1	1
9736	73af0c4b26816bedafba2b517e4dfcbcebc37c25ce17126965b880b2e927b9d5	6	1	1
9739	73af0c4b26816bedafba2b517e4dfcbcebc37c25ce17126965b880b2e927b9d5	6	1	1
9742	73af0c4b26816bedafba2b517e4dfcbcebc37c25ce17126965b880b2e927b9d5	6	1	1
9745	73af0c4b26816bedafba2b517e4dfcbcebc37c25ce17126965b880b2e927b9d5	6	1	1
9748	73af0c4b26816bedafba2b517e4dfcbcebc37c25ce17126965b880b2e927b9d5	6	1	1
9759	73af0c4b26816bedafba2b517e4dfcbcebc37c25ce17126965b880b2e927b9d5	6	1	1
9767	73af0c4b26816bedafba2b517e4dfcbcebc37c25ce17126965b880b2e927b9d5	6	1	1
9787	73af0c4b26816bedafba2b517e4dfcbcebc37c25ce17126965b880b2e927b9d5	6	1	1
9791	73af0c4b26816bedafba2b517e4dfcbcebc37c25ce17126965b880b2e927b9d5	6	1	1
9807	73af0c4b26816bedafba2b517e4dfcbcebc37c25ce17126965b880b2e927b9d5	6	1	1
9815	73af0c4b26816bedafba2b517e4dfcbcebc37c25ce17126965b880b2e927b9d5	6	1	1
9827	73af0c4b26816bedafba2b517e4dfcbcebc37c25ce17126965b880b2e927b9d5	6	1	1
9831	73af0c4b26816bedafba2b517e4dfcbcebc37c25ce17126965b880b2e927b9d5	6	1	1
9839	73af0c4b26816bedafba2b517e4dfcbcebc37c25ce17126965b880b2e927b9d5	6	1	1
9847	73af0c4b26816bedafba2b517e4dfcbcebc37c25ce17126965b880b2e927b9d5	6	1	1
9855	73af0c4b26816bedafba2b517e4dfcbcebc37c25ce17126965b880b2e927b9d5	6	1	1
9892	73af0c4b26816bedafba2b517e4dfcbcebc37c25ce17126965b880b2e927b9d5	6	1	1
9907	73af0c4b26816bedafba2b517e4dfcbcebc37c25ce17126965b880b2e927b9d5	6	1	1
9965	73af0c4b26816bedafba2b517e4dfcbcebc37c25ce17126965b880b2e927b9d5	6	1	1
9969	73af0c4b26816bedafba2b517e4dfcbcebc37c25ce17126965b880b2e927b9d5	6	1	1
9973	73af0c4b26816bedafba2b517e4dfcbcebc37c25ce17126965b880b2e927b9d5	6	1	1
9989	73af0c4b26816bedafba2b517e4dfcbcebc37c25ce17126965b880b2e927b9d5	6	1	1
9993	73af0c4b26816bedafba2b517e4dfcbcebc37c25ce17126965b880b2e927b9d5	6	1	1
9997	73af0c4b26816bedafba2b517e4dfcbcebc37c25ce17126965b880b2e927b9d5	6	1	1
10015	73af0c4b26816bedafba2b517e4dfcbcebc37c25ce17126965b880b2e927b9d5	6	1	1
10057	73af0c4b26816bedafba2b517e4dfcbcebc37c25ce17126965b880b2e927b9d5	6	1	1
10077	73af0c4b26816bedafba2b517e4dfcbcebc37c25ce17126965b880b2e927b9d5	6	1	1
10085	73af0c4b26816bedafba2b517e4dfcbcebc37c25ce17126965b880b2e927b9d5	6	1	1
10097	73af0c4b26816bedafba2b517e4dfcbcebc37c25ce17126965b880b2e927b9d5	6	1	1
10115	73af0c4b26816bedafba2b517e4dfcbcebc37c25ce17126965b880b2e927b9d5	6	1	1
10125	73af0c4b26816bedafba2b517e4dfcbcebc37c25ce17126965b880b2e927b9d5	6	1	1
10157	73af0c4b26816bedafba2b517e4dfcbcebc37c25ce17126965b880b2e927b9d5	6	1	1
10165	73af0c4b26816bedafba2b517e4dfcbcebc37c25ce17126965b880b2e927b9d5	6	1	1
10213	73af0c4b26816bedafba2b517e4dfcbcebc37c25ce17126965b880b2e927b9d5	6	1	1
10346	73af0c4b26816bedafba2b517e4dfcbcebc37c25ce17126965b880b2e927b9d5	6	1	1
10350	73af0c4b26816bedafba2b517e4dfcbcebc37c25ce17126965b880b2e927b9d5	6	1	1
10373	73af0c4b26816bedafba2b517e4dfcbcebc37c25ce17126965b880b2e927b9d5	6	1	1
10388	73af0c4b26816bedafba2b517e4dfcbcebc37c25ce17126965b880b2e927b9d5	6	1	1
10396	73af0c4b26816bedafba2b517e4dfcbcebc37c25ce17126965b880b2e927b9d5	6	1	1
10400	73af0c4b26816bedafba2b517e4dfcbcebc37c25ce17126965b880b2e927b9d5	6	1	1
10404	73af0c4b26816bedafba2b517e4dfcbcebc37c25ce17126965b880b2e927b9d5	6	1	1
10408	73af0c4b26816bedafba2b517e4dfcbcebc37c25ce17126965b880b2e927b9d5	6	1	1
10427	73af0c4b26816bedafba2b517e4dfcbcebc37c25ce17126965b880b2e927b9d5	6	1	1
10435	73af0c4b26816bedafba2b517e4dfcbcebc37c25ce17126965b880b2e927b9d5	6	1	1
10439	73af0c4b26816bedafba2b517e4dfcbcebc37c25ce17126965b880b2e927b9d5	6	1	1
10443	73af0c4b26816bedafba2b517e4dfcbcebc37c25ce17126965b880b2e927b9d5	6	1	1
10447	73af0c4b26816bedafba2b517e4dfcbcebc37c25ce17126965b880b2e927b9d5	6	1	1
10451	73af0c4b26816bedafba2b517e4dfcbcebc37c25ce17126965b880b2e927b9d5	6	1	1
10455	73af0c4b26816bedafba2b517e4dfcbcebc37c25ce17126965b880b2e927b9d5	6	1	1
10459	73af0c4b26816bedafba2b517e4dfcbcebc37c25ce17126965b880b2e927b9d5	6	1	1
10463	73af0c4b26816bedafba2b517e4dfcbcebc37c25ce17126965b880b2e927b9d5	6	1	1
10467	73af0c4b26816bedafba2b517e4dfcbcebc37c25ce17126965b880b2e927b9d5	6	1	1
10471	73af0c4b26816bedafba2b517e4dfcbcebc37c25ce17126965b880b2e927b9d5	6	1	1
10475	73af0c4b26816bedafba2b517e4dfcbcebc37c25ce17126965b880b2e927b9d5	6	1	1
10479	73af0c4b26816bedafba2b517e4dfcbcebc37c25ce17126965b880b2e927b9d5	6	1	1
10483	73af0c4b26816bedafba2b517e4dfcbcebc37c25ce17126965b880b2e927b9d5	6	1	1
10491	73af0c4b26816bedafba2b517e4dfcbcebc37c25ce17126965b880b2e927b9d5	6	1	1
10495	73af0c4b26816bedafba2b517e4dfcbcebc37c25ce17126965b880b2e927b9d5	6	1	1
10503	73af0c4b26816bedafba2b517e4dfcbcebc37c25ce17126965b880b2e927b9d5	6	1	1
10519	73af0c4b26816bedafba2b517e4dfcbcebc37c25ce17126965b880b2e927b9d5	6	1	1
10531	73af0c4b26816bedafba2b517e4dfcbcebc37c25ce17126965b880b2e927b9d5	6	1	1
10543	73af0c4b26816bedafba2b517e4dfcbcebc37c25ce17126965b880b2e927b9d5	6	1	1
10555	73af0c4b26816bedafba2b517e4dfcbcebc37c25ce17126965b880b2e927b9d5	6	1	1
10567	73af0c4b26816bedafba2b517e4dfcbcebc37c25ce17126965b880b2e927b9d5	6	1	1
10579	73af0c4b26816bedafba2b517e4dfcbcebc37c25ce17126965b880b2e927b9d5	6	1	1
10591	73af0c4b26816bedafba2b517e4dfcbcebc37c25ce17126965b880b2e927b9d5	6	1	1
10603	73af0c4b26816bedafba2b517e4dfcbcebc37c25ce17126965b880b2e927b9d5	6	1	1
10615	73af0c4b26816bedafba2b517e4dfcbcebc37c25ce17126965b880b2e927b9d5	6	1	1
10627	73af0c4b26816bedafba2b517e4dfcbcebc37c25ce17126965b880b2e927b9d5	6	1	1
10639	73af0c4b26816bedafba2b517e4dfcbcebc37c25ce17126965b880b2e927b9d5	6	1	1
10651	73af0c4b26816bedafba2b517e4dfcbcebc37c25ce17126965b880b2e927b9d5	6	1	1
25114	e6527c6c96efd30f776181ab2bfe350b313346e10cddc8f6393d4b138840be87	6	1	963
25140	e6527c6c96efd30f776181ab2bfe350b313346e10cddc8f6393d4b138840be87	6	1	963
25157	e6527c6c96efd30f776181ab2bfe350b313346e10cddc8f6393d4b138840be87	6	1	963
33015	e6527c6c96efd30f776181ab2bfe350b313346e10cddc8f6393d4b138840be87	6	1	90
33161	e6527c6c96efd30f776181ab2bfe350b313346e10cddc8f6393d4b138840be87	6	1	90
33230	e6527c6c96efd30f776181ab2bfe350b313346e10cddc8f6393d4b138840be87	6	1	89
41570	ec8fed4bf55c3eafa074bd5eb3e5425b6fec8022cf6682a73c71a57f877713aa	6	1	1
25	549d2828f4bd60b6f928e9649aeef9539a53e8115de8c250dc64ff495cff50ca	4	1	1
8642	73af0c4b26816bedafba2b517e4dfcbcebc37c25ce17126965b880b2e927b9d5	4	1	1
8652	73af0c4b26816bedafba2b517e4dfcbcebc37c25ce17126965b880b2e927b9d5	4	1	1
8699	73af0c4b26816bedafba2b517e4dfcbcebc37c25ce17126965b880b2e927b9d5	4	1	1
8901	73af0c4b26816bedafba2b517e4dfcbcebc37c25ce17126965b880b2e927b9d5	4	1	1
9007	73af0c4b26816bedafba2b517e4dfcbcebc37c25ce17126965b880b2e927b9d5	4	1	1
9031	73af0c4b26816bedafba2b517e4dfcbcebc37c25ce17126965b880b2e927b9d5	4	1	1
9038	73af0c4b26816bedafba2b517e4dfcbcebc37c25ce17126965b880b2e927b9d5	4	1	1
9084	73af0c4b26816bedafba2b517e4dfcbcebc37c25ce17126965b880b2e927b9d5	4	1	1
9091	73af0c4b26816bedafba2b517e4dfcbcebc37c25ce17126965b880b2e927b9d5	4	1	1
9094	73af0c4b26816bedafba2b517e4dfcbcebc37c25ce17126965b880b2e927b9d5	4	1	1
9112	73af0c4b26816bedafba2b517e4dfcbcebc37c25ce17126965b880b2e927b9d5	4	1	1
9116	73af0c4b26816bedafba2b517e4dfcbcebc37c25ce17126965b880b2e927b9d5	4	1	1
9127	73af0c4b26816bedafba2b517e4dfcbcebc37c25ce17126965b880b2e927b9d5	4	1	1
9148	73af0c4b26816bedafba2b517e4dfcbcebc37c25ce17126965b880b2e927b9d5	4	1	1
9151	73af0c4b26816bedafba2b517e4dfcbcebc37c25ce17126965b880b2e927b9d5	4	1	1
9190	73af0c4b26816bedafba2b517e4dfcbcebc37c25ce17126965b880b2e927b9d5	4	1	1
9193	73af0c4b26816bedafba2b517e4dfcbcebc37c25ce17126965b880b2e927b9d5	4	1	1
9229	73af0c4b26816bedafba2b517e4dfcbcebc37c25ce17126965b880b2e927b9d5	4	1	1
9232	73af0c4b26816bedafba2b517e4dfcbcebc37c25ce17126965b880b2e927b9d5	4	1	1
9244	73af0c4b26816bedafba2b517e4dfcbcebc37c25ce17126965b880b2e927b9d5	4	1	1
9250	73af0c4b26816bedafba2b517e4dfcbcebc37c25ce17126965b880b2e927b9d5	4	1	1
9253	73af0c4b26816bedafba2b517e4dfcbcebc37c25ce17126965b880b2e927b9d5	4	1	1
9256	73af0c4b26816bedafba2b517e4dfcbcebc37c25ce17126965b880b2e927b9d5	4	1	1
9268	73af0c4b26816bedafba2b517e4dfcbcebc37c25ce17126965b880b2e927b9d5	4	1	1
9295	73af0c4b26816bedafba2b517e4dfcbcebc37c25ce17126965b880b2e927b9d5	4	1	1
9325	73af0c4b26816bedafba2b517e4dfcbcebc37c25ce17126965b880b2e927b9d5	4	1	1
9328	73af0c4b26816bedafba2b517e4dfcbcebc37c25ce17126965b880b2e927b9d5	4	1	1
9406	73af0c4b26816bedafba2b517e4dfcbcebc37c25ce17126965b880b2e927b9d5	4	1	1
9409	73af0c4b26816bedafba2b517e4dfcbcebc37c25ce17126965b880b2e927b9d5	4	1	1
9416	73af0c4b26816bedafba2b517e4dfcbcebc37c25ce17126965b880b2e927b9d5	4	1	1
9518	73af0c4b26816bedafba2b517e4dfcbcebc37c25ce17126965b880b2e927b9d5	4	1	1
9522	73af0c4b26816bedafba2b517e4dfcbcebc37c25ce17126965b880b2e927b9d5	4	1	1
9526	73af0c4b26816bedafba2b517e4dfcbcebc37c25ce17126965b880b2e927b9d5	4	1	1
9529	73af0c4b26816bedafba2b517e4dfcbcebc37c25ce17126965b880b2e927b9d5	4	1	1
9575	73af0c4b26816bedafba2b517e4dfcbcebc37c25ce17126965b880b2e927b9d5	4	1	1
9579	73af0c4b26816bedafba2b517e4dfcbcebc37c25ce17126965b880b2e927b9d5	4	1	1
9583	73af0c4b26816bedafba2b517e4dfcbcebc37c25ce17126965b880b2e927b9d5	4	1	1
9586	73af0c4b26816bedafba2b517e4dfcbcebc37c25ce17126965b880b2e927b9d5	4	1	1
9590	73af0c4b26816bedafba2b517e4dfcbcebc37c25ce17126965b880b2e927b9d5	4	1	1
9594	73af0c4b26816bedafba2b517e4dfcbcebc37c25ce17126965b880b2e927b9d5	4	1	1
9601	73af0c4b26816bedafba2b517e4dfcbcebc37c25ce17126965b880b2e927b9d5	4	1	1
9605	73af0c4b26816bedafba2b517e4dfcbcebc37c25ce17126965b880b2e927b9d5	4	1	1
9609	73af0c4b26816bedafba2b517e4dfcbcebc37c25ce17126965b880b2e927b9d5	4	1	1
9613	73af0c4b26816bedafba2b517e4dfcbcebc37c25ce17126965b880b2e927b9d5	4	1	1
9617	73af0c4b26816bedafba2b517e4dfcbcebc37c25ce17126965b880b2e927b9d5	4	1	1
9621	73af0c4b26816bedafba2b517e4dfcbcebc37c25ce17126965b880b2e927b9d5	4	1	1
9624	73af0c4b26816bedafba2b517e4dfcbcebc37c25ce17126965b880b2e927b9d5	4	1	1
9627	73af0c4b26816bedafba2b517e4dfcbcebc37c25ce17126965b880b2e927b9d5	4	1	1
9630	73af0c4b26816bedafba2b517e4dfcbcebc37c25ce17126965b880b2e927b9d5	4	1	1
9655	73af0c4b26816bedafba2b517e4dfcbcebc37c25ce17126965b880b2e927b9d5	4	1	1
9663	73af0c4b26816bedafba2b517e4dfcbcebc37c25ce17126965b880b2e927b9d5	4	1	1
9667	73af0c4b26816bedafba2b517e4dfcbcebc37c25ce17126965b880b2e927b9d5	4	1	1
9671	73af0c4b26816bedafba2b517e4dfcbcebc37c25ce17126965b880b2e927b9d5	4	1	1
9675	73af0c4b26816bedafba2b517e4dfcbcebc37c25ce17126965b880b2e927b9d5	4	1	1
9679	73af0c4b26816bedafba2b517e4dfcbcebc37c25ce17126965b880b2e927b9d5	4	1	1
9703	73af0c4b26816bedafba2b517e4dfcbcebc37c25ce17126965b880b2e927b9d5	4	1	1
9706	73af0c4b26816bedafba2b517e4dfcbcebc37c25ce17126965b880b2e927b9d5	4	1	1
9709	73af0c4b26816bedafba2b517e4dfcbcebc37c25ce17126965b880b2e927b9d5	4	1	1
9712	73af0c4b26816bedafba2b517e4dfcbcebc37c25ce17126965b880b2e927b9d5	4	1	1
9755	73af0c4b26816bedafba2b517e4dfcbcebc37c25ce17126965b880b2e927b9d5	4	1	1
9803	73af0c4b26816bedafba2b517e4dfcbcebc37c25ce17126965b880b2e927b9d5	4	1	1
9811	73af0c4b26816bedafba2b517e4dfcbcebc37c25ce17126965b880b2e927b9d5	4	1	1
9878	73af0c4b26816bedafba2b517e4dfcbcebc37c25ce17126965b880b2e927b9d5	4	1	1
9881	73af0c4b26816bedafba2b517e4dfcbcebc37c25ce17126965b880b2e927b9d5	4	1	1
9884	73af0c4b26816bedafba2b517e4dfcbcebc37c25ce17126965b880b2e927b9d5	4	1	1
9899	73af0c4b26816bedafba2b517e4dfcbcebc37c25ce17126965b880b2e927b9d5	4	1	1
9931	73af0c4b26816bedafba2b517e4dfcbcebc37c25ce17126965b880b2e927b9d5	4	1	1
9935	73af0c4b26816bedafba2b517e4dfcbcebc37c25ce17126965b880b2e927b9d5	4	1	1
9938	73af0c4b26816bedafba2b517e4dfcbcebc37c25ce17126965b880b2e927b9d5	4	1	1
9941	73af0c4b26816bedafba2b517e4dfcbcebc37c25ce17126965b880b2e927b9d5	4	1	1
9944	73af0c4b26816bedafba2b517e4dfcbcebc37c25ce17126965b880b2e927b9d5	4	1	1
9948	73af0c4b26816bedafba2b517e4dfcbcebc37c25ce17126965b880b2e927b9d5	4	1	1
9958	73af0c4b26816bedafba2b517e4dfcbcebc37c25ce17126965b880b2e927b9d5	4	1	1
10027	73af0c4b26816bedafba2b517e4dfcbcebc37c25ce17126965b880b2e927b9d5	4	1	1
10039	73af0c4b26816bedafba2b517e4dfcbcebc37c25ce17126965b880b2e927b9d5	4	1	1
10042	73af0c4b26816bedafba2b517e4dfcbcebc37c25ce17126965b880b2e927b9d5	4	1	1
10046	73af0c4b26816bedafba2b517e4dfcbcebc37c25ce17126965b880b2e927b9d5	4	1	1
10050	73af0c4b26816bedafba2b517e4dfcbcebc37c25ce17126965b880b2e927b9d5	4	1	1
10054	73af0c4b26816bedafba2b517e4dfcbcebc37c25ce17126965b880b2e927b9d5	4	1	1
10100	73af0c4b26816bedafba2b517e4dfcbcebc37c25ce17126965b880b2e927b9d5	4	1	1
10104	73af0c4b26816bedafba2b517e4dfcbcebc37c25ce17126965b880b2e927b9d5	4	1	1
10108	73af0c4b26816bedafba2b517e4dfcbcebc37c25ce17126965b880b2e927b9d5	4	1	1
10118	73af0c4b26816bedafba2b517e4dfcbcebc37c25ce17126965b880b2e927b9d5	4	1	1
10121	73af0c4b26816bedafba2b517e4dfcbcebc37c25ce17126965b880b2e927b9d5	4	1	1
10132	73af0c4b26816bedafba2b517e4dfcbcebc37c25ce17126965b880b2e927b9d5	4	1	1
10142	73af0c4b26816bedafba2b517e4dfcbcebc37c25ce17126965b880b2e927b9d5	4	1	1
10149	73af0c4b26816bedafba2b517e4dfcbcebc37c25ce17126965b880b2e927b9d5	4	1	1
10153	73af0c4b26816bedafba2b517e4dfcbcebc37c25ce17126965b880b2e927b9d5	4	1	1
10189	73af0c4b26816bedafba2b517e4dfcbcebc37c25ce17126965b880b2e927b9d5	4	1	1
10193	73af0c4b26816bedafba2b517e4dfcbcebc37c25ce17126965b880b2e927b9d5	4	1	1
10217	73af0c4b26816bedafba2b517e4dfcbcebc37c25ce17126965b880b2e927b9d5	4	1	1
10297	73af0c4b26816bedafba2b517e4dfcbcebc37c25ce17126965b880b2e927b9d5	4	1	1
10301	73af0c4b26816bedafba2b517e4dfcbcebc37c25ce17126965b880b2e927b9d5	4	1	1
10305	73af0c4b26816bedafba2b517e4dfcbcebc37c25ce17126965b880b2e927b9d5	4	1	1
10309	73af0c4b26816bedafba2b517e4dfcbcebc37c25ce17126965b880b2e927b9d5	4	1	1
10320	73af0c4b26816bedafba2b517e4dfcbcebc37c25ce17126965b880b2e927b9d5	4	1	1
10337	73af0c4b26816bedafba2b517e4dfcbcebc37c25ce17126965b880b2e927b9d5	4	1	1
10354	73af0c4b26816bedafba2b517e4dfcbcebc37c25ce17126965b880b2e927b9d5	4	1	1
10357	73af0c4b26816bedafba2b517e4dfcbcebc37c25ce17126965b880b2e927b9d5	4	1	1
10384	73af0c4b26816bedafba2b517e4dfcbcebc37c25ce17126965b880b2e927b9d5	4	1	1
10392	73af0c4b26816bedafba2b517e4dfcbcebc37c25ce17126965b880b2e927b9d5	4	1	1
10412	73af0c4b26816bedafba2b517e4dfcbcebc37c25ce17126965b880b2e927b9d5	4	1	1
10416	73af0c4b26816bedafba2b517e4dfcbcebc37c25ce17126965b880b2e927b9d5	4	1	1
10420	73af0c4b26816bedafba2b517e4dfcbcebc37c25ce17126965b880b2e927b9d5	4	1	1
10423	73af0c4b26816bedafba2b517e4dfcbcebc37c25ce17126965b880b2e927b9d5	4	1	1
10487	73af0c4b26816bedafba2b517e4dfcbcebc37c25ce17126965b880b2e927b9d5	4	1	1
675	b51e6746bd4ca6b62ff257da30b21741a7fcd117fbb9f3cd97329e437077d4b4	3	1	1
3226	e6527c6c96efd30f776181ab2bfe350b313346e10cddc8f6393d4b138840be87	3	3	3
11500	ec8fed4bf55c3eafa074bd5eb3e5425b6fec8022cf6682a73c71a57f877713aa	3	1	1
8768	73af0c4b26816bedafba2b517e4dfcbcebc37c25ce17126965b880b2e927b9d5	2	1	1
8771	73af0c4b26816bedafba2b517e4dfcbcebc37c25ce17126965b880b2e927b9d5	2	1	1
8848	73af0c4b26816bedafba2b517e4dfcbcebc37c25ce17126965b880b2e927b9d5	2	1	1
9010	73af0c4b26816bedafba2b517e4dfcbcebc37c25ce17126965b880b2e927b9d5	2	1	1
9017	73af0c4b26816bedafba2b517e4dfcbcebc37c25ce17126965b880b2e927b9d5	2	1	1
9020	73af0c4b26816bedafba2b517e4dfcbcebc37c25ce17126965b880b2e927b9d5	2	1	1
9105	73af0c4b26816bedafba2b517e4dfcbcebc37c25ce17126965b880b2e927b9d5	2	1	1
9108	73af0c4b26816bedafba2b517e4dfcbcebc37c25ce17126965b880b2e927b9d5	2	1	1
9571	73af0c4b26816bedafba2b517e4dfcbcebc37c25ce17126965b880b2e927b9d5	2	1	1
9645	73af0c4b26816bedafba2b517e4dfcbcebc37c25ce17126965b880b2e927b9d5	2	1	1
9955	73af0c4b26816bedafba2b517e4dfcbcebc37c25ce17126965b880b2e927b9d5	2	1	1
9961	73af0c4b26816bedafba2b517e4dfcbcebc37c25ce17126965b880b2e927b9d5	2	1	1
10111	73af0c4b26816bedafba2b517e4dfcbcebc37c25ce17126965b880b2e927b9d5	2	1	1
10128	73af0c4b26816bedafba2b517e4dfcbcebc37c25ce17126965b880b2e927b9d5	2	1	1
10135	73af0c4b26816bedafba2b517e4dfcbcebc37c25ce17126965b880b2e927b9d5	2	1	1
10138	73af0c4b26816bedafba2b517e4dfcbcebc37c25ce17126965b880b2e927b9d5	2	1	1
10145	73af0c4b26816bedafba2b517e4dfcbcebc37c25ce17126965b880b2e927b9d5	2	1	1
10220	73af0c4b26816bedafba2b517e4dfcbcebc37c25ce17126965b880b2e927b9d5	2	1	1
10223	73af0c4b26816bedafba2b517e4dfcbcebc37c25ce17126965b880b2e927b9d5	2	1	1
10226	73af0c4b26816bedafba2b517e4dfcbcebc37c25ce17126965b880b2e927b9d5	2	1	1
10229	73af0c4b26816bedafba2b517e4dfcbcebc37c25ce17126965b880b2e927b9d5	2	1	1
10232	73af0c4b26816bedafba2b517e4dfcbcebc37c25ce17126965b880b2e927b9d5	2	1	1
10235	73af0c4b26816bedafba2b517e4dfcbcebc37c25ce17126965b880b2e927b9d5	2	1	1
10238	73af0c4b26816bedafba2b517e4dfcbcebc37c25ce17126965b880b2e927b9d5	2	1	1
10241	73af0c4b26816bedafba2b517e4dfcbcebc37c25ce17126965b880b2e927b9d5	2	1	1
10244	73af0c4b26816bedafba2b517e4dfcbcebc37c25ce17126965b880b2e927b9d5	2	1	1
10247	73af0c4b26816bedafba2b517e4dfcbcebc37c25ce17126965b880b2e927b9d5	2	1	1
10250	73af0c4b26816bedafba2b517e4dfcbcebc37c25ce17126965b880b2e927b9d5	2	1	1
10253	73af0c4b26816bedafba2b517e4dfcbcebc37c25ce17126965b880b2e927b9d5	2	1	1
10256	73af0c4b26816bedafba2b517e4dfcbcebc37c25ce17126965b880b2e927b9d5	2	1	1
10259	73af0c4b26816bedafba2b517e4dfcbcebc37c25ce17126965b880b2e927b9d5	2	1	1
10262	73af0c4b26816bedafba2b517e4dfcbcebc37c25ce17126965b880b2e927b9d5	2	1	1
10265	73af0c4b26816bedafba2b517e4dfcbcebc37c25ce17126965b880b2e927b9d5	2	1	1
10268	73af0c4b26816bedafba2b517e4dfcbcebc37c25ce17126965b880b2e927b9d5	2	1	1
10271	73af0c4b26816bedafba2b517e4dfcbcebc37c25ce17126965b880b2e927b9d5	2	1	1
10274	73af0c4b26816bedafba2b517e4dfcbcebc37c25ce17126965b880b2e927b9d5	2	1	1
10331	73af0c4b26816bedafba2b517e4dfcbcebc37c25ce17126965b880b2e927b9d5	2	1	1
10334	73af0c4b26816bedafba2b517e4dfcbcebc37c25ce17126965b880b2e927b9d5	2	1	1
10340	73af0c4b26816bedafba2b517e4dfcbcebc37c25ce17126965b880b2e927b9d5	2	1	1
10343	73af0c4b26816bedafba2b517e4dfcbcebc37c25ce17126965b880b2e927b9d5	2	1	1
