descriptor_id	trace_id	size	live_count	allocation_calls	requested_bytes
4516	3865	65142784	1	1	65142784
5263	5483	13928000	1	1	13928000
4517	3867	8142848	1	1	8142848
4118	3763	536	10984	10984	5887424
3718	3433	1962576	1	1	1962576
4481	3834	176	10984	10984	1933184
16381	7331	184	6543	28341	1203912
3984	3589	1158408	1	1	1158408
5774	5971	1131312	1	1	1131312
16382	7332	68	10648	40715	724064
12541	6535	680	1024	1024	696320
13149	7172	680	1024	1024	696320
13162	7191	680	1024	1024	696320
19740	7348	589824	1	2	589824
19792	7406	589824	1	1	589824
19822	7499	589824	1	2	589824
29214	25351	524288	1	1	524288
5777	5980	406296	1	1	406296
4518	3869	366576	1	1	366576
13147	7163	184	1976	6554	363584
31198	7921	176128	2	180	352256
31453	7805	176128	2	180	352256
31577	7852	176128	2	178	352256
5296	5526	832	416	416	346112
5304	5534	346112	1	1	346112
32165	34023	339840	1	36	339840
3905	3524	315288	1	1	315288
24498	10933	274432	1	1	274432
12539	6526	262144	1	1	262144
13083	7086	32768	8	32	262144
13471	7292	184	1394	3186	256496
4620	4051	230400	1	1	230400
4626	4070	230400	1	1	230400
19938	7797	120	1684	151622	202080
19988	7844	120	1684	149938	202080
20046	7913	120	1684	151622	202080
4483	3838	186912	1	1	186912
3512	3362	185368	1	1	185368
23287	7263	180224	1	1	180224
5285	5512	420	420	420	176400
5299	5529	176400	1	1	176400
12552	6546	163840	1	1	163840
12565	6560	163840	1	1	163840
13160	7183	163840	1	1	163840
13173	7202	163840	1	1	163840
3985	3593	96	1588	1588	152448
5298	5528	152000	1	1	152000
13202	7236	680	209	209	142120
13193	7226	680	208	208	141440
24483	10910	140971	1	1	140971
12554	6550	136	1024	1024	139264
5275	5500	420	315	315	132300
31123	7921	44032	3	540	132096
31378	7805	44032	3	540	132096
31502	7852	44032	3	534	132096
29562	26421	131096	1	1	131096
5277	5502	131072	1	1	131072
3910	3532	96	1183	1241	113568
24471	10910	105553	1	1	105553
4172	3769	102912	1	1	102912
4173	3770	102912	1	1	102912
12989	6804	88064	1	1	88064
19967	7805	22016	4	901	88064
20017	7852	22016	4	891	88064
20075	7921	22016	4	901	88064
31124	7921	88064	1	270	88064
31379	7805	88064	1	270	88064
31503	7852	88064	1	267	88064
12580	6599	87872	1	1	87872
4548	3888	83984	1	1	83984
3749	3467	66	1265	1265	83490
13472	7293	56	1451	3589	81256
5297	5527	80000	1	1	80000
4121	3768	16	4864	4864	77824
0	4	73728	1	1	73728
24511	10959	70392	1	1	70392
5279	5504	65536	1	1	65536
13084	7086	65536	1	5	65536
23530	7450	65536	1	11131	65536
24579	11141	61448	1	1	61448
24580	11143	61448	1	1	61448
24581	11145	61448	1	1	61448
24621	11252	57352	1	1	57352
10124	6062	136	396	396	53856
10125	6063	136	396	396	53856
10126	6064	136	396	396	53856
10127	6065	136	396	396	53856
3722	3437	64	824	875	52736
3993	3604	64	818	853	52352
10827	6059	2136	24	24	51264
10152	6062	144	348	348	50112
10153	6063	144	348	348	50112
10154	6064	144	348	348	50112
10155	6065	144	348	348	50112
10247	6062	140	356	356	49840
10248	6063	140	356	356	49840
10249	6064	140	356	356	49840
10250	6065	140	356	356	49840
24622	11254	49152	1	1	49152
4539	3891	32	1465	1466	46880
3991	3604	32	1412	2265	45184
36586	47708	44032	1	1	44032
36784	47929	44032	1	1	44032
5300	5530	43264	1	1	43264
5301	5531	43264	1	1	43264
5302	5532	43264	1	1	43264
5303	5533	43264	1	1	43264
5321	5562	43264	1	1	43264
5322	5563	43264	1	1	43264
19933	7786	43264	1	63	43264
19980	7829	43264	1	47	43264
20038	7898	43264	1	63	43264
5272	5495	420	103	103	43260
10140	6062	128	331	331	42368
10141	6063	128	331	331	42368
10142	6064	128	331	331	42368
10143	6065	128	331	331	42368
10533	6062	148	276	276	40848
10534	6063	148	276	276	40848
10535	6064	148	276	276	40848
10536	6065	148	276	276	40848
13473	7295	184	221	527	40664
5765	5947	40400	1	1	40400
3721	3437	32	1193	2069	38176
10192	6062	152	244	244	37088
10193	6063	152	244	244	37088
10194	6064	152	244	244	37088
10195	6065	152	244	244	37088
13468	7287	184	200	530	36800
10176	6062	168	217	217	36456
10177	6063	168	217	217	36456
10178	6064	168	217	217	36456
10179	6065	168	217	217	36456
13709	7298	184	193	770	35512
24469	10910	35416	1	1	35416
10188	6062	132	259	259	34188
10189	6063	132	259	259	34188
10190	6064	132	259	259	34188
10191	6065	132	259	259	34188
4167	3773	24	1417	1417	34008
13081	7086	8192	4	47	32768
13082	7086	16384	2	37	32768
25048	13383	32768	1	1	32768
5292	5521	104	312	312	32448
24500	10936	31408	1	1	31408
10400	6062	156	192	192	29952
10401	6063	156	192	192	29952
10402	6064	156	192	192	29952
10403	6065	156	192	192	29952
3724	3441	16	1752	2097	28032
3909	3528	64	418	444	26752
12838	6872	176	142	142	24992
24474	10910	24322	1	1	24322
10026	6061	72	336	336	24192
10128	6062	160	151	151	24160
10129	6063	160	151	151	24160
10130	6064	160	151	151	24160
10131	6065	160	151	151	24160
3908	3528	32	746	1192	23872
10404	6062	164	143	143	23452
10405	6063	164	143	143	23452
10406	6064	164	143	143	23452
10407	6065	164	143	143	23452
10553	6062	176	129	129	22704
10554	6063	176	129	129	22704
10555	6064	176	129	129	22704
10556	6065	176	129	129	22704
29516	26231	4432	5	20	22160
13710	7299	56	390	1169	21840
3682	3389	21672	1	1	21672
24420	10809	336	64	64	21504
13469	7289	184	111	337	20424
13215	7251	680	30	1325	20400
10156	6062	196	104	104	20384
10157	6063	196	104	104	20384
10158	6064	196	104	104	20384
10159	6065	196	104	104	20384
3353	3194	19681	1	1	19681
3992	3605	16	1187	1319	18992
5230	5429	18468	1	1	18468
5235	5431	18468	1	1	18468
5240	5434	18468	1	1	18468
5731	5925	18468	1	1	18468
5744	5931	18468	1	1	18468
5756	5935	18468	1	1	18468
10132	6062	120	152	152	18240
10133	6063	120	152	152	18240
10134	6064	120	152	152	18240
10135	6065	120	152	152	18240
10210	6062	112	156	156	17472
10211	6063	112	156	156	17472
10212	6064	112	156	156	17472
10213	6065	112	156	156	17472
4753	4390	17424	1	1	17424
3354	3196	17293	1	1	17293
23721	8372	17293	1	1	17293
28684	21444	17293	1	1	17293
4153	3788	480	36	36	17280
5567	5783	17244	1	1	17244
24815	11976	16536	1	1	16536
5276	5501	16384	1	1	16384
5282	5507	16384	1	1	16384
24641	11302	2048	8	8	16384
5323	5564	16000	1	1	16000
5324	5565	16000	1	1	16000
31828	33930	72	221	13702	15912
31938	33960	72	221	13702	15912
32048	33990	72	221	10166	15912
10180	6062	172	91	91	15652
10181	6063	172	91	91	15652
10182	6064	172	91	91	15652
10183	6065	172	91	91	15652
10144	6062	200	77	77	15400
10145	6063	200	77	77	15400
10146	6064	200	77	77	15400
10147	6065	200	77	77	15400
10293	6062	48	311	311	14928
10294	6063	48	311	311	14928
10295	6064	48	311	311	14928
10296	6065	48	311	311	14928
10160	6062	188	79	79	14852
10161	6063	188	79	79	14852
10162	6064	188	79	79	14852
10163	6065	188	79	79	14852
10120	6062	104	138	138	14352
10121	6063	104	138	138	14352
10122	6064	104	138	138	14352
10123	6065	104	138	138	14352
10365	6062	124	114	114	14136
10366	6063	124	114	114	14136
10367	6064	124	114	114	14136
10368	6065	124	114	114	14136
10529	6062	184	76	76	13984
10530	6063	184	76	76	13984
10531	6064	184	76	76	13984
10532	6065	184	76	76	13984
4523	3877	464	30	30	13920
8289	6042	4434	3	3	13302
10297	6062	64	207	207	13248
10298	6063	64	207	207	13248
10299	6064	64	207	207	13248
10300	6065	64	207	207	13248
10243	6062	56	234	234	13104
10244	6063	56	234	234	13104
10245	6064	56	234	234	13104
10246	6065	56	234	234	13104
13474	7296	56	233	551	13048
23751	8471	12968	1	1	12968
10184	6062	108	119	119	12852
10185	6063	108	119	119	12852
10186	6064	108	119	119	12852
10187	6065	108	119	119	12852
10172	6062	88	145	145	12760
10173	6063	88	145	145	12760
10174	6064	88	145	145	12760
10175	6065	88	145	145	12760
24475	10910	12607	1	1	12607
3911	3535	8	1572	1762	12576
3725	3444	8	1570	1589	12560
32167	34026	24	517	18612	12408
3988	3600	8	1540	2859	12320
5987	6042	12303	1	1	12303
5621	5814	12288	1	1	12288
5622	5818	12288	1	1	12288
5662	5845	12288	1	1	12288
5698	5876	12288	1	1	12288
24417	10800	12288	1	1	12288
24493	10928	12288	1	1	12288
5891	6042	12110	1	1	12110
3986	3596	8	1508	1998	12064
10289	6062	72	167	167	12024
10290	6063	72	167	167	12024
10291	6064	72	167	167	12024
10292	6065	72	167	167	12024
5316	5557	12000	1	1	12000
4168	3774	12	997	997	11964
9189	6042	11682	1	1	11682
4164	3783	32	362	522	11584
28187	21606	11264	1	1	11264
3944	3545	192	58	58	11136
10168	6062	96	116	116	11136
10169	6063	96	116	116	11136
10170	6064	96	116	116	11136
10171	6065	96	116	116	11136
10196	6062	192	58	58	11136
10197	6063	192	58	58	11136
10198	6064	192	58	58	11136
10199	6065	192	58	58	11136
20158	7949	176	63	63	11088
3726	3441	32	345	345	11040
19946	7805	5504	2	1082	11008
19996	7852	5504	2	1070	11008
20054	7921	5504	2	1082	11008
3987	3597	4	2732	2732	10928
6037	6042	10777	1	1	10777
8915	6042	10759	1	1	10759
4537	3885	10752	1	1	10752
38362	53588	56	191	197	10696
28561	21444	10620	1	1	10620
5289	5517	104	102	102	10608
10027	6062	12	854	854	10248
10028	6063	12	854	854	10248
10029	6064	12	854	854	10248
10030	6065	12	854	854	10248
6423	6042	10133	1	1	10133
5775	5974	10101	1	1	10101
3930	3544	16	630	720	10080
5284	5511	2520	4	4	10080
5295	5525	2496	4	4	9984
31882	33930	48	208	12896	9984
31992	33960	48	208	12896	9984
32102	33990	48	208	9568	9984
27665	21444	9979	1	1	9979
4207	3818	16	619	789	9904
8011	6042	4897	2	2	9794
9185	6042	9658	1	1	9658
4195	3783	64	148	160	9472
7395	6042	3147	3	3	9441
28230	21702	9360	1	1	9360
10223	6062	100	93	93	9300
10224	6063	100	93	93	9300
10225	6064	100	93	93	9300
10226	6065	100	93	93	9300
10097	6062	40	232	232	9280
10098	6063	40	232	232	9280
10099	6064	40	232	232	9280
10100	6065	40	232	232	9280
9915	6042	9204	1	1	9204
10136	6062	80	114	114	9120
10137	6063	80	114	114	9120
10138	6064	80	114	114	9120
10139	6065	80	114	114	9120
7001	6042	4549	2	2	9098
4145	3783	16	563	1085	9008
10148	6062	208	43	43	8944
10149	6063	208	43	43	8944
10150	6064	208	43	43	8944
10151	6065	208	43	43	8944
24999	13133	4432	2	4	8864
32909	36341	4432	2	3	8864
39530	58968	4432	2	2	8864
9187	6042	8683	1	1	8683
24522	10986	8656	1	1	8656
10816	6062	180	48	48	8640
10817	6063	180	48	48	8640
10818	6064	180	48	48	8640
10819	6065	180	48	48	8640
24376	10661	8608	1	1	8608
4054	3660	8528	1	1	8528
9153	6042	8516	1	1	8516
4141	3782	8	1044	2129	8352
24644	11311	8312	1	1	8312
7391	6042	4127	2	2	8254
8181	6042	4125	2	2	8250
24759	11638	8240	1	1	8240
25386	15053	8240	1	1	8240
24379	10677	8224	1	1	8224
6439	6042	1644	5	5	8220
5278	5503	8192	1	1	8192
5281	5506	8192	1	1	8192
12540	6533	8192	1	1	8192
12553	6549	8192	1	1	8192
13148	7170	8192	1	1	8192
13161	7189	8192	1	1	8192
24386	10701	8192	1	1	8192
24733	11566	8192	1	1	8192
24741	11594	8192	1	1	8192
25073	13511	8192	1	1	8192
25369	15032	8192	1	1	8192
24702	11483	8176	1	1	8176
7935	6042	4083	2	2	8166
10044	6062	16	501	501	8016
10045	6063	16	501	501	8016
10046	6064	16	501	501	8016
10047	6065	16	501	501	8016
6825	6042	4004	2	2	8008
5861	6042	665	12	12	7980
10251	6062	60	132	132	7920
10252	6063	60	132	132	7920
10253	6064	60	132	132	7920
10254	6065	60	132	132	7920
30997	32773	360	22	199	7920
7781	6042	3946	2	2	7892
9819	6042	3943	2	2	7886
8529	6042	3839	2	2	7678
9033	6042	3831	2	2	7662
7009	6042	3822	2	2	7644
7089	6042	2542	3	3	7626
9135	6042	2532	3	3	7596
9777	6042	2527	3	3	7581
8619	6042	7577	1	1	7577
5977	6042	2521	3	3	7563
5274	5499	2520	3	3	7560
6487	6042	1890	4	4	7560
9161	6042	3752	2	2	7504
8045	6042	3738	2	2	7476
8551	6042	3700	2	2	7400
3525	3363	32	231	231	7392
3526	3364	32	231	231	7392
3527	3365	32	231	231	7392
7621	6042	1473	5	5	7365
10239	6062	116	63	63	7308
10240	6063	116	63	63	7308
10241	6064	116	63	63	7308
10242	6065	116	63	63	7308
4222	3774	16	456	456	7296
9085	6042	7282	1	1	7282
9021	6042	7244	1	1	7244
9007	6042	3615	2	2	7230
4170	3812	16	451	451	7216
7425	6042	3600	2	2	7200
7497	6042	1796	4	4	7184
34200	32781	7168	1	1	7168
34201	33632	7168	1	1	7168
34202	32799	7168	1	1	7168
7387	6042	3551	2	2	7102
5905	6042	3550	2	2	7100
7267	6042	3530	2	2	7060
9015	6042	3522	2	2	7044
10323	6062	32	220	220	7040
10324	6063	32	220	220	7040
10325	6064	32	220	220	7040
10326	6065	32	220	220	7040
9083	6042	7005	1	1	7005
4271	3774	52	134	134	6968
10101	6062	44	158	158	6952
10102	6063	44	158	158	6952
10103	6064	44	158	158	6952
10104	6065	44	158	158	6952
27456	21444	6942	1	1	6942
9489	6042	6930	1	1	6930
10319	6062	24	284	284	6816
10320	6063	24	284	284	6816
10321	6064	24	284	284	6816
10322	6065	24	284	284	6816
19952	7808	24	283	25494	6792
20002	7855	24	283	25211	6792
20060	7924	24	283	25494	6792
8617	6042	3374	2	2	6748
10505	6059	480	14	14	6720
6013	6042	2237	3	3	6711
8055	6042	3353	2	2	6706
4278	3774	76	88	88	6688
4038	3633	6592	1	1	6592
6793	6042	3288	2	2	6576
3926	3541	32	205	205	6560
9461	6042	6538	1	1	6538
9463	6042	6537	1	1	6537
8957	6042	3266	2	2	6532
3736	3437	128	51	51	6528
4550	3894	6528	1	1	6528
7259	6042	1087	6	6	6522
6033	6042	1086	6	6	6516
6019	6042	3237	2	2	6474
3915	3541	28	231	231	6468
9179	6042	6465	1	1	6465
9005	6042	3230	2	2	6460
9023	6042	6398	1	1	6398
6685	6042	3188	2	2	6376
3601	3363	424	15	15	6360
3602	3364	424	15	15	6360
3603	3365	424	15	15	6360
8445	6042	3176	2	2	6352
7409	6042	3165	2	2	6330
10164	6062	204	31	31	6324
10165	6063	204	31	31	6324
10166	6064	204	31	31	6324
10167	6065	204	31	31	6324
7799	6042	3157	2	2	6314
10275	6062	84	75	75	6300
10276	6063	84	75	75	6300
10277	6064	84	75	75	6300
10278	6065	84	75	75	6300
24671	11393	6296	1	1	6296
28127	22858	6288	1	1	6288
10048	6062	8	780	780	6240
10049	6063	8	780	780	6240
10050	6064	8	780	780	6240
10051	6065	8	780	780	6240
24422	10812	6240	1	1	6240
7501	6042	3100	2	2	6200
8485	6042	1545	4	4	6180
24586	11157	6176	1	1	6176
5136	5308	6144	1	1	6144
7421	6042	3062	2	2	6124
5809	6042	680	9	9	6120
9625	6042	6107	1	1	6107
8041	6042	3052	2	2	6104
10271	6062	68	89	89	6052
10272	6063	68	89	89	6052
10273	6064	68	89	89	6052
10274	6065	68	89	89	6052
9201	6042	3025	2	2	6050
8911	6042	6042	1	1	6042
6415	6042	1208	5	5	6040
9773	6042	6037	1	1	6037
8039	6042	3010	2	2	6020
9121	6042	6001	1	1	6001
29240	25381	5984	1	1	5984
7987	6042	2973	2	2	5946
13470	7290	56	106	361	5936
8129	6042	1187	5	5	5935
10570	6059	984	6	6	5904
7525	6042	1967	3	3	5901
20633	7551	5888	1	1	5888
8491	6042	2940	2	2	5880
6091	6042	1468	4	4	5872
8293	6042	2930	2	2	5860
9355	6042	2923	2	2	5846
6389	6042	1450	4	4	5800
9729	6042	5797	1	1	5797
5895	6042	1930	3	3	5790
6771	6042	2884	2	2	5768
5979	6042	2879	2	2	5758
9397	6042	5715	1	1	5715
8925	6042	2842	2	2	5684
6335	6042	710	8	8	5680
7023	6042	1415	4	4	5660
12431	6336	5652	1	1	5652
9565	6042	5643	1	1	5643
6339	6042	5624	1	1	5624
37691	6975	5600	1	7677	5600
5839	6042	1854	3	3	5562
7439	6042	1851	3	3	5553
3990	3604	16	347	2612	5552
8953	6042	2764	2	2	5528
7893	6042	1840	3	3	5520
10255	6062	52	106	106	5512
10256	6063	52	106	106	5512
10257	6064	52	106	106	5512
10258	6065	52	106	106	5512
9137	6042	2750	2	2	5500
24480	10910	5500	1	1	5500
9151	6042	5479	1	1	5479
31165	7925	76	72	6480	5472
31420	7809	76	72	6480	5472
31544	7856	76	72	6408	5472
6503	6042	1094	5	5	5470
9125	6042	2733	2	2	5466
3999	3610	16	340	340	5440
4004	3608	4	1357	1357	5428
4005	3609	4	1357	1357	5428
9101	6042	5403	1	1	5403
9001	6042	5402	1	1	5402
6087	6042	490	11	11	5390
4497	3840	15	359	359	5385
6797	6042	2681	2	2	5362
8963	6042	5349	1	1	5349
6355	6042	1332	4	4	5328
4165	3771	4	1326	1326	5304
4166	3772	4	1326	1326	5304
7511	6042	1768	3	3	5304
9147	6042	5279	1	1	5279
7091	6042	2634	2	2	5268
9623	6042	5255	1	1	5255
7931	6042	5253	1	1	5253
8231	6042	2621	2	2	5242
4487	3840	17	307	307	5219
5821	6042	2601	2	2	5202
7761	6042	2599	2	2	5198
6957	6042	2593	2	2	5186
24640	11300	648	8	8	5184
7015	6042	1294	4	4	5176
24507	10946	5168	1	1	5168
8615	6042	5152	1	1	5152
5835	6042	2561	2	2	5122
6029	6042	1280	4	4	5120
7927	6042	5119	1	1	5119
7573	6042	1706	3	3	5118
7873	6042	2556	2	2	5112
3914	3540	8	638	1358	5104
9117	6042	5101	1	1	5101
3537	3363	48	106	106	5088
3538	3364	48	106	106	5088
3539	3365	48	106	106	5088
10112	6059	1272	4	4	5088
35548	44619	5076	1	1	5076
7539	6042	1267	4	4	5068
6623	6042	844	6	6	5064
6745	6042	1012	5	5	5060
9211	6042	2530	2	2	5060
6717	6042	1008	5	5	5040
6731	6042	1260	4	4	5040
4489	3840	11	458	458	5038
7493	6042	837	6	6	5022
4494	3840	16	313	313	5008
9205	6042	1667	3	3	5001
5326	5569	5000	1	1	5000
5327	5571	5000	1	1	5000
12355	6180	5000	1	2	5000
5293	5522	2496	2	2	4992
6069	6042	624	8	8	4992
8145	6042	2493	2	2	4986
7177	6042	2490	2	2	4980
8523	6042	2489	2	2	4978
5973	6042	2482	2	2	4964
9627	6042	4964	1	1	4964
9995	6042	4946	1	1	4946
6137	6042	1234	4	4	4936
3588	3366	56	88	88	4928
9815	6042	4925	1	1	4925
7751	6042	1641	3	3	4923
9353	6042	2455	2	2	4910
4484	3840	13	376	376	4888
31159	7925	52	94	8460	4888
31414	7809	52	94	8460	4888
31538	7856	52	94	8366	4888
6907	6042	1629	3	3	4887
6043	6042	698	7	7	4886
31132	7922	12	406	36540	4872
31387	7806	12	406	36540	4872
31511	7853	12	406	36134	4872
6185	6042	972	5	5	4860
8959	6042	4851	1	1	4851
7943	6042	2422	2	2	4844
8677	6042	1606	3	3	4818
6151	6042	1201	4	4	4804
6007	6042	2396	2	2	4792
20597	7545	4784	1	1	4784
20615	7552	4784	1	1	4784
9025	6042	4782	1	1	4782
7467	6042	4776	1	1	4776
8633	6042	4763	1	1	4763
6959	6042	1189	4	4	4756
10043	6060	1	4756	4756	4756
9089	6042	2376	2	2	4752
6569	6042	950	5	5	4750
9713	6042	4736	1	1	4736
9307	6042	2361	2	2	4722
6361	6042	674	7	7	4718
7579	6042	1572	3	3	4716
10259	6062	76	62	62	4712
10260	6063	76	62	62	4712
10261	6064	76	62	62	4712
10262	6065	76	62	62	4712
8549	6042	2355	2	2	4710
7341	6042	2337	2	2	4674
7835	6042	4668	1	1	4668
9345	6042	2334	2	2	4668
8091	6042	4663	1	1	4663
7877	6042	4651	1	1	4651
9537	6042	4649	1	1	4649
8271	6042	2323	2	2	4646
8961	6042	4643	1	1	4643
7779	6042	4637	1	1	4637
6445	6042	1159	4	4	4636
9659	6042	4636	1	1	4636
7311	6042	771	6	6	4626
9041	6042	4623	1	1	4623
6479	6042	1153	4	4	4612
6921	6042	1537	3	3	4611
3927	3541	36	128	128	4608
10235	6062	36	128	128	4608
10236	6063	36	128	128	4608
10237	6064	36	128	128	4608
10238	6065	36	128	128	4608
29519	26241	32	144	624	4608
5917	6042	2302	2	2	4604
3996	3608	20	230	230	4600
3997	3609	20	230	230	4600
9917	6042	4599	1	1	4599
8031	6042	2296	2	2	4592
8177	6042	4590	1	1	4590
7993	6042	2292	2	2	4584
9377	6042	4584	1	1	4584
9629	6042	4577	1	1	4577
6025	6042	2288	2	2	4576
9631	6042	4571	1	1	4571
7487	6042	4569	1	1	4569
7371	6042	4567	1	1	4567
7489	6042	4563	1	1	4563
7753	6042	2279	2	2	4558
9271	6042	2278	2	2	4556
7011	6042	911	5	5	4555
8441	6042	1516	3	3	4548
4208	3818	32	142	170	4544
9521	6042	4527	1	1	4527
9379	6042	4523	1	1	4523
19956	7814	96	47	4254	4512
20006	7861	96	47	4207	4512
20064	7930	96	47	4254	4512
5993	6042	2250	2	2	4500
7961	6042	1499	3	3	4497
5899	6042	2245	2	2	4490
4020	3604	128	35	35	4480
5805	6042	2234	2	2	4468
9887	6042	4467	1	1	4467
7029	6042	1482	3	3	4446
7939	6042	1481	3	3	4443
24709	11512	4432	1	1	4432
24715	11537	4432	1	1	4432
24962	12918	4432	1	1	4432
26531	20265	4432	1	1	4432
27632	22974	4432	1	1	4432
27646	23020	4432	1	1	4432
28362	23838	4432	1	2	4432
28373	23883	4432	1	1	4432
29436	25960	4432	1	1	4432
33256	37391	4432	1	2	4432
33489	38126	4432	1	1	4432
36236	46679	4432	1	2	4432
38347	53528	4432	1	1	4432
38355	53562	4432	1	1	4432
38430	53919	4432	1	1	4432
38503	54230	4432	1	1	4432
38507	54240	4432	1	1	4432
38773	55464	4432	1	1	4432
38975	56171	4432	1	1	4432
39079	56886	4432	1	1	4432
39080	56888	4432	1	1	4432
39081	56895	4432	1	1	4432
39140	57125	4432	1	1	4432
39156	57194	4432	1	1	4432
39559	59069	4432	1	1	4432
7899	6042	4428	1	1	4428
5801	6042	2209	2	2	4418
9123	6042	4417	1	1	4417
4491	3840	14	315	315	4410
9129	6042	4410	1	1	4410
8967	6042	4408	1	1	4408
9037	6042	1469	3	3	4407
7711	6042	4402	1	1	4402
27302	21444	4399	1	1	4399
6483	6042	875	5	5	4375
9725	6042	4372	1	1	4372
18910	7228	4368	1	1	4368
6787	6042	4362	1	1	4362
9439	6042	4359	1	1	4359
3546	3363	36	121	121	4356
3547	3364	36	121	121	4356
3548	3365	36	121	121	4356
7765	6042	871	5	5	4355
8519	6042	4353	1	1	4353
7095	6042	2173	2	2	4346
6277	6042	1085	4	4	4340
9375	6042	4334	1	1	4334
6313	6042	1444	3	3	4332
6099	6042	866	5	5	4330
9739	6042	4330	1	1	4330
6505	6042	1442	3	3	4326
4277	3773	96	45	45	4320
9717	6042	4320	1	1	4320
9181	6042	4319	1	1	4319
8451	6042	719	6	6	4314
6071	6042	1078	4	4	4312
6089	6042	616	7	7	4312
9261	6042	4310	1	1	4310
9791	6042	4305	1	1	4305
10003	6042	4285	1	1	4285
8087	6042	2138	2	2	4276
8159	6042	4262	1	1	4262
7033	6042	852	5	5	4260
8533	6042	4256	1	1	4256
27504	21444	4246	1	1	4246
6579	6042	848	5	5	4240
9367	6042	4238	1	1	4238
9259	6042	4237	1	1	4237
7269	6042	4234	1	1	4234
7741	6042	4233	1	1	4233
6337	6042	4229	1	1	4229
7791	6042	4227	1	1	4227
7907	6042	1409	3	3	4227
7689	6042	4226	1	1	4226
7837	6042	4225	1	1	4225
8999	6042	2112	2	2	4224
10353	6059	384	11	11	4224
12581	6602	176	24	24	4224
9719	6042	4222	1	1	4222
8815	6042	1406	3	3	4218
9951	6042	4209	1	1	4209
8059	6042	2102	2	2	4204
8135	6042	1401	3	3	4203
7349	6042	4202	1	1	4202
31827	33928	42	100	6200	4200
31937	33958	42	100	6200	4200
32047	33988	42	100	4600	4200
7373	6042	4199	1	1	4199
8075	6042	4196	1	1	4196
3998	3605	32	131	132	4192
7567	6042	2092	2	2	4184
7789	6042	4184	1	1	4184
9821	6042	4181	1	1	4181
9245	6042	2088	2	2	4176
3723	3440	8	521	2618	4168
12011	6059	4152	1	1	4152
9373	6042	4145	1	1	4145
6683	6042	4144	1	1	4144
23290	7206	2072	2	2	4144
23291	7207	2072	2	2	4144
23292	7208	2072	2	2	4144
23309	7229	2072	2	2	4144
23310	7230	2072	2	2	4144
23311	7231	2072	2	2	4144
27183	22054	112	37	37	4144
8919	6042	4143	1	1	4143
6813	6042	4138	1	1	4138
10828	6060	86	48	48	4128
6095	6042	686	6	6	4116
9811	6042	4114	1	1	4114
7803	6042	4103	1	1	4103
3585	3363	256	16	16	4096
3586	3364	256	16	16	4096
3587	3365	256	16	16	4096
9477	6042	2048	2	2	4096
9941	6042	4096	1	1	4096
13079	7086	2048	2	62	4096
13080	7086	4096	1	55	4096
20200	7961	4096	1	1	4096
20276	7981	4096	1	1	4096
20580	8059	4096	1	1	4096
24746	11609	4096	1	1	4096
24952	12870	4096	1	1	4096
25881	17687	4096	1	1	4096
34335	40820	4096	1	1	4096
34452	41452	4096	1	1	4096
34680	42148	4096	1	1	4096
6409	6042	1363	3	3	4089
9451	6042	4088	1	1	4088
7833	6042	4086	1	1	4086
7883	6042	2043	2	2	4086
7333	6042	2042	2	2	4084
8505	6042	4084	1	1	4084
7483	6042	1361	3	3	4083
8023	6042	4071	1	1	4071
8121	6042	4069	1	1	4069
6567	6042	813	5	5	4065
9219	6042	4060	1	1	4060
8179	6042	4059	1	1	4059
7279	6042	675	6	6	4050
7787	6042	4044	1	1	4044
9605	6042	4042	1	1	4042
7411	6042	4041	1	1	4041
6833	6042	2019	2	2	4038
5233	5429	4032	1	1	4032
5238	5431	4032	1	1	4032
5243	5434	4032	1	1	4032
5740	5925	4032	1	1	4032
5753	5931	4032	1	1	4032
6125	6042	448	9	9	4032
8133	6042	1343	3	3	4029
7383	6042	4022	1	1	4022
9091	6042	804	5	5	4020
6447	6042	1004	4	4	4016
9363	6042	4014	1	1	4014
9709	6042	4009	1	1	4009
9981	6042	4006	1	1	4006
5267	5489	4000	1	1	4000
5280	5505	4000	1	1	4000
5329	5577	4000	1	1	4000
6773	6042	800	5	5	4000
6543	6042	999	4	4	3996
7813	6042	3991	1	1	3991
8175	6042	3986	1	1	3986
9311	6042	3980	1	1	3980
9183	6042	3978	1	1	3978
7087	6042	1986	2	2	3972
8527	6042	3959	1	1	3959
8531	6042	3953	1	1	3953
6221	6042	564	7	7	3948
9081	6042	1973	2	2	3946
9455	6042	3945	1	1	3945
8623	6042	3942	1	1	3942
8101	6042	1312	3	3	3936
8193	6042	3935	1	1	3935
9639	6042	3930	1	1	3930
6809	6042	3926	1	1	3926
6395	6042	981	4	4	3924
9127	6042	3924	1	1	3924
7725	6042	3922	1	1	3922
8207	6042	3920	1	1	3920
7407	6042	1959	2	2	3918
8021	6042	3913	1	1	3913
7825	6042	1304	3	3	3912
9433	6042	3909	1	1	3909
8077	6042	1954	2	2	3908
9191	6042	3908	1	1	3908
9069	6042	3906	1	1	3906
13338	7241	488	8	98	3904
13339	7242	488	8	88	3904
13340	7275	488	8	98	3904
13341	7243	488	8	98	3904
13342	7244	488	8	98	3904
13343	7245	488	8	98	3904
13344	7276	488	8	98	3904
13348	7247	488	8	98	3904
13349	7248	488	8	98	3904
13350	7249	488	8	98	3904
17540	7209	1952	2	2	3904
17541	7210	1952	2	2	3904
17542	7211	1952	2	2	3904
17543	7212	1952	2	2	3904
17559	7232	1952	2	2	3904
17560	7233	1952	2	2	3904
17561	7234	1952	2	2	3904
17562	7235	1952	2	2	3904
6253	6042	1951	2	2	3902
24481	10910	3901	1	1	3901
8611	6042	1950	2	2	3900
7707	6042	3889	1	1	3889
8291	6042	3888	1	1	3888
11374	6059	432	9	9	3888
6779	6042	3879	1	1	3879
6557	6042	554	7	7	3878
6065	6042	646	6	6	3876
17142	7209	1936	2	2	3872
17143	7210	1936	2	2	3872
17144	7211	1936	2	2	3872
17145	7212	1936	2	2	3872
17161	7232	1936	2	2	3872
17162	7233	1936	2	2	3872
17163	7234	1936	2	2	3872
17164	7235	1936	2	2	3872
7777	6042	967	4	4	3868
9017	6042	3868	1	1	3868
6295	6042	1931	2	2	3862
9483	6042	3861	1	1	3861
8131	6042	965	4	4	3860
7221	6042	1285	3	3	3855
6481	6042	642	6	6	3852
6875	6042	3845	1	1	3845
28013	21444	3836	1	1	3836
9071	6042	3830	1	1	3830
7423	6042	3826	1	1	3826
8171	6042	1913	2	2	3826
9793	6042	3819	1	1	3819
8239	6042	954	4	4	3816
7771	6042	3811	1	1	3811
23293	7209	1904	2	2	3808
23294	7210	1904	2	2	3808
23295	7211	1904	2	2	3808
23296	7212	1904	2	2	3808
23312	7232	1904	2	2	3808
23313	7233	1904	2	2	3808
23314	7234	1904	2	2	3808
23315	7235	1904	2	2	3808
27552	22054	224	17	17	3808
9535	6042	3807	1	1	3807
6045	6042	543	7	7	3801
8749	6042	760	5	5	3800
7005	6042	3797	1	1	3797
6605	6042	949	4	4	3796
7079	6042	1897	2	2	3794
8965	6042	3793	1	1	3793
6157	6042	1263	3	3	3789
7669	6042	3789	1	1	3789
7075	6042	1893	2	2	3786
9195	6042	1892	2	2	3784
7289	6042	945	4	4	3780
9523	6042	3770	1	1	3770
8569	6042	3762	1	1	3762
9721	6042	3761	1	1	3761
4490	3840	12	313	313	3756
9817	6042	3753	1	1	3753
21605	7209	1876	2	2	3752
21606	7210	1876	2	2	3752
21607	7211	1876	2	2	3752
21611	7267	1876	2	2	3752
21612	7268	1876	2	2	3752
21613	7212	1876	2	2	3752
21630	7232	1876	2	2	3752
21631	7233	1876	2	2	3752
21632	7234	1876	2	2	3752
21633	7270	1876	2	2	3752
21634	7271	1876	2	2	3752
21635	7235	1876	2	2	3752
9163	6042	3751	1	1	3751
8923	6042	3748	1	1	3748
8503	6042	1248	3	3	3744
7919	6042	3739	1	1	3739
9351	6042	3734	1	1	3734
7271	6042	3733	1	1	3733
7237	6042	3730	1	1	3730
7685	6042	3729	1	1	3729
6381	6042	1242	3	3	3726
9073	6042	3724	1	1	3724
6283	6042	1240	3	3	3720
7743	6042	3719	1	1	3719
8525	6042	3718	1	1	3718
9291	6042	3717	1	1	3717
9723	6042	3703	1	1	3703
9525	6042	3701	1	1	3701
9617	6042	3699	1	1	3699
5827	6042	1849	2	2	3698
3363	3208	3696	1	1	3696
10643	6059	1848	2	2	3696
6291	6042	1847	2	2	3694
8597	6042	1231	3	3	3693
9247	6042	3693	1	1	3693
7871	6042	3691	1	1	3691
15349	7308	184	20	78	3680
9701	6042	3675	1	1	3675
9053	6042	3674	1	1	3674
8105	6042	3671	1	1	3671
6637	6042	917	4	4	3668
6867	6042	3662	1	1	3662
6399	6042	1220	3	3	3660
8141	6042	3660	1	1	3660
8927	6042	3655	1	1	3655
8429	6042	913	4	4	3652
9399	6042	3651	1	1	3651
6555	6042	1821	2	2	3642
6515	6042	909	4	4	3636
9113	6042	3636	1	1	3636
7141	6042	605	6	6	3630
8263	6042	1210	3	3	3630
7651	6042	1813	2	2	3626
6885	6042	1808	2	2	3616
6979	6042	1805	2	2	3610
8421	6042	3609	1	1	3609
7435	6042	3608	1	1	3608
6467	6042	720	5	5	3600
6817	6042	3599	1	1	3599
7915	6042	1799	2	2	3598
27227	21444	3598	1	1	3598
8601	6042	3594	1	1	3594
9983	6042	3593	1	1	3593
7557	6042	718	5	5	3590
9999	6042	3590	1	1	3590
6533	6042	3588	1	1	3588
16718	7486	3584	1	1	3584
16930	6093	3584	1	1	3584
16975	7609	3584	1	1	3584
7531	6042	3576	1	1	3576
8771	6042	1788	2	2	3576
7757	6042	3573	1	1	3573
8479	6042	893	4	4	3572
7821	6042	3571	1	1	3571
8213	6042	3569	1	1	3569
8559	6042	1783	2	2	3566
8561	6042	1777	2	2	3554
10207	6059	888	4	4	3552
9979	6042	3549	1	1	3549
7073	6042	1182	3	3	3546
9387	6042	1773	2	2	3546
5997	6042	3545	1	1	3545
9835	6042	3540	1	1	3540
8013	6042	1769	2	2	3538
9833	6042	3535	1	1	3535
6837	6042	3531	1	1	3531
7869	6042	1765	2	2	3530
9175	6042	3528	1	1	3528
7581	6042	1761	2	2	3522
7555	6042	879	4	4	3516
9975	6042	3516	1	1	3516
8169	6042	1755	2	2	3510
7713	6042	3506	1	1	3506
8933	6042	1168	3	3	3504
7577	6042	3496	1	1	3496
6869	6042	1165	3	3	3495
9515	6042	3490	1	1	3490
7419	6042	3488	1	1	3488
8631	6042	1161	3	3	3483
9947	6042	3477	1	1	3477
7773	6042	3467	1	1	3467
6887	6042	3464	1	1	3464
7335	6042	3463	1	1	3463
9239	6042	3460	1	1	3460
8481	6042	3458	1	1	3458
9241	6042	1726	2	2	3452
7553	6042	3446	1	1	3446
18894	7209	1720	2	2	3440
18895	7210	1720	2	2	3440
18896	7211	1720	2	2	3440
18897	7212	1720	2	2	3440
18914	7232	1720	2	2	3440
18915	7233	1720	2	2	3440
18916	7234	1720	2	2	3440
18917	7235	1720	2	2	3440
8929	6042	3438	1	1	3438
6397	6042	1145	3	3	3435
7013	6042	3434	1	1	3434
7429	6042	3427	1	1	3427
9013	6042	3425	1	1	3425
9447	6042	3422	1	1	3422
6461	6042	684	5	5	3420
6239	6042	1139	3	3	3417
7595	6042	3409	1	1	3409
9597	6042	1703	2	2	3406
7549	6042	1702	2	2	3404
6393	6042	1133	3	3	3399
9651	6042	3397	1	1	3397
6823	6042	849	4	4	3396
9077	6042	3395	1	1	3395
9511	6042	1131	3	3	3393
6103	6042	424	8	8	3392
8695	6042	1696	2	2	3392
9747	6042	3391	1	1	3391
6561	6042	565	6	6	3390
9359	6042	3390	1	1	3390
6109	6042	484	7	7	3388
8383	6042	1693	2	2	3386
10454	6059	1128	3	3	3384
7331	6042	3382	1	1	3382
7903	6042	1691	2	2	3382
6581	6042	1690	2	2	3380
8475	6042	1689	2	2	3378
9453	6042	1126	3	3	3378
8595	6042	3377	1	1	3377
6163	6042	843	4	4	3372
8027	6042	1684	2	2	3368
9449	6042	3368	1	1	3368
7807	6042	3367	1	1	3367
7749	6042	841	4	4	3364
8425	6042	3364	1	1	3364
7517	6042	1121	3	3	3363
8123	6042	3362	1	1	3362
6485	6042	840	4	4	3360
9369	6042	3359	1	1	3359
9699	6042	1679	2	2	3358
9673	6042	3352	1	1	3352
8947	6042	3350	1	1	3350
6119	6042	372	9	9	3348
9465	6042	3338	1	1	3338
6365	6042	667	5	5	3335
9501	6042	3332	1	1	3332
9831	6042	1665	2	2	3330
7815	6042	3328	1	1	3328
9051	6042	3324	1	1	3324
9467	6042	3318	1	1	3318
9019	6042	3317	1	1	3317
7603	6042	828	4	4	3312
7071	6042	3310	1	1	3310
8629	6042	3308	1	1	3308
7561	6042	3304	1	1	3304
10658	6062	236	14	14	3304
10659	6063	236	14	14	3304
10660	6064	236	14	14	3304
10661	6065	236	14	14	3304
7469	6042	3303	1	1	3303
10654	6062	220	15	15	3300
10655	6063	220	15	15	3300
10656	6064	220	15	15	3300
10657	6065	220	15	15	3300
7393	6042	1648	2	2	3296
7653	6042	824	4	4	3296
9925	6042	3294	1	1	3294
6147	6042	1097	3	3	3291
7143	6042	658	5	5	3290
7507	6042	3290	1	1	3290
8447	6042	3287	1	1	3287
8469	6042	3286	1	1	3286
7313	6042	820	4	4	3280
8405	6042	3280	1	1	3280
8285	6042	3279	1	1	3279
8621	6042	1635	2	2	3270
6155	6042	1089	3	3	3267
9681	6042	3265	1	1	3265
7191	6042	816	4	4	3264
10343	6059	816	4	4	3264
6855	6042	3263	1	1	3263
9003	6042	3262	1	1	3262
6821	6042	3258	1	1	3258
9011	6042	3257	1	1	3257
7339	6042	407	8	8	3256
9009	6042	3256	1	1	3256
8785	6042	1626	2	2	3252
9731	6042	3251	1	1	3251
9027	6042	1624	2	2	3248
10001	6042	3242	1	1	3242
9381	6042	3240	1	1	3240
10756	6059	648	5	5	3240
8165	6042	3236	1	1	3236
7265	6042	3232	1	1	3232
7565	6042	3229	1	1	3229
7367	6042	807	4	4	3228
7355	6042	806	4	4	3224
8329	6042	3224	1	1	3224
9943	6042	3221	1	1	3221
7677	6042	1073	3	3	3219
28126	22854	3216	1	1	3216
28211	22084	3216	1	1	3216
7647	6042	1605	2	2	3210
9551	6042	3209	1	1	3209
7099	6042	1604	2	2	3208
9619	6042	3207	1	1	3207
8635	6042	3205	1	1	3205
9221	6042	801	4	4	3204
6165	6042	1067	3	3	3201
37688	32803	3200	1	203	3200
27757	21444	3199	1	1	3199
7155	6042	639	5	5	3195
7921	6042	3194	1	1	3194
9411	6042	3193	1	1	3193
8985	6042	1595	2	2	3190
6587	6042	1591	2	2	3182
7351	6042	3179	1	1	3179
6857	6042	1059	3	3	3177
7471	6042	3174	1	1	3174
10361	6059	1056	3	3	3168
31164	7924	96	33	2970	3168
31419	7808	96	33	2970	3168
31543	7855	96	33	2937	3168
8709	6042	1583	2	2	3166
10031	6062	28	113	113	3164
10032	6063	28	113	113	3164
10033	6064	28	113	113	3164
10034	6065	28	113	113	3164
7405	6042	3162	1	1	3162
7431	6042	527	6	6	3162
7521	6042	3160	1	1	3160
6107	6042	789	4	4	3156
8945	6042	3156	1	1	3156
7801	6042	787	4	4	3148
8459	6042	3146	1	1	3146
9707	6042	3142	1	1	3142
6853	6042	1047	3	3	3141
9133	6042	1569	2	2	3138
9173	6042	3138	1	1	3138
8001	6042	784	4	4	3136
9421	6042	3136	1	1	3136
9299	6042	3135	1	1	3135
7161	6042	1567	2	2	3134
9107	6042	3134	1	1	3134
6897	6042	1565	2	2	3130
6475	6042	1039	3	3	3117
4488	3840	18	173	173	3114
5849	6042	777	4	4	3108
8943	6042	3106	1	1	3106
9671	6042	1549	2	2	3098
7947	6042	3097	1	1	3097
6179	6042	1548	2	2	3096
7329	6042	774	4	4	3096
9641	6042	3094	1	1	3094
5811	6042	1031	3	3	3093
9155	6042	3084	1	1	3084
8051	6042	3082	1	1	3082
6111	6042	770	4	4	3080
6183	6042	1540	2	2	3080
8825	6042	342	9	9	3078
8917	6042	3077	1	1	3077
9863	6042	3076	1	1	3076
9197	6042	3075	1	1	3075
5152	5352	3072	1	1	3072
27247	21600	64	48	48	3072
9751	6042	3067	1	1	3067
7361	6042	3061	1	1	3061
7983	6042	1530	2	2	3060
7975	6042	3056	1	1	3056
6345	6042	611	5	5	3055
8251	6042	1527	2	2	3054
6035	6042	3051	1	1	3051
6883	6042	610	5	5	3050
8183	6042	3048	1	1	3048
8345	6042	1016	3	3	3048
24619	11249	3048	1	1	3048
8261	6042	3040	1	1	3040
7957	6042	1519	2	2	3038
8797	6042	1011	3	3	3033
7499	6042	1515	2	2	3030
6195	6042	3026	1	1	3026
7913	6042	1513	2	2	3026
27464	22054	336	9	9	3024
9823	6042	3023	1	1	3023
7121	6042	3022	1	1	3022
6679	6042	1007	3	3	3021
6227	6042	3016	1	1	3016
6701	6042	3015	1	1	3015
8849	6042	1507	2	2	3014
7997	6042	3011	1	1	3011
6081	6042	3008	1	1	3008
7559	6042	1001	3	3	3003
8557	6042	1501	2	2	3002
8399	6042	3000	1	1	3000
10578	6059	600	5	5	3000
9471	6042	2999	1	1	2999
6401	6042	1497	2	2	2994
9169	6042	1496	2	2	2992
6171	6042	997	3	3	2991
8269	6042	1495	2	2	2990
9289	6042	2987	1	1	2987
8513	6042	1492	2	2	2984
7337	6042	2983	1	1	2983
7151	6042	994	3	3	2982
6011	6042	2981	1	1	2981
9473	6042	2978	1	1	2978
5921	6042	2976	1	1	2976
6285	6042	595	5	5	2975
9787	6042	2969	1	1	2969
7061	6042	371	8	8	2968
9609	6042	2968	1	1	2968
9971	6042	2965	1	1	2965
8553	6042	2963	1	1	2963
3598	3363	296	10	10	2960
3599	3364	296	10	10	2960
3600	3365	296	10	10	2960
7347	6042	2958	1	1	2958
9937	6042	2956	1	1	2956
9431	6042	2950	1	1	2950
9429	6042	2948	1	1	2948
14051	7209	736	4	4	2944
14052	7210	736	4	4	2944
14053	7211	736	4	4	2944
14058	7212	736	4	4	2944
14072	7232	736	4	4	2944
14073	7233	736	4	4	2944
14074	7234	736	4	4	2944
14076	7235	736	4	4	2944
9733	6042	2937	1	1	2937
9507	6042	2935	1	1	2935
8493	6042	2931	1	1	2931
5859	6042	488	6	6	2928
6805	6042	976	3	3	2928
9769	6042	2927	1	1	2927
8689	6042	1463	2	2	2926
6955	6042	1462	2	2	2924
8555	6042	1461	2	2	2922
5915	6042	2921	1	1	2921
6785	6042	730	4	4	2920
6403	6042	973	3	3	2919
7937	6042	1459	2	2	2918
5851	6042	486	6	6	2916
8687	6042	729	4	4	2916
9861	6042	2916	1	1	2916
9333	6042	2914	1	1	2914
5889	6042	2913	1	1	2913
8449	6042	728	4	4	2912
8443	6042	2911	1	1	2911
7617	6042	1455	2	2	2910
5985	6042	2908	1	1	2908
6895	6042	581	5	5	2905
8955	6042	2901	1	1	2901
6619	6042	966	3	3	2898
6947	6042	964	3	3	2892
8509	6042	2892	1	1	2892
9481	6042	1446	2	2	2892
6843	6042	2887	1	1	2887
8319	6042	2886	1	1	2886
7797	6042	2885	1	1	2885
7885	6042	961	3	3	2883
8009	6042	2883	1	1	2883
3932	3544	32	90	90	2880
4151	3786	80	36	36	2880
4152	3787	80	36	36	2880
10318	6059	288	10	10	2880
10444	6059	720	4	4	2880
10701	6059	360	8	8	2880
9885	6042	2875	1	1	2875
6309	6042	1436	2	2	2872
19924	7778	2872	1	22	2872
19971	7821	2872	1	22	2872
20029	7890	2872	1	22	2872
9263	6042	2866	1	1	2866
7917	6042	955	3	3	2865
8453	6042	477	6	6	2862
10662	6062	260	11	11	2860
10663	6063	260	11	11	2860
10664	6064	260	11	11	2860
10665	6065	260	11	11	2860
8717	6042	953	3	3	2859
9275	6042	2858	1	1	2858
3576	3363	68	42	42	2856
3577	3364	68	42	42	2856
3578	3365	68	42	42	2856
5855	6042	714	4	4	2856
8163	6042	1428	2	2	2856
10519	6059	408	7	7	2856
5983	6042	2853	1	1	2853
9249	6042	2852	1	1	2852
5909	6042	2850	1	1	2850
5981	6042	2845	1	1	2845
7759	6042	569	5	5	2845
10011	6042	2844	1	1	2844
9145	6042	2843	1	1	2843
9677	6042	2841	1	1	2841
4068	3684	2840	1	1	2840
6747	6042	1419	2	2	2838
8821	6042	946	3	3	2838
9755	6042	2835	1	1	2835
6993	6042	1417	2	2	2834
8817	6042	1416	2	2	2832
9987	6042	2832	1	1	2832
8277	6042	2831	1	1	2831
8079	6042	2828	1	1	2828
5887	6042	2826	1	1	2826
6973	6042	2824	1	1	2824
8401	6042	706	4	4	2824
7437	6042	2823	1	1	2823
9665	6042	1410	2	2	2820
6819	6042	2819	1	1	2819
5841	6042	2818	1	1	2818
3604	3363	352	8	8	2816
3605	3364	352	8	8	2816
3606	3365	352	8	8	2816
3942	3528	128	22	22	2816
37154	32973	2816	1	1	2816
37159	32999	2816	1	58	2816
37161	33013	2816	1	58	2816
37165	33119	2816	1	1	2816
37170	33145	2816	1	58	2816
37172	33159	2816	1	58	2816
37178	33188	2816	1	1	2816
37183	33214	2816	1	57	2816
37185	33228	2816	1	57	2816
7563	6042	2814	1	1	2814
9031	6042	1405	2	2	2810
7163	6042	2807	1	1	2807
9669	6042	2804	1	1	2804
7343	6042	1400	2	2	2800
28704	22054	2800	1	1	2800
8393	6042	933	3	3	2799
9361	6042	2798	1	1	2798
8437	6042	1395	2	2	2790
8283	6042	1393	2	2	2786
4564	3922	2784	1	1	2784
5999	6042	2784	1	1	2784
10042	6059	96	29	29	2784
10436	6059	696	4	4	2784
9427	6042	2780	1	1	2780
5907	6042	2779	1	1	2779
7601	6042	926	3	3	2778
9425	6042	2778	1	1	2778
281	576	2776	1	1	2776
7523	6042	694	4	4	2776
9505	6042	2775	1	1	2775
5819	6042	2772	1	1	2772
9527	6042	924	3	3	2772
6241	6042	1385	2	2	2770
8539	6042	922	3	3	2766
8029	6042	2765	1	1	2765
5867	6042	307	9	9	2763
6839	6042	2762	1	1	2762
27957	21444	2761	1	1	2761
6363	6042	920	3	3	2760
6431	6042	552	5	5	2760
6891	6042	2760	1	1	2760
8085	6042	1380	2	2	2760
8579	6042	690	4	4	2760
10263	6062	92	30	30	2760
10264	6063	92	30	30	2760
10265	6064	92	30	30	2760
10266	6065	92	30	30	2760
11715	6059	2760	1	1	2760
15914	7311	184	15	433	2760
9711	6042	2759	1	1	2759
9485	6042	2757	1	1	2757
9973	6042	2756	1	1	2756
9157	6042	2752	1	1	2752
9927	6042	2751	1	1	2751
9929	6042	2749	1	1	2749
6231	6042	687	4	4	2748
7019	6042	916	3	3	2748
7175	6042	1374	2	2	2748
5823	6042	2747	1	1	2747
7093	6042	2746	1	1	2746
7691	6042	1373	2	2	2746
7327	6042	685	4	4	2740
9735	6042	2739	1	1	2739
8005	6042	912	3	3	2736
10621	6059	912	3	3	2736
5881	6042	547	5	5	2735
7363	6042	2735	1	1	2735
6455	6042	1364	2	2	2728
6547	6042	341	8	8	2728
9603	6042	2725	1	1	2725
7735	6042	1362	2	2	2724
3579	3363	160	17	17	2720
3580	3364	160	17	17	2720
3581	3365	160	17	17	2720
6539	6042	544	5	5	2720
9043	6042	2719	1	1	2719
7643	6042	1359	2	2	2718
8157	6042	2718	1	1	2718
9293	6042	2717	1	1	2717
6161	6042	1358	2	2	2716
8229	6042	1357	2	2	2714
9491	6042	2714	1	1	2714
6677	6042	2713	1	1	2713
7879	6042	1356	2	2	2712
7793	6042	1355	2	2	2710
6751	6042	677	4	4	2708
7359	6042	2708	1	1	2708
6375	6042	451	6	6	2706
7965	6042	2704	1	1	2704
6849	6042	540	5	5	2700
10267	6062	20	135	135	2700
10268	6063	20	135	135	2700
10269	6064	20	135	135	2700
10270	6065	20	135	135	2700
9365	6042	2699	1	1	2699
6235	6042	1347	2	2	2694
7859	6042	2694	1	1	2694
6233	6042	1345	2	2	2690
6301	6042	538	5	5	2690
6437	6042	2683	1	1	2683
9891	6042	1341	2	2	2682
5933	6042	383	7	7	2681
6435	6042	1340	2	2	2680
9715	6042	2680	1	1	2680
9949	6042	2677	1	1	2677
7673	6042	892	3	3	2676
6093	6042	535	5	5	2675
7729	6042	1335	2	2	2670
5646	5841	36	74	74	2664
5869	6042	444	6	6	2664
9813	6042	2663	1	1	2663
7273	6042	1331	2	2	2662
9141	6042	2662	1	1	2662
8103	6042	1330	2	2	2660
9503	6042	2660	1	1	2660
31837	33928	28	95	5890	2660
31947	33958	28	95	5890	2660
32057	33988	28	95	4370	2660
9919	6042	2658	1	1	2658
28245	21444	2656	1	1	2656
8463	6042	2655	1	1	2655
5815	6042	2653	1	1	2653
8545	6042	2652	1	1	2652
9881	6042	2651	1	1	2651
7631	6042	1325	2	2	2650
8415	6042	2649	1	1	2649
8025	6042	1324	2	2	2648
7973	6042	2644	1	1	2644
27943	21444	2644	1	1	2644
8727	6042	881	3	3	2643
27380	21444	2642	1	1	2642
7465	6042	2640	1	1	2640
10687	6059	528	5	5	2640
11642	6059	2640	1	1	2640
13177	7209	1320	2	2	2640
13178	7210	1320	2	2	2640
13179	7211	1320	2	2	2640
13180	7212	1320	2	2	2640
13198	7232	1320	2	2	2640
13199	7233	1320	2	2	2640
13200	7234	1320	2	2	2640
13201	7235	1320	2	2	2640
6347	6042	659	4	4	2636
8467	6042	2636	1	1	2636
9409	6042	2635	1	1	2635
27166	21444	2630	1	1	2630
7103	6042	874	3	3	2622
7863	6042	1311	2	2	2622
4486	3840	10	262	262	2620
7767	6042	1309	2	2	2618
9389	6042	1306	2	2	2612
7933	6042	2611	1	1	2611
6039	6042	2609	1	1	2609
3534	3363	40	65	65	2600
3535	3364	40	65	65	2600
3536	3365	40	65	65	2600
8439	6042	519	5	5	2595
12069	6059	2592	1	1	2592
7385	6042	1295	2	2	2590
9757	6042	2590	1	1	2590
6223	6042	863	3	3	2589
6383	6042	1293	2	2	2586
6741	6042	2583	1	1	2583
6017	6042	516	5	5	2580
7855	6042	1289	2	2	2578
3907	3528	16	161	1357	2576
9343	6042	1288	2	2	2576
6719	6042	858	3	3	2574
7369	6042	2574	1	1	2574
9703	6042	2573	1	1	2573
6327	6042	1286	2	2	2572
7117	6042	2571	1	1	2571
6061	6042	514	5	5	2570
8219	6042	856	3	3	2568
3933	3541	40	64	64	2560
9759	6042	2558	1	1	2558
8563	6042	1278	2	2	2556
6451	6042	1277	2	2	2554
5795	6042	2552	1	1	2552
6289	6042	638	4	4	2552
9393	6042	2551	1	1	2551
10005	6042	2549	1	1	2549
8585	6042	2547	1	1	2547
7247	6042	509	5	5	2545
6497	6042	636	4	4	2544
6803	6042	846	3	3	2538
9857	6042	2534	1	1	2534
8339	6042	633	4	4	2532
7649	6042	1262	2	2	2524
5270	5493	2520	1	1	2520
6627	6042	630	4	4	2520
10424	6059	840	3	3	2520
10497	6059	504	5	5	2520
5885	6042	2518	1	1	2518
9685	6042	2517	1	1	2517
7953	6042	2515	1	1	2515
8203	6042	2514	1	1	2514
6085	6042	2512	1	1	2512
17139	7206	1256	2	2	2512
17140	7207	1256	2	2	2512
17141	7208	1256	2	2	2512
17158	7229	1256	2	2	2512
17159	7230	1256	2	2	2512
17160	7231	1256	2	2	2512
9283	6042	2511	1	1	2511
9277	6042	2506	1	1	2506
6725	6042	626	4	4	2504
9279	6042	2500	1	1	2500
9789	6042	2499	1	1	2499
5287	5515	2496	1	1	2496
5291	5520	2496	1	1	2496
8379	6042	832	3	3	2496
10095	6059	312	8	8	2496
10527	6059	1248	2	2	2496
6055	6042	499	5	5	2495
8089	6042	1247	2	2	2494
6077	6042	831	3	3	2493
7203	6042	498	5	5	2490
9257	6042	2488	1	1	2488
6985	6042	1243	2	2	2486
9395	6042	2483	1	1	2483
7027	6042	620	4	4	2480
7181	6042	1239	2	2	2478
8071	6042	2478	1	1	2478
6617	6042	495	5	5	2475
8781	6042	1237	2	2	2474
3923	3542	8	309	309	2472
6181	6042	1236	2	2	2472
5975	6042	2470	1	1	2470
5937	6042	823	3	3	2469
9859	6042	2467	1	1	2467
7157	6042	1233	2	2	2466
8377	6042	822	3	3	2466
5883	6042	2465	1	1	2465
28574	22054	2464	1	1	2464
33379	37723	352	7	9	2464
6027	6042	1229	2	2	2458
9509	6042	2456	1	1	2456
18477	7206	1228	2	2	2456
18478	7207	1228	2	2	2456
18479	7208	1228	2	2	2456
18498	7229	1228	2	2	2456
18499	7230	1228	2	2	2456
18500	7231	1228	2	2	2456
7249	6042	491	5	5	2455
6031	6042	1227	2	2	2454
6459	6042	2449	1	1	2449
8461	6042	1224	2	2	2448
9867	6042	2447	1	1	2447
7585	6042	815	3	3	2445
6189	6042	1221	2	2	2442
9407	6042	814	3	3	2442
8593	6042	2440	1	1	2440
9865	6042	2436	1	1	2436
5919	6042	2434	1	1	2434
27817	21444	2434	1	1	2434
5829	6042	2433	1	1	2433
6385	6042	1216	2	2	2432
7125	6042	2432	1	1	2432
12533	6512	2432	1	1	2432
12534	6513	2432	1	1	2432
7167	6042	405	6	6	2430
9349	6042	2430	1	1	2430
6009	6042	2428	1	1	2428
5817	6042	2427	1	1	2427
7403	6042	2426	1	1	2426
5847	6042	2424	1	1	2424
6529	6042	606	4	4	2424
9281	6042	2421	1	1	2421
5913	6042	2418	1	1	2418
8375	6042	2417	1	1	2417
18622	7209	1208	2	2	2416
18623	7210	1208	2	2	2416
18624	7211	1208	2	2	2416
18628	7267	1208	2	2	2416
18630	7212	1208	2	2	2416
18644	7232	1208	2	2	2416
18645	7233	1208	2	2	2416
18646	7234	1208	2	2	2416
18647	7270	1208	2	2	2416
18649	7235	1208	2	2	2416
5901	6042	1207	2	2	2414
9435	6042	2414	1	1	2414
8411	6042	2413	1	1	2413
9093	6042	2412	1	1	2412
6003	6042	2410	1	1	2410
7415	6042	1205	2	2	2410
7977	6042	1204	2	2	2408
6391	6042	2407	1	1	2407
9977	6042	2405	1	1	2405
7569	6042	2402	1	1	2402
5833	6042	2401	1	1	2401
6153	6042	1200	2	2	2400
8499	6042	2398	1	1	2398
8151	6042	2397	1	1	2397
6097	6042	479	5	5	2395
6133	6042	1197	2	2	2394
6989	6042	798	3	3	2394
7401	6042	2394	1	1	2394
5893	6042	2393	1	1	2393
9357	6042	2392	1	1	2392
5803	6042	2391	1	1	2391
9667	6042	2388	1	1	2388
23082	7206	2388	1	1	2388
23083	7207	2388	1	1	2388
23084	7208	2388	1	1	2388
23099	7229	2388	1	1	2388
23100	7230	2388	1	1	2388
23101	7231	2388	1	1	2388
6001	6042	2381	1	1	2381
5989	6042	2380	1	1	2380
7111	6042	1188	2	2	2376
10376	6059	792	3	3	2376
10666	6062	216	11	11	2376
10667	6063	216	11	11	2376
10668	6064	216	11	11	2376
10669	6065	216	11	11	2376
7085	6042	2374	1	1	2374
9423	6042	1186	2	2	2372
5797	6042	2368	1	1	2368
6105	6042	592	4	4	2368
8865	6042	1183	2	2	2366
28518	21444	2366	1	1	2366
5897	6042	2363	1	1	2363
5991	6042	2362	1	1	2362
8347	6042	1181	2	2	2362
6005	6042	2360	1	1	2360
3573	3363	84	28	28	2352
3574	3364	84	28	28	2352
3575	3365	84	28	28	2352
7301	6042	2352	1	1	2352
10552	6059	1176	2	2	2352
6975	6042	2349	1	1	2349
7205	6042	2345	1	1	2345
5995	6042	2338	1	1	2338
8147	6042	1169	2	2	2338
28323	21444	2337	1	1	2337
7959	6042	2336	1	1	2336
11729	6062	292	8	8	2336
11730	6063	292	8	8	2336
11731	6064	292	8	8	2336
11732	6065	292	8	8	2336
7461	6042	2335	1	1	2335
6861	6042	778	3	3	2334
7353	6042	2333	1	1	2333
23034	7206	2332	1	1	2332
23035	7207	2332	1	1	2332
23036	7208	2332	1	1	2332
23053	7229	2332	1	1	2332
23054	7230	2332	1	1	2332
23055	7231	2332	1	1	2332
5831	6042	2328	1	1	2328
8603	6042	1164	2	2	2328
20614	7481	2320	1	1	2320
7245	6042	579	4	4	2316
8057	6042	1158	2	2	2316
9783	6042	2316	1	1	2316
19953	7809	12	193	17394	2316
20003	7856	12	193	17201	2316
20061	7925	12	193	17394	2316
8149	6042	2314	1	1	2314
8627	6042	2313	1	1	2313
6553	6042	578	4	4	2312
8397	6042	1156	2	2	2312
5903	6042	2311	1	1	2311
6145	6042	2310	1	1	2310
6613	6042	461	5	5	2305
6167	6042	1152	2	2	2304
8333	6042	768	3	3	2304
9675	6042	2303	1	1	2303
6243	6042	1150	2	2	2300
7357	6042	2299	1	1	2299
5825	6042	2295	1	1	2295
9253	6042	2294	1	1	2294
6419	6042	1144	2	2	2288
9795	6042	2285	1	1	2285
8757	6042	1142	2	2	2284
5911	6042	2282	1	1	2282
28326	21444	2281	1	1	2281
6477	6042	570	4	4	2280
8273	6042	1140	2	2	2280
31086	32964	120	19	1389	2280
31098	32992	120	19	1396	2280
31144	33006	120	19	1389	2280
31341	33110	120	19	1389	2280
31353	33138	120	19	1396	2280
31399	33152	120	19	1389	2280
31465	33179	120	19	1367	2280
31477	33207	120	19	1374	2280
31523	33221	120	19	1367	2280
7389	6042	1137	2	2	2274
9457	6042	758	3	3	2274
9555	6042	2269	1	1	2269
9615	6042	2265	1	1	2265
6639	6042	2263	1	1	2263
8335	6042	754	3	3	2262
9487	6042	2261	1	1	2261
7783	6042	2257	1	1	2257
9035	6042	752	3	3	2256
9589	6042	2256	1	1	2256
13524	7206	1128	2	2	2256
13525	7207	1128	2	2	2256
13526	7208	1128	2	2	2256
13543	7229	1128	2	2	2256
13544	7230	1128	2	2	2256
13545	7231	1128	2	2	2256
7583	6042	2253	1	1	2253
9593	6042	2252	1	1	2252
9613	6042	2248	1	1	2248
9767	6042	2247	1	1	2247
3516	3363	44	51	51	2244
3517	3364	44	51	51	2244
3518	3365	44	51	51	2244
6643	6042	561	4	4	2244
8065	6042	748	3	3	2244
7449	6042	2243	1	1	2243
8381	6042	1120	2	2	2240
9611	6042	2238	1	1	2238
6537	6042	559	4	4	2236
6811	6042	447	5	5	2235
28421	21444	2235	1	1	2235
9779	6042	2233	1	1	2233
7639	6042	2228	1	1	2228
5923	6042	2227	1	1	2227
6021	6042	2225	1	1	2225
6889	6042	2222	1	1	2222
9301	6042	2221	1	1	2221
7519	6042	2220	1	1	2220
6257	6042	2214	1	1	2214
7003	6042	369	6	6	2214
8287	6042	2213	1	1	2213
7675	6042	553	4	4	2212
5799	6042	2210	1	1	2210
7477	6042	276	8	8	2208
9329	6042	1104	2	2	2208
14057	7267	736	3	3	2208
14075	7270	736	3	3	2208
9691	6042	2206	1	1	2206
5871	6042	551	4	4	2204
8495	6042	734	3	3	2202
9689	6042	2201	1	1	2201
6493	6042	733	3	3	2199
8361	6042	1098	2	2	2196
8423	6042	2196	1	1	2196
6117	6042	439	5	5	2195
5967	6042	548	4	4	2192
8003	6042	1096	2	2	2192
7509	6042	1095	2	2	2190
6987	6042	1093	2	2	2186
3920	3541	24	91	91	2184
6549	6042	312	7	7	2184
7829	6042	1091	2	2	2182
9227	6042	1090	2	2	2180
6051	6042	726	3	3	2178
7609	6042	1088	2	2	2176
7445	6042	2171	1	1	2171
6317	6042	241	9	9	2169
8047	6042	2169	1	1	2169
8351	6042	1084	2	2	2168
9171	6042	2166	1	1	2166
6279	6042	1082	2	2	2164
6621	6042	240	9	9	2160
10606	6059	1080	2	2	2160
11962	6059	2160	1	1	2160
7597	6042	1079	2	2	2158
9391	6042	2157	1	1	2157
6101	6042	539	4	4	2156
9687	6042	2154	1	1	2154
8669	6042	1075	2	2	2150
9683	6042	2150	1	1	2150
7543	6042	2148	1	1	2148
5843	6042	2145	1	1	2145
10114	6060	5	429	429	2145
3994	3606	4	536	536	2144
3995	3607	4	536	536	2144
7693	6042	1072	2	2	2144
9049	6042	2144	1	1	2144
8109	6042	2143	1	1	2143
7069	6042	2141	1	1	2141
9255	6042	1070	2	2	2140
7287	6042	2139	1	1	2139
8189	6042	1068	2	2	2136
10024	6060	3	712	712	2136
10826	6058	89	24	24	2136
7843	6042	711	3	3	2133
6417	6042	1066	2	2	2132
7865	6042	2130	1	1	2130
14828	7209	1064	2	2	2128
14829	7210	1064	2	2	2128
14830	7211	1064	2	2	2128
14831	7268	1064	2	2	2128
14832	7212	1064	2	2	2128
14848	7232	1064	2	2	2128
14849	7233	1064	2	2	2128
14850	7234	1064	2	2	2128
14851	7271	1064	2	2	2128
14852	7235	1064	2	2	2128
27058	21600	56	38	38	2128
6023	6042	2126	1	1	2126
8317	6042	2125	1	1	2125
6359	6042	531	4	4	2124
9933	6042	2123	1	1	2123
8983	6042	1061	2	2	2122
5652	5841	40	53	53	2120
10650	6062	212	10	10	2120
10651	6063	212	10	10	2120
10652	6064	212	10	10	2120
10653	6065	212	10	10	2120
7397	6042	2118	1	1	2118
9553	6042	2116	1	1	2116
6249	6042	704	3	3	2112
7847	6042	528	4	4	2112
12691	6671	2112	1	3	2112
31696	29459	2112	1	205	2112
7655	6042	1055	2	2	2110
6075	6042	703	3	3	2109
7459	6042	2109	1	1	2109
9879	6042	2108	1	1	2108
7727	6042	526	4	4	2104
8653	6042	1052	2	2	2104
9437	6042	2101	1	1	2101
6799	6042	525	4	4	2100
8323	6042	2097	1	1	2097
9567	6042	2093	1	1	2093
9657	6042	1046	2	2	2092
10399	6060	38	55	55	2090
8853	6042	1044	2	2	2088
6765	6042	1043	2	2	2086
7441	6042	2086	1	1	2086
8201	6042	2082	1	1	2082
6845	6042	2081	1	1	2081
7827	6042	1040	2	2	2080
7427	6042	693	3	3	2079
6131	6042	518	4	4	2072
8793	6042	1036	2	2	2072
28533	21444	2068	1	1	2068
5965	6042	689	3	3	2067
8973	6042	2064	1	1	2064
10470	6059	1032	2	2	2064
22209	7209	1032	2	2	2064
22210	7210	1032	2	2	2064
22211	7211	1032	2	2	2064
22212	7268	1032	2	2	2064
22213	7212	1032	2	2	2064
22229	7232	1032	2	2	2064
22230	7233	1032	2	2	2064
22231	7234	1032	2	2	2064
22232	7271	1032	2	2	2064
22233	7235	1032	2	2	2064
7955	6042	2061	1	1	2061
7769	6042	1029	2	2	2058
3924	3536	12	171	171	2052
3925	3537	12	171	171	2052
7589	6042	513	4	4	2052
5697	5875	2048	1	1	2048
24419	10808	2048	1	1	2048
24513	10966	2048	1	1	2048
24608	11220	2048	1	1	2048
28186	21603	2048	1	1	2048
27525	21444	2047	1	1	2047
6441	6042	682	3	3	2046
7189	6042	1022	2	2	2044
6433	6042	681	3	3	2043
3570	3363	60	34	34	2040
3571	3364	60	34	34	2040
3572	3365	60	34	34	2040
9165	6042	2040	1	1	2040
6545	6042	679	3	3	2037
8515	6042	2034	1	1	2034
6203	6042	508	4	4	2032
7845	6042	2029	1	1	2029
7145	6042	676	3	3	2028
7571	6042	338	6	6	2028
8831	6042	1014	2	2	2028
28118	21444	2022	1	1	2022
6207	6042	336	6	6	2016
10462	6059	672	3	3	2016
5865	6042	503	4	4	2012
7481	6042	2010	1	1	2010
7527	6042	2009	1	1	2009
8369	6042	669	3	3	2007
3783	3465	17	118	118	2006
6707	6042	401	5	5	2005
6673	6042	334	6	6	2004
9047	6042	2004	1	1	2004
5317	5558	2000	1	1	2000
5318	5559	2000	1	1	2000
5319	5560	2000	1	1	2000
5320	5561	2000	1	1	2000
9177	6042	1999	1	1	1999
9807	6042	1997	1	1	1997
22785	7209	1992	1	1	1992
22786	7210	1992	1	1	1992
22787	7211	1992	1	1	1992
22788	7267	1992	1	1	1992
22789	7268	1992	1	1	1992
22790	7212	1992	1	1	1992
22807	7232	1992	1	1	1992
22808	7233	1992	1	1	1992
22809	7234	1992	1	1	1992
22810	7270	1992	1	1	1992
22811	7271	1992	1	1	1992
22812	7235	1992	1	1	1992
5875	6042	398	5	5	1990
6281	6042	995	2	2	1990
9805	6042	1990	1	1	1990
8605	6042	1989	1	1	1989
6343	6042	497	4	4	1988
22927	7209	1988	1	1	1988
22928	7210	1988	1	1	1988
22929	7211	1988	1	1	1988
22930	7267	1988	1	1	1988
22931	7268	1988	1	1	1988
22932	7212	1988	1	1	1988
22949	7232	1988	1	1	1988
22950	7233	1988	1	1	1988
22951	7234	1988	1	1	1988
22952	7270	1988	1	1	1988
22953	7271	1988	1	1	1988
22954	7235	1988	1	1	1988
8841	6042	993	2	2	1986
5639	5841	32	62	62	1984
9559	6042	1981	1	1	1981
7505	6042	1980	1	1	1980
22869	7209	1980	1	1	1980
22870	7210	1980	1	1	1980
22871	7211	1980	1	1	1980
22872	7267	1980	1	1	1980
22873	7268	1980	1	1	1980
22874	7212	1980	1	1	1980
22891	7232	1980	1	1	1980
22892	7233	1980	1	1	1980
22893	7234	1980	1	1	1980
22894	7270	1980	1	1	1980
22895	7271	1980	1	1	1980
22896	7235	1980	1	1	1980
9993	6042	1979	1	1	1979
23037	7209	1976	1	1	1976
23038	7210	1976	1	1	1976
23039	7211	1976	1	1	1976
23040	7212	1976	1	1	1976
23056	7232	1976	1	1	1976
23057	7233	1976	1	1	1976
23058	7234	1976	1	1	1976
23059	7235	1976	1	1	1976
9695	6042	1974	1	1	1974
7619	6042	1972	1	1	1972
9741	6042	1971	1	1	1971
6159	6042	985	2	2	1970
8019	6042	1969	1	1	1969
13764	7206	656	3	3	1968
13765	7207	656	3	3	1968
13766	7208	656	3	3	1968
13785	7229	656	3	3	1968
13786	7230	656	3	3	1968
13787	7231	656	3	3	1968
6135	6042	983	2	2	1966
9801	6042	1966	1	1	1966
7805	6042	327	6	6	1962
9149	6042	1962	1	1	1962
6453	6042	1961	1	1	1961
6609	6042	392	5	5	1960
7623	6042	980	2	2	1960
11753	6062	280	7	7	1960
11754	6063	280	7	7	1960
11755	6064	280	7	7	1960
11756	6065	280	7	7	1960
18480	7209	1960	1	1	1960
18481	7210	1960	1	1	1960
18482	7211	1960	1	1	1960
18483	7267	1960	1	1	1960
18484	7268	1960	1	1	1960
18485	7212	1960	1	1	1960
18501	7232	1960	1	1	1960
18502	7233	1960	1	1	1960
18503	7234	1960	1	1	1960
18504	7270	1960	1	1	1960
18505	7271	1960	1	1	1960
18506	7235	1960	1	1	1960
7861	6042	653	3	3	1959
9599	6042	1957	1	1	1957
9321	6042	1956	1	1	1956
8155	6042	1953	1	1	1953
3720	3437	16	122	2192	1952
5845	6042	1952	1	1	1952
13301	7209	488	4	4	1952
13302	7210	488	4	4	1952
13303	7211	488	4	4	1952
13307	7267	488	4	4	1952
13308	7268	488	4	4	1952
13309	7212	488	4	4	1952
13326	7232	488	4	4	1952
13327	7233	488	4	4	1952
13328	7234	488	4	4	1952
13329	7270	488	4	4	1952
13330	7271	488	4	4	1952
13331	7235	488	4	4	1952
22014	7268	1952	1	1	1952
22030	7271	1952	1	1	1952
3779	3465	15	130	130	1950
9549	6042	975	2	2	1950
7909	6042	974	2	2	1948
9645	6042	1948	1	1	1948
7077	6042	1945	1	1	1945
7223	6042	389	5	5	1945
5680	5871	8	243	243	1944
7399	6042	648	3	3	1944
10022	6059	216	9	9	1944
9753	6042	647	3	3	1941
7679	6042	1939	1	1	1939
9323	6042	1938	1	1	1938
9217	6042	968	2	2	1936
13641	7242	484	4	39	1936
13642	7243	484	4	39	1936
13643	7244	484	4	39	1936
13644	7245	484	4	39	1936
13645	7247	484	4	39	1936
13646	7248	484	4	39	1936
13647	7249	484	4	39	1936
7365	6042	1935	1	1	1935
8897	6042	645	3	3	1935
5759	5939	1932	1	1	1932
5760	5940	1932	1	1	1932
5761	5941	1932	1	1	1932
5762	5942	1932	1	1	1932
28428	21444	1930	1	1	1930
9847	6042	1928	1	1	1928
8371	6042	963	2	2	1926
6697	6042	385	5	5	1925
8391	6042	962	2	2	1924
6753	6042	641	3	3	1923
6351	6042	640	3	3	1920
9223	6042	1920	1	1	1920
10598	6059	192	10	10	1920
10716	6059	1920	1	1	1920
10736	6059	960	2	2	1920
11208	6059	240	8	8	1920
31160	7925	16	120	10800	1920
31415	7809	16	120	10800	1920
31539	7856	16	120	10680	1920
8979	6042	1918	1	1	1918
6935	6042	1917	1	1	1917
8417	6042	1916	1	1	1916
8249	6042	1915	1	1	1915
7485	6042	957	2	2	1914
6219	6042	273	7	7	1911
5853	6042	382	5	5	1910
9167	6042	1909	1	1	1909
22679	7209	1908	1	1	1908
22680	7210	1908	1	1	1908
22681	7211	1908	1	1	1908
22682	7267	1908	1	1	1908
22683	7268	1908	1	1	1908
22684	7212	1908	1	1	1908
22698	7232	1908	1	1	1908
22699	7233	1908	1	1	1908
22700	7234	1908	1	1	1908
22701	7270	1908	1	1	1908
22702	7271	1908	1	1	1908
22703	7235	1908	1	1	1908
9139	6042	1907	1	1	1907
8567	6042	1906	1	1	1906
6923	6042	272	7	7	1904
8033	6042	952	2	2	1904
7119	6042	1902	1	1	1902
6121	6042	380	5	5	1900
7547	6042	475	4	4	1900
22866	7206	1900	1	1	1900
22867	7207	1900	1	1	1900
22868	7208	1900	1	1	1900
22888	7229	1900	1	1	1900
22889	7230	1900	1	1	1900
22890	7231	1900	1	1	1900
27569	21444	1895	1	1	1895
31911	33928	11	172	10664	1892
32021	33958	11	172	10664	1892
32131	33988	11	172	7912	1892
6789	6042	1888	1	1	1888
9459	6042	472	4	4	1888
27547	21444	1888	1	1	1888
8651	6042	629	3	3	1887
7911	6042	1886	1	1	1886
9267	6042	1882	1	1	1882
7295	6042	627	3	3	1881
8111	6042	1881	1	1	1881
7209	6042	376	5	5	1880
7309	6042	940	2	2	1880
22109	7209	376	5	5	1880
22110	7210	376	5	5	1880
22111	7211	376	5	5	1880
22113	7212	376	5	5	1880
22129	7232	376	5	5	1880
22130	7233	376	5	5	1880
22131	7234	376	5	5	1880
22133	7235	376	5	5	1880
7683	6042	375	5	5	1875
6333	6042	937	2	2	1874
8547	6042	936	2	2	1872
10286	6059	936	2	2	1872
8951	6042	1871	1	1	1871
6305	6042	1868	1	1	1868
7535	6042	1867	1	1	1867
8245	6042	1865	1	1	1865
8035	6042	1863	1	1	1863
8889	6042	621	3	3	1863
9851	6042	1859	1	1	1859
9895	6042	929	2	2	1858
10009	6042	1858	1	1	1858
13711	7206	464	4	4	1856
13712	7207	464	4	4	1856
13713	7208	464	4	4	1856
13731	7229	464	4	4	1856
13732	7230	464	4	4	1856
13733	7231	464	4	4	1856
6767	6042	1855	1	1	1855
7377	6042	463	4	4	1852
8645	6042	925	2	2	1850
8901	6042	1850	1	1	1850
6777	6042	462	4	4	1848
8069	6042	1848	1	1	1848
31840	33930	24	77	4774	1848
31950	33960	24	77	4774	1848
32060	33990	24	77	3542	1848
8049	6042	1846	1	1	1846
6411	6042	1845	1	1	1845
32168	34028	9	205	7380	1845
5837	6042	1844	1	1	1844
8541	6042	921	2	2	1842
6541	6042	306	6	6	1836
7593	6042	918	2	2	1836
7375	6042	1834	1	1	1834
9869	6042	1833	1	1	1833
8061	6042	1832	1	1	1832
20714	7209	1832	1	1	1832
20715	7210	1832	1	1	1832
20716	7211	1832	1	1	1832
20717	7267	1832	1	1	1832
20718	7268	1832	1	1	1832
20719	7212	1832	1	1	1832
20736	7232	1832	1	1	1832
20737	7233	1832	1	1	1832
20738	7234	1832	1	1	1832
20739	7270	1832	1	1	1832
20740	7271	1832	1	1	1832
20741	7235	1832	1	1	1832
8265	6042	915	2	2	1830
9849	6042	1829	1	1	1829
22727	7209	1828	1	1	1828
22728	7210	1828	1	1	1828
22729	7211	1828	1	1	1828
22730	7267	1828	1	1	1828
22731	7268	1828	1	1	1828
22732	7212	1828	1	1	1828
22749	7232	1828	1	1	1828
22750	7233	1828	1	1	1828
22751	7234	1828	1	1	1828
22752	7270	1828	1	1	1828
22753	7271	1828	1	1	1828
22754	7235	1828	1	1	1828
7195	6042	608	3	3	1824
17848	7209	608	3	3	1824
17849	7210	608	3	3	1824
17850	7211	608	3	3	1824
17851	7267	608	3	3	1824
17852	7268	608	3	3	1824
17853	7212	608	3	3	1824
17867	7232	608	3	3	1824
17868	7233	608	3	3	1824
17869	7234	608	3	3	1824
17870	7270	608	3	3	1824
17871	7271	608	3	3	1824
17872	7235	608	3	3	1824
9265	6042	1823	1	1	1823
6531	6042	607	3	3	1821
7941	6042	1819	1	1	1819
8931	6042	1818	1	1	1818
31829	33932	9	202	12524	1818
31939	33962	9	202	12524	1818
32049	33992	9	202	9292	1818
21522	7209	1816	1	1	1816
21523	7210	1816	1	1	1816
21524	7211	1816	1	1	1816
21525	7267	1816	1	1	1816
21526	7212	1816	1	1	1816
21543	7232	1816	1	1	1816
21544	7233	1816	1	1	1816
21545	7234	1816	1	1	1816
21546	7270	1816	1	1	1816
21547	7235	1816	1	1	1816
7179	6042	302	6	6	1812
9903	6042	1811	1	1	1811
8521	6042	905	2	2	1810
9901	6042	1810	1	1	1810
28271	21444	1810	1	1	1810
6641	6042	603	3	3	1809
6783	6042	904	2	2	1808
6763	6042	361	5	5	1805
7021	6042	1801	1	1	1801
7321	6042	600	3	3	1800
8819	6042	900	2	2	1800
10830	6060	75	24	24	1800
7923	6042	1798	1	1	1798
31901	33928	31	58	3596	1798
32011	33958	31	58	3596	1798
32121	33988	31	58	2668	1798
7721	6042	599	3	3	1797
8355	6042	1795	1	1	1795
8997	6042	1793	1	1	1793
4261	3818	64	28	28	1792
6739	6042	256	7	7	1792
10670	6062	224	8	8	1792
10671	6063	224	8	8	1792
10672	6064	224	8	8	1792
10673	6065	224	8	8	1792
15060	7209	1792	1	1	1792
15061	7210	1792	1	1	1792
15062	7211	1792	1	1	1792
15063	7267	1792	1	1	1792
15064	7268	1792	1	1	1792
15065	7212	1792	1	1	1792
15081	7232	1792	1	1	1792
15082	7233	1792	1	1	1792
15083	7234	1792	1	1	1792
15084	7270	1792	1	1	1792
15085	7271	1792	1	1	1792
15086	7235	1792	1	1	1792
28277	22054	448	4	4	1792
7667	6042	597	3	3	1791
9853	6042	1791	1	1	1791
9637	6042	894	2	2	1788
9939	6042	1787	1	1	1787
9661	6042	1784	1	1	1784
6299	6042	594	3	3	1782
9693	6042	1782	1	1	1782
6791	6042	356	5	5	1780
7795	6042	889	2	2	1778
8067	6042	254	7	7	1778
11725	6062	296	6	6	1776
11726	6063	296	6	6	1776
11727	6064	296	6	6	1776
11728	6065	296	6	6	1776
22277	7209	1776	1	1	1776
22278	7210	1776	1	1	1776
22279	7211	1776	1	1	1776
22280	7268	1776	1	1	1776
22281	7212	1776	1	1	1776
22297	7232	1776	1	1	1776
22298	7233	1776	1	1	1776
22299	7234	1776	1	1	1776
22300	7271	1776	1	1	1776
22301	7235	1776	1	1	1776
8305	6042	355	5	5	1775
9855	6042	1774	1	1	1774
7067	6042	1772	1	1	1772
5813	6042	590	3	3	1770
24614	11235	1768	1	1	1768
7035	6042	883	2	2	1766
8823	6042	1766	1	1	1766
7277	6042	441	4	4	1764
7887	6042	1763	1	1	1763
7991	6042	440	4	4	1760
6693	6042	586	3	3	1758
7629	6042	1758	1	1	1758
8211	6042	878	2	2	1756
8711	6042	1756	1	1	1756
7281	6042	585	3	3	1755
8881	6042	1753	1	1	1753
7307	6042	292	6	6	1752
6115	6042	350	5	5	1750
9967	6042	1750	1	1	1750
8993	6042	1748	1	1	1748
9419	6042	582	3	3	1746
9963	6042	1746	1	1	1746
8975	6042	1744	1	1	1744
32849	36113	1744	1	31	1744
7995	6042	1742	1	1	1742
6307	6042	1741	1	1	1741
6521	6042	290	6	6	1740
7433	6042	1740	1	1	1740
8373	6042	580	3	3	1740
7697	6042	1738	1	1	1738
9935	6042	1737	1	1	1737
24467	10910	1736	1	1	1736
9401	6042	867	2	2	1734
6489	6042	1733	1	1	1733
7659	6042	433	4	4	1732
6633	6042	865	2	2	1730
7065	6042	1730	1	1	1730
3531	3363	64	27	27	1728
3532	3364	64	27	27	1728
3533	3365	64	27	27	1728
6629	6042	432	4	4	1728
10007	6042	1728	1	1	1728
10087	6059	144	12	12	1728
11721	6062	288	6	6	1728
11722	6063	288	6	6	1728
11723	6064	288	6	6	1728
11724	6065	288	6	6	1728
17190	7209	1728	1	1	1728
17191	7210	1728	1	1	1728
17192	7211	1728	1	1	1728
17193	7268	1728	1	1	1728
17194	7212	1728	1	1	1728
17210	7232	1728	1	1	1728
17211	7233	1728	1	1	1728
17212	7234	1728	1	1	1728
17213	7271	1728	1	1	1728
17214	7235	1728	1	1	1728
7305	6042	575	3	3	1725
7379	6042	1725	1	1	1725
7097	6042	1724	1	1	1724
8685	6042	1722	1	1	1722
21576	7268	1720	1	1	1720
21592	7271	1720	1	1	1720
7285	6042	573	3	3	1719
8613	6042	1718	1	1	1718
6525	6042	286	6	6	1716
6591	6042	429	4	4	1716
9877	6042	1716	1	1	1716
6699	6042	343	5	5	1715
8199	6042	1715	1	1	1715
9209	6042	857	2	2	1714
9997	6042	1713	1	1	1713
27025	21444	1710	1	1	1710
9243	6042	1709	1	1	1709
6517	6042	427	4	4	1708
7257	6042	244	7	7	1708
8625	6042	1708	1	1	1708
9541	6042	854	2	2	1708
7453	6042	1705	1	1	1705
6729	6042	568	3	3	1704
7059	6042	426	4	4	1704
8839	6042	1704	1	1	1704
11749	6062	284	6	6	1704
11750	6063	284	6	6	1704
11751	6064	284	6	6	1704
11752	6065	284	6	6	1704
8641	6042	851	2	2	1702
7857	6042	850	2	2	1700
8365	6042	340	5	5	1700
22782	7206	1700	1	1	1700
22783	7207	1700	1	1	1700
22784	7208	1700	1	1	1700
22804	7229	1700	1	1	1700
22805	7230	1700	1	1	1700
22806	7231	1700	1	1	1700
6237	6042	566	3	3	1698
8609	6042	1698	1	1	1698
9545	6042	1697	1	1	1697
4197	3752	32	53	53	1696
4198	3753	32	53	53	1696
4199	3754	32	53	53	1696
13478	7209	848	2	2	1696
13479	7210	848	2	2	1696
13480	7211	848	2	2	1696
13481	7212	848	2	2	1696
13497	7232	848	2	2	1696
13498	7233	848	2	2	1696
13499	7234	848	2	2	1696
13500	7235	848	2	2	1696
8971	6042	1695	1	1	1695
3755	3465	14	121	121	1694
7945	6042	847	2	2	1694
8763	6042	1694	1	1	1694
8637	6042	1692	1	1	1692
20818	7209	1692	1	1	1692
20819	7210	1692	1	1	1692
20820	7211	1692	1	1	1692
20821	7267	1692	1	1	1692
20822	7268	1692	1	1	1692
20823	7304	1692	1	1	1692
20824	7212	1692	1	1	1692
20840	7232	1692	1	1	1692
20841	7233	1692	1	1	1692
20842	7234	1692	1	1	1692
20843	7270	1692	1	1	1692
20844	7271	1692	1	1	1692
20845	7305	1692	1	1	1692
20846	7235	1692	1	1	1692
3727	3445	2	845	845	1690
3728	3446	2	845	845	1690
7607	6042	845	2	2	1690
7025	6042	1688	1	1	1688
8017	6042	420	4	4	1680
8765	6042	560	3	3	1680
10544	6059	120	14	14	1680
11158	6059	336	5	5	1680
13373	7209	840	2	2	1680
13374	7210	840	2	2	1680
13375	7211	840	2	2	1680
13376	7212	840	2	2	1680
13393	7232	840	2	2	1680
13394	7233	840	2	2	1680
13395	7234	840	2	2	1680
13396	7235	840	2	2	1680
15350	7309	56	30	123	1680
15844	7206	336	5	5	1680
15845	7207	336	5	5	1680
15846	7208	336	5	5	1680
15869	7229	336	5	5	1680
15870	7230	336	5	5	1680
15871	7231	336	5	5	1680
6057	6042	836	2	2	1672
6899	6042	209	8	8	1672
9913	6042	1671	1	1	1671
8887	6042	835	2	2	1670
7949	6042	1669	1	1	1669
7109	6042	833	2	2	1666
31847	33928	34	49	3038	1666
31957	33958	34	49	3038	1666
32067	33988	34	49	2254	1666
3543	3363	52	32	32	1664
3544	3364	52	32	32	1664
3545	3365	52	32	32	1664
3758	3465	16	104	104	1664
5945	6042	208	8	8	1664
8343	6042	416	4	4	1664
7135	6042	829	2	2	1658
4231	3752	552	3	3	1656
4232	3753	552	3	3	1656
4233	3754	552	3	3	1656
8941	6042	1656	1	1	1656
11733	6062	276	6	6	1656
11734	6063	276	6	6	1656
11735	6064	276	6	6	1656
11736	6065	276	6	6	1656
8725	6042	1653	1	1	1653
8721	6042	1652	1	1	1652
6315	6042	330	5	5	1650
7451	6042	1647	1	1	1647
8353	6042	549	3	3	1647
8759	6042	1645	1	1	1645
9111	6042	1643	1	1	1643
8419	6042	1640	1	1	1640
17302	7206	820	2	2	1640
17303	7207	820	2	2	1640
17304	7208	820	2	2	1640
17321	7229	820	2	2	1640
17322	7230	820	2	2	1640
17323	7231	820	2	2	1640
31838	33926	5	328	20336	1640
31948	33956	5	328	20336	1640
32058	33986	5	328	15088	1640
32173	34025	5	328	11808	1640
9961	6042	1639	1	1	1639
9965	6042	1637	1	1	1637
8225	6042	409	4	4	1636
8835	6042	818	2	2	1636
9655	6042	1636	1	1	1636
7533	6042	545	3	3	1635
4500	3840	19	86	86	1634
7853	6042	817	2	2	1634
9045	6042	1634	1	1	1634
5648	5841	44	37	37	1628
13947	7209	1628	1	1	1628
13948	7210	1628	1	1	1628
13949	7211	1628	1	1	1628
13950	7267	1628	1	1	1628
13951	7268	1628	1	1	1628
13952	7212	1628	1	1	1628
13970	7232	1628	1	1	1628
13971	7233	1628	1	1	1628
13972	7234	1628	1	1	1628
13973	7270	1628	1	1	1628
13974	7271	1628	1	1	1628
13975	7235	1628	1	1	1628
9497	6042	812	2	2	1624
9029	6042	1623	1	1	1623
28380	21444	1622	1	1	1622
7551	6042	1621	1	1	1621
6879	6042	1620	1	1	1620
8707	6042	1619	1	1	1619
7989	6042	1618	1	1	1618
10025	6060	2	809	809	1618
9575	6042	1617	1	1	1617
8583	6042	1616	1	1	1616
8649	6042	404	4	4	1616
9317	6042	1615	1	1	1615
8991	6042	1614	1	1	1614
9319	6042	1610	1	1	1610
7889	6042	1609	1	1	1609
3549	3363	24	67	67	1608
3550	3364	24	67	67	1608
3551	3365	24	67	67	1608
8833	6042	1608	1	1	1608
6293	6042	803	2	2	1606
6369	6042	534	3	3	1602
4219	3752	400	4	4	1600
4220	3753	400	4	4	1600
4221	3754	400	4	4	1600
4252	3752	1600	1	1	1600
4253	3753	1600	1	1	1600
4254	3754	1600	1	1	1600
13335	7238	400	4	36	1600
13336	7239	400	4	36	1600
13337	7240	400	4	36	1600
13686	7238	320	5	59	1600
13687	7239	320	5	59	1600
13688	7240	320	5	59	1600
14825	7206	800	2	2	1600
14826	7207	800	2	2	1600
14827	7208	800	2	2	1600
14845	7229	800	2	2	1600
14846	7230	800	2	2	1600
14847	7231	800	2	2	1600
8409	6042	532	3	3	1596
9763	6042	1596	1	1	1596
10646	6062	228	7	7	1596
10647	6063	228	7	7	1596
10648	6064	228	7	7	1596
10649	6065	228	7	7	1596
7739	6042	1594	1	1	1594
9573	6042	1593	1	1	1593
3921	3536	10	159	159	1590
3922	3537	10	159	159	1590
4000	3606	2	794	794	1588
4001	3607	2	794	794	1588
9097	6042	1587	1	1	1587
8723	6042	793	2	2	1586
9479	6042	1586	1	1	1586
6273	6042	317	5	5	1585
8735	6042	1585	1	1	1585
6911	6042	792	2	2	1584
12252	6059	1584	1	1	1584
15915	7312	48	33	552	1584
22043	7209	1584	1	1	1584
22044	7210	1584	1	1	1584
22045	7211	1584	1	1	1584
22049	7267	1584	1	1	1584
22050	7212	1584	1	1	1584
22067	7232	1584	1	1	1584
22068	7233	1584	1	1	1584
22069	7234	1584	1	1	1584
22070	7270	1584	1	1	1584
22071	7235	1584	1	1	1584
8599	6042	1580	1	1	1580
8589	6042	1579	1	1	1579
7169	6042	1577	1	1	1577
8195	6042	1576	1	1	1576
8949	6042	1575	1	1	1575
9305	6042	1574	1	1	1574
8267	6042	1573	1	1	1573
6083	6042	393	4	4	1572
6851	6042	524	3	3	1572
9105	6042	786	2	2	1572
9309	6042	1571	1	1	1571
5857	6042	314	5	5	1570
9469	6042	1570	1	1	1570
27857	21444	1570	1	1	1570
7637	6042	523	3	3	1569
3552	3363	28	56	56	1568
3553	3364	28	56	56	1568
3554	3365	28	56	56	1568
3928	3536	8	196	196	1568
3929	3537	8	196	196	1568
7715	6042	1568	1	1	1568
15167	7206	784	2	2	1568
15168	7207	784	2	2	1568
15169	7208	784	2	2	1568
15189	7229	784	2	2	1568
15190	7230	784	2	2	1568
15191	7231	784	2	2	1568
9727	6042	1566	1	1	1566
8671	6042	782	2	2	1564
6379	6042	1562	1	1	1562
8775	6042	780	2	2	1560
8937	6042	1560	1	1	1560
15113	7206	520	3	3	1560
15114	7207	520	3	3	1560
15115	7208	520	3	3	1560
15134	7229	520	3	3	1560
15135	7230	520	3	3	1560
15136	7231	520	3	3	1560
9371	6042	1558	1	1	1558
7457	6042	1555	1	1	1555
8591	6042	1553	1	1	1553
6063	6042	387	4	4	1548
6585	6042	515	3	3	1545
6663	6042	386	4	4	1544
9633	6042	1542	1	1	1542
5643	5841	28	55	55	1540
8241	6042	1539	1	1	1539
9493	6042	769	2	2	1538
10334	6059	768	2	2	1536
14244	7206	768	2	2	1536
14245	7207	768	2	2	1536
14246	7208	768	2	2	1536
14266	7229	768	2	2	1536
14267	7230	768	2	2	1536
14268	7231	768	2	2	1536
24482	10910	1536	1	1	1536
25002	13143	32	48	96	1536
28365	23848	32	48	96	1536
32912	36351	32	48	96	1536
7971	6042	1535	1	1	1535
6457	6042	767	2	2	1534
8879	6042	511	3	3	1533
8935	6042	1531	1	1	1531
8341	6042	1528	1	1	1528
8575	6042	763	2	2	1526
8843	6042	1526	1	1	1526
7881	6042	381	4	4	1524
6597	6042	1523	1	1	1523
8755	6042	761	2	2	1522
9193	6042	1522	1	1	1522
6349	6042	507	3	3	1521
8987	6042	1521	1	1	1521
9959	6042	1520	1	1	1520
13422	7209	1520	1	1	1520
13423	7210	1520	1	1	1520
13424	7211	1520	1	1	1520
13425	7212	1520	1	1	1520
13441	7232	1520	1	1	1520
13442	7233	1520	1	1	1520
13443	7234	1520	1	1	1520
13444	7235	1520	1	1	1520
7627	6042	217	7	7	1519
8119	6042	1518	1	1	1518
7495	6042	1517	1	1	1517
3916	3542	4	379	379	1516
7981	6042	1511	1	1	1511
8977	6042	1510	1	1	1510
6127	6042	377	4	4	1508
9347	6042	1508	1	1	1508
7187	6042	1505	1	1	1505
6113	6042	501	3	3	1503
9985	6042	1503	1	1	1503
7763	6042	1502	1	1	1502
6425	6042	500	3	3	1500
8607	6042	1500	1	1	1500
7137	6042	749	2	2	1498
8043	6042	1498	1	1	1498
8301	6042	374	4	4	1496
24739	11588	1496	1	1	1496
8053	6042	747	2	2	1494
9883	6042	1494	1	1	1494
7199	6042	746	2	2	1492
8223	6042	373	4	4	1492
8037	6042	1491	1	1	1491
8851	6042	1490	1	1	1490
6631	6042	1489	1	1	1489
7491	6042	1488	1	1	1488
8577	6042	744	2	2	1488
10308	6059	744	2	2	1488
7785	6042	1487	1	1	1487
9443	6042	1486	1	1	1486
7417	6042	1484	1	1	1484
8433	6042	247	6	6	1482
8667	6042	741	2	2	1482
7657	6042	370	4	4	1480
7929	6042	1480	1	1	1480
5873	6042	493	3	3	1479
9099	6042	739	2	2	1478
9225	6042	1478	1	1	1478
9955	6042	1477	1	1	1477
6827	6042	738	2	2	1476
8465	6042	1476	1	1	1476
8063	6042	737	2	2	1474
4002	3608	8	184	184	1472
4003	3609	8	184	184	1472
9607	6042	1472	1	1	1472
14656	7268	736	2	2	1472
14670	7271	736	2	2	1472
14676	7209	1472	1	1	1472
14677	7210	1472	1	1	1472
14678	7211	1472	1	1	1472
14679	7267	1472	1	1	1472
14680	7268	1472	1	1	1472
14681	7212	1472	1	1	1472
14699	7232	1472	1	1	1472
14700	7233	1472	1	1	1472
14701	7234	1472	1	1	1472
14702	7270	1472	1	1	1472
14703	7271	1472	1	1	1472
14704	7235	1472	1	1	1472
9595	6042	1467	1	1	1467
7591	6042	1466	1	1	1466
3912	3536	6	244	244	1464
3913	3537	6	244	244	1464
7633	6042	1464	1	1	1464
6595	6042	243	6	6	1458
3439	3261	1456	1	1	1456
14006	7209	728	2	2	1456
14007	7210	728	2	2	1456
14008	7211	728	2	2	1456
14009	7212	728	2	2	1456
14025	7232	728	2	2	1456
14026	7233	728	2	2	1456
14027	7234	728	2	2	1456
14028	7235	728	2	2	1456
21729	7209	1456	1	1	1456
21730	7210	1456	1	1	1456
21731	7211	1456	1	1	1456
21732	7268	1456	1	1	1456
21733	7212	1456	1	1	1456
21749	7232	1456	1	1	1456
21750	7233	1456	1	1	1456
21751	7234	1456	1	1	1456
21752	7271	1456	1	1	1456
21753	7235	1456	1	1	1456
7297	6042	291	5	5	1455
3649	3363	132	11	11	1452
3650	3364	132	11	11	1452
3651	3365	132	11	11	1452
6073	6042	1452	1	1	1452
27476	22079	50	29	29	1450
5877	6042	482	3	3	1446
8719	6042	722	2	2	1444
7515	6042	1443	1	1	1443
4209	3752	96	15	15	1440
4210	3753	96	15	15	1440
4211	3754	96	15	15	1440
4270	3773	72	20	20	1440
6247	6042	360	4	4	1440
10079	6059	48	30	30	1440
13231	7209	288	5	5	1440
13232	7210	288	5	5	1440
13233	7211	288	5	5	1440
13239	7212	288	5	5	1440
13256	7232	288	5	5	1440
13257	7233	288	5	5	1440
13258	7234	288	5	5	1440
13261	7235	288	5	5	1440
13598	7238	360	4	62	1440
13599	7239	360	4	62	1440
13600	7240	360	4	62	1440
17723	7209	480	3	3	1440
17724	7210	480	3	3	1440
17725	7211	480	3	3	1440
17728	7212	480	3	3	1440
17745	7232	480	3	3	1440
17746	7233	480	3	3	1440
17747	7234	480	3	3	1440
17750	7235	480	3	3	1440
29011	25108	72	20	18294	1440
29045	25134	72	20	18294	1440
29064	25151	72	20	18215	1440
7159	6042	1439	1	1	1439
8099	6042	1438	1	1	1438
4080	3707	1436	1	1	1436
7229	6042	478	3	3	1434
9103	6042	717	2	2	1434
9115	6042	1434	1	1	1434
6577	6042	716	2	2	1432
9663	6042	1432	1	1	1432
7413	6042	1431	1	1	1431
8883	6042	712	2	2	1424
9989	6042	1423	1	1	1423
4495	3840	9	158	158	1422
6449	6042	1422	1	1	1422
7615	6042	474	3	3	1422
8247	6042	1421	1	1	1421
7575	6042	284	5	5	1420
7081	6042	709	2	2	1418
8805	6042	1418	1	1	1418
6255	6042	236	6	6	1416
8859	6042	708	2	2	1416
11693	6059	1416	1	1	1416
5939	6042	283	5	5	1415
9215	6042	707	2	2	1414
6601	6042	471	3	3	1413
6801	6042	353	4	4	1412
7479	6042	1412	1	1	1412
7051	6042	470	3	3	1410
3917	3543	16	88	90	1408
4196	3783	128	11	12	1408
5585	5806	16	88	88	1408
9921	6042	1407	1	1	1407
9417	6042	1404	1	1	1404
5582	5806	20	70	70	1400
20711	7206	1400	1	1	1400
20712	7207	1400	1	1	1400
20713	7208	1400	1	1	1400
20733	7229	1400	1	1	1400
20734	7230	1400	1	1	1400
20735	7231	1400	1	1	1400
8093	6042	699	2	2	1398
8969	6042	1398	1	1	1398
9109	6042	466	3	3	1398
9543	6042	1397	1	1	1397
6713	6042	465	3	3	1395
6571	6042	697	2	2	1394
7641	6042	464	3	3	1392
7681	6042	1392	1	1	1392
8281	6042	348	4	4	1392
15170	7209	1392	1	1	1392
15171	7210	1392	1	1	1392
15172	7211	1392	1	1	1392
15173	7267	1392	1	1	1392
15174	7268	1392	1	1	1392
15175	7304	1392	1	1	1392
15176	7212	1392	1	1	1392
15192	7232	1392	1	1	1392
15193	7233	1392	1	1	1392
15194	7234	1392	1	1	1392
15195	7270	1392	1	1	1392
15196	7271	1392	1	1	1392
15197	7305	1392	1	1	1392
15198	7235	1392	1	1	1392
32179	34026	48	29	1044	1392
3763	3465	13	107	107	1391
28736	24242	1391	1	1	1391
6795	6042	1390	1	1	1390
8989	6042	1388	1	1	1388
22840	7206	1388	1	1	1388
22841	7207	1388	1	1	1388
22842	7208	1388	1	1	1388
22856	7229	1388	1	1	1388
22857	7230	1388	1	1	1388
22858	7231	1388	1	1	1388
6387	6042	1387	1	1	1387
5232	5429	1384	1	1	1384
5237	5431	1384	1	1	1384
5242	5434	1384	1	1	1384
5737	5925	1384	1	1	1384
5750	5931	1384	1	1	1384
5768	5952	1384	1	1	1384
21519	7206	1384	1	1	1384
21520	7207	1384	1	1	1384
21521	7208	1384	1	1	1384
21540	7229	1384	1	1	1384
21541	7230	1384	1	1	1384
21542	7231	1384	1	1	1384
8507	6042	1383	1	1	1383
8115	6042	1382	1	1	1382
9579	6042	1381	1	1	1381
9679	6042	1378	1	1	1378
19939	7800	1376	1	1172	1376
19989	7847	1376	1	1159	1376
20047	7916	1376	1	1172	1376
29302	25414	1376	1	1	1376
8581	6042	1372	1	1	1372
9495	6042	1371	1	1	1371
7345	6042	1370	1	1	1370
6225	6042	1368	1	1	1368
39463	33238	1368	1	3	1368
9295	6042	1366	1	1	1366
9269	6042	454	3	3	1362
18408	7209	680	2	2	1360
18409	7210	680	2	2	1360
18410	7211	680	2	2	1360
18412	7268	680	2	2	1360
18413	7212	680	2	2	1360
18426	7232	680	2	2	1360
18427	7233	680	2	2	1360
18428	7234	680	2	2	1360
18430	7271	680	2	2	1360
18431	7235	680	2	2	1360
6865	6042	453	3	3	1359
9893	6042	1354	1	1	1354
3937	3541	4	338	338	1352
8587	6042	1350	1	1	1350
10528	6060	45	30	30	1350
27932	21444	1350	1	1	1350
6999	6042	673	2	2	1346
74	251	1344	1	1	1344
5231	5429	1344	1	1	1344
5236	5431	1344	1	1	1344
5241	5434	1344	1	1	1344
5734	5925	1344	1	1	1344
5747	5931	1344	1	1	1344
8253	6042	1344	1	1	1344
10814	6059	1344	1	1	1344
13714	7209	672	2	2	1344
13715	7210	672	2	2	1344
13716	7211	672	2	2	1344
13718	7212	672	2	2	1344
13734	7232	672	2	2	1344
13735	7233	672	2	2	1344
13736	7234	672	2	2	1344
13738	7235	672	2	2	1344
15351	7206	672	2	2	1344
15352	7207	672	2	2	1344
15353	7208	672	2	2	1344
15372	7229	672	2	2	1344
15373	7230	672	2	2	1344
15374	7231	672	2	2	1344
18253	7209	448	3	3	1344
18254	7210	448	3	3	1344
18255	7211	448	3	3	1344
18257	7212	448	3	3	1344
18273	7232	448	3	3	1344
18274	7233	448	3	3	1344
18275	7234	448	3	3	1344
18277	7235	448	3	3	1344
22924	7206	1344	1	1	1344
22925	7207	1344	1	1	1344
22926	7208	1344	1	1	1344
22946	7229	1344	1	1	1344
22947	7230	1344	1	1	1344
22948	7231	1344	1	1	1344
25923	16743	448	3	3	1344
25979	16743	336	4	4	1344
9969	6042	1342	1	1	1342
31866	33928	22	61	3782	1342
31976	33958	22	61	3782	1342
32086	33988	22	61	2806	1342
6931	6042	134	10	10	1340
7115	6042	1338	1	1	1338
9531	6042	446	3	3	1338
6761	6042	191	7	7	1337
9143	6042	1337	1	1	1337
8217	6042	668	2	2	1336
8389	6042	333	4	4	1332
21269	7206	1332	1	1	1332
21270	7207	1332	1	1	1332
21271	7208	1332	1	1	1332
21288	7229	1332	1	1	1332
21289	7230	1332	1	1	1332
21290	7231	1332	1	1	1332
7541	6042	664	2	2	1328
7831	6042	442	3	3	1326
30993	32767	39	34	116	1326
31001	32778	39	34	9473	1326
31017	32791	39	34	9473	1326
31025	32796	39	34	9322	1326
31040	32804	39	34	9322	1326
31075	6977	39	34	361620	1326
9583	6042	1323	1	1	1323
8511	6042	1322	1	1	1322
9841	6042	1321	1	1	1321
6929	6042	660	2	2	1320
10310	6060	40	33	33	1320
11336	6059	1320	1	1	1320
23085	7267	1320	1	1	1320
23086	7268	1320	1	1	1320
23102	7270	1320	1	1	1320
23103	7271	1320	1	1	1320
7463	6042	1318	1	1	1318
7063	6042	1317	1	1	1317
8675	6042	1316	1	1	1316
9953	6042	1315	1	1	1315
6201	6042	438	3	3	1314
8661	6042	657	2	2	1314
7233	6042	328	4	4	1312
13527	7209	1312	1	1	1312
13528	7210	1312	1	1	1312
13529	7211	1312	1	1	1312
13530	7212	1312	1	1	1312
13546	7232	1312	1	1	1312
13547	7233	1312	1	1	1312
13548	7234	1312	1	1	1312
13549	7235	1312	1	1	1312
6873	6042	437	3	3	1311
6059	6042	655	2	2	1310
6651	6042	262	5	5	1310
3931	3542	12	109	109	1308
7131	6042	654	2	2	1308
8471	6042	1308	1	1	1308
16029	7206	1308	1	1	1308
16030	7207	1308	1	1	1308
16031	7208	1308	1	1	1308
16035	7313	1308	1	1	1308
16053	7229	1308	1	1	1308
16054	7230	1308	1	1	1308
16055	7231	1308	1	1	1308
16062	7315	1308	1	1	1308
8891	6042	1307	1	1	1307
7665	6042	1305	1	1	1305
8869	6042	652	2	2	1304
8403	6042	1302	1	1	1302
27899	21444	1301	1	1	1301
3729	3445	4	325	325	1300
3730	3446	4	325	325	1300
5807	6042	650	2	2	1300
8315	6042	260	5	5	1300
6603	6042	1299	1	1	1299
8279	6042	1298	1	1	1298
9875	6042	1297	1	1	1297
4006	3608	12	108	108	1296
4007	3609	12	108	108	1296
4142	3752	144	9	9	1296
4143	3753	144	9	9	1296
4144	3754	144	9	9	1296
4631	4082	1296	1	1	1296
9475	6042	1296	1	1	1296
16182	7206	648	2	2	1296
16183	7207	648	2	2	1296
16184	7208	648	2	2	1296
16204	7229	648	2	2	1296
16205	7230	648	2	2	1296
16206	7231	648	2	2	1296
27271	21444	1295	1	1	1295
6471	6042	323	4	4	1292
7017	6042	1291	1	1	1291
6193	6042	184	7	7	1288
9231	6042	644	2	2	1288
6175	6042	1287	1	1	1287
21602	7206	1284	1	1	1284
21603	7207	1284	1	1	1284
21604	7208	1284	1	1	1284
21627	7229	1284	1	1	1284
21628	7230	1284	1	1	1284
21629	7231	1284	1	1	1284
9923	6042	1283	1	1	1283
6331	6042	183	7	7	1281
6267	6042	160	8	8	1280
8779	6042	320	4	4	1280
18029	7209	1280	1	1	1280
18030	7210	1280	1	1	1280
18031	7211	1280	1	1	1280
18032	7268	1280	1	1	1280
18033	7212	1280	1	1	1280
18049	7232	1280	1	1	1280
18050	7233	1280	1	1	1280
18051	7234	1280	1	1	1280
18052	7271	1280	1	1	1280
18053	7235	1280	1	1	1280
24573	11128	1280	1	1	1280
31859	33928	20	64	3968	1280
31969	33958	20	64	3968	1280
32079	33988	20	64	2944	1280
22724	7206	1276	1	1	1276
22725	7207	1276	1	1	1276
22726	7208	1276	1	1	1276
22746	7229	1276	1	1	1276
22747	7230	1276	1	1	1276
22748	7231	1276	1	1	1276
6501	6042	1275	1	1	1275
6251	6042	1273	1	1	1273
6303	6042	1272	1	1	1272
22161	7209	1272	1	1	1272
22162	7210	1272	1	1	1272
22163	7211	1272	1	1	1272
22164	7212	1272	1	1	1272
22180	7232	1272	1	1	1272
22181	7233	1272	1	1	1272
22182	7234	1272	1	1	1272
22183	7235	1272	1	1	1272
7139	6042	635	2	2	1270
7709	6042	1270	1	1	1270
6559	6042	634	2	2	1268
6835	6042	632	2	2	1264
8777	6042	1264	1	1	1264
6749	6042	421	3	3	1263
6573	6042	631	2	2	1262
5963	6042	315	4	4	1260
8167	6042	1259	1	1	1259
7951	6042	1257	1	1	1257
8905	6042	419	3	3	1257
8767	6042	1256	1	1	1256
6407	6042	1254	1	1	1254
6523	6042	418	3	3	1254
8875	6042	1253	1	1	1253
7963	6042	1252	1	1	1252
7985	6042	1251	1	1	1251
8733	6042	417	3	3	1251
6495	6042	625	2	2	1250
6527	6042	250	5	5	1250
3480	3310	1248	1	1	1248
11480	6059	624	2	2	1248
15596	7206	416	3	3	1248
15597	7207	416	3	3	1248
15598	7208	416	3	3	1248
15616	7229	416	3	3	1248
15617	7230	416	3	3	1248
15618	7231	416	3	3	1248
16949	7604	1248	1	2	1248
32920	36374	1248	1	22	1248
7443	6042	623	2	2	1246
8847	6042	1246	1	1	1246
9199	6042	249	5	5	1245
6563	6042	311	4	4	1244
8197	6042	622	2	2	1244
3790	3465	18	69	69	1242
6727	6042	207	6	6	1242
9067	6042	414	3	3	1242
5879	6042	155	8	8	1240
12040	6062	620	2	2	1240
12041	6063	620	2	2	1240
12042	6064	620	2	2	1240
12043	6065	620	2	2	1240
16032	7209	1240	1	1	1240
16033	7210	1240	1	1	1240
16034	7211	1240	1	1	1240
16036	7267	1240	1	1	1240
16037	7268	1240	1	1	1240
16038	7314	1240	1	1	1240
16039	7212	1240	1	1	1240
16056	7232	1240	1	1	1240
16057	7233	1240	1	1	1240
16058	7234	1240	1	1	1240
16059	7270	1240	1	1	1240
16060	7271	1240	1	1	1240
16061	7235	1240	1	1	1240
16063	7316	1240	1	1	1240
6367	6042	619	2	2	1238
7745	6042	1238	1	1	1238
3752	3465	12	103	103	1236
6491	6042	618	2	2	1236
6405	6042	617	2	2	1234
6473	6042	308	4	4	1232
9441	6042	1232	1	1	1232
12012	6062	616	2	2	1232
12013	6063	616	2	2	1232
12014	6064	616	2	2	1232
12015	6065	616	2	2	1232
20815	7206	1232	1	1	1232
20816	7207	1232	1	1	1232
20817	7208	1232	1	1	1232
20837	7229	1232	1	1	1232
20838	7230	1232	1	1	1232
20839	7231	1232	1	1	1232
6611	6042	246	5	5	1230
8327	6042	1230	1	1	1230
6877	6042	245	5	5	1225
9059	6042	1225	1	1	1225
11701	6059	1224	1	1	1224
21272	7209	1224	1	1	1224
21273	7210	1224	1	1	1224
21274	7211	1224	1	1	1224
21275	7212	1224	1	1	1224
21291	7232	1224	1	1	1224
21292	7233	1224	1	1	1224
21293	7234	1224	1	1	1224
21294	7235	1224	1	1	1224
9413	6042	1223	1	1	1223
6229	6042	1222	1	1	1222
7703	6042	1219	1	1	1219
7809	6042	1218	1	1	1218
8913	6042	1217	1	1	1217
4628	4076	1216	1	1	1216
3938	3541	12	101	101	1212
6177	6042	1209	1	1	1209
4206	3817	8	151	940	1208
4485	3840	8	151	151	1208
18629	7268	1208	1	1	1208
18648	7271	1208	1	1	1208
21029	7206	604	2	2	1208
21030	7207	604	2	2	1208
21031	7208	604	2	2	1208
21048	7229	604	2	2	1208
21049	7230	604	2	2	1208
21050	7231	604	2	2	1208
6695	6042	201	6	6	1206
8761	6042	402	3	3	1206
12839	6874	14	86	86	1204
9061	6042	1203	1	1	1203
7755	6042	601	2	2	1202
9039	6042	1202	1	1	1202
19925	7781	1200	1	731	1200
19972	7824	1200	1	659	1200
20030	7893	1200	1	731	1200
31839	33928	25	48	2976	1200
31949	33958	25	48	2976	1200
32059	33988	25	48	2208	1200
7185	6042	1199	1	1	1199
9737	6042	1195	1	1	1195
8257	6042	1194	1	1	1194
8863	6042	1193	1	1	1193
7381	6042	298	4	4	1192
5943	6042	297	4	4	1188
27532	21444	1186	1	1	1186
8659	6042	1185	1	1	1185
4171	3813	6	197	197	1182
28388	21444	1182	1	1	1182
9303	6042	1180	1	1	1180
13944	7206	1180	1	1	1180
13945	7207	1180	1	1	1180
13946	7208	1180	1	1	1180
13967	7229	1180	1	1	1180
13968	7230	1180	1	1	1180
13969	7231	1180	1	1	1180
8769	6042	1179	1	1	1179
6961	6042	1178	1	1	1178
4283	3752	588	2	2	1176
4284	3753	588	2	2	1176
4285	3754	588	2	2	1176
5154	5355	1176	1	1	1176
17187	7206	1176	1	1	1176
17188	7207	1176	1	1	1176
17189	7208	1176	1	1	1176
17207	7229	1176	1	1	1176
17208	7230	1176	1	1	1176
17209	7231	1176	1	1	1176
21908	7209	1176	1	1	1176
21909	7210	1176	1	1	1176
21910	7211	1176	1	1	1176
21911	7267	1176	1	1	1176
21912	7268	1176	1	1	1176
21913	7212	1176	1	1	1176
21927	7232	1176	1	1	1176
21928	7233	1176	1	1	1176
21929	7234	1176	1	1	1176
21930	7270	1176	1	1	1176
21931	7271	1176	1	1	1176
21932	7235	1176	1	1	1176
8357	6042	587	2	2	1174
9159	6042	1174	1	1	1174
7699	6042	1173	1	1	1173
7969	6042	1172	1	1	1172
7891	6042	1171	1	1	1171
8789	6042	1167	1	1	1167
8337	6042	583	2	2	1166
28189	21444	583	2	2	1166
6687	6042	97	12	12	1164
6967	6042	388	3	3	1164
8981	6042	1162	1	1	1162
10119	6060	7	166	166	1162
3555	3363	20	58	58	1160
3556	3364	20	58	58	1160
3557	3365	20	58	58	1160
13690	7242	232	5	61	1160
13691	7243	232	5	61	1160
13692	7244	232	5	61	1160
13693	7245	232	5	61	1160
13694	7247	232	5	61	1160
13695	7248	232	5	61	1160
13696	7249	232	5	61	1160
22011	7206	1156	1	1	1156
22012	7207	1156	1	1	1156
22013	7208	1156	1	1	1156
22027	7229	1156	1	1	1156
22028	7230	1156	1	1	1156
22029	7231	1156	1	1	1156
31833	33928	33	35	2170	1155
31943	33958	33	35	2170	1155
32053	33988	33	35	1610	1155
6599	6042	577	2	2	1154
7039	6042	1154	1	1	1154
5653	5841	48	24	24	1152
7149	6042	384	3	3	1152
10071	6059	72	16	16	1152
10635	6059	576	2	2	1152
11616	6059	1152	1	1	1152
18990	7206	288	4	4	1152
18991	7207	288	4	4	1152
18992	7208	288	4	4	1152
19009	7229	288	4	4	1152
19010	7230	288	4	4	1152
19011	7231	288	4	4	1152
22503	7209	1152	1	1	1152
22504	7210	1152	1	1	1152
22505	7211	1152	1	1	1152
22506	7268	1152	1	1	1152
22507	7212	1152	1	1	1152
22508	7232	1152	1	1	1152
22509	7233	1152	1	1	1152
22510	7234	1152	1	1	1152
22511	7271	1152	1	1	1152
22512	7235	1152	1	1	1152
29518	26239	192	6	26	1152
31158	7924	72	16	1440	1152
31413	7808	72	16	1440	1152
31537	7855	72	16	1424	1152
8243	6042	1151	1	1	1151
6903	6042	574	2	2	1148
14604	7242	164	7	8	1148
14605	7243	164	7	8	1148
14606	7244	164	7	8	1148
14607	7245	164	7	8	1148
14608	7247	164	7	8	1148
14609	7248	164	7	8	1148
14610	7249	164	7	8	1148
10829	6060	44	26	26	1144
6675	6042	127	9	9	1143
9569	6042	1143	1	1	1143
8473	6042	571	2	2	1142
28350	21444	1142	1	1	1142
10117	6060	4	285	285	1140
7215	6042	379	3	3	1137
6535	6042	1135	1	1	1135
6807	6042	378	3	3	1134
27851	21444	1130	1	1	1130
9871	6042	1129	1	1	1129
3719	3436	8	141	2333	1128
19038	7209	1128	1	1	1128
19039	7210	1128	1	1	1128
19040	7211	1128	1	1	1128
19041	7212	1128	1	1	1128
19054	7232	1128	1	1	1128
19055	7233	1128	1	1	1128
19056	7234	1128	1	1	1128
19057	7235	1128	1	1	1128
8995	6042	1127	1	1	1127
5951	6042	125	9	9	1125
6217	6042	225	5	5	1125
9781	6042	1125	1	1	1125
6575	6042	562	2	2	1124
8783	6042	281	4	4	1124
6261	6042	187	6	6	1122
3513	3363	56	20	20	1120
3514	3364	56	20	20	1120
3515	3365	56	20	20	1120
7605	6042	224	5	5	1120
14556	7242	224	5	8	1120
14557	7243	224	5	8	1120
14558	7244	224	5	8	1120
14559	7245	224	5	8	1120
14560	7247	224	5	8	1120
14561	7248	224	5	8	1120
14562	7249	224	5	8	1120
15354	7209	1120	1	1	1120
15355	7210	1120	1	1	1120
15356	7211	1120	1	1	1120
15357	7267	1120	1	1	1120
15358	7268	1120	1	1	1120
15359	7212	1120	1	1	1120
15375	7232	1120	1	1	1120
15376	7233	1120	1	1	1120
15377	7234	1120	1	1	1120
15378	7270	1120	1	1	1120
15379	7271	1120	1	1	1120
15380	7235	1120	1	1	1120
9649	6042	1118	1	1	1118
8477	6042	558	2	2	1116
9931	6042	1116	1	1	1116
6859	6042	1115	1	1	1115
7513	6042	1114	1	1	1114
9385	6042	557	2	2	1114
5959	6042	159	7	7	1113
6893	6042	1113	1	1	1113
6341	6042	556	2	2	1112
7325	6042	1112	1	1	1112
9873	6042	1111	1	1	1111
7925	6042	555	2	2	1110
8807	6042	1110	1	1	1110
6917	6042	277	4	4	1108
9581	6042	1107	1	1	1107
8741	6042	1106	1	1	1106
4349	3752	368	3	3	1104
4350	3753	368	3	3	1104
4351	3754	368	3	3	1104
5642	5841	24	46	46	1104
8385	6042	368	3	3	1104
10392	6059	1104	1	1	1104
10778	6059	552	2	2	1104
21573	7206	1104	1	1	1104
21574	7207	1104	1	1	1104
21575	7208	1104	1	1	1104
21589	7229	1104	1	1	1104
21590	7230	1104	1	1	1104
21591	7231	1104	1	1	1104
9905	6042	1102	1	1	1102
6769	6042	367	3	3	1101
7083	6042	1101	1	1	1101
7695	6042	1100	1	1	1100
28478	21444	550	2	2	1100
15228	7209	1096	1	1	1096
15229	7210	1096	1	1	1096
15230	7211	1096	1	1	1096
15231	7268	1096	1	1	1096
15232	7304	1096	1	1	1096
15233	7212	1096	1	1	1096
15249	7232	1096	1	1	1096
15250	7233	1096	1	1	1096
15251	7234	1096	1	1	1096
15252	7271	1096	1	1	1096
15253	7305	1096	1	1	1096
15254	7235	1096	1	1	1096
21444	7232	548	2	2	1096
21445	7233	548	2	2	1096
21446	7234	548	2	2	1096
21447	7270	548	2	2	1096
21448	7271	548	2	2	1096
21449	7235	548	2	2	1096
8753	6042	219	5	5	1095
7475	6042	364	3	3	1092
7817	6042	546	2	2	1092
9785	6042	1092	1	1	1092
31858	33926	7	156	9672	1092
31968	33956	7	156	9672	1092
32078	33986	7	156	7176	1092
32180	34025	7	156	5616	1092
11737	6062	272	4	4	1088
11738	6063	272	4	4	1088
11739	6064	272	4	4	1088
11740	6065	272	4	4	1088
14247	7209	1088	1	1	1088
14248	7210	1088	1	1	1088
14249	7211	1088	1	1	1088
14250	7267	1088	1	1	1088
14251	7268	1088	1	1	1088
14252	7212	1088	1	1	1088
14269	7232	1088	1	1	1088
14270	7233	1088	1	1	1088
14271	7234	1088	1	1	1088
14272	7270	1088	1	1	1088
14273	7271	1088	1	1	1088
14274	7235	1088	1	1	1088
15777	7209	544	2	2	1088
15778	7210	544	2	2	1088
15779	7211	544	2	2	1088
15784	7268	544	2	2	1088
15785	7212	544	2	2	1088
15802	7232	544	2	2	1088
15803	7233	544	2	2	1088
15804	7234	544	2	2	1088
15806	7271	544	2	2	1088
15807	7235	544	2	2	1088
6815	6042	362	3	3	1086
5941	6042	271	4	4	1084
9577	6042	1083	1	1	1083
7671	6042	541	2	2	1082
4021	3593	120	9	9	1080
9743	6042	1080	1	1	1080
17492	7209	1080	1	1	1080
17493	7210	1080	1	1	1080
17494	7211	1080	1	1	1080
17495	7212	1080	1	1	1080
17511	7232	1080	1	1	1080
17512	7233	1080	1	1	1080
17513	7234	1080	1	1	1080
17514	7235	1080	1	1	1080
7687	6042	1077	1	1	1077
9095	6042	1076	1	1	1076
6079	6042	537	2	2	1074
9797	6042	1074	1	1	1074
20911	7209	1072	1	1	1072
20912	7210	1072	1	1	1072
20913	7211	1072	1	1	1072
20914	7267	1072	1	1	1072
20915	7268	1072	1	1	1072
20916	7212	1072	1	1	1072
20930	7232	1072	1	1	1072
20931	7233	1072	1	1	1072
20932	7234	1072	1	1	1072
20933	7270	1072	1	1	1072
20934	7271	1072	1	1	1072
20935	7235	1072	1	1	1072
24583	11149	1072	1	1	1072
8255	6042	1071	1	1	1071
5953	6042	214	5	5	1070
8407	6042	1065	1	1	1065
7967	6042	1064	1	1	1064
6191	6042	1062	1	1	1062
6067	6042	530	2	2	1060
6653	6042	212	5	5	1060
7455	6042	1060	1	1	1060
8259	6042	1058	1	1	1058
5955	6042	176	6	6	1056
15652	7209	1056	1	1	1056
15653	7210	1056	1	1	1056
15654	7211	1056	1	1	1056
15655	7268	1056	1	1	1056
15656	7212	1056	1	1	1056
15672	7232	1056	1	1	1056
15673	7233	1056	1	1	1056
15674	7234	1056	1	1	1056
15675	7271	1056	1	1	1056
15676	7235	1056	1	1	1056
15704	7209	264	4	4	1056
15705	7210	264	4	4	1056
15706	7211	264	4	4	1056
15707	7212	264	4	4	1056
15723	7232	264	4	4	1056
15724	7233	264	4	4	1056
15725	7234	264	4	4	1056
15726	7235	264	4	4	1056
32177	34028	4	264	9504	1056
28192	21444	1055	1	1	1055
7661	6042	1053	1	1	1053
28543	21444	1052	1	1	1052
4008	3606	6	175	175	1050
4009	3607	6	175	175	1050
7625	6042	175	6	6	1050
7737	6042	1049	1	1	1049
13228	7206	524	2	2	1048
13229	7207	524	2	2	1048
13230	7208	524	2	2	1048
13253	7229	524	2	2	1048
13254	7230	524	2	2	1048
13255	7231	524	2	2	1048
14735	7209	1048	1	1	1048
14736	7210	1048	1	1	1048
14737	7211	1048	1	1	1048
14738	7267	1048	1	1	1048
14739	7268	1048	1	1	1048
14740	7212	1048	1	1	1048
14757	7232	1048	1	1	1048
14758	7233	1048	1	1	1048
14759	7234	1048	1	1	1048
14760	7270	1048	1	1	1048
14761	7271	1048	1	1	1048
14762	7235	1048	1	1	1048
8571	6042	349	3	3	1047
28485	21444	1047	1	1	1047
9635	6042	1045	1	1	1045
4213	3752	36	29	29	1044
4214	3753	36	29	29	1044
4215	3754	36	29	29	1044
8455	6042	522	2	2	1044
13419	7206	1044	1	1	1044
13420	7207	1044	1	1	1044
13421	7208	1044	1	1	1044
13438	7229	1044	1	1	1044
13439	7230	1044	1	1	1044
13440	7231	1044	1	1	1044
9055	6042	1041	1	1	1041
6377	6042	520	2	2	1040
22274	7206	1040	1	1	1040
22275	7207	1040	1	1	1040
22276	7208	1040	1	1	1040
22294	7229	1040	1	1	1040
22295	7230	1040	1	1	1040
22296	7231	1040	1	1	1040
23353	7209	1040	1	1	1040
23354	7210	1040	1	1	1040
23355	7211	1040	1	1	1040
23359	7267	1040	1	1	1040
23360	7212	1040	1	1	1040
23377	7232	1040	1	1	1040
23378	7233	1040	1	1	1040
23379	7234	1040	1	1	1040
23380	7270	1040	1	1	1040
23381	7235	1040	1	1	1040
8673	6042	1038	1	1	1038
8715	6042	346	3	3	1038
6187	6042	1037	1	1	1037
5597	5806	28	37	37	1036
9761	6042	1035	1	1	1035
6413	6042	1034	1	1	1034
6139	6042	1033	1	1	1033
6141	6042	1032	1	1	1032
8683	6042	344	3	3	1032
6465	6042	206	5	5	1030
8903	6042	1030	1	1	1030
6733	6042	1028	1	1	1028
17537	7206	1028	1	1	1028
17538	7207	1028	1	1	1028
17539	7208	1028	1	1	1028
17556	7229	1028	1	1	1028
17557	7230	1028	1	1	1028
17558	7231	1028	1	1	1028
9749	6042	1027	1	1	1027
8325	6042	1025	1	1	1025
3625	3363	512	2	2	1024
3626	3364	512	2	2	1024
3627	3365	512	2	2	1024
4619	4047	1024	1	1	1024
13024	6986	1024	1	11260	1024
13818	7206	512	2	2	1024
13819	7207	512	2	2	1024
13820	7208	512	2	2	1024
13839	7229	512	2	2	1024
13840	7230	512	2	2	1024
13841	7231	512	2	2	1024
15008	7209	512	2	2	1024
15009	7210	512	2	2	1024
15010	7211	512	2	2	1024
15011	7268	512	2	2	1024
15012	7212	512	2	2	1024
15028	7232	512	2	2	1024
15029	7233	512	2	2	1024
15030	7234	512	2	2	1024
15031	7271	512	2	2	1024
15032	7235	512	2	2	1024
22983	7209	1024	1	1	1024
22984	7210	1024	1	1	1024
22985	7211	1024	1	1	1024
22986	7268	1024	1	1	1024
22987	7212	1024	1	1	1024
23000	7232	1024	1	1	1024
23001	7233	1024	1	1	1024
23002	7234	1024	1	1	1024
23003	7271	1024	1	1	1024
23004	7235	1024	1	1	1024
29479	26091	1024	1	1	1024
9837	6042	1021	1	1	1021
6509	6042	204	5	5	1020
8665	6042	1020	1	1	1020
9285	6042	510	2	2	1020
8413	6042	1019	1	1	1019
9765	6042	1015	1	1	1015
8431	6042	1013	1	1	1013
8679	6042	506	2	2	1012
8899	6042	505	2	2	1010
5957	6042	252	4	4	1008
10805	6059	1008	1	1	1008
9213	6042	1006	1	1	1006
8705	6042	1005	1	1	1005
7529	6042	502	2	2	1004
8537	6042	1003	1	1	1003
6737	6042	167	6	6	1002
4176	3752	200	5	5	1000
4177	3753	200	5	5	1000
4178	3754	200	5	5	1000
21726	7206	1000	1	1	1000
21727	7207	1000	1	1	1000
21728	7208	1000	1	1	1000
21746	7229	1000	1	1	1000
21747	7230	1000	1	1	1000
21748	7231	1000	1	1	1000
31598	33245	1000	1	128	1000
6781	6042	998	1	1	998
5929	6042	166	6	6	996
8395	6042	332	3	3	996
8921	6042	996	1	1	996
275	570	992	1	1	992
5254	5457	992	1	1	992
5306	5543	992	1	1	992
17263	7209	992	1	1	992
17264	7210	992	1	1	992
17265	7211	992	1	1	992
17266	7268	992	1	1	992
17267	7212	992	1	1	992
17280	7232	992	1	1	992
17281	7233	992	1	1	992
17282	7234	992	1	1	992
17283	7271	992	1	1	992
17284	7235	992	1	1	992
9131	6042	991	1	1	991
6607	6042	494	2	2	988
9057	6042	986	1	1	986
6123	6042	492	2	2	984
6149	6042	982	1	1	982
8873	6042	979	1	1	979
8747	6042	978	1	1	978
4339	3752	488	2	2	976
4340	3753	488	2	2	976
4341	3754	488	2	2	976
13637	7238	244	4	37	976
13638	7239	244	4	37	976
13639	7240	244	4	37	976
15982	7304	488	2	2	976
15996	7305	488	2	2	976
6649	6042	325	3	3	975
8939	6042	971	1	1	971
6933	6042	485	2	2	970
6831	6042	969	1	1	969
3748	3465	11	88	88	968
3934	3541	44	22	22	968
13614	7209	484	2	2	968
13615	7210	484	2	2	968
13616	7211	484	2	2	968
13617	7212	484	2	2	968
13633	7232	484	2	2	968
13634	7233	484	2	2	968
13635	7234	484	2	2	968
13636	7235	484	2	2	968
15057	7206	968	1	1	968
15058	7207	968	1	1	968
15059	7208	968	1	1	968
15078	7229	968	1	1	968
15079	7230	968	1	1	968
15080	7231	968	1	1	968
6757	6042	322	3	3	966
9075	6042	483	2	2	966
7701	6042	321	3	3	963
5971	6042	481	2	2	962
3664	3363	240	4	4	960
3665	3364	240	4	4	960
3666	3365	240	4	4	960
4149	3784	960	1	1	960
4150	3785	960	1	1	960
5592	5806	24	40	40	960
6371	6042	480	2	2	960
13660	7206	320	3	3	960
13661	7207	320	3	3	960
13662	7208	320	3	3	960
13679	7229	320	3	3	960
13680	7230	320	3	3	960
13681	7231	320	3	3	960
17726	7267	480	2	2	960
17748	7270	480	2	2	960
30256	29462	48	20	18194	960
36544	47647	960	1	1	960
36545	47648	960	1	1	960
7599	6042	959	1	1	959
7225	6042	319	3	3	957
28345	21444	957	1	1	957
7165	6042	476	2	2	952
7239	6042	238	4	4	952
14600	7238	136	7	18	952
14601	7239	136	7	18	952
14602	7240	136	7	18	952
9403	6042	951	1	1	951
6169	6042	948	1	1	948
6913	6042	947	1	1	947
8729	6042	473	2	2	946
6711	6042	135	7	7	945
16149	7206	472	2	2	944
16150	7207	472	2	2	944
16151	7208	472	2	2	944
16167	7229	472	2	2	944
16168	7230	472	2	2	944
16169	7231	472	2	2	944
6259	6042	943	1	1	943
8543	6042	942	1	1	942
8359	6042	941	1	1	941
4304	3752	940	1	1	940
4305	3753	940	1	1	940
4306	3754	940	1	1	940
21209	7209	940	1	1	940
21210	7210	940	1	1	940
21211	7211	940	1	1	940
21212	7212	940	1	1	940
21228	7232	940	1	1	940
21229	7233	940	1	1	940
21230	7234	940	1	1	940
21231	7235	940	1	1	940
7635	6042	469	2	2	938
8275	6042	938	1	1	938
7503	6042	234	4	4	936
15410	7209	312	3	3	936
15411	7210	312	3	3	936
15412	7211	312	3	3	936
15414	7268	312	3	3	936
15415	7212	312	3	3	936
15431	7232	312	3	3	936
15432	7233	312	3	3	936
15433	7234	312	3	3	936
15435	7271	312	3	3	936
15436	7235	312	3	3	936
22040	7206	936	1	1	936
22041	7207	936	1	1	936
22042	7208	936	1	1	936
22064	7229	936	1	1	936
22065	7230	936	1	1	936
22066	7231	936	1	1	936
6829	6042	934	1	1	934
8743	6042	467	2	2	934
6325	6042	233	4	4	932
6041	6042	931	1	1	931
7733	6042	930	1	1	930
7473	6042	928	1	1	928
11964	6062	232	4	4	928
11965	6063	232	4	4	928
11966	6064	232	4	4	928
11967	6065	232	4	4	928
14673	7206	928	1	1	928
14674	7207	928	1	1	928
14675	7208	928	1	1	928
14696	7229	928	1	1	928
14697	7230	928	1	1	928
14698	7231	928	1	1	928
17305	7209	928	1	1	928
17306	7210	928	1	1	928
17307	7211	928	1	1	928
17308	7212	928	1	1	928
17324	7232	928	1	1	928
17325	7233	928	1	1	928
17326	7234	928	1	1	928
17327	7235	928	1	1	928
6275	6042	309	3	3	927
7275	6042	185	5	5	925
8007	6042	923	1	1	923
4292	3752	460	2	2	920
4293	3753	460	2	2	920
4294	3754	460	2	2	920
7545	6042	460	2	2	920
7007	6042	919	1	1	919
6213	6042	153	6	6	918
7107	6042	229	4	4	916
13174	7206	916	1	1	916
13175	7207	916	1	1	916
13176	7208	916	1	1	916
13195	7229	916	1	1	916
13196	7230	916	1	1	916
13197	7231	916	1	1	916
6871	6042	305	3	3	915
6635	6042	457	2	2	914
6297	6042	456	2	2	912
13767	7209	912	1	1	912
13768	7210	912	1	1	912
13769	7211	912	1	1	912
13770	7268	912	1	1	912
13771	7304	912	1	1	912
13772	7212	912	1	1	912
13788	7232	912	1	1	912
13789	7233	912	1	1	912
13790	7234	912	1	1	912
13791	7271	912	1	1	912
13792	7305	912	1	1	912
13793	7235	912	1	1	912
20873	7206	456	2	2	912
20874	7207	456	2	2	912
20875	7208	456	2	2	912
20892	7229	456	2	2	912
20893	7230	456	2	2	912
20894	7231	456	2	2	912
6421	6042	182	5	5	910
7319	6042	455	2	2	910
8871	6042	910	1	1	910
9287	6042	908	1	1	908
8829	6042	181	5	5	905
8799	6042	452	2	2	904
21701	7206	904	1	1	904
21702	7207	904	1	1	904
21703	7208	904	1	1	904
21716	7229	904	1	1	904
21717	7230	904	1	1	904
21718	7231	904	1	1	904
7719	6042	903	1	1	903
7841	6042	902	1	1	902
8691	6042	150	6	6	900
8739	6042	450	2	2	900
10394	6060	10	90	90	900
31863	33932	4	225	13950	900
31973	33962	4	225	13950	900
32083	33992	4	225	10350	900
9519	6042	897	1	1	897
3558	3363	16	56	56	896
3559	3364	16	56	56	896
3560	3365	16	56	56	896
4174	3784	112	8	8	896
4175	3785	112	8	8	896
8487	6042	896	1	1	896
18256	7268	448	2	2	896
18276	7271	448	2	2	896
19238	7206	448	2	2	896
19239	7207	448	2	2	896
19240	7208	448	2	2	896
19256	7229	448	2	2	896
19257	7230	448	2	2	896
19258	7231	448	2	2	896
25710	16743	224	4	4	896
7537	6042	895	1	1	895
32175	34025	6	149	5364	894
6905	6042	891	1	1	891
10427	6060	9	99	99	891
28281	21444	889	1	1	889
7037	6042	888	1	1	888
31852	33938	24	37	2294	888
31962	33968	24	37	2294	888
32072	33998	24	37	1702	888
6703	6042	887	1	1	887
5935	6042	443	2	2	886
6287	6042	886	1	1	886
6513	6042	177	5	5	885
7867	6042	885	1	1	885
8427	6042	295	3	3	885
6245	6042	884	1	1	884
4496	3840	6	147	147	882
6937	6042	147	6	6	882
27190	22079	42	21	21	882
31842	33926	6	147	9114	882
31952	33956	6	147	9114	882
32062	33986	6	147	6762	882
5931	6042	88	10	10	880
16323	7209	880	1	1	880
16324	7210	880	1	1	880
16325	7211	880	1	1	880
16326	7268	880	1	1	880
16327	7212	880	1	1	880
16343	7232	880	1	1	880
16344	7233	880	1	1	880
16345	7234	880	1	1	880
16346	7271	880	1	1	880
16347	7235	880	1	1	880
18891	7206	880	1	1	880
18892	7207	880	1	1	880
18893	7208	880	1	1	880
18911	7229	880	1	1	880
18912	7230	880	1	1	880
18913	7231	880	1	1	880
23510	8220	176	5	5	880
28980	25090	40	22	585362	880
28981	25091	40	22	585362	880
6427	6042	293	3	3	879
9809	6042	877	1	1	877
8647	6042	436	2	2	872
9957	6042	872	1	1	872
19177	7209	872	1	1	872
19178	7210	872	1	1	872
19179	7211	872	1	1	872
19181	7267	872	1	1	872
19182	7268	872	1	1	872
19183	7314	872	1	1	872
19184	7212	872	1	1	872
19201	7232	872	1	1	872
19202	7233	872	1	1	872
19203	7234	872	1	1	872
19204	7270	872	1	1	872
19205	7271	872	1	1	872
19206	7235	872	1	1	872
19208	7316	872	1	1	872
22158	7206	872	1	1	872
22159	7207	872	1	1	872
22160	7208	872	1	1	872
22177	7229	872	1	1	872
22178	7230	872	1	1	872
22179	7231	872	1	1	872
3766	3465	10	87	87	870
7875	6042	435	2	2	870
8885	6042	869	1	1	869
8867	6042	434	2	2	868
9945	6042	868	1	1	868
6197	6042	173	5	5	865
3737	3445	6	144	144	864
3738	3446	6	144	144	864
4323	3784	864	1	1	864
4324	3785	864	1	1	864
6625	6042	216	4	4	864
7731	6042	288	3	3	864
10115	6060	6	144	144	864
11460	6059	864	1	1	864
13237	7267	288	3	3	864
13259	7270	288	3	3	864
31593	33241	48	18	1251	864
8681	6042	431	2	2	862
9233	6042	861	1	1	861
31855	33928	21	41	2542	861
31965	33958	21	41	2542	861
32075	33988	21	41	1886	861
3941	3541	20	43	43	860
8701	6042	860	1	1	860
6775	6042	859	1	1	859
6551	6042	428	2	2	856
10023	6060	8	107	107	856
21441	7229	428	2	2	856
21442	7230	428	2	2	856
21443	7231	428	2	2	856
24584	11151	856	1	1	856
28175	21444	856	1	1	856
6215	6042	171	5	5	855
9647	6042	853	1	1	853
8713	6042	425	2	2	850
4040	3637	16	53	66	848
4424	3752	424	2	2	848
4425	3753	424	2	2	848
4426	3754	424	2	2	848
14625	7267	848	1	1	848
14626	7268	848	1	1	848
14640	7270	848	1	1	848
14641	7271	848	1	1	848
21863	7209	424	2	2	848
21864	7210	424	2	2	848
21865	7211	424	2	2	848
21867	7268	424	2	2	848
21868	7212	424	2	2	848
21882	7232	424	2	2	848
21883	7233	424	2	2	848
21884	7234	424	2	2	848
21886	7271	424	2	2	848
21887	7235	424	2	2	848
28200	21444	848	1	1	848
6715	6042	422	2	2	844
9079	6042	842	1	1	842
7255	6042	280	3	3	840
15407	7206	280	3	3	840
15408	7207	280	3	3	840
15409	7208	280	3	3	840
15428	7229	280	3	3	840
15429	7230	280	3	3	840
15430	7231	280	3	3	840
22647	7267	840	1	1	840
22648	7268	840	1	1	840
22665	7270	840	1	1	840
22666	7271	840	1	1	840
31932	33952	120	7	342	840
32042	33982	120	7	342	840
32153	34012	120	7	246	840
3613	3363	76	11	11	836
3614	3364	76	11	11	836
3615	3365	76	11	11	836
8139	6042	278	3	3	834
9533	6042	834	1	1	834
15116	7209	832	1	1	832
15117	7210	832	1	1	832
15118	7211	832	1	1	832
15119	7268	832	1	1	832
15120	7304	832	1	1	832
15121	7212	832	1	1	832
15137	7232	832	1	1	832
15138	7233	832	1	1	832
15139	7234	832	1	1	832
15140	7271	832	1	1	832
15141	7305	832	1	1	832
15142	7235	832	1	1	832
4140	3779	2	415	415	830
6997	6042	415	2	2	830
7041	6042	830	1	1	830
27129	21444	828	1	1	828
9203	6042	827	1	1	827
7315	6042	413	2	2	826
7895	6042	826	1	1	826
9087	6042	825	1	1	825
7193	6042	412	2	2	824
24525	10995	824	1	1	824
7323	6042	274	3	3	822
8699	6042	411	2	2	822
6863	6042	821	1	1	821
7317	6042	205	4	4	820
8737	6042	410	2	2	820
9297	6042	164	5	5	820
19954	7810	4	205	18474	820
19955	7811	4	205	18474	820
20004	7857	4	205	18269	820
20005	7858	4	205	18269	820
20062	7926	4	205	18474	820
20063	7927	4	205	18474	820
32166	34025	4	205	7380	820
8321	6042	408	2	2	816
6211	6042	163	5	5	815
6271	6042	116	7	7	812
7705	6042	406	2	2	812
9705	6042	811	1	1	811
4498	3840	5	162	162	810
8489	6042	270	3	3	810
9585	6042	808	1	1	808
19670	7209	808	1	1	808
19671	7210	808	1	1	808
19672	7211	808	1	1	808
19673	7267	808	1	1	808
19674	7268	808	1	1	808
19675	7212	808	1	1	808
19689	7232	808	1	1	808
19690	7233	808	1	1	808
19691	7234	808	1	1	808
19692	7270	808	1	1	808
19693	7271	808	1	1	808
19694	7235	808	1	1	808
24632	11282	808	1	1	808
8745	6042	805	1	1	805
11745	6062	268	3	3	804
11746	6063	268	3	3	804
11747	6064	268	3	3	804
11748	6065	268	3	3	804
8791	6042	400	2	2	800
15282	7209	800	1	1	800
15283	7210	800	1	1	800
15284	7211	800	1	1	800
15288	7267	800	1	1	800
15289	7268	800	1	1	800
15290	7212	800	1	1	800
15307	7232	800	1	1	800
15308	7233	800	1	1	800
15309	7234	800	1	1	800
15310	7270	800	1	1	800
15311	7271	800	1	1	800
15312	7235	800	1	1	800
18765	7209	400	2	2	800
18766	7210	400	2	2	800
18767	7211	400	2	2	800
18768	7267	400	2	2	800
18770	7212	400	2	2	800
18783	7232	400	2	2	800
18784	7233	400	2	2	800
18785	7234	400	2	2	800
18786	7270	400	2	2	800
18788	7235	400	2	2	800
4492	3840	7	114	114	798
6645	6042	133	6	6	798
7197	6042	399	2	2	798
8215	6042	797	1	1	797
8205	6042	796	1	1	796
9539	6042	794	1	1	794
11090	6059	264	3	3	792
15463	7206	264	3	3	792
15464	7207	264	3	3	792
15465	7208	264	3	3	792
15483	7229	264	3	3	792
15484	7230	264	3	3	792
15485	7231	264	3	3	792
21675	7268	264	3	3	792
21691	7271	264	3	3	792
6735	6042	158	5	5	790
8803	6042	790	1	1	790
8827	6042	395	2	2	790
9803	6042	788	1	1	788
14952	7209	788	1	1	788
14953	7210	788	1	1	788
14954	7211	788	1	1	788
14955	7267	788	1	1	788
14956	7268	788	1	1	788
14957	7212	788	1	1	788
14973	7232	788	1	1	788
14974	7233	788	1	1	788
14975	7234	788	1	1	788
14976	7270	788	1	1	788
14977	7271	788	1	1	788
14978	7235	788	1	1	788
9643	6042	785	1	1	785
25186	14066	56	14	78	784
6991	6042	261	3	3	783
28332	21444	783	1	1	783
6143	6042	781	1	1	781
5651	5841	52	15	15	780
6589	6042	195	4	4	780
6927	6042	156	5	5	780
17489	7206	780	1	1	780
17490	7207	780	1	1	780
17491	7208	780	1	1	780
17508	7229	780	1	1	780
17509	7230	780	1	1	780
17510	7231	780	1	1	780
9315	6042	779	1	1	779
5961	6042	776	1	1	776
7819	6042	194	4	4	776
21032	7209	776	1	1	776
21033	7210	776	1	1	776
21034	7211	776	1	1	776
21035	7212	776	1	1	776
21051	7232	776	1	1	776
21052	7233	776	1	1	776
21053	7234	776	1	1	776
21054	7235	776	1	1	776
23350	7206	776	1	1	776
23351	7207	776	1	1	776
23352	7208	776	1	1	776
23374	7229	776	1	1	776
23375	7230	776	1	1	776
23376	7231	776	1	1	776
36142	26248	776	1	1	776
9063	6042	775	1	1	775
6665	6042	129	6	6	774
9119	6042	772	1	1	772
16185	7209	772	1	1	772
16186	7210	772	1	1	772
16187	7211	772	1	1	772
16188	7267	772	1	1	772
16189	7268	772	1	1	772
16190	7212	772	1	1	772
16207	7232	772	1	1	772
16208	7233	772	1	1	772
16209	7234	772	1	1	772
16210	7270	772	1	1	772
16211	7271	772	1	1	772
16212	7235	772	1	1	772
3589	3363	96	8	8	768
3590	3364	96	8	8	768
3591	3365	96	8	8	768
5146	5341	768	1	1	768
5156	5357	768	1	1	768
5157	5358	768	1	1	768
16932	7601	768	1	2	768
16936	7603	768	1	1	768
18184	7209	256	3	3	768
18185	7210	256	3	3	768
18186	7211	256	3	3	768
18188	7212	256	3	3	768
18202	7232	256	3	3	768
18203	7233	256	3	3	768
18204	7234	256	3	3	768
18206	7235	256	3	3	768
19833	7693	768	1	2	768
24427	10820	768	1	1	768
24712	11522	32	24	24	768
24718	11547	32	24	24	768
24966	12932	32	24	24	768
27635	22984	32	24	24	768
27649	23030	32	24	24	768
28376	23893	32	24	24	768
29439	25970	32	24	24	768
33360	37698	32	24	48	768
33492	38136	32	24	24	768
38358	53572	32	24	24	768
38359	53574	32	24	24	768
39084	56905	32	24	24	768
39143	57135	32	24	24	768
39159	57204	32	24	24	768
39175	57263	32	24	24	768
39562	59079	32	24	24	768
8083	6042	766	1	1	766
7587	6042	762	1	1	762
6049	6042	152	5	5	760
14552	7238	152	5	6	760
14553	7239	152	5	6	760
14554	7240	152	5	6	760
6263	6042	253	3	3	759
8877	6042	759	1	1	759
9907	6042	757	1	1	757
9845	6042	756	1	1	756
7747	6042	755	1	1	755
24478	10910	755	1	1	755
7173	6042	753	1	1	753
9517	6042	251	3	3	753
16383	7335	752	1	4	752
18078	7209	752	1	1	752
18079	7210	752	1	1	752
18080	7211	752	1	1	752
18081	7268	752	1	1	752
18082	7212	752	1	1	752
18095	7232	752	1	1	752
18096	7233	752	1	1	752
18097	7234	752	1	1	752
18098	7271	752	1	1	752
18099	7235	752	1	1	752
22112	7268	376	2	2	752
22132	7271	376	2	2	752
9251	6042	751	1	1	751
8845	6042	750	1	1	750
4243	3752	372	2	2	744
4244	3753	372	2	2	744
4245	3754	372	2	2	744
6199	6042	93	8	8	744
6519	6042	248	3	3	744
11741	6062	248	3	3	744
11742	6063	248	3	3	744
11743	6064	248	3	3	744
11744	6065	248	3	3	744
16320	7206	744	1	1	744
16321	7207	744	1	1	744
16322	7208	744	1	1	744
16340	7229	744	1	1	744
16341	7230	744	1	1	744
16342	7231	744	1	1	744
17956	7206	372	2	2	744
17957	7207	372	2	2	744
17958	7208	372	2	2	744
17981	7229	372	2	2	744
17982	7230	372	2	2	744
17983	7231	372	2	2	744
8191	6042	743	1	1	743
8113	6042	742	1	1	742
3856	3465	19	39	39	741
5647	5841	20	37	37	740
8907	6042	740	1	1	740
9065	6042	736	1	1	736
15466	7209	368	2	2	736
15467	7210	368	2	2	736
15468	7211	368	2	2	736
15469	7268	368	2	2	736
15470	7212	368	2	2	736
15486	7232	368	2	2	736
15487	7233	368	2	2	736
15488	7234	368	2	2	736
15489	7271	368	2	2	736
15490	7235	368	2	2	736
15774	7206	368	2	2	736
15775	7207	368	2	2	736
15776	7208	368	2	2	736
15799	7229	368	2	2	736
15800	7230	368	2	2	736
15801	7231	368	2	2	736
8895	6042	735	1	1	735
28415	21444	735	1	1	735
28074	21444	733	1	1	733
6841	6042	366	2	2	732
9899	6042	732	1	1	732
6443	6042	731	1	1	731
8697	6042	365	2	2	730
21491	7268	728	1	1	728
21504	7271	728	1	1	728
8703	6042	727	1	1	727
6689	6042	121	6	6	726
6691	6042	363	2	2	726
28136	21444	726	1	1	726
6655	6042	145	5	5	725
7723	6042	725	1	1	725
7663	6042	721	1	1	721
3567	3363	72	10	10	720
3568	3364	72	10	10	720
3569	3365	72	10	10	720
3940	3541	16	45	45	720
4186	3752	24	30	30	720
4187	3753	24	30	30	720
4188	3754	24	30	30	720
4275	3771	16	45	45	720
4276	3772	16	45	45	720
13572	7206	360	2	2	720
13573	7207	360	2	2	720
13574	7208	360	2	2	720
13592	7229	360	2	2	720
13593	7230	360	2	2	720
13594	7231	360	2	2	720
14732	7206	720	1	1	720
14733	7207	720	1	1	720
14734	7208	720	1	1	720
14754	7229	720	1	1	720
14755	7230	720	1	1	720
14756	7231	720	1	1	720
6323	6042	239	3	3	717
6659	6042	358	2	2	716
9587	6042	715	1	1	715
6357	6042	713	1	1	713
3918	3536	4	178	178	712
3919	3537	4	178	178	712
6925	6042	354	2	2	708
6759	6042	235	3	3	705
9909	6042	705	1	1	705
4200	3752	64	11	11	704
4201	3753	64	11	11	704
4202	3754	64	11	11	704
8643	6042	352	2	2	704
14790	7206	176	4	4	704
14791	7207	176	4	4	704
14792	7208	176	4	4	704
14808	7229	176	4	4	704
14809	7230	176	4	4	704
14810	7231	176	4	4	704
18026	7206	704	1	1	704
18027	7207	704	1	1	704
18028	7208	704	1	1	704
18046	7229	704	1	1	704
18047	7230	704	1	1	704
18048	7231	704	1	1	704
8095	6042	702	1	1	702
9825	6042	701	1	1	701
5593	5806	12	58	58	696
7901	6042	696	1	1	696
16096	7209	696	1	1	696
16097	7210	696	1	1	696
16098	7211	696	1	1	696
16099	7267	696	1	1	696
16100	7268	696	1	1	696
16101	7212	696	1	1	696
16117	7232	696	1	1	696
16118	7233	696	1	1	696
16119	7234	696	1	1	696
16120	7270	696	1	1	696
16121	7271	696	1	1	696
16122	7235	696	1	1	696
6209	6042	231	3	3	693
8081	6042	692	1	1	692
9591	6042	691	1	1	691
7613	6042	230	3	3	690
6511	6042	86	8	8	688
8349	6042	688	1	1	688
14880	7209	688	1	1	688
14881	7210	688	1	1	688
14882	7211	688	1	1	688
14886	7267	688	1	1	688
14887	7268	688	1	1	688
14888	7304	688	1	1	688
14889	7212	688	1	1	688
14906	7232	688	1	1	688
14907	7233	688	1	1	688
14908	7234	688	1	1	688
14909	7270	688	1	1	688
14910	7271	688	1	1	688
14911	7305	688	1	1	688
14912	7235	688	1	1	688
15225	7206	688	1	1	688
15226	7207	688	1	1	688
15227	7208	688	1	1	688
15246	7229	688	1	1	688
15247	7230	688	1	1	688
15248	7231	688	1	1	688
8187	6042	137	5	5	685
4295	3752	684	1	1	684
4296	3753	684	1	1	684
4297	3754	684	1	1	684
3733	3445	10	68	68	680
3734	3446	10	68	68	680
4551	3896	10	68	68	680
6469	6042	170	4	4	680
12551	6542	680	1	1	680
13159	7179	680	1	1	680
13172	7198	680	1	1	680
18411	7267	680	1	1	680
18429	7270	680	1	1	680
19174	7206	680	1	1	680
19175	7207	680	1	1	680
19176	7208	680	1	1	680
19180	7313	680	1	1	680
19198	7229	680	1	1	680
19199	7230	680	1	1	680
19200	7231	680	1	1	680
19207	7315	680	1	1	680
29241	25383	10	68	68	680
7251	6042	339	2	2	678
8209	6042	226	3	3	678
6943	6042	337	2	2	674
4133	3752	112	6	6	672
4134	3753	112	6	6	672
4135	3754	112	6	6	672
5863	6042	672	1	1	672
7049	6042	96	7	7	672
7241	6042	168	4	4	672
10415	6059	168	4	4	672
13717	7267	672	1	1	672
13737	7270	672	1	1	672
18605	7304	672	1	1	672
18618	7305	672	1	1	672
37500	34030	672	1	12	672
9799	6042	671	1	1	671
9415	6042	335	2	2	670
4421	3752	668	1	1	668
4422	3753	668	1	1	668
4423	3754	668	1	1	668
13475	7206	668	1	1	668
13476	7207	668	1	1	668
13477	7208	668	1	1	668
13494	7229	668	1	1	668
13495	7230	668	1	1	668
13496	7231	668	1	1	668
31826	33926	4	167	10354	668
31936	33956	4	167	10354	668
32046	33986	4	167	7682	668
8837	6042	666	1	1	666
28196	21444	664	1	1	664
8861	6042	662	1	1	662
9897	6042	661	1	1	661
6881	6042	220	3	3	660
27731	22079	44	15	17	660
28172	21444	659	1	1	659
18355	7209	328	2	2	656
18356	7210	328	2	2	656
18357	7211	328	2	2	656
18362	7212	328	2	2	656
18376	7232	328	2	2	656
18377	7233	328	2	2	656
18378	7234	328	2	2	656
18380	7235	328	2	2	656
18808	7206	328	2	2	656
18809	7207	328	2	2	656
18810	7208	328	2	2	656
18824	7229	328	2	2	656
18825	7230	328	2	2	656
18826	7231	328	2	2	656
8435	6042	130	5	5	650
6373	6042	649	1	1	649
3939	3541	8	81	81	648
3582	3363	80	8	8	640
3583	3364	80	8	8	640
3584	3365	80	8	8	640
3731	3447	20	32	32	640
3732	3448	20	32	32	640
6657	6042	128	5	5	640
12504	6473	640	1	1	640
13821	7209	640	1	1	640
13822	7210	640	1	1	640
13823	7211	640	1	1	640
13824	7267	640	1	1	640
13825	7268	640	1	1	640
13826	7212	640	1	1	640
13842	7232	640	1	1	640
13843	7233	640	1	1	640
13844	7234	640	1	1	640
13845	7270	640	1	1	640
13846	7271	640	1	1	640
13847	7235	640	1	1	640
18302	7209	320	2	2	640
18303	7210	320	2	2	640
18304	7211	320	2	2	640
18309	7212	320	2	2	640
18323	7232	320	2	2	640
18324	7233	320	2	2	640
18325	7234	320	2	2	640
18327	7235	320	2	2	640
19986	7840	640	1	1	640
20044	7909	640	1	1	640
8161	6042	637	1	1	637
7775	6042	318	2	2	636
14883	7264	212	3	3	636
14884	7265	212	3	3	636
14885	7266	212	3	3	636
14913	7272	212	3	3	636
14914	7273	212	3	3	636
14915	7274	212	3	3	636
14949	7206	632	1	1	632
14950	7207	632	1	1	632
14951	7208	632	1	1	632
14970	7229	632	1	1	632
14971	7230	632	1	1	632
14972	7231	632	1	1	632
19276	7209	632	1	1	632
19277	7210	632	1	1	632
19278	7211	632	1	1	632
19279	7267	632	1	1	632
19280	7268	632	1	1	632
19281	7304	632	1	1	632
19282	7212	632	1	1	632
19298	7232	632	1	1	632
19299	7233	632	1	1	632
19300	7234	632	1	1	632
19301	7270	632	1	1	632
19302	7271	632	1	1	632
19303	7305	632	1	1	632
19304	7235	632	1	1	632
6593	6042	210	3	3	630
31844	33928	14	45	2790	630
31954	33958	14	45	2790	630
32064	33988	14	45	2070	630
4286	3752	628	1	1	628
4287	3753	628	1	1	628
4288	3754	628	1	1	628
3616	3363	312	2	2	624
3617	3364	312	2	2	624
3618	3365	312	2	2	624
3631	3363	124	5	5	620
3632	3364	124	5	5	620
3633	3365	124	5	5	620
4183	3752	20	31	31	620
4184	3753	20	31	31	620
4185	3754	20	31	31	620
4238	3752	620	1	1	620
4239	3753	620	1	1	620
4240	3754	620	1	1	620
7207	6042	310	2	2	620
7905	6042	124	5	5	620
17351	7209	616	1	1	616
17352	7210	616	1	1	616
17353	7211	616	1	1	616
17354	7268	616	1	1	616
17355	7212	616	1	1	616
17368	7232	616	1	1	616
17369	7233	616	1	1	616
17370	7234	616	1	1	616
17371	7271	616	1	1	616
17372	7235	616	1	1	616
18545	7206	616	1	1	616
18546	7207	616	1	1	616
18547	7208	616	1	1	616
18561	7229	616	1	1	616
18562	7230	616	1	1	616
18563	7231	616	1	1	616
28302	21444	616	1	1	616
33380	37724	88	7	9	616
7447	6042	615	1	1	615
6353	6042	614	1	1	614
8855	6042	612	1	1	612
12016	6062	612	1	1	612
12017	6063	612	1	1	612
12018	6064	612	1	1	612
12019	6065	612	1	1	612
7849	6042	609	1	1	609
6909	6042	304	2	2	608
12032	6062	608	1	1	608
12033	6063	608	1	1	608
12034	6064	608	1	1	608
12035	6065	608	1	1	608
18250	7206	304	2	2	608
18251	7207	304	2	2	608
18252	7208	304	2	2	608
18270	7229	304	2	2	608
18271	7230	304	2	2	608
18272	7231	304	2	2	608
22206	7206	608	1	1	608
22207	7207	608	1	1	608
22208	7208	608	1	1	608
22226	7229	608	1	1	608
22227	7230	608	1	1	608
22228	7231	608	1	1	608
39468	8238	608	1	875	608
8501	6042	604	1	1	604
8909	6042	602	1	1	602
9775	6042	301	2	2	602
3610	3363	120	5	5	600
3611	3364	120	5	5	600
3612	3365	120	5	5	600
4203	3752	40	15	15	600
4204	3753	40	15	15	600
4205	3754	40	15	15	600
7133	6042	200	3	3	600
13345	7277	120	5	75	600
13346	7278	120	5	75	600
13347	7279	120	5	75	600
15518	7209	600	1	1	600
15519	7210	600	1	1	600
15520	7211	600	1	1	600
15521	7267	600	1	1	600
15522	7268	600	1	1	600
15523	7212	600	1	1	600
15539	7232	600	1	1	600
15540	7233	600	1	1	600
15541	7234	600	1	1	600
15542	7270	600	1	1	600
15543	7271	600	1	1	600
15544	7235	600	1	1	600
22550	7206	200	3	3	600
22551	7207	200	3	3	600
22552	7208	200	3	3	600
22567	7229	200	3	3	600
22568	7230	200	3	3	600
22569	7231	200	3	3	600
32172	34025	10	60	2160	600
7717	6042	598	1	1	598
9697	6042	299	2	2	598
6705	6042	149	4	4	596
7303	6042	596	1	1	596
12036	6062	596	1	1	596
12037	6063	596	1	1	596
12038	6064	596	1	1	596
12039	6065	596	1	1	596
15279	7206	596	1	1	596
15280	7207	596	1	1	596
15281	7208	596	1	1	596
15304	7229	596	1	1	596
15305	7230	596	1	1	596
15306	7231	596	1	1	596
6311	6042	99	6	6	594
8565	6042	593	1	1	593
4262	3752	592	1	1	592
4263	3753	592	1	1	592
4264	3754	592	1	1	592
7839	6042	148	4	4	592
8809	6042	296	2	2	592
9529	6042	591	1	1	591
8893	6042	589	1	1	589
7219	6042	294	2	2	588
7979	6042	196	3	3	588
9561	6042	588	1	1	588
28183	21444	587	1	1	587
4522	3875	8	73	73	584
6647	6042	146	4	4	584
7811	6042	584	1	1	584
13370	7206	580	1	1	580
13371	7207	580	1	1	580
13372	7208	580	1	1	580
13390	7229	580	1	1	580
13391	7230	580	1	1	580
13392	7231	580	1	1	580
31836	33926	10	58	3596	580
31946	33956	10	58	3596	580
32056	33986	10	58	2668	580
4289	3752	576	1	1	576
4290	3753	576	1	1	576
4291	3754	576	1	1	576
4415	3752	288	2	2	576
4416	3753	288	2	2	576
4417	3754	288	2	2	576
4559	3914	576	1	1	576
7053	6042	576	1	1	576
7217	6042	192	3	3	576
13238	7268	288	2	2	576
13260	7271	288	2	2	576
13601	7277	144	4	52	576
13602	7278	144	4	52	576
13603	7279	144	4	52	576
25596	16213	48	12	12	576
27907	21600	72	8	8	576
8663	6042	572	1	1	572
19959	7804	4	143	12871	572
20009	7851	4	143	12728	572
20067	7920	4	143	12871	572
27736	21628	44	13	13	572
27754	21699	44	13	13	572
7101	6042	285	2	2	570
28336	21444	570	1	1	570
4327	3752	568	1	1	568
4328	3753	568	1	1	568
4329	3754	568	1	1	568
8787	6042	567	1	1	567
7113	6042	188	3	3	564
12028	6062	564	1	1	564
12029	6063	564	1	1	564
12030	6064	564	1	1	564
12031	6065	564	1	1	564
15649	7206	564	1	1	564
15650	7207	564	1	1	564
15651	7208	564	1	1	564
15669	7229	564	1	1	564
15670	7230	564	1	1	564
15671	7231	564	1	1	564
7823	6042	563	1	1	563
8235	6042	112	5	5	560
25366	15018	560	1	1	560
26144	16743	560	1	1	560
31079	32767	28	20	78	560
31084	32778	28	20	6627	560
31339	32791	28	20	6627	560
31463	32796	28	20	6525	560
31608	32804	28	20	6525	560
31639	6977	28	20	255591	560
28547	21444	559	1	1	559
3811	3465	9	62	62	558
9229	6042	279	2	2	558
7127	6042	139	4	4	556
14372	7209	184	3	3	552
14373	7210	184	3	3	552
14374	7211	184	3	3	552
14379	7212	184	3	3	552
14396	7232	184	3	3	552
14397	7233	184	3	3	552
14398	7234	184	3	3	552
14400	7235	184	3	3	552
24631	11280	552	1	1	552
6755	6042	550	1	1	550
8497	6042	275	2	2	550
21206	7206	548	1	1	548
21207	7207	548	1	1	548
21208	7208	548	1	1	548
21225	7229	548	1	1	548
21226	7230	548	1	1	548
21227	7231	548	1	1	548
21422	7209	548	1	1	548
21423	7210	548	1	1	548
21424	7211	548	1	1	548
21425	7267	548	1	1	548
21426	7268	548	1	1	548
21427	7212	548	1	1	548
6981	6042	42	13	13	546
7031	6042	91	6	6	546
9	26	544	1	1	544
3634	3363	136	4	4	544
3635	3364	136	4	4	544
3636	3365	136	4	4	544
3742	3445	8	68	68	544
3743	3446	8	68	68	544
15783	7267	544	1	1	544
15805	7270	544	1	1	544
17720	7206	272	2	2	544
17721	7207	272	2	2	544
17722	7208	272	2	2	544
17742	7229	272	2	2	544
17743	7230	272	2	2	544
17744	7231	272	2	2	544
18722	7209	272	2	2	544
18723	7210	272	2	2	544
18724	7211	272	2	2	544
18725	7267	272	2	2	544
18726	7268	272	2	2	544
18727	7212	272	2	2	544
18740	7232	272	2	2	544
18741	7233	272	2	2	544
18742	7234	272	2	2	544
18743	7270	272	2	2	544
18744	7271	272	2	2	544
18745	7235	272	2	2	544
19273	7206	544	1	1	544
19274	7207	544	1	1	544
19275	7208	544	1	1	544
19295	7229	544	1	1	544
19296	7230	544	1	1	544
19297	7231	544	1	1	544
3628	3363	108	5	5	540
3629	3364	108	5	5	540
3630	3365	108	5	5	540
5587	5806	36	15	15	540
15005	7206	540	1	1	540
15006	7207	540	1	1	540
15007	7208	540	1	1	540
15025	7229	540	1	1	540
15026	7230	540	1	1	540
15027	7231	540	1	1	540
32749	32767	36	15	38	540
32756	32778	36	15	2809	540
32760	32791	36	15	2809	540
32765	32796	36	15	2759	540
32776	32804	36	15	2759	540
32782	6977	36	15	107905	540
8483	6042	269	2	2	538
7201	6042	179	3	3	537
6499	6042	536	1	1	536
18866	7206	536	1	1	536
18867	7207	536	1	1	536
18868	7208	536	1	1	536
18881	7229	536	1	1	536
18882	7230	536	1	1	536
18883	7231	536	1	1	536
7147	6042	267	2	2	534
6565	6042	533	1	1	533
7253	6042	266	2	2	532
3540	3363	8	66	66	528
3541	3364	8	66	66	528
3542	3365	8	66	66	528
4258	3752	528	1	1	528
4259	3753	528	1	1	528
4260	3754	528	1	1	528
11757	6062	264	2	2	528
11758	6063	264	2	2	528
11759	6064	264	2	2	528
11760	6065	264	2	2	528
31166	7926	16	33	2970	528
31167	7927	16	33	2970	528
31421	7810	16	33	2970	528
31422	7811	16	33	2970	528
31545	7857	16	33	2937	528
31546	7858	16	33	2937	528
46	157	522	1	1	522
22361	7206	260	2	2	520
22362	7207	260	2	2	520
22363	7208	260	2	2	520
22377	7229	260	2	2	520
22378	7230	260	2	2	520
22379	7231	260	2	2	520
5927	6042	517	1	1	517
6129	6042	172	3	3	516
6329	6042	258	2	2	516
6463	6042	257	2	2	514
32171	34025	9	57	2052	513
3643	3363	128	4	4	512
3644	3364	128	4	4	512
3645	3365	128	4	4	512
4212	3778	32	16	16	512
4471	3784	256	2	2	512
4472	3785	256	2	2	512
5224	5421	512	1	1	512
5770	5955	512	1	1	512
7999	6042	512	1	1	512
11761	6062	256	2	2	512
11762	6063	256	2	2	512
11763	6064	256	2	2	512
11764	6065	256	2	2	512
15036	7241	512	1	44	512
15037	7242	512	1	44	512
15038	7243	512	1	44	512
15039	7244	512	1	44	512
15040	7245	512	1	44	512
15041	7276	512	1	44	512
15042	7247	512	1	44	512
15043	7248	512	1	44	512
15044	7249	512	1	44	512
16152	7267	512	1	1	512
16170	7270	512	1	1	512
16174	7275	512	1	39	512
18187	7267	256	2	2	512
18205	7270	256	2	2	512
24398	10740	512	1	1	512
24399	10742	512	1	1	512
24400	10744	512	1	1	512
24428	10821	512	1	1	512
29222	25363	512	1	1	512
30122	29100	512	1	1	512
30976	32759	512	1	133	512
36359	47060	512	1	1	512
6015	6042	85	6	6	510
28481	21444	509	1	1	509
6053	6042	504	1	1	504
7105	6042	126	4	4	504
14460	7206	84	6	6	504
14461	7207	84	6	6	504
14462	7208	84	6	6	504
14484	7229	84	6	6	504
14485	7230	84	6	6	504
14486	7231	84	6	6	504
15919	7209	168	3	3	504
15920	7210	168	3	3	504
15921	7211	168	3	3	504
15926	7212	168	3	3	504
15943	7232	168	3	3	504
15944	7233	168	3	3	504
15945	7234	168	3	3	504
15947	7235	168	3	3	504
23203	7209	504	1	1	504
23204	7210	504	1	1	504
23205	7211	504	1	1	504
23206	7212	504	1	1	504
23219	7232	504	1	1	504
23220	7233	504	1	1	504
23221	7234	504	1	1	504
23222	7235	504	1	1	504
28305	21444	502	1	1	502
8309	6042	100	5	5	500
4453	3752	496	1	1	496
4454	3753	496	1	1	496
4455	3754	496	1	1	496
12420	6309	496	1	2	496
17959	7209	496	1	1	496
17960	7210	496	1	1	496
17961	7211	496	1	1	496
17965	7267	496	1	1	496
17966	7268	496	1	1	496
17967	7212	496	1	1	496
17984	7232	496	1	1	496
17985	7233	496	1	1	496
17986	7234	496	1	1	496
17987	7270	496	1	1	496
17988	7271	496	1	1	496
17989	7235	496	1	1	496
22644	7206	496	1	1	496
22645	7207	496	1	1	496
22646	7208	496	1	1	496
22662	7229	496	1	1	496
22663	7230	496	1	1	496
22664	7231	496	1	1	496
31835	33928	29	17	1054	493
31945	33958	29	17	1054	493
32055	33988	29	17	782	493
5595	5813	488	1	1	488
6669	6042	122	4	4	488
8307	6042	81	6	6	486
31845	33928	18	27	1674	486
31955	33958	18	27	1674	486
32065	33988	18	27	1242	486
9331	6042	242	2	2	484
19242	7268	484	1	1	484
19243	7314	484	1	1	484
19259	7271	484	1	1	484
19261	7316	484	1	1	484
20956	7206	484	1	1	484
20957	7207	484	1	1	484
20958	7208	484	1	1	484
20971	7229	484	1	1	484
20972	7230	484	1	1	484
20973	7231	484	1	1	484
3646	3363	480	1	1	480
3647	3364	480	1	1	480
3648	3365	480	1	1	480
3947	3541	48	10	10	480
4241	3784	120	4	4	480
4242	3785	120	4	4	480
11717	6062	240	2	2	480
11718	6063	240	2	2	480
11719	6064	240	2	2	480
11720	6065	240	2	2	480
14306	7209	160	3	3	480
14307	7210	160	3	3	480
14308	7211	160	3	3	480
14312	7267	160	3	3	480
14313	7212	160	3	3	480
14330	7232	160	3	3	480
14331	7233	160	3	3	480
14332	7234	160	3	3	480
14333	7270	160	3	3	480
14334	7235	160	3	3	480
15571	7206	160	3	3	480
15572	7207	160	3	3	480
15573	7208	160	3	3	480
15586	7229	160	3	3	480
15587	7230	160	3	3	480
15588	7231	160	3	3	480
17678	7209	240	2	2	480
17679	7210	240	2	2	480
17680	7211	240	2	2	480
17682	7212	240	2	2	480
17696	7232	240	2	2	480
17697	7233	240	2	2	480
17698	7234	240	2	2	480
17700	7235	240	2	2	480
17727	7268	480	1	1	480
17749	7271	480	1	1	480
18452	7206	240	2	2	480
18453	7207	240	2	2	480
18454	7208	240	2	2	480
18467	7229	240	2	2	480
18468	7230	240	2	2	480
18469	7231	240	2	2	480
19870	7724	480	1	1	480
24558	11083	480	1	1	480
31834	33926	9	53	3286	477
31944	33956	9	53	3286	477
32054	33986	9	53	2438	477
6721	6042	119	4	4	476
12024	6062	476	1	1	476
12025	6063	476	1	1	476
12026	6064	476	1	1	476
12027	6065	476	1	1	476
22326	7209	476	1	1	476
22327	7210	476	1	1	476
22328	7211	476	1	1	476
22329	7212	476	1	1	476
22342	7232	476	1	1	476
22343	7233	476	1	1	476
22344	7234	476	1	1	476
22345	7235	476	1	1	476
6321	6042	237	2	2	474
4459	3752	472	1	1	472
4460	3753	472	1	1	472
4461	3754	472	1	1	472
16171	7238	472	1	46	472
16172	7239	472	1	46	472
16173	7240	472	1	46	472
18604	7313	472	1	1	472
18619	7315	472	1	1	472
4589	3968	468	1	1	468
6743	6042	117	4	4	468
8751	6042	468	1	1	468
28213	21444	465	1	1	465
4179	3752	16	29	29	464
4180	3753	16	29	29	464
4181	3754	16	29	29	464
8773	6042	232	2	2	464
13663	7209	232	2	2	464
13664	7210	232	2	2	464
13665	7211	232	2	2	464
13666	7212	232	2	2	464
13682	7232	232	2	2	464
13683	7233	232	2	2	464
13684	7234	232	2	2	464
13685	7235	232	2	2	464
22106	7206	232	2	2	464
22107	7207	232	2	2	464
22108	7208	232	2	2	464
22126	7229	232	2	2	464
22127	7230	232	2	2	464
22128	7231	232	2	2	464
6661	6042	66	7	7	462
28123	21444	462	1	1	462
3519	3363	92	5	5	460
3520	3364	92	5	5	460
3521	3365	92	5	5	460
6901	6042	115	4	4	460
8731	6042	459	1	1	459
3773	3465	8	57	57	456
3989	3603	8	57	2669	456
4018	3608	24	19	19	456
4019	3609	24	19	19	456
4320	3752	456	1	1	456
4321	3753	456	1	1	456
4322	3754	456	1	1	456
8331	6042	228	2	2	456
11524	6059	456	1	1	456
18993	7209	456	1	1	456
18994	7210	456	1	1	456
18995	7211	456	1	1	456
18996	7212	456	1	1	456
19012	7232	456	1	1	456
19013	7233	456	1	1	456
19014	7234	456	1	1	456
19015	7235	456	1	1	456
23809	8608	456	1	1	456
7213	6042	227	2	2	454
8153	6042	151	3	3	453
4476	3752	452	1	1	452
4477	3753	452	1	1	452
4478	3754	452	1	1	452
6953	6042	113	4	4	452
14877	7206	452	1	1	452
14878	7207	452	1	1	452
14879	7208	452	1	1	452
14903	7229	452	1	1	452
14904	7230	452	1	1	452
14905	7231	452	1	1	452
69	236	450	1	1	450
27252	21628	45	10	10	450
27265	21699	45	10	10	450
27514	22079	45	10	11	450
7283	6042	449	1	1	449
3528	3363	4	112	112	448
3529	3364	4	112	112	448
3530	3365	4	112	112	448
4236	3819	112	4	4	448
4237	3820	112	4	4	448
4358	3752	448	1	1	448
4359	3753	448	1	1	448
4360	3754	448	1	1	448
4499	3840	4	112	112	448
5307	5547	448	1	1	448
5591	5806	32	14	14	448
12688	6605	64	7	7	448
13874	7206	224	2	2	448
13875	7207	224	2	2	448
13876	7208	224	2	2	448
13899	7229	224	2	2	448
13900	7230	224	2	2	448
13901	7231	224	2	2	448
14174	7206	112	4	4	448
14175	7207	112	4	4	448
14176	7208	112	4	4	448
14199	7229	112	4	4	448
14200	7230	112	4	4	448
14201	7231	112	4	4	448
14529	7209	224	2	2	448
14530	7210	224	2	2	448
14531	7211	224	2	2	448
14532	7212	224	2	2	448
14548	7232	224	2	2	448
14549	7233	224	2	2	448
14550	7234	224	2	2	448
14551	7235	224	2	2	448
19241	7313	448	1	1	448
19260	7315	448	1	1	448
28581	22079	64	7	7	448
6429	6042	223	2	2	446
6971	6042	89	5	5	445
9563	6042	445	1	1	445
7235	6042	111	4	4	444
7611	6042	222	2	2	444
7645	6042	221	2	2	442
3607	3363	88	5	5	440
3608	3364	88	5	5	440
3609	3365	88	5	5	440
4192	3752	44	10	10	440
4193	3753	44	10	10	440
4194	3754	44	10	10	440
4366	3752	440	1	1	440
4367	3753	440	1	1	440
4368	3754	440	1	1	440
15515	7206	440	1	1	440
15516	7207	440	1	1	440
15517	7208	440	1	1	440
15536	7229	440	1	1	440
15537	7230	440	1	1	440
15538	7231	440	1	1	440
15599	7209	440	1	1	440
15600	7210	440	1	1	440
15601	7211	440	1	1	440
15602	7268	440	1	1	440
15603	7212	440	1	1	440
15619	7232	440	1	1	440
15620	7233	440	1	1	440
15621	7234	440	1	1	440
15622	7271	440	1	1	440
15623	7235	440	1	1	440
24487	10918	440	1	1	440
31851	33936	19	23	1426	437
31870	33928	19	23	1426	437
31961	33966	19	23	1426	437
31980	33958	19	23	1426	437
32071	33996	19	23	1058	437
32090	33988	19	23	1058	437
6507	6042	109	4	4	436
7851	6042	218	2	2	436
7129	6042	87	5	5	435
28167	21444	435	1	1	435
19968	7804	14	31	2791	434
20018	7851	14	31	2760	434
20076	7920	14	31	2791	434
4274	3827	16	27	35	432
8813	6042	144	3	3	432
14177	7209	144	3	3	432
14178	7210	144	3	3	432
14179	7211	144	3	3	432
14185	7212	144	3	3	432
14202	7232	144	3	3	432
14203	7233	144	3	3	432
14204	7234	144	3	3	432
14207	7235	144	3	3	432
16093	7206	432	1	1	432
16094	7207	432	1	1	432
16095	7208	432	1	1	432
16114	7229	432	1	1	432
16115	7230	432	1	1	432
16116	7231	432	1	1	432
21956	7209	432	1	1	432
21957	7210	432	1	1	432
21958	7211	432	1	1	432
21959	7267	432	1	1	432
21960	7268	432	1	1	432
21961	7212	432	1	1	432
21978	7232	432	1	1	432
21979	7233	432	1	1	432
21980	7234	432	1	1	432
21981	7270	432	1	1	432
21982	7271	432	1	1	432
21983	7235	432	1	1	432
24655	11347	432	1	1	432
31878	33928	24	18	1116	432
31891	33928	27	16	992	432
31988	33958	24	18	1116	432
32001	33958	27	16	992	432
32098	33988	24	18	828	432
32111	33988	27	16	736	432
8295	6042	215	2	2	430
21419	7206	428	1	1	428
21420	7207	428	1	1	428
21421	7208	428	1	1	428
6949	6042	142	3	3	426
7123	6042	106	4	4	424
18940	7206	424	1	1	424
18941	7207	424	1	1	424
18942	7208	424	1	1	424
18955	7229	424	1	1	424
18956	7230	424	1	1	424
18957	7231	424	1	1	424
21866	7267	424	1	1	424
21885	7270	424	1	1	424
24755	11627	424	1	1	424
8655	6042	423	1	1	423
6615	6042	211	2	2	422
3522	3363	140	3	3	420
3523	3364	140	3	3	420
3524	3365	140	3	3	420
4223	3752	60	7	7	420
4224	3753	60	7	7	420
4225	3754	60	7	7	420
4265	3752	420	1	1	420
4266	3753	420	1	1	420
4267	3754	420	1	1	420
5269	5491	420	1	1	420
5271	5494	420	1	1	420
5658	5841	60	7	7	420
10471	6060	12	35	35	420
22390	7206	420	1	1	420
22391	7207	420	1	1	420
22392	7208	420	1	1	420
22405	7229	420	1	1	420
22406	7230	420	1	1	420
22407	7231	420	1	1	420
31150	7920	28	15	1350	420
31405	7804	28	15	1350	420
31529	7851	28	15	1335	420
3595	3363	104	4	4	416
3596	3364	104	4	4	416
3597	3365	104	4	4	416
4041	3637	32	13	13	416
4333	3752	208	2	2	416
4334	3753	208	2	2	416
4335	3754	208	2	2	416
4361	3752	416	1	1	416
4362	3753	416	1	1	416
4363	3754	416	1	1	416
6915	6042	104	4	4	416
20984	7209	416	1	1	416
20985	7210	416	1	1	416
20986	7211	416	1	1	416
20987	7212	416	1	1	416
21003	7232	416	1	1	416
21004	7233	416	1	1	416
21005	7234	416	1	1	416
21006	7235	416	1	1	416
31875	33928	26	16	992	416
31985	33958	26	16	992	416
32095	33988	26	16	736	416
28342	21444	415	1	1	415
5949	6042	138	3	3	414
4465	3752	412	1	1	412
4466	3753	412	1	1	412
4467	3754	412	1	1	412
12020	6062	412	1	1	412
12021	6063	412	1	1	412
12022	6064	412	1	1	412
12023	6065	412	1	1	412
4146	3752	408	1	1	408
4147	3753	408	1	1	408
4148	3754	408	1	1	408
6173	6042	102	4	4	408
14574	7206	136	3	3	408
14575	7207	136	3	3	408
14576	7208	136	3	3	408
14593	7229	136	3	3	408
14594	7230	136	3	3	408
14595	7231	136	3	3	408
21781	7209	408	1	1	408
21782	7210	408	1	1	408
21783	7211	408	1	1	408
21784	7267	408	1	1	408
21785	7268	408	1	1	408
21786	7212	408	1	1	408
21802	7232	408	1	1	408
21803	7233	408	1	1	408
21804	7234	408	1	1	408
21805	7270	408	1	1	408
21806	7271	408	1	1	408
21807	7235	408	1	1	408
27767	21444	407	1	1	407
31152	7920	27	15	1350	405
31407	7804	27	15	1350	405
31531	7851	27	15	1335	405
4473	3752	404	1	1	404
4474	3753	404	1	1	404
4475	3754	404	1	1	404
8227	6042	202	2	2	404
17585	7206	404	1	1	404
17586	7207	404	1	1	404
17587	7208	404	1	1	404
17606	7229	404	1	1	404
17607	7230	404	1	1	404
17608	7231	404	1	1	404
8795	6042	403	1	1	403
28530	21444	403	1	1	403
13298	7206	400	1	1	400
13299	7207	400	1	1	400
13300	7208	400	1	1	400
13323	7229	400	1	1	400
13324	7230	400	1	1	400
13325	7231	400	1	1	400
17808	7209	200	2	2	400
17809	7210	200	2	2	400
17810	7211	200	2	2	400
17814	7267	200	2	2	400
17815	7212	200	2	2	400
17816	7232	200	2	2	400
17817	7233	200	2	2	400
17818	7234	200	2	2	400
17819	7270	200	2	2	400
17820	7235	200	2	2	400
18769	7268	400	1	1	400
18787	7271	400	1	1	400
34662	42105	400	1	4	400
28203	21444	399	1	1	399
8313	6042	132	3	3	396
8457	6042	396	1	1	396
10378	6060	33	12	12	396
7047	6042	79	5	5	395
5969	6042	394	1	1	394
6723	6042	131	3	3	393
4189	3752	28	14	14	392
4190	3753	28	14	14	392
4191	3754	28	14	14	392
4378	3752	392	1	1	392
4379	3753	392	1	1	392
4380	3754	392	1	1	392
17921	7209	392	1	1	392
17922	7210	392	1	1	392
17923	7211	392	1	1	392
17924	7212	392	1	1	392
17937	7232	392	1	1	392
17938	7233	392	1	1	392
17939	7234	392	1	1	392
17940	7235	392	1	1	392
21953	7206	392	1	1	392
21954	7207	392	1	1	392
21955	7208	392	1	1	392
21975	7229	392	1	1	392
21976	7230	392	1	1	392
21977	7231	392	1	1	392
27906	22079	49	8	8	392
34574	41861	392	1	4	392
9383	6042	391	1	1	391
9313	6042	390	1	1	390
10362	6060	26	15	15	390
23152	7206	388	1	1	388
23153	7207	388	1	1	388
23154	7208	388	1	1	388
23167	7229	388	1	1	388
23168	7230	388	1	1	388
23169	7231	388	1	1	388
8657	6042	193	2	2	386
3637	3363	384	1	1	384
3638	3364	384	1	1	384
3639	3365	384	1	1	384
4010	3608	16	24	24	384
4011	3609	16	24	24	384
4412	3752	384	1	1	384
4413	3753	384	1	1	384
4414	3754	384	1	1	384
4524	3879	24	16	16	384
14003	7206	384	1	1	384
14004	7207	384	1	1	384
14005	7208	384	1	1	384
14022	7229	384	1	1	384
14023	7230	384	1	1	384
14024	7231	384	1	1	384
15847	7209	384	1	1	384
15848	7210	384	1	1	384
15849	7211	384	1	1	384
15853	7267	384	1	1	384
15854	7268	384	1	1	384
15855	7212	384	1	1	384
15872	7232	384	1	1	384
15873	7233	384	1	1	384
15874	7234	384	1	1	384
15875	7270	384	1	1	384
15876	7271	384	1	1	384
15877	7235	384	1	1	384
15916	7206	96	4	4	384
15917	7207	96	4	4	384
15918	7208	96	4	4	384
15940	7229	96	4	4	384
15941	7230	96	4	4	384
15942	7231	96	4	4	384
25001	13141	192	2	4	384
28364	23846	192	2	4	384
32911	36349	192	2	4	384
9547	6042	190	2	2	380
8693	6042	189	2	2	378
4450	3752	376	1	1	376
4451	3753	376	1	1	376
4452	3754	376	1	1	376
24514	10968	376	1	1	376
28206	21444	375	1	1	375
6977	6042	186	2	2	372
10221	6060	41	9	9	369
3619	3363	184	2	2	368
3620	3364	184	2	2	368
3621	3365	184	2	2	368
18811	7267	368	1	1	368
18827	7270	368	1	1	368
23417	8118	184	2	2	368
24751	11621	368	1	1	368
28232	21444	366	1	1	366
33381	37727	52	7	9	364
4014	3606	12	30	30	360
4015	3607	12	30	30	360
4282	3773	120	3	3	360
5603	5806	40	9	9	360
7043	6042	90	4	4	360
14622	7264	20	18	18	360
14623	7265	20	18	18	360
14624	7266	20	18	18	360
14642	7272	20	18	18	360
14643	7273	20	18	18	360
14644	7274	20	18	18	360
20769	7209	360	1	1	360
20770	7210	360	1	1	360
20771	7211	360	1	1	360
20772	7267	360	1	1	360
20773	7268	360	1	1	360
20774	7212	360	1	1	360
20788	7232	360	1	1	360
20789	7233	360	1	1	360
20790	7234	360	1	1	360
20791	7270	360	1	1	360
20792	7271	360	1	1	360
20793	7235	360	1	1	360
24527	11002	360	1	1	360
24529	11007	360	1	1	360
24531	11012	360	1	1	360
24533	11017	360	1	1	360
31181	7924	120	3	270	360
31436	7808	120	3	270	360
31560	7855	120	3	267	360
31831	33928	30	12	744	360
31900	33928	15	24	1488	360
31941	33958	30	12	744	360
32010	33958	15	24	1488	360
32051	33988	30	12	552	360
32120	33988	15	24	1104	360
24476	10910	359	1	1	359
9839	6042	357	1	1	357
28070	21444	357	1	1	357
9499	6042	178	2	2	356
24484	10910	356	1	1	356
28385	21444	353	1	1	353
3622	3363	176	2	2	352
3623	3364	176	2	2	352
3624	3365	176	2	2	352
4610	4016	352	1	1	352
5256	5462	352	1	1	352
12362	6194	352	1	1	352
20584	8065	176	2	2	352
21778	7206	352	1	1	352
21779	7207	352	1	1	352
21780	7208	352	1	1	352
21799	7229	352	1	1	352
21800	7230	352	1	1	352
21801	7231	352	1	1	352
23732	8402	352	1	1	352
24410	10768	352	1	1	352
35561	44649	352	1	1	352
36540	47646	176	2	2	352
3652	3363	348	1	1	348
3653	3364	348	1	1	348
3654	3365	348	1	1	348
4456	3752	348	1	1	348
4457	3753	348	1	1	348
4458	3754	348	1	1	348
8573	6042	174	2	2	348
9513	6042	347	1	1	347
9991	6042	345	1	1	345
4272	3823	8	43	43	344
13877	7209	344	1	1	344
13878	7210	344	1	1	344
13879	7211	344	1	1	344
13883	7267	344	1	1	344
13884	7268	344	1	1	344
13885	7212	344	1	1	344
13902	7232	344	1	1	344
13903	7233	344	1	1	344
13904	7234	344	1	1	344
13905	7270	344	1	1	344
13906	7271	344	1	1	344
13907	7235	344	1	1	344
24542	11039	344	1	1	344
26589	20471	344	1	1	344
6963	6042	114	3	3	342
4462	3752	340	1	1	340
4463	3753	340	1	1	340
4464	3754	340	1	1	340
8311	6042	68	5	5	340
19550	7209	68	5	5	340
19551	7210	68	5	5	340
19552	7211	68	5	5	340
19553	7267	68	5	5	340
19554	7268	68	5	5	340
19555	7212	68	5	5	340
19569	7232	68	5	5	340
19570	7233	68	5	5	340
19571	7234	68	5	5	340
19572	7270	68	5	5	340
19573	7271	68	5	5	340
19574	7235	68	5	5	340
29242	25384	5	68	68	340
28393	21444	338	1	1	338
4126	3773	48	7	7	336
4129	3778	16	21	37	336
4182	3814	8	42	42	336
4479	3784	168	2	2	336
4480	3785	168	2	2	336
5925	6042	84	4	4	336
15925	7267	168	2	2	336
15946	7270	168	2	2	336
16001	7313	336	1	1	336
16019	7315	336	1	1	336
17000	7206	168	2	2	336
17001	7207	168	2	2	336
17002	7208	168	2	2	336
17017	7229	168	2	2	336
17018	7230	168	2	2	336
17019	7231	168	2	2	336
24472	10910	336	1	1	336
24505	10943	336	1	1	336
24506	10944	336	1	1	336
24539	11032	336	1	1	336
32169	34025	12	28	1008	336
10118	6060	37	9	9	333
4447	3752	332	1	1	332
4448	3753	332	1	1	332
4449	3754	332	1	1	332
8137	6042	331	1	1	331
10426	6060	15	22	22	330
9273	6042	329	1	1	329
4430	3752	328	1	1	328
4431	3753	328	1	1	328
4432	3754	328	1	1	328
18361	7267	328	1	1	328
18379	7270	328	1	1	328
21077	7313	328	1	1	328
21092	7315	328	1	1	328
22364	7268	328	1	1	328
22380	7271	328	1	1	328
9745	6042	326	1	1	326
28077	21444	326	1	1	326
8233	6042	162	2	2	324
31830	33926	12	27	1674	324
31940	33956	12	27	1674	324
32050	33986	12	27	1242	324
28242	21444	323	1	1	323
4352	3784	160	2	2	320
4353	3785	160	2	2	320
4608	4011	320	1	1	320
5604	5813	16	20	20	320
12070	6062	320	1	1	320
12071	6063	320	1	1	320
12072	6064	320	1	1	320
12073	6065	320	1	1	320
14104	7206	64	5	5	320
14105	7207	64	5	5	320
14106	7208	64	5	5	320
14129	7229	64	5	5	320
14130	7230	64	5	5	320
14131	7231	64	5	5	320
18308	7267	320	1	1	320
18326	7270	320	1	1	320
21078	7268	320	1	1	320
21091	7271	320	1	1	320
32783	32767	20	16	42	320
32785	32778	20	16	3161	320
32787	32791	20	16	3161	320
32790	32796	20	16	3103	320
32796	32804	20	16	3103	320
32837	6977	20	16	122579	320
31151	7920	29	11	990	319
31406	7804	29	11	990	319
31530	7851	29	11	979	319
4375	3752	316	1	1	316
4376	3753	316	1	1	316
4377	3754	316	1	1	316
8127	6042	316	1	1	316
9237	6042	105	3	3	315
10233	6060	35	9	9	315
10397	6060	63	5	5	315
8801	6042	313	1	1	313
3592	3363	156	2	2	312
3593	3364	156	2	2	312
3594	3365	156	2	2	312
4012	3606	8	39	39	312
4013	3607	8	39	39	312
15413	7267	312	1	1	312
15434	7270	312	1	1	312
23115	7206	312	1	1	312
23116	7207	312	1	1	312
23117	7208	312	1	1	312
23130	7229	312	1	1	312
23131	7230	312	1	1	312
23132	7231	312	1	1	312
31109	7920	26	12	1080	312
31364	7804	26	12	1080	312
31488	7851	26	12	1068	312
4055	3661	4	77	77	308
6951	6042	154	2	2	308
7055	6042	77	4	4	308
10377	6060	22	14	14	308
31862	33928	44	7	434	308
31972	33958	44	7	434	308
32082	33988	44	7	322	308
10113	6060	51	6	6	306
10364	6060	17	18	18	306
4519	3871	8	38	38	304
4732	4341	304	1	11271	304
5623	5813	304	1	1	304
28133	21444	304	1	1	304
31930	33928	16	19	1178	304
32040	33958	16	19	1178	304
32151	33988	16	19	874	304
8015	6042	303	1	1	303
10222	6060	43	7	7	301
31156	33016	7	43	3870	301
31411	33162	7	43	3870	301
31535	33231	7	43	3827	301
4226	3752	300	1	1	300
4227	3753	300	1	1	300
4228	3754	300	1	1	300
6205	6042	300	1	1	300
10116	6060	25	12	12	300
11765	6062	300	1	1	300
11766	6063	300	1	1	300
11767	6064	300	1	1	300
11768	6065	300	1	1	300
25721	16762	30	10	10	300
27471	22079	60	5	5	300
4039	3636	8	37	103	296
17588	7209	296	1	1	296
17589	7210	296	1	1	296
17590	7211	296	1	1	296
17591	7267	296	1	1	296
17592	7212	296	1	1	296
17609	7232	296	1	1	296
17610	7233	296	1	1	296
17611	7234	296	1	1	296
17612	7270	296	1	1	296
17613	7235	296	1	1	296
6847	6042	98	3	3	294
7045	6042	73	4	4	292
17056	7206	292	1	1	292
17057	7207	292	1	1	292
17058	7208	292	1	1	292
17075	7229	292	1	1	292
17076	7230	292	1	1	292
17077	7231	292	1	1	292
3735	3449	16	18	18	288
4113	3752	4	72	72	288
4114	3753	4	72	72	288
4115	3754	4	72	72	288
5611	5813	32	9	9	288
10446	6060	32	9	9	288
14435	7264	96	3	3	288
14436	7265	96	3	3	288
14437	7266	96	3	3	288
14451	7272	96	3	3	288
14452	7273	96	3	3	288
14453	7274	96	3	3	288
16002	7314	288	1	1	288
16020	7316	288	1	1	288
17004	7304	288	1	1	288
17020	7305	288	1	1	288
24605	11210	288	1	1	288
28034	22079	48	6	6	288
31329	33095	288	1	1	288
31849	33932	8	36	2232	288
31959	33962	8	36	2232	288
32069	33992	8	36	1656	288
32176	34028	8	36	1296	288
9827	6042	287	1	1	287
31876	33928	41	7	434	287
31986	33958	41	7	434	287
32096	33988	41	7	322	287
6709	6042	143	2	2	286
28209	21444	286	1	1	286
8107	6042	94	3	3	282
9601	6042	282	1	1	282
3771	3465	7	40	40	280
4016	3606	10	28	28	280
4017	3607	10	28	28	280
4314	3752	140	2	2	280
4315	3753	140	2	2	280
4316	3754	140	2	2	280
4438	3752	280	1	1	280
4439	3753	280	1	1	280
4440	3754	280	1	1	280
6983	6042	140	2	2	280
10504	6058	20	14	14	280
27148	21628	35	8	8	280
27161	21699	35	8	8	280
34459	41468	56	5	11	280
4372	3752	92	3	3	276
4373	3753	92	3	3	276
4374	3754	92	3	3	276
4468	3752	276	1	1	276
4469	3753	276	1	1	276
4470	3754	276	1	1	276
7291	6042	92	3	3	276
10309	6060	23	12	12	276
16295	7206	276	1	1	276
16296	7207	276	1	1	276
16297	7208	276	1	1	276
16310	7229	276	1	1	276
16311	7230	276	1	1	276
16312	7231	276	1	1	276
19963	7804	13	21	1892	273
20013	7851	13	21	1871	273
20071	7920	13	21	1892	273
5645	5841	16	17	17	272
6995	6042	136	2	2	272
10208	6060	34	8	8	272
16254	7209	136	2	2	272
16255	7210	136	2	2	272
16256	7211	136	2	2	272
16257	7267	136	2	2	272
16258	7212	136	2	2	272
16272	7232	136	2	2	272
16273	7233	136	2	2	272
16274	7234	136	2	2	272
16275	7270	136	2	2	272
16276	7235	136	2	2	272
23754	8480	272	1	1	272
24388	10706	272	1	1	272
24425	10817	272	1	1	272
6265	6042	268	1	1	268
28112	21444	268	1	1	268
27697	21628	38	7	7	266
27721	21699	38	7	7	266
31832	33926	14	19	1178	266
31942	33956	14	19	1178	266
32052	33986	14	19	874	266
32170	34025	14	19	684	266
9339	6042	265	1	1	265
3368	3218	264	1	1	264
4298	3752	12	22	22	264
4299	3753	12	22	22	264
4300	3754	12	22	22	264
9445	6042	264	1	1	264
14369	7206	132	2	2	264
14370	7207	132	2	2	264
14371	7208	132	2	2	264
14393	7229	132	2	2	264
14394	7230	132	2	2	264
14395	7231	132	2	2	264
22553	7267	264	1	1	264
22570	7270	264	1	1	264
24401	10746	264	1	1	264
24656	11349	264	1	1	264
25361	15011	264	1	1	264
28338	23241	88	3	3	264
29449	26002	264	1	14	264
32349	34616	264	1	33	264
32361	34673	264	1	30	264
39566	59095	264	1	1	264
7231	6042	263	1	1	263
28129	21444	262	1	1	262
4336	3752	260	1	1	260
4337	3753	260	1	1	260
4338	3754	260	1	1	260
19947	7804	20	13	1171	260
19997	7851	20	13	1158	260
20055	7920	20	13	1171	260
9771	6042	259	1	1	259
4279	3827	32	8	8	256
4317	3752	128	2	2	256
4318	3753	128	2	2	256
4319	3754	128	2	2	256
4388	3783	256	1	1	256
4441	3752	256	1	1	256
4442	3753	256	1	1	256
4443	3754	256	1	1	256
5151	5351	256	1	1	256
5655	5841	64	4	4	256
13880	7264	64	4	4	256
13881	7265	64	4	4	256
13882	7266	64	4	4	256
13908	7272	64	4	4	256
13909	7273	64	4	4	256
13910	7274	64	4	4	256
15701	7206	256	1	1	256
15702	7207	256	1	1	256
15703	7208	256	1	1	256
15720	7229	256	1	1	256
15721	7230	256	1	1	256
15722	7231	256	1	1	256
16978	7614	256	1	1	256
16979	7618	256	1	1	256
17962	7264	128	2	2	256
17963	7265	128	2	2	256
17964	7266	128	2	2	256
17990	7272	128	2	2	256
17991	7273	128	2	2	256
17992	7274	128	2	2	256
22258	7268	256	1	1	256
22271	7271	256	1	1	256
24567	11113	256	1	1	256
24660	11359	256	1	1	256
24661	11361	256	1	1	256
24665	11371	256	1	1	256
24670	11391	256	1	1	256
29480	26099	128	2	78	256
31327	33092	256	1	1	256
37152	32959	256	1	57	256
37163	33105	256	1	57	256
37176	33174	256	1	57	256
38808	53304	256	1	1	256
8143	6042	255	1	1	255
32182	34025	17	15	540	255
10288	6060	36	7	7	252
10344	6060	21	12	12	252
19944	7804	25	10	901	250
19994	7851	25	10	891	250
20052	7920	25	10	901	250
4130	3752	8	31	31	248
4131	3753	8	31	31	248
4132	3754	8	31	31	248
18837	7206	248	1	1	248
18838	7207	248	1	1	248
18839	7208	248	1	1	248
18853	7229	248	1	1	248
18854	7230	248	1	1	248
18855	7231	248	1	1	248
27725	21444	248	1	1	248
28603	22079	62	4	4	248
31155	7920	31	8	720	248
31410	7804	31	8	720	248
31534	7851	31	8	712	248
10569	6058	41	6	6	246
24470	10910	245	1	1	245
4633	4087	244	1	1	244
4635	4092	244	1	1	244
12190	6060	61	4	4	244
13611	7206	244	1	1	244
13612	7207	244	1	1	244
13613	7208	244	1	1	244
13630	7229	244	1	1	244
13631	7230	244	1	1	244
13632	7231	244	1	1	244
27810	21444	243	1	1	243
31843	33928	9	27	1674	243
31953	33958	9	27	1674	243
32063	33988	9	27	1242	243
4268	3771	12	20	20	240
4269	3772	12	20	20	240
4552	3897	240	1	1	240
7171	6042	120	2	2	240
9337	6042	60	4	4	240
10234	6060	20	12	12	240
13304	7264	120	2	2	240
13305	7265	120	2	2	240
13306	7266	120	2	2	240
13332	7272	120	2	2	240
13333	7273	120	2	2	240
13334	7274	120	2	2	240
17681	7267	240	1	1	240
17699	7270	240	1	1	240
17796	7272	40	6	6	240
17797	7273	40	6	6	240
17798	7274	40	6	6	240
18840	7268	240	1	1	240
18856	7271	240	1	1	240
19073	7206	48	5	5	240
19074	7207	48	5	5	240
19075	7208	48	5	5	240
19094	7229	48	5	5	240
19095	7230	48	5	5	240
19096	7231	48	5	5	240
19943	7804	30	8	722	240
19993	7851	30	8	714	240
20051	7920	30	8	722	240
21318	7209	120	2	2	240
21319	7210	120	2	2	240
21320	7211	120	2	2	240
21322	7212	120	2	2	240
21336	7232	120	2	2	240
21337	7233	120	2	2	240
21338	7234	120	2	2	240
21340	7235	120	2	2	240
23729	8392	240	1	1	240
24523	10988	240	1	1	240
27777	22079	40	6	6	240
31096	32986	120	2	596	240
31351	33132	120	2	596	240
31475	33201	120	2	594	240
31841	33932	6	40	2480	240
31918	33928	60	4	248	240
31951	33962	6	40	2480	240
32028	33958	60	4	248	240
32061	33992	6	40	1840	240
32139	33988	60	4	184	240
32174	34028	6	40	1440	240
31113	7922	34	7	630	238
31368	7806	34	7	630	238
31492	7853	34	7	623	238
4444	3752	236	1	1	236
4445	3753	236	1	1	236
4446	3754	236	1	1	236
8297	6042	59	4	4	236
8363	6042	118	2	2	236
18625	7264	236	1	1	236
18626	7265	236	1	1	236
18627	7266	236	1	1	236
18650	7272	236	1	1	236
18651	7273	236	1	1	236
18652	7274	236	1	1	236
3935	3536	2	117	117	234
3936	3537	2	117	117	234
4482	3835	232	1	1	232
14793	7267	232	1	1	232
14794	7268	232	1	1	232
14811	7270	232	1	1	232
14812	7271	232	1	1	232
24636	11290	232	1	1	232
6945	6042	46	5	5	230
17059	7209	228	1	1	228
17060	7210	228	1	1	228
17061	7211	228	1	1	228
17062	7212	228	1	1	228
17078	7232	228	1	1	228
17079	7233	228	1	1	228
17080	7234	228	1	1	228
17081	7235	228	1	1	228
19957	7804	12	19	1712	228
20007	7851	12	19	1693	228
20065	7920	12	19	1712	228
3655	3363	224	1	1	224
3656	3364	224	1	1	224
3657	3365	224	1	1	224
5589	5813	112	2	2	224
5612	5813	224	1	1	224
5661	5841	56	4	4	224
18305	7264	32	7	7	224
18306	7265	32	7	7	224
18307	7266	32	7	7	224
18328	7272	32	7	7	224
18329	7273	32	7	7	224
18330	7274	32	7	7	224
18679	7209	112	2	2	224
18680	7210	112	2	2	224
18681	7211	112	2	2	224
18682	7267	112	2	2	224
18684	7212	112	2	2	224
18697	7232	112	2	2	224
18698	7233	112	2	2	224
18699	7234	112	2	2	224
18700	7270	112	2	2	224
18702	7235	112	2	2	224
24394	10728	224	1	1	224
24435	10831	224	1	1	224
24620	11250	224	1	1	224
24624	11261	224	1	1	224
24630	11278	224	1	1	224
25717	16762	28	8	8	224
10398	6060	74	3	3	222
28982	25092	10	22	585362	220
27948	21444	217	1	1	217
3658	3363	216	1	1	216
3659	3364	216	1	1	216
3660	3365	216	1	1	216
8237	6042	72	3	3	216
12444	6378	216	1	3	216
12445	6380	216	1	3	216
19951	7806	6	36	3264	216
20001	7853	6	36	3228	216
20059	7922	6	36	3264	216
20981	7206	216	1	1	216
20982	7207	216	1	1	216
20983	7208	216	1	1	216
21000	7229	216	1	1	216
21001	7230	216	1	1	216
21002	7231	216	1	1	216
22427	7209	216	1	1	216
22428	7210	216	1	1	216
22429	7211	216	1	1	216
22430	7212	216	1	1	216
22443	7232	216	1	1	216
22444	7233	216	1	1	216
22445	7234	216	1	1	216
22446	7235	216	1	1	216
28598	22079	72	3	3	216
27329	21628	43	5	5	215
27350	21699	43	5	5	215
7299	6042	71	3	3	213
8535	6042	213	1	1	213
4611	4019	212	1	1	212
10111	6058	53	4	4	212
28550	21444	211	1	1	211
7057	6042	70	3	3	210
27994	21628	42	5	5	210
28010	21699	42	5	5	210
28594	22079	70	3	3	210
31190	7920	21	10	900	210
31445	7804	21	10	900	210
31569	7851	21	10	890	210
31899	33928	35	6	372	210
32009	33958	35	6	372	210
32119	33988	35	6	276	210
10096	6060	11	19	19	209
32183	34025	11	19	684	209
4249	3752	104	2	2	208
4250	3753	104	2	2	208
4251	3754	104	2	2	208
4404	3752	52	4	4	208
4405	3753	52	4	4	208
4406	3754	52	4	4	208
5600	5813	8	26	26	208
5619	5813	104	2	2	208
22462	7209	104	2	2	208
22463	7210	104	2	2	208
22464	7211	104	2	2	208
22465	7267	104	2	2	208
22466	7212	104	2	2	208
22480	7232	104	2	2	208
22481	7233	104	2	2	208
22482	7234	104	2	2	208
22483	7270	104	2	2	208
22484	7235	104	2	2	208
23262	7206	208	1	1	208
23263	7207	208	1	1	208
23264	7208	208	1	1	208
23277	7229	208	1	1	208
23278	7230	208	1	1	208
23279	7231	208	1	1	208
24565	11107	208	1	1	208
8517	6042	103	2	2	206
7227	6042	41	5	5	205
4307	3752	204	1	1	204
4308	3753	204	1	1	204
4309	3754	204	1	1	204
4493	3840	3	68	68	204
6583	6042	203	1	1	203
28115	21444	203	1	1	203
6319	6042	101	2	2	202
4410	3784	100	2	2	200
4411	3785	100	2	2	200
4418	3752	100	2	2	200
4419	3753	100	2	2	200
4420	3754	100	2	2	200
4508	3849	200	1	1	200
5313	5553	200	1	1	200
5314	5554	200	1	1	200
5315	5555	200	1	1	200
5586	5813	40	5	5	200
6969	6042	40	5	5	200
7243	6042	50	4	4	200
17778	7264	40	5	5	200
17779	7265	40	5	5	200
17780	7266	40	5	5	200
27783	21628	40	5	5	200
27807	21699	40	5	5	200
28299	21444	200	1	1	200
31888	33944	40	5	310	200
31998	33974	40	5	310	200
32108	34004	40	5	230	200
9829	6042	199	1	1	199
9325	6042	198	1	1	198
27397	21628	33	6	6	198
27421	21699	33	6	6	198
8857	6042	197	1	1	197
23356	7264	196	1	1	196
23357	7265	196	1	1	196
23358	7266	196	1	1	196
23382	7272	196	1	1	196
23383	7273	196	1	1	196
23384	7274	196	1	1	196
27912	21628	49	4	4	196
27929	21699	49	4	4	196
3817	3465	5	39	39	195
7897	6042	65	3	3	195
31880	33928	39	5	310	195
31990	33958	39	5	310	195
32100	33988	39	5	230	195
3802	3465	4	48	48	192
4216	3752	48	4	4	192
4217	3753	48	4	4	192
4218	3754	48	4	4	192
4330	3752	192	1	1	192
4331	3753	192	1	1	192
4332	3754	192	1	1	192
5090	5190	192	1	11271	192
5605	5813	24	8	8	192
5614	5813	48	4	4	192
14107	7209	96	2	2	192
14108	7210	96	2	2	192
14109	7211	96	2	2	192
14113	7267	96	2	2	192
14115	7212	96	2	2	192
14132	7232	96	2	2	192
14133	7233	96	2	2	192
14134	7234	96	2	2	192
14135	7270	96	2	2	192
14137	7235	96	2	2	192
15749	7206	192	1	1	192
15750	7207	192	1	1	192
15751	7208	192	1	1	192
15764	7229	192	1	1	192
15765	7230	192	1	1	192
15766	7231	192	1	1	192
21161	7209	192	1	1	192
21162	7210	192	1	1	192
21163	7211	192	1	1	192
21164	7267	192	1	1	192
21165	7268	192	1	1	192
21166	7212	192	1	1	192
21180	7232	192	1	1	192
21181	7233	192	1	1	192
21182	7234	192	1	1	192
21183	7270	192	1	1	192
21184	7271	192	1	1	192
21185	7235	192	1	1	192
21608	7264	192	1	1	192
21609	7265	192	1	1	192
21610	7266	192	1	1	192
21636	7272	192	1	1	192
21637	7273	192	1	1	192
21638	7274	192	1	1	192
24552	11068	192	1	1	192
24555	11074	192	1	1	192
24654	11345	192	1	1	192
24659	11357	192	1	1	192
24664	11369	192	1	1	192
24711	11520	192	1	1	192
24717	11545	192	1	1	192
24752	11623	192	1	1	192
24965	12930	192	1	1	192
25391	15072	192	1	1	192
27634	22982	192	1	1	192
27648	23028	192	1	1	192
28375	23891	192	1	1	192
29438	25968	192	1	1	192
31121	7924	48	4	360	192
31161	7926	12	16	1440	192
31162	7927	12	16	1440	192
31376	7808	48	4	360	192
31416	7810	12	16	1440	192
31417	7811	12	16	1440	192
31500	7855	48	4	356	192
31540	7857	12	16	1424	192
31541	7858	12	16	1424	192
33359	37696	192	1	2	192
33491	38134	192	1	1	192
38352	53553	192	1	1	192
38357	53570	192	1	1	192
39083	56903	192	1	1	192
39142	57133	192	1	1	192
39158	57202	192	1	1	192
39174	57261	192	1	1	192
39561	59077	192	1	1	192
31898	33928	38	5	310	190
32008	33958	38	5	310	190
32118	33988	38	5	230	190
4342	3752	188	1	1	188
4343	3753	188	1	1	188
4344	3754	188	1	1	188
7183	6042	47	4	4	188
21477	7206	188	1	1	188
21478	7207	188	1	1	188
21479	7208	188	1	1	188
21481	7229	188	1	1	188
21482	7230	188	1	1	188
21483	7231	188	1	1	188
27286	21628	47	4	4	188
27299	21699	47	4	4	188
28254	22079	47	4	4	188
31848	33928	17	11	682	187
31958	33958	17	11	682	187
32068	33988	17	11	506	187
10335	6060	31	6	6	186
6269	6042	37	5	5	185
27196	21628	37	5	5	185
27224	21699	37	5	5	185
14378	7267	184	1	1	184
14399	7270	184	1	1	184
28089	21628	46	4	4	184
28109	21699	46	4	4	184
31129	7920	23	8	720	184
31384	7804	23	8	720	184
31508	7851	23	8	712	184
8299	6042	61	3	3	183
31134	7922	13	14	1260	182
31389	7806	13	14	1260	182
31513	7853	13	14	1246	182
32178	34025	13	14	504	182
3561	3363	12	15	15	180
3562	3364	12	15	15	180
3563	3365	12	15	15	180
4401	3752	180	1	1	180
4402	3753	180	1	1	180
4403	3754	180	1	1	180
4501	3840	20	9	9	180
5258	5466	180	1	1	180
8173	6042	180	1	1	180
21672	7206	180	1	1	180
21673	7207	180	1	1	180
21674	7208	180	1	1	180
21688	7229	180	1	1	180
21689	7230	180	1	1	180
21690	7231	180	1	1	180
25387	15057	180	1	1	180
282	577	176	1	1	176
4381	3752	176	1	1	176
4382	3753	176	1	1	176
4383	3754	176	1	1	176
4387	3831	16	11	11	176
10352	6058	16	11	11	176
12583	6605	16	11	31	176
14054	7264	44	4	4	176
14055	7265	44	4	4	176
14056	7266	44	4	4	176
14077	7272	44	4	4	176
14078	7273	44	4	4	176
14079	7274	44	4	4	176
19458	7206	88	2	2	176
19459	7207	88	2	2	176
19460	7208	88	2	2	176
19480	7229	88	2	2	176
19481	7230	88	2	2	176
19482	7231	88	2	2	176
31868	33926	11	16	992	176
31978	33956	11	16	992	176
32088	33986	11	16	736	176
3769	3465	6	29	29	174
28443	22079	58	3	3	174
12010	6058	173	1	1	173
9341	6042	43	4	4	172
18965	7206	172	1	1	172
18966	7207	172	1	1	172
18967	7208	172	1	1	172
18980	7229	172	1	1	172
18981	7230	172	1	1	172
18982	7231	172	1	1	172
27324	22079	43	4	4	172
31867	33926	17	10	620	170
31977	33956	17	10	620	170
32087	33986	17	10	460	170
6941	6042	169	1	1	169
10425	6060	13	13	13	169
36624	47749	13	13	39	169
36721	47858	13	13	39	169
36822	47970	13	13	39	169
4246	3752	168	1	1	168
4247	3753	168	1	1	168
4248	3754	168	1	1	168
4301	3752	56	3	3	168
4302	3753	56	3	3	168
4303	3754	56	3	3	168
5142	5320	168	1	1	168
5608	5813	56	3	3	168
11643	6060	28	6	6	168
17003	7313	168	1	1	168
17021	7315	168	1	1	168
21846	7268	168	1	1	168
21860	7271	168	1	1	168
24485	10916	168	1	1	168
24688	11441	168	1	1	168
28026	22079	56	3	3	168
30109	29072	168	1	686	168
30182	29390	168	1	686	168
30197	29406	168	1	686	168
30213	29422	168	1	11056	168
30221	29430	168	1	11056	168
32197	34033	24	7	170	168
27814	21444	167	1	1	167
9405	6042	55	3	3	165
4407	3752	164	1	1	164
4408	3753	164	1	1	164
4409	3754	164	1	1	164
14577	7209	164	1	1	164
14578	7210	164	1	1	164
14579	7211	164	1	1	164
14580	7212	164	1	1	164
14596	7232	164	1	1	164
14597	7233	164	1	1	164
14598	7234	164	1	1	164
14599	7235	164	1	1	164
27869	21628	41	4	4	164
27887	21699	41	4	4	164
10363	6060	27	6	6	162
11373	6058	18	9	9	162
12253	6060	54	3	3	162
6939	6042	161	1	1	161
3438	3258	160	1	1	160
4127	3774	40	4	4	160
4521	3873	8	20	20	160
5089	5187	160	1	11271	160
7153	6042	80	2	2	160
10393	6060	16	10	10	160
13053	7064	160	1	11260	160
13234	7264	80	2	2	160
13235	7265	80	2	2	160
13236	7266	80	2	2	160
13262	7272	80	2	2	160
13263	7273	80	2	2	160
13264	7274	80	2	2	160
14375	7264	160	1	1	160
14376	7265	160	1	1	160
14377	7266	160	1	1	160
14401	7272	160	1	1	160
14402	7273	160	1	1	160
14403	7274	160	1	1	160
16716	7477	160	1	11254	160
17104	7209	80	2	2	160
17105	7210	80	2	2	160
17106	7211	80	2	2	160
17107	7212	80	2	2	160
17120	7232	80	2	2	160
17121	7233	80	2	2	160
17122	7234	80	2	2	160
17123	7235	80	2	2	160
17905	7268	160	1	1	160
17918	7271	160	1	1	160
19965	7804	2	80	7202	160
20015	7851	2	80	7122	160
20073	7920	2	80	7202	160
24456	10881	160	1	1	160
24504	10941	160	1	1	160
24537	11026	160	1	1	160
31130	7920	16	10	900	160
31385	7804	16	10	900	160
31509	7851	16	10	890	160
31895	33928	40	4	248	160
32005	33958	40	4	248	160
32115	33988	40	4	184	160
4346	3752	156	1	1	156
4347	3753	156	1	1	156
4348	3754	156	1	1	156
5947	6042	78	2	2	156
8073	6042	52	3	3	156
10763	6060	39	4	4	156
17639	7206	156	1	1	156
17640	7207	156	1	1	156
17641	7208	156	1	1	156
17655	7229	156	1	1	156
17656	7230	156	1	1	156
17657	7231	156	1	1	156
19148	7264	52	3	3	156
19149	7265	52	3	3	156
19150	7266	52	3	3	156
19164	7272	52	3	3	156
19165	7273	52	3	3	156
19166	7274	52	3	3	156
20160	7951	13	12	12	156
27582	21628	39	4	4	156
27598	21699	39	4	4	156
31853	33940	4	39	2418	156
31854	33926	13	12	744	156
31908	33928	52	3	186	156
31963	33970	4	39	2418	156
31964	33956	13	12	744	156
32018	33958	52	3	186	156
32073	34000	4	39	1794	156
32074	33986	13	12	552	156
32128	33988	52	3	138	156
10642	6058	77	2	2	154
4398	3752	152	1	1	152
4399	3753	152	1	1	152
4400	3754	152	1	1	152
9653	6042	76	2	2	152
10764	6060	19	8	8	152
14526	7206	152	1	1	152
14527	7207	152	1	1	152
14528	7208	152	1	1	152
14545	7229	152	1	1	152
14546	7230	152	1	1	152
14547	7231	152	1	1	152
17448	7209	152	1	1	152
17449	7210	152	1	1	152
17450	7211	152	1	1	152
17451	7267	152	1	1	152
17452	7212	152	1	1	152
17466	7232	152	1	1	152
17467	7233	152	1	1	152
17468	7234	152	1	1	152
17469	7270	152	1	1	152
17470	7235	152	1	1	152
19461	7209	76	2	2	152
19462	7210	76	2	2	152
19463	7211	76	2	2	152
19464	7267	76	2	2	152
19465	7268	76	2	2	152
19466	7212	76	2	2	152
19483	7232	76	2	2	152
19484	7233	76	2	2	152
19485	7234	76	2	2	152
19486	7270	76	2	2	152
19487	7271	76	2	2	152
19488	7235	76	2	2	152
24408	10763	152	1	1	152
24429	10822	152	1	1	152
24652	11339	152	1	1	152
24653	11342	152	1	1	152
24657	11351	152	1	1	152
24658	11354	152	1	1	152
24662	11363	152	1	1	152
24663	11366	152	1	1	152
24747	11611	152	1	1	152
24754	11626	152	1	1	152
27691	22079	38	4	4	152
31104	7920	19	8	720	152
31359	7804	19	8	720	152
31483	7851	19	8	712	152
31850	33934	4	38	2356	152
31960	33964	4	38	2356	152
32070	33994	4	38	1748	152
31128	7920	15	10	900	150
31383	7804	15	10	900	150
31507	7851	15	10	890	150
4565	3925	148	1	1	148
4594	3980	148	1	1	148
4597	3987	148	1	1	148
4630	4081	148	1	1	148
10206	6058	37	4	4	148
12348	6162	148	1	1	148
25357	15004	148	1	1	148
25390	15069	148	1	1	148
25394	15082	148	1	1	148
6047	6042	49	3	3	147
31871	33936	21	7	434	147
31981	33966	21	7	434	147
32091	33996	21	7	322	147
10396	6060	73	2	2	146
10428	6060	29	5	5	145
3943	3542	16	9	9	144
5134	5305	144	1	1	144
5641	5841	12	12	12	144
10209	6060	24	6	6	144
10806	6060	48	3	3	144
12845	6874	12	12	12	144
13043	7037	144	1	11260	144
13575	7264	144	1	1	144
13576	7265	144	1	1	144
13577	7266	144	1	1	144
13595	7272	144	1	1	144
13596	7273	144	1	1	144
13597	7274	144	1	1	144
14183	7267	144	1	1	144
14184	7268	144	1	1	144
14205	7270	144	1	1	144
14206	7271	144	1	1	144
23725	8382	144	1	1	144
24521	10983	144	1	1	144
26435	19819	72	2	2	144
28039	21628	48	3	3	144
28067	21699	48	3	3	144
29520	26245	24	6	26	144
31115	7922	36	4	360	144
31194	7920	36	4	360	144
31195	7920	24	6	540	144
31370	7806	36	4	360	144
31449	7804	36	4	360	144
31450	7804	24	6	540	144
31494	7853	36	4	356	144
31573	7851	36	4	356	144
31574	7851	24	6	534	144
31856	33938	48	3	186	144
31966	33968	48	3	186	144
32076	33998	48	3	138	144
9335	6042	141	1	1	141
10453	6058	47	3	3	141
10287	6060	14	10	10	140
15780	7264	140	1	1	140
15781	7265	140	1	1	140
15782	7266	140	1	1	140
15808	7272	140	1	1	140
15809	7273	140	1	1	140
15810	7274	140	1	1	140
27834	23241	70	2	2	140
31929	33944	35	4	248	140
32039	33974	35	4	248	140
32150	34004	35	4	184	140
9571	6042	69	2	2	138
10395	6060	46	3	3	138
4154	3791	8	17	21	136
4310	3752	68	2	2	136
4311	3753	68	2	2	136
4312	3754	68	2	2	136
10342	6058	34	4	4	136
12564	6556	136	1	1	136
14309	7264	136	1	1	136
14310	7265	136	1	1	136
14311	7266	136	1	1	136
14335	7272	136	1	1	136
14336	7273	136	1	1	136
14337	7274	136	1	1	136
19958	7804	17	8	721	136
20008	7851	17	8	713	136
20066	7920	17	8	721	136
21099	7268	136	1	1	136
21115	7271	136	1	1	136
23753	8476	136	1	1	136
24524	10991	136	1	1	136
24596	11182	136	1	1	136
28439	22079	68	2	2	136
32181	34025	8	17	612	136
10755	6058	27	5	5	135
3356	3200	134	1	1	134
8117	6042	67	2	2	134
3378	3222	132	1	1	132
4427	3752	132	1	1	132
4428	3753	132	1	1	132
4429	3754	132	1	1	132
10360	6058	44	3	3	132
12843	6874	11	12	12	132
28030	22079	66	2	2	132
31107	7920	11	12	1080	132
31362	7804	11	12	1080	132
31486	7851	11	12	1068	132
12840	6874	13	10	10	130
29013	25110	10	13	12151	130
29047	25136	10	13	12151	130
29066	25153	10	13	12100	130
30261	29464	10	13	12086	130
4022	3597	8	16	16	128
4736	4349	128	1	11271	128
5092	5199	128	1	11271	128
5143	5325	128	1	1	128
5606	5813	64	2	2	128
17393	7209	128	1	1	128
17394	7210	128	1	1	128
17395	7211	128	1	1	128
17396	7267	128	1	1	128
17397	7268	128	1	1	128
17398	7212	128	1	1	128
17415	7232	128	1	1	128
17416	7233	128	1	1	128
17417	7234	128	1	1	128
17418	7270	128	1	1	128
17419	7271	128	1	1	128
17420	7235	128	1	1	128
19350	7206	128	1	1	128
19351	7207	128	1	1	128
19352	7208	128	1	1	128
19365	7229	128	1	1	128
19366	7230	128	1	1	128
19367	7231	128	1	1	128
24418	10801	128	1	1	128
24550	11063	128	1	1	128
24569	11119	128	1	1	128
24578	11139	128	1	1	128
24594	11178	128	1	1	128
24601	11195	128	1	1	128
24613	11233	128	1	1	128
24673	11397	128	1	1	128
27984	21444	128	1	1	128
31131	7922	16	8	720	128
31386	7806	16	8	720	128
31510	7853	16	8	712	128
32350	34618	128	1	33	128
32362	34675	128	1	56	128
39567	59097	128	1	1	128
39569	59106	128	1	1	128
3472	3287	127	1	1	127
10345	6060	18	7	7	126
10785	6060	42	3	3	126
20162	7951	14	9	9	126
23525	8241	7	18	176296	126
31089	32970	7	18	1304	126
31099	32995	7	18	1308	126
31138	7922	14	9	810	126
31145	33009	7	18	1304	126
31344	33116	7	18	1304	126
31354	33141	7	18	1308	126
31393	7806	14	9	810	126
31400	33155	7	18	1304	126
31468	33185	7	18	1282	126
31478	33210	7	18	1286	126
31517	7853	14	9	801	126
31524	33224	7	18	1282	126
31592	33240	7	18	1251	126
36632	47749	14	9	27	126
36729	47858	14	9	27	126
36830	47970	14	9	27	126
10577	6058	25	5	5	125
28675	21444	125	1	1	125
8097	6042	62	2	2	124
17031	7206	124	1	1	124
17032	7207	124	1	1	124
17033	7208	124	1	1	124
17046	7229	124	1	1	124
17047	7230	124	1	1	124
17048	7231	124	1	1	124
6671	6042	123	1	1	123
3945	3532	120	1	1	120
4156	3795	8	15	20	120
5613	5813	120	1	1	120
5689	5871	12	10	10	120
10317	6058	12	10	10	120
10443	6058	30	4	4	120
10700	6058	15	8	8	120
15285	7264	24	5	5	120
15286	7265	24	5	5	120
15287	7266	24	5	5	120
15313	7272	24	5	5	120
15314	7273	24	5	5	120
15315	7274	24	5	5	120
19076	7209	24	5	5	120
19077	7210	24	5	5	120
19078	7211	24	5	5	120
19079	7267	24	5	5	120
19080	7212	24	5	5	120
19097	7232	24	5	5	120
19098	7233	24	5	5	120
19099	7234	24	5	5	120
19100	7270	24	5	5	120
19101	7235	24	5	5	120
19923	7775	120	1	964	120
19970	7818	120	1	964	120
20028	7887	120	1	964	120
21321	7267	120	1	1	120
21339	7270	120	1	1	120
22628	7268	120	1	1	120
22641	7271	120	1	1	120
24551	11066	120	1	1	120
24650	11333	120	1	1	120
24820	11998	120	1	1	120
25689	16762	15	8	8	120
31905	33944	60	2	124	120
32015	33974	60	2	124	120
32125	34004	60	2	92	120
33004	32767	15	8	21	120
33005	32778	15	8	1433	120
33006	32791	15	8	1433	120
33007	32796	15	8	1412	120
33012	32804	15	8	1412	120
33015	6977	15	8	56531	120
10518	6058	17	7	7	119
3640	3363	116	1	1	116
3641	3364	116	1	1	116
3642	3365	116	1	1	116
4255	3752	116	1	1	116
4256	3753	116	1	1	116
4257	3754	116	1	1	116
4591	3973	116	1	1	116
5225	5424	116	1	1	116
10041	6058	4	29	29	116
10435	6058	29	4	4	116
31153	7920	58	2	180	116
31408	7804	58	2	180	116
31532	7851	58	2	178	116
11714	6058	115	1	1	115
3411	3222	114	1	1	114
10620	6058	38	3	3	114
3661	3363	112	1	1	112
3662	3364	112	1	1	112
3663	3365	112	1	1	112
4161	3804	16	7	7	112
4364	3819	56	2	2	112
4365	3820	56	2	2	112
10815	6060	56	2	2	112
15850	7264	28	4	4	112
15851	7265	28	4	4	112
15852	7266	28	4	4	112
15878	7272	28	4	4	112
15879	7273	28	4	4	112
15880	7274	28	4	4	112
18225	7264	112	1	1	112
18226	7265	112	1	1	112
18227	7266	112	1	1	112
18241	7272	112	1	1	112
18242	7273	112	1	1	112
18243	7274	112	1	1	112
18683	7268	112	1	1	112
18701	7271	112	1	1	112
20161	7951	16	7	7	112
20585	8066	112	1	1	112
20586	8067	112	1	1	112
21125	7209	56	2	2	112
21126	7210	56	2	2	112
21127	7211	56	2	2	112
21128	7212	56	2	2	112
21141	7232	56	2	2	112
21142	7233	56	2	2	112
21143	7234	56	2	2	112
21144	7235	56	2	2	112
23752	8474	112	1	1	112
24431	10825	112	1	1	112
24638	11295	112	1	1	112
24748	11614	112	1	1	112
24758	11634	112	1	1	112
24823	12011	112	1	1	112
25395	15090	112	1	1	112
25396	15093	112	1	1	112
25682	16743	112	1	1	112
28761	24373	112	1	1	112
29301	25412	112	1	1	112
36541	47647	112	1	1	112
36542	47648	112	1	1	112
36627	47749	16	7	21	112
36724	47858	16	7	21	112
36825	47970	16	7	21	112
31191	7920	37	3	270	111
31446	7804	37	3	270	111
31570	7851	37	3	267	111
31896	33928	37	3	186	111
32006	33958	37	3	186	111
32116	33988	37	3	138	111
8811	6042	110	1	1	110
10686	6058	22	5	5	110
10708	6060	55	2	2	110
11641	6058	110	1	1	110
30965	32734	110	1	1	110
31192	7920	22	5	450	110
31447	7804	22	5	450	110
31571	7851	22	5	445	110
31879	33928	55	2	124	110
31897	33932	10	11	682	110
31989	33958	55	2	124	110
32007	33962	10	11	682	110
32099	33988	55	2	92	110
32117	33992	10	11	506	110
32191	34028	10	11	396	110
3408	3222	108	1	1	108
4389	3752	108	1	1	108
4390	3753	108	1	1	108
4391	3754	108	1	1	108
7261	6042	54	2	2	108
9889	6042	108	1	1	108
12068	6058	108	1	1	108
14303	7206	108	1	1	108
14304	7207	108	1	1	108
14305	7208	108	1	1	108
14327	7229	108	1	1	108
14328	7230	108	1	1	108
14329	7231	108	1	1	108
19969	7804	18	6	541	108
20019	7851	18	6	535	108
20077	7920	18	6	541	108
28312	22079	54	2	2	108
31889	33928	54	2	124	108
31892	33926	3	36	2232	108
31999	33958	54	2	124	108
32002	33956	3	36	2232	108
32109	33988	54	2	92	108
32112	33986	3	36	1656	108
32189	34025	3	36	1296	108
6667	6042	107	1	1	107
8185	6042	53	2	2	106
10607	6060	53	2	2	106
10423	6058	35	3	3	105
10496	6058	21	5	5	105
29306	25415	21	5	5	105
31114	7922	35	3	270	105
31169	33017	21	5	450	105
31369	7806	35	3	270	105
31424	33163	21	5	450	105
31493	7853	35	3	267	105
31548	33232	21	5	445	105
4158	3799	8	13	19	104
5257	5463	104	1	1	104
5286	5513	104	1	1	104
5288	5516	104	1	1	104
10094	6058	13	8	8	104
10526	6058	52	2	2	104
23806	8600	104	1	1	104
24574	11130	104	1	1	104
24642	11307	104	1	1	104
28585	22079	52	2	2	104
31171	7922	26	4	360	104
31426	7806	26	4	360	104
31550	7853	26	4	356	104
28435	22079	51	2	2	102
28448	21628	51	2	2	102
28475	21699	51	2	2	102
31154	7920	34	3	270	102
31409	7804	34	3	270	102
31533	7851	34	3	267	102
3564	3363	100	1	1	100
3565	3364	100	1	1	100
3566	3365	100	1	1	100
4354	3784	20	5	5	100
4355	3785	20	5	5	100
4526	3880	20	5	5	100
5308	5548	100	1	1	100
5309	5549	100	1	1	100
5310	5550	100	1	1	100
17811	7264	100	1	1	100
17812	7265	100	1	1	100
17813	7266	100	1	1	100
17821	7272	100	1	1	100
17822	7273	100	1	1	100
17823	7274	100	1	1	100
21096	7206	100	1	1	100
21097	7207	100	1	1	100
21098	7208	100	1	1	100
21112	7229	100	1	1	100
21113	7230	100	1	1	100
21114	7231	100	1	1	100
31106	7920	10	10	900	100
31361	7804	10	10	900	100
31485	7851	10	10	890	100
31917	33928	50	2	124	100
32027	33958	50	2	124	100
32137	33988	50	2	92	100
3352	3192	99	1	1	99
10375	6058	33	3	3	99
31127	7920	9	11	990	99
31382	7804	9	11	990	99
31506	7851	9	11	979	99
31884	33932	11	9	558	99
31994	33962	11	9	558	99
32104	33992	11	9	414	99
32187	34028	11	9	324	99
4528	3880	14	7	7	98
10551	6058	49	2	2	98
11716	6060	49	2	2	98
31907	33944	49	2	124	98
32017	33974	49	2	124	98
32127	34004	49	2	92	98
45	153	96	1	1	96
3358	3204	96	1	1	96
3739	3445	12	8	8	96
3740	3446	12	8	8	96
3741	3452	8	12	13	96
4159	3800	16	6	6	96
4229	3784	24	4	4	96
4230	3785	24	4	4	96
4520	3871	16	6	6	96
4583	3954	96	1	1	96
4754	4391	96	1	1	96
4755	4392	96	1	1	96
4915	4751	96	1	1	96
5045	5086	96	1	1	96
5229	5428	96	1	1	96
5234	5430	96	1	1	96
5239	5433	96	1	1	96
5273	5497	96	1	1	96
5283	5509	96	1	1	96
5290	5519	96	1	1	96
5294	5524	96	1	1	96
5620	5806	48	2	2	96
5728	5920	96	1	1	96
5741	5926	96	1	1	96
8387	6042	48	2	2	96
14114	7268	96	1	1	96
14136	7271	96	1	1	96
15998	7264	12	8	8	96
15999	7265	12	8	8	96
16000	7266	12	8	8	96
16016	7272	12	8	8	96
16017	7273	12	8	8	96
16018	7274	12	8	8	96
22046	7264	48	2	2	96
22047	7265	48	2	2	96
22048	7266	48	2	2	96
22072	7272	48	2	2	96
22073	7273	48	2	2	96
22074	7274	48	2	2	96
23532	8243	96	1	11108	96
24414	10783	96	1	1	96
24426	10818	96	1	1	96
24430	10823	96	1	1	96
24590	11167	96	1	1	96
24672	11395	96	1	1	96
25035	13360	96	1	1	96
27891	21444	48	2	2	96
28921	24793	96	1	1	96
29296	25409	96	1	1	96
30964	32732	96	1	1	96
31126	33003	96	1	90	96
31381	33149	96	1	90	96
31505	33218	96	1	89	96
9235	6042	95	1	1	95
31105	7920	5	19	1710	95
31360	7804	5	19	1710	95
31484	7851	5	19	1691	95
32433	32767	19	5	14	95
32435	32778	19	5	984	95
32437	32791	19	5	984	95
32440	32796	19	5	974	95
32450	32804	19	5	974	95
32488	6977	19	5	38641	95
11963	6060	47	2	2	94
10060	6062	4	23	23	92
10061	6063	4	23	23	92
10062	6064	4	23	23	92
10063	6065	4	23	23	92
18358	7264	92	1	1	92
18359	7265	92	1	1	92
18360	7266	92	1	1	92
18381	7272	92	1	1	92
18382	7273	92	1	1	92
18383	7274	92	1	1	92
28284	22079	46	2	2	92
31902	33928	23	4	248	92
32012	33958	23	4	248	92
32122	33988	23	4	184	92
3405	3222	90	1	1	90
8303	6042	45	2	2	90
10220	6060	30	3	3	90
10605	6058	45	2	2	90
11961	6058	90	1	1	90
20278	7951	18	5	5	90
28347	23241	90	1	1	90
31135	7922	18	5	450	90
31390	7806	18	5	450	90
31514	7853	18	5	445	90
31910	33944	45	2	124	90
31912	33928	45	2	124	90
32020	33974	45	2	124	90
32022	33958	45	2	124	90
32130	34004	45	2	92	90
32132	33988	45	2	92	90
36629	47749	18	5	15	90
36726	47858	18	5	15	90
36827	47970	18	5	15	90
5665	5841	88	1	1	88
8125	6042	44	2	2	88
18571	7209	88	1	1	88
18572	7210	88	1	1	88
18573	7211	88	1	1	88
18574	7267	88	1	1	88
18575	7268	88	1	1	88
18576	7212	88	1	1	88
18578	7232	88	1	1	88
18579	7233	88	1	1	88
18580	7234	88	1	1	88
18581	7270	88	1	1	88
18582	7271	88	1	1	88
18583	7235	88	1	1	88
24491	10926	88	1	1	88
24499	10934	88	1	1	88
24572	11126	88	1	1	88
24648	11327	88	1	1	88
10469	6058	43	2	2	86
31887	33942	17	5	310	85
31997	33972	17	5	310	85
32107	34002	17	5	230	85
4392	3752	84	1	1	84
4393	3753	84	1	1	84
4394	3754	84	1	1	84
10461	6058	28	3	3	84
29012	25110	6	14	12455	84
29046	25136	6	14	12455	84
29065	25153	6	14	12401	84
30260	29464	6	14	12387	84
36625	47749	12	7	21	84
36722	47858	12	7	21	84
36823	47970	12	7	21	84
9207	6042	83	1	1	83
10644	6060	83	1	1	83
3385	3222	82	1	1	82
8639	6042	82	1	1	82
10021	6058	9	9	9	81
3867	3465	20	4	4	80
4157	3796	16	5	5	80
4234	3819	40	2	2	80
4235	3820	40	2	2	80
4369	3752	80	1	1	80
4370	3753	80	1	1	80
4371	3754	80	1	1	80
4553	3898	80	1	1	80
5141	5319	80	1	1	80
5664	5841	80	1	1	80
10597	6058	8	10	10	80
10715	6058	80	1	1	80
10735	6058	40	2	2	80
11207	6058	10	8	8	80
17781	7267	80	1	1	80
17795	7270	80	1	1	80
19928	7783	8	10	7310	80
19975	7826	8	10	6590	80
20033	7895	8	10	7310	80
23177	7206	80	1	1	80
23178	7207	80	1	1	80
23179	7208	80	1	1	80
23193	7229	80	1	1	80
23194	7230	80	1	1	80
23195	7231	80	1	1	80
23727	8387	80	1	1	80
24512	10963	80	1	1	80
24618	11248	80	1	1	80
24633	11284	80	1	1	80
24634	11286	80	1	1	80
24676	11408	80	1	1	80
24695	11460	80	1	1	80
24753	11624	80	1	1	80
25359	15008	80	1	1	80
25363	15014	80	1	1	80
25927	16213	40	2	2	80
26437	19824	40	2	2	80
28493	21600	80	1	1	80
31601	33247	8	10	1280	80
31909	33936	20	4	248	80
32019	33966	20	4	248	80
32129	33996	20	4	184	80
9327	6042	39	2	2	78
10285	6058	39	2	2	78
27842	21444	39	2	2	78
28219	23241	78	1	1	78
31846	33928	13	6	372	78
31956	33958	13	6	372	78
32066	33988	13	6	276	78
4395	3752	76	1	1	76
4396	3753	76	1	1	76
4397	3754	76	1	1	76
5663	5841	76	1	1	76
21368	7206	76	1	1	76
21369	7207	76	1	1	76
21370	7208	76	1	1	76
21385	7229	76	1	1	76
21386	7230	76	1	1	76
21387	7231	76	1	1	76
31088	32967	4	19	1389	76
31193	7920	38	2	180	76
31343	33113	4	19	1389	76
31448	7804	38	2	180	76
31467	33182	4	19	1367	76
31572	7851	38	2	178	76
31595	33243	4	19	1334	76
31928	33942	19	4	248	76
32038	33972	19	4	248	76
32149	34002	19	4	184	76
32194	34025	19	4	144	76
8221	6042	75	1	1	75
36633	47749	15	5	15	75
36730	47858	15	5	15	75
36831	47970	15	5	15	75
3389	3222	74	1	1	74
31874	33944	37	2	124	74
31984	33974	37	2	124	74
32094	34004	37	2	92	74
276	571	72	1	1	72
277	572	72	1	1	72
278	573	72	1	1	72
4435	3752	72	1	1	72
4436	3753	72	1	1	72
4437	3754	72	1	1	72
4510	3851	72	1	1	72
4511	3852	72	1	1	72
4512	3853	72	1	1	72
4513	3854	72	1	1	72
4531	3875	24	3	3	72
5226	5425	72	1	1	72
5607	5813	72	1	1	72
5659	5841	72	1	1	72
10086	6058	6	12	12	72
12188	6060	72	1	1	72
13052	7063	72	1	11260	72
14463	7209	72	1	1	72
14464	7210	72	1	1	72
14465	7211	72	1	1	72
14466	7264	72	1	1	72
14467	7265	72	1	1	72
14468	7266	72	1	1	72
14469	7267	72	1	1	72
14470	7212	72	1	1	72
14487	7232	72	1	1	72
14488	7233	72	1	1	72
14489	7234	72	1	1	72
14490	7270	72	1	1	72
14491	7235	72	1	1	72
14492	7272	72	1	1	72
14493	7273	72	1	1	72
14494	7274	72	1	1	72
20280	7951	12	6	6	72
24517	10974	72	1	1	72
24609	11222	72	1	1	72
24623	11257	72	1	1	72
25365	15017	72	1	1	72
25479	15676	72	1	1	72
25868	16762	12	6	6	72
26274	18912	72	1	1	72
27392	22079	36	2	2	72
31864	33926	8	9	558	72
31974	33956	8	9	558	72
32084	33986	8	9	414	72
3395	3230	35	2	2	70
10543	6058	5	14	14	70
11157	6058	14	5	5	70
12189	6060	70	1	1	70
27833	22079	35	2	4	70
29311	25415	10	7	7	70
31175	33017	10	7	630	70
31200	7920	35	2	180	70
31430	33163	10	7	630	70
31455	7804	35	2	180	70
31554	33232	10	7	623	70
31579	7851	35	2	178	70
31108	7922	23	3	270	69
31363	7806	23	3	270	69
31487	7853	23	3	267	69
34381	41077	69	1	1	69
5656	5841	68	1	1	68
10416	6060	68	1	1	68
17390	7206	68	1	1	68
17391	7207	68	1	1	68
17392	7208	68	1	1	68
17412	7229	68	1	1	68
17413	7230	68	1	1	68
17414	7231	68	1	1	68
20281	7951	17	4	4	68
27068	21628	34	2	2	68
27086	21699	34	2	2	68
31137	7922	17	4	360	68
31392	7806	17	4	360	68
31516	7853	17	4	356	68
31906	33944	34	2	124	68
32016	33974	34	2	124	68
32126	34004	34	2	92	68
36631	47749	17	4	12	68
36728	47858	17	4	12	68
36829	47970	17	4	12	68
10445	6060	67	1	1	67
12251	6058	66	1	1	66
12841	6876	66	1	1	66
20279	7951	11	6	6	66
23511	8222	22	3	3	66
31136	7922	11	6	540	66
31391	7806	11	6	540	66
31515	7853	11	6	534	66
36630	47749	11	6	18	66
36727	47858	11	6	18	66
36828	47970	11	6	18	66
61	204	64	1	1	64
3355	3198	64	1	1	64
3946	3543	32	2	2	64
4023	3605	64	1	1	64
4155	3792	16	4	4	64
4273	3826	8	8	43	64
4325	3784	32	2	2	64
4326	3785	32	2	2	64
4356	3784	64	1	1	64
4357	3785	64	1	1	64
4533	3875	16	4	4	64
4549	3892	64	1	1	64
4914	4750	64	1	1	64
5682	5871	16	4	4	64
10333	6058	32	2	2	64
12349	6166	64	1	1	64
12360	6189	64	1	2	64
12687	6605	32	2	9	64
12693	6677	64	1	1	64
12694	6678	64	1	1	64
19392	7209	64	1	1	64
19393	7210	64	1	1	64
19394	7211	64	1	1	64
19395	7267	64	1	1	64
19396	7268	64	1	1	64
19397	7212	64	1	1	64
19411	7232	64	1	1	64
19412	7233	64	1	1	64
19413	7234	64	1	1	64
19414	7270	64	1	1	64
19415	7271	64	1	1	64
19416	7235	64	1	1	64
23730	8395	64	1	1	64
24385	10695	64	1	1	64
24423	10815	64	1	1	64
24490	10924	64	1	1	64
24492	10927	64	1	1	64
24496	10931	64	1	1	64
24526	10998	64	1	1	64
24534	11019	64	1	1	64
24535	11022	64	1	1	64
24585	11155	64	1	1	64
24611	11227	64	1	1	64
24637	11293	64	1	1	64
24639	11298	64	1	1	64
24812	11965	64	1	1	64
24813	11967	64	1	1	64
25360	15009	64	1	1	64
25362	15012	64	1	1	64
25364	15015	64	1	1	64
26028	16762	32	2	2	64
26436	19821	32	2	2	64
27091	21723	64	1	1	64
29312	25415	16	4	4	64
31177	33017	16	4	360	64
31199	7920	32	2	180	64
31432	33163	16	4	360	64
31454	7804	32	2	180	64
31556	33232	16	4	356	64
31578	7851	32	2	178	64
31785	33776	64	1	1	64
31872	33942	8	8	496	64
31982	33972	8	8	496	64
32092	34002	8	8	368	64
32958	36489	64	1	10	64
35535	44605	64	1	1	64
26	90	63	1	1	63
30	103	63	1	1	63
3402	3222	63	1	1	63
4505	3846	63	1	1	63
4601	3995	63	1	1	63
5541	5737	63	1	1	63
7211	6042	63	1	1	63
10307	6058	31	2	2	62
31869	33928	62	1	62	62
31979	33958	62	1	62	62
32089	33988	62	1	46	62
31861	33936	61	1	62	61
31971	33966	61	1	62	61
32081	33996	61	1	46	61
3365	3212	6	10	10	60
3819	3465	3	20	20	60
4280	3771	20	3	3	60
4281	3772	20	3	3	60
4384	3784	60	1	1	60
4385	3785	60	1	1	60
4757	4395	60	1	11271	60
10078	6058	2	30	30	60
20159	7951	20	3	3	60
20282	7951	15	4	4	60
20587	8066	60	1	1	60
20588	8067	60	1	1	60
20876	7264	60	1	1	60
20877	7265	60	1	1	60
20878	7266	60	1	1	60
20895	7272	60	1	1	60
20896	7273	60	1	1	60
20897	7274	60	1	1	60
29237	25377	60	1	1	60
31133	7922	20	3	270	60
31139	7922	15	4	360	60
31182	7926	20	3	270	60
31183	7927	20	3	270	60
31388	7806	20	3	270	60
31394	7806	15	4	360	60
31437	7810	20	3	270	60
31438	7811	20	3	270	60
31512	7853	20	3	267	60
31518	7853	15	4	356	60
31561	7857	20	3	267	60
31562	7858	20	3	267	60
31881	33926	15	4	248	60
31991	33956	15	4	248	60
32101	33986	15	4	184	60
32185	34025	15	4	144	60
35542	32734	60	1	1	60
36628	47749	20	3	9	60
36725	47858	20	3	9	60
36826	47970	20	3	9	60
11692	6058	59	1	1	59
314	692	58	1	1	58
9557	6042	58	1	1	58
24433	10829	58	1	1	58
24434	10830	58	1	1	58
9843	6042	57	1	1	57
28418	21444	57	1	1	57
28492	22079	57	1	1	57
28498	21628	57	1	1	57
28515	21699	57	1	1	57
3906	3527	8	7	1364	56
4913	4748	56	1	1	56
5137	5309	56	1	1	56
5249	5447	56	1	1	56
8367	6042	56	1	1	56
10813	6058	56	1	1	56
12356	6181	56	1	2	56
21371	7267	56	1	1	56
21388	7270	56	1	1	56
23735	8416	56	1	1	56
23812	8616	56	1	1	56
23815	8624	56	1	1	56
23818	8632	56	1	1	56
24387	10703	56	1	1	56
24455	10879	56	1	1	56
24494	10929	56	1	1	56
24497	10932	56	1	1	56
24510	10956	56	1	1	56
24540	11034	56	1	1	56
24541	11036	56	1	1	56
24566	11109	56	1	1	56
24576	11135	56	1	1	56
24629	11276	56	1	1	56
24683	11428	56	1	1	56
26577	20443	56	1	1	56
28770	24403	56	1	1	56
29015	25110	7	8	7194	56
29049	25136	7	8	7194	56
29068	25153	7	8	7162	56
30257	29464	7	8	7154	56
31176	7922	28	2	180	56
31431	7806	28	2	180	56
31555	7853	28	2	178	56
31886	33944	56	1	62	56
31996	33974	56	1	62	56
32106	34004	56	1	46	56
11335	6058	55	1	1	55
24880	12435	55	1	1	55
6681	6042	18	3	3	54
28400	21628	54	1	1	54
28412	21699	54	1	1	54
31087	32966	3	18	1304	54
31342	33112	3	18	1304	54
31466	33181	3	18	1282	54
31594	33243	3	18	1251	54
31332	33097	53	1	1	53
7263	6042	26	2	2	52
10645	6060	52	1	1	52
11479	6058	26	2	2	52
31333	33097	52	1	1	52
9911	6042	51	1	1	51
11700	6058	51	1	1	51
12690	6670	51	1	3	51
30938	29068	51	1	412	51
30958	29385	51	1	412	51
30962	29402	51	1	412	51
30980	29418	51	1	6584	51
30982	29426	51	1	6584	51
31078	7476	51	1	691	51
26032	16762	25	2	2	50
28609	21628	50	1	1	50
28671	21699	50	1	1	50
31916	33944	25	2	124	50
32026	33974	25	2	124	50
32136	34004	25	2	92	50
37249	5186	49	1	8136	49
37407	32734	49	1	1	49
3388	3218	48	1	1	48
4163	3808	16	3	3	48
4503	3842	48	1	1	48
4581	3952	48	1	1	48
4605	4006	48	1	1	48
4607	4010	48	1	1	48
5138	5312	48	1	1	48
5147	5343	48	1	1	48
5252	5455	48	1	1	48
5253	5456	48	1	1	48
5311	5551	48	1	1	48
5312	5552	48	1	1	48
10070	6058	3	16	16	48
10634	6058	24	2	2	48
11615	6058	48	1	1	48
12358	6187	48	1	2	48
12359	6188	48	1	2	48
12692	6676	48	1	1	48
15922	7264	16	3	3	48
15923	7265	16	3	3	48
15924	7266	16	3	3	48
15948	7272	16	3	3	48
15949	7273	16	3	3	48
15950	7274	16	3	3	48
19962	7804	8	6	541	48
20012	7851	8	6	535	48
20070	7920	8	6	541	48
24380	10680	48	1	1	48
24383	10689	48	1	1	48
24406	10761	48	1	1	48
24407	10762	48	1	1	48
24411	10775	48	1	1	48
24412	10776	48	1	1	48
24486	10917	48	1	1	48
24518	10976	48	1	1	48
24575	11133	48	1	1	48
24615	11239	48	1	1	48
24635	11288	48	1	1	48
24816	11979	48	1	1	48
25004	13154	24	2	4	48
25354	14993	48	1	1	48
26583	20456	48	1	1	48
28366	23852	24	2	4	48
28918	24784	48	1	1	48
29517	26235	8	6	26	48
30265	29462	24	2	1347	48
30999	25108	48	1	304	48
31015	25134	48	1	304	48
31023	25151	48	1	301	48
31920	33926	16	3	186	48
32030	33956	16	3	186	48
32141	33986	16	3	138	48
32192	34025	16	3	108	48
32242	34194	24	2	4	48
32913	36355	24	2	4	48
34500	41613	48	1	1	48
34671	42125	48	1	1	48
38346	53526	48	1	1	48
24879	12432	47	1	1	47
30114	29074	47	1	686	47
30186	29391	47	1	686	47
30202	29408	47	1	686	47
30218	29424	47	1	11056	47
30226	29432	47	1	11056	47
18	56	46	1	1	46
35	119	46	1	1	46
40	136	46	1	1	46
289	601	46	1	1	46
294	618	46	1	1	46
10391	6058	46	1	1	46
10777	6058	23	2	2	46
20277	7951	23	2	2	46
36626	47749	23	2	6	46
36723	47858	23	2	6	46
36824	47970	23	2	6	46
29018	25106	5	9	8249	45
29052	25132	5	9	8249	45
29071	25149	5	9	8214	45
30262	29461	5	9	8205	45
3381	3222	44	1	1	44
5616	5806	44	1	1	44
26496	20148	44	1	1	44
29303	25415	11	4	4	44
31157	33017	11	4	360	44
31412	33163	11	4	360	44
31536	33232	11	4	356	44
31873	33944	22	2	124	44
31983	33974	22	2	124	44
32093	34004	22	2	92	44
33044	29074	43	1	56	43
33054	29389	43	1	56	43
33056	29408	43	1	56	43
33058	29424	43	1	714	43
33059	29432	43	1	714	43
10804	6058	42	1	1	42
13012	6977	21	2	21981	42
29313	25415	14	3	3	42
31004	32778	21	2	552	42
31020	32791	21	2	552	42
31028	32796	21	2	544	42
31043	32804	21	2	544	42
31178	33017	14	3	270	42
31334	33097	21	2	2	42
31433	33163	14	3	270	42
31557	33232	14	3	267	42
31894	33944	42	1	62	42
32004	33974	42	1	62	42
32114	34004	42	1	46	42
35417	32767	21	2	5	42
27864	22079	41	1	1	41
31196	7920	41	1	90	41
31451	7804	41	1	90	41
31575	7851	41	1	89	41
31915	33944	41	1	62	41
32025	33974	41	1	62	41
32135	34004	41	1	46	41
4056	3661	8	5	5	40
4162	3807	8	5	8	40
4433	3784	40	1	1	40
4434	3785	40	1	1	40
4502	3841	40	1	1	40
4506	3847	40	1	1	40
4507	3848	40	1	1	40
5044	5085	40	1	1	40
5266	5488	40	1	1	40
5268	5490	40	1	1	40
12417	6305	40	1	2	40
12418	6306	40	1	2	40
12433	6347	40	1	28691	40
12434	6348	40	1	28691	40
12579	6598	40	1	1	40
13016	6983	8	5	56300	40
18133	7209	40	1	1	40
18134	7210	40	1	1	40
18135	7211	40	1	1	40
18136	7267	40	1	1	40
18137	7212	40	1	1	40
18154	7232	40	1	1	40
18155	7233	40	1	1	40
18156	7234	40	1	1	40
18157	7270	40	1	1	40
18158	7235	40	1	1	40
23756	8486	40	1	1	40
23761	8506	40	1	1	40
24390	10712	40	1	1	40
24391	10715	40	1	1	40
24396	10735	40	1	1	40
24397	10738	40	1	1	40
24453	10877	40	1	1	40
24515	10970	40	1	1	40
24519	10979	40	1	1	40
24520	10981	40	1	1	40
24554	11072	40	1	1	40
24557	11081	40	1	1	40
24589	11164	40	1	1	40
24606	11214	40	1	1	40
24626	11268	40	1	1	40
24678	11413	40	1	1	40
24693	11454	40	1	1	40
24735	11578	40	1	1	40
24774	11738	40	1	1	40
24817	11982	40	1	1	40
24983	13042	40	1	2	40
25481	15681	40	1	1	40
26276	18917	40	1	1	40
27681	21444	40	1	1	40
31120	7922	40	1	90	40
31197	7920	40	1	90	40
31375	7806	40	1	90	40
31452	7804	40	1	90	40
31499	7853	40	1	89	40
31576	7851	40	1	89	40
34199	40345	40	1	1	40
38027	52234	40	1	1	40
38029	52240	40	1	1	40
38342	53514	40	1	1	40
38344	53520	40	1	1	40
38345	53523	40	1	1	40
38383	53652	40	1	2	40
31119	7922	39	1	90	39
31201	7920	39	1	90	39
31331	33097	39	1	1	39
31374	7806	39	1	90	39
31456	7804	39	1	90	39
31498	7853	39	1	89	39
31580	7851	39	1	89	39
9621	6042	38	1	1	38
28768	24398	38	1	1	38
28778	24425	38	1	1	38
28866	24543	38	1	1	38
30110	29074	38	1	362	38
30198	29408	38	1	362	38
30214	29424	38	1	5961	38
30222	29432	38	1	5961	38
31116	7922	38	1	90	38
31371	7806	38	1	90	38
31495	7853	38	1	89	38
31927	33944	19	2	124	38
32037	33974	19	2	124	38
32148	34004	19	2	92	38
32884	29391	38	1	361	38
28558	22079	37	1	1	37
31118	7922	37	1	90	37
31373	7806	37	1	90	37
31497	7853	37	1	89	37
4527	3880	18	2	2	36
5149	5347	36	1	1	36
6919	6042	36	1	1	36
11459	6058	36	1	1	36
12446	6382	36	1	3	36
12447	6384	36	1	3	36
12448	6386	36	1	3	36
12846	6876	4	9	9	36
22602	7264	36	1	1	36
22603	7265	36	1	1	36
22604	7266	36	1	1	36
22618	7272	36	1	1	36
22619	7273	36	1	1	36
22620	7274	36	1	1	36
27969	21628	36	1	1	36
27981	21699	36	1	1	36
29017	25106	18	2	2259	36
29051	25132	18	2	2259	36
29070	25149	18	2	2250	36
29308	25415	9	4	4	36
30259	29461	18	2	2247	36
31172	33017	9	4	360	36
31427	33163	9	4	360	36
31551	33232	9	4	356	36
31904	33942	9	4	248	36
31921	33928	36	1	62	36
32014	33972	9	4	248	36
32031	33958	36	1	62	36
32124	34002	9	4	184	36
32142	33988	36	1	46	36
32755	32776	36	1	38	36
32759	32789	36	1	38	36
32762	25076	36	1	2210	36
32764	32794	36	1	38	36
32774	32801	36	1	38	36
32780	6944	36	1	852	36
3407	3216	35	1	1	35
3481	3312	35	1	1	35
29016	25110	5	7	6002	35
29050	25136	5	7	6002	35
29069	25153	5	7	5974	35
30258	29464	5	7	5967	35
31103	7920	7	5	450	35
31358	7804	7	5	450	35
31482	7851	7	5	445	35
3410	3216	34	1	1	34
6965	6042	34	1	1	34
19948	7806	2	17	1531	34
19998	7853	2	17	1514	34
20056	7922	2	17	1531	34
29310	25415	17	2	2	34
31174	33017	17	2	180	34
31429	33163	17	2	180	34
31553	33232	17	2	178	34
11089	6058	11	3	3	33
19964	7804	3	11	996	33
20014	7851	3	11	985	33
20072	7920	3	11	996	33
31117	7922	33	1	90	33
31372	7806	33	1	90	33
31496	7853	33	1	89	33
31885	33942	11	3	186	33
31995	33972	11	3	186	33
32105	34002	11	3	138	33
37481	33949	11	3	97	33
37482	33979	11	3	97	33
37483	34009	11	3	64	33
37489	34032	11	3	40	33
13	42	32	1	1	32
280	575	32	1	1	32
283	578	32	1	1	32
4313	3774	8	4	4	32
4555	3906	32	1	1	32
4606	4009	32	1	1	32
4625	4067	32	1	1	32
4756	4394	32	1	1	32
5043	5083	32	1	1	32
5265	5487	32	1	1	32
5325	5568	32	1	1	32
12363	6198	32	1	2	32
12578	6595	8	4	41	32
12696	6680	32	1	1	32
13752	7303	32	1	1	32
18130	7206	32	1	1	32
18131	7207	32	1	1	32
18132	7208	32	1	1	32
18151	7229	32	1	1	32
18152	7230	32	1	1	32
18153	7231	32	1	1	32
23734	8409	32	1	1	32
23807	8603	32	1	1	32
23810	8611	32	1	1	32
23813	8619	32	1	1	32
23816	8627	32	1	1	32
23819	8635	32	1	1	32
24402	10749	32	1	1	32
24413	10778	32	1	1	32
24415	10787	32	1	1	32
24495	10930	32	1	1	32
24509	10955	32	1	1	32
24547	11053	32	1	1	32
24549	11060	32	1	1	32
24561	11093	32	1	1	32
24562	11096	32	1	1	32
24577	11137	32	1	1	32
24582	11147	32	1	1	32
24593	11174	32	1	1	32
24628	11274	32	1	1	32
24689	11444	32	1	1	32
24691	11450	32	1	1	32
24738	11586	32	1	1	32
24749	11617	32	1	1	32
24777	11746	32	1	1	32
25358	15005	32	1	1	32
25480	15678	32	1	1	32
25539	15968	32	1	1	32
25545	16019	32	1	1	32
25546	16021	32	1	1	32
26275	18914	32	1	1	32
26434	19817	32	1	1	32
26590	20476	32	1	1	32
28919	24786	32	1	1	32
28974	25074	32	1	1	32
29204	25330	32	1	1	32
31125	7925	8	4	360	32
31325	33086	32	1	1	32
31380	7809	8	4	360	32
31504	7856	8	4	356	32
31922	33928	32	1	62	32
32032	33958	32	1	62	32
32143	33988	32	1	46	32
34313	40733	32	1	1	32
34573	41859	32	1	4	32
34607	41944	32	1	1	32
34658	42092	32	1	1	32
34669	42120	32	1	4	32
34677	42142	32	1	1944	32
36360	47065	32	1	1	32
38030	52242	32	1	1	32
24832	12071	31	1	1	31
31110	33000	31	1	90	31
31365	33146	31	1	90	31
31489	33215	31	1	89	31
32753	35954	31	1	3707	31
32754	35956	31	1	149	31
32758	35958	31	1	149	31
32763	35960	31	1	148	31
33536	29074	31	1	616	31
33537	29391	31	1	616	31
33539	29408	31	1	616	31
33541	29424	31	1	10077	31
33542	29432	31	1	10077	31
3404	3216	30	1	1	30
12842	6876	6	5	5	30
19926	7783	6	5	3655	30
19973	7826	6	5	3295	30
20031	7895	6	5	3655	30
25055	13409	30	1	1	30
29315	25415	15	2	2	30
31143	7922	10	3	270	30
31180	33017	15	2	180	30
31398	7806	10	3	270	30
31435	33163	15	2	180	30
31522	7853	10	3	267	30
31559	33232	15	2	178	30
31599	33247	6	5	640	30
25990	16762	29	1	1	29
31186	7922	29	1	90	29
31441	7806	29	1	90	29
31565	7853	29	1	89	29
31914	33944	29	1	62	29
32024	33974	29	1	62	29
32134	34004	29	1	46	29
10414	6058	7	4	4	28
13015	6983	7	4	45040	28
19927	7783	7	4	2924	28
19974	7826	7	4	2636	28
20032	7895	7	4	2924	28
23533	8245	7	4	43984	28
31330	33097	28	1	1	28
31600	33247	7	4	512	28
31924	33936	14	2	124	28
31933	33953	4	7	342	28
32034	33966	14	2	124	28
32043	33983	4	7	342	28
32145	33996	14	2	92	28
32154	34013	4	7	246	28
32198	34035	4	7	170	28
13017	6983	9	3	33780	27
19929	7783	9	3	2193	27
19976	7826	9	3	1977	27
20034	7895	9	3	2193	27
28164	21444	27	1	1	27
31185	7922	27	1	90	27
31440	7806	27	1	90	27
31564	7853	27	1	89	27
31602	33247	9	3	384	27
31857	33940	9	3	186	27
31967	33970	9	3	186	27
32077	34000	9	3	138	27
31913	33942	13	2	124	26
32023	33972	13	2	124	26
32133	34002	13	2	92	26
34488	41575	26	1	1	26
34612	41956	26	1	1	26
7293	6042	25	1	1	25
26587	20465	25	1	1	25
279	574	24	1	1	24
303	662	24	1	1	24
4124	3771	8	3	3	24
4125	3772	8	3	3	24
4128	3777	8	3	40	24
4160	3803	8	3	10	24
4561	3917	24	1	1	24
4566	3927	24	1	1	24
4573	3944	24	1	1	24
4574	3945	24	1	1	24
4575	3946	24	1	1	24
4576	3947	24	1	1	24
4577	3948	24	1	1	24
4578	3949	24	1	1	24
4579	3950	24	1	1	24
4582	3953	24	1	1	24
4595	3982	24	1	1	24
4636	4093	24	1	1	24
4734	4345	24	1	11271	24
4742	4365	24	1	1	24
4744	4369	24	1	11271	24
4937	4799	24	1	11271	24
5135	5306	24	1	1	24
5227	5426	24	1	1	24
5228	5427	24	1	1	24
5262	5478	24	1	1	24
5615	5806	8	3	3	24
5696	5871	24	1	1	24
10059	6059	24	1	1	24
12357	6182	24	1	2	24
12695	6679	24	1	1	24
13044	7043	8	3	56300	24
16701	7447	12	2	311962	24
19960	7804	6	4	362	24
20010	7851	6	4	358	24
20068	7920	6	4	362	24
23726	8385	24	1	1	24
23742	8444	24	1	1	24
23750	8468	24	1	1	24
23755	8483	24	1	1	24
23760	8503	24	1	1	24
24389	10709	24	1	1	24
24395	10732	24	1	1	24
24424	10816	24	1	1	24
24436	10832	24	1	1	24
24454	10878	24	1	1	24
24553	11070	24	1	1	24
24559	11085	24	1	1	24
24570	11121	24	1	1	24
24588	11162	24	1	1	24
24595	11180	24	1	1	24
24602	11197	24	1	1	24
24625	11265	24	1	1	24
24666	11377	24	1	1	24
24667	11381	24	1	1	24
24668	11385	24	1	1	24
24669	11389	24	1	1	24
24677	11410	24	1	1	24
24681	11423	24	1	1	24
24694	11458	24	1	1	24
24713	11526	24	1	1	24
24719	11551	24	1	1	24
24734	11575	24	1	1	24
24760	11648	24	1	1	24
24773	11735	24	1	1	24
24970	12948	24	1	1	24
24982	13039	24	1	2	24
26579	20447	24	1	1	24
27644	23007	24	1	1	24
27650	23034	24	1	1	24
28377	23897	24	1	1	24
29019	25106	12	2	1803	24
29021	25108	24	1	1051	24
29053	25132	12	2	1803	24
29055	25134	24	1	1051	24
29072	25149	12	2	1795	24
29074	25151	24	1	1047	24
29305	25415	12	2	2	24
29440	25974	24	1	1	24
30263	29461	12	2	1793	24
31168	33017	12	2	180	24
31423	33163	12	2	180	24
31547	33232	12	2	178	24
31597	33241	24	1	83	24
32692	35715	24	1	3	24
33258	37399	24	1	3	24
33361	37702	24	1	2	24
33404	37817	24	1	2	24
33493	38140	24	1	1	24
34502	41621	24	1	1	24
34503	41625	24	1	1	24
34504	41629	24	1	1	24
34505	41633	24	1	1	24
34507	41640	24	1	1	24
34509	41646	24	1	1	24
34510	41649	24	1	1	24
34572	41857	24	1	4	24
34660	42098	24	1	4	24
34674	42134	24	1	4	24
35649	44823	24	1	6	24
35946	45672	24	1	6	24
38026	52231	24	1	1	24
38293	53369	24	1	2	24
38341	53511	24	1	1	24
38360	53578	24	1	1	24
38365	53598	24	1	1	24
39069	56850	24	1	2	24
39085	56909	24	1	1	24
39144	57139	24	1	1	24
39160	57208	24	1	1	24
39176	57267	24	1	1	24
39563	59083	24	1	1	24
4613	4023	23	1	1	23
12352	6170	23	1	1	23
12432	6341	23	1	28691	23
20020	7865	23	1	964	23
20078	7934	23	1	91	23
3398	3216	22	1	1	22
25986	16762	22	1	1	22
26586	20463	22	1	1	22
3382	3210	7	3	3	21
3431	3253	7	3	3	21
12346	6154	21	1	1	21
26495	20144	21	1	1	21
29014	25106	7	3	2573	21
29048	25132	7	3	2573	21
29067	25149	7	3	2561	21
30255	29461	7	3	2558	21
3379	3214	10	2	2	20
3413	3216	20	1	1	20
3450	3268	10	2	2	20
4624	4062	10	2	2	20
31925	33934	10	2	124	20
32035	33964	10	2	124	20
32146	33994	10	2	92	20
11523	6058	19	1	1	19
20285	7951	19	1	1	19
31141	7922	19	1	90	19
31396	7806	19	1	90	19
31520	7853	19	1	89	19
36635	47749	19	1	3	19
36732	47858	19	1	3	19
36833	47970	19	1	3	19
3374	3220	18	1	1	18
13018	6983	6	3	33780	18
13048	7051	18	1	11260	18
20283	7951	9	2	2	18
24019	9332	18	1	1	18
24020	9336	18	1	1	18
24027	9364	18	1	1	18
24037	9403	18	1	1	18
24617	11246	18	1	1	18
29314	25415	18	1	1	18
31140	7922	9	2	180	18
31179	33017	18	1	90	18
31395	7806	9	2	180	18
31434	33163	18	1	90	18
31519	7853	9	2	178	18
31558	33232	18	1	89	18
31893	33942	18	1	62	18
32003	33972	18	1	62	18
32113	34002	18	1	46	18
32190	34025	18	1	36	18
36634	47749	9	2	6	18
36731	47858	9	2	6	18
36832	47970	9	2	6	18
3367	3216	17	1	1	17
3373	3220	17	1	1	17
3401	3216	16	1	1	16
5776	5976	16	1	1	16
12347	6160	16	1	1	16
12577	6591	16	1	2	16
13045	7047	16	1	11260	16
13046	7051	16	1	11260	16
14110	7264	4	4	4	16
14111	7265	4	4	4	16
14112	7266	4	4	4	16
14138	7272	4	4	4	16
14139	7273	4	4	4	16
14140	7274	4	4	4	16
14180	7264	8	2	2	16
14181	7265	8	2	2	16
14182	7266	8	2	2	16
14208	7272	8	2	2	16
14209	7273	8	2	2	16
14210	7274	8	2	2	16
23731	8398	16	1	1	16
23743	8447	16	1	1	16
23808	8606	16	1	1	16
23811	8614	16	1	1	16
23814	8622	16	1	1	16
23817	8630	16	1	1	16
23820	8638	16	1	1	16
24026	9360	16	1	1	16
24034	9391	16	1	1	16
24248	10181	16	1	1	16
24301	10365	16	1	1	16
24416	10794	16	1	1	16
24421	10810	16	1	1	16
24516	10972	16	1	1	16
24536	11024	16	1	1	16
24556	11079	16	1	1	16
24563	11099	16	1	1	16
24568	11115	16	1	1	16
24571	11124	16	1	1	16
24587	11159	16	1	1	16
24600	11191	16	1	1	16
24610	11225	16	1	1	16
24612	11230	16	1	1	16
24616	11241	16	1	1	16
24690	11447	16	1	1	16
24818	11985	16	1	1	16
25000	13137	8	2	4	16
25020	13228	16	1	18	16
25039	13380	16	1	1	16
25064	13454	16	1	1	16
25194	14094	16	1	78	16
25883	17694	16	1	1	16
26580	20450	16	1	1	16
26588	20467	16	1	1	16
28363	23842	8	2	4	16
29317	25415	8	2	2	16
30124	29107	16	1	1	16
31188	33017	8	2	180	16
31443	33163	8	2	180	16
31567	33232	8	2	178	16
31923	33932	16	1	62	16
32033	33962	16	1	62	16
32144	33992	16	1	46	16
32193	34028	16	1	36	16
32241	34190	8	2	4	16
32363	33784	16	1	54	16
32910	36345	8	2	4	16
32952	36480	16	1	21	16
34604	41939	16	1	1	16
34679	42146	16	1	1	16
35883	45496	16	1	1	16
39517	58905	16	1	1	16
284	584	15	1	1	15
3370	3220	5	3	3	15
4616	4037	15	1	1	15
4746	4372	15	1	11271	15
12844	6876	5	3	3	15
29022	25106	15	1	914	15
29056	25132	15	1	914	15
29075	25149	15	1	910	15
30266	29461	15	1	909	15
31883	33932	3	5	310	15
31993	33962	3	5	310	15
32103	33992	3	5	230	15
32184	34028	5	3	108	15
32186	34028	3	5	180	15
23834	8691	14	1	1	14
23853	8765	14	1	1	14
23856	8775	14	1	1	14
23875	8845	14	1	1	14
23883	8874	14	1	1	14
23904	8953	14	1	1	14
23935	9065	14	1	1	14
24021	9340	14	1	1	14
24022	9344	14	1	1	14
24035	9395	14	1	1	14
24036	9399	14	1	1	14
24101	9642	14	1	1	14
24163	9863	14	1	1	14
24205	10019	14	1	1	14
24206	10023	14	1	1	14
24216	10061	14	1	1	14
24217	10065	14	1	1	14
24247	10177	14	1	1	14
24281	10294	14	1	1	14
3372	3220	13	1	1	13
3392	3216	13	1	1	13
4525	3880	13	1	1	13
4743	4367	13	1	1	13
4745	4371	13	1	11271	13
29020	25106	13	1	1069	13
29054	25132	13	1	1069	13
29073	25149	13	1	1065	13
29316	25415	13	1	1	13
30264	29461	13	1	1064	13
31187	33017	13	1	90	13
31442	33163	13	1	90	13
31566	33232	13	1	89	13
3364	3210	6	2	2	12
3377	3220	4	3	3	12
3387	3216	12	1	1	12
3390	3210	12	1	1	12
3426	3253	6	2	2	12
3435	3253	12	1	1	12
4024	3597	12	1	1	12
4345	3774	4	3	3	12
23831	8679	12	1	1	12
23847	8742	12	1	1	12
23850	8753	12	1	1	12
23870	8826	12	1	1	12
23872	8833	12	1	1	12
23874	8841	12	1	1	12
23881	8866	12	1	1	12
23882	8870	12	1	1	12
23896	8921	12	1	1	12
23902	8945	12	1	1	12
23912	8984	12	1	1	12
23936	9069	12	1	1	12
24025	9356	12	1	1	12
24135	9752	12	1	1	12
24160	9851	12	1	1	12
24162	9859	12	1	1	12
24203	10011	12	1	1	12
24218	10069	12	1	1	12
24249	10185	12	1	1	12
24255	10209	12	1	1	12
24304	10377	12	1	1	12
26584	20457	12	1	1	12
29298	25410	12	1	1	12
31122	7925	4	3	270	12
31377	7809	4	3	270	12
31501	7856	4	3	267	12
31860	33934	12	1	62	12
31865	33928	12	1	62	12
31926	33942	6	2	124	12
31935	33949	6	2	123	12
31970	33964	12	1	62	12
31975	33958	12	1	62	12
32036	33972	6	2	124	12
32045	33979	6	2	123	12
32080	33994	12	1	46	12
32085	33988	12	1	46	12
32147	34002	6	2	92	12
32156	34009	6	2	92	12
32200	34032	6	2	66	12
3412	3210	11	1	1	11
3443	3253	11	1	1	11
4604	4005	11	1	1	11
13021	6983	11	1	11260	11
19931	7783	11	1	731	11
19978	7826	11	1	659	11
20036	7895	11	1	731	11
24405	10760	11	1	1	11
24930	12732	11	1	1	11
27962	21444	11	1	1	11
29299	25410	11	1	1	11
31604	33247	11	1	128	11
36111	46305	11	1	4	11
304	664	10	1	1	10
3359	3206	10	1	1	10
3396	3210	10	1	1	10
3400	3214	5	2	2	10
3436	3253	10	1	1	10
3476	3300	10	1	1	10
3477	3303	10	1	1	10
3478	3305	10	1	1	10
4562	3919	10	1	1	10
4563	3921	10	1	1	10
4567	3929	10	1	1	10
4585	3959	10	1	1	10
4586	3961	10	1	1	10
4587	3963	10	1	1	10
4590	3970	10	1	1	10
4593	3977	10	1	1	10
4596	3984	10	1	1	10
4598	3989	10	1	1	10
4599	3991	10	1	1	10
4602	3997	10	1	1	10
4627	4073	10	1	1	10
4629	4078	10	1	1	10
4632	4084	10	1	1	10
4634	4089	10	1	1	10
4637	4096	10	1	11271	10
4733	4343	10	1	11271	10
4735	4347	10	1	11271	10
4749	4379	10	1	1	10
12350	6168	10	1	2	10
12351	6169	10	1	2	10
12419	6307	10	1	2	10
12421	6311	10	1	2	10
12422	6313	10	1	2	10
12430	6333	10	1	28691	10
12435	6349	10	1	28691	10
12701	6694	10	1	3	10
12956	6942	10	1	11259	10
13023	6983	10	1	11260	10
19932	7783	10	1	731	10
19979	7826	10	1	659	10
20037	7895	10	1	731	10
20284	7951	10	1	1	10
23822	8645	10	1	1	10
23828	8667	10	1	1	10
23830	8675	10	1	1	10
23839	8710	10	1	1	10
23848	8746	10	1	1	10
23852	8761	10	1	1	10
23858	8783	10	1	1	10
23863	8801	10	1	1	10
23864	8805	10	1	1	10
23865	8809	10	1	1	10
23868	8818	10	1	1	10
23873	8837	10	1	1	10
23879	8859	10	1	1	10
23886	8884	10	1	1	10
23887	8887	10	1	1	10
23893	8909	10	1	1	10
23894	8913	10	1	1	10
23899	8933	10	1	1	10
23903	8949	10	1	1	10
23913	8987	10	1	1	10
23914	8990	10	1	1	10
23915	8993	10	1	1	10
23929	9042	10	1	1	10
23931	9049	10	1	1	10
23934	9061	10	1	1	10
23939	9081	10	1	1	10
23951	9124	10	1	1	10
23964	9166	10	1	1	10
23965	9169	10	1	1	10
23966	9172	10	1	1	10
23967	9175	10	1	1	10
23968	9178	10	1	1	10
23969	9181	10	1	1	10
23970	9184	10	1	1	10
23971	9187	10	1	1	10
23975	9199	10	1	1	10
23976	9202	10	1	1	10
23996	9262	10	1	1	10
24012	9310	10	1	1	10
24023	9348	10	1	1	10
24024	9352	10	1	1	10
24040	9413	10	1	1	10
24078	9556	10	1	1	10
24079	9560	10	1	1	10
24081	9568	10	1	1	10
24100	9638	10	1	1	10
24103	9649	10	1	1	10
24106	9659	10	1	1	10
24140	9771	10	1	1	10
24147	9799	10	1	1	10
24152	9819	10	1	1	10
24172	9896	10	1	1	10
24178	9919	10	1	1	10
24208	10031	10	1	1	10
24219	10073	10	1	1	10
24221	10081	10	1	1	10
24224	10093	10	1	1	10
24252	10197	10	1	1	10
24253	10201	10	1	1	10
24254	10205	10	1	1	10
24277	10278	10	1	1	10
24278	10282	10	1	1	10
24286	10313	10	1	1	10
24287	10317	10	1	1	10
28976	25078	10	1	28689	10
29023	25106	10	1	729	10
29024	25112	10	1	963	10
29026	25116	10	1	963	10
29057	25132	10	1	729	10
29058	25138	10	1	963	10
29060	25142	10	1	963	10
29076	25149	10	1	725	10
29077	25155	10	1	963	10
29079	25159	10	1	963	10
29297	25410	10	1	1	10
29300	25411	10	1	1	10
29309	25415	5	2	2	10
30267	29461	10	1	724	10
31173	33017	5	2	180	10
31428	33163	5	2	180	10
31552	33232	5	2	178	10
31605	33247	10	1	128	10
31903	33928	10	1	62	10
31919	33932	5	2	124	10
31931	33949	10	1	60	10
32013	33958	10	1	62	10
32029	33962	5	2	124	10
32041	33979	10	1	60	10
32123	33988	10	1	46	10
32140	33992	5	2	92	10
32152	34009	10	1	44	10
32196	34032	10	1	31	10
35547	44616	10	1	3	10
36110	46304	10	1	4	10
36637	47749	10	1	3	10
36734	47858	10	1	3	10
36835	47970	10	1	3	10
20	63	9	1	1	9
29	101	9	1	1	9
42	147	9	1	1	9
3403	3210	9	1	1	9
3437	3253	9	1	1	9
4504	3844	9	1	1	9
4529	3880	9	1	1	9
4600	3993	9	1	1	9
4737	4352	9	1	11271	9
5222	5417	9	1	1	9
5244	5435	9	1	1	9
5251	5454	9	1	1	9
5773	5966	9	1	1	9
30998	25106	9	1	277	9
31014	25132	9	1	277	9
31022	25149	9	1	274	9
31037	29461	9	1	274	9
31934	33949	9	1	62	9
32044	33979	9	1	62	9
32155	34009	9	1	46	9
32199	34032	9	1	33	9
73	248	8	1	1	8
3357	3202	8	1	1	8
3375	3220	8	1	1	8
3384	3224	8	1	1	8
3409	3210	8	1	1	8
3442	3253	8	1	1	8
3479	3308	8	1	1	8
4572	3942	8	1	1	8
4588	3965	8	1	1	8
4592	3975	8	1	1	8
4750	4381	8	1	1	8
5264	4062	8	1	1	8
12436	6351	8	1	28691	8
12576	6590	8	1	8	8
20286	7951	8	1	1	8
23728	8390	8	1	1	8
23733	8405	8	1	1	8
23740	8436	8	1	1	8
23741	8441	8	1	1	8
23749	8466	8	1	1	8
23764	8515	8	1	1	8
23765	8517	8	1	1	8
23766	8519	8	1	1	8
23767	8521	8	1	1	8
23768	8523	8	1	1	8
23769	8525	8	1	1	8
23770	8527	8	1	1	8
23771	8529	8	1	1	8
23772	8531	8	1	1	8
23773	8533	8	1	1	8
23774	8535	8	1	1	8
23775	8537	8	1	1	8
23776	8539	8	1	1	8
23777	8541	8	1	1	8
23778	8543	8	1	1	8
23779	8545	8	1	1	8
23780	8547	8	1	1	8
23781	8549	8	1	1	8
23782	8551	8	1	1	8
23783	8553	8	1	1	8
23784	8555	8	1	1	8
23785	8557	8	1	1	8
23786	8559	8	1	1	8
23787	8561	8	1	1	8
23788	8563	8	1	1	8
23789	8565	8	1	1	8
23790	8567	8	1	1	8
23791	8569	8	1	1	8
23792	8571	8	1	1	8
23793	8573	8	1	1	8
23794	8575	8	1	1	8
23795	8577	8	1	1	8
23796	8579	8	1	1	8
23797	8581	8	1	1	8
23798	8583	8	1	1	8
23799	8585	8	1	1	8
23800	8587	8	1	1	8
23801	8589	8	1	1	8
23802	8591	8	1	1	8
23803	8593	8	1	1	8
23804	8595	8	1	1	8
23805	8597	8	1	1	8
23823	8648	8	1	1	8
23825	8656	8	1	1	8
23826	8660	8	1	1	8
23827	8663	8	1	1	8
23829	8671	8	1	1	8
23838	8706	8	1	1	8
23840	8714	8	1	1	8
23841	8718	8	1	1	8
23843	8726	8	1	1	8
23845	8734	8	1	1	8
23851	8757	8	1	1	8
23857	8779	8	1	1	8
23861	8793	8	1	1	8
23862	8797	8	1	1	8
23867	8815	8	1	1	8
23869	8822	8	1	1	8
23871	8829	8	1	1	8
23878	8855	8	1	1	8
23880	8862	8	1	1	8
23885	8880	8	1	1	8
23892	8905	8	1	1	8
23895	8917	8	1	1	8
23897	8925	8	1	1	8
23898	8929	8	1	1	8
23900	8937	8	1	1	8
23901	8941	8	1	1	8
23905	8957	8	1	1	8
23906	8961	8	1	1	8
23910	8977	8	1	1	8
23911	8981	8	1	1	8
23916	8996	8	1	1	8
23917	8999	8	1	1	8
23918	9003	8	1	1	8
23930	9045	8	1	1	8
23932	9053	8	1	1	8
23933	9057	8	1	1	8
23938	9077	8	1	1	8
23945	9102	8	1	1	8
23950	9120	8	1	1	8
23955	9139	8	1	1	8
23961	9157	8	1	1	8
23974	9196	8	1	1	8
23999	9271	8	1	1	8
24002	9280	8	1	1	8
24003	9283	8	1	1	8
24011	9307	8	1	1	8
24013	9313	8	1	1	8
24014	9316	8	1	1	8
24031	9380	8	1	1	8
24042	9420	8	1	1	8
24104	9652	8	1	1	8
24138	9763	8	1	1	8
24141	9775	8	1	1	8
24142	9779	8	1	1	8
24143	9783	8	1	1	8
24146	9795	8	1	1	8
24153	9823	8	1	1	8
24156	9835	8	1	1	8
24158	9843	8	1	1	8
24164	9867	8	1	1	8
24165	9871	8	1	1	8
24166	9875	8	1	1	8
24170	9888	8	1	1	8
24174	9903	8	1	1	8
24176	9911	8	1	1	8
24177	9915	8	1	1	8
24179	9923	8	1	1	8
24180	9927	8	1	1	8
24187	9952	8	1	1	8
24194	9977	8	1	1	8
24195	9981	8	1	1	8
24196	9985	8	1	1	8
24200	10000	8	1	1	8
24201	10003	8	1	1	8
24202	10007	8	1	1	8
24209	10035	8	1	1	8
24223	10089	8	1	1	8
24243	10161	8	1	1	8
24245	10169	8	1	1	8
24246	10173	8	1	1	8
24279	10286	8	1	1	8
24280	10290	8	1	1	8
24289	10324	8	1	1	8
24290	10328	8	1	1	8
24300	10361	8	1	1	8
24302	10369	8	1	1	8
24305	10381	8	1	1	8
24318	10431	8	1	1	8
24335	10499	8	1	1	8
24337	10507	8	1	1	8
24338	10511	8	1	1	8
24339	10515	8	1	1	8
24341	10523	8	1	1	8
24342	10527	8	1	1	8
24344	10535	8	1	1	8
24345	10539	8	1	1	8
24347	10547	8	1	1	8
24348	10551	8	1	1	8
24350	10559	8	1	1	8
24351	10563	8	1	1	8
24353	10571	8	1	1	8
24354	10575	8	1	1	8
24356	10583	8	1	1	8
24357	10587	8	1	1	8
24359	10595	8	1	1	8
24360	10599	8	1	1	8
24362	10607	8	1	1	8
24363	10611	8	1	1	8
24365	10619	8	1	1	8
24366	10623	8	1	1	8
24368	10631	8	1	1	8
24369	10635	8	1	1	8
24371	10643	8	1	1	8
24372	10647	8	1	1	8
24374	10655	8	1	1	8
24375	10658	8	1	1	8
24508	10952	8	1	1	8
24538	11030	8	1	1	8
24560	11089	8	1	1	8
24649	11330	8	1	1	8
24651	11336	8	1	1	8
24686	11436	8	1	1	8
24696	11462	8	1	1	8
24700	11474	8	1	1	8
24710	11516	8	1	1	8
24716	11541	8	1	1	8
24750	11619	8	1	1	8
24756	11629	8	1	1	8
24757	11631	8	1	1	8
24821	12001	8	1	1	8
24951	12868	8	1	1	8
24963	12922	8	1	1	8
25356	14999	8	1	1	8
25478	15674	8	1	1	8
26273	18910	8	1	1	8
26559	19817	8	1	1	8
26578	20445	8	1	1	8
27633	22978	8	1	1	8
27647	23024	8	1	1	8
28374	23887	8	1	1	8
29010	25106	4	2	1635	8
29044	25132	4	2	1635	8
29063	25149	4	2	1628	8
29318	25415	4	2	2	8
29437	25964	8	1	1	8
30268	29461	4	2	1626	8
30502	30436	8	1	1	8
31142	7922	8	1	90	8
31189	33017	4	2	180	8
31397	7806	8	1	90	8
31444	33163	4	2	180	8
31521	7853	8	1	89	8
31568	33232	4	2	178	8
32691	35711	8	1	3	8
33257	37395	8	1	3	8
33358	37692	8	1	2	8
33403	37813	8	1	2	8
33490	38130	8	1	1	8
34334	40818	8	1	1	8
34451	41450	8	1	1	8
35648	44819	8	1	6	8
35945	45668	8	1	6	8
36636	47749	8	1	3	8
36733	47858	8	1	3	8
36834	47970	8	1	3	8
38350	53547	8	1	1	8
38356	53566	8	1	1	8
39068	56846	8	1	2	8
39082	56899	8	1	1	8
39141	57129	8	1	1	8
39157	57198	8	1	1	8
39173	57257	8	1	1	8
39560	59073	8	1	1	8
72	243	7	1	1	7
3351	3191	7	1	1	7
3361	3206	7	1	1	7
3376	3220	7	1	1	7
3383	3216	7	1	1	7
3399	3212	7	1	1	7
29304	25415	7	1	1	7
30108	29070	7	1	686	7
30180	29386	7	1	686	7
30196	29404	7	1	686	7
30212	29420	7	1	11056	7
30220	29428	7	1	11056	7
31163	33017	7	1	90	7
31328	33093	7	1	1	7
31418	33163	7	1	90	7
31542	33232	7	1	89	7
31890	33932	7	1	62	7
32000	33962	7	1	62	7
32110	33992	7	1	46	7
32188	34028	7	1	36	7
32816	29074	7	1	541	7
32838	29391	7	1	541	7
32840	29408	7	1	541	7
32842	29424	7	1	8955	7
32843	29432	7	1	8955	7
3371	3220	6	1	1	6
3380	3216	6	1	1	6
3394	3228	2	3	3	6
13013	6980	6	1	11260	6
23832	8683	6	1	1	6
23833	8687	6	1	1	6
23835	8695	6	1	1	6
23837	8702	6	1	1	6
23842	8722	6	1	1	6
23844	8730	6	1	1	6
23846	8738	6	1	1	6
23849	8749	6	1	1	6
23859	8786	6	1	1	6
23860	8789	6	1	1	6
23866	8812	6	1	1	6
23877	8851	6	1	1	6
23884	8877	6	1	1	6
23888	8890	6	1	1	6
23889	8893	6	1	1	6
23890	8897	6	1	1	6
23907	8965	6	1	1	6
23908	8969	6	1	1	6
23909	8973	6	1	1	6
23921	9014	6	1	1	6
23924	9023	6	1	1	6
23925	9027	6	1	1	6
23927	9035	6	1	1	6
23937	9073	6	1	1	6
23941	9088	6	1	1	6
23944	9098	6	1	1	6
23953	9131	6	1	1	6
23954	9135	6	1	1	6
23956	9142	6	1	1	6
23957	9145	6	1	1	6
23960	9154	6	1	1	6
23962	9160	6	1	1	6
23963	9163	6	1	1	6
23977	9205	6	1	1	6
23978	9208	6	1	1	6
23979	9211	6	1	1	6
23980	9214	6	1	1	6
23981	9217	6	1	1	6
23982	9220	6	1	1	6
23983	9223	6	1	1	6
23984	9226	6	1	1	6
23987	9235	6	1	1	6
23988	9238	6	1	1	6
23989	9241	6	1	1	6
23991	9247	6	1	1	6
23995	9259	6	1	1	6
23997	9265	6	1	1	6
24000	9274	6	1	1	6
24001	9277	6	1	1	6
24004	9286	6	1	1	6
24005	9289	6	1	1	6
24006	9292	6	1	1	6
24008	9298	6	1	1	6
24009	9301	6	1	1	6
24010	9304	6	1	1	6
24015	9319	6	1	1	6
24016	9322	6	1	1	6
24028	9368	6	1	1	6
24029	9372	6	1	1	6
24030	9376	6	1	1	6
24032	9383	6	1	1	6
24033	9387	6	1	1	6
24043	9424	6	1	1	6
24044	9428	6	1	1	6
24045	9432	6	1	1	6
24046	9436	6	1	1	6
24047	9440	6	1	1	6
24048	9444	6	1	1	6
24049	9448	6	1	1	6
24050	9452	6	1	1	6
24051	9456	6	1	1	6
24052	9460	6	1	1	6
24053	9464	6	1	1	6
24054	9468	6	1	1	6
24055	9472	6	1	1	6
24056	9476	6	1	1	6
24057	9480	6	1	1	6
24058	9484	6	1	1	6
24059	9488	6	1	1	6
24060	9492	6	1	1	6
24061	9496	6	1	1	6
24062	9500	6	1	1	6
24063	9503	6	1	1	6
24064	9506	6	1	1	6
24065	9509	6	1	1	6
24066	9512	6	1	1	6
24067	9515	6	1	1	6
24072	9533	6	1	1	6
24073	9537	6	1	1	6
24074	9541	6	1	1	6
24075	9544	6	1	1	6
24076	9548	6	1	1	6
24077	9552	6	1	1	6
24080	9564	6	1	1	6
24089	9598	6	1	1	6
24099	9634	6	1	1	6
24112	9682	6	1	1	6
24113	9685	6	1	1	6
24114	9688	6	1	1	6
24115	9691	6	1	1	6
24116	9694	6	1	1	6
24117	9697	6	1	1	6
24118	9700	6	1	1	6
24123	9715	6	1	1	6
24124	9718	6	1	1	6
24125	9721	6	1	1	6
24126	9724	6	1	1	6
24127	9727	6	1	1	6
24128	9730	6	1	1	6
24129	9733	6	1	1	6
24130	9736	6	1	1	6
24131	9739	6	1	1	6
24132	9742	6	1	1	6
24133	9745	6	1	1	6
24134	9748	6	1	1	6
24137	9759	6	1	1	6
24139	9767	6	1	1	6
24144	9787	6	1	1	6
24145	9791	6	1	1	6
24149	9807	6	1	1	6
24151	9815	6	1	1	6
24154	9827	6	1	1	6
24155	9831	6	1	1	6
24157	9839	6	1	1	6
24159	9847	6	1	1	6
24161	9855	6	1	1	6
24171	9892	6	1	1	6
24175	9907	6	1	1	6
24191	9965	6	1	1	6
24192	9969	6	1	1	6
24193	9973	6	1	1	6
24197	9989	6	1	1	6
24198	9993	6	1	1	6
24199	9997	6	1	1	6
24204	10015	6	1	1	6
24215	10057	6	1	1	6
24220	10077	6	1	1	6
24222	10085	6	1	1	6
24225	10097	6	1	1	6
24230	10115	6	1	1	6
24233	10125	6	1	1	6
24242	10157	6	1	1	6
24244	10165	6	1	1	6
24256	10213	6	1	1	6
24296	10346	6	1	1	6
24297	10350	6	1	1	6
24303	10373	6	1	1	6
24307	10388	6	1	1	6
24309	10396	6	1	1	6
24310	10400	6	1	1	6
24311	10404	6	1	1	6
24312	10408	6	1	1	6
24317	10427	6	1	1	6
24319	10435	6	1	1	6
24320	10439	6	1	1	6
24321	10443	6	1	1	6
24322	10447	6	1	1	6
24323	10451	6	1	1	6
24324	10455	6	1	1	6
24325	10459	6	1	1	6
24326	10463	6	1	1	6
24327	10467	6	1	1	6
24328	10471	6	1	1	6
24329	10475	6	1	1	6
24330	10479	6	1	1	6
24331	10483	6	1	1	6
24333	10491	6	1	1	6
24334	10495	6	1	1	6
24336	10503	6	1	1	6
24340	10519	6	1	1	6
24343	10531	6	1	1	6
24346	10543	6	1	1	6
24349	10555	6	1	1	6
24352	10567	6	1	1	6
24355	10579	6	1	1	6
24358	10591	6	1	1	6
24361	10603	6	1	1	6
24364	10615	6	1	1	6
24367	10627	6	1	1	6
24370	10639	6	1	1	6
24373	10651	6	1	1	6
29025	25114	6	1	963	6
29059	25140	6	1	963	6
29078	25157	6	1	963	6
29307	25415	6	1	1	6
31149	33015	6	1	90	6
31170	33017	6	1	90	6
31404	33161	6	1	90	6
31425	33163	6	1	90	6
31528	33230	6	1	89	6
31549	33232	6	1	89	6
34487	41570	6	1	1	6
3360	3206	5	1	1	5
3449	3268	5	1	1	5
13020	6983	5	1	11260	5
16691	7447	5	1	3679633	5
19930	7783	5	1	731	5
19977	7826	5	1	659	5
20035	7895	5	1	731	5
31090	32970	5	1	85	5
31101	32995	5	1	88	5
31147	33009	5	1	85	5
31345	33116	5	1	85	5
31356	33141	5	1	88	5
31402	33155	5	1	85	5
31469	33185	5	1	85	5
31480	33210	5	1	88	5
31526	33224	5	1	85	5
31596	33240	5	1	83	5
31603	33247	5	1	128	5
31641	8241	5	1	10643	5
31877	33940	5	1	62	5
31987	33970	5	1	62	5
32097	34000	5	1	46	5
8	25	4	1	1	4
3362	3206	4	1	1	4
3386	3214	4	1	1	4
3391	3214	2	2	2	4
3406	3210	4	1	1	4
3440	3253	4	1	1	4
3451	3268	4	1	1	4
4530	3877	4	1	1	4
23821	8642	4	1	1	4
23824	8652	4	1	1	4
23836	8699	4	1	1	4
23891	8901	4	1	1	4
23919	9007	4	1	1	4
23926	9031	4	1	1	4
23928	9038	4	1	1	4
23940	9084	4	1	1	4
23942	9091	4	1	1	4
23943	9094	4	1	1	4
23948	9112	4	1	1	4
23949	9116	4	1	1	4
23952	9127	4	1	1	4
23958	9148	4	1	1	4
23959	9151	4	1	1	4
23972	9190	4	1	1	4
23973	9193	4	1	1	4
23985	9229	4	1	1	4
23986	9232	4	1	1	4
23990	9244	4	1	1	4
23992	9250	4	1	1	4
23993	9253	4	1	1	4
23994	9256	4	1	1	4
23998	9268	4	1	1	4
24007	9295	4	1	1	4
24017	9325	4	1	1	4
24018	9328	4	1	1	4
24038	9406	4	1	1	4
24039	9409	4	1	1	4
24041	9416	4	1	1	4
24068	9518	4	1	1	4
24069	9522	4	1	1	4
24070	9526	4	1	1	4
24071	9529	4	1	1	4
24083	9575	4	1	1	4
24084	9579	4	1	1	4
24085	9583	4	1	1	4
24086	9586	4	1	1	4
24087	9590	4	1	1	4
24088	9594	4	1	1	4
24090	9601	4	1	1	4
24091	9605	4	1	1	4
24092	9609	4	1	1	4
24093	9613	4	1	1	4
24094	9617	4	1	1	4
24095	9621	4	1	1	4
24096	9624	4	1	1	4
24097	9627	4	1	1	4
24098	9630	4	1	1	4
24105	9655	4	1	1	4
24107	9663	4	1	1	4
24108	9667	4	1	1	4
24109	9671	4	1	1	4
24110	9675	4	1	1	4
24111	9679	4	1	1	4
24119	9703	4	1	1	4
24120	9706	4	1	1	4
24121	9709	4	1	1	4
24122	9712	4	1	1	4
24136	9755	4	1	1	4
24148	9803	4	1	1	4
24150	9811	4	1	1	4
24167	9878	4	1	1	4
24168	9881	4	1	1	4
24169	9884	4	1	1	4
24173	9899	4	1	1	4
24181	9931	4	1	1	4
24182	9935	4	1	1	4
24183	9938	4	1	1	4
24184	9941	4	1	1	4
24185	9944	4	1	1	4
24186	9948	4	1	1	4
24189	9958	4	1	1	4
24207	10027	4	1	1	4
24210	10039	4	1	1	4
24211	10042	4	1	1	4
24212	10046	4	1	1	4
24213	10050	4	1	1	4
24214	10054	4	1	1	4
24226	10100	4	1	1	4
24227	10104	4	1	1	4
24228	10108	4	1	1	4
24231	10118	4	1	1	4
24232	10121	4	1	1	4
24235	10132	4	1	1	4
24238	10142	4	1	1	4
24240	10149	4	1	1	4
24241	10153	4	1	1	4
24250	10189	4	1	1	4
24251	10193	4	1	1	4
24257	10217	4	1	1	4
24282	10297	4	1	1	4
24283	10301	4	1	1	4
24284	10305	4	1	1	4
24285	10309	4	1	1	4
24288	10320	4	1	1	4
24293	10337	4	1	1	4
24298	10354	4	1	1	4
24299	10357	4	1	1	4
24306	10384	4	1	1	4
24308	10392	4	1	1	4
24313	10412	4	1	1	4
24314	10416	4	1	1	4
24315	10420	4	1	1	4
24316	10423	4	1	1	4
24332	10487	4	1	1	4
307	675	3	1	1	3
3366	3214	3	1	1	3
3369	3220	3	1	1	3
3393	3226	1	3	3	3
12847	6876	3	1	1	3
24708	11500	3	1	1	3
23854	8768	2	1	1	2
23855	8771	2	1	1	2
23876	8848	2	1	1	2
23920	9010	2	1	1	2
23922	9017	2	1	1	2
23923	9020	2	1	1	2
23946	9105	2	1	1	2
23947	9108	2	1	1	2
24082	9571	2	1	1	2
24102	9645	2	1	1	2
24188	9955	2	1	1	2
24190	9961	2	1	1	2
24229	10111	2	1	1	2
24234	10128	2	1	1	2
24236	10135	2	1	1	2
24237	10138	2	1	1	2
24239	10145	2	1	1	2
24258	10220	2	1	1	2
24259	10223	2	1	1	2
24260	10226	2	1	1	2
24261	10229	2	1	1	2
24262	10232	2	1	1	2
24263	10235	2	1	1	2
24264	10238	2	1	1	2
24265	10241	2	1	1	2
24266	10244	2	1	1	2
24267	10247	2	1	1	2
24268	10250	2	1	1	2
24269	10253	2	1	1	2
24270	10256	2	1	1	2
24271	10259	2	1	1	2
24272	10262	2	1	1	2
24273	10265	2	1	1	2
24274	10268	2	1	1	2
24275	10271	2	1	1	2
24276	10274	2	1	1	2
24291	10331	2	1	1	2
24292	10334	2	1	1	2
24294	10340	2	1	1	2
24295	10343	2	1	1	2
3397	3214	1	1	1	1
10058	6058	1	1	1	1
