family_id	provenance_json
0009a88d4afc30d2038bb95302980cba973f583b73155b8d0dfc357bd8b52f9f	{"symbol":"absl::container_internal::(anonymous namespace)::GrowToNextCapacityAndPrepareInsert(absl::container_internal::CommonFields&, absl::container_internal::PolicyFunctions const&, unsigned long)","file":"","line":0,"domain":"allocator_or_native_boundary","ownership":"unknown","anchor":null}
00c89763cb26c53bed59b71a5393770b74a863783f5db603679629f01cb05f12	{"symbol":"_RNvMs1_NtNtNtCs6ZjlLoI6YmX_3std4sync4mpmc4listINtB5_7ChannelNtNtNtCseoayFEFQqjH_6client2io8ondemand13WorkerMessageE4sendB12_","file":"","line":0,"domain":"allocator_or_native_boundary","ownership":"unknown","anchor":null}
011610dff68d7355846fb92d0395271a165614a80fd394b0414cbffdc968540c	{"symbol":"_RNvXNtNtCscHgRw1M2fX5_5alloc3vec14spec_from_iterINtB4_3VeclEINtB2_12SpecFromIterlINtNtNtNtCsc36rpYXAlPq_4core4iter8adapters3map3MapINtNtNtB1q_3ops5range5RangejENCINvNtNtCseoayFEFQqjH_6client2io8ondemand14read_raw_tableNCNvMs1_B2D_NtB2D_8OnDemand3news2_0E0EE9from_iterB2H_","file":"","line":0,"domain":"allocator_or_native_boundary","ownership":"unknown","anchor":null}
0155253774a724226f43fdfb929e4207ff0f24f806dfc37c5f9c995bb07190d4	{"symbol":"v8::base::TemplateHashMapImpl<unsigned long, unsigned int, v8::base::KeyEqualityMatcher<long>, v8::base::DefaultAllocationPolicy>::Resize()","file":"","line":0,"domain":"allocator_or_native_boundary","ownership":"unknown","anchor":null}
026de9af00608c3d6771cdace6f08bfd4120bad5d127b30400674af76cd7ca51	{"symbol":"_RNvXsa_NtCscHgRw1M2fX5_5alloc3vecINtB5_3VecIBw_lEENtNtCsc36rpYXAlPq_4core5clone5Clone5cloneCsjCVkXGB5m1G_3api","file":"","line":0,"domain":"allocator_or_native_boundary","ownership":"unknown","anchor":null}
02c9bda346a88976e269d0be2a7b2efa24fcbf4c395a940726f431c57755eafc	{"symbol":"_RNvMs0_NtCs3ffjLCRwtey_2v87isolateNtB5_7Isolate10initialize","file":"","line":0,"domain":"allocator_or_native_boundary","ownership":"unknown","anchor":null}
036e294a7d4186612dfca04b3460ad623884911c9559f6d81c96d4044089df95	{"symbol":"std::__Cr::unique_ptr<cppgc::internal::BaseSpace, std::__Cr::default_delete<cppgc::internal::BaseSpace> >& std::__Cr::vector<std::__Cr::unique_ptr<cppgc::internal::BaseSpace, std::__Cr::default_delete<cppgc::internal::BaseSpace> >, std::__Cr::allocator<std::__Cr::unique_ptr<cppgc::internal::BaseSpace, std::__Cr::default_delete<cppgc::internal::BaseSpace> > > >::emplace_back<std::__Cr::unique_ptr<cppgc::internal::BaseSpace, std::__Cr::default_delete<cppgc::internal::BaseSpace> > >(std::__Cr::unique_ptr<cppgc::internal::BaseSpace, std::__Cr::default_delete<cppgc::internal::BaseSpace> >&&)","file":"","line":0,"domain":"allocator_or_native_boundary","ownership":"unknown","anchor":null}
0441dcf43b67a4b7a2e4884afa0e5bdfdad7dcc2f33f7215d092bd9b86097970	{"symbol":"_RNvXs3_NtNtCs3mPnGIsjFaM_11signal_hook8iterator7backendINtB5_14PendingSignalsNtNtB7_11exfiltrator10SignalOnlyENtB5_9AddSignal10add_signalCshu1YjhL9Q4t_9crossterm","file":"","line":0,"domain":"allocator_or_native_boundary","ownership":"unknown","anchor":null}
048227bfb6448da351d12facc82be723e159520e075d8b3d66bb1d16b71e9999	{"symbol":"cppgc::internal::Sweeper::Sweeper(cppgc::internal::HeapBase&)","file":"","line":0,"domain":"allocator_or_native_boundary","ownership":"unknown","anchor":null}
0495fd1933e44946f45f4c73359f2b114dd16b12edfe3ed7ecca4e55ae132a2b	{"symbol":"_RNvXs_NtNtCscHgRw1M2fX5_5alloc3vec21spec_from_iter_nestedINtB6_3VecNtNtB8_6string6StringEINtB4_18SpecFromIterNestedB13_INtNtNtNtCsc36rpYXAlPq_4core4iter8adapters3map3MapINtNtB1Y_4take4TakeINtNtNtB22_5slice4iter4IterTB13_lEEENCNvMs0_NtCsh45fz8A1of3_3tui3appNtB3I_6TuiApp13draw_inv_locss_0EE9from_iterB3K_","file":"","line":0,"domain":"allocator_or_native_boundary","ownership":"unknown","anchor":null}
056ac9fa3649149535ae2f27f31de534f79d3502fd7f81bf37c92390fa2fc1be	{"symbol":"std::__Cr::pair<void (*)(v8::Isolate*, v8::EmbedderGraph*, void*), void*>& std::__Cr::vector<std::__Cr::pair<void (*)(v8::Isolate*, v8::EmbedderGraph*, void*), void*>, std::__Cr::allocator<std::__Cr::pair<void (*)(v8::Isolate*, v8::EmbedderGraph*, void*), void*> > >::emplace_back<std::__Cr::pair<void (*)(v8::Isolate*, v8::EmbedderGraph*, void*), void*> >(std::__Cr::pair<void (*)(v8::Isolate*, v8::EmbedderGraph*, void*), void*>&&)","file":"","line":0,"domain":"allocator_or_native_boundary","ownership":"unknown","anchor":null}
05bfbb0311ff41c34a955b06da1c5819a57768e874cbcd6a400c1d153959af0b	{"symbol":"_RNvMs4_NtNtCsgfI0YPFYkVC_12futures_util6stream17futures_unorderedINtB5_16FuturesUnorderedINtNtCsc36rpYXAlPq_4core3pin3PinINtNtCscHgRw1M2fX5_5alloc5boxed3BoxDNtNtNtB1u_6future6future6Futurep6OutputTlINtNtB1u_6result6ResultNtNtNtCs5bJpdm632qa_9deno_core7modules14recursive_load19RecursiveModuleLoadNtNtB3D_5error9CoreErrorEEEL_EEE3newB3D_","file":"","line":0,"domain":"allocator_or_native_boundary","ownership":"unknown","anchor":null}
065e2c1a0a0d98c71fab0691ea6ead636870b3691ae79b35534f5cf4206af74b	{"symbol":"v8::internal::ThreadManager::ThreadManager(v8::internal::Isolate*)","file":"","line":0,"domain":"allocator_or_native_boundary","ownership":"unknown","anchor":null}
06dda4345adc497f06700170310c7417b603b4ead60ef1491d13b3c1c7613609	{"symbol":"_RINvMs3_NtCs46fkt1xHg5P_11rustyscript13inner_runtimeINtB6_12InnerRuntimeNtNtNtCs5bJpdm632qa_9deno_core7runtime9jsruntime9JsRuntimeE17register_functionNCNvNtNtCs8BNLh0y6PrD_6script4load7isolate12wire_runtimes2_0EB2w_","file":"","line":0,"domain":"allocator_or_native_boundary","ownership":"unknown","anchor":null}
075163944ac5d388fd7bed2dc5eb1ffcd0d2ef719bc1204dc87432eb245882dd	{"symbol":"v8::internal::BackingStore::Allocate(v8::internal::Isolate*, unsigned long, v8::internal::SharedFlag, v8::internal::InitializedFlag)","file":"","line":0,"domain":"allocator_or_native_boundary","ownership":"unknown","anchor":null}
077c2ea1015258eed6fb0e1a208cf63509b7c47248559ed46c94400c66d1f7db	{"symbol":"_RNvMNtNtCs46fkt1xHg5P_11rustyscript13module_loader12inner_loaderNtB2_16InnerRustyLoader14add_source_map","file":"","line":0,"domain":"allocator_or_native_boundary","ownership":"unknown","anchor":null}
089bd16d9c1cfa119f391df034aa69d602ca84c9b94a1790528ed106e8332a71	{"symbol":"_RINvMs6_NtCs1lJFy7o6pGX_9hashbrown3rawINtB6_8RawTableTNtNtCscHgRw1M2fX5_5alloc6string6StringNtCs3JBA3HkGT3V_9host_play6NavBotEE14reserve_rehashNCINvNtB8_3map11make_hasherBQ_B1s_NtNtNtCs6ZjlLoI6YmX_3std4hash6random11RandomStateE0EB1u_","file":"","line":0,"domain":"allocator_or_native_boundary","ownership":"unknown","anchor":null}
0928fc24fd207c1be570d15d500acf23e0b01c83ba5b4d3200e94599815089ce	{"symbol":"v8::internal::Isolate::Isolate(v8::internal::IsolateGroup*)","file":"","line":0,"domain":"allocator_or_native_boundary","ownership":"unknown","anchor":null}
096d438c37c9977fb6448fdba38a462e10644befdb233603dda487b12b40abdb	{"symbol":"_RNvMs5_NtCscHgRw1M2fX5_5alloc7raw_vecNtB5_11RawVecInner11finish_growCs8BNLh0y6PrD_6script.llvm.1176234891485507467","file":"","line":0,"domain":"allocator_or_native_boundary","ownership":"unknown","anchor":null}
09988fff949804281ceb8e88c714ebf7ee307a97fda002f6199922ef4979199c	{"symbol":"v8::tracing::TracingCategoryObserver::SetUp()","file":"","line":0,"domain":"allocator_or_native_boundary","ownership":"unknown","anchor":null}
09afbcf0043a064ece9541f480ab543dca5bab9d363a9fc2b3f7d3714e9b90eb	{"symbol":"_RNvMs0_NtNtCseoayFEFQqjH_6client6dash3d5modelNtB5_5Model13copy_for_anim","file":"","line":0,"domain":"allocator_or_native_boundary","ownership":"unknown","anchor":null}
09d69e0507f94583b57cf6d925bea537e480b526580fc4d762c3cd2c9e1d3353	{"symbol":"_RINvMs0_NtNtNtNtCs6ZjlLoI6YmX_3std3sys12thread_local6native4lazyINtB6_7StorageINtNtCsc36rpYXAlPq_4core4cell7RefCellINtCsaQc12MtFacQ_3lru8LruCacheTNtNtNtCs9EEH76LUcI7_12ratatui_core6layout4rect4RectNtNtB2o_6layout6LayoutETINtNtCscHgRw1M2fX5_5alloc2rc2RcSB2k_EB3x_EEEuE16get_or_init_slowNvNvB3b_12LAYOUT_CACHE27___rust_std_internal_init_fnEB2q_","file":"","line":0,"domain":"allocator_or_native_boundary","ownership":"unknown","anchor":null}
09ee6517a97463886287f5e1da963c1533aec96ddb6c10d32b33a17c3bc98420	{"symbol":"v8::internal::wasm::CanonicalTypeIndex& std::__Cr::vector<v8::internal::wasm::CanonicalTypeIndex, std::__Cr::allocator<v8::internal::wasm::CanonicalTypeIndex> >::emplace_back<v8::internal::wasm::CanonicalTypeIndex>(v8::internal::wasm::CanonicalTypeIndex&&)","file":"","line":0,"domain":"allocator_or_native_boundary","ownership":"unknown","anchor":null}
0acd8c5232f54ca5d248bc9fcffa2e19db0afd3c11ab290ad7895f143331e527	{"symbol":"_RINvMsa_NtCs1lJFy7o6pGX_9hashbrown3rawNtB6_13RawTableInner22fallible_with_capacityNtNtCscHgRw1M2fX5_5alloc5alloc6GlobalECs8BNLh0y6PrD_6script.llvm.12092620848130726821","file":"","line":0,"domain":"allocator_or_native_boundary","ownership":"unknown","anchor":null}
0ae627823fd8d8ab878efe3edc45e0f25676f6cb216435a2e4a2b314a5b3ae00	{"symbol":"_RNvMNtNtCseoayFEFQqjH_6client4core5worldNtB2_5World3new","file":"","line":0,"domain":"allocator_or_native_boundary","ownership":"unknown","anchor":null}
0af2463f5a76eb26a859b838f7c880ec3d700be72c8501a3ea055dc48a3458a2	{"symbol":"_RNvNtCs8BNLh0y6PrD_6script10isolate_fb13bank_stand_fp","file":"","line":0,"domain":"allocator_or_native_boundary","ownership":"unknown","anchor":null}
0b3311cf309b06ae11e7251f1f02f57240f64213c87fa4cc81f6e68e097ac58a	{"symbol":"cppgc::internal::HeapBase*& std::__Cr::vector<cppgc::internal::HeapBase*, std::__Cr::allocator<cppgc::internal::HeapBase*> >::emplace_back<cppgc::internal::HeapBase*>(cppgc::internal::HeapBase*&&)","file":"","line":0,"domain":"allocator_or_native_boundary","ownership":"unknown","anchor":null}
0bb667726ef87d1472b2594c925454770ba66ccb92f0441a7adb289e01942dcf	{"symbol":"_RNvMNtCs3ffjLCRwtey_2v87contextNtNtB4_4data7Context13get_annex_mut","file":"","line":0,"domain":"allocator_or_native_boundary","ownership":"unknown","anchor":null}
0bbfd0605ddf0deabeeac3e505dc5cb181269c21ede78acbc624d7e1af9f938a	{"symbol":"_RINvCs3JBA3HkGT3V_9host_play11run_with_ioNCNvMNtCsh45fz8A1of3_3tui3binNtBI_10TuiSession10start_play0NCBF_s_0EBK_","file":"","line":0,"domain":"allocator_or_native_boundary","ownership":"unknown","anchor":null}
0c475cbe389e124d9a800c81cf078652403f14f8e51a6b8c9f6e678ddf5b7ec5	{"symbol":"v8::internal::maglev::MaglevConcurrentDispatcher::MaglevConcurrentDispatcher(v8::internal::Isolate*)","file":"","line":0,"domain":"allocator_or_native_boundary","ownership":"unknown","anchor":null}
0d19a670d841b93b363b568dcfeb104b56588ba048699ceab44a16f8e645ca83	{"symbol":"_RINvMs6_NtCs1lJFy7o6pGX_9hashbrown3rawINtB6_8RawTableTTNtNtCscHgRw1M2fX5_5alloc6string6StringtEINtNtBV_4sync3ArcNtNtNtCseoayFEFQqjH_6client2io8ondemand11OnDemandHubEEE14reserve_rehashNCINvNtB8_3map11make_hasherBQ_B1v_NtNtNtCs6ZjlLoI6YmX_3std4hash6random11RandomStateE0EB1S_","file":"","line":0,"domain":"allocator_or_native_boundary","ownership":"unknown","anchor":null}
0d626ce5fb17adfbd4bacd087f456be8758c78050c4f24d4835a3059bd188a1f	{"symbol":"v8::platform::DefaultForegroundTaskRunner::DelayedEntry* std::__Cr::vector<v8::platform::DefaultForegroundTaskRunner::DelayedEntry, std::__Cr::allocator<v8::platform::DefaultForegroundTaskRunner::DelayedEntry> >::__emplace_back_slow_path<v8::platform::DefaultForegroundTaskRunner::DelayedEntry>(v8::platform::DefaultForegroundTaskRunner::DelayedEntry&&)","file":"","line":0,"domain":"allocator_or_native_boundary","ownership":"unknown","anchor":null}
0ed5a796d692d50ed60a407c3d760cf465eb2eb488dba97923dd2c11ed2c0f3f	{"symbol":"std::__Cr::unique_ptr<v8::internal::StringForwardingTable::BlockVector, std::__Cr::default_delete<v8::internal::StringForwardingTable::BlockVector> >& std::__Cr::vector<std::__Cr::unique_ptr<v8::internal::StringForwardingTable::BlockVector, std::__Cr::default_delete<v8::internal::StringForwardingTable::BlockVector> >, std::__Cr::allocator<std::__Cr::unique_ptr<v8::internal::StringForwardingTable::BlockVector, std::__Cr::default_delete<v8::internal::StringForwardingTable::BlockVector> > > >::emplace_back<std::__Cr::unique_ptr<v8::internal::StringForwardingTable::BlockVector, std::__Cr::default_delete<v8::internal::StringForwardingTable::BlockVector> > >(std::__Cr::unique_ptr<v8::internal::StringForwardingTable::BlockVector, std::__Cr::default_delete<v8::internal::StringForwardingTable::BlockVector> >&&)","file":"","line":0,"domain":"allocator_or_native_boundary","ownership":"unknown","anchor":null}
0fe975834c10f6f9ffeeca26f9efc2eb24ec06cd5ed329c70f77ea25e12016e7	{"symbol":"v8::internal::MicrotaskQueue::CallEnqueueMicrotask(v8::internal::Isolate*, long, unsigned long)","file":"","line":0,"domain":"allocator_or_native_boundary","ownership":"unknown","anchor":null}
10667dfeab1ab58eace57cc9a1e2e10c1bed2420b6ada224760d7a55b7eb1ec6	{"symbol":"_RNvNtNtNtCsjSTgzKTFx8E_5tokio7runtime8blocking8shutdown7channel","file":"","line":0,"domain":"allocator_or_native_boundary","ownership":"unknown","anchor":null}
11380106c9f42261f49a8660107ff53dcc9f857f21ecf5763f293a78adc4c78c	{"symbol":"_RNvXs_NtNtCscHgRw1M2fX5_5alloc3vec21spec_from_iter_nestedINtB6_3VecNtNtCs50mG4W4lMfe_8scenario8evidence7ChatRowEINtB4_18SpecFromIterNestedB13_INtNtNtNtCsc36rpYXAlPq_4core4iter8adapters3map3MapINtNtNtB2p_5slice4iter4IterNtNtCsjCVkXGB5m1G_3api8snapshot12ChatLineViewENCNvMB15_NtB15_8Evidence8terminals1_0EE9from_iterB17_","file":"","line":0,"domain":"allocator_or_native_boundary","ownership":"unknown","anchor":null}
117e203615b17dcfb33442b3d53f06f2c3fc7c0cba6870029c8acce67f6e59f1	{"symbol":"std::__Cr::basic_string<char, std::__Cr::char_traits<char>, std::__Cr::allocator<char> >::__init_copy_ctor_external(char const*, unsigned long)","file":"","line":0,"domain":"allocator_or_native_boundary","ownership":"unknown","anchor":null}
121961b5fac83903704be8f12a7b7d12cfb9a2b8895e04078ad873fe052aeb69	{"symbol":"_RNvXs_NtNtCseoayFEFQqjH_6client6dash3d5storeNtB4_11SharedModelNtNtNtB8_10datastruct8linkable13LinkableTrait8sentinel","file":"","line":0,"domain":"allocator_or_native_boundary","ownership":"unknown","anchor":null}
122f4b86b35bb72bae9022c349c9a6be51d4e87aad6cc6e2d1176ac7325f0686	{"symbol":"_RNvMNtNtCseoayFEFQqjH_6client4core5worldNtB2_5World10set_sprite.llvm.15819653318954751376","file":"","line":0,"domain":"allocator_or_native_boundary","ownership":"unknown","anchor":null}
1234ee14c150078f67da48b4057b6fe330613242856c5cfb2c4c2d8089a0ed23	{"symbol":"v8::base::Thread::Thread(v8::base::Thread::Options const&)","file":"","line":0,"domain":"allocator_or_native_boundary","ownership":"unknown","anchor":null}
127a7572eaec280adc763914c0169bbc615ec87768b27b1d64e4b88527965fb0	{"symbol":"_RINvMs6_NtCs1lJFy7o6pGX_9hashbrown3rawINtB6_8RawTableTlNtNtCsaibypAdu8fX_4host11login_queue8UidStateEE14reserve_rehashNCINvNtB8_3map11make_hasherlBR_NtNtNtCs6ZjlLoI6YmX_3std4hash6random11RandomStateE0EBV_","file":"","line":0,"domain":"allocator_or_native_boundary","ownership":"unknown","anchor":null}
12c33b8423f0d4c442e01ed337d7405255ff85dd3180917a2d1baf18f5954844	{"symbol":"v8::internal::AllocAtLeastWithRetry(unsigned long)","file":"","line":0,"domain":"allocator_or_native_boundary","ownership":"unknown","anchor":null}
14c34d83827dfc38c7f0204ab94a250136b25dfcab7902d4dbcfc1bf9f39685d	{"symbol":"v8::internal::baseline::BaselineBatchCompiler::BaselineBatchCompiler(v8::internal::Isolate*)","file":"","line":0,"domain":"allocator_or_native_boundary","ownership":"unknown","anchor":null}
162da317b326b72422e3c27284879c734765d45a012a7cbc17cb253657df3199	{"symbol":"_RNvMNtNtCseoayFEFQqjH_6client6client6clientNtB2_6Client22maininit_with_progress","file":"","line":0,"domain":"allocator_or_native_boundary","ownership":"unknown","anchor":null}
19068f6c963fe178f2b4c0c6758aa42933b8303661e010183c4512e86b90a955	{"symbol":"_RNvXs_NtNtCscHgRw1M2fX5_5alloc3vec21spec_from_iter_nestedINtB6_3VecTNtNtB8_6string6StringlEEINtB4_18SpecFromIterNestedB13_INtNtNtNtCsc36rpYXAlPq_4core4iter8adapters3map3MapINtNtNtB25_5slice4iter4IterNtNtCsjCVkXGB5m1G_3api8snapshot8ItemViewENCNvMNtCsh45fz8A1of3_3tui3binNtB3V_10TuiSession4pumps2_0EE9from_iterB3X_","file":"","line":0,"domain":"allocator_or_native_boundary","ownership":"unknown","anchor":null}
1942fbac2862122b389c0331272cc3bea5f0e29c1cec1a52d5ecbfa08a7fb254	{"symbol":"v8::internal::MutablePageMetadata::AllocateSlotSet(v8::internal::RememberedSetType)","file":"","line":0,"domain":"allocator_or_native_boundary","ownership":"unknown","anchor":null}
198b7e9b8c3d2a1552f6df7581acc9f690334215ec535bd5dbed86108ed65ae9	{"symbol":"void v8::internal::RememberedSet<(v8::internal::RememberedSetType)0>::Insert<(v8::internal::AccessMode)0>(v8::internal::MutablePageMetadata*, unsigned long)","file":"","line":0,"domain":"allocator_or_native_boundary","ownership":"unknown","anchor":null}
1a15b2427143050134127ddb41b696681591c99059b4e61dde411b66deb567fa	{"symbol":"cppgc::internal::Sweeper::SweeperImpl::Start(cppgc::internal::SweepingConfig)","file":"","line":0,"domain":"allocator_or_native_boundary","ownership":"unknown","anchor":null}
1a862f2fce5b3dba6dc981a90a808787b89171a4f426b49a5cde3fc695b012de	{"symbol":"_RNvMCs48pER9i7TM2_3urlNtB2_12ParseOptions5parse","file":"","line":0,"domain":"allocator_or_native_boundary","ownership":"unknown","anchor":null}
1abc8a2c2e2aded08dca4dffad153d69662f8378056f54fec34f15749d4568eb	{"symbol":"_RNvMNtNtCseoayFEFQqjH_6client4core5worldNtB2_5World9push_down","file":"","line":0,"domain":"allocator_or_native_boundary","ownership":"unknown","anchor":null}
1b1340a6c67023584ca7df013833bc2fc5ba7e080ef2a4d3e707a2f30f58aeda	{"symbol":"v8::internal::StringForwardingTable::InitializeBlockVector()","file":"","line":0,"domain":"allocator_or_native_boundary","ownership":"unknown","anchor":null}
1b41b4c90cd11a8fc95d510ffe45d155da782c76593f8725424caa71f1a178a5	{"symbol":"v8::internal::ExternalEntityTable<v8::internal::JSDispatchEntry, 268435456ul>::TryExtend(v8::internal::ExternalEntityTable<v8::internal::JSDispatchEntry, 268435456ul>::Space*)","file":"","line":0,"domain":"allocator_or_native_boundary","ownership":"unknown","anchor":null}
1b4c7cb9a85aaaf2eaea3cf5d2f250f1a79bf25f0430697207f2d3290e5c6b67	{"symbol":"_RNvMNtNtCseoayFEFQqjH_6client4core5worldNtB2_5World8set_wall","file":"","line":0,"domain":"allocator_or_native_boundary","ownership":"unknown","anchor":null}
1b935d15ca250382322900031b7302de234c2556b0a58eee9ed96c093c5f62bc	{"symbol":"v8::internal::Isolate::GenerateIdentityHash(unsigned int)","file":"","line":0,"domain":"allocator_or_native_boundary","ownership":"unknown","anchor":null}
1bce5e0c03b5ad8f5278a3c0a9ef1db3b460f6b5d9ce25785bfba5fe24bb1b6e	{"symbol":"_RNvNtCs8BNLh0y6PrD_6script10isolate_fb9entity_fp","file":"","line":0,"domain":"allocator_or_native_boundary","ownership":"unknown","anchor":null}
1bea549fc6216c922f99d84e1d765fbfe6d17dd5477dec7429e3c66977698742	{"symbol":"_RNvMs1_NtNtCseoayFEFQqjH_6client2io8ondemandNtB5_8OnDemand14model_provider","file":"","line":0,"domain":"allocator_or_native_boundary","ownership":"unknown","anchor":null}
1cf38f7c321e569f315735dbfdae2352f2e0d035a11bbde115a6a43d2396a580	{"symbol":"_RINvNtNtCs6ZjlLoI6YmX_3std3sys9backtrace28___rust_begin_short_backtraceNCNvCs3JBA3HkGT3V_9host_play17spawn_slot_thread0uEB1b_","file":"","line":0,"domain":"allocator_or_native_boundary","ownership":"unknown","anchor":null}
1d3923df2783355a3149d0b47329c52ea2feebdde53b5b480496a788bdcd3449	{"symbol":"_RINvMNtCs5bJpdm632qa_9deno_core12gotham_stateNtB3_11GothamState3putINtNtCscHgRw1M2fX5_5alloc4sync3ArcNtCs9EZ4vV1q2zX_13deno_features14FeatureCheckerEECs46fkt1xHg5P_11rustyscript","file":"","line":0,"domain":"allocator_or_native_boundary","ownership":"unknown","anchor":null}
1d4d06a18443dd793bba7d2c0c6e7168efc4e08b84087c95d11dd110f7c6860c	{"symbol":"_RNvMs0_NtNtCseoayFEFQqjH_6client6dash3d5modelNtB5_5Model6unpack","file":"","line":0,"domain":"allocator_or_native_boundary","ownership":"unknown","anchor":null}
1d61dbef9f7a9717bb2cb7251a8477f81c58459792cb31a123dfd15b317327f4	{"symbol":"_RNvMs_NtNtCseoayFEFQqjH_6client6config8npc_typeNtB4_7NpcType6unpack","file":"","line":0,"domain":"allocator_or_native_boundary","ownership":"unknown","anchor":null}
1d8a838ddf6867dd55126c94d7395ab569cf0f4493a82e45fd0eaa1c51f82755	{"symbol":"_RNCINvMs0_NtNtCs6ZjlLoI6YmX_3std4sync4onceNtB8_4Once15call_once_forceNCINvMNtBa_9once_lockINtB1b_8OnceLockAINtNtCscHgRw1M2fX5_5alloc3vec3VeclEj5_E10initializeNCINvB1a_11get_or_initNCNvNtNtCseoayFEFQqjH_6client6dash3d13client_player7recol1d0E0zE0E0B30_.llvm.15438048753611690243","file":"","line":0,"domain":"allocator_or_native_boundary","ownership":"unknown","anchor":null}
1e057357226e99c9207ec3245e576e826cefc2268525713fb79ee1d2a0cf9c9b	{"symbol":"_RNvMs5_NtCscHgRw1M2fX5_5alloc7raw_vecNtB5_11RawVecInner11finish_growCskOvmL1T6bWu_15ratatui_widgets.llvm.13331422471757135506","file":"","line":0,"domain":"allocator_or_native_boundary","ownership":"unknown","anchor":null}
1ee0c53f4c4a41a7428af09047e7c578bb79fcd5eeb943a902dd641d10c3fb5d	{"symbol":"_RNvNtNtCs5bJpdm632qa_9deno_core7runtime8bindings19externalize_sources","file":"","line":0,"domain":"allocator_or_native_boundary","ownership":"unknown","anchor":null}
21c9fcc844ff712852497a991ea3f9b0a9b96fee79a444f7fcb3a4c6be42d7f2	{"symbol":"_RINvXNtNtCscHgRw1M2fX5_5alloc3vec14spec_from_elemINtB5_3VecIBM_hEENtB3_12SpecFromElem9from_elemNtNtB7_5alloc6GlobalECseoayFEFQqjH_6client","file":"","line":0,"domain":"allocator_or_native_boundary","ownership":"unknown","anchor":null}
2479af13e325f5aade90dce50abeb954c4ba9731d794a14ba1b0dcb60251613f	{"symbol":"v8::internal::ThreadIsolation::Initialize(v8::ThreadIsolatedAllocator*)","file":"","line":0,"domain":"allocator_or_native_boundary","ownership":"unknown","anchor":null}
2490d5fc35fee5eed8c794ab2ecb883b1f78074542e897e0be5410c635dce2f3	{"symbol":"v8::internal::PageMetadata::AllocateFreeListCategories()","file":"","line":0,"domain":"allocator_or_native_boundary","ownership":"unknown","anchor":null}
24ab923e26e62b9346f79fd5a158e62c6c8b9a73a6d0c56c5430266d5d5c7030	{"symbol":"_uhash_create(int (*)(UElement), signed char (*)(UElement, UElement), signed char (*)(UElement, UElement), int, UErrorCode*)","file":"","line":0,"domain":"allocator_or_native_boundary","ownership":"unknown","anchor":null}
2531a2fff913b85888939864a7db5594d79e39d255946740007346e5cbe3dac4	{"symbol":"void std::__Cr::vector<v8::internal::ReadOnlyPageMetadata*, std::__Cr::allocator<v8::internal::ReadOnlyPageMetadata*> >::__assign_with_size<v8::internal::ReadOnlyPageMetadata**, v8::internal::ReadOnlyPageMetadata**>(v8::internal::ReadOnlyPageMetadata**, v8::internal::ReadOnlyPageMetadata**, long)","file":"","line":0,"domain":"allocator_or_native_boundary","ownership":"unknown","anchor":null}
255fa18ad4649c9991f6316ad14a3bf10646e14518210fba5ebd912eec1f97b8	{"symbol":"_RINvMs6_NtCs1lJFy7o6pGX_9hashbrown3rawINtB6_8RawTableTNtNtCscHgRw1M2fX5_5alloc6string6StringINtNtNtBU_11collections9vec_deque8VecDequeBQ_EEE14reserve_rehashNCINvNtB8_3map11make_hasherBQ_B1s_NtNtNtCs6ZjlLoI6YmX_3std4hash6random11RandomStateE0ECs3JBA3HkGT3V_9host_play","file":"","line":0,"domain":"allocator_or_native_boundary","ownership":"unknown","anchor":null}
265c5f756961b203b2872a6afdd9130aa0e18c76b13e75610e889657857658ec	{"symbol":"_ZNSt4__Cr15allocate_sharedIN2v88platform15DefaultJobStateENS_9allocatorIS3_EEJRPNS1_8PlatformENS_10unique_ptrINS1_7JobTaskENS_14default_deleteISA_EEEERNS1_12TaskPriorityERmETnNS_9enable_ifIXntsr8is_arrayIT_EE5valueEiE4typeELi0EEENS_10shared_ptrISI_EERKT0_DpOT1_","file":"","line":0,"domain":"allocator_or_native_boundary","ownership":"unknown","anchor":null}
268f7bdf5b2adcdad40216436e81d1d98b856a0cac65cbcb37464faf2346fa85	{"symbol":"_RNvMs5_NtCscHgRw1M2fX5_5alloc7raw_vecNtB5_11RawVecInner11finish_growB7_","file":"","line":0,"domain":"allocator_or_native_boundary","ownership":"unknown","anchor":null}
26f92126a5ac14b1002854df2b7d2850a0d613c8069fd060f09f421a7fb493aa	{"symbol":"_RNvNtCs8BNLh0y6PrD_6script10isolate_fb12decode_paint","file":"","line":0,"domain":"allocator_or_native_boundary","ownership":"unknown","anchor":null}
27f26f6476ccc61a4282dd55be700d53e4bfd6cfbb2ffa44f43920c91a3a589c	{"symbol":"_RNvMNtNtCsjSTgzKTFx8E_5tokio7runtime7builderNtB2_7Builder39build_current_thread_runtime_components.llvm.18284464411356100596","file":"","line":0,"domain":"allocator_or_native_boundary","ownership":"unknown","anchor":null}
2941ec1d66ce3b6db61f0aceaebdc5cdc38b6a7ccc69e79ecad03133360236de	{"symbol":"v8::internal::OptimizingCompileTaskExecutor::EnsureInitialized()","file":"","line":0,"domain":"allocator_or_native_boundary","ownership":"unknown","anchor":null}
2a5d7fc670c2aea7653bdb1418ea460f0763f046b0ed686f23c3b62fb8ced5d4	{"symbol":"_RNvXNtNtCscHgRw1M2fX5_5alloc3vec14spec_from_iterINtB4_3VeclEINtB2_12SpecFromIterlINtNtNtNtCsc36rpYXAlPq_4core4iter8adapters3map3MapINtNtNtB1q_3ops5range5RangejENCINvNtNtCseoayFEFQqjH_6client2io8ondemand14read_raw_tableNCNvMs1_B2D_NtB2D_8OnDemand3news1_0E0EE9from_iterB2H_","file":"","line":0,"domain":"allocator_or_native_boundary","ownership":"unknown","anchor":null}
2aa2be2e9dda878a21acf4aaa148c47f1315195c11159943cc8c65e9dd41a334	{"symbol":"_RNvMs0_NtNtCseoayFEFQqjH_6client6config8loc_typeNtB5_7LocType16get_model_shared","file":"","line":0,"domain":"allocator_or_native_boundary","ownership":"unknown","anchor":null}
2bc56048b24176b1607f5a9248d31e911dbadb2c4ef1929d038361c9598f3289	{"symbol":"_RNvMNtNtCseoayFEFQqjH_6client6config9varp_typeNtB2_8VarpType6unpack","file":"","line":0,"domain":"allocator_or_native_boundary","ownership":"unknown","anchor":null}
2c6aa653e79cc9117fc5d7e24d1c3ff9484ba5db7554c56aa16de338349e6631	{"symbol":"_RNvMNtNtCseoayFEFQqjH_6client4core5worldNtB2_5World10set_ground","file":"","line":0,"domain":"allocator_or_native_boundary","ownership":"unknown","anchor":null}
2dc8640212bc24c9cb7f1b8dc92deb9c1b24b4a1925fbf672ed948ae9e486fa2	{"symbol":"_RINvMsa_NtCs1lJFy7o6pGX_9hashbrown3rawNtB6_13RawTableInner22fallible_with_capacityNtNtCscHgRw1M2fX5_5alloc5alloc6GlobalECs5bJpdm632qa_9deno_core.llvm.7196630428733431986","file":"","line":0,"domain":"allocator_or_native_boundary","ownership":"unknown","anchor":null}
2e362a31aab39ed588d22d840f93e3fd2eac128d48c942a652982ebbabb8ab91	{"symbol":"v8::internal::MutablePageMetadata::MutablePageMetadata(v8::internal::Heap*, v8::internal::BaseSpace*, unsigned long, unsigned long, unsigned long, v8::internal::VirtualMemory, v8::internal::PageSize)","file":"","line":0,"domain":"allocator_or_native_boundary","ownership":"unknown","anchor":null}
2fb231e1308fccb0e5cd2ea0cedd178d50ff9ed88231713caf6d9bd1d1dcc2fa	{"symbol":"_RINvNtNtCs6ZjlLoI6YmX_3std6thread9lifecycle15spawn_uncheckedNCNvCs3JBA3HkGT3V_9host_play17spawn_slot_thread0uEB10_","file":"","line":0,"domain":"allocator_or_native_boundary","ownership":"unknown","anchor":null}
2ff72b912185d9b8008c8977b5fbd79f917e3a86fa0482096dcfcb04517c8b1a	{"symbol":"_RNvCs6rREvFdRhLb_7___rustc12___rust_alloc","file":"","line":0,"domain":"allocator_or_native_boundary","ownership":"unknown","anchor":null}
30437fcfaa5c630b8e9b1f52ef2a51c22c3ed35446054ca94bdb8f5d5bebaea5	{"symbol":"_RNvXs_NtNtCscHgRw1M2fX5_5alloc3vec21spec_from_iter_nestedINtB6_3VecNtNtCs8BNLh0y6PrD_6script10isolate_fb13SceneEntityFpEINtB4_18SpecFromIterNestedB13_INtNtNtNtCsc36rpYXAlPq_4core4iter8adapters3map3MapINtNtNtB2x_5slice4iter4IterNtB15_16SceneEntityInputENvB15_9entity_fpEE9from_iterB17_","file":"","line":0,"domain":"allocator_or_native_boundary","ownership":"unknown","anchor":null}
30a3976e1ce582d122c89d7ce0c85b5511a4b1a8efa19f60de0033fef33df90c	{"symbol":"_RNvNtCsjCVkXGB5m1G_3api8snapshot16walk_widget_tree","file":"","line":0,"domain":"allocator_or_native_boundary","ownership":"unknown","anchor":null}
31aff74db2a43b7a3971bfad1f70185af06b2345a2ad85703568a213207400bf	{"symbol":"_RNvNtCsdO8rEf1jYGK_3nav4pack12read_req_ids","file":"","line":0,"domain":"allocator_or_native_boundary","ownership":"unknown","anchor":null}
31bbd5b78a030ef22c866978f570f339956f40758101982e843c85ba9d06b574	{"symbol":"v8::internal::GCCallbacksInSafepoint::CallbackData& std::__Cr::vector<v8::internal::GCCallbacksInSafepoint::CallbackData, std::__Cr::allocator<v8::internal::GCCallbacksInSafepoint::CallbackData> >::emplace_back<void (*&)(void*), void*&, v8::internal::GCCallbacksInSafepoint::GCType&>(void (*&)(void*), void*&, v8::internal::GCCallbacksInSafepoint::GCType&)","file":"","line":0,"domain":"allocator_or_native_boundary","ownership":"unknown","anchor":null}
331ef57ca23ee25133da10ff950e228afba967a0dd3c7206d942b2dbf9859656	{"symbol":"cppgc::internal::CagedHeap::CagedHeap(v8::PageAllocator&, unsigned long)","file":"","line":0,"domain":"allocator_or_native_boundary","ownership":"unknown","anchor":null}
339a40095a13144c3d90fd985fec97be00d4038bcd027dd421f98f87b84f8812	{"symbol":"_RNvMNtNtCsjSTgzKTFx8E_5tokio7runtime6signalNtB2_6Driver3new","file":"","line":0,"domain":"allocator_or_native_boundary","ownership":"unknown","anchor":null}
3474ced2e745fb4a831577303fece12ca8f0d485133df40b21d489263c635be4	{"symbol":"v8::internal::Isolate::Enter()","file":"","line":0,"domain":"allocator_or_native_boundary","ownership":"unknown","anchor":null}
34835e55991ddad8e12d1e9b0ab1c03995a2e9cbd60ae14ec67260f563c66ce3	{"symbol":"_RINvMs6_NtCs1lJFy7o6pGX_9hashbrown3rawINtB6_8RawTableTNtNtCscHgRw1M2fX5_5alloc6string6StringuEE14reserve_rehashNCINvNtB8_3map11make_hasherBQ_uNtNtNtCs6ZjlLoI6YmX_3std4hash6random11RandomStateE0ECs33npTws88aW_8deno_ast","file":"","line":0,"domain":"allocator_or_native_boundary","ownership":"unknown","anchor":null}
350e82cb33789002c06e2b9febd6ab799b77cdab4d0bebbc2908409673cf2cad	{"symbol":"_RINvNtNtCs6ZjlLoI6YmX_3std6thread9lifecycle15spawn_uncheckedNCNvNtNtCseoayFEFQqjH_6client2io13client_stream9tcp_write0uEB14_","file":"","line":0,"domain":"allocator_or_native_boundary","ownership":"unknown","anchor":null}
3526a15898cc24c91ffe28049308a349a0995daffb6da0f1246cee4adbe0b4f1	{"symbol":"_RNvMs5_NtCscHgRw1M2fX5_5alloc7raw_vecNtB5_11RawVecInner11finish_growCsaibypAdu8fX_4host.llvm.17699297986347281159","file":"","line":0,"domain":"allocator_or_native_boundary","ownership":"unknown","anchor":null}
35ade8e96517f8e8ea00b9dd01fe2a9e2db4dfa92c360385a0edf79e1731c488	{"symbol":"v8::internal::HeapProfiler::HeapProfiler(v8::internal::Heap*)","file":"","line":0,"domain":"allocator_or_native_boundary","ownership":"unknown","anchor":null}
35c9fc1afa0cb835d15a2ed0694b5d8770a0e152eb0cba4d4520c53bdeaed60d	{"symbol":"_RNvNvNtCscHgRw1M2fX5_5alloc3fmt6format12format_inner","file":"","line":0,"domain":"allocator_or_native_boundary","ownership":"unknown","anchor":null}
35e6f0f9976ea03318a2d43ca289c46cc38b85acc35045c428ed6b04c0a4fc27	{"symbol":"v8::internal::ElementsAccessor::InitializeOncePerProcess()","file":"","line":0,"domain":"allocator_or_native_boundary","ownership":"unknown","anchor":null}
35e78f0a0e872012e5d3ab66e80d34cfa19b567ed7b01f627b04116a14de0e1f	{"symbol":"std__shared_ptr__v8__ArrayBuffer__Allocator__CONVERT__std__unique_ptr","file":"","line":0,"domain":"allocator_or_native_boundary","ownership":"unknown","anchor":null}
36198643ac80e2d51660aaf117be658f4c91cfa7f9cd0ad5866aa0640f6db19e	{"symbol":"v8::RegisterExtension(std::__Cr::unique_ptr<v8::Extension, std::__Cr::default_delete<v8::Extension> >)","file":"","line":0,"domain":"allocator_or_native_boundary","ownership":"unknown","anchor":null}
36e8d6c79d4203243eb4cf2227658311b693c9ba06400707d19018f95d81a0a5	{"symbol":"std::__Cr::deque<v8::internal::TurbofanCompilationJob*, std::__Cr::allocator<v8::internal::TurbofanCompilationJob*> >::__add_back_capacity()","file":"","line":0,"domain":"allocator_or_native_boundary","ownership":"unknown","anchor":null}
372ae53a11f2bdf70733d50514e75dbe17f17b594b5e03286eabb2f26e62f36c	{"symbol":"_RNvXsa_NtCscHgRw1M2fX5_5alloc3vecINtB5_3VecNtNtCs8BNLh0y6PrD_6script15rs2b0t_registry10SettingDefENtNtCsc36rpYXAlPq_4core5clone5Clone5cloneCs3JBA3HkGT3V_9host_play","file":"","line":0,"domain":"allocator_or_native_boundary","ownership":"unknown","anchor":null}
38a0cb8c47eaa2056c011cec3dc85cdfb5f4a2666c90ec5eac16ce3ad7f3e158	{"symbol":"std__shared_ptr__v8__Platform__CONVERT__std__unique_ptr","file":"","line":0,"domain":"allocator_or_native_boundary","ownership":"unknown","anchor":null}
38f6ae1a25b34f9f32fc78094fb187b3fd936397db4f1f6b7861e0db030d6c8e	{"symbol":"_RNvXsa_NtCscHgRw1M2fX5_5alloc3vecINtB5_3VecIBw_lEENtNtCsc36rpYXAlPq_4core5clone5Clone5cloneCseoayFEFQqjH_6client","file":"","line":0,"domain":"allocator_or_native_boundary","ownership":"unknown","anchor":null}
390152630b1c8d7231daf3bc4bbeba80d43919ec544083bafd542b316c37e645	{"symbol":"_RNvMNtNtCseoayFEFQqjH_6client6client6clientNtB2_6Client11get_npc_pos","file":"","line":0,"domain":"allocator_or_native_boundary","ownership":"unknown","anchor":null}
39fbe73b19a605479458b7e9c5e3d82938540d5dc15f09de42f3c117ac94347f	{"symbol":"_RNvMNtNtCseoayFEFQqjH_6client10datastruct10hash_tableINtB2_9HashTableNtNtNtB6_6dash3d5store11SharedModelE3newB6_","file":"","line":0,"domain":"allocator_or_native_boundary","ownership":"unknown","anchor":null}
3c97c345ff0aa1efa63d4298c46ffc3813b802896104348c00fa5b234145fa77	{"symbol":"v8::internal::Heap::SetUpSpaces(v8::internal::LinearAllocationArea&, v8::internal::LinearAllocationArea&)","file":"","line":0,"domain":"allocator_or_native_boundary","ownership":"unknown","anchor":null}
3d88b744a459735c15b361a4c286f3e311b3c18b748e2edb3a35fc24317c4b52	{"symbol":"_RINvMNtCs5bJpdm632qa_9deno_core12gotham_stateNtB3_11GothamState3putNtNtB5_5tasks24V8CrossThreadTaskSpawnerEB5_","file":"","line":0,"domain":"allocator_or_native_boundary","ownership":"unknown","anchor":null}
3e5e164b86c7d3ea122b960b0ecd7c4361c932408bac7a1959d2e688d29f5390	{"symbol":"std::__Cr::pair<int, unsigned long>& std::__Cr::vector<std::__Cr::pair<int, unsigned long>, std::__Cr::allocator<std::__Cr::pair<int, unsigned long> > >::emplace_back<std::__Cr::pair<int, unsigned long> >(std::__Cr::pair<int, unsigned long>&&)","file":"","line":0,"domain":"allocator_or_native_boundary","ownership":"unknown","anchor":null}
3ea6b7ef3e4809b2c595757bb5b28c2724c202f9649471266a374cd1f622738e	{"symbol":"_RNvMs5_NtCscHgRw1M2fX5_5alloc7raw_vecNtB5_11RawVecInner11finish_growCs5bJpdm632qa_9deno_core.llvm.11458412362194599600","file":"","line":0,"domain":"allocator_or_native_boundary","ownership":"unknown","anchor":null}
3fed89e0f53b4492788305da49c9c2eb2cb3a7d2a50c28ce8e621aee97dc5cb8	{"symbol":"v8::internal::FreeListManyCached::FreeListManyCached()","file":"","line":0,"domain":"allocator_or_native_boundary","ownership":"unknown","anchor":null}
4091cfb523c06c1d5d7ece656a18793c86176d3f3d39a54e1d48011055427f50	{"symbol":"v8::internal::V8FileLogger::SetUp(v8::internal::Isolate*)","file":"","line":0,"domain":"allocator_or_native_boundary","ownership":"unknown","anchor":null}
41038b466700ba353285575e7ee52bc2d9fecc3394d4f3b6e5bceea931723a35	{"symbol":"_RNvNtCscHgRw1M2fX5_5alloc5boxed14box_new_uninit","file":"","line":0,"domain":"allocator_or_native_boundary","ownership":"unknown","anchor":null}
415dd4b3c72a86e81696931b9c819903aed6401b54791701b9d3b23c77d15a50	{"symbol":"_RNvMs0_NtNtCseoayFEFQqjH_6client6dash3d5modelNtB5_5Model17calculate_normals","file":"","line":0,"domain":"allocator_or_native_boundary","ownership":"unknown","anchor":null}
419933c8fd6d0d374093e23d577824bab4c8be641d6c9155b2756151ffb0b459	{"symbol":"_RNvMs1_NtNtNtCsjSTgzKTFx8E_5tokio7runtime8blocking4poolNtB5_12BlockingPool3new","file":"","line":0,"domain":"allocator_or_native_boundary","ownership":"unknown","anchor":null}
41de71e6ff4fec95445c5b078580c71dab0da7f5047fe6ad8186920d4d759399	{"symbol":"_RINvMs0_NtCsh45fz8A1of3_3tui3appNtB6_6TuiApp3newReEB8_","file":"","line":0,"domain":"allocator_or_native_boundary","ownership":"unknown","anchor":null}
41ea9e5a1ce7cd740a10b2a74b449f6d8a1242496c66b807fe0c1d16c55f6f4b	{"symbol":"_RNvMs5_NtCscHgRw1M2fX5_5alloc7raw_vecNtB5_11RawVecInner11finish_growCsdO8rEf1jYGK_3nav.llvm.10127490155969273537","file":"","line":0,"domain":"allocator_or_native_boundary","ownership":"unknown","anchor":null}
42fd7979472595bd542957fa78924499b6cc99d53299d790aa2cf18686188968	{"symbol":"_RNvXs_NtNtCscHgRw1M2fX5_5alloc3vec21spec_from_iter_nestedINtB6_3VeclEINtB4_18SpecFromIterNestedlINtNtNtNtCsc36rpYXAlPq_4core4iter8adapters6copied6CopiedINtNtB1B_7flatten7FlattenINtNtNtB1F_5slice4iter4IterAlj68_EEEE9from_iterCsjCVkXGB5m1G_3api","file":"","line":0,"domain":"allocator_or_native_boundary","ownership":"unknown","anchor":null}
4321aca5eb6d09c72924ba0c1e2203d171fa1d29b126b0174ef493772fc725c8	{"symbol":"_RNvMNtNtCsbuLvMvCFJgq_3mio5event6eventsNtB2_6Events13with_capacity","file":"","line":0,"domain":"allocator_or_native_boundary","ownership":"unknown","anchor":null}
4483c7318268ca517535c5ba2733f05497d864758818a4e6acc4d160cee79d2a	{"symbol":"_RNCINvMs0_NtNtCs6ZjlLoI6YmX_3std4sync4onceNtB8_4Once15call_once_forceNCINvMNtBa_9once_lockINtB1b_8OnceLockINtNtCscHgRw1M2fX5_5alloc5boxed3BoxAlj10000_EE10initializeNCINvB1a_11get_or_initNCNvMNtNtCseoayFEFQqjH_6client8graphics5pix3dNtB33_5Pix3D17init_colour_table0E0zE0E0B37_.llvm.15438048753611690243","file":"","line":0,"domain":"allocator_or_native_boundary","ownership":"unknown","anchor":null}
448d57f07b8d24653caaa7fcfbd057cbd5e5c181204020de3dc6065f866082f2	{"symbol":"_RNvMs5_NtCscHgRw1M2fX5_5alloc7raw_vecNtB5_11RawVecInner11finish_growCs6ZjlLoI6YmX_3std","file":"","line":0,"domain":"allocator_or_native_boundary","ownership":"unknown","anchor":null}
44b468bcb63f9bc71280b33bae91a50dd3405152daf08b5e68625b4d225257f6	{"symbol":"void std::__Cr::__hash_table<std::__Cr::__hash_value_type<v8::internal::ThreadId, v8::internal::Isolate::PerIsolateThreadData*>, std::__Cr::__unordered_map_hasher<v8::internal::ThreadId, std::__Cr::__hash_value_type<v8::internal::ThreadId, v8::internal::Isolate::PerIsolateThreadData*>, v8::internal::Isolate::ThreadDataTable::Hasher, std::__Cr::equal_to<v8::internal::ThreadId>, true>, std::__Cr::__unordered_map_equal<v8::internal::ThreadId, std::__Cr::__hash_value_type<v8::internal::ThreadId, v8::internal::Isolate::PerIsolateThreadData*>, std::__Cr::equal_to<v8::internal::ThreadId>, v8::internal::Isolate::ThreadDataTable::Hasher, true>, std::__Cr::allocator<std::__Cr::__hash_value_type<v8::internal::ThreadId, v8::internal::Isolate::PerIsolateThreadData*> > >::__do_rehash<true>(unsigned long)","file":"","line":0,"domain":"allocator_or_native_boundary","ownership":"unknown","anchor":null}
44e5d9c747a3933c6094de4239afc8ad1235a5ec4ab1891e53c683af9237bfa8	{"symbol":"_RNvXs4_NtNtCs5bJpdm632qa_9deno_core7modules15module_map_dataNtB5_13ModuleMapDataNtNtCsc36rpYXAlPq_4core7default7Default7default.llvm.12004744640282317067","file":"","line":0,"domain":"allocator_or_native_boundary","ownership":"unknown","anchor":null}
468f43e36da24d2cfafd965d3dd3a3a27ee6838f71a45900701659a58c0decb0	{"symbol":"_RINvXNtNtCscHgRw1M2fX5_5alloc3vec14spec_from_elemINtB5_3VeclENtB3_12SpecFromElem9from_elemNtNtB7_5alloc6GlobalECseoayFEFQqjH_6client","file":"","line":0,"domain":"allocator_or_native_boundary","ownership":"unknown","anchor":null}
469c2cfc65481f04e7a0b0d80414270de711c945a86d8ecff0ae9131416c82b9	{"symbol":"_RNvMs5_NtCscHgRw1M2fX5_5alloc7raw_vecNtB5_11RawVecInner11finish_growCs3JBA3HkGT3V_9host_play.llvm.11506519677582338631","file":"","line":0,"domain":"allocator_or_native_boundary","ownership":"unknown","anchor":null}
47500655bdb82fb36e8da6ba314c300b4e1ce026d7ca67672d52cd8d5119ee71	{"symbol":"_RNvMNtNtCseoayFEFQqjH_6client6client6clientNtB2_6Client8add_chat","file":"","line":0,"domain":"allocator_or_native_boundary","ownership":"unknown","anchor":null}
47d507281cbd04f7fdd3ad90f9c010504bcfa4eb45a7edeb7e9d13c016ddbc27	{"symbol":"_RNvXsa_NtCscHgRw1M2fX5_5alloc3vecINtB5_3VecNtCs3JBA3HkGT3V_9host_play10SlotStatusENtNtCsc36rpYXAlPq_4core5clone5Clone5cloneBH_","file":"","line":0,"domain":"allocator_or_native_boundary","ownership":"unknown","anchor":null}
485cc6d3a6fa0d6044464e73b519db8a318534448a0207ab96e841dc5708ab0c	{"symbol":"v8::ArrayBuffer::Allocator::NewDefaultAllocator()","file":"","line":0,"domain":"allocator_or_native_boundary","ownership":"unknown","anchor":null}
488ccd2972689c285f4bcf3859732b3e5b25566a2287e3395438624af7176a56	{"symbol":"_RINvXNtNtCscHgRw1M2fX5_5alloc3vec14spec_from_elemINtNtCsc36rpYXAlPq_4core6option6OptionINtB5_3VechEENtB3_12SpecFromElem9from_elemNtNtB7_5alloc6GlobalECseoayFEFQqjH_6client","file":"","line":0,"domain":"allocator_or_native_boundary","ownership":"unknown","anchor":null}
4bddbacd6e7c2d367e569e46953d56c431aea573962b5e266fa80b8fda61c3db	{"symbol":"cppgc::internal::HeapBase::HeapBase(std::__Cr::shared_ptr<cppgc::Platform>, std::__Cr::vector<std::__Cr::unique_ptr<cppgc::CustomSpaceBase, std::__Cr::default_delete<cppgc::CustomSpaceBase> >, std::__Cr::allocator<std::__Cr::unique_ptr<cppgc::CustomSpaceBase, std::__Cr::default_delete<cppgc::CustomSpaceBase> > > > const&, cppgc::Heap::StackSupport, cppgc::Heap::MarkingType, cppgc::Heap::SweepingType, cppgc::internal::GarbageCollector&)","file":"","line":0,"domain":"allocator_or_native_boundary","ownership":"unknown","anchor":null}
4c247950c8bf165c6c092af3219f112cb961d1258320f8483ce115fc1bbf168e	{"symbol":"_RINvMs6_NtCs1lJFy7o6pGX_9hashbrown3rawINtB6_8RawTableTjNtNtCs3ffjLCRwtey_2v86handle17FinalizerCallbackEE14reserve_rehashNCINvNtB8_3map11make_hasherjBR_NtNtNtCs6ZjlLoI6YmX_3std4hash6random11RandomStateE0EBV_","file":"","line":0,"domain":"allocator_or_native_boundary","ownership":"unknown","anchor":null}
4c2522db83b87aa095d30844269d3f483987eef675b655a8fb5a70f8e2a7d761	{"symbol":"void std::__Cr::__hash_table<v8::internal::wasm::TypeCanonicalizer::CanonicalSingletonGroup, std::__Cr::hash<v8::internal::wasm::TypeCanonicalizer::CanonicalSingletonGroup>, std::__Cr::equal_to<v8::internal::wasm::TypeCanonicalizer::CanonicalSingletonGroup>, std::__Cr::allocator<v8::internal::wasm::TypeCanonicalizer::CanonicalSingletonGroup> >::__do_rehash<true>(unsigned long)","file":"","line":0,"domain":"allocator_or_native_boundary","ownership":"unknown","anchor":null}
4d78d0f93d2bb6d4a0c610d85c5ccb18cf68275c4f037fa7a4ffc4f120ea63d3	{"symbol":"_RNvXs_NtNtCscHgRw1M2fX5_5alloc3vec21spec_from_iter_nestedINtB6_3VecNtNtCsjCVkXGB5m1G_3api8snapshot8VarpViewEINtB4_18SpecFromIterNestedB13_INtNtNtNtCsc36rpYXAlPq_4core4iter8adapters3map3MapINtNtNtB2l_3ops5range5RangejENCNvMs1_B15_NtB15_12GameSnapshot13rebuild_varps0EE9from_iterB17_","file":"","line":0,"domain":"allocator_or_native_boundary","ownership":"unknown","anchor":null}
4dca13caf745cb432bb835cf795aa1269da67bc9b074a0978515bb9f293c6d76	{"symbol":"_RNvMs_NtNtCs6ZjlLoI6YmX_3std6thread6threadNtB4_6Thread3new","file":"","line":0,"domain":"allocator_or_native_boundary","ownership":"unknown","anchor":null}
4e5621c6fa23b01661d0c9e68ef46b7d91b11364438d91a8ff0b0491bd6a2759	{"symbol":"v8::internal::MinorGCJob::MinorGCJob(v8::internal::Heap*)","file":"","line":0,"domain":"allocator_or_native_boundary","ownership":"unknown","anchor":null}
4e8fa2ab74a16f103d775871f1ff9fb8027c1a3c525d53808a1f335fc748c462	{"symbol":"std::__Cr::pair<std::__Cr::__hash_iterator<std::__Cr::__hash_node<std::__Cr::__hash_value_type<v8::internal::ThreadId, v8::internal::Isolate::PerIsolateThreadData*>, void*>*>, bool> std::__Cr::__hash_table<std::__Cr::__hash_value_type<v8::internal::ThreadId, v8::internal::Isolate::PerIsolateThreadData*>, std::__Cr::__unordered_map_hasher<v8::internal::ThreadId, std::__Cr::__hash_value_type<v8::internal::ThreadId, v8::internal::Isolate::PerIsolateThreadData*>, v8::internal::Isolate::ThreadDataTable::Hasher, std::__Cr::equal_to<v8::internal::ThreadId>, true>, std::__Cr::__unordered_map_equal<v8::internal::ThreadId, std::__Cr::__hash_value_type<v8::internal::ThreadId, v8::internal::Isolate::PerIsolateThreadData*>, std::__Cr::equal_to<v8::internal::ThreadId>, v8::internal::Isolate::ThreadDataTable::Hasher, true>, std::__Cr::allocator<std::__Cr::__hash_value_type<v8::internal::ThreadId, v8::internal::Isolate::PerIsolateThreadData*> > >::__emplace_unique_key_args<v8::internal::ThreadId, std::__Cr::pair<v8::internal::ThreadId, v8::internal::Isolate::PerIsolateThreadData*> >(v8::internal::ThreadId const&, std::__Cr::pair<v8::internal::ThreadId, v8::internal::Isolate::PerIsolateThreadData*>&&)","file":"","line":0,"domain":"allocator_or_native_boundary","ownership":"unknown","anchor":null}
4ea813d670f5aafb3c118a6c5210807a5ee6c6616502a8e28d197c65e44b6bf3	{"symbol":"_RNvXNtNtCseoayFEFQqjH_6client6config8loc_typeNtB2_9CachedLocNtNtNtB6_10datastruct8linkable13LinkableTrait8sentinel","file":"","line":0,"domain":"allocator_or_native_boundary","ownership":"unknown","anchor":null}
501477c5d08457b5c238053adaa0a38374a3945dffae80d8458f6417743c02b7	{"symbol":"_RNvMNtCs3ffjLCRwtey_2v821isolate_create_paramsNtB2_12CreateParams8finalize","file":"","line":0,"domain":"allocator_or_native_boundary","ownership":"unknown","anchor":null}
504b0641dc0dbb4133d68931a787fd8d2d08a11e516abbbff1e2708d60c6d79b	{"symbol":"_RNvMNtCs8BNLh0y6PrD_6script4loadNtB2_9JsLibrary7restore","file":"","line":0,"domain":"allocator_or_native_boundary","ownership":"unknown","anchor":null}
51352243c3ef419b0629c113a9642e92acfb897c76cf3821219207148c5fdcd8	{"symbol":"_RNvMs_NtNtCseoayFEFQqjH_6client6config9spot_typeNtB4_8SpotType6unpack","file":"","line":0,"domain":"allocator_or_native_boundary","ownership":"unknown","anchor":null}
51e2df5df35e0c78f2d6f51bd676c7c9cff213b9cbd61dd3ed1eb5de0c99e454	{"symbol":"_ZNSt4__Cr15allocate_sharedIN2v88internal7metrics8RecorderENS_9allocatorIS4_EEJETnNS_9enable_ifIXntsr8is_arrayIT_EE5valueEiE4typeELi0EEENS_10shared_ptrIS8_EERKT0_DpOT1_","file":"","line":0,"domain":"allocator_or_native_boundary","ownership":"unknown","anchor":null}
52a4a0ca1b14b209ff494dddc71f2cdc286878eccc2e32133f42f0b6e0b9aad0	{"symbol":"_RNvXs8_NtCs8BNLh0y6PrD_6script4loadNtB5_6JsCardNtNtCsc36rpYXAlPq_4core5clone5Clone5clone","file":"","line":0,"domain":"allocator_or_native_boundary","ownership":"unknown","anchor":null}
52e3502a02f1e0979a53b6a0df6729a8d0cab14ffb903b2f0d2a65a2b050b1cd	{"symbol":"std::__Cr::pair<std::__Cr::__tree_iterator<v8::base::RegionAllocator::Region*, std::__Cr::__tree_node<v8::base::RegionAllocator::Region*, void*>*, long>, bool> std::__Cr::__tree<v8::base::RegionAllocator::Region*, v8::base::RegionAllocator::AddressEndOrder, std::__Cr::allocator<v8::base::RegionAllocator::Region*> >::__emplace_unique_key_args<v8::base::RegionAllocator::Region*, v8::base::RegionAllocator::Region* const&>(v8::base::RegionAllocator::Region* const&, v8::base::RegionAllocator::Region* const&)","file":"","line":0,"domain":"allocator_or_native_boundary","ownership":"unknown","anchor":null}
52fd6f2fdb960c75d6a302149ab0ebde810845295537508945823afeb4b84dd6	{"symbol":"v8::platform::DefaultPlatform::DefaultPlatform(int, v8::platform::IdleTaskSupport, std::__Cr::unique_ptr<v8::TracingController, std::__Cr::default_delete<v8::TracingController> >, v8::platform::PriorityMode)","file":"","line":0,"domain":"allocator_or_native_boundary","ownership":"unknown","anchor":null}
53235dbf919a2e4a96f4c9958342109c2a3db8faaf542c7f9f2d4dbd491e0a52	{"symbol":"_RINvMs6_NtCs1lJFy7o6pGX_9hashbrown3rawINtB6_8RawTableTNtNtCsjCVkXGB5m1G_3api8snapshot9WorldTileINtNtCscHgRw1M2fX5_5alloc3vec3VecjEEE14reserve_rehashNCINvNtB8_3map11make_hasherBQ_B1v_NtNtNtCs6ZjlLoI6YmX_3std4hash6random11RandomStateE0ECsdO8rEf1jYGK_3nav","file":"","line":0,"domain":"allocator_or_native_boundary","ownership":"unknown","anchor":null}
53478f19ea5fe9a6b3dea01118e093c155d769afd012143a1d8e445a3086a1d7	{"symbol":"_RNvMs5_NtCscHgRw1M2fX5_5alloc7raw_vecNtB5_11RawVecInner11finish_growCsb01T59netEQ_8wgpu_hal.llvm.12642998756741189786","file":"","line":0,"domain":"allocator_or_native_boundary","ownership":"unknown","anchor":null}
53ac3631f42df5b49d4fad740c7d5cbb8833f3db194a8d892f08cc32e8c538e5	{"symbol":"std::__Cr::pair<std::__Cr::__hash_iterator<std::__Cr::__hash_node<v8::internal::MemoryChunk const*, void*>*>, bool> std::__Cr::__hash_table<v8::internal::MemoryChunk const*, v8::base::hash<v8::internal::MemoryChunk const*>, std::__Cr::equal_to<v8::internal::MemoryChunk const*>, std::__Cr::allocator<v8::internal::MemoryChunk const*> >::__emplace_unique_key_args<v8::internal::MemoryChunk const*, v8::internal::MemoryChunk const* const&>(v8::internal::MemoryChunk const* const&, v8::internal::MemoryChunk const* const&)","file":"","line":0,"domain":"allocator_or_native_boundary","ownership":"unknown","anchor":null}
53b09ddf21c09e3bf7d9e3a9d3d47f453324e322aa8784521cc912b9837dea2d	{"symbol":"_RNvCsdgoXfPE8R7h_20signal_hook_registry23register_unchecked_impl","file":"","line":0,"domain":"allocator_or_native_boundary","ownership":"unknown","anchor":null}
549d2828f4bd60b6f928e9649aeef9539a53e8115de8c250dc64ff495cff50ca	{"symbol":"_RNvNtNtNtNtNtCs6ZjlLoI6YmX_3std3sys3pal4unix14stack_overflow11thread_info16set_current_info","file":"","line":0,"domain":"allocator_or_native_boundary","ownership":"unknown","anchor":null}
54f28f909c1b60a73faec748454b11c9412612ccdf73a4973c06a7d388e9fa00	{"symbol":"v8::internal::Heap::SetUp(v8::internal::LocalHeap*)","file":"","line":0,"domain":"allocator_or_native_boundary","ownership":"unknown","anchor":null}
55a3056145b9a61a27f775dd02ca4af81944cf305f615bc8eaac4aeb6341e089	{"symbol":"v8::internal::TaggedImpl<(v8::internal::HeapObjectReferenceType)1, unsigned long>& std::__Cr::vector<v8::internal::TaggedImpl<(v8::internal::HeapObjectReferenceType)1, unsigned long>, std::__Cr::allocator<v8::internal::TaggedImpl<(v8::internal::HeapObjectReferenceType)1, unsigned long> > >::emplace_back<v8::internal::TaggedImpl<(v8::internal::HeapObjectReferenceType)1, unsigned long> const&>(v8::internal::TaggedImpl<(v8::internal::HeapObjectReferenceType)1, unsigned long> const&)","file":"","line":0,"domain":"allocator_or_native_boundary","ownership":"unknown","anchor":null}
55f28fcbd17be75b3b499de20199547c4b78e4f14fd46f6b3dfa83d7aab4f14b	{"symbol":"_RNvMNtNtCseoayFEFQqjH_6client6client6clientNtB2_6Client14get_player_pos","file":"","line":0,"domain":"allocator_or_native_boundary","ownership":"unknown","anchor":null}
5662a0001a74eee824cd15bacba0f92c48b36f9679826fe766bc94c3b2cc977b	{"symbol":"_RNvMNtNtCs3ffjLCRwtey_2v85scope4dataNtB2_9ScopeData5boxed","file":"","line":0,"domain":"allocator_or_native_boundary","ownership":"unknown","anchor":null}
5663a90e5ad0f920cc3ce3a753441f8ac3826da4d66c827db4510731cb58435e	{"symbol":"_RNvMs_NtNtCseoayFEFQqjH_6client6config8idk_typeNtB4_7IdkType6unpack","file":"","line":0,"domain":"allocator_or_native_boundary","ownership":"unknown","anchor":null}
57d247744b80c373340d2936b58be068cad1592bfa67f27f90679fcd7943d7d1	{"symbol":"_RNvXs_NtNtCscHgRw1M2fX5_5alloc3vec21spec_from_iter_nestedINtB6_3VecNtNtCsh45fz8A1of3_3tui12script_shape10BrowseCardEINtB4_18SpecFromIterNestedB13_INtNtNtNtCsc36rpYXAlPq_4core4iter8adapters3map3MapINtNtNtB2t_5slice4iter4IterNtNtCs8BNLh0y6PrD_6script4load6JsCardENvYB13_INtNtB2t_7convert4FromRB3z_E4fromEE9from_iterB17_","file":"","line":0,"domain":"allocator_or_native_boundary","ownership":"unknown","anchor":null}
57e3f01f8a421ad930eab69ad8d06e78cc201a159e425fe09a57a3ffc0c61860	{"symbol":"_RNvMNtNtCseoayFEFQqjH_6client10wordfilter11word_filterNtB2_10WordFilter14read_bad_words","file":"","line":0,"domain":"allocator_or_native_boundary","ownership":"unknown","anchor":null}
58534557cbcdf3d411c4377186c613926551a343651cff4cecda6d806ba8339f	{"symbol":"std::__Cr::pair<std::__Cr::__hash_iterator<std::__Cr::__hash_node<v8::TracingController::TraceStateObserver*, void*>*>, bool> std::__Cr::__hash_table<v8::TracingController::TraceStateObserver*, std::__Cr::hash<v8::TracingController::TraceStateObserver*>, std::__Cr::equal_to<v8::TracingController::TraceStateObserver*>, std::__Cr::allocator<v8::TracingController::TraceStateObserver*> >::__emplace_unique_key_args<v8::TracingController::TraceStateObserver*, v8::TracingController::TraceStateObserver* const&>(v8::TracingController::TraceStateObserver* const&, v8::TracingController::TraceStateObserver* const&)","file":"","line":0,"domain":"allocator_or_native_boundary","ownership":"unknown","anchor":null}
59e41b6a52cd92d26a5d2f734a1959eb311d0f4c455cf8ebe8b9c7388e451368	{"symbol":"_RNvMNtNtCseoayFEFQqjH_6client10datastruct10hash_tableINtB2_9HashTableNtNtNtB6_6dash3d5store12SharedSpriteE3newB6_","file":"","line":0,"domain":"allocator_or_native_boundary","ownership":"unknown","anchor":null}
59f8f6b22a641eddb9d2cc92eb5e656b99e63f13526f1c05e7eab3a94372a539	{"symbol":"std::__Cr::pair<std::__Cr::__hash_iterator<std::__Cr::__hash_node<std::__Cr::__hash_value_type<v8::internal::Isolate*, std::__Cr::unique_ptr<v8::internal::wasm::WasmEngine::IsolateInfo, std::__Cr::default_delete<v8::internal::wasm::WasmEngine::IsolateInfo> > >, void*>*>, bool> std::__Cr::__hash_table<std::__Cr::__hash_value_type<v8::internal::Isolate*, std::__Cr::unique_ptr<v8::internal::wasm::WasmEngine::IsolateInfo, std::__Cr::default_delete<v8::internal::wasm::WasmEngine::IsolateInfo> > >, std::__Cr::__unordered_map_hasher<v8::internal::Isolate*, std::__Cr::__hash_value_type<v8::internal::Isolate*, std::__Cr::unique_ptr<v8::internal::wasm::WasmEngine::IsolateInfo, std::__Cr::default_delete<v8::internal::wasm::WasmEngine::IsolateInfo> > >, std::__Cr::hash<v8::internal::Isolate*>, std::__Cr::equal_to<v8::internal::Isolate*>, true>, std::__Cr::__unordered_map_equal<v8::internal::Isolate*, std::__Cr::__hash_value_type<v8::internal::Isolate*, std::__Cr::unique_ptr<v8::internal::wasm::WasmEngine::IsolateInfo, std::__Cr::default_delete<v8::internal::wasm::WasmEngine::IsolateInfo> > >, std::__Cr::equal_to<v8::internal::Isolate*>, std::__Cr::hash<v8::internal::Isolate*>, true>, std::__Cr::allocator<std::__Cr::__hash_value_type<v8::internal::Isolate*, std::__Cr::unique_ptr<v8::internal::wasm::WasmEngine::IsolateInfo, std::__Cr::default_delete<v8::internal::wasm::WasmEngine::IsolateInfo> > > > >::__emplace_unique_key_args<v8::internal::Isolate*, v8::internal::Isolate*&, std::__Cr::unique_ptr<v8::internal::wasm::WasmEngine::IsolateInfo, std::__Cr::default_delete<v8::internal::wasm::WasmEngine::IsolateInfo> > >(v8::internal::Isolate* const&, v8::internal::Isolate*&, std::__Cr::unique_ptr<v8::internal::wasm::WasmEngine::IsolateInfo, std::__Cr::default_delete<v8::internal::wasm::WasmEngine::IsolateInfo> >&&)","file":"","line":0,"domain":"allocator_or_native_boundary","ownership":"unknown","anchor":null}
5a09ff7985e731e538923dbb348daf5f3ad5de42d3012bcd0fa3e6ea8d33c161	{"symbol":"_RNvMs7_NtNtCs5bFdGJg8Aqk_10tokio_util4sync18cancellation_tokenNtB5_17CancellationToken3new","file":"","line":0,"domain":"allocator_or_native_boundary","ownership":"unknown","anchor":null}
5b6fae662b69e086384539388fe1c7d6d7a0ee6e849b27e11841985cc4d64743	{"symbol":"_RNvMNtNtCseoayFEFQqjH_6client10wordfilter11word_filterNtB2_10WordFilter14read_fragments","file":"","line":0,"domain":"allocator_or_native_boundary","ownership":"unknown","anchor":null}
5b7db08924c7399ebf1b154a12e33e4688c0a7a3f76ec9c3b0d8df1c5a65728a	{"symbol":"_RINvXs4_NtNtCscHgRw1M2fX5_5alloc3vec9into_iterINtB6_8IntoIterINtNtCsc36rpYXAlPq_4core6option6OptionINtNtBa_5boxed3BoxNtNtNtCseoayFEFQqjH_6client6config7if_type9IfTypeMutEEENtNtNtNtB12_4iter6traits8iterator8Iterator8try_foldINtNtB8_13in_place_drop11InPlaceDropIBY_INtNtBa_4sync3ArcB1R_EEENCINvNtNtB2Q_8adapters3map12map_try_foldBX_B49_B3z_INtNtB12_6result6ResultB3z_zENCNCNvCs3JBA3HkGT3V_9host_play13load_templates_00NCINvNtB8_16in_place_collect24write_in_place_with_dropB49_E0E0B5q_EB5Z_","file":"","line":0,"domain":"allocator_or_native_boundary","ownership":"unknown","anchor":null}
5bda19d2e77b5de08a70b2b8f9e7764e3c6f40eb4275a09a7afca4578771aa6c	{"symbol":"v8::internal::CppHeap::CppHeap(v8::Platform*, std::__Cr::vector<std::__Cr::unique_ptr<cppgc::CustomSpaceBase, std::__Cr::default_delete<cppgc::CustomSpaceBase> >, std::__Cr::allocator<std::__Cr::unique_ptr<cppgc::CustomSpaceBase, std::__Cr::default_delete<cppgc::CustomSpaceBase> > > > const&, cppgc::Heap::MarkingType, cppgc::Heap::SweepingType)","file":"","line":0,"domain":"allocator_or_native_boundary","ownership":"unknown","anchor":null}
5bed7611aa5f3463bd02f80b4a26ca28c2a87d65b12459d991961d442a26506c	{"symbol":"_RNvMNtCsh45fz8A1of3_3tui3binNtB2_10TuiSession4pump","file":"","line":0,"domain":"allocator_or_native_boundary","ownership":"unknown","anchor":null}
5d114bf99f786e6582f3469d0f13eb24f148bc16d91076e6ca9f9bd45d28ccd2	{"symbol":"_RNvXs_NtNtCscHgRw1M2fX5_5alloc3vec21spec_from_iter_nestedINtB6_3VecNtNtCsjCVkXGB5m1G_3api8snapshot8StatViewEINtB4_18SpecFromIterNestedB13_INtNtNtNtCsc36rpYXAlPq_4core4iter8adapters3map3MapINtNtNtB2l_3ops5range5RangejENCNvMs1_B15_NtB15_12GameSnapshot12rebuild_stat0EE9from_iterB17_","file":"","line":0,"domain":"allocator_or_native_boundary","ownership":"unknown","anchor":null}
5d819357873c1654776c81c4502360ad6ede0a7b9e9e2e1cc163e0ecb36fcd7e	{"symbol":"_RNvMNtCs50mG4W4lMfe_8scenario6runnerNtB2_14ScenarioRunner14set_live_names","file":"","line":0,"domain":"allocator_or_native_boundary","ownership":"unknown","anchor":null}
60ab0fed6c58b447428bd8fdb4338d027dcd0934b549e89b01e0f603834ad736	{"symbol":"v8::base::RegionAllocator::RegionAllocator(unsigned long, unsigned long, unsigned long)","file":"","line":0,"domain":"allocator_or_native_boundary","ownership":"unknown","anchor":null}
621e876fa28baa2e1a28044329820ba92a08447fdfbdc2e5f2016000f864775a	{"symbol":"_RNvMs3_NtCs46fkt1xHg5P_11rustyscript13inner_runtimeINtB5_12InnerRuntimeNtNtNtCs5bJpdm632qa_9deno_core7runtime9jsruntime9JsRuntimeE3newB7_","file":"","line":0,"domain":"allocator_or_native_boundary","ownership":"unknown","anchor":null}
6372c45c8b0f7e395fb0da1dc75b46a57bc14f1f297df52b295dd199f94f0de8	{"symbol":"_RINvXs0_NtNtNtCsc36rpYXAlPq_4core4iter8adapters3mapINtB6_3MapINtNtNtBc_5slice4iter4IterNtNtCs8BNLh0y6PrD_6script10isolate_fb9StatInputENCNvMsh_B1p_NtB1p_19SnapshotFingerprint10from_input0ENtNtNtBa_6traits8iterator8Iterator4folduNCINvNvB30_8for_each4callTlNtNtCscHgRw1M2fX5_5alloc6string6StringlllENCINvMsj_NtB49_3vecINtB4U_3VecB43_E14extend_trustedBN_E0E0EB1r_","file":"","line":0,"domain":"allocator_or_native_boundary","ownership":"unknown","anchor":null}
63936749fcc40d518ff2fb6bcfbce101e18f17ace4a8237e91dde161ba1ed4a9	{"symbol":"v8::MemoryRange& std::__Cr::vector<v8::MemoryRange, std::__Cr::allocator<v8::MemoryRange> >::emplace_back<v8::MemoryRange const&>(v8::MemoryRange const&)","file":"","line":0,"domain":"allocator_or_native_boundary","ownership":"unknown","anchor":null}
639511caff4ca9379f4c3593474a84e0dce66148a37e47055a9961dfd1b34898	{"symbol":"cppgc::internal::RawHeap::RawHeap(cppgc::internal::HeapBase*, std::__Cr::vector<std::__Cr::unique_ptr<cppgc::CustomSpaceBase, std::__Cr::default_delete<cppgc::CustomSpaceBase> >, std::__Cr::allocator<std::__Cr::unique_ptr<cppgc::CustomSpaceBase, std::__Cr::default_delete<cppgc::CustomSpaceBase> > > > const&)","file":"","line":0,"domain":"allocator_or_native_boundary","ownership":"unknown","anchor":null}
63a0bcab113124cea1d340904f8d1112383d840d9dc5c9bd3d4f26e8d80f91c8	{"symbol":"_RNvXs_NtNtCscHgRw1M2fX5_5alloc3vec21spec_from_iter_nestedINtB6_3VecTlNtNtB8_6string6StringEEINtB4_18SpecFromIterNestedB13_INtNtNtNtCsc36rpYXAlPq_4core4iter8adapters3map3MapINtNtNtB25_5slice4iter4IterNtNtCs8BNLh0y6PrD_6script10isolate_fb13ChatLineInputENCNvMsh_B3d_NtB3d_19SnapshotFingerprint10from_inputs1_0EE9from_iterB3f_","file":"","line":0,"domain":"allocator_or_native_boundary","ownership":"unknown","anchor":null}
648a086a32bed56e5591707fc20b6ade74a2e407a393f34219628ea9e78e57f9	{"symbol":"_RNvMNtNtCseoayFEFQqjH_6client10datastruct10hash_tableINtB2_9HashTableNtNtNtB6_6config8loc_type9CachedLocE3newB6_","file":"","line":0,"domain":"allocator_or_native_boundary","ownership":"unknown","anchor":null}
64cd864b1070def8685577729392fe45796c8cafc94f37d196025303ee5d4d47	{"symbol":"operator new(unsigned long, std::align_val_t)","file":"","line":0,"domain":"allocator_or_native_boundary","ownership":"unknown","anchor":null}
65628fbfd8eea0ba3d55f7490dc21cf2f523fb085cc5edbf2acc07e61d738a9a	{"symbol":"std::__Cr::pair<std::__Cr::__tree_iterator<v8::base::RegionAllocator::Region*, std::__Cr::__tree_node<v8::base::RegionAllocator::Region*, void*>*, long>, bool> std::__Cr::__tree<v8::base::RegionAllocator::Region*, v8::base::RegionAllocator::SizeAddressOrder, std::__Cr::allocator<v8::base::RegionAllocator::Region*> >::__emplace_unique_key_args<v8::base::RegionAllocator::Region*, v8::base::RegionAllocator::Region* const&>(v8::base::RegionAllocator::Region* const&, v8::base::RegionAllocator::Region* const&)","file":"","line":0,"domain":"allocator_or_native_boundary","ownership":"unknown","anchor":null}
65a2a8416e34e81374d9d652243bb2daca85a222bfdd65ec5abfc83f91f4853c	{"symbol":"v8::internal::ConcurrentMarking::ConcurrentMarking(v8::internal::Heap*, v8::internal::WeakObjects*)","file":"","line":0,"domain":"allocator_or_native_boundary","ownership":"unknown","anchor":null}
65ac0e2f2001d1807c5cbd6088ce6f20218842c33aaf16179785d0273d4f9682	{"symbol":"_RNvMs6_Cs3JBA3HkGT3V_9host_playNtB5_4Play3new","file":"","line":0,"domain":"allocator_or_native_boundary","ownership":"unknown","anchor":null}
670297148fc36e17e664809ea562a44bd7d59789f5732bf2ea03ec43423d36e8	{"symbol":"_RINvNtNtCs6ZjlLoI6YmX_3std6thread9lifecycle15spawn_uncheckedNCNvMNtNtCs8BNLh0y6PrD_6script4load7isolateNtB11_11LoadIsolate11spawn_inners_0uEB15_","file":"","line":0,"domain":"allocator_or_native_boundary","ownership":"unknown","anchor":null}
67248a1377ac46351668ea2dd17a7513363e9955b9bd6537ef3ad46cf25673fb	{"symbol":"_dl_allocate_tls","file":"","line":0,"domain":"allocator_or_native_boundary","ownership":"unknown","anchor":null}
6792a80fce9588b41a42867e7103829ad3de44ed5e5ac9364ec5c94d9ac287fc	{"symbol":"_RNvNtCs8BNLh0y6PrD_6script10isolate_fb11item_row_fp","file":"","line":0,"domain":"allocator_or_native_boundary","ownership":"unknown","anchor":null}
67bd84f807035d03fe0592ee6bbe691d2f34a724fcd0615821b1ce5fc5af7a82	{"symbol":"_RNvMNtNtCs46fkt1xHg5P_11rustyscript13module_loader12inner_loaderNtB2_16InnerRustyLoader7resolve","file":"","line":0,"domain":"allocator_or_native_boundary","ownership":"unknown","anchor":null}
67c23779f78ddc300af09da18ad4e45f39300074c64ef84fd85f6fbf0e1daad3	{"symbol":"v8::platform::DefaultWorkerThreadsTaskRunner::DefaultWorkerThreadsTaskRunner(unsigned int, double (*)(), v8::base::Thread::Priority)","file":"","line":0,"domain":"allocator_or_native_boundary","ownership":"unknown","anchor":null}
68717bc035d501b2d7a0548069f3cb687ec27f290d2a36341c727b8f1e313ebc	{"symbol":"v8::internal::GCCallbacks::Add(void (*)(v8::Isolate*, v8::GCType, v8::GCCallbackFlags, void*), v8::Isolate*, v8::GCType, void*)","file":"","line":0,"domain":"allocator_or_native_boundary","ownership":"unknown","anchor":null}
68f94075f9ebcad921dd2b319b30dc5b3c0af233fc7fa15fa47203092cc7e81f	{"symbol":"v8::bigint::Processor::New(v8::bigint::Platform*)","file":"","line":0,"domain":"allocator_or_native_boundary","ownership":"unknown","anchor":null}
6929d9bb67a00fec91d90f4559b9ed26003bf7fb74134da08e1e0095ccca3982	{"symbol":"_RINvMsm_NtCscHgRw1M2fX5_5alloc2rcINtB6_2RcSNtNtNtCs9EEH76LUcI7_12ratatui_core6layout4rect4RectE15from_iter_exactINtNtNtNtCsc36rpYXAlPq_4core4iter8adapters3map3MapINtNtNtB1V_5slice4iter4IterNtNtBJ_6layout7ElementENCNvB33_16changes_to_rects0EEBL_","file":"","line":0,"domain":"allocator_or_native_boundary","ownership":"unknown","anchor":null}
698caa20e98a629b0b52574c520d465f4a3781a3ca81dafdb1113c46ac66473f	{"symbol":"v8::internal::LocalIsolate::LocalIsolate(v8::internal::Isolate*, v8::internal::ThreadKind)","file":"","line":0,"domain":"allocator_or_native_boundary","ownership":"unknown","anchor":null}
6a04df60ca57e7d15fa276a2554334fdc67fae78eb8010db7575a238225a09b7	{"symbol":"v8::Context::Enter()","file":"","line":0,"domain":"allocator_or_native_boundary","ownership":"unknown","anchor":null}
6a345445d81fcdce75364c898a44e743e18e46e462fd1f959258f2b34ffefd50	{"symbol":"v8::internal::wasm::WasmEngine::InitializeOncePerProcess()","file":"","line":0,"domain":"allocator_or_native_boundary","ownership":"unknown","anchor":null}
6a36977ed237be23b5c72646586416b857d6e764b1e64b2b679be67623263e51	{"symbol":"_RNvMs5_NtCscHgRw1M2fX5_5alloc7raw_vecNtB5_11RawVecInner11finish_growCsh45fz8A1of3_3tui.llvm.8043456985480046121","file":"","line":0,"domain":"allocator_or_native_boundary","ownership":"unknown","anchor":null}
6aba15e778ac0d218533472f0ad16f18584049c46fb2edce793d5d49d7ad3c91	{"symbol":"_RINvXs6_NtNtCsg1F0d9pE0jn_5serde2de5implsNtNtCscHgRw1M2fX5_5alloc6string6StringNtB8_11Deserialize11deserializeINtNtCs8w6ufvPp9JY_10serde_json2de6MapKeyNtNtB1P_4read9SliceReadEECs1hMbrFPmPsq_5vault","file":"","line":0,"domain":"allocator_or_native_boundary","ownership":"unknown","anchor":null}
6abb066cf89663373768d54528edf59c7d2089ee2c4a0637ae919947ff155460	{"symbol":"_RNvMsi_NtNtNtCscHgRw1M2fX5_5alloc11collections5btree3mapINtB5_8BTreeMapNtNtBb_6string6StringNtCs1hMbrFPmPsq_5vault7ProfileE6insertB1u_","file":"","line":0,"domain":"allocator_or_native_boundary","ownership":"unknown","anchor":null}
6cc5e6a7895c833ee25782f7d89d453371ca72d012cbd16b264113bdc401b8ca	{"symbol":"_RINvMs5_NtNtCs3mPnGIsjFaM_11signal_hook8iterator7backendINtB6_14SignalDeliveryNtNtNtNtCsbuLvMvCFJgq_3mio3net3uds6stream10UnixStreamNtNtB8_11exfiltrator10SignalOnlyE9with_pipeAlj1_lB1e_ECshu1YjhL9Q4t_9crossterm","file":"","line":0,"domain":"allocator_or_native_boundary","ownership":"unknown","anchor":null}
6db6fbd2add0b9db3f8c98b32f2f231dfd568abda076161cc8f722eebbe3f05a	{"symbol":"v8::internal::GlobalHandles::GlobalHandles(v8::internal::Isolate*)","file":"","line":0,"domain":"allocator_or_native_boundary","ownership":"unknown","anchor":null}
70e36be5ecbdaf3253f0908612ab3091894e9b9bf2e9cc897e1efebe81f1a0d9	{"symbol":"v8::internal::compiler::WasmCallDescriptors::WasmCallDescriptors(v8::internal::AccountingAllocator*)","file":"","line":0,"domain":"allocator_or_native_boundary","ownership":"unknown","anchor":null}
714096c6affa162b7d3d534d211c6ec56d7d26ac8c89c0abdf71e05d7eb9cf3c	{"symbol":"_RNvNtCsh45fz8A1of3_3tui3bin3run","file":"","line":0,"domain":"allocator_or_native_boundary","ownership":"unknown","anchor":null}
7208c76875d7f972c719a523514a849d05d1ddb92a6974d85d102ac98af929f6	{"symbol":"_RNvXs_NtNtCscHgRw1M2fX5_5alloc3vec21spec_from_iter_nestedINtB6_3VecNtNtCs8BNLh0y6PrD_6script10isolate_fb9ItemRowFpEINtB4_18SpecFromIterNestedB13_INtNtNtNtCsc36rpYXAlPq_4core4iter8adapters3map3MapINtNtNtB2s_5slice4iter4IterNtB15_12ItemRowInputENvB15_11item_row_fpEE9from_iterB17_","file":"","line":0,"domain":"allocator_or_native_boundary","ownership":"unknown","anchor":null}
72204921509737c486b146f3d6df800663e7a2c911de8a897241ecf87f90b6f0	{"symbol":"_RNvMs5_NtCscHgRw1M2fX5_5alloc7raw_vecNtB5_11RawVecInner11finish_growCs48pER9i7TM2_3url.llvm.15660988891364918792","file":"","line":0,"domain":"allocator_or_native_boundary","ownership":"unknown","anchor":null}
72a1618b84e7906669afd846e812b5c566431a338b5eb393f621fc765cbd2142	{"symbol":"_RNvMs16_NtCs6ZjlLoI6YmX_3std4pathNtB6_4Path11to_path_buf","file":"","line":0,"domain":"allocator_or_native_boundary","ownership":"unknown","anchor":null}
72b0f99b8349bb7b8f6caaa7b7cc008049b5ba7d8228b57ab6fff14f143c053e	{"symbol":"_RNvNtCs8BNLh0y6PrD_6script14memory_profile10registered","file":"","line":0,"domain":"allocator_or_native_boundary","ownership":"unknown","anchor":null}
72cad0026120c50af7d386321b6ee737585055b163be5bd0db7aef205508c22c	{"symbol":"_RNvMs_NtNtCseoayFEFQqjH_6client6config11varbit_typeNtB4_10VarBitType6unpack","file":"","line":0,"domain":"allocator_or_native_boundary","ownership":"unknown","anchor":null}
72e4f5c576864e6e9e461504e1d5c4b00dabc066b49ca029aeaebd5795a14d5f	{"symbol":"void std::__Cr::__hash_table<v8::TracingController::TraceStateObserver*, std::__Cr::hash<v8::TracingController::TraceStateObserver*>, std::__Cr::equal_to<v8::TracingController::TraceStateObserver*>, std::__Cr::allocator<v8::TracingController::TraceStateObserver*> >::__do_rehash<true>(unsigned long)","file":"","line":0,"domain":"allocator_or_native_boundary","ownership":"unknown","anchor":null}
7316a23d42412e20048446bd14d5cf1b3e7285cae727af14dd7e45e6b28c983d	{"symbol":"v8::internal::PagedSpace::CreateAllocatorPolicy(v8::internal::MainAllocator*)","file":"","line":0,"domain":"allocator_or_native_boundary","ownership":"unknown","anchor":null}
7342eeea1002be07c0e17d3c8bf84ff299d0850bc6f1c51308e334e36fbb1baf	{"symbol":"_RNvMs4_NtNtNtNtCscHgRw1M2fX5_5alloc11collections5btree3map5entryINtB5_11VacantEntryNtNtCsc36rpYXAlPq_4core3any6TypeIdINtNtBd_5boxed3BoxDNtB1l_3AnyEL_EE12insert_entryCs5bJpdm632qa_9deno_core","file":"","line":0,"domain":"allocator_or_native_boundary","ownership":"unknown","anchor":null}
73599eb4fb3f23b3a188c3a6dcb146f770f7b9910e9337a3487a4f87abe06cbf	{"symbol":"void std::__Cr::__hash_table<v8::internal::AllocationObserver*, std::__Cr::hash<v8::internal::AllocationObserver*>, std::__Cr::equal_to<v8::internal::AllocationObserver*>, std::__Cr::allocator<v8::internal::AllocationObserver*> >::__do_rehash<true>(unsigned long)","file":"","line":0,"domain":"allocator_or_native_boundary","ownership":"unknown","anchor":null}
7390bfaaf5260a1e2baf35097ad4109fdc35d54f18f868aa58fa2f1bc697eaa4	{"symbol":"std::__Cr::deque<std::__Cr::unique_ptr<v8::Task, std::__Cr::default_delete<v8::Task> >, std::__Cr::allocator<std::__Cr::unique_ptr<v8::Task, std::__Cr::default_delete<v8::Task> > > >::__add_back_capacity()","file":"","line":0,"domain":"allocator_or_native_boundary","ownership":"unknown","anchor":null}
73af0c4b26816bedafba2b517e4dfcbcebc37c25ce17126965b880b2e927b9d5	{"symbol":"operator new[](unsigned long, std::nothrow_t const&)","file":"","line":0,"domain":"allocator_or_native_boundary","ownership":"unknown","anchor":null}
73c57d868ec65b2ec89448216eda3f96e25d61766e666282975f198e18398672	{"symbol":"v8::internal::Intl::CreateTimeZoneCache()","file":"","line":0,"domain":"allocator_or_native_boundary","ownership":"unknown","anchor":null}
754bed513eba0ec694282397267e027b7af8cd8a4384a08baa1b30312559a13d	{"symbol":"v8::internal::wasm::WasmEngine::WasmEngine()","file":"","line":0,"domain":"allocator_or_native_boundary","ownership":"unknown","anchor":null}
759555167e34a9a9d61431b5cf20a39a8350e01efc037331475e874b577520c2	{"symbol":"_RNvMsk_NtCscHgRw1M2fX5_5alloc4syncINtB5_3ArcINtNtB7_3vec3VecINtNtCsc36rpYXAlPq_4core6option6OptionIBx_NtNtNtCseoayFEFQqjH_6client6config7if_type9IfTypeMutEEEE17clone_from_ref_inB1I_","file":"","line":0,"domain":"allocator_or_native_boundary","ownership":"unknown","anchor":null}
768b1d3877a755805fb8b0e8c90a70e4102fb271726834eccd1934583b200540	{"symbol":"_RNvMNtNtNtCsjSTgzKTFx8E_5tokio7runtime2io6driverNtB2_6Driver3new","file":"","line":0,"domain":"allocator_or_native_boundary","ownership":"unknown","anchor":null}
774ad503d73c6b03581e89149f583cf55edf26885ea1dd95a71c2a5a178f509c	{"symbol":"_RNvMNtNtCseoayFEFQqjH_6client4core5worldNtB2_5World16set_ground_decor","file":"","line":0,"domain":"allocator_or_native_boundary","ownership":"unknown","anchor":null}
77be961186e8c758162cbe177fecb1797f0f5a45bff59be0103d2abf25eb47ff	{"symbol":"_RNvMs0_NtNtCseoayFEFQqjH_6client6config8flo_typeNtB5_7FloType6unpack","file":"","line":0,"domain":"allocator_or_native_boundary","ownership":"unknown","anchor":null}
781aa38583519ab9a8833154cb0ed7895a4c748a08a9b8e2291f31dab1c526d0	{"symbol":"v8::internal::VirtualMemoryCage::InitReservation(v8::internal::VirtualMemoryCage::ReservationParams const&, v8::base::AddressRegion)","file":"","line":0,"domain":"allocator_or_native_boundary","ownership":"unknown","anchor":null}
7957ba94513fe282f043b349bcec95f85c9a6c642ad8f4aff992d139de945b33	{"symbol":"_RNvMs0_NtNtCseoayFEFQqjH_6client6dash3d5modelNtB5_5Model4load","file":"","line":0,"domain":"allocator_or_native_boundary","ownership":"unknown","anchor":null}
797e92cd0abd10212156b50da8f940fd71274a0f4c5ebc8bc4e6b2cf2743beb1	{"symbol":"v8::internal::SemiSpaceNewSpace::CreateAllocatorPolicy(v8::internal::MainAllocator*)","file":"","line":0,"domain":"allocator_or_native_boundary","ownership":"unknown","anchor":null}
79e9d47497ab7ec6e07c2f06ed8e6e4814f9e6e2cf84e351cbb718ff6dddbc3c	{"symbol":"_RNvMNtNtCseoayFEFQqjH_6client10wordfilter11word_filterNtB2_10WordFilter8read_tld","file":"","line":0,"domain":"allocator_or_native_boundary","ownership":"unknown","anchor":null}
7a504ea0b8719c570e3a5cdf06280fa8ac2b4e3f9b98eae95a80533dcd18416b	{"symbol":"v8::sampler::Sampler::Sampler(v8::Isolate*)","file":"","line":0,"domain":"allocator_or_native_boundary","ownership":"unknown","anchor":null}
7ad47fd9849faa7a87934058d918ff23d2e56e9955721e3e7710e2d25d4d5691	{"symbol":"v8::base::RegionAllocator::Split(v8::base::RegionAllocator::Region*, unsigned long)","file":"","line":0,"domain":"allocator_or_native_boundary","ownership":"unknown","anchor":null}
7c0b3157abae812e6ff5c53a68b2e5b584db8e6395b26bafdf81cc3d55a9a7b3	{"symbol":"_RINvMs6_NtCs1lJFy7o6pGX_9hashbrown3rawINtB6_8RawTableTNtNtCscHgRw1M2fX5_5alloc6string6StringINtNtNtCs6ZjlLoI6YmX_3std6thread11join_handle10JoinHandleuEEE14reserve_rehashNCINvNtB8_3map11make_hasherBQ_B1s_NtNtNtB1z_4hash6random11RandomStateE0ECs3JBA3HkGT3V_9host_play","file":"","line":0,"domain":"allocator_or_native_boundary","ownership":"unknown","anchor":null}
7c722e0367e24c3303514a208201431e22576edf106762cb6f02e1523bb82bc9	{"symbol":"void std::__Cr::__hash_table<v8::internal::MemoryChunk const*, v8::base::hash<v8::internal::MemoryChunk const*>, std::__Cr::equal_to<v8::internal::MemoryChunk const*>, std::__Cr::allocator<v8::internal::MemoryChunk const*> >::__do_rehash<true>(unsigned long)","file":"","line":0,"domain":"allocator_or_native_boundary","ownership":"unknown","anchor":null}
7c763f29625127778328c5c1c0c28b9aead045d016fb202f6138ad5945b89dde	{"symbol":"v8::internal::ReadOnlyPageMetadata*& std::__Cr::vector<v8::internal::ReadOnlyPageMetadata*, std::__Cr::allocator<v8::internal::ReadOnlyPageMetadata*> >::emplace_back<v8::internal::ReadOnlyPageMetadata* const&>(v8::internal::ReadOnlyPageMetadata* const&)","file":"","line":0,"domain":"allocator_or_native_boundary","ownership":"unknown","anchor":null}
7cddee6a1e1c514177986443a51a2245cbbb49afe1a83cb69d99906973cacdef	{"symbol":"_RNvMs1_NtNtCseoayFEFQqjH_6client2io8ondemandNtB5_8OnDemand3new","file":"","line":0,"domain":"allocator_or_native_boundary","ownership":"unknown","anchor":null}
7ddd4335e938a97786c20127d1bdedd53316ad0dd76f07c9e880909b96111557	{"symbol":"v8::internal::PageMetadata*& std::__Cr::vector<v8::internal::PageMetadata*, std::__Cr::allocator<v8::internal::PageMetadata*> >::emplace_back<v8::internal::PageMetadata* const&>(v8::internal::PageMetadata* const&)","file":"","line":0,"domain":"allocator_or_native_boundary","ownership":"unknown","anchor":null}
7de04b7e12857349d62ac093a9ee8ef4b80f1e520d6be9622526ac5b71f46d03	{"symbol":"v8::internal::ReadOnlyHeap::SetUp(v8::internal::Isolate*, v8::internal::SnapshotData*, bool)","file":"","line":0,"domain":"allocator_or_native_boundary","ownership":"unknown","anchor":null}
7e0e45c15744d8452570847f076ec88b4e8c943d70ede9bc61b6e69c8b5ab844	{"symbol":"_RNvMs5_NtCscHgRw1M2fX5_5alloc7raw_vecNtB5_11RawVecInner11finish_growCs9EEH76LUcI7_12ratatui_core.llvm.808637143015815203","file":"","line":0,"domain":"allocator_or_native_boundary","ownership":"unknown","anchor":null}
7e3949ea5a210208d044003806f43302464bdb80af6739cd18b0eb4d08291560	{"symbol":"_RNvMNtNtNtCs6ZjlLoI6YmX_3std4sync4mpmc7contextNtB2_7Context3new","file":"","line":0,"domain":"allocator_or_native_boundary","ownership":"unknown","anchor":null}
7e8b8d8066bd1cc39ec51346e817f560355462b8a7591699a535e1b9baba7c27	{"symbol":"v8::internal::wasm::WasmEngine::AddIsolate(v8::internal::Isolate*)","file":"","line":0,"domain":"allocator_or_native_boundary","ownership":"unknown","anchor":null}
7f0fc215f554276eace2e99fe64bd17b8bacb82b1258b438f7880e3666f7b7eb	{"symbol":"_RNvMs6_Cs3JBA3HkGT3V_9host_playNtB5_4Play5focus","file":"","line":0,"domain":"allocator_or_native_boundary","ownership":"unknown","anchor":null}
7fb98bd704d8026ed86a139b649086964d42a16da1a13ebf89abaa37fc2b79bc	{"symbol":"_RNvNtCs46fkt1xHg5P_11rustyscript10transpiler9transpile","file":"","line":0,"domain":"allocator_or_native_boundary","ownership":"unknown","anchor":null}
812e48c3380952445cd68d313d46c8f0d260619941652477aa1a49fd346d37a5	{"symbol":"_RINvMs6_NtCs1lJFy7o6pGX_9hashbrown3rawINtB6_8RawTableTNtNtCsc36rpYXAlPq_4core3any6TypeIdNtNtCs3ffjLCRwtey_2v87isolate7RawSlotEE14reserve_rehashNCINvNtB8_3map11make_hasherBQ_B1o_NtB1q_17BuildTypeIdHasherE0EB1s_","file":"","line":0,"domain":"allocator_or_native_boundary","ownership":"unknown","anchor":null}
816b2bf143e525c9e03a82096c1bb5d7bb83593977b809303c5eda2c79293b10	{"symbol":"v8::platform::DefaultPlatform::CreateJobImpl(v8::TaskPriority, std::__Cr::unique_ptr<v8::JobTask, std::__Cr::default_delete<v8::JobTask> >, v8::SourceLocation const&)","file":"","line":0,"domain":"allocator_or_native_boundary","ownership":"unknown","anchor":null}
820ff130d270b43586b99a0212433b83e233c1a9aba1a063143e2ed90a598410	{"symbol":"v8::internal::StringsStorage::StringsStorage()","file":"","line":0,"domain":"allocator_or_native_boundary","ownership":"unknown","anchor":null}
835c7c0937d72d625358bd839d46e5b0a46f0ce6e2ea8aef1bf3114f8ed93b86	{"symbol":"cppgc::internal::Sweeper::SweeperImpl::IncrementalSweepTask::Post(cppgc::internal::Sweeper::SweeperImpl&, std::__Cr::shared_ptr<v8::TaskRunner> const&, v8::TaskPriority, std::__Cr::optional<v8::base::TimeDelta>)","file":"","line":0,"domain":"allocator_or_native_boundary","ownership":"unknown","anchor":null}
8456236c02212248ff44836ddfc95227b88f6f3dec9a69b45c68322e4ddcaaca	{"symbol":"void std::__Cr::__hash_table<std::__Cr::__hash_value_type<unsigned long, v8::internal::Cancelable*>, std::__Cr::__unordered_map_hasher<unsigned long, std::__Cr::__hash_value_type<unsigned long, v8::internal::Cancelable*>, std::__Cr::hash<unsigned long>, std::__Cr::equal_to<unsigned long>, true>, std::__Cr::__unordered_map_equal<unsigned long, std::__Cr::__hash_value_type<unsigned long, v8::internal::Cancelable*>, std::__Cr::equal_to<unsigned long>, std::__Cr::hash<unsigned long>, true>, std::__Cr::allocator<std::__Cr::__hash_value_type<unsigned long, v8::internal::Cancelable*> > >::__do_rehash<true>(unsigned long)","file":"","line":0,"domain":"allocator_or_native_boundary","ownership":"unknown","anchor":null}
865e19a6cbd943d142d1dcc14ee92d2ebb07999cc3058cf259ab1cd586075385	{"symbol":"v8::internal::IsolateGroup::InitializeReadOnlyArtifacts()","file":"","line":0,"domain":"allocator_or_native_boundary","ownership":"unknown","anchor":null}
86e0bdae1754b7938e4b27cab6782ab463e58555a18bbeb1080c2f8bddbd0e6e	{"symbol":"_RNvXNtNtCscHgRw1M2fX5_5alloc3vec21spec_from_iter_nestedINtB4_3VecNtNtB6_6string6StringEINtB2_18SpecFromIterNestedB11_INtNtNtNtCsc36rpYXAlPq_4core4iter8adapters3map3MapINtNtCs95VkCdQNZ8_11flatbuffers6vector10VectorIterINtNtB2K_10primitives15ForwardsUOffsetReEENvYeNtB13_8ToString9to_stringEE9from_iterCs8BNLh0y6PrD_6script","file":"","line":0,"domain":"allocator_or_native_boundary","ownership":"unknown","anchor":null}
882ea6e1c2701ce5bfaa9420f0091d24ac72db02ddd09f153aa28820d18ebacf	{"symbol":"_RNvXsa_NtCscHgRw1M2fX5_5alloc3vecINtB5_3VecNtNtB7_6string6StringENtNtCsc36rpYXAlPq_4core5clone5Clone5cloneCsh45fz8A1of3_3tui","file":"","line":0,"domain":"allocator_or_native_boundary","ownership":"unknown","anchor":null}
88bf6d234899e009021c1b6b9cb2b25fc041ea986670f2e423b106a9433ce31b	{"symbol":"_RNvMsh_NtCs8BNLh0y6PrD_6script10isolate_fbNtB5_19SnapshotFingerprint10from_input","file":"","line":0,"domain":"allocator_or_native_boundary","ownership":"unknown","anchor":null}
893d2666be7a293543e56ad759a1ec97bee5e92ddaa594ec801194e79a23c1b1	{"symbol":"_RINvXNtNtCscHgRw1M2fX5_5alloc3vec14spec_from_elemNtNtNtCs9EEH76LUcI7_12ratatui_core6buffer4cell4CellNtB3_12SpecFromElem9from_elemNtNtB7_5alloc6GlobalEBR_","file":"","line":0,"domain":"allocator_or_native_boundary","ownership":"unknown","anchor":null}
89d3b40d4d69e11b8d19c559920a9a3c50cffe599e6619f07eae9809c44ef49b	{"symbol":"_RNvXs_NtNtCscHgRw1M2fX5_5alloc3vec21spec_from_iter_nestedINtB6_3VecNtNtCs8BNLh0y6PrD_6script10isolate_fb13CombatStyleFpEINtB4_18SpecFromIterNestedB13_INtNtNtNtCsc36rpYXAlPq_4core4iter8adapters3map3MapINtNtNtB2x_5slice4iter4IterNtB15_16CombatStyleInputENvB15_15combat_style_fpEE9from_iterB17_","file":"","line":0,"domain":"allocator_or_native_boundary","ownership":"unknown","anchor":null}
8a03ed7948fe4873d3a76e1259e9718c0746d3098bbb2525a8e7f9a4e97e63db	{"symbol":"_RNvMs1_NtCsjCVkXGB5m1G_3api8snapshotNtB5_12GameSnapshot14rebuild_family","file":"","line":0,"domain":"allocator_or_native_boundary","ownership":"unknown","anchor":null}
8a355ff6a766f3f48fea513501fc2adbac1ff7894e093a14f629661844423ca1	{"symbol":"std::__Cr::unique_ptr<v8::platform::DefaultWorkerThreadsTaskRunner::WorkerThread, std::__Cr::default_delete<v8::platform::DefaultWorkerThreadsTaskRunner::WorkerThread> >& std::__Cr::vector<std::__Cr::unique_ptr<v8::platform::DefaultWorkerThreadsTaskRunner::WorkerThread, std::__Cr::default_delete<v8::platform::DefaultWorkerThreadsTaskRunner::WorkerThread> >, std::__Cr::allocator<std::__Cr::unique_ptr<v8::platform::DefaultWorkerThreadsTaskRunner::WorkerThread, std::__Cr::default_delete<v8::platform::DefaultWorkerThreadsTaskRunner::WorkerThread> > > >::emplace_back<std::__Cr::unique_ptr<v8::platform::DefaultWorkerThreadsTaskRunner::WorkerThread, std::__Cr::default_delete<v8::platform::DefaultWorkerThreadsTaskRunner::WorkerThread> > >(std::__Cr::unique_ptr<v8::platform::DefaultWorkerThreadsTaskRunner::WorkerThread, std::__Cr::default_delete<v8::platform::DefaultWorkerThreadsTaskRunner::WorkerThread> >&&)","file":"","line":0,"domain":"allocator_or_native_boundary","ownership":"unknown","anchor":null}
8a8a5ef0f3b1ba216008817c34c3e1a0b0f530d6edd5a46d96687f1c4b17d842	{"symbol":"_RNvMs4_NtNtCsgfI0YPFYkVC_12futures_util6stream17futures_unorderedINtB5_16FuturesUnorderedINtNtNtB7_6stream11into_future12StreamFutureNtNtNtCs5bJpdm632qa_9deno_core7modules14recursive_load19RecursiveModuleLoadEE3newB2d_","file":"","line":0,"domain":"allocator_or_native_boundary","ownership":"unknown","anchor":null}
8b9ab6923861159f7e66682efcebca87fa8b22abc4caa377609cd6b6213a2c4f	{"symbol":"_RINvMs3_NtCs46fkt1xHg5P_11rustyscript13inner_runtimeINtB6_12InnerRuntimeNtNtNtCs5bJpdm632qa_9deno_core7runtime9jsruntime9JsRuntimeE17register_functionNCNvNtNtCs8BNLh0y6PrD_6script4load7isolate12wire_runtime0EB2w_","file":"","line":0,"domain":"allocator_or_native_boundary","ownership":"unknown","anchor":null}
8c51a436a79ab5a2ba2898add0b10f5a53a5813fbacec03a3090c463f928f670	{"symbol":"_RNvMs1_NtNtNtCs6ZjlLoI6YmX_3std4sync4mpmc4listINtB5_7ChannelNtNtNtCs8BNLh0y6PrD_6script4load7isolate9ThreadMsgE4sendB12_","file":"","line":0,"domain":"allocator_or_native_boundary","ownership":"unknown","anchor":null}
8cc013b178ad8ffeef17de30cb62f158d3ec92284fe8dd1c50482ced5bad4e0f	{"symbol":"_RINvMNtCs5bJpdm632qa_9deno_core12gotham_stateNtB3_11GothamState3putINtNtNtNtCs6ZjlLoI6YmX_3std11collections4hash3map7HashMapNtNtCscHgRw1M2fX5_5alloc6string6StringINtNtB22_5boxed3BoxDNtNtCs46fkt1xHg5P_11rustyscript13inner_runtime10RsFunctionp6OutputINtNtCsc36rpYXAlPq_4core6result6ResultNtNtCs8w6ufvPp9JY_10serde_json5value5ValueNtNtB2Y_5error5ErrorEEL_EEECs8BNLh0y6PrD_6script","file":"","line":0,"domain":"allocator_or_native_boundary","ownership":"unknown","anchor":null}
8d0bcf0af7d2e252b4e0eedb2e38cc757da0ff7d9dc3d7602de62f41d96824d7	{"symbol":"_RNvMs1_NtNtNtCs6ZjlLoI6YmX_3std4sync4mpmc4listINtB5_7ChannelNtNtNtCseoayFEFQqjH_6client2io8ondemand13WorkerCommandE4sendB12_","file":"","line":0,"domain":"allocator_or_native_boundary","ownership":"unknown","anchor":null}
8e8b2b852661c5e99c2c4c5778c1220c84a8e7772afea25c3b352f2d32404adb	{"symbol":"_RNCNvMNtCsh45fz8A1of3_3tui3binNtB4_10TuiSession10start_plays_0B6_","file":"","line":0,"domain":"allocator_or_native_boundary","ownership":"unknown","anchor":null}
8fd4e0ad2eb25c28ef3f4e464dca20d634a3715bab5e0b4b6c094773ab4e0803	{"symbol":"int& std::__Cr::vector<int, std::__Cr::allocator<int> >::emplace_back<int const&>(int const&)","file":"","line":0,"domain":"allocator_or_native_boundary","ownership":"unknown","anchor":null}
917601d5c640a908cc1a8bb7245f46317a88492c911c03ae35d34654a95a3824	{"symbol":"v8::platform::DefaultPlatform::EnsureBackgroundTaskRunnerInitialized()","file":"","line":0,"domain":"allocator_or_native_boundary","ownership":"unknown","anchor":null}
91d21d2d116ad1d872cc7969bbfe65d40307733ebaa9afad9c325f25b9212ef5	{"symbol":"_RNvXNtCs5bJpdm632qa_9deno_core11web_timeoutINtB2_9WebTimersTINtNtCs3ffjLCRwtey_2v86handle6GlobalNtNtB11_4data8FunctionEmEENtNtCsc36rpYXAlPq_4core7default7Default7defaultB4_","file":"","line":0,"domain":"allocator_or_native_boundary","ownership":"unknown","anchor":null}
91ddef662afb4799fcfaa3c6dff623e5c3df5fe5b292f80e2f7231585f7b6977	{"symbol":"_RINvMse_NtNtCs5bJpdm632qa_9deno_core7runtime9jsruntimeNtB6_9JsRuntime28add_near_heap_limit_callbackNCNvMs3_NtCs46fkt1xHg5P_11rustyscript13inner_runtimeINtB1H_12InnerRuntimeBQ_E3news_0EB1J_","file":"","line":0,"domain":"allocator_or_native_boundary","ownership":"unknown","anchor":null}
91eff752cc5109a11da1670ac5bfa24e0be76468c2d8b21a2047fd88abf4531e	{"symbol":"_RNvMsh_NtCs8BNLh0y6PrD_6script10isolate_fbNtB5_19SnapshotFingerprint17retain_from_input","file":"","line":0,"domain":"allocator_or_native_boundary","ownership":"unknown","anchor":null}
92487c3ac15e0c4edbaffe1a0f2cd4eea3c74338dbd6a3dddbd171954d513803	{"symbol":"v8::internal::Heap::AllocateExternalBackingStore(std::__Cr::function<void* (unsigned long)> const&, unsigned long)","file":"","line":0,"domain":"allocator_or_native_boundary","ownership":"unknown","anchor":null}
925d856f5ad5a4c35686fb53d6a7ac13a8be505d17bf838b1a60fd52068e620c	{"symbol":"_RNvNtCs6ZjlLoI6YmX_3std3env11current_dir","file":"","line":0,"domain":"allocator_or_native_boundary","ownership":"unknown","anchor":null}
944c3b7c09168d59a958d66a92ea4be3ba5c32295aebaae4404beaa3ed3b64cb	{"symbol":"_RNvXs_NtNtNtCs5bJpdm632qa_9deno_core7runtime9op_driver24futures_unordered_driverNtB4_22FuturesUnorderedDriverNtNtCsc36rpYXAlPq_4core7default7Default7defaultBa_","file":"","line":0,"domain":"allocator_or_native_boundary","ownership":"unknown","anchor":null}
9461c870e36140e4cc925d50050857934e5c0966db2521d9495b4c5b71997db0	{"symbol":"_RNvXNtNtCscHgRw1M2fX5_5alloc3vec21spec_from_iter_nestedINtB4_3VecTlNtNtB6_6string6StringEEINtB2_18SpecFromIterNestedB11_INtNtNtNtCsc36rpYXAlPq_4core4iter8adapters10filter_map9FilterMapINtNtNtB23_5slice4iter4IterNtNtCsjCVkXGB5m1G_3api8snapshot7LocViewENCNvMNtCsh45fz8A1of3_3tui3binNtB46_10TuiSession4pumps5_0EE9from_iterB48_","file":"","line":0,"domain":"allocator_or_native_boundary","ownership":"unknown","anchor":null}
94ddfe7fcc51be79e10691fb8054880c96260d1d3f5094134f02dc37358cb555	{"symbol":"_RNvMsk_NtCscHgRw1M2fX5_5alloc4syncINtB5_3ArcNtNtNtCseoayFEFQqjH_6client6config7if_type9IfTypeMutE17clone_from_ref_inBM_","file":"","line":0,"domain":"allocator_or_native_boundary","ownership":"unknown","anchor":null}
95f1400ed7f8f18b0a420b6a75e99d601afebacbecf93e2456a9499bc122001b	{"symbol":"v8::platform::tracing::TracingController::TracingController()","file":"","line":0,"domain":"allocator_or_native_boundary","ownership":"unknown","anchor":null}
96017cb921d87cd5c0ab08e89669fcc08b50f6d93e7eb9213e59f88be19918cb	{"symbol":"_RINvMsa_NtCs9toP8pvhaB6_9hashbrown3rawNtB6_13RawTableInner22fallible_with_capacityNtNtNtNtCs7kDLhlk5Z6y_14allocator_api26stable5alloc6global6GlobalECs8w6ufvPp9JY_10serde_json.llvm.3802654435614257995","file":"","line":0,"domain":"allocator_or_native_boundary","ownership":"unknown","anchor":null}
961c1d4e7436c6f8e6234ad6b7a2020f550853b36ce473c56aafa10e2cecdd6c	{"symbol":"_RNvNtCsjCVkXGB5m1G_3api8snapshot10ground_ops","file":"","line":0,"domain":"allocator_or_native_boundary","ownership":"unknown","anchor":null}
96783696ec85188ab0bea7729f6f03b6241d04f1561bcd98182cc7a2608798c4	{"symbol":"v8::base::TemplateHashMapImpl<v8::internal::AstRawString const*, v8::base::NoHashMapValue, v8::internal::AstRawStringMapMatcher, v8::base::DefaultAllocationPolicy>::Resize()","file":"","line":0,"domain":"allocator_or_native_boundary","ownership":"unknown","anchor":null}
9683b6ebf48abf918a61738743af2921cd0a02abfd38eaca64ddb75b5b3c79b9	{"symbol":"std::__Cr::unique_ptr<v8::internal::wasm::StackMemory, std::__Cr::default_delete<v8::internal::wasm::StackMemory> >& std::__Cr::vector<std::__Cr::unique_ptr<v8::internal::wasm::StackMemory, std::__Cr::default_delete<v8::internal::wasm::StackMemory> >, std::__Cr::allocator<std::__Cr::unique_ptr<v8::internal::wasm::StackMemory, std::__Cr::default_delete<v8::internal::wasm::StackMemory> > > >::emplace_back<v8::internal::wasm::StackMemory*&>(v8::internal::wasm::StackMemory*&)","file":"","line":0,"domain":"allocator_or_native_boundary","ownership":"unknown","anchor":null}
96ef0d4ca2e99b25adb0e38a6b5cb0ab205f8b826f5b60ab147beb36273115af	{"symbol":"v8::internal::MemoryAllocator::AllocateReadOnlyPage(v8::internal::ReadOnlySpace*, unsigned long)","file":"","line":0,"domain":"allocator_or_native_boundary","ownership":"unknown","anchor":null}
9755733fa1522ca3bf93357623d0274e0574a249b2ef0ef2520fff4c2a2f47b3	{"symbol":"_RINvMs6_NtCs1lJFy7o6pGX_9hashbrown3rawINtB6_8RawTableTxjEE14reserve_rehashNCINvNtB8_3map11make_hasherxjNtNtNtCs6ZjlLoI6YmX_3std4hash6random11RandomStateE0ECseoayFEFQqjH_6client","file":"","line":0,"domain":"allocator_or_native_boundary","ownership":"unknown","anchor":null}
97ecb8bfc0028b73c2d3c2fc301f8de4c7ab36fdbd3d6d46d6c8ce1165b3bafb	{"symbol":"_ZNSt4__Cr15allocate_sharedIN2v88internal8CountersENS_9allocatorIS3_EEJPNS2_7IsolateEETnNS_9enable_ifIXntsr8is_arrayIT_EE5valueEiE4typeELi0EEENS_10shared_ptrIS9_EERKT0_DpOT1_","file":"","line":0,"domain":"allocator_or_native_boundary","ownership":"unknown","anchor":null}
981c6ef021bdfe8b3f7e5f8a96baf39e34c6d9fd72a42ada17a3441fc9d6f44d	{"symbol":"_RINvXs_NtNtCscHgRw1M2fX5_5alloc3vec14spec_from_elemlNtB5_12SpecFromElem9from_elemNtNtB9_5alloc6GlobalECseoayFEFQqjH_6client","file":"","line":0,"domain":"allocator_or_native_boundary","ownership":"unknown","anchor":null}
98f39d588d48125a3f98324c9665cffeba646c31c1e12daf94766e31b3303fa1	{"symbol":"icu_74::locale_set_default_internal(char const*, UErrorCode&)","file":"","line":0,"domain":"allocator_or_native_boundary","ownership":"unknown","anchor":null}
99231c7e87e442cff4956f1aee0ac47defd0492438d314316af1a96c650376e7	{"symbol":"_RINvXNtNtCscHgRw1M2fX5_5alloc3vec14spec_from_elemINtNtCsc36rpYXAlPq_4core6option6OptionNtNtCsjCVkXGB5m1G_3api9obj_names11ItemDefViewENtB3_12SpecFromElem9from_elemNtNtB7_5alloc6GlobalEB1r_","file":"","line":0,"domain":"allocator_or_native_boundary","ownership":"unknown","anchor":null}
9a3a8f635af85d906c14758e4e25867141c18ad3a93759dee4b23b0fba0c00b1	{"symbol":"v8::internal::FreeList::CreateFreeList()","file":"","line":0,"domain":"allocator_or_native_boundary","ownership":"unknown","anchor":null}
9b4b0e71bdd12fa0cdda3bf87bbbb6153a3a180abb0613930db9812de8eb26f5	{"symbol":"_RNvNtCsdO8rEf1jYGK_3nav4pack16read_bank_stands","file":"","line":0,"domain":"allocator_or_native_boundary","ownership":"unknown","anchor":null}
9b98ccce08121c1f46b5e647b1013f305c663c59b182bf6986fc0277233adaf8	{"symbol":"_RINvMs0_NtNtNtNtCs6ZjlLoI6YmX_3std3sys12thread_local6native4lazyINtB6_7StorageINtNtCscHgRw1M2fX5_5alloc4sync3ArcNtNtCs2lBWYvUe67s_16futures_executor10local_pool12ThreadNotifyEuE16get_or_init_slowNvNvB1O_21CURRENT_THREAD_NOTIFY27___rust_std_internal_init_fnECs5bJpdm632qa_9deno_core","file":"","line":0,"domain":"allocator_or_native_boundary","ownership":"unknown","anchor":null}
9bca4819bbcf39109cb4aed77a08ddc96c77d8c37c2271576434542e038f3c0f	{"symbol":"_RNvMs3_NtCs3JBA3HkGT3V_9host_play6memoryNtB5_3Run13bind_seed_nav","file":"","line":0,"domain":"allocator_or_native_boundary","ownership":"unknown","anchor":null}
9c791a479ed76913f653b765e9cce79232e5344cf99734c88619482cf4c9449d	{"symbol":"_RINvXsb_NtNtCscHgRw1M2fX5_5alloc5boxed4iterINtB8_3BoxSNtNtNtNtNtCsjSTgzKTFx8E_5tokio7runtime4time5wheel5level5LevelEINtNtNtNtCsc36rpYXAlPq_4core4iter6traits7collect12FromIteratorBQ_E9from_iterINtNtNtB1X_8adapters3map3MapINtNtNtB1Z_3ops5range5RangejENvMBS_BQ_3newEEB10_","file":"","line":0,"domain":"allocator_or_native_boundary","ownership":"unknown","anchor":null}
9d29636f7d39d7f185860d091450182b9f59608ba60184898388b47822e3681f	{"symbol":"_RNvMs2_NtNtCseoayFEFQqjH_6client6dash3d5storeNtB5_10ModelStore13publish_model","file":"","line":0,"domain":"allocator_or_native_boundary","ownership":"unknown","anchor":null}
9e23ce7ee7495f5f7540f25562d428c93500bc0e8bbfde42c655c2a8f8845270	{"symbol":"v8::internal::CppHeap::AttachIsolate(v8::internal::Isolate*)","file":"","line":0,"domain":"allocator_or_native_boundary","ownership":"unknown","anchor":null}
a0d598c0b1fd3f99b7063b8c7baaf35fc2ca52a0c76239eaf9917f6adf1923a9	{"symbol":"UDataMemory_createNewInstance_74","file":"","line":0,"domain":"allocator_or_native_boundary","ownership":"unknown","anchor":null}
a0d7ed212e80f62e51e102961319a29545700fb224ffeedd71b41c568842cc5f	{"symbol":"_RNvMNtNtCseoayFEFQqjH_6client2io6packetNtB2_6Packet5alloc","file":"","line":0,"domain":"allocator_or_native_boundary","ownership":"unknown","anchor":null}
a105775d795f1d940de85c6c41a34d2a939ea67ee0cedac44dbcb75c4b811933	{"symbol":"v8::internal::Heap::Heap()","file":"","line":0,"domain":"allocator_or_native_boundary","ownership":"unknown","anchor":null}
a15044e903c21b01c823da831c65d67990cb2ed9a4c09fd791613d2643bc8f0c	{"symbol":"_RINvMs3_NtCs46fkt1xHg5P_11rustyscript13inner_runtimeINtB6_12InnerRuntimeNtNtNtCs5bJpdm632qa_9deno_core7runtime9jsruntime9JsRuntimeE17register_functionNCNvNtNtCs8BNLh0y6PrD_6script4load7isolate12wire_runtimes4_0EB2w_","file":"","line":0,"domain":"allocator_or_native_boundary","ownership":"unknown","anchor":null}
a1e3283a7532242597e47eba3280f608ee0f4030bdae532505ee27aa8e8af194	{"symbol":"_RNvXsa_NtCscHgRw1M2fX5_5alloc3vecINtB5_3VecNtNtB7_6string6StringENtNtCsc36rpYXAlPq_4core5clone5Clone5cloneCs3JBA3HkGT3V_9host_play","file":"","line":0,"domain":"allocator_or_native_boundary","ownership":"unknown","anchor":null}
a202f9664c232a3e70bf226a5c696a716cb637088ebc6249de6c45f18187d078	{"symbol":"v8::CppHeap::Create(v8::Platform*, v8::CppHeapCreateParams const&)","file":"","line":0,"domain":"allocator_or_native_boundary","ownership":"unknown","anchor":null}
a2c270c8a5a8d6c6321b31d7e26f46e6f080e6a2d84fe0af5879e67304be0fed	{"symbol":"_RNvMs_NtNtCs5bJpdm632qa_9deno_core7runtime7jsrealmNtB4_12ContextState3new","file":"","line":0,"domain":"allocator_or_native_boundary","ownership":"unknown","anchor":null}
a3353e2554b3bb8ba5a061174a65fc06338ba76c5d563799730dd4d2b75a1738	{"symbol":"std::__Cr::pair<std::__Cr::__tree_iterator<std::__Cr::__value_type<unsigned long, v8::internal::ThreadIsolation::JitAllocation>, std::__Cr::__tree_node<std::__Cr::__value_type<unsigned long, v8::internal::ThreadIsolation::JitAllocation>, void*>*, long>, bool> std::__Cr::__tree<std::__Cr::__value_type<unsigned long, v8::internal::ThreadIsolation::JitAllocation>, std::__Cr::__map_value_compare<unsigned long, std::__Cr::__value_type<unsigned long, v8::internal::ThreadIsolation::JitAllocation>, std::__Cr::less<unsigned long>, true>, v8::internal::ThreadIsolation::StlAllocator<std::__Cr::__value_type<unsigned long, v8::internal::ThreadIsolation::JitAllocation> > >::__emplace_unique_key_args<unsigned long, unsigned long&, v8::internal::ThreadIsolation::JitAllocation>(unsigned long const&, unsigned long&, v8::internal::ThreadIsolation::JitAllocation&&)","file":"","line":0,"domain":"allocator_or_native_boundary","ownership":"unknown","anchor":null}
a61f2c4ca45cbb759181ebb6e0b7ddb26c5daabd96a483c21d4de97b38d35e4d	{"symbol":"_RNvXs0_NtNtNtNtCshu1YjhL9Q4t_9crossterm5event6source4unix3mioNtB5_6ParserNtNtCsc36rpYXAlPq_4core7default7Default7default","file":"","line":0,"domain":"allocator_or_native_boundary","ownership":"unknown","anchor":null}
a718c1274bef4c5201c701009a6285b4dca13d38680b99ac0e9891f64cdd5ffe	{"symbol":"v8::internal::PageMetadata*& std::__Cr::vector<v8::internal::PageMetadata*, std::__Cr::allocator<v8::internal::PageMetadata*> >::emplace_back<v8::internal::PageMetadata*>(v8::internal::PageMetadata*&&)","file":"","line":0,"domain":"allocator_or_native_boundary","ownership":"unknown","anchor":null}
a7802d8912b0e785b6d072b59852914ecefff8bd5a0d9e11e712e34276fcddbd	{"symbol":"_RNvMs2_Cs3JBA3HkGT3V_9host_playNtB5_7SlotArm3new","file":"","line":0,"domain":"allocator_or_native_boundary","ownership":"unknown","anchor":null}
a7f7ef1d33c50f587dbba5e68d5c9d91edbbe1a9d61ab71aa1e83f3fd5478cd7	{"symbol":"_RNvMs5_NtCscHgRw1M2fX5_5alloc7raw_vecNtB5_11RawVecInner15try_allocate_inCsdO8rEf1jYGK_3nav","file":"","line":0,"domain":"allocator_or_native_boundary","ownership":"unknown","anchor":null}
a8f324652c4c1dd0a49580422460b526878890047af48c1ceb42d51f828767f4	{"symbol":"_RNvNtCsaibypAdu8fX_4host7slot_io12wake_channel","file":"","line":0,"domain":"allocator_or_native_boundary","ownership":"unknown","anchor":null}
a92e83b7ec14ad03914f87b070dcbfb7304002d609f0051a5789758fad54d96c	{"symbol":"_RNvXs_NtNtCscHgRw1M2fX5_5alloc3vec21spec_from_iter_nestedINtB6_3VecNtNtB8_6string6StringEINtB4_18SpecFromIterNestedB13_INtNtNtNtCsc36rpYXAlPq_4core4iter8adapters3map3MapINtNtNtB22_3ops5range5RangejENCNvCs3JBA3HkGT3V_9host_play15mint_live_names0EE9from_iterB3e_","file":"","line":0,"domain":"allocator_or_native_boundary","ownership":"unknown","anchor":null}
aa2e25fb273e51bd33deabaef4aa80e2d4ab109bc4874dba03c5b7a41d844811	{"symbol":"_RNvNtCseoayFEFQqjH_6client10bot_target10world_host","file":"","line":0,"domain":"allocator_or_native_boundary","ownership":"unknown","anchor":null}
aa69e0247d6c7f0ba29bb87258288e99ff7e061ff2ccd88c449f86c30c99a901	{"symbol":"_RNvMsp_NtCscHgRw1M2fX5_5alloc4syncINtB5_3ArceE11from_box_inCs5bJpdm632qa_9deno_core","file":"","line":0,"domain":"allocator_or_native_boundary","ownership":"unknown","anchor":null}
aac785335ce564f496d6ed096010afca50fae2814a2f4fd6694ec91e9f0b5426	{"symbol":"_RNvXsa_NtCscHgRw1M2fX5_5alloc3vecINtB5_3VecIBw_IBw_lEEENtNtCsc36rpYXAlPq_4core5clone5Clone5cloneCseoayFEFQqjH_6client","file":"","line":0,"domain":"allocator_or_native_boundary","ownership":"unknown","anchor":null}
ab19d9da3635817e1740b395f517731bb070ae325a69972697fd24d4ea13d17c	{"symbol":"_RNvMNtNtCseoayFEFQqjH_6client6client6clientNtB2_6Client11zone_packet","file":"","line":0,"domain":"allocator_or_native_boundary","ownership":"unknown","anchor":null}
abff6880d426cbe59e117f65b0d3b12993eab626d9dae0e9bbdeed77b94a67d8	{"symbol":"_RNCNvNtNtNtCs6ZjlLoI6YmX_3std3sys3env4unix6getenv0B9_","file":"","line":0,"domain":"allocator_or_native_boundary","ownership":"unknown","anchor":null}
ac2f72e85475996df5e4447a6fcf4dd0b51312ba6ad617fe276de341b60ec8fc	{"symbol":"_RINvMs2_NtNtCs6ZjlLoI6YmX_3std6thread5localINtB6_8LocalKeyINtNtCsc36rpYXAlPq_4core4cell7RefCellINtCsaQc12MtFacQ_3lru8LruCacheTNtNtNtCs9EEH76LUcI7_12ratatui_core6layout4rect4RectNtNtB24_6layout6LayoutETINtNtCscHgRw1M2fX5_5alloc2rc2RcSB20_EB3d_EEEE4withNCINvMs4_B6_BF_15with_borrow_mutNCNvMs2_B2R_B2P_12cached_split0B3c_E0B3c_EB26_","file":"","line":0,"domain":"allocator_or_native_boundary","ownership":"unknown","anchor":null}
ac65fa5e49fd9ebc7127705845b1593e039936602486a252f90e700cb7e60591	{"symbol":"v8::internal::PretenuringHandler::PretenuringHandler(v8::internal::Heap*)","file":"","line":0,"domain":"allocator_or_native_boundary","ownership":"unknown","anchor":null}
ad9b29abe09e8e4fc90dab8e0e38fbae9774c86ab385c2da3fafd5a05c6b68f3	{"symbol":"_RNvXNtNtCshu1YjhL9Q4t_9crossterm5event4readNtB2_19InternalEventReaderNtNtCsc36rpYXAlPq_4core7default7Default7default","file":"","line":0,"domain":"allocator_or_native_boundary","ownership":"unknown","anchor":null}
ae1e38174a6d2a373314fa16735f458ed716e00dabec759acca45470561cc74d	{"symbol":"_RNvMs5_NtCscHgRw1M2fX5_5alloc7raw_vecNtB5_11RawVecInner11finish_growCs46fkt1xHg5P_11rustyscript.llvm.1917977132873778572","file":"","line":0,"domain":"allocator_or_native_boundary","ownership":"unknown","anchor":null}
ae781395194ce28362fbb8c8d1d93318cf1b122409d98480df105bbaa709ff87	{"symbol":"v8::internal::IsolateGroup::Initialize(bool)","file":"","line":0,"domain":"allocator_or_native_boundary","ownership":"unknown","anchor":null}
af9eb3ebff370285456ff84de64b1426dcd61574fae724cdc8bc28619eb6ba5b	{"symbol":"_RNvMse_NtNtCs5bJpdm632qa_9deno_core7runtime9jsruntimeNtB5_9JsRuntime9new_inner.llvm.10611533502794677107","file":"","line":0,"domain":"allocator_or_native_boundary","ownership":"unknown","anchor":null}
afab269222a4495efbd17a11cc850a88d40f9091180af3e887b61c63eea1cf13	{"symbol":"_RNvMNtNtCseoayFEFQqjH_6client6client6clientNtB2_6Client5login","file":"","line":0,"domain":"allocator_or_native_boundary","ownership":"unknown","anchor":null}
b028655f5f8019c91b7878be115200b019c754a939495b35194ea713f259ac50	{"symbol":"v8::internal::MemoryAllocator::AllocatePage(v8::internal::MemoryAllocator::AllocationMode, v8::internal::Space*, v8::internal::Executability)","file":"","line":0,"domain":"allocator_or_native_boundary","ownership":"unknown","anchor":null}
b06b85e547c70b4344e0b354fe65d7eebaedabe024a0dca4fa281c7168e9c6f4	{"symbol":"_RNvMs_NtNtCseoayFEFQqjH_6client6dash3d10anim_frameNtB4_9AnimFrame6unpack","file":"","line":0,"domain":"allocator_or_native_boundary","ownership":"unknown","anchor":null}
b0ec0a1113026236e64238a15e63cfce56e2ed4bcc74877e6bece6403c5b6470	{"symbol":"_RNvMs4_NtNtCsgfI0YPFYkVC_12futures_util6stream17futures_unorderedINtB5_16FuturesUnorderedINtNtNtNtCs5bJpdm632qa_9deno_core7runtime9op_driver12future_arena16FutureAllocationINtNtB1u_10op_results9PendingOpNtB2N_18V8OpMappingContextENtB2N_13PendingOpInfoEE3newB1y_.llvm.14305360714841248536","file":"","line":0,"domain":"allocator_or_native_boundary","ownership":"unknown","anchor":null}
b0ef6f3ca41701fe941c5ade4b963755cf1754c1ddce8e7de3c7479910de6fb2	{"symbol":"_RNvXNtNtCscHgRw1M2fX5_5alloc3vec14spec_from_iterINtB4_3VecNtNtNtCs9EEH76LUcI7_12ratatui_core4text4span4SpanEINtB2_12SpecFromIterBU_INtNtNtNtCsc36rpYXAlPq_4core4iter8adapters3map3MapNtNtNtB2e_3str4iter5LinesNCINvNtBY_4line12cow_to_spansINtNtB6_6borrow3CoweEE0EE9from_iterB10_","file":"","line":0,"domain":"allocator_or_native_boundary","ownership":"unknown","anchor":null}
b133599c921dfc8f66cf48bf445437ca051430ba46e6bf47020d7bf91419a869	{"symbol":"v8::internal::AlignedAllocWithRetry(unsigned long, unsigned long)","file":"","line":0,"domain":"allocator_or_native_boundary","ownership":"unknown","anchor":null}
b17f58c24a42914fa8afe413c8a4a9a2b028afbcb1c1f0f5346a09b4bc804986	{"symbol":"_RNvNtNtCs5bJpdm632qa_9deno_core7runtime8bindings26create_external_references","file":"","line":0,"domain":"allocator_or_native_boundary","ownership":"unknown","anchor":null}
b36cf8f84c56662a6d25bdb148e239745319ee03cd77042c4d3452cbc4fa7f92	{"symbol":"_RNvMs_NtNtCs3mPnGIsjFaM_11signal_hook8iterator7backendNtB4_13DeliveryState3new","file":"","line":0,"domain":"allocator_or_native_boundary","ownership":"unknown","anchor":null}
b4b209c65185ca8c9d2323f054be7a1f73d613d47ed9a29a5ddb002550fc368e	{"symbol":"_RNvNtCsdO8rEf1jYGK_3nav4pack14read_req_pairs","file":"","line":0,"domain":"allocator_or_native_boundary","ownership":"unknown","anchor":null}
b51e6746bd4ca6b62ff257da30b21741a7fcd117fbb9f3cd97329e437077d4b4	{"symbol":"_RNvCs3JBA3HkGT3V_9host_play21live_vault_passphrase","file":"","line":0,"domain":"allocator_or_native_boundary","ownership":"unknown","anchor":null}
b5b67e31e8ac0052c55680efde21373657e30a9b31fe2b117ca8cfb35e1b5a03	{"symbol":"_RNvMs5_NtCscHgRw1M2fX5_5alloc7raw_vecNtB5_11RawVecInner11finish_growCs50mG4W4lMfe_8scenario.llvm.15266640377466127622","file":"","line":0,"domain":"allocator_or_native_boundary","ownership":"unknown","anchor":null}
b6129c2f69ea4fdbe45600cd508cdd5db0dcf69fdb827bcf87c90d5b3a37c7db	{"symbol":"v8::platform::DefaultPlatform::GetForegroundTaskRunner(v8::Isolate*, v8::TaskPriority)","file":"","line":0,"domain":"allocator_or_native_boundary","ownership":"unknown","anchor":null}
b6c55a3d7a517b2b5398e5113d88b8311dc7ad29bc217791c818cbc25f08b091	{"symbol":"_RNvMs6_NtNtCseoayFEFQqjH_6client6config7if_typeNtB5_6IfType6unpack","file":"","line":0,"domain":"allocator_or_native_boundary","ownership":"unknown","anchor":null}
b6ca1b5579046ec83123d1d03e72952868e031b8379b7f485e161df1866380f0	{"symbol":"_RINvXNvMNtCscHgRw1M2fX5_5alloc5sliceSp9to_vec_inINtNtCsc36rpYXAlPq_4core6option6OptionNtNtB8_6string6StringENtB3_10ConvertVec6to_vecNtNtB8_5alloc6GlobalECsjCVkXGB5m1G_3api","file":"","line":0,"domain":"allocator_or_native_boundary","ownership":"unknown","anchor":null}
b6eab2c2660eccaa094ac56846172fd9d74b032b166b4e5597a71294894587d6	{"symbol":"v8::Extension::Extension(char const*, char const*, int, char const**, int)","file":"","line":0,"domain":"allocator_or_native_boundary","ownership":"unknown","anchor":null}
b70f790e60940b14d2fbb8e58a45f487d7dacfab979c0e874298c753236661fb	{"symbol":"_RNvMs5_NtCscHgRw1M2fX5_5alloc7raw_vecNtB5_11RawVecInner11finish_growCsjCVkXGB5m1G_3api.llvm.11755077370044638282","file":"","line":0,"domain":"allocator_or_native_boundary","ownership":"unknown","anchor":null}
b72d4423bee37b34efcc44f44ef889eb5cb5c4111a1f55f5216c73eedd593cef	{"symbol":"v8::internal::MicrotaskQueue::SetUpDefaultMicrotaskQueue(v8::internal::Isolate*)","file":"","line":0,"domain":"allocator_or_native_boundary","ownership":"unknown","anchor":null}
b7d3eb0db28dbdf3fe35a7c7d771fcaebd0323389c891849547601dad46d4e35	{"symbol":"_RINvMs6_NtCs1lJFy7o6pGX_9hashbrown3rawINtB6_8RawTableTNtNtCscHgRw1M2fX5_5alloc6string6StringNtNtCsaibypAdu8fX_4host7slot_io8SlotWakeEE14reserve_rehashNCINvNtB8_3map11make_hasherBQ_B1s_NtNtNtCs6ZjlLoI6YmX_3std4hash6random11RandomStateE0ECs3JBA3HkGT3V_9host_play","file":"","line":0,"domain":"allocator_or_native_boundary","ownership":"unknown","anchor":null}
b7d7fab3bccff4d7fa1569eca084d9f0d7e82dcb6205cacd5055167e2d24488a	{"symbol":"_RNvMNtNtCseoayFEFQqjH_6client6client6clientNtB2_6Client7tryMove","file":"","line":0,"domain":"allocator_or_native_boundary","ownership":"unknown","anchor":null}
b91decdc48293ec13828af87116afff9f131fcd08317248dea2d85a8393f15b5	{"symbol":"_RNvMNtNtCseoayFEFQqjH_6client6client6clientNtB2_6Client9construct","file":"","line":0,"domain":"allocator_or_native_boundary","ownership":"unknown","anchor":null}
ba6acfe4a53dd2ba39bf9f7d31cfb7a69da4cc73306c74bb082370b9807324a6	{"symbol":"_RNvXs0_NtNtCseoayFEFQqjH_6client6dash3d13client_entityNtB5_12ClientEntityNtNtCsc36rpYXAlPq_4core5clone5Clone5clone","file":"","line":0,"domain":"allocator_or_native_boundary","ownership":"unknown","anchor":null}
ba8adbc6ccaa5b4095323dce95ba2b8eb02d6d7b3ddaaa4f8d062589abdc9541	{"symbol":"_RNvMs0_NtNtCseoayFEFQqjH_6client6dash3d5modelNtB5_5Model8load_raw","file":"","line":0,"domain":"allocator_or_native_boundary","ownership":"unknown","anchor":null}
baefb88c68da06e8c362bd8929c568e0523f83fa54eb3f6aec121155b0dd6c98	{"symbol":"_RNvNtCsdO8rEf1jYGK_3nav4pack16read_req_strings","file":"","line":0,"domain":"allocator_or_native_boundary","ownership":"unknown","anchor":null}
bb02fc1e15d371276f4c8a3c670fcd87f309a8e0aa58425a874710eb9579e5ba	{"symbol":"_RNvXsa_NtCscHgRw1M2fX5_5alloc3vecINtB5_3VecINtNtCsc36rpYXAlPq_4core6option6OptionNtNtB7_6string6StringEENtNtBK_5clone5Clone5cloneCsjCVkXGB5m1G_3api","file":"","line":0,"domain":"allocator_or_native_boundary","ownership":"unknown","anchor":null}
bb0fa3bf187a4315b9b3035e5b4f705851fdbf523b3e98364ddc3b9280791a97	{"symbol":"_RNvNvNtCs6ZjlLoI6YmX_3std2fs4read5inner","file":"","line":0,"domain":"allocator_or_native_boundary","ownership":"unknown","anchor":null}
bc7717755c818254ce77e67269cda1160d43e64e6cef570167a4d6b52ae09350	{"symbol":"_RNvMs_NtCs46fkt1xHg5P_11rustyscript12async_bridgeNtB4_11AsyncBridge3new","file":"","line":0,"domain":"allocator_or_native_boundary","ownership":"unknown","anchor":null}
bcac848766cab80d3b791538d7991bf41ec3a16932507e01172a18d9e34760dd	{"symbol":"_RNvXsa_NtCscHgRw1M2fX5_5alloc3vecINtB5_3VecNtNtB7_6string6StringENtNtCsc36rpYXAlPq_4core5clone5Clone5cloneCs8BNLh0y6PrD_6script","file":"","line":0,"domain":"allocator_or_native_boundary","ownership":"unknown","anchor":null}
bd4c43e256c8cea50aaf6ab0d6f2eff8787801fb5ae6f698d68730b97704844e	{"symbol":"_RINvXs1_NtNtCscHgRw1M2fX5_5alloc3vec14spec_from_elemhNtB6_12SpecFromElem9from_elemNtNtBa_5alloc6GlobalECsdO8rEf1jYGK_3nav","file":"","line":0,"domain":"allocator_or_native_boundary","ownership":"unknown","anchor":null}
bea9044e3e3f02ebca208d41833de32f07f3c1b382b46fa298affc749ade6675	{"symbol":"v8::internal::IsolateGroup::InitializeOncePerProcess()","file":"","line":0,"domain":"allocator_or_native_boundary","ownership":"unknown","anchor":null}
bf30fe65930798cf42dc8cd5b6b442ba3eadc22657934e1df773321e0e0a55c0	{"symbol":"_RINvXNtNtCscHgRw1M2fX5_5alloc3vec14spec_from_elemINtB5_3VechENtB3_12SpecFromElem9from_elemNtNtB7_5alloc6GlobalECseoayFEFQqjH_6client","file":"","line":0,"domain":"allocator_or_native_boundary","ownership":"unknown","anchor":null}
c152eda13e2cfa92fe634a3193fd83d21ce388d5f3f27f6d5ef559dfcff0f493	{"symbol":"_RNvNtCs5bJpdm632qa_9deno_core13extension_set14create_op_ctxs","file":"","line":0,"domain":"allocator_or_native_boundary","ownership":"unknown","anchor":null}
c156b22617a102fe9571f88bc00eb81df00e61d44bebc74ff0723cc3bbb1403c	{"symbol":"v8::internal::LocalHeap::SetUpMainThread(v8::internal::LinearAllocationArea&, v8::internal::LinearAllocationArea&)","file":"","line":0,"domain":"allocator_or_native_boundary","ownership":"unknown","anchor":null}
c1e80a793bea5d52cd15de42dd5e4cfa39d9b1d1553213b5326560387ce5bda3	{"symbol":"_RINvMs6_NtCs1lJFy7o6pGX_9hashbrown3rawINtB6_8RawTableTTllEuEE14reserve_rehashNCINvNtB8_3map11make_hasherBQ_uNtNtNtCs6ZjlLoI6YmX_3std4hash6random11RandomStateE0ECseoayFEFQqjH_6client","file":"","line":0,"domain":"allocator_or_native_boundary","ownership":"unknown","anchor":null}
c200d6087d18deb4a786382325681acbe6f05d25d9bc9beead67d0d26b855caf	{"symbol":"_RNvXs_NtNtCscHgRw1M2fX5_5alloc3vec21spec_from_iter_nestedINtB6_3VecTlNtNtB8_6string6StringlllEEINtB4_18SpecFromIterNestedB13_INtNtNtNtCsc36rpYXAlPq_4core4iter8adapters3map3MapINtNtNtB28_5slice4iter4IterNtNtCs8BNLh0y6PrD_6script10isolate_fb9StatInputENCNvMsh_B3g_NtB3g_19SnapshotFingerprint17retain_from_input0EE9from_iterB3i_","file":"","line":0,"domain":"allocator_or_native_boundary","ownership":"unknown","anchor":null}
c2e2aa1719fc5e170a6fed0895fc86b69c33698bc1214e300d6a7277f1d64e1f	{"symbol":"v8::internal::Tagged<v8::internal::Object>& std::__Cr::vector<v8::internal::Tagged<v8::internal::Object>, std::__Cr::allocator<v8::internal::Tagged<v8::internal::Object> > >::emplace_back<v8::internal::Tagged<v8::internal::Object> >(v8::internal::Tagged<v8::internal::Object>&&)","file":"","line":0,"domain":"allocator_or_native_boundary","ownership":"unknown","anchor":null}
c3ed9422a2622e542b5934b1eba7dfd5788596fe1be3f1751fe4833587a8e2cc	{"symbol":"v8::internal::AllocationCounter::AllocationObserverCounter& std::__Cr::vector<v8::internal::AllocationCounter::AllocationObserverCounter, std::__Cr::allocator<v8::internal::AllocationCounter::AllocationObserverCounter> >::emplace_back<v8::internal::AllocationCounter::AllocationObserverCounter>(v8::internal::AllocationCounter::AllocationObserverCounter&&)","file":"","line":0,"domain":"allocator_or_native_boundary","ownership":"unknown","anchor":null}
c518a25bae52605c156e62fadaae752f7d66d70871b0cee73a374b64b113d409	{"symbol":"v8::internal::Malloced::operator new(unsigned long)","file":"","line":0,"domain":"allocator_or_native_boundary","ownership":"unknown","anchor":null}
c5dba336ffda14db3c1b63e7062f60c6241f1a675fb2b1eab555b322ae7e1893	{"symbol":"_RINvMNtCs5bJpdm632qa_9deno_core12gotham_stateNtB3_11GothamState3putONtNtCs3ffjLCRwtey_2v87isolate7IsolateEB5_","file":"","line":0,"domain":"allocator_or_native_boundary","ownership":"unknown","anchor":null}
c73d3f6f3fb7010b890c7494eda829999c0ea6bb90237eca394004b68c4d1aed	{"symbol":"_RINvMs6_NtCs1lJFy7o6pGX_9hashbrown3rawINtB6_8RawTableTNtNtCscHgRw1M2fX5_5alloc6string6StringINtNtNtBU_11collections9vec_deque8VecDequeNtCs3JBA3HkGT3V_9host_play7WireCmdEEE14reserve_rehashNCINvNtB8_3map11make_hasherBQ_B1s_NtNtNtCs6ZjlLoI6YmX_3std4hash6random11RandomStateE0EB2a_","file":"","line":0,"domain":"allocator_or_native_boundary","ownership":"unknown","anchor":null}
c76d5c58fed14a0cba283ab845ac469b7b93bd414d8f9654acecea318f2479b6	{"symbol":"_RNvMs0_NtCsdgoXfPE8R7h_20signal_hook_registry9half_lockINtB5_10WriteGuardNtB7_10SignalDataE5storeB7_","file":"","line":0,"domain":"allocator_or_native_boundary","ownership":"unknown","anchor":null}
c7bc74c2c4e9f689ffc3bfcf1c335418a98616c287767fc27955b79d6342aba6	{"symbol":"v8::internal::LocalHeap::LocalHeap(v8::internal::Heap*, v8::internal::ThreadKind, std::__Cr::unique_ptr<v8::internal::PersistentHandles, std::__Cr::default_delete<v8::internal::PersistentHandles> >)","file":"","line":0,"domain":"allocator_or_native_boundary","ownership":"unknown","anchor":null}
c804bce6353a5d3ed5faf59b363a0aaf45beb4b4a1951da37ca86d6a87a16a0e	{"symbol":"_RINvXs5_NtCs8w6ufvPp9JY_10serde_json2deQINtB6_12DeserializerNtNtB8_4read9SliceReadENtNtCsg1F0d9pE0jn_5serde2de12Deserializer18deserialize_stringNtNtB1l_5impls13StringVisitorECs1hMbrFPmPsq_5vault","file":"","line":0,"domain":"allocator_or_native_boundary","ownership":"unknown","anchor":null}
c94bfcdea6b97944ab088e32592ae9ddaf72fa1eeb848a15c39f95f07b1b6883	{"symbol":"v8::internal::Isolate::AddCodeMemoryRange(v8::MemoryRange)","file":"","line":0,"domain":"allocator_or_native_boundary","ownership":"unknown","anchor":null}
c9858a929d11167713916b686d010d7be629365b51f3f35717df9c5d8e79e2f0	{"symbol":"_RINvMs6_NtCs1lJFy7o6pGX_9hashbrown3rawINtB6_8RawTableTNtNtCscHgRw1M2fX5_5alloc6string6StringINtNtBU_4sync3ArcINtNtNtNtCs6ZjlLoI6YmX_3std4sync6poison5mutex5MutexNtNtCs8BNLh0y6PrD_6script4slot10SlotScriptEEEE14reserve_rehashNCINvNtB8_3map11make_hasherBQ_B1s_NtNtNtB1S_4hash6random11RandomStateE0ECs3JBA3HkGT3V_9host_play","file":"","line":0,"domain":"allocator_or_native_boundary","ownership":"unknown","anchor":null}
cb26da3ddaad3b179c24421d09991e2f6f6826fc8ea60739249c7abf84473f2e	{"symbol":"_RNvXNtNtCscHgRw1M2fX5_5alloc3vec14spec_from_iterINtB4_3VecNtNtNtCsjSTgzKTFx8E_5tokio6signal4unix10SignalInfoEINtB2_12SpecFromIterBU_INtNtNtNtCsc36rpYXAlPq_4core4iter8adapters4take4TakeINtNtNtB2d_7sources11repeat_with10RepeatWithNvYBU_NtNtB2f_7default7Default7defaultEEE9from_iterB10_","file":"","line":0,"domain":"allocator_or_native_boundary","ownership":"unknown","anchor":null}
cb7e8106f8d7d2b6b7120ae44bafe0f5a74105401b8b7717614c0e1abb080cb8	{"symbol":"std::__Cr::pair<std::__Cr::__tree_iterator<std::__Cr::__value_type<unsigned long, v8::internal::ThreadIsolation::JitPage*>, std::__Cr::__tree_node<std::__Cr::__value_type<unsigned long, v8::internal::ThreadIsolation::JitPage*>, void*>*, long>, bool> std::__Cr::__tree<std::__Cr::__value_type<unsigned long, v8::internal::ThreadIsolation::JitPage*>, std::__Cr::__map_value_compare<unsigned long, std::__Cr::__value_type<unsigned long, v8::internal::ThreadIsolation::JitPage*>, std::__Cr::less<unsigned long>, true>, v8::internal::ThreadIsolation::StlAllocator<std::__Cr::__value_type<unsigned long, v8::internal::ThreadIsolation::JitPage*> > >::__emplace_unique_key_args<unsigned long, unsigned long&, v8::internal::ThreadIsolation::JitPage*&>(unsigned long const&, unsigned long&, v8::internal::ThreadIsolation::JitPage*&)","file":"","line":0,"domain":"allocator_or_native_boundary","ownership":"unknown","anchor":null}
cc887c35cbb94c87d58b6a566efc67732bc5dba8aa071e6b2eafb791ed9134b9	{"symbol":"_RINvMsp_NtCs3ffjLCRwtey_2v86handleINtB6_4WeakNtNtB8_4data7ContextE25with_guaranteed_finalizerINtB6_15UnsafeRefHandleBH_EECs5bJpdm632qa_9deno_core","file":"","line":0,"domain":"allocator_or_native_boundary","ownership":"unknown","anchor":null}
cd8fce4f72bd3d0b945180d74f98dba1539e9ebd4d3783a94b2b61eb9a7e1652	{"symbol":"v8::platform::DefaultWorkerThreadsTaskRunner::WorkerThread*& std::__Cr::vector<v8::platform::DefaultWorkerThreadsTaskRunner::WorkerThread*, std::__Cr::allocator<v8::platform::DefaultWorkerThreadsTaskRunner::WorkerThread*> >::emplace_back<v8::platform::DefaultWorkerThreadsTaskRunner::WorkerThread*>(v8::platform::DefaultWorkerThreadsTaskRunner::WorkerThread*&&)","file":"","line":0,"domain":"allocator_or_native_boundary","ownership":"unknown","anchor":null}
ce18b5a4251efe20c7f76770b975c77c1e198ea7aacb1a43c6dbbe6d8b8e62e7	{"symbol":"_RINvMs3_NtCs46fkt1xHg5P_11rustyscript13inner_runtimeINtB6_12InnerRuntimeNtNtNtCs5bJpdm632qa_9deno_core7runtime9jsruntime9JsRuntimeE17register_functionNCNvNtNtCs8BNLh0y6PrD_6script4load7isolate12wire_runtimes0_0EB2w_","file":"","line":0,"domain":"allocator_or_native_boundary","ownership":"unknown","anchor":null}
ce9ce269314ca080913882e1ada1c1ba3bfbb6e6f84b51579753866343d49a52	{"symbol":"_RNvMs5_NtCscHgRw1M2fX5_5alloc7raw_vecNtB5_11RawVecInner11finish_growCs95VkCdQNZ8_11flatbuffers","file":"","line":0,"domain":"allocator_or_native_boundary","ownership":"unknown","anchor":null}
d0bd7905244f6baee5afb2c3ed5c7e5235efef13cbada6b0dd911284bb966867	{"symbol":"_RNvXs_NtNtCscHgRw1M2fX5_5alloc3vec21spec_from_iter_nestedINtB6_3VecNtNtB8_6string6StringEINtB4_18SpecFromIterNestedB13_INtNtNtNtCsc36rpYXAlPq_4core4iter8adapters3map3MapINtNtB1Y_4take4TakeINtNtNtB22_5slice4iter4IterTB13_lEEENCNvMs0_NtCsh45fz8A1of3_3tui3appNtB3I_6TuiApp13draw_inv_locs0EE9from_iterB3K_","file":"","line":0,"domain":"allocator_or_native_boundary","ownership":"unknown","anchor":null}
d1dff27db77e8fa5eccf396759aa4b5622c18ce07038973d2ba1fb3a13452ae9	{"symbol":"_RNvMs_NtNtCs5bJpdm632qa_9deno_core7modules3mapNtB4_9ModuleMap25new_module_from_js_source","file":"","line":0,"domain":"allocator_or_native_boundary","ownership":"unknown","anchor":null}
d28f8c67e2e56b120fb5ddcf5cf5a19b1c7ed002d272ddec501ae316465286ec	{"symbol":"_RNvMs5_NtCscHgRw1M2fX5_5alloc7raw_vecNtB5_11RawVecInner15try_allocate_inCseoayFEFQqjH_6client","file":"","line":0,"domain":"allocator_or_native_boundary","ownership":"unknown","anchor":null}
d3c1c73d401ec2de4333aca1908bb27614668e4e834d4bf02434dec8b9107771	{"symbol":"v8::base::VirtualAddressSpace::AllocateSubspace(unsigned long, unsigned long, unsigned long, v8::PagePermissions)","file":"","line":0,"domain":"allocator_or_native_boundary","ownership":"unknown","anchor":null}
d42220e4c0b5ee2edd6134684e754a90a249deb1d4327384f8fabb9d9b120c79	{"symbol":"_RNvMs5_NtCscHgRw1M2fX5_5alloc7raw_vecNtB5_11RawVecInner11finish_growCseoayFEFQqjH_6client.llvm.15819653318954751376","file":"","line":0,"domain":"allocator_or_native_boundary","ownership":"unknown","anchor":null}
d43e40ea5d17a3437046fee6b943c815126db89e1a68084da4d40667aa187537	{"symbol":"cppgc::internal::StatsCollector::AllocationObserver*& std::__Cr::vector<cppgc::internal::StatsCollector::AllocationObserver*, std::__Cr::allocator<cppgc::internal::StatsCollector::AllocationObserver*> >::emplace_back<cppgc::internal::StatsCollector::AllocationObserver* const&>(cppgc::internal::StatsCollector::AllocationObserver* const&)","file":"","line":0,"domain":"allocator_or_native_boundary","ownership":"unknown","anchor":null}
d49cc45158276e81d97e132a4b194e4b7e6277cdb9eb0692619a5c894e9d4f3a	{"symbol":"uprv_getDefaultLocaleID_74","file":"","line":0,"domain":"allocator_or_native_boundary","ownership":"unknown","anchor":null}
d4d5ad300c90110fa0a60afd68522af872b590becb95435e2c0b6bb56fb42486	{"symbol":"_RNCINvMs0_NtNtCs6ZjlLoI6YmX_3std4sync4onceNtB8_4Once15call_once_forceNCINvMNtBa_9once_lockINtB1b_8OnceLockINtNtBa_14reentrant_lock13ReentrantLockINtNtCsc36rpYXAlPq_4core4cell7RefCellINtNtNtNtBc_2io8buffered10linewriter10LineWriterNtNtB31_5stdio9StdoutRawEEEE10initializeNCINvB1a_11get_or_initNCNvB3I_6stdout0E0zE0E0Bc_","file":"","line":0,"domain":"allocator_or_native_boundary","ownership":"unknown","anchor":null}
d54eb60c6bf13d832d4021ac5c9b8e55f16f11384567a4e673442aa3e0736f72	{"symbol":"_RNCINvMs0_NtNtCs6ZjlLoI6YmX_3std4sync4onceNtB8_4Once9call_onceNCNvMs0_CsdgoXfPE8R7h_20signal_hook_registryNtB16_10GlobalData6ensure0E0B16_","file":"","line":0,"domain":"allocator_or_native_boundary","ownership":"unknown","anchor":null}
d6be996548260e29ceb95d6a3afef4cd3d3851d02e0369b9823cfc766084b776	{"symbol":"cppgc::internal::Sweeper::SweepingOnMutatorThreadObserver*& std::__Cr::vector<cppgc::internal::Sweeper::SweepingOnMutatorThreadObserver*, std::__Cr::allocator<cppgc::internal::Sweeper::SweepingOnMutatorThreadObserver*> >::emplace_back<cppgc::internal::Sweeper::SweepingOnMutatorThreadObserver* const&>(cppgc::internal::Sweeper::SweepingOnMutatorThreadObserver* const&)","file":"","line":0,"domain":"allocator_or_native_boundary","ownership":"unknown","anchor":null}
d84f244a8be11a494e657582cdbbeb61fb7500a3323a1146b5ed65a0bdde6320	{"symbol":"_RNvXs_NtNtCscHgRw1M2fX5_5alloc3vec21spec_from_iter_nestedINtB6_3VecNtNtCs8BNLh0y6PrD_6script10isolate_fb11BankStandFpEINtB4_18SpecFromIterNestedB13_INtNtNtNtCsc36rpYXAlPq_4core4iter8adapters3map3MapINtNtNtB2v_5slice4iter4IterNtB15_14BankStandInputENvB15_13bank_stand_fpEE9from_iterB17_","file":"","line":0,"domain":"allocator_or_native_boundary","ownership":"unknown","anchor":null}
d8a7804abbb693cdf832824e0683ba7445a54039b3fe48b2c50f0795b19fcfdf	{"symbol":"std::__Cr::pair<std::__Cr::__hash_iterator<std::__Cr::__hash_node<v8::internal::wasm::TypeCanonicalizer::CanonicalSingletonGroup, void*>*>, bool> std::__Cr::__hash_table<v8::internal::wasm::TypeCanonicalizer::CanonicalSingletonGroup, std::__Cr::hash<v8::internal::wasm::TypeCanonicalizer::CanonicalSingletonGroup>, std::__Cr::equal_to<v8::internal::wasm::TypeCanonicalizer::CanonicalSingletonGroup>, std::__Cr::allocator<v8::internal::wasm::TypeCanonicalizer::CanonicalSingletonGroup> >::__emplace_unique_key_args<v8::internal::wasm::TypeCanonicalizer::CanonicalSingletonGroup, v8::internal::wasm::TypeCanonicalizer::CanonicalSingletonGroup&>(v8::internal::wasm::TypeCanonicalizer::CanonicalSingletonGroup const&, v8::internal::wasm::TypeCanonicalizer::CanonicalSingletonGroup&)","file":"","line":0,"domain":"allocator_or_native_boundary","ownership":"unknown","anchor":null}
d8cd7ea33945fb0d771bf536464e4802c478b21f5306e73ad27de389a3e16b82	{"symbol":"_RINvMs6_NtCs1lJFy7o6pGX_9hashbrown3rawINtB6_8RawTableTyINtNtNtCs6ZjlLoI6YmX_3std4sync4mpsc6SenderNtNtNtCseoayFEFQqjH_6client2io8ondemand13WorkerMessageEEE14reserve_rehashNCINvNtB8_3map11make_hasheryBR_NtNtNtBY_4hash6random11RandomStateE0EB1D_","file":"","line":0,"domain":"allocator_or_native_boundary","ownership":"unknown","anchor":null}
da509e37f06204c3d6ebabc4cddfbc46ed79788ed8b135e6bde149e1a1556f66	{"symbol":"_RNvMs1_NtNtNtCs6ZjlLoI6YmX_3std4sync4mpmc4listINtB5_7ChannelNtNtNtCs8BNLh0y6PrD_6script4load7isolate10IsolateCmdE4sendB12_","file":"","line":0,"domain":"allocator_or_native_boundary","ownership":"unknown","anchor":null}
daf024affc568853a32f551ecabbaabe6ad005324acd4304777412765456ff9a	{"symbol":"v8::internal::wasm::StackMemory::GetCentralStackView(v8::internal::Isolate*)","file":"","line":0,"domain":"allocator_or_native_boundary","ownership":"unknown","anchor":null}
db69a00f387ff559f63c7088f66af7946dad980946ff5f2c76e311e05900dc1c	{"symbol":"v8::internal::Isolate::FindOrAllocatePerThreadDataForThisThread()","file":"","line":0,"domain":"allocator_or_native_boundary","ownership":"unknown","anchor":null}
dc841b418a43489285004497520904bab350e475f311241b0bb235ba9fcf4c8a	{"symbol":"_RINvMs6_NtCs1lJFy7o6pGX_9hashbrown3rawINtB6_8RawTableTNtNtCscHgRw1M2fX5_5alloc6string6StringNtCs1hMbrFPmPsq_5vault7ProfileEE14reserve_rehashNCINvNtB8_3map11make_hasherBQ_B1s_NtNtNtCs6ZjlLoI6YmX_3std4hash6random11RandomStateE0ECs3JBA3HkGT3V_9host_play","file":"","line":0,"domain":"allocator_or_native_boundary","ownership":"unknown","anchor":null}
dc877e0c4569c6b1db219e81b7ab5dffce40b52836cdebb3bc74db399070c0a3	{"symbol":"_RNvNtCsdO8rEf1jYGK_3nav4pack9read_name","file":"","line":0,"domain":"allocator_or_native_boundary","ownership":"unknown","anchor":null}
dd61c7130419a501bd0667b27233cf99694186844c12bc425dfd6bb61b48d3e9	{"symbol":"v8::internal::HeapObjectsMap::HeapObjectsMap(v8::internal::Heap*)","file":"","line":0,"domain":"allocator_or_native_boundary","ownership":"unknown","anchor":null}
ddad8a7d3b08ca7ba4c54e256931b5d9d220d7d30fa9bc12193d873f7fd86ed4	{"symbol":"_RNvMs_NtNtCseoayFEFQqjH_6client6config8obj_typeNtB4_7ObjType6unpack","file":"","line":0,"domain":"allocator_or_native_boundary","ownership":"unknown","anchor":null}
dde4336a3153a334365d4918fd7accad1235ebfbc4725122e3ed8a9cde48f6f7	{"symbol":"_RNvMs_NtNtCseoayFEFQqjH_6client6dash3d9anim_baseNtB4_8AnimBase3new","file":"","line":0,"domain":"allocator_or_native_boundary","ownership":"unknown","anchor":null}
de01b46e76e67df38a06f6e161382a6658c5a09f7cd6082993ab1075c0944c5a	{"symbol":"v8::internal::WriteBarrier::GenerationalBarrierSlow(v8::internal::Tagged<v8::internal::HeapObject>, unsigned long, v8::internal::Tagged<v8::internal::HeapObject>)","file":"","line":0,"domain":"allocator_or_native_boundary","ownership":"unknown","anchor":null}
de7af124051a40a470ceb9131f1f55ba8797191aa8d17f770c31d066f8d15c27	{"symbol":"v8::internal::IncrementalMarking::IncrementalMarking(v8::internal::Heap*, v8::internal::WeakObjects*)","file":"","line":0,"domain":"allocator_or_native_boundary","ownership":"unknown","anchor":null}
dec372a81fa7cd72cb162a4e8bd44d5a765f5f452f57e3542a3aa58b1a77cfca	{"symbol":"_RNvMNtNtCseoayFEFQqjH_6client4core5worldNtB2_5World7set_obj","file":"","line":0,"domain":"allocator_or_native_boundary","ownership":"unknown","anchor":null}
e0a1f669a6a35b4ebb54abaf67ecd4b3f3da3025a2f80473708d9061f1566cf2	{"symbol":"_RNvNtCs8BNLh0y6PrD_6script15rs2b0t_registry17parse_setting_def","file":"","line":0,"domain":"allocator_or_native_boundary","ownership":"unknown","anchor":null}
e13fbac0260299db4b752e20cc6d8ee25e29bbb6898bdf658a1cce842d003a6a	{"symbol":"_RINvMs6_NtCs1lJFy7o6pGX_9hashbrown3rawINtB6_8RawTableTNtNtCscHgRw1M2fX5_5alloc6string6StringNtNtCsjCVkXGB5m1G_3api8snapshot12GameSnapshotEE14reserve_rehashNCINvNtB8_3map11make_hasherBQ_B1s_NtNtNtCs6ZjlLoI6YmX_3std4hash6random11RandomStateE0ECsh45fz8A1of3_3tui","file":"","line":0,"domain":"allocator_or_native_boundary","ownership":"unknown","anchor":null}
e167aa90deb0d855428bcce169bce2042455e236c234be6545b55fbb0eb056a0	{"symbol":"v8::internal::HandleScope::Extend(v8::internal::Isolate*)","file":"","line":0,"domain":"allocator_or_native_boundary","ownership":"unknown","anchor":null}
e1c671612c0560bd70e033f19af2b1e23793222a59404dbf9cf3905c389e1145	{"symbol":"v8::internal::Isolate::Init(v8::internal::SnapshotData*, v8::internal::SnapshotData*, v8::internal::SnapshotData*, bool)","file":"","line":0,"domain":"allocator_or_native_boundary","ownership":"unknown","anchor":null}
e220fe1122bad46f986f3f0939ad9b5fc1c70517b4ace797aab6dfc17031bb2a	{"symbol":"<unresolved>","file":"","line":0,"domain":"allocator_or_native_boundary","ownership":"unknown","anchor":null}
e2da3e86c9ebcbba3943b1a767a9befb67d6f9206df8b03235b01d8b447c32bf	{"symbol":"_RINvMNtCs5bJpdm632qa_9deno_core12gotham_stateNtB3_11GothamState3putNtNtB5_5tasks13V8TaskSpawnerEB5_","file":"","line":0,"domain":"allocator_or_native_boundary","ownership":"unknown","anchor":null}
e2ee98d8e68c51813bdd0b04b93112bb9034d0dfdeb354e00f9c04980120d117	{"symbol":"_RINvXs5_NtCs8w6ufvPp9JY_10serde_json2deQINtB6_12DeserializerNtNtB8_4read7StrReadENtNtCsg1F0d9pE0jn_5serde2de12Deserializer18deserialize_stringNtNtB1j_5impls13StringVisitorECs8BNLh0y6PrD_6script","file":"","line":0,"domain":"allocator_or_native_boundary","ownership":"unknown","anchor":null}
e4f7606d320ae723a8429e34a0d341babcf1683b3e7ae8a8b3d2056b6930177a	{"symbol":"_RNvMNtNtCseoayFEFQqjH_6client4core5worldNtB2_5World9set_decor","file":"","line":0,"domain":"allocator_or_native_boundary","ownership":"unknown","anchor":null}
e4fcbd8076b09a32f7828f4e08e05a8d1461de0f4e56f6418261cac92ef2f1cd	{"symbol":"_RNvMNtNtCsjSTgzKTFx8E_5tokio7runtime7builderNtB2_7Builder3new.llvm.18284464411356100596","file":"","line":0,"domain":"allocator_or_native_boundary","ownership":"unknown","anchor":null}
e5b43aad5898c72cb93b5ff536035984342fe341aae8fef73dfc19fe3fcd7c23	{"symbol":"_RNvMNtNtCseoayFEFQqjH_6client10datastruct9lru_cacheINtB2_8LruCacheNtNtNtB6_6dash3d5store12SharedSpriteE3newB6_","file":"","line":0,"domain":"allocator_or_native_boundary","ownership":"unknown","anchor":null}
e6527c6c96efd30f776181ab2bfe350b313346e10cddc8f6393d4b138840be87	{"symbol":"_RNvXs4_NtCscHgRw1M2fX5_5alloc6stringNtB5_6StringNtNtCsc36rpYXAlPq_4core5clone5Clone5clone","file":"","line":0,"domain":"allocator_or_native_boundary","ownership":"unknown","anchor":null}
e6a08bd3576ee2f9da4b6b2f3b7b32a2f98045ca15bb574d3767b4d57fdbaf94	{"symbol":"_RNvMNtCs50mG4W4lMfe_8scenario8evidenceNtB2_8Evidence8terminal","file":"","line":0,"domain":"allocator_or_native_boundary","ownership":"unknown","anchor":null}
e722f1fd05a3d869c1a72eaabcb9323cd25d86a610362b3b95123ea9c1780fe1	{"symbol":"v8::internal::(anonymous namespace)::ConstructBuffer(v8::internal::Isolate*, v8::internal::DirectHandle<v8::internal::JSFunction>, v8::internal::DirectHandle<v8::internal::JSReceiver>, v8::internal::DirectHandle<v8::internal::Object>, v8::internal::DirectHandle<v8::internal::Object>, v8::internal::InitializedFlag)","file":"","line":0,"domain":"allocator_or_native_boundary","ownership":"unknown","anchor":null}
e7c4d1e641be3dee8a2c6ba7c31c3c3b1cfdcdf4a1106fd922dac644ba1ec5a1	{"symbol":"v8::internal::Heap::InsertIntoRememberedSetFromCode(v8::internal::MutablePageMetadata*, unsigned long)","file":"","line":0,"domain":"allocator_or_native_boundary","ownership":"unknown","anchor":null}
e821e91c59f08171d755f86808d0a7e4c21f771576e0d619869f62518dac7180	{"symbol":"_RNvCs3JBA3HkGT3V_9host_play21script_slot_or_insert","file":"","line":0,"domain":"allocator_or_native_boundary","ownership":"unknown","anchor":null}
e925e6e7e555f145dd3cb9f670562e620dcb162209e86c1dd494424e5eca2fcb	{"symbol":"_RINvMs6_NtCs1lJFy7o6pGX_9hashbrown3rawINtB6_8RawTableTNtNtCscHgRw1M2fX5_5alloc6string6StringTBQ_INtNtCsc36rpYXAlPq_4core6option6OptionINtNtBU_3vec3VechEEEEE14reserve_rehashNCINvNtB8_3map11make_hasherBQ_B1s_NtNtNtCs6ZjlLoI6YmX_3std4hash6random11RandomStateE0ECs46fkt1xHg5P_11rustyscript","file":"","line":0,"domain":"allocator_or_native_boundary","ownership":"unknown","anchor":null}
e9e36b6fee08c8530f043c28b923c05aa6f54b86c2ea984b5305060cc3bdbbdd	{"symbol":"v8::internal::GlobalHandles::Create(v8::internal::Tagged<v8::internal::Object>)","file":"","line":0,"domain":"allocator_or_native_boundary","ownership":"unknown","anchor":null}
eb965d7f0dda95cd197ac8b79ecb3286f8ad3ad63daa9c93d6b18139ed011ead	{"symbol":"_RINvNtNtCs6ZjlLoI6YmX_3std6thread9lifecycle15spawn_uncheckedNCNvNtNtCseoayFEFQqjH_6client2io8ondemand13subscribe_hubs0_0uEB14_","file":"","line":0,"domain":"allocator_or_native_boundary","ownership":"unknown","anchor":null}
ec51e48b0e1dfa29517cc0204670d12cc5d4a19ea45cab8b7b017907a213e5d7	{"symbol":"v8::internal::Bootstrapper::InitializeOncePerProcess()","file":"","line":0,"domain":"allocator_or_native_boundary","ownership":"unknown","anchor":null}
ec8fed4bf55c3eafa074bd5eb3e5425b6fec8022cf6682a73c71a57f877713aa	{"symbol":"__strdup","file":"","line":0,"domain":"allocator_or_native_boundary","ownership":"unknown","anchor":null}
ec923eb81ff0163b0426ee4981c0e1d5af51159db95417dc6c0ca9af74d99667	{"symbol":"_RINvXNtNtCscHgRw1M2fX5_5alloc3vec14spec_from_elemINtB5_3VecIBM_lEENtB3_12SpecFromElem9from_elemNtNtB7_5alloc6GlobalECseoayFEFQqjH_6client","file":"","line":0,"domain":"allocator_or_native_boundary","ownership":"unknown","anchor":null}
ecf04988ffba303656dcae1a61829b660d5402e17ccba64edae90e55041ad43f	{"symbol":"void std::__Cr::__hash_table<std::__Cr::__hash_value_type<v8::internal::Isolate*, std::__Cr::unique_ptr<v8::internal::wasm::WasmEngine::IsolateInfo, std::__Cr::default_delete<v8::internal::wasm::WasmEngine::IsolateInfo> > >, std::__Cr::__unordered_map_hasher<v8::internal::Isolate*, std::__Cr::__hash_value_type<v8::internal::Isolate*, std::__Cr::unique_ptr<v8::internal::wasm::WasmEngine::IsolateInfo, std::__Cr::default_delete<v8::internal::wasm::WasmEngine::IsolateInfo> > >, std::__Cr::hash<v8::internal::Isolate*>, std::__Cr::equal_to<v8::internal::Isolate*>, true>, std::__Cr::__unordered_map_equal<v8::internal::Isolate*, std::__Cr::__hash_value_type<v8::internal::Isolate*, std::__Cr::unique_ptr<v8::internal::wasm::WasmEngine::IsolateInfo, std::__Cr::default_delete<v8::internal::wasm::WasmEngine::IsolateInfo> > >, std::__Cr::equal_to<v8::internal::Isolate*>, std::__Cr::hash<v8::internal::Isolate*>, true>, std::__Cr::allocator<std::__Cr::__hash_value_type<v8::internal::Isolate*, std::__Cr::unique_ptr<v8::internal::wasm::WasmEngine::IsolateInfo, std::__Cr::default_delete<v8::internal::wasm::WasmEngine::IsolateInfo> > > > >::__do_rehash<true>(unsigned long)","file":"","line":0,"domain":"allocator_or_native_boundary","ownership":"unknown","anchor":null}
ed18864bf7ff0822ecaad38b15c39a999bd9d34ad1d4914979ecc98ac5421f19	{"symbol":"v8::internal::Sweeper::ConcurrentMajorSweeper& std::__Cr::vector<v8::internal::Sweeper::ConcurrentMajorSweeper, std::__Cr::allocator<v8::internal::Sweeper::ConcurrentMajorSweeper> >::emplace_back<v8::internal::Sweeper*&>(v8::internal::Sweeper*&)","file":"","line":0,"domain":"allocator_or_native_boundary","ownership":"unknown","anchor":null}
ed1af01a81203a3866fb72d810168a10a3c1b7e58882a6b999406b477a897eed	{"symbol":"_RNvNtCs5bJpdm632qa_9deno_core13extension_set14setup_op_state","file":"","line":0,"domain":"allocator_or_native_boundary","ownership":"unknown","anchor":null}
edca9c120dbdd573c00e82e191d271e7b19181a0032d8fd6e8d3ae34da727e2e	{"symbol":"_RNvMNtNtCseoayFEFQqjH_6client10wordfilter11word_filterNtB2_10WordFilter12read_domains","file":"","line":0,"domain":"allocator_or_native_boundary","ownership":"unknown","anchor":null}
edcaa9ee722ce3b2f2d0ab95502421f356fd5d880d1abc85cf2ce615ccb4d78d	{"symbol":"_RNvMs1_NtNtCseoayFEFQqjH_6client8graphics5pix3dNtB5_9Pix3DDraw15cached_averages","file":"","line":0,"domain":"allocator_or_native_boundary","ownership":"unknown","anchor":null}
edd755cf4c723e1f1b8b96216796551f6be27ddea638984812749935ddd5bda7	{"symbol":"v8::internal::baseline::ConcurrentBaselineCompiler::ConcurrentBaselineCompiler(v8::internal::Isolate*)","file":"","line":0,"domain":"allocator_or_native_boundary","ownership":"unknown","anchor":null}
ef4e540fe6ca247a4cf69e629f80d84235a5ce36f852a4383b9777e3d14e36f1	{"symbol":"_RNvMs_NtNtCseoayFEFQqjH_6client2io13client_streamNtB4_12ClientStream7connect","file":"","line":0,"domain":"allocator_or_native_boundary","ownership":"unknown","anchor":null}
f03ee78951fc67d0673a6a52ddbb4a6e567c4d74365df70e2e71e47772de959d	{"symbol":"v8::platform::NewDefaultPlatform(int, v8::platform::IdleTaskSupport, v8::platform::InProcessStackDumping, std::__Cr::unique_ptr<v8::TracingController, std::__Cr::default_delete<v8::TracingController> >, v8::platform::PriorityMode)","file":"","line":0,"domain":"allocator_or_native_boundary","ownership":"unknown","anchor":null}
f055845ab0dca12be07ed64aab7569dcdcec6465716f694e22bbe6b5e9d25652	{"symbol":"v8::internal::Isolate::New(v8::internal::IsolateGroup*)","file":"","line":0,"domain":"allocator_or_native_boundary","ownership":"unknown","anchor":null}
f123e75e3ee93fe3b0c416d03db584ccedf8366949254ef9bb474e2057c061a2	{"symbol":"std::__Cr::deque<std::__Cr::pair<v8::platform::DefaultForegroundTaskRunner::Nestability, std::__Cr::unique_ptr<v8::Task, std::__Cr::default_delete<v8::Task> > >, std::__Cr::allocator<std::__Cr::pair<v8::platform::DefaultForegroundTaskRunner::Nestability, std::__Cr::unique_ptr<v8::Task, std::__Cr::default_delete<v8::Task> > > > >::__add_back_capacity()","file":"","line":0,"domain":"allocator_or_native_boundary","ownership":"unknown","anchor":null}
f20f719ae83ac5c6407ebc5559bf207d7df223889025847c2e379ceccd5e1e9c	{"symbol":"_RNvMs5_NtCscHgRw1M2fX5_5alloc7raw_vecNtB5_11RawVecInner11finish_growCsdgoXfPE8R7h_20signal_hook_registry","file":"","line":0,"domain":"allocator_or_native_boundary","ownership":"unknown","anchor":null}
f4dffd87ec76a3bb0853c541bd1fc9d84f13eaa9b938a6b1f855cd24cdfc91ab	{"symbol":"_RNvMs0_NtNtCseoayFEFQqjH_6client6config8loc_typeNtB5_7LocType6unpack","file":"","line":0,"domain":"allocator_or_native_boundary","ownership":"unknown","anchor":null}
f5ce67bf6fb7a767979b6754873b100c2501c495ea5f094f69a25f3a62bc1c31	{"symbol":"_RNCINvMs0_NtNtCs6ZjlLoI6YmX_3std4sync4onceNtB8_4Once15call_once_forceNCINvMNtBa_9once_lockINtB1b_8OnceLockTINtNtCscHgRw1M2fX5_5alloc4sync3ArcINtNtB1M_3vec3VecINtNtCsc36rpYXAlPq_4core6option6OptionNtNtNtCseoayFEFQqjH_6client5sound5jagfx5SoundEEEIB1I_IB2g_lEEEE10initializeNCINvB1a_11get_or_initNCNvB3a_11empty_table0E0zE0E0B3e_","file":"","line":0,"domain":"allocator_or_native_boundary","ownership":"unknown","anchor":null}
f65b0dcb8f471028f70856a1800f7c05f9c37a5f360b9855fe07103e88e98e2c	{"symbol":"_RNvXs_NtNtCscHgRw1M2fX5_5alloc3vec21spec_from_iter_nestedINtB6_3VecIBU_lEEINtB4_18SpecFromIterNestedB13_INtNtNtNtCsc36rpYXAlPq_4core4iter8adapters3map3MapINtNtNtB1N_5slice4iter4IterB13_ENCNvNtNtCseoayFEFQqjH_6client2io8ondemand13subscribe_hubs_0EE9from_iterB36_","file":"","line":0,"domain":"allocator_or_native_boundary","ownership":"unknown","anchor":null}
f6f46ba007de022741eb4337ea160763f44549e8bf90a312eb2a97206328cef7	{"symbol":"std::__Cr::pair<unsigned long (*)(void*, unsigned long, unsigned long), void*>& std::__Cr::vector<std::__Cr::pair<unsigned long (*)(void*, unsigned long, unsigned long), void*>, std::__Cr::allocator<std::__Cr::pair<unsigned long (*)(void*, unsigned long, unsigned long), void*> > >::emplace_back<std::__Cr::pair<unsigned long (*)(void*, unsigned long, unsigned long), void*> >(std::__Cr::pair<unsigned long (*)(void*, unsigned long, unsigned long), void*>&&)","file":"","line":0,"domain":"allocator_or_native_boundary","ownership":"unknown","anchor":null}
f83b9ac1d3eac2c46e7d64a1f121f93ead497073f19dd65bf2d526676e251a90	{"symbol":"_RINvMs6_NtCs1lJFy7o6pGX_9hashbrown3rawINtB6_8RawTableTNtNtCscHgRw1M2fX5_5alloc6string6StringINtNtBU_4sync3ArcINtNtNtNtCs6ZjlLoI6YmX_3std4sync6poison5mutex5MutexNtNtCs3JBA3HkGT3V_9host_play6memory4SeedEEEE14reserve_rehashNCINvNtB8_3map11make_hasherBQ_B1s_NtNtNtB1S_4hash6random11RandomStateE0EB2C_","file":"","line":0,"domain":"allocator_or_native_boundary","ownership":"unknown","anchor":null}
f870549f971c3bcb0266c54168876e3b941e296b68ef3968f60776e671e57a5e	{"symbol":"_RNvMs_NtNtCseoayFEFQqjH_6client6config8seq_typeNtB4_7SeqType6unpack","file":"","line":0,"domain":"allocator_or_native_boundary","ownership":"unknown","anchor":null}
f8c914624c504630d8f4a0733009037852a92382bb7f7259cf04ddb9e6203a8e	{"symbol":"_RINvMs6_NtCs1lJFy7o6pGX_9hashbrown3rawINtB6_8RawTableTNtNtCscHgRw1M2fX5_5alloc6string6StringINtNtBU_4sync3ArcNtCs3JBA3HkGT3V_9host_play7SlotArmEEE14reserve_rehashNCINvNtB8_3map11make_hasherBQ_B1s_NtNtNtCs6ZjlLoI6YmX_3std4hash6random11RandomStateE0EB1L_","file":"","line":0,"domain":"allocator_or_native_boundary","ownership":"unknown","anchor":null}
f9207cfc984e24790b1f723160fcbad90f6d2f42d19a3793c8eeec7728599696	{"symbol":"_RNvMs1_NtCs5bJpdm632qa_9deno_core3opsNtB5_7OpState3new","file":"","line":0,"domain":"allocator_or_native_boundary","ownership":"unknown","anchor":null}
f92691b8fcb9335ba25ffa7d572b8bae47cae774807f6184a21068f809b682dc	{"symbol":"_RNvCs50mG4W4lMfe_8scenario16thiever_scenario","file":"","line":0,"domain":"allocator_or_native_boundary","ownership":"unknown","anchor":null}
fa039c0d77f6af567a3ecd02aa6d622f01dc7ec982c194bd38ebb79f275493c9	{"symbol":"v8::internal::RootIndexMap::RootIndexMap(v8::internal::Isolate*)","file":"","line":0,"domain":"allocator_or_native_boundary","ownership":"unknown","anchor":null}
fb1f2048ee8be5f0ce92f2450771c5f3eeface13bd03baa01cd9ea4f1562a114	{"symbol":"v8::internal::Heap::ConfigureHeap(v8::ResourceConstraints const&, v8::CppHeap*)","file":"","line":0,"domain":"allocator_or_native_boundary","ownership":"unknown","anchor":null}
fc2da8fba9e079d471b644a9b1c677eca407d7961f4c0267bb332715e144686d	{"symbol":"__cxa_thread_atexit_impl","file":"","line":0,"domain":"allocator_or_native_boundary","ownership":"unknown","anchor":null}
fccd6d321448cd6050d09573da25171f686eb8a0e4780ebda2a03d268ee5c9f6	{"symbol":"v8::internal::GlobalHandles::Node*& std::__Cr::vector<v8::internal::GlobalHandles::Node*, std::__Cr::allocator<v8::internal::GlobalHandles::Node*> >::emplace_back<v8::internal::GlobalHandles::Node* const&>(v8::internal::GlobalHandles::Node* const&)","file":"","line":0,"domain":"allocator_or_native_boundary","ownership":"unknown","anchor":null}
fdac19feaa989c5e391325e4cf4b8ef712350f0915fab727d39069b3bc23d6ac	{"symbol":"v8::internal::ThreadIsolation::RegisterJitPage(unsigned long, unsigned long)","file":"","line":0,"domain":"allocator_or_native_boundary","ownership":"unknown","anchor":null}
fe0773d0ade3ed06a6aaf70237567dbf9d1e8f26fe9c3ce8f63614be3581bb13	{"symbol":"_RINvXs0_NtNtNtCsc36rpYXAlPq_4core4iter8adapters3mapINtB6_3MapINtNtNtBc_3ops5range5RangejENCNvMs1_NtCsjCVkXGB5m1G_3api8snapshotNtB1x_12GameSnapshot12rebuild_stat0ENtNtNtBa_6traits8iterator8Iterator4folduNCINvNvB2A_8for_each4callNtB1x_8StatViewNCINvMsj_NtCscHgRw1M2fX5_5alloc3vecINtB41_3VecB3D_E14extend_trustedBN_E0E0EB1z_","file":"","line":0,"domain":"allocator_or_native_boundary","ownership":"unknown","anchor":null}
fe8516566119313a78bf2085ac61ec31be0be907f3c67d2099889056ac35db03	{"symbol":"_RINvXNtNtCscHgRw1M2fX5_5alloc3vec14spec_from_elemNtNtB7_6string6StringNtB3_12SpecFromElem9from_elemNtNtB7_5alloc6GlobalECseoayFEFQqjH_6client","file":"","line":0,"domain":"allocator_or_native_boundary","ownership":"unknown","anchor":null}
