ip_id	fields_hex_json
1	["70740d35159f","9"]
2	["70740d337823","9"]
3	["70740d33771e","9"]
4	["70740c4b738e","b"]
5	["5dfb79060024","1","d"]
6	["70740c82a28a","8","e"]
7	["70740c82a1c9","8"]
8	["5dfb79060284","1","f"]
24	["5dfb7bcdcedf","1","10"]
25	["5dfb7bce4307","1","18"]
26	["5dfb7bce4509","1","18"]
27	["5dfb7bcdcfa6","1","10"]
28	["5dfb79060108","1","19"]
29	["5dfb790600f2","1","1a"]
30	["5dfb79070977","1","1b"]
34	["5dfb7906ac3b","1","1c"]
37	["5dfb7bce6b1b","1","20"]
38	["5dfb7bce1d30","1","21"]
39	["5dfb7bcc400f","1","22"]
40	["5dfb79251560","1","23"]
41	["5dfb792517b9","1","24"]
42	["70740c847643","8","25"]
43	["5dfb792516ac","1","24"]
46	["5dfb7bccb323","1","26"]
47	["5dfb7bcc2651","1","27"]
48	["5dfb7bccfd51","1","28"]
49	["5dfb7925159f","1","23"]
50	["5dfb7906ac9f","1","1c"]
52	["5dfb7b7aa090","1","29"]
54	["5dfb7906acc2","1","1c"]
60	["5dfb7906bc92","1","2a"]
61	["5dfb7bd0a285","1","2d"]
62	["5dfb79074032","1","2e"]
63	["5dfb7909d683","1","2f"]
64	["5dfb7909e44c","1","30"]
69	["5dfb79070bba","1","1b"]
70	["5dfb7906c3c0","1","33"]
71	["5dfb7bcfa2de","1","34"]
72	["5dfb7906c3d9","1","33"]
73	["5dfb7906c439","1","33"]
74	["5dfb7906c44f","1","33"]
75	["5dfb7928c32c","1","35"]
76	["5dfb7906c465","1","33"]
78	["5dfb7bce6481","1","37"]
79	["5dfb7bcf8d69","1","38"]
80	["5dfb7bcf979d","1","39"]
81	["5dfb7928da04","1","36"]
82	["5dfb792c453d","1","3a"]
83	["5dfb792ca32d","1","3b"]
84	["5dfb792a8600","1","3c"]
85	["5dfb792cb9c6","1","3d"]
86	["5dfb792ca569","1","3e"]
90	["5dfb792792fc","1","40"]
91	["5dfb7928db3c","1","36"]
92	["5dfb7928db77","1","36"]
95	["5dfb7bcf9fa2","1","42"]
96	["5dfb7bcf9fd8","1","42"]
97	["5dfb7bd00f99","1","43"]
98	["5dfb7bcfa5b7","1","2e"]
99	["5dfb7bcf8951","1","44"]
100	["5dfb7bcf9773","1","39"]
103	["5dfb7928dd85","1","36"]
106	["5dfb7924fcda","1","45"]
109	["5dfb79251b44","1","46"]
111	["5dfb79259267","1","48"]
112	["5dfb79268103","1","49"]
113	["5dfb792792de","1","40"]
119	["5dfb7bd00ea7","1","43"]
122	["5dfb7924fd34","1","45"]
125	["5dfb7928de23","1","36"]
127	["5dfb792b72cd","1","4e"]
128	["5dfb792b49d4","1","4f"]
129	["5dfb792b4a1e","1","4f"]
130	["5dfb792b3e5a","1","50"]
131	["5dfb792b0db6","1","51"]
132	["5dfb792b72e4","1","4e"]
133	["5dfb79278ec9","1","52"]
147	["5dfb7bccaafc","1","58"]
339	["5dfb7928dff6","1","36"]
340	["5dfb79279089","1","5a"]
341	["5dfb7906c5cf","1","33"]
342	["5dfb7906c6cc","1","33"]
343	["5dfb7906c7c8","1","33"]
344	["5dfb7906c82d","1","33"]
345	["5dfb7906c86a","1","33"]
346	["5dfb7906c8af","1","33"]
347	["5dfb7906c932","1","33"]
348	["5dfb7906c987","1","33"]
349	["5dfb7906ca18","1","33"]
350	["5dfb790663e2","1","5b"]
351	["5dfb7906ca4a","1","33"]
352	["5dfb79277dc1","1","5c"]
353	["5dfb7906ca5a","1","33"]
354	["5dfb792a8e11","1","5d"]
364	["5dfb7906cf1c","1","33"]
365	["5dfb79103e45","1","61"]
371	["5dfb79168c2c","1","66"]
372	["5dfb790ed6d2","1","62"]
373	["5dfb791258a4","1","67"]
374	["5dfb79125913","1","67"]
376	["5dfb79103f71","1","61"]
378	["5dfb790f02bb","1","68"]
383	["5dfb79104193","1","61"]
401	["5dfb7b70e2e2","1","71"]
428	["5dfb79e590f9","1","7e"]
429	["5dfb79e5967c","1","7f"]
432	["5dfb791cae07","1","81"]
472	["70740c8b445e","8","8e"]
484	["5dfb79e5965e","1","7f"]
572	["5dfb792c3163","1","9c"]
573	["5dfb792c3193","1","9c"]
622	["5dfb79104cbd","1","61"]
623	["5dfb7911f861","1","a5"]
624	["5dfb7911f89b","1","a5"]
625	["5dfb7911f8d8","1","a5"]
626	["5dfb7911f8e8","1","a5"]
627	["5dfb7911f90a","1","a5"]
628	["5dfb7911f91a","1","a5"]
629	["5dfb7911f930","1","a5"]
630	["5dfb7911f945","1","a5"]
631	["5dfb79126423","1","a6"]
632	["5dfb79126453","1","a6"]
633	["5dfb7911f95a","1","a5"]
634	["5dfb79126539","1","a7"]
635	["5dfb7912682c","1","a7"]
636	["5dfb79126842","1","a7"]
637	["5dfb79126865","1","a7"]
638	["5dfb7912689d","1","a7"]
639	["5dfb791269ad","1","a7"]
640	["5dfb79126afd","1","a7"]
641	["5dfb79126a88","1","a7"]
642	["5dfb791268eb","1","a7"]
643	["5dfb79126929","1","a7"]
644	["5dfb79126a3a","1","a7"]
647	["5dfb791a23a4","1","a9"]
651	["5dfb791c18b9","1","aa"]
652	["5dfb791c194e","1","ab"]
653	["5dfb791a2675","1","a9"]
659	["5dfb7b71d6dd","1","ae"]
660	["5dfb7b71dce4","1","af"]
663	["5dfb79104e2b","1","61"]
664	["5dfb7927b1ee","1","b0"]
666	["5dfb7927b57f","1","b0"]
667	["5dfb79266a9b","1","b1"]
668	["5dfb79266a5d","1","b1"]
671	["5dfb7927bbe8","1","b0"]
672	["5dfb7927b08d","1","b2"]
676	["5dfb791044a5","1","61"]
678	["5dfb7906cfce","1","33"]
679	["5dfb79069c35","1","b4"]
680	["5dfb790e6297","1","b5"]
682	["5dfb7bce6880","1","b7"]
685	["5dfb7b70c219","1","b6"]
686	["5dfb7b705376","1","b9"]
687	["5dfb7b705c80","1","ba"]
688	["5dfb7b70de52","1","bb"]
689	["5dfb7b705d08","1","ba"]
690	["5dfb7b707384","1","bc"]
691	["5dfb7b7062b9","1","bd"]
692	["5dfb7b707413","1","bc"]
693	["5dfb7b70745b","1","bc"]
694	["5dfb7b7067b1","1","be"]
695	["5dfb7b705d97","1","ba"]
696	["5dfb7b70c336","1","b6"]
697	["5dfb79069dfb","1","b4"]
698	["5dfb79069e18","1","b4"]
699	["5dfb79069eec","1","b4"]
700	["5dfb79092897","1","bf"]
710	["5dfb7b84a540","1","c2"]
711	["5dfb790f8d37","1","c0"]
712	["5dfb7b84a96f","1","c3"]
729	["5dfb7b7e2f33","1","cf"]
730	["5dfb7b7edb8c","1","d0"]
732	["5dfb7b7edb6e","1","d0"]
734	["5dfb7b8104e6","1","c4"]
735	["5dfb7b8106c8","1","c4"]
736	["5dfb7b8106fd","1","c4"]
737	["5dfb7b810735","1","c4"]
738	["5dfb7b8109f4","1","c4"]
739	["5dfb7b84a97d","1","c3"]
741	["5dfb7b85a9ec","1","d1"]
742	["5dfb7b84a9ee","1","c3"]
745	["5dfb7b857e91","1","d2"]
746	["5dfb7b8588cc","1","d2"]
747	["5dfb7b8587ac","1","d2"]
748	["5dfb7b858c52","1","d2"]
749	["5dfb7b8583fb","1","d2"]
750	["5dfb7b858431","1","d2"]
751	["5dfb7b85913f","1","d2"]
752	["5dfb7b859197","1","d2"]
753	["5dfb7b858b53","1","d2"]
760	["5dfb7b8596a0","1","d2"]
761	["5dfb7b8597e7","1","d2"]
769	["5dfb7b84a9fc","1","c3"]
772	["5dfb7b7f9654","1","d5"]
773	["5dfb7b7f9e6e","1","d5"]
774	["5dfb7b7fa015","1","d5"]
775	["5dfb7b82f40f","1","d6"]
776	["5dfb7b7fa0ef","1","d5"]
777	["5dfb7b7f9c68","1","d5"]
778	["5dfb7b7f9c95","1","d5"]
779	["5dfb7b7f9bbe","1","d5"]
780	["5dfb7b7f98fb","1","d5"]
781	["5dfb7b7f9a18","1","d5"]
782	["5dfb7b84aa0a","1","c3"]
785	["5dfb7b85194c","1","d7"]
786	["5dfb7b852584","1","d7"]
787	["5dfb7b852665","1","d7"]
788	["5dfb7b8522e9","1","d7"]
789	["5dfb7b852292","1","d7"]
790	["5dfb7b852462","1","d7"]
791	["5dfb7b851efc","1","d7"]
792	["5dfb7b851f30","1","d7"]
793	["5dfb7b851c12","1","d7"]
794	["5dfb7b851c46","1","d7"]
795	["5dfb7b84aa1b","1","c3"]
797	["5dfb7b843d9d","1","d8"]
798	["5dfb7b844145","1","d8"]
799	["5dfb7b84aa2c","1","c3"]
801	["5dfb7b7f7f90","1","d9"]
802	["5dfb7b7f8177","1","d9"]
803	["5dfb7b84aa42","1","c3"]
805	["5dfb7b78b733","1","da"]
806	["5dfb7b84aa53","1","c3"]
808	["5dfb7b873d35","1","db"]
814	["5dfb790f908e","1","c0"]
817	["5dfb7b7eea72","1","dc"]
818	["5dfb7b7eeaa5","1","dc"]
819	["5dfb7b7eead8","1","dc"]
820	["5dfb7b7f22c6","1","dc"]
821	["5dfb7b82ec50","1","dd"]
822	["5dfb7b7f22d8","1","dc"]
823	["5dfb7b82f175","1","de"]
824	["5dfb7b7f278b","1","dc"]
826	["5dfb7b7f0871","1","dc"]
827	["5dfb7b7ee348","1","dc"]
828	["5dfb7b7ee381","1","dc"]
829	["5dfb7b7ee597","1","dc"]
830	["5dfb7b7ee681","1","dc"]
831	["5dfb7b7f0455","1","dc"]
832	["5dfb7b7f2229","1","dc"]
833	["5dfb7b7f013f","1","dc"]
834	["5dfb7b7ee894","1","dc"]
835	["5dfb7b7ee8b3","1","dc"]
836	["5dfb7b7ef14c","1","dc"]
837	["5dfb7b7ef167","1","dc"]
838	["5dfb7b7ef192","1","dc"]
839	["5dfb7b7ef60d","1","dc"]
840	["5dfb7b7ef7ff","1","dc"]
841	["5dfb7b7ef9b1","1","dc"]
842	["5dfb7b7efc2b","1","dc"]
843	["5dfb7b7efe2e","1","dc"]
844	["5dfb7b7f0d9c","1","dc"]
845	["5dfb7b7f21a5","1","dc"]
846	["5dfb7b7f224e","1","dc"]
847	["5dfb7b7f2153","1","dc"]
848	["5dfb7b7f0e4d","1","dc"]
849	["5dfb7b7f0f35","1","dc"]
850	["5dfb7b7f1e08","1","dc"]
851	["5dfb7b7f1f65","1","dc"]
852	["5dfb7b7ef447","1","dc"]
853	["5dfb790f9127","1","c0"]
854	["5dfb791865df","1","df"]
855	["5dfb7914477d","1","e0"]
856	["5dfb790f9343","1","c0"]
857	["5dfb790f9385","1","c0"]
858	["5dfb7b7434fa","1","e1"]
859	["5dfb7b73f6af","1","e2"]
860	["5dfb7b743587","1","e1"]
861	["5dfb790f93c7","1","c0"]
862	["5dfb790f9448","1","c0"]
863	["5dfb790f94d9","1","c0"]
864	["5dfb790f94ed","1","c0"]
865	["5dfb790f9588","1","c0"]
866	["5dfb790f95f6","1","c0"]
867	["5dfb790f9695","1","c0"]
868	["5dfb790f96cf","1","c0"]
869	["5dfb790f980e","1","c0"]
870	["5dfb790f98f2","1","c0"]
871	["5dfb790f99d6","1","c0"]
872	["5dfb790f9aba","1","c0"]
873	["5dfb790f9b08","1","c0"]
874	["5dfb790ee941","1","e3"]
875	["5dfb790f9b29","1","c0"]
876	["5dfb7b6d2db7","1","e4"]
877	["5dfb7b6d2dea","1","e4"]
878	["5dfb7b6d54dd","1","e5"]
879	["5dfb7b6d39b2","1","e6"]
880	["5dfb7b6d565b","1","e5"]
881	["5dfb7b6d8ee2","1","e7"]
882	["5dfb7b6d57b6","1","e5"]
883	["5dfb7b6d5b7d","1","e5"]
884	["5dfb7b6d4657","1","e8"]
885	["5dfb7b6d5aa7","1","e5"]
886	["5dfb7b6d5af4","1","e5"]
887	["5dfb7b6d5bbd","1","e5"]
888	["5dfb7b6d4453","1","e9"]
889	["5dfb7b6d5b39","1","e5"]
890	["5dfb7b6d5052","1","ea"]
891	["5dfb7b6d50c5","1","ea"]
892	["5dfb7b6d5d57","1","e5"]
893	["5dfb7b6d3afc","1","eb"]
894	["5dfb7b6d8d69","1","ec"]
896	["5dfb7b6d8dfe","1","ed"]
897	["5dfb7b6d5f34","1","e5"]
898	["5dfb7b6c5e52","1","ee"]
899	["5dfb7b6c6ac5","1","ef"]
900	["5dfb7b6d5f97","1","e5"]
901	["5dfb7b7ed1a9","1","f0"]
902	["5dfb7b6d5fb1","1","e5"]
903	["5dfb7b6d48e3","1","f1"]
904	["5dfb7b6d49ad","1","f1"]
905	["5dfb7b6d65db","1","f2"]
906	["5dfb790f9b80","1","c0"]
907	["5dfb790928e6","1","bf"]
908	["5dfb7906d29d","1","33"]
910	["5dfb79102eab","1","f3"]
911	["5dfb791a3bfa","1","f4"]
913	["5dfb79103160","1","f3"]
914	["5dfb791ae236","1","f5"]
915	["5dfb791ae26f","1","f5"]
916	["5dfb791031c4","1","f3"]
917	["5dfb7910322e","1","f3"]
918	["5dfb79103267","1","f3"]
919	["5dfb7916c690","1","f6"]
920	["5dfb7912ebe3","1","f7"]
921	["5dfb7906e325","1","33"]
922	["5dfb79078583","1","f8"]
923	["5dfb790785b3","1","f8"]
924	["5dfb7906e352","1","33"]
929	["5dfb79069b03","1","f9"]
932	["5dfb79069526","1","fc"]
933	["5dfb79069609","1","fc"]
934	["5dfb790f552b","1","fd"]
935	["5dfb790f5564","1","fd"]
936	["5dfb790f559e","1","fd"]
937	["5dfb790f55d8","1","fd"]
938	["5dfb790f5617","1","fd"]
939	["5dfb790f5650","1","fd"]
940	["5dfb790f568f","1","fd"]
942	["5dfb790f5703","1","fd"]
943	["5dfb790f5758","1","fd"]
944	["5dfb790f57f5","1","fd"]
946	["5dfb79069767","1","fc"]
947	["5dfb790f61d5","1","fe"]
948	["5dfb790f61e6","1","fe"]
949	["5dfb790f6205","1","fe"]
950	["5dfb790f623b","1","fe"]
951	["5dfb790f6303","1","fe"]
952	["5dfb7916d046","1","ff"]
953	["5dfb7913180d","1","100"]
954	["5dfb790f637f","1","fe"]
955	["5dfb790f6393","1","fe"]
956	["5dfb7916df59","1","101"]
957	["5dfb7965cc15","1","102"]
958	["5dfb790f648b","1","fe"]
959	["5dfb790f6546","1","fe"]
960	["5dfb790f6569","1","fe"]
961	["5dfb7916c950","1","103"]
962	["5dfb7912fa23","1","104"]
963	["5dfb790f6590","1","fe"]
964	["5dfb7b702973","1","105"]
965	["5dfb790f65ae","1","fe"]
966	["5dfb790f65c5","1","fe"]
967	["5dfb7916dcc0","1","106"]
968	["5dfb79133f63","1","107"]
969	["5dfb790f683f","1","fe"]
970	["5dfb790f6860","1","fe"]
971	["5dfb790f6881","1","fe"]
972	["5dfb790f6898","1","fe"]
973	["5dfb790f690b","1","fe"]
975	["5dfb790f6b47","1","fe"]
976	["5dfb79176b59","1","108"]
977	["5dfb7bcd215f","1","109"]
978	["5dfb7bce72e4","1","10a"]
979	["5dfb7bcf9885","1","10b"]
980	["5dfb7bcd219e","1","109"]
981	["5dfb79176b8f","1","108"]
982	["5dfb7bce12ce","1","10c"]
983	["5dfb79176bc5","1","108"]
984	["5dfb79176c78","1","108"]
986	["5dfb79176d00","1","108"]
987	["5dfb7bcc9660","1","10d"]
988	["70740c89d6f6","8","10e"]
989	["70740d3465ab","9","10f"]
990	["5dfb790f6b98","1","fe"]
991	["5dfb7916cc6b","1","110"]
992	["5dfb7913117d","1","111"]
994	["5dfb790fa6f6","1","112"]
995	["5dfb7906e3a3","1","33"]
996	["5dfb790860f9","1","113"]
999	["5dfb7908db22","1","114"]
1000	["5dfb790862dd","1","113"]
1002	["5dfb7906e472","1","33"]
1003	["5dfb79073294","1","115"]
1004	["5dfb7bcde82a","1","116"]
1005	["5dfb7bcac0c8","1","117"]
1006	["5dfb7bcc9958","1","118"]
1007	["5dfb7bcc2bed","1","119"]
1008	["5dfb79073399","1","115"]
1009	["5dfb790a6b2d","1","11a"]
1010	["5dfb790bd7fc","1","11b"]
1011	["5dfb790c600f","1","11c"]
1012	["70740c929d6b","8"]
1013	["70740c89cb83","8"]
1014	["5dfb7bce5f24","1","11d"]
1016	["5dfb7bce58cb","1","11e"]
1017	["5dfb7bce434d","1","18"]
1018	["5dfb7bce5f2e","1","11d"]
1019	["5dfb7917752a","1","11f"]
1020	["5dfb79173f3c","1","120"]
1021	["5dfb7bcd2460","1","121"]
1022	["5dfb790a6b37","1","11a"]
1023	["5dfb7917754c","1","11f"]
1024	["5dfb79174034","1","122"]
1025	["5dfb79174171","1","122"]
1026	["5dfb79168a99","1","123"]
1027	["5dfb791741e7","1","122"]
1028	["5dfb790f03d5","1","124"]
1029	["5dfb790f0421","1","124"]
1030	["5dfb7916be6b","1","125"]
1031	["5dfb7912f3d3","1","126"]
1032	["5dfb790f04ba","1","124"]
1033	["5dfb79174261","1","122"]
1034	["5dfb7917427b","1","122"]
1035	["5dfb7916c04b","1","127"]
1036	["5dfb79130245","1","128"]
1037	["5dfb791743bc","1","122"]
1038	["5dfb791743d6","1","122"]
1039	["5dfb7916c22b","1","129"]
1040	["5dfb791308f5","1","12a"]
1041	["5dfb791744da","1","122"]
1042	["5dfb7907347a","1","115"]
1043	["5dfb79066529","1","12b"]
1046	["5dfb790666d7","1","12b"]
1048	["5dfb790fab2f","1","12e"]
1049	["5dfb79125ce6","1","12f"]
1050	["5dfb79125fb5","1","12f"]
1140	["5dfb79066710","1","12b"]
1141	["5dfb79066766","1","12b"]
1142	["5dfb790669d2","1","12b"]
1143	["5dfb79077f32","1","13b"]
1144	["5dfb79077f67","1","13b"]
1145	["5dfb790a201f","1","13c"]
1152	["5dfb79066b0a","1","12b"]
1153	["5dfb79066ba6","1","12b"]
1154	["5dfb79066eb4","1","12b"]
1158	["5dfb79067097","1","12b"]
1159	["5dfb7906718c","1","12b"]
1161	["5dfb790734dd","1","115"]
1162	["5dfb790a5cd2","1","140"]
1164	["5dfb79089b84","1","141"]
1165	["5dfb790c0f61","1","142"]
1166	["5dfb790c42dd","1","143"]
1167	["5dfb790c31a9","1","144"]
1168	["5dfb790c3209","1","144"]
1169	["5dfb790c3232","1","144"]
1170	["5dfb790c332a","1","144"]
1171	["5dfb790c436f","1","143"]
1172	["5dfb790c448c","1","143"]
1276	["5dfb790c0c20","1","145"]
1277	["5dfb790c2798","1","161"]
1278	["5dfb790c0cb7","1","145"]
1279	["5dfb790c46d7","1","143"]
1288	["5dfb790c5c09","1","165"]
1289	["5dfb790bc195","1","166"]
1290	["5dfb790bc1ca","1","166"]
1293	["5dfb790b1bac","1","167"]
1294	["5dfb790b1ada","1","168"]
1295	["5dfb790b494c","1","169"]
1296	["5dfb790b59f9","1","16a"]
1297	["5dfb790b5aac","1","16b"]
1315	["5dfb7908a27b","1","141"]
1353	["5dfb7908a957","1","141"]
1354	["5dfb7908a977","1","141"]
1355	["5dfb790c53e9","1","178"]
1356	["5dfb790c549c","1","179"]
1358	["5dfb7908ae21","1","141"]
1378	["5dfb79073520","1","115"]
1379	["5dfb790d2b07","1","181"]
1380	["5dfb790d2a0e","1","182"]
1381	["5dfb790d545b","1","183"]
1382	["5dfb790d6fc3","1","184"]
1383	["5dfb790d5632","1","185"]
1384	["5dfb790d56a9","1","185"]
1385	["5dfb790d56e4","1","185"]
1386	["5dfb790db329","1","186"]
1387	["5dfb790d5730","1","185"]
1388	["5dfb790d578f","1","185"]
1389	["5dfb790db143","1","187"]
1390	["5dfb790d5d2d","1","188"]
1391	["5dfb790d5d67","1","188"]
1392	["5dfb7b6a24bf","1","189"]
1393	["5dfb7b6a2d70","1","18a"]
1396	["5dfb7b6a1fbf","1","18b"]
1397	["5dfb7b6a28bb","1","18a"]
1398	["5dfb7b6a2bfe","1","18a"]
1399	["5dfb7b6a3330","1","18c"]
1400	["5dfb7b6a3532","1","18d"]
1401	["5dfb7b6a3670","1","18e"]
1402	["5dfb7b6a35fc","1","18f"]
1403	["5dfb79174622","1","122"]
1404	["5dfb7b77453b","1","190"]
1406	["5dfb7b6a2cf9","1","18a"]
1407	["5dfb7b6a3562","1","192"]
1408	["5dfb7b6a26d3","1","18a"]
1409	["5dfb7b6a33e6","1","193"]
1411	["5dfb790d71a7","1","184"]
1412	["5dfb7b6a4166","1","194"]
1414	["5dfb790d71b5","1","184"]
1415	["5dfb790d75dc","1","195"]
1416	["5dfb790d75fa","1","195"]
1417	["5dfb790d54a8","1","183"]
1418	["5dfb790d550a","1","183"]
1419	["5dfb790d553e","1","183"]
1421	["5dfb7b756b21","1","191"]
1422	["5dfb7b875037","1","196"]
1425	["5dfb7b87513b","1","196"]
1426	["5dfb7b875352","1","196"]
1428	["5dfb7b875467","1","196"]
1430	["5dfb7b8758e5","1","196"]
1432	["5dfb7b87648b","1","196"]
1433	["5dfb7b8764c8","1","196"]
1434	["5dfb7b876501","1","196"]
1435	["5dfb7b87653a","1","196"]
1437	["5dfb7b875b88","1","196"]
1438	["5dfb7b83161b","1","198"]
1440	["5dfb7b875cb4","1","196"]
1441	["5dfb7b831777","1","199"]
1442	["5dfb7b875d8b","1","196"]
1443	["5dfb7b875e83","1","196"]
1444	["5dfb7906016e","1","19a"]
1445	["5dfb7b876f9a","1","196"]
1446	["5dfb7b877061","1","196"]
1447	["5dfb7b88f087","1","19b"]
1448	["5dfb7b889d9c","1","19c"]
1449	["5dfb7b8771ac","1","196"]
1450	["5dfb7b877216","1","196"]
1451	["5dfb7b87725a","1","196"]
1452	["5dfb7b8772f6","1","196"]
1453	["5dfb7b8773b1","1","196"]
1454	["5dfb7b87751b","1","196"]
1455	["5dfb7b8775cb","1","196"]
1456	["5dfb7b8776dd","1","196"]
1457	["5dfb7b833801","1","19d"]
1458	["5dfb7b833873","1","19d"]
1459	["5dfb7b8777b6","1","196"]
1462	["5dfb7b877980","1","196"]
1463	["5dfb7b7edc52","1","19e"]
1465	["5dfb7b877ddd","1","196"]
1466	["5dfb7b865349","1","19f"]
1467	["5dfb7b8653b5","1","19f"]
1468	["5dfb7b865468","1","19f"]
1470	["5dfb7b8654f0","1","19f"]
1471	["5dfb7b877f56","1","196"]
1472	["5dfb7b877ff1","1","196"]
1473	["5dfb7b88eb9a","1","1a0"]
1474	["5dfb7b888655","1","1a1"]
1477	["5dfb7b8534bd","1","1a3"]
1478	["5dfb7b7ed219","1","1a4"]
1481	["5dfb7b87643f","1","196"]
1482	["5dfb7b774551","1","190"]
1483	["5dfb7b7745a8","1","190"]
1484	["5dfb7b80ca36","1","1a6"]
1485	["5dfb7b7fed79","1","1a7"]
1486	["5dfb7b8036a4","1","1a8"]
1487	["5dfb7b86795d","1","1a9"]
1488	["5dfb7b84a47c","1","1aa"]
1489	["5dfb7b803736","1","1a8"]
1490	["5dfb7b803777","1","1a8"]
1491	["5dfb7b803799","1","1a8"]
1492	["5dfb7b7745be","1","190"]
1493	["5dfb7b774609","1","190"]
1494	["5dfb7b82e8b4","1","1ab"]
1495	["5dfb7b82e957","1","1ab"]
1496	["5dfb7b82e9ba","1","1ab"]
1497	["5dfb7b774623","1","190"]
1498	["5dfb7b82e111","1","1ac"]
1499	["5dfb7b82e14a","1","1ac"]
1500	["5dfb7b834485","1","1ad"]
1501	["5dfb7b83451b","1","1ad"]
1502	["5dfb7b77472e","1","190"]
1503	["5dfb7b774771","1","190"]
1504	["5dfb7b7747b0","1","190"]
1505	["5dfb7b7747d7","1","190"]
1506	["5dfb7b7747fe","1","190"]
1507	["5dfb7b774825","1","190"]
1508	["5dfb7b77484c","1","190"]
1509	["5dfb7b77488a","1","190"]
1510	["5dfb7b834373","1","1ae"]
1511	["5dfb7b8343a2","1","1ae"]
1512	["5dfb7b7748a0","1","190"]
1513	["5dfb7b7748e3","1","190"]
1514	["5dfb7b82e5c4","1","1af"]
1515	["5dfb7b82e633","1","1af"]
1516	["5dfb7b82e6a7","1","1af"]
1517	["5dfb7b7748fd","1","190"]
1518	["5dfb7b82db06","1","1b0"]
1519	["5dfb7b82db7f","1","1b0"]
1520	["5dfb7b82dc0e","1","1b0"]
1521	["5dfb7b82dcc7","1","1b0"]
1522	["5dfb7b774945","1","190"]
1523	["5dfb7b7e692e","1","1b1"]
1524	["5dfb7b7e6ba2","1","1b1"]
1525	["5dfb7b7e6c33","1","1b1"]
1526	["5dfb7b7e69e2","1","1b1"]
1527	["5dfb7b7e6a04","1","1b1"]
1528	["5dfb7b7e6ae0","1","1b1"]
1529	["5dfb7b77495b","1","190"]
1530	["5dfb7b774b09","1","190"]
1531	["5dfb7b774c89","1","190"]
1532	["5dfb7b774e09","1","190"]
1533	["5dfb7b775046","1","190"]
1535	["5dfb7b84b9d2","1","1b2"]
1536	["5dfb7b7ed369","1","1b3"]
1537	["5dfb7b77515e","1","190"]
1538	["5dfb7b84bf0d","1","1b4"]
1539	["5dfb7b853ca0","1","1b5"]
1540	["5dfb7b7ed3d9","1","1b6"]
1541	["5dfb7b77516b","1","190"]
1542	["5dfb7b84c42e","1","1b7"]
1543	["5dfb7b775181","1","190"]
1544	["5dfb7b7751a8","1","190"]
1545	["5dfb7b7751cf","1","190"]
1546	["5dfb7b775216","1","190"]
1547	["5dfb7b775264","1","190"]
1548	["5dfb7b7752ba","1","190"]
1549	["5dfb7b7752de","1","190"]
1550	["5dfb7b775305","1","190"]
1551	["5dfb7b775373","1","190"]
1552	["5dfb7b893e10","1","1b8"]
1553	["5dfb7b775389","1","190"]
1554	["5dfb7b7753b0","1","190"]
1555	["5dfb7b7753d7","1","190"]
1556	["5dfb7b7753fe","1","190"]
1557	["5dfb7b775425","1","190"]
1558	["5dfb7b77544c","1","190"]
1559	["5dfb7b775473","1","190"]
1560	["5dfb7b775497","1","190"]
1561	["5dfb7b775574","1","190"]
1562	["5dfb7b84def3","1","1b9"]
1563	["5dfb7b84de38","1","1b9"]
1564	["5dfb7b775587","1","190"]
1566	["5dfb7b7755e5","1","190"]
1567	["5dfb79174680","1","122"]
1587	["5dfb7b767931","1","1ba"]
1635	["5dfb7b7834a1","1","1c2"]
1639	["5dfb7b768a90","1","1ba"]
1640	["5dfb7b7fec91","1","1cd"]
1642	["5dfb7b80309b","1","1ce"]
1643	["5dfb7b894db8","1","1cf"]
1645	["5dfb7b80314b","1","1ce"]
1646	["5dfb7b89492e","1","1d0"]
1647	["5dfb7b894a56","1","1d0"]
1648	["5dfb7b7ed139","1","1d1"]
1649	["5dfb7b894c04","1","1d0"]
1650	["5dfb7b894ac1","1","1d0"]
1653	["5dfb7b8031fb","1","1ce"]
1654	["5dfb7b894669","1","1d2"]
1655	["5dfb7b89478b","1","1d2"]
1657	["5dfb7b8032ab","1","1ce"]
1658	["5dfb7b8981fe","1","1d3"]
1659	["5dfb7baac359","1","1d4"]
1660	["5dfb7baac86c","1","1d5"]
1661	["5dfb7b898253","1","1d3"]
1662	["5dfb7b89837c","1","1d3"]
1663	["5dfb7baac84e","1","1d5"]
1664	["5dfb7b767a5c","1","1ba"]
1665	["5dfb7b767aa1","1","1ba"]
1666	["5dfb7b8a7b10","1","1d6"]
1667	["5dfb7b82fd8b","1","1d7"]
1668	["5dfb7b8a7c64","1","1d6"]
1669	["5dfb7b767aaa","1","1ba"]
1670	["5dfb7b87497e","1","1d8"]
1671	["5dfb7b767ad9","1","1ba"]
1672	["5dfb7b79c928","1","1d9"]
1678	["5dfb7b767bbd","1","1ba"]
1679	["5dfb7b812a6f","1","1db"]
1690	["5dfb7b812022","1","1dc"]
1692	["5dfb7b79fc1a","1","1df"]
1695	["5dfb7b81240d","1","1dc"]
1702	["5dfb7b8a80b0","1","1e0"]
1703	["5dfb7b811744","1","1e1"]
1704	["5dfb7b811851","1","1e1"]
1705	["5dfb7b8118f9","1","1e1"]
1706	["5dfb7b8a811e","1","1e0"]
1707	["5dfb7b8a8770","1","1e0"]
1708	["5dfb7b8a87b7","1","1e0"]
1709	["5dfb7b8a87f7","1","1e0"]
1710	["5dfb7b8a883a","1","1e0"]
1713	["5dfb7b87a4db","1","1e2"]
1714	["5dfb7b88ed57","1","1e3"]
1715	["5dfb7b888cbf","1","1e4"]
1720	["5dfb7b87a549","1","1e2"]
1723	["5dfb7b867985","1","1a9"]
1724	["5dfb7b84a4d5","1","1e6"]
1725	["5dfb7b882624","1","1e7"]
1726	["5dfb7b78b4f0","1","1e8"]
1731	["5dfb7b880dc3","1","1e7"]
1733	["5dfb7b87b066","1","1ea"]
1734	["5dfb7b87a8cd","1","1eb"]
1735	["5dfb7b8865a2","1","1ec"]
1738	["5dfb7b756d07","1","1ee"]
1740	["5dfb7b8797a4","1","1ef"]
1741	["5dfb7b84adfc","1","1f0"]
1742	["5dfb7b756da4","1","1ee"]
1743	["5dfb7b874464","1","1f1"]
1744	["5dfb7b84b022","1","1f2"]
1745	["5dfb7b85332b","1","1f3"]
1746	["5dfb7b87469b","1","1f1"]
1747	["5dfb7b8745d5","1","1f1"]
1753	["5dfb7b8836cc","1","1f4"]
1756	["5dfb7b86297a","1","1f8"]
1758	["5dfb7b767e6e","1","1ba"]
1759	["5dfb791750a4","1","122"]
1760	["5dfb790edaf9","1","1fa"]
1761	["5dfb7b6f548c","1","1fb"]
1762	["5dfb7b6e15d0","1","1fc"]
1763	["5dfb7b6f5b2c","1","1fb"]
1764	["5dfb7b704a1b","1","1fd"]
1765	["5dfb7b6f5946","1","1fb"]
1766	["5dfb7b6e1090","1","1fe"]
1767	["5dfb7b6ff299","1","1ff"]
1768	["5dfb7b6ff73c","1","200"]
1769	["5dfb7917515f","1","122"]
1770	["5dfb7b7696f9","1","201"]
1771	["5dfb7b769777","1","201"]
1772	["5dfb7b7697fd","1","201"]
1773	["5dfb7b7698ec","1","201"]
1776	["5dfb7b87d150","1","202"]
1777	["5dfb7b87d17a","1","202"]
1778	["5dfb7b87d1df","1","202"]
1779	["5dfb7b769cfb","1","201"]
1780	["5dfb7b87c4e0","1","203"]
1781	["5dfb7b8a0f8e","1","204"]
1782	["5dfb7b864db0","1","205"]
1783	["5dfb7b864e28","1","205"]
1784	["5dfb7b864f05","1","205"]
1786	["5dfb7b864fa0","1","205"]
1787	["5dfb7b867792","1","206"]
1848	["5dfb7b76bc8e","1","201"]
1849	["5dfb7b77a047","1","21d"]
1850	["5dfb7b779cc4","1","21e"]
1851	["5dfb7b779d66","1","21e"]
1852	["5dfb7b779df7","1","21e"]
1853	["5dfb7b76bc98","1","201"]
1854	["5dfb7b779017","1","21f"]
1855	["5dfb791749fe","1","122"]
1856	["5dfb79174a0c","1","122"]
1858	["5dfb79174f01","1","122"]
1865	["5dfb7915a1af","1","220"]
1866	["5dfb7915a939","1","222"]
1867	["5dfb791192cd","1","223"]
1869	["5dfb7b737175","1","225"]
1870	["5dfb7b735ca2","1","226"]
1871	["5dfb7b744213","1","227"]
1872	["5dfb7b7448dc","1","228"]
1873	["5dfb7915a96e","1","222"]
1874	["5dfb79098d10","1","229"]
1875	["5dfb79098d5e","1","229"]
1876	["5dfb790a7b3b","1","22a"]
1877	["5dfb7908fb09","1","22b"]
1878	["5dfb7909931e","1","229"]
1879	["5dfb7915ca03","1","222"]
1880	["5dfb7b6e7447","1","22c"]
1881	["5dfb7b774466","1","22d"]
1882	["5dfb7b777777","1","22e"]
1883	["5dfb7b751b57","1","22f"]
1884	["5dfb7b6e7ba3","1","22c"]
1886	["5dfb7915a383","1","220"]
1887	["5dfb7b777355","1","22e"]
1889	["5dfb7b76cb9a","1","230"]
1890	["5dfb7b752d3d","1","231"]
1891	["5dfb7b7597d7","1","232"]
1892	["5dfb7b75981a","1","232"]
1893	["5dfb7b75984f","1","232"]
1894	["5dfb7b749241","1","233"]
1895	["5dfb7b759899","1","232"]
1896	["5dfb7b7598e3","1","232"]
1897	["5dfb7b6e79e7","1","22c"]
1898	["5dfb7b6e7072","1","234"]
1899	["5dfb7b735038","1","226"]
1900	["5dfb7b72edd6","1","235"]
1901	["5dfb7b6e70b6","1","234"]
1902	["5dfb7b72f880","1","226"]
1903	["5dfb7b73bb67","1","236"]
1904	["5dfb7b6e70df","1","234"]
1905	["5dfb7b72f260","1","226"]
1906	["5dfb7b73ba66","1","237"]
1907	["5dfb7b73bab2","1","237"]
1908	["5dfb7b74290e","1","238"]
1909	["5dfb7b6e7130","1","234"]
1910	["5dfb7b73262f","1","226"]
1911	["5dfb7b73bed9","1","239"]
1915	["5dfb7b6e6fc9","1","234"]
1917	["5dfb7b6e6fd7","1","234"]
1919	["5dfb7b734881","1","226"]
1920	["5dfb7b744439","1","23b"]
1921	["5dfb7b7448be","1","228"]
1922	["5dfb7b6e702b","1","234"]
1923	["5dfb7b736f7c","1","225"]
1924	["5dfb7b736fa0","1","225"]
1925	["5dfb7b736fb7","1","225"]
1926	["5dfb7b736fdb","1","225"]
1928	["5dfb7b7370e3","1","225"]
1929	["5dfb7b7370fa","1","225"]
1930	["5dfb7915b1cd","1","222"]
1931	["5dfb7b758fc7","1","232"]
1932	["5dfb7b7790fd","1","23c"]
1933	["5dfb7b758ff8","1","232"]
1934	["5dfb7b759040","1","232"]
1936	["5dfb7b84e065","1","23e"]
1937	["5dfb7b763ece","1","23d"]
1938	["5dfb7b76eb19","1","23f"]
1939	["5dfb7b759004","1","232"]
1940	["5dfb7b75c9e5","1","240"]
1941	["5dfb7b7fe76f","1","241"]
1942	["5dfb7b8026c3","1","242"]
1943	["5dfb7b75c8e6","1","240"]
1944	["5dfb7b8572cf","1","243"]
1945	["5dfb7b7febb5","1","244"]
1946	["5dfb7b802ccf","1","245"]
1947	["5dfb7b84d4cf","1","246"]
1948	["5dfb7b7e3e8c","1","247"]
1949	["5dfb7b7e3eee","1","247"]
1950	["5dfb7b891b35","1","248"]
1952	["5dfb7b854377","1","249"]
1953	["5dfb7b7ed289","1","24a"]
1954	["5dfb7b84d4da","1","246"]
1955	["5dfb7b84d4e9","1","246"]
1956	["5dfb7b802ce1","1","245"]
1957	["5dfb7b84d7af","1","24b"]
1958	["5dfb7b7e41fc","1","24c"]
1959	["5dfb7b7e426a","1","24c"]
1961	["5dfb7b8546c7","1","24d"]
1962	["5dfb7b84d7c5","1","24b"]
1963	["5dfb7b84d85e","1","24b"]
1964	["5dfb7b6e7108","1","234"]
1965	["5dfb7b72fa00","1","226"]
1966	["5dfb7b73416c","1","226"]
1967	["5dfb7b73422b","1","226"]
1968	["5dfb7b7444a9","1","24e"]
1969	["5dfb7b736fc7","1","225"]
1970	["5dfb7915adef","1","222"]
1971	["5dfb7b7589f6","1","232"]
1972	["5dfb7b758bba","1","232"]
1973	["5dfb7b759562","1","232"]
1974	["5dfb7b77878e","1","24f"]
1975	["5dfb7b85aed0","1","250"]
1976	["5dfb7b85af64","1","250"]
1977	["5dfb7b75957c","1","232"]
1978	["5dfb7b7788d0","1","251"]
1979	["5dfb7b85b274","1","252"]
1980	["5dfb7b85b4c7","1","252"]
1981	["5dfb7b7347f0","1","226"]
1983	["5dfb7b738775","1","253"]
1984	["5dfb7b738a86","1","253"]
1985	["5dfb7b7443c9","1","254"]
1988	["5dfb7b7380d5","1","253"]
1989	["5dfb7b7381d5","1","253"]
1990	["5dfb7b738361","1","253"]
1991	["5dfb7b73c295","1","256"]
1992	["5dfb7b73c32b","1","256"]
1993	["5dfb7b738411","1","253"]
1994	["5dfb7b7384f2","1","253"]
1995	["5dfb7b738721","1","253"]
1996	["5dfb7b7445f9","1","257"]
1997	["5dfb7b7587bd","1","232"]
1998	["5dfb7b7553fa","1","258"]
1999	["5dfb7b75545f","1","258"]
2000	["5dfb7b75553f","1","258"]
2001	["5dfb7b7ece70","1","259"]
2002	["5dfb7b7fe570","1","25a"]
2003	["5dfb7b801d54","1","25b"]
2004	["5dfb7b801d96","1","25b"]
2005	["5dfb7b801de3","1","25b"]
2006	["5dfb7b801e30","1","25b"]
2007	["5dfb7b801e6b","1","25b"]
2010	["5dfb7b7ecac5","1","259"]
2014	["5dfb7b899fe1","1","25d"]
2015	["5dfb7b893f2c","1","25f"]
2016	["5dfb7b7589ce","1","232"]
2018	["5dfb7b74d514","1","260"]
2019	["5dfb7b777780","1","22e"]
2020	["5dfb7b777bf2","1","261"]
2021	["5dfb7b6e704e","1","234"]
2022	["5dfb7b735cca","1","226"]
2023	["5dfb7b733cb0","1","226"]
2024	["5dfb7b733cc5","1","226"]
2025	["5dfb7b73c497","1","262"]
2026	["5dfb7b73c502","1","262"]
2027	["5dfb7b7337d6","1","226"]
2028	["5dfb7b72ee93","1","235"]
2029	["5dfb7b72eed5","1","235"]
2032	["5dfb7b7346f4","1","226"]
2038	["5dfb7b736f6c","1","225"]
2039	["5dfb7915afe5","1","222"]
2040	["5dfb7b75915b","1","232"]
2041	["5dfb7b75f985","1","267"]
2043	["5dfb7b7530c9","1","268"]
2044	["5dfb7b85b4eb","1","252"]
2062	["5dfb79126064","1","12f"]
2063	["5dfb791260ad","1","12f"]
2067	["5dfb79067619","1","12b"]
2068	["5dfb790676a1","1","12b"]
2069	["5dfb79067b42","1","12b"]
2070	["5dfb79076a33","1","26b"]
2072	["5dfb79076af3","1","26b"]
2073	["5dfb79076b4b","1","26b"]
2074	["5dfb7909e42e","1","30"]
2079	["5dfb7bd0b122","1","26c"]
2080	["5dfb7908a9fe","1","141"]
2081	["5dfb79077783","1","26d"]
2082	["5dfb7907785b","1","26d"]
2085	["5dfb7908aabb","1","141"]
2086	["5dfb7b77447a","1","22d"]
2087	["5dfb7b7773c2","1","22e"]
2111	["5dfb7b74c874","1","26e"]
2113	["5dfb7b822dbe","1","272"]
2114	["5dfb7b7e58b9","1","273"]
2115	["5dfb7b7ed4b9","1","274"]
2116	["5dfb7b7e5493","1","273"]
2117	["5dfb7b822e14","1","272"]
2118	["5dfb7b850b8e","1","275"]
2119	["5dfb7b7fe89c","1","276"]
2120	["5dfb7b80286c","1","277"]
2121	["5dfb7b84ca1f","1","278"]
2122	["5dfb7b7e340c","1","279"]
2123	["5dfb7b7e346e","1","279"]
2124	["5dfb7b85df55","1","27a"]
2126	["5dfb7b853717","1","27b"]
2127	["5dfb7b84ca2a","1","278"]
2128	["5dfb7b84ca39","1","278"]
2129	["5dfb7b84fc1b","1","275"]
2130	["5dfb7b7fe854","1","27c"]
2131	["5dfb7b8027ac","1","27d"]
2132	["5dfb7b84fa4c","1","275"]
2133	["5dfb7b79ca00","1","27e"]
2134	["5dfb7b79403a","1","27f"]
2135	["5dfb7b7a55ad","1","280"]
2136	["5dfb7b7a55e3","1","280"]
2137	["5dfb7b7a5619","1","280"]
2138	["5dfb7b7a578b","1","280"]
2139	["5dfb7b7a57ca","1","280"]
2140	["5dfb7b7a5804","1","280"]
2141	["5dfb7b7a5bec","1","280"]
2154	["5dfb7b79406e","1","27f"]
2155	["5dfb7b88fc4e","1","281"]
2156	["5dfb7b88fe84","1","281"]
2157	["5dfb7b88981b","1","282"]
2158	["5dfb7b79cb68","1","27e"]
2159	["5dfb7b79cc3b","1","27e"]
2160	["5dfb7b79ccd5","1","27e"]
2161	["5dfb7b79ceb1","1","27e"]
2162	["5dfb7b79cf1c","1","27e"]
2163	["5dfb7b79d0ba","1","27e"]
2164	["5dfb7b79d489","1","27e"]
2165	["5dfb7b84fac8","1","275"]
2166	["5dfb7b850164","1","275"]
2167	["5dfb7b7958ca","1","283"]
2168	["5dfb7b7959c8","1","283"]
2169	["5dfb7b795ad5","1","283"]
2170	["5dfb7b795be2","1","283"]
2171	["5dfb7b795d5a","1","283"]
2172	["5dfb7b7960cf","1","283"]
2173	["5dfb7b7961ac","1","283"]
2174	["5dfb7b796289","1","283"]
2175	["5dfb7b85066b","1","275"]
2176	["5dfb7b79a32f","1","284"]
2177	["5dfb7b79a3c8","1","284"]
2178	["5dfb7b79ab59","1","284"]
2180	["5dfb7b8506ce","1","275"]
2192	["5dfb7b7a58ca","1","280"]
2193	["5dfb7b7a590c","1","280"]
2194	["5dfb7b7a5946","1","280"]
2195	["5dfb7b7a5a6f","1","280"]
2196	["5dfb7b7a5ace","1","280"]
2198	["5dfb7b79d104","1","27e"]
2199	["5dfb7b79d2a7","1","27e"]
2200	["5dfb7b79d58f","1","27e"]
2201	["5dfb7b79d66a","1","27e"]
2202	["5dfb7b79d759","1","27e"]
2203	["5dfb7b795ff2","1","283"]
2204	["5dfb7b796366","1","283"]
2205	["5dfb7b796451","1","283"]
2206	["5dfb7b79652e","1","283"]
2207	["5dfb7b796627","1","283"]
2214	["5dfb7b8236b2","1","272"]
2215	["5dfb7b8234d8","1","272"]
2216	["5dfb7b7e7bd8","1","286"]
2217	["5dfb7b7e7cb8","1","286"]
2218	["5dfb7b822c24","1","272"]
2219	["5dfb7b8235c5","1","272"]
2220	["5dfb7b822451","1","272"]
2221	["5dfb7b7e8dd3","1","287"]
2222	["5dfb7b7e8eb3","1","287"]
2223	["5dfb7b8507a9","1","275"]
2224	["5dfb7b84cc73","1","288"]
2225	["5dfb7b7a5b37","1","280"]
2226	["5dfb7b79d3a5","1","27e"]
2228	["5dfb7b8233b7","1","272"]
2229	["5dfb7b822937","1","272"]
2230	["5dfb7b7e60b4","1","289"]
2231	["5dfb7b7e617d","1","289"]
2232	["5dfb7b7a59ff","1","280"]
2233	["5dfb7b7a5b95","1","280"]
2234	["5dfb7b79d83b","1","27e"]
2235	["5dfb7b79d926","1","27e"]
2238	["5dfb7b74c900","1","26e"]
2246	["5dfb7b81f046","1","28a"]
2247	["5dfb7b7e4ca8","1","28b"]
2248	["5dfb7b7e4e37","1","28b"]
2249	["5dfb7b74ccb3","1","26e"]
2250	["5dfb7b87a689","1","28c"]
2251	["5dfb7b8688f1","1","1e5"]
2252	["5dfb7b6e713e","1","234"]
2253	["5dfb7b730b32","1","226"]
2254	["5dfb7b730b4f","1","226"]
2255	["5dfb7b730eb7","1","226"]
2256	["5dfb7b744669","1","28d"]
2257	["5dfb7b730cb9","1","226"]
2259	["5dfb7b73062b","1","226"]
2260	["5dfb7b730648","1","226"]
2261	["5dfb7b730bb5","1","226"]
2262	["5dfb7b7312e6","1","226"]
2263	["5dfb7b731303","1","226"]
2265	["5dfb7b736ff1","1","225"]
2270	["5dfb79067c2b","1","12b"]
2273	["5dfb79076de2","1","28e"]
2274	["5dfb79076e80","1","28e"]
2282	["5dfb7908ac24","1","141"]
2283	["5dfb7b759ae3","1","232"]
2284	["5dfb7b759ba3","1","232"]
2285	["5dfb7b757dba","1","232"]
2286	["5dfb7b74f89b","1","291"]
2287	["5dfb7b84b323","1","292"]
2288	["5dfb7b7ed2f9","1","293"]
2289	["5dfb7b74f8b1","1","291"]
2290	["5dfb7b74f983","1","291"]
2291	["5dfb7b74f35b","1","294"]
2292	["5dfb7b7e7803","1","295"]
2293	["5dfb7b6e714c","1","234"]
2294	["5dfb7b733952","1","226"]
2295	["5dfb7b743ce0","1","296"]
2296	["5dfb7b737d2f","1","297"]
2297	["5dfb7b743cfb","1","296"]
2298	["5dfb7b73765f","1","298"]
2299	["5dfb7b7376e1","1","298"]
2300	["5dfb7b743d73","1","296"]
2301	["5dfb7b744519","1","299"]
2302	["5dfb7b737002","1","225"]
2305	["5dfb7b8693c1","1","1ed"]
2340	["5dfb7b758d56","1","232"]
2341	["5dfb7b76c3b0","1","29d"]
2343	["5dfb7b73815a","1","253"]
2344	["5dfb7b738dd0","1","253"]
2345	["5dfb7b758836","1","232"]
2346	["5dfb7b6e7001","1","234"]
2349	["5dfb7b7333cf","1","226"]
2350	["5dfb7b73340c","1","226"]
2351	["5dfb7b7442e9","1","29e"]
2352	["5dfb7b73713a","1","225"]
2353	["5dfb7b6e6f83","1","234"]
2360	["5dfb7b72ee10","1","235"]
2361	["5dfb7b738270","1","253"]
2362	["5dfb7b7382e1","1","253"]
2363	["5dfb7b73706d","1","225"]
2366	["5dfb7b7592f9","1","232"]
2367	["5dfb7b85b3a4","1","252"]
2368	["5dfb7b85b434","1","252"]
2369	["5dfb7b6e7092","1","234"]
2371	["5dfb7b736f90","1","225"]
2385	["5dfb7b82010e","1","28a"]
2386	["5dfb7b7e8406","1","2a2"]
2387	["5dfb7b734957","1","226"]
2389	["5dfb7b73575d","1","226"]
2390	["5dfb7b7357d4","1","226"]
2391	["5dfb7b735879","1","226"]
2392	["5dfb7b73965e","1","2a4"]
2393	["5dfb7b7358b0","1","226"]
2394	["5dfb7b744749","1","2a5"]
2395	["5dfb7b7387b6","1","253"]
2396	["5dfb7b739537","1","2a6"]
2397	["5dfb7b739558","1","2a6"]
2398	["5dfb7b73957c","1","2a6"]
2400	["5dfb7b75805a","1","232"]
2401	["5dfb7b75f8cd","1","2a7"]
2406	["5dfb79067a8a","1","12b"]
2407	["5dfb7907839a","1","2a8"]
2408	["5dfb790783ef","1","2a8"]
2409	["5dfb7908f604","1","2a9"]
2410	["5dfb7908a72b","1","141"]
2411	["5dfb7907754d","1","2aa"]
2412	["5dfb7907764f","1","2aa"]
2424	["5dfb7910cde8","1","12d"]
2440	["5dfb79102332","1","2ab"]
2444	["5dfb79102487","1","2ab"]
2445	["5dfb792aa625","1","2af"]
2446	["5dfb791ffd68","1","2b0"]
2447	["5dfb79310635","1","2b1"]
2448	["5dfb79f13357","1","2b2"]
2449	["5dfb7bd0e347","1","2b3"]
2450	["5dfb79f1336f","1","2b2"]
2451	["5dfb79f13600","1","2b4"]
2452	["5dfb79f1363b","1","2b4"]
2453	["5dfb79f13646","1","2b4"]
2454	["5dfb79f22552","1","2b5"]
2455	["5dfb79f1371c","1","2b6"]
2456	["5dfb79f1374b","1","2b6"]
2457	["5dfb79f205ae","1","2b7"]
2458	["5dfb79f205d4","1","2b7"]
2459	["5dfb79f17ad3","1","2b8"]
2460	["5dfb79f205f3","1","2b7"]
2461	["5dfb79f17c34","1","2b9"]
2462	["5dfb79f20606","1","2b7"]
2463	["5dfb79f20cd3","1","2ba"]
2464	["5dfb7931064b","1","2b1"]
2465	["5dfb79f0da7c","1","2bb"]
2466	["5dfb79f120e2","1","2bc"]
2467	["5dfb7931067c","1","2b1"]
2468	["5dfb79ebc8c2","1","2bd"]
2469	["5dfb79eba8ae","1","2be"]
2470	["5dfb7ab91925","1","2bf"]
2471	["5dfb7ab9194b","1","2c0"]
2472	["5dfb7ab9352a","1","2c1"]
2476	["5dfb79f50f68","1","2c3"]
2478	["5dfb79f17d0e","1","2c4"]
2479	["5dfb79f20b5f","1","2c5"]
2480	["5dfb79f2103c","1","2c6"]
2481	["5dfb79ebac7b","1","2be"]
2482	["5dfb79f0becd","1","2c7"]
2483	["5dfb7a253246","1","2c8"]
2484	["5dfb7a66c17d","1","2c9"]
2485	["5dfb79f22c6d","1","2ca"]
2486	["5dfb79f237f4","1","2cb"]
2487	["5dfb79f23a40","1","2cb"]
2488	["5dfb79f23b88","1","2cc"]
2489	["5dfb79ebac81","1","2be"]
2490	["5dfb79f0bbb0","1","2cd"]
2491	["5dfb79f7cb3e","1","2ce"]
2503	["5dfb7a253558","1","2cf"]
2504	["5dfb7a03ecf3","1","2d9"]
2505	["5dfb7a03ed1b","1","2d9"]
2506	["5dfb7a25355d","1","2cf"]
2507	["5dfb7a251bae","1","2da"]
2508	["5dfb7a251c32","1","2da"]
2509	["5dfb7a251a56","1","2db"]
2510	["5dfb7a251a8e","1","2db"]
2511	["5dfb7a251b34","1","2db"]
2512	["5dfb7a25221e","1","2dc"]
2513	["5dfb7a66d3bf","1","2dd"]
2514	["5dfb7a66d40c","1","2dd"]
2515	["5dfb7a10e078","1","2de"]
2516	["5dfb7a10e099","1","2de"]
2517	["5dfb7a10ec12","1","2df"]
2518	["5dfb7a10e0b8","1","2de"]
2519	["5dfb7a10ed0a","1","2e0"]
2525	["5dfb7a251b55","1","2db"]
2526	["5dfb7a66d642","1","2e3"]
2527	["5dfb7a10e76b","1","2e4"]
2528	["5dfb7a10e5f7","1","2e5"]
2529	["5dfb7a10e2ff","1","2e6"]
2530	["5dfb7a10e358","1","2e6"]
2532	["5dfb7a10e396","1","2e6"]
2533	["5dfb7a25357d","1","2cf"]
2534	["5dfb7a35b89e","1","2e7"]
2535	["5dfb7a35b8b9","1","2e7"]
2536	["5dfb7a35b8d4","1","2e7"]
2537	["5dfb7a35b8ef","1","2e7"]
2538	["5dfb7a35b90a","1","2e7"]
2539	["5dfb7a35b925","1","2e7"]
2540	["5dfb7a35b940","1","2e7"]
2541	["5dfb7a35b95b","1","2e7"]
2542	["5dfb7a35b976","1","2e7"]
2543	["5dfb7a35b991","1","2e7"]
2544	["5dfb7a35b9ac","1","2e7"]
2545	["5dfb7a35b9c7","1","2e7"]
2546	["5dfb7a35b9e2","1","2e7"]
2547	["5dfb7a35b9fd","1","2e7"]
2548	["5dfb7a35ba18","1","2e7"]
2549	["5dfb7a35ba33","1","2e7"]
2550	["5dfb7a35ba4e","1","2e7"]
2551	["5dfb7a35ba69","1","2e7"]
2552	["5dfb7a35ba84","1","2e7"]
2553	["5dfb7a35ba9f","1","2e7"]
2554	["5dfb7a35baba","1","2e7"]
2555	["5dfb7a35bad5","1","2e7"]
2556	["5dfb7a35baf0","1","2e7"]
2557	["5dfb7a35bb0b","1","2e7"]
2558	["5dfb7a35bb26","1","2e7"]
2559	["5dfb7a35bb41","1","2e7"]
2560	["5dfb7a35bb5c","1","2e7"]
2561	["5dfb7a35bb77","1","2e7"]
2562	["5dfb7a35bb92","1","2e7"]
2563	["5dfb7a35bbad","1","2e7"]
2564	["5dfb7a35bbc8","1","2e7"]
2565	["5dfb7a35bbe3","1","2e7"]
2566	["5dfb7a35bbfe","1","2e7"]
2567	["5dfb7a35bc19","1","2e7"]
2568	["5dfb7a35bc34","1","2e7"]
2569	["5dfb7a35bc4f","1","2e7"]
2570	["5dfb7a35bc6a","1","2e7"]
2571	["5dfb7a35bc85","1","2e7"]
2572	["5dfb7a35bca0","1","2e7"]
2573	["5dfb7a35bcbb","1","2e7"]
2574	["5dfb7a35bcd6","1","2e7"]
2575	["5dfb7a35bcf1","1","2e7"]
2576	["5dfb7a253582","1","2cf"]
2577	["5dfb7a230452","1","2e8"]
2578	["5dfb7a23049d","1","2e8"]
2579	["5dfb79f6d19f","1","2e9"]
2580	["5dfb7a2304a8","1","2e8"]
2581	["5dfb79f6d122","1","2ea"]
2582	["5dfb7a2304b2","1","2e8"]
2583	["5dfb7a2304ee","1","2e8"]
2584	["5dfb7a2304f9","1","2e8"]
2585	["5dfb7a230503","1","2e8"]
2586	["5dfb7a23052a","1","2e8"]
2587	["5dfb7a230540","1","2e8"]
2588	["5dfb7a23054a","1","2e8"]
2589	["5dfb7a230571","1","2e8"]
2590	["5dfb7a230587","1","2e8"]
2591	["5dfb7a230591","1","2e8"]
2592	["5dfb7a2305b8","1","2e8"]
2593	["5dfb7a2305ce","1","2e8"]
2594	["5dfb7a253587","1","2cf"]
2595	["5dfb7a00f82b","1","2eb"]
2596	["5dfb7a00f8c4","1","2eb"]
2597	["5dfb7a00f96a","1","2eb"]
2598	["5dfb7a00f9fb","1","2eb"]
2599	["5dfb7a01fd4b","1","2ec"]
2600	["5dfb7a00fa5e","1","2eb"]
2601	["5dfb7a01fe9b","1","2ed"]
2602	["5dfb7a00fac1","1","2eb"]
2603	["5dfb7a01ffeb","1","2ee"]
2604	["5dfb7a00fb29","1","2eb"]
2605	["5dfb7a00fbba","1","2eb"]
2606	["5dfb7a02013b","1","2ef"]
2607	["5dfb7a00fc1d","1","2eb"]
2608	["5dfb7a02028b","1","2f0"]
2609	["5dfb7a00fc80","1","2eb"]
2610	["5dfb7a0203db","1","2f1"]
2611	["5dfb7a00fce3","1","2eb"]
2612	["5dfb7a02052b","1","2f2"]
2613	["5dfb7a00fd43","1","2eb"]
2614	["5dfb7a02067b","1","2f3"]
2615	["5dfb7a00fda6","1","2eb"]
2616	["5dfb7a0207cb","1","2f4"]
2617	["5dfb7a00fe09","1","2eb"]
2618	["5dfb7a02091b","1","2f5"]
2619	["5dfb7a00fe6c","1","2eb"]
2620	["5dfb7a020a6b","1","2f6"]
2621	["5dfb7a00fecf","1","2eb"]
2622	["5dfb7a020bbb","1","2f7"]
2623	["5dfb7a00ff37","1","2eb"]
2624	["5dfb7a00ffb6","1","2eb"]
2625	["5dfb7a020d0b","1","2f8"]
2626	["5dfb7a010019","1","2eb"]
2627	["5dfb7a020e5b","1","2f9"]
2628	["5dfb7a01007c","1","2eb"]
2629	["5dfb7a020fab","1","2fa"]
2630	["5dfb7a0100df","1","2eb"]
2631	["5dfb7a0210fb","1","2fb"]
2632	["5dfb7a010142","1","2eb"]
2633	["5dfb7a02124b","1","2fc"]
2634	["5dfb7a0101a5","1","2eb"]
2635	["5dfb7a02139b","1","2fd"]
2636	["5dfb7a010208","1","2eb"]
2637	["5dfb7a0214eb","1","2fe"]
2638	["5dfb7a01026b","1","2eb"]
2639	["5dfb7a02163b","1","2ff"]
2640	["5dfb7a0102ce","1","2eb"]
2641	["5dfb7a02178b","1","300"]
2642	["5dfb7a010331","1","2eb"]
2643	["5dfb7a0218db","1","301"]
2644	["5dfb7a010394","1","2eb"]
2645	["5dfb7a021a2b","1","302"]
2646	["5dfb7a0103fc","1","2eb"]
2647	["5dfb7a010496","1","2eb"]
2648	["5dfb7a021b7b","1","303"]
2649	["5dfb7a0104f9","1","2eb"]
2650	["5dfb7a021ccb","1","304"]
2651	["5dfb7a01055c","1","2eb"]
2652	["5dfb7a021e1b","1","305"]
2653	["5dfb7a0105bf","1","2eb"]
2654	["5dfb7a021f6b","1","306"]
2655	["5dfb7a01062d","1","2eb"]
2656	["5dfb7a0106c1","1","2eb"]
2657	["5dfb7a010754","1","2eb"]
2658	["5dfb7a0220bb","1","307"]
2659	["5dfb7a0107b7","1","2eb"]
2660	["5dfb7a02220b","1","308"]
2661	["5dfb7a01081a","1","2eb"]
2662	["5dfb7a02235b","1","309"]
2663	["5dfb7a010882","1","2eb"]
2664	["5dfb7a010906","1","2eb"]
2665	["5dfb7a010985","1","2eb"]
2666	["5dfb7a0224ab","1","30a"]
2667	["5dfb7a0109e8","1","2eb"]
2668	["5dfb7a0225fb","1","30b"]
2669	["5dfb7a010a4b","1","2eb"]
2670	["5dfb7a02274b","1","30c"]
2671	["5dfb7a010aae","1","2eb"]
2672	["5dfb7a02289b","1","30d"]
2673	["5dfb7a010b11","1","2eb"]
2674	["5dfb7a0229eb","1","30e"]
2675	["5dfb7a010b79","1","2eb"]
2676	["5dfb7a010c18","1","2eb"]
2677	["5dfb7a010cae","1","2eb"]
2678	["5dfb7a010d45","1","2eb"]
2679	["5dfb7a022b3b","1","30f"]
2680	["5dfb7a010da8","1","2eb"]
2681	["5dfb7a022c8b","1","310"]
2682	["5dfb7a010e10","1","2eb"]
2683	["5dfb7a010ea1","1","2eb"]
2684	["5dfb7a022ddb","1","311"]
2685	["5dfb7a010f04","1","2eb"]
2686	["5dfb7a022f2b","1","312"]
2687	["5dfb7a010f67","1","2eb"]
2688	["5dfb7a02307b","1","313"]
2689	["5dfb7a010fca","1","2eb"]
2690	["5dfb7a0231cb","1","314"]
2691	["5dfb7a011030","1","2eb"]
2692	["5dfb7a0110c8","1","2eb"]
2693	["5dfb7a011162","1","2eb"]
2694	["5dfb7a02331b","1","315"]
2695	["5dfb7a0111c5","1","2eb"]
2696	["5dfb7a02346b","1","316"]
2697	["5dfb7a01122d","1","2eb"]
2698	["5dfb7a0112be","1","2eb"]
2699	["5dfb7a0235bb","1","317"]
2700	["5dfb7a011321","1","2eb"]
2701	["5dfb7a02370b","1","318"]
2702	["5dfb7a011384","1","2eb"]
2703	["5dfb7a02385b","1","319"]
2704	["5dfb7a0113ec","1","2eb"]
2705	["5dfb7a01148b","1","2eb"]
2706	["5dfb7a01151c","1","2eb"]
2707	["5dfb7a0239ab","1","31a"]
2708	["5dfb7a011581","1","2eb"]
2709	["5dfb7a01161d","1","2eb"]
2710	["5dfb7a0116a1","1","2eb"]
2711	["5dfb7a01173b","1","2eb"]
2712	["5dfb7a023afb","1","31b"]
2713	["5dfb7a01179e","1","2eb"]
2714	["5dfb7a023c4b","1","31c"]
2715	["5dfb7a011801","1","2eb"]
2716	["5dfb7a023d9b","1","31d"]
2717	["5dfb7a011864","1","2eb"]
2718	["5dfb7a023eeb","1","31e"]
2719	["5dfb7a0118c7","1","2eb"]
2720	["5dfb7a02403b","1","31f"]
2721	["5dfb7a01192a","1","2eb"]
2722	["5dfb7a02418b","1","320"]
2723	["5dfb7a01198d","1","2eb"]
2724	["5dfb7a0242db","1","321"]
2725	["5dfb7a0119f4","1","2eb"]
2726	["5dfb7a02442b","1","322"]
2727	["5dfb7a011a57","1","2eb"]
2728	["5dfb7a02457b","1","323"]
2729	["5dfb7a011aba","1","2eb"]
2730	["5dfb7a0246cb","1","324"]
2731	["5dfb7a011b1d","1","2eb"]
2732	["5dfb7a02481b","1","325"]
2733	["5dfb7a011b80","1","2eb"]
2734	["5dfb7a02496b","1","326"]
2735	["5dfb7a011be3","1","2eb"]
2736	["5dfb7a024abb","1","327"]
2737	["5dfb7a011c46","1","2eb"]
2738	["5dfb7a024c0b","1","328"]
2739	["5dfb7a011ca9","1","2eb"]
2740	["5dfb7a024d5b","1","329"]
2741	["5dfb7a011d0c","1","2eb"]
2742	["5dfb7a024eab","1","32a"]
2743	["5dfb7a011d6f","1","2eb"]
2744	["5dfb7a024ffb","1","32b"]
2745	["5dfb7a011dd2","1","2eb"]
2746	["5dfb7a02514b","1","32c"]
2747	["5dfb7a011e35","1","2eb"]
2748	["5dfb7a02529b","1","32d"]
2749	["5dfb7a011e98","1","2eb"]
2750	["5dfb7a0253eb","1","32e"]
2751	["5dfb7a011efb","1","2eb"]
2752	["5dfb7a02553b","1","32f"]
2753	["5dfb7a011f5e","1","2eb"]
2754	["5dfb7a02568b","1","330"]
2755	["5dfb7a011fc6","1","2eb"]
2756	["5dfb7a012063","1","2eb"]
2757	["5dfb7a012109","1","2eb"]
2758	["5dfb7a0121a5","1","2eb"]
2759	["5dfb7a012241","1","2eb"]
2760	["5dfb7a0122d7","1","2eb"]
2761	["5dfb7a012368","1","2eb"]
2762	["5dfb7a0257db","1","331"]
2763	["5dfb7a0123cb","1","2eb"]
2764	["5dfb7a02592b","1","332"]
2765	["5dfb7a012430","1","2eb"]
2766	["5dfb7a0124c3","1","2eb"]
2767	["5dfb7a025a7b","1","333"]
2768	["5dfb7a012536","1","2eb"]
2769	["5dfb7a0125cf","1","2eb"]
2770	["5dfb7a01264c","1","2eb"]
2771	["5dfb7a0126e6","1","2eb"]
2772	["5dfb7a025bcb","1","334"]
2773	["5dfb7a012749","1","2eb"]
2774	["5dfb7a025d1b","1","335"]
2775	["5dfb7a0127ac","1","2eb"]
2776	["5dfb7a025e6b","1","336"]
2777	["5dfb7a012811","1","2eb"]
2778	["5dfb7a0128a5","1","2eb"]
2779	["5dfb7a025fbb","1","337"]
2780	["5dfb7a01290d","1","2eb"]
2781	["5dfb7a01299e","1","2eb"]
2782	["5dfb7a02610b","1","338"]
2783	["5dfb7a012a01","1","2eb"]
2784	["5dfb7a02625b","1","339"]
2785	["5dfb7a012a64","1","2eb"]
2786	["5dfb7a0263ab","1","33a"]
2787	["5dfb7a012ac7","1","2eb"]
2788	["5dfb7a0264fb","1","33b"]
2789	["5dfb7a012b34","1","2eb"]
2790	["5dfb7a02664b","1","33c"]
2791	["5dfb7a012ba1","1","2eb"]
2792	["5dfb7a02679b","1","33d"]
2793	["5dfb7a012c04","1","2eb"]
2794	["5dfb7a0268eb","1","33e"]
2795	["5dfb7a012c67","1","2eb"]
2796	["5dfb7a026a3b","1","33f"]
2797	["5dfb7a012cca","1","2eb"]
2798	["5dfb7a026b8b","1","340"]
2799	["5dfb7a012d32","1","2eb"]
2800	["5dfb7a012dc6","1","2eb"]
2801	["5dfb7a026cdb","1","341"]
2802	["5dfb7a012e2e","1","2eb"]
2803	["5dfb7a012ec7","1","2eb"]
2804	["5dfb7a012f5b","1","2eb"]
2805	["5dfb7a026e2b","1","342"]
2806	["5dfb7a012fbe","1","2eb"]
2807	["5dfb7a026f7b","1","343"]
2808	["5dfb7a013024","1","2eb"]
2809	["5dfb7a0130c7","1","2eb"]
2810	["5dfb7a01315a","1","2eb"]
2811	["5dfb7a0270cb","1","344"]
2812	["5dfb7a0131bd","1","2eb"]
2813	["5dfb7a02721b","1","345"]
2814	["5dfb7a013220","1","2eb"]
2815	["5dfb7a02736b","1","346"]
2816	["5dfb7a013283","1","2eb"]
2817	["5dfb7a0274bb","1","347"]
2818	["5dfb7a0132eb","1","2eb"]
2819	["5dfb7a01337f","1","2eb"]
2820	["5dfb7a02760b","1","348"]
2821	["5dfb7a0133e9","1","2eb"]
2822	["5dfb7a02775b","1","349"]
2823	["5dfb7a013453","1","2eb"]
2824	["5dfb7a0278ab","1","34a"]
2825	["5dfb7a0134bb","1","2eb"]
2826	["5dfb7a01353f","1","2eb"]
2827	["5dfb7a0135c3","1","2eb"]
2828	["5dfb7a013641","1","2eb"]
2829	["5dfb7a0136bf","1","2eb"]
2830	["5dfb7a013743","1","2eb"]
2831	["5dfb7a0137be","1","2eb"]
2832	["5dfb7a013842","1","2eb"]
2833	["5dfb7a0138c6","1","2eb"]
2834	["5dfb7a013947","1","2eb"]
2835	["5dfb7a0139c8","1","2eb"]
2836	["5dfb7a013a49","1","2eb"]
2837	["5dfb7a013aca","1","2eb"]
2838	["5dfb7a013b4b","1","2eb"]
2839	["5dfb7a013bcc","1","2eb"]
2840	["5dfb7a013c4d","1","2eb"]
2841	["5dfb7a013cce","1","2eb"]
2842	["5dfb7a013d4c","1","2eb"]
2843	["5dfb7a013dca","1","2eb"]
2844	["5dfb7a013e45","1","2eb"]
2845	["5dfb7a013ec6","1","2eb"]
2846	["5dfb7a013f47","1","2eb"]
2847	["5dfb7a013fcb","1","2eb"]
2848	["5dfb7a01404f","1","2eb"]
2849	["5dfb7a0140d3","1","2eb"]
2850	["5dfb7a014157","1","2eb"]
2851	["5dfb7a0141db","1","2eb"]
2852	["5dfb7a01425f","1","2eb"]
2853	["5dfb7a0142e3","1","2eb"]
2854	["5dfb7a014367","1","2eb"]
2855	["5dfb7a0143e5","1","2eb"]
2856	["5dfb7a014463","1","2eb"]
2857	["5dfb7a0144e7","1","2eb"]
2858	["5dfb7a01456b","1","2eb"]
2859	["5dfb7a0145ef","1","2eb"]
2860	["5dfb7a01466d","1","2eb"]
2861	["5dfb7a0146f1","1","2eb"]
2862	["5dfb7a01476f","1","2eb"]
2863	["5dfb7a0147ed","1","2eb"]
2864	["5dfb7a01486b","1","2eb"]
2865	["5dfb7a0148ef","1","2eb"]
2866	["5dfb7a014970","1","2eb"]
2867	["5dfb7a0149f4","1","2eb"]
2868	["5dfb7a014a72","1","2eb"]
2869	["5dfb7a014aed","1","2eb"]
2870	["5dfb7a014b71","1","2eb"]
2871	["5dfb7a014bf5","1","2eb"]
2872	["5dfb7a014c70","1","2eb"]
2873	["5dfb7a014ceb","1","2eb"]
2874	["5dfb7a014d6f","1","2eb"]
2875	["5dfb7a014df3","1","2eb"]
2876	["5dfb7a014e77","1","2eb"]
2877	["5dfb7a014ef5","1","2eb"]
2878	["5dfb7a014f79","1","2eb"]
2879	["5dfb7a014ffd","1","2eb"]
2880	["5dfb7a015081","1","2eb"]
2881	["5dfb7a0150fc","1","2eb"]
2882	["5dfb7a01517d","1","2eb"]
2883	["5dfb7a0151f8","1","2eb"]
2884	["5dfb7a015273","1","2eb"]
2885	["5dfb7a0152f7","1","2eb"]
2886	["5dfb7a01537b","1","2eb"]
2887	["5dfb7a0153f9","1","2eb"]
2888	["5dfb7a015472","1","2eb"]
2889	["5dfb7a0279fb","1","34b"]
2890	["5dfb7a0154d5","1","2eb"]
2891	["5dfb7a027b4b","1","34c"]
2892	["5dfb7a015538","1","2eb"]
2893	["5dfb7a027c9b","1","34d"]
2894	["5dfb7a01559b","1","2eb"]
2895	["5dfb7a027deb","1","34e"]
2896	["5dfb7a0155fe","1","2eb"]
2897	["5dfb7a027f3b","1","34f"]
2898	["5dfb7a015661","1","2eb"]
2899	["5dfb7a02808b","1","350"]
2900	["5dfb7a0156c4","1","2eb"]
2901	["5dfb7a0281db","1","351"]
2902	["5dfb7a015727","1","2eb"]
2903	["5dfb7a02832b","1","352"]
2904	["5dfb7a01578a","1","2eb"]
2905	["5dfb7a02847b","1","353"]
2906	["5dfb7a0157ed","1","2eb"]
2907	["5dfb7a0285cb","1","354"]
2908	["5dfb7a015850","1","2eb"]
2909	["5dfb7a02871b","1","355"]
2910	["5dfb7a0158b3","1","2eb"]
2911	["5dfb7a02886b","1","356"]
2912	["5dfb7a015916","1","2eb"]
2913	["5dfb7a0289bb","1","357"]
2914	["5dfb7a01597e","1","2eb"]
2915	["5dfb7a015a18","1","2eb"]
2916	["5dfb7a028b0b","1","358"]
2917	["5dfb7a015a7b","1","2eb"]
2918	["5dfb7a028c5b","1","359"]
2919	["5dfb7a015ade","1","2eb"]
2920	["5dfb7a028dab","1","35a"]
2921	["5dfb7a015b41","1","2eb"]
2922	["5dfb7a028efb","1","35b"]
2923	["5dfb7a015ba4","1","2eb"]
2924	["5dfb7a02904b","1","35c"]
2925	["5dfb7a015c0c","1","2eb"]
2926	["5dfb7a015ca5","1","2eb"]
2927	["5dfb7a015d39","1","2eb"]
2928	["5dfb7a02919b","1","35d"]
2929	["5dfb7a015da1","1","2eb"]
2930	["5dfb7a015e35","1","2eb"]
2931	["5dfb7a0292eb","1","35e"]
2932	["5dfb7a015e98","1","2eb"]
2933	["5dfb7a02943b","1","35f"]
2934	["5dfb7a015efb","1","2eb"]
2935	["5dfb7a02958b","1","360"]
2936	["5dfb7a015f5e","1","2eb"]
2937	["5dfb7a0296db","1","361"]
2938	["5dfb7a015fc1","1","2eb"]
2939	["5dfb7a02982b","1","362"]
2940	["5dfb7a016024","1","2eb"]
2941	["5dfb7a02997b","1","363"]
2942	["5dfb7a016087","1","2eb"]
2943	["5dfb7a029acb","1","364"]
2944	["5dfb7a0160ea","1","2eb"]
2945	["5dfb7a029c1b","1","365"]
2946	["5dfb7a01614d","1","2eb"]
2947	["5dfb7a029d6b","1","366"]
2948	["5dfb7a0161b0","1","2eb"]
2949	["5dfb7a029ebb","1","367"]
2950	["5dfb7a016213","1","2eb"]
2951	["5dfb7a02a00b","1","368"]
2952	["5dfb7a016276","1","2eb"]
2953	["5dfb7a02a15b","1","369"]
2954	["5dfb7a0162d9","1","2eb"]
2955	["5dfb7a02a2ab","1","36a"]
2956	["5dfb7a01633c","1","2eb"]
2957	["5dfb7a02a3fb","1","36b"]
2958	["5dfb7a01639f","1","2eb"]
2959	["5dfb7a02a54b","1","36c"]
2960	["5dfb7a016402","1","2eb"]
2961	["5dfb7a02a69b","1","36d"]
2962	["5dfb7a016465","1","2eb"]
2963	["5dfb7a02a7eb","1","36e"]
2964	["5dfb7a0164c8","1","2eb"]
2965	["5dfb7a02a93b","1","36f"]
2966	["5dfb7a01652b","1","2eb"]
2967	["5dfb7a02aa8b","1","370"]
2968	["5dfb7a01658e","1","2eb"]
2969	["5dfb7a02abdb","1","371"]
2970	["5dfb7a0165f1","1","2eb"]
2971	["5dfb7a02ad2b","1","372"]
2972	["5dfb7a016659","1","2eb"]
2973	["5dfb7a0166f8","1","2eb"]
2974	["5dfb7a016797","1","2eb"]
2975	["5dfb7a016836","1","2eb"]
2976	["5dfb7a0168d5","1","2eb"]
2977	["5dfb7a016974","1","2eb"]
2978	["5dfb7a016a08","1","2eb"]
2979	["5dfb7a02ae7b","1","373"]
2980	["5dfb7a016a6b","1","2eb"]
2981	["5dfb7a02afcb","1","374"]
2982	["5dfb7a016ad3","1","2eb"]
2983	["5dfb7a016b67","1","2eb"]
2984	["5dfb7a02b11b","1","375"]
2985	["5dfb7a016bca","1","2eb"]
2986	["5dfb7a02b26b","1","376"]
2987	["5dfb7a016c2d","1","2eb"]
2988	["5dfb7a02b3bb","1","377"]
2989	["5dfb7a016c95","1","2eb"]
2990	["5dfb7a016d2f","1","2eb"]
2991	["5dfb7a02b50b","1","378"]
2992	["5dfb7a016d92","1","2eb"]
2993	["5dfb7a02b65b","1","379"]
2994	["5dfb7a016df5","1","2eb"]
2995	["5dfb7a02b7ab","1","37a"]
2996	["5dfb7a016e58","1","2eb"]
2997	["5dfb7a02b8fb","1","37b"]
2998	["5dfb7a016ebb","1","2eb"]
2999	["5dfb7a02ba4b","1","37c"]
3000	["5dfb7a016f1e","1","2eb"]
3001	["5dfb7a02bb9b","1","37d"]
3002	["5dfb7a016f87","1","2eb"]
3003	["5dfb7a01701a","1","2eb"]
3004	["5dfb7a02bceb","1","37e"]
3005	["5dfb7a01707d","1","2eb"]
3006	["5dfb7a02be3b","1","37f"]
3007	["5dfb7a0170e0","1","2eb"]
3008	["5dfb7a02bf8b","1","380"]
3009	["5dfb7a017148","1","2eb"]
3010	["5dfb7a0171dc","1","2eb"]
3011	["5dfb7a02c0db","1","381"]
3012	["5dfb7a01723f","1","2eb"]
3013	["5dfb7a02c22b","1","382"]
3014	["5dfb7a0172a2","1","2eb"]
3015	["5dfb7a02c37b","1","383"]
3016	["5dfb7a01730a","1","2eb"]
3017	["5dfb7a01739e","1","2eb"]
3018	["5dfb7a02c4cb","1","384"]
3019	["5dfb7a017401","1","2eb"]
3020	["5dfb7a02c61b","1","385"]
3021	["5dfb7a017464","1","2eb"]
3022	["5dfb7a02c76b","1","386"]
3023	["5dfb7a0174c7","1","2eb"]
3024	["5dfb7a02c8bb","1","387"]
3025	["5dfb7a01752a","1","2eb"]
3026	["5dfb7a02ca0b","1","388"]
3027	["5dfb7a017592","1","2eb"]
3028	["5dfb7a01762b","1","2eb"]
3029	["5dfb7a0176c4","1","2eb"]
3030	["5dfb7a017758","1","2eb"]
3031	["5dfb7a02cb5b","1","389"]
3032	["5dfb7a0177bb","1","2eb"]
3033	["5dfb7a02ccab","1","38a"]
3034	["5dfb7a01781e","1","2eb"]
3035	["5dfb7a02cdfb","1","38b"]
3036	["5dfb7a017886","1","2eb"]
3037	["5dfb7a017919","1","2eb"]
3038	["5dfb7a02cf4b","1","38c"]
3039	["5dfb7a017981","1","2eb"]
3040	["5dfb7a017a17","1","2eb"]
3041	["5dfb7a017aab","1","2eb"]
3042	["5dfb7a02d09b","1","38d"]
3043	["5dfb7a017b0e","1","2eb"]
3044	["5dfb7a02d1eb","1","38e"]
3045	["5dfb7a017b71","1","2eb"]
3046	["5dfb7a02d33b","1","38f"]
3047	["5dfb7a017bd4","1","2eb"]
3048	["5dfb7a02d48b","1","390"]
3049	["5dfb7a017c37","1","2eb"]
3050	["5dfb7a02d5db","1","391"]
3051	["5dfb7a017c9a","1","2eb"]
3052	["5dfb7a02d72b","1","392"]
3053	["5dfb7a017d02","1","2eb"]
3054	["5dfb7a017da1","1","2eb"]
3055	["5dfb7a017e40","1","2eb"]
3056	["5dfb7a017edf","1","2eb"]
3057	["5dfb7a017f7e","1","2eb"]
3058	["5dfb7a01801d","1","2eb"]
3059	["5dfb7a0180bc","1","2eb"]
3060	["5dfb7a01815b","1","2eb"]
3061	["5dfb7a0181f4","1","2eb"]
3062	["5dfb7a01828d","1","2eb"]
3063	["5dfb7a018326","1","2eb"]
3064	["5dfb7a0183bf","1","2eb"]
3065	["5dfb7a01845e","1","2eb"]
3066	["5dfb7a0184fd","1","2eb"]
3067	["5dfb7a01859c","1","2eb"]
3068	["5dfb7a01863b","1","2eb"]
3069	["5dfb7a0186da","1","2eb"]
3070	["5dfb7a018779","1","2eb"]
3071	["5dfb7a018818","1","2eb"]
3072	["5dfb7a0188b7","1","2eb"]
3073	["5dfb7a018956","1","2eb"]
3074	["5dfb7a0189f5","1","2eb"]
3075	["5dfb7a018a94","1","2eb"]
3076	["5dfb7a018b2e","1","2eb"]
3077	["5dfb7a02d87b","1","393"]
3078	["5dfb7a018b96","1","2eb"]
3079	["5dfb7a018c2a","1","2eb"]
3080	["5dfb7a02d9cb","1","394"]
3081	["5dfb7a018c8d","1","2eb"]
3082	["5dfb7a02db1b","1","395"]
3083	["5dfb7a018cf0","1","2eb"]
3084	["5dfb7a02dc6b","1","396"]
3085	["5dfb7a018d53","1","2eb"]
3086	["5dfb7a02ddbb","1","397"]
3087	["5dfb7a018db6","1","2eb"]
3088	["5dfb7a02df0b","1","398"]
3089	["5dfb7a018e19","1","2eb"]
3090	["5dfb7a02e05b","1","399"]
3091	["5dfb7a018e7c","1","2eb"]
3092	["5dfb7a02e1ab","1","39a"]
3093	["5dfb7a018edf","1","2eb"]
3094	["5dfb7a02e2fb","1","39b"]
3095	["5dfb7a018f42","1","2eb"]
3096	["5dfb7a02e44b","1","39c"]
3097	["5dfb7a018fa5","1","2eb"]
3098	["5dfb7a02e59b","1","39d"]
3099	["5dfb7a019008","1","2eb"]
3100	["5dfb7a02e6eb","1","39e"]
3101	["5dfb7a01906b","1","2eb"]
3102	["5dfb7a02e83b","1","39f"]
3103	["5dfb7a0190ce","1","2eb"]
3104	["5dfb7a02e98b","1","3a0"]
3105	["5dfb7a019131","1","2eb"]
3106	["5dfb7a02eadb","1","3a1"]
3107	["5dfb7a019194","1","2eb"]
3108	["5dfb7a02ec2b","1","3a2"]
3109	["5dfb7a0191f7","1","2eb"]
3110	["5dfb7a02ed7b","1","3a3"]
3111	["5dfb7a01925a","1","2eb"]
3112	["5dfb7a02eecb","1","3a4"]
3113	["5dfb7a0192bd","1","2eb"]
3114	["5dfb7a02f01b","1","3a5"]
3115	["5dfb7a019320","1","2eb"]
3116	["5dfb7a02f16b","1","3a6"]
3117	["5dfb7a019383","1","2eb"]
3118	["5dfb7a02f2bb","1","3a7"]
3119	["5dfb7a0193e6","1","2eb"]
3120	["5dfb7a02f40b","1","3a8"]
3121	["5dfb7a019449","1","2eb"]
3122	["5dfb7a02f55b","1","3a9"]
3123	["5dfb7a0194ac","1","2eb"]
3124	["5dfb7a02f6ab","1","3aa"]
3125	["5dfb7a01950f","1","2eb"]
3126	["5dfb7a02f7fb","1","3ab"]
3127	["5dfb7a019572","1","2eb"]
3128	["5dfb7a02f94b","1","3ac"]
3129	["5dfb7a0195d5","1","2eb"]
3130	["5dfb7a02fa9b","1","3ad"]
3131	["5dfb7a019638","1","2eb"]
3132	["5dfb7a02fbeb","1","3ae"]
3133	["5dfb7a01969b","1","2eb"]
3134	["5dfb7a02fd3b","1","3af"]
3135	["5dfb7a0196fe","1","2eb"]
3136	["5dfb7a02fe8b","1","3b0"]
3137	["5dfb7a019761","1","2eb"]
3138	["5dfb7a02ffdb","1","3b1"]
3139	["5dfb7a0197c9","1","2eb"]
3140	["5dfb7a019862","1","2eb"]
3141	["5dfb7a0198fb","1","2eb"]
3142	["5dfb7a01998f","1","2eb"]
3143	["5dfb7a03012b","1","3b2"]
3144	["5dfb7a0199f2","1","2eb"]
3145	["5dfb7a03027b","1","3b3"]
3146	["5dfb7a019a55","1","2eb"]
3147	["5dfb7a0303cb","1","3b4"]
3148	["5dfb7a019abd","1","2eb"]
3149	["5dfb7a019b51","1","2eb"]
3150	["5dfb7a03051b","1","3b5"]
3151	["5dfb7a019bb4","1","2eb"]
3152	["5dfb7a03066b","1","3b6"]
3153	["5dfb7a019c17","1","2eb"]
3154	["5dfb7a0307bb","1","3b7"]
3155	["5dfb7a019c7a","1","2eb"]
3156	["5dfb7a03090b","1","3b8"]
3157	["5dfb7a019cdd","1","2eb"]
3158	["5dfb7a030a5b","1","3b9"]
3159	["5dfb7a019d40","1","2eb"]
3160	["5dfb7a030bab","1","3ba"]
3161	["5dfb7a019da3","1","2eb"]
3162	["5dfb7a030cfb","1","3bb"]
3163	["5dfb7a019e06","1","2eb"]
3164	["5dfb7a030e4b","1","3bc"]
3165	["5dfb7a019e69","1","2eb"]
3166	["5dfb7a030f9b","1","3bd"]
3167	["5dfb7a019ed1","1","2eb"]
3168	["5dfb7a019f6a","1","2eb"]
3169	["5dfb7a01a003","1","2eb"]
3170	["5dfb7a01a097","1","2eb"]
3171	["5dfb7a0310eb","1","3be"]
3172	["5dfb7a01a0fa","1","2eb"]
3173	["5dfb7a03123b","1","3bf"]
3174	["5dfb7a01a162","1","2eb"]
3175	["5dfb7a01a1fa","1","2eb"]
3176	["5dfb7a01a294","1","2eb"]
3177	["5dfb7a01a327","1","2eb"]
3178	["5dfb7a03138b","1","3c0"]
3179	["5dfb7a01a38a","1","2eb"]
3180	["5dfb7a0314db","1","3c1"]
3181	["5dfb7a01a3ed","1","2eb"]
3182	["5dfb7a03162b","1","3c2"]
3183	["5dfb7a01a450","1","2eb"]
3184	["5dfb7a03177b","1","3c3"]
3185	["5dfb7a01a4b3","1","2eb"]
3186	["5dfb7a0318cb","1","3c4"]
3187	["5dfb7a01a516","1","2eb"]
3188	["5dfb7a031a1b","1","3c5"]
3189	["5dfb7a01a579","1","2eb"]
3190	["5dfb7a031b6b","1","3c6"]
3191	["5dfb7a01a5dc","1","2eb"]
3192	["5dfb7a031cbb","1","3c7"]
3193	["5dfb7a01a63f","1","2eb"]
3194	["5dfb7a031e0b","1","3c8"]
3195	["5dfb7a01a6a7","1","2eb"]
3196	["5dfb7a01a73d","1","2eb"]
3197	["5dfb7a01a7ce","1","2eb"]
3198	["5dfb7a031f5b","1","3c9"]
3199	["5dfb7a01a831","1","2eb"]
3200	["5dfb7a0320ab","1","3ca"]
3201	["5dfb7a01a894","1","2eb"]
3202	["5dfb7a0321fb","1","3cb"]
3203	["5dfb7a01a8f7","1","2eb"]
3204	["5dfb7a03234b","1","3cc"]
3205	["5dfb7a01a95a","1","2eb"]
3206	["5dfb7a03249b","1","3cd"]
3207	["5dfb7a01a9bd","1","2eb"]
3208	["5dfb7a0325eb","1","3ce"]
3209	["5dfb7a01aa20","1","2eb"]
3210	["5dfb7a03273b","1","3cf"]
3211	["5dfb7a01aa83","1","2eb"]
3212	["5dfb7a03288b","1","3d0"]
3213	["5dfb7a01aae6","1","2eb"]
3214	["5dfb7a0329db","1","3d1"]
3215	["5dfb7a01ab4e","1","2eb"]
3216	["5dfb7a01abe2","1","2eb"]
3217	["5dfb7a032b2b","1","3d2"]
3218	["5dfb7a01ac45","1","2eb"]
3219	["5dfb7a032c7b","1","3d3"]
3220	["5dfb7a01aca8","1","2eb"]
3221	["5dfb7a032dcb","1","3d4"]
3222	["5dfb7a01ad10","1","2eb"]
3223	["5dfb7a01adaa","1","2eb"]
3224	["5dfb7a032f1b","1","3d5"]
3225	["5dfb7a01ae0d","1","2eb"]
3226	["5dfb7a03306b","1","3d6"]
3227	["5dfb7a01ae70","1","2eb"]
3228	["5dfb7a0331bb","1","3d7"]
3229	["5dfb7a01aed3","1","2eb"]
3230	["5dfb7a03330b","1","3d8"]
3231	["5dfb7a01af36","1","2eb"]
3232	["5dfb7a03345b","1","3d9"]
3233	["5dfb7a01af99","1","2eb"]
3234	["5dfb7a0335ab","1","3da"]
3235	["5dfb7a01affc","1","2eb"]
3236	["5dfb7a0336fb","1","3db"]
3237	["5dfb7a01b05f","1","2eb"]
3238	["5dfb7a03384b","1","3dc"]
3239	["5dfb7a01b0c2","1","2eb"]
3240	["5dfb7a03399b","1","3dd"]
3241	["5dfb7a01b125","1","2eb"]
3242	["5dfb7a033aeb","1","3de"]
3243	["5dfb7a01b18d","1","2eb"]
3244	["5dfb7a01b221","1","2eb"]
3245	["5dfb7a033c3b","1","3df"]
3246	["5dfb7a01b284","1","2eb"]
3247	["5dfb7a033d8b","1","3e0"]
3248	["5dfb7a01b2ec","1","2eb"]
3249	["5dfb7a01b37f","1","2eb"]
3250	["5dfb7a033edb","1","3e1"]
3251	["5dfb7a01b3e7","1","2eb"]
3252	["5dfb7a01b480","1","2eb"]
3253	["5dfb7a01b514","1","2eb"]
3254	["5dfb7a03402b","1","3e2"]
3255	["5dfb7a01b57c","1","2eb"]
3256	["5dfb7a01b60f","1","2eb"]
3257	["5dfb7a03417b","1","3e3"]
3258	["5dfb7a01b677","1","2eb"]
3259	["5dfb7a01b70f","1","2eb"]
3260	["5dfb7a01b7a2","1","2eb"]
3261	["5dfb7a0342cb","1","3e4"]
3262	["5dfb7a01b80a","1","2eb"]
3263	["5dfb7a01b89d","1","2eb"]
3264	["5dfb7a03441b","1","3e5"]
3265	["5dfb7a01b900","1","2eb"]
3266	["5dfb7a03456b","1","3e6"]
3267	["5dfb7a01b963","1","2eb"]
3268	["5dfb7a0346bb","1","3e7"]
3269	["5dfb7a01b9c6","1","2eb"]
3270	["5dfb7a03480b","1","3e8"]
3271	["5dfb7a01ba29","1","2eb"]
3272	["5dfb7a03495b","1","3e9"]
3273	["5dfb7a01ba8c","1","2eb"]
3274	["5dfb7a034aab","1","3ea"]
3275	["5dfb7a01baef","1","2eb"]
3276	["5dfb7a034bfb","1","3eb"]
3277	["5dfb7a01bb52","1","2eb"]
3278	["5dfb7a034d4b","1","3ec"]
3279	["5dfb7a01bbb5","1","2eb"]
3280	["5dfb7a034e9b","1","3ed"]
3281	["5dfb7a01bc18","1","2eb"]
3282	["5dfb7a034feb","1","3ee"]
3283	["5dfb7a01bc7b","1","2eb"]
3284	["5dfb7a03513b","1","3ef"]
3285	["5dfb7a01bcde","1","2eb"]
3286	["5dfb7a03528b","1","3f0"]
3287	["5dfb7a01bd41","1","2eb"]
3288	["5dfb7a0353db","1","3f1"]
3289	["5dfb7a01bda4","1","2eb"]
3290	["5dfb7a03552b","1","3f2"]
3291	["5dfb7a01be07","1","2eb"]
3292	["5dfb7a03567b","1","3f3"]
3293	["5dfb7a01be6a","1","2eb"]
3294	["5dfb7a0357cb","1","3f4"]
3295	["5dfb7a01becd","1","2eb"]
3296	["5dfb7a03591b","1","3f5"]
3297	["5dfb7a01bf30","1","2eb"]
3298	["5dfb7a035a6b","1","3f6"]
3299	["5dfb7a01bf98","1","2eb"]
3300	["5dfb7a01c030","1","2eb"]
3301	["5dfb7a01c0c8","1","2eb"]
3302	["5dfb7a01c160","1","2eb"]
3303	["5dfb7a01c1f8","1","2eb"]
3304	["5dfb7a01c290","1","2eb"]
3305	["5dfb7a01c328","1","2eb"]
3306	["5dfb7a01c3c0","1","2eb"]
3307	["5dfb7a01c458","1","2eb"]
3308	["5dfb7a01c4f0","1","2eb"]
3309	["5dfb7a01c588","1","2eb"]
3310	["5dfb7a01c620","1","2eb"]
3311	["5dfb7a01c6b8","1","2eb"]
3312	["5dfb7a01c750","1","2eb"]
3313	["5dfb7a01c7e8","1","2eb"]
3314	["5dfb7a01c880","1","2eb"]
3315	["5dfb7a01c918","1","2eb"]
3316	["5dfb7a01c9b0","1","2eb"]
3317	["5dfb7a01ca48","1","2eb"]
3318	["5dfb7a01cadb","1","2eb"]
3319	["5dfb7a035bbb","1","3f7"]
3320	["5dfb7a01cb3e","1","2eb"]
3321	["5dfb7a035d0b","1","3f8"]
3322	["5dfb7a01cba1","1","2eb"]
3323	["5dfb7a035e5b","1","3f9"]
3324	["5dfb7a01cc04","1","2eb"]
3325	["5dfb7a035fab","1","3fa"]
3326	["5dfb7a01cc67","1","2eb"]
3327	["5dfb7a0360fb","1","3fb"]
3328	["5dfb7a01cccf","1","2eb"]
3329	["5dfb7a01cd63","1","2eb"]
3330	["5dfb7a03624b","1","3fc"]
3331	["5dfb7a01cdc6","1","2eb"]
3332	["5dfb7a03639b","1","3fd"]
3333	["5dfb7a01ce29","1","2eb"]
3334	["5dfb7a0364eb","1","3fe"]
3335	["5dfb7a01ce8c","1","2eb"]
3336	["5dfb7a03663b","1","3ff"]
3337	["5dfb7a01ceef","1","2eb"]
3338	["5dfb7a03678b","1","400"]
3339	["5dfb7a01cf57","1","2eb"]
3340	["5dfb7a01cfeb","1","2eb"]
3341	["5dfb7a0368db","1","401"]
3342	["5dfb7a01d04e","1","2eb"]
3343	["5dfb7a036a2b","1","402"]
3344	["5dfb7a01d0b6","1","2eb"]
3345	["5dfb7a01d14e","1","2eb"]
3346	["5dfb7a01d1e6","1","2eb"]
3347	["5dfb7a01d27f","1","2eb"]
3348	["5dfb7a01d317","1","2eb"]
3349	["5dfb7a01d3af","1","2eb"]
3350	["5dfb7a01d449","1","2eb"]
3351	["5dfb7a036b7b","1","403"]
3352	["5dfb7a01d4ac","1","2eb"]
3353	["5dfb7a036ccb","1","404"]
3354	["5dfb7a01d514","1","2eb"]
3355	["5dfb7a01d5a8","1","2eb"]
3356	["5dfb7a036e1b","1","405"]
3357	["5dfb7a01d60b","1","2eb"]
3358	["5dfb7a036f6b","1","406"]
3359	["5dfb7a01d66e","1","2eb"]
3360	["5dfb7a0370bb","1","407"]
3361	["5dfb7a01d6d1","1","2eb"]
3362	["5dfb7a03720b","1","408"]
3363	["5dfb7a01d734","1","2eb"]
3364	["5dfb7a03735b","1","409"]
3365	["5dfb7a01d797","1","2eb"]
3366	["5dfb7a0374ab","1","40a"]
3367	["5dfb7a01d7ff","1","2eb"]
3368	["5dfb7a01d893","1","2eb"]
3369	["5dfb7a0375fb","1","40b"]
3370	["5dfb7a01d8f6","1","2eb"]
3371	["5dfb7a03774b","1","40c"]
3372	["5dfb7a01d959","1","2eb"]
3373	["5dfb7a03789b","1","40d"]
3374	["5dfb7a01d9bc","1","2eb"]
3375	["5dfb7a0379eb","1","40e"]
3376	["5dfb7a01da1f","1","2eb"]
3377	["5dfb7a037b3b","1","40f"]
3378	["5dfb7a01da82","1","2eb"]
3379	["5dfb7a037c8b","1","410"]
3380	["5dfb7a01dae5","1","2eb"]
3381	["5dfb7a037ddb","1","411"]
3382	["5dfb7a01db48","1","2eb"]
3383	["5dfb7a037f2b","1","412"]
3384	["5dfb7a01dbab","1","2eb"]
3385	["5dfb7a03807b","1","413"]
3386	["5dfb7a01dc13","1","2eb"]
3387	["5dfb7a01dca7","1","2eb"]
3388	["5dfb7a0381cb","1","414"]
3389	["5dfb7a01dd0a","1","2eb"]
3390	["5dfb7a03831b","1","415"]
3391	["5dfb7a01dd6d","1","2eb"]
3392	["5dfb7a03846b","1","416"]
3393	["5dfb7a01ddd0","1","2eb"]
3394	["5dfb7a0385bb","1","417"]
3395	["5dfb7a01de33","1","2eb"]
3396	["5dfb7a03870b","1","418"]
3397	["5dfb7a01de96","1","2eb"]
3398	["5dfb7a03885b","1","419"]
3399	["5dfb7a01def9","1","2eb"]
3400	["5dfb7a0389ab","1","41a"]
3401	["5dfb7a01df5c","1","2eb"]
3402	["5dfb7a038afb","1","41b"]
3403	["5dfb7a01dfbf","1","2eb"]
3404	["5dfb7a038c4b","1","41c"]
3405	["5dfb7a01e022","1","2eb"]
3406	["5dfb7a038d9b","1","41d"]
3407	["5dfb7a01e085","1","2eb"]
3408	["5dfb7a038eeb","1","41e"]
3409	["5dfb7a01e0e8","1","2eb"]
3410	["5dfb7a03903b","1","41f"]
3411	["5dfb7a01e14b","1","2eb"]
3412	["5dfb7a03918b","1","420"]
3413	["5dfb7a01e1ae","1","2eb"]
3414	["5dfb7a0392db","1","421"]
3415	["5dfb7a01e211","1","2eb"]
3416	["5dfb7a03942b","1","422"]
3417	["5dfb7a01e274","1","2eb"]
3418	["5dfb7a03957b","1","423"]
3419	["5dfb7a01e2d7","1","2eb"]
3420	["5dfb7a0396cb","1","424"]
3421	["5dfb7a01e33a","1","2eb"]
3422	["5dfb7a03981b","1","425"]
3423	["5dfb7a01e39d","1","2eb"]
3424	["5dfb7a03996b","1","426"]
3425	["5dfb7a01e400","1","2eb"]
3426	["5dfb7a039abb","1","427"]
3427	["5dfb7a01e463","1","2eb"]
3428	["5dfb7a039c0b","1","428"]
3429	["5dfb7a01e4c6","1","2eb"]
3430	["5dfb7a039d5b","1","429"]
3431	["5dfb7a01e529","1","2eb"]
3432	["5dfb7a039eab","1","42a"]
3433	["5dfb7a01e58c","1","2eb"]
3434	["5dfb7a039ffb","1","42b"]
3435	["5dfb7a01e5ef","1","2eb"]
3436	["5dfb7a03a14b","1","42c"]
3437	["5dfb7a01e652","1","2eb"]
3438	["5dfb7a03a29b","1","42d"]
3439	["5dfb7a01e6b5","1","2eb"]
3440	["5dfb7a03a3eb","1","42e"]
3441	["5dfb7a01e718","1","2eb"]
3442	["5dfb7a03a53b","1","42f"]
3443	["5dfb7a01e77b","1","2eb"]
3444	["5dfb7a03a68b","1","430"]
3445	["5dfb7a01e7de","1","2eb"]
3446	["5dfb7a03a7db","1","431"]
3447	["5dfb7a01e841","1","2eb"]
3448	["5dfb7a03a92b","1","432"]
3449	["5dfb7a01e8a4","1","2eb"]
3450	["5dfb7a03aa7b","1","433"]
3451	["5dfb7a01e907","1","2eb"]
3452	["5dfb7a03abcb","1","434"]
3453	["5dfb7a01e96a","1","2eb"]
3454	["5dfb7a03ad1b","1","435"]
3455	["5dfb7a01e9cd","1","2eb"]
3456	["5dfb7a03ae6b","1","436"]
3457	["5dfb7a01ea30","1","2eb"]
3458	["5dfb7a03afbb","1","437"]
3459	["5dfb7a01ea93","1","2eb"]
3460	["5dfb7a03b10b","1","438"]
3461	["5dfb7a01eaf6","1","2eb"]
3462	["5dfb7a03b25b","1","439"]
3463	["5dfb7a01eb59","1","2eb"]
3464	["5dfb7a03b3ab","1","43a"]
3465	["5dfb7a01ebbc","1","2eb"]
3466	["5dfb7a03b4fb","1","43b"]
3467	["5dfb7a01ec1f","1","2eb"]
3468	["5dfb7a03b64b","1","43c"]
3469	["5dfb7a01ec82","1","2eb"]
3470	["5dfb7a03b79b","1","43d"]
3471	["5dfb7a01ece5","1","2eb"]
3472	["5dfb7a03b8eb","1","43e"]
3473	["5dfb7a01ed48","1","2eb"]
3474	["5dfb7a03ba3b","1","43f"]
3475	["5dfb7a01edab","1","2eb"]
3476	["5dfb7a03bb8b","1","440"]
3477	["5dfb7a01ee0e","1","2eb"]
3478	["5dfb7a03bcdb","1","441"]
3479	["5dfb7a01ee71","1","2eb"]
3480	["5dfb7a03be2b","1","442"]
3481	["5dfb7a01eed4","1","2eb"]
3482	["5dfb7a03bf7b","1","443"]
3483	["5dfb7a01ef37","1","2eb"]
3484	["5dfb7a03c0cb","1","444"]
3485	["5dfb7a01ef9a","1","2eb"]
3486	["5dfb7a03c21b","1","445"]
3487	["5dfb7a01effd","1","2eb"]
3488	["5dfb7a03c36b","1","446"]
3489	["5dfb7a01f060","1","2eb"]
3490	["5dfb7a03c4bb","1","447"]
3491	["5dfb7a01f0c3","1","2eb"]
3492	["5dfb7a03c60b","1","448"]
3493	["5dfb7a01f126","1","2eb"]
3494	["5dfb7a03c75b","1","449"]
3495	["5dfb7a01f189","1","2eb"]
3496	["5dfb7a03c8ab","1","44a"]
3497	["5dfb7a01f1ec","1","2eb"]
3498	["5dfb7a03c9fb","1","44b"]
3499	["5dfb7a01f24f","1","2eb"]
3500	["5dfb7a03cb4b","1","44c"]
3501	["5dfb7a01f2b2","1","2eb"]
3502	["5dfb7a03cc9b","1","44d"]
3503	["5dfb7a03cdeb","1","44e"]
3504	["5dfb7a25358c","1","2cf"]
3505	["5dfb7a99ae7f","1","44f"]
3509	["5dfb7a99aeda","1","44f"]
3510	["5dfb7a990e42","1","452"]
3511	["5dfb7a90d405","1","453"]
3512	["5dfb7a670321","1","454"]
3513	["5dfb7a66ff33","1","455"]
3514	["5dfb7a66c741","1","456"]
3515	["5dfb7a90d306","1","453"]
3516	["5dfb7a910886","1","457"]
3517	["5dfb7a9109c7","1","457"]
3518	["5dfb7a910c58","1","458"]
3520	["5dfb7a90e77b","1","459"]
3521	["5dfb7a90d382","1","453"]
3523	["5dfb7a990e51","1","452"]
3524	["5dfb7b415329","1","45a"]
3525	["5dfb7b41535a","1","45a"]
3526	["5dfb7b4257bd","1","45b"]
3527	["5dfb7ad385d2","1","45c"]
3528	["5dfb7a990ec4","1","452"]
3529	["5dfb7a97aeee","1","45d"]
3530	["5dfb79f7cb5f","1","2ce"]
3531	["5dfb7aa3b600","1","45e"]
3532	["5dfb7aa449fe","1","45f"]
3533	["5dfb7aa44bbe","1","460"]
3534	["5dfb7aa44be2","1","460"]
3535	["5dfb7a10d86b","1","461"]
3536	["5dfb791ff543","1","2b0"]
3537	["5dfb791ff62d","1","2b0"]
3538	["5dfb791ff718","1","2b0"]
3539	["5dfb791ff765","1","2b0"]
3540	["5dfb7925be8b","1","462"]
3541	["5dfb7925c083","1","462"]
3542	["5dfb79278d79","1","463"]
3545	["5dfb791ff9ff","1","2b0"]
3546	["5dfb791dc159","1","464"]
3547	["5dfb791dc1c5","1","464"]
3548	["5dfb791dc2b5","1","464"]
3550	["5dfb791dc33d","1","464"]
3551	["5dfb791ffa48","1","2b0"]
3552	["5dfb7925bb96","1","465"]
3553	["5dfb792449cc","1","466"]
3554	["5dfb791c90bf","1","467"]
3555	["5dfb7bcc58df","1","468"]
3556	["5dfb7bcdf529","1","469"]
3557	["5dfb7bcc5895","1","468"]
3558	["5dfb791c90aa","1","467"]
3559	["5dfb79244992","1","466"]
3560	["5dfb792406cf","1","46a"]
3561	["5dfb79244217","1","46b"]
3562	["5dfb792e1859","1","46c"]
3563	["5dfb792e190c","1","46d"]
3564	["5dfb791e2b5c","1","46e"]
3565	["5dfb7928752c","1","46f"]
3566	["5dfb791e2bc5","1","46e"]
3567	["5dfb7928759e","1","470"]
3568	["5dfb79205626","1","471"]
3569	["5dfb793103cc","1","472"]
3570	["5dfb792d6a75","1","473"]
3571	["5dfb7b689eba","1","474"]
3572	["5dfb7b68a986","1","475"]
3573	["5dfb792d6a9c","1","473"]
3574	["5dfb7b68ab60","1","476"]
3575	["5dfb7b689f2b","1","477"]
3576	["5dfb7b6948bc","1","478"]
3577	["5dfb7b6a0e70","1","479"]
3578	["5dfb7b6a0ea3","1","479"]
3579	["5dfb7b69495f","1","478"]
3580	["5dfb7b687bd1","1","47a"]
3581	["5dfb7b6861ee","1","47b"]
3582	["5dfb7b686ad0","1","47c"]
3583	["5dfb7b697a19","1","47d"]
3584	["5dfb7b697b26","1","47e"]
3585	["5dfb7b697b9e","1","47e"]
3586	["5dfb7b687b94","1","47a"]
3587	["5dfb7b694aa3","1","478"]
3588	["5dfb7b696b74","1","47f"]
3589	["5dfb7b689fd0","1","477"]
3590	["5dfb7b69268c","1","480"]
3591	["5dfb7b69a46a","1","481"]
3592	["5dfb7b69a4c4","1","481"]
3593	["5dfb7b6928b2","1","480"]
3594	["5dfb7b68a2ff","1","477"]
3595	["5dfb7b68a575","1","477"]
3596	["5dfb7b68a5b5","1","477"]
3597	["5dfb7b68a6ec","1","477"]
3598	["5dfb792d6b4f","1","473"]
3599	["5dfb792d6bb0","1","473"]
3600	["5dfb79df94a6","1","482"]
3601	["5dfb793104a8","1","472"]
3602	["5dfb79303afb","1","483"]
3604	["5dfb7bcdd28b","1","484"]
3605	["5dfb79303cbb","1","483"]
3606	["5dfb79303ec9","1","483"]
3607	["5dfb79303f15","1","483"]
3643	["5dfb793043d3","1","483"]
3644	["5dfb79e4d48f","1","497"]
3645	["5dfb79e4d5f9","1","498"]
3646	["5dfb79e75398","1","499"]
3647	["5dfb79e753de","1","499"]
3648	["5dfb79e7542a","1","499"]
3649	["5dfb79e4d64a","1","498"]
3650	["5dfb79eaf631","1","49a"]
3652	["5dfb79e4d8d9","1","498"]
3655	["5dfb79ea8907","1","49b"]
3656	["5dfb79ea907e","1","49d"]
3657	["5dfb7930fd98","1","49e"]
3664	["5dfb7b6b1ec3","1","4a3"]
3665	["5dfb7b6b217e","1","4a4"]
3667	["5dfb792f7e9c","1","49f"]
3668	["5dfb792e9146","1","4a5"]
3671	["5dfb792e98bc","1","4a6"]
3674	["5dfb79e4dc6f","1","498"]
3675	["5dfb79e4dda0","1","498"]
3676	["5dfb79e4df99","1","498"]
3681	["5dfb79e4e07c","1","498"]
3682	["5dfb79ea6429","1","4ab"]
3683	["5dfb79ea643f","1","4ab"]
3684	["5dfb79e76326","1","4ac"]
3685	["5dfb79e763b2","1","4ac"]
3686	["5dfb79ea64ad","1","4ab"]
3687	["5dfb79ea64fd","1","4ab"]
3688	["5dfb79ea654a","1","4ab"]
3689	["5dfb79ea65b0","1","4ab"]
3690	["5dfb79ea662e","1","4ab"]
3691	["5dfb79ea6660","1","4ab"]
3692	["5dfb79e4e100","1","498"]
3693	["5dfb79e4e20d","1","498"]
3694	["5dfb79eae921","1","4ad"]
3699	["5dfb79e4e302","1","498"]
3700	["5dfb79e4e50b","1","498"]
3701	["5dfb79e5d1e8","1","4af"]
3702	["5dfb79e5d228","1","4af"]
3703	["5dfb79e4e57d","1","498"]
3704	["5dfb79e5e2a5","1","4b0"]
3705	["5dfb79e4e607","1","498"]
3706	["5dfb79ebc45e","1","4b1"]
3707	["5dfb79f10291","1","4b2"]
3708	["5dfb79f0b2d1","1","4b3"]
3709	["5dfb79f8184d","1","4b4"]
3710	["5dfb79f0b2e3","1","4b3"]
3711	["5dfb79f111c2","1","4b5"]
3712	["5dfb79f0b384","1","4b3"]
3713	["5dfb79f102bb","1","4b2"]
3714	["5dfb79f833d4","1","4b6"]
3715	["5dfb7a0c16f0","1","4b7"]
3716	["5dfb7a0c1708","1","4b7"]
3717	["5dfb7a0c2352","1","4b8"]
3718	["5dfb7a148090","1","4b9"]
3719	["5dfb7a14815a","1","4b9"]
3720	["5dfb7a1fddb3","1","4ba"]
3721	["5dfb7a0c248e","1","4b8"]
3722	["5dfb7a0c26f2","1","4b8"]
3723	["5dfb7a0c278b","1","4b8"]
3724	["5dfb7a0c28b6","1","4b8"]
3725	["5dfb7a0c29f3","1","4b8"]
3726	["5dfb7a0c2a01","1","4b8"]
3727	["5dfb7a0f7b6f","1","4bb"]
3728	["5dfb7a0f7b97","1","4bb"]
3729	["5dfb7a0c2b8b","1","4b8"]
3730	["5dfb7a0c2bbb","1","4b8"]
3731	["5dfb7a0cf136","1","4bc"]
3732	["5dfb7a0c2c02","1","4b8"]
3733	["5dfb7a0c2c59","1","4b8"]
3734	["5dfb7a0f2fb2","1","4bd"]
3735	["5dfb79f833e2","1","4b6"]
3736	["5dfb79f831d2","1","4be"]
3737	["5dfb7a10ed99","1","4bf"]
3738	["5dfb7a10edb3","1","4bf"]
3739	["5dfb7a10fa0e","1","4c0"]
3740	["5dfb7a10faa6","1","4c0"]
3741	["5dfb7aa3070e","1","4c1"]
3742	["5dfb7aa3bd76","1","4c2"]
3744	["5dfb7aa3c0b3","1","4c3"]
3745	["5dfb7aa3bdc1","1","4c2"]
3747	["5dfb7aa3be09","1","4c2"]
3749	["5dfb7aa3be51","1","4c2"]
3750	["5dfb7aa3be99","1","4c2"]
3751	["5dfb7aa3bebe","1","4c2"]
3752	["5dfb7aa30720","1","4c1"]
3753	["5dfb7aa3074c","1","4c1"]
3754	["5dfb7aa3076d","1","4c1"]
3755	["5dfb7aa3ba2c","1","4c4"]
3756	["5dfb7aa3bcac","1","4c5"]
3757	["5dfb7aa3077b","1","4c1"]
3758	["5dfb7aa30797","1","4c1"]
3759	["5dfb7aa307df","1","4c1"]
3760	["5dfb7aa3083b","1","4c1"]
3761	["5dfb7aa3ddbc","1","4c6"]
3763	["5dfb7aa3d0d8","1","4c7"]
3764	["5dfb7aa3dd0c","1","4c8"]
3768	["5dfb7a10fb10","1","4c0"]
3770	["5dfb79f8324d","1","4be"]
3771	["5dfb7a157d38","1","4cb"]
3772	["5dfb7a157d46","1","4cb"]
3773	["5dfb7a57a603","1","4cc"]
3774	["5dfb7a57a611","1","4cc"]
3775	["5dfb7a57f780","1","4cd"]
3776	["5dfb7a57f7c7","1","4cd"]
3777	["5dfb7a57a62e","1","4cc"]
3778	["5dfb7a57a639","1","4cc"]
3779	["5dfb7a5a29d9","1","4ce"]
3780	["5dfb7a157d9e","1","4cb"]
3781	["5dfb7a10fdc6","1","4cf"]
3782	["5dfb7a57aaac","1","4d0"]
3783	["5dfb7a57bc10","1","4d1"]
3784	["5dfb7a10fdd0","1","4cf"]
3785	["5dfb7a10fe24","1","4cf"]
3786	["5dfb7a10ff1c","1","4cf"]
3787	["5dfb7a10ff2e","1","4cf"]
3788	["5dfb7aa3eebe","1","4d2"]
3789	["5dfb7aa43f1c","1","4d3"]
3790	["5dfb79f83279","1","4be"]
3791	["5dfb7a0c6acc","1","4d4"]
3792	["5dfb7a0b99e7","1","4d5"]
3793	["5dfb7a0b9a0f","1","4d5"]
3794	["5dfb7a0ceaaf","1","4d6"]
3795	["5dfb7a0cebdc","1","4d6"]
3796	["5dfb7a0cee38","1","4d7"]
3797	["5dfb7a0c6ad9","1","4d4"]
3798	["5dfb79f8328f","1","4be"]
3799	["5dfb7a645e69","1","4d8"]
3800	["5dfb7a0c6618","1","4d9"]
3801	["5dfb7a0c535b","1","4da"]
3802	["5dfb79f139f9","1","4db"]
3803	["5dfb79f13a83","1","4db"]
3804	["5dfb7a0c53a7","1","4da"]
3805	["5dfb7a251e0a","1","4dc"]
3806	["5dfb7a043371","1","4dd"]
3807	["5dfb7bd0e3ca","1","4de"]
3808	["5dfb7a0433ae","1","4dd"]
3809	["5dfb7a0433f3","1","4dd"]
3810	["5dfb79f13d09","1","4df"]
3811	["5dfb79f13e64","1","4e0"]
3812	["5dfb79f13d19","1","4df"]
3813	["5dfb7a0c54e7","1","4da"]
3814	["5dfb7a0cd290","1","4e1"]
3815	["5dfb7a0c54f8","1","4da"]
3816	["5dfb7a0c5517","1","4da"]
3817	["5dfb7a0c55c1","1","4da"]
3818	["5dfb7a0c55cf","1","4da"]
3819	["5dfb7a105f25","1","4e2"]
3820	["5dfb7a0c55e0","1","4da"]
3821	["5dfb7a0c5607","1","4da"]
3822	["5dfb7a0c5626","1","4da"]
3823	["5dfb7a0c5659","1","4da"]
3824	["5dfb7a0c5678","1","4da"]
3825	["5dfb7a0c5697","1","4da"]
3826	["5dfb7a0c56b6","1","4da"]
3827	["5dfb7a0c56d9","1","4da"]
3828	["5dfb7a0c5700","1","4da"]
3829	["5dfb7a0c570b","1","4da"]
3830	["5dfb7a0467bf","1","4e3"]
3831	["5dfb7a3fdb5e","1","4e4"]
3832	["5dfb7a0c571c","1","4da"]
3833	["5dfb7a0c573b","1","4da"]
3834	["5dfb7a0c5751","1","4da"]
3835	["5dfb7ac1b412","1","4e5"]
3836	["5dfb7a0c57fe","1","4da"]
3837	["5dfb7a0c580c","1","4da"]
3838	["5dfb7a6705f3","1","4e6"]
3839	["5dfb7a670601","1","4e6"]
3841	["5dfb7a66c61d","1","4e8"]
3843	["5dfb7a671cf7","1","4e7"]
3844	["5dfb7a671d47","1","4e7"]
3845	["5dfb7a0c581d","1","4da"]
3846	["5dfb7a0c582b","1","4da"]
3850	["5dfb7a68263d","1","4e9"]
3851	["5dfb7a682681","1","4e9"]
3852	["5dfb7a0c5841","1","4da"]
3855	["5dfb7a2e60fd","1","4ea"]
3856	["5dfb7a2e6131","1","4ea"]
3857	["5dfb7a2e89c1","1","4eb"]
3858	["5dfb79f4edc6","1","4ec"]
3860	["5dfb7a2e8a26","1","4eb"]
3861	["5dfb7a2e655d","1","4ea"]
3862	["5dfb7a2e6576","1","4ea"]
3863	["5dfb7a2da6e3","1","4ed"]
3864	["5dfb7a2e6592","1","4ea"]
3865	["5dfb7a2e65ba","1","4ea"]
3866	["5dfb7a0c584d","1","4da"]
3867	["5dfb7a0cf960","1","4ee"]
3868	["5dfb7a0c58c8","1","4da"]
3869	["5dfb7a0c58d8","1","4da"]
3870	["5dfb7a0e941d","1","4ef"]
3871	["5dfb7a19c774","1","4f0"]
3872	["5dfb7a0e942e","1","4ef"]
3873	["5dfb7a0e9495","1","4ef"]
3874	["5dfb7a0c9fcb","1","4f1"]
3875	["5dfb7ab59c30","1","4f2"]
3876	["5dfb7ab597ea","1","4f3"]
3877	["5dfb7ab73af5","1","4f4"]
3878	["5dfb7ab598df","1","4f3"]
3879	["5dfb7ab9391c","1","4f5"]
3880	["5dfb7ab9399a","1","4f5"]
3881	["5dfb7ab59925","1","4f3"]
3882	["5dfb7a0c593a","1","4da"]
3883	["5dfb7a0c5a40","1","4da"]
3884	["5dfb7a0c5bc8","1","4da"]
3885	["5dfb7a158a0a","1","4f6"]
3886	["5dfb7a158a94","1","4f6"]
3887	["5dfb7a10ccdb","1","4f7"]
3888	["5dfb7a66d07e","1","4f8"]
3889	["5dfb7a66d0a1","1","4f8"]
3890	["5dfb7a158aea","1","4f6"]
3891	["5dfb7a0ca742","1","4f9"]
3892	["5dfb7a158b75","1","4f6"]
3893	["5dfb7a158bfe","1","4f6"]
3894	["5dfb7a158c62","1","4f6"]
3895	["5dfb7a158c9d","1","4f6"]
3896	["5dfb7a158cdf","1","4f6"]
3897	["5dfb7a158d16","1","4f6"]
3898	["5dfb7a158d51","1","4f6"]
3899	["5dfb7a158db5","1","4f6"]
3900	["5dfb7a158dcf","1","4f6"]
3901	["5dfb7a197250","1","4fa"]
3902	["5dfb7a158e0c","1","4f6"]
3903	["5dfb7a158e3b","1","4f6"]
3904	["5dfb7a165cdb","1","4fb"]
3905	["5dfb7a165d45","1","4fb"]
3906	["5dfb7a165da3","1","4fb"]
3907	["5dfb7a0c5cbc","1","4da"]
3908	["5dfb7a251d70","1","4fc"]
3909	["5dfb7a1ff4dc","1","4fd"]
3910	["5dfb7a251cb3","1","4fe"]
3912	["5dfb7a1ff511","1","4fd"]
3913	["5dfb7a1ff582","1","4fd"]
3919	["5dfb7a1ff61c","1","4ff"]
3920	["5dfb7a63e5a4","1","502"]
3921	["5dfb7a63ea94","1","503"]
3922	["5dfb7a63ec47","1","504"]
3923	["5dfb7a2006cd","1","505"]
3924	["5dfb7a1db911","1","506"]
3925	["5dfb7a200701","1","505"]
3926	["5dfb7a20095c","1","507"]
3927	["5dfb7a1ff671","1","4ff"]
3928	["5dfb7a1ffb68","1","508"]
3929	["5dfb7a1ffc05","1","508"]
3930	["5dfb7a200afc","1","509"]
3931	["5dfb7a0c5cd6","1","4da"]
3932	["5dfb7a158fe4","1","50a"]
3933	["5dfb7a158fec","1","50a"]
3934	["5dfb7a1922bf","1","50b"]
3935	["5dfb7a1922f3","1","50b"]
3936	["5dfb7a1926ae","1","50c"]
3937	["5dfb7a15908d","1","50a"]
3938	["5dfb7a1590ee","1","50a"]
3939	["5dfb7a159130","1","50a"]
3940	["5dfb7a159138","1","50a"]
3941	["5dfb7a15918e","1","50a"]
3942	["5dfb7a1591cd","1","50a"]
3943	["5dfb7a15920c","1","50a"]
3944	["5dfb7a159214","1","50a"]
3945	["5dfb7a159267","1","50a"]
3946	["5dfb7a15944c","1","50a"]
3947	["5dfb7a19ccf5","1","50d"]
3948	["5dfb7a141443","1","50e"]
3949	["5dfb7a19dd34","1","50f"]
3950	["5dfb7a1eca39","1","510"]
3951	["5dfb7a1414cf","1","50e"]
3952	["5dfb7a1fd1a9","1","511"]
3953	["5dfb7a14155b","1","50e"]
3954	["5dfb7a1415e7","1","50e"]
3955	["5dfb7a19ccff","1","50d"]
3956	["5dfb7a15945e","1","50a"]
3957	["5dfb7a15949e","1","50a"]
3958	["5dfb7a1594d9","1","50a"]
3961	["5dfb7a15951e","1","50a"]
3962	["5dfb7a159789","1","50a"]
3963	["5dfb7a159797","1","50a"]
3964	["5dfb7a1df5d4","1","513"]
3966	["5dfb7a19d477","1","514"]
3967	["5dfb7a19d77b","1","515"]
3969	["5dfb7a1940f2","1","516"]
3970	["5dfb7a194a99","1","517"]
3971	["5dfb7a0c5d29","1","4da"]
3974	["5dfb7a66c7cc","1","519"]
3975	["5dfb7a0c5d64","1","4da"]
3976	["5dfb7a0c5d72","1","4da"]
3977	["5dfb7a5019ea","1","51a"]
3978	["5dfb7a501a06","1","51a"]
3979	["5dfb7a501a1a","1","51a"]
3980	["5dfb7a501c23","1","51b"]
3981	["5dfb7a501a4e","1","51a"]
3982	["5dfb7a0c5db7","1","4da"]
3983	["5dfb7a995efc","1","51c"]
3984	["5dfb7a995fab","1","51c"]
3985	["5dfb7a99f82f","1","51d"]
3986	["5dfb7a99f971","1","51d"]
3987	["5dfb7a99cf38","1","51e"]
3988	["5dfb7a996011","1","51c"]
3989	["5dfb7a15a9a9","1","51f"]
3991	["5dfb7a0c5e4c","1","4da"]
3992	["5dfb7a0c5e5a","1","4da"]
3993	["5dfb7a0c60fb","1","4da"]
3994	["5dfb7a0c6129","1","4da"]
3996	["5dfb7a0c6189","1","4da"]
3997	["5dfb7a6443da","1","520"]
3998	["5dfb7a63f3d0","1","521"]
3999	["5dfb7a0aa3ec","1","522"]
4000	["5dfb7a6443e2","1","520"]
4002	["5dfb7a644599","1","523"]
4003	["5dfb7a63037e","1","524"]
4004	["5dfb7a63468b","1","525"]
4005	["5dfb7a1084bb","1","526"]
4006	["5dfb7a10845c","1","526"]
4009	["5dfb7a50477c","1","528"]
4011	["5dfb7a0c61d7","1","4da"]
4012	["5dfb7a6585d7","1","529"]
4013	["5dfb79f22b76","1","52a"]
4014	["5dfb7a6587c0","1","529"]
4015	["5dfb7a156ee9","1","52b"]
4016	["5dfb7a63084d","1","52c"]
4017	["5dfb7a637144","1","52d"]
4018	["5dfb7a62fe4e","1","52e"]
4019	["5dfb7a631d79","1","52f"]
4020	["5dfb7a19dfdc","1","530"]
4021	["5dfb7a19f3c3","1","531"]
4022	["5dfb7a19f651","1","532"]
4023	["5dfb7a1fcabf","1","533"]
4024	["5dfb7a1db3db","1","534"]
4025	["5dfb7a1db445","1","534"]
4026	["5dfb7a1f6f7d","1","535"]
4027	["5dfb7a1ea94f","1","536"]
4028	["5dfb7a1db536","1","534"]
4029	["5dfb7a1fc2aa","1","537"]
4030	["5dfb7a1f6fd7","1","538"]
4031	["5dfb7a1f7009","1","538"]
4032	["5dfb7a1db541","1","534"]
4033	["5dfb7a1db7e3","1","539"]
4034	["5dfb7a1dc1ef","1","53a"]
4035	["5dfb7a1dc314","1","53a"]
4036	["5dfb7a1dc578","1","53b"]
4037	["5dfb7a631e7f","1","52f"]
4038	["5dfb7a142b2b","1","53c"]
4044	["5dfb7a6587cc","1","529"]
4045	["5dfb7a63f2bf","1","53f"]
4046	["5dfb7a0c61ef","1","4da"]
4047	["5dfb7a0c6723","1","540"]
4048	["5dfb7a0cd721","1","541"]
4049	["5dfb7a0cd7f8","1","542"]
4050	["5dfb7a0cd90f","1","543"]
4051	["5dfb7a10e6f3","1","544"]
4052	["5dfb7a0cd86f","1","542"]
4053	["5dfb7a0c6447","1","4da"]
4054	["5dfb7a0c6460","1","4da"]
4056	["5dfb79ffe444","1","545"]
4058	["5dfb79fff436","1","546"]
4059	["5dfb7a000342","1","547"]
4063	["5dfb79ffc4d1","1","545"]
4064	["5dfb79f102cc","1","4b2"]
4065	["5dfb79f0f619","1","548"]
4066	["5dfb79f102df","1","4b2"]
4067	["5dfb79f0d7f9","1","549"]
4068	["5dfb79f0d7c9","1","54a"]
4069	["5dfb79f102e8","1","4b2"]
4070	["5dfb79e4e73c","1","498"]
4071	["5dfb79eb26c7","1","54b"]
4072	["5dfb79eb2815","1","54b"]
4073	["5dfb79eb46cb","1","54c"]
4074	["5dfb79e4e7fd","1","498"]
4075	["5dfb79e9ca66","1","54d"]
4076	["5dfb79e9cbfb","1","54d"]
4077	["5dfb79e9cc56","1","54d"]
4078	["5dfb79e708ef","1","54e"]
4079	["5dfb79e4e84a","1","498"]
4080	["5dfb79e4e8c1","1","498"]
4081	["5dfb79eb230b","1","54f"]
4082	["5dfb79e4e90e","1","498"]
4083	["5dfb79eb24eb","1","550"]
4084	["5dfb79e4e937","1","498"]
4085	["5dfb79e7ae35","1","551"]
4086	["5dfb79e4e99d","1","498"]
4087	["5dfb79f108a4","1","552"]
4088	["5dfb7a1060a5","1","553"]
4089	["5dfb79e4ebe0","1","498"]
4090	["5dfb79f1185a","1","554"]
4091	["5dfb79f7d6c8","1","555"]
4092	["5dfb79f7d220","1","556"]
4093	["5dfb7a23070a","1","557"]
4094	["5dfb7a24b54a","1","558"]
4095	["5dfb7a134b61","1","559"]
4096	["5dfb7a4558f9","1","55a"]
4097	["5dfb7a0c79c3","1","55b"]
4099	["5dfb7a24b58b","1","558"]
4100	["5dfb7a6460ba","1","55c"]
4102	["5dfb7a64933b","1","55d"]
4106	["5dfb7a6494d6","1","55e"]
4107	["5dfb7a63432b","1","560"]
4108	["5dfb7a62fdc4","1","52e"]
4112	["5dfb7a62ffc4","1","52e"]
4113	["5dfb7a630be7","1","564"]
4119	["5dfb7a636cdd","1","568"]
4120	["5dfb7a11e5eb","1","569"]
4121	["5dfb7a123adb","1","56a"]
4122	["5dfb7a123c57","1","56b"]
4131	["5dfb7a125706","1","571"]
4132	["5dfb7a19e323","1","572"]
4133	["5dfb7a1ebffc","1","573"]
4134	["5dfb7a1eb526","1","574"]
4144	["5dfb7a1449fc","1","57d"]
4145	["5dfb7a1eaecd","1","57e"]
4146	["5dfb7a144a2d","1","57d"]
4156	["5dfb7a4e2c8c","1","576"]
4157	["5dfb7a4b66e7","1","586"]
4183	["5dfb7a23072f","1","557"]
4184	["5dfb79f6d6aa","1","598"]
4185	["5dfb79f6d77c","1","598"]
4188	["5dfb7a23074b","1","557"]
4189	["5dfb7a24ab08","1","59a"]
4190	["5dfb7a9b39c9","1","59b"]
4191	["5dfb7a90e647","1","59c"]
4192	["5dfb7a90e546","1","59c"]
4193	["5dfb7a90e565","1","59c"]
4196	["5dfb7a9b3b1f","1","59b"]
4197	["5dfb7a0c7f28","1","59e"]
4198	["5dfb7a96b15e","1","59f"]
4199	["5dfb7a0c7f43","1","59e"]
4200	["5dfb7a0c801c","1","5a0"]
4206	["5dfb79e4ebfc","1","498"]
4207	["5dfb79e7d263","1","5a5"]
4210	["5dfb79e90248","1","5a7"]
4211	["5dfb79f7e455","1","5a8"]
4212	["5dfb7a1289a6","1","5a9"]
4213	["5dfb7a137f0c","1","5aa"]
4226	["5dfb7a10630d","1","553"]
4227	["5dfb7a10784c","1","5ae"]
4228	["5dfb79e4f004","1","498"]
4229	["5dfb79e5fa68","1","5af"]
4230	["5dfb79f72365","1","5b0"]
4231	["5dfb79f71f70","1","5b1"]
4232	["5dfb79f71adf","1","5b2"]
4382	["5dfb79f72009","1","5b1"]
4383	["5dfb7a12c82b","1","61c"]
4384	["5dfb79ff426a","1","61d"]
4385	["5dfb7a42d5e3","1","61e"]
4386	["5dfb7a42cfc8","1","61f"]
4390	["5dfb79ff4352","1","61d"]
4391	["5dfb79ff4391","1","61d"]
4392	["5dfb79e5fada","1","5af"]
4393	["5dfb79f6ffcc","1","622"]
4394	["5dfb7a0ab6d9","1","623"]
4395	["5dfb7a0ab03d","1","624"]
4396	["5dfb7b48df66","1","625"]
4397	["5dfb7b48e21b","1","626"]
4398	["5dfb7b490b53","1","627"]
4399	["5dfb7b6474c2","1","628"]
4400	["5dfb7b539b35","1","629"]
4401	["5dfb7a5fdf75","1","62a"]
4406	["5dfb7b55a1ae","1","62f"]
4449	["5dfb7b649b9b","1","648"]
4450	["5dfb7a614908","1","649"]
4472	["5dfb7b539a75","1","65d"]
4473	["5dfb79fb939e","1","65e"]
4474	["5dfb7a45693f","1","65f"]
4475	["5dfb7a456acf","1","660"]
4476	["5dfb7a457b97","1","661"]
4477	["5dfb7a457dd3","1","662"]
4492	["5dfb7b64869c","1","669"]
4493	["5dfb7a6133a3","1","66a"]
4494	["5dfb7a61480e","1","66b"]
4495	["5dfb7a0f7784","1","66c"]
4496	["5dfb7a6707f5","1","66d"]
4507	["5dfb7a67100b","1","66e"]
4509	["5dfb79f15dc9","1","674"]
4510	["5dfb79f13c49","1","675"]
4511	["5dfb79f2083e","1","676"]
4512	["5dfb79f2116f","1","677"]
4513	["5dfb79f216ee","1","678"]
4514	["5dfb79f2170f","1","678"]
4515	["5dfb79f20b0b","1","2c5"]
4516	["5dfb79f1673a","1","679"]
4525	["5dfb7a2538bf","1","67d"]
4526	["5dfb7a45692b","1","65f"]
4527	["5dfb79f962b7","1","67e"]
4528	["5dfb7a504a76","1","67f"]
4529	["5dfb7a504c38","1","680"]
4530	["5dfb7a505d92","1","681"]
4531	["5dfb7a127f13","1","682"]
4532	["5dfb7a11c5d9","1","683"]
4533	["5dfb7a12540a","1","684"]
4544	["5dfb7a671f46","1","67a"]
4569	["5dfb7a673c7d","1","68b"]
4570	["5dfb7a124b98","1","69f"]
4571	["5dfb7a141a5c","1","6a0"]
4572	["5dfb7a1db2fb","1","534"]
4573	["5dfb7a1dabde","1","6a1"]
4574	["5dfb7a1da96a","1","6a2"]
4575	["5dfb7a66cad5","1","6a3"]
4576	["5dfb7a10d989","1","6a4"]
4577	["5dfb7a10e4fa","1","6a5"]
4578	["5dfb7a1daa21","1","6a2"]
4579	["5dfb7a03f9de","1","6a6"]
4580	["5dfb7a03fa18","1","6a6"]
4581	["5dfb7a0413dd","1","6a7"]
4592	["5dfb7a12c7fc","1","61c"]
4595	["5dfb7a124c02","1","69f"]
4596	["5dfb7a03fe42","1","6ae"]
4597	["5dfb7a03fdf1","1","6af"]
4598	["5dfb7a03f5a0","1","6b0"]
4599	["5dfb7a0411ee","1","6b1"]
4600	["5dfb7a124e2c","1","69f"]
4601	["5dfb7a11e844","1","6b2"]
4602	["5dfb7a19c629","1","6b3"]
4623	["5dfb7a6722cf","1","67a"]
4628	["5dfb7a12532e","1","684"]
4645	["5dfb7b4919fc","1","6c3"]
4646	["5dfb7a0de384","1","6c4"]
4649	["5dfb7a0e14d9","1","6c5"]
4650	["7073d000049f","0"]
4651	["5dfb7b491ffe","1","6c7"]
4652	["5dfb7a60ea36","1","6c8"]
4653	["5dfb7a610908","1","6c9"]
4654	["5dfb79ff0509","1","6ca"]
4655	["5dfb79fee536","1","6cb"]
4657	["5dfb7a681bcf","1","6cc"]
4659	["5dfb7a683bdd","1","6cd"]
4661	["5dfb7ad2d838","1","6ce"]
4662	["5dfb7a66c3c1","1","6cf"]
4664	["5dfb7a66c48f","1","6cf"]
4665	["5dfb7a1da64d","1","6d0"]
4679	["5dfb7a681bf3","1","6cc"]
4680	["5dfb7a681cba","1","6d8"]
4681	["5dfb79fee89d","1","6cb"]
4682	["5dfb7a682830","1","6d9"]
4684	["7073d0000fbe","0"]
4685	["5dfb7a4b6826","1","586"]
4686	["5dfb7a4d81f6","1","6db"]
4687	["5dfb7a4d7be6","1","6dc"]
4688	["5dfb7a4d772f","1","6dd"]
4689	["5dfb7a119fac","1","6de"]
4690	["5dfb7a1ebee5","1","573"]
4691	["5dfb7a1ed6d0","1","6df"]
4692	["5dfb7a683807","1","6da"]
4693	["5dfb79fe5d8a","1","6e0"]
4694	["5dfb7a681f03","1","6e1"]
4703	["5dfb7a6852ca","1","6e2"]
4704	["5dfb7a686a60","1","6e8"]
4705	["5dfb7a689627","1","6e9"]
4708	["5dfb7a68a2d9","1","6ea"]
4709	["5dfb7a7447a4","1","6ec"]
4710	["5dfb7a744577","1","6ed"]
4711	["5dfb7ad31fc3","1","6ee"]
4712	["5dfb7accaca4","1","6ef"]
4713	["5dfb7b2fdc02","1","6f0"]
4714	["5dfb7b2fdc5e","1","6f1"]
4715	["5dfb7afbe3c8","1","6f2"]
4733	["5dfb7aa4bc0f","1","6ff"]
4753	["5dfb7a6866e7","1","6e2"]
4822	["5dfb7a6149eb","1","649"]
4829	["5dfb7a6ee4d7","1","70c"]
4835	["5dfb7a6f05a9","1","744"]
4843	["5dfb7a6838cd","1","6da"]
4844	["5dfb7b490be9","1","627"]
4845	["5dfb7a61304d","1","74c"]
4846	["5dfb7a0f5fe5","1","74d"]
4855	["5dfb7a682ab3","1","74e"]
4895	["5dfb7b641e80","1","76c"]
4902	["5dfb7a5f77bd","1","772"]
4903	["5dfb7a4e1077","1","773"]
4904	["5dfb7a4e13e0","1","774"]
4908	["5dfb79f11428","1","776"]
4909	["5dfb79f7763c","1","777"]
4910	["5dfb7a5f7829","1","778"]
4912	["5dfb79f7ba59","1","779"]
4913	["5dfb7a0aa8e7","1","77a"]
4929	["5dfb79f6e410","1","783"]
4931	["5dfb79f6e733","1","784"]
4942	["5dfb79e4f105","1","498"]
4943	["5dfb79e4923f","1","78a"]
4947	["5dfb79e492b2","1","78a"]
4948	["5dfb79e492d2","1","78a"]
4949	["5dfb79e6cb79","1","78d"]
4950	["5dfb79f09f07","1","78e"]
4951	["5dfb79f0b72b","1","78f"]
4952	["5dfb79f09305","1","790"]
4953	["5dfb79e6cb92","1","78d"]
4954	["5dfb79e4f1c3","1","498"]
4955	["5dfb79e3e8e6","1","791"]
4956	["5dfb79e75867","1","792"]
4957	["5dfb79e758ec","1","792"]
4958	["5dfb79e3e916","1","791"]
4959	["5dfb79e75fbd","1","793"]
4960	["5dfb79e76029","1","793"]
4961	["5dfb79e3e960","1","791"]
4962	["5dfb79e3e999","1","791"]
4963	["5dfb79e43533","1","794"]
4964	["5dfb79e4f20c","1","498"]
4966	["5dfb79e50158","1","498"]
4968	["5dfb79e62714","1","795"]
4969	["5dfb79e569cf","1","796"]
4970	["5dfb79e5019a","1","498"]
4980	["5dfb79e2af25","1","797"]
4981	["5dfb79e2b05b","1","797"]
4982	["5dfb79e80184","1","79c"]
4983	["5dfb79e65ce2","1","79d"]
4984	["5dfb79e6c897","1","79e"]
4985	["5dfb79e2b155","1","797"]
4986	["5dfb79e7eb7e","1","79f"]
4987	["5dfb79e80461","1","7a0"]
4988	["5dfb79e66262","1","7a1"]
4989	["5dfb79e7eba9","1","79f"]
4990	["5dfb79e59019","1","7a2"]
4991	["5dfb79e7ec83","1","79f"]
4992	["5dfb79e82ea4","1","7a3"]
4993	["5dfb79e68192","1","7a4"]
4994	["5dfb79e82933","1","7a3"]
4995	["5dfb79e82e88","1","7a3"]
4996	["5dfb79e67572","1","7a5"]
4997	["5dfb79e7eceb","1","79f"]
4998	["5dfb79e59169","1","7a6"]
4999	["5dfb79e2b170","1","797"]
5000	["5dfb79e39a5a","1","7a7"]
5001	["5dfb79e80f80","1","7a8"]
5002	["5dfb79f08d62","1","7a9"]
5003	["5dfb79e501b3","1","498"]
5004	["5dfb79e39131","1","7aa"]
5005	["5dfb79f70eb1","1","7ab"]
5006	["5dfb7a513399","1","7ac"]
5007	["5dfb79e105a6","1","7ad"]
5008	["5dfb79e4286a","1","7ae"]
5009	["5dfb79e7a53c","1","7af"]
5010	["5dfb79e42884","1","7ae"]
5011	["5dfb79e822c4","1","7b0"]
5075	["5dfb79e503fd","1","498"]
5076	["5dfb7b65ff00","1","7d3"]
5077	["5dfb7b4913f9","1","76d"]
5078	["5dfb7b5263b8","1","7d4"]
5079	["5dfb7b5fbf11","1","7d5"]
5080	["5dfb7b48d525","1","7d6"]
5081	["5dfb79fa48a2","1","7d7"]
5082	["5dfb79fa5139","1","7d8"]
5083	["5dfb7a306980","1","7d9"]
5084	["5dfb7a154eb2","1","7da"]
5085	["5dfb7a306a2d","1","7d9"]
5086	["5dfb79fa4fd7","1","7d8"]
5087	["5dfb79fa5009","1","7d8"]
5088	["5dfb7a4060b9","1","7db"]
5111	["5dfb79e504a3","1","498"]
5113	["5dfb7b6a4c88","1","7ec"]
5115	["5dfb79e3df91","1","7eb"]
5121	["5dfb79e3cccf","1","7ed"]
5122	["5dfb79e7ea5f","1","79f"]
5123	["5dfb79e77736","1","7f0"]
5125	["5dfb79e39b00","1","7a7"]
5126	["5dfb79f12378","1","7f1"]
5127	["5dfb79f70b16","1","7f2"]
5128	["5dfb7a4c6951","1","7f3"]
5130	["5dfb7a4fb212","1","7f4"]
5131	["5dfb7a4fa4d4","1","7f5"]
5144	["5dfb7a4fc4b4","1","7fc"]
5149	["5dfb79e50c1f","1","498"]
5150	["5dfb79e83c44","1","7ff"]
5151	["5dfb79ea76ca","1","800"]
5152	["5dfb79ea771b","1","800"]
5153	["5dfb79e83bef","1","7ff"]
5164	["5dfb79e8fb0f","1","803"]
5165	["5dfb79e3f63b","1","804"]
5184	["5dfb79e8af0f","1","801"]
5185	["5dfb79e32fe7","1","80f"]
5199	["5dfb79e8acf7","1","801"]
5228	["5dfb79e3c71e","1","7ed"]
5231	["5dfb79e3ca5f","1","7ed"]
5239	["5dfb79eb5bff","1","805"]
5287	["5dfb7a1377b0","1","6ad"]
5288	["5dfb7a1246d3","1","83a"]
5289	["5dfb7a19e097","1","530"]
5290	["5dfb7a194307","1","83b"]
5291	["5dfb7a1df9c1","1","83c"]
5294	["5dfb7a661e7c","1","83e"]
5295	["5dfb7a6617e2","1","83f"]
5297	["5dfb7a6623a0","1","840"]
5298	["5dfb7a662608","1","841"]
5299	["5dfb7a1df735","1","83d"]
5300	["5dfb79f1ae96","1","842"]
5301	["5dfb79f1c7ce","1","843"]
5302	["5dfb79f1c7ef","1","843"]
5303	["5dfb7a1df9de","1","83c"]
5304	["5dfb7a194179","1","844"]
5306	["5dfb7a195060","1","845"]
5307	["5dfb7a1951a8","1","846"]
5341	["5dfb79e8a112","1","801"]
5345	["5dfb7a4fcb3b","1","7fd"]
5346	["5dfb7a4fd282","1","855"]
5347	["5dfb7a0abaa9","1","856"]
5348	["5dfb7a0ab9b0","1","857"]
5349	["5dfb7b4d680a","1","858"]
5350	["5dfb7a4fc902","1","7fd"]
5462	["5dfb7b634a48","1","897"]
5463	["5dfb7b4e426e","1","898"]
5464	["5dfb7b592444","1","899"]
5465	["5dfb7b5932f7","1","89a"]
5466	["5dfb79fb4fe7","1","89b"]
5467	["5dfb7a42f04a","1","89c"]
5468	["5dfb7a4f69a9","1","89d"]
5469	["5dfb7a12849a","1","89e"]
5470	["5dfb7a124827","1","83a"]
5471	["5dfb7a142dab","1","53c"]
5472	["5dfb7a14e174","1","89f"]
5473	["5dfb7aa4ed2a","1","8a0"]
5474	["5dfb7a161dbe","1","8a1"]
5475	["5dfb7a1620be","1","8a2"]
5476	["5dfb7a1501be","1","8a3"]
5477	["5dfb7a1620ce","1","8a2"]
5478	["5dfb7a14c889","1","8a4"]
5483	["5dfb7a162266","1","8a2"]
5484	["5dfb7a151c69","1","8a7"]
5485	["5dfb7a152951","1","8a8"]
5502	["5dfb7a20af4b","1","8a9"]
5503	["5dfb7a20efda","1","8af"]
5504	["5dfb7a20f20f","1","8b0"]
5513	["5dfb7a20b36d","1","8a9"]
5514	["5dfb79f163a2","1","8b4"]
5516	["5dfb79f15f55","1","8b5"]
5517	["5dfb7a202e5e","1","8b6"]
5518	["5dfb7a2030f7","1","8b7"]
5519	["5dfb7a208e22","1","8b8"]
5521	["5dfb7a203128","1","8b7"]
5544	["5dfb79304661","1","483"]
5545	["5dfb793046a4","1","483"]
5546	["5dfb792df8d9","1","8c4"]
5547	["5dfb793046f0","1","483"]
5548	["5dfb792e0a15","1","8c5"]
5549	["5dfb7a1567ba","1","8c6"]
5550	["5dfb7a160550","1","8c7"]
5554	["5dfb792057d9","1","471"]
5555	["5dfb791d690e","1","8c9"]
5556	["5dfb791d4e57","1","8ca"]
5557	["5dfb791d6a24","1","8c9"]
5559	["5dfb792b00e9","1","8cb"]
5560	["5dfb791c9792","1","8cc"]
5561	["5dfb79205889","1","471"]
5562	["5dfb791d6e04","1","8cd"]
5563	["5dfb79205967","1","471"]
5564	["5dfb791d71e4","1","8ce"]
5565	["5dfb79205a17","1","471"]
5566	["5dfb791d75c4","1","8cf"]
5567	["5dfb791d760d","1","8cf"]
5568	["5dfb79205a9c","1","471"]
5569	["5dfb7929e92e","1","8d0"]
5570	["5dfb791c8ccd","1","8d1"]
5571	["5dfb7b699387","1","8d2"]
5572	["5dfb791c8ebf","1","8d1"]
5573	["5dfb791cf509","1","8d3"]
5574	["5dfb7926445b","1","8d4"]
5575	["5dfb79262658","1","8d5"]
5576	["5dfb791d39b4","1","8d6"]
5578	["5dfb792a374a","1","8d7"]
5580	["5dfb7929f3f7","1","8d8"]
5581	["5dfb7924d115","1","8d9"]
5585	["5dfb791d5154","1","8da"]
5600	["5dfb791d5268","1","8da"]
5602	["5dfb7929f553","1","8e1"]
5603	["5dfb79e4d3e9","1","8e2"]
5716	["5dfb791d52a7","1","8da"]
5728	["5dfb79206093","1","471"]
5729	["5dfb793100fe","1","8ff"]
5730	["5dfb7930bf4e","1","900"]
5731	["5dfb7930ad01","1","901"]
5732	["5dfb792e491f","1","902"]
5733	["5dfb792e2d96","1","903"]
5734	["5dfb792e4548","1","904"]
5735	["5dfb792d5e00","1","905"]
5736	["5dfb792dd51e","1","906"]
5737	["5dfb792f2d0a","1","907"]
5741	["5dfb792f0560","1","908"]
5744	["5dfb792f096a","1","908"]
5750	["5dfb792f0a20","1","908"]
5752	["5dfb79e9003b","1","90a"]
5753	["5dfb79311e8d","1","90b"]
5754	["5dfb792f8789","1","90c"]
5755	["5dfb7b6a4cdc","1","7ec"]
5758	["5dfb7b6ab30d","1","90f"]
5759	["5dfb7b6b0983","1","910"]
5761	["5dfb792f897c","1","90c"]
5762	["5dfb792f89c3","1","90c"]
5763	["5dfb792e3e79","1","911"]
5764	["5dfb792f0a42","1","908"]
5765	["5dfb792f2496","1","912"]
5771	["5dfb792f0f04","1","908"]
5772	["5dfb792f7bf0","1","915"]
5773	["5dfb792f7c5d","1","915"]
5774	["5dfb792e3beb","1","916"]
5775	["5dfb792d9ce5","1","917"]
5776	["5dfb792f0f1e","1","908"]
5777	["5dfb79e5376d","1","918"]
5781	["5dfb79e360a8","1","919"]
5782	["5dfb79f8105a","1","91a"]
5783	["5dfb7a0ab7ac","1","91b"]
5784	["5dfb7b5bd033","1","91c"]
5785	["5dfb7b4c0d04","1","91d"]
5786	["5dfb7a0f3147","1","91e"]
5787	["5dfb792f0f60","1","908"]
5788	["5dfb792ee6bb","1","91f"]
5797	["5dfb792dd333","1","920"]
5812	["5dfb79eb0a4d","1","806"]
5813	["5dfb7b6affae","1","90d"]
5814	["5dfb7b6aa708","1","90e"]
5815	["5dfb7b6aa541","1","90e"]
5887	["5dfb7a6134c7","1","959"]
5888	["5dfb7a12597a","1","95a"]
5894	["5dfb7b56f315","1","95f"]
5897	["5dfb79e4a60f","1","921"]
5898	["5dfb79f13473","1","960"]
5899	["5dfb7a1df80a","1","961"]
5904	["5dfb7a202fbf","1","8b6"]
5905	["5dfb7a20f31d","1","8b0"]
5910	["5dfb7a208698","1","8b9"]
5913	["5dfb7a20db2b","1","965"]
5914	["5dfb7a21992d","1","967"]
5915	["5dfb7a212285","1","968"]
5918	["5dfb7a1c0dbc","1","96a"]
5919	["5dfb7a20cb53","1","965"]
5920	["5dfb7a215362","1","96b"]
5921	["5dfb7a2198e2","1","967"]
5930	["5dfb79f1ab38","1","971"]
5931	["5dfb79f1d685","1","972"]
5944	["5dfb79f7b063","1","929"]
6005	["5dfb792eef4d","1","908"]
6008	["5dfb792ef39d","1","908"]
6010	["5dfb792ef552","1","908"]
6012	["5dfb79e8ff6b","1","990"]
6017	["5dfb792ef707","1","908"]
6039	["5dfb792064ad","1","471"]
6040	["5dfb79245e69","1","99b"]
6043	["5dfb79245e33","1","99b"]
6045	["5dfb7925afa4","1","99d"]
6086	["5dfb791af536","1","224"]
6087	["5dfb791adde2","1","9b8"]
6088	["5dfb7b7ed0c9","1","9b9"]
6092	["5dfb7915bbc7","1","222"]
6159	["5dfb790eb5b0","1","9bb"]
6160	["5dfb79221302","1","9d3"]
6163	["5dfb7b6c4ebc","1","9d6"]
6164	["5dfb7b6c47bc","1","9d7"]
6167	["5dfb79279169","1","9d9"]
6169	["5dfb7b6c49ae","1","9d8"]
6172	["5dfb7925b741","1","9da"]
6173	["5dfb7b6b20e9","1","9db"]
6174	["5dfb7b6b219c","1","4a4"]
6181	["5dfb79211254","1","9de"]
6193	["5dfb7922cc13","1","9d4"]
6195	["5dfb7921747a","1","9e1"]
6199	["5dfb79228b52","1","9e2"]
6200	["5dfb7922cc3d","1","9d4"]
6202	["5dfb79228255","1","9e2"]
6209	["5dfb7923081c","1","9d4"]
6211	["5dfb792213ac","1","9d3"]
6213	["5dfb792c25c2","1","9e4"]
6214	["5dfb792c25fa","1","9e4"]
6215	["5dfb792222ed","1","9e5"]
6216	["5dfb79222384","1","9e5"]
6217	["5dfb792223c3","1","9e5"]
6221	["5dfb79254636","1","9e7"]
6222	["5dfb7921d036","1","9e3"]
6225	["5dfb7921d1fc","1","9e3"]
6226	["5dfb792c1fd9","1","9e8"]
6227	["5dfb792c200a","1","9e8"]
6228	["5dfb79225ecb","1","9e9"]
6229	["5dfb79225f44","1","9e9"]
6231	["5dfb792c2455","1","9ea"]
6232	["5dfb792c248a","1","9ea"]
6233	["5dfb792335da","1","9eb"]
6234	["5dfb79233696","1","9eb"]
6235	["5dfb792336d8","1","9eb"]
6240	["5dfb7921d471","1","9e3"]
6241	["5dfb792c2140","1","9ec"]
6242	["5dfb792c21a8","1","9ec"]
6243	["5dfb7921d510","1","9e3"]
6244	["5dfb7921d5f8","1","9e3"]
6245	["5dfb7921d657","1","9e3"]
6247	["5dfb792c2da0","1","9ed"]
6248	["5dfb792c2e12","1","9ed"]
6259	["5dfb79207134","1","471"]
6276	["5dfb7921010d","1","9fb"]
6287	["5dfb7920e2ab","1","9f1"]
6289	["5dfb7920ba4d","1","9fd"]
6291	["5dfb7920b5b4","1","9fd"]
6293	["5dfb7920bd33","1","9fd"]
6294	["5dfb7a45ee68","1","587"]
6295	["5dfb7a13027d","1","9ff"]
6297	["5dfb79210076","1","9fb"]
6298	["5dfb7921028b","1","a00"]
6299	["5dfb79f7e1a3","1","a01"]
6300	["5dfb7a12720c","1","a02"]
6301	["5dfb7a11d147","1","a03"]
6305	["5dfb7a157075","1","52b"]
6306	["5dfb79f85516","1","a05"]
6307	["5dfb7a156e42","1","a06"]
6308	["5dfb7a2153ad","1","96b"]
6309	["5dfb7920b51e","1","9fd"]
6310	["5dfb7920bb30","1","9fd"]
6311	["5dfb7920b47e","1","9fd"]
6312	["5dfb7920b785","1","9fd"]
6313	["5dfb7920b1ce","1","9fd"]
6314	["5dfb7a1301d2","1","9ff"]
6315	["5dfb7a11a300","1","a07"]
6317	["5dfb7a21224d","1","968"]
6318	["5dfb7920b2a5","1","9fd"]
6337	["5dfb7920be59","1","9fd"]
6338	["5dfb79f11448","1","a0b"]
6339	["5dfb79f7787c","1","a0c"]
6340	["5dfb7a4e26c4","1","a0d"]
6341	["5dfb7a4635df","1","a0e"]
6342	["5dfb7a3699dc","1","a0f"]
6346	["5dfb7a4b632f","1","a10"]
6349	["5dfb7920e65e","1","9f1"]
6350	["5dfb7a5f775c","1","772"]
6351	["5dfb7a5f6940","1","a11"]
6352	["5dfb7a504cf4","1","680"]
6371	["5dfb792072a6","1","471"]
6372	["5dfb7929e54e","1","a18"]
6373	["5dfb791c7f3f","1","a19"]
6374	["5dfb791ce609","1","a1a"]
6375	["5dfb792639db","1","a1b"]
6376	["5dfb79260458","1","a1c"]
6377	["5dfb791d3435","1","a1d"]
6379	["5dfb792a272a","1","a1e"]
6390	["5dfb791d7d25","1","a21"]
6401	["5dfb7a4e2039","1","668"]
6404	["5dfb79207406","1","471"]
6405	["5dfb793102e3","1","a27"]
6406	["5dfb7930c0ce","1","a28"]
6407	["5dfb7930b0e9","1","a29"]
6408	["5dfb792e4bec","1","a2a"]
6409	["5dfb792e3030","1","a2b"]
6410	["5dfb792e4728","1","a2c"]
6411	["5dfb792d6426","1","a2d"]
6412	["5dfb792dd6d5","1","a2e"]
6413	["5dfb792f30ed","1","a2f"]
6414	["5dfb792eea15","1","a30"]
6415	["5dfb792dd8c3","1","a31"]
6429	["5dfb79207a82","1","471"]
6430	["5dfb7929e24e","1","a3b"]
6431	["5dfb791c738f","1","a3c"]
6432	["5dfb791cda99","1","a3d"]
6433	["5dfb792631db","1","a3e"]
6434	["5dfb7925e9b8","1","a3f"]
6437	["5dfb792a173a","1","a41"]
6451	["5dfb79207df6","1","471"]
6463	["5dfb7b483934","1","a4f"]
6465	["5dfb7a15b791","1","a50"]
6468	["5dfb7b5557d6","1","a52"]
6491	["5dfb79207f86","1","471"]
6492	["5dfb7920fdad","1","a61"]
6493	["5dfb7920fdc3","1","a61"]
6494	["5dfb7920fdec","1","a61"]
6495	["5dfb7920fe7a","1","a61"]
6503	["5dfb79220694","1","a62"]
6505	["5dfb792209b3","1","a62"]
6508	["5dfb7925b0eb","1","a64"]
6511	["5dfb791d2fc5","1","a40"]
6513	["5dfb791d33f4","1","a1d"]
6514	["5dfb7915abf6","1","222"]
6515	["5dfb790ed7ba","1","a66"]
6516	["5dfb792aaba3","1","a67"]
6517	["5dfb79202d2b","1","a68"]
6520	["5dfb7920362b","1","a69"]
6521	["5dfb792226e4","1","a6b"]
6522	["5dfb79222767","1","a6b"]
6523	["5dfb7922279c","1","a6b"]
6524	["5dfb79218c39","1","a6c"]
6525	["5dfb792be8f4","1","a6d"]
6526	["5dfb792be971","1","a6d"]
6527	["5dfb792bea3e","1","a6d"]
6531	["5dfb7915aee6","1","222"]
6532	["5dfb790f007a","1","a6e"]
6533	["5dfb790f008e","1","a6e"]
6534	["5dfb790f00a7","1","a6e"]
6535	["5dfb79126150","1","12f"]
6536	["5dfb7912616e","1","12f"]
6537	["5dfb791261d1","1","12f"]
6538	["5dfb790680f6","1","12b"]
6539	["5dfb7906892a","1","12b"]
6540	["5dfb79068956","1","12b"]
6549	["5dfb79221387","1","9d3"]
6550	["5dfb7921e7bb","1","a6f"]
6556	["5dfb79207378","1","471"]
6557	["5dfb7929e641","1","a73"]
6558	["5dfb791c831f","1","a74"]
6559	["5dfb791ce9c9","1","a75"]
6560	["5dfb79263c7b","1","a76"]
6561	["5dfb79260c57","1","a77"]
6562	["5dfb791d3564","1","a78"]
6564	["5dfb792a06a1","1","a79"]
6566	["5dfb79f7bb0b","1","779"]
6567	["5dfb7a0c7e3b","1","a7a"]
6568	["5dfb7a0f3a21","1","a7b"]
6569	["5dfb7a0f3bc2","1","a7c"]
6570	["5dfb7a0abb18","1","a7d"]
6571	["5dfb7a0ab010","1","624"]
6572	["5dfb7b48e166","1","a7e"]
6573	["5dfb7b4c0fd6","1","a7f"]
6574	["5dfb7b5bc074","1","a80"]
6575	["5dfb7b4d307a","1","a81"]
6648	["5dfb7b52583e","1","aa6"]
6649	["5dfb7a621045","1","aa7"]
6650	["5dfb7a10803b","1","aa8"]
6679	["5dfb792a0729","1","a79"]
6680	["5dfb79e4a2cf","1","8e3"]
6682	["5dfb79e4d36e","1","aba"]
6703	["5dfb79207d22","1","471"]
6722	["5dfb790e84d4","1","9bb"]
6723	["5dfb792a961d","1","ad1"]
6724	["5dfb792a95a8","1","ad1"]
6726	["5dfb790e8ae2","1","9bb"]
6729	["5dfb790f23c7","1","ad2"]
6734	["5dfb7b741cca","1","ad3"]
6735	["5dfb7b740a6c","1","ad5"]
6736	["5dfb7b73e1f6","1","ad6"]
6737	["5dfb7b76fa52","1","ad7"]
6738	["5dfb7b76dac4","1","ad8"]
6739	["5dfb7921ea2c","1","a6f"]
6740	["5dfb7921f0db","1","a6f"]
6742	["5dfb791d35a5","1","a78"]
6749	["5dfb7b73b4de","1","2a3"]
6750	["5dfb791af7bf","1","224"]
6751	["5dfb791c04ca","1","ada"]
6752	["5dfb791af823","1","224"]
6753	["5dfb791c664c","1","adb"]
6755	["5dfb791bd0b8","1","adc"]
6756	["5dfb791c1853","1","add"]
6757	["5dfb791c6683","1","adb"]
6758	["5dfb791c672f","1","adb"]
6759	["5dfb791bd52f","1","ade"]
6760	["5dfb791bd5bd","1","ade"]
6762	["5dfb7921e025","1","a6f"]
6763	["5dfb7921e09b","1","a6f"]
6764	["5dfb792c3064","1","adf"]
6765	["5dfb792c30bb","1","adf"]
6779	["5dfb79246721","1","a65"]
6780	["5dfb7929f654","1","8e1"]
6781	["5dfb7a1570fa","1","52b"]
6782	["5dfb7a0f3ead","1","ae5"]
6783	["5dfb7a20cbdf","1","965"]
6784	["5dfb7a214f12","1","ae6"]
6785	["5dfb7a20bf1e","1","8a9"]
6786	["5dfb7a155e9a","1","ae7"]
6787	["5dfb7a1ebbf2","1","ae8"]
6788	["5dfb7a1eb40b","1","ae9"]
6789	["5dfb7a1f8e43","1","aea"]
6790	["5dfb7a1f8ec2","1","aeb"]
6791	["5dfb7a1fb92e","1","aec"]
6809	["5dfb7921e82c","1","a6f"]
6810	["5dfb7921e90e","1","a6f"]
6813	["5dfb7920bc04","1","9fd"]
6814	["5dfb7920e49c","1","9f1"]
6815	["7073d0048909","0"]
6818	["5dfb7b5674d4","1","a4e"]
6820	["5dfb79e56758","1","abb"]
6822	["5dfb7a1ded7a","1","af6"]
6827	["5dfb79246001","1","99e"]
6918	["5dfb7920b8e4","1","9fd"]
6919	["5dfb79f7f0ef","1","b21"]
6920	["5dfb7a1324f2","1","b22"]
6925	["5dfb7a12578d","1","571"]
6928	["5dfb7b779bc8","1","21e"]
6929	["5dfb7b733dcd","1","226"]
6930	["7073d004b353","0"]
6960	["5dfb790ec8ac","1","9bb"]
6961	["5dfb792001d4","1","b35"]
6969	["7073d004eb93","0"]
6970	["5dfb79208200","1","471"]
6976	["5dfb7921ebe8","1","a6f"]
7005	["5dfb792dd93b","1","a31"]
7084	["5dfb7920f3c4","1","9f1"]
7250	["5dfb7a19ea02","1","bd3"]
7252	["5dfb7a196ca1","1","bd4"]
7281	["7073d0007013","0"]
7282	["7073d0048ed0","0"]
7283	["7073d00552cf","0"]
7316	["5dfb7b4920fe","1","bea"]
7317	["5dfb7a60eab6","1","beb"]
7318	["5dfb79feeb50","1","6cb"]
7320	["5dfb7ad44016","1","bec"]
7323	["5dfb7ad39af2","1","bed"]
7324	["5dfb7ad39cad","1","bef"]
7352	["5dfb79fef20b","1","6cb"]
7353	["5dfb7a04442c","1","bfb"]
7354	["5dfb7a04369c","1","bfc"]
7355	["5dfb7a04592e","1","bfd"]
7356	["5dfb7a04594f","1","bfd"]
7359	["5dfb7a044a73","1","bfe"]
7360	["5dfb7a04358d","1","bff"]
7392	["5dfb7ad3c3de","1","c00"]
7453	["5dfb7ad3ceda","1","c17"]
7463	["5dfb7ad3df8e","1","c3a"]
7653	["5dfb7a0435bf","1","bff"]
7654	["5dfb7a0438de","1","cba"]
7655	["5dfb7a0f5d8e","1","74d"]
7656	["5dfb7a044057","1","cbb"]
7657	["5dfb79ff338e","1","cbc"]
7658	["5dfb7ad3d20d","1","cbd"]
7659	["5dfb7ad3d561","1","cbe"]
7661	["5dfb7ad67fbd","1","cbf"]
7662	["5dfb7ae765a3","1","cc0"]
7667	["5dfb7a196e89","1","cc2"]
7668	["5dfb7a14e8bd","1","cc3"]
7669	["5dfb7a197ba3","1","cc4"]
7670	["5dfb7a197f0d","1","cc5"]
7671	["5dfb7a1a0442","1","cc6"]
7702	["5dfb7a19818a","1","cc5"]
7704	["5dfb7a17abc5","1","cd3"]
7706	["5dfb7a1982d2","1","cc5"]
7707	["5dfb7a110826","1","cd4"]
7708	["5dfb7aa33e98","1","cd5"]
7709	["5dfb7a110700","1","cd6"]
7710	["5dfb7aa33f0c","1","cd5"]
7711	["5dfb7aa34033","1","cd7"]
7712	["5dfb7aa351a0","1","cd8"]
7725	["5dfb7a111ec7","1","cdf"]
7730	["5dfb7a19832e","1","cc5"]
7731	["5dfb7a143c4a","1","ce1"]
7734	["5dfb7a143c5b","1","ce1"]
7735	["5dfb7a143c74","1","ce1"]
7736	["5dfb7a143c80","1","ce1"]
7737	["5dfb7a143c99","1","ce1"]
7741	["5dfb7a143ca5","1","ce1"]
7744	["5dfb7a143cbe","1","ce1"]
7748	["5dfb7a196ef6","1","cc2"]
7818	["5dfb7a151c46","1","8a7"]
7819	["5dfb7a1524b8","1","cf5"]
7832	["5dfb7a1a174c","1","cf6"]
7833	["5dfb7a1a2d65","1","cff"]
7834	["5dfb7a502571","1","d00"]
7860	["5dfb7a1a179d","1","cf6"]
7861	["5dfb7a1a4e58","1","d08"]
7862	["5dfb7a1c0723","1","d09"]
7863	["5dfb7a2240d5","1","d0a"]
7864	["5dfb7a1a4e8b","1","d08"]
7865	["5dfb7a1a4efb","1","d08"]
7866	["5dfb7a1a17a5","1","cf6"]
7867	["5dfb7a1a52e4","1","d0b"]
7868	["5dfb7a1ba116","1","d0c"]
7869	["5dfb7a1c38ec","1","d0d"]
7870	["5dfb7a1a5423","1","d0b"]
7873	["5dfb7a1bcb88","1","d0e"]
7882	["5dfb7a1bd0ba","1","d0e"]
7883	["5dfb7a1ced97","1","d11"]
7884	["5dfb7a1ba443","1","d12"]
7893	["5dfb7a1ca4a5","1","d16"]
7914	["5dfb7a1a629b","1","d1f"]
7916	["5dfb7a2224da","1","d20"]
7917	["5dfb7a229aa2","1","d21"]
7918	["5dfb7a22251b","1","d20"]
7920	["5dfb7a151f3c","1","8a7"]
7921	["5dfb7a110e15","1","d22"]
7922	["5dfb7aa3def7","1","d23"]
7927	["5dfb7aa4071a","1","d26"]
7928	["5dfb7aa3e5b4","1","d23"]
7929	["5dfb7aa407a0","1","d26"]
7930	["5dfb79f1ad03","1","d27"]
7932	["5dfb7aa3e67b","1","d23"]
7934	["5dfb7aa40aab","1","d28"]
7935	["5dfb7aa407d1","1","d26"]
8188	["5dfb79220bba","1","ac7"]
8189	["5dfb79224e24","1","d50"]
8192	["5dfb790f2cc9","1","ad2"]
8193	["5dfb790f4961","1","d51"]
8194	["5dfb790f497a","1","d51"]
8195	["5dfb7916c40b","1","d52"]
8196	["5dfb79131f59","1","d53"]
8201	["5dfb790f5040","1","d51"]
8207	["5dfb791772b0","1","d54"]
8253	["5dfb7921e228","1","a6f"]
8254	["5dfb7921e2d3","1","a6f"]
8277	["5dfb7a10e9d9","1","d70"]
8566	["5dfb7a3ec50e","1","620"]
8687	["5dfb7a1a0e87","1","cc7"]
8709	["5dfb7a1cef57","1","d11"]
8710	["5dfb7a1ba71f","1","d13"]
8711	["5dfb7a1bc240","1","e2e"]
8714	["5dfb7a1ca441","1","d16"]
8719	["5dfb7a1c6b42","1","d1a"]
8736	["5dfb7a1a58f9","1","d0b"]
8737	["5dfb7a1ba278","1","e35"]
8738	["5dfb7a1dafc2","1","e36"]
8739	["5dfb7a66cb89","1","e37"]
8740	["5dfb7a10dc55","1","e38"]
8745	["7073d00a5dbc","0"]
8749	["7073d00924d3","0"]
8750	["7073d0094bd3","0"]
8755	["7073d00a9cc4","0"]
8773	["5dfb79209627","1","b64"]
8774	["7073d0092a34","0"]
8777	["7073d009225a","0"]
8779	["7073d00a97e9","0"]
8780	["7073d009f660","0"]
8781	["7073d00ac951","0"]
8871	["7073d008f22e","0"]
8898	["7073d009c011","0"]
8944	["7073d009c857","0"]
8949	["7073d009c601","0"]
9016	["7073d009db61","0"]
9017	["7073d009295c","0"]
9020	["5dfb7a125b69","1","95a"]
