string_id	utf8_bytes	text_json
0	0	""
1	69	"/home/acfrazier/274bot-campaign/calibration-c0709ab-incoming/tui-play"
8	31	"/lib/x86_64-linux-gnu/libc.so.6"
9	27	"/lib64/ld-linux-x86-64.so.2"
11	36	"/lib/x86_64-linux-gnu/libstdc++.so.6"
13	6	"_start"
14	17	"__libc_start_main"
15	4	"main"
16	48	"_RNvNtCs6ZjlLoI6YmX_3std2rt19lang_start_internal"
24	92	"_RNvNtNtNtNtNtCs6ZjlLoI6YmX_3std3sys3pal4unix14stack_overflow11thread_info16set_current_info"
25	91	"_RNCINvNtCs6ZjlLoI6YmX_3std2rt10lang_startNtNtB6_7process8ExitCodeE0Cs4LgEStMLG6c_8tui_play"
26	126	"_RINvNtNtCs6ZjlLoI6YmX_3std3sys9backtrace28___rust_begin_short_backtraceFENtNtB6_7process8ExitCodeB19_ECs4LgEStMLG6c_8tui_play"
27	33	"_RNvNtCsh45fz8A1of3_3tui3bin4main"
28	40	"_RNvNtCsh45fz8A1of3_3tui3bin10parse_args"
32	40	"_RNvNvNtCs6ZjlLoI6YmX_3std3env3var5inner"
33	48	"_RNvNtNtNtCs6ZjlLoI6YmX_3std3sys3env4unix6getenv"
34	54	"_RNCNvNtNtNtCs6ZjlLoI6YmX_3std3sys3env4unix6getenv0B9_"
35	50	"_RNvNtCs8BNLh0y6PrD_6script12isolated_env8bot_file"
36	50	"_RNvNtCs8BNLh0y6PrD_6script12isolated_env8bot_home"
37	24	"__cxa_thread_atexit_impl"
38	51	"_RNvMs16_NtCs6ZjlLoI6YmX_3std4pathNtB6_4Path5__join"
39	132	"_RINvNvMs2_NtCscHgRw1M2fX5_5alloc7raw_vecINtB8_11RawVecInnerpE7reserve21do_reserve_and_handleNtNtBa_5alloc6GlobalECs6ZjlLoI6YmX_3std"
40	87	"_RNvMs5_NtCscHgRw1M2fX5_5alloc7raw_vecNtB5_11RawVecInner11finish_growCs6ZjlLoI6YmX_3std"
41	51	"_RNvNtCseoayFEFQqjH_6client10bot_target10world_host"
42	47	"_RNvNtCsh45fz8A1of3_3tui3bin17default_cache_dir"
45	70	"_RNvXs3_NtCsc36rpYXAlPq_4core4bstrNtB5_7ByteStrNtNtB7_3fmt7Display3fmt"
46	92	"_RNvXsZ_NtCscHgRw1M2fX5_5alloc6stringNtB5_6StringNtNtCsc36rpYXAlPq_4core3fmt5Write9write_str"
47	132	"_RINvNvMs2_NtCscHgRw1M2fX5_5alloc7raw_vecINtB8_11RawVecInnerpE7reserve21do_reserve_and_handleNtNtBa_5alloc6GlobalECsh45fz8A1of3_3tui"
48	112	"_RNvMs5_NtCscHgRw1M2fX5_5alloc7raw_vecNtB5_11RawVecInner11finish_growCsh45fz8A1of3_3tui.llvm.8043456985480046121"
51	32	"_RNvNtCsh45fz8A1of3_3tui3bin3run"
52	90	"_RNvXs4_NtCscHgRw1M2fX5_5alloc6stringNtB5_6StringNtNtCsc36rpYXAlPq_4core5clone5Clone5clone"
53	52	"_RNvMNtCs8BNLh0y6PrD_6script4loadNtB2_9JsLibrary3new"
54	56	"_RNvMNtCs8BNLh0y6PrD_6script4loadNtB2_9JsLibrary7restore"
55	51	"_RNvNvNtCs6ZjlLoI6YmX_3std2fs14read_to_string5inner"
56	65	"_RNvMNtCscHgRw1M2fX5_5alloc6stringNtB2_6String17try_reserve_exact"
57	72	"_RNvMs5_NtCscHgRw1M2fX5_5alloc7raw_vecNtB5_11RawVecInner11finish_growB7_"
58	149	"_RINvNtCs8w6ufvPp9JY_10serde_json2de10from_traitNtNtB4_4read7StrReadINtNtCscHgRw1M2fX5_5alloc3vec3VecNtNtCs8BNLh0y6PrD_6script4load10StoreEntryEEB1E_"
59	288	"_RINvXs5_NtCs8w6ufvPp9JY_10serde_json2deQINtB6_12DeserializerNtNtB8_4read7StrReadENtNtCsg1F0d9pE0jn_5serde2de12Deserializer15deserialize_seqINtNvXsh_NtB1j_5implsINtNtCscHgRw1M2fX5_5alloc3vec3VecpENtB1j_11Deserialize11deserialize10VecVisitorNtNtCs8BNLh0y6PrD_6script4load10StoreEntryEEB3T_"
60	266	"_RINvXNvXsh_NtNtCsg1F0d9pE0jn_5serde2de5implsINtNtCscHgRw1M2fX5_5alloc3vec3VecpENtBb_11Deserialize11deserializeINtB3_10VecVisitorNtNtCs8BNLh0y6PrD_6script4load10StoreEntryENtBb_7Visitor9visit_seqINtNtCs8w6ufvPp9JY_10serde_json2de9SeqAccessNtNtB3b_4read7StrReadEEB26_"
61	249	"_RINvXs5_NtCs8w6ufvPp9JY_10serde_json2deQINtB6_12DeserializerNtNtB8_4read7StrReadENtNtCsg1F0d9pE0jn_5serde2de12Deserializer18deserialize_structNtNvXNvNtCs8BNLh0y6PrD_6script4loads_1__NtB2n_10StoreEntryNtB1j_11Deserialize11deserialize9___VisitorEB2p_"
62	194	"_RINvXs5_NtCs8w6ufvPp9JY_10serde_json2deQINtB6_12DeserializerNtNtB8_4read7StrReadENtNtCsg1F0d9pE0jn_5serde2de12Deserializer18deserialize_stringNtNtB1j_5impls13StringVisitorECs8BNLh0y6PrD_6script"
64	115	"_RNvMs5_NtCscHgRw1M2fX5_5alloc7raw_vecNtB5_11RawVecInner11finish_growCs8BNLh0y6PrD_6script.llvm.1176234891485507467"
66	53	"_RNvNvNtCscHgRw1M2fX5_5alloc3fmt6format12format_inner"
67	35	"_RNvNtCsc36rpYXAlPq_4core3fmt5write"
68	117	"_RINvNvMs2_NtCscHgRw1M2fX5_5alloc7raw_vecINtB8_11RawVecInnerpE7reserve21do_reserve_and_handleNtNtBa_5alloc6GlobalEBa_"
69	68	"_RNvMNtCs8BNLh0y6PrD_6script8js_cacheNtB2_7JsCache16get_or_transpile"
70	74	"_RNvNtCs8BNLh0y6PrD_6script8js_cache10hex_sha256.llvm.12806477768138836843"
72	308	"_RINvXs0_NtNtNtCsc36rpYXAlPq_4core4iter8adapters3mapINtB6_3MapINtNtNtBc_5slice4iter4IterhENCNvNtCs8BNLh0y6PrD_6script8js_cache10hex_sha2560ENtNtNtBa_6traits8iterator8Iterator4folduNCINvNvB2d_8for_each4callNtNtCscHgRw1M2fX5_5alloc6string6StringNCINvXsk_B3i_B3g_INtNtB2h_7collect6ExtendB3g_E6extendBN_E0E0EB1v_"
73	135	"_RINvNvMs2_NtCscHgRw1M2fX5_5alloc7raw_vecINtB8_11RawVecInnerpE7reserve21do_reserve_and_handleNtNtBa_5alloc6GlobalECs8BNLh0y6PrD_6script"
78	93	"_RNvNtCs8BNLh0y6PrD_6script15rs2b0t_registry21parse_settings_object.llvm.13143563317712657494"
79	63	"_RNvNtCs8BNLh0y6PrD_6script15rs2b0t_registry17parse_setting_def"
80	61	"_RNvNtCs8BNLh0y6PrD_6script15rs2b0t_registry15scan_key_quoted"
81	57	"_RNvNtCs8BNLh0y6PrD_6script15rs2b0t_registry11scan_quoted"
82	118	"_RNvMs4_NtCscHgRw1M2fX5_5alloc7raw_vecINtB5_6RawVecNtNtCs8BNLh0y6PrD_6script15rs2b0t_registry10SettingDefE8grow_oneBQ_"
88	57	"_RNvMs16_NtCs6ZjlLoI6YmX_3std4pathNtB6_4Path11to_path_buf"
90	101	"_RNvMs4_NtCscHgRw1M2fX5_5alloc7raw_vecINtB5_6RawVecNtNtCs8BNLh0y6PrD_6script4load6JsCardE8grow_oneBQ_"
91	74	"_RNvMNtCsh45fz8A1of3_3tui3binNtB2_10TuiSession26default_catalog_browse_dir"
92	89	"_RNvMNtCs8BNLh0y6PrD_6script14settings_storeNtB2_19ScriptSettingsStore17with_default_path"
93	83	"_RNvMNtCs8BNLh0y6PrD_6script14loadouts_storeNtB2_13LoadoutsStore17with_default_path"
97	68	"_RNvMs3_NtCs3JBA3HkGT3V_9host_play6memoryNtB5_3Run16prepare_unseeded"
98	45	"_RNvCs3JBA3HkGT3V_9host_play15mint_live_names"
102	119	"_RNvMs5_NtCscHgRw1M2fX5_5alloc7raw_vecNtB5_11RawVecInner11finish_growCs3JBA3HkGT3V_9host_play.llvm.11506519677582338631"
103	261	"_RNvXs_NtNtCscHgRw1M2fX5_5alloc3vec21spec_from_iter_nestedINtB6_3VecNtNtB8_6string6StringEINtB4_18SpecFromIterNestedB13_INtNtNtNtCsc36rpYXAlPq_4core4iter8adapters3map3MapINtNtNtB22_3ops5range5RangejENCNvCs3JBA3HkGT3V_9host_play15mint_live_names0EE9from_iterB3e_"
104	51	"_RNvCs3JBA3HkGT3V_9host_play21live_vault_passphrase"
113	135	"_RNvMsi_NtNtNtCscHgRw1M2fX5_5alloc11collections5btree3mapINtB5_8BTreeMapNtNtBb_6string6StringNtCs1hMbrFPmPsq_5vault7ProfileE6insertB1u_"
126	111	"_RNvMs4_NtCscHgRw1M2fX5_5alloc7raw_vecINtB5_6RawVecTNtNtB7_6string6StringBN_EE8grow_oneCs5bJpdm632qa_9deno_core"
127	119	"_RNvMs5_NtCscHgRw1M2fX5_5alloc7raw_vecNtB5_11RawVecInner11finish_growCs5bJpdm632qa_9deno_core.llvm.11458412362194599600"
129	168	"_RINvMsa_NtCs1lJFy7o6pGX_9hashbrown3rawNtB6_13RawTableInner22fallible_with_capacityNtNtCscHgRw1M2fX5_5alloc5alloc6GlobalECs8BNLh0y6PrD_6script.llvm.12092620848130726821"
142	8	"__strdup"
156	128	"_RNvXsa_NtCscHgRw1M2fX5_5alloc3vecINtB5_3VecNtNtB7_6string6StringENtNtCsc36rpYXAlPq_4core5clone5Clone5cloneCs8BNLh0y6PrD_6script"
165	89	"_RNvXs8_NtCs8BNLh0y6PrD_6script4loadNtB5_6JsCardNtNtCsc36rpYXAlPq_4core5clone5Clone5clone"
166	131	"_RNvXsa_NtCscHgRw1M2fX5_5alloc3vecINtB5_3VecNtNtB7_6string6StringENtNtCsc36rpYXAlPq_4core5clone5Clone5cloneCs3JBA3HkGT3V_9host_play"
167	164	"_RNvXsa_NtCscHgRw1M2fX5_5alloc3vecINtB5_3VecNtNtCs8BNLh0y6PrD_6script15rs2b0t_registry10SettingDefENtNtCsc36rpYXAlPq_4core5clone5Clone5cloneCs3JBA3HkGT3V_9host_play"
169	45	"_RNvCs50mG4W4lMfe_8scenario16thiever_scenario"
170	94	"_RNvMs4_NtCscHgRw1M2fX5_5alloc7raw_vecINtB5_6RawVecNtCs50mG4W4lMfe_8scenario4StepE8grow_oneBO_"
171	118	"_RNvMs5_NtCscHgRw1M2fX5_5alloc7raw_vecNtB5_11RawVecInner11finish_growCs50mG4W4lMfe_8scenario.llvm.15266640377466127622"
174	204	"_RINvMs6_NtCs9toP8pvhaB6_9hashbrown3rawINtB6_8RawTablejE14reserve_rehashNCINvNtCs9Uiw0gZLf3r_8indexmap5inner8get_hashNtNtCscHgRw1M2fX5_5alloc6string6StringNtNtCs8w6ufvPp9JY_10serde_json5value5ValueE0EB2w_"
175	200	"_RINvMsa_NtCs9toP8pvhaB6_9hashbrown3rawNtB6_13RawTableInner22fallible_with_capacityNtNtNtNtCs7kDLhlk5Z6y_14allocator_api26stable5alloc6global6GlobalECs8w6ufvPp9JY_10serde_json.llvm.3802654435614257995"
176	53	"_RNvNtCs8BNLh0y6PrD_6script14settings_store9merge_bag"
177	164	"_RNvMs_NtCs9Uiw0gZLf3r_8indexmap5innerINtB4_4CoreNtNtCscHgRw1M2fX5_5alloc6string6StringNtNtCs8w6ufvPp9JY_10serde_json5value5ValueE11insert_fullCs8BNLh0y6PrD_6script"
178	65	"_RNvNtCs8BNLh0y6PrD_6script14settings_store20coerce_setting_value"
180	56	"_RNvMNtCsh45fz8A1of3_3tui3binNtB2_10TuiSession9unlock_at"
181	40	"_RNvCs3JBA3HkGT3V_9host_play10open_vault"
182	45	"_RNvMs_Cs1hMbrFPmPsq_5vaultNtB4_5Vault6unlock"
183	40	"_RNvNvNtCs6ZjlLoI6YmX_3std2fs4read5inner"
185	189	"_RINvNtCs8w6ufvPp9JY_10serde_json2de10from_traitNtNtB4_4read9SliceReadINtNtNtNtCscHgRw1M2fX5_5alloc11collections5btree3map8BTreeMapNtNtB1e_6string6StringNtCs1hMbrFPmPsq_5vault7ProfileEEB2s_"
186	330	"_RINvXs5_NtCs8w6ufvPp9JY_10serde_json2deQINtB6_12DeserializerNtNtB8_4read9SliceReadENtNtCsg1F0d9pE0jn_5serde2de12Deserializer15deserialize_mapINtNvXs3f_NtB1l_5implsINtNtNtNtCscHgRw1M2fX5_5alloc11collections5btree3map8BTreeMapppENtB1l_11Deserialize11deserialize10MapVisitorNtNtB2K_6string6StringNtCs1hMbrFPmPsq_5vault7ProfileEEB4J_"
187	197	"_RINvXs6_NtNtCsg1F0d9pE0jn_5serde2de5implsNtNtCscHgRw1M2fX5_5alloc6string6StringNtB8_11Deserialize11deserializeINtNtCs8w6ufvPp9JY_10serde_json2de6MapKeyNtNtB1P_4read9SliceReadEECs1hMbrFPmPsq_5vault"
188	240	"_RINvXs5_NtCs8w6ufvPp9JY_10serde_json2deQINtB6_12DeserializerNtNtB8_4read9SliceReadENtNtCsg1F0d9pE0jn_5serde2de12Deserializer18deserialize_structNtNvXNvCs1hMbrFPmPsq_5vaults3_1__NtB2p_7ProfileNtB1l_11Deserialize11deserialize9___VisitorEB2p_"
189	195	"_RINvXs5_NtCs8w6ufvPp9JY_10serde_json2deQINtB6_12DeserializerNtNtB8_4read9SliceReadENtNtCsg1F0d9pE0jn_5serde2de12Deserializer18deserialize_stringNtNtB1l_5impls13StringVisitorECs1hMbrFPmPsq_5vault"
190	249	"_RINvXs5_NtCs8w6ufvPp9JY_10serde_json2deQINtB6_12DeserializerNtNtB8_4read9SliceReadENtNtCsg1F0d9pE0jn_5serde2de12Deserializer18deserialize_structNtNvXNvCs1hMbrFPmPsq_5vaults1_1__NtB2p_15ProfileSettingsNtB1l_11Deserialize11deserialize9___VisitorEB2p_"
191	113	"_RINvCs3JBA3HkGT3V_9host_play11run_with_ioNCNvMNtCsh45fz8A1of3_3tui3binNtBI_10TuiSession10start_play0NCBF_s_0EBK_"
192	46	"_RNvMs6_Cs3JBA3HkGT3V_9host_playNtB5_4Play3new"
194	172	"_RINvXNtNtCscHgRw1M2fX5_5alloc3vec14spec_from_elemINtNtCsc36rpYXAlPq_4core6option6OptionINtB5_3VechEENtB3_12SpecFromElem9from_elemNtNtB7_5alloc6GlobalECseoayFEFQqjH_6client"
195	53	"_RNvMNtCseoayFEFQqjH_6client6configNtB2_5Cache6unpack"
196	68	"_RNvMs_NtNtCseoayFEFQqjH_6client6config8seq_typeNtB4_7SeqType6unpack"
207	135	"_RINvNvMs2_NtCscHgRw1M2fX5_5alloc7raw_vecINtB8_11RawVecInnerpE7reserve21do_reserve_and_handleNtNtBa_5alloc6GlobalECseoayFEFQqjH_6client"
208	116	"_RNvMs5_NtCscHgRw1M2fX5_5alloc7raw_vecNtB5_11RawVecInner11finish_growCseoayFEFQqjH_6client.llvm.15819653318954751376"
209	70	"_RNvMs_NtNtCseoayFEFQqjH_6client6config9spot_typeNtB4_8SpotType6unpack"
210	68	"_RNvMs_NtNtCseoayFEFQqjH_6client6config8obj_typeNtB4_7ObjType6unpack"
213	68	"_RNvMs_NtNtCseoayFEFQqjH_6client6config8npc_typeNtB4_7NpcType6unpack"
214	133	"_RNvMs1_NtCscHgRw1M2fX5_5alloc3vecINtB5_3VecINtNtCsc36rpYXAlPq_4core6option6OptionNtNtB7_6string6StringEE6resizeCseoayFEFQqjH_6client"
215	69	"_RNvMs0_NtNtCseoayFEFQqjH_6client6config8loc_typeNtB5_7LocType6unpack"
216	69	"_RNvMs0_NtNtCseoayFEFQqjH_6client6config8flo_typeNtB5_7FloType6unpack"
217	68	"_RNvMs_NtNtCseoayFEFQqjH_6client6config8idk_typeNtB4_7IdkType6unpack"
218	76	"_RNvMs_NtNtCseoayFEFQqjH_6client6config11varbit_typeNtB4_10VarBitType6unpack"
219	68	"_RNvMNtNtCseoayFEFQqjH_6client6config9varp_typeNtB2_8VarpType6unpack"
220	67	"_RNvMs6_NtNtCseoayFEFQqjH_6client6config7if_typeNtB5_6IfType6unpack"
221	163	"_RNvMs1_NtCscHgRw1M2fX5_5alloc3vecINtB5_3VecINtNtCsc36rpYXAlPq_4core6option6OptionINtNtB7_5boxed3BoxNtNtNtCseoayFEFQqjH_6client6config7if_type6IfTypeEEE6resizeB1F_"
222	166	"_RNvMs1_NtCscHgRw1M2fX5_5alloc3vecINtB5_3VecINtNtCsc36rpYXAlPq_4core6option6OptionINtNtB7_5boxed3BoxNtNtNtCseoayFEFQqjH_6client6config7if_type9IfTypeMutEEE6resizeB1F_"
223	327	"_RINvNtNtCscHgRw1M2fX5_5alloc3vec16in_place_collect18from_iter_in_placeINtNtNtNtCsc36rpYXAlPq_4core4iter8adapters3map3MapINtNtB4_9into_iter8IntoIterINtNtB1f_6option6OptionINtNtB6_5boxed3BoxNtNtNtCseoayFEFQqjH_6client6config7if_type9IfTypeMutEEENCNCNvCs3JBA3HkGT3V_9host_play13load_templates_00EIB2m_INtNtB6_4sync3ArcB30_EEEB3Z_"
224	488	"_RINvXs4_NtNtCscHgRw1M2fX5_5alloc3vec9into_iterINtB6_8IntoIterINtNtCsc36rpYXAlPq_4core6option6OptionINtNtBa_5boxed3BoxNtNtNtCseoayFEFQqjH_6client6config7if_type9IfTypeMutEEENtNtNtNtB12_4iter6traits8iterator8Iterator8try_foldINtNtB8_13in_place_drop11InPlaceDropIBY_INtNtBa_4sync3ArcB1R_EEENCINvNtNtB2Q_8adapters3map12map_try_foldBX_B49_B3z_INtNtB12_6result6ResultB3z_zENCNCNvCs3JBA3HkGT3V_9host_play13load_templates_00NCINvNtB8_16in_place_collect24write_in_place_with_dropB49_E0E0B5q_EB5Z_"
225	62	"_RNvMs0_NtCsjCVkXGB5m1G_3api9obj_namesNtB5_8ObjNames9from_objs"
226	188	"_RINvXNtNtCscHgRw1M2fX5_5alloc3vec14spec_from_elemINtNtCsc36rpYXAlPq_4core6option6OptionNtNtCsjCVkXGB5m1G_3api9obj_names11ItemDefViewENtB3_12SpecFromElem9from_elemNtNtB7_5alloc6GlobalEB1r_"
227	47	"_RNvCs3JBA3HkGT3V_9host_play17default_pack_path"
228	55	"_RNvMNtCsdO8rEf1jYGK_3nav5worldNtB2_8NavWorld9load_pack"
229	36	"_RNvNtCsdO8rEf1jYGK_3nav4pack6decode"
230	122	"_RINvXs1_NtNtCscHgRw1M2fX5_5alloc3vec14spec_from_elemhNtB6_12SpecFromElem9from_elemNtNtBa_5alloc6GlobalECsdO8rEf1jYGK_3nav"
231	91	"_RNvMs5_NtCscHgRw1M2fX5_5alloc7raw_vecNtB5_11RawVecInner15try_allocate_inCsdO8rEf1jYGK_3nav"
232	45	"_RNvNtCsdO8rEf1jYGK_3nav4pack14read_req_pairs"
233	43	"_RNvNtCsdO8rEf1jYGK_3nav4pack12read_req_ids"
234	47	"_RNvNtCsdO8rEf1jYGK_3nav4pack16read_req_strings"
235	104	"_RNvMsF_NtCscHgRw1M2fX5_5alloc3vecINtB5_3VecNtNtCsdO8rEf1jYGK_3nav9transport13TransportEdgeE8push_mutBJ_"
236	97	"_RNvMs4_NtCscHgRw1M2fX5_5alloc7raw_vecINtB5_6RawVecNtNtCsdO8rEf1jYGK_3nav6router3LegE8grow_oneBQ_"
237	113	"_RNvMs5_NtCscHgRw1M2fX5_5alloc7raw_vecNtB5_11RawVecInner11finish_growCsdO8rEf1jYGK_3nav.llvm.10127490155969273537"
238	221	"_RNvMNtCs1lJFy7o6pGX_9hashbrown11rustc_entryINtNtB4_3map7HashMapNtNtCsjCVkXGB5m1G_3api8snapshot9WorldTileINtNtCscHgRw1M2fX5_5alloc3vec3VecjENtNtNtCs6ZjlLoI6YmX_3std4hash6random11RandomStateE11rustc_entryCsdO8rEf1jYGK_3nav"
239	253	"_RINvMs6_NtCs1lJFy7o6pGX_9hashbrown3rawINtB6_8RawTableTNtNtCsjCVkXGB5m1G_3api8snapshot9WorldTileINtNtCscHgRw1M2fX5_5alloc3vec3VecjEEE14reserve_rehashNCINvNtB8_3map11make_hasherBQ_B1v_NtNtNtCs6ZjlLoI6YmX_3std4hash6random11RandomStateE0ECsdO8rEf1jYGK_3nav"
240	83	"_RNvMs4_NtCscHgRw1M2fX5_5alloc7raw_vecINtB5_6RawVecjE8grow_oneCseoayFEFQqjH_6client"
241	47	"_RNvNtCsdO8rEf1jYGK_3nav4pack16read_bank_stands"
242	39	"_RNvNtCsdO8rEf1jYGK_3nav4pack9read_name"
243	65	"_RNvMs3_NtCs3JBA3HkGT3V_9host_play6memoryNtB5_3Run13bind_seed_nav"
244	55	"_RNvCs50mG4W4lMfe_8scenario26thiever_sustained_scenario"
245	74	"_RNvMNtCs50mG4W4lMfe_8scenario6runnerNtB2_14ScenarioRunner14set_live_names"
246	247	"_RNvMs1_NtCs1lJFy7o6pGX_9hashbrown3mapINtB5_7HashMapNtNtCscHgRw1M2fX5_5alloc6string6StringINtNtBR_4sync3ArcINtNtNtNtCs6ZjlLoI6YmX_3std4sync6poison5mutex5MutexNtNtCs3JBA3HkGT3V_9host_play6memory4SeedEENtNtNtB1P_4hash6random11RandomStateE6insertB2z_"
247	297	"_RINvMs6_NtCs1lJFy7o6pGX_9hashbrown3rawINtB6_8RawTableTNtNtCscHgRw1M2fX5_5alloc6string6StringINtNtBU_4sync3ArcINtNtNtNtCs6ZjlLoI6YmX_3std4sync6poison5mutex5MutexNtNtCs3JBA3HkGT3V_9host_play6memory4SeedEEEE14reserve_rehashNCINvNtB8_3map11make_hasherBQ_B1s_NtNtNtB1S_4hash6random11RandomStateE0EB2C_"
248	125	"_RNvXsa_NtCscHgRw1M2fX5_5alloc3vecINtB5_3VecNtNtB7_6string6StringENtNtCsc36rpYXAlPq_4core5clone5Clone5cloneCsh45fz8A1of3_3tui"
249	56	"_RNvMNtCsh45fz8A1of3_3tui3binNtB2_10TuiSession9spawn_all"
252	52	"_RNvMNtCsh45fz8A1of3_3tui3binNtB2_10TuiSession5spawn"
253	49	"_RNvMs2_Cs3JBA3HkGT3V_9host_playNtB5_7SlotArm3new"
254	54	"_RNvMs6_Cs3JBA3HkGT3V_9host_playNtB5_4Play10spawn_slot"
255	201	"_RNvMs1_NtCs1lJFy7o6pGX_9hashbrown3mapINtB5_7HashMapNtNtCscHgRw1M2fX5_5alloc6string6StringNtCs1hMbrFPmPsq_5vault7ProfileNtNtNtCs6ZjlLoI6YmX_3std4hash6random11RandomStateE6insertCs3JBA3HkGT3V_9host_play"
256	251	"_RINvMs6_NtCs1lJFy7o6pGX_9hashbrown3rawINtB6_8RawTableTNtNtCscHgRw1M2fX5_5alloc6string6StringNtCs1hMbrFPmPsq_5vault7ProfileEE14reserve_rehashNCINvNtB8_3map11make_hasherBQ_B1s_NtNtNtCs6ZjlLoI6YmX_3std4hash6random11RandomStateE0ECs3JBA3HkGT3V_9host_play"
257	172	"_RNvMs1_NtCs1lJFy7o6pGX_9hashbrown3mapINtB5_7HashMapNtNtCscHgRw1M2fX5_5alloc6string6StringuNtNtNtCs6ZjlLoI6YmX_3std4hash6random11RandomStateE6insertCs3JBA3HkGT3V_9host_play"
258	218	"_RINvMs6_NtCs1lJFy7o6pGX_9hashbrown3rawINtB6_8RawTableTNtNtCscHgRw1M2fX5_5alloc6string6StringuEE14reserve_rehashNCINvNtB8_3map11make_hasherBQ_uNtNtNtCs6ZjlLoI6YmX_3std4hash6random11RandomStateE0ECs33npTws88aW_8deno_ast"
259	203	"_RNvMs1_NtCs1lJFy7o6pGX_9hashbrown3mapINtB5_7HashMapNtNtCscHgRw1M2fX5_5alloc6string6StringINtNtBR_4sync3ArcNtCs3JBA3HkGT3V_9host_play7SlotArmENtNtNtCs6ZjlLoI6YmX_3std4hash6random11RandomStateE6insertB1I_"
260	253	"_RINvMs6_NtCs1lJFy7o6pGX_9hashbrown3rawINtB6_8RawTableTNtNtCscHgRw1M2fX5_5alloc6string6StringINtNtBU_4sync3ArcNtCs3JBA3HkGT3V_9host_play7SlotArmEEE14reserve_rehashNCINvNtB8_3map11make_hasherBQ_B1s_NtNtNtCs6ZjlLoI6YmX_3std4hash6random11RandomStateE0EB1L_"
261	47	"_RNvNtCsaibypAdu8fX_4host7slot_io12wake_channel"
262	211	"_RNvMs1_NtCs1lJFy7o6pGX_9hashbrown3mapINtB5_7HashMapNtNtCscHgRw1M2fX5_5alloc6string6StringNtNtCsaibypAdu8fX_4host7slot_io8SlotWakeNtNtNtCs6ZjlLoI6YmX_3std4hash6random11RandomStateE6insertCs3JBA3HkGT3V_9host_play"
263	261	"_RINvMs6_NtCs1lJFy7o6pGX_9hashbrown3rawINtB6_8RawTableTNtNtCscHgRw1M2fX5_5alloc6string6StringNtNtCsaibypAdu8fX_4host7slot_io8SlotWakeEE14reserve_rehashNCINvNtB8_3map11make_hasherBQ_B1s_NtNtNtCs6ZjlLoI6YmX_3std4hash6random11RandomStateE0ECs3JBA3HkGT3V_9host_play"
264	115	"_RINvNtNtCs6ZjlLoI6YmX_3std6thread9lifecycle15spawn_uncheckedNCNvCs3JBA3HkGT3V_9host_play17spawn_slot_thread0uEB10_"
265	59	"_RNvMs_NtNtCs6ZjlLoI6YmX_3std6thread6threadNtB4_6Thread3new"
266	167	"_RNvXNtNtNtCs6ZjlLoI6YmX_3std6thread6thread18thread_name_stringNtB2_16ThreadNameStringINtNtCsc36rpYXAlPq_4core7convert4FromNtNtCscHgRw1M2fX5_5alloc6string6StringE4from"
267	76	"_RNvMs_NtNtCscHgRw1M2fX5_5alloc3ffi5c_strNtB4_7CString19__from_vec_unchecked"
268	60	"_RNvNtNtCs6ZjlLoI6YmX_3std6thread9spawnhook15run_spawn_hooks"
269	64	"_RNvMs0_NtNtNtCs6ZjlLoI6YmX_3std3sys6thread4unixNtB5_6Thread3new"
270	14	"pthread_create"
271	16	"_dl_allocate_tls"
272	216	"_RNvMs1_NtCs1lJFy7o6pGX_9hashbrown3mapINtB5_7HashMapNtNtCscHgRw1M2fX5_5alloc6string6StringINtNtNtCs6ZjlLoI6YmX_3std6thread11join_handle10JoinHandleuENtNtNtB1w_4hash6random11RandomStateE6insertCs3JBA3HkGT3V_9host_play"
273	266	"_RINvMs6_NtCs1lJFy7o6pGX_9hashbrown3rawINtB6_8RawTableTNtNtCscHgRw1M2fX5_5alloc6string6StringINtNtNtCs6ZjlLoI6YmX_3std6thread11join_handle10JoinHandleuEEE14reserve_rehashNCINvNtB8_3map11make_hasherBQ_B1s_NtNtNtB1z_4hash6random11RandomStateE0ECs3JBA3HkGT3V_9host_play"
274	48	"_RNvMs6_Cs3JBA3HkGT3V_9host_playNtB5_4Play5focus"
275	55	"_RINvMs0_NtCsh45fz8A1of3_3tui3appNtB6_6TuiApp3newReEB8_"
276	56	"_RNvNtCsh45fz8A1of3_3tui3app26default_catalog_browse_dir"
277	37	"_RNvNtCsh45fz8A1of3_3tui3bin8run_loop"
278	42	"_RNvNtNtCs6ZjlLoI6YmX_3std2io5stdio6stdout"
279	266	"_RINvMNtNtCs6ZjlLoI6YmX_3std4sync9once_lockINtB3_8OnceLockINtNtB5_14reentrant_lock13ReentrantLockINtNtCsc36rpYXAlPq_4core4cell7RefCellINtNtNtNtB7_2io8buffered10linewriter10LineWriterNtNtB2e_5stdio9StdoutRawEEEE10initializeNCINvB2_11get_or_initNCNvB2V_6stdout0E0zEB7_"
280	69	"_RNvMs0_NtNtNtNtCs6ZjlLoI6YmX_3std3sys4sync4once5futexNtB5_4Once4call"
281	319	"_RNCINvMs0_NtNtCs6ZjlLoI6YmX_3std4sync4onceNtB8_4Once15call_once_forceNCINvMNtBa_9once_lockINtB1b_8OnceLockINtNtBa_14reentrant_lock13ReentrantLockINtNtCsc36rpYXAlPq_4core4cell7RefCellINtNtNtNtBc_2io8buffered10linewriter10LineWriterNtNtB31_5stdio9StdoutRawEEEE10initializeNCINvB1a_11get_or_initNCNvB3I_6stdout0E0zE0E0Bc_"
282	194	"_RNvMNtNtCs9EEH76LUcI7_12ratatui_core8terminal4initINtB4_8TerminalINtCsabeYCnqzlG7_17ratatui_crossterm16CrosstermBackendNtNtNtCs6ZjlLoI6YmX_3std2io5stdio6StdoutEE12with_optionsCsh45fz8A1of3_3tui"
283	69	"_RNvMNtNtCs9EEH76LUcI7_12ratatui_core6buffer6bufferNtB2_6Buffer5empty"
284	154	"_RINvXNtNtCscHgRw1M2fX5_5alloc3vec14spec_from_elemNtNtNtCs9EEH76LUcI7_12ratatui_core6buffer4cell4CellNtB3_12SpecFromElem9from_elemNtNtB7_5alloc6GlobalEBR_"
285	80	"_RNvNvMs0_NtNtNtCs6ZjlLoI6YmX_3std3sys6thread4unixNtB7_6Thread3new12thread_start"
286	79	"_RNvNtNtNtNtNtCs6ZjlLoI6YmX_3std3sys3pal4unix14stack_overflow3imp12make_handler"
287	190	"_RNSNvYNCINvNtNtCs6ZjlLoI6YmX_3std6thread9lifecycle15spawn_uncheckedNCNvCs3JBA3HkGT3V_9host_play17spawn_slot_thread0uEs_0INtNtNtCsc36rpYXAlPq_4core3ops8function6FnOnceuE9call_once6vtableB17_"
288	183	"_RINvNtNtCs6ZjlLoI6YmX_3std3sys9backtrace28___rust_begin_short_backtraceNCNCNCINvNtNtB6_6thread9lifecycle15spawn_uncheckedNCNvCs3JBA3HkGT3V_9host_play17spawn_slot_thread0uEs_000uEB1Z_"
289	85	"_RNvMs_NtNtCs6ZjlLoI6YmX_3std6thread9spawnhookNtB4_15ChildSpawnHooks15inherit_and_run"
290	126	"_RINvNtNtCs6ZjlLoI6YmX_3std3sys9backtrace28___rust_begin_short_backtraceNCNvCs3JBA3HkGT3V_9host_play17spawn_slot_thread0uEB1b_"
291	102	"_RNvMs4_NtCscHgRw1M2fX5_5alloc7raw_vecINtB5_6RawVecNtCs3JBA3HkGT3V_9host_play10SlotStatusE8grow_oneBO_"
292	51	"_RNvCs3JBA3HkGT3V_9host_play21script_slot_or_insert"
293	288	"_RNvMNtCs1lJFy7o6pGX_9hashbrown11rustc_entryINtNtB4_3map7HashMapNtNtCscHgRw1M2fX5_5alloc6string6StringINtNtB13_4sync3ArcINtNtNtNtCs6ZjlLoI6YmX_3std4sync6poison5mutex5MutexNtNtCs8BNLh0y6PrD_6script4slot10SlotScriptEENtNtNtB22_4hash6random11RandomStateE11rustc_entryCs3JBA3HkGT3V_9host_play"
294	319	"_RINvMs6_NtCs1lJFy7o6pGX_9hashbrown3rawINtB6_8RawTableTNtNtCscHgRw1M2fX5_5alloc6string6StringINtNtBU_4sync3ArcINtNtNtNtCs6ZjlLoI6YmX_3std4sync6poison5mutex5MutexNtNtCs8BNLh0y6PrD_6script4slot10SlotScriptEEEE14reserve_rehashNCINvNtB8_3map11make_hasherBQ_B1s_NtNtNtB1S_4hash6random11RandomStateE0ECs3JBA3HkGT3V_9host_play"
295	236	"_RNvMNtCs1lJFy7o6pGX_9hashbrown11rustc_entryINtNtB4_3map7HashMapNtNtCscHgRw1M2fX5_5alloc6string6StringINtNtNtB13_11collections9vec_deque8VecDequeBZ_ENtNtNtCs6ZjlLoI6YmX_3std4hash6random11RandomStateE11rustc_entryCs3JBA3HkGT3V_9host_play"
296	267	"_RINvMs6_NtCs1lJFy7o6pGX_9hashbrown3rawINtB6_8RawTableTNtNtCscHgRw1M2fX5_5alloc6string6StringINtNtNtBU_11collections9vec_deque8VecDequeBQ_EEE14reserve_rehashNCINvNtB8_3map11make_hasherBQ_B1s_NtNtNtCs6ZjlLoI6YmX_3std4hash6random11RandomStateE0ECs3JBA3HkGT3V_9host_play"
297	247	"_RNvMNtCs1lJFy7o6pGX_9hashbrown11rustc_entryINtNtB4_3map7HashMapNtNtCscHgRw1M2fX5_5alloc6string6StringINtNtNtB13_11collections9vec_deque8VecDequeNtCs3JBA3HkGT3V_9host_play7WireCmdENtNtNtCs6ZjlLoI6YmX_3std4hash6random11RandomStateE11rustc_entryB2k_"
298	278	"_RINvMs6_NtCs1lJFy7o6pGX_9hashbrown3rawINtB6_8RawTableTNtNtCscHgRw1M2fX5_5alloc6string6StringINtNtNtBU_11collections9vec_deque8VecDequeNtCs3JBA3HkGT3V_9host_play7WireCmdEEE14reserve_rehashNCINvNtB8_3map11make_hasherBQ_B1s_NtNtNtCs6ZjlLoI6YmX_3std4hash6random11RandomStateE0EB2a_"
299	51	"_RNvMNtCsh45fz8A1of3_3tui3binNtB2_10TuiSession4pump"
301	55	"_RNvMs3_NtCs3JBA3HkGT3V_9host_play6memoryNtB5_3Run4poll"
302	51	"_RNvMs6_Cs3JBA3HkGT3V_9host_playNtB5_4Play8statuses"
303	127	"_RNvXsa_NtCscHgRw1M2fX5_5alloc3vecINtB5_3VecNtCs3JBA3HkGT3V_9host_play10SlotStatusENtNtCsc36rpYXAlPq_4core5clone5Clone5cloneBH_"
315	318	"_RNvXs_NtNtCscHgRw1M2fX5_5alloc3vec21spec_from_iter_nestedINtB6_3VecNtNtCsh45fz8A1of3_3tui12script_shape10BrowseCardEINtB4_18SpecFromIterNestedB13_INtNtNtNtCsc36rpYXAlPq_4core4iter8adapters3map3MapINtNtNtB2t_5slice4iter4IterNtNtCs8BNLh0y6PrD_6script4load6JsCardENvYB13_INtNtB2t_7convert4FromRB3z_E4fromEE9from_iterB17_"
316	137	"_RNvXNtCsh45fz8A1of3_3tui12script_shapeNtB2_10BrowseCardINtNtCsc36rpYXAlPq_4core7convert4FromRNtNtCs8BNLh0y6PrD_6script4load6JsCardE4from"
320	278	"_RINvMNtNtCs9EEH76LUcI7_12ratatui_core8terminal6renderINtB5_8TerminalINtCsabeYCnqzlG7_17ratatui_crossterm16CrosstermBackendNtNtNtCs6ZjlLoI6YmX_3std2io5stdio6StdoutEE8try_drawNCINvB2_4drawNCNCNvNtCsh45fz8A1of3_3tui3bin8run_loops0_00E0NtNtNtCsc36rpYXAlPq_4core2io5error5ErrorEB36_"
321	49	"_RNvMs0_NtCsh45fz8A1of3_3tui3appNtB5_6TuiApp4draw"
322	72	"_RNvMs2_NtNtCs9EEH76LUcI7_12ratatui_core6layout6layoutNtB5_6Layout5split"
323	330	"_RINvMs2_NtNtCs6ZjlLoI6YmX_3std6thread5localINtB6_8LocalKeyINtNtCsc36rpYXAlPq_4core4cell7RefCellINtCsaQc12MtFacQ_3lru8LruCacheTNtNtNtCs9EEH76LUcI7_12ratatui_core6layout4rect4RectNtNtB24_6layout6LayoutETINtNtCscHgRw1M2fX5_5alloc2rc2RcSB20_EB3d_EEEE4withNCINvMs4_B6_BF_15with_borrow_mutNCNvMs2_B2R_B2P_12cached_split0B3c_E0B3c_EB26_"
324	343	"_RINvMs0_NtNtNtNtCs6ZjlLoI6YmX_3std3sys12thread_local6native4lazyINtB6_7StorageINtNtCsc36rpYXAlPq_4core4cell7RefCellINtCsaQc12MtFacQ_3lru8LruCacheTNtNtNtCs9EEH76LUcI7_12ratatui_core6layout4rect4RectNtNtB2o_6layout6LayoutETINtNtCscHgRw1M2fX5_5alloc2rc2RcSB2k_EB3x_EEEuE16get_or_init_slowNvNvB3b_12LAYOUT_CACHE27___rust_std_internal_init_fnEB2q_"
325	80	"_RNvMs2_NtNtCs9EEH76LUcI7_12ratatui_core6layout6layoutNtB5_6Layout12split_layout"
353	245	"_RINvMsm_NtCscHgRw1M2fX5_5alloc2rcINtB6_2RcSNtNtNtCs9EEH76LUcI7_12ratatui_core6layout4rect4RectE15from_iter_exactINtNtNtNtCsc36rpYXAlPq_4core4iter8adapters3map3MapINtNtNtB1V_5slice4iter4IterNtNtBJ_6layout7ElementENCNvB33_16changes_to_rects0EEBL_"
357	141	"_RNvXs4_NtNtCs9EEH76LUcI7_12ratatui_core4text4lineNtB5_4LineINtNtCsc36rpYXAlPq_4core7convert4FromNtNtCscHgRw1M2fX5_5alloc6string6StringE4from"
358	275	"_RNvXNtNtCscHgRw1M2fX5_5alloc3vec14spec_from_iterINtB4_3VecNtNtNtCs9EEH76LUcI7_12ratatui_core4text4span4SpanEINtB2_12SpecFromIterBU_INtNtNtNtCsc36rpYXAlPq_4core4iter8adapters3map3MapNtNtNtB2e_3str4iter5LinesNCINvNtBY_4line12cow_to_spansINtNtB6_6borrow3CoweEE0EE9from_iterB10_"
359	128	"_RNvXs_NtCskOvmL1T6bWu_15ratatui_widgets9paragraphNtB4_9ParagraphNtNtNtCs9EEH76LUcI7_12ratatui_core7widgets6widget6Widget6render"
360	130	"_RNvXs0_NtCskOvmL1T6bWu_15ratatui_widgets9paragraphRNtB5_9ParagraphNtNtNtCs9EEH76LUcI7_12ratatui_core7widgets6widget6Widget6render"
361	529	"_RNvXs_NtCskOvmL1T6bWu_15ratatui_widgets6reflowINtB4_11WordWrapperINtNtNtNtCsc36rpYXAlPq_4core4iter8adapters3map3MapINtNtNtB1a_5slice4iter4IterNtNtNtCs9EEH76LUcI7_12ratatui_core4text4line4LineENCNvMs1_NtB6_9paragraphNtB3c_9Paragraph16render_paragraph0EINtNtB16_7flatten7FlatMapIB1Q_NtNtB2k_4span4SpanEIB12_INtNtB16_6filter6FilterNtNtCshNPlwVjct7c_20unicode_segmentation8grapheme9GraphemesNCINvMs_B4x_B4v_16styled_graphemesNtNtB2m_5style5StyleE0ENCB6f_s_0ENCINvMs_B2i_B2g_16styled_graphemesB6L_E0EENtB4_12LineComposer9next_lineB6_"
362	156	"_RNvMs4_NtCscHgRw1M2fX5_5alloc7raw_vecINtB5_6RawVecNtNtNtCs9EEH76LUcI7_12ratatui_core4text8grapheme14StyledGraphemeE8grow_oneCskOvmL1T6bWu_15ratatui_widgets"
363	126	"_RNvMs5_NtCscHgRw1M2fX5_5alloc7raw_vecNtB5_11RawVecInner11finish_growCskOvmL1T6bWu_15ratatui_widgets.llvm.13331422471757135506"
376	113	"_RNvMs4_NtCscHgRw1M2fX5_5alloc7raw_vecINtB5_6RawVecNtNtNtCs9EEH76LUcI7_12ratatui_core4text4line4LineE8grow_oneBS_"
377	121	"_RNvMs5_NtCscHgRw1M2fX5_5alloc7raw_vecNtB5_11RawVecInner11finish_growCs9EEH76LUcI7_12ratatui_core.llvm.808637143015815203"
385	41	"_RNvNtCshu1YjhL9Q4t_9crossterm5event4poll"
386	98	"_RNvNtCshu1YjhL9Q4t_9crossterm5event34try_lock_internal_event_reader_for.llvm.14504537981982978428"
387	117	"_RNvXNtNtCshu1YjhL9Q4t_9crossterm5event4readNtB2_19InternalEventReaderNtNtCsc36rpYXAlPq_4core7default7Default7default"
388	93	"_RNvMNtNtNtNtCshu1YjhL9Q4t_9crossterm5event6source4unix3mioNtB2_23UnixInternalEventSource3new"
389	210	"_RINvMs5_NtNtCs3mPnGIsjFaM_11signal_hook8iterator7backendINtB6_14SignalDeliveryNtNtNtNtCsbuLvMvCFJgq_3mio3net3uds6stream10UnixStreamNtNtB8_11exfiltrator10SignalOnlyE9with_pipeAlj1_lB1e_ECshu1YjhL9Q4t_9crossterm"
390	79	"_RNvMs_NtNtCs3mPnGIsjFaM_11signal_hook8iterator7backendNtB4_13DeliveryState3new"
391	80	"_RNvMs4_NtNtCs3mPnGIsjFaM_11signal_hook8iterator7backendNtB5_6Handle10add_signal"
392	162	"_RNvXs3_NtNtCs3mPnGIsjFaM_11signal_hook8iterator7backendINtB5_14PendingSignalsNtNtB7_11exfiltrator10SignalOnlyENtB5_9AddSignal10add_signalCshu1YjhL9Q4t_9crossterm"
393	65	"_RNvCsdgoXfPE8R7h_20signal_hook_registry23register_sigaction_impl"
394	65	"_RNvCsdgoXfPE8R7h_20signal_hook_registry23register_unchecked_impl"
395	139	"_RNCINvMs0_NtNtCs6ZjlLoI6YmX_3std4sync4onceNtB8_4Once9call_onceNCNvMs0_CsdgoXfPE8R7h_20signal_hook_registryNtB16_10GlobalData6ensure0E0B16_"
396	300	"_RNvMNtCsdgoXfPE8R7h_20signal_hook_registry7vec_mapINtB2_6VecMapNtB4_8ActionIdINtNtCscHgRw1M2fX5_5alloc4sync3ArcDG_INtNtNtCsc36rpYXAlPq_4core3ops8function2FnTRL0_NtNtNtNtNtNtNtCs9GwI75PoBVh_4libc4unix10linux_like5linux3gnu3b646x86_649siginfo_tEEp6OutputuNtNtB1V_6marker4SendNtB45_4SyncEL_EE6insertB4_"
397	307	"_RNvMs4_NtCscHgRw1M2fX5_5alloc7raw_vecINtB5_6RawVecTNtCsdgoXfPE8R7h_20signal_hook_registry8ActionIdINtNtB7_4sync3ArcDG_INtNtNtCsc36rpYXAlPq_4core3ops8function2FnTRL0_NtNtNtNtNtNtNtCs9GwI75PoBVh_4libc4unix10linux_like5linux3gnu3b646x86_649siginfo_tEEp6OutputuNtNtB1Z_6marker4SendNtB49_4SyncEL_EEE8grow_oneBP_"
398	108	"_RNvMs5_NtCscHgRw1M2fX5_5alloc7raw_vecNtB5_11RawVecInner14grow_amortizedCsdgoXfPE8R7h_20signal_hook_registry"
399	105	"_RNvMs5_NtCscHgRw1M2fX5_5alloc7raw_vecNtB5_11RawVecInner11finish_growCsdgoXfPE8R7h_20signal_hook_registry"
400	66	"_RNvMNtNtCseoayFEFQqjH_6client6client6clientNtB2_6Client9construct"
401	72	"_RNvMNtNtCseoayFEFQqjH_6client6client6clientNtB2_6Client14load_on_demand"
402	110	"_RNvMs4_NtCscHgRw1M2fX5_5alloc7raw_vecINtB5_6RawVecTlNtCsdgoXfPE8R7h_20signal_hook_registry4SlotEE8grow_oneBQ_"
403	101	"_RNvMs0_NtCsdgoXfPE8R7h_20signal_hook_registry9half_lockINtB5_10WriteGuardNtB7_10SignalDataE5storeB7_"
404	67	"_RNvMNtNtCsbuLvMvCFJgq_3mio5event6eventsNtB2_6Events13with_capacity"
405	121	"_RNvXs0_NtNtNtNtCshu1YjhL9Q4t_9crossterm5event6source4unix3mioNtB5_6ParserNtNtCsc36rpYXAlPq_4core7default7Default7default"
406	63	"_RNvMs1_NtNtCseoayFEFQqjH_6client2io8ondemandNtB5_8OnDemand3new"
408	272	"_RNvXNtNtCscHgRw1M2fX5_5alloc3vec14spec_from_iterINtB4_3VeclEINtB2_12SpecFromIterlINtNtNtNtCsc36rpYXAlPq_4core4iter8adapters3map3MapINtNtNtB1q_3ops5range5RangejENCINvNtNtCseoayFEFQqjH_6client2io8ondemand14read_raw_tableNCNvMs1_B2D_NtB2D_8OnDemand3news1_0E0EE9from_iterB2H_"
409	272	"_RNvXNtNtCscHgRw1M2fX5_5alloc3vec14spec_from_iterINtB4_3VeclEINtB2_12SpecFromIterlINtNtNtNtCsc36rpYXAlPq_4core4iter8adapters3map3MapINtNtNtB1q_3ops5range5RangejENCINvNtNtCseoayFEFQqjH_6client2io8ondemand14read_raw_tableNCNvMs1_B2D_NtB2D_8OnDemand3news2_0E0EE9from_iterB2H_"
410	42	"_RNvCs6rREvFdRhLb_7___rustc12___rust_alloc"
411	196	"_RNvMs1_NtCs1lJFy7o6pGX_9hashbrown3mapINtB5_7HashMapyINtNtNtCs6ZjlLoI6YmX_3std4sync4mpsc6SenderNtNtNtCseoayFEFQqjH_6client2io8ondemand13WorkerMessageENtNtNtBV_4hash6random11RandomStateE6insertB1A_"
412	243	"_RINvMs6_NtCs1lJFy7o6pGX_9hashbrown3rawINtB6_8RawTableTyINtNtNtCs6ZjlLoI6YmX_3std4sync4mpsc6SenderNtNtNtCseoayFEFQqjH_6client2io8ondemand13WorkerMessageEEE14reserve_rehashNCINvNtB8_3map11make_hasheryBR_NtNtNtBY_4hash6random11RandomStateE0EB1D_"
413	262	"_RNvXs_NtNtCscHgRw1M2fX5_5alloc3vec21spec_from_iter_nestedINtB6_3VecIBU_lEEINtB4_18SpecFromIterNestedB13_INtNtNtNtCsc36rpYXAlPq_4core4iter8adapters3map3MapINtNtNtB1N_5slice4iter4IterB13_ENCNvNtNtCseoayFEFQqjH_6client2io8ondemand13subscribe_hubs_0EE9from_iterB36_"
414	94	"_RNvMs5_NtCscHgRw1M2fX5_5alloc7raw_vecNtB5_11RawVecInner15try_allocate_inCseoayFEFQqjH_6client"
415	127	"_RINvNtNtCs6ZjlLoI6YmX_3std6thread9lifecycle15spawn_uncheckedNCNvNtNtCseoayFEFQqjH_6client2io8ondemand13subscribe_hubs0_0uEB14_"
416	224	"_RNvMs1_NtCs1lJFy7o6pGX_9hashbrown3mapINtB5_7HashMapTNtNtCscHgRw1M2fX5_5alloc6string6StringtEINtNtBS_4sync3ArcNtNtNtCseoayFEFQqjH_6client2io8ondemand11OnDemandHubENtNtNtCs6ZjlLoI6YmX_3std4hash6random11RandomStateE6insertB1P_"
417	274	"_RINvMs6_NtCs1lJFy7o6pGX_9hashbrown3rawINtB6_8RawTableTTNtNtCscHgRw1M2fX5_5alloc6string6StringtEINtNtBV_4sync3ArcNtNtNtCseoayFEFQqjH_6client2io8ondemand11OnDemandHubEEE14reserve_rehashNCINvNtB8_3map11make_hasherBQ_B1v_NtNtNtCs6ZjlLoI6YmX_3std4hash6random11RandomStateE0EB1S_"
419	114	"_RNvMs3_NtNtCseoayFEFQqjH_6client10datastruct8linkableINtB5_5ArenaNtNtNtB9_2io8ondemand15OnDemandRequestE5allocB9_"
420	120	"_RNvMs4_NtCscHgRw1M2fX5_5alloc7raw_vecINtB5_6RawVecNtNtNtCseoayFEFQqjH_6client2io8ondemand15OnDemandRequestE8grow_oneBS_"
422	68	"_RNvMs_NtNtCseoayFEFQqjH_6client5sound5jagfxNtB4_5JagFX11load_shared"
423	272	"_RINvMNtNtCs6ZjlLoI6YmX_3std4sync9once_lockINtB3_8OnceLockTINtNtCscHgRw1M2fX5_5alloc4sync3ArcINtNtBZ_3vec3VecINtNtCsc36rpYXAlPq_4core6option6OptionNtNtNtCseoayFEFQqjH_6client5sound5jagfx5SoundEEEIBV_IB1t_lEEEE10initializeNCINvB2_11get_or_initNCNvB2m_11empty_table0E0zEB2q_"
424	327	"_RNCINvMs0_NtNtCs6ZjlLoI6YmX_3std4sync4onceNtB8_4Once15call_once_forceNCINvMNtBa_9once_lockINtB1b_8OnceLockTINtNtCscHgRw1M2fX5_5alloc4sync3ArcINtNtB1M_3vec3VecINtNtCsc36rpYXAlPq_4core6option6OptionNtNtNtCseoayFEFQqjH_6client5sound5jagfx5SoundEEEIB1I_IB2g_lEEEE10initializeNCINvB1a_11get_or_initNCNvB3a_11empty_table0E0zE0E0B3e_"
425	202	"_RNSNvYNCINvNtNtCs6ZjlLoI6YmX_3std6thread9lifecycle15spawn_uncheckedNCNvNtNtCseoayFEFQqjH_6client2io8ondemand13subscribe_hubs0_0uEs_0INtNtNtCsc36rpYXAlPq_4core3ops8function6FnOnceuE9call_once6vtableB1b_"
426	193	"_RINvNtNtCs6ZjlLoI6YmX_3std3sys9backtrace28___rust_begin_short_backtraceNCNCNCINvNtNtB6_6thread9lifecycle15spawn_uncheckedNCNvNtNtCseoayFEFQqjH_6client2io13client_stream9tcp_write0uEs_000uEB23_"
427	133	"_RINvXNtNtCscHgRw1M2fX5_5alloc3vec14spec_from_elemINtB5_3VeclENtB3_12SpecFromElem9from_elemNtNtB7_5alloc6GlobalECseoayFEFQqjH_6client"
428	138	"_RINvXNtNtCscHgRw1M2fX5_5alloc3vec14spec_from_elemINtB5_3VecIBM_lEENtB3_12SpecFromElem9from_elemNtNtB7_5alloc6GlobalECseoayFEFQqjH_6client"
429	113	"_RNvXsa_NtCscHgRw1M2fX5_5alloc3vecINtB5_3VecIBw_lEENtNtCsc36rpYXAlPq_4core5clone5Clone5cloneCseoayFEFQqjH_6client"
430	118	"_RNvXsa_NtCscHgRw1M2fX5_5alloc3vecINtB5_3VecIBw_IBw_lEEENtNtCsc36rpYXAlPq_4core5clone5Clone5cloneCseoayFEFQqjH_6client"
431	133	"_RINvXNtNtCscHgRw1M2fX5_5alloc3vec14spec_from_elemINtB5_3VechENtB3_12SpecFromElem9from_elemNtNtB7_5alloc6GlobalECseoayFEFQqjH_6client"
432	138	"_RINvXNtNtCscHgRw1M2fX5_5alloc3vec14spec_from_elemINtB5_3VecIBM_hEENtB3_12SpecFromElem9from_elemNtNtB7_5alloc6GlobalECseoayFEFQqjH_6client"
433	56	"_RNvMNtNtCseoayFEFQqjH_6client4core5worldNtB2_5World3new"
434	113	"_RNvMNtNtCseoayFEFQqjH_6client10datastruct9link_listINtB2_8LinkListNtNtNtB6_6dash3d10loc_change9LocChangeE3newB6_"
435	160	"_RNvMs4_NtCscHgRw1M2fX5_5alloc7raw_vecINtB5_6RawVecINtNtCsc36rpYXAlPq_4core6option6OptionNtNtNtCseoayFEFQqjH_6client6dash3d10loc_change9LocChangeEE8grow_oneB1u_"
436	116	"_RNvMNtNtCseoayFEFQqjH_6client10datastruct9link_listINtB2_8LinkListNtNtNtB6_6dash3d11client_proj10ClientProjE3newB6_"
437	142	"_RNvMs3_NtNtCseoayFEFQqjH_6client10datastruct8linkableINtB5_5ArenaNtNtNtB9_6dash3d11client_proj10ClientProjE5allocB9_.llvm.5441407144766399563"
438	163	"_RNvMs4_NtCscHgRw1M2fX5_5alloc7raw_vecINtB5_6RawVecINtNtCsc36rpYXAlPq_4core6option6OptionNtNtNtCseoayFEFQqjH_6client6dash3d11client_proj10ClientProjEE8grow_oneB1u_"
439	119	"_RNvMNtNtCseoayFEFQqjH_6client10datastruct9link_listINtB2_8LinkListNtNtNtB6_6dash3d13map_spot_anim11MapSpotAnimE3newB6_"
440	142	"_RINvXNtNtCscHgRw1M2fX5_5alloc3vec14spec_from_elemNtNtB7_6string6StringNtB3_12SpecFromElem9from_elemNtNtB7_5alloc6GlobalECseoayFEFQqjH_6client"
441	58	"_RNvMNtNtCseoayFEFQqjH_6client2io6packetNtB2_6Packet5alloc"
442	80	"_RNvMNtNtCseoayFEFQqjH_6client6client6clientNtB2_6Client22maininit_with_progress"
450	80	"_RNvMs1_NtNtCseoayFEFQqjH_6client8graphics5pix3dNtB5_9Pix3DDraw15cached_averages"
461	191	"_RINvMNtNtCs6ZjlLoI6YmX_3std4sync9once_lockINtB3_8OnceLockNtNtNtCseoayFEFQqjH_6client10wordfilter11word_filter6TablesE10initializeNCINvB2_11get_or_initNCNvMBV_NtBV_10WordFilter6unpack0E0zEBZ_"
462	273	"_RNCINvMs0_NtNtCs6ZjlLoI6YmX_3std4sync4onceNtB8_4Once15call_once_forceNCINvMNtBa_9once_lockINtB1b_8OnceLockNtNtNtCseoayFEFQqjH_6client10wordfilter11word_filter6TablesE10initializeNCINvB1a_11get_or_initNCNvMB1I_NtB1I_10WordFilter6unpack0E0zE0E0B1M_.llvm.15438048753611690243"
463	88	"_RNvMNtNtCseoayFEFQqjH_6client10wordfilter11word_filterNtB2_10WordFilter14read_fragments"
464	88	"_RNvMNtNtCseoayFEFQqjH_6client10wordfilter11word_filterNtB2_10WordFilter14read_bad_words"
465	139	"_RNvMs4_NtCscHgRw1M2fX5_5alloc7raw_vecINtB5_6RawVecINtNtCsc36rpYXAlPq_4core6option6OptionINtNtB7_3vec3VeclEEE8grow_oneCseoayFEFQqjH_6client"
466	86	"_RNvMNtNtCseoayFEFQqjH_6client10wordfilter11word_filterNtB2_10WordFilter12read_domains"
467	81	"_RNvMNtNtCseoayFEFQqjH_6client10wordfilter11word_filterNtB2_10WordFilter8read_tld"
468	85	"_RNvMs4_NtCscHgRw1M2fX5_5alloc7raw_vecINtB5_6RawVeclE8grow_oneCsb01T59netEQ_8wgpu_hal"
469	118	"_RNvMs5_NtCscHgRw1M2fX5_5alloc7raw_vecNtB5_11RawVecInner11finish_growCsb01T59netEQ_8wgpu_hal.llvm.12642998756741189786"
470	71	"_RNvMs_NtNtCseoayFEFQqjH_6client6dash3d10anim_frameNtB4_9AnimFrame4init"
471	155	"_RNvMs1_NtCscHgRw1M2fX5_5alloc3vecINtB5_3VecINtNtCsc36rpYXAlPq_4core6option6OptionNtNtNtCseoayFEFQqjH_6client6dash3d10anim_frame12PrivateFrameEE6resizeB1n_"
472	75	"_RNvMs1_NtNtCseoayFEFQqjH_6client2io8ondemandNtB5_8OnDemand14model_provider"
473	62	"_RNvMs0_NtNtCseoayFEFQqjH_6client6dash3d5modelNtB5_5Model4init"
475	54	"_RNvNtCseoayFEFQqjH_6client6unpack18load_snapshot_once"
476	49	"_RNvNtCseoayFEFQqjH_6client6unpack13load_snapshot"
479	64	"_RNvMs0_NtNtCseoayFEFQqjH_6client6dash3d5modelNtB5_5Model6unpack"
480	73	"_RNvMs_NtNtCseoayFEFQqjH_6client6dash3d10anim_frameNtB4_9AnimFrame6unpack"
481	67	"_RNvMs_NtNtCseoayFEFQqjH_6client6dash3d9anim_baseNtB4_8AnimBase3new"
482	67	"_RNvMs1_NtNtCseoayFEFQqjH_6client2io8ondemandNtB5_8OnDemand7request"
483	135	"_RNvMs1_NtCs1lJFy7o6pGX_9hashbrown3mapINtB5_7HashMapTllEuNtNtNtCs6ZjlLoI6YmX_3std4hash6random11RandomStateE6insertCseoayFEFQqjH_6client"
484	182	"_RINvMs6_NtCs1lJFy7o6pGX_9hashbrown3rawINtB6_8RawTableTTllEuEE14reserve_rehashNCINvNtB8_3map11make_hasherBQ_uNtNtNtCs6ZjlLoI6YmX_3std4hash6random11RandomStateE0ECseoayFEFQqjH_6client"
485	125	"_RNvMs1_NtNtNtCs6ZjlLoI6YmX_3std4sync4mpmc4listINtB5_7ChannelNtNtNtCseoayFEFQqjH_6client2io8ondemand13WorkerCommandE4sendB12_"
486	138	"_RINvNtNtCs6ZjlLoI6YmX_3std3sys9backtrace28___rust_begin_short_backtraceNCNvNtNtCseoayFEFQqjH_6client2io8ondemand13subscribe_hubs0_0uEB1f_"
487	54	"_RNvNtNtCseoayFEFQqjH_6client2io8ondemand11worker_main"
488	136	"_RNvMs3_NtNtCscHgRw1M2fX5_5alloc11collections9vec_dequeINtB5_8VecDequeNtNtNtCseoayFEFQqjH_6client2io8ondemand15OnDemandRequestE4growB1b_"
490	66	"_RNvMs4_NtNtCseoayFEFQqjH_6client2io8ondemandNtB5_6Worker8complete"
491	62	"_RNvMs4_NtNtCseoayFEFQqjH_6client2io8ondemandNtB5_6Worker4emit"
492	231	"_RINvMs0_NtCs1lJFy7o6pGX_9hashbrown3mapINtB6_7HashMapyINtNtNtCs6ZjlLoI6YmX_3std4sync4mpsc6SenderNtNtNtCseoayFEFQqjH_6client2io8ondemand13WorkerMessageENtNtNtBW_4hash6random11RandomStateE6retainNCNvMs4_B1x_NtB1x_6Worker4emits_0EB1B_"
493	125	"_RNvMs1_NtNtNtCs6ZjlLoI6YmX_3std4sync4mpmc4listINtB5_7ChannelNtNtNtCseoayFEFQqjH_6client2io8ondemand13WorkerMessageE4sendB12_"
494	72	"_RNvMNtNtCseoayFEFQqjH_6client6client6clientNtB2_6Client14on_demand_loop"
495	63	"_RNvMs1_NtNtCseoayFEFQqjH_6client2io8ondemandNtB5_8OnDemand3run"
496	114	"_RNvMNtNtCseoayFEFQqjH_6client10datastruct9link_listINtB2_8LinkListNtNtNtB6_2io8ondemand15OnDemandRequestE4pushB6_"
497	73	"_RNvMs1_NtNtCseoayFEFQqjH_6client2io8ondemandNtB5_8OnDemand12loop_request"
498	119	"_RNvMNtNtCseoayFEFQqjH_6client10datastruct9link_listINtB2_8LinkListNtNtNtB6_2io8ondemand15OnDemandRequestE9pop_frontB6_"
499	113	"_RNvMs3_NtNtCseoayFEFQqjH_6client10datastruct8linkableINtB5_5ArenaNtNtNtB9_2io8ondemand15OnDemandRequestE4takeB9_"
500	73	"_RNvNtNtCseoayFEFQqjH_6client2io8ondemand6gunzip.llvm.1030871111924005195"
504	121	"_RINvNtCs6ZjlLoI6YmX_3std2io19default_read_to_endINtNtNtCsizTmDycybpQ_6flate22gz4read9GzDecoderRShEECseoayFEFQqjH_6client"
506	45	"_RNvCs3JBA3HkGT3V_9host_play15wait_for_permit"
507	72	"_RNvMNtCsaibypAdu8fX_4host11login_queueNtB2_10LoginQueue14request_permit"
508	96	"_RNvMs3_NtNtCscHgRw1M2fX5_5alloc11collections9vec_dequeINtB5_8VecDequelE4growCsaibypAdu8fX_4host"
509	205	"_RINvMs6_NtCs1lJFy7o6pGX_9hashbrown3rawINtB6_8RawTableTlNtNtCsaibypAdu8fX_4host11login_queue8UidStateEE14reserve_rehashNCINvNtB8_3map11make_hasherlBR_NtNtNtCs6ZjlLoI6YmX_3std4hash6random11RandomStateE0EBV_"
510	130	"_RNvMs3_NtNtCscHgRw1M2fX5_5alloc11collections9vec_dequeINtB5_8VecDequeNtNtCs6ZjlLoI6YmX_3std4time7InstantE4growCsaibypAdu8fX_4host"
511	115	"_RNvMs4_NtCscHgRw1M2fX5_5alloc7raw_vecINtB5_6RawVecNtNtCs6ZjlLoI6YmX_3std4time7InstantE8grow_oneCsaibypAdu8fX_4host"
512	114	"_RNvMs5_NtCscHgRw1M2fX5_5alloc7raw_vecNtB5_11RawVecInner11finish_growCsaibypAdu8fX_4host.llvm.17699297986347281159"
513	62	"_RNvMNtNtCseoayFEFQqjH_6client6client6clientNtB2_6Client5login"
514	77	"_RNvMs_NtNtCseoayFEFQqjH_6client2io13client_streamNtB4_12ClientStream7connect"
515	75	"_RNvMs_NtNtCseoayFEFQqjH_6client2io13client_streamNtB4_12ClientStream5write"
516	137	"_RINvMNtNtCs6ZjlLoI6YmX_3std6thread7builderNtB3_7Builder15spawn_uncheckedNCNvNtNtCseoayFEFQqjH_6client2io13client_stream9tcp_write0uEB1g_"
517	125	"_RINvNtNtCs6ZjlLoI6YmX_3std6thread9lifecycle15spawn_uncheckedNCNvNtNtCseoayFEFQqjH_6client2io13client_stream9tcp_write0uEB14_"
518	200	"_RNSNvYNCINvNtNtCs6ZjlLoI6YmX_3std6thread9lifecycle15spawn_uncheckedNCNvNtNtCseoayFEFQqjH_6client2io13client_stream9tcp_write0uEs_0INtNtNtCsc36rpYXAlPq_4core3ops8function6FnOnceuE9call_once6vtableB1b_"
541	115	"_RNvXs2_NtNtCseoayFEFQqjH_6client6dash3d13client_playerNtB5_12ClientPlayerNtNtCsc36rpYXAlPq_4core5clone5Clone5clone"
542	115	"_RNvXs0_NtNtCseoayFEFQqjH_6client6dash3d13client_entityNtB5_12ClientEntityNtNtCsc36rpYXAlPq_4core5clone5Clone5clone"
543	48	"_RNvNtCscHgRw1M2fX5_5alloc5boxed14box_new_uninit"
544	119	"_RINvMCsaibypAdu8fX_4hostNtB3_4Host10run_clientNCNCNvCs3JBA3HkGT3V_9host_play17spawn_slot_thread0s_0NCBK_s0_0NCBK_0EBO_"
546	105	"_RINvMCsaibypAdu8fX_4hostNtB3_4Host11client_tickNCNCNvCs3JBA3HkGT3V_9host_play17spawn_slot_thread0s_0EBP_"
547	51	"_RNvNtCs3JBA3HkGT3V_9host_play6memory12client_frame"
548	74	"_RNvMNtCs50mG4W4lMfe_8scenario6runnerNtB2_14ScenarioRunner14tick_with_hold"
549	64	"_RNvMs1_NtCsjCVkXGB5m1G_3api8snapshotNtB5_12GameSnapshot7rebuild"
550	72	"_RNvMs1_NtCsjCVkXGB5m1G_3api8snapshotNtB5_12GameSnapshot14rebuild_family"
551	132	"_RINvNvMs2_NtCscHgRw1M2fX5_5alloc7raw_vecINtB8_11RawVecInnerpE7reserve21do_reserve_and_handleNtNtBa_5alloc6GlobalECsjCVkXGB5m1G_3api"
552	113	"_RNvMs5_NtCscHgRw1M2fX5_5alloc7raw_vecNtB5_11RawVecInner11finish_growCsjCVkXGB5m1G_3api.llvm.11755077370044638282"
553	66	"_RNCNvMNtCsh45fz8A1of3_3tui3binNtB4_10TuiSession10start_plays_0B6_"
554	228	"_RNvMNtCs1lJFy7o6pGX_9hashbrown11rustc_entryINtNtB4_3map7HashMapNtNtCscHgRw1M2fX5_5alloc6string6StringNtNtCsjCVkXGB5m1G_3api8snapshot12GameSnapshotNtNtNtCs6ZjlLoI6YmX_3std4hash6random11RandomStateE11rustc_entryCsh45fz8A1of3_3tui"
555	260	"_RINvMs6_NtCs1lJFy7o6pGX_9hashbrown3rawINtB6_8RawTableTNtNtCscHgRw1M2fX5_5alloc6string6StringNtNtCsjCVkXGB5m1G_3api8snapshot12GameSnapshotEE14reserve_rehashNCINvNtB8_3map11make_hasherBQ_B1s_NtNtNtCs6ZjlLoI6YmX_3std4hash6random11RandomStateE0ECsh45fz8A1of3_3tui"
556	48	"_RNvMCsaibypAdu8fX_4hostNtB2_4Host12client_frame"
557	65	"_RNvMNtNtCseoayFEFQqjH_6client6client6clientNtB2_6Client8mainloop"
558	66	"_RNvMNtNtCseoayFEFQqjH_6client6client6clientNtB2_6Client9game_loop"
559	70	"_RNvMNtNtCseoayFEFQqjH_6client6client6clientNtB2_6Client12move_players"
560	63	"_RNvMNtNtCseoayFEFQqjH_6client6client6clientNtB2_6Client6tcp_in"
561	71	"_RNvMNtNtCseoayFEFQqjH_6client6client6clientNtB2_6Client13handle_packet"
562	73	"_RNvMNtNtCseoayFEFQqjH_6client6client6clientNtB2_6Client15dispatch_packet"
563	124	"_RINvXs_NtNtCscHgRw1M2fX5_5alloc3vec14spec_from_elemlNtB5_12SpecFromElem9from_elemNtNtB9_5alloc6GlobalECseoayFEFQqjH_6client"
564	51	"_RNvCsaibypAdu8fX_4host26drain_and_rebuild_snapshot"
565	172	"_RINvXNvMNtCscHgRw1M2fX5_5alloc5sliceSp9to_vec_inINtNtCsc36rpYXAlPq_4core6option6OptionNtNtB8_6string6StringENtB3_10ConvertVec6to_vecNtNtB8_5alloc6GlobalECsjCVkXGB5m1G_3api"
566	282	"_RNvXs_NtNtCscHgRw1M2fX5_5alloc3vec21spec_from_iter_nestedINtB6_3VecNtNtCsjCVkXGB5m1G_3api8snapshot8VarpViewEINtB4_18SpecFromIterNestedB13_INtNtNtNtCsc36rpYXAlPq_4core4iter8adapters3map3MapINtNtNtB2l_3ops5range5RangejENCNvMs1_B15_NtB15_12GameSnapshot13rebuild_varps0EE9from_iterB17_"
567	281	"_RNvXs_NtNtCscHgRw1M2fX5_5alloc3vec21spec_from_iter_nestedINtB6_3VecNtNtCsjCVkXGB5m1G_3api8snapshot8StatViewEINtB4_18SpecFromIterNestedB13_INtNtNtNtCsc36rpYXAlPq_4core4iter8adapters3map3MapINtNtNtB2l_3ops5range5RangejENCNvMs1_B15_NtB15_12GameSnapshot12rebuild_stat0EE9from_iterB17_"
568	322	"_RINvXs0_NtNtNtCsc36rpYXAlPq_4core4iter8adapters3mapINtB6_3MapINtNtNtBc_3ops5range5RangejENCNvMs1_NtCsjCVkXGB5m1G_3api8snapshotNtB1x_12GameSnapshot12rebuild_stat0ENtNtNtBa_6traits8iterator8Iterator4folduNCINvNvB2A_8for_each4callNtB1x_8StatViewNCINvMsj_NtCscHgRw1M2fX5_5alloc3vecINtB41_3VecB3D_E14extend_trustedBN_E0E0EB1z_"
569	243	"_RNvXs_NtNtCscHgRw1M2fX5_5alloc3vec21spec_from_iter_nestedINtB6_3VeclEINtB4_18SpecFromIterNestedlINtNtNtNtCsc36rpYXAlPq_4core4iter8adapters6copied6CopiedINtNtB1B_7flatten7FlattenINtNtNtB1F_5slice4iter4IterAlj68_EEEE9from_iterCsjCVkXGB5m1G_3api"
571	108	"_RNvMs4_NtCscHgRw1M2fX5_5alloc7raw_vecINtB5_6RawVecNtNtCsjCVkXGB5m1G_3api8snapshot11SideTabViewE8grow_oneBQ_"
572	55	"_RNvNtNtCseoayFEFQqjH_6client6client6client10grow_write"
573	76	"_RNvMNtNtCseoayFEFQqjH_6client6client6clientNtB2_6Client18apply_message_game"
574	58	"_RNvMNtNtCseoayFEFQqjH_6client2io6packetNtB2_6Packet5gjstr"
575	65	"_RNvMNtNtCseoayFEFQqjH_6client6client6clientNtB2_6Client8add_chat"
576	74	"_RNvMNtNtCseoayFEFQqjH_6client6client6clientNtB2_6Client16apply_clientcode"
577	222	"_RINvMNtNtCs6ZjlLoI6YmX_3std4sync9once_lockINtB3_8OnceLockINtNtCscHgRw1M2fX5_5alloc5boxed3BoxAlj10000_EE10initializeNCINvB2_11get_or_initNCNvMNtNtCseoayFEFQqjH_6client8graphics5pix3dNtB2f_5Pix3D17init_colour_table0E0zEB2j_"
578	301	"_RNCINvMs0_NtNtCs6ZjlLoI6YmX_3std4sync4onceNtB8_4Once15call_once_forceNCINvMNtBa_9once_lockINtB1b_8OnceLockINtNtCscHgRw1M2fX5_5alloc5boxed3BoxAlj10000_EE10initializeNCINvB1a_11get_or_initNCNvMNtNtCseoayFEFQqjH_6client8graphics5pix3dNtB33_5Pix3D17init_colour_table0E0zE0E0B37_.llvm.15438048753611690243"
579	81	"_RNvMs_NtNtCseoayFEFQqjH_6client6config8obj_typeNtB4_7ObjType18clear_sprite_cache"
580	208	"_RINvMNtNtCs6ZjlLoI6YmX_3std4sync9once_lockINtB3_8OnceLockINtNtNtB5_6poison5mutex5MutexNtNtNtCseoayFEFQqjH_6client6dash3d5store10ModelStoreEE10initializeNCINvB2_11get_or_initNCNvMs2_B1o_B1m_8instance0E0zEB1s_"
581	287	"_RNCINvMs0_NtNtCs6ZjlLoI6YmX_3std4sync4onceNtB8_4Once15call_once_forceNCINvMNtBa_9once_lockINtB1b_8OnceLockINtNtNtBa_6poison5mutex5MutexNtNtNtCseoayFEFQqjH_6client6dash3d5store10ModelStoreEE10initializeNCINvB1a_11get_or_initNCNvMs2_B2b_B29_8instance0E0zE0E0B2f_.llvm.15438048753611690243"
582	110	"_RNvMNtNtCseoayFEFQqjH_6client10datastruct9lru_cacheINtB2_8LruCacheNtNtNtB6_6dash3d5store11SharedModelE3newB6_"
583	113	"_RNvMNtNtCseoayFEFQqjH_6client10datastruct10hash_tableINtB2_9HashTableNtNtNtB6_6dash3d5store11SharedModelE3newB6_"
584	117	"_RNvXs_NtNtCseoayFEFQqjH_6client6dash3d5storeNtB4_11SharedModelNtNtNtB8_10datastruct8linkable13LinkableTrait8sentinel"
585	111	"_RNvMs3_NtNtCseoayFEFQqjH_6client10datastruct8linkableINtB5_5ArenaNtNtNtB9_6dash3d5store11SharedModelE5allocB9_"
586	157	"_RNvMs4_NtCscHgRw1M2fX5_5alloc7raw_vecINtB5_6RawVecINtNtCsc36rpYXAlPq_4core6option6OptionNtNtNtCseoayFEFQqjH_6client6config8loc_type9CachedLocEE8grow_oneB1u_"
587	111	"_RNvMNtNtCseoayFEFQqjH_6client10datastruct9lru_cacheINtB2_8LruCacheNtNtNtB6_6dash3d5store12SharedSpriteE3newB6_"
588	114	"_RNvMNtNtCseoayFEFQqjH_6client10datastruct10hash_tableINtB2_9HashTableNtNtNtB6_6dash3d5store12SharedSpriteE3newB6_"
589	112	"_RNvMs3_NtNtCseoayFEFQqjH_6client10datastruct8linkableINtB5_5ArenaNtNtNtB9_6dash3d5store12SharedSpriteE5allocB9_"
590	109	"_RNvMs4_NtCscHgRw1M2fX5_5alloc7raw_vecINtB5_6RawVecNtNtCsjCVkXGB5m1G_3api8snapshot12ChatLineViewE8grow_oneBQ_"
591	197	"_RNvMsB_NtCscHgRw1M2fX5_5alloc4syncINtB5_3ArcINtNtB7_3vec3VecINtNtCsc36rpYXAlPq_4core6option6OptionIBx_NtNtNtCseoayFEFQqjH_6client6config7if_type9IfTypeMutEEEE8make_mutB1I_.llvm.1157675864616003497"
592	182	"_RNvMsk_NtCscHgRw1M2fX5_5alloc4syncINtB5_3ArcINtNtB7_3vec3VecINtNtCsc36rpYXAlPq_4core6option6OptionIBx_NtNtNtCseoayFEFQqjH_6client6config7if_type9IfTypeMutEEEE17clone_from_ref_inB1I_"
593	135	"_RNvMsB_NtCscHgRw1M2fX5_5alloc4syncINtB5_3ArcNtNtNtCseoayFEFQqjH_6client6config7if_type9IfTypeMutE8make_mutBM_.llvm.1157675864616003497"
594	120	"_RNvMsk_NtCscHgRw1M2fX5_5alloc4syncINtB5_3ArcNtNtNtCseoayFEFQqjH_6client6config7if_type9IfTypeMutE17clone_from_ref_inBM_"
595	51	"_RNvNtCsjCVkXGB5m1G_3api8snapshot16walk_widget_tree"
596	107	"_RNvMs4_NtCscHgRw1M2fX5_5alloc7raw_vecINtB5_6RawVecNtNtCsjCVkXGB5m1G_3api8snapshot10WidgetViewE8grow_oneBQ_"
598	110	"_RNvXsa_NtCscHgRw1M2fX5_5alloc3vecINtB5_3VecIBw_lEENtNtCsc36rpYXAlPq_4core5clone5Clone5cloneCsjCVkXGB5m1G_3api"
599	118	"_RNvMs4_NtCscHgRw1M2fX5_5alloc7raw_vecINtB5_6RawVecNtNtCsjCVkXGB5m1G_3api8snapshot21WidgetVarpBindingViewE8grow_oneBQ_"
600	72	"_RNvMNtNtCseoayFEFQqjH_6client6client6clientNtB2_6Client14get_player_pos"
601	90	"_RNvMs1_NtNtCseoayFEFQqjH_6client6dash3d13client_playerNtB5_12ClientPlayer14set_appearance"
602	199	"_RINvMNtNtCs6ZjlLoI6YmX_3std4sync9once_lockINtB3_8OnceLockAINtNtCscHgRw1M2fX5_5alloc3vec3VeclEj5_E10initializeNCINvB2_11get_or_initNCNvNtNtCseoayFEFQqjH_6client6dash3d13client_player7recol1d0E0zEB2c_"
603	278	"_RNCINvMs0_NtNtCs6ZjlLoI6YmX_3std4sync4onceNtB8_4Once15call_once_forceNCINvMNtBa_9once_lockINtB1b_8OnceLockAINtNtCscHgRw1M2fX5_5alloc3vec3VeclEj5_E10initializeNCINvB1a_11get_or_initNCNvNtNtCseoayFEFQqjH_6client6dash3d13client_player7recol1d0E0zE0E0B30_.llvm.15438048753611690243"
605	72	"_RNvMNtNtCseoayFEFQqjH_6client4util7jstringNtB2_7JString14to_screen_name"
607	206	"_RINvXs5_NtCscHgRw1M2fX5_5alloc6stringNtB6_6StringINtNtNtNtCsc36rpYXAlPq_4core4iter6traits7collect12FromIteratorcE9from_iterINtNtNtB8_3vec9into_iter8IntoItercEECseoayFEFQqjH_6client.llvm.8108356114988649577"
608	69	"_RNvMNtNtCseoayFEFQqjH_6client6client6clientNtB2_6Client11get_npc_pos"
609	66	"_RNvMNtNtCseoayFEFQqjH_6client6client6clientNtB2_6Client9move_npcs"
610	148	"_RNvXsa_NtCscHgRw1M2fX5_5alloc3vecINtB5_3VecINtNtCsc36rpYXAlPq_4core6option6OptionNtNtB7_6string6StringEENtNtBK_5clone5Clone5cloneCsjCVkXGB5m1G_3api"
615	75	"_RNvMNtNtCseoayFEFQqjH_6client6client6clientNtB2_6Client17apply_if_openmain"
616	71	"_RNvMNtNtCseoayFEFQqjH_6client6client6clientNtB2_6Client13if_anim_reset"
619	345	"_RNvXNtNtCscHgRw1M2fX5_5alloc3vec21spec_from_iter_nestedINtB4_3VecTNtNtB6_6string6StringlEEINtB2_18SpecFromIterNestedB11_INtNtNtNtCsc36rpYXAlPq_4core4iter8adapters3map3MapINtNtB1Z_6filter6FilterINtNtNtB23_5slice4iter4IterNtNtCsjCVkXGB5m1G_3api8snapshot8StatViewENCNvMNtCsh45fz8A1of3_3tui3binNtB4g_10TuiSession4pumps3_0ENCB4d_s4_0EE9from_iterB4i_"
620	63	"_RNvXs9_NtNtNtCsc36rpYXAlPq_4core3fmt3num3implNtB9_7Display3fmt"
621	304	"_RNvXs_NtNtCscHgRw1M2fX5_5alloc3vec21spec_from_iter_nestedINtB6_3VecNtNtB8_6string6StringEINtB4_18SpecFromIterNestedB13_INtNtNtNtCsc36rpYXAlPq_4core4iter8adapters3map3MapINtNtB1Y_4take4TakeINtNtNtB22_5slice4iter4IterTB13_lEEENCNvMs0_NtCsh45fz8A1of3_3tui3appNtB3I_6TuiApp13draw_inv_locss_0EE9from_iterB3K_"
622	69	"_RNvMNtNtCseoayFEFQqjH_6client6client6clientNtB2_6Client11check_scene"
626	77	"_RNvMs_NtNtCseoayFEFQqjH_6client4core5buildNtB4_11ClientBuild14load_locations"
627	90	"_RNvMNtNtCseoayFEFQqjH_6client4core5worldNtB2_5World10set_sprite.llvm.15819653318954751376"
628	152	"_RNvMs4_NtCscHgRw1M2fX5_5alloc7raw_vecINtB5_6RawVecINtNtCsc36rpYXAlPq_4core6option6OptionNtNtNtCseoayFEFQqjH_6client6dash3d6sprite6SpriteEE8grow_oneB1u_"
629	80	"_RNvMs0_NtNtCseoayFEFQqjH_6client6config8loc_typeNtB5_7LocType16get_model_shared"
630	239	"_RINvMNtNtCs6ZjlLoI6YmX_3std4sync9once_lockINtB3_8OnceLockINtNtNtB5_6poison5mutex5MutexINtNtNtCseoayFEFQqjH_6client10datastruct9lru_cache8LruCacheNtNtNtB1t_6config8loc_type9CachedLocEEE10initializeNCINvB2_11get_or_initNCNvB2l_3mc20E0zEB1t_"
631	318	"_RNCINvMs0_NtNtCs6ZjlLoI6YmX_3std4sync4onceNtB8_4Once15call_once_forceNCINvMNtBa_9once_lockINtB1b_8OnceLockINtNtNtBa_6poison5mutex5MutexINtNtNtCseoayFEFQqjH_6client10datastruct9lru_cache8LruCacheNtNtNtB2g_6config8loc_type9CachedLocEEE10initializeNCINvB1a_11get_or_initNCNvB38_3mc20E0zE0E0B2g_.llvm.15438048753611690243"
632	110	"_RNvMNtNtCseoayFEFQqjH_6client10datastruct9lru_cacheINtB2_8LruCacheNtNtNtB6_6config8loc_type9CachedLocE3newB6_"
633	113	"_RNvMNtNtCseoayFEFQqjH_6client10datastruct10hash_tableINtB2_9HashTableNtNtNtB6_6config8loc_type9CachedLocE3newB6_"
634	115	"_RNvXNtNtCseoayFEFQqjH_6client6config8loc_typeNtB2_9CachedLocNtNtNtB6_10datastruct8linkable13LinkableTrait8sentinel"
635	111	"_RNvMs3_NtNtCseoayFEFQqjH_6client10datastruct8linkableINtB5_5ArenaNtNtNtB9_6config8loc_type9CachedLocE5allocB9_"
636	239	"_RINvMNtNtCs6ZjlLoI6YmX_3std4sync9once_lockINtB3_8OnceLockINtNtNtB5_6poison5mutex5MutexINtNtNtCseoayFEFQqjH_6client10datastruct9lru_cache8LruCacheNtNtNtB1t_6config8loc_type9CachedLocEEE10initializeNCINvB2_11get_or_initNCNvB2l_3mc10E0zEB1t_"
637	318	"_RNCINvMs0_NtNtCs6ZjlLoI6YmX_3std4sync4onceNtB8_4Once15call_once_forceNCINvMNtBa_9once_lockINtB1b_8OnceLockINtNtNtBa_6poison5mutex5MutexINtNtNtCseoayFEFQqjH_6client10datastruct9lru_cache8LruCacheNtNtNtB2g_6config8loc_type9CachedLocEEE10initializeNCINvB1a_11get_or_initNCNvB38_3mc10E0zE0E0B2g_.llvm.15438048753611690243"
638	62	"_RNvMs0_NtNtCseoayFEFQqjH_6client6dash3d5modelNtB5_5Model4load"
639	70	"_RNvMs0_NtNtCseoayFEFQqjH_6client6dash3d5modelNtB5_5Model11load_shared"
640	66	"_RNvMs0_NtNtCseoayFEFQqjH_6client6dash3d5modelNtB5_5Model8load_raw"
641	78	"_RNvMs2_NtNtCseoayFEFQqjH_6client6dash3d5storeNtB5_10ModelStore13publish_model"
642	177	"_RINvMs6_NtCs1lJFy7o6pGX_9hashbrown3rawINtB6_8RawTableTxjEE14reserve_rehashNCINvNtB8_3map11make_hasherxjNtNtNtCs6ZjlLoI6YmX_3std4hash6random11RandomStateE0ECseoayFEFQqjH_6client"
643	72	"_RNvMs0_NtNtCseoayFEFQqjH_6client6dash3d5modelNtB5_5Model13copy_for_anim"
644	76	"_RNvMs0_NtNtCseoayFEFQqjH_6client6dash3d5modelNtB5_5Model17calculate_normals"
646	61	"_RNvMNtNtCseoayFEFQqjH_6client4core5worldNtB2_5World8set_wall"
647	62	"_RNvMNtNtCseoayFEFQqjH_6client4core5worldNtB2_5World9set_decor"
648	110	"_RNvMNtNtCseoayFEFQqjH_6client10datastruct9lru_cacheINtB2_8LruCacheNtNtNtB6_6config8loc_type9CachedLocE3putB6_"
649	70	"_RNvMNtNtCseoayFEFQqjH_6client4core5worldNtB2_5World16set_ground_decor"
650	75	"_RNvMs_NtNtCseoayFEFQqjH_6client4core5buildNtB4_11ClientBuild12finish_build"
651	64	"_RNvMNtNtCseoayFEFQqjH_6client4core5worldNtB2_5World10set_ground"
652	68	"_RNvMs1_NtNtCseoayFEFQqjH_6client2io8ondemandNtB5_8OnDemand8prefetch"
653	103	"_RNvMs4_NtCscHgRw1M2fX5_5alloc7raw_vecINtB5_6RawVecNtNtCsjCVkXGB5m1G_3api8snapshot7LocViewE8grow_oneBQ_"
654	324	"_RNvXNtNtCscHgRw1M2fX5_5alloc3vec21spec_from_iter_nestedINtB4_3VecTlNtNtB6_6string6StringEEINtB2_18SpecFromIterNestedB11_INtNtNtNtCsc36rpYXAlPq_4core4iter8adapters10filter_map9FilterMapINtNtNtB23_5slice4iter4IterNtNtCsjCVkXGB5m1G_3api8snapshot7LocViewENCNvMNtCsh45fz8A1of3_3tui3binNtB46_10TuiSession4pumps5_0EE9from_iterB48_"
657	69	"_RNvMNtNtCseoayFEFQqjH_6client6client6clientNtB2_6Client11zone_packet"
658	113	"_RNvMNtNtCseoayFEFQqjH_6client10datastruct9link_listINtB2_8LinkListNtNtNtB6_6dash3d10client_obj9ClientObjE3newB6_"
659	160	"_RNvMs4_NtCscHgRw1M2fX5_5alloc7raw_vecINtB5_6RawVecINtNtCsc36rpYXAlPq_4core6option6OptionNtNtNtCseoayFEFQqjH_6client6dash3d10client_obj9ClientObjEE8grow_oneB1u_"
660	69	"_RNvMNtNtCseoayFEFQqjH_6client6client6clientNtB2_6Client11show_object"
661	60	"_RNvMNtNtCseoayFEFQqjH_6client4core5worldNtB2_5World7set_obj"
662	203	"_RINvMNtNtCseoayFEFQqjH_6client10datastruct9link_listINtB3_8LinkListNtNtNtB7_6dash3d10client_obj9ClientObjE8for_eachNCNvMs1_NtCsjCVkXGB5m1G_3api8snapshotNtB1X_12GameSnapshot20rebuild_ground_itemss_0EB1Z_"
663	48	"_RNvNtCsjCVkXGB5m1G_3api8snapshot13item_def_view"
664	45	"_RNvNtCsjCVkXGB5m1G_3api8snapshot10ground_ops"
665	111	"_RNvMs4_NtCscHgRw1M2fX5_5alloc7raw_vecINtB5_6RawVecNtNtCsjCVkXGB5m1G_3api8snapshot14GroundItemViewE8grow_oneBQ_"
669	63	"_RNvMNtNtCseoayFEFQqjH_6client6client6clientNtB2_6Client6logout"
670	111	"_RNvMs4_NtCscHgRw1M2fX5_5alloc7raw_vecINtB5_6RawVecNtNtCsjCVkXGB5m1G_3api8snapshot14ChatOptionViewE8grow_oneBQ_"
674	62	"_RNvMNtNtCseoayFEFQqjH_6client4core5worldNtB2_5World9push_down"
675	326	"_RNvXNtNtCscHgRw1M2fX5_5alloc3vec21spec_from_iter_nestedINtB4_3VecTllEEINtB2_18SpecFromIterNestedB11_INtNtNtNtCsc36rpYXAlPq_4core4iter8adapters3map3MapINtNtB1F_6filter6FilterINtNtB1F_3zip3ZipINtNtNtB1J_5slice4iter4IterlEB32_ENCNvMs1_NtCsjCVkXGB5m1G_3api8snapshotNtB3I_12GameSnapshot11rebuild_invs0_0ENCB3C_s1_0EE9from_iterB3K_"
676	43	"_RNvNtCsjCVkXGB5m1G_3api8snapshot9item_view"
677	104	"_RNvMs4_NtCscHgRw1M2fX5_5alloc7raw_vecINtB5_6RawVecNtNtCsjCVkXGB5m1G_3api8snapshot8ItemViewE8grow_oneBQ_"
678	53	"_RNvNtCsjCVkXGB5m1G_3api8snapshot18read_inv_component"
679	75	"_RNvMNtNtCseoayFEFQqjH_6client6client6clientNtB2_6Client17apply_if_openchat"
680	313	"_RNvXs_NtNtCscHgRw1M2fX5_5alloc3vec21spec_from_iter_nestedINtB6_3VecTNtNtB8_6string6StringlEEINtB4_18SpecFromIterNestedB13_INtNtNtNtCsc36rpYXAlPq_4core4iter8adapters3map3MapINtNtNtB25_5slice4iter4IterNtNtCsjCVkXGB5m1G_3api8snapshot8ItemViewENCNvMNtCsh45fz8A1of3_3tui3binNtB3V_10TuiSession4pumps2_0EE9from_iterB3X_"
681	355	"_RINvXs0_NtNtNtCsc36rpYXAlPq_4core4iter8adapters3mapINtB6_3MapINtNtNtBc_5slice4iter4IterNtNtCsjCVkXGB5m1G_3api8snapshot8ItemViewENCNvMNtCsh45fz8A1of3_3tui3binNtB27_10TuiSession4pumps2_0ENtNtNtBa_6traits8iterator8Iterator4folduNCINvNvB2X_8for_each4callTNtNtCscHgRw1M2fX5_5alloc6string6StringlENCINvMsj_NtB45_3vecINtB4O_3VecB40_E14extend_trustedBN_E0E0EB29_"
682	302	"_RNvXs_NtNtCscHgRw1M2fX5_5alloc3vec21spec_from_iter_nestedINtB6_3VecNtNtB8_6string6StringEINtB4_18SpecFromIterNestedB13_INtNtNtNtCsc36rpYXAlPq_4core4iter8adapters3map3MapINtNtB1Y_4take4TakeINtNtNtB22_5slice4iter4IterTB13_lEEENCNvMs0_NtCsh45fz8A1of3_3tui3appNtB3I_6TuiApp13draw_inv_locs0EE9from_iterB3K_"
683	64	"_RNvMs3_NtCs3JBA3HkGT3V_9host_play6memoryNtB5_3Run12start_script"
687	78	"_RNvMs_NtCs8BNLh0y6PrD_6script4slotNtB4_10SlotScript24start_load_with_loadouts"
688	100	"_RNvMNtNtCs8BNLh0y6PrD_6script4load7isolateNtB2_11LoadIsolate11spawn_inner.llvm.10162164984311073036"
689	58	"_RNvNtCs46fkt1xHg5P_11rustyscript9utilities13init_platform"
690	230	"v8::platform::NewDefaultPlatform(int, v8::platform::IdleTaskSupport, v8::platform::InProcessStackDumping, std::__Cr::unique_ptr<v8::TracingController, std::__Cr::default_delete<v8::TracingController> >, v8::platform::PriorityMode)"
691	27	"operator new(unsigned long)"
692	207	"v8::platform::DefaultPlatform::DefaultPlatform(int, v8::platform::IdleTaskSupport, std::__Cr::unique_ptr<v8::TracingController, std::__Cr::default_delete<v8::TracingController> >, v8::platform::PriorityMode)"
693	61	"v8::platform::tracing::TracingController::TracingController()"
694	70	"v8::platform::DefaultPlatform::EnsureBackgroundTaskRunnerInitialized()"
695	132	"v8::platform::DefaultWorkerThreadsTaskRunner::DefaultWorkerThreadsTaskRunner(unsigned int, double (*)(), v8::base::Thread::Priority)"
696	58	"v8::base::Thread::Thread(v8::base::Thread::Options const&)"
697	25	"v8::base::Thread::Start()"
698	913	"std::__Cr::unique_ptr<v8::platform::DefaultWorkerThreadsTaskRunner::WorkerThread, std::__Cr::default_delete<v8::platform::DefaultWorkerThreadsTaskRunner::WorkerThread> >& std::__Cr::vector<std::__Cr::unique_ptr<v8::platform::DefaultWorkerThreadsTaskRunner::WorkerThread, std::__Cr::default_delete<v8::platform::DefaultWorkerThreadsTaskRunner::WorkerThread> >, std::__Cr::allocator<std::__Cr::unique_ptr<v8::platform::DefaultWorkerThreadsTaskRunner::WorkerThread, std::__Cr::default_delete<v8::platform::DefaultWorkerThreadsTaskRunner::WorkerThread> > > >::emplace_back<std::__Cr::unique_ptr<v8::platform::DefaultWorkerThreadsTaskRunner::WorkerThread, std::__Cr::default_delete<v8::platform::DefaultWorkerThreadsTaskRunner::WorkerThread> > >(std::__Cr::unique_ptr<v8::platform::DefaultWorkerThreadsTaskRunner::WorkerThread, std::__Cr::default_delete<v8::platform::DefaultWorkerThreadsTaskRunner::WorkerThread> >&&)"
699	89	"_RNvXs0_NtCs3ffjLCRwtey_2v88platformNtB5_8PlatformNtNtB7_7support6Shared15from_unique_ptr"
700	55	"std__shared_ptr__v8__Platform__CONVERT__std__unique_ptr"
701	54	"_RNvNtNtCs5bJpdm632qa_9deno_core7runtime5setup7init_v8"
702	150	"_RNCINvMs0_NtNtCs6ZjlLoI6YmX_3std4sync4onceNtB8_4Once9call_onceNCNvNtNtCs5bJpdm632qa_9deno_core7runtime5setup7init_v80E0B16_.llvm.14098117657980486879"
703	22	"udata_setCommonData_74"
704	56	"setCommonICUData(UDataMemory*, signed char, UErrorCode*)"
705	32	"UDataMemory_createNewInstance_74"
707	52	"operator new[](unsigned long, std::nothrow_t const&)"
708	28	"v8::base::ThreadEntry(void*)"
709	65	"v8::platform::DefaultWorkerThreadsTaskRunner::WorkerThread::Run()"
710	361	"v8::platform::DefaultWorkerThreadsTaskRunner::WorkerThread*& std::__Cr::vector<v8::platform::DefaultWorkerThreadsTaskRunner::WorkerThread*, std::__Cr::allocator<v8::platform::DefaultWorkerThreadsTaskRunner::WorkerThread*> >::emplace_back<v8::platform::DefaultWorkerThreadsTaskRunner::WorkerThread*>(v8::platform::DefaultWorkerThreadsTaskRunner::WorkerThread*&&)"
711	47	"_RNvNtCs3ffjLCRwtey_2v82V819initialize_platform"
712	51	"v8::internal::V8::InitializePlatform(v8::Platform*)"
713	45	"v8::tracing::TracingCategoryObserver::SetUp()"
714	107	"v8::platform::tracing::TracingController::AddTraceStateObserver(v8::TracingController::TraceStateObserver*)"
715	610	"std::__Cr::pair<std::__Cr::__hash_iterator<std::__Cr::__hash_node<v8::TracingController::TraceStateObserver*, void*>*>, bool> std::__Cr::__hash_table<v8::TracingController::TraceStateObserver*, std::__Cr::hash<v8::TracingController::TraceStateObserver*>, std::__Cr::equal_to<v8::TracingController::TraceStateObserver*>, std::__Cr::allocator<v8::TracingController::TraceStateObserver*> >::__emplace_unique_key_args<v8::TracingController::TraceStateObserver*, v8::TracingController::TraceStateObserver* const&>(v8::TracingController::TraceStateObserver* const&, v8::TracingController::TraceStateObserver* const&)"
716	299	"void std::__Cr::__hash_table<v8::TracingController::TraceStateObserver*, std::__Cr::hash<v8::TracingController::TraceStateObserver*>, std::__Cr::equal_to<v8::TracingController::TraceStateObserver*>, std::__Cr::allocator<v8::TracingController::TraceStateObserver*> >::__do_rehash<true>(unsigned long)"
717	38	"_RNvNtCs3ffjLCRwtey_2v82V810initialize"
718	23	"v8::V8::Initialize(int)"
719	30	"v8::internal::V8::Initialize()"
729	71	"v8::internal::ThreadIsolation::Initialize(v8::ThreadIsolatedAllocator*)"
730	54	"v8::internal::IsolateGroup::InitializeOncePerProcess()"
731	44	"v8::internal::IsolateGroup::Initialize(bool)"
732	86	"v8::internal::SegmentedTable<v8::internal::JSDispatchEntry, 268435456ul>::Initialize()"
733	113	"v8::base::VirtualAddressSpace::AllocateSubspace(unsigned long, unsigned long, unsigned long, v8::PagePermissions)"
734	87	"v8::base::RegionAllocator::RegionAllocator(unsigned long, unsigned long, unsigned long)"
735	508	"std::__Cr::pair<std::__Cr::__tree_iterator<v8::base::RegionAllocator::Region*, std::__Cr::__tree_node<v8::base::RegionAllocator::Region*, void*>*, long>, bool> std::__Cr::__tree<v8::base::RegionAllocator::Region*, v8::base::RegionAllocator::AddressEndOrder, std::__Cr::allocator<v8::base::RegionAllocator::Region*> >::__emplace_unique_key_args<v8::base::RegionAllocator::Region*, v8::base::RegionAllocator::Region* const&>(v8::base::RegionAllocator::Region* const&, v8::base::RegionAllocator::Region* const&)"
736	509	"std::__Cr::pair<std::__Cr::__tree_iterator<v8::base::RegionAllocator::Region*, std::__Cr::__tree_node<v8::base::RegionAllocator::Region*, void*>*, long>, bool> std::__Cr::__tree<v8::base::RegionAllocator::Region*, v8::base::RegionAllocator::SizeAddressOrder, std::__Cr::allocator<v8::base::RegionAllocator::Region*> >::__emplace_unique_key_args<v8::base::RegionAllocator::Region*, v8::base::RegionAllocator::Region* const&>(v8::base::RegionAllocator::Region* const&, v8::base::RegionAllocator::Region* const&)"
739	113	"v8::base::VirtualAddressSubspace::AllocatePages(unsigned long, unsigned long, unsigned long, v8::PagePermissions)"
740	86	"v8::base::RegionAllocator::AllocateRegion(unsigned long, unsigned long, unsigned long)"
741	113	"v8::base::RegionAllocator::AllocateRegionAt(unsigned long, unsigned long, v8::base::RegionAllocator::RegionState)"
742	83	"v8::base::RegionAllocator::Split(v8::base::RegionAllocator::Region*, unsigned long)"
743	58	"v8::internal::ElementsAccessor::InitializeOncePerProcess()"
744	54	"v8::internal::Bootstrapper::InitializeOncePerProcess()"
745	74	"v8::Extension::Extension(char const*, char const*, int, char const**, int)"
746	102	"v8::RegisterExtension(std::__Cr::unique_ptr<v8::Extension, std::__Cr::default_delete<v8::Extension> >)"
747	57	"v8::internal::CallDescriptors::InitializeOncePerProcess()"
748	93	"v8::internal::AllocateDescriptor::InitializeTypes(v8::internal::CallInterfaceDescriptorData*)"
749	107	"v8::internal::CallApiCallbackGenericDescriptor::InitializeTypes(v8::internal::CallInterfaceDescriptorData*)"
750	109	"v8::internal::CallApiCallbackOptimizedDescriptor::InitializeTypes(v8::internal::CallInterfaceDescriptorData*)"
751	101	"v8::internal::ArrayConstructorDescriptor::InitializeTypes(v8::internal::CallInterfaceDescriptorData*)"
752	111	"v8::internal::ArrayNArgumentsConstructorDescriptor::InitializeTypes(v8::internal::CallInterfaceDescriptorData*)"
753	111	"v8::internal::ArrayNoArgumentConstructorDescriptor::InitializeTypes(v8::internal::CallInterfaceDescriptorData*)"
754	115	"v8::internal::ArraySingleArgumentConstructorDescriptor::InitializeTypes(v8::internal::CallInterfaceDescriptorData*)"
755	112	"v8::internal::AsyncFunctionStackParameterDescriptor::InitializeTypes(v8::internal::CallInterfaceDescriptorData*)"
756	103	"v8::internal::BaselineLeaveFrameDescriptor::InitializeTypes(v8::internal::CallInterfaceDescriptorData*)"
757	110	"v8::internal::BaselineOutOfLinePrologueDescriptor::InitializeTypes(v8::internal::CallInterfaceDescriptorData*)"
758	100	"v8::internal::BigIntToI32PairDescriptor::InitializeTypes(v8::internal::CallInterfaceDescriptorData*)"
759	96	"v8::internal::BigIntToI64Descriptor::InitializeTypes(v8::internal::CallInterfaceDescriptorData*)"
760	102	"v8::internal::BinaryOp_BaselineDescriptor::InitializeTypes(v8::internal::CallInterfaceDescriptorData*)"
761	106	"v8::internal::BinaryOp_WithFeedbackDescriptor::InitializeTypes(v8::internal::CallInterfaceDescriptorData*)"
762	105	"v8::internal::BinarySmiOp_BaselineDescriptor::InitializeTypes(v8::internal::CallInterfaceDescriptorData*)"
763	103	"v8::internal::CallForwardVarargsDescriptor::InitializeTypes(v8::internal::CallInterfaceDescriptorData*)"
764	105	"v8::internal::CallFunctionTemplateDescriptor::InitializeTypes(v8::internal::CallInterfaceDescriptorData*)"
765	112	"v8::internal::CallFunctionTemplateGenericDescriptor::InitializeTypes(v8::internal::CallInterfaceDescriptorData*)"
766	99	"v8::internal::CallTrampolineDescriptor::InitializeTypes(v8::internal::CallInterfaceDescriptorData*)"
767	108	"v8::internal::CallTrampoline_BaselineDescriptor::InitializeTypes(v8::internal::CallInterfaceDescriptorData*)"
768	116	"v8::internal::CallTrampoline_Baseline_CompactDescriptor::InitializeTypes(v8::internal::CallInterfaceDescriptorData*)"
769	112	"v8::internal::CallTrampoline_WithFeedbackDescriptor::InitializeTypes(v8::internal::CallInterfaceDescriptorData*)"
770	96	"v8::internal::CallVarargsDescriptor::InitializeTypes(v8::internal::CallInterfaceDescriptorData*)"
771	115	"v8::internal::CallWithArrayLike_WithFeedbackDescriptor::InitializeTypes(v8::internal::CallInterfaceDescriptorData*)"
772	99	"v8::internal::CallWithSpreadDescriptor::InitializeTypes(v8::internal::CallInterfaceDescriptorData*)"
773	108	"v8::internal::CallWithSpread_BaselineDescriptor::InitializeTypes(v8::internal::CallInterfaceDescriptorData*)"
774	112	"v8::internal::CallWithSpread_WithFeedbackDescriptor::InitializeTypes(v8::internal::CallInterfaceDescriptorData*)"
775	103	"v8::internal::CEntry1ArgvOnStackDescriptor::InitializeTypes(v8::internal::CallInterfaceDescriptorData*)"
776	104	"v8::internal::CloneObjectBaselineDescriptor::InitializeTypes(v8::internal::CallInterfaceDescriptorData*)"
777	106	"v8::internal::CloneObjectWithVectorDescriptor::InitializeTypes(v8::internal::CallInterfaceDescriptorData*)"
778	96	"v8::internal::StringEqualDescriptor::InitializeTypes(v8::internal::CallInterfaceDescriptorData*)"
779	101	"v8::internal::Compare_BaselineDescriptor::InitializeTypes(v8::internal::CallInterfaceDescriptorData*)"
780	105	"v8::internal::Compare_WithFeedbackDescriptor::InitializeTypes(v8::internal::CallInterfaceDescriptorData*)"
781	103	"v8::internal::Construct_BaselineDescriptor::InitializeTypes(v8::internal::CallInterfaceDescriptorData*)"
782	108	"v8::internal::ConstructForwardVarargsDescriptor::InitializeTypes(v8::internal::CallInterfaceDescriptorData*)"
783	98	"v8::internal::ConstructStubDescriptor::InitializeTypes(v8::internal::CallInterfaceDescriptorData*)"
784	101	"v8::internal::ConstructVarargsDescriptor::InitializeTypes(v8::internal::CallInterfaceDescriptorData*)"
785	107	"v8::internal::Construct_WithFeedbackDescriptor::InitializeTypes(v8::internal::CallInterfaceDescriptorData*)"
786	104	"v8::internal::ConstructWithSpreadDescriptor::InitializeTypes(v8::internal::CallInterfaceDescriptorData*)"
787	113	"v8::internal::ConstructWithSpread_BaselineDescriptor::InitializeTypes(v8::internal::CallInterfaceDescriptorData*)"
788	117	"v8::internal::ConstructWithSpread_WithFeedbackDescriptor::InitializeTypes(v8::internal::CallInterfaceDescriptorData*)"
789	132	"v8::internal::CopyDataPropertiesWithExcludedPropertiesOnStackDescriptor::InitializeTypes(v8::internal::CallInterfaceDescriptorData*)"
790	102	"v8::internal::CppBuiltinAdaptorDescriptor::InitializeTypes(v8::internal::CallInterfaceDescriptorData*)"
791	99	"v8::internal::DefineKeyedOwnDescriptor::InitializeTypes(v8::internal::CallInterfaceDescriptorData*)"
792	107	"v8::internal::DefineKeyedOwnBaselineDescriptor::InitializeTypes(v8::internal::CallInterfaceDescriptorData*)"
793	109	"v8::internal::DefineKeyedOwnWithVectorDescriptor::InitializeTypes(v8::internal::CallInterfaceDescriptorData*)"
794	97	"v8::internal::ForInPrepareDescriptor::InitializeTypes(v8::internal::CallInterfaceDescriptorData*)"
795	100	"v8::internal::I32PairToBigIntDescriptor::InitializeTypes(v8::internal::CallInterfaceDescriptorData*)"
796	96	"v8::internal::I64ToBigIntDescriptor::InitializeTypes(v8::internal::CallInterfaceDescriptorData*)"
797	103	"v8::internal::InterpreterCEntry1Descriptor::InitializeTypes(v8::internal::CallInterfaceDescriptorData*)"
798	103	"v8::internal::InterpreterCEntry2Descriptor::InitializeTypes(v8::internal::CallInterfaceDescriptorData*)"
799	104	"v8::internal::InterpreterDispatchDescriptor::InitializeTypes(v8::internal::CallInterfaceDescriptorData*)"
800	112	"v8::internal::InterpreterPushArgsThenCallDescriptor::InitializeTypes(v8::internal::CallInterfaceDescriptorData*)"
801	117	"v8::internal::InterpreterPushArgsThenConstructDescriptor::InitializeTypes(v8::internal::CallInterfaceDescriptorData*)"
802	97	"v8::internal::JSTrampolineDescriptor::InitializeTypes(v8::internal::CallInterfaceDescriptorData*)"
803	103	"v8::internal::KeyedHasICBaselineDescriptor::InitializeTypes(v8::internal::CallInterfaceDescriptorData*)"
804	105	"v8::internal::KeyedHasICWithVectorDescriptor::InitializeTypes(v8::internal::CallInterfaceDescriptorData*)"
805	94	"v8::internal::KeyedLoadDescriptor::InitializeTypes(v8::internal::CallInterfaceDescriptorData*)"
806	102	"v8::internal::KeyedLoadBaselineDescriptor::InitializeTypes(v8::internal::CallInterfaceDescriptorData*)"
807	112	"v8::internal::EnumeratedKeyedLoadBaselineDescriptor::InitializeTypes(v8::internal::CallInterfaceDescriptorData*)"
808	104	"v8::internal::KeyedLoadWithVectorDescriptor::InitializeTypes(v8::internal::CallInterfaceDescriptorData*)"
809	104	"v8::internal::EnumeratedKeyedLoadDescriptor::InitializeTypes(v8::internal::CallInterfaceDescriptorData*)"
810	89	"v8::internal::LoadDescriptor::InitializeTypes(v8::internal::CallInterfaceDescriptorData*)"
811	97	"v8::internal::LoadBaselineDescriptor::InitializeTypes(v8::internal::CallInterfaceDescriptorData*)"
812	95	"v8::internal::LoadGlobalDescriptor::InitializeTypes(v8::internal::CallInterfaceDescriptorData*)"
813	103	"v8::internal::LoadGlobalBaselineDescriptor::InitializeTypes(v8::internal::CallInterfaceDescriptorData*)"
814	105	"v8::internal::LoadGlobalNoFeedbackDescriptor::InitializeTypes(v8::internal::CallInterfaceDescriptorData*)"
815	105	"v8::internal::LoadGlobalWithVectorDescriptor::InitializeTypes(v8::internal::CallInterfaceDescriptorData*)"
816	99	"v8::internal::LoadNoFeedbackDescriptor::InitializeTypes(v8::internal::CallInterfaceDescriptorData*)"
817	130	"v8::internal::MaglevOptimizeCodeOrTailCallOptimizedCodeSlotDescriptor::InitializeTypes(v8::internal::CallInterfaceDescriptorData*)"
818	98	"v8::internal::NewHeapNumberDescriptor::InitializeTypes(v8::internal::CallInterfaceDescriptorData*)"
819	103	"v8::internal::OnStackReplacementDescriptor::InitializeTypes(v8::internal::CallInterfaceDescriptorData*)"
820	108	"v8::internal::ResumeGeneratorBaselineDescriptor::InitializeTypes(v8::internal::CallInterfaceDescriptorData*)"
821	98	"v8::internal::RunMicrotasksDescriptor::InitializeTypes(v8::internal::CallInterfaceDescriptorData*)"
822	103	"v8::internal::RunMicrotasksEntryDescriptor::InitializeTypes(v8::internal::CallInterfaceDescriptorData*)"
823	90	"v8::internal::StoreDescriptor::InitializeTypes(v8::internal::CallInterfaceDescriptorData*)"
824	98	"v8::internal::StoreBaselineDescriptor::InitializeTypes(v8::internal::CallInterfaceDescriptorData*)"
825	96	"v8::internal::StoreGlobalDescriptor::InitializeTypes(v8::internal::CallInterfaceDescriptorData*)"
826	104	"v8::internal::StoreGlobalBaselineDescriptor::InitializeTypes(v8::internal::CallInterfaceDescriptorData*)"
827	106	"v8::internal::StoreGlobalWithVectorDescriptor::InitializeTypes(v8::internal::CallInterfaceDescriptorData*)"
828	100	"v8::internal::StoreTransitionDescriptor::InitializeTypes(v8::internal::CallInterfaceDescriptorData*)"
829	100	"v8::internal::StoreWithVectorDescriptor::InitializeTypes(v8::internal::CallInterfaceDescriptorData*)"
830	101	"v8::internal::StringAtAsStringDescriptor::InitializeTypes(v8::internal::CallInterfaceDescriptorData*)"
831	100	"v8::internal::StringSubstringDescriptor::InitializeTypes(v8::internal::CallInterfaceDescriptorData*)"
832	109	"v8::internal::SuspendGeneratorBaselineDescriptor::InitializeTypes(v8::internal::CallInterfaceDescriptorData*)"
833	108	"v8::internal::TypeConversion_BaselineDescriptor::InitializeTypes(v8::internal::CallInterfaceDescriptorData*)"
834	101	"v8::internal::UnaryOp_BaselineDescriptor::InitializeTypes(v8::internal::CallInterfaceDescriptorData*)"
835	105	"v8::internal::UnaryOp_WithFeedbackDescriptor::InitializeTypes(v8::internal::CallInterfaceDescriptorData*)"
836	104	"v8::internal::WasmFloat32ToNumberDescriptor::InitializeTypes(v8::internal::CallInterfaceDescriptorData*)"
837	104	"v8::internal::WasmFloat64ToTaggedDescriptor::InitializeTypes(v8::internal::CallInterfaceDescriptorData*)"
838	104	"v8::internal::WasmJSToWasmWrapperDescriptor::InitializeTypes(v8::internal::CallInterfaceDescriptorData*)"
839	100	"v8::internal::WasmToJSWrapperDescriptor::InitializeTypes(v8::internal::CallInterfaceDescriptorData*)"
840	108	"v8::internal::WasmHandleStackOverflowDescriptor::InitializeTypes(v8::internal::CallInterfaceDescriptorData*)"
841	97	"v8::internal::WriteBarrierDescriptor::InitializeTypes(v8::internal::CallInterfaceDescriptorData*)"
842	112	"v8::internal::IndirectPointerWriteBarrierDescriptor::InitializeTypes(v8::internal::CallInterfaceDescriptorData*)"
843	111	"v8::internal::ArrayEveryLoopContinuationDescriptor::InitializeTypes(v8::internal::CallInterfaceDescriptorData*)"
844	112	"v8::internal::ArrayFilterLoopContinuationDescriptor::InitializeTypes(v8::internal::CallInterfaceDescriptorData*)"
845	110	"v8::internal::ArrayFindLoopContinuationDescriptor::InitializeTypes(v8::internal::CallInterfaceDescriptorData*)"
846	115	"v8::internal::ArrayFindIndexLoopContinuationDescriptor::InitializeTypes(v8::internal::CallInterfaceDescriptorData*)"
847	114	"v8::internal::ArrayFindLastLoopContinuationDescriptor::InitializeTypes(v8::internal::CallInterfaceDescriptorData*)"
848	119	"v8::internal::ArrayFindLastIndexLoopContinuationDescriptor::InitializeTypes(v8::internal::CallInterfaceDescriptorData*)"
849	113	"v8::internal::FlattenIntoArrayWithoutMapFnDescriptor::InitializeTypes(v8::internal::CallInterfaceDescriptorData*)"
850	110	"v8::internal::FlattenIntoArrayWithMapFnDescriptor::InitializeTypes(v8::internal::CallInterfaceDescriptorData*)"
851	113	"v8::internal::ArrayForEachLoopContinuationDescriptor::InitializeTypes(v8::internal::CallInterfaceDescriptorData*)"
852	121	"v8::internal::LoadJoinElement_DictionaryElements_0Descriptor::InitializeTypes(v8::internal::CallInterfaceDescriptorData*)"
853	126	"v8::internal::LoadJoinElement_FastSmiOrObjectElements_0Descriptor::InitializeTypes(v8::internal::CallInterfaceDescriptorData*)"
854	121	"v8::internal::LoadJoinElement_FastDoubleElements_0Descriptor::InitializeTypes(v8::internal::CallInterfaceDescriptorData*)"
855	106	"v8::internal::ConvertToLocaleStringDescriptor::InitializeTypes(v8::internal::CallInterfaceDescriptorData*)"
856	97	"v8::internal::JoinStackPopDescriptor::InitializeTypes(v8::internal::CallInterfaceDescriptorData*)"
857	109	"v8::internal::ArrayMapLoopContinuationDescriptor::InitializeTypes(v8::internal::CallInterfaceDescriptorData*)"
858	117	"v8::internal::ArrayReduceRightLoopContinuationDescriptor::InitializeTypes(v8::internal::CallInterfaceDescriptorData*)"
859	112	"v8::internal::ArrayReduceLoopContinuationDescriptor::InitializeTypes(v8::internal::CallInterfaceDescriptorData*)"
860	110	"v8::internal::ArraySomeLoopContinuationDescriptor::InitializeTypes(v8::internal::CallInterfaceDescriptorData*)"
861	101	"v8::internal::GenericArrayWithDescriptor::InitializeTypes(v8::internal::CallInterfaceDescriptorData*)"
862	107	"v8::internal::FastCreateDataPropertyDescriptor::InitializeTypes(v8::internal::CallInterfaceDescriptorData*)"
863	101	"v8::internal::BigIntAddNoThrowDescriptor::InitializeTypes(v8::internal::CallInterfaceDescriptorData*)"
864	94	"v8::internal::BigIntAddDescriptor::InitializeTypes(v8::internal::CallInterfaceDescriptorData*)"
865	106	"v8::internal::BigIntSubtractNoThrowDescriptor::InitializeTypes(v8::internal::CallInterfaceDescriptorData*)"
866	99	"v8::internal::BigIntSubtractDescriptor::InitializeTypes(v8::internal::CallInterfaceDescriptorData*)"
867	106	"v8::internal::BigIntMultiplyNoThrowDescriptor::InitializeTypes(v8::internal::CallInterfaceDescriptorData*)"
868	99	"v8::internal::BigIntMultiplyDescriptor::InitializeTypes(v8::internal::CallInterfaceDescriptorData*)"
869	104	"v8::internal::BigIntDivideNoThrowDescriptor::InitializeTypes(v8::internal::CallInterfaceDescriptorData*)"
870	97	"v8::internal::BigIntDivideDescriptor::InitializeTypes(v8::internal::CallInterfaceDescriptorData*)"
871	105	"v8::internal::BigIntModulusNoThrowDescriptor::InitializeTypes(v8::internal::CallInterfaceDescriptorData*)"
872	98	"v8::internal::BigIntModulusDescriptor::InitializeTypes(v8::internal::CallInterfaceDescriptorData*)"
873	108	"v8::internal::BigIntBitwiseAndNoThrowDescriptor::InitializeTypes(v8::internal::CallInterfaceDescriptorData*)"
874	101	"v8::internal::BigIntBitwiseAndDescriptor::InitializeTypes(v8::internal::CallInterfaceDescriptorData*)"
875	107	"v8::internal::BigIntBitwiseOrNoThrowDescriptor::InitializeTypes(v8::internal::CallInterfaceDescriptorData*)"
876	100	"v8::internal::BigIntBitwiseOrDescriptor::InitializeTypes(v8::internal::CallInterfaceDescriptorData*)"
877	108	"v8::internal::BigIntBitwiseXorNoThrowDescriptor::InitializeTypes(v8::internal::CallInterfaceDescriptorData*)"
878	101	"v8::internal::BigIntBitwiseXorDescriptor::InitializeTypes(v8::internal::CallInterfaceDescriptorData*)"
879	107	"v8::internal::BigIntShiftLeftNoThrowDescriptor::InitializeTypes(v8::internal::CallInterfaceDescriptorData*)"
880	100	"v8::internal::BigIntShiftLeftDescriptor::InitializeTypes(v8::internal::CallInterfaceDescriptorData*)"
881	108	"v8::internal::BigIntShiftRightNoThrowDescriptor::InitializeTypes(v8::internal::CallInterfaceDescriptorData*)"
882	101	"v8::internal::BigIntShiftRightDescriptor::InitializeTypes(v8::internal::CallInterfaceDescriptorData*)"
883	93	"v8::internal::ToStringDescriptor::InitializeTypes(v8::internal::CallInterfaceDescriptorData*)"
884	106	"v8::internal::ToStringConvertSymbolDescriptor::InitializeTypes(v8::internal::CallInterfaceDescriptorData*)"
885	105	"v8::internal::StringAddConvertLeftDescriptor::InitializeTypes(v8::internal::CallInterfaceDescriptorData*)"
886	106	"v8::internal::StringAddConvertRightDescriptor::InitializeTypes(v8::internal::CallInterfaceDescriptorData*)"
887	97	"v8::internal::StringCharAtDescriptor::InitializeTypes(v8::internal::CallInterfaceDescriptorData*)"
888	111	"v8::internal::FastNewFunctionContextEvalDescriptor::InitializeTypes(v8::internal::CallInterfaceDescriptorData*)"
889	115	"v8::internal::FastNewFunctionContextFunctionDescriptor::InitializeTypes(v8::internal::CallInterfaceDescriptorData*)"
890	104	"v8::internal::CreateRegExpLiteralDescriptor::InitializeTypes(v8::internal::CallInterfaceDescriptorData*)"
891	110	"v8::internal::CreateShallowArrayLiteralDescriptor::InitializeTypes(v8::internal::CallInterfaceDescriptorData*)"
892	108	"v8::internal::CreateEmptyArrayLiteralDescriptor::InitializeTypes(v8::internal::CallInterfaceDescriptorData*)"
893	111	"v8::internal::CreateShallowObjectLiteralDescriptor::InitializeTypes(v8::internal::CallInterfaceDescriptorData*)"
894	99	"v8::internal::StringToNumberDescriptor::InitializeTypes(v8::internal::CallInterfaceDescriptorData*)"
895	102	"v8::internal::NonNumberToNumberDescriptor::InitializeTypes(v8::internal::CallInterfaceDescriptorData*)"
896	103	"v8::internal::NonNumberToNumericDescriptor::InitializeTypes(v8::internal::CallInterfaceDescriptorData*)"
897	99	"v8::internal::NumberToStringDescriptor::InitializeTypes(v8::internal::CallInterfaceDescriptorData*)"
898	94	"v8::internal::ToBooleanDescriptor::InitializeTypes(v8::internal::CallInterfaceDescriptorData*)"
899	109	"v8::internal::ToBooleanForBaselineJumpDescriptor::InitializeTypes(v8::internal::CallInterfaceDescriptorData*)"
900	91	"v8::internal::ToNameDescriptor::InitializeTypes(v8::internal::CallInterfaceDescriptorData*)"
901	93	"v8::internal::ToObjectDescriptor::InitializeTypes(v8::internal::CallInterfaceDescriptorData*)"
902	116	"v8::internal::NonPrimitiveToPrimitive_DefaultDescriptor::InitializeTypes(v8::internal::CallInterfaceDescriptorData*)"
903	115	"v8::internal::NonPrimitiveToPrimitive_NumberDescriptor::InitializeTypes(v8::internal::CallInterfaceDescriptorData*)"
904	115	"v8::internal::NonPrimitiveToPrimitive_StringDescriptor::InitializeTypes(v8::internal::CallInterfaceDescriptorData*)"
905	100	"v8::internal::IncBlockCounterDescriptor::InitializeTypes(v8::internal::CallInterfaceDescriptorData*)"
906	102	"v8::internal::GetTemplateObjectDescriptor::InitializeTypes(v8::internal::CallInterfaceDescriptorData*)"
907	94	"v8::internal::ForInNextDescriptor::InitializeTypes(v8::internal::CallInterfaceDescriptorData*)"
908	108	"v8::internal::GetIteratorWithFeedbackDescriptor::InitializeTypes(v8::internal::CallInterfaceDescriptorData*)"
909	109	"v8::internal::CallIteratorWithFeedbackDescriptor::InitializeTypes(v8::internal::CallInterfaceDescriptorData*)"
910	106	"v8::internal::IteratorMapHelperNextDescriptor::InitializeTypes(v8::internal::CallInterfaceDescriptorData*)"
911	109	"v8::internal::IteratorFilterHelperNextDescriptor::InitializeTypes(v8::internal::CallInterfaceDescriptorData*)"
912	107	"v8::internal::IteratorTakeHelperNextDescriptor::InitializeTypes(v8::internal::CallInterfaceDescriptorData*)"
913	107	"v8::internal::IteratorDropHelperNextDescriptor::InitializeTypes(v8::internal::CallInterfaceDescriptorData*)"
914	110	"v8::internal::IteratorFlatMapHelperNextDescriptor::InitializeTypes(v8::internal::CallInterfaceDescriptorData*)"
915	99	"v8::internal::GroupByGenericDescriptor::InitializeTypes(v8::internal::CallInterfaceDescriptorData*)"
916	99	"v8::internal::FulfillPromiseDescriptor::InitializeTypes(v8::internal::CallInterfaceDescriptorData*)"
917	98	"v8::internal::RejectPromiseDescriptor::InitializeTypes(v8::internal::CallInterfaceDescriptorData*)"
918	105	"v8::internal::NewPromiseCapabilityDescriptor::InitializeTypes(v8::internal::CallInterfaceDescriptorData*)"
919	103	"v8::internal::PerformPromiseThenDescriptor::InitializeTypes(v8::internal::CallInterfaceDescriptorData*)"
920	110	"v8::internal::PromiseResolveThenableJobDescriptor::InitializeTypes(v8::internal::CallInterfaceDescriptorData*)"
921	110	"v8::internal::PromiseFulfillReactionJobDescriptor::InitializeTypes(v8::internal::CallInterfaceDescriptorData*)"
922	109	"v8::internal::PromiseRejectReactionJobDescriptor::InitializeTypes(v8::internal::CallInterfaceDescriptorData*)"
923	99	"v8::internal::PromiseResolveDescriptor::InitializeTypes(v8::internal::CallInterfaceDescriptorData*)"
924	99	"v8::internal::ResolvePromiseDescriptor::InitializeTypes(v8::internal::CallInterfaceDescriptorData*)"
925	104	"v8::internal::ProxyDeletePropertyDescriptor::InitializeTypes(v8::internal::CallInterfaceDescriptorData*)"
926	101	"v8::internal::ProxyGetPropertyDescriptor::InitializeTypes(v8::internal::CallInterfaceDescriptorData*)"
927	104	"v8::internal::ProxyGetPrototypeOfDescriptor::InitializeTypes(v8::internal::CallInterfaceDescriptorData*)"
928	101	"v8::internal::ProxyHasPropertyDescriptor::InitializeTypes(v8::internal::CallInterfaceDescriptorData*)"
929	102	"v8::internal::ProxyIsExtensibleDescriptor::InitializeTypes(v8::internal::CallInterfaceDescriptorData*)"
930	107	"v8::internal::ProxyPreventExtensionsDescriptor::InitializeTypes(v8::internal::CallInterfaceDescriptorData*)"
931	101	"v8::internal::ProxySetPropertyDescriptor::InitializeTypes(v8::internal::CallInterfaceDescriptorData*)"
932	104	"v8::internal::ProxySetPrototypeOfDescriptor::InitializeTypes(v8::internal::CallInterfaceDescriptorData*)"
933	108	"v8::internal::RegExpPrototypeExecSlowDescriptor::InitializeTypes(v8::internal::CallInterfaceDescriptorData*)"
934	100	"v8::internal::RegExpMatchFastDescriptor::InitializeTypes(v8::internal::CallInterfaceDescriptorData*)"
935	98	"v8::internal::RegExpReplaceDescriptor::InitializeTypes(v8::internal::CallInterfaceDescriptorData*)"
936	101	"v8::internal::RegExpSearchFastDescriptor::InitializeTypes(v8::internal::CallInterfaceDescriptorData*)"
937	96	"v8::internal::RegExpSplitDescriptor::InitializeTypes(v8::internal::CallInterfaceDescriptorData*)"
938	108	"v8::internal::RegExpPrototypeTestFastDescriptor::InitializeTypes(v8::internal::CallInterfaceDescriptorData*)"
939	95	"v8::internal::CreateHTMLDescriptor::InitializeTypes(v8::internal::CallInterfaceDescriptorData*)"
940	97	"v8::internal::StringRepeatDescriptor::InitializeTypes(v8::internal::CallInterfaceDescriptorData*)"
941	101	"v8::internal::CreateTypedArrayDescriptor::InitializeTypes(v8::internal::CallInterfaceDescriptorData*)"
942	104	"v8::internal::TypedArrayMergeSortDescriptor::InitializeTypes(v8::internal::CallInterfaceDescriptorData*)"
943	111	"v8::internal::NewSloppyArgumentsElementsDescriptor::InitializeTypes(v8::internal::CallInterfaceDescriptorData*)"
944	111	"v8::internal::NewStrictArgumentsElementsDescriptor::InitializeTypes(v8::internal::CallInterfaceDescriptorData*)"
945	109	"v8::internal::NewRestArgumentsElementsDescriptor::InitializeTypes(v8::internal::CallInterfaceDescriptorData*)"
946	104	"v8::internal::LoadFromContextCellDescriptor::InitializeTypes(v8::internal::CallInterfaceDescriptorData*)"
947	119	"v8::internal::StoreCurrentContextElementBaselineDescriptor::InitializeTypes(v8::internal::CallInterfaceDescriptorData*)"
948	112	"v8::internal::StoreContextElementBaselineDescriptor::InitializeTypes(v8::internal::CallInterfaceDescriptorData*)"
949	98	"v8::internal::StringIndexOfDescriptor::InitializeTypes(v8::internal::CallInterfaceDescriptorData*)"
950	101	"v8::internal::TestTurbofanTypeDescriptor::InitializeTypes(v8::internal::CallInterfaceDescriptorData*)"
951	102	"v8::internal::CheckTurbofanTypeDescriptor::InitializeTypes(v8::internal::CallInterfaceDescriptorData*)"
952	110	"v8::internal::CheckTurboshaftWord32TypeDescriptor::InitializeTypes(v8::internal::CallInterfaceDescriptorData*)"
953	110	"v8::internal::CheckTurboshaftWord64TypeDescriptor::InitializeTypes(v8::internal::CallInterfaceDescriptorData*)"
954	111	"v8::internal::CheckTurboshaftFloat32TypeDescriptor::InitializeTypes(v8::internal::CallInterfaceDescriptorData*)"
955	111	"v8::internal::CheckTurboshaftFloat64TypeDescriptor::InitializeTypes(v8::internal::CallInterfaceDescriptorData*)"
956	102	"v8::internal::DebugPrintWordPtrDescriptor::InitializeTypes(v8::internal::CallInterfaceDescriptorData*)"
957	102	"v8::internal::DebugPrintFloat64Descriptor::InitializeTypes(v8::internal::CallInterfaceDescriptorData*)"
958	94	"v8::internal::NewSmiBoxDescriptor::InitializeTypes(v8::internal::CallInterfaceDescriptorData*)"
959	100	"v8::internal::ReturnTwoValuesDescriptor::InitializeTypes(v8::internal::CallInterfaceDescriptorData*)"
960	107	"v8::internal::Load_FastSmiElements_0Descriptor::InitializeTypes(v8::internal::CallInterfaceDescriptorData*)"
961	110	"v8::internal::Load_FastObjectElements_0Descriptor::InitializeTypes(v8::internal::CallInterfaceDescriptorData*)"
962	110	"v8::internal::Load_FastDoubleElements_0Descriptor::InitializeTypes(v8::internal::CallInterfaceDescriptorData*)"
963	108	"v8::internal::Store_FastSmiElements_0Descriptor::InitializeTypes(v8::internal::CallInterfaceDescriptorData*)"
964	111	"v8::internal::Store_FastObjectElements_0Descriptor::InitializeTypes(v8::internal::CallInterfaceDescriptorData*)"
965	111	"v8::internal::Store_FastDoubleElements_0Descriptor::InitializeTypes(v8::internal::CallInterfaceDescriptorData*)"
966	109	"v8::internal::Delete_FastSmiElements_0Descriptor::InitializeTypes(v8::internal::CallInterfaceDescriptorData*)"
967	112	"v8::internal::Delete_FastObjectElements_0Descriptor::InitializeTypes(v8::internal::CallInterfaceDescriptorData*)"
968	112	"v8::internal::Delete_FastDoubleElements_0Descriptor::InitializeTypes(v8::internal::CallInterfaceDescriptorData*)"
969	129	"v8::internal::CanUseSameAccessor_GenericElementsAccessor_0Descriptor::InitializeTypes(v8::internal::CallInterfaceDescriptorData*)"
970	89	"v8::internal::CopyDescriptor::InitializeTypes(v8::internal::CallInterfaceDescriptorData*)"
971	92	"v8::internal::MergeAtDescriptor::InitializeTypes(v8::internal::CallInterfaceDescriptorData*)"
972	95	"v8::internal::GallopLeftDescriptor::InitializeTypes(v8::internal::CallInterfaceDescriptorData*)"
973	96	"v8::internal::GallopRightDescriptor::InitializeTypes(v8::internal::CallInterfaceDescriptorData*)"
974	97	"v8::internal::ArrayTimSortDescriptor::InitializeTypes(v8::internal::CallInterfaceDescriptorData*)"
975	108	"v8::internal::StringFastLocaleCompareDescriptor::InitializeTypes(v8::internal::CallInterfaceDescriptorData*)"
976	106	"v8::internal::JSToWasmHandleReturnsDescriptor::InitializeTypes(v8::internal::CallInterfaceDescriptorData*)"
977	106	"v8::internal::WasmInt32ToHeapNumberDescriptor::InitializeTypes(v8::internal::CallInterfaceDescriptorData*)"
978	108	"v8::internal::WasmTaggedNonSmiToInt32Descriptor::InitializeTypes(v8::internal::CallInterfaceDescriptorData*)"
979	104	"v8::internal::WasmTaggedToFloat64Descriptor::InitializeTypes(v8::internal::CallInterfaceDescriptorData*)"
980	104	"v8::internal::WasmTaggedToFloat32Descriptor::InitializeTypes(v8::internal::CallInterfaceDescriptorData*)"
981	98	"v8::internal::WasmTableInitDescriptor::InitializeTypes(v8::internal::CallInterfaceDescriptorData*)"
982	98	"v8::internal::WasmTableCopyDescriptor::InitializeTypes(v8::internal::CallInterfaceDescriptorData*)"
983	98	"v8::internal::WasmTableFillDescriptor::InitializeTypes(v8::internal::CallInterfaceDescriptorData*)"
984	98	"v8::internal::WasmTableGrowDescriptor::InitializeTypes(v8::internal::CallInterfaceDescriptorData*)"
985	97	"v8::internal::WasmTableGetDescriptor::InitializeTypes(v8::internal::CallInterfaceDescriptorData*)"
986	97	"v8::internal::WasmTableSetDescriptor::InitializeTypes(v8::internal::CallInterfaceDescriptorData*)"
987	104	"v8::internal::WasmTableGetFuncRefDescriptor::InitializeTypes(v8::internal::CallInterfaceDescriptorData*)"
988	105	"v8::internal::WasmFunctionTableGetDescriptor::InitializeTypes(v8::internal::CallInterfaceDescriptorData*)"
989	104	"v8::internal::WasmTableSetFuncRefDescriptor::InitializeTypes(v8::internal::CallInterfaceDescriptorData*)"
990	96	"v8::internal::WasmRefFuncDescriptor::InitializeTypes(v8::internal::CallInterfaceDescriptorData*)"
991	113	"v8::internal::WasmAllocateZeroedFixedArrayDescriptor::InitializeTypes(v8::internal::CallInterfaceDescriptorData*)"
992	107	"v8::internal::WasmAllocateFixedArrayDescriptor::InitializeTypes(v8::internal::CallInterfaceDescriptorData*)"
993	94	"v8::internal::WasmThrowDescriptor::InitializeTypes(v8::internal::CallInterfaceDescriptorData*)"
994	111	"v8::internal::WasmRethrowExplicitContextDescriptor::InitializeTypes(v8::internal::CallInterfaceDescriptorData*)"
995	107	"v8::internal::WasmGrowableStackGuardDescriptor::InitializeTypes(v8::internal::CallInterfaceDescriptorData*)"
996	100	"v8::internal::WasmTraceMemoryDescriptor::InitializeTypes(v8::internal::CallInterfaceDescriptorData*)"
997	98	"v8::internal::WasmTraceExitDescriptor::InitializeTypes(v8::internal::CallInterfaceDescriptorData*)"
998	104	"v8::internal::WasmAllocateJSArrayDescriptor::InitializeTypes(v8::internal::CallInterfaceDescriptorData*)"
999	110	"v8::internal::WasmAllocateStructWithRttDescriptor::InitializeTypes(v8::internal::CallInterfaceDescriptorData*)"
1000	113	"v8::internal::WasmAllocateDescriptorStructDescriptor::InitializeTypes(v8::internal::CallInterfaceDescriptorData*)"
1001	116	"v8::internal::WasmAllocateSharedStructWithRttDescriptor::InitializeTypes(v8::internal::CallInterfaceDescriptorData*)"
1002	116	"v8::internal::WasmAllocateArray_UninitializedDescriptor::InitializeTypes(v8::internal::CallInterfaceDescriptorData*)"
1003	122	"v8::internal::WasmAllocateSharedArray_UninitializedDescriptor::InitializeTypes(v8::internal::CallInterfaceDescriptorData*)"
1004	104	"v8::internal::WasmArrayNewSegmentDescriptor::InitializeTypes(v8::internal::CallInterfaceDescriptorData*)"
1005	105	"v8::internal::WasmArrayInitSegmentDescriptor::InitializeTypes(v8::internal::CallInterfaceDescriptorData*)"
1006	98	"v8::internal::WasmArrayCopyDescriptor::InitializeTypes(v8::internal::CallInterfaceDescriptorData*)"
1007	103	"v8::internal::WasmUint32ToNumberDescriptor::InitializeTypes(v8::internal::CallInterfaceDescriptorData*)"
1008	102	"v8::internal::UintPtr53ToNumberDescriptor::InitializeTypes(v8::internal::CallInterfaceDescriptorData*)"
1009	102	"v8::internal::WasmI32AtomicWaitDescriptor::InitializeTypes(v8::internal::CallInterfaceDescriptorData*)"
1010	102	"v8::internal::WasmI64AtomicWaitDescriptor::InitializeTypes(v8::internal::CallInterfaceDescriptorData*)"
1011	94	"v8::internal::CallRefICDescriptor::InitializeTypes(v8::internal::CallInterfaceDescriptorData*)"
1012	99	"v8::internal::CallIndirectICDescriptor::InitializeTypes(v8::internal::CallInterfaceDescriptorData*)"
1013	103	"v8::internal::WasmGetOwnPropertyDescriptor::InitializeTypes(v8::internal::CallInterfaceDescriptorData*)"
1014	93	"v8::internal::WasmTrapDescriptor::InitializeTypes(v8::internal::CallInterfaceDescriptorData*)"
1015	102	"v8::internal::WasmStringNewWtf8Descriptor::InitializeTypes(v8::internal::CallInterfaceDescriptorData*)"
1016	107	"v8::internal::WasmStringNewWtf8ArrayDescriptor::InitializeTypes(v8::internal::CallInterfaceDescriptorData*)"
1017	103	"v8::internal::WasmStringNewWtf16Descriptor::InitializeTypes(v8::internal::CallInterfaceDescriptorData*)"
1018	108	"v8::internal::WasmStringNewWtf16ArrayDescriptor::InitializeTypes(v8::internal::CallInterfaceDescriptorData*)"
1019	110	"v8::internal::WasmStringFromDataSegmentDescriptor::InitializeTypes(v8::internal::CallInterfaceDescriptorData*)"
1020	100	"v8::internal::WasmStringConstDescriptor::InitializeTypes(v8::internal::CallInterfaceDescriptorData*)"
1021	106	"v8::internal::WasmStringMeasureUtf8Descriptor::InitializeTypes(v8::internal::CallInterfaceDescriptorData*)"
1022	106	"v8::internal::WasmStringMeasureWtf8Descriptor::InitializeTypes(v8::internal::CallInterfaceDescriptorData*)"
1023	105	"v8::internal::WasmStringEncodeWtf8Descriptor::InitializeTypes(v8::internal::CallInterfaceDescriptorData*)"
1024	110	"v8::internal::WasmStringEncodeWtf8ArrayDescriptor::InitializeTypes(v8::internal::CallInterfaceDescriptorData*)"
1025	106	"v8::internal::WasmStringEncodeWtf16Descriptor::InitializeTypes(v8::internal::CallInterfaceDescriptorData*)"
1026	111	"v8::internal::WasmStringEncodeWtf16ArrayDescriptor::InitializeTypes(v8::internal::CallInterfaceDescriptorData*)"
1027	100	"v8::internal::WasmStringEqualDescriptor::InitializeTypes(v8::internal::CallInterfaceDescriptorData*)"
1028	108	"v8::internal::WasmStringIsUSVSequenceDescriptor::InitializeTypes(v8::internal::CallInterfaceDescriptorData*)"
1029	110	"v8::internal::WasmStringViewWtf8AdvanceDescriptor::InitializeTypes(v8::internal::CallInterfaceDescriptorData*)"
1030	109	"v8::internal::WasmStringViewWtf8EncodeDescriptor::InitializeTypes(v8::internal::CallInterfaceDescriptorData*)"
1031	108	"v8::internal::WasmStringViewWtf8SliceDescriptor::InitializeTypes(v8::internal::CallInterfaceDescriptorData*)"
1032	115	"v8::internal::WasmStringViewWtf16GetCodeUnitDescriptor::InitializeTypes(v8::internal::CallInterfaceDescriptorData*)"
1033	110	"v8::internal::WasmStringViewWtf16EncodeDescriptor::InitializeTypes(v8::internal::CallInterfaceDescriptorData*)"
1034	109	"v8::internal::WasmStringViewWtf16SliceDescriptor::InitializeTypes(v8::internal::CallInterfaceDescriptorData*)"
1035	106	"v8::internal::WasmStringCodePointAtDescriptor::InitializeTypes(v8::internal::CallInterfaceDescriptorData*)"
1036	107	"v8::internal::WasmStringViewIterNextDescriptor::InitializeTypes(v8::internal::CallInterfaceDescriptorData*)"
1037	110	"v8::internal::WasmStringViewIterAdvanceDescriptor::InitializeTypes(v8::internal::CallInterfaceDescriptorData*)"
1038	109	"v8::internal::WasmStringViewIterRewindDescriptor::InitializeTypes(v8::internal::CallInterfaceDescriptorData*)"
1039	108	"v8::internal::WasmStringViewIterSliceDescriptor::InitializeTypes(v8::internal::CallInterfaceDescriptorData*)"
1040	100	"v8::internal::WasmIntToStringDescriptor::InitializeTypes(v8::internal::CallInterfaceDescriptorData*)"
1041	103	"v8::internal::WasmStringToDoubleDescriptor::InitializeTypes(v8::internal::CallInterfaceDescriptorData*)"
1042	108	"v8::internal::WasmStringFromCodePointDescriptor::InitializeTypes(v8::internal::CallInterfaceDescriptorData*)"
1043	99	"v8::internal::WasmStringHashDescriptor::InitializeTypes(v8::internal::CallInterfaceDescriptorData*)"
1044	120	"v8::internal::WasmFastApiCallTypeCheckAndUpdateICDescriptor::InitializeTypes(v8::internal::CallInterfaceDescriptorData*)"
1045	102	"v8::internal::WasmStringIndexOfDescriptor::InitializeTypes(v8::internal::CallInterfaceDescriptorData*)"
1046	126	"v8::internal::LoadJoinElement_GenericElementsAccessor_0Descriptor::InitializeTypes(v8::internal::CallInterfaceDescriptorData*)"
1047	121	"v8::internal::LoadJoinTypedElement_Int32Elements_0Descriptor::InitializeTypes(v8::internal::CallInterfaceDescriptorData*)"
1048	123	"v8::internal::LoadJoinTypedElement_Float16Elements_0Descriptor::InitializeTypes(v8::internal::CallInterfaceDescriptorData*)"
1049	123	"v8::internal::LoadJoinTypedElement_Float32Elements_0Descriptor::InitializeTypes(v8::internal::CallInterfaceDescriptorData*)"
1050	123	"v8::internal::LoadJoinTypedElement_Float64Elements_0Descriptor::InitializeTypes(v8::internal::CallInterfaceDescriptorData*)"
1051	128	"v8::internal::LoadJoinTypedElement_Uint8ClampedElements_0Descriptor::InitializeTypes(v8::internal::CallInterfaceDescriptorData*)"
1052	125	"v8::internal::LoadJoinTypedElement_BigUint64Elements_0Descriptor::InitializeTypes(v8::internal::CallInterfaceDescriptorData*)"
1053	124	"v8::internal::LoadJoinTypedElement_BigInt64Elements_0Descriptor::InitializeTypes(v8::internal::CallInterfaceDescriptorData*)"
1054	121	"v8::internal::LoadJoinTypedElement_Uint8Elements_0Descriptor::InitializeTypes(v8::internal::CallInterfaceDescriptorData*)"
1055	120	"v8::internal::LoadJoinTypedElement_Int8Elements_0Descriptor::InitializeTypes(v8::internal::CallInterfaceDescriptorData*)"
1056	122	"v8::internal::LoadJoinTypedElement_Uint16Elements_0Descriptor::InitializeTypes(v8::internal::CallInterfaceDescriptorData*)"
1057	121	"v8::internal::LoadJoinTypedElement_Int16Elements_0Descriptor::InitializeTypes(v8::internal::CallInterfaceDescriptorData*)"
1058	122	"v8::internal::LoadJoinTypedElement_Uint32Elements_0Descriptor::InitializeTypes(v8::internal::CallInterfaceDescriptorData*)"
1059	109	"v8::internal::GenericBuiltinTest_Smi_0Descriptor::InitializeTypes(v8::internal::CallInterfaceDescriptorData*)"
1060	133	"v8::internal::LoadNoHasPropertyCheck_GenericElementsAccessor_0Descriptor::InitializeTypes(v8::internal::CallInterfaceDescriptorData*)"
1061	115	"v8::internal::Load_GenericElementsAccessor_0Descriptor::InitializeTypes(v8::internal::CallInterfaceDescriptorData*)"
1062	116	"v8::internal::Store_GenericElementsAccessor_0Descriptor::InitializeTypes(v8::internal::CallInterfaceDescriptorData*)"
1063	117	"v8::internal::Delete_GenericElementsAccessor_0Descriptor::InitializeTypes(v8::internal::CallInterfaceDescriptorData*)"
1064	124	"v8::internal::CanUseSameAccessor_FastDoubleElements_0Descriptor::InitializeTypes(v8::internal::CallInterfaceDescriptorData*)"
1065	121	"v8::internal::CanUseSameAccessor_FastSmiElements_0Descriptor::InitializeTypes(v8::internal::CallInterfaceDescriptorData*)"
1066	124	"v8::internal::CanUseSameAccessor_FastObjectElements_0Descriptor::InitializeTypes(v8::internal::CallInterfaceDescriptorData*)"
1067	117	"v8::internal::LoadTypedElement_Int32Elements_0Descriptor::InitializeTypes(v8::internal::CallInterfaceDescriptorData*)"
1068	125	"v8::internal::StoreTypedElementNumeric_Int32Elements_0Descriptor::InitializeTypes(v8::internal::CallInterfaceDescriptorData*)"
1069	123	"v8::internal::StoreTypedElementJSAny_Int32Elements_0Descriptor::InitializeTypes(v8::internal::CallInterfaceDescriptorData*)"
1070	119	"v8::internal::LoadTypedElement_Float16Elements_0Descriptor::InitializeTypes(v8::internal::CallInterfaceDescriptorData*)"
1071	127	"v8::internal::StoreTypedElementNumeric_Float16Elements_0Descriptor::InitializeTypes(v8::internal::CallInterfaceDescriptorData*)"
1072	125	"v8::internal::StoreTypedElementJSAny_Float16Elements_0Descriptor::InitializeTypes(v8::internal::CallInterfaceDescriptorData*)"
1073	119	"v8::internal::LoadTypedElement_Float32Elements_0Descriptor::InitializeTypes(v8::internal::CallInterfaceDescriptorData*)"
1074	127	"v8::internal::StoreTypedElementNumeric_Float32Elements_0Descriptor::InitializeTypes(v8::internal::CallInterfaceDescriptorData*)"
1075	125	"v8::internal::StoreTypedElementJSAny_Float32Elements_0Descriptor::InitializeTypes(v8::internal::CallInterfaceDescriptorData*)"
1076	119	"v8::internal::LoadTypedElement_Float64Elements_0Descriptor::InitializeTypes(v8::internal::CallInterfaceDescriptorData*)"
1077	127	"v8::internal::StoreTypedElementNumeric_Float64Elements_0Descriptor::InitializeTypes(v8::internal::CallInterfaceDescriptorData*)"
1078	125	"v8::internal::StoreTypedElementJSAny_Float64Elements_0Descriptor::InitializeTypes(v8::internal::CallInterfaceDescriptorData*)"
1079	124	"v8::internal::LoadTypedElement_Uint8ClampedElements_0Descriptor::InitializeTypes(v8::internal::CallInterfaceDescriptorData*)"
1080	132	"v8::internal::StoreTypedElementNumeric_Uint8ClampedElements_0Descriptor::InitializeTypes(v8::internal::CallInterfaceDescriptorData*)"
1081	130	"v8::internal::StoreTypedElementJSAny_Uint8ClampedElements_0Descriptor::InitializeTypes(v8::internal::CallInterfaceDescriptorData*)"
1082	121	"v8::internal::LoadTypedElement_BigUint64Elements_0Descriptor::InitializeTypes(v8::internal::CallInterfaceDescriptorData*)"
1083	129	"v8::internal::StoreTypedElementNumeric_BigUint64Elements_0Descriptor::InitializeTypes(v8::internal::CallInterfaceDescriptorData*)"
1084	127	"v8::internal::StoreTypedElementJSAny_BigUint64Elements_0Descriptor::InitializeTypes(v8::internal::CallInterfaceDescriptorData*)"
1085	120	"v8::internal::LoadTypedElement_BigInt64Elements_0Descriptor::InitializeTypes(v8::internal::CallInterfaceDescriptorData*)"
1086	128	"v8::internal::StoreTypedElementNumeric_BigInt64Elements_0Descriptor::InitializeTypes(v8::internal::CallInterfaceDescriptorData*)"
1087	126	"v8::internal::StoreTypedElementJSAny_BigInt64Elements_0Descriptor::InitializeTypes(v8::internal::CallInterfaceDescriptorData*)"
1088	117	"v8::internal::LoadTypedElement_Uint8Elements_0Descriptor::InitializeTypes(v8::internal::CallInterfaceDescriptorData*)"
1089	125	"v8::internal::StoreTypedElementNumeric_Uint8Elements_0Descriptor::InitializeTypes(v8::internal::CallInterfaceDescriptorData*)"
1090	123	"v8::internal::StoreTypedElementJSAny_Uint8Elements_0Descriptor::InitializeTypes(v8::internal::CallInterfaceDescriptorData*)"
1091	116	"v8::internal::LoadTypedElement_Int8Elements_0Descriptor::InitializeTypes(v8::internal::CallInterfaceDescriptorData*)"
1092	124	"v8::internal::StoreTypedElementNumeric_Int8Elements_0Descriptor::InitializeTypes(v8::internal::CallInterfaceDescriptorData*)"
1093	122	"v8::internal::StoreTypedElementJSAny_Int8Elements_0Descriptor::InitializeTypes(v8::internal::CallInterfaceDescriptorData*)"
1094	118	"v8::internal::LoadTypedElement_Uint16Elements_0Descriptor::InitializeTypes(v8::internal::CallInterfaceDescriptorData*)"
1095	126	"v8::internal::StoreTypedElementNumeric_Uint16Elements_0Descriptor::InitializeTypes(v8::internal::CallInterfaceDescriptorData*)"
1096	124	"v8::internal::StoreTypedElementJSAny_Uint16Elements_0Descriptor::InitializeTypes(v8::internal::CallInterfaceDescriptorData*)"
1097	117	"v8::internal::LoadTypedElement_Int16Elements_0Descriptor::InitializeTypes(v8::internal::CallInterfaceDescriptorData*)"
1098	125	"v8::internal::StoreTypedElementNumeric_Int16Elements_0Descriptor::InitializeTypes(v8::internal::CallInterfaceDescriptorData*)"
1099	123	"v8::internal::StoreTypedElementJSAny_Int16Elements_0Descriptor::InitializeTypes(v8::internal::CallInterfaceDescriptorData*)"
1100	118	"v8::internal::LoadTypedElement_Uint32Elements_0Descriptor::InitializeTypes(v8::internal::CallInterfaceDescriptorData*)"
1101	126	"v8::internal::StoreTypedElementNumeric_Uint32Elements_0Descriptor::InitializeTypes(v8::internal::CallInterfaceDescriptorData*)"
1102	124	"v8::internal::StoreTypedElementJSAny_Uint32Elements_0Descriptor::InitializeTypes(v8::internal::CallInterfaceDescriptorData*)"
1103	58	"v8::internal::wasm::WasmEngine::InitializeOncePerProcess()"
1106	44	"v8::internal::wasm::WasmEngine::WasmEngine()"
1107	64	"v8::internal::wasm::TypeCanonicalizer::AddPredefinedArrayTypes()"
1108	41	"v8::internal::Zone::Expand(unsigned long)"
1109	71	"v8::internal::AccountingAllocator::AllocateSegment(unsigned long, bool)"
1110	50	"v8::internal::AllocAtLeastWithRetry(unsigned long)"
1111	778	"std::__Cr::pair<std::__Cr::__hash_iterator<std::__Cr::__hash_node<v8::internal::wasm::TypeCanonicalizer::CanonicalSingletonGroup, void*>*>, bool> std::__Cr::__hash_table<v8::internal::wasm::TypeCanonicalizer::CanonicalSingletonGroup, std::__Cr::hash<v8::internal::wasm::TypeCanonicalizer::CanonicalSingletonGroup>, std::__Cr::equal_to<v8::internal::wasm::TypeCanonicalizer::CanonicalSingletonGroup>, std::__Cr::allocator<v8::internal::wasm::TypeCanonicalizer::CanonicalSingletonGroup> >::__emplace_unique_key_args<v8::internal::wasm::TypeCanonicalizer::CanonicalSingletonGroup, v8::internal::wasm::TypeCanonicalizer::CanonicalSingletonGroup&>(v8::internal::wasm::TypeCanonicalizer::CanonicalSingletonGroup const&, v8::internal::wasm::TypeCanonicalizer::CanonicalSingletonGroup&)"
1112	379	"void std::__Cr::__hash_table<v8::internal::wasm::TypeCanonicalizer::CanonicalSingletonGroup, std::__Cr::hash<v8::internal::wasm::TypeCanonicalizer::CanonicalSingletonGroup>, std::__Cr::equal_to<v8::internal::wasm::TypeCanonicalizer::CanonicalSingletonGroup>, std::__Cr::allocator<v8::internal::wasm::TypeCanonicalizer::CanonicalSingletonGroup> >::__do_rehash<true>(unsigned long)"
1113	256	"v8::internal::wasm::CanonicalTypeIndex& std::__Cr::vector<v8::internal::wasm::CanonicalTypeIndex, std::__Cr::allocator<v8::internal::wasm::CanonicalTypeIndex> >::emplace_back<v8::internal::wasm::CanonicalTypeIndex>(v8::internal::wasm::CanonicalTypeIndex&&)"
1114	100	"v8::internal::compiler::WasmCallDescriptors::WasmCallDescriptors(v8::internal::AccountingAllocator*)"
1115	217	"v8::internal::compiler::GetBuiltinCallDescriptor(v8::internal::Builtin, v8::internal::Zone*, v8::internal::StubCallMode, bool, v8::base::Flags<v8::internal::compiler::Operator::Property, unsigned char, unsigned char>)"
1116	318	"v8::internal::compiler::Linkage::GetStubCallDescriptor(v8::internal::Zone*, v8::internal::CallInterfaceDescriptor const&, int, v8::base::Flags<v8::internal::compiler::CallDescriptor::Flag, int, int>, v8::base::Flags<v8::internal::compiler::Operator::Property, unsigned char, unsigned char>, v8::internal::StubCallMode)"
1117	102	"v8::internal::SegmentedTable<v8::internal::wasm::WasmCodePointerTableEntry, 134217728ul>::Initialize()"
1118	59	"cppgc::InitializeProcess(v8::PageAllocator*, unsigned long)"
1119	81	"cppgc::internal::CagedHeap::InitializeIfNeeded(v8::PageAllocator&, unsigned long)"
1120	72	"cppgc::internal::CagedHeap::CagedHeap(v8::PageAllocator&, unsigned long)"
1121	178	"v8::base::BoundedPageAllocator::BoundedPageAllocator(v8::PageAllocator*, unsigned long, unsigned long, unsigned long, v8::base::PageInitializationMode, v8::base::PageFreeingMode)"
1122	55	"_RNvNtCs8BNLh0y6PrD_6script14memory_profile10registered"
1123	134	"_RNvMs4_NtCscHgRw1M2fX5_5alloc7raw_vecINtB5_6RawVecINtNtB7_4sync4WeakNtNtCs8BNLh0y6PrD_6script14memory_profile8CountersEE8grow_oneB18_"
1124	145	"_RINvNtNtCs6ZjlLoI6YmX_3std6thread9lifecycle15spawn_uncheckedNCNvMNtNtCs8BNLh0y6PrD_6script4load7isolateNtB11_11LoadIsolate11spawn_inners_0uEB15_"
1125	212	"_RNvMsg_NtNtCs6ZjlLoI6YmX_3std4sync4mpmcINtB5_8ReceiverINtNtCsc36rpYXAlPq_4core6result6ResultNtNtCs3ffjLCRwtey_2v87isolate13IsolateHandleNtNtCscHgRw1M2fX5_5alloc6string6StringEE12recv_timeoutCs8BNLh0y6PrD_6script"
1126	209	"_RNvMs1_NtNtNtCs6ZjlLoI6YmX_3std4sync4mpmc4listINtB5_7ChannelINtNtCsc36rpYXAlPq_4core6result6ResultNtNtCs3ffjLCRwtey_2v87isolate13IsolateHandleNtNtCscHgRw1M2fX5_5alloc6string6StringEE4recvCs8BNLh0y6PrD_6script"
1127	275	"_RINvMs0_NtNtNtNtCs6ZjlLoI6YmX_3std3sys12thread_local6native4lazyINtB6_7StorageINtNtCsc36rpYXAlPq_4core4cell4CellINtNtB1j_6option6OptionNtNtNtNtBe_4sync4mpmc7context7ContextEEuE16get_or_init_slowNvNvNvMB2b_B29_4with7CONTEXT27___rust_std_internal_init_fnECs8BNLh0y6PrD_6script"
1128	64	"_RNvMNtNtNtCs6ZjlLoI6YmX_3std4sync4mpmc7contextNtB2_7Context3new"
1129	55	"_RNvNtNtCs6ZjlLoI6YmX_3std6thread7current12init_current"
1130	214	"_RNCNvMs1_NtNtNtCs6ZjlLoI6YmX_3std4sync4mpmc4listINtB7_7ChannelINtNtCsc36rpYXAlPq_4core6result6ResultNtNtCs3ffjLCRwtey_2v87isolate13IsolateHandleNtNtCscHgRw1M2fX5_5alloc6string6StringEE4recvs_0Cs8BNLh0y6PrD_6script"
1131	72	"_RNvMs0_NtNtNtCs6ZjlLoI6YmX_3std4sync4mpmc5wakerNtB5_9SyncWaker8register"
1132	136	"_RNvMs4_NtCscHgRw1M2fX5_5alloc7raw_vecINtB5_6RawVecNtNtNtNtCs6ZjlLoI6YmX_3std4sync4mpmc5waker5EntryE8grow_oneCs46fkt1xHg5P_11rustyscript"
1133	121	"_RNvMs5_NtCscHgRw1M2fX5_5alloc7raw_vecNtB5_11RawVecInner11finish_growCs46fkt1xHg5P_11rustyscript.llvm.1917977132873778572"
1134	220	"_RNSNvYNCINvNtNtCs6ZjlLoI6YmX_3std6thread9lifecycle15spawn_uncheckedNCNvMNtNtCs8BNLh0y6PrD_6script4load7isolateNtB18_11LoadIsolate11spawn_inners_0uEs_0INtNtNtCsc36rpYXAlPq_4core3ops8function6FnOnceuE9call_once6vtableB1c_"
1135	213	"_RINvNtNtCs6ZjlLoI6YmX_3std3sys9backtrace28___rust_begin_short_backtraceNCNCNCINvNtNtB6_6thread9lifecycle15spawn_uncheckedNCNvMNtNtCs8BNLh0y6PrD_6script4load7isolateNtB20_11LoadIsolate11spawn_inners_0uEs_000uEB24_"
1136	156	"_RINvNtNtCs6ZjlLoI6YmX_3std3sys9backtrace28___rust_begin_short_backtraceNCNvMNtNtCs8BNLh0y6PrD_6script4load7isolateNtB1c_11LoadIsolate11spawn_inners_0uEB1g_"
1137	56	"_RNvNtNtCs8BNLh0y6PrD_6script4load7isolate12isolate_main"
1138	59	"_RNvMNtCs46fkt1xHg5P_11rustyscript7runtimeNtB2_7Runtime3new"
1139	72	"_RNvMs_NtCs46fkt1xHg5P_11rustyscript12async_bridgeNtB4_11AsyncBridge3new"
1140	78	"_RNvMNtNtCsjSTgzKTFx8E_5tokio7runtime7builderNtB2_7Builder18new_current_thread"
1141	88	"_RNvMNtNtCsjSTgzKTFx8E_5tokio7runtime7builderNtB2_7Builder3new.llvm.18284464411356100596"
1142	64	"_RNvMNtNtCsjSTgzKTFx8E_5tokio7runtime7builderNtB2_7Builder5build"
1143	125	"_RNvMNtNtCsjSTgzKTFx8E_5tokio7runtime7builderNtB2_7Builder39build_current_thread_runtime_components.llvm.18284464411356100596"
1144	60	"_RNvMNtNtCsjSTgzKTFx8E_5tokio7runtime6driverNtB2_6Driver3new"
1145	65	"_RNvMNtNtNtCsjSTgzKTFx8E_5tokio7runtime2io6driverNtB2_6Driver3new"
1146	60	"_RNvMNtNtCsjSTgzKTFx8E_5tokio7runtime6signalNtB2_6Driver3new"
1147	168	"_RINvMNtNtCs6ZjlLoI6YmX_3std4sync9once_lockINtB3_8OnceLockNtNtNtCsjSTgzKTFx8E_5tokio6signal8registry7GlobalsE10initializeNCINvB2_11get_or_initNvBV_12globals_initE0zEBZ_"
1148	249	"_RNCINvMs0_NtNtCs6ZjlLoI6YmX_3std4sync4onceNtB8_4Once15call_once_forceNCINvMNtBa_9once_lockINtB1b_8OnceLockNtNtNtCsjSTgzKTFx8E_5tokio6signal8registry7GlobalsE10initializeNCINvB1a_11get_or_initNvB1I_12globals_initE0zE0E0B1M_.llvm.10514142287049964187"
1149	58	"_RNvNtNtCsjSTgzKTFx8E_5tokio6signal8registry12globals_init"
1150	284	"_RNvXNtNtCscHgRw1M2fX5_5alloc3vec14spec_from_iterINtB4_3VecNtNtNtCsjSTgzKTFx8E_5tokio6signal4unix10SignalInfoEINtB2_12SpecFromIterBU_INtNtNtNtCsc36rpYXAlPq_4core4iter8adapters4take4TakeINtNtNtB2d_7sources11repeat_with10RepeatWithNvYBU_NtNtB2f_7default7Default7defaultEEE9from_iterB10_"
1151	269	"_RINvXsb_NtNtCscHgRw1M2fX5_5alloc5boxed4iterINtB8_3BoxSNtNtNtNtNtCsjSTgzKTFx8E_5tokio7runtime4time5wheel5level5LevelEINtNtNtNtCsc36rpYXAlPq_4core4iter6traits7collect12FromIteratorBQ_E9from_iterINtNtNtB1X_8adapters3map3MapINtNtNtB1Z_3ops5range5RangejENvMBS_BQ_3newEEB10_"
1152	79	"_RNvMs1_NtNtNtCsjSTgzKTFx8E_5tokio7runtime8blocking4poolNtB5_12BlockingPool3new"
1153	64	"_RNvNtNtNtCsjSTgzKTFx8E_5tokio7runtime8blocking8shutdown7channel"
1154	91	"_RNvMs7_NtNtCs5bFdGJg8Aqk_10tokio_util4sync18cancellation_tokenNtB5_17CancellationToken3new"
1155	138	"_RNvMs3_NtCs46fkt1xHg5P_11rustyscript13inner_runtimeINtB5_12InnerRuntimeNtNtNtCs5bJpdm632qa_9deno_core7runtime9jsruntime9JsRuntimeE3newB7_"
1156	41	"_RNvNtCs6ZjlLoI6YmX_3std3env11current_dir"
1175	77	"_RNvMse_NtNtCs5bJpdm632qa_9deno_core7runtime9jsruntimeNtB5_9JsRuntime7try_new"
1176	105	"_RNvMse_NtNtCs5bJpdm632qa_9deno_core7runtime9jsruntimeNtB5_9JsRuntime9new_inner.llvm.10611533502794677107"
1177	55	"_RNvMs1_NtCs5bJpdm632qa_9deno_core3opsNtB5_7OpState3new"
1178	61	"_RNvNtCs5bJpdm632qa_9deno_core13extension_set14setup_op_state"
1179	143	"_RINvNtCs5bJpdm632qa_9deno_core13extension_set28into_sources_and_source_mapsNCNvMse_NtNtB4_7runtime9jsruntimeNtB1j_9JsRuntime9new_inners0_0EB4_"
1181	117	"_RINvNtCs5bJpdm632qa_9deno_core13extension_set4loadNCNvMse_NtNtB4_7runtime9jsruntimeNtBU_9JsRuntime9new_inners0_0EB4_"
1182	123	"_RNCNvMNtCs46fkt1xHg5P_11rustyscript13module_loaderNtB4_11RustyLoader23as_extension_transpiler0B6_.llvm.2460244355398121933"
1183	109	"_RNvMNtNtCs46fkt1xHg5P_11rustyscript13module_loader12inner_loaderNtB2_16InnerRustyLoader19transpile_extension"
1187	132	"_RINvNvMs2_NtCscHgRw1M2fX5_5alloc7raw_vecINtB8_11RawVecInnerpE7reserve21do_reserve_and_handleNtNtBa_5alloc6GlobalECs48pER9i7TM2_3url"
1188	113	"_RNvMs5_NtCscHgRw1M2fX5_5alloc7raw_vecNtB5_11RawVecInner11finish_growCs48pER9i7TM2_3url.llvm.15660988891364918792"
1189	66	"_RNvNtCs46fkt1xHg5P_11rustyscript10transpiler19transpile_extension"
1190	55	"_RNvNtCs46fkt1xHg5P_11rustyscript10transpiler9transpile"
1195	160	"_RNvXs_NtNtNtCs5bJpdm632qa_9deno_core7runtime9op_driver24futures_unordered_driverNtB4_22FuturesUnorderedDriverNtNtCsc36rpYXAlPq_4core7default7Default7defaultBa_"
1196	288	"_RNvMs4_NtNtCsgfI0YPFYkVC_12futures_util6stream17futures_unorderedINtB5_16FuturesUnorderedINtNtNtNtCs5bJpdm632qa_9deno_core7runtime9op_driver12future_arena16FutureAllocationINtNtB1u_10op_results9PendingOpNtB2N_18V8OpMappingContextENtB2N_13PendingOpInfoEE3newB1y_.llvm.14305360714841248536"
1197	61	"_RNvNtCs5bJpdm632qa_9deno_core13extension_set14create_op_ctxs"
1199	70	"_RNvNtNtCs5bJpdm632qa_9deno_core7runtime8bindings19externalize_sources"
1200	77	"_RNvNtNtCs5bJpdm632qa_9deno_core7runtime8bindings26create_external_references"
1201	62	"_RNvNtNtCs5bJpdm632qa_9deno_core7runtime5setup14create_isolate"
1202	52	"_RNvMs0_NtCs3ffjLCRwtey_2v87isolateNtB5_7Isolate3new"
1203	75	"_RNvMNtCs3ffjLCRwtey_2v821isolate_create_paramsNtB2_12CreateParams8finalize"
1204	49	"v8::ArrayBuffer::Allocator::NewDefaultAllocator()"
1205	69	"std__shared_ptr__v8__ArrayBuffer__Allocator__CONVERT__std__unique_ptr"
1206	50	"v8::Isolate::New(v8::Isolate::CreateParams const&)"
1207	55	"v8::internal::Isolate::New(v8::internal::IsolateGroup*)"
1208	59	"v8::internal::Isolate::Isolate(v8::internal::IsolateGroup*)"
1209	26	"v8::internal::Heap::Heap()"
1210	73	"v8::internal::PretenuringHandler::PretenuringHandler(v8::internal::Heap*)"
1211	66	"v8::internal::ThreadManager::ThreadManager(v8::internal::Isolate*)"
1212	174	"_ZNSt4__Cr15allocate_sharedIN2v88internal8CountersENS_9allocatorIS3_EEJPNS2_7IsolateEETnNS_9enable_ifIXntsr8is_arrayIT_EE5valueEiE4typeELi0EEENS_10shared_ptrIS9_EERKT0_DpOT1_"
1213	80	"v8::internal::MicrotaskQueue::SetUpDefaultMicrotaskQueue(v8::internal::Isolate*)"
1214	71	"v8::Isolate::Initialize(v8::Isolate*, v8::Isolate::CreateParams const&)"
1215	66	"v8::CppHeap::Create(v8::Platform*, v8::CppHeapCreateParams const&)"
1216	346	"v8::internal::CppHeap::CppHeap(v8::Platform*, std::__Cr::vector<std::__Cr::unique_ptr<cppgc::CustomSpaceBase, std::__Cr::default_delete<cppgc::CustomSpaceBase> >, std::__Cr::allocator<std::__Cr::unique_ptr<cppgc::CustomSpaceBase, std::__Cr::default_delete<cppgc::CustomSpaceBase> > > > const&, cppgc::Heap::MarkingType, cppgc::Heap::SweepingType)"
1217	439	"cppgc::internal::HeapBase::HeapBase(std::__Cr::shared_ptr<cppgc::Platform>, std::__Cr::vector<std::__Cr::unique_ptr<cppgc::CustomSpaceBase, std::__Cr::default_delete<cppgc::CustomSpaceBase> >, std::__Cr::allocator<std::__Cr::unique_ptr<cppgc::CustomSpaceBase, std::__Cr::default_delete<cppgc::CustomSpaceBase> > > > const&, cppgc::Heap::StackSupport, cppgc::Heap::MarkingType, cppgc::Heap::SweepingType, cppgc::internal::GarbageCollector&)"
1218	309	"cppgc::internal::RawHeap::RawHeap(cppgc::internal::HeapBase*, std::__Cr::vector<std::__Cr::unique_ptr<cppgc::CustomSpaceBase, std::__Cr::default_delete<cppgc::CustomSpaceBase> >, std::__Cr::allocator<std::__Cr::unique_ptr<cppgc::CustomSpaceBase, std::__Cr::default_delete<cppgc::CustomSpaceBase> > > > const&)"
1219	593	"std::__Cr::unique_ptr<cppgc::internal::BaseSpace, std::__Cr::default_delete<cppgc::internal::BaseSpace> >& std::__Cr::vector<std::__Cr::unique_ptr<cppgc::internal::BaseSpace, std::__Cr::default_delete<cppgc::internal::BaseSpace> >, std::__Cr::allocator<std::__Cr::unique_ptr<cppgc::internal::BaseSpace, std::__Cr::default_delete<cppgc::internal::BaseSpace> > > >::emplace_back<std::__Cr::unique_ptr<cppgc::internal::BaseSpace, std::__Cr::default_delete<cppgc::internal::BaseSpace> > >(std::__Cr::unique_ptr<cppgc::internal::BaseSpace, std::__Cr::default_delete<cppgc::internal::BaseSpace> >&&)"
1220	71	"cppgc::internal::HeapRegistry::RegisterHeap(cppgc::internal::HeapBase&)"
1221	196	"cppgc::internal::HeapBase*& std::__Cr::vector<cppgc::internal::HeapBase*, std::__Cr::allocator<cppgc::internal::HeapBase*> >::emplace_back<cppgc::internal::HeapBase*>(cppgc::internal::HeapBase*&&)"
1222	61	"cppgc::internal::Sweeper::Sweeper(cppgc::internal::HeapBase&)"
1223	103	"cppgc::internal::StatsCollector::RegisterObserver(cppgc::internal::StatsCollector::AllocationObserver*)"
1224	338	"cppgc::internal::StatsCollector::AllocationObserver*& std::__Cr::vector<cppgc::internal::StatsCollector::AllocationObserver*, std::__Cr::allocator<cppgc::internal::StatsCollector::AllocationObserver*> >::emplace_back<cppgc::internal::StatsCollector::AllocationObserver* const&>(cppgc::internal::StatsCollector::AllocationObserver* const&)"
1227	79	"v8::internal::Heap::ConfigureHeap(v8::ResourceConstraints const&, v8::CppHeap*)"
1228	61	"v8::internal::HeapProfiler::HeapProfiler(v8::internal::Heap*)"
1229	65	"v8::internal::HeapObjectsMap::HeapObjectsMap(v8::internal::Heap*)"
1230	46	"v8::internal::StringsStorage::StringsStorage()"
1231	60	"v8::internal::CppHeap::AttachIsolate(v8::internal::Isolate*)"
1232	115	"v8::internal::HeapProfiler::AddBuildEmbedderGraphCallback(void (*)(v8::Isolate*, v8::EmbedderGraph*, void*), void*)"
1233	433	"std::__Cr::pair<void (*)(v8::Isolate*, v8::EmbedderGraph*, void*), void*>& std::__Cr::vector<std::__Cr::pair<void (*)(v8::Isolate*, v8::EmbedderGraph*, void*), void*>, std::__Cr::allocator<std::__Cr::pair<void (*)(v8::Isolate*, v8::EmbedderGraph*, void*), void*> > >::emplace_back<std::__Cr::pair<void (*)(v8::Isolate*, v8::EmbedderGraph*, void*), void*> >(std::__Cr::pair<void (*)(v8::Isolate*, v8::EmbedderGraph*, void*), void*>&&)"
1234	117	"cppgc::internal::Sweeper::SweepingOnMutatorThreadObserver::SweepingOnMutatorThreadObserver(cppgc::internal::Sweeper&)"
1235	368	"cppgc::internal::Sweeper::SweepingOnMutatorThreadObserver*& std::__Cr::vector<cppgc::internal::Sweeper::SweepingOnMutatorThreadObserver*, std::__Cr::allocator<cppgc::internal::Sweeper::SweepingOnMutatorThreadObserver*> >::emplace_back<cppgc::internal::Sweeper::SweepingOnMutatorThreadObserver* const&>(cppgc::internal::Sweeper::SweepingOnMutatorThreadObserver* const&)"
1236	30	"v8::internal::Isolate::Enter()"
1237	65	"v8::internal::Isolate::FindOrAllocatePerThreadDataForThisThread()"
1238	1203	"std::__Cr::pair<std::__Cr::__hash_iterator<std::__Cr::__hash_node<std::__Cr::__hash_value_type<v8::internal::ThreadId, v8::internal::Isolate::PerIsolateThreadData*>, void*>*>, bool> std::__Cr::__hash_table<std::__Cr::__hash_value_type<v8::internal::ThreadId, v8::internal::Isolate::PerIsolateThreadData*>, std::__Cr::__unordered_map_hasher<v8::internal::ThreadId, std::__Cr::__hash_value_type<v8::internal::ThreadId, v8::internal::Isolate::PerIsolateThreadData*>, v8::internal::Isolate::ThreadDataTable::Hasher, std::__Cr::equal_to<v8::internal::ThreadId>, true>, std::__Cr::__unordered_map_equal<v8::internal::ThreadId, std::__Cr::__hash_value_type<v8::internal::ThreadId, v8::internal::Isolate::PerIsolateThreadData*>, std::__Cr::equal_to<v8::internal::ThreadId>, v8::internal::Isolate::ThreadDataTable::Hasher, true>, std::__Cr::allocator<std::__Cr::__hash_value_type<v8::internal::ThreadId, v8::internal::Isolate::PerIsolateThreadData*> > >::__emplace_unique_key_args<v8::internal::ThreadId, std::__Cr::pair<v8::internal::ThreadId, v8::internal::Isolate::PerIsolateThreadData*> >(v8::internal::ThreadId const&, std::__Cr::pair<v8::internal::ThreadId, v8::internal::Isolate::PerIsolateThreadData*>&&)"
1239	801	"void std::__Cr::__hash_table<std::__Cr::__hash_value_type<v8::internal::ThreadId, v8::internal::Isolate::PerIsolateThreadData*>, std::__Cr::__unordered_map_hasher<v8::internal::ThreadId, std::__Cr::__hash_value_type<v8::internal::ThreadId, v8::internal::Isolate::PerIsolateThreadData*>, v8::internal::Isolate::ThreadDataTable::Hasher, std::__Cr::equal_to<v8::internal::ThreadId>, true>, std::__Cr::__unordered_map_equal<v8::internal::ThreadId, std::__Cr::__hash_value_type<v8::internal::ThreadId, v8::internal::Isolate::PerIsolateThreadData*>, std::__Cr::equal_to<v8::internal::ThreadId>, v8::internal::Isolate::ThreadDataTable::Hasher, true>, std::__Cr::allocator<std::__Cr::__hash_value_type<v8::internal::ThreadId, v8::internal::Isolate::PerIsolateThreadData*> > >::__do_rehash<true>(unsigned long)"
1240	58	"v8::internal::Snapshot::Initialize(v8::internal::Isolate*)"
1241	132	"v8::internal::Isolate::InitWithSnapshot(v8::internal::SnapshotData*, v8::internal::SnapshotData*, v8::internal::SnapshotData*, bool)"
1242	120	"v8::internal::Isolate::Init(v8::internal::SnapshotData*, v8::internal::SnapshotData*, v8::internal::SnapshotData*, bool)"
1243	86	"v8::platform::DefaultPlatform::GetForegroundTaskRunner(v8::Isolate*, v8::TaskPriority)"
1244	62	"v8::internal::IsolateGroup::AddIsolate(v8::internal::Isolate*)"
1245	64	"v8::internal::OptimizingCompileTaskExecutor::EnsureInitialized()"
1246	45	"operator new(unsigned long, std::align_val_t)"
1247	166	"v8::platform::DefaultPlatform::CreateJobImpl(v8::TaskPriority, std::__Cr::unique_ptr<v8::JobTask, std::__Cr::default_delete<v8::JobTask> >, v8::SourceLocation const&)"
1248	262	"_ZNSt4__Cr15allocate_sharedIN2v88platform15DefaultJobStateENS_9allocatorIS3_EEJRPNS1_8PlatformENS_10unique_ptrINS1_7JobTaskENS_14default_deleteISA_EEEERNS1_12TaskPriorityERmETnNS_9enable_ifIXntsr8is_arrayIT_EE5valueEiE4typeELi0EEENS_10shared_ptrISI_EERKT0_DpOT1_"
1249	153	"v8::MemoryRange& std::__Cr::vector<v8::MemoryRange, std::__Cr::allocator<v8::MemoryRange> >::emplace_back<v8::MemoryRange const&>(v8::MemoryRange const&)"
1250	66	"v8::internal::GlobalHandles::GlobalHandles(v8::internal::Isolate*)"
1251	36	"v8::internal::DateCache::DateCache()"
1252	41	"v8::internal::Intl::CreateTimeZoneCache()"
1253	49	"v8::bigint::Processor::New(v8::bigint::Platform*)"
1254	92	"v8::internal::baseline::BaselineBatchCompiler::BaselineBatchCompiler(v8::internal::Isolate*)"
1255	102	"v8::internal::baseline::ConcurrentBaselineCompiler::ConcurrentBaselineCompiler(v8::internal::Isolate*)"
1256	51	"v8::internal::Malloced::operator new(unsigned long)"
1257	100	"v8::internal::maglev::MaglevConcurrentDispatcher::MaglevConcurrentDispatcher(v8::internal::Isolate*)"
1258	57	"v8::internal::V8FileLogger::SetUp(v8::internal::Isolate*)"
1259	149	"v8::internal::LogFile::LogFile(v8::internal::V8FileLogger*, std::__Cr::basic_string<char, std::__Cr::char_traits<char>, std::__Cr::allocator<char> >)"
1260	143	"std::__Cr::basic_string<char, std::__Cr::char_traits<char>, std::__Cr::allocator<char> >::__init_copy_ctor_external(char const*, unsigned long)"
1261	43	"v8::sampler::Sampler::Sampler(v8::Isolate*)"
1262	168	"_ZNSt4__Cr15allocate_sharedIN2v88internal7metrics8RecorderENS_9allocatorIS4_EEJETnNS_9enable_ifIXntsr8is_arrayIT_EE5valueEiE4typeELi0EEENS_10shared_ptrIS8_EERKT0_DpOT1_"
1263	90	"v8::internal::LocalIsolate::LocalIsolate(v8::internal::Isolate*, v8::internal::ThreadKind)"
1264	198	"v8::internal::LocalHeap::LocalHeap(v8::internal::Heap*, v8::internal::ThreadKind, std::__Cr::unique_ptr<v8::internal::PersistentHandles, std::__Cr::default_delete<v8::internal::PersistentHandles> >)"
1265	38	"v8::internal::Isolate::DefaultLocale()"
1266	46	"icu_74::Locale::init(char const*, signed char)"
1267	61	"icu_74::locale_set_default_internal(char const*, UErrorCode&)"
1268	26	"uprv_getDefaultLocaleID_74"
1269	124	"_uhash_create(int (*)(UElement), signed char (*)(UElement, UElement), signed char (*)(UElement, UElement), int, UErrorCode*)"
1270	51	"v8::internal::Heap::SetUp(v8::internal::LocalHeap*)"
1271	81	"v8::internal::CodeRange::InitReservation(v8::PageAllocator*, unsigned long, bool)"
1272	132	"v8::internal::VirtualMemoryCage::InitReservation(v8::internal::VirtualMemoryCage::ReservationParams const&, v8::base::AddressRegion)"
1273	58	"v8::internal::Isolate::AddCodeMemoryRange(v8::MemoryRange)"
1274	101	"v8::internal::IncrementalMarking::IncrementalMarking(v8::internal::Heap*, v8::internal::WeakObjects*)"
1275	99	"v8::internal::ConcurrentMarking::ConcurrentMarking(v8::internal::Heap*, v8::internal::WeakObjects*)"
1276	104	"v8::internal::IsolateGroup::SetupReadOnlyHeap(v8::internal::Isolate*, v8::internal::SnapshotData*, bool)"
1277	92	"v8::internal::ReadOnlyHeap::SetUp(v8::internal::Isolate*, v8::internal::SnapshotData*, bool)"
1278	57	"v8::internal::IsolateGroup::InitializeReadOnlyArtifacts()"
1279	109	"v8::internal::ReadOnlyHeap::DeserializeIntoIsolate(v8::internal::Isolate*, v8::internal::SnapshotData*, bool)"
1282	60	"v8::internal::ReadOnlyDeserializer::DeserializeIntoIsolate()"
1283	62	"v8::internal::ReadOnlyHeapImageDeserializer::DeserializeImpl()"
1284	63	"v8::internal::ReadOnlyHeapImageDeserializer::AllocatePage(bool)"
1285	47	"v8::internal::ReadOnlySpace::AllocateNextPage()"
1286	96	"v8::internal::MemoryAllocator::AllocateReadOnlyPage(v8::internal::ReadOnlySpace*, unsigned long)"
1287	253	"v8::internal::ReadOnlyPageMetadata*& std::__Cr::vector<v8::internal::ReadOnlyPageMetadata*, std::__Cr::allocator<v8::internal::ReadOnlyPageMetadata*> >::emplace_back<v8::internal::ReadOnlyPageMetadata* const&>(v8::internal::ReadOnlyPageMetadata* const&)"
1288	223	"v8::internal::ReadOnlyArtifacts::Initialize(v8::internal::Isolate*, std::__Cr::vector<v8::internal::ReadOnlyPageMetadata*, std::__Cr::allocator<v8::internal::ReadOnlyPageMetadata*> >&&, v8::internal::AllocationStats const&)"
1289	297	"void std::__Cr::vector<v8::internal::ReadOnlyPageMetadata*, std::__Cr::allocator<v8::internal::ReadOnlyPageMetadata*> >::__assign_with_size<v8::internal::ReadOnlyPageMetadata**, v8::internal::ReadOnlyPageMetadata**>(v8::internal::ReadOnlyPageMetadata**, v8::internal::ReadOnlyPageMetadata**, long)"
1290	105	"v8::internal::Heap::SetUpSpaces(v8::internal::LinearAllocationArea&, v8::internal::LinearAllocationArea&)"
1291	40	"v8::internal::FreeList::CreateFreeList()"
1292	54	"v8::internal::FreeListManyCached::FreeListManyCached()"
1293	114	"v8::internal::LocalHeap::SetUpMainThread(v8::internal::LinearAllocationArea&, v8::internal::LinearAllocationArea&)"
1294	108	"v8::internal::HeapAllocator::Setup(v8::internal::LinearAllocationArea*, v8::internal::LinearAllocationArea*)"
1295	187	"v8::internal::MainAllocator::MainAllocator(v8::internal::LocalHeap*, v8::internal::SpaceWithLinearArea*, v8::internal::MainAllocator::IsNewGeneration, v8::internal::LinearAllocationArea*)"
1296	84	"v8::internal::SemiSpaceNewSpace::CreateAllocatorPolicy(v8::internal::MainAllocator*)"
1297	77	"v8::internal::PagedSpace::CreateAllocatorPolicy(v8::internal::MainAllocator*)"
1299	57	"v8::internal::MinorGCJob::MinorGCJob(v8::internal::Heap*)"
1300	116	"v8::internal::LocalHeap::AddGCEpilogueCallback(void (*)(void*), void*, v8::internal::GCCallbacksInSafepoint::GCType)"
1301	356	"v8::internal::GCCallbacksInSafepoint::CallbackData& std::__Cr::vector<v8::internal::GCCallbacksInSafepoint::CallbackData, std::__Cr::allocator<v8::internal::GCCallbacksInSafepoint::CallbackData> >::emplace_back<void (*&)(void*), void*&, v8::internal::GCCallbacksInSafepoint::GCType&>(void (*&)(void*), void*&, v8::internal::GCCallbacksInSafepoint::GCType&)"
1302	89	"v8::internal::AllocationCounter::AddAllocationObserver(v8::internal::AllocationObserver*)"
1303	356	"v8::internal::AllocationCounter::AllocationObserverCounter& std::__Cr::vector<v8::internal::AllocationCounter::AllocationObserverCounter, std::__Cr::allocator<v8::internal::AllocationCounter::AllocationObserverCounter> >::emplace_back<v8::internal::AllocationCounter::AllocationObserverCounter>(v8::internal::AllocationCounter::AllocationObserverCounter&&)"
1305	65	"v8::internal::AlignedAllocWithRetry(unsigned long, unsigned long)"
1306	60	"v8::internal::StringForwardingTable::InitializeBlockVector()"
1307	813	"std::__Cr::unique_ptr<v8::internal::StringForwardingTable::BlockVector, std::__Cr::default_delete<v8::internal::StringForwardingTable::BlockVector> >& std::__Cr::vector<std::__Cr::unique_ptr<v8::internal::StringForwardingTable::BlockVector, std::__Cr::default_delete<v8::internal::StringForwardingTable::BlockVector> >, std::__Cr::allocator<std::__Cr::unique_ptr<v8::internal::StringForwardingTable::BlockVector, std::__Cr::default_delete<v8::internal::StringForwardingTable::BlockVector> > > >::emplace_back<std::__Cr::unique_ptr<v8::internal::StringForwardingTable::BlockVector, std::__Cr::default_delete<v8::internal::StringForwardingTable::BlockVector> > >(std::__Cr::unique_ptr<v8::internal::StringForwardingTable::BlockVector, std::__Cr::default_delete<v8::internal::StringForwardingTable::BlockVector> >&&)"
1308	66	"v8::internal::wasm::WasmEngine::AddIsolate(v8::internal::Isolate*)"
1309	1827	"std::__Cr::pair<std::__Cr::__hash_iterator<std::__Cr::__hash_node<std::__Cr::__hash_value_type<v8::internal::Isolate*, std::__Cr::unique_ptr<v8::internal::wasm::WasmEngine::IsolateInfo, std::__Cr::default_delete<v8::internal::wasm::WasmEngine::IsolateInfo> > >, void*>*>, bool> std::__Cr::__hash_table<std::__Cr::__hash_value_type<v8::internal::Isolate*, std::__Cr::unique_ptr<v8::internal::wasm::WasmEngine::IsolateInfo, std::__Cr::default_delete<v8::internal::wasm::WasmEngine::IsolateInfo> > >, std::__Cr::__unordered_map_hasher<v8::internal::Isolate*, std::__Cr::__hash_value_type<v8::internal::Isolate*, std::__Cr::unique_ptr<v8::internal::wasm::WasmEngine::IsolateInfo, std::__Cr::default_delete<v8::internal::wasm::WasmEngine::IsolateInfo> > >, std::__Cr::hash<v8::internal::Isolate*>, std::__Cr::equal_to<v8::internal::Isolate*>, true>, std::__Cr::__unordered_map_equal<v8::internal::Isolate*, std::__Cr::__hash_value_type<v8::internal::Isolate*, std::__Cr::unique_ptr<v8::internal::wasm::WasmEngine::IsolateInfo, std::__Cr::default_delete<v8::internal::wasm::WasmEngine::IsolateInfo> > >, std::__Cr::equal_to<v8::internal::Isolate*>, std::__Cr::hash<v8::internal::Isolate*>, true>, std::__Cr::allocator<std::__Cr::__hash_value_type<v8::internal::Isolate*, std::__Cr::unique_ptr<v8::internal::wasm::WasmEngine::IsolateInfo, std::__Cr::default_delete<v8::internal::wasm::WasmEngine::IsolateInfo> > > > >::__emplace_unique_key_args<v8::internal::Isolate*, v8::internal::Isolate*&, std::__Cr::unique_ptr<v8::internal::wasm::WasmEngine::IsolateInfo, std::__Cr::default_delete<v8::internal::wasm::WasmEngine::IsolateInfo> > >(v8::internal::Isolate* const&, v8::internal::Isolate*&, std::__Cr::unique_ptr<v8::internal::wasm::WasmEngine::IsolateInfo, std::__Cr::default_delete<v8::internal::wasm::WasmEngine::IsolateInfo> >&&)"
1310	1171	"void std::__Cr::__hash_table<std::__Cr::__hash_value_type<v8::internal::Isolate*, std::__Cr::unique_ptr<v8::internal::wasm::WasmEngine::IsolateInfo, std::__Cr::default_delete<v8::internal::wasm::WasmEngine::IsolateInfo> > >, std::__Cr::__unordered_map_hasher<v8::internal::Isolate*, std::__Cr::__hash_value_type<v8::internal::Isolate*, std::__Cr::unique_ptr<v8::internal::wasm::WasmEngine::IsolateInfo, std::__Cr::default_delete<v8::internal::wasm::WasmEngine::IsolateInfo> > >, std::__Cr::hash<v8::internal::Isolate*>, std::__Cr::equal_to<v8::internal::Isolate*>, true>, std::__Cr::__unordered_map_equal<v8::internal::Isolate*, std::__Cr::__hash_value_type<v8::internal::Isolate*, std::__Cr::unique_ptr<v8::internal::wasm::WasmEngine::IsolateInfo, std::__Cr::default_delete<v8::internal::wasm::WasmEngine::IsolateInfo> > >, std::__Cr::equal_to<v8::internal::Isolate*>, std::__Cr::hash<v8::internal::Isolate*>, true>, std::__Cr::allocator<std::__Cr::__hash_value_type<v8::internal::Isolate*, std::__Cr::unique_ptr<v8::internal::wasm::WasmEngine::IsolateInfo, std::__Cr::default_delete<v8::internal::wasm::WasmEngine::IsolateInfo> > > > >::__do_rehash<true>(unsigned long)"
1311	127	"v8::internal::GCCallbacks::Add(void (*)(v8::Isolate*, v8::GCType, v8::GCCallbackFlags, void*), v8::Isolate*, v8::GCType, void*)"
1312	62	"v8::internal::SharedHeapDeserializer::DeserializeIntoIsolate()"
1313	118	"v8::internal::SerializerDeserializer::IterateSharedHeapObjectCache(v8::internal::Isolate*, v8::internal::RootVisitor*)"
1314	278	"v8::internal::Tagged<v8::internal::Object>& std::__Cr::vector<v8::internal::Tagged<v8::internal::Object>, std::__Cr::allocator<v8::internal::Tagged<v8::internal::Object> > >::emplace_back<v8::internal::Tagged<v8::internal::Object> >(v8::internal::Tagged<v8::internal::Object>&&)"
1315	62	"v8::internal::SharedHeapDeserializer::DeserializeStringTable()"
1316	63	"v8::internal::Deserializer<v8::internal::Isolate>::ReadObject()"
1317	210	"int v8::internal::Deserializer<v8::internal::Isolate>::ReadReadOnlyHeapRef<v8::internal::SlotAccessorForHandle<v8::internal::Isolate> >(unsigned char, v8::internal::SlotAccessorForHandle<v8::internal::Isolate>)"
1318	57	"v8::internal::HandleScope::Extend(v8::internal::Isolate*)"
1320	193	"v8::internal::StringTable::Data::Resize(v8::internal::PtrComprCageBase, std::__Cr::unique_ptr<v8::internal::StringTable::Data, std::__Cr::default_delete<v8::internal::StringTable::Data> >, int)"
1321	59	"v8::internal::StartupDeserializer::DeserializeIntoIsolate()"
1322	78	"v8::platform::tracing::TracingController::GetCategoryGroupEnabled(char const*)"
1323	146	"v8::internal::Heap::IterateRoots(v8::internal::RootVisitor*, v8::base::EnumSet<v8::internal::SkipRoot, int>, v8::internal::Heap::IterateRootsMode)"
1324	161	"v8::internal::Deserializer<v8::internal::Isolate>::VisitRootPointers(v8::internal::Root, char const*, v8::internal::FullObjectSlot, v8::internal::FullObjectSlot)"
1325	163	"int v8::internal::Deserializer<v8::internal::Isolate>::ReadNewObject<v8::internal::SlotAccessorForRootSlots>(unsigned char, v8::internal::SlotAccessorForRootSlots)"
1326	90	"v8::internal::Deserializer<v8::internal::Isolate>::ReadObject(v8::internal::SnapshotSpace)"
1327	139	"v8::internal::Heap::AllocateRawOrFail(int, v8::internal::AllocationType, v8::internal::AllocationOrigin, v8::internal::AllocationAlignment)"
1328	90	"v8::internal::MainAllocator::AllocateRawSlowUnaligned(int, v8::internal::AllocationOrigin)"
1329	87	"v8::internal::PagedSpaceAllocatorPolicy::RefillLab(int, v8::internal::AllocationOrigin)"
1330	108	"v8::internal::PagedSpaceAllocatorPolicy::TryExpandAndAllocate(unsigned long, v8::internal::AllocationOrigin)"
1331	97	"v8::internal::PagedSpaceBase::TryExpand(v8::internal::LocalHeap*, v8::internal::AllocationOrigin)"
1332	141	"v8::internal::MemoryAllocator::AllocatePage(v8::internal::MemoryAllocator::AllocationMode, v8::internal::Space*, v8::internal::Executability)"
1333	161	"v8::internal::PageMetadata::PageMetadata(v8::internal::Heap*, v8::internal::BaseSpace*, unsigned long, unsigned long, unsigned long, v8::internal::VirtualMemory)"
1334	199	"v8::internal::MutablePageMetadata::MutablePageMetadata(v8::internal::Heap*, v8::internal::BaseSpace*, unsigned long, unsigned long, unsigned long, v8::internal::VirtualMemory, v8::internal::PageSize)"
1335	80	"v8::internal::PagedSpaceBase::InitializePage(v8::internal::MutablePageMetadata*)"
1336	56	"v8::internal::PageMetadata::AllocateFreeListCategories()"
1337	89	"v8::internal::MemoryAllocator::RecordMemoryChunkCreated(v8::internal::MemoryChunk const*)"
1338	519	"std::__Cr::pair<std::__Cr::__hash_iterator<std::__Cr::__hash_node<v8::internal::MemoryChunk const*, void*>*>, bool> std::__Cr::__hash_table<v8::internal::MemoryChunk const*, v8::base::hash<v8::internal::MemoryChunk const*>, std::__Cr::equal_to<v8::internal::MemoryChunk const*>, std::__Cr::allocator<v8::internal::MemoryChunk const*> >::__emplace_unique_key_args<v8::internal::MemoryChunk const*, v8::internal::MemoryChunk const* const&>(v8::internal::MemoryChunk const* const&, v8::internal::MemoryChunk const* const&)"
1339	258	"void std::__Cr::__hash_table<v8::internal::MemoryChunk const*, v8::base::hash<v8::internal::MemoryChunk const*>, std::__Cr::equal_to<v8::internal::MemoryChunk const*>, std::__Cr::allocator<v8::internal::MemoryChunk const*> >::__do_rehash<true>(unsigned long)"
1340	165	"v8::internal::HeapAllocator::AllocateRawWithRetryOrFailSlowPath(int, v8::internal::AllocationType, v8::internal::AllocationOrigin, v8::internal::AllocationAlignment)"
1343	115	"v8::internal::SerializerDeserializer::IterateStartupObjectCache(v8::internal::Isolate*, v8::internal::RootVisitor*)"
1344	57	"v8::internal::Isolate::InitializeBuiltinJSDispatchTable()"
1345	182	"v8::internal::ExternalEntityTable<v8::internal::JSDispatchEntry, 268435456ul>::TryAllocateEntry(v8::internal::ExternalEntityTable<v8::internal::JSDispatchEntry, 268435456ul>::Space*)"
1346	175	"v8::internal::ExternalEntityTable<v8::internal::JSDispatchEntry, 268435456ul>::TryExtend(v8::internal::ExternalEntityTable<v8::internal::JSDispatchEntry, 268435456ul>::Space*)"
1347	107	"v8::internal::SegmentedTable<v8::internal::JSDispatchEntry, 268435456ul>::TryAllocateAndInitializeSegment()"
1348	78	"v8::base::RegionAllocator::AllocateAlignedRegion(unsigned long, unsigned long)"
1349	91	"v8::internal::AstStringConstants::AstStringConstants(v8::internal::Isolate*, unsigned long)"
1350	230	"v8::base::TemplateHashMapImpl<v8::internal::AstRawString const*, v8::base::NoHashMapValue, v8::internal::AstRawStringMapMatcher, v8::base::DefaultAllocationPolicy>::InsertNew(v8::internal::AstRawString const* const&, unsigned int)"
1351	173	"v8::base::TemplateHashMapImpl<v8::internal::AstRawString const*, v8::base::NoHashMapValue, v8::internal::AstRawStringMapMatcher, v8::base::DefaultAllocationPolicy>::Resize()"
1352	60	"_RNvMs0_NtCs3ffjLCRwtey_2v87isolateNtB5_7Isolate10initialize"
1353	61	"_RNvMNtNtCs3ffjLCRwtey_2v85scope4dataNtB2_9ScopeData8new_root"
1354	58	"_RNvMNtNtCs3ffjLCRwtey_2v85scope4dataNtB2_9ScopeData5boxed"
1355	110	"_RINvMNtCs5bJpdm632qa_9deno_core12gotham_stateNtB3_11GothamState3putONtNtCs3ffjLCRwtey_2v87isolate7IsolateEB5_"
1356	190	"_RNvMs4_NtNtNtNtCscHgRw1M2fX5_5alloc11collections5btree3map5entryINtB5_11VacantEntryNtNtCsc36rpYXAlPq_4core3any6TypeIdINtNtBd_5boxed3BoxDNtB1l_3AnyEL_EE12insert_entryCs5bJpdm632qa_9deno_core"
1357	74	"_RNvMs_NtNtCs5bJpdm632qa_9deno_core7runtime7jsrealmNtB4_12ContextState3new"
1358	173	"_RNvXNtCs5bJpdm632qa_9deno_core11web_timeoutINtB2_9WebTimersTINtNtCs3ffjLCRwtey_2v86handle6GlobalNtNtB11_4data8FunctionEmEENtNtCsc36rpYXAlPq_4core7default7Default7defaultB4_"
1359	100	"_RINvMNtCs5bJpdm632qa_9deno_core12gotham_stateNtB3_11GothamState3putNtNtB5_5tasks13V8TaskSpawnerEB5_"
1360	111	"_RINvMNtCs5bJpdm632qa_9deno_core12gotham_stateNtB3_11GothamState3putNtNtB5_5tasks24V8CrossThreadTaskSpawnerEB5_"
1361	109	"_RINvMs_NtCs3ffjLCRwtey_2v85scopeNtB5_11HandleScope3newNtNtB7_7isolate12OwnedIsolateECs5bJpdm632qa_9deno_core"
1362	15	"v8__Global__New"
1363	79	"v8::internal::GlobalHandles::Create(v8::internal::Tagged<v8::internal::Object>)"
1364	16	"v8__Context__New"
1365	253	"v8::Context::New(v8::Isolate*, v8::ExtensionConfiguration*, v8::MaybeLocal<v8::ObjectTemplate>, v8::MaybeLocal<v8::Value>, v8::DeserializeInternalFieldsCallback, v8::MicrotaskQueue*, v8::DeserializeContextDataCallback, v8::DeserializeAPIWrapperCallback)"
1366	205	"v8::NewContext(v8::Isolate*, v8::ExtensionConfiguration*, v8::MaybeLocal<v8::ObjectTemplate>, v8::MaybeLocal<v8::Value>, unsigned long, v8::internal::DeserializeEmbedderFieldsCallback, v8::MicrotaskQueue*)"
1367	252	"v8::internal::Bootstrapper::CreateEnvironment(v8::internal::MaybeDirectHandle<v8::internal::JSGlobalProxy>, v8::Local<v8::ObjectTemplate>, v8::ExtensionConfiguration*, unsigned long, v8::internal::DeserializeEmbedderFieldsCallback, v8::MicrotaskQueue*)"
1368	232	"v8::internal::Genesis::Genesis(v8::internal::Isolate*, v8::internal::MaybeDirectHandle<v8::internal::JSGlobalProxy>, v8::Local<v8::ObjectTemplate>, unsigned long, v8::internal::DeserializeEmbedderFieldsCallback, v8::MicrotaskQueue*)"
1369	57	"v8::internal::Factory::NewUninitializedJSGlobalProxy(int)"
1370	73	"v8::internal::JSReceiver::GetOrCreateIdentityHash(v8::internal::Isolate*)"
1371	57	"v8::internal::Isolate::GenerateIdentityHash(unsigned int)"
1372	191	"v8::internal::Snapshot::NewContextFromSnapshot(v8::internal::Isolate*, v8::internal::DirectHandle<v8::internal::JSGlobalProxy>, unsigned long, v8::internal::DeserializeEmbedderFieldsCallback)"
1373	239	"v8::internal::ContextDeserializer::DeserializeContext(v8::internal::Isolate*, v8::internal::SnapshotData const*, unsigned long, bool, v8::internal::DirectHandle<v8::internal::JSGlobalProxy>, v8::internal::DeserializeEmbedderFieldsCallback)"
1374	176	"v8::internal::ContextDeserializer::Deserialize(v8::internal::Isolate*, v8::internal::DirectHandle<v8::internal::JSGlobalProxy>, v8::internal::DeserializeEmbedderFieldsCallback)"
1376	204	"int v8::internal::Deserializer<v8::internal::Isolate>::ReadNewObject<v8::internal::SlotAccessorForHandle<v8::internal::Isolate> >(unsigned char, v8::internal::SlotAccessorForHandle<v8::internal::Isolate>)"
1380	174	"int v8::internal::Deserializer<v8::internal::Isolate>::ReadSingleBytecodeData<v8::internal::SlotAccessorForHeapObject>(unsigned char, v8::internal::SlotAccessorForHeapObject)"
1384	179	"int v8::internal::Deserializer<v8::internal::Isolate>::ReadAllocateJSDispatchEntry<v8::internal::SlotAccessorForHeapObject>(unsigned char, v8::internal::SlotAccessorForHeapObject)"
1385	246	"v8::internal::FactoryBase<v8::internal::Factory>::NewJSDispatchHandle(unsigned short, v8::internal::DirectHandle<v8::internal::Code>, v8::internal::ExternalEntityTable<v8::internal::JSDispatchEntry, 268435456ul>::SpaceWithBlackAllocationSupport*)"
1386	1262	"auto v8::internal::HeapAllocator::AllocateRawWithRetryOrFailSlowPath<v8::internal::FactoryBase<v8::internal::Factory>::NewJSDispatchHandle(unsigned short, v8::internal::DirectHandle<v8::internal::Code>, v8::internal::ExternalEntityTable<v8::internal::JSDispatchEntry, 268435456ul>::SpaceWithBlackAllocationSupport*)::{lambda(v8::internal::AllocationType)#1}&, v8::internal::FactoryBase<v8::internal::Factory>::NewJSDispatchHandle(unsigned short, v8::internal::DirectHandle<v8::internal::Code>, v8::internal::ExternalEntityTable<v8::internal::JSDispatchEntry, 268435456ul>::SpaceWithBlackAllocationSupport*)::{lambda(v8::internal::AllocationType)#1}&>(v8::internal::FactoryBase<v8::internal::Factory>::NewJSDispatchHandle(unsigned short, v8::internal::DirectHandle<v8::internal::Code>, v8::internal::ExternalEntityTable<v8::internal::JSDispatchEntry, 268435456ul>::SpaceWithBlackAllocationSupport*)::{lambda(v8::internal::AllocationType)#1}&, v8::internal::FactoryBase<v8::internal::Factory>::NewJSDispatchHandle(unsigned short, v8::internal::DirectHandle<v8::internal::Code>, v8::internal::ExternalEntityTable<v8::internal::JSDispatchEntry, 268435456ul>::SpaceWithBlackAllocationSupport*)::{lambda(v8::internal::AllocationType)#1}&, v8::internal::AllocationType)"
1387	1261	"auto v8::internal::HeapAllocator::AllocateRawWithLightRetrySlowPath<v8::internal::FactoryBase<v8::internal::Factory>::NewJSDispatchHandle(unsigned short, v8::internal::DirectHandle<v8::internal::Code>, v8::internal::ExternalEntityTable<v8::internal::JSDispatchEntry, 268435456ul>::SpaceWithBlackAllocationSupport*)::{lambda(v8::internal::AllocationType)#1}&, v8::internal::FactoryBase<v8::internal::Factory>::NewJSDispatchHandle(unsigned short, v8::internal::DirectHandle<v8::internal::Code>, v8::internal::ExternalEntityTable<v8::internal::JSDispatchEntry, 268435456ul>::SpaceWithBlackAllocationSupport*)::{lambda(v8::internal::AllocationType)#1}&>(v8::internal::FactoryBase<v8::internal::Factory>::NewJSDispatchHandle(unsigned short, v8::internal::DirectHandle<v8::internal::Code>, v8::internal::ExternalEntityTable<v8::internal::JSDispatchEntry, 268435456ul>::SpaceWithBlackAllocationSupport*)::{lambda(v8::internal::AllocationType)#1}&, v8::internal::FactoryBase<v8::internal::Factory>::NewJSDispatchHandle(unsigned short, v8::internal::DirectHandle<v8::internal::Code>, v8::internal::ExternalEntityTable<v8::internal::JSDispatchEntry, 268435456ul>::SpaceWithBlackAllocationSupport*)::{lambda(v8::internal::AllocationType)#1}&, v8::internal::AllocationType)"
1393	187	"v8::internal::Factory::AllocateRawWithAllocationSite(v8::internal::DirectHandle<v8::internal::Map>, v8::internal::AllocationType, v8::internal::DirectHandle<v8::internal::AllocationSite>)"
1394	136	"v8::internal::SemiSpaceNewSpaceAllocatorPolicy::EnsureAllocation(int, v8::internal::AllocationAlignment, v8::internal::AllocationOrigin)"
1395	81	"v8::internal::SemiSpaceNewSpace::Allocate(int, v8::internal::AllocationAlignment)"
1396	44	"v8::internal::SemiSpace::AllocateFreshPage()"
1398	232	"v8::internal::Object::TransitionAndWriteDataProperty(v8::internal::LookupIterator*, v8::internal::DirectHandle<v8::internal::Object>, v8::internal::PropertyAttributes, v8::Maybe<v8::internal::ShouldThrow>, v8::internal::StoreOrigin)"
1405	162	"v8::internal::WriteBarrier::GenerationalBarrierSlow(v8::internal::Tagged<v8::internal::HeapObject>, unsigned long, v8::internal::Tagged<v8::internal::HeapObject>)"
1406	83	"v8::internal::MutablePageMetadata::AllocateSlotSet(v8::internal::RememberedSetType)"
1414	113	"v8::internal::LookupIterator::ApplyTransitionToDataProperty(v8::internal::DirectHandle<v8::internal::JSReceiver>)"
1415	164	"v8::internal::JSObject::MigrateToMap(v8::internal::Isolate*, v8::internal::DirectHandle<v8::internal::JSObject>, v8::internal::DirectHandle<v8::internal::Map>, int)"
1432	20	"v8::Context::Enter()"
1434	125	"v8::internal::Genesis::InstallSpecialObjects(v8::internal::Isolate*, v8::internal::DirectHandle<v8::internal::NativeContext>)"
1435	53	"v8::internal::WasmJs::Install(v8::internal::Isolate*)"
1436	119	"v8::internal::wasm::TypeCanonicalizer::AddRecursiveGroup(v8::internal::Signature<v8::internal::wasm::ValueType> const*)"
1438	44	"v8::internal::Isolate::WasmInitJSPIFeature()"
1439	76	"v8::internal::wasm::StackMemory::GetCentralStackView(v8::internal::Isolate*)"
1440	476	"std::__Cr::unique_ptr<v8::internal::wasm::StackMemory, std::__Cr::default_delete<v8::internal::wasm::StackMemory> >& std::__Cr::vector<std::__Cr::unique_ptr<v8::internal::wasm::StackMemory, std::__Cr::default_delete<v8::internal::wasm::StackMemory> >, std::__Cr::allocator<std::__Cr::unique_ptr<v8::internal::wasm::StackMemory, std::__Cr::default_delete<v8::internal::wasm::StackMemory> > > >::emplace_back<v8::internal::wasm::StackMemory*&>(v8::internal::wasm::StackMemory*&)"
1445	100	"_RNvMNtCs3ffjLCRwtey_2v85scopeINtB2_12ContextScopeINtB2_11HandleScopeuEE3newCs5bJpdm632qa_9deno_core"
1447	74	"_RNvMsc_NtCs5bJpdm632qa_9deno_core11fast_stringNtB5_10FastString9v8_string"
1448	88	"v8::String::NewExternalOneByte(v8::Isolate*, v8::String::ExternalOneByteStringResource*)"
1449	101	"v8::internal::Factory::NewExternalStringFromOneByte(v8::String::ExternalOneByteStringResource const*)"
1450	484	"v8::internal::TaggedImpl<(v8::internal::HeapObjectReferenceType)1, unsigned long>& std::__Cr::vector<v8::internal::TaggedImpl<(v8::internal::HeapObjectReferenceType)1, unsigned long>, std::__Cr::allocator<v8::internal::TaggedImpl<(v8::internal::HeapObjectReferenceType)1, unsigned long> > >::emplace_back<v8::internal::TaggedImpl<(v8::internal::HeapObjectReferenceType)1, unsigned long> const&>(v8::internal::TaggedImpl<(v8::internal::HeapObjectReferenceType)1, unsigned long> const&)"
1454	248	"v8::internal::GlobalHandles::Node*& std::__Cr::vector<v8::internal::GlobalHandles::Node*, std::__Cr::allocator<v8::internal::GlobalHandles::Node*> >::emplace_back<v8::internal::GlobalHandles::Node* const&>(v8::internal::GlobalHandles::Node* const&)"
1455	83	"_RNvNtNtCs5bJpdm632qa_9deno_core7runtime8bindings32initialize_primordials_and_infra"
1456	85	"v8::Script::Compile(v8::Local<v8::Context>, v8::Local<v8::String>, v8::ScriptOrigin*)"
1457	151	"v8::ScriptCompiler::Compile(v8::Local<v8::Context>, v8::ScriptCompiler::Source*, v8::ScriptCompiler::CompileOptions, v8::ScriptCompiler::NoCacheReason)"
1458	156	"v8::ScriptCompiler::CompileUnboundInternal(v8::Isolate*, v8::ScriptCompiler::Source*, v8::ScriptCompiler::CompileOptions, v8::ScriptCompiler::NoCacheReason)"
1564	49	"v8::internal::Factory::JSFunctionBuilder::Build()"
1565	151	"v8::internal::Compiler::PostInstantiation(v8::internal::Isolate*, v8::internal::DirectHandle<v8::internal::JSFunction>, v8::internal::IsCompiledScope*)"
1566	164	"v8::internal::JSFunction::InitializeFeedbackCell(v8::internal::Isolate*, v8::internal::DirectHandle<v8::internal::JSFunction>, v8::internal::IsCompiledScope*, bool)"
1567	134	"v8::internal::JSFunction::EnsureClosureFeedbackCellArray(v8::internal::Isolate*, v8::internal::DirectHandle<v8::internal::JSFunction>)"
1568	159	"v8::internal::ClosureFeedbackCellArray::New(v8::internal::Isolate*, v8::internal::DirectHandle<v8::internal::SharedFunctionInfo>, v8::internal::AllocationType)"
1570	60	"v8::Script::Run(v8::Local<v8::Context>, v8::Local<v8::Data>)"
1571	213	"v8::internal::Execution::CallScript(v8::internal::Isolate*, v8::internal::DirectHandle<v8::internal::JSFunction>, v8::internal::DirectHandle<v8::internal::Object>, v8::internal::DirectHandle<v8::internal::Object>)"
1572	125	"v8::internal::(anonymous namespace)::Invoke(v8::internal::Isolate*, v8::internal::(anonymous namespace)::InvokeParams const&)"
1573	16	"Builtins_JSEntry"
1574	26	"Builtins_JSEntryTrampoline"
1575	35	"Builtins_InterpreterEntryTrampoline"
1576	29	"Builtins_CreateClosureHandler"
1577	49	"Builtins_CEntry_Return1_ArgvOnStack_NoBuiltinExit"
1578	77	"v8::internal::Runtime_NewClosure(int, unsigned long*, v8::internal::Isolate*)"
1583	21	"Builtins_ArrayForEach"
1608	22	"Builtins_ReturnHandler"
1609	166	"v8::internal::(anonymous namespace)::BytecodeBudgetInterrupt(v8::internal::Isolate*, v8::internal::Arguments<(v8::internal::ArgumentsType)0>&, v8::internal::CodeKind)"
1629	47	"Builtins_CEntry_Return1_ArgvOnStack_BuiltinExit"
1630	88	"v8::internal::Builtin_ReflectDefineProperty(int, unsigned long*, v8::internal::Isolate*)"
1631	250	"v8::internal::JSReceiver::OrdinaryDefineOwnProperty(v8::internal::Isolate*, v8::internal::DirectHandle<v8::internal::JSObject>, v8::internal::DirectHandle<v8::internal::Object>, v8::internal::PropertyDescriptor*, v8::Maybe<v8::internal::ShouldThrow>)"
1632	234	"v8::internal::JSReceiver::OrdinaryDefineOwnProperty(v8::internal::Isolate*, v8::internal::DirectHandle<v8::internal::JSObject>, v8::internal::PropertyKey const&, v8::internal::PropertyDescriptor*, v8::Maybe<v8::internal::ShouldThrow>)"
1633	277	"v8::internal::JSReceiver::ValidateAndApplyPropertyDescriptor(v8::internal::Isolate*, v8::internal::LookupIterator*, bool, v8::internal::PropertyDescriptor*, v8::internal::PropertyDescriptor*, v8::Maybe<v8::internal::ShouldThrow>, v8::internal::DirectHandle<v8::internal::Name>)"
1634	321	"v8::internal::JSObject::DefineOwnPropertyIgnoreAttributes(v8::internal::LookupIterator*, v8::internal::DirectHandle<v8::internal::Object>, v8::internal::PropertyAttributes, v8::Maybe<v8::internal::ShouldThrow>, v8::internal::JSObject::AccessorInfoHandling, v8::internal::EnforceDefineSemantics, v8::internal::StoreOrigin)"
1640	118	"v8::internal::Object::SetDataProperty(v8::internal::LookupIterator*, v8::internal::DirectHandle<v8::internal::Object>)"
1641	24	"Builtins_JumpLoopHandler"
1642	113	"v8::internal::Runtime_BytecodeBudgetInterruptWithStackCheck_Ignition(int, unsigned long*, v8::internal::Isolate*)"
1643	180	"v8::internal::(anonymous namespace)::BytecodeBudgetInterruptWithStackCheck(v8::internal::Isolate*, v8::internal::Arguments<(v8::internal::ArgumentsType)0>&, v8::internal::CodeKind)"
1644	123	"v8::internal::TieringManager::OnInterruptTick(v8::internal::DirectHandle<v8::internal::JSFunction>, v8::internal::CodeKind)"
1645	116	"v8::internal::baseline::BaselineBatchCompiler::EnqueueFunction(v8::internal::DirectHandle<v8::internal::JSFunction>)"
1646	121	"v8::internal::baseline::ConcurrentBaselineCompiler::CompileBatch(v8::internal::Handle<v8::internal::WeakFixedArray>, int)"
1652	58	"v8::platform::DefaultJobState::NotifyConcurrencyIncrease()"
1653	173	"v8::platform::DefaultPlatform::PostTaskOnWorkerThreadImpl(v8::TaskPriority, std::__Cr::unique_ptr<v8::Task, std::__Cr::default_delete<v8::Task> >, v8::SourceLocation const&)"
1654	156	"v8::platform::DefaultWorkerThreadsTaskRunner::PostTaskImpl(std::__Cr::unique_ptr<v8::Task, std::__Cr::default_delete<v8::Task> >, v8::SourceLocation const&)"
1655	109	"v8::platform::DelayedTaskQueue::Append(std::__Cr::unique_ptr<v8::Task, std::__Cr::default_delete<v8::Task> >)"
1656	205	"std::__Cr::deque<std::__Cr::unique_ptr<v8::Task, std::__Cr::default_delete<v8::Task> >, std::__Cr::allocator<std::__Cr::unique_ptr<v8::Task, std::__Cr::default_delete<v8::Task> > > >::__add_back_capacity()"
1657	37	"v8::platform::DefaultJobWorker::Run()"
1658	88	"v8::internal::baseline::ConcurrentBaselineCompiler::JobDispatcher::Run(v8::JobDelegate*)"
1661	127	"v8::internal::interpreter::BytecodeArrayIterator::BytecodeArrayIterator(v8::internal::Handle<v8::internal::BytecodeArray>, int)"
1662	294	"v8::internal::PropertyKey::PropertyKey<v8::internal::Object, v8::internal::DirectHandle>(v8::internal::Isolate*, v8::internal::DirectHandle<v8::internal::Object>) requires std::is_convertible_v<v8::internal::DirectHandle<v8::internal::Object>, v8::internal::DirectHandle<v8::internal::Object> >"
1663	113	"v8::internal::StringTable::LookupString(v8::internal::Isolate*, v8::internal::DirectHandle<v8::internal::String>)"
1664	207	"v8::internal::DirectHandle<v8::internal::String> v8::internal::StringTable::LookupKey<v8::internal::InternalizedStringKey, v8::internal::Isolate>(v8::internal::Isolate*, v8::internal::InternalizedStringKey*)"
1665	80	"v8::internal::InternalizedStringKey::PrepareForInsertion(v8::internal::Isolate*)"
1666	117	"v8::internal::Factory::NewInternalizedStringImpl(v8::internal::DirectHandle<v8::internal::String>, int, unsigned int)"
1667	105	"v8::internal::FactoryBase<v8::internal::Factory>::AllocateRawOneByteInternalizedString(int, unsigned int)"
1668	104	"v8::internal::Factory::AllocateRaw(int, v8::internal::AllocationType, v8::internal::AllocationAlignment)"
1675	49	"v8::internal::baseline::BaselineCompiler::Build()"
1695	55	"v8::internal::Factory::CodeBuilder::BuildInternal(bool)"
1696	164	"v8::internal::HeapAllocator::AllocateRawWithLightRetrySlowPath(int, v8::internal::AllocationType, v8::internal::AllocationOrigin, v8::internal::AllocationAlignment)"
1697	168	"v8::internal::MemoryAllocator::AllocateUninitializedChunkAt(v8::internal::BaseSpace*, unsigned long, v8::internal::Executability, unsigned long, v8::internal::PageSize)"
1698	194	"v8::internal::MemoryAllocator::AllocateAlignedMemory(unsigned long, unsigned long, unsigned long, v8::internal::AllocationSpace, v8::internal::Executability, void*, v8::internal::VirtualMemory*)"
1699	130	"v8::internal::VirtualMemory::VirtualMemory(v8::PageAllocator*, unsigned long, void*, unsigned long, v8::PageAllocator::Permission)"
1700	113	"v8::base::BoundedPageAllocator::AllocatePages(void*, unsigned long, unsigned long, v8::PageAllocator::Permission)"
1701	56	"v8::base::RegionAllocator::AllocateRegion(unsigned long)"
1702	76	"v8::internal::ThreadIsolation::RegisterJitPage(unsigned long, unsigned long)"
1703	822	"std::__Cr::pair<std::__Cr::__tree_iterator<std::__Cr::__value_type<unsigned long, v8::internal::ThreadIsolation::JitPage*>, std::__Cr::__tree_node<std::__Cr::__value_type<unsigned long, v8::internal::ThreadIsolation::JitPage*>, void*>*, long>, bool> std::__Cr::__tree<std::__Cr::__value_type<unsigned long, v8::internal::ThreadIsolation::JitPage*>, std::__Cr::__map_value_compare<unsigned long, std::__Cr::__value_type<unsigned long, v8::internal::ThreadIsolation::JitPage*>, std::__Cr::less<unsigned long>, true>, v8::internal::ThreadIsolation::StlAllocator<std::__Cr::__value_type<unsigned long, v8::internal::ThreadIsolation::JitPage*> > >::__emplace_unique_key_args<unsigned long, unsigned long&, v8::internal::ThreadIsolation::JitPage*&>(unsigned long const&, unsigned long&, v8::internal::ThreadIsolation::JitPage*&)"
1709	98	"v8::internal::Factory::JSFunctionBuilder::BuildRaw(v8::internal::DirectHandle<v8::internal::Code>)"
1710	102	"v8::internal::ThreadIsolation::RegisterInstructionStreamAllocation(unsigned long, unsigned long, bool)"
1711	138	"v8::internal::ThreadIsolation::RegisterJitAllocation(unsigned long, unsigned long, v8::internal::ThreadIsolation::JitAllocationType, bool)"
1712	147	"v8::internal::ThreadIsolation::JitPageReference::RegisterAllocation(unsigned long, unsigned long, v8::internal::ThreadIsolation::JitAllocationType)"
1713	857	"std::__Cr::pair<std::__Cr::__tree_iterator<std::__Cr::__value_type<unsigned long, v8::internal::ThreadIsolation::JitAllocation>, std::__Cr::__tree_node<std::__Cr::__value_type<unsigned long, v8::internal::ThreadIsolation::JitAllocation>, void*>*, long>, bool> std::__Cr::__tree<std::__Cr::__value_type<unsigned long, v8::internal::ThreadIsolation::JitAllocation>, std::__Cr::__map_value_compare<unsigned long, std::__Cr::__value_type<unsigned long, v8::internal::ThreadIsolation::JitAllocation>, std::__Cr::less<unsigned long>, true>, v8::internal::ThreadIsolation::StlAllocator<std::__Cr::__value_type<unsigned long, v8::internal::ThreadIsolation::JitAllocation> > >::__emplace_unique_key_args<unsigned long, unsigned long&, v8::internal::ThreadIsolation::JitAllocation>(unsigned long const&, unsigned long&, v8::internal::ThreadIsolation::JitAllocation&&)"
1714	99	"v8::internal::FactoryBase<v8::internal::LocalFactory>::NewCode(v8::internal::NewCodeOptions const&)"
1715	242	"v8::internal::Tagged<v8::internal::HeapObject> v8::internal::LocalHeap::AllocateRawWith<(v8::internal::HeapAllocator::AllocationRetryMode)1>(int, v8::internal::AllocationType, v8::internal::AllocationOrigin, v8::internal::AllocationAlignment)"
1731	49	"Builtins_InterpreterOnStackReplacement_ToBaseline"
1732	105	"v8::internal::(anonymous namespace)::BaselinePCForNextExecutedBytecode(unsigned long, int, unsigned long)"
1733	112	"v8::internal::Code::GetBaselinePCForNextExecutedBytecode(int, v8::internal::Tagged<v8::internal::BytecodeArray>)"
1735	31	"Builtins_StartMaglevOptimizeJob"
1736	89	"v8::internal::Runtime_StartMaglevOptimizeJob(int, unsigned long*, v8::internal::Isolate*)"
1737	186	"v8::internal::(anonymous namespace)::CompileOptimized(v8::internal::DirectHandle<v8::internal::JSFunction>, v8::internal::ConcurrencyMode, v8::internal::CodeKind, v8::internal::Isolate*)"
1738	173	"v8::internal::Compiler::CompileOptimized(v8::internal::Isolate*, v8::internal::DirectHandle<v8::internal::JSFunction>, v8::internal::ConcurrencyMode, v8::internal::CodeKind)"
1739	281	"v8::internal::(anonymous namespace)::GetOrCompileOptimized(v8::internal::Isolate*, v8::internal::DirectHandle<v8::internal::JSFunction>, v8::internal::ConcurrencyMode, v8::internal::CodeKind, v8::internal::BytecodeOffset, v8::internal::(anonymous namespace)::CompileResultBehavior)"
1740	149	"v8::internal::maglev::MaglevCompilationJob::New(v8::internal::Isolate*, v8::internal::Handle<v8::internal::JSFunction>, v8::internal::BytecodeOffset)"
1741	261	"v8::internal::maglev::MaglevCompilationInfo::MaglevCompilationInfo(v8::internal::Isolate*, v8::internal::Handle<v8::internal::JSFunction>, v8::internal::BytecodeOffset, std::__Cr::optional<v8::internal::compiler::JSHeapBroker*>, std::__Cr::optional<bool>, bool)"
1742	125	"v8::internal::compiler::JSHeapBroker::JSHeapBroker(v8::internal::Isolate*, v8::internal::Zone*, bool, v8::internal::CodeKind)"
1743	64	"v8::internal::RootIndexMap::RootIndexMap(v8::internal::Isolate*)"
1744	139	"v8::base::TemplateHashMapImpl<unsigned long, unsigned int, v8::base::KeyEqualityMatcher<long>, v8::base::DefaultAllocationPolicy>::Resize()"
1752	231	"v8::internal::maglev::MaglevCompilationJob::MaglevCompilationJob(v8::internal::Isolate*, std::__Cr::unique_ptr<v8::internal::maglev::MaglevCompilationInfo, std::__Cr::default_delete<v8::internal::maglev::MaglevCompilationInfo> >&&)"
1753	201	"v8::internal::maglev::MaglevConcurrentDispatcher::EnqueueJob(std::__Cr::unique_ptr<v8::internal::maglev::MaglevCompilationJob, std::__Cr::default_delete<v8::internal::maglev::MaglevCompilationJob> >&&)"
1754	80	"v8::internal::maglev::MaglevConcurrentDispatcher::JobTask::Run(v8::JobDelegate*)"
1755	260	"_ZN2v88internal18BaseNameDictionaryINS0_14NameDictionaryENS0_19NameDictionaryShapeEE3AddINS0_12DirectHandleEQsr3stdE16is_convertible_vITL0__IT_ENS6_IS8_EEEEET_IS2_EPNS0_7IsolateESC_NS6_INS0_4NameEEENS6_INS0_6ObjectEEENS0_15PropertyDetailsEPNS0_13InternalIndexE"
1756	281	"_ZN2v88internal10DictionaryINS0_14NameDictionaryENS0_19NameDictionaryShapeEE3AddINS0_7IsolateENS0_12DirectHandleELNS0_14AllocationTypeE0EQsr3stdE16is_convertible_vITL0_0_IT_ENS7_ISA_EEEEET0_IS2_EPSA_SE_NS7_INS0_4NameEEENS7_INS0_6ObjectEEENS0_15PropertyDetailsEPNS0_13InternalIndexE"
1757	210	"_ZN2v88internal9HashTableINS0_14NameDictionaryENS0_19NameDictionaryShapeEE14EnsureCapacityINS0_7IsolateENS0_12DirectHandleEQsr3stdE16is_convertible_vITL0_0_IT_ENS7_IS9_EEEEET0_IS2_EPS9_SD_iNS0_14AllocationTypeE"
1758	152	"v8::internal::FactoryBase<v8::internal::Factory>::NewFixedArrayWithMap(v8::internal::DirectHandle<v8::internal::Map>, int, v8::internal::AllocationType)"
1759	243	"std::__Cr::pair<int, unsigned long>& std::__Cr::vector<std::__Cr::pair<int, unsigned long>, std::__Cr::allocator<std::__Cr::pair<int, unsigned long> > >::emplace_back<std::__Cr::pair<int, unsigned long> >(std::__Cr::pair<int, unsigned long>&&)"
1760	111	"v8::internal::OptimizedCompilationJob::ExecuteJob(v8::internal::RuntimeCallStats*, v8::internal::LocalIsolate*)"
1761	120	"v8::internal::maglev::MaglevCompilationJob::ExecuteJobImpl(v8::internal::RuntimeCallStats*, v8::internal::LocalIsolate*)"
1762	120	"v8::internal::maglev::MaglevCompiler::Compile(v8::internal::LocalIsolate*, v8::internal::maglev::MaglevCompilationInfo*)"
1768	49	"v8::internal::maglev::MaglevGraphBuilder::Build()"
1769	53	"v8::internal::maglev::MaglevGraphBuilder::BuildBody()"
1770	63	"v8::internal::maglev::MaglevGraphBuilder::VisitSingleBytecode()"
1772	65	"v8::internal::maglev::MaglevGraphBuilder::VisitGetNamedProperty()"
1773	615	"v8::internal::maglev::MaybeReduceResult v8::internal::maglev::MaglevGraphBuilder::TryBuildLoadNamedProperty<v8::internal::maglev::MaglevGraphBuilder::TryBuildLoadNamedProperty(v8::internal::maglev::ValueNode*, v8::internal::compiler::NameRef, v8::internal::compiler::FeedbackSource&)::$_0&>(v8::internal::maglev::ValueNode*, v8::internal::maglev::ValueNode*, v8::internal::compiler::NameRef, v8::internal::compiler::FeedbackSource&, v8::internal::maglev::MaglevGraphBuilder::TryBuildLoadNamedProperty(v8::internal::maglev::ValueNode*, v8::internal::compiler::NameRef, v8::internal::compiler::FeedbackSource&)::$_0&)"
1774	160	"v8::internal::compiler::JSHeapBroker::GetPropertyAccessInfo(v8::internal::compiler::MapRef, v8::internal::compiler::NameRef, v8::internal::compiler::AccessMode)"
1775	120	"v8::internal::compiler::AccessInfoFactory::AccessInfoFactory(v8::internal::compiler::JSHeapBroker*, v8::internal::Zone*)"
1776	40	"v8::internal::compiler::TypeCache::Get()"
1777	46	"v8::internal::compiler::TypeCache::TypeCache()"
1778	72	"v8::internal::compiler::Type::Range(double, double, v8::internal::Zone*)"
1791	189	"absl::container_internal::(anonymous namespace)::GrowToNextCapacityAndPrepareInsert(absl::container_internal::CommonFields&, absl::container_internal::PolicyFunctions const&, unsigned long)"
1804	53	"v8::internal::maglev::MaglevCodeGenerator::Assemble()"
1860	87	"v8::internal::maglev::MaglevCodeGenerator::BuildCodeObject(v8::internal::LocalIsolate*)"
1868	77	"v8::internal::Runtime_StackGuard(int, unsigned long*, v8::internal::Isolate*)"
1869	84	"v8::internal::StackGuard::HandleInterrupts(v8::internal::StackGuard::InterruptLevel)"
1870	72	"v8::internal::maglev::MaglevConcurrentDispatcher::FinalizeFinishedJobs()"
1900	25	"Builtins_ConstructHandler"
1901	53	"Builtins_InterpreterPushArgsThenFastConstructFunction"
1906	744	"v8::internal::Runtime::SetObjectProperty(v8::internal::Isolate*, v8::internal::DirectHandle<v8::internal::Union<v8::internal::Smi, v8::internal::HeapNumber, v8::internal::BigInt, v8::internal::String, v8::internal::Symbol, v8::internal::Boolean, v8::internal::Null, v8::internal::Undefined, v8::internal::JSReceiver> >, v8::internal::DirectHandle<v8::internal::Object>, v8::internal::DirectHandle<v8::internal::Object>, v8::internal::MaybeDirectHandle<v8::internal::Union<v8::internal::Smi, v8::internal::HeapNumber, v8::internal::BigInt, v8::internal::String, v8::internal::Symbol, v8::internal::Boolean, v8::internal::Null, v8::internal::Undefined, v8::internal::JSReceiver> >, v8::internal::StoreOrigin, v8::Maybe<v8::internal::ShouldThrow>)"
1907	179	"v8::internal::Object::SetProperty(v8::internal::LookupIterator*, v8::internal::DirectHandle<v8::internal::Object>, v8::internal::StoreOrigin, v8::Maybe<v8::internal::ShouldThrow>)"
1908	194	"v8::internal::Object::SetPropertyInternal(v8::internal::LookupIterator*, v8::internal::DirectHandle<v8::internal::Object>, v8::Maybe<v8::internal::ShouldThrow>, v8::internal::StoreOrigin, bool*)"
1910	15	"v8__Object__Set"
1911	83	"v8::Object::Set(v8::Local<v8::Context>, v8::Local<v8::Value>, v8::Local<v8::Value>)"
1912	484	"v8::internal::Runtime::SetObjectProperty(v8::internal::Isolate*, v8::internal::DirectHandle<v8::internal::Union<v8::internal::Smi, v8::internal::HeapNumber, v8::internal::BigInt, v8::internal::String, v8::internal::Symbol, v8::internal::Boolean, v8::internal::Null, v8::internal::Undefined, v8::internal::JSReceiver> >, v8::internal::DirectHandle<v8::internal::Object>, v8::internal::DirectHandle<v8::internal::Object>, v8::internal::StoreOrigin, v8::Maybe<v8::internal::ShouldThrow>)"
1913	106	"v8::Function::Call(v8::Isolate*, v8::Local<v8::Context>, v8::Local<v8::Value>, int, v8::Local<v8::Value>*)"
1914	227	"v8::internal::Execution::Call(v8::internal::Isolate*, v8::internal::DirectHandle<v8::internal::Object>, v8::internal::DirectHandle<v8::internal::Object>, v8::base::Vector<v8::internal::DirectHandle<v8::internal::Object> const>)"
1923	296	"v8::(anonymous namespace)::FunctionTemplateNew(v8::internal::Isolate*, void (*)(v8::FunctionCallbackInfo<v8::Value> const&), v8::Local<v8::Value>, v8::Local<v8::Signature>, int, v8::ConstructorBehavior, bool, v8::Local<v8::Private>, v8::SideEffectType, v8::MemorySpan<v8::CFunction const> const&)"
1924	176	"v8::FunctionTemplate::SetCallHandler(void (*)(v8::FunctionCallbackInfo<v8::Value> const&), v8::Local<v8::Value>, v8::SideEffectType, v8::MemorySpan<v8::CFunction const> const&)"
1930	67	"_RNvMNtCs3ffjLCRwtey_2v87contextNtNtB4_4data7Context13get_annex_mut"
1933	146	"_RINvMsp_NtCs3ffjLCRwtey_2v86handleINtB6_4WeakNtNtB8_4data7ContextE25with_guaranteed_finalizerINtB6_15UnsafeRefHandleBH_EECs5bJpdm632qa_9deno_core"
1934	57	"_RNvMsw_NtCs3ffjLCRwtey_2v86handleNtB5_12FinalizerMap3add"
1935	160	"_RNvMs1_NtCs1lJFy7o6pGX_9hashbrown3mapINtB5_7HashMapjNtNtCs3ffjLCRwtey_2v86handle17FinalizerCallbackNtNtNtCs6ZjlLoI6YmX_3std4hash6random11RandomStateE6insertBS_"
1936	207	"_RINvMs6_NtCs1lJFy7o6pGX_9hashbrown3rawINtB6_8RawTableTjNtNtCs3ffjLCRwtey_2v86handle17FinalizerCallbackEE14reserve_rehashNCINvNtB8_3map11make_hasherjBR_NtNtNtCs6ZjlLoI6YmX_3std4hash6random11RandomStateE0EBV_"
1937	66	"_RNvMs_NtNtCs5bJpdm632qa_9deno_core7modules3mapNtB4_9ModuleMap3new"
1938	337	"_RNvMs4_NtNtCsgfI0YPFYkVC_12futures_util6stream17futures_unorderedINtB5_16FuturesUnorderedINtNtCsc36rpYXAlPq_4core3pin3PinINtNtCscHgRw1M2fX5_5alloc5boxed3BoxDNtNtNtB1u_6future6future6Futurep6OutputTlINtNtB1u_6result6ResultNtNtNtCs5bJpdm632qa_9deno_core7modules14recursive_load19RecursiveModuleLoadNtNtB3D_5error9CoreErrorEEEL_EEE3newB3D_"
1939	219	"_RNvMs4_NtNtCsgfI0YPFYkVC_12futures_util6stream17futures_unorderedINtB5_16FuturesUnorderedINtNtNtB7_6stream11into_future12StreamFutureNtNtNtCs5bJpdm632qa_9deno_core7modules14recursive_load19RecursiveModuleLoadEE3newB2d_"
1940	154	"_RNvXs4_NtNtCs5bJpdm632qa_9deno_core7modules15module_map_dataNtB5_13ModuleMapDataNtNtCsc36rpYXAlPq_4core7default7Default7default.llvm.12004744640282317067"
1941	88	"_RNvNtNtCs5bJpdm632qa_9deno_core7runtime8bindings37create_exports_for_ops_virtual_module"
1942	112	"_RINvNtNtCs5bJpdm632qa_9deno_core7runtime8bindings3getINtNtCs3ffjLCRwtey_2v86handle5LocalNtNtBU_4data5ValueEEB6_"
1943	127	"_RINvMs_NtNtCs5bJpdm632qa_9deno_core7modules3mapNtB5_9ModuleMap20new_synthetic_moduleNtNtB9_11fast_string16FastStaticStringEB9_"
1948	260	"_RNvMs1_NtCs1lJFy7o6pGX_9hashbrown3mapINtB5_7HashMapINtNtCs3ffjLCRwtey_2v86handle6GlobalNtNtBS_4data6ModuleEINtNtCscHgRw1M2fX5_5alloc3vec3VecTIBO_NtB1p_6StringEIBO_NtB1p_5ValueEEENtNtNtCs6ZjlLoI6YmX_3std4hash6random11RandomStateE6insertCs5bJpdm632qa_9deno_core"
1949	310	"_RINvMs6_NtCs1lJFy7o6pGX_9hashbrown3rawINtB6_8RawTableTINtNtCs3ffjLCRwtey_2v86handle6GlobalNtNtBV_4data6ModuleEINtNtCscHgRw1M2fX5_5alloc3vec3VecTIBR_NtB1s_6StringEIBR_NtB1s_5ValueEEEEE14reserve_rehashNCINvNtB8_3map11make_hasherBQ_B1K_NtNtNtCs6ZjlLoI6YmX_3std4hash6random11RandomStateE0ECs5bJpdm632qa_9deno_core"
1950	170	"_RINvMsa_NtCs1lJFy7o6pGX_9hashbrown3rawNtB6_13RawTableInner22fallible_with_capacityNtNtCscHgRw1M2fX5_5alloc5alloc6GlobalECs5bJpdm632qa_9deno_core.llvm.7196630428733431986"
1951	101	"_RNvMs0_NtNtCs5bJpdm632qa_9deno_core7modules15module_map_dataNtB5_13ModuleMapData18create_module_info"
1952	190	"_RNvMs1_NtCs1lJFy7o6pGX_9hashbrown3mapINtB5_7HashMapINtNtCs3ffjLCRwtey_2v86handle6GlobalNtNtBS_4data6ModuleEjNtNtNtCs6ZjlLoI6YmX_3std4hash6random11RandomStateE6insertCs5bJpdm632qa_9deno_core"
1953	237	"_RINvMs6_NtCs1lJFy7o6pGX_9hashbrown3rawINtB6_8RawTableTINtNtCs3ffjLCRwtey_2v86handle6GlobalNtNtBV_4data6ModuleEjEE14reserve_rehashNCINvNtB8_3map11make_hasherBQ_jNtNtNtCs6ZjlLoI6YmX_3std4hash6random11RandomStateE0ECs5bJpdm632qa_9deno_core"
1954	142	"_RNvMs4_NtCscHgRw1M2fX5_5alloc7raw_vecINtB5_6RawVecINtNtCs3ffjLCRwtey_2v86handle6GlobalNtNtBR_4data7MessageEE8grow_oneCs5bJpdm632qa_9deno_core"
1955	143	"_RNvMs_NtNtCs5bJpdm632qa_9deno_core7modules15module_map_dataINtB4_17ModuleNameTypeMapNtB4_14SymbolicModuleE6insertB8_.llvm.17993383633484888134"
1956	217	"_RINvMs6_NtCs1lJFy7o6pGX_9hashbrown3rawINtB6_8RawTableTNtNtCs5bJpdm632qa_9deno_core7modules19RequestedModuleTypejEE14reserve_rehashNCINvNtB8_3map11make_hasherBQ_jNtNtNtCs6ZjlLoI6YmX_3std4hash6random11RandomStateE0EBU_"
1957	265	"_RINvMs6_NtCs1lJFy7o6pGX_9hashbrown3rawINtB6_8RawTableTNtNtCs5bJpdm632qa_9deno_core11fast_string10FastStringNtNtNtBU_7modules15module_map_data14SymbolicModuleEE14reserve_rehashNCINvNtB8_3map11make_hasherBQ_B1H_NtNtNtCs6ZjlLoI6YmX_3std4hash6random11RandomStateE0EBU_"
1958	109	"_RNvMs4_NtCscHgRw1M2fX5_5alloc7raw_vecINtB5_6RawVecNtCs48pER9i7TM2_3url3UrlE8grow_oneCs5bJpdm632qa_9deno_core"
1959	82	"_RNvMs_NtNtCs5bJpdm632qa_9deno_core7modules3mapNtB4_9ModuleMap18instantiate_module"
1960	180	"_RNvMs1_NtCs1lJFy7o6pGX_9hashbrown3mapINtB5_7HashMapNtNtCsc36rpYXAlPq_4core3any6TypeIdNtNtCs3ffjLCRwtey_2v87isolate7RawSlotNtB1n_17BuildTypeIdHasherE6insertCs5bJpdm632qa_9deno_core"
1961	210	"_RINvMs6_NtCs1lJFy7o6pGX_9hashbrown3rawINtB6_8RawTableTNtNtCsc36rpYXAlPq_4core3any6TypeIdNtNtCs3ffjLCRwtey_2v87isolate7RawSlotEE14reserve_rehashNCINvNtB8_3map11make_hasherBQ_B1o_NtB1q_17BuildTypeIdHasherE0EB1s_"
1962	81	"_RNvMs_NtNtCs5bJpdm632qa_9deno_core7modules3mapNtB4_9ModuleMap17mod_evaluate_sync"
1963	44	"v8::Module::Evaluate(v8::Local<v8::Context>)"
1964	122	"v8::internal::SyntheticModule::Evaluate(v8::internal::Isolate*, v8::internal::DirectHandle<v8::internal::SyntheticModule>)"
1965	322	"_RINvNvXs17_NtCs3ffjLCRwtey_2v87supportFUKCppEpINtB9_7CFnFrompE7mapping4c_fnNCNvXs_NtBb_6moduleFUKCINtNtBb_6handle5LocalNtNtBb_4data7ContextEIB1z_NtB1V_6ModuleEENtB1i_33SyntheticModuleEvaluationStepsRetINtB9_9MapFnFromNvNtNtCs5bJpdm632qa_9deno_core7modules3map33synthetic_module_evaluation_stepsE7mapping0B2y_B1y_B2e_EB3z_"
1966	79	"_RNvNtNtCs5bJpdm632qa_9deno_core7modules3map33synthetic_module_evaluation_steps"
1967	125	"_RINvMs8_NtCs3ffjLCRwtey_2v85scopeNtB6_13CallbackScope3newINtNtB8_6handle5LocalNtNtB8_4data7ContextEECs5bJpdm632qa_9deno_core"
1968	95	"_RNvMs4_NtCs3ffjLCRwtey_2v85scopeINtB5_8TryCatchNtB5_11HandleScopeE3newCs5bJpdm632qa_9deno_core"
2003	29	"Builtins_ConstructWideHandler"
2004	30	"Builtins_TypedArrayConstructor"
2005	25	"Builtins_CreateTypedArray"
2006	32	"Builtins_JSBuiltinsConstructStub"
2007	89	"v8::internal::Builtin_ArrayBufferConstructor(int, unsigned long*, v8::internal::Isolate*)"
2008	315	"v8::internal::(anonymous namespace)::ConstructBuffer(v8::internal::Isolate*, v8::internal::DirectHandle<v8::internal::JSFunction>, v8::internal::DirectHandle<v8::internal::JSReceiver>, v8::internal::DirectHandle<v8::internal::Object>, v8::internal::DirectHandle<v8::internal::Object>, v8::internal::InitializedFlag)"
2009	132	"v8::internal::BackingStore::Allocate(v8::internal::Isolate*, unsigned long, v8::internal::SharedFlag, v8::internal::InitializedFlag)"
2010	114	"v8::internal::Heap::AllocateExternalBackingStore(std::__Cr::function<void* (unsigned long)> const&, unsigned long)"
2011	164	"v8::internal::JSArrayBuffer::Setup(v8::internal::SharedFlag, v8::internal::ResizableFlag, std::__Cr::shared_ptr<v8::internal::BackingStore>, v8::internal::Isolate*)"
2027	93	"_RNvMs_NtNtCs5bJpdm632qa_9deno_core7modules3mapNtB4_9ModuleMap29lazy_load_es_module_with_code"
2028	48	"_RNvMCs48pER9i7TM2_3urlNtB2_12ParseOptions5parse"
2029	89	"_RNvMs_NtNtCs5bJpdm632qa_9deno_core7modules3mapNtB4_9ModuleMap25new_module_from_js_source"
2032	84	"_RNvMsp_NtCscHgRw1M2fX5_5alloc4syncINtB5_3ArceE11from_box_inCs5bJpdm632qa_9deno_core"
2033	29	"v8__Module__InstantiateModule"
2034	311	"v8::Module::InstantiateModule(v8::Local<v8::Context>, v8::MaybeLocal<v8::Module> (*)(v8::Local<v8::Context>, v8::Local<v8::String>, v8::Local<v8::FixedArray>, v8::Local<v8::Module>), v8::MaybeLocal<v8::Object> (*)(v8::Local<v8::Context>, v8::Local<v8::String>, v8::Local<v8::FixedArray>, v8::Local<v8::Module>))"
2035	383	"v8::internal::Module::Instantiate(v8::internal::Isolate*, v8::internal::Handle<v8::internal::Module>, v8::Local<v8::Context>, v8::MaybeLocal<v8::Module> (*)(v8::Local<v8::Context>, v8::Local<v8::String>, v8::Local<v8::FixedArray>, v8::Local<v8::Module>), v8::MaybeLocal<v8::Object> (*)(v8::Local<v8::Context>, v8::Local<v8::String>, v8::Local<v8::FixedArray>, v8::Local<v8::Module>))"
2036	250	"v8::internal::SourceTextModule::FinishInstantiate(v8::internal::Isolate*, v8::internal::Handle<v8::internal::SourceTextModule>, v8::internal::ZoneForwardList<v8::internal::Handle<v8::internal::SourceTextModule> >*, unsigned int*, v8::internal::Zone*)"
2037	137	"v8::internal::SourceTextModule::RunInitializationCode(v8::internal::Isolate*, v8::internal::DirectHandle<v8::internal::SourceTextModule>)"
2044	118	"v8::internal::SourceTextModule::Evaluate(v8::internal::Isolate*, v8::internal::Handle<v8::internal::SourceTextModule>)"
2045	233	"v8::internal::SourceTextModule::InnerModuleEvaluation(v8::internal::Isolate*, v8::internal::Handle<v8::internal::SourceTextModule>, v8::internal::ZoneForwardList<v8::internal::Handle<v8::internal::SourceTextModule> >*, unsigned int*)"
2047	161	"_RINvNtCs2lBWYvUe67s_16futures_executor10local_pool8block_onNCNvMse_NtNtCs5bJpdm632qa_9deno_core7runtime9jsruntimeNtB13_9JsRuntime23init_extension_js_inner0EB17_"
2048	282	"_RINvMs0_NtNtNtNtCs6ZjlLoI6YmX_3std3sys12thread_local6native4lazyINtB6_7StorageINtNtCscHgRw1M2fX5_5alloc4sync3ArcNtNtCs2lBWYvUe67s_16futures_executor10local_pool12ThreadNotifyEuE16get_or_init_slowNvNvB1O_21CURRENT_THREAD_NOTIFY27___rust_std_internal_init_fnECs5bJpdm632qa_9deno_core"
2049	278	"_RNCINvNtCs2lBWYvUe67s_16futures_executor10local_pool12run_executorINtNtCsc36rpYXAlPq_4core6result6ResultuNtNtCs5bJpdm632qa_9deno_core5error9CoreErrorENCINvB4_8block_onNCNvMse_NtNtB1J_7runtime9jsruntimeNtB2N_9JsRuntime23init_extension_js_inner0E0E0B1J_.llvm.13447146817829601895"
2051	115	"_RNvMs_NtNtCs5bJpdm632qa_9deno_core7modules14recursive_loadNtB4_19RecursiveModuleLoad3new.llvm.13447146817829601895"
2052	70	"_RNvMs_NtNtCs5bJpdm632qa_9deno_core7modules3mapNtB4_9ModuleMap7resolve"
2053	101	"_RNvXs0_NtNtCs5bJpdm632qa_9deno_core7modules7loadersNtB5_15ExtModuleLoaderNtB5_12ModuleLoader7resolve"
2054	64	"_RNvNtCs5bJpdm632qa_9deno_core16module_specifier14resolve_import"
2063	74	"_RNvMs_NtNtCs5bJpdm632qa_9deno_core7modules3mapNtB4_9ModuleMap10new_module"
2106	103	"v8::internal::Factory::New(v8::internal::DirectHandle<v8::internal::Map>, v8::internal::AllocationType)"
2107	103	"v8::internal::AllocationCounter::InvokeAllocationObservers(unsigned long, unsigned long, unsigned long)"
2108	82	"v8::internal::ScheduleMinorGCTaskObserver::Step(int, unsigned long, unsigned long)"
2109	43	"v8::internal::MinorGCJob::TryScheduleTask()"
2110	68	"v8::internal::CancelableTask::CancelableTask(v8::internal::Isolate*)"
2111	72	"v8::internal::CancelableTaskManager::Register(v8::internal::Cancelable*)"
2112	1007	"std::__Cr::pair<std::__Cr::__hash_iterator<std::__Cr::__hash_node<std::__Cr::__hash_value_type<unsigned long, v8::internal::Cancelable*>, void*>*>, bool> std::__Cr::__hash_table<std::__Cr::__hash_value_type<unsigned long, v8::internal::Cancelable*>, std::__Cr::__unordered_map_hasher<unsigned long, std::__Cr::__hash_value_type<unsigned long, v8::internal::Cancelable*>, std::__Cr::hash<unsigned long>, std::__Cr::equal_to<unsigned long>, true>, std::__Cr::__unordered_map_equal<unsigned long, std::__Cr::__hash_value_type<unsigned long, v8::internal::Cancelable*>, std::__Cr::equal_to<unsigned long>, std::__Cr::hash<unsigned long>, true>, std::__Cr::allocator<std::__Cr::__hash_value_type<unsigned long, v8::internal::Cancelable*> > >::__emplace_unique_key_args<unsigned long, std::__Cr::piecewise_construct_t const&, std::__Cr::tuple<unsigned long const&>, std::__Cr::tuple<> >(unsigned long const&, std::__Cr::piecewise_construct_t const&, std::__Cr::tuple<unsigned long const&>&&, std::__Cr::tuple<>&&)"
2113	621	"void std::__Cr::__hash_table<std::__Cr::__hash_value_type<unsigned long, v8::internal::Cancelable*>, std::__Cr::__unordered_map_hasher<unsigned long, std::__Cr::__hash_value_type<unsigned long, v8::internal::Cancelable*>, std::__Cr::hash<unsigned long>, std::__Cr::equal_to<unsigned long>, true>, std::__Cr::__unordered_map_equal<unsigned long, std::__Cr::__hash_value_type<unsigned long, v8::internal::Cancelable*>, std::__Cr::equal_to<unsigned long>, std::__Cr::hash<unsigned long>, true>, std::__Cr::allocator<std::__Cr::__hash_value_type<unsigned long, v8::internal::Cancelable*> > >::__do_rehash<true>(unsigned long)"
2114	164	"v8::platform::DefaultForegroundTaskRunner::PostNonNestableTaskImpl(std::__Cr::unique_ptr<v8::Task, std::__Cr::default_delete<v8::Task> >, v8::SourceLocation const&)"
2115	353	"std::__Cr::deque<std::__Cr::pair<v8::platform::DefaultForegroundTaskRunner::Nestability, std::__Cr::unique_ptr<v8::Task, std::__Cr::default_delete<v8::Task> > >, std::__Cr::allocator<std::__Cr::pair<v8::platform::DefaultForegroundTaskRunner::Nestability, std::__Cr::unique_ptr<v8::Task, std::__Cr::default_delete<v8::Task> > > > >::__add_back_capacity()"
2116	92	"v8::internal::AllocationCounter::RemoveAllocationObserver(v8::internal::AllocationObserver*)"
2117	529	"std::__Cr::pair<std::__Cr::__hash_iterator<std::__Cr::__hash_node<v8::internal::AllocationObserver*, void*>*>, bool> std::__Cr::__hash_table<v8::internal::AllocationObserver*, std::__Cr::hash<v8::internal::AllocationObserver*>, std::__Cr::equal_to<v8::internal::AllocationObserver*>, std::__Cr::allocator<v8::internal::AllocationObserver*> >::__emplace_unique_key_args<v8::internal::AllocationObserver*, v8::internal::AllocationObserver* const&>(v8::internal::AllocationObserver* const&, v8::internal::AllocationObserver* const&)"
2118	263	"void std::__Cr::__hash_table<v8::internal::AllocationObserver*, std::__Cr::hash<v8::internal::AllocationObserver*>, std::__Cr::equal_to<v8::internal::AllocationObserver*>, std::__Cr::allocator<v8::internal::AllocationObserver*> >::__do_rehash<true>(unsigned long)"
2133	185	"v8::internal::SourceTextModule::ExecuteModule(v8::internal::Isolate*, v8::internal::DirectHandle<v8::internal::SourceTextModule>, v8::internal::MaybeDirectHandle<v8::internal::Object>*)"
2134	328	"v8::internal::Execution::TryCall(v8::internal::Isolate*, v8::internal::DirectHandle<v8::internal::Object>, v8::internal::DirectHandle<v8::internal::Object>, v8::base::Vector<v8::internal::DirectHandle<v8::internal::Object> const>, v8::internal::Execution::MessageHandling, v8::internal::MaybeDirectHandle<v8::internal::Object>*)"
2135	137	"v8::internal::(anonymous namespace)::InvokeWithTryCatch(v8::internal::Isolate*, v8::internal::(anonymous namespace)::InvokeParams const&)"
2136	31	"Builtins_GeneratorPrototypeNext"
2199	32	"Builtins_GetKeyedPropertyHandler"
2200	32	"Builtins_KeyedLoadIC_Megamorphic"
2201	15	"Builtins_ToName"
2202	39	"Builtins_NonPrimitiveToPrimitive_String"
2203	92	"v8::internal::Builtin_FunctionPrototypeToString(int, unsigned long*, v8::internal::Isolate*)"
2204	112	"v8::internal::JSFunction::ToString(v8::internal::Isolate*, v8::internal::DirectHandle<v8::internal::JSFunction>)"
2205	140	"v8::internal::SharedFunctionInfo::GetSourceCodeHarmony(v8::internal::Isolate*, v8::internal::DirectHandle<v8::internal::SharedFunctionInfo>)"
2206	119	"v8::internal::Factory::NewProperSubString(v8::internal::DirectHandle<v8::internal::String>, unsigned int, unsigned int)"
2207	125	"v8::internal::Heap::CollectGarbage(v8::internal::AllocationSpace, v8::internal::GarbageCollectionReason, v8::GCCallbackFlags)"
2208	31	"PushAllRegistersAndIterateStack"
2209	220	"void heap::base::Stack::SetMarkerAndCallbackImpl<v8::internal::Heap::CollectGarbage(v8::internal::AllocationSpace, v8::internal::GarbageCollectionReason, v8::GCCallbackFlags)::$_1>(heap::base::Stack*, void*, void const*)"
2210	150	"v8::internal::Heap::CollectGarbage(v8::internal::AllocationSpace, v8::internal::GarbageCollectionReason, v8::GCCallbackFlags)::$_1::operator()() const"
2211	115	"v8::internal::Heap::DevToolsTraceEventScope::DevToolsTraceEventScope(v8::internal::Heap*, char const*, char const*)"
2212	105	"v8::internal::Heap::GarbageCollectionPrologue(v8::internal::GarbageCollectionReason, v8::GCCallbackFlags)"
2215	128	"v8::internal::Heap::PerformGarbageCollection(v8::internal::GarbageCollector, v8::internal::GarbageCollectionReason, char const*)"
2216	30	"v8::internal::Heap::Scavenge()"
2217	50	"v8::internal::ScavengerCollector::CollectGarbage()"
2223	145	"v8::internal::RootScavengeVisitor::VisitRootPointers(v8::internal::Root, char const*, v8::internal::FullObjectSlot, v8::internal::FullObjectSlot)"
2224	186	"heap::base::SlotCallbackResult v8::internal::Scavenger::ScavengeObject<v8::internal::FullHeapObjectSlot>(v8::internal::FullHeapObjectSlot, v8::internal::Tagged<v8::internal::HeapObject>)"
2228	38	"v8::platform::DefaultJobHandle::Join()"
2229	37	"v8::platform::DefaultJobState::Join()"
2230	64	"v8::internal::ScavengerCollector::JobTask::Run(v8::JobDelegate*)"
2231	99	"v8::internal::ScavengerCollector::JobTask::ProcessItems(v8::JobDelegate*, v8::internal::Scavenger*)"
2232	73	"v8::internal::Scavenger::ScavengePage(v8::internal::MutablePageMetadata*)"
2233	50	"v8::internal::Scavenger::Process(v8::JobDelegate*)"
2244	178	"_RINvMNtCs5bJpdm632qa_9deno_core12gotham_stateNtB3_11GothamState3putINtNtCscHgRw1M2fX5_5alloc4sync3ArcNtCs9EZ4vV1q2zX_13deno_features14FeatureCheckerEECs46fkt1xHg5P_11rustyscript"
2245	189	"_RINvMse_NtNtCs5bJpdm632qa_9deno_core7runtime9jsruntimeNtB6_9JsRuntime28add_near_heap_limit_callbackNCNvMs3_NtCs46fkt1xHg5P_11rustyscript13inner_runtimeINtB1H_12InnerRuntimeBQ_E3news_0EB1J_"
2246	107	"v8::internal::Heap::AddNearHeapLimitCallback(unsigned long (*)(void*, unsigned long, unsigned long), void*)"
2247	458	"std::__Cr::pair<unsigned long (*)(void*, unsigned long, unsigned long), void*>& std::__Cr::vector<std::__Cr::pair<unsigned long (*)(void*, unsigned long, unsigned long), void*>, std::__Cr::allocator<std::__Cr::pair<unsigned long (*)(void*, unsigned long, unsigned long), void*> > >::emplace_back<std::__Cr::pair<unsigned long (*)(void*, unsigned long, unsigned long), void*> >(std::__Cr::pair<unsigned long (*)(void*, unsigned long, unsigned long), void*>&&)"
2249	213	"_RINvMs3_NtCs46fkt1xHg5P_11rustyscript13inner_runtimeINtB6_12InnerRuntimeNtNtNtCs5bJpdm632qa_9deno_core7runtime9jsruntime9JsRuntimeE17register_functionNCNvNtNtCs8BNLh0y6PrD_6script4load7isolate12wire_runtime0EB2w_"
2250	377	"_RINvMNtCs5bJpdm632qa_9deno_core12gotham_stateNtB3_11GothamState3putINtNtNtNtCs6ZjlLoI6YmX_3std11collections4hash3map7HashMapNtNtCscHgRw1M2fX5_5alloc6string6StringINtNtB22_5boxed3BoxDNtNtCs46fkt1xHg5P_11rustyscript13inner_runtime10RsFunctionp6OutputINtNtCsc36rpYXAlPq_4core6result6ResultNtNtCs8w6ufvPp9JY_10serde_json5value5ValueNtNtB2Y_5error5ErrorEEL_EEECs8BNLh0y6PrD_6script"
2251	358	"_RNvMs1_NtCs1lJFy7o6pGX_9hashbrown3mapINtB5_7HashMapNtNtCscHgRw1M2fX5_5alloc6string6StringINtNtBR_5boxed3BoxDNtNtCs46fkt1xHg5P_11rustyscript13inner_runtime10RsFunctionp6OutputINtNtCsc36rpYXAlPq_4core6result6ResultNtNtCs8w6ufvPp9JY_10serde_json5value5ValueNtNtB1M_5error5ErrorEEL_ENtNtNtCs6ZjlLoI6YmX_3std4hash6random11RandomStateE6insertCs8BNLh0y6PrD_6script"
2252	408	"_RINvMs6_NtCs1lJFy7o6pGX_9hashbrown3rawINtB6_8RawTableTNtNtCscHgRw1M2fX5_5alloc6string6StringINtNtBU_5boxed3BoxDNtNtCs46fkt1xHg5P_11rustyscript13inner_runtime10RsFunctionp6OutputINtNtCsc36rpYXAlPq_4core6result6ResultNtNtCs8w6ufvPp9JY_10serde_json5value5ValueNtNtB1P_5error5ErrorEEL_EEE14reserve_rehashNCINvNtB8_3map11make_hasherBQ_B1s_NtNtNtCs6ZjlLoI6YmX_3std4hash6random11RandomStateE0ECs8BNLh0y6PrD_6script"
2253	216	"_RINvMs3_NtCs46fkt1xHg5P_11rustyscript13inner_runtimeINtB6_12InnerRuntimeNtNtNtCs5bJpdm632qa_9deno_core7runtime9jsruntime9JsRuntimeE17register_functionNCNvNtNtCs8BNLh0y6PrD_6script4load7isolate12wire_runtimes0_0EB2w_"
2254	216	"_RINvMs3_NtCs46fkt1xHg5P_11rustyscript13inner_runtimeINtB6_12InnerRuntimeNtNtNtCs5bJpdm632qa_9deno_core7runtime9jsruntime9JsRuntimeE17register_functionNCNvNtNtCs8BNLh0y6PrD_6script4load7isolate12wire_runtimes2_0EB2w_"
2255	216	"_RINvMs3_NtCs46fkt1xHg5P_11rustyscript13inner_runtimeINtB6_12InnerRuntimeNtNtNtCs5bJpdm632qa_9deno_core7runtime9jsruntime9JsRuntimeE17register_functionNCNvNtNtCs8BNLh0y6PrD_6script4load7isolate12wire_runtimes4_0EB2w_"
2256	154	"_RINvYNtNtCs46fkt1xHg5P_11rustyscript7runtime7RuntimeNtNtB7_12async_bridge14AsyncBridgeExt8block_onuNCINvMB5_B3_4evaluReE0NCNCB1B_00ECs8BNLh0y6PrD_6script"
2257	254	"_RINvMNtCs46fkt1xHg5P_11rustyscript12async_bridgeNtB3_12TokioRuntime8block_onNCINvYNtNtB5_7runtime7RuntimeNtB3_14AsyncBridgeExt8block_onuNCINvMB1k_B1i_4evaluReE0NCNCB2c_00E0INtNtCsc36rpYXAlPq_4core6result6ResultuNtNtB5_5error5ErrorEECs8BNLh0y6PrD_6script"
2258	64	"_RNvMNtNtCsjSTgzKTFx8E_5tokio7runtime7runtimeNtB2_7Runtime5enter"
2259	360	"_RINvNtNtNtCsjSTgzKTFx8E_5tokio7runtime7context7runtime13enter_runtimeNCINvMNtNtB6_9scheduler14current_threadNtB1b_13CurrentThread8block_onNCINvYNtNtCs46fkt1xHg5P_11rustyscript7runtime7RuntimeNtNtB2m_12async_bridge14AsyncBridgeExt8block_onuNCINvMB2k_B2i_4evaluReE0NCNCB3R_00E0E0INtNtCsc36rpYXAlPq_4core6result6ResultuNtNtB2m_5error5ErrorEECs8BNLh0y6PrD_6script"
2260	286	"_RINvMs7_NtNtNtCsjSTgzKTFx8E_5tokio7runtime9scheduler14current_threadNtB6_9CoreGuard8block_onINtNtCsc36rpYXAlPq_4core3pin3PinQNCINvYNtNtCs46fkt1xHg5P_11rustyscript7runtime7RuntimeNtNtB29_12async_bridge14AsyncBridgeExt8block_onuNCINvMB27_B25_4evaluReE0NCNCB3E_00E0EECs8BNLh0y6PrD_6script"
2261	488	"_RINvMNtNtNtCsjSTgzKTFx8E_5tokio7runtime7context6scopedINtB3_6ScopedNtNtB7_9scheduler7ContextE3setNCINvMs7_NtB15_14current_threadNtB1G_9CoreGuard5enterNCINvB1C_8block_onINtNtCsc36rpYXAlPq_4core3pin3PinQNCINvYNtNtCs46fkt1xHg5P_11rustyscript7runtime7RuntimeNtNtB3n_12async_bridge14AsyncBridgeExt8block_onuNCINvMB3l_B3j_4evaluReE0NCNCB4S_00E0EE0INtNtB2L_6option6OptionINtNtB2L_6result6ResultuNtNtB3n_5error5ErrorEEE0TINtNtCscHgRw1M2fX5_5alloc5boxed3BoxNtB1G_4CoreEB5t_EECs8BNLh0y6PrD_6script"
2262	247	"_RNvXs0_NtNtCsc36rpYXAlPq_4core6future7poll_fnINtB5_6PollFnNCNCINvYNtNtCs46fkt1xHg5P_11rustyscript7runtime7RuntimeNtNtB16_12async_bridge14AsyncBridgeExt8block_onuNCINvMB14_B12_4evaluReE0NCNCB2B_00E00ENtNtB7_6future6Future4pollCs8BNLh0y6PrD_6script"
2263	201	"_RNvXs_NtNtCsjSTgzKTFx8E_5tokio4time7timeoutINtB4_7TimeoutNCNCINvMNtCs46fkt1xHg5P_11rustyscript7runtimeNtB11_7Runtime4evaluReE00ENtNtNtCsc36rpYXAlPq_4core6future6future6Future4pollCs8BNLh0y6PrD_6script"
2264	200	"_RNCINvMs3_NtCs46fkt1xHg5P_11rustyscript13inner_runtimeINtB8_12InnerRuntimeNtNtNtCs5bJpdm632qa_9deno_core7runtime9jsruntime9JsRuntimeE4evalNtNtCscHgRw1M2fX5_5alloc6string6StringE0Cs8BNLh0y6PrD_6script"
2265	148	"_RINvMse_NtNtCs5bJpdm632qa_9deno_core7runtime9jsruntimeNtB6_9JsRuntime14execute_scriptReNtNtCscHgRw1M2fX5_5alloc6string6StringECs8BNLh0y6PrD_6script"
2266	140	"_RINvMs1_NtNtCs5bJpdm632qa_9deno_core7runtime7jsrealmNtB6_7JsRealm14execute_scriptNtNtBa_11fast_string10FastStringB1h_ECs8BNLh0y6PrD_6script"
2273	180	"_RNCNvMs3_NtCs46fkt1xHg5P_11rustyscript13inner_runtimeINtB7_12InnerRuntimeNtNtNtCs5bJpdm632qa_9deno_core7runtime9jsruntime9JsRuntimeE23resolve_with_event_loop0Cs8BNLh0y6PrD_6script"
2274	77	"_RNvMse_NtNtCs5bJpdm632qa_9deno_core7runtime9jsruntimeNtB5_9JsRuntime7resolve"
2275	85	"_RNvMse_NtNtCs5bJpdm632qa_9deno_core7runtime9jsruntimeNtB5_9JsRuntime14scoped_resolve"
2303	69	"_RNvMNtCs46fkt1xHg5P_11rustyscript7runtimeNtB2_7Runtime12load_modules"
2304	250	"_RINvMNtNtCsjSTgzKTFx8E_5tokio7runtime7runtimeNtB3_7Runtime8block_onNCINvYNtNtCs46fkt1xHg5P_11rustyscript7runtime7RuntimeNtNtB1d_12async_bridge14AsyncBridgeExt8block_onNtNtB1d_13module_handle12ModuleHandleNCNvMB1b_B19_12load_modules0NCNCB3i_00E0EB1d_"
2305	386	"_RINvNtNtNtCsjSTgzKTFx8E_5tokio7runtime7context7runtime13enter_runtimeNCINvMNtNtB6_9scheduler14current_threadNtB1b_13CurrentThread8block_onNCINvYNtNtCs46fkt1xHg5P_11rustyscript7runtime7RuntimeNtNtB2m_12async_bridge14AsyncBridgeExt8block_onNtNtB2m_13module_handle12ModuleHandleNCNvMB2k_B2i_12load_modules0NCNCB4r_00E0E0INtNtCsc36rpYXAlPq_4core6result6ResultB3O_NtNtB2m_5error5ErrorEEB2m_"
2306	309	"_RINvMs7_NtNtNtCsjSTgzKTFx8E_5tokio7runtime9scheduler14current_threadNtB6_9CoreGuard8block_onINtNtCsc36rpYXAlPq_4core3pin3PinQNCINvYNtNtCs46fkt1xHg5P_11rustyscript7runtime7RuntimeNtNtB29_12async_bridge14AsyncBridgeExt8block_onNtNtB29_13module_handle12ModuleHandleNCNvMB27_B25_12load_modules0NCNCB4e_00E0EEB29_"
2307	514	"_RINvMNtNtNtCsjSTgzKTFx8E_5tokio7runtime7context6scopedINtB3_6ScopedNtNtB7_9scheduler7ContextE3setNCINvMs7_NtB15_14current_threadNtB1G_9CoreGuard5enterNCINvB1C_8block_onINtNtCsc36rpYXAlPq_4core3pin3PinQNCINvYNtNtCs46fkt1xHg5P_11rustyscript7runtime7RuntimeNtNtB3n_12async_bridge14AsyncBridgeExt8block_onNtNtB3n_13module_handle12ModuleHandleNCNvMB3l_B3j_12load_modules0NCNCB5s_00E0EE0INtNtB2L_6option6OptionINtNtB2L_6result6ResultB4P_NtNtB3n_5error5ErrorEEE0TINtNtCscHgRw1M2fX5_5alloc5boxed3BoxNtB1G_4CoreEB67_EEB3n_"
2308	420	"_RINvMs1_NtNtNtCsjSTgzKTFx8E_5tokio7runtime9scheduler14current_threadNtB6_7Context5enterINtNtNtCsc36rpYXAlPq_4core4task4poll4PollINtNtB1u_6result6ResultNtNtCs46fkt1xHg5P_11rustyscript13module_handle12ModuleHandleNtNtB2t_5error5ErrorEENCNCINvMs7_B6_NtB6_9CoreGuard8block_onINtNtB1u_3pin3PinQNCINvYNtNtB2t_7runtime7RuntimeNtNtB2t_12async_bridge14AsyncBridgeExt8block_onB2p_NCNvMB4L_B4J_12load_modules0NCNCB5Y_00E0EE00EB2t_"
2309	204	"_RNCINvYNtNtCs46fkt1xHg5P_11rustyscript7runtime7RuntimeNtNtB9_12async_bridge14AsyncBridgeExt8block_onNtNtB9_13module_handle12ModuleHandleNCNvMB7_B5_12load_modules0NCNCB2c_00E0B9_.llvm.14736934106874737432"
2310	270	"_RNvXs0_NtNtCsc36rpYXAlPq_4core6future7poll_fnINtB5_6PollFnNCNCINvYNtNtCs46fkt1xHg5P_11rustyscript7runtime7RuntimeNtNtB16_12async_bridge14AsyncBridgeExt8block_onNtNtB16_13module_handle12ModuleHandleNCNvMB14_B12_12load_modules0NCNCB3b_00E00ENtNtB7_6future6Future4pollB16_"
2311	188	"_RNvXs_NtNtCsjSTgzKTFx8E_5tokio4time7timeoutINtB4_7TimeoutNCNCNvMNtCs46fkt1xHg5P_11rustyscript7runtimeNtB10_7Runtime12load_modules00ENtNtNtCsc36rpYXAlPq_4core6future6future6Future4pollB12_"
2312	151	"_RNCNvMs3_NtCs46fkt1xHg5P_11rustyscript13inner_runtimeINtB7_12InnerRuntimeNtNtNtCs5bJpdm632qa_9deno_core7runtime9jsruntime9JsRuntimeE12load_modules0B9_"
2314	90	"_RNvMs_NtNtCs5bJpdm632qa_9deno_core7modules14recursive_loadNtB4_19RecursiveModuleLoad4side"
2315	137	"_RNvXs_NtCs46fkt1xHg5P_11rustyscript13module_loaderNtB4_11RustyLoaderNtNtNtCs5bJpdm632qa_9deno_core7modules7loaders12ModuleLoader7resolve"
2316	96	"_RNvMNtNtCs46fkt1xHg5P_11rustyscript13module_loader12inner_loaderNtB2_16InnerRustyLoader7resolve"
2317	57	"_RNvMs8_NtCs48pER9i7TM2_3url6parserNtB5_6Parser9parse_url"
2318	59	"_RNvMs8_NtCs48pER9i7TM2_3url6parserNtB5_6Parser10parse_file"
2319	59	"_RNvMs8_NtCs48pER9i7TM2_3url6parserNtB5_6Parser10parse_path"
2320	75	"_RNvNvMs8_NtCs48pER9i7TM2_3url6parserNtB7_6Parser10parse_path12push_pending"
2321	175	"_RNvMs1_NtCs1lJFy7o6pGX_9hashbrown3mapINtB5_7HashMapNtNtCscHgRw1M2fX5_5alloc6string6StringuNtNtNtCs6ZjlLoI6YmX_3std4hash6random11RandomStateE6insertCs46fkt1xHg5P_11rustyscript"
2322	123	"_RNCNvMs_NtNtCs5bJpdm632qa_9deno_core7modules14recursive_loadNtB6_19RecursiveModuleLoad7prepare0Cs46fkt1xHg5P_11rustyscript"
2325	104	"_RNvMNtNtCs46fkt1xHg5P_11rustyscript13module_loader12inner_loaderNtB2_16InnerRustyLoader14add_source_map"
2326	236	"_RNvMs1_NtCs1lJFy7o6pGX_9hashbrown3mapINtB5_7HashMapNtNtCscHgRw1M2fX5_5alloc6string6StringTBN_INtNtCsc36rpYXAlPq_4core6option6OptionINtNtBR_3vec3VechEEENtNtNtCs6ZjlLoI6YmX_3std4hash6random11RandomStateE6insertCs46fkt1xHg5P_11rustyscript"
2327	286	"_RINvMs6_NtCs1lJFy7o6pGX_9hashbrown3rawINtB6_8RawTableTNtNtCscHgRw1M2fX5_5alloc6string6StringTBQ_INtNtCsc36rpYXAlPq_4core6option6OptionINtNtBU_3vec3VechEEEEE14reserve_rehashNCINvNtB8_3map11make_hasherBQ_B1s_NtNtNtCs6ZjlLoI6YmX_3std4hash6random11RandomStateE0ECs46fkt1xHg5P_11rustyscript"
2328	83	"_RNvMsi_NtNtCs5bJpdm632qa_9deno_core7runtime9jsruntimeNtB5_9JsRuntime12mod_evaluate"
2329	76	"_RNvMs_NtNtCs5bJpdm632qa_9deno_core7modules3mapNtB4_9ModuleMap12mod_evaluate"
2330	91	"v8::Promise::Then(v8::Local<v8::Context>, v8::Local<v8::Function>, v8::Local<v8::Function>)"
2331	238	"v8::internal::Execution::CallBuiltin(v8::internal::Isolate*, v8::internal::DirectHandle<v8::internal::JSFunction>, v8::internal::DirectHandle<v8::internal::Object>, v8::base::Vector<v8::internal::DirectHandle<v8::internal::Object> const>)"
2332	29	"Builtins_PromisePrototypeThen"
2333	25	"Builtins_EnqueueMicrotask"
2334	95	"v8::internal::MicrotaskQueue::CallEnqueueMicrotask(v8::internal::Isolate*, long, unsigned long)"
2335	406	"_RNCINvMs3_NtCs46fkt1xHg5P_11rustyscript13inner_runtimeINtB8_12InnerRuntimeNtNtNtCs5bJpdm632qa_9deno_core7runtime9jsruntime9JsRuntimeE22with_event_loop_futureuNtNtB1g_5error9CoreErrorINtNtNtCsgfI0YPFYkVC_12futures_util6future6future3MapINtNtNtCsjSTgzKTFx8E_5tokio4sync7oneshot8ReceiverINtNtCsc36rpYXAlPq_4core6result6ResultuNtB2y_7JsErrorEENCNvMs_NtNtB1g_7modules3mapNtB5y_9ModuleMap12mod_evaluates_0EE0Ba_"
2336	479	"_RNvXs0_NtNtCsc36rpYXAlPq_4core6future7poll_fnINtB5_6PollFnNCNCINvMs3_NtCs46fkt1xHg5P_11rustyscript13inner_runtimeINtB15_12InnerRuntimeNtNtNtCs5bJpdm632qa_9deno_core7runtime9jsruntime9JsRuntimeE22with_event_loop_futureuNtNtB2e_5error9CoreErrorINtNtNtCsgfI0YPFYkVC_12futures_util6future6future3MapINtNtNtCsjSTgzKTFx8E_5tokio4sync7oneshot8ReceiverINtNtB9_6result6ResultuNtB3w_7JsErrorEENCNvMs_NtNtB2e_7modules3mapNtB6g_9ModuleMap12mod_evaluates_0EE00ENtNtB7_6future6Future4pollB17_"
2337	86	"_RNvMse_NtNtCs5bJpdm632qa_9deno_core7runtime9jsruntimeNtB5_9JsRuntime15poll_event_loop"
2345	167	"v8::Function::New(v8::Local<v8::Context>, void (*)(v8::FunctionCallbackInfo<v8::Value> const&), v8::Local<v8::Value>, int, v8::ConstructorBehavior, v8::SideEffectType)"
2393	92	"v8::internal::Runtime_AllocateInYoungGeneration(int, unsigned long*, v8::internal::Isolate*)"
2394	140	"v8::internal::Factory::NewFillerObject(int, v8::internal::AllocationAlignment, v8::internal::AllocationType, v8::internal::AllocationOrigin)"
2399	17	"Builtins_ArrayMap"
2400	95	"v8::platform::DefaultPlatform::PumpMessageLoop(v8::Isolate*, v8::platform::MessageLoopBehavior)"
2401	45	"v8::internal::MinorGCJob::Task::RunInternal()"
2405	151	"v8::internal::Scavenger::IterateAndScavengePromotedObject(v8::internal::Tagged<v8::internal::HeapObject>, v8::internal::Tagged<v8::internal::Map>, int)"
2407	267	"void v8::internal::JSObject::FastBodyDescriptor::IterateBody<v8::internal::IterateAndScavengePromotedObjectsVisitor>(v8::internal::Tagged<v8::internal::Map>, v8::internal::Tagged<v8::internal::HeapObject>, int, v8::internal::IterateAndScavengePromotedObjectsVisitor*)"
2408	156	"void v8::internal::RememberedSet<(v8::internal::RememberedSetType)0>::Insert<(v8::internal::AccessMode)0>(v8::internal::MutablePageMetadata*, unsigned long)"
2410	213	"v8::internal::PageMetadata*& std::__Cr::vector<v8::internal::PageMetadata*, std::__Cr::allocator<v8::internal::PageMetadata*> >::emplace_back<v8::internal::PageMetadata* const&>(v8::internal::PageMetadata* const&)"
2411	267	"void v8::internal::SuffixRangeBodyDescriptor<8>::IterateBody<v8::internal::IterateAndScavengePromotedObjectsVisitor>(v8::internal::Tagged<v8::internal::Map>, v8::internal::Tagged<v8::internal::HeapObject>, int, v8::internal::IterateAndScavengePromotedObjectsVisitor*)"
2417	199	"v8::platform::DefaultForegroundTaskRunner::PostDelayedTaskLocked(std::__Cr::unique_ptr<v8::Task, std::__Cr::default_delete<v8::Task> >, double, v8::platform::DefaultForegroundTaskRunner::Nestability)"
2418	353	"v8::platform::DefaultForegroundTaskRunner::DelayedEntry* std::__Cr::vector<v8::platform::DefaultForegroundTaskRunner::DelayedEntry, std::__Cr::allocator<v8::platform::DefaultForegroundTaskRunner::DelayedEntry> >::__emplace_back_slow_path<v8::platform::DefaultForegroundTaskRunner::DelayedEntry>(v8::platform::DefaultForegroundTaskRunner::DelayedEntry&&)"
2448	90	"_RNvMs_NtNtCs5bJpdm632qa_9deno_core7modules14recursive_loadNtB4_19RecursiveModuleLoad4main"
2459	123	"_RNvMs1_NtNtNtCs6ZjlLoI6YmX_3std4sync4mpmc4listINtB5_7ChannelNtNtNtCs8BNLh0y6PrD_6script4load7isolate10IsolateCmdE4recvB12_"
2461	114	"_RNvMs2_NtNtCs6ZjlLoI6YmX_3std4sync4mpmcINtB5_6SenderNtNtNtCs8BNLh0y6PrD_6script4load7isolate10IsolateCmdE4sendBU_"
2462	123	"_RNvMs1_NtNtNtCs6ZjlLoI6YmX_3std4sync4mpmc4listINtB5_7ChannelNtNtNtCs8BNLh0y6PrD_6script4load7isolate10IsolateCmdE4sendB12_"
2488	70	"_RNvMNtCs50mG4W4lMfe_8scenario6runnerNtB2_14ScenarioRunner10begin_step"
2489	86	"_RNvMs4_NtCscHgRw1M2fX5_5alloc7raw_vecINtB5_6RawVecTllEE8grow_oneCseoayFEFQqjH_6client"
2491	44	"_RNvCs3JBA3HkGT3V_9host_play14script_observe"
2515	92	"_RNvMsk_NtCs8BNLh0y6PrD_6script10isolate_fbNtB5_10IsolateBuf30encode_snapshot_delta_updating"
2516	68	"_RNvNtCs8BNLh0y6PrD_6script10isolate_fb27encode_snapshot_masked_into"
2518	98	"_RNvXs1_NtCs95VkCdQNZ8_11flatbuffers7builderNtB5_16DefaultAllocatorNtB5_9Allocator14grow_downwards"
2519	140	"_RINvNvMs2_NtCscHgRw1M2fX5_5alloc7raw_vecINtB8_11RawVecInnerpE7reserve21do_reserve_and_handleNtNtBa_5alloc6GlobalECs95VkCdQNZ8_11flatbuffers"
2520	95	"_RNvMs5_NtCscHgRw1M2fX5_5alloc7raw_vecNtB5_11RawVecInner11finish_growCs95VkCdQNZ8_11flatbuffers"
2521	129	"_RNvMs4_NtCscHgRw1M2fX5_5alloc7raw_vecINtB5_6RawVecNtNtCs95VkCdQNZ8_11flatbuffers7builder8FieldLocE8grow_oneCs8BNLh0y6PrD_6script"
2522	103	"_RNvMs3_NtCs95VkCdQNZ8_11flatbuffers7builderNtB5_17FlatBufferBuilder12write_vtableCs8BNLh0y6PrD_6script"
2523	80	"_RNvMs4_NtCscHgRw1M2fX5_5alloc7raw_vecINtB5_6RawVecmE8grow_oneCs48pER9i7TM2_3url"
2526	176	"_RINvMs3_NtCs95VkCdQNZ8_11flatbuffers7builderNtB6_17FlatBufferBuilder13create_vectorINtNtB8_10primitives9WIPOffsetNtNtCs8BNLh0y6PrD_6script10isolate_fb17CombatStyleReaderEEB1R_"
2529	77	"_RNCNvNtCs8BNLh0y6PrD_6script10isolate_fb27encode_snapshot_masked_intos5_0B5_"
2530	57	"_RNvNtCs8BNLh0y6PrD_6script10isolate_fb16scene_entity_off"
2531	81	"_RNvMsh_NtCs8BNLh0y6PrD_6script10isolate_fbNtB5_19SnapshotFingerprint10from_input"
2532	279	"_RNvXs_NtNtCscHgRw1M2fX5_5alloc3vec21spec_from_iter_nestedINtB6_3VecNtNtCs8BNLh0y6PrD_6script10isolate_fb9ItemRowFpEINtB4_18SpecFromIterNestedB13_INtNtNtNtCsc36rpYXAlPq_4core4iter8adapters3map3MapINtNtNtB2s_5slice4iter4IterNtB15_12ItemRowInputENvB15_11item_row_fpEE9from_iterB17_"
2533	52	"_RNvNtCs8BNLh0y6PrD_6script10isolate_fb11item_row_fp"
2535	361	"_RINvXs0_NtNtNtCsc36rpYXAlPq_4core4iter8adapters3mapINtB6_3MapINtNtNtBc_5slice4iter4IterNtNtCs8BNLh0y6PrD_6script10isolate_fb9StatInputENCNvMsh_B1p_NtB1p_19SnapshotFingerprint10from_input0ENtNtNtBa_6traits8iterator8Iterator4folduNCINvNvB30_8for_each4callTlNtNtCscHgRw1M2fX5_5alloc6string6StringlllENCINvMsj_NtB49_3vecINtB4U_3VecB43_E14extend_trustedBN_E0E0EB1r_"
2536	286	"_RNvXs_NtNtCscHgRw1M2fX5_5alloc3vec21spec_from_iter_nestedINtB6_3VecNtNtCs8BNLh0y6PrD_6script10isolate_fb11BankStandFpEINtB4_18SpecFromIterNestedB13_INtNtNtNtCsc36rpYXAlPq_4core4iter8adapters3map3MapINtNtNtB2v_5slice4iter4IterNtB15_14BankStandInputENvB15_13bank_stand_fpEE9from_iterB17_"
2537	54	"_RNvNtCs8BNLh0y6PrD_6script10isolate_fb13bank_stand_fp"
2538	285	"_RNvXs_NtNtCscHgRw1M2fX5_5alloc3vec21spec_from_iter_nestedINtB6_3VecNtNtCs8BNLh0y6PrD_6script10isolate_fb13SceneEntityFpEINtB4_18SpecFromIterNestedB13_INtNtNtNtCsc36rpYXAlPq_4core4iter8adapters3map3MapINtNtNtB2x_5slice4iter4IterNtB15_16SceneEntityInputENvB15_9entity_fpEE9from_iterB17_"
2539	49	"_RNvNtCs8BNLh0y6PrD_6script10isolate_fb9entity_fp"
2540	292	"_RNvXs_NtNtCscHgRw1M2fX5_5alloc3vec21spec_from_iter_nestedINtB6_3VecNtNtCs8BNLh0y6PrD_6script10isolate_fb13CombatStyleFpEINtB4_18SpecFromIterNestedB13_INtNtNtNtCsc36rpYXAlPq_4core4iter8adapters3map3MapINtNtNtB2x_5slice4iter4IterNtB15_16CombatStyleInputENvB15_15combat_style_fpEE9from_iterB17_"
2541	324	"_RNvXs_NtNtCscHgRw1M2fX5_5alloc3vec21spec_from_iter_nestedINtB6_3VecTlNtNtB8_6string6StringEEINtB4_18SpecFromIterNestedB13_INtNtNtNtCsc36rpYXAlPq_4core4iter8adapters3map3MapINtNtNtB25_5slice4iter4IterNtNtCs8BNLh0y6PrD_6script10isolate_fb13ChatLineInputENCNvMsh_B3d_NtB3d_19SnapshotFingerprint10from_inputs1_0EE9from_iterB3f_"
2545	64	"_RNvNtNtCs8BNLh0y6PrD_6script4load7isolate20materialize_snapshot"
2555	46	"_RNvNtNtCs8BNLh0y6PrD_6script4load7isolate3set"
2557	62	"_RNvNtNtCs8BNLh0y6PrD_6script4load7isolate18scene_entity_array"
2559	210	"v8::internal::Handle<v8::internal::PropertyArray> v8::internal::Factory::CopyArrayAndGrow<v8::internal::PropertyArray>(v8::internal::DirectHandle<v8::internal::PropertyArray>, int, v8::internal::AllocationType)"
2560	52	"_RNvNtNtCs8BNLh0y6PrD_6script4load7isolate9js_string"
2561	74	"v8::String::NewFromUtf8(v8::Isolate*, char const*, v8::NewStringType, int)"
2562	131	"v8::internal::Factory::NewStringFromUtf8(v8::base::Vector<unsigned char const>, unibrow::Utf8Variant, v8::internal::AllocationType)"
2563	104	"v8::internal::FactoryBase<v8::internal::Factory>::NewRawOneByteString(int, v8::internal::AllocationType)"
2565	77	"v8::internal::HandleScopeImplementer::IterateThis(v8::internal::RootVisitor*)"
2566	161	"v8::internal::ClearStaleLeftTrimmedPointerVisitor::VisitRootPointers(v8::internal::Root, char const*, v8::internal::FullObjectSlot, v8::internal::FullObjectSlot)"
2567	106	"v8::internal::FactoryBase<v8::internal::Factory>::AllocateRawFixedArray(int, v8::internal::AllocationType)"
2571	20	"v8__Object__SetIndex"
2572	75	"v8::Object::Set(v8::Local<v8::Context>, unsigned int, v8::Local<v8::Value>)"
2573	255	"v8::internal::Object::AddDataProperty(v8::internal::LookupIterator*, v8::internal::DirectHandle<v8::internal::Object>, v8::internal::PropertyAttributes, v8::Maybe<v8::internal::ShouldThrow>, v8::internal::StoreOrigin, v8::internal::EnforceDefineSemantics)"
2574	212	"v8::internal::JSObject::AddDataElement(v8::internal::Isolate*, v8::internal::DirectHandle<v8::internal::JSObject>, unsigned int, v8::internal::DirectHandle<v8::internal::Object>, v8::internal::PropertyAttributes)"
2575	413	"v8::internal::(anonymous namespace)::FastElementsAccessor<v8::internal::(anonymous namespace)::FastHoleyObjectElementsAccessor, v8::internal::(anonymous namespace)::ElementsKindTraits<(v8::internal::ElementsKind)3> >::AddImpl(v8::internal::Isolate*, v8::internal::DirectHandle<v8::internal::JSObject>, unsigned int, v8::internal::DirectHandle<v8::internal::Object>, v8::internal::PropertyAttributes, unsigned int)"
2576	100	"v8::internal::LookupIterator::WriteDataValue(v8::internal::DirectHandle<v8::internal::Object>, bool)"
2577	301	"v8::internal::PropertyKey::PropertyKey<v8::internal::Object, v8::internal::DirectHandle>(v8::internal::Isolate*, v8::internal::DirectHandle<v8::internal::Object>, bool*) requires std::is_convertible_v<v8::internal::DirectHandle<v8::internal::Object>, v8::internal::DirectHandle<v8::internal::Object> >"
2584	154	"_RINvYNtNtCs46fkt1xHg5P_11rustyscript7runtime7RuntimeNtNtB7_12async_bridge14AsyncBridgeExt8block_onbNCINvMB5_B3_4evalbReE0NCNCB1B_00ECs8BNLh0y6PrD_6script"
2585	254	"_RINvMNtCs46fkt1xHg5P_11rustyscript12async_bridgeNtB3_12TokioRuntime8block_onNCINvYNtNtB5_7runtime7RuntimeNtB3_14AsyncBridgeExt8block_onbNCINvMB1k_B1i_4evalbReE0NCNCB2c_00E0INtNtCsc36rpYXAlPq_4core6result6ResultbNtNtB5_5error5ErrorEECs8BNLh0y6PrD_6script"
2586	360	"_RINvNtNtNtCsjSTgzKTFx8E_5tokio7runtime7context7runtime13enter_runtimeNCINvMNtNtB6_9scheduler14current_threadNtB1b_13CurrentThread8block_onNCINvYNtNtCs46fkt1xHg5P_11rustyscript7runtime7RuntimeNtNtB2m_12async_bridge14AsyncBridgeExt8block_onbNCINvMB2k_B2i_4evalbReE0NCNCB3R_00E0E0INtNtCsc36rpYXAlPq_4core6result6ResultbNtNtB2m_5error5ErrorEECs8BNLh0y6PrD_6script"
2587	286	"_RINvMs7_NtNtNtCsjSTgzKTFx8E_5tokio7runtime9scheduler14current_threadNtB6_9CoreGuard8block_onINtNtCsc36rpYXAlPq_4core3pin3PinQNCINvYNtNtCs46fkt1xHg5P_11rustyscript7runtime7RuntimeNtNtB29_12async_bridge14AsyncBridgeExt8block_onbNCINvMB27_B25_4evalbReE0NCNCB3E_00E0EECs8BNLh0y6PrD_6script"
2588	488	"_RINvMNtNtNtCsjSTgzKTFx8E_5tokio7runtime7context6scopedINtB3_6ScopedNtNtB7_9scheduler7ContextE3setNCINvMs7_NtB15_14current_threadNtB1G_9CoreGuard5enterNCINvB1C_8block_onINtNtCsc36rpYXAlPq_4core3pin3PinQNCINvYNtNtCs46fkt1xHg5P_11rustyscript7runtime7RuntimeNtNtB3n_12async_bridge14AsyncBridgeExt8block_onbNCINvMB3l_B3j_4evalbReE0NCNCB4S_00E0EE0INtNtB2L_6option6OptionINtNtB2L_6result6ResultbNtNtB3n_5error5ErrorEEE0TINtNtCscHgRw1M2fX5_5alloc5boxed3BoxNtB1G_4CoreEB5t_EECs8BNLh0y6PrD_6script"
2589	247	"_RNvXs0_NtNtCsc36rpYXAlPq_4core6future7poll_fnINtB5_6PollFnNCNCINvYNtNtCs46fkt1xHg5P_11rustyscript7runtime7RuntimeNtNtB16_12async_bridge14AsyncBridgeExt8block_onbNCINvMB14_B12_4evalbReE0NCNCB2B_00E00ENtNtB7_6future6Future4pollCs8BNLh0y6PrD_6script"
2590	201	"_RNvXs_NtNtCsjSTgzKTFx8E_5tokio4time7timeoutINtB4_7TimeoutNCNCINvMNtCs46fkt1xHg5P_11rustyscript7runtimeNtB11_7Runtime4evalbReE00ENtNtNtCsc36rpYXAlPq_4core6future6future6Future4pollCs8BNLh0y6PrD_6script"
2593	177	"_RINvMs3_NtCs46fkt1xHg5P_11rustyscript13inner_runtimeINtB6_12InnerRuntimeNtNtNtCs5bJpdm632qa_9deno_core7runtime9jsruntime9JsRuntimeE20call_function_by_refyECs8BNLh0y6PrD_6script"
2599	76	"_RNvMNtCs46fkt1xHg5P_11rustyscript7runtimeNtB2_7Runtime19block_on_event_loop"
2600	221	"_RINvMNtNtCsjSTgzKTFx8E_5tokio7runtime7runtimeNtB3_7Runtime8block_onNCINvYNtNtCs46fkt1xHg5P_11rustyscript7runtime7RuntimeNtNtB1d_12async_bridge14AsyncBridgeExt8block_onuNCNvMB1b_B19_19block_on_event_loop0NCNCB2I_00E0EB1d_"
2601	354	"_RINvNtNtNtCsjSTgzKTFx8E_5tokio7runtime7context7runtime13enter_runtimeNCINvMNtNtB6_9scheduler14current_threadNtB1b_13CurrentThread8block_onNCINvYNtNtCs46fkt1xHg5P_11rustyscript7runtime7RuntimeNtNtB2m_12async_bridge14AsyncBridgeExt8block_onuNCNvMB2k_B2i_19block_on_event_loop0NCNCB3R_00E0E0INtNtCsc36rpYXAlPq_4core6result6ResultuNtNtB2m_5error5ErrorEEB2m_"
2602	280	"_RINvMs7_NtNtNtCsjSTgzKTFx8E_5tokio7runtime9scheduler14current_threadNtB6_9CoreGuard8block_onINtNtCsc36rpYXAlPq_4core3pin3PinQNCINvYNtNtCs46fkt1xHg5P_11rustyscript7runtime7RuntimeNtNtB29_12async_bridge14AsyncBridgeExt8block_onuNCNvMB27_B25_19block_on_event_loop0NCNCB3E_00E0EEB29_"
2603	482	"_RINvMNtNtNtCsjSTgzKTFx8E_5tokio7runtime7context6scopedINtB3_6ScopedNtNtB7_9scheduler7ContextE3setNCINvMs7_NtB15_14current_threadNtB1G_9CoreGuard5enterNCINvB1C_8block_onINtNtCsc36rpYXAlPq_4core3pin3PinQNCINvYNtNtCs46fkt1xHg5P_11rustyscript7runtime7RuntimeNtNtB3n_12async_bridge14AsyncBridgeExt8block_onuNCNvMB3l_B3j_19block_on_event_loop0NCNCB4S_00E0EE0INtNtB2L_6option6OptionINtNtB2L_6result6ResultuNtNtB3n_5error5ErrorEEE0TINtNtCscHgRw1M2fX5_5alloc5boxed3BoxNtB1G_4CoreEB5E_EEB3n_"
2604	388	"_RINvMs1_NtNtNtCsjSTgzKTFx8E_5tokio7runtime9scheduler14current_threadNtB6_7Context5enterINtNtNtCsc36rpYXAlPq_4core4task4poll4PollINtNtB1u_6result6ResultuNtNtCs46fkt1xHg5P_11rustyscript5error5ErrorEENCNCINvMs7_B6_NtB6_9CoreGuard8block_onINtNtB1u_3pin3PinQNCINvYNtNtB2u_7runtime7RuntimeNtNtB2u_12async_bridge14AsyncBridgeExt8block_onuNCNvMB4b_B49_19block_on_event_loop0NCNCB5l_00E0EE00EB2u_"
2605	176	"_RNCINvYNtNtCs46fkt1xHg5P_11rustyscript7runtime7RuntimeNtNtB9_12async_bridge14AsyncBridgeExt8block_onuNCNvMB7_B5_19block_on_event_loop0NCNCB1D_00E0B9_.llvm.14736934106874737432"
2606	241	"_RNvXs0_NtNtCsc36rpYXAlPq_4core6future7poll_fnINtB5_6PollFnNCNCINvYNtNtCs46fkt1xHg5P_11rustyscript7runtime7RuntimeNtNtB16_12async_bridge14AsyncBridgeExt8block_onuNCNvMB14_B12_19block_on_event_loop0NCNCB2B_00E00ENtNtB7_6future6Future4pollB16_"
2607	195	"_RNvXs_NtNtCsjSTgzKTFx8E_5tokio4time7timeoutINtB4_7TimeoutNCNCNvMNtCs46fkt1xHg5P_11rustyscript7runtimeNtB10_7Runtime19block_on_event_loop00ENtNtNtCsc36rpYXAlPq_4core6future6future6Future4pollB12_"
2608	79	"_RNCNvMNtCs46fkt1xHg5P_11rustyscript7runtimeNtB4_7Runtime16await_event_loop0B6_"
2609	244	"_RNvXs0_NtNtCsc36rpYXAlPq_4core6future7poll_fnINtB5_6PollFnNCNCNvMs3_NtCs46fkt1xHg5P_11rustyscript13inner_runtimeINtB14_12InnerRuntimeNtNtNtCs5bJpdm632qa_9deno_core7runtime9jsruntime9JsRuntimeE16await_event_loop00ENtNtB7_6future6Future4pollB16_"
2619	212	"_RINvYNtNtCs46fkt1xHg5P_11rustyscript7runtime7RuntimeNtNtB7_12async_bridge14AsyncBridgeExt8block_onINtNtCscHgRw1M2fX5_5alloc3vec3VecNtNtB1D_6string6StringENCINvMB5_B3_4evalB1y_ReE0NCNCB2u_00ECs8BNLh0y6PrD_6script"
2620	315	"_RINvMNtCs46fkt1xHg5P_11rustyscript12async_bridgeNtB3_12TokioRuntime8block_onNCINvYNtNtB5_7runtime7RuntimeNtB3_14AsyncBridgeExt8block_onINtNtCscHgRw1M2fX5_5alloc3vec3VecNtNtB2e_6string6StringENCINvMB1k_B1i_4evalB29_ReE0NCNCB35_00E0INtNtCsc36rpYXAlPq_4core6result6ResultB29_NtNtB5_5error5ErrorEECs8BNLh0y6PrD_6script"
2621	421	"_RINvNtNtNtCsjSTgzKTFx8E_5tokio7runtime7context7runtime13enter_runtimeNCINvMNtNtB6_9scheduler14current_threadNtB1b_13CurrentThread8block_onNCINvYNtNtCs46fkt1xHg5P_11rustyscript7runtime7RuntimeNtNtB2m_12async_bridge14AsyncBridgeExt8block_onINtNtCscHgRw1M2fX5_5alloc3vec3VecNtNtB3T_6string6StringENCINvMB2k_B2i_4evalB3O_ReE0NCNCB4K_00E0E0INtNtCsc36rpYXAlPq_4core6result6ResultB3O_NtNtB2m_5error5ErrorEECs8BNLh0y6PrD_6script"
2622	344	"_RINvMs7_NtNtNtCsjSTgzKTFx8E_5tokio7runtime9scheduler14current_threadNtB6_9CoreGuard8block_onINtNtCsc36rpYXAlPq_4core3pin3PinQNCINvYNtNtCs46fkt1xHg5P_11rustyscript7runtime7RuntimeNtNtB29_12async_bridge14AsyncBridgeExt8block_onINtNtCscHgRw1M2fX5_5alloc3vec3VecNtNtB3G_6string6StringENCINvMB27_B25_4evalB3B_ReE0NCNCB4x_00E0EECs8BNLh0y6PrD_6script"
2623	533	"_RINvMNtNtNtCsjSTgzKTFx8E_5tokio7runtime7context6scopedINtB3_6ScopedNtNtB7_9scheduler7ContextE3setNCINvMs7_NtB15_14current_threadNtB1G_9CoreGuard5enterNCINvB1C_8block_onINtNtCsc36rpYXAlPq_4core3pin3PinQNCINvYNtNtCs46fkt1xHg5P_11rustyscript7runtime7RuntimeNtNtB3n_12async_bridge14AsyncBridgeExt8block_onINtNtCscHgRw1M2fX5_5alloc3vec3VecNtNtB4U_6string6StringENCINvMB3l_B3j_4evalB4P_ReE0NCNCB5L_00E0EE0INtNtB2L_6option6OptionINtNtB2L_6result6ResultB4P_NtNtB3n_5error5ErrorEEE0TINtNtB4U_5boxed3BoxNtB1G_4CoreEB6p_EECs8BNLh0y6PrD_6script"
2624	305	"_RNvXs0_NtNtCsc36rpYXAlPq_4core6future7poll_fnINtB5_6PollFnNCNCINvYNtNtCs46fkt1xHg5P_11rustyscript7runtime7RuntimeNtNtB16_12async_bridge14AsyncBridgeExt8block_onINtNtCscHgRw1M2fX5_5alloc3vec3VecNtNtB2D_6string6StringENCINvMB14_B12_4evalB2y_ReE0NCNCB3u_00E00ENtNtB7_6future6Future4pollCs8BNLh0y6PrD_6script"
2625	256	"_RNvXs_NtNtCsjSTgzKTFx8E_5tokio4time7timeoutINtB4_7TimeoutNCNCINvMNtCs46fkt1xHg5P_11rustyscript7runtimeNtB11_7Runtime4evalINtNtCscHgRw1M2fX5_5alloc3vec3VecNtNtB20_6string6StringEReE00ENtNtNtCsc36rpYXAlPq_4core6future6future6Future4pollCs8BNLh0y6PrD_6script"
2638	27	"Builtins_ArrayPrototypeJoin"
2639	26	"Builtins_RecordWriteSaveFP"
2640	102	"v8::internal::Heap::InsertIntoRememberedSetFromCode(v8::internal::MutablePageMetadata*, unsigned long)"
2642	32	"Builtins_ArrayPrototypeFindIndex"
2657	68	"_RNvNtNtCs8BNLh0y6PrD_6script4load7isolate24forward_paint_if_changed"
2658	74	"_RNvMsk_NtCs8BNLh0y6PrD_6script10isolate_fbNtB5_10IsolateBuf12encode_paint"
2660	112	"_RNvMs2_NtNtCs6ZjlLoI6YmX_3std4sync4mpmcINtB5_6SenderNtNtNtCs8BNLh0y6PrD_6script4load7isolate9ThreadMsgE4sendBU_"
2661	121	"_RNvMs1_NtNtNtCs6ZjlLoI6YmX_3std4sync4mpmc4listINtB5_7ChannelNtNtNtCs8BNLh0y6PrD_6script4load7isolate9ThreadMsgE4sendB12_"
2662	45	"_RNvCs3JBA3HkGT3V_9host_play15script_paint_of"
2663	58	"_RNvMs_NtCs8BNLh0y6PrD_6script4slotNtB4_10SlotScript5paint"
2664	67	"_RNvMNtNtCs8BNLh0y6PrD_6script4load7isolateNtB2_11LoadIsolate5paint"
2665	97	"_RNvMNtNtCs8BNLh0y6PrD_6script4load7isolateNtB2_11LoadIsolate9pump_logs.llvm.10162164984311073036"
2667	53	"_RNvNtCs8BNLh0y6PrD_6script10isolate_fb12decode_paint"
2668	67	"_RNvMsR_NtCs8BNLh0y6PrD_6script10isolate_fbNtB5_11PaintReader5lines"
2669	322	"_RNvXNtNtCscHgRw1M2fX5_5alloc3vec21spec_from_iter_nestedINtB4_3VecNtNtB6_6string6StringEINtB2_18SpecFromIterNestedB11_INtNtNtNtCsc36rpYXAlPq_4core4iter8adapters3map3MapINtNtCs95VkCdQNZ8_11flatbuffers6vector10VectorIterINtNtB2K_10primitives15ForwardsUOffsetReEENvYeNtB13_8ToString9to_stringEE9from_iterCs8BNLh0y6PrD_6script"
2670	50	"_RNvCs3JBA3HkGT3V_9host_play20publish_script_paint"
2671	88	"_RNvMsh_NtCs8BNLh0y6PrD_6script10isolate_fbNtB5_19SnapshotFingerprint17retain_from_input"
2675	163	"_RINvYNtNtCs46fkt1xHg5P_11rustyscript7runtime7RuntimeNtNtB7_12async_bridge14AsyncBridgeExt8block_onuNCINvMB5_B3_13call_functionuyE0NCNCB1B_00ECs8BNLh0y6PrD_6script"
2676	263	"_RINvMNtCs46fkt1xHg5P_11rustyscript12async_bridgeNtB3_12TokioRuntime8block_onNCINvYNtNtB5_7runtime7RuntimeNtB3_14AsyncBridgeExt8block_onuNCINvMB1k_B1i_13call_functionuyE0NCNCB2c_00E0INtNtCsc36rpYXAlPq_4core6result6ResultuNtNtB5_5error5ErrorEECs8BNLh0y6PrD_6script"
2677	369	"_RINvNtNtNtCsjSTgzKTFx8E_5tokio7runtime7context7runtime13enter_runtimeNCINvMNtNtB6_9scheduler14current_threadNtB1b_13CurrentThread8block_onNCINvYNtNtCs46fkt1xHg5P_11rustyscript7runtime7RuntimeNtNtB2m_12async_bridge14AsyncBridgeExt8block_onuNCINvMB2k_B2i_13call_functionuyE0NCNCB3R_00E0E0INtNtCsc36rpYXAlPq_4core6result6ResultuNtNtB2m_5error5ErrorEECs8BNLh0y6PrD_6script"
2678	295	"_RINvMs7_NtNtNtCsjSTgzKTFx8E_5tokio7runtime9scheduler14current_threadNtB6_9CoreGuard8block_onINtNtCsc36rpYXAlPq_4core3pin3PinQNCINvYNtNtCs46fkt1xHg5P_11rustyscript7runtime7RuntimeNtNtB29_12async_bridge14AsyncBridgeExt8block_onuNCINvMB27_B25_13call_functionuyE0NCNCB3E_00E0EECs8BNLh0y6PrD_6script"
2679	497	"_RINvMNtNtNtCsjSTgzKTFx8E_5tokio7runtime7context6scopedINtB3_6ScopedNtNtB7_9scheduler7ContextE3setNCINvMs7_NtB15_14current_threadNtB1G_9CoreGuard5enterNCINvB1C_8block_onINtNtCsc36rpYXAlPq_4core3pin3PinQNCINvYNtNtCs46fkt1xHg5P_11rustyscript7runtime7RuntimeNtNtB3n_12async_bridge14AsyncBridgeExt8block_onuNCINvMB3l_B3j_13call_functionuyE0NCNCB4S_00E0EE0INtNtB2L_6option6OptionINtNtB2L_6result6ResultuNtNtB3n_5error5ErrorEEE0TINtNtCscHgRw1M2fX5_5alloc5boxed3BoxNtB1G_4CoreEB5C_EECs8BNLh0y6PrD_6script"
2680	256	"_RNvXs0_NtNtCsc36rpYXAlPq_4core6future7poll_fnINtB5_6PollFnNCNCINvYNtNtCs46fkt1xHg5P_11rustyscript7runtime7RuntimeNtNtB16_12async_bridge14AsyncBridgeExt8block_onuNCINvMB14_B12_13call_functionuyE0NCNCB2B_00E00ENtNtB7_6future6Future4pollCs8BNLh0y6PrD_6script"
2681	210	"_RNvXs_NtNtCsjSTgzKTFx8E_5tokio4time7timeoutINtB4_7TimeoutNCNCINvMNtCs46fkt1xHg5P_11rustyscript7runtimeNtB11_7Runtime13call_functionuyE00ENtNtNtCsc36rpYXAlPq_4core6future6future6Future4pollCs8BNLh0y6PrD_6script"
2682	87	"v8::internal::Isolate::FireCallCompletedCallbackInternal(v8::internal::MicrotaskQueue*)"
2683	69	"v8::internal::MicrotaskQueue::PerformCheckpointInternal(v8::Isolate*)"
2684	67	"v8::internal::MicrotaskQueue::RunMicrotasks(v8::internal::Isolate*)"
2685	96	"v8::internal::Execution::TryRunMicrotasks(v8::internal::Isolate*, v8::internal::MicrotaskQueue*)"
2686	29	"Builtins_JSRunMicrotasksEntry"
2687	22	"Builtins_RunMicrotasks"
2688	34	"Builtins_PromiseFulfillReactionJob"
2689	41	"Builtins_AsyncFunctionAwaitResolveClosure"
2726	29	"Builtins_StringPrototypeSplit"
2727	78	"v8::internal::Runtime_StringSplit(int, unsigned long*, v8::internal::Isolate*)"
2728	93	"int& std::__Cr::vector<int, std::__Cr::allocator<int> >::emplace_back<int const&>(int const&)"
2746	92	"_RNvMse_NtNtCs5bJpdm632qa_9deno_core7runtime9jsruntimeNtB5_9JsRuntime21resolve_promise_inner"
2747	132	"_RINvNtNtCs5bJpdm632qa_9deno_core7runtime8bindings13watch_promiseNCNvMse_NtB4_9jsruntimeNtB18_9JsRuntime21resolve_promise_inner0EB6_"
2759	83	"_RNvMsk_NtCs8BNLh0y6PrD_6script10isolate_fbNtB5_10IsolateBuf21encode_interact_batch"
2769	64	"_RNvMs_NtCs8BNLh0y6PrD_6script4slotNtB4_10SlotScript10drain_logs"
2770	54	"_RNvCs3JBA3HkGT3V_9host_play24dispatch_script_interact"
2771	65	"_RNvMs0_NtCsjCVkXGB5m1G_3api8interactNtB5_12Interactions8interact"
2773	71	"_RNvMs0_NtCsjCVkXGB5m1G_3api8interactNtB5_12Interactions13dispatch_with"
2774	104	"_RNvXNtCsjCVkXGB5m1G_3api8interactNtNtNtCseoayFEFQqjH_6client6client6client6ClientNtB2_6Driver9do_action"
2775	65	"_RNvMNtNtCseoayFEFQqjH_6client6client6clientNtB2_6Client8doAction"
2776	64	"_RNvMNtNtCseoayFEFQqjH_6client6client6clientNtB2_6Client7tryMove"
2778	52	"_RNvMNtCs50mG4W4lMfe_8scenario5proofNtB2_5Proof4name"
2779	62	"_RNvMNtCs50mG4W4lMfe_8scenario8evidenceNtB2_8Evidence8terminal"
2780	305	"_RNvXNtNtCscHgRw1M2fX5_5alloc3vec21spec_from_iter_nestedINtB4_3VecNtNtCs50mG4W4lMfe_8scenario8evidence6InvRowEINtB2_18SpecFromIterNestedB11_INtNtNtNtCsc36rpYXAlPq_4core4iter8adapters3map3MapINtNtB2i_6filter6FilterINtNtNtB2m_5slice4iter4IterTllEENCNvMB13_NtB13_8Evidence8terminal0ENCB3W_s_0EE9from_iterB15_"
2781	137	"_RINvNvMs2_NtCscHgRw1M2fX5_5alloc7raw_vecINtB8_11RawVecInnerpE7reserve21do_reserve_and_handleNtNtBa_5alloc6GlobalECs50mG4W4lMfe_8scenario"
2782	319	"_RNvXs_NtNtCscHgRw1M2fX5_5alloc3vec21spec_from_iter_nestedINtB6_3VecNtNtCs50mG4W4lMfe_8scenario8evidence7ChatRowEINtB4_18SpecFromIterNestedB13_INtNtNtNtCsc36rpYXAlPq_4core4iter8adapters3map3MapINtNtNtB2p_5slice4iter4IterNtNtCsjCVkXGB5m1G_3api8snapshot12ChatLineViewENCNvMB15_NtB15_8Evidence8terminals1_0EE9from_iterB17_"
2783	326	"_RNvXs_NtNtCscHgRw1M2fX5_5alloc3vec21spec_from_iter_nestedINtB6_3VecTlNtNtB8_6string6StringlllEEINtB4_18SpecFromIterNestedB13_INtNtNtNtCsc36rpYXAlPq_4core4iter8adapters3map3MapINtNtNtB28_5slice4iter4IterNtNtCs8BNLh0y6PrD_6script10isolate_fb9StatInputENCNvMsh_B3g_NtB3g_19SnapshotFingerprint17retain_from_input0EE9from_iterB3i_"
2789	75	"v8::internal::MicrotaskQueue::IterateMicrotasks(v8::internal::RootVisitor*)"
2790	268	"void v8::internal::SuffixRangeBodyDescriptor<16>::IterateBody<v8::internal::IterateAndScavengePromotedObjectsVisitor>(v8::internal::Tagged<v8::internal::Map>, v8::internal::Tagged<v8::internal::HeapObject>, int, v8::internal::IterateAndScavengePromotedObjectsVisitor*)"
2791	36	"v8::internal::Heap::ResizeNewSpace()"
2792	54	"v8::internal::SemiSpaceNewSpace::Shrink(unsigned long)"
2793	41	"v8::internal::SemiSpace::RewindPages(int)"
2794	87	"v8::internal::PagePool::Add(v8::internal::Isolate*, v8::internal::MutablePageMetadata*)"
2795	313	"v8::internal::PagePool::PoolImpl<std::__Cr::unique_ptr<v8::internal::MutablePageMetadata, std::__Cr::function<void (v8::internal::MutablePageMetadata*)> > >::PutLocal(v8::internal::Isolate*, std::__Cr::unique_ptr<v8::internal::MutablePageMetadata, std::__Cr::function<void (v8::internal::MutablePageMetadata*)> >)"
2796	1913	"std::__Cr::pair<absl::container_internal::raw_hash_set<absl::container_internal::FlatHashMapPolicy<v8::internal::Isolate*, std::__Cr::vector<std::__Cr::unique_ptr<v8::internal::MutablePageMetadata, std::__Cr::function<void (v8::internal::MutablePageMetadata*)> >, std::__Cr::allocator<std::__Cr::unique_ptr<v8::internal::MutablePageMetadata, std::__Cr::function<void (v8::internal::MutablePageMetadata*)> > > > >, absl::container_internal::HashEq<v8::internal::Isolate*, void>::Hash, absl::container_internal::HashEq<v8::internal::Isolate*, void>::Eq, std::__Cr::allocator<std::__Cr::pair<v8::internal::Isolate* const, std::__Cr::vector<std::__Cr::unique_ptr<v8::internal::MutablePageMetadata, std::__Cr::function<void (v8::internal::MutablePageMetadata*)> >, std::__Cr::allocator<std::__Cr::unique_ptr<v8::internal::MutablePageMetadata, std::__Cr::function<void (v8::internal::MutablePageMetadata*)> > > > > > >::iterator, bool> absl::container_internal::raw_hash_set<absl::container_internal::FlatHashMapPolicy<v8::internal::Isolate*, std::__Cr::vector<std::__Cr::unique_ptr<v8::internal::MutablePageMetadata, std::__Cr::function<void (v8::internal::MutablePageMetadata*)> >, std::__Cr::allocator<std::__Cr::unique_ptr<v8::internal::MutablePageMetadata, std::__Cr::function<void (v8::internal::MutablePageMetadata*)> > > > >, absl::container_internal::HashEq<v8::internal::Isolate*, void>::Hash, absl::container_internal::HashEq<v8::internal::Isolate*, void>::Eq, std::__Cr::allocator<std::__Cr::pair<v8::internal::Isolate* const, std::__Cr::vector<std::__Cr::unique_ptr<v8::internal::MutablePageMetadata, std::__Cr::function<void (v8::internal::MutablePageMetadata*)> >, std::__Cr::allocator<std::__Cr::unique_ptr<v8::internal::MutablePageMetadata, std::__Cr::function<void (v8::internal::MutablePageMetadata*)> > > > > > >::find_or_prepare_insert_non_soo<v8::internal::Isolate*>(v8::internal::Isolate* const&)"
2806	53	"v8::internal::MemoryReducer::TimerTask::RunInternal()"
2849	33	"v8::Array::New(v8::Isolate*, int)"
2850	195	"v8::internal::Factory::NewJSArrayWithUnverifiedElements(v8::internal::DirectHandle<v8::internal::Map>, v8::internal::DirectHandle<v8::internal::FixedArrayBase>, int, v8::internal::AllocationType)"
2869	75	"_RNvMNtNtCs8BNLh0y6PrD_6script4load7isolateNtB2_11LoadIsolate12on_game_tick"
2916	59	"_RNvNtNtCs8BNLh0y6PrD_6script4load7isolate15chat_line_array"
3027	129	"v8::internal::PagedSpaceAllocatorPolicy::EnsureAllocation(int, v8::internal::AllocationAlignment, v8::internal::AllocationOrigin)"
3028	67	"v8::internal::IncrementalMarkingJob::ScheduleTask(v8::TaskPriority)"
3050	33	"Builtins_StartTurbofanOptimizeJob"
3051	91	"v8::internal::Runtime_StartTurbofanOptimizeJob(int, unsigned long*, v8::internal::Isolate*)"
3052	183	"v8::internal::compiler::Pipeline::NewCompilationJob(v8::internal::Isolate*, v8::internal::Handle<v8::internal::JSFunction>, v8::internal::CodeKind, bool, v8::internal::BytecodeOffset)"
3053	252	"v8::internal::compiler::PipelineCompilationJob::PipelineCompilationJob(v8::internal::Isolate*, v8::internal::Handle<v8::internal::SharedFunctionInfo>, v8::internal::Handle<v8::internal::JSFunction>, v8::internal::BytecodeOffset, v8::internal::CodeKind)"
3055	222	"v8::internal::compiler::(anonymous namespace)::CreatePipelineStatistics(v8::internal::DirectHandle<v8::internal::Script>, v8::internal::OptimizedCompilationInfo*, v8::internal::Isolate*, v8::internal::compiler::ZoneStats*)"
3067	194	"v8::internal::OptimizingCompileDispatcher::TryQueueForOptimization(std::__Cr::unique_ptr<v8::internal::TurbofanCompilationJob, std::__Cr::default_delete<v8::internal::TurbofanCompilationJob> >&)"
3068	178	"v8::internal::OptimizingCompileInputQueue::Enqueue(std::__Cr::unique_ptr<v8::internal::TurbofanCompilationJob, std::__Cr::default_delete<v8::internal::TurbofanCompilationJob> >&)"
3069	140	"std::__Cr::deque<v8::internal::TurbofanCompilationJob*, std::__Cr::allocator<v8::internal::TurbofanCompilationJob*> >::__add_back_capacity()"
3070	79	"v8::internal::OptimizingCompileTaskExecutor::CompileTask::Run(v8::JobDelegate*)"
3071	197	"v8::internal::OptimizingCompileTaskExecutor::RunCompilationJob(v8::internal::OptimizingCompileTaskState&, v8::internal::Isolate*, v8::internal::LocalIsolate&, v8::internal::TurbofanCompilationJob*)"
3072	124	"v8::internal::compiler::PipelineCompilationJob::ExecuteJobImpl(v8::internal::RuntimeCallStats*, v8::internal::LocalIsolate*)"
3095	93	"v8::internal::compiler::PipelineImpl::OptimizeTurbofanGraph(v8::internal::compiler::Linkage*)"
3130	61	"v8::internal::compiler::PipelineImpl::ComputeScheduledGraph()"
3258	90	"v8::internal::OptimizingCompileOutputQueue::Enqueue(v8::internal::TurbofanCompilationJob*)"
3259	70	"v8::internal::OptimizingCompileDispatcher::InstallOptimizedFunctions()"
3260	117	"v8::internal::Compiler::FinalizeTurbofanCompilationJob(v8::internal::TurbofanCompilationJob*, v8::internal::Isolate*)"
3261	87	"v8::internal::compiler::PipelineCompilationJob::FinalizeJobImpl(v8::internal::Isolate*)"
3262	64	"v8::internal::compiler::turboshaft::Pipeline::FinalizeCode(bool)"
3263	110	"_ZN2v88internal8compiler10turboshaft8Pipeline3RunITkNS2_15TurboshaftPhaseENS2_17FinalizeCodePhaseEJEEEDaDpOT0_"
3264	53	"v8::internal::compiler::CodeGenerator::FinalizeCode()"
3266	56	"v8::internal::IncrementalMarkingJob::Task::RunInternal()"
3267	204	"v8::internal::Heap::StartIncrementalMarking(v8::base::Flags<v8::internal::GCFlag, unsigned char, unsigned char>, v8::internal::GarbageCollectionReason, v8::GCCallbackFlags, v8::internal::GarbageCollector)"
3268	110	"v8::internal::IncrementalMarking::Start(v8::internal::GarbageCollector, v8::internal::GarbageCollectionReason)"
3269	53	"v8::internal::IncrementalMarking::StartMarkingMajor()"
3270	108	"v8::internal::MarkCompactCollector::StartCompaction(v8::internal::MarkCompactCollector::StartCompactionMode)"
3271	90	"v8::internal::MarkCompactCollector::CollectEvacuationCandidates(v8::internal::PagedSpace*)"
3283	97	"v8::internal::ConcurrentMarking::TryScheduleJob(v8::internal::GarbageCollector, v8::TaskPriority)"
3284	37	"v8::internal::CppHeap::StartMarking()"
3285	43	"cppgc::internal::MarkerBase::StartMarking()"
3286	240	"cppgc::internal::StatsCollector::InternalScope<(cppgc::internal::StatsCollector::TraceCategory)0, (cppgc::internal::StatsCollector::ScopeContext)0>::InternalScope<>(cppgc::internal::StatsCollector*, cppgc::internal::StatsCollector::ScopeId)"
3287	71	"cppgc::internal::MarkerBase::VisitLocalRoots(cppgc::EmbedderStackState)"
3288	240	"cppgc::internal::StatsCollector::InternalScope<(cppgc::internal::StatsCollector::TraceCategory)1, (cppgc::internal::StatsCollector::ScopeContext)0>::InternalScope<>(cppgc::internal::StatsCollector*, cppgc::internal::StatsCollector::ScopeId)"
3295	161	"v8::internal::(anonymous namespace)::CppgcPlatformAdapter::PostJob(v8::TaskPriority, std::__Cr::unique_ptr<v8::JobTask, std::__Cr::default_delete<v8::JobTask> >)"
3297	120	"v8::internal::HeapAllocator::AddAllocationObserver(v8::internal::AllocationObserver*, v8::internal::AllocationObserver*)"
3317	33	"v8::internal::Heap::MarkCompact()"
3318	52	"v8::internal::MarkCompactCollector::CollectGarbage()"
3327	60	"v8::internal::MarkCompactCollector::ClearNonLiveReferences()"
3328	44	"v8::internal::StringForwardingTable::Reset()"
3336	43	"v8::internal::MarkCompactCollector::Sweep()"
3337	78	"v8::internal::MarkCompactCollector::StartSweepSpace(v8::internal::PagedSpace*)"
3338	90	"v8::internal::Sweeper::AddPage(v8::internal::AllocationSpace, v8::internal::PageMetadata*)"
3339	46	"v8::internal::MarkCompactCollector::Evacuate()"
3340	54	"v8::internal::MarkCompactCollector::EvacuatePrologue()"
3341	201	"v8::internal::PageMetadata*& std::__Cr::vector<v8::internal::PageMetadata*, std::__Cr::allocator<v8::internal::PageMetadata*> >::emplace_back<v8::internal::PageMetadata*>(v8::internal::PageMetadata*&&)"
3342	61	"v8::internal::MarkCompactCollector::EvacuatePagesInParallel()"
3345	54	"v8::internal::PageEvacuationJob::Run(v8::JobDelegate*)"
3346	73	"v8::internal::Evacuator::EvacuatePage(v8::internal::MutablePageMetadata*)"
3347	76	"v8::internal::Evacuator::RawEvacuatePage(v8::internal::MutablePageMetadata*)"
3350	185	"v8::internal::EvacuateVisitorBase::TryEvacuateObject(v8::internal::AllocationSpace, v8::internal::Tagged<v8::internal::HeapObject>, int, v8::internal::Tagged<v8::internal::HeapObject>*)"
3354	277	"void v8::internal::EvacuateVisitorBase::RawMigrateObject<(v8::internal::EvacuateVisitorBase::MigrationMode)0>(v8::internal::EvacuateVisitorBase*, v8::internal::Tagged<v8::internal::HeapObject>, v8::internal::Tagged<v8::internal::HeapObject>, int, v8::internal::AllocationSpace)"
3359	44	"v8::internal::MarkCompactCollector::Finish()"
3360	104	"v8::internal::Sweeper::SweepingState<(v8::internal::Sweeper::SweepingScope)1>::StartConcurrentSweeping()"
3361	245	"v8::internal::Sweeper::ConcurrentMajorSweeper& std::__Cr::vector<v8::internal::Sweeper::ConcurrentMajorSweeper, std::__Cr::allocator<v8::internal::Sweeper::ConcurrentMajorSweeper> >::emplace_back<v8::internal::Sweeper*&>(v8::internal::Sweeper*&)"
3362	40	"v8::internal::CppHeap::CompactAndSweep()"
3363	77	"cppgc::internal::Sweeper::SweeperImpl::Start(cppgc::internal::SweepingConfig)"
3366	211	"cppgc::internal::Sweeper::SweeperImpl::IncrementalSweepTask::Post(cppgc::internal::Sweeper::SweeperImpl&, std::__Cr::shared_ptr<v8::TaskRunner> const&, v8::TaskPriority, std::__Cr::optional<v8::base::TimeDelta>)"
3367	179	"v8::platform::DefaultForegroundTaskRunner::PostNonNestableDelayedTaskImpl(std::__Cr::unique_ptr<v8::Task, std::__Cr::default_delete<v8::Task> >, double, v8::SourceLocation const&)"
3368	83	"cppgc::internal::Sweeper::SweeperImpl::SweepForLowPriorityTask(v8::base::TimeDelta)"
3408	53	"_RNvNtCs8BNLh0y6PrD_6script10isolate_fb12interact_off"
3409	71	"_RNvMs1_Cs3JBA3HkGT3V_9host_playNtB5_13ScriptWalkArm17route_with_radius"
3410	202	"_RNvMNtCs1lJFy7o6pGX_9hashbrown11rustc_entryINtNtB4_3map7HashMapNtNtCscHgRw1M2fX5_5alloc6string6StringNtCs3JBA3HkGT3V_9host_play6NavBotNtNtNtCs6ZjlLoI6YmX_3std4hash6random11RandomStateE11rustc_entryB1D_"
3411	234	"_RINvMs6_NtCs1lJFy7o6pGX_9hashbrown3rawINtB6_8RawTableTNtNtCscHgRw1M2fX5_5alloc6string6StringNtCs3JBA3HkGT3V_9host_play6NavBotEE14reserve_rehashNCINvNtB8_3map11make_hasherBQ_B1s_NtNtNtCs6ZjlLoI6YmX_3std4hash6random11RandomStateE0EB1u_"
3412	140	"_RINvNtNtCs6ZjlLoI6YmX_3std6thread9lifecycle15spawn_uncheckedNCNvMs1_Cs3JBA3HkGT3V_9host_playNtB14_13ScriptWalkArm17route_with_radius0uEB14_"
3440	67	"v8::base::RegionAllocator::TrimRegion(unsigned long, unsigned long)"
3630	213	"bool v8::internal::LiveObjectVisitor::VisitMarkedObjects<v8::internal::EvacuateOldSpaceVisitor>(v8::internal::PageMetadata*, v8::internal::EvacuateOldSpaceVisitor*, v8::internal::Tagged<v8::internal::HeapObject>*)"
3637	54	"v8::internal::MarkCompactCollector::EvacuateEpilogue()"
3638	84	"v8::internal::MemoryAllocator::DeleteMemoryChunk(v8::internal::MutablePageMetadata*)"
3639	45	"v8::internal::VirtualMemory::~VirtualMemory()"
3640	63	"v8::base::BoundedPageAllocator::FreePages(void*, unsigned long)"
