trace_id	ip_id	parent_trace_id
1	1	0
2	2	1
3	3	2
4	4	3
5	5	0
6	6	5
7	7	6
8	8	7
24	24	8
25	25	24
26	26	24
27	27	8
28	28	27
29	29	28
30	30	29
34	34	30
40	40	34
41	41	40
42	42	41
52	49	34
54	46	52
55	47	54
56	48	55
57	50	30
63	52	57
69	54	30
86	60	69
87	61	86
88	62	87
89	63	88
90	64	89
99	69	29
100	70	99
101	71	100
102	72	99
103	71	102
104	73	99
115	49	104
117	46	115
118	47	117
119	48	118
120	74	99
121	75	120
132	49	121
134	46	132
135	47	134
136	48	135
137	76	99
142	81	137
143	82	142
144	83	143
145	84	144
146	85	145
147	86	146
153	91	137
154	92	137
155	78	154
156	79	155
157	80	156
175	103	137
186	106	175
194	109	186
202	111	194
203	112	202
204	113	203
233	122	175
234	78	233
235	79	234
236	80	235
240	125	137
242	127	240
243	128	242
244	129	242
245	130	244
246	131	245
247	112	246
248	90	247
249	132	240
250	133	249
251	90	250
568	339	137
569	340	568
570	90	569
571	341	99
572	342	99
573	343	99
574	344	99
575	345	99
576	346	99
577	347	99
578	348	99
579	349	99
580	350	579
581	43	580
582	37	581
583	38	582
584	39	583
585	351	99
586	352	585
597	49	586
599	46	597
600	47	599
601	48	600
602	353	99
603	354	602
614	49	603
616	46	614
617	47	616
618	48	617
648	364	99
649	365	648
661	372	649
662	373	661
663	374	661
664	95	663
669	376	648
675	378	669
688	383	648
690	46	688
691	47	690
692	48	691
3189	622	648
3190	623	3189
3191	71	3190
3192	624	3189
3193	625	3189
3194	71	3193
3195	626	3189
3196	71	3195
3197	627	3189
3198	71	3197
3199	628	3189
3200	71	3199
3201	629	3189
3202	71	3201
3203	630	3189
3204	631	3203
3205	632	3203
3206	71	3205
3207	633	3189
3208	634	3207
3209	635	3207
3210	71	3209
3211	636	3207
3212	71	3211
3213	637	3207
3214	71	3213
3215	638	3207
3216	71	3215
3217	639	3207
3218	631	3217
3219	632	3217
3220	71	3219
3221	640	3207
3222	71	3221
3223	641	3207
3224	71	3223
3225	642	3207
3226	71	3225
3227	643	3207
3228	71	3227
3229	644	3207
3230	71	3229
3251	663	648
3252	664	3251
3253	71	3252
3255	666	3251
3256	667	3255
3257	659	3256
3258	660	3257
3259	668	3255
3261	113	3259
3266	671	3251
3267	672	3266
3268	71	3267
3285	676	648
3286	38	3285
3287	39	3286
3290	678	99
3291	679	3290
3292	680	3291
3297	685	3292
3298	686	3297
3299	687	3298
3300	688	3299
3301	689	3298
3302	690	3301
3303	691	3302
3304	692	3301
3305	691	3304
3306	693	3301
3307	694	3306
3308	691	3307
3309	695	3298
3310	401	3309
3311	696	3292
3312	147	3311
3313	697	3290
3314	71	3313
3315	698	3290
3316	71	3315
3317	699	3290
3318	700	3317
3339	711	3318
3340	712	3339
3362	734	3340
3363	735	3340
3364	736	3340
3365	737	3340
3366	738	3340
3367	739	3339
3389	741	3367
3390	742	3339
3433	745	3390
3434	746	3390
3435	729	3434
3436	730	3435
3437	732	3435
3438	747	3390
3439	729	3438
3440	730	3439
3441	732	3439
3442	748	3390
3443	729	3442
3444	730	3443
3445	749	3390
3446	750	3390
3447	751	3390
3448	752	3390
3449	732	3443
3450	753	3390
3451	729	3450
3452	730	3451
3464	760	3390
3465	71	3464
3466	761	3390
3467	95	3466
3481	769	3339
3524	772	3481
3525	773	3481
3526	729	3525
3527	730	3526
3528	732	3526
3529	774	3481
3530	775	3529
3531	729	3530
3532	730	3531
3533	776	3481
3534	729	3533
3535	730	3534
3536	777	3481
3537	778	3481
3538	779	3481
3539	729	3538
3540	730	3539
3541	780	3481
3542	781	3481
3543	732	3534
3544	732	3539
3545	732	3531
3546	782	3339
3589	785	3546
3590	786	3546
3591	775	3590
3592	729	3591
3593	730	3592
3594	787	3546
3595	729	3594
3596	730	3595
3597	788	3546
3598	789	3546
3599	729	3598
3600	730	3599
3601	790	3546
3602	729	3601
3603	730	3602
3604	732	3602
3605	732	3599
3606	791	3546
3607	792	3546
3608	793	3546
3609	794	3546
3610	732	3595
3611	795	3339
3633	797	3611
3634	798	3611
3635	729	3634
3636	730	3635
3637	732	3635
3638	799	3339
3660	801	3638
3661	802	3638
3662	803	3339
3684	805	3662
3685	806	3339
3707	808	3685
3748	814	3318
3752	817	3748
3753	818	3748
3754	819	3748
3755	820	3748
3756	821	3755
3757	729	3756
3759	822	3748
3760	823	3759
3761	729	3760
3763	824	3748
3765	826	3748
3766	729	3765
3768	732	3766
3769	732	3757
3770	732	3761
3771	827	3748
3772	828	3748
3773	829	3748
3774	830	3748
3775	831	3748
3776	729	3775
3777	730	3776
3778	732	3776
3779	832	3748
3780	833	3748
3781	729	3780
3782	730	3781
3783	732	3781
3784	834	3748
3785	835	3748
3786	836	3748
3787	837	3748
3788	838	3748
3789	839	3748
3790	729	3789
3791	730	3790
3792	732	3790
3793	840	3748
3794	729	3793
3795	730	3794
3796	732	3794
3797	841	3748
3798	729	3797
3799	730	3798
3800	732	3798
3801	842	3748
3802	729	3801
3803	730	3802
3804	732	3802
3805	843	3748
3806	729	3805
3807	730	3806
3808	732	3806
3809	844	3748
3810	729	3809
3812	732	3810
3813	845	3748
3814	846	3748
3815	847	3748
3816	729	3815
3817	730	3816
3818	732	3816
3819	848	3748
3820	849	3748
3821	850	3748
3822	729	3821
3823	730	3822
3824	851	3748
3825	729	3824
3826	730	3825
3827	732	3825
3828	852	3748
3829	729	3828
3831	732	3829
3832	853	3318
3833	854	3832
3834	855	3833
3835	856	3318
3836	857	3318
3837	858	3836
3838	859	3837
3839	860	3836
3840	71	3839
3841	861	3318
3842	862	3318
3843	863	3318
3844	71	3843
3845	864	3318
3846	71	3845
3847	865	3318
3848	866	3318
3849	867	3318
3850	868	3318
3851	869	3318
3852	870	3318
3853	871	3318
3854	872	3318
3855	873	3318
3856	874	3855
3857	37	3856
3858	38	3857
3859	39	3858
3860	875	3318
3861	876	3860
3862	682	3861
3863	877	3860
3864	878	3863
3865	879	3864
3866	880	3863
3867	881	3866
3868	882	3863
3869	881	3868
3870	883	3863
3871	884	3870
3872	885	3863
3873	884	3872
3874	886	3863
3875	884	3874
3876	887	3863
3877	888	3876
3878	889	3863
3879	890	3878
3880	891	3878
3881	892	3863
3882	893	3881
3883	894	3882
3885	896	3883
3886	897	3863
3887	898	3886
3888	899	3887
3889	900	3863
3890	901	3889
3891	730	3890
3892	732	3890
3893	902	3863
3894	903	3893
3895	904	3893
3896	905	3895
3897	906	3318
3898	907	3317
3899	908	99
3904	910	3899
3905	911	3904
3906	647	3905
3912	653	3905
3913	651	3912
3914	652	3913
3916	913	3899
3917	914	3916
3918	915	3916
3919	71	3918
3920	916	3899
3921	71	3920
3922	917	3899
3923	918	3899
3924	919	3923
3925	920	3924
3926	921	99
3927	922	3926
3928	923	3926
3929	71	3928
3930	924	99
3936	929	3930
3941	932	3936
3942	71	3941
3943	933	3936
3944	934	3943
3945	935	3943
3946	936	3943
3947	937	3943
3948	938	3943
3949	939	3943
3950	940	3943
3952	942	3943
3953	943	3943
3954	944	3943
3957	946	3936
3958	947	3957
3959	71	3958
3960	948	3957
3961	71	3960
3962	949	3957
3963	71	3962
3964	950	3957
3965	71	3964
3966	951	3957
3967	952	3966
3968	953	3967
3969	954	3957
3970	71	3969
3971	955	3957
3972	956	3971
3973	957	3972
3974	958	3957
3975	71	3974
3976	959	3957
3977	71	3976
3978	960	3957
3979	961	3978
3980	962	3979
3981	963	3957
3982	964	3981
3983	965	3957
3984	71	3983
3985	966	3957
3986	967	3985
3987	968	3986
3988	969	3957
3989	71	3988
3990	970	3957
3991	71	3990
3992	971	3957
3993	71	3992
3994	972	3957
3995	71	3994
3996	973	3957
3997	71	3996
4000	975	3957
4001	976	4000
4002	977	4001
4003	978	4002
4004	979	4003
4005	100	4004
4006	980	4001
4007	981	4000
4008	982	4007
4009	42	4008
4010	983	4000
4011	984	4000
4013	986	4000
4014	987	4013
4015	988	4014
4016	989	4015
4017	990	3957
4018	991	4017
4019	992	4018
4022	995	99
4023	996	4022
4032	1000	4022
4033	999	4032
4034	43	4033
4035	37	4034
4036	38	4035
4037	39	4036
4042	1002	99
4043	1003	4042
4044	1004	4043
4045	1005	4044
4046	1006	4045
4047	1007	4046
4048	1008	4042
4049	1009	4048
4050	1010	4049
4051	1011	4050
4052	1012	0
4053	1013	4052
4054	1014	4053
4061	1016	4054
4062	1017	4061
4063	1018	4053
4064	1019	4063
4065	1020	4064
4066	1021	4065
4067	42	4066
4068	1022	4048
4069	1010	4068
4070	1011	4069
4071	1023	4063
4072	1024	4071
4073	71	4072
4074	1025	4071
4075	1026	4074
4076	371	4075
4077	1027	4071
4078	1028	4077
4079	1029	4077
4080	1030	4079
4081	1031	4080
4082	1032	4077
4083	1033	4071
4084	71	4083
4085	1034	4071
4086	1035	4085
4087	1036	4086
4088	1037	4071
4089	71	4088
4090	1038	4071
4091	1039	4090
4092	1040	4091
4093	1041	4071
4094	1042	4042
4095	1043	4094
4096	994	4095
4104	1046	4094
4339	1140	4094
4340	1048	4339
4341	1049	4340
4342	1050	4340
4343	71	4342
4344	1141	4094
4345	922	4344
4346	923	4344
4347	71	4346
4348	1142	4094
4349	1143	4348
4350	1144	4348
4351	1145	4350
4352	71	4351
4364	1152	4094
4365	922	4364
4366	923	4364
4367	71	4366
4368	1153	4094
4369	922	4368
4370	923	4368
4371	71	4370
4372	1154	4094
4378	1158	4094
4379	71	4378
4380	1159	4094
4381	71	4380
4384	1161	4042
4385	1162	4384
4387	1164	4385
4388	1165	4387
4389	1166	4388
4390	1167	4389
4391	1168	4389
4392	1169	4389
4393	1170	4389
4394	42	4393
4395	1171	4388
4396	1172	4388
4747	1276	4396
4748	1277	4747
4749	1278	4396
4750	1277	4749
4751	1279	4388
4797	1315	4385
4798	1165	4797
4799	1171	4798
4800	1172	4798
5082	1276	4800
5083	1277	5082
5084	1278	4800
5085	1277	5084
5086	1279	4798
5184	1353	4385
5185	1288	5184
5186	1289	5185
5187	1290	5185
5188	1354	4385
5189	1355	5188
5190	1356	5189
5194	1358	4385
5195	1293	5194
5196	1294	5195
5197	1295	5196
5198	1296	5197
5199	1297	5198
5300	1378	4042
5301	1379	5300
5302	1380	5301
5303	1381	5302
5304	1382	5303
5305	1383	5304
5306	1384	5304
5307	1385	5304
5308	1386	5307
5309	1387	5304
5310	1388	5304
5311	1389	5310
5312	1390	5311
5313	1391	5311
5314	1392	5313
5315	1393	5314
5316	1006	5315
5319	1396	5316
5320	1397	5314
5321	1398	5314
5322	1399	5321
5323	1400	5322
5324	1401	5323
5325	1402	5324
5326	1403	4071
5327	1404	5326
5338	1406	5314
5339	1407	5338
5340	1401	5339
5341	1402	5340
5342	1408	5314
5343	1409	5342
5346	1411	5303
5347	1412	5346
5350	1414	5303
5351	1415	5350
5352	1416	5350
5355	1417	5302
5357	1418	5302
5358	1419	5302
5383	1421	5327
5417	1442	5383
5420	1445	5383
5421	1444	5420
5422	1446	5383
5423	1447	5422
5424	1448	5423
5425	1449	5383
5426	1450	5383
5427	1451	5383
5428	1452	5383
5429	1453	5383
5430	1454	5383
5431	1455	5383
5432	1456	5383
5433	1457	5432
5434	1458	5432
5435	1459	5383
5446	1462	5383
5447	1463	5446
5449	1465	5383
5450	1466	5449
5451	977	5450
5452	978	5451
5453	979	5452
5454	100	5453
5455	980	5450
5456	1467	5449
5457	1468	5449
5459	1470	5449
5460	987	5459
5461	988	5460
5462	989	5461
5463	1471	5383
5464	1472	5383
5465	1473	5464
5466	1474	5465
5478	1482	5326
5479	1483	5326
5480	1484	5479
5481	1485	5480
5482	1006	5481
5483	1486	5482
5484	1487	4063
5485	1488	5484
5486	1021	5485
5487	42	5486
5488	1489	5482
5489	1490	5482
5490	1491	5482
5491	1492	5326
5492	1493	5326
5493	1494	5492
5494	1495	5492
5495	1496	5492
5496	1497	5326
5497	1498	5496
5498	1499	5496
5499	1500	5498
5500	1501	5498
5501	1502	5326
5502	1503	5326
5503	1504	5326
5504	1505	5326
5505	1506	5326
5506	1507	5326
5507	1508	5326
5508	1509	5326
5509	1510	5508
5510	1511	5508
5511	1500	5510
5512	1501	5510
5513	1512	5326
5514	1513	5326
5515	1514	5514
5516	1515	5514
5517	1516	5514
5518	1517	5326
5519	1518	5518
5520	1519	5518
5521	1520	5518
5522	1521	5518
5523	1522	5326
5524	1523	5523
5525	1524	5523
5526	1525	5523
5527	1526	5523
5528	1527	5523
5529	1528	5523
5530	1529	5326
5531	1530	5326
5532	1531	5326
5533	1532	5326
5534	1533	5326
5539	1537	5326
5540	1538	5539
5541	1539	5540
5542	1540	5541
5543	730	5542
5544	1541	5326
5545	1542	5544
5546	1478	5545
5547	730	5546
5548	1543	5326
5549	1544	5326
5550	1545	5326
5551	1546	5326
5552	1547	5326
5553	1548	5326
5554	1549	5326
5555	1550	5326
5556	1551	5326
5557	1552	5556
5558	1553	5326
5559	1554	5326
5560	1555	5326
5561	1556	5326
5562	1557	5326
5563	1558	5326
5564	1559	5326
5565	1560	5326
5566	1561	5326
5567	1562	5566
5568	42	5567
5569	1563	5566
5570	1564	5326
5571	1563	5570
5577	1566	5326
5578	1567	4071
5622	1587	5578
5737	1635	5622
5758	1639	5578
5759	1640	5758
5760	1006	5759
5782	1642	5760
5783	1643	5782
5805	1645	5760
5806	1646	5805
5807	1647	5805
5808	1648	5807
5810	1649	5805
5811	1648	5810
5813	1650	5805
5814	732	5808
5818	732	5811
5840	1653	5760
5841	1654	5840
5842	1655	5840
5843	1648	5842
5845	732	5843
5867	1657	5760
5868	1658	5867
5869	1659	5868
5871	1661	5867
5872	1662	5867
5873	1648	5872
5875	1663	5869
5876	732	5873
5877	1664	5578
5919	1421	5877
5920	1422	5919
5925	1425	5919
5926	1426	5919
5931	1428	5919
5935	1430	5919
5939	1432	5919
5940	1433	5919
5941	1434	5919
5942	1435	5919
5946	1437	5919
5947	1438	5946
5951	1440	5919
5952	1441	5951
5954	1443	5919
5955	1444	5954
5966	1481	5919
5967	1665	5578
5968	1666	5967
5969	1667	5968
5970	729	5969
5971	730	5970
5972	1668	5967
5973	729	5972
5974	730	5973
5975	1669	5578
5976	1670	5975
5977	1671	5578
5978	1672	5977
5979	729	5978
5980	730	5979
5996	1678	5578
5997	1679	5996
6040	1690	5997
6042	1692	6040
6050	1695	5997
6057	1702	6050
6058	1703	6057
6059	1704	6057
6060	1705	6057
6061	1706	6050
6062	1707	6050
6063	1708	6050
6064	1709	6050
6065	1710	6050
6087	1723	4063
6088	1724	6087
6089	1725	6088
6090	1726	6089
6091	1478	6090
6093	732	6091
6111	1731	6088
6113	1733	6111
6114	1734	6113
6115	1735	6114
6154	1758	5578
6155	1759	4071
6156	1760	6155
6157	1761	6156
6158	1762	6157
6159	1659	6158
6160	1660	6159
6161	1763	6156
6162	1764	6161
6163	1765	6156
6164	1766	6163
6165	1767	6164
6166	1768	6165
6167	1769	4071
6168	1770	6167
6169	1771	6167
6170	1772	6167
6171	1773	6167
6180	1776	6171
6181	1777	6171
6182	1778	6171
6183	1779	6167
6184	1780	6183
6185	1781	6184
6186	1782	6185
6187	980	6186
6188	1783	6185
6189	1784	6185
6191	1786	6185
6192	987	6191
6193	988	6192
6194	989	6193
6195	1787	4063
6196	1488	6195
6197	1021	6196
6198	42	6197
6303	1848	6167
6304	1849	6303
6305	1850	6304
6306	1851	6304
6307	1852	6304
6308	1853	6167
6309	1854	6308
6310	1855	4071
6311	71	6310
6312	1856	4071
6313	71	6312
6316	1858	4071
6324	1865	6316
6325	1866	6324
6326	1867	6325
6332	1873	6324
6333	1874	6332
6334	1875	6332
6335	1876	6334
6336	1877	6335
6337	1878	6332
6338	1869	6337
6339	1870	6338
6340	1871	6339
6341	1872	6340
6342	1879	6324
6343	1880	6342
6344	1881	6343
6345	1882	6344
6346	1883	6345
6347	1850	6346
6348	1851	6346
6349	1852	6346
6350	1884	6342
6351	71	6350
6354	1886	6316
6362	1873	6354
6364	1878	6362
6369	1879	6354
6370	1880	6369
6371	1881	6370
6372	1887	6371
6375	1889	6372
6376	1890	6375
6377	1891	6376
6378	710	6377
6379	1892	6376
6380	710	6379
6381	1893	6376
6382	1894	6381
6383	1895	6376
6384	1894	6383
6385	1896	6376
6386	1894	6385
6392	1897	6369
6466	1928	6364
6468	1929	6364
6470	1919	6468
6471	1920	6470
6473	1921	6471
6474	1930	6354
6504	1931	6376
6505	1932	6504
6506	729	6505
6508	1933	6376
6509	1932	6508
6510	729	6509
6512	732	6506
6513	732	6510
6522	1939	6376
6523	1940	6522
6524	1941	6523
6525	1006	6524
6526	1942	6525
6527	1943	6522
6528	1944	6527
6529	1945	6528
6530	1006	6529
6531	1946	6530
6532	1947	6531
6533	1948	6532
6534	1949	6532
6535	1950	6534
6541	1954	6531
6542	1950	6541
6543	1955	6531
6544	1952	6543
6545	1953	6544
6546	732	6545
6547	1956	6530
6548	1957	6547
6549	1958	6548
6550	1959	6548
6556	1962	6547
6557	1963	6547
6558	1961	6557
6559	1953	6558
6560	732	6559
6587	1971	6376
6588	1936	6587
6589	729	6588
6590	730	6589
6591	732	6589
6592	1972	6376
6593	1936	6592
6594	729	6593
6595	730	6594
6596	1973	6376
6597	1974	6596
6598	1975	6597
6599	1976	6597
6600	1977	6376
6601	1978	6600
6602	1979	6601
6605	732	6594
6669	1997	6376
6670	1998	6669
6671	1999	6669
6672	2000	6669
6673	2001	6672
6674	2002	6673
6675	1006	6674
6676	2003	6675
6677	2004	6675
6678	2005	6675
6679	2006	6675
6680	2007	6675
6685	2010	6672
6691	2014	6685
6692	2015	6691
6693	729	6692
6694	730	6693
6706	2021	6392
6707	2022	6706
6708	1871	6707
6774	2038	6364
6775	2022	6774
6776	1871	6775
6793	2032	6466
6797	1984	6793
6798	1985	6797
6804	1921	6798
6807	2038	6474
6808	2022	6807
6809	1871	6808
6867	2040	6376
6868	2041	6867
6870	2043	6868
6871	1978	6870
6872	1979	6871
6873	2044	6871
6874	71	6873
6875	1980	6871
6876	71	6875
6941	2062	4340
6942	71	6941
6943	2063	4340
6944	71	6943
6975	2067	4094
6976	2068	4094
6977	71	6976
6978	2069	4094
6979	2070	6978
6980	71	6979
6982	2072	6978
6983	71	6982
6984	2073	6978
6985	63	6984
6986	2074	6985
7036	2080	4385
7037	2081	7036
7038	2082	7036
7039	96	7038
7040	97	7039
7041	98	7040
7042	99	7041
7043	80	7042
7044	2079	7040
7045	98	7044
7046	99	7045
7047	100	7046
7048	119	7039
7049	98	7048
7050	99	7049
7051	100	7050
7061	2085	4385
7062	1288	7061
7063	1289	7062
7064	1290	7062
7070	2086	6370
7071	1738	7070
7073	1742	7070
7074	1747	7073
7080	1753	7074
7085	1756	7080
7086	732	7085
7091	2087	6371
7157	2111	7091
7159	2113	7157
7160	2114	7159
7161	2115	7160
7163	2116	7159
7164	2117	7157
7165	2118	7164
7166	2119	7165
7167	1006	7166
7168	2120	7167
7169	2121	7168
7170	2122	7169
7171	2123	7169
7172	2124	7171
7178	2127	7168
7179	2124	7178
7180	2128	7168
7181	2126	7180
7182	1953	7181
7183	732	7182
7184	2129	7164
7185	2130	7184
7186	1006	7185
7187	2131	7186
7188	2121	7187
7189	2122	7188
7190	2123	7188
7191	2124	7190
7197	2127	7187
7198	2124	7197
7199	2128	7187
7200	2126	7199
7201	1953	7200
7202	732	7201
7203	2132	7164
7204	2133	7203
7205	2134	7204
7206	2135	7205
7207	2136	7205
7208	2137	7205
7209	2138	7205
7210	2139	7205
7211	2140	7205
7212	2141	7205
7225	2154	7204
7226	2155	7225
7227	2156	7225
7228	2157	7227
7229	2158	7203
7230	2159	7203
7231	2160	7203
7232	2161	7203
7233	2162	7203
7234	2163	7203
7235	2164	7203
7236	2165	7164
7237	2166	7164
7238	2167	7237
7239	2168	7237
7240	2169	7237
7241	2170	7237
7242	2171	7237
7243	2172	7237
7244	2173	7237
7245	2174	7237
7246	2175	7164
7247	2176	7246
7248	2177	7246
7249	2178	7246
7251	2180	7164
7263	732	7161
7264	2192	7205
7265	2193	7205
7266	2194	7205
7267	2195	7205
7268	2196	7205
7270	2198	7203
7271	2199	7203
7272	2200	7203
7273	2201	7203
7274	2202	7203
7275	2203	7237
7276	2204	7237
7277	2205	7237
7278	2206	7237
7279	2207	7237
7286	2214	7157
7287	2116	7286
7288	2215	7157
7289	2216	7288
7290	2217	7288
7291	2218	7157
7292	2216	7291
7293	2217	7291
7294	2219	7157
7295	2216	7294
7296	2217	7294
7297	2220	7157
7298	2221	7297
7299	2222	7297
7300	2223	7164
7301	2224	7300
7302	901	7301
7303	730	7302
7304	2225	7205
7305	2226	7203
7307	2228	7157
7308	2216	7307
7309	2217	7307
7310	2229	7157
7311	2230	7310
7312	2231	7310
7313	2232	7205
7314	2233	7205
7315	2234	7203
7316	2235	7203
7319	2238	7091
7330	2246	7319
7331	2247	7330
7332	2248	7330
7333	2249	7091
7334	2250	7333
7335	2251	7334
7336	2252	6392
7341	2255	7336
7342	2256	7341
7348	1921	7342
7394	2265	6364
7399	2255	7394
7400	2256	7399
7406	1921	7400
7444	2270	4094
7447	2273	7444
7448	2274	7444
7449	63	7448
7450	2074	7449
7474	2282	4385
7475	1288	7474
7476	1289	7475
7477	1290	7475
7478	2283	6376
7479	1713	7478
7480	1714	7479
7481	1715	7480
7482	2284	6376
7483	1720	7482
7484	1477	7483
7485	1478	7484
7486	732	7485
7487	2265	6474
7492	2255	7487
7493	2256	7492
7499	1921	7493
7545	1921	6708
7551	1921	6776
7552	1921	6809
7562	2293	6392
7563	2294	7562
7571	2300	7563
7572	2301	7571
7586	2302	6364
7587	2294	7586
7595	2300	7587
7596	2301	7595
7601	1921	7572
7603	1921	7596
7604	2305	6115
7605	1740	7071
7606	1741	7605
7607	1477	7606
7608	1478	7607
7609	732	7608
7610	1743	7073
7611	1744	7610
7612	1745	7611
7613	901	7612
7614	732	7613
7615	1746	7073
7616	1745	7615
7617	901	7616
7618	732	7617
7681	2302	6474
7682	2294	7681
7690	2300	7682
7691	2301	7690
7693	1921	7691
7720	2340	6376
7721	2341	7720
7722	1535	7721
7723	1536	7722
7724	730	7723
7773	1923	6337
7774	1899	7773
7775	1900	7774
7776	1924	6337
7777	1902	7776
7778	1903	7777
7779	1925	6337
7780	1905	7779
7781	1906	7780
7782	1907	7780
7783	1908	7782
7784	1926	6337
7785	1910	7784
7786	1911	7785
7790	1928	6337
7792	1929	6337
7794	1981	7792
7796	1983	7794
7797	1900	7796
7798	1984	7794
7799	1985	7798
7800	1872	7799
7804	1988	7794
7805	1921	7799
7806	1989	7794
7807	1990	7794
7808	1991	7807
7809	1992	7807
7810	1993	7794
7811	1994	7794
7812	1995	7794
7813	1996	7812
7814	1872	7813
7815	1930	6324
7816	1923	7815
7817	1899	7816
7818	1900	7817
7819	1924	7815
7820	1902	7819
7821	1903	7820
7822	1925	7815
7823	1905	7822
7824	1906	7823
7825	1907	7823
7826	1908	7825
7827	1926	7815
7828	1910	7827
7829	1911	7828
7833	1928	7815
7835	1929	7815
7837	1919	7835
7838	1920	7837
7840	1921	7838
7841	1981	7835
7843	1983	7841
7844	1900	7843
7845	1984	7841
7846	1985	7845
7847	1872	7846
7851	1988	7841
7852	1921	7846
7853	1989	7841
7854	1990	7841
7855	1991	7854
7856	1992	7854
7857	1993	7841
7858	1994	7841
7859	1995	7841
7860	1996	7859
7861	1872	7860
7862	1869	7815
7863	1870	7862
7864	1871	7863
7865	1872	7864
7866	1887	6344
7869	1889	7866
7870	1890	7869
7884	1897	6342
7885	1898	7884
7886	1899	7885
7887	1900	7886
7888	1901	7884
7889	1902	7888
7890	1903	7889
7891	1904	7884
7892	1905	7891
7893	1906	7892
7894	1907	7892
7895	1908	7894
7896	1909	7884
7897	1910	7896
7898	1911	7897
7902	1915	7884
7904	1917	7884
7906	1919	7904
7907	1920	7906
7909	1921	7907
7910	1981	7904
7912	1983	7910
7913	1900	7912
7914	1984	7910
7915	1985	7914
7916	1872	7915
7920	1988	7910
7921	1921	7915
7922	1989	7910
7923	1990	7910
7924	1991	7923
7925	1992	7923
7926	1993	7910
7927	1994	7910
7928	1995	7910
7929	1996	7928
7930	1872	7929
7931	1922	7884
7932	1870	7931
7933	1871	7932
7934	1872	7933
7947	2345	6376
7948	1978	7947
7949	1979	7948
7950	1980	7948
7951	71	7950
7952	2346	6392
7958	2350	7952
7959	2351	7958
7961	1921	7959
7972	2352	6364
7978	2350	7972
7979	2351	7978
7981	1921	7979
8050	2352	6474
8056	2350	8050
8057	2351	8056
8059	1921	8057
8063	2366	6376
8064	1978	8063
8065	1979	8064
8066	2367	8064
8067	2368	8064
8117	2385	7319
8118	2386	8117
8215	2400	6376
8216	2401	8215
8218	2043	8216
8219	1978	8218
8220	1979	8219
8221	1980	8219
8222	71	8221
8237	2406	4094
8238	2407	8237
8239	2408	8237
8240	2409	8239
8241	71	8240
8242	2410	4385
8243	2411	8242
8244	2412	8242
8245	71	8244
8348	2424	4104
8371	2440	8348
8372	71	8371
8376	2444	8348
8377	2445	8376
8378	2446	8377
8379	1006	8378
8380	2447	8379
8381	2448	8380
8382	2449	8381
8383	2450	8380
8384	2451	8383
8385	2449	8384
8386	2452	8383
8387	2449	8386
8388	2453	8383
8389	2454	8388
8390	2449	8389
8391	2455	8383
8392	2449	8391
8393	2456	8383
8394	2457	8393
8395	2449	8394
8396	2458	8393
8397	2459	8396
8398	2449	8397
8399	2460	8393
8400	2461	8399
8401	988	8400
8402	989	8401
8403	2462	8393
8404	2463	8403
8405	2449	8404
8406	2464	8379
8407	2465	8406
8408	2466	8407
8409	2449	8408
8410	2467	8379
8411	2468	8410
8412	1006	8411
8413	2469	8412
8414	2470	8413
8415	2471	8414
8416	2472	8415
8433	2478	4053
8434	2479	8433
8435	2480	8434
8436	2449	8435
8437	2481	8412
8438	2482	8437
8439	2483	8438
8440	2484	8439
8441	2449	8440
8442	2485	8439
8443	2486	8442
8444	2449	8443
8445	2487	8442
8446	2488	8445
8447	2449	8446
8448	2489	8412
8449	2490	8448
8450	2491	8449
8464	2503	8450
8465	2504	8464
8466	2449	8465
8467	2505	8464
8468	2449	8467
8469	2506	8450
8470	2507	8469
8471	2449	8470
8472	2508	8469
8473	2509	8472
8474	2449	8473
8475	2510	8472
8476	2449	8475
8477	2511	8472
8478	2512	8477
8479	2513	8478
8480	2449	8479
8481	2514	8478
8482	2515	8481
8483	2449	8482
8484	2516	8481
8485	2517	8484
8486	2449	8485
8498	2525	8472
8499	2526	8498
8500	2527	8499
8501	2528	8500
8502	2529	8501
8503	2449	8502
8504	2530	8501
8505	2517	8504
8506	2449	8505
8513	2533	8450
8514	2534	8513
8515	2449	8514
8516	2535	8513
8517	2449	8516
8518	2536	8513
8519	2449	8518
8520	2537	8513
8521	2449	8520
8522	2538	8513
8523	2449	8522
8524	2539	8513
8525	2449	8524
8526	2540	8513
8527	2449	8526
8528	2541	8513
8529	2449	8528
8530	2542	8513
8531	2449	8530
8532	2543	8513
8533	2449	8532
8534	2544	8513
8535	2449	8534
8536	2545	8513
8537	2449	8536
8538	2546	8513
8539	2449	8538
8540	2547	8513
8541	2449	8540
8542	2548	8513
8543	2449	8542
8544	2549	8513
8545	2449	8544
8546	2550	8513
8547	2449	8546
8548	2551	8513
8549	2449	8548
8550	2552	8513
8551	2449	8550
8552	2553	8513
8553	2449	8552
8554	2554	8513
8555	2449	8554
8556	2555	8513
8557	2449	8556
8558	2556	8513
8559	2449	8558
8560	2557	8513
8561	2449	8560
8562	2558	8513
8563	2449	8562
8564	2559	8513
8565	2449	8564
8566	2560	8513
8567	2449	8566
8568	2561	8513
8569	2449	8568
8570	2562	8513
8571	2449	8570
8572	2563	8513
8573	2449	8572
8574	2564	8513
8575	2449	8574
8576	2565	8513
8577	2449	8576
8578	2566	8513
8579	2449	8578
8580	2567	8513
8581	2449	8580
8582	2568	8513
8583	2449	8582
8584	2569	8513
8585	2449	8584
8586	2570	8513
8587	2449	8586
8588	2571	8513
8589	2449	8588
8590	2572	8513
8591	2449	8590
8592	2573	8513
8593	2449	8592
8594	2574	8513
8595	2449	8594
8596	2575	8513
8597	2449	8596
8598	2576	8450
8599	2577	8598
8600	2449	8599
8601	2578	8598
8602	2579	8601
8603	2449	8602
8604	2580	8598
8605	2581	8604
8606	2449	8605
8607	2582	8598
8608	2449	8607
8609	2583	8598
8610	2579	8609
8611	2449	8610
8612	2584	8598
8613	2581	8612
8614	2449	8613
8615	2585	8598
8616	2449	8615
8617	2586	8598
8618	2579	8617
8619	2449	8618
8620	2587	8598
8621	2581	8620
8622	2449	8621
8623	2588	8598
8624	2449	8623
8625	2589	8598
8626	2579	8625
8627	2449	8626
8628	2590	8598
8629	2581	8628
8630	2449	8629
8631	2591	8598
8632	2449	8631
8633	2592	8598
8634	2579	8633
8635	2449	8634
8636	2593	8598
8637	2581	8636
8638	2449	8637
8639	2594	8450
8640	2595	8639
8641	2476	8640
8642	2449	8641
8643	2596	8639
8644	2476	8643
8645	2449	8644
8646	2597	8639
8647	2476	8646
8648	2449	8647
8649	2598	8639
8650	2599	8649
8651	2476	8650
8652	2449	8651
8653	2600	8639
8654	2601	8653
8655	2476	8654
8656	2449	8655
8657	2602	8639
8658	2603	8657
8659	2476	8658
8660	2449	8659
8661	2604	8639
8662	2476	8661
8663	2449	8662
8664	2605	8639
8665	2606	8664
8666	2476	8665
8667	2449	8666
8668	2607	8639
8669	2608	8668
8670	2476	8669
8671	2449	8670
8672	2609	8639
8673	2610	8672
8674	2476	8673
8675	2449	8674
8676	2611	8639
8677	2612	8676
8678	2476	8677
8679	2449	8678
8680	2613	8639
8681	2614	8680
8682	2476	8681
8683	2449	8682
8684	2615	8639
8685	2616	8684
8686	2476	8685
8687	2449	8686
8688	2617	8639
8689	2618	8688
8690	2476	8689
8691	2449	8690
8692	2619	8639
8693	2620	8692
8694	2476	8693
8695	2449	8694
8696	2621	8639
8697	2622	8696
8698	2476	8697
8699	2449	8698
8700	2623	8639
8701	2476	8700
8702	2449	8701
8703	2624	8639
8704	2625	8703
8705	2476	8704
8706	2449	8705
8707	2626	8639
8708	2627	8707
8709	2476	8708
8710	2449	8709
8711	2628	8639
8712	2629	8711
8713	2476	8712
8714	2449	8713
8715	2630	8639
8716	2631	8715
8717	2476	8716
8718	2449	8717
8719	2632	8639
8720	2633	8719
8721	2476	8720
8722	2449	8721
8723	2634	8639
8724	2635	8723
8725	2476	8724
8726	2449	8725
8727	2636	8639
8728	2637	8727
8729	2476	8728
8730	2449	8729
8731	2638	8639
8732	2639	8731
8733	2476	8732
8734	2449	8733
8735	2640	8639
8736	2641	8735
8737	2476	8736
8738	2449	8737
8739	2642	8639
8740	2643	8739
8741	2476	8740
8742	2449	8741
8743	2644	8639
8744	2645	8743
8745	2476	8744
8746	2449	8745
8747	2646	8639
8748	2476	8747
8749	2449	8748
8750	2647	8639
8751	2648	8750
8752	2476	8751
8753	2449	8752
8754	2649	8639
8755	2650	8754
8756	2476	8755
8757	2449	8756
8758	2651	8639
8759	2652	8758
8760	2476	8759
8761	2449	8760
8762	2653	8639
8763	2654	8762
8764	2476	8763
8765	2449	8764
8766	2655	8639
8767	2476	8766
8768	2449	8767
8769	2656	8639
8770	2476	8769
8771	2449	8770
8772	2657	8639
8773	2658	8772
8774	2476	8773
8775	2449	8774
8776	2659	8639
8777	2660	8776
8778	2476	8777
8779	2449	8778
8780	2661	8639
8781	2662	8780
8782	2476	8781
8783	2449	8782
8784	2663	8639
8785	2476	8784
8786	2449	8785
8787	2664	8639
8788	2476	8787
8789	2449	8788
8790	2665	8639
8791	2666	8790
8792	2476	8791
8793	2449	8792
8794	2667	8639
8795	2668	8794
8796	2476	8795
8797	2449	8796
8798	2669	8639
8799	2670	8798
8800	2476	8799
8801	2449	8800
8802	2671	8639
8803	2672	8802
8804	2476	8803
8805	2449	8804
8806	2673	8639
8807	2674	8806
8808	2476	8807
8809	2449	8808
8810	2675	8639
8811	2476	8810
8812	2449	8811
8813	2676	8639
8814	2476	8813
8815	2449	8814
8816	2677	8639
8817	2476	8816
8818	2449	8817
8819	2678	8639
8820	2679	8819
8821	2476	8820
8822	2449	8821
8823	2680	8639
8824	2681	8823
8825	2476	8824
8826	2449	8825
8827	2682	8639
8828	2476	8827
8829	2449	8828
8830	2683	8639
8831	2684	8830
8832	2476	8831
8833	2449	8832
8834	2685	8639
8835	2686	8834
8836	2476	8835
8837	2449	8836
8838	2687	8639
8839	2688	8838
8840	2476	8839
8841	2449	8840
8842	2689	8639
8843	2690	8842
8844	2476	8843
8845	2449	8844
8846	2691	8639
8847	2476	8846
8848	2449	8847
8849	2692	8639
8850	2476	8849
8851	2449	8850
8852	2693	8639
8853	2694	8852
8854	2476	8853
8855	2449	8854
8856	2695	8639
8857	2696	8856
8858	2476	8857
8859	2449	8858
8860	2697	8639
8861	2476	8860
8862	2449	8861
8863	2698	8639
8864	2699	8863
8865	2476	8864
8866	2449	8865
8867	2700	8639
8868	2701	8867
8869	2476	8868
8870	2449	8869
8871	2702	8639
8872	2703	8871
8873	2476	8872
8874	2449	8873
8875	2704	8639
8876	2476	8875
8877	2449	8876
8878	2705	8639
8879	2476	8878
8880	2449	8879
8881	2706	8639
8882	2707	8881
8883	2476	8882
8884	2449	8883
8885	2708	8639
8886	2476	8885
8887	2449	8886
8888	2709	8639
8889	2476	8888
8890	2449	8889
8891	2710	8639
8892	2476	8891
8893	2449	8892
8894	2711	8639
8895	2712	8894
8896	2476	8895
8897	2449	8896
8898	2713	8639
8899	2714	8898
8900	2476	8899
8901	2449	8900
8902	2715	8639
8903	2716	8902
8904	2476	8903
8905	2449	8904
8906	2717	8639
8907	2718	8906
8908	2476	8907
8909	2449	8908
8910	2719	8639
8911	2720	8910
8912	2476	8911
8913	2449	8912
8914	2721	8639
8915	2722	8914
8916	2476	8915
8917	2449	8916
8918	2723	8639
8919	2724	8918
8920	2476	8919
8921	2449	8920
8922	2725	8639
8923	2726	8922
8924	2476	8923
8925	2449	8924
8926	2727	8639
8927	2728	8926
8928	2476	8927
8929	2449	8928
8930	2729	8639
8931	2730	8930
8932	2476	8931
8933	2449	8932
8934	2731	8639
8935	2732	8934
8936	2476	8935
8937	2449	8936
8938	2733	8639
8939	2734	8938
8940	2476	8939
8941	2449	8940
8942	2735	8639
8943	2736	8942
8944	2476	8943
8945	2449	8944
8946	2737	8639
8947	2738	8946
8948	2476	8947
8949	2449	8948
8950	2739	8639
8951	2740	8950
8952	2476	8951
8953	2449	8952
8954	2741	8639
8955	2742	8954
8956	2476	8955
8957	2449	8956
8958	2743	8639
8959	2744	8958
8960	2476	8959
8961	2449	8960
8962	2745	8639
8963	2746	8962
8964	2476	8963
8965	2449	8964
8966	2747	8639
8967	2748	8966
8968	2476	8967
8969	2449	8968
8970	2749	8639
8971	2750	8970
8972	2476	8971
8973	2449	8972
8974	2751	8639
8975	2752	8974
8976	2476	8975
8977	2449	8976
8978	2753	8639
8979	2754	8978
8980	2476	8979
8981	2449	8980
8982	2755	8639
8983	2476	8982
8984	2449	8983
8985	2756	8639
8986	2476	8985
8987	2449	8986
8988	2757	8639
8989	2476	8988
8990	2449	8989
8991	2758	8639
8992	2476	8991
8993	2449	8992
8994	2759	8639
8995	2476	8994
8996	2449	8995
8997	2760	8639
8998	2476	8997
8999	2449	8998
9000	2761	8639
9001	2762	9000
9002	2476	9001
9003	2449	9002
9004	2763	8639
9005	2764	9004
9006	2476	9005
9007	2449	9006
9008	2765	8639
9009	2476	9008
9010	2449	9009
9011	2766	8639
9012	2767	9011
9013	2476	9012
9014	2449	9013
9015	2768	8639
9016	2476	9015
9017	2449	9016
9018	2769	8639
9019	2476	9018
9020	2449	9019
9021	2770	8639
9022	2476	9021
9023	2449	9022
9024	2771	8639
9025	2772	9024
9026	2476	9025
9027	2449	9026
9028	2773	8639
9029	2774	9028
9030	2476	9029
9031	2449	9030
9032	2775	8639
9033	2776	9032
9034	2476	9033
9035	2449	9034
9036	2777	8639
9037	2476	9036
9038	2449	9037
9039	2778	8639
9040	2779	9039
9041	2476	9040
9042	2449	9041
9043	2780	8639
9044	2476	9043
9045	2449	9044
9046	2781	8639
9047	2782	9046
9048	2476	9047
9049	2449	9048
9050	2783	8639
9051	2784	9050
9052	2476	9051
9053	2449	9052
9054	2785	8639
9055	2786	9054
9056	2476	9055
9057	2449	9056
9058	2787	8639
9059	2788	9058
9060	2476	9059
9061	2449	9060
9062	2789	8639
9063	2790	9062
9064	2476	9063
9065	2449	9064
9066	2791	8639
9067	2792	9066
9068	2476	9067
9069	2449	9068
9070	2793	8639
9071	2794	9070
9072	2476	9071
9073	2449	9072
9074	2795	8639
9075	2796	9074
9076	2476	9075
9077	2449	9076
9078	2797	8639
9079	2798	9078
9080	2476	9079
9081	2449	9080
9082	2799	8639
9083	2476	9082
9084	2449	9083
9085	2800	8639
9086	2801	9085
9087	2476	9086
9088	2449	9087
9089	2802	8639
9090	2476	9089
9091	2449	9090
9092	2803	8639
9093	2476	9092
9094	2449	9093
9095	2804	8639
9096	2805	9095
9097	2476	9096
9098	2449	9097
9099	2806	8639
9100	2807	9099
9101	2476	9100
9102	2449	9101
9103	2808	8639
9104	2476	9103
9105	2449	9104
9106	2809	8639
9107	2476	9106
9108	2449	9107
9109	2810	8639
9110	2811	9109
9111	2476	9110
9112	2449	9111
9113	2812	8639
9114	2813	9113
9115	2476	9114
9116	2449	9115
9117	2814	8639
9118	2815	9117
9119	2476	9118
9120	2449	9119
9121	2816	8639
9122	2817	9121
9123	2476	9122
9124	2449	9123
9125	2818	8639
9126	2476	9125
9127	2449	9126
9128	2819	8639
9129	2820	9128
9130	2476	9129
9131	2449	9130
9132	2821	8639
9133	2822	9132
9134	2476	9133
9135	2449	9134
9136	2823	8639
9137	2824	9136
9138	2476	9137
9139	2449	9138
9140	2825	8639
9141	2476	9140
9142	2449	9141
9143	2826	8639
9144	2476	9143
9145	2449	9144
9146	2827	8639
9147	2476	9146
9148	2449	9147
9149	2828	8639
9150	2476	9149
9151	2449	9150
9152	2829	8639
9153	2476	9152
9154	2449	9153
9155	2830	8639
9156	2476	9155
9157	2449	9156
9158	2831	8639
9159	2476	9158
9160	2449	9159
9161	2832	8639
9162	2476	9161
9163	2449	9162
9164	2833	8639
9165	2476	9164
9166	2449	9165
9167	2834	8639
9168	2476	9167
9169	2449	9168
9170	2835	8639
9171	2476	9170
9172	2449	9171
9173	2836	8639
9174	2476	9173
9175	2449	9174
9176	2837	8639
9177	2476	9176
9178	2449	9177
9179	2838	8639
9180	2476	9179
9181	2449	9180
9182	2839	8639
9183	2476	9182
9184	2449	9183
9185	2840	8639
9186	2476	9185
9187	2449	9186
9188	2841	8639
9189	2476	9188
9190	2449	9189
9191	2842	8639
9192	2476	9191
9193	2449	9192
9194	2843	8639
9195	2476	9194
9196	2449	9195
9197	2844	8639
9198	2476	9197
9199	2449	9198
9200	2845	8639
9201	2476	9200
9202	2449	9201
9203	2846	8639
9204	2476	9203
9205	2449	9204
9206	2847	8639
9207	2476	9206
9208	2449	9207
9209	2848	8639
9210	2476	9209
9211	2449	9210
9212	2849	8639
9213	2476	9212
9214	2449	9213
9215	2850	8639
9216	2476	9215
9217	2449	9216
9218	2851	8639
9219	2476	9218
9220	2449	9219
9221	2852	8639
9222	2476	9221
9223	2449	9222
9224	2853	8639
9225	2476	9224
9226	2449	9225
9227	2854	8639
9228	2476	9227
9229	2449	9228
9230	2855	8639
9231	2476	9230
9232	2449	9231
9233	2856	8639
9234	2476	9233
9235	2449	9234
9236	2857	8639
9237	2476	9236
9238	2449	9237
9239	2858	8639
9240	2476	9239
9241	2449	9240
9242	2859	8639
9243	2476	9242
9244	2449	9243
9245	2860	8639
9246	2476	9245
9247	2449	9246
9248	2861	8639
9249	2476	9248
9250	2449	9249
9251	2862	8639
9252	2476	9251
9253	2449	9252
9254	2863	8639
9255	2476	9254
9256	2449	9255
9257	2864	8639
9258	2476	9257
9259	2449	9258
9260	2865	8639
9261	2476	9260
9262	2449	9261
9263	2866	8639
9264	2476	9263
9265	2449	9264
9266	2867	8639
9267	2476	9266
9268	2449	9267
9269	2868	8639
9270	2476	9269
9271	2449	9270
9272	2869	8639
9273	2476	9272
9274	2449	9273
9275	2870	8639
9276	2476	9275
9277	2449	9276
9278	2871	8639
9279	2476	9278
9280	2449	9279
9281	2872	8639
9282	2476	9281
9283	2449	9282
9284	2873	8639
9285	2476	9284
9286	2449	9285
9287	2874	8639
9288	2476	9287
9289	2449	9288
9290	2875	8639
9291	2476	9290
9292	2449	9291
9293	2876	8639
9294	2476	9293
9295	2449	9294
9296	2877	8639
9297	2476	9296
9298	2449	9297
9299	2878	8639
9300	2476	9299
9301	2449	9300
9302	2879	8639
9303	2476	9302
9304	2449	9303
9305	2880	8639
9306	2476	9305
9307	2449	9306
9308	2881	8639
9309	2476	9308
9310	2449	9309
9311	2882	8639
9312	2476	9311
9313	2449	9312
9314	2883	8639
9315	2476	9314
9316	2449	9315
9317	2884	8639
9318	2476	9317
9319	2449	9318
9320	2885	8639
9321	2476	9320
9322	2449	9321
9323	2886	8639
9324	2476	9323
9325	2449	9324
9326	2887	8639
9327	2476	9326
9328	2449	9327
9329	2888	8639
9330	2889	9329
9331	2476	9330
9332	2449	9331
9333	2890	8639
9334	2891	9333
9335	2476	9334
9336	2449	9335
9337	2892	8639
9338	2893	9337
9339	2476	9338
9340	2449	9339
9341	2894	8639
9342	2895	9341
9343	2476	9342
9344	2449	9343
9345	2896	8639
9346	2897	9345
9347	2476	9346
9348	2449	9347
9349	2898	8639
9350	2899	9349
9351	2476	9350
9352	2449	9351
9353	2900	8639
9354	2901	9353
9355	2476	9354
9356	2449	9355
9357	2902	8639
9358	2903	9357
9359	2476	9358
9360	2449	9359
9361	2904	8639
9362	2905	9361
9363	2476	9362
9364	2449	9363
9365	2906	8639
9366	2907	9365
9367	2476	9366
9368	2449	9367
9369	2908	8639
9370	2909	9369
9371	2476	9370
9372	2449	9371
9373	2910	8639
9374	2911	9373
9375	2476	9374
9376	2449	9375
9377	2912	8639
9378	2913	9377
9379	2476	9378
9380	2449	9379
9381	2914	8639
9382	2476	9381
9383	2449	9382
9384	2915	8639
9385	2916	9384
9386	2476	9385
9387	2449	9386
9388	2917	8639
9389	2918	9388
9390	2476	9389
9391	2449	9390
9392	2919	8639
9393	2920	9392
9394	2476	9393
9395	2449	9394
9396	2921	8639
9397	2922	9396
9398	2476	9397
9399	2449	9398
9400	2923	8639
9401	2924	9400
9402	2476	9401
9403	2449	9402
9404	2925	8639
9405	2476	9404
9406	2449	9405
9407	2926	8639
9408	2476	9407
9409	2449	9408
9410	2927	8639
9411	2928	9410
9412	2476	9411
9413	2449	9412
9414	2929	8639
9415	2476	9414
9416	2449	9415
9417	2930	8639
9418	2931	9417
9419	2476	9418
9420	2449	9419
9421	2932	8639
9422	2933	9421
9423	2476	9422
9424	2449	9423
9425	2934	8639
9426	2935	9425
9427	2476	9426
9428	2449	9427
9429	2936	8639
9430	2937	9429
9431	2476	9430
9432	2449	9431
9433	2938	8639
9434	2939	9433
9435	2476	9434
9436	2449	9435
9437	2940	8639
9438	2941	9437
9439	2476	9438
9440	2449	9439
9441	2942	8639
9442	2943	9441
9443	2476	9442
9444	2449	9443
9445	2944	8639
9446	2945	9445
9447	2476	9446
9448	2449	9447
9449	2946	8639
9450	2947	9449
9451	2476	9450
9452	2449	9451
9453	2948	8639
9454	2949	9453
9455	2476	9454
9456	2449	9455
9457	2950	8639
9458	2951	9457
9459	2476	9458
9460	2449	9459
9461	2952	8639
9462	2953	9461
9463	2476	9462
9464	2449	9463
9465	2954	8639
9466	2955	9465
9467	2476	9466
9468	2449	9467
9469	2956	8639
9470	2957	9469
9471	2476	9470
9472	2449	9471
9473	2958	8639
9474	2959	9473
9475	2476	9474
9476	2449	9475
9477	2960	8639
9478	2961	9477
9479	2476	9478
9480	2449	9479
9481	2962	8639
9482	2963	9481
9483	2476	9482
9484	2449	9483
9485	2964	8639
9486	2965	9485
9487	2476	9486
9488	2449	9487
9489	2966	8639
9490	2967	9489
9491	2476	9490
9492	2449	9491
9493	2968	8639
9494	2969	9493
9495	2476	9494
9496	2449	9495
9497	2970	8639
9498	2971	9497
9499	2476	9498
9500	2449	9499
9501	2972	8639
9502	2476	9501
9503	2449	9502
9504	2973	8639
9505	2476	9504
9506	2449	9505
9507	2974	8639
9508	2476	9507
9509	2449	9508
9510	2975	8639
9511	2476	9510
9512	2449	9511
9513	2976	8639
9514	2476	9513
9515	2449	9514
9516	2977	8639
9517	2476	9516
9518	2449	9517
9519	2978	8639
9520	2979	9519
9521	2476	9520
9522	2449	9521
9523	2980	8639
9524	2981	9523
9525	2476	9524
9526	2449	9525
9527	2982	8639
9528	2476	9527
9529	2449	9528
9530	2983	8639
9531	2984	9530
9532	2476	9531
9533	2449	9532
9534	2985	8639
9535	2986	9534
9536	2476	9535
9537	2449	9536
9538	2987	8639
9539	2988	9538
9540	2476	9539
9541	2449	9540
9542	2989	8639
9543	2476	9542
9544	2449	9543
9545	2990	8639
9546	2991	9545
9547	2476	9546
9548	2449	9547
9549	2992	8639
9550	2993	9549
9551	2476	9550
9552	2449	9551
9553	2994	8639
9554	2995	9553
9555	2476	9554
9556	2449	9555
9557	2996	8639
9558	2997	9557
9559	2476	9558
9560	2449	9559
9561	2998	8639
9562	2999	9561
9563	2476	9562
9564	2449	9563
9565	3000	8639
9566	3001	9565
9567	2476	9566
9568	2449	9567
9569	3002	8639
9570	2476	9569
9571	2449	9570
9572	3003	8639
9573	3004	9572
9574	2476	9573
9575	2449	9574
9576	3005	8639
9577	3006	9576
9578	2476	9577
9579	2449	9578
9580	3007	8639
9581	3008	9580
9582	2476	9581
9583	2449	9582
9584	3009	8639
9585	2476	9584
9586	2449	9585
9587	3010	8639
9588	3011	9587
9589	2476	9588
9590	2449	9589
9591	3012	8639
9592	3013	9591
9593	2476	9592
9594	2449	9593
9595	3014	8639
9596	3015	9595
9597	2476	9596
9598	2449	9597
9599	3016	8639
9600	2476	9599
9601	2449	9600
9602	3017	8639
9603	3018	9602
9604	2476	9603
9605	2449	9604
9606	3019	8639
9607	3020	9606
9608	2476	9607
9609	2449	9608
9610	3021	8639
9611	3022	9610
9612	2476	9611
9613	2449	9612
9614	3023	8639
9615	3024	9614
9616	2476	9615
9617	2449	9616
9618	3025	8639
9619	3026	9618
9620	2476	9619
9621	2449	9620
9622	3027	8639
9623	2476	9622
9624	2449	9623
9625	3028	8639
9626	2476	9625
9627	2449	9626
9628	3029	8639
9629	2476	9628
9630	2449	9629
9631	3030	8639
9632	3031	9631
9633	2476	9632
9634	2449	9633
9635	3032	8639
9636	3033	9635
9637	2476	9636
9638	2449	9637
9639	3034	8639
9640	3035	9639
9641	2476	9640
9642	2449	9641
9643	3036	8639
9644	2476	9643
9645	2449	9644
9646	3037	8639
9647	3038	9646
9648	2476	9647
9649	2449	9648
9650	3039	8639
9651	2476	9650
9652	2449	9651
9653	3040	8639
9654	2476	9653
9655	2449	9654
9656	3041	8639
9657	3042	9656
9658	2476	9657
9659	2449	9658
9660	3043	8639
9661	3044	9660
9662	2476	9661
9663	2449	9662
9664	3045	8639
9665	3046	9664
9666	2476	9665
9667	2449	9666
9668	3047	8639
9669	3048	9668
9670	2476	9669
9671	2449	9670
9672	3049	8639
9673	3050	9672
9674	2476	9673
9675	2449	9674
9676	3051	8639
9677	3052	9676
9678	2476	9677
9679	2449	9678
9680	3053	8639
9681	2476	9680
9682	2449	9681
9683	3054	8639
9684	2476	9683
9685	2449	9684
9686	3055	8639
9687	2476	9686
9688	2449	9687
9689	3056	8639
9690	2476	9689
9691	2449	9690
9692	3057	8639
9693	2476	9692
9694	2449	9693
9695	3058	8639
9696	2476	9695
9697	2449	9696
9698	3059	8639
9699	2476	9698
9700	2449	9699
9701	3060	8639
9702	2476	9701
9703	2449	9702
9704	3061	8639
9705	2476	9704
9706	2449	9705
9707	3062	8639
9708	2476	9707
9709	2449	9708
9710	3063	8639
9711	2476	9710
9712	2449	9711
9713	3064	8639
9714	2476	9713
9715	2449	9714
9716	3065	8639
9717	2476	9716
9718	2449	9717
9719	3066	8639
9720	2476	9719
9721	2449	9720
9722	3067	8639
9723	2476	9722
9724	2449	9723
9725	3068	8639
9726	2476	9725
9727	2449	9726
9728	3069	8639
9729	2476	9728
9730	2449	9729
9731	3070	8639
9732	2476	9731
9733	2449	9732
9734	3071	8639
9735	2476	9734
9736	2449	9735
9737	3072	8639
9738	2476	9737
9739	2449	9738
9740	3073	8639
9741	2476	9740
9742	2449	9741
9743	3074	8639
9744	2476	9743
9745	2449	9744
9746	3075	8639
9747	2476	9746
9748	2449	9747
9749	3076	8639
9750	3077	9749
9751	2476	9750
9752	2449	9751
9753	3078	8639
9754	2476	9753
9755	2449	9754
9756	3079	8639
9757	3080	9756
9758	2476	9757
9759	2449	9758
9760	3081	8639
9761	3082	9760
9762	2476	9761
9763	2449	9762
9764	3083	8639
9765	3084	9764
9766	2476	9765
9767	2449	9766
9768	3085	8639
9769	3086	9768
9770	2476	9769
9771	2449	9770
9772	3087	8639
9773	3088	9772
9774	2476	9773
9775	2449	9774
9776	3089	8639
9777	3090	9776
9778	2476	9777
9779	2449	9778
9780	3091	8639
9781	3092	9780
9782	2476	9781
9783	2449	9782
9784	3093	8639
9785	3094	9784
9786	2476	9785
9787	2449	9786
9788	3095	8639
9789	3096	9788
9790	2476	9789
9791	2449	9790
9792	3097	8639
9793	3098	9792
9794	2476	9793
9795	2449	9794
9796	3099	8639
9797	3100	9796
9798	2476	9797
9799	2449	9798
9800	3101	8639
9801	3102	9800
9802	2476	9801
9803	2449	9802
9804	3103	8639
9805	3104	9804
9806	2476	9805
9807	2449	9806
9808	3105	8639
9809	3106	9808
9810	2476	9809
9811	2449	9810
9812	3107	8639
9813	3108	9812
9814	2476	9813
9815	2449	9814
9816	3109	8639
9817	3110	9816
9818	2476	9817
9819	2449	9818
9820	3111	8639
9821	3112	9820
9822	2476	9821
9823	2449	9822
9824	3113	8639
9825	3114	9824
9826	2476	9825
9827	2449	9826
9828	3115	8639
9829	3116	9828
9830	2476	9829
9831	2449	9830
9832	3117	8639
9833	3118	9832
9834	2476	9833
9835	2449	9834
9836	3119	8639
9837	3120	9836
9838	2476	9837
9839	2449	9838
9840	3121	8639
9841	3122	9840
9842	2476	9841
9843	2449	9842
9844	3123	8639
9845	3124	9844
9846	2476	9845
9847	2449	9846
9848	3125	8639
9849	3126	9848
9850	2476	9849
9851	2449	9850
9852	3127	8639
9853	3128	9852
9854	2476	9853
9855	2449	9854
9856	3129	8639
9857	3130	9856
9858	2476	9857
9859	2449	9858
9860	3131	8639
9861	3132	9860
9862	2476	9861
9863	2449	9862
9864	3133	8639
9865	3134	9864
9866	2476	9865
9867	2449	9866
9868	3135	8639
9869	3136	9868
9870	2476	9869
9871	2449	9870
9872	3137	8639
9873	3138	9872
9874	2476	9873
9875	2449	9874
9876	3139	8639
9877	2476	9876
9878	2449	9877
9879	3140	8639
9880	2476	9879
9881	2449	9880
9882	3141	8639
9883	2476	9882
9884	2449	9883
9885	3142	8639
9886	3143	9885
9887	2476	9886
9888	2449	9887
9889	3144	8639
9890	3145	9889
9891	2476	9890
9892	2449	9891
9893	3146	8639
9894	3147	9893
9895	2476	9894
9896	2449	9895
9897	3148	8639
9898	2476	9897
9899	2449	9898
9900	3149	8639
9901	3150	9900
9902	2476	9901
9903	2449	9902
9904	3151	8639
9905	3152	9904
9906	2476	9905
9907	2449	9906
9908	3153	8639
9909	3154	9908
9910	2476	9909
9911	2449	9910
9912	3155	8639
9913	3156	9912
9914	2476	9913
9915	2449	9914
9916	3157	8639
9917	3158	9916
9918	2476	9917
9919	2449	9918
9920	3159	8639
9921	3160	9920
9922	2476	9921
9923	2449	9922
9924	3161	8639
9925	3162	9924
9926	2476	9925
9927	2449	9926
9928	3163	8639
9929	3164	9928
9930	2476	9929
9931	2449	9930
9932	3165	8639
9933	3166	9932
9934	2476	9933
9935	2449	9934
9936	3167	8639
9937	2476	9936
9938	2449	9937
9939	3168	8639
9940	2476	9939
9941	2449	9940
9942	3169	8639
9943	2476	9942
9944	2449	9943
9945	3170	8639
9946	3171	9945
9947	2476	9946
9948	2449	9947
9949	3172	8639
9950	3173	9949
9951	2476	9950
9952	2449	9951
9953	3174	8639
9954	2476	9953
9955	2449	9954
9956	3175	8639
9957	2476	9956
9958	2449	9957
9959	3176	8639
9960	2476	9959
9961	2449	9960
9962	3177	8639
9963	3178	9962
9964	2476	9963
9965	2449	9964
9966	3179	8639
9967	3180	9966
9968	2476	9967
9969	2449	9968
9970	3181	8639
9971	3182	9970
9972	2476	9971
9973	2449	9972
9974	3183	8639
9975	3184	9974
9976	2476	9975
9977	2449	9976
9978	3185	8639
9979	3186	9978
9980	2476	9979
9981	2449	9980
9982	3187	8639
9983	3188	9982
9984	2476	9983
9985	2449	9984
9986	3189	8639
9987	3190	9986
9988	2476	9987
9989	2449	9988
9990	3191	8639
9991	3192	9990
9992	2476	9991
9993	2449	9992
9994	3193	8639
9995	3194	9994
9996	2476	9995
9997	2449	9996
9998	3195	8639
9999	2476	9998
10000	2449	9999
10001	3196	8639
10002	2476	10001
10003	2449	10002
10004	3197	8639
10005	3198	10004
10006	2476	10005
10007	2449	10006
10008	3199	8639
10009	3200	10008
10010	2476	10009
10011	2449	10010
10012	3201	8639
10013	3202	10012
10014	2476	10013
10015	2449	10014
10016	3203	8639
10017	3204	10016
10018	2476	10017
10019	2449	10018
10020	3205	8639
10021	3206	10020
10022	2476	10021
10023	2449	10022
10024	3207	8639
10025	3208	10024
10026	2476	10025
10027	2449	10026
10028	3209	8639
10029	3210	10028
10030	2476	10029
10031	2449	10030
10032	3211	8639
10033	3212	10032
10034	2476	10033
10035	2449	10034
10036	3213	8639
10037	3214	10036
10038	2476	10037
10039	2449	10038
10040	3215	8639
10041	2476	10040
10042	2449	10041
10043	3216	8639
10044	3217	10043
10045	2476	10044
10046	2449	10045
10047	3218	8639
10048	3219	10047
10049	2476	10048
10050	2449	10049
10051	3220	8639
10052	3221	10051
10053	2476	10052
10054	2449	10053
10055	3222	8639
10056	2476	10055
10057	2449	10056
10058	3223	8639
10059	3224	10058
10060	2476	10059
10061	2449	10060
10062	3225	8639
10063	3226	10062
10064	2476	10063
10065	2449	10064
10066	3227	8639
10067	3228	10066
10068	2476	10067
10069	2449	10068
10070	3229	8639
10071	3230	10070
10072	2476	10071
10073	2449	10072
10074	3231	8639
10075	3232	10074
10076	2476	10075
10077	2449	10076
10078	3233	8639
10079	3234	10078
10080	2476	10079
10081	2449	10080
10082	3235	8639
10083	3236	10082
10084	2476	10083
10085	2449	10084
10086	3237	8639
10087	3238	10086
10088	2476	10087
10089	2449	10088
10090	3239	8639
10091	3240	10090
10092	2476	10091
10093	2449	10092
10094	3241	8639
10095	3242	10094
10096	2476	10095
10097	2449	10096
10098	3243	8639
10099	2476	10098
10100	2449	10099
10101	3244	8639
10102	3245	10101
10103	2476	10102
10104	2449	10103
10105	3246	8639
10106	3247	10105
10107	2476	10106
10108	2449	10107
10109	3248	8639
10110	2476	10109
10111	2449	10110
10112	3249	8639
10113	3250	10112
10114	2476	10113
10115	2449	10114
10116	3251	8639
10117	2476	10116
10118	2449	10117
10119	3252	8639
10120	2476	10119
10121	2449	10120
10122	3253	8639
10123	3254	10122
10124	2476	10123
10125	2449	10124
10126	3255	8639
10127	2476	10126
10128	2449	10127
10129	3256	8639
10130	3257	10129
10131	2476	10130
10132	2449	10131
10133	3258	8639
10134	2476	10133
10135	2449	10134
10136	3259	8639
10137	2476	10136
10138	2449	10137
10139	3260	8639
10140	3261	10139
10141	2476	10140
10142	2449	10141
10143	3262	8639
10144	2476	10143
10145	2449	10144
10146	3263	8639
10147	3264	10146
10148	2476	10147
10149	2449	10148
10150	3265	8639
10151	3266	10150
10152	2476	10151
10153	2449	10152
10154	3267	8639
10155	3268	10154
10156	2476	10155
10157	2449	10156
10158	3269	8639
10159	3270	10158
10160	2476	10159
10161	2449	10160
10162	3271	8639
10163	3272	10162
10164	2476	10163
10165	2449	10164
10166	3273	8639
10167	3274	10166
10168	2476	10167
10169	2449	10168
10170	3275	8639
10171	3276	10170
10172	2476	10171
10173	2449	10172
10174	3277	8639
10175	3278	10174
10176	2476	10175
10177	2449	10176
10178	3279	8639
10179	3280	10178
10180	2476	10179
10181	2449	10180
10182	3281	8639
10183	3282	10182
10184	2476	10183
10185	2449	10184
10186	3283	8639
10187	3284	10186
10188	2476	10187
10189	2449	10188
10190	3285	8639
10191	3286	10190
10192	2476	10191
10193	2449	10192
10194	3287	8639
10195	3288	10194
10196	2476	10195
10197	2449	10196
10198	3289	8639
10199	3290	10198
10200	2476	10199
10201	2449	10200
10202	3291	8639
10203	3292	10202
10204	2476	10203
10205	2449	10204
10206	3293	8639
10207	3294	10206
10208	2476	10207
10209	2449	10208
10210	3295	8639
10211	3296	10210
10212	2476	10211
10213	2449	10212
10214	3297	8639
10215	3298	10214
10216	2476	10215
10217	2449	10216
10218	3299	8639
10219	2476	10218
10220	2449	10219
10221	3300	8639
10222	2476	10221
10223	2449	10222
10224	3301	8639
10225	2476	10224
10226	2449	10225
10227	3302	8639
10228	2476	10227
10229	2449	10228
10230	3303	8639
10231	2476	10230
10232	2449	10231
10233	3304	8639
10234	2476	10233
10235	2449	10234
10236	3305	8639
10237	2476	10236
10238	2449	10237
10239	3306	8639
10240	2476	10239
10241	2449	10240
10242	3307	8639
10243	2476	10242
10244	2449	10243
10245	3308	8639
10246	2476	10245
10247	2449	10246
10248	3309	8639
10249	2476	10248
10250	2449	10249
10251	3310	8639
10252	2476	10251
10253	2449	10252
10254	3311	8639
10255	2476	10254
10256	2449	10255
10257	3312	8639
10258	2476	10257
10259	2449	10258
10260	3313	8639
10261	2476	10260
10262	2449	10261
10263	3314	8639
10264	2476	10263
10265	2449	10264
10266	3315	8639
10267	2476	10266
10268	2449	10267
10269	3316	8639
10270	2476	10269
10271	2449	10270
10272	3317	8639
10273	2476	10272
10274	2449	10273
10275	3318	8639
10276	3319	10275
10277	2476	10276
10278	2449	10277
10279	3320	8639
10280	3321	10279
10281	2476	10280
10282	2449	10281
10283	3322	8639
10284	3323	10283
10285	2476	10284
10286	2449	10285
10287	3324	8639
10288	3325	10287
10289	2476	10288
10290	2449	10289
10291	3326	8639
10292	3327	10291
10293	2476	10292
10294	2449	10293
10295	3328	8639
10296	2476	10295
10297	2449	10296
10298	3329	8639
10299	3330	10298
10300	2476	10299
10301	2449	10300
10302	3331	8639
10303	3332	10302
10304	2476	10303
10305	2449	10304
10306	3333	8639
10307	3334	10306
10308	2476	10307
10309	2449	10308
10310	3335	8639
10311	3336	10310
10312	2476	10311
10313	2449	10312
10314	3337	8639
10315	3338	10314
10316	2476	10315
10317	2449	10316
10318	3339	8639
10319	2476	10318
10320	2449	10319
10321	3340	8639
10322	3341	10321
10323	2476	10322
10324	2449	10323
10325	3342	8639
10326	3343	10325
10327	2476	10326
10328	2449	10327
10329	3344	8639
10330	2476	10329
10331	2449	10330
10332	3345	8639
10333	2476	10332
10334	2449	10333
10335	3346	8639
10336	2476	10335
10337	2449	10336
10338	3347	8639
10339	2476	10338
10340	2449	10339
10341	3348	8639
10342	2476	10341
10343	2449	10342
10344	3349	8639
10345	2476	10344
10346	2449	10345
10347	3350	8639
10348	3351	10347
10349	2476	10348
10350	2449	10349
10351	3352	8639
10352	3353	10351
10353	2476	10352
10354	2449	10353
10355	3354	8639
10356	2476	10355
10357	2449	10356
10358	3355	8639
10359	3356	10358
10360	2476	10359
10361	2449	10360
10362	3357	8639
10363	3358	10362
10364	2476	10363
10365	2449	10364
10366	3359	8639
10367	3360	10366
10368	2476	10367
10369	2449	10368
10370	3361	8639
10371	3362	10370
10372	2476	10371
10373	2449	10372
10374	3363	8639
10375	3364	10374
10376	2476	10375
10377	2449	10376
10378	3365	8639
10379	3366	10378
10380	2476	10379
10381	2449	10380
10382	3367	8639
10383	2476	10382
10384	2449	10383
10385	3368	8639
10386	3369	10385
10387	2476	10386
10388	2449	10387
10389	3370	8639
10390	3371	10389
10391	2476	10390
10392	2449	10391
10393	3372	8639
10394	3373	10393
10395	2476	10394
10396	2449	10395
10397	3374	8639
10398	3375	10397
10399	2476	10398
10400	2449	10399
10401	3376	8639
10402	3377	10401
10403	2476	10402
10404	2449	10403
10405	3378	8639
10406	3379	10405
10407	2476	10406
10408	2449	10407
10409	3380	8639
10410	3381	10409
10411	2476	10410
10412	2449	10411
10413	3382	8639
10414	3383	10413
10415	2476	10414
10416	2449	10415
10417	3384	8639
10418	3385	10417
10419	2476	10418
10420	2449	10419
10421	3386	8639
10422	2476	10421
10423	2449	10422
10424	3387	8639
10425	3388	10424
10426	2476	10425
10427	2449	10426
10428	3389	8639
10429	3390	10428
10430	2476	10429
10431	2449	10430
10432	3391	8639
10433	3392	10432
10434	2476	10433
10435	2449	10434
10436	3393	8639
10437	3394	10436
10438	2476	10437
10439	2449	10438
10440	3395	8639
10441	3396	10440
10442	2476	10441
10443	2449	10442
10444	3397	8639
10445	3398	10444
10446	2476	10445
10447	2449	10446
10448	3399	8639
10449	3400	10448
10450	2476	10449
10451	2449	10450
10452	3401	8639
10453	3402	10452
10454	2476	10453
10455	2449	10454
10456	3403	8639
10457	3404	10456
10458	2476	10457
10459	2449	10458
10460	3405	8639
10461	3406	10460
10462	2476	10461
10463	2449	10462
10464	3407	8639
10465	3408	10464
10466	2476	10465
10467	2449	10466
10468	3409	8639
10469	3410	10468
10470	2476	10469
10471	2449	10470
10472	3411	8639
10473	3412	10472
10474	2476	10473
10475	2449	10474
10476	3413	8639
10477	3414	10476
10478	2476	10477
10479	2449	10478
10480	3415	8639
10481	3416	10480
10482	2476	10481
10483	2449	10482
10484	3417	8639
10485	3418	10484
10486	2476	10485
10487	2449	10486
10488	3419	8639
10489	3420	10488
10490	2476	10489
10491	2449	10490
10492	3421	8639
10493	3422	10492
10494	2476	10493
10495	2449	10494
10496	3423	8639
10497	3424	10496
10498	2476	10497
10499	2449	10498
10500	3425	8639
10501	3426	10500
10502	2476	10501
10503	2449	10502
10504	3427	8639
10505	3428	10504
10506	2476	10505
10507	2449	10506
10508	3429	8639
10509	3430	10508
10510	2476	10509
10511	2449	10510
10512	3431	8639
10513	3432	10512
10514	2476	10513
10515	2449	10514
10516	3433	8639
10517	3434	10516
10518	2476	10517
10519	2449	10518
10520	3435	8639
10521	3436	10520
10522	2476	10521
10523	2449	10522
10524	3437	8639
10525	3438	10524
10526	2476	10525
10527	2449	10526
10528	3439	8639
10529	3440	10528
10530	2476	10529
10531	2449	10530
10532	3441	8639
10533	3442	10532
10534	2476	10533
10535	2449	10534
10536	3443	8639
10537	3444	10536
10538	2476	10537
10539	2449	10538
10540	3445	8639
10541	3446	10540
10542	2476	10541
10543	2449	10542
10544	3447	8639
10545	3448	10544
10546	2476	10545
10547	2449	10546
10548	3449	8639
10549	3450	10548
10550	2476	10549
10551	2449	10550
10552	3451	8639
10553	3452	10552
10554	2476	10553
10555	2449	10554
10556	3453	8639
10557	3454	10556
10558	2476	10557
10559	2449	10558
10560	3455	8639
10561	3456	10560
10562	2476	10561
10563	2449	10562
10564	3457	8639
10565	3458	10564
10566	2476	10565
10567	2449	10566
10568	3459	8639
10569	3460	10568
10570	2476	10569
10571	2449	10570
10572	3461	8639
10573	3462	10572
10574	2476	10573
10575	2449	10574
10576	3463	8639
10577	3464	10576
10578	2476	10577
10579	2449	10578
10580	3465	8639
10581	3466	10580
10582	2476	10581
10583	2449	10582
10584	3467	8639
10585	3468	10584
10586	2476	10585
10587	2449	10586
10588	3469	8639
10589	3470	10588
10590	2476	10589
10591	2449	10590
10592	3471	8639
10593	3472	10592
10594	2476	10593
10595	2449	10594
10596	3473	8639
10597	3474	10596
10598	2476	10597
10599	2449	10598
10600	3475	8639
10601	3476	10600
10602	2476	10601
10603	2449	10602
10604	3477	8639
10605	3478	10604
10606	2476	10605
10607	2449	10606
10608	3479	8639
10609	3480	10608
10610	2476	10609
10611	2449	10610
10612	3481	8639
10613	3482	10612
10614	2476	10613
10615	2449	10614
10616	3483	8639
10617	3484	10616
10618	2476	10617
10619	2449	10618
10620	3485	8639
10621	3486	10620
10622	2476	10621
10623	2449	10622
10624	3487	8639
10625	3488	10624
10626	2476	10625
10627	2449	10626
10628	3489	8639
10629	3490	10628
10630	2476	10629
10631	2449	10630
10632	3491	8639
10633	3492	10632
10634	2476	10633
10635	2449	10634
10636	3493	8639
10637	3494	10636
10638	2476	10637
10639	2449	10638
10640	3495	8639
10641	3496	10640
10642	2476	10641
10643	2449	10642
10644	3497	8639
10645	3498	10644
10646	2476	10645
10647	2449	10646
10648	3499	8639
10649	3500	10648
10650	2476	10649
10651	2449	10650
10652	3501	8639
10653	3502	10652
10654	2476	10653
10655	2449	10654
10656	3503	8639
10657	2476	10656
10658	2449	10657
10659	3504	8450
10660	3505	10659
10661	2449	10660
10672	3509	10659
10673	3510	10672
10674	3511	10673
10675	3512	10674
10676	3513	10675
10677	3514	10676
10678	3515	10673
10679	3516	10678
10680	2449	10679
10687	3521	10673
10688	3516	10687
10689	2449	10688
10693	3523	10672
10694	3524	10693
10695	2449	10694
10696	3525	10693
10697	3526	10696
10698	3527	10697
10699	3512	10698
10700	3513	10699
10701	3514	10700
10702	3528	10672
10703	2449	10702
10704	3529	10659
10705	2513	10704
10706	2449	10705
10707	2514	10704
10708	2515	10707
10709	2449	10708
10710	2516	10707
10711	2517	10710
10712	2449	10711
10713	2518	10707
10714	2519	10713
10715	2449	10714
10724	3530	8449
10725	3531	10724
10726	3532	10725
10727	3533	10726
10728	2449	10727
10729	3534	10726
10730	3535	10729
10731	2515	10730
10732	2449	10731
10733	2516	10730
10734	2517	10733
10735	2449	10734
10736	2518	10730
10737	2519	10736
10738	2449	10737
10739	3536	8377
10740	1444	10739
10741	3537	8377
10742	1444	10741
10743	3538	8377
10744	1444	10743
10745	3539	8377
10746	3540	10745
10747	3541	10745
10748	3542	10747
10749	90	10748
10755	3545	8377
10756	3546	10755
10757	977	10756
10758	978	10757
10759	979	10758
10760	100	10759
10761	980	10756
10762	3547	10755
10763	3548	10755
10765	3550	10755
10766	987	10765
10767	988	10766
10768	989	10767
10769	3551	8377
10770	3552	10769
10771	3553	10770
10772	3554	10771
10773	3555	10772
10774	3556	10773
10775	980	10774
10776	3557	10772
10777	3558	10771
10778	42	10777
10779	3559	10770
10780	3560	10779
10781	3561	10780
10782	3562	10781
10783	3563	10782
10784	3564	4063
10785	3565	10784
10786	1021	10785
10787	42	10786
10788	3566	4063
10789	3567	10788
10790	3568	10789
10791	3569	10790
10792	3570	10791
10793	3571	10792
10794	3572	10793
10795	3573	10791
10796	3574	10795
10797	3575	10796
10798	3576	10797
10799	3577	10798
10800	1412	10799
10801	3578	10798
10802	3579	10797
10803	3580	10802
10804	3581	10803
10805	1006	10804
10806	3582	10805
10807	3583	10806
10808	3584	10807
10809	3585	10807
10810	3586	10802
10811	3587	10797
10812	3588	10811
10813	3589	10796
10814	3590	10813
10815	3591	10814
10816	3592	10814
10817	3593	10813
10818	3594	10796
10819	3595	10796
10820	1444	10819
10821	3596	10796
10822	3597	10796
10823	3598	10791
10824	3599	10791
10825	3600	10824
10826	3601	10790
10827	3602	10826
10829	3604	10827
10830	3605	10826
10831	3606	10826
10832	3607	10826
10874	3643	10826
10875	3644	10874
10876	3645	10875
10877	3646	10876
10878	3647	10876
10879	3648	10876
10880	3649	10875
10881	3650	10880
10883	3652	10875
10887	3655	10883
10888	3656	10887
10889	3657	10888
10905	3667	10889
10906	3668	10905
10910	3671	10906
10916	3674	10875
10917	3675	10875
10918	3676	10875
10923	3681	10875
10924	3682	10923
10925	3683	10923
10926	3684	10925
10927	3685	10925
10928	3686	10923
10929	3687	10923
10930	3688	10923
10931	3689	10923
10932	3690	10923
10933	3691	10923
10934	3692	10875
10935	3693	10875
10936	3694	10935
10941	3699	10875
10942	3700	10875
10943	3701	10942
10944	3702	10942
10945	3703	10875
10946	3704	10945
10947	3705	10875
10948	3706	10947
10949	3707	10948
10950	3708	10949
10951	3709	10950
10952	2449	10951
10953	3710	10949
10954	3711	10953
10955	2449	10954
10956	3712	10949
10957	3713	10948
10958	3714	10957
10959	3715	10958
10960	3716	10958
10961	3717	10960
10962	3718	10961
10963	2449	10962
10964	3719	10961
10965	3720	10964
10966	2449	10965
10967	3721	10960
10968	2449	10967
10969	3722	10960
10970	2449	10969
10971	3723	10960
10972	2449	10971
10973	3724	10960
10974	2449	10973
10975	3725	10960
10976	2449	10975
10977	3726	10960
10978	3727	10977
10979	2449	10978
10980	3728	10977
10981	2449	10980
10982	3729	10960
10983	2449	10982
10984	3730	10960
10985	3731	10984
10986	2449	10985
10987	3732	10960
10988	2449	10987
10989	3733	10960
10990	3734	10989
10991	2449	10990
10992	3735	10957
10993	3736	10992
10994	3737	10993
10995	2449	10994
10996	3738	10993
10997	3739	10996
10998	2449	10997
10999	3740	10996
11000	3741	10999
11001	3742	11000
11002	2449	11001
11006	3745	11000
11007	2449	11006
11011	3747	11000
11012	2449	11011
11016	3749	11000
11017	2449	11016
11018	3750	11000
11019	2449	11018
11020	3751	11000
11021	3744	11020
11022	2449	11021
11023	3752	10999
11024	2449	11023
11025	3753	10999
11026	2449	11025
11027	3754	10999
11028	3755	11027
11029	3756	11028
11030	2449	11029
11031	3757	10999
11032	2449	11031
11033	3758	10999
11034	2449	11033
11035	3759	10999
11036	2449	11035
11037	3760	10999
11038	3761	11037
11039	2449	11038
11052	3768	10996
11053	2449	11052
11058	3763	10996
11059	3764	11058
11060	2449	11059
11061	3770	10992
11062	3771	11061
11063	2449	11062
11064	3772	11061
11065	3773	11064
11066	2449	11065
11067	3774	11064
11068	3775	11067
11069	3776	11067
11070	2449	11069
11071	3777	11064
11072	2449	11071
11073	3778	11064
11074	3779	11073
11075	3780	11061
11076	3781	11075
11077	3782	11076
11078	3783	11077
11079	2449	11078
11080	3784	11075
11081	2449	11080
11082	3785	11075
11083	2449	11082
11084	3786	11075
11085	2449	11084
11086	3787	11075
11087	3788	11086
11088	3789	11087
11089	2449	11088
11090	3790	10992
11091	3791	11090
11092	3792	11091
11093	2449	11092
11094	3793	11091
11095	3794	11094
11096	2449	11095
11097	3795	11094
11098	3796	11097
11099	2449	11098
11102	3798	10992
11103	3799	11102
11104	3800	11103
11105	3801	11104
11106	3802	11105
11107	2449	11106
11108	3803	11105
11109	2449	11108
11110	3804	11104
11111	3805	11110
11112	3806	11111
11113	3807	11112
11114	3808	11111
11115	2449	11114
11116	3809	11111
11117	3810	11116
11118	3811	11117
11119	2449	11118
11120	3812	11116
11121	2449	11120
11122	3813	11104
11123	3814	11122
11124	2449	11123
11125	3815	11104
11126	2449	11125
11127	3816	11104
11128	2449	11127
11129	3817	11104
11130	2449	11129
11131	3818	11104
11132	3819	11131
11133	2449	11132
11134	3820	11104
11135	2449	11134
11136	3821	11104
11137	2449	11136
11138	3822	11104
11139	2449	11138
11140	3823	11104
11141	2449	11140
11142	3824	11104
11143	2449	11142
11144	3825	11104
11145	2449	11144
11146	3826	11104
11147	2449	11146
11148	3827	11104
11149	2449	11148
11150	3828	11104
11151	2449	11150
11152	3829	11104
11153	3830	11152
11154	3831	11153
11155	2449	11154
11156	3832	11104
11157	2449	11156
11158	3833	11104
11159	2449	11158
11160	3834	11104
11161	3835	11160
11162	2449	11161
11163	3836	11104
11164	2449	11163
11165	3837	11104
11166	3838	11165
11167	2449	11166
11168	3839	11165
11173	3843	11168
11174	2449	11173
11175	3844	11168
11176	3810	11175
11177	3811	11176
11178	2449	11177
11179	3812	11175
11180	2449	11179
11181	3845	11104
11182	2449	11181
11183	3846	11104
11190	3850	11183
11191	2449	11190
11192	3851	11183
11193	3810	11192
11194	3811	11193
11195	2449	11194
11196	3812	11192
11197	2449	11196
11198	3852	11104
11209	3855	11198
11210	2449	11209
11211	3856	11198
11212	3857	11211
11213	3858	11212
11214	2449	11213
11218	3860	11211
11219	2476	11218
11220	2449	11219
11221	3861	11198
11222	2449	11221
11223	3862	11198
11224	3863	11223
11225	2449	11224
11226	3864	11198
11227	2449	11226
11228	3865	11198
11229	2459	11228
11230	2449	11229
11231	3866	11104
11232	3867	11231
11233	2449	11232
11234	3868	11104
11235	2449	11234
11236	3869	11104
11237	3870	11236
11238	3871	11237
11239	2449	11238
11240	3872	11236
11241	2449	11240
11242	3873	11236
11243	3874	11242
11244	3875	11243
11245	3876	11244
11246	3877	11245
11247	3878	11244
11248	3879	11247
11249	3880	11247
11250	3881	11244
11251	3882	11104
11252	2449	11251
11253	3883	11104
11254	2449	11253
11255	3884	11104
11256	3885	11255
11257	2449	11256
11258	3886	11255
11259	3887	11258
11260	3888	11259
11261	2449	11260
11262	3889	11259
11263	3535	11262
11264	2515	11263
11265	2449	11264
11266	2516	11263
11267	2517	11266
11268	2449	11267
11272	3890	11255
11273	3891	11272
11274	2449	11273
11275	3892	11255
11276	2449	11275
11277	3893	11255
11278	2449	11277
11279	3894	11255
11280	2449	11279
11281	3895	11255
11282	2449	11281
11283	3896	11255
11284	2449	11283
11285	3897	11255
11286	2449	11285
11287	3898	11255
11288	2449	11287
11289	3899	11255
11290	2449	11289
11291	3900	11255
11292	3901	11291
11293	2449	11292
11294	3902	11255
11295	2449	11294
11296	3903	11255
11297	3904	11296
11298	2449	11297
11299	3905	11296
11300	2449	11299
11301	3906	11296
11302	2449	11301
11303	3907	11104
11304	3908	11303
11305	3909	11304
11306	3910	11305
11307	2449	11306
11310	3912	11304
11311	2449	11310
11312	3913	11304
11321	3919	11312
11322	3920	11321
11323	3921	11322
11324	3922	11323
11325	3923	11324
11326	3924	11325
11327	2449	11326
11328	3925	11324
11329	3926	11328
11330	2449	11329
11331	3927	11312
11332	3928	11331
11333	3841	11332
11334	3929	11331
11335	3930	11334
11336	2449	11335
11337	3931	11104
11338	3932	11337
11339	3841	11338
11340	3933	11337
11341	3934	11340
11342	2449	11341
11343	3935	11340
11344	3936	11343
11345	2449	11344
11346	3937	11337
11347	3841	11346
11348	3938	11337
11349	3841	11348
11350	3939	11337
11351	3841	11350
11352	3940	11337
11353	3934	11352
11354	2449	11353
11355	3935	11352
11356	3936	11355
11357	2449	11356
11358	3941	11337
11359	3841	11358
11360	3942	11337
11361	3841	11360
11362	3943	11337
11363	3841	11362
11364	3944	11337
11365	3934	11364
11366	2449	11365
11367	3935	11364
11368	3936	11367
11369	2449	11368
11370	3945	11337
11371	3841	11370
11372	3946	11337
11373	3947	11372
11374	3948	11373
11375	3949	11374
11376	3950	11375
11377	2449	11376
11378	3951	11373
11379	3949	11378
11380	3952	11379
11381	2449	11380
11382	3953	11373
11383	3949	11382
11384	3952	11383
11385	2449	11384
11386	3954	11373
11387	3949	11386
11388	3952	11387
11389	2449	11388
11390	3955	11372
11391	2449	11390
11392	3956	11337
11393	2449	11392
11394	3957	11337
11395	2449	11394
11396	3958	11337
11397	2449	11396
11407	3961	11337
11408	2449	11407
11409	3962	11337
11410	2449	11409
11411	3963	11337
11412	3964	11411
11413	2449	11412
11422	3971	11104
11423	2449	11422
11427	3975	11104
11428	2449	11427
11429	3976	11104
11434	3979	11429
11435	3980	11434
11436	2449	11435
11439	3982	11104
11440	3983	11439
11441	2449	11440
11442	3984	11439
11443	3985	11442
11444	2449	11443
11445	3986	11442
11446	3987	11445
11447	2449	11446
11448	3988	11439
11449	3989	11448
11450	2449	11449
11453	3991	11104
11454	2449	11453
11455	3992	11104
11456	2485	11455
11457	2486	11456
11458	2449	11457
11459	3993	11104
11460	2449	11459
11461	3994	11104
11462	2449	11461
11470	3996	11104
11471	3997	11470
11472	3998	11471
11473	3999	11472
11474	2449	11473
11475	4000	11470
11478	4002	11475
11479	4003	11478
11480	4004	11479
11481	4005	11480
11482	2476	11481
11483	2449	11482
11497	4011	11104
11498	4012	11497
11499	4013	11498
11500	472	11499
11501	4014	11497
11502	4015	11501
11503	4016	11502
11504	4017	11503
11505	4018	11504
11506	4019	11505
11507	4020	11506
11508	4021	11507
11509	4022	11508
11510	4023	11509
11511	4024	11510
11512	2449	11511
11513	4025	11510
11514	4026	11513
11515	4027	11514
11516	2449	11515
11517	4028	11510
11518	4029	11517
11519	4030	11518
11520	2449	11519
11521	4031	11518
11522	2449	11521
11523	4032	11510
11524	4033	11523
11525	4034	11524
11526	2449	11525
11530	4037	11505
11531	4038	11530
11532	4020	11531
11533	4021	11532
11534	4022	11533
11535	4023	11534
11536	4024	11535
11537	2449	11536
11538	4025	11535
11539	4026	11538
11540	4027	11539
11541	2449	11540
11542	4028	11535
11543	4029	11542
11544	4030	11543
11545	2449	11544
11546	4031	11543
11547	2449	11546
11548	4032	11535
11549	4033	11548
11550	4034	11549
11551	2449	11550
11563	4044	11497
11564	4045	11563
11565	3999	11564
11566	2449	11565
11567	4046	11104
11568	4047	11567
11569	4048	11568
11570	4049	11569
11571	4050	11570
11572	2526	11571
11573	4051	11572
11574	2529	11573
11575	2449	11574
11576	2530	11573
11577	2517	11576
11578	2449	11577
11585	4052	11569
11586	2449	11585
11587	4053	11104
11588	2449	11587
11589	4054	11104
11591	4056	11589
11592	3512	11591
11593	3513	11592
11594	3514	11593
11607	4063	11589
11608	4058	11607
11609	4059	11608
11610	4064	10948
11611	4065	11610
11612	4066	10948
11613	4067	11612
11614	4068	11613
11615	4069	10948
11616	3797	11615
11617	2449	11616
11618	4070	10875
11619	4071	11618
11620	4072	11618
11621	4073	11620
11622	4074	10875
11623	4075	11622
11624	4076	11622
11625	4077	11622
11626	4078	11625
11627	4079	10875
11628	4080	10875
11629	4081	11628
11630	4082	10875
11631	4083	11630
11632	4084	10875
11633	4085	11632
11634	4068	11633
11635	4086	10875
11636	4087	11635
11637	4088	11636
11638	2449	11637
11639	4089	10875
11640	4090	11639
11641	4091	11640
11642	4092	11641
11643	4093	11642
11644	4094	11643
11645	4095	11644
11646	4096	11645
11647	4097	11646
11648	2449	11647
11657	4099	11643
11658	4100	11657
11666	4102	11658
11673	4106	11666
11674	4003	11673
11675	4107	11674
11686	4112	11675
11687	4113	11686
11688	4108	11687
11689	4107	11688
11690	4112	11689
11691	4113	11690
11692	4108	11691
11693	4107	11692
11694	4112	11693
11695	4113	11694
11696	4108	11695
11697	4107	11696
11698	4112	11697
11699	4113	11698
11700	4108	11699
11701	4107	11700
11702	4112	11701
11703	4113	11702
11704	4108	11703
11705	4107	11704
11706	4112	11705
11707	4113	11706
11708	4112	11707
11709	4113	11708
11710	4112	11709
11711	4113	11710
11724	4112	11711
11725	4119	11724
11726	4120	11725
11727	4121	11726
11728	4122	11727
11729	4048	11728
11730	4049	11729
11731	4050	11730
11732	2526	11731
11733	4051	11732
11734	2529	11733
11735	2449	11734
11736	2530	11733
11737	2517	11736
11738	2449	11737
11745	4052	11729
11746	2449	11745
11963	4183	11642
11964	4184	11963
11965	2449	11964
11966	4185	11963
11967	2449	11966
11970	4188	11642
11971	4189	11970
11972	4190	11971
11973	4191	11972
11974	3512	11973
11975	3513	11974
11976	3514	11975
11977	4192	11972
11978	3516	11977
11979	2449	11978
11980	3517	11977
11981	3518	11980
11982	2449	11981
11983	4193	11972
11984	3520	11983
11985	2449	11984
11995	4196	11971
11996	4197	11995
11997	4198	11996
11998	2449	11997
11999	4199	11995
12000	4200	11999
12001	2449	12000
12009	4206	10875
12010	4207	12009
12011	4068	12010
12065	4228	10875
12066	4229	12065
12067	4230	12066
12068	4231	12067
12069	4232	12068
12070	4013	12069
12071	472	12070
12419	4382	12067
12420	4383	12419
12430	4390	12420
12431	4013	12430
12432	472	12431
12433	4391	12420
12434	4013	12433
12435	472	12434
12436	4392	12065
12437	4393	12436
12438	4394	12437
12439	4395	12438
12440	4396	12439
12441	4397	12440
12442	4398	12441
12452	4398	12442
12465	4406	12452
12532	4398	12465
12661	4398	12532
12727	4398	12661
12728	4449	12727
12729	4400	12728
12730	4450	12729
12731	4013	12730
12732	472	12731
12760	4472	12661
12761	4473	12760
12837	4492	12661
12838	4400	12837
12839	4493	12838
12840	4494	12839
12841	4495	12840
12842	4496	12841
12863	4509	12842
12864	4510	12863
12865	4511	12864
12866	4512	12865
12867	4513	12866
12868	2449	12867
12869	4514	12866
12870	2449	12869
12871	4515	8433
12872	4516	12871
12905	4526	12761
12906	4527	12905
12907	4528	12906
12908	4529	12907
12909	4530	12908
12910	4531	12909
12911	4532	12910
12912	4533	12911
12913	4020	12912
12914	4021	12913
12915	4022	12914
12916	4023	12915
12917	4024	12916
12918	2449	12917
12919	4025	12916
12920	4026	12919
12921	4027	12920
12922	2449	12921
12927	4028	12916
12928	4029	12927
12929	4030	12928
12930	2449	12929
12931	4031	12928
12932	2449	12931
12945	4032	12916
12946	4033	12945
12947	4034	12946
12948	2449	12947
12952	4544	12872
13025	4569	12952
13026	4570	13025
13027	4571	13026
13028	4020	13027
13029	4021	13028
13030	4022	13029
13031	4023	13030
13032	4572	13031
13033	4573	13032
13034	4574	13033
13035	4575	13034
13036	4576	13035
13037	4577	13036
13038	2529	13037
13039	2449	13038
13040	2530	13037
13041	2517	13040
13042	2449	13041
13125	4600	13025
13126	4601	13125
13127	4602	13126
13128	4020	13127
13129	4021	13128
13130	4022	13129
13131	4023	13130
13132	4024	13131
13133	2449	13132
13134	4025	13131
13135	4026	13134
13136	4027	13135
13137	2449	13136
13138	4028	13131
13139	4029	13138
13140	4030	13139
13141	2449	13140
13142	4031	13139
13143	2449	13142
13151	4032	13131
13152	4033	13151
13153	4034	13152
13154	2449	13153
13227	4623	12872
13228	3841	13227
13348	4645	0
13349	4646	13348
13356	4649	13349
13357	4525	13356
13358	3966	13357
13359	3967	13358
13360	2449	13359
13361	4650	12532
13362	4651	13361
13363	4400	13362
13364	4652	13363
13365	4653	13364
13366	4654	13365
13367	4655	13366
13370	4657	13367
13373	4659	13370
13378	4661	13373
13379	4662	13378
13380	2449	13379
13382	4664	13378
13383	4665	13382
13406	4679	13367
13407	4680	13406
13408	4013	13407
13409	472	13408
13436	4684	12532
13437	4472	13436
13438	4473	13437
13439	4474	13438
13440	4475	13439
13441	4476	13440
13442	4477	13441
13443	4156	13442
13444	4685	13443
13445	4686	13444
13446	4687	13445
13447	4688	13446
13448	4689	13447
13449	4628	13448
13450	4020	13449
13451	4132	13450
13452	4690	13451
13453	4691	13452
13454	2449	13453
13455	4692	12872
13456	4693	13455
13457	4694	13456
13489	4703	13457
13490	4704	13489
13491	4705	13490
13501	4708	13491
13502	4709	13501
13503	4710	13502
13504	4711	13503
13505	4712	13504
13506	4713	13505
13507	4714	13506
13508	4715	13507
13509	3512	13508
13510	3513	13509
13511	3514	13510
13657	4753	13457
14032	4829	13657
14060	4835	14032
14061	4595	14060
14062	4596	14061
14063	4597	14062
14064	4598	14063
14065	4599	14064
14066	2449	14065
14093	4843	12872
14094	3841	14093
14992	4942	10875
14993	4943	14992
14999	4947	14992
15000	4948	14992
15001	4949	15000
15002	4950	15001
15003	4951	15002
15004	4952	15003
15005	4953	15000
15006	4954	10875
15007	4955	15006
15008	4956	15007
15009	4957	15007
15010	4958	15006
15011	4959	15010
15012	4960	15010
15013	4961	15006
15014	4956	15013
15015	4957	15013
15016	4962	15006
15017	4963	15016
15018	4964	10875
15024	4966	10875
15026	4968	15024
15027	4969	15026
15028	4210	15027
15029	4211	15028
15030	4212	15029
15031	4213	15030
15032	2449	15031
15033	4970	10875
15050	4980	15033
15051	4087	15050
15052	4088	15051
15053	2449	15052
15054	4981	15033
15055	4982	15054
15056	4983	15055
15057	4984	15056
15058	4985	15033
15066	4991	15058
15067	4992	15066
15068	4993	15067
15069	4984	15068
15070	4994	15066
15071	428	15070
15072	429	15071
15079	4999	15033
15080	5000	15079
15081	5001	15080
15082	5002	15081
15083	5003	10875
15084	5004	15083
15085	5005	15084
15086	5006	15085
15087	5007	15086
15088	5008	15087
15089	5009	15088
15090	4068	15089
15091	5010	15087
15092	5011	15091
15093	4068	15092
15586	5075	10875
15587	4393	15586
15588	4394	15587
15589	4395	15588
15590	4396	15589
15591	4397	15590
15592	4398	15591
15602	4398	15592
15665	5076	15602
15666	5077	15665
15667	5078	15666
15668	5079	15667
15669	5080	15668
15670	4472	15669
15671	5081	15670
15672	5082	15671
15673	5083	15672
15674	5084	15673
15675	5085	15672
15676	2449	15675
15677	5086	15671
15678	2449	15677
15679	5087	15671
15680	5088	15679
15681	3841	15680
15899	5111	10875
15904	5115	15899
15966	5121	15904
15967	5122	15966
15968	5123	15967
16017	5149	10875
16018	5150	16017
16019	5151	16018
16020	5152	16018
16021	42	16020
16022	5153	16017
16067	5184	16022
16068	5185	16067
16211	5121	16068
16212	5122	16211
16213	5123	16212
16227	5199	16022
16228	5125	16227
16229	5126	16228
16230	5127	16229
16231	5128	16230
16743	5228	16068
16746	5231	16068
16747	5165	16746
16761	5239	16747
16762	5113	16761
16824	5130	16231
16825	5131	16824
16826	4913	16825
16827	4395	16826
16828	4396	16827
16829	4397	16828
16830	4398	16829
17663	4399	16830
17664	4400	17663
17665	4401	17664
17666	4592	17665
17667	5287	17666
17668	5288	17667
17669	5289	17668
17670	5290	17669
17671	5291	17670
17682	5299	17671
17683	5300	17682
17686	5302	17683
17687	2449	17686
17688	5303	17670
17689	5304	17688
17692	5306	17689
17693	5307	17692
17694	2449	17693
18223	5341	16022
18230	5004	18223
18231	5005	18230
18232	5144	18231
18237	5345	18232
18238	5346	18237
18239	5347	18238
18240	5348	18239
18241	4395	18240
18242	4396	18241
18243	4397	18242
18244	5349	18243
18245	4398	18244
18262	5350	18232
18263	5345	18262
18264	5346	18263
18265	5347	18264
18266	5348	18265
18267	4395	18266
18268	4396	18267
18269	4397	18268
18270	5349	18269
18271	4398	18270
18821	4398	18245
18901	5076	18271
18902	5077	18901
18903	5078	18902
18904	5079	18903
18905	5080	18904
18906	4472	18905
18907	5081	18906
18908	5082	18907
18909	5083	18908
18910	5084	18909
18911	5085	18908
18912	2449	18911
18913	5086	18907
18914	2449	18913
18915	5087	18907
18916	5088	18915
18917	3841	18916
19808	4895	18271
19809	5077	19808
19810	5078	19809
19811	5079	19810
19812	5080	19811
19813	4472	19812
19814	5081	19813
19815	5082	19814
19816	5083	19815
19817	5084	19816
19818	5085	19815
19819	2449	19818
19820	5086	19814
19821	2449	19820
19822	5087	19814
19823	5088	19822
19824	3841	19823
20126	4398	18821
20127	5462	20126
20128	5463	20127
20129	5464	20128
20130	5465	20129
20131	4472	20130
20132	5466	20131
20133	5467	20132
20134	5468	20133
20135	5469	20134
20136	5470	20135
20137	5471	20136
20138	5472	20137
20139	5473	20138
20140	5474	20139
20141	5475	20140
20142	5476	20141
20143	4013	20142
20144	472	20143
20145	5477	20140
20146	5478	20145
20147	4013	20146
20148	472	20147
20166	5483	20140
20167	5484	20166
20168	5485	20167
20249	5513	20168
20250	5514	20249
20253	5516	20250
20254	5517	20253
20255	5518	20254
20256	5519	20255
20259	5504	20256
20260	4020	20259
20261	4132	20260
20262	4133	20261
20263	4134	20262
20264	4024	20263
20265	2449	20264
20443	5544	10826
20444	5545	10826
20445	5546	20444
20446	5547	10826
20447	5548	20446
20448	5549	20446
20449	5550	20448
20450	2449	20449
20454	5554	10789
20455	5555	20454
20456	5556	20455
20457	5557	20454
20462	5561	10789
20463	5562	20462
20464	5563	10789
20465	5564	20464
20466	5565	10789
20467	5566	20466
20468	5567	20466
20469	5559	20468
20470	5560	20469
20471	432	20470
20472	5568	10789
20473	5569	20472
20474	5570	20473
20475	5571	20474
20476	42	20475
21418	5728	10789
21419	5729	21418
21420	5730	21419
21421	5731	21420
21422	5732	21421
21423	5733	21422
21424	5734	21423
21425	5735	21424
21426	5736	21425
21427	5737	21426
21440	5741	21427
21444	3671	21440
21449	5744	21427
21598	5121	21449
21599	5122	21598
21600	5123	21599
21601	4989	21598
21602	4990	21601
21603	484	21602
21604	4997	21598
21605	4998	21604
21606	484	21605
21607	5750	21427
21609	5752	21607
21614	5164	21609
21615	5165	21614
21616	5753	21615
21628	5761	21616
21632	5764	21427
21633	5765	21632
21634	5165	21633
21635	5753	21634
21698	5771	21427
21699	5772	21698
21700	5773	21698
21701	5774	21700
21702	5775	21701
21703	5776	21427
21704	5777	21703
21714	5781	21704
21715	5782	21714
21716	5783	21715
21717	4395	21716
21718	4396	21717
21719	4397	21718
21720	5784	21719
21721	5785	21720
21722	5786	21721
21723	2449	21722
21724	5787	21427
21725	5788	21724
21868	5797	21725
22054	5228	21449
22057	5231	21449
22058	5165	22057
22059	5753	22058
22060	5754	22059
22073	5812	22060
22075	5755	22073
22076	5813	22075
22077	5814	22076
22078	3664	22077
22079	3665	22078
22080	5815	22076
22082	5762	21635
22083	5763	22082
22084	957	22083
22851	4986	21598
22852	4987	22851
22853	4988	22852
22854	4984	22853
22855	4991	21598
22856	4995	22855
22857	4996	22856
22858	4984	22857
22873	5897	21868
22874	5898	22873
22875	5899	22874
22876	5472	22875
22877	5473	22876
22878	5474	22877
22879	5483	22878
22880	5484	22879
22881	5485	22880
22947	5513	22881
22948	5514	22947
22951	5516	22948
22952	5517	22951
22953	5518	22952
22954	5519	22953
22961	5904	12872
22962	5518	22961
22963	5519	22962
22968	5905	22954
22969	4020	22968
22970	4021	22969
22971	4022	22970
22972	4023	22971
22973	4024	22972
22974	2449	22973
22975	4025	22972
22976	4026	22975
22977	4027	22976
22978	2449	22977
22979	4028	22972
22980	4029	22979
22981	4030	22980
22982	2449	22981
22983	4031	22980
22984	2449	22983
22989	5521	22961
22995	5910	22989
23000	5913	22995
23004	4032	22972
23005	4033	23004
23006	4034	23005
23007	2449	23006
23012	5919	22995
23013	5920	23012
23014	5905	23013
23015	4020	23014
23016	4021	23015
23017	4022	23016
23018	4023	23017
23019	4024	23018
23020	2449	23019
23021	4025	23018
23022	4026	23021
23023	4027	23022
23024	2449	23023
23025	4028	23018
23026	4029	23025
23027	4030	23026
23028	2449	23027
23029	4031	23026
23030	2449	23029
23031	4032	23018
23032	4033	23031
23033	4034	23032
23034	2449	23033
23041	5521	22952
23042	5910	23041
23043	5913	23042
23044	5921	23043
23238	5758	22080
23239	5759	23238
23240	3664	23239
23241	3665	23240
23832	5905	22963
23833	4020	23832
23834	4021	23833
23835	4022	23834
23836	4023	23835
23837	4024	23836
23838	2449	23837
23839	4025	23836
23840	4026	23839
23841	4027	23840
23842	2449	23841
23843	4028	23836
23844	4029	23843
23845	4030	23844
23846	2449	23845
23847	4031	23844
23848	2449	23847
23849	4032	23836
23850	4033	23849
23851	4034	23850
23852	2449	23851
23877	5905	23044
23878	4020	23877
23879	4021	23878
23880	4022	23879
23881	4023	23880
23882	4024	23881
23883	2449	23882
23884	4025	23881
23885	4026	23884
23886	4027	23885
23887	2449	23886
23888	4028	23881
23889	4029	23888
23890	4030	23889
23891	2449	23890
23892	4031	23889
23893	2449	23892
23894	4032	23881
23895	4033	23894
23896	4034	23895
23897	2449	23896
24238	6005	21427
24242	3671	24238
24247	6008	21427
24373	5228	24247
24376	5231	24247
24377	5165	24376
24378	5753	24377
24379	5754	24378
24392	5812	24379
24394	5755	24392
24395	5813	24394
24396	5814	24395
24397	3664	24396
24398	3665	24397
24401	5121	24247
24402	5122	24401
24403	5123	24402
24404	6010	21427
24406	6012	24404
24411	5164	24406
24412	5165	24411
24413	5753	24412
24425	5761	24413
24542	6017	21427
24543	5772	24542
24781	6039	10789
24782	6040	24781
24783	3554	24782
24784	3557	24783
24785	3558	24782
24786	42	24785
24789	6043	24781
24790	3560	24789
24791	3561	24790
24792	3562	24791
24793	3563	24792
25071	6086	6326
25072	6087	25071
25073	6088	25072
25074	730	25073
25075	1970	6324
25076	71	25075
25077	2039	6324
25078	71	25077
25088	2019	6344
25089	2020	25088
25090	1850	25089
25091	1851	25089
25092	1852	25089
25104	2021	7884
25105	2023	25104
25106	71	25105
25107	2024	25104
25108	2025	25107
25109	2026	25107
25110	71	25109
25111	2027	7885
25112	71	25111
25113	2028	7886
25114	71	25113
25115	2029	7886
25116	71	25115
25130	2038	6337
25131	2023	25130
25132	71	25131
25133	2024	25130
25134	2025	25133
25135	2026	25133
25136	71	25135
25137	2027	7773
25138	71	25137
25139	2028	7774
25140	71	25139
25141	2029	7774
25142	71	25141
25147	2038	7815
25148	2023	25147
25149	71	25148
25150	2024	25147
25151	2025	25150
25152	2026	25150
25153	71	25152
25154	2027	7816
25155	71	25154
25156	2028	7817
25157	71	25156
25158	2029	7817
25159	71	25158
25160	6092	6324
25252	6159	25160
25253	6160	25252
25317	6193	25253
25319	6195	25317
25327	6199	25319
25328	6172	25327
25329	6173	25328
25330	3665	25329
25335	6200	25253
25337	6195	25335
25348	6202	25337
25349	6163	25348
25350	6164	25349
25351	6169	25350
25361	6209	25253
25362	6167	25361
25363	113	25362
25365	6211	25252
25377	6222	25365
25380	6225	25365
25381	6226	25380
25382	6227	25380
25383	6228	25382
25384	6229	25382
25408	6240	25365
25409	6241	25408
25410	6242	25408
25411	6243	25365
25412	6244	25365
25413	6245	25365
25414	6241	25413
25415	6242	25413
25447	6259	10789
25505	6287	25447
25524	6289	25505
25536	6291	25505
25560	6293	25505
25561	6276	25560
25562	4908	25561
25563	4909	25562
25564	4910	25563
25565	4902	25564
25566	4156	25565
25567	4157	25566
25568	6294	25567
25579	6297	25524
25580	6298	25579
25581	6299	25580
25582	6300	25581
25583	6301	25582
25764	6309	25505
25776	6310	25505
25777	6276	25776
25778	4908	25777
25779	4909	25778
25780	4910	25779
25781	4902	25780
25782	4156	25781
25783	4157	25782
25793	6311	25505
25815	6312	25505
25816	6276	25815
25817	4908	25816
25818	4909	25817
25819	4910	25818
25820	4902	25819
25821	4156	25820
25822	4157	25821
25836	6313	25505
25850	6294	25822
25888	6297	25793
25889	6298	25888
25890	6299	25889
25891	6300	25890
25892	6301	25891
25893	5471	25892
25894	5472	25893
25895	5473	25894
25896	5474	25895
25897	5483	25896
25898	5484	25897
25899	5485	25898
25946	5502	25899
25947	6305	25946
25948	6306	25947
25949	6307	25948
25954	5905	25949
25955	4020	25954
25956	4021	25955
25957	4022	25956
25958	4023	25957
25959	4024	25958
25960	2449	25959
25961	4025	25958
25962	4026	25961
25963	4027	25962
25964	2449	25963
25965	4028	25958
25966	4029	25965
25967	4030	25966
25968	2449	25967
25969	4031	25966
25970	2449	25969
25971	4032	25958
25972	4033	25971
25973	4034	25972
25974	2449	25973
25997	5921	23000
26000	6308	23012
26001	6317	26000
26002	4145	26001
26007	6318	25505
26019	6294	25783
26069	6314	26019
26070	6315	26069
26071	4628	26070
26086	6295	25850
26090	4006	26086
26091	2449	26090
26092	6337	25505
26093	6338	26092
26094	6339	26093
26095	6340	26094
26096	6341	26095
26097	6342	26096
26098	4146	26097
26099	2449	26098
26225	5905	25997
26226	4020	26225
26227	4021	26226
26228	4022	26227
26229	4023	26228
26230	4024	26229
26231	2449	26230
26232	4025	26229
26233	4026	26232
26234	4027	26233
26235	2449	26234
26236	4028	26229
26237	4029	26236
26238	4030	26237
26239	2449	26238
26240	4031	26237
26241	2449	26240
26242	4032	26229
26243	4033	26242
26244	4034	26243
26245	2449	26244
26246	4035	26243
26247	4036	26246
26248	2449	26247
26371	6297	25776
26372	6298	26371
26373	6299	26372
26374	6300	26373
26375	6301	26374
26376	4628	26375
26411	6349	25447
26412	6276	26411
26413	4908	26412
26414	4909	26413
26415	4910	26414
26416	6350	26415
26417	6351	26416
26418	4528	26417
26419	6352	26418
26420	4009	26419
26421	3974	26420
26508	6371	10789
26509	6372	26508
26510	6373	26509
26511	6374	26510
26512	6375	26511
26513	6376	26512
26514	6377	26513
26516	6379	26514
26518	5580	26516
26519	5581	26518
27241	6404	10789
27242	6405	27241
27243	6406	27242
27244	6407	27243
27245	6408	27244
27246	6409	27245
27247	6410	27246
27248	6411	27247
27249	6412	27248
27250	6413	27249
27251	6414	27250
27252	6415	27251
27253	5897	27252
27254	5898	27253
27255	5899	27254
27256	5472	27255
27257	5473	27256
27258	5474	27257
27259	5483	27258
27260	5484	27259
27261	5485	27260
27322	5513	27261
27323	5514	27322
27326	5516	27323
27327	5517	27326
27328	5518	27327
27329	5519	27328
27458	6429	10789
27459	6430	27458
27460	6431	27459
27461	6432	27460
27462	6433	27461
27463	6434	27462
27709	6451	10789
27710	5569	27709
27711	5572	27710
27712	5573	27711
27713	5574	27712
27714	5575	27713
29066	6491	10789
29067	6492	29066
29068	71	29067
29069	6493	29066
29070	71	29069
29071	6494	29066
29072	572	29071
29073	573	29071
29074	71	29073
29075	6495	29066
29096	6503	29075
29097	6181	29096
29098	6163	29097
29099	6164	29098
29100	6169	29099
29104	6505	29075
29105	6172	29104
29106	6173	29105
29107	6174	29106
29377	6514	6324
29378	6515	29377
29379	6516	29378
29380	6517	29379
29384	6520	29380
29385	6521	29384
29386	6522	29384
29387	6523	29384
29388	6524	29387
29389	6525	29388
29390	6526	29388
29391	6527	29388
29400	6531	6324
29401	6532	29400
29402	71	29401
29403	6533	29400
29404	71	29403
29405	6534	29400
29406	631	29405
29407	632	29405
29408	71	29407
29417	6535	4340
29418	71	29417
29419	6536	4340
29420	71	29419
29421	6537	4340
29422	631	29421
29423	632	29421
29424	71	29423
29425	6538	4094
29426	71	29425
29427	6539	4094
29428	71	29427
29429	6540	4094
29430	922	29429
29431	923	29429
29432	71	29431
29457	6549	25252
29458	6550	29457
29459	6231	29458
29460	6232	29458
29461	6233	29460
29462	6234	29460
29463	6235	29460
29464	71	29463
29497	6556	10789
29498	6557	29497
29499	6558	29498
29500	6559	29499
29501	6560	29500
29502	6561	29501
29503	6562	29502
29508	6564	29503
29510	6390	29508
29511	4912	29510
29512	4913	29511
29513	4395	29512
29514	4396	29513
29515	4397	29514
29913	6566	29510
29914	6567	29913
29915	6568	29914
29916	6569	29915
29917	6570	29916
29918	5348	29917
29919	6571	29918
29920	6572	29919
29921	6573	29920
29922	6574	29921
29923	6575	29922
29924	4398	29923
30110	4398	29924
30432	6648	30110
30433	4400	30432
30434	6649	30433
30435	6650	30434
30436	2449	30435
32523	6679	29503
32619	6703	10789
32729	6722	25160
32730	6723	32729
32731	112	32730
32732	90	32731
32733	6724	32729
32734	71	32733
32742	6726	25160
32747	6729	32742
32755	6734	32747
32756	6735	32755
32757	6736	32756
32758	6737	32757
32759	6738	32758
32760	1934	7870
32766	1937	32760
32767	1938	32766
32768	2016	7870
32773	2018	32768
32774	1964	7884
32775	1965	32774
32776	71	32775
32777	1966	32774
32778	71	32777
32779	1967	32774
32780	1968	32779
32781	1921	32780
32787	1969	6337
32788	1965	32787
32789	71	32788
32790	1966	32787
32791	71	32790
32792	1969	7815
32793	1965	32792
32794	71	32793
32795	1966	32792
32796	71	32795
32797	1967	32792
32798	1968	32797
32799	1921	32798
32801	6739	29457
32802	6740	29457
32803	6247	32802
32804	6248	32802
32824	6742	29502
32829	6564	32824
32831	6390	32829
32832	4912	32831
32833	4913	32832
32834	4395	32833
32835	4396	32834
32836	4397	32835
32930	6679	32824
32931	5602	32930
32932	5603	32931
32933	6680	32932
32935	6682	32933
32937	5576	27714
32939	5578	32937
32941	5580	32939
32942	5581	32941
32952	2369	7884
32955	2387	32952
32957	6749	32955
32958	1871	32957
32959	1921	32958
32960	2353	7884
32963	2389	32960
32964	1900	32963
32965	2360	32963
32966	71	32965
32967	2390	32960
32968	2391	32960
32969	2392	32968
32970	71	32969
32971	2393	32960
32972	2394	32971
32973	1921	32972
32983	2032	7902
32985	1983	32983
32986	1900	32985
32990	2395	32983
32991	2396	32990
32992	1900	32991
32993	2397	32990
32994	2392	32993
32995	71	32994
32996	2398	32990
32997	2394	32996
32999	1921	32997
33000	2343	7910
33001	2344	7910
33002	1996	33001
33003	1872	33002
33004	2395	7910
33005	2396	33004
33006	1900	33005
33007	2397	33004
33008	2392	33007
33009	71	33008
33010	2398	33004
33011	2394	33010
33013	1921	33011
33014	2360	7912
33015	71	33014
33016	2361	7910
33017	2362	7910
33084	6750	6326
33085	6751	33084
33086	95	33085
33087	6752	6326
33088	6753	33087
33090	6755	33088
33091	6756	33090
33092	652	33091
33093	6757	33087
33094	6758	33087
33095	6759	33094
33096	6760	33094
33097	71	33096
33098	2371	6337
33101	2387	33098
33103	6749	33101
33104	1871	33103
33105	1921	33104
33106	2363	6337
33109	2389	33106
33110	1900	33109
33111	2360	33109
33112	71	33111
33113	2390	33106
33114	2391	33106
33115	2392	33114
33116	71	33115
33117	2393	33106
33118	2394	33117
33119	1921	33118
33129	2032	7790
33131	1983	33129
33132	1900	33131
33136	2395	33129
33137	2396	33136
33138	1900	33137
33139	2397	33136
33140	2392	33139
33141	71	33140
33142	2398	33136
33143	2394	33142
33145	1921	33143
33146	2343	7794
33147	2344	7794
33148	1996	33147
33149	1872	33148
33150	2395	7794
33151	2396	33150
33152	1900	33151
33153	2397	33150
33154	2392	33153
33155	71	33154
33156	2398	33150
33157	2394	33156
33159	1921	33157
33160	2360	7796
33161	71	33160
33162	2361	7794
33163	2362	7794
33167	2371	7815
33170	2387	33167
33172	6749	33170
33173	1871	33172
33174	1921	33173
33175	2363	7815
33178	2389	33175
33179	1900	33178
33180	2360	33178
33181	71	33180
33182	2390	33175
33183	2391	33175
33184	2392	33183
33185	71	33184
33186	2393	33175
33187	2394	33186
33188	1921	33187
33198	2032	7833
33200	1983	33198
33201	1900	33200
33205	2395	33198
33206	2396	33205
33207	1900	33206
33208	2397	33205
33209	2392	33208
33210	71	33209
33211	2398	33205
33212	2394	33211
33214	1921	33212
33215	2343	7841
33216	2344	7841
33217	1996	33216
33218	1872	33217
33219	2395	7841
33220	2396	33219
33221	1900	33220
33222	2397	33219
33223	2392	33222
33224	71	33223
33225	2398	33219
33226	2394	33225
33228	1921	33226
33229	2360	7843
33230	71	33229
33231	2361	7841
33232	2362	7841
33237	6762	29457
33238	6213	33237
33239	6214	33237
33240	6215	33239
33241	6216	33239
33242	6217	33239
33243	71	33242
33244	6763	29457
33245	6764	33244
33246	6765	33244
33247	6221	33246
33260	6513	26513
33262	6379	33260
33264	5580	33262
33265	5581	33264
33548	6511	27463
33550	6437	33548
33552	5580	33550
33553	5581	33552
33558	5585	33553
33559	4230	33558
33560	4382	33559
33561	4383	33560
33562	4384	33561
33563	4385	33562
33564	4386	33563
33630	1967	32787
33631	1968	33630
33632	1921	33631
33657	6780	32930
33658	5897	33657
33659	5898	33658
33660	5899	33659
33661	5472	33660
33662	5473	33661
33663	5474	33662
33664	5483	33663
33665	5484	33664
33666	5485	33665
33733	5513	33666
33734	5514	33733
33737	5516	33734
33738	5517	33737
33747	5521	33738
33760	5910	33747
33768	6785	33666
33769	6786	33768
33770	6787	33769
33771	6788	33770
33772	6789	33771
33773	6790	33772
33774	6791	33773
33775	4733	33774
33776	2449	33775
33780	5716	33553
33781	4087	33780
33782	4226	33781
33783	4227	33782
33784	2449	33783
33924	2252	7884
33925	2253	33924
33926	71	33925
33927	2254	33924
33928	71	33927
33929	2257	33924
33930	2025	33929
33931	2026	33929
33932	71	33931
33933	2259	33924
33934	71	33933
33935	2260	33924
33936	71	33935
33937	2261	33924
33938	2025	33937
33939	2026	33937
33940	71	33939
33941	2262	33924
33942	71	33941
33943	2263	33924
33944	71	33943
33945	2293	7884
33946	2294	33945
33947	2295	33946
33948	2296	33947
33949	71	33948
33950	2297	33946
33951	2298	33950
33952	1900	33951
33953	2299	33950
33954	2265	6337
33955	2253	33954
33956	71	33955
33957	2254	33954
33958	71	33957
33959	2257	33954
33960	2025	33959
33961	2026	33959
33962	71	33961
33963	2259	33954
33964	71	33963
33965	2260	33954
33966	71	33965
33967	2261	33954
33968	2025	33967
33969	2026	33967
33970	71	33969
33971	2262	33954
33972	71	33971
33973	2263	33954
33974	71	33973
33975	2302	6337
33976	2294	33975
33977	2295	33976
33978	2296	33977
33979	71	33978
33980	2297	33976
33981	2298	33980
33982	1900	33981
33983	2299	33980
33984	2265	7815
33985	2253	33984
33986	71	33985
33987	2254	33984
33988	71	33987
33989	2257	33984
33990	2025	33989
33991	2026	33989
33992	71	33991
33993	2259	33984
33994	71	33993
33995	2260	33984
33996	71	33995
33997	2261	33984
33998	2025	33997
33999	2026	33997
34000	71	33999
34001	2262	33984
34002	71	34001
34003	2263	33984
34004	71	34003
34005	2302	7815
34006	2294	34005
34007	2295	34006
34008	2296	34007
34009	71	34008
34010	2297	34006
34011	2298	34010
34012	1900	34011
34013	2299	34010
34022	6809	29457
34023	6231	34022
34024	6232	34022
34025	6233	34024
34026	6234	34024
34027	6235	34024
34028	71	34027
34029	6810	29457
34030	6231	34029
34031	6232	34029
34032	6233	34031
34033	6234	34031
34034	6235	34031
34035	71	34034
34036	6297	25764
34037	6298	34036
34038	6299	34037
34039	6300	34038
34040	6301	34039
34041	4628	34040
34183	4020	34041
34184	4132	34183
34185	4133	34184
34186	4134	34185
34187	4025	34186
34188	4026	34187
34189	4027	34188
34190	2449	34189
34191	4032	34186
34192	4033	34191
34193	4034	34192
34194	2449	34193
34195	6314	25568
34196	6315	34195
34197	4628	34196
34198	4020	34197
34199	4132	34198
34200	4133	34199
34201	4134	34200
34500	6813	25505
34501	6297	34500
34502	6298	34501
34503	6299	34502
34504	6300	34503
34505	6301	34504
34605	6814	25447
34606	6276	34605
34607	4908	34606
34608	4909	34607
34609	4910	34608
34610	4902	34609
34611	4903	34610
34612	4904	34611
34613	6401	34612
34614	6346	34613
34615	4144	34614
34616	4145	34615
34617	4146	34614
34618	2449	34617
34644	6566	32831
34645	6567	34644
34646	6568	34645
34647	6569	34646
34648	6570	34647
34649	5348	34648
34650	6571	34649
34651	6572	34650
34652	6573	34651
34653	6574	34652
34654	6575	34653
34668	6820	32935
34669	5944	34668
34670	4929	34669
34671	4931	34670
34672	4144	34671
34673	4145	34672
34674	4146	34671
34675	2449	34674
34682	6822	33659
35039	6780	32523
35040	5897	35039
35041	5898	35040
35042	5899	35041
35043	5472	35042
35044	5473	35043
35045	5474	35044
35046	5483	35045
35047	5484	35046
35048	5485	35047
35095	5502	35048
35096	6781	35095
35097	6782	35096
35098	5503	35097
35115	5513	35048
35116	5514	35115
35119	5516	35116
35120	5517	35119
35121	5518	35120
35122	5519	35121
35129	5521	35120
35137	5910	35129
35518	6297	26007
35519	6298	35518
35520	6299	35519
35521	6300	35520
35522	6301	35521
35670	4020	26071
35671	4132	35670
35672	4133	35671
35673	4134	35672
35700	6918	25505
35701	6919	35700
35702	6920	35701
35703	4131	35702
35704	4020	35703
35705	4132	35704
35706	4133	35705
35707	4134	35706
35708	4025	35707
35709	4026	35708
35710	4027	35709
35711	2449	35710
35712	4032	35707
35713	4033	35712
35714	4034	35713
35715	2449	35714
35747	6297	25836
35748	6298	35747
35749	6299	35748
35750	6300	35749
35751	6301	35750
35752	4628	35751
35753	4020	35752
35754	4132	35753
35755	4133	35754
35756	4134	35755
35908	5600	26519
35909	4393	35908
35910	4394	35909
35911	4395	35910
35912	4396	35911
35913	4397	35912
35914	4844	35913
35915	4400	35914
35916	4845	35915
35953	6928	25089
35954	71	35953
35955	6929	25104
35956	71	35955
35957	6929	25130
35958	71	35957
35959	6929	25147
35960	71	35959
35973	6930	32836
36110	6960	25160
36111	6961	36110
36112	6045	36111
36113	6827	36112
36331	6783	22995
36332	6784	36331
36335	5905	35122
36336	4020	36335
36337	4021	36336
36338	4022	36337
36339	4023	36338
36340	4024	36339
36341	2449	36340
36342	4025	36339
36343	4026	36342
36344	4027	36343
36345	2449	36344
36346	4028	36339
36347	4029	36346
36348	4030	36347
36349	2449	36348
36350	4031	36347
36351	2449	36350
36352	4032	36339
36353	4033	36352
36354	4034	36353
36355	2449	36354
36372	6970	10789
36373	6508	36372
36374	6779	36373
36455	5600	33265
36456	4393	36455
36457	4394	36456
36458	4395	36457
36459	4396	36458
36460	4397	36459
36461	4844	36460
36462	4400	36461
36463	4845	36462
36464	4846	36463
36479	4855	36464
36480	3841	36479
36489	6976	29457
36546	5504	35098
36547	4020	36546
36548	4132	36547
36549	4133	36548
36550	4134	36549
36652	5600	32942
36653	4393	36652
36654	4394	36653
36655	4395	36654
36656	4396	36655
36657	4397	36656
36658	4398	36657
36659	6815	36658
37191	5471	25583
37192	5472	37191
37193	5473	37192
37194	5474	37193
37195	5483	37194
37196	5484	37195
37197	5485	37196
37277	5513	37197
37278	5514	37277
37281	5516	37278
37282	5517	37281
37287	5521	37282
37386	4020	26376
37387	4132	37386
37388	4133	37387
37389	4134	37388
37390	4024	37389
37391	2449	37390
37392	4025	37389
37393	4026	37392
37394	4027	37393
37395	2449	37394
37396	4032	37389
37397	4033	37396
37398	4034	37397
37399	2449	37398
37400	4628	34505
37680	5913	33760
37681	5921	37680
37682	5905	37681
37683	4020	37682
37684	4021	37683
37685	4022	37684
37686	4023	37685
37689	4025	37686
37690	4026	37689
37691	4027	37690
37692	2449	37691
37693	4028	37686
37694	4029	37693
37695	4030	37694
37696	2449	37695
37697	4031	37694
37698	2449	37697
37699	4032	37686
37700	4033	37699
37701	4034	37700
37702	2449	37701
37719	2285	7870
37720	2286	37719
37721	2287	37720
37722	2288	37721
37723	730	37722
37724	2289	37719
37725	2290	37719
37726	2291	37725
37727	2292	37726
37747	6925	35702
37748	5471	37747
37749	5472	37748
37750	5473	37749
37751	5474	37750
37752	5483	37751
37753	5484	37752
37754	5485	37753
37801	5502	37754
37802	6305	37801
37803	6306	37802
37804	6307	37803
37805	5504	37804
37806	4020	37805
37807	4132	37806
37808	4133	37807
37809	4134	37808
37810	4025	37809
37811	4026	37810
37812	4027	37811
37813	2449	37812
37814	4032	37809
37815	4033	37814
37816	4034	37815
37817	2449	37816
38019	6297	25560
38020	6298	38019
38021	6299	38020
38022	6300	38021
38023	6301	38022
38024	5471	38023
38025	5472	38024
38026	5473	38025
38027	5474	38026
38028	5483	38027
38029	5484	38028
38030	5485	38029
38099	5513	38030
38100	5514	38099
38103	5516	38100
38104	5517	38103
38111	5521	38104
38115	5910	38111
38116	5913	38115
38117	5921	38116
38120	5905	38117
38121	4020	38120
38122	4021	38121
38123	4022	38122
38124	4023	38123
38125	4024	38124
38126	2449	38125
38127	4025	38124
38128	4026	38127
38129	4027	38128
38130	2449	38129
38131	4028	38124
38132	4029	38131
38133	4030	38132
38134	2449	38133
38135	4031	38132
38136	2449	38135
38137	4032	38124
38138	4033	38137
38139	4034	38138
38140	2449	38139
38145	4628	38023
38371	7084	25447
39149	6969	35973
39509	4600	14060
39510	4601	39509
39511	4602	39510
39512	4020	39511
39513	7250	39512
39516	7252	39513
39517	5294	39516
39518	5295	39517
39593	7005	27251
39594	5897	39593
39595	5898	39594
39596	5899	39595
39597	5472	39596
39598	5473	39597
39599	5474	39598
39600	5483	39599
39601	5484	39600
39602	5485	39601
39663	5513	39602
39664	5514	39663
39667	5516	39664
39668	5517	39667
39694	5521	39668
39708	5910	39694
39709	5913	39708
39710	5921	39709
40343	5297	39518
40344	5298	40343
40345	2449	40344
40714	7281	36659
40715	7282	40714
40716	7283	40715
40717	6468	40716
40718	7316	40717
40719	4400	40718
40720	7317	40719
40721	4653	40720
40722	4654	40721
40723	7318	40722
40726	7320	40723
40730	7323	40726
40731	7324	40730
40732	4013	40731
40733	472	40732
40814	7352	40722
40815	7353	40814
40816	7354	40815
40817	7355	40816
40818	2449	40817
40819	7356	40816
40820	2449	40819
40845	7359	12872
40846	7360	40845
40847	4693	40846
40915	7392	40847
41057	7453	40915
41075	7463	41057
41076	4013	41075
41077	472	41076
41447	7653	40845
41448	7654	41447
41449	7355	41448
41450	2449	41449
41451	7356	41448
41452	2449	41451
41453	7655	35916
41454	7656	41453
41455	7657	41454
41456	7658	41455
41457	7659	41456
41461	7661	41457
41462	7662	41461
41463	4595	41462
41464	4596	41463
41465	4597	41464
41466	4598	41465
41467	4599	41466
41468	2449	41467
41493	7667	33659
41494	7668	41493
41495	7669	41494
41565	7706	41495
41566	7707	41565
41567	7708	41566
41568	7709	41567
41569	4013	41568
41570	472	41569
41571	7710	41566
41572	7711	41571
41573	7712	41572
41574	4013	41573
41575	472	41574
41609	7730	41495
41610	7731	41609
41611	3969	41610
41612	3970	41611
41613	2449	41612
41618	7734	41609
41619	3969	41618
41620	3970	41619
41621	2449	41620
41622	7735	41609
41623	3969	41622
41624	3970	41623
41625	2449	41624
41626	7736	41609
41627	3969	41626
41628	3970	41627
41629	2449	41628
41630	7737	41609
41631	3969	41630
41632	3970	41631
41633	2449	41632
41637	7741	41609
41638	3969	41637
41639	3970	41638
41640	2449	41639
41643	7744	41609
41644	3969	41643
41645	3970	41644
41646	2449	41645
41647	3969	41609
41648	3970	41647
41649	2449	41648
41656	7748	33659
41828	5472	41656
41829	5473	41828
41830	5474	41829
41831	5483	41830
41832	7818	41831
41833	7819	41832
41853	7832	41833
41854	7833	41853
41855	7834	41854
41856	3977	41855
41857	2449	41856
41858	3978	41855
41859	2449	41858
41860	3981	41855
41861	3974	41860
41929	7860	41833
41935	7864	41929
41936	7862	41935
41937	7863	41936
41938	5918	41937
41939	2449	41938
41940	7865	41929
41941	7862	41940
41942	7863	41941
41943	5918	41942
41944	2449	41943
41945	7866	41833
41950	7870	41945
41954	7873	41950
41955	4013	41954
41956	472	41955
42014	7882	41950
42015	5514	42014
42016	5516	42015
42017	7883	42016
42018	7884	42017
42087	7914	41833
42090	7916	42087
42091	7917	42090
42092	2449	42091
42093	7918	42087
42097	3812	42093
42098	2449	42097
42102	7920	41831
42103	7921	42102
42104	7922	42103
42105	2449	42104
42116	7928	42103
42119	7927	42116
42120	2449	42119
42121	7929	42116
42122	7930	42121
42123	5930	42122
42124	5931	42123
42125	2449	42124
42128	7932	42103
42129	7725	42128
42133	3812	42129
42134	2449	42133
42138	7934	33659
42141	7927	42138
42142	2449	42141
42143	7935	42138
42144	5300	42143
42145	5301	42144
42146	2449	42145
42147	5302	42144
42148	2449	42147
44602	8188	32619
44603	8189	44602
44604	6167	44603
44605	113	44604
44614	8192	32742
44615	8193	44614
44616	71	44615
44617	8194	44614
44618	8195	44617
44619	8196	44618
44637	8201	44614
44646	8207	44637
44647	987	44646
44648	988	44647
44649	989	44648
44812	4020	37400
44813	4132	44812
44814	4133	44813
44815	4134	44814
44816	4025	44815
44817	4026	44816
44818	4027	44817
44819	2449	44818
44820	4032	44815
44821	4033	44820
44822	4034	44821
44823	2449	44822
45473	4398	39149
45474	4449	45473
45475	4400	45474
45476	4822	45475
45477	4495	45476
45478	4496	45477
45495	4507	45478
45496	3841	45495
45661	4020	38145
45662	4132	45661
45663	4133	45662
45664	4134	45663
45665	4025	45664
45666	4026	45665
45667	4027	45666
45668	2449	45667
45669	4032	45664
45670	4033	45669
45671	4034	45670
45672	2449	45671
45819	6297	25536
45820	6298	45819
45821	6299	45820
45822	6300	45821
45823	6301	45822
45824	5471	45823
45825	5472	45824
45826	5473	45825
45827	5474	45826
45828	5483	45827
45829	5484	45828
45830	5485	45829
45877	5502	45830
45878	6305	45877
45879	6306	45878
45880	6307	45879
46304	8253	29457
46305	8254	29457
46574	5471	35522
46575	5472	46574
46576	5473	46575
46577	5474	46576
46578	5483	46577
46579	5484	46578
46580	5485	46579
46649	5513	46580
46650	5514	46649
46653	5516	46650
46654	5517	46653
46661	5521	46654
46665	5910	46661
46666	5913	46665
46667	5921	46666
46678	4024	35756
46679	2449	46678
46804	7748	35041
46949	5472	46804
46950	5473	46949
46951	5474	46950
46952	5483	46951
46953	7818	46952
46954	7819	46953
47050	7860	46954
47051	7861	47050
47057	7862	47051
47058	7863	47057
47059	5918	47058
47060	2449	47059
47061	7866	46954
47062	7867	47061
47063	7868	47062
47064	7869	47063
47065	2449	47064
47644	2366	7870
47645	1978	47644
47646	1979	47645
47647	2367	47645
47648	2368	47645
47706	1984	32983
47707	1985	47706
47708	1921	47707
47744	2346	7884
47749	2349	47744
47853	2352	6337
47858	2349	47853
47927	1984	33198
47928	1985	47927
47929	1921	47928
47965	2352	7815
47970	2349	47965
50122	5910	37287
50123	5913	50122
50124	5921	50123
52221	8566	33564
52222	4120	52221
52223	4121	52222
52224	4122	52223
52225	4048	52224
52226	4049	52225
52227	4050	52226
52228	2526	52227
52229	4051	52228
52230	2529	52229
52231	2449	52230
52232	2530	52229
52233	2517	52232
52234	2449	52233
52238	2532	52229
52239	2519	52238
52240	2449	52239
52241	4052	52225
52242	2449	52241
52617	5504	27329
52618	4020	52617
52619	4132	52618
52620	4133	52619
52621	4134	52620
53296	7668	34682
53297	7669	53296
53298	7670	53297
53299	7671	53298
53302	8687	53299
53303	5918	53302
53304	2449	53303
53361	7702	53297
53364	7704	53361
53368	3812	53364
53369	2449	53368
53484	8709	12872
53485	7884	53484
53486	8710	53485
53487	8711	53486
53488	7893	53487
53499	8714	53487
53500	4020	53499
53501	4021	53500
53502	4022	53501
53503	4023	53502
53504	4572	53503
53505	4573	53504
53506	4574	53505
53507	4575	53506
53508	4576	53507
53509	4577	53508
53510	2529	53509
53511	2449	53510
53512	2530	53509
53513	2517	53512
53514	2449	53513
53518	2532	53509
53519	2519	53518
53520	2449	53519
53521	4578	53505
53522	4579	53521
53523	2449	53522
53524	4580	53521
53525	4581	53524
53526	2449	53525
53527	4024	53503
53528	2449	53527
53529	8710	42018
53530	8711	53529
53531	8714	53530
53532	4020	53531
53544	4025	53503
53545	4026	53544
53546	4027	53545
53547	2449	53546
53550	4028	53503
53551	4029	53550
53552	4030	53551
53553	2449	53552
53558	4021	53532
53559	4022	53558
53560	4023	53559
53561	4024	53560
53562	2449	53561
53563	4025	53560
53564	4026	53563
53565	4027	53564
53566	2449	53565
53567	4028	53560
53568	4029	53567
53569	4030	53568
53570	2449	53569
53571	4031	53568
53572	2449	53571
53573	4031	53551
53574	2449	53573
53575	4032	53503
53576	4033	53575
53577	4034	53576
53578	2449	53577
53583	8719	53488
53584	4596	53583
53585	4597	53584
53586	4598	53585
53587	4599	53586
53588	2449	53587
53595	4032	53560
53596	4033	53595
53597	4034	53596
53598	2449	53597
53641	8736	41945
53642	8737	53641
53647	8738	53642
53648	8739	53647
53649	8740	53648
53650	8277	53649
53651	2519	53650
53652	2449	53651
53701	8749	29515
53702	8750	53701
53908	8773	38371
53909	6298	53908
53910	6299	53909
53911	6300	53910
53912	6301	53911
53913	4628	53912
53914	4020	53913
53915	4132	53914
53916	4133	53915
53917	4134	53916
53918	4024	53917
53919	2449	53918
53930	8774	53702
54030	8777	53930
54219	8780	54030
54220	5894	54219
54221	8781	54220
54222	4400	54221
54223	5887	54222
54224	5888	54223
54225	4020	54224
54226	4132	54225
54227	4133	54226
54228	4134	54227
54229	4024	54228
54230	2449	54229
54239	4024	52621
54240	2449	54239
55463	4024	44815
55464	2449	55463
56170	4024	36550
56171	2449	56170
56838	5504	45880
56839	4020	56838
56840	4132	56839
56841	4133	56840
56842	4134	56841
56843	4025	56842
56844	4026	56843
56845	4027	56844
56846	2449	56845
56847	4032	56842
56848	4033	56847
56849	4034	56848
56850	2449	56849
56885	4024	35673
56886	2449	56885
56887	4024	34201
56888	2449	56887
56889	5905	46667
56890	4020	56889
56891	4021	56890
56892	4022	56891
56893	4023	56892
56894	4024	56893
56895	2449	56894
56896	4025	56893
56897	4026	56896
56898	4027	56897
56899	2449	56898
56900	4028	56893
56901	4029	56900
56902	4030	56901
56903	2449	56902
56904	4031	56901
56905	2449	56904
56906	4032	56893
56907	4033	56906
56908	4034	56907
56909	2449	56908
57072	8944	34654
57073	8745	57072
57119	5905	50124
57120	4020	57119
57121	4021	57120
57122	4022	57121
57123	4023	57122
57124	4024	57123
57125	2449	57124
57126	4025	57123
57127	4026	57126
57128	4027	57127
57129	2449	57128
57130	4028	57123
57131	4029	57130
57132	4030	57131
57133	2449	57132
57134	4031	57131
57135	2449	57134
57136	4032	57123
57137	4033	57136
57138	4034	57137
57139	2449	57138
57188	5905	39710
57189	4020	57188
57190	4021	57189
57191	4022	57190
57192	4023	57191
57193	4024	57192
57194	2449	57193
57195	4025	57192
57196	4026	57195
57197	4027	57196
57198	2449	57197
57199	4028	57192
57200	4029	57199
57201	4030	57200
57202	2449	57201
57203	4031	57200
57204	2449	57203
57205	4032	57192
57206	4033	57205
57207	4034	57206
57208	2449	57207
57245	6783	35137
57246	6784	57245
57249	5905	57246
57250	4020	57249
57251	4021	57250
57252	4022	57251
57253	4023	57252
57254	4025	57253
57255	4026	57254
57256	4027	57255
57257	2449	57256
57258	4028	57253
57259	4029	57258
57260	4030	57259
57261	2449	57260
57262	4031	57259
57263	2449	57262
57264	4032	57253
57265	4033	57264
57266	4034	57265
57267	2449	57266
58125	8779	57073
58126	5894	58125
58127	8898	58126
58128	4400	58127
58129	5887	58128
58176	8949	32836
58859	9016	58176
58860	9017	58859
58861	4651	58860
58862	4400	58861
58863	4652	58862
58864	4653	58863
58865	4654	58864
58903	4681	58865
58904	4682	58903
58905	3841	58904
58967	4024	34186
58968	2449	58967
58972	9020	58129
58973	5471	58972
58974	5472	58973
58975	5473	58974
58976	5474	58975
58977	5483	58976
58978	5484	58977
58979	5485	58978
59045	5513	58979
59046	5514	59045
59049	5516	59046
59050	5517	59049
59059	5521	59050
59063	5905	36332
59064	4020	59063
59065	4021	59064
59066	4022	59065
59067	4023	59066
59068	4024	59067
59069	2449	59068
59070	4025	59067
59071	4026	59070
59072	4027	59071
59073	2449	59072
59074	4028	59067
59075	4029	59074
59076	4030	59075
59077	2449	59076
59078	4031	59075
59079	2449	59078
59080	4032	59067
59081	4033	59080
59082	4034	59081
59083	2449	59082
59091	5910	59059
59092	5913	59091
59093	5914	59092
59094	6317	59093
59095	4145	59094
59096	5915	59093
59097	2449	59096
59101	8755	57073
59102	8871	59101
59103	6818	59102
59104	6463	59103
59105	6465	59104
59106	2449	59105
