[panel] adapter name=Apple M4 Max backend=Metal device_type=IntegratedGpu vendor=0x0 device=0x0
[host-play] slot liveajlk9g_0: thread up
274bot: snapshot load skipped: read /Users/acfrazier/.274bot/unpack-289/37214163f1e6ceca/models.bin: No such file or directory (os error 2)
[panel] scenario capture armed: Some("rune_crafter_earth")
[panel] liveajlk9g_0: liveajlk9g_0: slot up
[host-play] slot liveajlk9g_0: handshake begin reconnect=false
[host-play] slot liveajlk9g_0: handshake ok
[host] hitch liveajlk9g_0: frame_us=63753 paints=1 skips=0 ticks=0
[panel] liveajlk9g_0: liveajlk9g_0: scene 1
[host] hitch liveajlk9g_0: frame_us=69430 paints=43 skips=0 ticks=1
[panel] liveajlk9g_0: liveajlk9g_0: mainland hop queued
[panel] liveajlk9g_0: liveajlk9g_0: ingame
[panel] liveajlk9g_0: liveajlk9g_0: scene 2
live script_rune_crafter_earth: running step 1/28
[host] slot liveajlk9g_0: d_loop_us=11639 d_raster_us=222626 d_observe_us=54276 max_observe_us=2399 d_paints=50 d_skips=0 d_ticks=1 window_ms=0
[panel] liveajlk9g_0: liveajlk9g_0: scene 1
[panel] liveajlk9g_0: liveajlk9g_0: ingame
[panel] liveajlk9g_0: liveajlk9g_0: scene 2
[host] slot liveajlk9g_0: d_loop_us=9900 d_raster_us=212682 d_observe_us=71108 max_observe_us=4211 d_paints=50 d_skips=0 d_ticks=4 window_ms=1250
[host] slot liveajlk9g_0: d_loop_us=1396 d_raster_us=224999 d_observe_us=35515 max_observe_us=1155 d_paints=50 d_skips=0 d_ticks=2 window_ms=1274
live script_rune_crafter_earth: running step 2/28
[host-play] slot liveajlk9g_0: handshake begin reconnect=true
[panel] liveajlk9g_0: liveajlk9g_0: scene 0
[host-play] slot liveajlk9g_0: handshake ok
[panel] liveajlk9g_0: liveajlk9g_0: scene 1
[host] hitch liveajlk9g_0: frame_us=50054 paints=39 skips=0 ticks=1
[panel] liveajlk9g_0: liveajlk9g_0: ingame
[panel] liveajlk9g_0: liveajlk9g_0: scene 2
[host] slot liveajlk9g_0: d_loop_us=16957 d_raster_us=172181 d_observe_us=81845 max_observe_us=3703 d_paints=50 d_skips=0 d_ticks=1 window_ms=0
[host] slot liveajlk9g_0: d_loop_us=1452 d_raster_us=185290 d_observe_us=48697 max_observe_us=5690 d_paints=50 d_skips=0 d_ticks=4 window_ms=1271
live script_rune_crafter_earth: running step 3/28
[panel] liveajlk9g_0: liveajlk9g_0: scene 1
[panel] liveajlk9g_0: liveajlk9g_0: ingame
[panel] liveajlk9g_0: liveajlk9g_0: scene 2
[host] slot liveajlk9g_0: d_loop_us=14486 d_raster_us=176654 d_observe_us=63755 max_observe_us=8158 d_paints=50 d_skips=0 d_ticks=2 window_ms=1290
[host] slot liveajlk9g_0: d_loop_us=1054 d_raster_us=206405 d_observe_us=53572 max_observe_us=4823 d_paints=50 d_skips=0 d_ticks=2 window_ms=1262
live script_rune_crafter_earth: running step 4/28
live script_rune_crafter_earth: running step 5/28
live script_rune_crafter_earth: running step 6/28
live script_rune_crafter_earth: running step 7/28
live script_rune_crafter_earth: running step 8/28
live script_rune_crafter_earth: running step 9/28
live script_rune_crafter_earth: running step 10/28
[host] slot liveajlk9g_0: d_loop_us=982 d_raster_us=207797 d_observe_us=36091 max_observe_us=1234 d_paints=50 d_skips=0 d_ticks=2 window_ms=1262
live script_rune_crafter_earth: running step 11/28
live script_rune_crafter_earth: running step 12/28
live script_rune_crafter_earth: running step 13/28
live script_rune_crafter_earth: running step 14/28
live script_rune_crafter_earth: running step 15/28
live script_rune_crafter_earth: running step 16/28
[script liveajlk9g_0] start load
live script_rune_crafter_earth: running step 17/28
[host] hitch liveajlk9g_0: observe_us=75365 paints=284 skips=0 ticks=13
[host] slot liveajlk9g_0: d_loop_us=981 d_raster_us=223208 d_observe_us=120931 max_observe_us=75365 d_paints=50 d_skips=0 d_ticks=2 window_ms=1345
[host] hitch liveajlk9g_0: observe_us=23806 paints=304 skips=0 ticks=14
[script liveajlk9g_0] RuneCrafter starting — Earth runes, ruins (3303, 3477, 0), bank (3253, 3420, 0)
[script liveajlk9g_0] heading to the bank
[script liveajlk9g_0] interact OpenBooth { x: 3252, z: 3419, level: 0, id: 2213, name: Some("Bank booth"), action: Some("Use-quickly") }
[panel] liveajlk9g_0: script: RuneCrafter starting — Earth runes, ruins (3303, 3477, 0), bank (3253, 3420, 0)
[panel] liveajlk9g_0: script: heading to the bank
[host] slot liveajlk9g_0: d_loop_us=964 d_raster_us=197123 d_observe_us=73825 max_observe_us=23806 d_paints=50 d_skips=0 d_ticks=2 window_ms=1283
[script liveajlk9g_0] interact SetNoteMode { on: false }
[shim-note] on=false sent
[host] slot liveajlk9g_0: d_loop_us=944 d_raster_us=242089 d_observe_us=74623 max_observe_us=13978 d_paints=50 d_skips=0 d_ticks=3 window_ms=1271
[host] slot liveajlk9g_0: d_loop_us=963 d_raster_us=253029 d_observe_us=62237 max_observe_us=11815 d_paints=50 d_skips=0 d_ticks=2 window_ms=1268
[host] slot liveajlk9g_0: d_loop_us=910 d_raster_us=245620 d_observe_us=60297 max_observe_us=10854 d_paints=50 d_skips=0 d_ticks=2 window_ms=1248
[host] slot liveajlk9g_0: d_loop_us=958 d_raster_us=210289 d_observe_us=55232 max_observe_us=11748 d_paints=50 d_skips=0 d_ticks=2 window_ms=1259
[script liveajlk9g_0] withdrew a Earth talisman
[panel] liveajlk9g_0: script: withdrew a Earth talisman
live script_rune_crafter_earth: running step 18/28
[host] slot liveajlk9g_0: d_loop_us=967 d_raster_us=254793 d_observe_us=65581 max_observe_us=14032 d_paints=50 d_skips=0 d_ticks=2 window_ms=1263
[script liveajlk9g_0] withdrew 27 rune essence (trip 1)
[panel] liveajlk9g_0: script: withdrew 27 rune essence (trip 1)
[script liveajlk9g_0] heading to the mysterious ruins
[script liveajlk9g_0] interact WalkNear { x: 3303, z: 3477, level: 0, radius: 1, allow_teleports: false }
[panel] liveajlk9g_0: script: heading to the mysterious ruins
[host] slot liveajlk9g_0: d_loop_us=929 d_raster_us=231571 d_observe_us=59024 max_observe_us=11545 d_paints=50 d_skips=0 d_ticks=2 window_ms=1257
[nav-follow] here=WorldTile { x: 3252, z: 3420, level: 0 } walk=true transport=false leg=0 hops=1 outcome=None
[nav-walk] here=WorldTile { x: 3253, z: 3422, level: 0 } aim=WorldTile { x: 3261, z: 3430, level: 0 } radius=2 ticks_waited=0 sent_tile=Some(WorldTile { x: 3252, z: 3420, level: 0 })
[nav-follow] here=WorldTile { x: 3253, z: 3422, level: 0 } walk=true transport=false leg=0 hops=1 outcome=None
[host] hitch liveajlk9g_0: observe_us=23331 paints=684 skips=0 ticks=30
[host] slot liveajlk9g_0: d_loop_us=946 d_raster_us=220133 d_observe_us=74073 max_observe_us=23331 d_paints=50 d_skips=0 d_ticks=2 window_ms=1252
[nav-walk] here=WorldTile { x: 3253, z: 3424, level: 0 } aim=WorldTile { x: 3261, z: 3430, level: 0 } radius=2 ticks_waited=1 sent_tile=Some(WorldTile { x: 3252, z: 3420, level: 0 })
[nav-follow] here=WorldTile { x: 3253, z: 3424, level: 0 } walk=true transport=false leg=0 hops=1 outcome=None
[host] hitch liveajlk9g_0: observe_us=26230 paints=708 skips=0 ticks=31
[nav-walk] here=WorldTile { x: 3253, z: 3426, level: 0 } aim=WorldTile { x: 3261, z: 3430, level: 0 } radius=2 ticks_waited=2 sent_tile=Some(WorldTile { x: 3252, z: 3420, level: 0 })
[nav-follow] here=WorldTile { x: 3253, z: 3426, level: 0 } walk=true transport=false leg=0 hops=1 outcome=None
[host] hitch liveajlk9g_0: observe_us=23949 paints=730 skips=0 ticks=32
[host] slot liveajlk9g_0: d_loop_us=988 d_raster_us=189843 d_observe_us=94695 max_observe_us=26230 d_paints=50 d_skips=0 d_ticks=2 window_ms=1291
[nav-walk] here=WorldTile { x: 3254, z: 3428, level: 0 } aim=WorldTile { x: 3261, z: 3430, level: 0 } radius=2 ticks_waited=3 sent_tile=Some(WorldTile { x: 3252, z: 3420, level: 0 })
[nav-follow] here=WorldTile { x: 3254, z: 3428, level: 0 } walk=true transport=false leg=0 hops=1 outcome=None
[host] hitch liveajlk9g_0: observe_us=22974 paints=754 skips=0 ticks=33
[nav-walk] here=WorldTile { x: 3256, z: 3428, level: 0 } aim=WorldTile { x: 3261, z: 3430, level: 0 } radius=2 ticks_waited=4 sent_tile=Some(WorldTile { x: 3252, z: 3420, level: 0 })
[nav-follow] here=WorldTile { x: 3256, z: 3428, level: 0 } walk=true transport=false leg=0 hops=1 outcome=None
[host] hitch liveajlk9g_0: observe_us=25279 paints=777 skips=0 ticks=34
[host] slot liveajlk9g_0: d_loop_us=968 d_raster_us=173567 d_observe_us=86860 max_observe_us=25279 d_paints=50 d_skips=0 d_ticks=3 window_ms=1298
[nav-walk] here=WorldTile { x: 3258, z: 3428, level: 0 } aim=WorldTile { x: 3261, z: 3430, level: 0 } radius=2 ticks_waited=5 sent_tile=Some(WorldTile { x: 3252, z: 3420, level: 0 })
[nav-follow] here=WorldTile { x: 3258, z: 3428, level: 0 } walk=true transport=false leg=0 hops=1 outcome=None
[host] hitch liveajlk9g_0: observe_us=18938 paints=800 skips=0 ticks=35
[nav-walk] here=WorldTile { x: 3260, z: 3429, level: 0 } aim=WorldTile { x: 3261, z: 3430, level: 0 } radius=2 ticks_waited=6 sent_tile=Some(WorldTile { x: 3252, z: 3420, level: 0 })
[nav-follow] here=WorldTile { x: 3260, z: 3429, level: 0 } walk=true transport=false leg=0 hops=2 outcome=None
[host] hitch liveajlk9g_0: observe_us=21839 paints=824 skips=0 ticks=36
[nav-walk] here=WorldTile { x: 3262, z: 3429, level: 0 } aim=WorldTile { x: 3276, z: 3434, level: 0 } radius=2 ticks_waited=0 sent_tile=Some(WorldTile { x: 3260, z: 3429, level: 0 })
[nav-follow] here=WorldTile { x: 3262, z: 3429, level: 0 } walk=true transport=false leg=0 hops=2 outcome=None
[host] hitch liveajlk9g_0: observe_us=25516 paints=846 skips=0 ticks=37
[host] slot liveajlk9g_0: d_loop_us=931 d_raster_us=165579 d_observe_us=102331 max_observe_us=25516 d_paints=50 d_skips=0 d_ticks=2 window_ms=1291
[nav-walk] here=WorldTile { x: 3264, z: 3429, level: 0 } aim=WorldTile { x: 3276, z: 3434, level: 0 } radius=2 ticks_waited=1 sent_tile=Some(WorldTile { x: 3260, z: 3429, level: 0 })
[nav-follow] here=WorldTile { x: 3264, z: 3429, level: 0 } walk=true transport=false leg=0 hops=2 outcome=None
[host] hitch liveajlk9g_0: observe_us=27844 paints=870 skips=0 ticks=38
[nav-walk] here=WorldTile { x: 3266, z: 3429, level: 0 } aim=WorldTile { x: 3276, z: 3434, level: 0 } radius=2 ticks_waited=2 sent_tile=Some(WorldTile { x: 3260, z: 3429, level: 0 })
[nav-follow] here=WorldTile { x: 3266, z: 3429, level: 0 } walk=true transport=false leg=0 hops=2 outcome=None
[host] hitch liveajlk9g_0: observe_us=21904 paints=893 skips=0 ticks=39
[host] slot liveajlk9g_0: d_loop_us=1072 d_raster_us=163527 d_observe_us=96104 max_observe_us=27844 d_paints=50 d_skips=0 d_ticks=2 window_ms=1277
[nav-walk] here=WorldTile { x: 3268, z: 3429, level: 0 } aim=WorldTile { x: 3276, z: 3434, level: 0 } radius=2 ticks_waited=3 sent_tile=Some(WorldTile { x: 3260, z: 3429, level: 0 })
[nav-follow] here=WorldTile { x: 3268, z: 3429, level: 0 } walk=true transport=false leg=0 hops=2 outcome=None
[host] hitch liveajlk9g_0: observe_us=25079 paints=916 skips=0 ticks=40
[nav-walk] here=WorldTile { x: 3270, z: 3429, level: 0 } aim=WorldTile { x: 3276, z: 3434, level: 0 } radius=2 ticks_waited=4 sent_tile=Some(WorldTile { x: 3260, z: 3429, level: 0 })
[nav-follow] here=WorldTile { x: 3270, z: 3429, level: 0 } walk=true transport=false leg=0 hops=2 outcome=None
[host] hitch liveajlk9g_0: observe_us=26069 paints=939 skips=0 ticks=41
[host] slot liveajlk9g_0: d_loop_us=1004 d_raster_us=151349 d_observe_us=89881 max_observe_us=26069 d_paints=50 d_skips=0 d_ticks=2 window_ms=1297
[nav-walk] here=WorldTile { x: 3272, z: 3429, level: 0 } aim=WorldTile { x: 3276, z: 3434, level: 0 } radius=2 ticks_waited=5 sent_tile=Some(WorldTile { x: 3260, z: 3429, level: 0 })
[nav-follow] here=WorldTile { x: 3272, z: 3429, level: 0 } walk=true transport=false leg=0 hops=2 outcome=None
[host] hitch liveajlk9g_0: observe_us=25150 paints=963 skips=0 ticks=42
[nav-walk] here=WorldTile { x: 3274, z: 3431, level: 0 } aim=WorldTile { x: 3276, z: 3434, level: 0 } radius=2 ticks_waited=6 sent_tile=Some(WorldTile { x: 3260, z: 3429, level: 0 })
[nav-follow] here=WorldTile { x: 3274, z: 3431, level: 0 } walk=true transport=false leg=0 hops=2 outcome=None
[host] hitch liveajlk9g_0: observe_us=22116 paints=986 skips=0 ticks=43
[host] slot liveajlk9g_0: d_loop_us=932 d_raster_us=151573 d_observe_us=87633 max_observe_us=25150 d_paints=50 d_skips=0 d_ticks=2 window_ms=1282
[nav-walk] here=WorldTile { x: 3275, z: 3433, level: 0 } aim=WorldTile { x: 3276, z: 3434, level: 0 } radius=2 ticks_waited=7 sent_tile=Some(WorldTile { x: 3260, z: 3429, level: 0 })
[nav-follow] here=WorldTile { x: 3275, z: 3433, level: 0 } walk=true transport=false leg=0 hops=3 outcome=None
[host] hitch liveajlk9g_0: observe_us=22761 paints=1010 skips=0 ticks=44
[nav-walk] here=WorldTile { x: 3275, z: 3435, level: 0 } aim=WorldTile { x: 3284, z: 3447, level: 0 } radius=2 ticks_waited=0 sent_tile=Some(WorldTile { x: 3275, z: 3433, level: 0 })
[nav-follow] here=WorldTile { x: 3275, z: 3435, level: 0 } walk=true transport=false leg=0 hops=3 outcome=None
[host] hitch liveajlk9g_0: observe_us=19692 paints=1033 skips=0 ticks=45
[host] slot liveajlk9g_0: d_loop_us=1092 d_raster_us=127681 d_observe_us=78095 max_observe_us=22761 d_paints=50 d_skips=0 d_ticks=2 window_ms=1250
[nav-walk] here=WorldTile { x: 3275, z: 3437, level: 0 } aim=WorldTile { x: 3284, z: 3447, level: 0 } radius=2 ticks_waited=1 sent_tile=Some(WorldTile { x: 3275, z: 3433, level: 0 })
[nav-follow] here=WorldTile { x: 3275, z: 3437, level: 0 } walk=true transport=false leg=0 hops=3 outcome=None
[host] hitch liveajlk9g_0: observe_us=18791 paints=1058 skips=0 ticks=46
[nav-walk] here=WorldTile { x: 3275, z: 3439, level: 0 } aim=WorldTile { x: 3284, z: 3447, level: 0 } radius=2 ticks_waited=2 sent_tile=Some(WorldTile { x: 3275, z: 3433, level: 0 })
[nav-follow] here=WorldTile { x: 3275, z: 3439, level: 0 } walk=true transport=false leg=0 hops=3 outcome=None
[host] hitch liveajlk9g_0: observe_us=20631 paints=1081 skips=0 ticks=47
[host] slot liveajlk9g_0: d_loop_us=928 d_raster_us=121464 d_observe_us=71562 max_observe_us=20631 d_paints=50 d_skips=0 d_ticks=2 window_ms=1291
[nav-walk] here=WorldTile { x: 3277, z: 3439, level: 0 } aim=WorldTile { x: 3284, z: 3447, level: 0 } radius=2 ticks_waited=3 sent_tile=Some(WorldTile { x: 3275, z: 3433, level: 0 })
[nav-follow] here=WorldTile { x: 3277, z: 3439, level: 0 } walk=true transport=false leg=0 hops=3 outcome=None
[host] hitch liveajlk9g_0: observe_us=19238 paints=1104 skips=0 ticks=48
[nav-walk] here=WorldTile { x: 3279, z: 3440, level: 0 } aim=WorldTile { x: 3284, z: 3447, level: 0 } radius=2 ticks_waited=4 sent_tile=Some(WorldTile { x: 3275, z: 3433, level: 0 })
[nav-follow] here=WorldTile { x: 3279, z: 3440, level: 0 } walk=true transport=false leg=0 hops=3 outcome=None
[host] hitch liveajlk9g_0: observe_us=25683 paints=1128 skips=0 ticks=49
[host] slot liveajlk9g_0: d_loop_us=852 d_raster_us=129346 d_observe_us=85032 max_observe_us=25683 d_paints=50 d_skips=0 d_ticks=2 window_ms=1291
[nav-walk] here=WorldTile { x: 3279, z: 3442, level: 0 } aim=WorldTile { x: 3284, z: 3447, level: 0 } radius=2 ticks_waited=5 sent_tile=Some(WorldTile { x: 3275, z: 3433, level: 0 })
[nav-follow] here=WorldTile { x: 3279, z: 3442, level: 0 } walk=true transport=false leg=0 hops=3 outcome=None
[host] hitch liveajlk9g_0: observe_us=22989 paints=1151 skips=0 ticks=50
[nav-walk] here=WorldTile { x: 3281, z: 3444, level: 0 } aim=WorldTile { x: 3284, z: 3447, level: 0 } radius=2 ticks_waited=6 sent_tile=Some(WorldTile { x: 3275, z: 3433, level: 0 })
[nav-follow] here=WorldTile { x: 3281, z: 3444, level: 0 } walk=true transport=false leg=0 hops=3 outcome=None
[host] hitch liveajlk9g_0: observe_us=27141 paints=1175 skips=0 ticks=51
[nav-walk] here=WorldTile { x: 3283, z: 3446, level: 0 } aim=WorldTile { x: 3284, z: 3447, level: 0 } radius=2 ticks_waited=7 sent_tile=Some(WorldTile { x: 3275, z: 3433, level: 0 })
[nav-follow] here=WorldTile { x: 3283, z: 3446, level: 0 } walk=true transport=false leg=0 hops=4 outcome=None
[host] hitch liveajlk9g_0: observe_us=19513 paints=1199 skips=0 ticks=52
[host] slot liveajlk9g_0: d_loop_us=874 d_raster_us=140949 d_observe_us=108381 max_observe_us=27141 d_paints=50 d_skips=0 d_ticks=3 window_ms=1259
[nav-walk] here=WorldTile { x: 3283, z: 3448, level: 0 } aim=WorldTile { x: 3296, z: 3463, level: 0 } radius=2 ticks_waited=0 sent_tile=Some(WorldTile { x: 3283, z: 3446, level: 0 })
[nav-follow] here=WorldTile { x: 3283, z: 3448, level: 0 } walk=true transport=false leg=0 hops=4 outcome=None
[host] hitch liveajlk9g_0: observe_us=26298 paints=1222 skips=0 ticks=53
[nav-walk] here=WorldTile { x: 3283, z: 3450, level: 0 } aim=WorldTile { x: 3296, z: 3463, level: 0 } radius=2 ticks_waited=1 sent_tile=Some(WorldTile { x: 3283, z: 3446, level: 0 })
[nav-follow] here=WorldTile { x: 3283, z: 3450, level: 0 } walk=true transport=false leg=0 hops=4 outcome=None
[host] hitch liveajlk9g_0: observe_us=24451 paints=1246 skips=0 ticks=54
[host] slot liveajlk9g_0: d_loop_us=710 d_raster_us=120783 d_observe_us=87387 max_observe_us=26298 d_paints=50 d_skips=0 d_ticks=2 window_ms=1264
[nav-walk] here=WorldTile { x: 3285, z: 3452, level: 0 } aim=WorldTile { x: 3296, z: 3463, level: 0 } radius=2 ticks_waited=2 sent_tile=Some(WorldTile { x: 3283, z: 3446, level: 0 })
[nav-follow] here=WorldTile { x: 3285, z: 3452, level: 0 } walk=true transport=false leg=0 hops=4 outcome=None
[host] hitch liveajlk9g_0: observe_us=25137 paints=1269 skips=0 ticks=55
[nav-walk] here=WorldTile { x: 3287, z: 3454, level: 0 } aim=WorldTile { x: 3296, z: 3463, level: 0 } radius=2 ticks_waited=3 sent_tile=Some(WorldTile { x: 3283, z: 3446, level: 0 })
[nav-follow] here=WorldTile { x: 3287, z: 3454, level: 0 } walk=true transport=false leg=0 hops=4 outcome=None
[host] hitch liveajlk9g_0: observe_us=23933 paints=1293 skips=0 ticks=56
[host] slot liveajlk9g_0: d_loop_us=727 d_raster_us=119576 d_observe_us=89104 max_observe_us=25137 d_paints=50 d_skips=0 d_ticks=2 window_ms=1276
[panel] liveajlk9g_0: liveajlk9g_0: scene 1
[panel] liveajlk9g_0: liveajlk9g_0: ingame
[panel] liveajlk9g_0: liveajlk9g_0: scene 2
[nav-walk] here=WorldTile { x: 3291, z: 3458, level: 0 } aim=WorldTile { x: 3296, z: 3463, level: 0 } radius=2 ticks_waited=4 sent_tile=Some(WorldTile { x: 3283, z: 3446, level: 0 })
[nav-follow] here=WorldTile { x: 3291, z: 3458, level: 0 } walk=true transport=false leg=0 hops=4 outcome=None
[host] hitch liveajlk9g_0: observe_us=18376 paints=1339 skips=0 ticks=58
[host] slot liveajlk9g_0: d_loop_us=8752 d_raster_us=120547 d_observe_us=88419 max_observe_us=18376 d_paints=50 d_skips=0 d_ticks=2 window_ms=1274
[nav-walk] here=WorldTile { x: 3293, z: 3460, level: 0 } aim=WorldTile { x: 3296, z: 3463, level: 0 } radius=2 ticks_waited=5 sent_tile=Some(WorldTile { x: 3283, z: 3446, level: 0 })
[nav-follow] here=WorldTile { x: 3293, z: 3460, level: 0 } walk=true transport=false leg=0 hops=4 outcome=None
[nav-walk] here=WorldTile { x: 3295, z: 3462, level: 0 } aim=WorldTile { x: 3296, z: 3463, level: 0 } radius=2 ticks_waited=6 sent_tile=Some(WorldTile { x: 3283, z: 3446, level: 0 })
[nav-follow] here=WorldTile { x: 3295, z: 3462, level: 0 } walk=true transport=false leg=0 hops=5 outcome=None
[host] slot liveajlk9g_0: d_loop_us=733 d_raster_us=114903 d_observe_us=60662 max_observe_us=14858 d_paints=50 d_skips=0 d_ticks=2 window_ms=1276
[nav-walk] here=WorldTile { x: 3295, z: 3464, level: 0 } aim=WorldTile { x: 3304, z: 3476, level: 0 } radius=0 ticks_waited=0 sent_tile=Some(WorldTile { x: 3295, z: 3462, level: 0 })
[nav-follow] here=WorldTile { x: 3295, z: 3464, level: 0 } walk=true transport=false leg=0 hops=5 outcome=None
[host] hitch liveajlk9g_0: observe_us=18366 paints=1410 skips=0 ticks=61
[nav-walk] here=WorldTile { x: 3297, z: 3466, level: 0 } aim=WorldTile { x: 3304, z: 3476, level: 0 } radius=0 ticks_waited=1 sent_tile=Some(WorldTile { x: 3295, z: 3462, level: 0 })
[nav-follow] here=WorldTile { x: 3297, z: 3466, level: 0 } walk=true transport=false leg=0 hops=5 outcome=None
[host] hitch liveajlk9g_0: observe_us=17427 paints=1433 skips=0 ticks=62
[host] slot liveajlk9g_0: d_loop_us=811 d_raster_us=125762 d_observe_us=71897 max_observe_us=18366 d_paints=50 d_skips=0 d_ticks=2 window_ms=1310
[nav-walk] here=WorldTile { x: 3299, z: 3468, level: 0 } aim=WorldTile { x: 3304, z: 3476, level: 0 } radius=0 ticks_waited=2 sent_tile=Some(WorldTile { x: 3295, z: 3462, level: 0 })
[nav-follow] here=WorldTile { x: 3299, z: 3468, level: 0 } walk=true transport=false leg=0 hops=5 outcome=None
[host] hitch liveajlk9g_0: observe_us=16106 paints=1456 skips=0 ticks=63
[nav-walk] here=WorldTile { x: 3300, z: 3470, level: 0 } aim=WorldTile { x: 3304, z: 3476, level: 0 } radius=0 ticks_waited=3 sent_tile=Some(WorldTile { x: 3295, z: 3462, level: 0 })
[nav-follow] here=WorldTile { x: 3300, z: 3470, level: 0 } walk=true transport=false leg=0 hops=5 outcome=None
[host] hitch liveajlk9g_0: observe_us=17696 paints=1479 skips=0 ticks=64
[host] slot liveajlk9g_0: d_loop_us=652 d_raster_us=139410 d_observe_us=65525 max_observe_us=17696 d_paints=50 d_skips=0 d_ticks=2 window_ms=1287
[nav-walk] here=WorldTile { x: 3300, z: 3472, level: 0 } aim=WorldTile { x: 3304, z: 3476, level: 0 } radius=0 ticks_waited=4 sent_tile=Some(WorldTile { x: 3295, z: 3462, level: 0 })
[nav-follow] here=WorldTile { x: 3300, z: 3472, level: 0 } walk=true transport=false leg=0 hops=5 outcome=None
[host] hitch liveajlk9g_0: observe_us=22086 paints=1502 skips=0 ticks=65
live script_rune_crafter_earth: running step 19/28
[nav-walk] here=WorldTile { x: 3301, z: 3473, level: 0 } aim=WorldTile { x: 3304, z: 3476, level: 0 } radius=0 ticks_waited=5 sent_tile=Some(WorldTile { x: 3295, z: 3462, level: 0 })
[nav-follow] here=WorldTile { x: 3301, z: 3473, level: 0 } walk=true transport=false leg=0 hops=5 outcome=None
[host] hitch liveajlk9g_0: observe_us=17492 paints=1525 skips=0 ticks=66
[nav-walk] here=WorldTile { x: 3302, z: 3474, level: 0 } aim=WorldTile { x: 3304, z: 3476, level: 0 } radius=0 ticks_waited=6 sent_tile=Some(WorldTile { x: 3295, z: 3462, level: 0 })
[nav-follow] here=WorldTile { x: 3302, z: 3474, level: 0 } walk=true transport=false leg=0 hops=5 outcome=None
[host] hitch liveajlk9g_0: observe_us=20449 paints=1548 skips=0 ticks=67
[host] slot liveajlk9g_0: d_loop_us=747 d_raster_us=131098 d_observe_us=94501 max_observe_us=22086 d_paints=50 d_skips=0 d_ticks=3 window_ms=1311
[nav-walk] here=WorldTile { x: 3304, z: 3474, level: 0 } aim=WorldTile { x: 3304, z: 3476, level: 0 } radius=0 ticks_waited=7 sent_tile=Some(WorldTile { x: 3295, z: 3462, level: 0 })
[nav-follow] here=WorldTile { x: 3304, z: 3474, level: 0 } walk=true transport=false leg=0 hops=5 outcome=None
[host] hitch liveajlk9g_0: observe_us=16367 paints=1572 skips=0 ticks=68
[nav-walk] here=WorldTile { x: 3304, z: 3476, level: 0 } aim=WorldTile { x: 3304, z: 3476, level: 0 } radius=0 ticks_waited=8 sent_tile=Some(WorldTile { x: 3295, z: 3462, level: 0 })
[nav-follow] here=WorldTile { x: 3304, z: 3476, level: 0 } walk=false transport=false leg=1 hops=5 outcome=Some(Arrived { at: WorldTile { x: 3304, z: 3476, level: 0 } })
[host] hitch liveajlk9g_0: observe_us=16151 paints=1598 skips=0 ticks=69
[host] slot liveajlk9g_0: d_loop_us=751 d_raster_us=130300 d_observe_us=65618 max_observe_us=16367 d_paints=50 d_skips=0 d_ticks=2 window_ms=1197
[script liveajlk9g_0] using the Earth talisman on the mysterious ruins
[script liveajlk9g_0] interact UseOn { name: "Earth talisman", kind: "loc", target_name: Some("Mysterious ruins"), x: 3305, z: 3473, level: 0, index: None, source_item_id: Some(1440), source_item_slot: Some(0), target_item_id: None, target_item_slot: None }
[panel] liveajlk9g_0: script: using the Earth talisman on the mysterious ruins
[host] slot liveajlk9g_0: d_loop_us=726 d_raster_us=137299 d_observe_us=55818 max_observe_us=13945 d_paints=50 d_skips=0 d_ticks=2 window_ms=1179
[host] slot liveajlk9g_0: d_loop_us=759 d_raster_us=136400 d_observe_us=41717 max_observe_us=9414 d_paints=50 d_skips=0 d_ticks=1 window_ms=1160
[panel] liveajlk9g_0: liveajlk9g_0: scene 1
[panel] liveajlk9g_0: liveajlk9g_0: ingame
[panel] liveajlk9g_0: liveajlk9g_0: scene 2
[script liveajlk9g_0] entered the altar
[panel] liveajlk9g_0: script: entered the altar
[host] slot liveajlk9g_0: d_loop_us=6013 d_raster_us=147909 d_observe_us=67413 max_observe_us=11327 d_paints=50 d_skips=0 d_ticks=2 window_ms=1150
[script liveajlk9g_0] crafting 27 essence at the altar
[script liveajlk9g_0] interact Loc { x: 2657, z: 4840, level: 0, action: "Craft-rune", id: Some(2481) }
[panel] liveajlk9g_0: script: crafting 27 essence at the altar
[host] slot liveajlk9g_0: d_loop_us=722 d_raster_us=145818 d_observe_us=47225 max_observe_us=10048 d_paints=50 d_skips=0 d_ticks=2 window_ms=1173
[host] slot liveajlk9g_0: d_loop_us=703 d_raster_us=144722 d_observe_us=46351 max_observe_us=9141 d_paints=50 d_skips=0 d_ticks=2 window_ms=1151
[host] slot liveajlk9g_0: d_loop_us=697 d_raster_us=138584 d_observe_us=48574 max_observe_us=9633 d_paints=50 d_skips=0 d_ticks=2 window_ms=1167
[script liveajlk9g_0] crafted 27 Earth runes
[script liveajlk9g_0] taking the portal back to the ruins
[script liveajlk9g_0] interact Loc { x: 2655, z: 4829, level: 0, action: "Use", id: Some(2468) }
[panel] liveajlk9g_0: script: crafted 27 Earth runes
[panel] liveajlk9g_0: script: taking the portal back to the ruins
live script_rune_crafter_earth: running step 20/28
live script_rune_crafter_earth: running step 21/28
live script_rune_crafter_earth: running step 22/28
[script liveajlk9g_0] interact Loc { x: 2655, z: 4829, level: 0, action: "Use", id: Some(2468) }
[host] slot liveajlk9g_0: d_loop_us=747 d_raster_us=148461 d_observe_us=46902 max_observe_us=9558 d_paints=50 d_skips=0 d_ticks=2 window_ms=1181
[script liveajlk9g_0] interact Loc { x: 2655, z: 4829, level: 0, action: "Use", id: Some(2468) }
[script liveajlk9g_0] interact Loc { x: 2655, z: 4829, level: 0, action: "Use", id: Some(2468) }
[host] slot liveajlk9g_0: d_loop_us=777 d_raster_us=151120 d_observe_us=42551 max_observe_us=6398 d_paints=50 d_skips=0 d_ticks=2 window_ms=1157
[script liveajlk9g_0] interact Loc { x: 2655, z: 4829, level: 0, action: "Use", id: Some(2468) }
[script liveajlk9g_0] interact Loc { x: 2655, z: 4829, level: 0, action: "Use", id: Some(2468) }
[host] slot liveajlk9g_0: d_loop_us=746 d_raster_us=138022 d_observe_us=42109 max_observe_us=7849 d_paints=50 d_skips=0 d_ticks=2 window_ms=1173
[script liveajlk9g_0] interact Loc { x: 2655, z: 4829, level: 0, action: "Use", id: Some(2468) }
[script liveajlk9g_0] interact Loc { x: 2655, z: 4829, level: 0, action: "Use", id: Some(2468) }
[host] slot liveajlk9g_0: d_loop_us=774 d_raster_us=143013 d_observe_us=52849 max_observe_us=10797 d_paints=50 d_skips=0 d_ticks=2 window_ms=1159
[script liveajlk9g_0] interact Loc { x: 2655, z: 4829, level: 0, action: "Use", id: Some(2468) }
[script liveajlk9g_0] interact Loc { x: 2655, z: 4829, level: 0, action: "Use", id: Some(2468) }
[host] slot liveajlk9g_0: d_loop_us=787 d_raster_us=147661 d_observe_us=54125 max_observe_us=11433 d_paints=50 d_skips=0 d_ticks=2 window_ms=1148
[panel] liveajlk9g_0: liveajlk9g_0: scene 1
[panel] liveajlk9g_0: liveajlk9g_0: ingame
[panel] liveajlk9g_0: liveajlk9g_0: scene 2
[script liveajlk9g_0] back at the mysterious ruins
[panel] liveajlk9g_0: script: back at the mysterious ruins
[host] slot liveajlk9g_0: d_loop_us=9910 d_raster_us=144686 d_observe_us=79525 max_observe_us=15073 d_paints=50 d_skips=0 d_ticks=2 window_ms=1167
[script liveajlk9g_0] heading to the bank
[script liveajlk9g_0] interact WalkNear { x: 3253, z: 3420, level: 0, radius: 3, allow_teleports: false }
[panel] liveajlk9g_0: script: heading to the bank
[nav-follow] here=WorldTile { x: 3303, z: 3477, level: 0 } walk=true transport=false leg=0 hops=1 outcome=None
[host] slot liveajlk9g_0: d_loop_us=751 d_raster_us=148689 d_observe_us=52204 max_observe_us=9629 d_paints=50 d_skips=0 d_ticks=2 window_ms=1160
live script_rune_crafter_earth: running step 23/28
[nav-walk] here=WorldTile { x: 3304, z: 3476, level: 0 } aim=WorldTile { x: 3300, z: 3467, level: 0 } radius=2 ticks_waited=0 sent_tile=Some(WorldTile { x: 3303, z: 3477, level: 0 })
[nav-follow] here=WorldTile { x: 3304, z: 3476, level: 0 } walk=true transport=false leg=0 hops=1 outcome=None
[host] hitch liveajlk9g_0: observe_us=16594 paints=2268 skips=0 ticks=95
[nav-walk] here=WorldTile { x: 3304, z: 3474, level: 0 } aim=WorldTile { x: 3300, z: 3467, level: 0 } radius=2 ticks_waited=1 sent_tile=Some(WorldTile { x: 3303, z: 3477, level: 0 })
[nav-follow] here=WorldTile { x: 3304, z: 3474, level: 0 } walk=true transport=false leg=0 hops=1 outcome=None
[host] slot liveajlk9g_0: d_loop_us=747 d_raster_us=143502 d_observe_us=65917 max_observe_us=16594 d_paints=50 d_skips=0 d_ticks=2 window_ms=1170
[nav-walk] here=WorldTile { x: 3302, z: 3474, level: 0 } aim=WorldTile { x: 3300, z: 3467, level: 0 } radius=2 ticks_waited=2 sent_tile=Some(WorldTile { x: 3303, z: 3477, level: 0 })
[nav-follow] here=WorldTile { x: 3302, z: 3474, level: 0 } walk=true transport=false leg=0 hops=1 outcome=None
[host] hitch liveajlk9g_0: observe_us=17710 paints=2319 skips=0 ticks=97
[nav-walk] here=WorldTile { x: 3301, z: 3473, level: 0 } aim=WorldTile { x: 3300, z: 3467, level: 0 } radius=2 ticks_waited=3 sent_tile=Some(WorldTile { x: 3303, z: 3477, level: 0 })
[nav-follow] here=WorldTile { x: 3301, z: 3473, level: 0 } walk=true transport=false leg=0 hops=1 outcome=None
[host] slot liveajlk9g_0: d_loop_us=755 d_raster_us=137052 d_observe_us=66990 max_observe_us=17710 d_paints=50 d_skips=0 d_ticks=2 window_ms=1169
[nav-walk] here=WorldTile { x: 3300, z: 3472, level: 0 } aim=WorldTile { x: 3300, z: 3467, level: 0 } radius=2 ticks_waited=4 sent_tile=Some(WorldTile { x: 3303, z: 3477, level: 0 })
[nav-follow] here=WorldTile { x: 3300, z: 3472, level: 0 } walk=true transport=false leg=0 hops=1 outcome=None
[nav-walk] here=WorldTile { x: 3300, z: 3470, level: 0 } aim=WorldTile { x: 3300, z: 3467, level: 0 } radius=2 ticks_waited=5 sent_tile=Some(WorldTile { x: 3303, z: 3477, level: 0 })
[nav-follow] here=WorldTile { x: 3300, z: 3470, level: 0 } walk=true transport=false leg=0 hops=1 outcome=None
[host] hitch liveajlk9g_0: observe_us=17613 paints=2397 skips=0 ticks=100
[host] slot liveajlk9g_0: d_loop_us=728 d_raster_us=142490 d_observe_us=68093 max_observe_us=17613 d_paints=50 d_skips=0 d_ticks=2 window_ms=1148
[nav-walk] here=WorldTile { x: 3300, z: 3468, level: 0 } aim=WorldTile { x: 3300, z: 3467, level: 0 } radius=2 ticks_waited=6 sent_tile=Some(WorldTile { x: 3303, z: 3477, level: 0 })
[nav-follow] here=WorldTile { x: 3300, z: 3468, level: 0 } walk=true transport=false leg=0 hops=2 outcome=None
[host] hitch liveajlk9g_0: observe_us=16600 paints=2423 skips=0 ticks=101
[nav-walk] here=WorldTile { x: 3299, z: 3466, level: 0 } aim=WorldTile { x: 3288, z: 3451, level: 0 } radius=2 ticks_waited=0 sent_tile=Some(WorldTile { x: 3300, z: 3468, level: 0 })
[nav-follow] here=WorldTile { x: 3299, z: 3466, level: 0 } walk=true transport=false leg=0 hops=2 outcome=None
[host] hitch liveajlk9g_0: observe_us=17813 paints=2449 skips=0 ticks=102
[host] slot liveajlk9g_0: d_loop_us=734 d_raster_us=151372 d_observe_us=66970 max_observe_us=17813 d_paints=50 d_skips=0 d_ticks=2 window_ms=1178
[nav-walk] here=WorldTile { x: 3297, z: 3464, level: 0 } aim=WorldTile { x: 3288, z: 3451, level: 0 } radius=2 ticks_waited=1 sent_tile=Some(WorldTile { x: 3300, z: 3468, level: 0 })
[nav-follow] here=WorldTile { x: 3297, z: 3464, level: 0 } walk=true transport=false leg=0 hops=2 outcome=None
[host] hitch liveajlk9g_0: observe_us=17046 paints=2474 skips=0 ticks=103
[host] slot liveajlk9g_0: d_loop_us=716 d_raster_us=143695 d_observe_us=51590 max_observe_us=17046 d_paints=50 d_skips=0 d_ticks=2 window_ms=1144
[nav-walk] here=WorldTile { x: 3295, z: 3462, level: 0 } aim=WorldTile { x: 3288, z: 3451, level: 0 } radius=2 ticks_waited=2 sent_tile=Some(WorldTile { x: 3300, z: 3468, level: 0 })
[nav-follow] here=WorldTile { x: 3295, z: 3462, level: 0 } walk=true transport=false leg=0 hops=2 outcome=None
[host] hitch liveajlk9g_0: observe_us=18794 paints=2500 skips=0 ticks=104
[nav-walk] here=WorldTile { x: 3294, z: 3460, level: 0 } aim=WorldTile { x: 3288, z: 3451, level: 0 } radius=2 ticks_waited=3 sent_tile=Some(WorldTile { x: 3300, z: 3468, level: 0 })
[nav-follow] here=WorldTile { x: 3294, z: 3460, level: 0 } walk=true transport=false leg=0 hops=2 outcome=None
[host] slot liveajlk9g_0: d_loop_us=757 d_raster_us=133112 d_observe_us=67173 max_observe_us=18794 d_paints=50 d_skips=0 d_ticks=1 window_ms=1156
[nav-walk] here=WorldTile { x: 3292, z: 3458, level: 0 } aim=WorldTile { x: 3288, z: 3451, level: 0 } radius=2 ticks_waited=4 sent_tile=Some(WorldTile { x: 3300, z: 3468, level: 0 })
[nav-follow] here=WorldTile { x: 3292, z: 3458, level: 0 } walk=true transport=false leg=0 hops=2 outcome=None
[panel] rss=601030656 traffic_sum=5982
[panel] present pixmap=0 tex=2676 bind_noop=2674 bind_rereg=2
[nav-walk] here=WorldTile { x: 3290, z: 3456, level: 0 } aim=WorldTile { x: 3288, z: 3451, level: 0 } radius=2 ticks_waited=5 sent_tile=Some(WorldTile { x: 3300, z: 3468, level: 0 })
[nav-follow] here=WorldTile { x: 3290, z: 3456, level: 0 } walk=true transport=false leg=0 hops=2 outcome=None
[host] slot liveajlk9g_0: d_loop_us=744 d_raster_us=125772 d_observe_us=55324 max_observe_us=12992 d_paints=49 d_skips=1 d_ticks=2 window_ms=1164
[nav-walk] here=WorldTile { x: 3288, z: 3454, level: 0 } aim=WorldTile { x: 3288, z: 3451, level: 0 } radius=2 ticks_waited=6 sent_tile=Some(WorldTile { x: 3300, z: 3468, level: 0 })
[nav-follow] here=WorldTile { x: 3288, z: 3454, level: 0 } walk=true transport=false leg=0 hops=2 outcome=None
[host] hitch liveajlk9g_0: observe_us=17116 paints=2602 skips=1 ticks=108
[panel] rss=601030656 traffic_sum=6015
[panel] present pixmap=0 tex=2716 bind_noop=2714 bind_rereg=2
[nav-walk] here=WorldTile { x: 3288, z: 3452, level: 0 } aim=WorldTile { x: 3288, z: 3451, level: 0 } radius=2 ticks_waited=7 sent_tile=Some(WorldTile { x: 3300, z: 3468, level: 0 })
[nav-follow] here=WorldTile { x: 3288, z: 3452, level: 0 } walk=true transport=false leg=0 hops=3 outcome=None
[host] hitch liveajlk9g_0: observe_us=16981 paints=2628 skips=1 ticks=109
[panel] rss=601030656 traffic_sum=6072
[panel] present pixmap=0 tex=2759 bind_noop=2757 bind_rereg=2
[host] slot liveajlk9g_0: d_loop_us=804 d_raster_us=129943 d_observe_us=66345 max_observe_us=17116 d_paints=50 d_skips=0 d_ticks=2 window_ms=1163
[nav-walk] here=WorldTile { x: 3287, z: 3450, level: 0 } aim=WorldTile { x: 3275, z: 3438, level: 0 } radius=2 ticks_waited=0 sent_tile=Some(WorldTile { x: 3288, z: 3452, level: 0 })
[nav-follow] here=WorldTile { x: 3287, z: 3450, level: 0 } walk=true transport=false leg=0 hops=3 outcome=None
[host] hitch liveajlk9g_0: observe_us=18249 paints=2654 skips=1 ticks=110
[nav-walk] here=WorldTile { x: 3285, z: 3448, level: 0 } aim=WorldTile { x: 3275, z: 3438, level: 0 } radius=2 ticks_waited=1 sent_tile=Some(WorldTile { x: 3288, z: 3452, level: 0 })
[nav-follow] here=WorldTile { x: 3285, z: 3448, level: 0 } walk=true transport=false leg=0 hops=3 outcome=None
[host] hitch liveajlk9g_0: observe_us=17021 paints=2680 skips=1 ticks=111
[panel] rss=601030656 traffic_sum=6118
[panel] present pixmap=0 tex=2800 bind_noop=2798 bind_rereg=2
[host] slot liveajlk9g_0: d_loop_us=790 d_raster_us=125163 d_observe_us=68585 max_observe_us=18249 d_paints=50 d_skips=0 d_ticks=2 window_ms=1164
[nav-walk] here=WorldTile { x: 3283, z: 3446, level: 0 } aim=WorldTile { x: 3275, z: 3438, level: 0 } radius=2 ticks_waited=2 sent_tile=Some(WorldTile { x: 3288, z: 3452, level: 0 })
[nav-follow] here=WorldTile { x: 3283, z: 3446, level: 0 } walk=true transport=false leg=0 hops=3 outcome=None
[host] hitch liveajlk9g_0: observe_us=16793 paints=2706 skips=1 ticks=112
[nav-walk] here=WorldTile { x: 3281, z: 3444, level: 0 } aim=WorldTile { x: 3275, z: 3438, level: 0 } radius=2 ticks_waited=3 sent_tile=Some(WorldTile { x: 3288, z: 3452, level: 0 })
[nav-follow] here=WorldTile { x: 3281, z: 3444, level: 0 } walk=true transport=false leg=0 hops=3 outcome=None
[panel] rss=601030656 traffic_sum=6167
[panel] present pixmap=0 tex=2841 bind_noop=2839 bind_rereg=2
[host] slot liveajlk9g_0: d_loop_us=752 d_raster_us=125283 d_observe_us=63315 max_observe_us=16793 d_paints=50 d_skips=0 d_ticks=2 window_ms=1169
[nav-walk] here=WorldTile { x: 3280, z: 3442, level: 0 } aim=WorldTile { x: 3275, z: 3438, level: 0 } radius=2 ticks_waited=4 sent_tile=Some(WorldTile { x: 3288, z: 3452, level: 0 })
[nav-follow] here=WorldTile { x: 3280, z: 3442, level: 0 } walk=true transport=false leg=0 hops=3 outcome=None
[panel] rss=601030656 traffic_sum=6193
[panel] present pixmap=0 tex=2886 bind_noop=2884 bind_rereg=2
[nav-walk] here=WorldTile { x: 3279, z: 3440, level: 0 } aim=WorldTile { x: 3275, z: 3438, level: 0 } radius=2 ticks_waited=5 sent_tile=Some(WorldTile { x: 3288, z: 3452, level: 0 })
[nav-follow] here=WorldTile { x: 3279, z: 3440, level: 0 } walk=true transport=false leg=0 hops=3 outcome=None
[host] hitch liveajlk9g_0: observe_us=16004 paints=2784 skips=1 ticks=115
[host] slot liveajlk9g_0: d_loop_us=848 d_raster_us=124722 d_observe_us=66843 max_observe_us=16004 d_paints=50 d_skips=0 d_ticks=2 window_ms=1138
[panel] liveajlk9g_0: liveajlk9g_0: scene 1
[panel] liveajlk9g_0: liveajlk9g_0: ingame
[panel] liveajlk9g_0: liveajlk9g_0: scene 2
[panel] rss=604012544 traffic_sum=6446
[panel] present pixmap=0 tex=2927 bind_noop=2925 bind_rereg=2
[nav-walk] here=WorldTile { x: 3275, z: 3439, level: 0 } aim=WorldTile { x: 3275, z: 3438, level: 0 } radius=2 ticks_waited=6 sent_tile=Some(WorldTile { x: 3288, z: 3452, level: 0 })
[nav-follow] here=WorldTile { x: 3275, z: 3439, level: 0 } walk=true transport=false leg=0 hops=4 outcome=None
[host] hitch liveajlk9g_0: observe_us=19426 paints=2835 skips=1 ticks=117
[host] slot liveajlk9g_0: d_loop_us=9347 d_raster_us=128354 d_observe_us=86991 max_observe_us=19426 d_paints=50 d_skips=0 d_ticks=2 window_ms=1177
[nav-walk] here=WorldTile { x: 3275, z: 3437, level: 0 } aim=WorldTile { x: 3265, z: 3430, level: 0 } radius=2 ticks_waited=0 sent_tile=Some(WorldTile { x: 3275, z: 3439, level: 0 })
[nav-follow] here=WorldTile { x: 3275, z: 3437, level: 0 } walk=true transport=false leg=0 hops=4 outcome=None
[host] hitch liveajlk9g_0: observe_us=18121 paints=2861 skips=1 ticks=118
[panel] rss=604028928 traffic_sum=6511
[panel] present pixmap=0 tex=2968 bind_noop=2966 bind_rereg=2
[nav-walk] here=WorldTile { x: 3275, z: 3435, level: 0 } aim=WorldTile { x: 3265, z: 3430, level: 0 } radius=2 ticks_waited=1 sent_tile=Some(WorldTile { x: 3275, z: 3439, level: 0 })
[nav-follow] here=WorldTile { x: 3275, z: 3435, level: 0 } walk=true transport=false leg=0 hops=4 outcome=None
[host] hitch liveajlk9g_0: observe_us=20201 paints=2886 skips=1 ticks=119
[host] slot liveajlk9g_0: d_loop_us=864 d_raster_us=130772 d_observe_us=69263 max_observe_us=20201 d_paints=50 d_skips=0 d_ticks=2 window_ms=1163
[panel] rss=604127232 traffic_sum=6539
[panel] present pixmap=0 tex=3010 bind_noop=3008 bind_rereg=2
[nav-walk] here=WorldTile { x: 3275, z: 3433, level: 0 } aim=WorldTile { x: 3265, z: 3430, level: 0 } radius=2 ticks_waited=2 sent_tile=Some(WorldTile { x: 3275, z: 3439, level: 0 })
[nav-follow] here=WorldTile { x: 3275, z: 3433, level: 0 } walk=true transport=false leg=0 hops=4 outcome=None
[nav-walk] here=WorldTile { x: 3274, z: 3431, level: 0 } aim=WorldTile { x: 3265, z: 3430, level: 0 } radius=2 ticks_waited=3 sent_tile=Some(WorldTile { x: 3275, z: 3439, level: 0 })
[nav-follow] here=WorldTile { x: 3274, z: 3431, level: 0 } walk=true transport=false leg=0 hops=4 outcome=None
[host] hitch liveajlk9g_0: observe_us=20860 paints=2938 skips=1 ticks=121
[host] slot liveajlk9g_0: d_loop_us=848 d_raster_us=127562 d_observe_us=68783 max_observe_us=20860 d_paints=50 d_skips=0 d_ticks=2 window_ms=1170
[panel] rss=604160000 traffic_sum=6587
[panel] present pixmap=0 tex=3051 bind_noop=3049 bind_rereg=2
[nav-walk] here=WorldTile { x: 3272, z: 3431, level: 0 } aim=WorldTile { x: 3265, z: 3430, level: 0 } radius=2 ticks_waited=4 sent_tile=Some(WorldTile { x: 3275, z: 3439, level: 0 })
[nav-follow] here=WorldTile { x: 3272, z: 3431, level: 0 } walk=true transport=false leg=0 hops=4 outcome=None
[host] hitch liveajlk9g_0: observe_us=19764 paints=2963 skips=1 ticks=122
[nav-walk] here=WorldTile { x: 3270, z: 3431, level: 0 } aim=WorldTile { x: 3265, z: 3430, level: 0 } radius=2 ticks_waited=5 sent_tile=Some(WorldTile { x: 3275, z: 3439, level: 0 })
[nav-follow] here=WorldTile { x: 3270, z: 3431, level: 0 } walk=true transport=false leg=0 hops=4 outcome=None
[host] hitch liveajlk9g_0: observe_us=19823 paints=2989 skips=1 ticks=123
[panel] rss=604274688 traffic_sum=6649
[panel] present pixmap=0 tex=3092 bind_noop=3090 bind_rereg=2
[host] slot liveajlk9g_0: d_loop_us=946 d_raster_us=141694 d_observe_us=72016 max_observe_us=19823 d_paints=50 d_skips=0 d_ticks=2 window_ms=1167
[nav-walk] here=WorldTile { x: 3268, z: 3430, level: 0 } aim=WorldTile { x: 3265, z: 3430, level: 0 } radius=2 ticks_waited=6 sent_tile=Some(WorldTile { x: 3275, z: 3439, level: 0 })
[nav-follow] here=WorldTile { x: 3268, z: 3430, level: 0 } walk=true transport=false leg=0 hops=4 outcome=None
[host] hitch liveajlk9g_0: observe_us=21578 paints=3015 skips=1 ticks=124
[panel] rss=604274688 traffic_sum=6695
[panel] present pixmap=0 tex=3135 bind_noop=3133 bind_rereg=2
[nav-walk] here=WorldTile { x: 3266, z: 3430, level: 0 } aim=WorldTile { x: 3265, z: 3430, level: 0 } radius=2 ticks_waited=7 sent_tile=Some(WorldTile { x: 3275, z: 3439, level: 0 })
[nav-follow] here=WorldTile { x: 3266, z: 3430, level: 0 } walk=true transport=false leg=0 hops=5 outcome=None
[host] hitch liveajlk9g_0: observe_us=17894 paints=3041 skips=1 ticks=125
[host] slot liveajlk9g_0: d_loop_us=990 d_raster_us=143338 d_observe_us=69041 max_observe_us=21578 d_paints=50 d_skips=0 d_ticks=2 window_ms=1158
[nav-walk] here=WorldTile { x: 3264, z: 3430, level: 0 } aim=WorldTile { x: 3250, z: 3423, level: 0 } radius=0 ticks_waited=0 sent_tile=Some(WorldTile { x: 3266, z: 3430, level: 0 })
[nav-follow] here=WorldTile { x: 3264, z: 3430, level: 0 } walk=true transport=false leg=0 hops=5 outcome=None
[host] hitch liveajlk9g_0: observe_us=16463 paints=3067 skips=1 ticks=126
[panel] rss=604700672 traffic_sum=6753
[panel] present pixmap=0 tex=3177 bind_noop=3175 bind_rereg=2
[nav-walk] here=WorldTile { x: 3262, z: 3430, level: 0 } aim=WorldTile { x: 3250, z: 3423, level: 0 } radius=0 ticks_waited=1 sent_tile=Some(WorldTile { x: 3266, z: 3430, level: 0 })
[nav-follow] here=WorldTile { x: 3262, z: 3430, level: 0 } walk=true transport=false leg=0 hops=5 outcome=None
[host] hitch liveajlk9g_0: observe_us=19928 paints=3093 skips=1 ticks=127
[host] slot liveajlk9g_0: d_loop_us=1084 d_raster_us=146199 d_observe_us=70814 max_observe_us=19928 d_paints=50 d_skips=0 d_ticks=2 window_ms=1156
[nav-walk] here=WorldTile { x: 3260, z: 3430, level: 0 } aim=WorldTile { x: 3250, z: 3423, level: 0 } radius=0 ticks_waited=2 sent_tile=Some(WorldTile { x: 3266, z: 3430, level: 0 })
[nav-follow] here=WorldTile { x: 3260, z: 3430, level: 0 } walk=true transport=false leg=0 hops=5 outcome=None
[host] hitch liveajlk9g_0: observe_us=23490 paints=3118 skips=1 ticks=128
[panel] rss=604717056 traffic_sum=6829
[panel] present pixmap=0 tex=3220 bind_noop=3218 bind_rereg=2
[nav-walk] here=WorldTile { x: 3258, z: 3430, level: 0 } aim=WorldTile { x: 3250, z: 3423, level: 0 } radius=0 ticks_waited=3 sent_tile=Some(WorldTile { x: 3266, z: 3430, level: 0 })
[nav-follow] here=WorldTile { x: 3258, z: 3430, level: 0 } walk=true transport=false leg=0 hops=5 outcome=None
[host] hitch liveajlk9g_0: observe_us=19906 paints=3144 skips=1 ticks=129
[host] slot liveajlk9g_0: d_loop_us=1086 d_raster_us=147805 d_observe_us=73456 max_observe_us=23490 d_paints=50 d_skips=0 d_ticks=2 window_ms=1173
[panel] rss=604798976 traffic_sum=6847
[panel] present pixmap=0 tex=3262 bind_noop=3260 bind_rereg=2
[nav-walk] here=WorldTile { x: 3256, z: 3430, level: 0 } aim=WorldTile { x: 3250, z: 3423, level: 0 } radius=0 ticks_waited=4 sent_tile=Some(WorldTile { x: 3266, z: 3430, level: 0 })
[nav-follow] here=WorldTile { x: 3256, z: 3430, level: 0 } walk=true transport=false leg=0 hops=5 outcome=None
[host] hitch liveajlk9g_0: observe_us=18517 paints=3170 skips=1 ticks=130
[nav-walk] here=WorldTile { x: 3254, z: 3428, level: 0 } aim=WorldTile { x: 3250, z: 3423, level: 0 } radius=0 ticks_waited=5 sent_tile=Some(WorldTile { x: 3266, z: 3430, level: 0 })
[nav-follow] here=WorldTile { x: 3254, z: 3428, level: 0 } walk=true transport=false leg=0 hops=5 outcome=None
[host] hitch liveajlk9g_0: observe_us=20009 paints=3196 skips=1 ticks=131
[host] slot liveajlk9g_0: d_loop_us=1047 d_raster_us=154734 d_observe_us=70645 max_observe_us=20009 d_paints=50 d_skips=0 d_ticks=2 window_ms=1158
[panel] rss=604848128 traffic_sum=6896
[panel] present pixmap=0 tex=3303 bind_noop=3301 bind_rereg=2
[nav-walk] here=WorldTile { x: 3254, z: 3426, level: 0 } aim=WorldTile { x: 3250, z: 3423, level: 0 } radius=0 ticks_waited=6 sent_tile=Some(WorldTile { x: 3266, z: 3430, level: 0 })
[nav-follow] here=WorldTile { x: 3254, z: 3426, level: 0 } walk=true transport=false leg=0 hops=5 outcome=None
[host] hitch liveajlk9g_0: observe_us=19440 paints=3221 skips=1 ticks=132
[nav-walk] here=WorldTile { x: 3254, z: 3424, level: 0 } aim=WorldTile { x: 3250, z: 3423, level: 0 } radius=0 ticks_waited=7 sent_tile=Some(WorldTile { x: 3266, z: 3430, level: 0 })
[nav-follow] here=WorldTile { x: 3254, z: 3424, level: 0 } walk=true transport=false leg=0 hops=5 outcome=None
[host] hitch liveajlk9g_0: observe_us=18777 paints=3247 skips=1 ticks=133
[host] slot liveajlk9g_0: d_loop_us=912 d_raster_us=161408 d_observe_us=67901 max_observe_us=19440 d_paints=50 d_skips=0 d_ticks=2 window_ms=1166
[panel] rss=604848128 traffic_sum=6923
[panel] present pixmap=0 tex=3344 bind_noop=3342 bind_rereg=2
[nav-walk] here=WorldTile { x: 3253, z: 3422, level: 0 } aim=WorldTile { x: 3250, z: 3423, level: 0 } radius=0 ticks_waited=8 sent_tile=Some(WorldTile { x: 3266, z: 3430, level: 0 })
[nav-follow] here=WorldTile { x: 3253, z: 3422, level: 0 } walk=true transport=false leg=0 hops=5 outcome=None
[host] hitch liveajlk9g_0: observe_us=21070 paints=3273 skips=1 ticks=134
[script liveajlk9g_0] interact WalkNear { x: 3253, z: 3420, level: 0, radius: 1, allow_teleports: false }
[panel] rss=604848128 traffic_sum=7008
[panel] present pixmap=0 tex=3386 bind_noop=3384 bind_rereg=2
[nav-follow] here=WorldTile { x: 3251, z: 3422, level: 0 } walk=true transport=false leg=0 hops=1 outcome=None
[host] hitch liveajlk9g_0: observe_us=18514 paints=3298 skips=1 ticks=135
[host] slot liveajlk9g_0: d_loop_us=1052 d_raster_us=172891 d_observe_us=76608 max_observe_us=21070 d_paints=50 d_skips=0 d_ticks=2 window_ms=1183
[nav-walk] here=WorldTile { x: 3252, z: 3421, level: 0 } aim=WorldTile { x: 3252, z: 3421, level: 0 } radius=0 ticks_waited=0 sent_tile=Some(WorldTile { x: 3251, z: 3422, level: 0 })
[nav-follow] here=WorldTile { x: 3252, z: 3421, level: 0 } walk=false transport=false leg=1 hops=1 outcome=Some(Arrived { at: WorldTile { x: 3252, z: 3421, level: 0 } })
[host] hitch liveajlk9g_0: observe_us=17400 paints=3324 skips=1 ticks=136
[script liveajlk9g_0] interact OpenBooth { x: 3252, z: 3419, level: 0, id: 2213, name: Some("Bank booth"), action: Some("Use-quickly") }
[panel] rss=605241344 traffic_sum=7073
[panel] present pixmap=0 tex=3428 bind_noop=3426 bind_rereg=2
[host] slot liveajlk9g_0: d_loop_us=982 d_raster_us=188859 d_observe_us=47057 max_observe_us=17400 d_paints=50 d_skips=0 d_ticks=1 window_ms=1143
[host] hitch liveajlk9g_0: observe_us=17624 paints=3350 skips=1 ticks=137
[panel] rss=606208000 traffic_sum=7098
[panel] present pixmap=0 tex=3469 bind_noop=3467 bind_rereg=2
[host] slot liveajlk9g_0: d_loop_us=923 d_raster_us=184154 d_observe_us=54052 max_observe_us=17624 d_paints=50 d_skips=0 d_ticks=2 window_ms=1169
[panel] rss=606240768 traffic_sum=7124
[panel] present pixmap=0 tex=3514 bind_noop=3512 bind_rereg=2
[host] slot liveajlk9g_0: d_loop_us=1039 d_raster_us=188759 d_observe_us=49408 max_observe_us=9025 d_paints=50 d_skips=0 d_ticks=2 window_ms=1139
[panel] rss=606765056 traffic_sum=7152
[panel] present pixmap=0 tex=3557 bind_noop=3555 bind_rereg=2
[host] slot liveajlk9g_0: d_loop_us=997 d_raster_us=186701 d_observe_us=48745 max_observe_us=9734 d_paints=50 d_skips=0 d_ticks=2 window_ms=1150
[panel] rss=606781440 traffic_sum=7178
[panel] present pixmap=0 tex=3601 bind_noop=3599 bind_rereg=2
[host] slot liveajlk9g_0: d_loop_us=943 d_raster_us=183791 d_observe_us=46427 max_observe_us=9096 d_paints=50 d_skips=0 d_ticks=2 window_ms=1149
[script liveajlk9g_0] interact OpenBooth { x: 3252, z: 3419, level: 0, id: 2213, name: Some("Bank booth"), action: Some("Use-quickly") }
[panel] rss=607518720 traffic_sum=7219
[panel] present pixmap=0 tex=3645 bind_noop=3643 bind_rereg=2
[host] slot liveajlk9g_0: d_loop_us=978 d_raster_us=209778 d_observe_us=54459 max_observe_us=12601 d_paints=50 d_skips=0 d_ticks=2 window_ms=1157
[panel] rss=608256000 traffic_sum=7290
[panel] present pixmap=0 tex=3688 bind_noop=3686 bind_rereg=2
[script liveajlk9g_0] interact SetNoteMode { on: false }
[shim-note] on=false sent
[host] slot liveajlk9g_0: d_loop_us=989 d_raster_us=231586 d_observe_us=45922 max_observe_us=8444 d_paints=50 d_skips=0 d_ticks=2 window_ms=1149
[panel] rss=608321536 traffic_sum=7328
[panel] present pixmap=0 tex=3731 bind_noop=3729 bind_rereg=2
live script_rune_crafter_earth: running step 24/28
live script_rune_crafter_earth: running step 25/28
[script liveajlk9g_0] deposited 27 Earth runes
[panel] liveajlk9g_0: script: deposited 27 Earth runes
[panel] rss=608321536 traffic_sum=7389
[panel] present pixmap=0 tex=3774 bind_noop=3772 bind_rereg=2
[host] slot liveajlk9g_0: d_loop_us=933 d_raster_us=236765 d_observe_us=49635 max_observe_us=10556 d_paints=50 d_skips=0 d_ticks=2 window_ms=1152
live script_rune_crafter_earth: running step 26/28
[panel] rss=608567296 traffic_sum=7704
[panel] present pixmap=0 tex=3818 bind_noop=3816 bind_rereg=2
[script liveajlk9g_0] withdrew 27 rune essence (trip 2)
[panel] liveajlk9g_0: script: withdrew 27 rune essence (trip 2)
[host] slot liveajlk9g_0: d_loop_us=966 d_raster_us=238336 d_observe_us=54681 max_observe_us=12591 d_paints=50 d_skips=0 d_ticks=2 window_ms=1156
[script liveajlk9g_0] heading to the mysterious ruins
[script liveajlk9g_0] interact WalkNear { x: 3303, z: 3477, level: 0, radius: 1, allow_teleports: false }
[panel] liveajlk9g_0: script: heading to the mysterious ruins
[panel] rss=610009088 traffic_sum=7730
[panel] present pixmap=0 tex=3860 bind_noop=3858 bind_rereg=2
[nav-follow] here=WorldTile { x: 3252, z: 3420, level: 0 } walk=true transport=false leg=0 hops=1 outcome=None
[host] slot liveajlk9g_0: d_loop_us=905 d_raster_us=230600 d_observe_us=47187 max_observe_us=9151 d_paints=50 d_skips=0 d_ticks=2 window_ms=1158
[nav-walk] here=WorldTile { x: 3253, z: 3422, level: 0 } aim=WorldTile { x: 3261, z: 3430, level: 0 } radius=2 ticks_waited=0 sent_tile=Some(WorldTile { x: 3252, z: 3420, level: 0 })
[nav-follow] here=WorldTile { x: 3253, z: 3422, level: 0 } walk=true transport=false leg=0 hops=1 outcome=None
[host] hitch liveajlk9g_0: observe_us=19076 paints=3818 skips=1 ticks=155
live script_rune_crafter_earth: running step 27/28
[panel] rss=610009088 traffic_sum=7788
[panel] present pixmap=0 tex=3902 bind_noop=3900 bind_rereg=2
[nav-walk] here=WorldTile { x: 3253, z: 3424, level: 0 } aim=WorldTile { x: 3261, z: 3430, level: 0 } radius=2 ticks_waited=1 sent_tile=Some(WorldTile { x: 3252, z: 3420, level: 0 })
[nav-follow] here=WorldTile { x: 3253, z: 3424, level: 0 } walk=true transport=false leg=0 hops=1 outcome=None
[host] hitch liveajlk9g_0: observe_us=21425 paints=3844 skips=1 ticks=156
[host] slot liveajlk9g_0: d_loop_us=1005 d_raster_us=207471 d_observe_us=79458 max_observe_us=21425 d_paints=50 d_skips=0 d_ticks=2 window_ms=1151
[panel] rss=610009088 traffic_sum=7853
[panel] present pixmap=0 tex=3944 bind_noop=3942 bind_rereg=2
[nav-walk] here=WorldTile { x: 3253, z: 3426, level: 0 } aim=WorldTile { x: 3261, z: 3430, level: 0 } radius=2 ticks_waited=2 sent_tile=Some(WorldTile { x: 3252, z: 3420, level: 0 })
[nav-follow] here=WorldTile { x: 3253, z: 3426, level: 0 } walk=true transport=false leg=0 hops=1 outcome=None
[host] hitch liveajlk9g_0: observe_us=19899 paints=3870 skips=1 ticks=157
[nav-walk] here=WorldTile { x: 3254, z: 3428, level: 0 } aim=WorldTile { x: 3261, z: 3430, level: 0 } radius=2 ticks_waited=3 sent_tile=Some(WorldTile { x: 3252, z: 3420, level: 0 })
[nav-follow] here=WorldTile { x: 3254, z: 3428, level: 0 } walk=true transport=false leg=0 hops=1 outcome=None
[host] hitch liveajlk9g_0: observe_us=19985 paints=3896 skips=1 ticks=158
[host] slot liveajlk9g_0: d_loop_us=923 d_raster_us=192166 d_observe_us=69838 max_observe_us=19985 d_paints=50 d_skips=0 d_ticks=2 window_ms=1162
[panel] rss=610009088 traffic_sum=7880
[panel] present pixmap=0 tex=3987 bind_noop=3985 bind_rereg=2
[nav-walk] here=WorldTile { x: 3256, z: 3428, level: 0 } aim=WorldTile { x: 3261, z: 3430, level: 0 } radius=2 ticks_waited=4 sent_tile=Some(WorldTile { x: 3252, z: 3420, level: 0 })
[nav-follow] here=WorldTile { x: 3256, z: 3428, level: 0 } walk=true transport=false leg=0 hops=1 outcome=None
[host] hitch liveajlk9g_0: observe_us=21311 paints=3922 skips=1 ticks=159
[nav-walk] here=WorldTile { x: 3258, z: 3428, level: 0 } aim=WorldTile { x: 3261, z: 3430, level: 0 } radius=2 ticks_waited=5 sent_tile=Some(WorldTile { x: 3252, z: 3420, level: 0 })
[nav-follow] here=WorldTile { x: 3258, z: 3428, level: 0 } walk=true transport=false leg=0 hops=1 outcome=None
[host] hitch liveajlk9g_0: observe_us=19574 paints=3948 skips=1 ticks=160
[host] slot liveajlk9g_0: d_loop_us=932 d_raster_us=170618 d_observe_us=73153 max_observe_us=21311 d_paints=50 d_skips=0 d_ticks=2 window_ms=1173
[panel] rss=610009088 traffic_sum=7938
[panel] present pixmap=0 tex=4030 bind_noop=4028 bind_rereg=2
[nav-walk] here=WorldTile { x: 3260, z: 3429, level: 0 } aim=WorldTile { x: 3261, z: 3430, level: 0 } radius=2 ticks_waited=6 sent_tile=Some(WorldTile { x: 3252, z: 3420, level: 0 })
[nav-follow] here=WorldTile { x: 3260, z: 3429, level: 0 } walk=true transport=false leg=0 hops=2 outcome=None
[host] hitch liveajlk9g_0: observe_us=19304 paints=3974 skips=1 ticks=161
[host] slot liveajlk9g_0: d_loop_us=1017 d_raster_us=178573 d_observe_us=50674 max_observe_us=19304 d_paints=50 d_skips=0 d_ticks=1 window_ms=1131
[panel] rss=610009088 traffic_sum=8006
[panel] present pixmap=0 tex=4072 bind_noop=4070 bind_rereg=2
[nav-walk] here=WorldTile { x: 3262, z: 3429, level: 0 } aim=WorldTile { x: 3276, z: 3434, level: 0 } radius=2 ticks_waited=0 sent_tile=Some(WorldTile { x: 3260, z: 3429, level: 0 })
[nav-follow] here=WorldTile { x: 3262, z: 3429, level: 0 } walk=true transport=false leg=0 hops=2 outcome=None
[host] hitch liveajlk9g_0: observe_us=19370 paints=4000 skips=1 ticks=162
[nav-walk] here=WorldTile { x: 3264, z: 3429, level: 0 } aim=WorldTile { x: 3276, z: 3434, level: 0 } radius=2 ticks_waited=1 sent_tile=Some(WorldTile { x: 3260, z: 3429, level: 0 })
[nav-follow] here=WorldTile { x: 3264, z: 3429, level: 0 } walk=true transport=false leg=0 hops=2 outcome=None
[host] hitch liveajlk9g_0: observe_us=20739 paints=4026 skips=1 ticks=163
[panel] rss=610009088 traffic_sum=8057
[panel] present pixmap=0 tex=4113 bind_noop=4111 bind_rereg=2
[host] slot liveajlk9g_0: d_loop_us=1079 d_raster_us=167062 d_observe_us=74709 max_observe_us=20739 d_paints=50 d_skips=0 d_ticks=2 window_ms=1173
[nav-walk] here=WorldTile { x: 3266, z: 3429, level: 0 } aim=WorldTile { x: 3276, z: 3434, level: 0 } radius=2 ticks_waited=2 sent_tile=Some(WorldTile { x: 3260, z: 3429, level: 0 })
[nav-follow] here=WorldTile { x: 3266, z: 3429, level: 0 } walk=true transport=false leg=0 hops=2 outcome=None
[host] hitch liveajlk9g_0: observe_us=23299 paints=4052 skips=1 ticks=164
[nav-walk] here=WorldTile { x: 3268, z: 3429, level: 0 } aim=WorldTile { x: 3276, z: 3434, level: 0 } radius=2 ticks_waited=3 sent_tile=Some(WorldTile { x: 3260, z: 3429, level: 0 })
[nav-follow] here=WorldTile { x: 3268, z: 3429, level: 0 } walk=true transport=false leg=0 hops=2 outcome=None
[host] hitch liveajlk9g_0: observe_us=17926 paints=4077 skips=1 ticks=165
[panel] rss=610009088 traffic_sum=8101
[panel] present pixmap=0 tex=4156 bind_noop=4154 bind_rereg=2
[host] slot liveajlk9g_0: d_loop_us=1104 d_raster_us=155906 d_observe_us=72270 max_observe_us=23299 d_paints=50 d_skips=0 d_ticks=2 window_ms=1165
[nav-walk] here=WorldTile { x: 3270, z: 3429, level: 0 } aim=WorldTile { x: 3276, z: 3434, level: 0 } radius=2 ticks_waited=4 sent_tile=Some(WorldTile { x: 3260, z: 3429, level: 0 })
[nav-follow] here=WorldTile { x: 3270, z: 3429, level: 0 } walk=true transport=false leg=0 hops=2 outcome=None
[host] hitch liveajlk9g_0: observe_us=19470 paints=4103 skips=1 ticks=166
[panel] rss=610009088 traffic_sum=8116
[panel] present pixmap=0 tex=4198 bind_noop=4196 bind_rereg=2
[nav-walk] here=WorldTile { x: 3272, z: 3429, level: 0 } aim=WorldTile { x: 3276, z: 3434, level: 0 } radius=2 ticks_waited=5 sent_tile=Some(WorldTile { x: 3260, z: 3429, level: 0 })
[nav-follow] here=WorldTile { x: 3272, z: 3429, level: 0 } walk=true transport=false leg=0 hops=2 outcome=None
[host] hitch liveajlk9g_0: observe_us=22446 paints=4128 skips=1 ticks=167
[host] slot liveajlk9g_0: d_loop_us=1121 d_raster_us=164308 d_observe_us=76003 max_observe_us=22446 d_paints=50 d_skips=0 d_ticks=2 window_ms=1175
[nav-walk] here=WorldTile { x: 3274, z: 3431, level: 0 } aim=WorldTile { x: 3276, z: 3434, level: 0 } radius=2 ticks_waited=6 sent_tile=Some(WorldTile { x: 3260, z: 3429, level: 0 })
[nav-follow] here=WorldTile { x: 3274, z: 3431, level: 0 } walk=true transport=false leg=0 hops=2 outcome=None
[host] hitch liveajlk9g_0: observe_us=16834 paints=4154 skips=1 ticks=168
[panel] rss=610009088 traffic_sum=8167
[panel] present pixmap=0 tex=4239 bind_noop=4237 bind_rereg=2
[nav-walk] here=WorldTile { x: 3275, z: 3433, level: 0 } aim=WorldTile { x: 3276, z: 3434, level: 0 } radius=2 ticks_waited=7 sent_tile=Some(WorldTile { x: 3260, z: 3429, level: 0 })
[nav-follow] here=WorldTile { x: 3275, z: 3433, level: 0 } walk=true transport=false leg=0 hops=3 outcome=None
[host] hitch liveajlk9g_0: observe_us=22474 paints=4180 skips=1 ticks=169
[host] slot liveajlk9g_0: d_loop_us=944 d_raster_us=147654 d_observe_us=73147 max_observe_us=22474 d_paints=50 d_skips=0 d_ticks=2 window_ms=1174
[nav-walk] here=WorldTile { x: 3275, z: 3435, level: 0 } aim=WorldTile { x: 3284, z: 3447, level: 0 } radius=2 ticks_waited=0 sent_tile=Some(WorldTile { x: 3275, z: 3433, level: 0 })
[nav-follow] here=WorldTile { x: 3275, z: 3435, level: 0 } walk=true transport=false leg=0 hops=3 outcome=None
[host] hitch liveajlk9g_0: observe_us=17779 paints=4205 skips=1 ticks=170
[panel] rss=610009088 traffic_sum=8231
[panel] present pixmap=0 tex=4282 bind_noop=4280 bind_rereg=2
[nav-walk] here=WorldTile { x: 3275, z: 3437, level: 0 } aim=WorldTile { x: 3284, z: 3447, level: 0 } radius=2 ticks_waited=1 sent_tile=Some(WorldTile { x: 3275, z: 3433, level: 0 })
[nav-follow] here=WorldTile { x: 3275, z: 3437, level: 0 } walk=true transport=false leg=0 hops=3 outcome=None
[host] hitch liveajlk9g_0: observe_us=20383 paints=4231 skips=1 ticks=171
[host] slot liveajlk9g_0: d_loop_us=906 d_raster_us=146583 d_observe_us=69378 max_observe_us=20383 d_paints=50 d_skips=0 d_ticks=2 window_ms=1155
[nav-walk] here=WorldTile { x: 3275, z: 3439, level: 0 } aim=WorldTile { x: 3284, z: 3447, level: 0 } radius=2 ticks_waited=2 sent_tile=Some(WorldTile { x: 3275, z: 3433, level: 0 })
[nav-follow] here=WorldTile { x: 3275, z: 3439, level: 0 } walk=true transport=false leg=0 hops=3 outcome=None
[host] hitch liveajlk9g_0: observe_us=18427 paints=4257 skips=1 ticks=172
[panel] rss=610009088 traffic_sum=8260
[panel] present pixmap=0 tex=4325 bind_noop=4323 bind_rereg=2
[nav-walk] here=WorldTile { x: 3277, z: 3439, level: 0 } aim=WorldTile { x: 3284, z: 3447, level: 0 } radius=2 ticks_waited=3 sent_tile=Some(WorldTile { x: 3275, z: 3433, level: 0 })
[nav-follow] here=WorldTile { x: 3277, z: 3439, level: 0 } walk=true transport=false leg=0 hops=3 outcome=None
[host] hitch liveajlk9g_0: observe_us=20409 paints=4282 skips=1 ticks=173
[host] slot liveajlk9g_0: d_loop_us=995 d_raster_us=137048 d_observe_us=69600 max_observe_us=20409 d_paints=50 d_skips=0 d_ticks=2 window_ms=1164
[panel] rss=610009088 traffic_sum=8274
[panel] present pixmap=0 tex=4366 bind_noop=4364 bind_rereg=2
[nav-walk] here=WorldTile { x: 3279, z: 3440, level: 0 } aim=WorldTile { x: 3284, z: 3447, level: 0 } radius=2 ticks_waited=4 sent_tile=Some(WorldTile { x: 3275, z: 3433, level: 0 })
[nav-follow] here=WorldTile { x: 3279, z: 3440, level: 0 } walk=true transport=false leg=0 hops=3 outcome=None
[host] hitch liveajlk9g_0: observe_us=22184 paints=4308 skips=1 ticks=174
[nav-walk] here=WorldTile { x: 3279, z: 3442, level: 0 } aim=WorldTile { x: 3284, z: 3447, level: 0 } radius=2 ticks_waited=5 sent_tile=Some(WorldTile { x: 3275, z: 3433, level: 0 })
[nav-follow] here=WorldTile { x: 3279, z: 3442, level: 0 } walk=true transport=false leg=0 hops=3 outcome=None
[host] hitch liveajlk9g_0: observe_us=21696 paints=4334 skips=1 ticks=175
[panel] rss=610009088 traffic_sum=8324
[panel] present pixmap=0 tex=4410 bind_noop=4408 bind_rereg=2
[host] slot liveajlk9g_0: d_loop_us=968 d_raster_us=127536 d_observe_us=76946 max_observe_us=22184 d_paints=50 d_skips=0 d_ticks=2 window_ms=1161
[nav-walk] here=WorldTile { x: 3281, z: 3444, level: 0 } aim=WorldTile { x: 3284, z: 3447, level: 0 } radius=2 ticks_waited=6 sent_tile=Some(WorldTile { x: 3275, z: 3433, level: 0 })
[nav-follow] here=WorldTile { x: 3281, z: 3444, level: 0 } walk=true transport=false leg=0 hops=3 outcome=None
[host] hitch liveajlk9g_0: observe_us=22386 paints=4360 skips=1 ticks=176
[nav-walk] here=WorldTile { x: 3283, z: 3446, level: 0 } aim=WorldTile { x: 3284, z: 3447, level: 0 } radius=2 ticks_waited=7 sent_tile=Some(WorldTile { x: 3275, z: 3433, level: 0 })
[nav-follow] here=WorldTile { x: 3283, z: 3446, level: 0 } walk=true transport=false leg=0 hops=4 outcome=None
[host] hitch liveajlk9g_0: observe_us=19103 paints=4385 skips=1 ticks=177
[panel] rss=610009088 traffic_sum=8381
[panel] present pixmap=0 tex=4452 bind_noop=4450 bind_rereg=2
[host] slot liveajlk9g_0: d_loop_us=791 d_raster_us=139530 d_observe_us=75616 max_observe_us=22386 d_paints=50 d_skips=0 d_ticks=2 window_ms=1165
[nav-walk] here=WorldTile { x: 3283, z: 3448, level: 0 } aim=WorldTile { x: 3296, z: 3463, level: 0 } radius=2 ticks_waited=0 sent_tile=Some(WorldTile { x: 3283, z: 3446, level: 0 })
[nav-follow] here=WorldTile { x: 3283, z: 3448, level: 0 } walk=true transport=false leg=0 hops=4 outcome=None
[host] hitch liveajlk9g_0: observe_us=19769 paints=4412 skips=1 ticks=178
[panel] rss=610009088 traffic_sum=8415
[panel] present pixmap=0 tex=4495 bind_noop=4493 bind_rereg=2
[nav-walk] here=WorldTile { x: 3283, z: 3450, level: 0 } aim=WorldTile { x: 3296, z: 3463, level: 0 } radius=2 ticks_waited=1 sent_tile=Some(WorldTile { x: 3283, z: 3446, level: 0 })
[nav-follow] here=WorldTile { x: 3283, z: 3450, level: 0 } walk=true transport=false leg=0 hops=4 outcome=None
[host] hitch liveajlk9g_0: observe_us=19071 paints=4437 skips=1 ticks=179
[host] slot liveajlk9g_0: d_loop_us=765 d_raster_us=128000 d_observe_us=70739 max_observe_us=19769 d_paints=50 d_skips=0 d_ticks=2 window_ms=1175
[nav-walk] here=WorldTile { x: 3285, z: 3452, level: 0 } aim=WorldTile { x: 3296, z: 3463, level: 0 } radius=2 ticks_waited=2 sent_tile=Some(WorldTile { x: 3283, z: 3446, level: 0 })
[nav-follow] here=WorldTile { x: 3285, z: 3452, level: 0 } walk=true transport=false leg=0 hops=4 outcome=None
[host] hitch liveajlk9g_0: observe_us=19811 paints=4462 skips=1 ticks=180
[panel] rss=610009088 traffic_sum=8442
[panel] present pixmap=0 tex=4536 bind_noop=4534 bind_rereg=2
[nav-walk] here=WorldTile { x: 3287, z: 3454, level: 0 } aim=WorldTile { x: 3296, z: 3463, level: 0 } radius=2 ticks_waited=3 sent_tile=Some(WorldTile { x: 3283, z: 3446, level: 0 })
[nav-follow] here=WorldTile { x: 3287, z: 3454, level: 0 } walk=true transport=false leg=0 hops=4 outcome=None
[host] hitch liveajlk9g_0: observe_us=17991 paints=4488 skips=1 ticks=181
[host] slot liveajlk9g_0: d_loop_us=728 d_raster_us=126810 d_observe_us=68872 max_observe_us=19811 d_paints=50 d_skips=0 d_ticks=2 window_ms=1170
[nav-walk] here=WorldTile { x: 3289, z: 3456, level: 0 } aim=WorldTile { x: 3296, z: 3463, level: 0 } radius=2 ticks_waited=4 sent_tile=Some(WorldTile { x: 3283, z: 3446, level: 0 })
[nav-follow] here=WorldTile { x: 3289, z: 3456, level: 0 } walk=true transport=false leg=0 hops=4 outcome=None
[host] hitch liveajlk9g_0: observe_us=20775 paints=4514 skips=1 ticks=182
[panel] rss=610009088 traffic_sum=8506
[panel] present pixmap=0 tex=4578 bind_noop=4576 bind_rereg=2
[nav-walk] here=WorldTile { x: 3291, z: 3458, level: 0 } aim=WorldTile { x: 3296, z: 3463, level: 0 } radius=2 ticks_waited=5 sent_tile=Some(WorldTile { x: 3283, z: 3446, level: 0 })
[nav-follow] here=WorldTile { x: 3291, z: 3458, level: 0 } walk=true transport=false leg=0 hops=4 outcome=None
[host] hitch liveajlk9g_0: observe_us=22922 paints=4539 skips=1 ticks=183
[host] slot liveajlk9g_0: d_loop_us=816 d_raster_us=127127 d_observe_us=80845 max_observe_us=22922 d_paints=50 d_skips=0 d_ticks=2 window_ms=1173
[panel] rss=610009088 traffic_sum=8531
[panel] present pixmap=0 tex=4620 bind_noop=4618 bind_rereg=2
[nav-walk] here=WorldTile { x: 3293, z: 3460, level: 0 } aim=WorldTile { x: 3296, z: 3463, level: 0 } radius=2 ticks_waited=6 sent_tile=Some(WorldTile { x: 3283, z: 3446, level: 0 })
[nav-follow] here=WorldTile { x: 3293, z: 3460, level: 0 } walk=true transport=false leg=0 hops=4 outcome=None
[host] hitch liveajlk9g_0: observe_us=17342 paints=4565 skips=1 ticks=184
[nav-walk] here=WorldTile { x: 3295, z: 3462, level: 0 } aim=WorldTile { x: 3296, z: 3463, level: 0 } radius=2 ticks_waited=7 sent_tile=Some(WorldTile { x: 3283, z: 3446, level: 0 })
[nav-follow] here=WorldTile { x: 3295, z: 3462, level: 0 } walk=true transport=false leg=0 hops=5 outcome=None
[host] hitch liveajlk9g_0: observe_us=18083 paints=4590 skips=1 ticks=185
[host] slot liveajlk9g_0: d_loop_us=751 d_raster_us=130048 d_observe_us=65338 max_observe_us=18083 d_paints=50 d_skips=0 d_ticks=2 window_ms=1175
[panel] rss=610009088 traffic_sum=8576
[panel] present pixmap=0 tex=4660 bind_noop=4658 bind_rereg=2
[nav-walk] here=WorldTile { x: 3295, z: 3464, level: 0 } aim=WorldTile { x: 3304, z: 3476, level: 0 } radius=0 ticks_waited=0 sent_tile=Some(WorldTile { x: 3295, z: 3462, level: 0 })
[nav-follow] here=WorldTile { x: 3295, z: 3464, level: 0 } walk=true transport=false leg=0 hops=5 outcome=None
[host] hitch liveajlk9g_0: observe_us=18048 paints=4616 skips=1 ticks=186
[nav-walk] here=WorldTile { x: 3297, z: 3466, level: 0 } aim=WorldTile { x: 3304, z: 3476, level: 0 } radius=0 ticks_waited=1 sent_tile=Some(WorldTile { x: 3295, z: 3462, level: 0 })
[nav-follow] here=WorldTile { x: 3297, z: 3466, level: 0 } walk=true transport=false leg=0 hops=5 outcome=None
[host] hitch liveajlk9g_0: observe_us=23392 paints=4641 skips=1 ticks=187
[panel] rss=610009088 traffic_sum=8620
[panel] present pixmap=0 tex=4701 bind_noop=4699 bind_rereg=2
[host] slot liveajlk9g_0: d_loop_us=792 d_raster_us=132563 d_observe_us=73757 max_observe_us=23392 d_paints=50 d_skips=0 d_ticks=2 window_ms=1182
[nav-walk] here=WorldTile { x: 3299, z: 3468, level: 0 } aim=WorldTile { x: 3304, z: 3476, level: 0 } radius=0 ticks_waited=2 sent_tile=Some(WorldTile { x: 3295, z: 3462, level: 0 })
[nav-follow] here=WorldTile { x: 3299, z: 3468, level: 0 } walk=true transport=false leg=0 hops=5 outcome=None
[host] hitch liveajlk9g_0: observe_us=19116 paints=4667 skips=1 ticks=188
[panel] rss=610009088 traffic_sum=8633
[panel] present pixmap=0 tex=4744 bind_noop=4742 bind_rereg=2
[nav-walk] here=WorldTile { x: 3300, z: 3470, level: 0 } aim=WorldTile { x: 3304, z: 3476, level: 0 } radius=0 ticks_waited=3 sent_tile=Some(WorldTile { x: 3295, z: 3462, level: 0 })
[nav-follow] here=WorldTile { x: 3300, z: 3470, level: 0 } walk=true transport=false leg=0 hops=5 outcome=None
[host] hitch liveajlk9g_0: observe_us=18638 paints=4692 skips=1 ticks=189
[host] slot liveajlk9g_0: d_loop_us=731 d_raster_us=130827 d_observe_us=67394 max_observe_us=19116 d_paints=50 d_skips=0 d_ticks=2 window_ms=1167
[panel] liveajlk9g_0: liveajlk9g_0: scene 1
[panel] liveajlk9g_0: liveajlk9g_0: ingame
[panel] liveajlk9g_0: liveajlk9g_0: scene 2
[panel] rss=620068864 traffic_sum=8852
[panel] present pixmap=0 tex=4786 bind_noop=4784 bind_rereg=2
[nav-walk] here=WorldTile { x: 3301, z: 3473, level: 0 } aim=WorldTile { x: 3304, z: 3476, level: 0 } radius=0 ticks_waited=4 sent_tile=Some(WorldTile { x: 3295, z: 3462, level: 0 })
[nav-follow] here=WorldTile { x: 3301, z: 3473, level: 0 } walk=true transport=false leg=0 hops=5 outcome=None
[host] hitch liveajlk9g_0: observe_us=16217 paints=4744 skips=1 ticks=191
[host] slot liveajlk9g_0: d_loop_us=9406 d_raster_us=145253 d_observe_us=80522 max_observe_us=16217 d_paints=50 d_skips=0 d_ticks=2 window_ms=1165
[nav-walk] here=WorldTile { x: 3302, z: 3474, level: 0 } aim=WorldTile { x: 3304, z: 3476, level: 0 } radius=0 ticks_waited=5 sent_tile=Some(WorldTile { x: 3295, z: 3462, level: 0 })
[nav-follow] here=WorldTile { x: 3302, z: 3474, level: 0 } walk=true transport=false leg=0 hops=5 outcome=None
[host] hitch liveajlk9g_0: observe_us=16694 paints=4769 skips=1 ticks=192
[panel] rss=620068864 traffic_sum=8893
[panel] present pixmap=0 tex=4829 bind_noop=4827 bind_rereg=2
[nav-walk] here=WorldTile { x: 3304, z: 3474, level: 0 } aim=WorldTile { x: 3304, z: 3476, level: 0 } radius=0 ticks_waited=6 sent_tile=Some(WorldTile { x: 3295, z: 3462, level: 0 })
[nav-follow] here=WorldTile { x: 3304, z: 3474, level: 0 } walk=true transport=false leg=0 hops=5 outcome=None
[host] hitch liveajlk9g_0: observe_us=19564 paints=4795 skips=1 ticks=193
[host] slot liveajlk9g_0: d_loop_us=763 d_raster_us=133540 d_observe_us=68254 max_observe_us=19564 d_paints=50 d_skips=0 d_ticks=2 window_ms=1167
live script_rune_crafter_earth: running step 28/28
[nav-walk] here=WorldTile { x: 3304, z: 3476, level: 0 } aim=WorldTile { x: 3304, z: 3476, level: 0 } radius=0 ticks_waited=7 sent_tile=Some(WorldTile { x: 3295, z: 3462, level: 0 })
[nav-follow] here=WorldTile { x: 3304, z: 3476, level: 0 } walk=false transport=false leg=1 hops=5 outcome=Some(Arrived { at: WorldTile { x: 3304, z: 3476, level: 0 } })
[panel] rss=620134400 traffic_sum=8940
[panel] present pixmap=0 tex=4870 bind_noop=4868 bind_rereg=2
[script liveajlk9g_0] using the Earth talisman on the mysterious ruins
[script liveajlk9g_0] interact UseOn { name: "Earth talisman", kind: "loc", target_name: Some("Mysterious ruins"), x: 3305, z: 3473, level: 0, index: None, source_item_id: Some(1440), source_item_slot: Some(0), target_item_id: None, target_item_slot: None }
[panel] liveajlk9g_0: script: using the Earth talisman on the mysterious ruins
[host] slot liveajlk9g_0: d_loop_us=802 d_raster_us=144461 d_observe_us=61849 max_observe_us=15679 d_paints=50 d_skips=0 d_ticks=2 window_ms=1163
[panel] rss=621297664 traffic_sum=8976
[panel] present pixmap=0 tex=4911 bind_noop=4909 bind_rereg=2
[host] slot liveajlk9g_0: d_loop_us=778 d_raster_us=136239 d_observe_us=45412 max_observe_us=7763 d_paints=50 d_skips=0 d_ticks=2 window_ms=1174
[panel] rss=621658112 traffic_sum=9112
[panel] present pixmap=0 tex=4955 bind_noop=4953 bind_rereg=2
[panel] liveajlk9g_0: liveajlk9g_0: scene 1
[panel] liveajlk9g_0: liveajlk9g_0: ingame
[panel] liveajlk9g_0: liveajlk9g_0: scene 2
[host] slot liveajlk9g_0: d_loop_us=6052 d_raster_us=139710 d_observe_us=54822 max_observe_us=6210 d_paints=50 d_skips=0 d_ticks=1 window_ms=1156
[script liveajlk9g_0] entered the altar
[panel] liveajlk9g_0: script: entered the altar
[panel] rss=621658112 traffic_sum=9313
[panel] present pixmap=0 tex=4997 bind_noop=4995 bind_rereg=2
[script liveajlk9g_0] crafting 27 essence at the altar
[script liveajlk9g_0] interact Loc { x: 2657, z: 4840, level: 0, action: "Craft-rune", id: Some(2481) }
[panel] liveajlk9g_0: script: crafting 27 essence at the altar
[panel] rss=621658112 traffic_sum=9343
[panel] present pixmap=0 tex=5040 bind_noop=5038 bind_rereg=2
[host] slot liveajlk9g_0: d_loop_us=713 d_raster_us=146640 d_observe_us=47801 max_observe_us=9135 d_paints=50 d_skips=0 d_ticks=2 window_ms=1165
[panel] rss=621658112 traffic_sum=9395
[panel] present pixmap=0 tex=5083 bind_noop=5081 bind_rereg=2
[host] slot liveajlk9g_0: d_loop_us=818 d_raster_us=147358 d_observe_us=53237 max_observe_us=10973 d_paints=50 d_skips=0 d_ticks=2 window_ms=1160
[panel] rss=621658112 traffic_sum=9420
[panel] present pixmap=0 tex=5126 bind_noop=5124 bind_rereg=2
[host] slot liveajlk9g_0: d_loop_us=710 d_raster_us=136430 d_observe_us=47422 max_observe_us=9454 d_paints=50 d_skips=0 d_ticks=2 window_ms=1168
[panel] rss=621658112 traffic_sum=9441
[panel] present pixmap=0 tex=5167 bind_noop=5165 bind_rereg=2
[panel] scenario capture requested: rune_crafter_earth
[host] hitch liveajlk9g_0: observe_us=56563 paints=5130 skips=1 ticks=206
[panel] capture readback requested: 1
[script liveajlk9g_0] crafted 27 Earth runes
[script liveajlk9g_0] taking the portal back to the ruins
[script liveajlk9g_0] interact Loc { x: 2655, z: 4829, level: 0, action: "Use", id: Some(2468) }
[host] slot liveajlk9g_0: d_loop_us=704 d_raster_us=137004 d_observe_us=92556 max_observe_us=56563 d_paints=50 d_skips=0 d_ticks=2 window_ms=1206
[script liveajlk9g_0] interact Loc { x: 2655, z: 4829, level: 0, action: "Use", id: Some(2468) }
[panel] shot rune_crafter_earth -> /Users/acfrazier/experiments/274bot/.worktrees/rs2b0t-multirevision/docs/compat/evidence/catalog-headed/r289-rune-crafter-earth-8e7d965b-4cc6cc27-gpu/shots/2026-09-11T08-58-43_14416/2026-09-11T09-00-54_rune_crafter_earth.png
[panel] liveajlk9g_0: script: crafted 27 Earth runes
[panel] liveajlk9g_0: script: taking the portal back to the ruins
PASS: live script_rune_crafter_earth {"scenario":"rune_crafter_earth","outcome":"PASS","predicate":"has_item_id(557)>=1","ticks":248,"elapsed_ms":130772,"tile":[2658,4839,0],"inv":[{"id":1440,"name":"Earth talisman","count":1},{"id":557,"name":"Earth rune","count":27}],"stat":{"runenergy":12},"chat":[{"text":"You bind the temple's power into Earth Runes."},{"text":"You feel a powerful force take hold of you..."},{"text":"You hold the Earth Talisman towards the mysterious ruins."},{"text":"You don't have enough inventory space to withdraw that many."},{"text":"You step through the portal..."},{"text":"You bind the temple's power into Earth Runes."},{"text":"You feel a powerful force take hold of you..."},{"text":"You hold the Earth Talisman towards the mysterious ruins."},{"text":"You don't have enough inventory space to withdraw that many."},{"text":"Inventory wiped."},{"text":"Welcome to RuneScape."}],"scene":2}
[panel] rss=663175168 traffic_sum=9694
[panel] present pixmap=0 tex=5173 bind_noop=5171 bind_rereg=2
[script liveajlk9g_0] interact Loc { x: 2655, z: 4829, level: 0, action: "Use", id: Some(2468) }
[host] slot liveajlk9g_0: d_loop_us=750 d_raster_us=133649 d_observe_us=35902 max_observe_us=5480 d_paints=50 d_skips=0 d_ticks=2 window_ms=1171
[script liveajlk9g_0] interact Loc { x: 2655, z: 4829, level: 0, action: "Use", id: Some(2468) }
[panel] rss=663175168 traffic_sum=9762
[panel] present pixmap=0 tex=5215 bind_noop=5213 bind_rereg=2
[script liveajlk9g_0] interact Loc { x: 2655, z: 4829, level: 0, action: "Use", id: Some(2468) }
[host] slot liveajlk9g_0: d_loop_us=855 d_raster_us=159335 d_observe_us=44472 max_observe_us=8382 d_paints=50 d_skips=0 d_ticks=2 window_ms=1160
[script liveajlk9g_0] interact Loc { x: 2655, z: 4829, level: 0, action: "Use", id: Some(2468) }
[panel] rss=663175168 traffic_sum=10003
[panel] present pixmap=0 tex=5257 bind_noop=5255 bind_rereg=2
[script liveajlk9g_0] interact Loc { x: 2655, z: 4829, level: 0, action: "Use", id: Some(2468) }
[host] slot liveajlk9g_0: d_loop_us=804 d_raster_us=162933 d_observe_us=49845 max_observe_us=10715 d_paints=50 d_skips=0 d_ticks=2 window_ms=1163
[panel] rss=663175168 traffic_sum=10051
[panel] present pixmap=0 tex=5300 bind_noop=5298 bind_rereg=2
[script liveajlk9g_0] interact Loc { x: 2655, z: 4829, level: 0, action: "Use", id: Some(2468) }
[script liveajlk9g_0] interact Loc { x: 2655, z: 4829, level: 0, action: "Use", id: Some(2468) }
[host] slot liveajlk9g_0: d_loop_us=775 d_raster_us=162630 d_observe_us=47690 max_observe_us=9889 d_paints=50 d_skips=0 d_ticks=2 window_ms=1172
[panel] rss=663175168 traffic_sum=10104
[panel] present pixmap=0 tex=5343 bind_noop=5341 bind_rereg=2
[script liveajlk9g_0] interact Loc { x: 2655, z: 4829, level: 0, action: "Use", id: Some(2468) }
[panel] liveajlk9g_0: liveajlk9g_0: scene 1
[panel] liveajlk9g_0: liveajlk9g_0: ingame
[panel] liveajlk9g_0: liveajlk9g_0: scene 2
[panel] rss=663175168 traffic_sum=10345
[panel] present pixmap=0 tex=5386 bind_noop=5384 bind_rereg=2
[host] slot liveajlk9g_0: d_loop_us=10614 d_raster_us=146456 d_observe_us=58232 max_observe_us=11000 d_paints=50 d_skips=0 d_ticks=2 window_ms=1161
[script liveajlk9g_0] back at the mysterious ruins
[panel] liveajlk9g_0: script: back at the mysterious ruins
[panel] rss=663175168 traffic_sum=10424
[panel] present pixmap=0 tex=5429 bind_noop=5427 bind_rereg=2
[script liveajlk9g_0] heading to the bank
[script liveajlk9g_0] interact WalkNear { x: 3253, z: 3420, level: 0, radius: 3, allow_teleports: false }
[panel] liveajlk9g_0: script: heading to the bank
[host] slot liveajlk9g_0: d_loop_us=722 d_raster_us=122911 d_observe_us=45396 max_observe_us=14245 d_paints=50 d_skips=0 d_ticks=2 window_ms=1172
[nav-follow] here=WorldTile { x: 3303, z: 3477, level: 0 } walk=true transport=false leg=0 hops=1 outcome=None
[panel] rss=663175168 traffic_sum=10463
[panel] present pixmap=0 tex=5472 bind_noop=5470 bind_rereg=2
[nav-walk] here=WorldTile { x: 3304, z: 3476, level: 0 } aim=WorldTile { x: 3300, z: 3467, level: 0 } radius=2 ticks_waited=0 sent_tile=Some(WorldTile { x: 3303, z: 3477, level: 0 })
[nav-follow] here=WorldTile { x: 3304, z: 3476, level: 0 } walk=true transport=false leg=0 hops=1 outcome=None
[host] slot liveajlk9g_0: d_loop_us=717 d_raster_us=115907 d_observe_us=44035 max_observe_us=13441 d_paints=50 d_skips=0 d_ticks=2 window_ms=1181
[nav-walk] here=WorldTile { x: 3304, z: 3474, level: 0 } aim=WorldTile { x: 3300, z: 3467, level: 0 } radius=2 ticks_waited=1 sent_tile=Some(WorldTile { x: 3303, z: 3477, level: 0 })
[nav-follow] here=WorldTile { x: 3304, z: 3474, level: 0 } walk=true transport=false leg=0 hops=1 outcome=None
[panel] rss=663175168 traffic_sum=10510
[panel] present pixmap=0 tex=5515 bind_noop=5513 bind_rereg=2
[nav-walk] here=WorldTile { x: 3302, z: 3474, level: 0 } aim=WorldTile { x: 3300, z: 3467, level: 0 } radius=2 ticks_waited=2 sent_tile=Some(WorldTile { x: 3303, z: 3477, level: 0 })
[nav-follow] here=WorldTile { x: 3302, z: 3474, level: 0 } walk=true transport=false leg=0 hops=1 outcome=None
[host] slot liveajlk9g_0: d_loop_us=734 d_raster_us=118259 d_observe_us=51874 max_observe_us=13680 d_paints=50 d_skips=0 d_ticks=2 window_ms=1169
[nav-walk] here=WorldTile { x: 3301, z: 3473, level: 0 } aim=WorldTile { x: 3300, z: 3467, level: 0 } radius=2 ticks_waited=3 sent_tile=Some(WorldTile { x: 3303, z: 3477, level: 0 })
[nav-follow] here=WorldTile { x: 3301, z: 3473, level: 0 } walk=true transport=false leg=0 hops=1 outcome=None
[panel] rss=663175168 traffic_sum=10556
[panel] present pixmap=0 tex=5556 bind_noop=5554 bind_rereg=2
[nav-walk] here=WorldTile { x: 3300, z: 3472, level: 0 } aim=WorldTile { x: 3300, z: 3467, level: 0 } radius=2 ticks_waited=4 sent_tile=Some(WorldTile { x: 3303, z: 3477, level: 0 })
[nav-follow] here=WorldTile { x: 3300, z: 3472, level: 0 } walk=true transport=false leg=0 hops=1 outcome=None
[host] slot liveajlk9g_0: d_loop_us=747 d_raster_us=114581 d_observe_us=47406 max_observe_us=12913 d_paints=50 d_skips=0 d_ticks=2 window_ms=1185
[panel] rss=663175168 traffic_sum=10572
[panel] present pixmap=0 tex=5599 bind_noop=5597 bind_rereg=2
[nav-walk] here=WorldTile { x: 3300, z: 3470, level: 0 } aim=WorldTile { x: 3300, z: 3467, level: 0 } radius=2 ticks_waited=5 sent_tile=Some(WorldTile { x: 3303, z: 3477, level: 0 })
[nav-follow] here=WorldTile { x: 3300, z: 3470, level: 0 } walk=true transport=false leg=0 hops=1 outcome=None
[nav-walk] here=WorldTile { x: 3300, z: 3468, level: 0 } aim=WorldTile { x: 3300, z: 3467, level: 0 } radius=2 ticks_waited=6 sent_tile=Some(WorldTile { x: 3303, z: 3477, level: 0 })
[nav-follow] here=WorldTile { x: 3300, z: 3468, level: 0 } walk=true transport=false leg=0 hops=2 outcome=None
[host] slot liveajlk9g_0: d_loop_us=781 d_raster_us=114799 d_observe_us=50128 max_observe_us=13717 d_paints=50 d_skips=0 d_ticks=2 window_ms=1162
[panel] rss=663175168 traffic_sum=10632
[panel] present pixmap=0 tex=5641 bind_noop=5639 bind_rereg=2
[nav-walk] here=WorldTile { x: 3299, z: 3466, level: 0 } aim=WorldTile { x: 3288, z: 3451, level: 0 } radius=2 ticks_waited=0 sent_tile=Some(WorldTile { x: 3300, z: 3468, level: 0 })
[nav-follow] here=WorldTile { x: 3299, z: 3466, level: 0 } walk=true transport=false leg=0 hops=2 outcome=None
[nav-walk] here=WorldTile { x: 3297, z: 3464, level: 0 } aim=WorldTile { x: 3288, z: 3451, level: 0 } radius=2 ticks_waited=1 sent_tile=Some(WorldTile { x: 3300, z: 3468, level: 0 })
[nav-follow] here=WorldTile { x: 3297, z: 3464, level: 0 } walk=true transport=false leg=0 hops=2 outcome=None
[panel] rss=663175168 traffic_sum=10657
[panel] present pixmap=0 tex=5681 bind_noop=5679 bind_rereg=2
[host] slot liveajlk9g_0: d_loop_us=767 d_raster_us=116583 d_observe_us=50091 max_observe_us=13536 d_paints=50 d_skips=0 d_ticks=2 window_ms=1174
[nav-walk] here=WorldTile { x: 3295, z: 3462, level: 0 } aim=WorldTile { x: 3288, z: 3451, level: 0 } radius=2 ticks_waited=2 sent_tile=Some(WorldTile { x: 3300, z: 3468, level: 0 })
[nav-follow] here=WorldTile { x: 3295, z: 3462, level: 0 } walk=true transport=false leg=0 hops=2 outcome=None
[panel] rss=663175168 traffic_sum=10710
[panel] present pixmap=0 tex=5724 bind_noop=5722 bind_rereg=2
[nav-walk] here=WorldTile { x: 3294, z: 3460, level: 0 } aim=WorldTile { x: 3288, z: 3451, level: 0 } radius=2 ticks_waited=3 sent_tile=Some(WorldTile { x: 3300, z: 3468, level: 0 })
[nav-follow] here=WorldTile { x: 3294, z: 3460, level: 0 } walk=true transport=false leg=0 hops=2 outcome=None
[host] slot liveajlk9g_0: d_loop_us=810 d_raster_us=134754 d_observe_us=57760 max_observe_us=14319 d_paints=50 d_skips=0 d_ticks=2 window_ms=1158
[nav-walk] here=WorldTile { x: 3292, z: 3458, level: 0 } aim=WorldTile { x: 3288, z: 3451, level: 0 } radius=2 ticks_waited=4 sent_tile=Some(WorldTile { x: 3300, z: 3468, level: 0 })
[nav-follow] here=WorldTile { x: 3292, z: 3458, level: 0 } walk=true transport=false leg=0 hops=2 outcome=None
[panel] rss=663175168 traffic_sum=10734
[panel] present pixmap=0 tex=5766 bind_noop=5764 bind_rereg=2
[nav-walk] here=WorldTile { x: 3290, z: 3456, level: 0 } aim=WorldTile { x: 3288, z: 3451, level: 0 } radius=2 ticks_waited=5 sent_tile=Some(WorldTile { x: 3300, z: 3468, level: 0 })
[nav-follow] here=WorldTile { x: 3290, z: 3456, level: 0 } walk=true transport=false leg=0 hops=2 outcome=None
[host] slot liveajlk9g_0: d_loop_us=803 d_raster_us=145717 d_observe_us=56082 max_observe_us=14868 d_paints=50 d_skips=0 d_ticks=2 window_ms=1176
[nav-walk] here=WorldTile { x: 3288, z: 3454, level: 0 } aim=WorldTile { x: 3288, z: 3451, level: 0 } radius=2 ticks_waited=6 sent_tile=Some(WorldTile { x: 3300, z: 3468, level: 0 })
[nav-follow] here=WorldTile { x: 3288, z: 3454, level: 0 } walk=true transport=false leg=0 hops=2 outcome=None
[host] hitch liveajlk9g_0: observe_us=18451 paints=5820 skips=1 ticks=233
[panel] rss=663175168 traffic_sum=10783
[panel] present pixmap=0 tex=5807 bind_noop=5805 bind_rereg=2
[nav-walk] here=WorldTile { x: 3288, z: 3452, level: 0 } aim=WorldTile { x: 3288, z: 3451, level: 0 } radius=2 ticks_waited=7 sent_tile=Some(WorldTile { x: 3300, z: 3468, level: 0 })
[nav-follow] here=WorldTile { x: 3288, z: 3452, level: 0 } walk=true transport=false leg=0 hops=3 outcome=None
[host] hitch liveajlk9g_0: observe_us=19956 paints=5846 skips=1 ticks=234
[host] slot liveajlk9g_0: d_loop_us=845 d_raster_us=141511 d_observe_us=67264 max_observe_us=19956 d_paints=50 d_skips=0 d_ticks=2 window_ms=1176
[panel] rss=663175168 traffic_sum=10831
[panel] present pixmap=0 tex=5849 bind_noop=5847 bind_rereg=2
[nav-walk] here=WorldTile { x: 3288, z: 3451, level: 0 } aim=WorldTile { x: 3275, z: 3438, level: 0 } radius=2 ticks_waited=0 sent_tile=Some(WorldTile { x: 3288, z: 3452, level: 0 })
[nav-follow] here=WorldTile { x: 3288, z: 3451, level: 0 } walk=true transport=false leg=0 hops=3 outcome=None
[host] hitch liveajlk9g_0: observe_us=16021 paints=5871 skips=1 ticks=235
[nav-walk] here=WorldTile { x: 3287, z: 3450, level: 0 } aim=WorldTile { x: 3275, z: 3438, level: 0 } radius=2 ticks_waited=1 sent_tile=Some(WorldTile { x: 3288, z: 3452, level: 0 })
[nav-follow] here=WorldTile { x: 3287, z: 3450, level: 0 } walk=true transport=false leg=0 hops=3 outcome=None
[host] hitch liveajlk9g_0: observe_us=19551 paints=5897 skips=1 ticks=236
[host] slot liveajlk9g_0: d_loop_us=809 d_raster_us=135543 d_observe_us=65879 max_observe_us=19551 d_paints=50 d_skips=0 d_ticks=2 window_ms=1170
[panel] rss=663175168 traffic_sum=10874
[panel] present pixmap=0 tex=5892 bind_noop=5890 bind_rereg=2
[nav-walk] here=WorldTile { x: 3286, z: 3449, level: 0 } aim=WorldTile { x: 3275, z: 3438, level: 0 } radius=2 ticks_waited=2 sent_tile=Some(WorldTile { x: 3288, z: 3452, level: 0 })
[nav-follow] here=WorldTile { x: 3286, z: 3449, level: 0 } walk=true transport=false leg=0 hops=3 outcome=None
[host] hitch liveajlk9g_0: observe_us=18215 paints=5923 skips=1 ticks=237
[nav-walk] here=WorldTile { x: 3285, z: 3448, level: 0 } aim=WorldTile { x: 3275, z: 3438, level: 0 } radius=2 ticks_waited=3 sent_tile=Some(WorldTile { x: 3288, z: 3452, level: 0 })
[nav-follow] here=WorldTile { x: 3285, z: 3448, level: 0 } walk=true transport=false leg=0 hops=3 outcome=None
[host] hitch liveajlk9g_0: observe_us=16882 paints=5948 skips=1 ticks=238
[host] slot liveajlk9g_0: d_loop_us=828 d_raster_us=132428 d_observe_us=64494 max_observe_us=18215 d_paints=50 d_skips=0 d_ticks=2 window_ms=1191
[panel] rss=663175168 traffic_sum=10915
[panel] present pixmap=0 tex=5933 bind_noop=5931 bind_rereg=2
[nav-walk] here=WorldTile { x: 3284, z: 3447, level: 0 } aim=WorldTile { x: 3275, z: 3438, level: 0 } radius=2 ticks_waited=4 sent_tile=Some(WorldTile { x: 3288, z: 3452, level: 0 })
[nav-follow] here=WorldTile { x: 3284, z: 3447, level: 0 } walk=true transport=false leg=0 hops=3 outcome=None
[host] hitch liveajlk9g_0: observe_us=17730 paints=5974 skips=1 ticks=239
[panel] rss=663175168 traffic_sum=10929
[panel] present pixmap=0 tex=5975 bind_noop=5973 bind_rereg=2
[host] slot liveajlk9g_0: d_loop_us=826 d_raster_us=132112 d_observe_us=47533 max_observe_us=17730 d_paints=50 d_skips=0 d_ticks=2 window_ms=1153
[nav-walk] here=WorldTile { x: 3283, z: 3446, level: 0 } aim=WorldTile { x: 3275, z: 3438, level: 0 } radius=2 ticks_waited=5 sent_tile=Some(WorldTile { x: 3288, z: 3452, level: 0 })
[nav-follow] here=WorldTile { x: 3283, z: 3446, level: 0 } walk=true transport=false leg=0 hops=3 outcome=None
[host] hitch liveajlk9g_0: observe_us=16585 paints=5999 skips=1 ticks=240
[nav-walk] here=WorldTile { x: 3282, z: 3445, level: 0 } aim=WorldTile { x: 3275, z: 3438, level: 0 } radius=2 ticks_waited=6 sent_tile=Some(WorldTile { x: 3288, z: 3452, level: 0 })
[nav-follow] here=WorldTile { x: 3282, z: 3445, level: 0 } walk=true transport=false leg=0 hops=3 outcome=None
[panel] rss=663175168 traffic_sum=10965
[panel] present pixmap=0 tex=6017 bind_noop=6015 bind_rereg=2
[host] slot liveajlk9g_0: d_loop_us=813 d_raster_us=132891 d_observe_us=57885 max_observe_us=16585 d_paints=50 d_skips=0 d_ticks=1 window_ms=1168
[nav-walk] here=WorldTile { x: 3281, z: 3444, level: 0 } aim=WorldTile { x: 3275, z: 3438, level: 0 } radius=2 ticks_waited=7 sent_tile=Some(WorldTile { x: 3288, z: 3452, level: 0 })
[nav-follow] here=WorldTile { x: 3281, z: 3444, level: 0 } walk=true transport=false leg=0 hops=3 outcome=None
[host] hitch liveajlk9g_0: observe_us=16324 paints=6051 skips=1 ticks=242
[nav-walk] here=WorldTile { x: 3280, z: 3443, level: 0 } aim=WorldTile { x: 3275, z: 3438, level: 0 } radius=2 ticks_waited=8 sent_tile=Some(WorldTile { x: 3288, z: 3452, level: 0 })
[nav-follow] here=WorldTile { x: 3280, z: 3443, level: 0 } walk=true transport=false leg=0 hops=3 outcome=None
[host] hitch liveajlk9g_0: observe_us=17370 paints=6076 skips=1 ticks=243
[panel] rss=663175168 traffic_sum=11013
[panel] present pixmap=0 tex=6058 bind_noop=6056 bind_rereg=2
[host] slot liveajlk9g_0: d_loop_us=897 d_raster_us=137705 d_observe_us=62697 max_observe_us=17370 d_paints=50 d_skips=0 d_ticks=2 window_ms=1170
[nav-walk] here=WorldTile { x: 3280, z: 3442, level: 0 } aim=WorldTile { x: 3275, z: 3438, level: 0 } radius=2 ticks_waited=9 sent_tile=Some(WorldTile { x: 3288, z: 3452, level: 0 })
[nav-follow] here=WorldTile { x: 3280, z: 3442, level: 0 } walk=true transport=false leg=0 hops=3 outcome=None
[host] hitch liveajlk9g_0: observe_us=17737 paints=6102 skips=1 ticks=244
[panel] rss=663175168 traffic_sum=11028
[panel] present pixmap=0 tex=6101 bind_noop=6099 bind_rereg=2
[nav-walk] here=WorldTile { x: 3280, z: 3441, level: 0 } aim=WorldTile { x: 3275, z: 3438, level: 0 } radius=2 ticks_waited=10 sent_tile=Some(WorldTile { x: 3288, z: 3452, level: 0 })
[nav-follow] here=WorldTile { x: 3280, z: 3441, level: 0 } walk=true transport=false leg=0 hops=3 outcome=None
[host] hitch liveajlk9g_0: observe_us=16933 paints=6128 skips=1 ticks=245
[host] slot liveajlk9g_0: d_loop_us=921 d_raster_us=142156 d_observe_us=64264 max_observe_us=17737 d_paints=50 d_skips=0 d_ticks=2 window_ms=1167
[nav-walk] here=WorldTile { x: 3279, z: 3440, level: 0 } aim=WorldTile { x: 3275, z: 3438, level: 0 } radius=2 ticks_waited=11 sent_tile=Some(WorldTile { x: 3288, z: 3452, level: 0 })
[nav-follow] here=WorldTile { x: 3279, z: 3440, level: 0 } walk=true transport=false leg=0 hops=3 outcome=None
[host] hitch liveajlk9g_0: observe_us=18243 paints=6153 skips=1 ticks=246
[panel] rss=663175168 traffic_sum=11099
[panel] present pixmap=0 tex=6142 bind_noop=6140 bind_rereg=2
[panel] liveajlk9g_0: liveajlk9g_0: scene 1
[panel] liveajlk9g_0: liveajlk9g_0: ingame
[panel] liveajlk9g_0: liveajlk9g_0: scene 2
[host] slot liveajlk9g_0: d_loop_us=9038 d_raster_us=134464 d_observe_us=73575 max_observe_us=18243 d_paints=50 d_skips=0 d_ticks=2 window_ms=1173
[nav-walk] here=WorldTile { x: 3277, z: 3439, level: 0 } aim=WorldTile { x: 3275, z: 3438, level: 0 } radius=2 ticks_waited=12 sent_tile=Some(WorldTile { x: 3288, z: 3452, level: 0 })
[nav-follow] here=WorldTile { x: 3277, z: 3439, level: 0 } walk=true transport=false leg=0 hops=4 outcome=None
[host] hitch liveajlk9g_0: observe_us=18161 paints=6205 skips=1 ticks=248
[panel] rss=663175168 traffic_sum=11349
[panel] present pixmap=0 tex=6184 bind_noop=6182 bind_rereg=2
[nav-walk] here=WorldTile { x: 3276, z: 3439, level: 0 } aim=WorldTile { x: 3265, z: 3430, level: 0 } radius=2 ticks_waited=0 sent_tile=Some(WorldTile { x: 3277, z: 3439, level: 0 })
[nav-follow] here=WorldTile { x: 3276, z: 3439, level: 0 } walk=true transport=false leg=0 hops=4 outcome=None
[host] hitch liveajlk9g_0: observe_us=23456 paints=6230 skips=1 ticks=249
[host] slot liveajlk9g_0: d_loop_us=945 d_raster_us=136488 d_observe_us=70285 max_observe_us=23456 d_paints=50 d_skips=0 d_ticks=2 window_ms=1172
[nav-walk] here=WorldTile { x: 3275, z: 3439, level: 0 } aim=WorldTile { x: 3265, z: 3430, level: 0 } radius=2 ticks_waited=1 sent_tile=Some(WorldTile { x: 3277, z: 3439, level: 0 })
[nav-follow] here=WorldTile { x: 3275, z: 3439, level: 0 } walk=true transport=false leg=0 hops=4 outcome=None
[host] hitch liveajlk9g_0: observe_us=21792 paints=6256 skips=1 ticks=250
[panel] rss=663175168 traffic_sum=11374
[panel] present pixmap=0 tex=6226 bind_noop=6224 bind_rereg=2
[nav-walk] here=WorldTile { x: 3275, z: 3438, level: 0 } aim=WorldTile { x: 3265, z: 3430, level: 0 } radius=2 ticks_waited=2 sent_tile=Some(WorldTile { x: 3277, z: 3439, level: 0 })
[nav-follow] here=WorldTile { x: 3275, z: 3438, level: 0 } walk=true transport=false leg=0 hops=4 outcome=None
[host] hitch liveajlk9g_0: observe_us=21689 paints=6282 skips=1 ticks=251
[host] slot liveajlk9g_0: d_loop_us=959 d_raster_us=130214 d_observe_us=71224 max_observe_us=21792 d_paints=50 d_skips=0 d_ticks=2 window_ms=1168
[panel] rss=663175168 traffic_sum=11387
[panel] present pixmap=0 tex=6268 bind_noop=6266 bind_rereg=2
[nav-walk] here=WorldTile { x: 3275, z: 3437, level: 0 } aim=WorldTile { x: 3265, z: 3430, level: 0 } radius=2 ticks_waited=3 sent_tile=Some(WorldTile { x: 3277, z: 3439, level: 0 })
[nav-follow] here=WorldTile { x: 3275, z: 3437, level: 0 } walk=true transport=false leg=0 hops=4 outcome=None
[host] hitch liveajlk9g_0: observe_us=19887 paints=6307 skips=1 ticks=252
[nav-walk] here=WorldTile { x: 3275, z: 3436, level: 0 } aim=WorldTile { x: 3265, z: 3430, level: 0 } radius=2 ticks_waited=4 sent_tile=Some(WorldTile { x: 3277, z: 3439, level: 0 })
[nav-follow] here=WorldTile { x: 3275, z: 3436, level: 0 } walk=true transport=false leg=0 hops=4 outcome=None
[host] hitch liveajlk9g_0: observe_us=21772 paints=6332 skips=1 ticks=253
[panel] rss=663175168 traffic_sum=11423
[panel] present pixmap=0 tex=6309 bind_noop=6307 bind_rereg=2
[host] slot liveajlk9g_0: d_loop_us=934 d_raster_us=137263 d_observe_us=70253 max_observe_us=21772 d_paints=50 d_skips=0 d_ticks=2 window_ms=1178
[nav-walk] here=WorldTile { x: 3275, z: 3435, level: 0 } aim=WorldTile { x: 3265, z: 3430, level: 0 } radius=2 ticks_waited=5 sent_tile=Some(WorldTile { x: 3277, z: 3439, level: 0 })
[nav-follow] here=WorldTile { x: 3275, z: 3435, level: 0 } walk=true transport=false leg=0 hops=4 outcome=None
[host] hitch liveajlk9g_0: observe_us=20240 paints=6358 skips=1 ticks=254
[nav-walk] here=WorldTile { x: 3275, z: 3434, level: 0 } aim=WorldTile { x: 3265, z: 3430, level: 0 } radius=2 ticks_waited=6 sent_tile=Some(WorldTile { x: 3277, z: 3439, level: 0 })
[nav-follow] here=WorldTile { x: 3275, z: 3434, level: 0 } walk=true transport=false leg=0 hops=4 outcome=None
[host] hitch liveajlk9g_0: observe_us=20280 paints=6384 skips=1 ticks=255
[panel] rss=663175168 traffic_sum=11459
[panel] present pixmap=0 tex=6351 bind_noop=6349 bind_rereg=2
[host] slot liveajlk9g_0: d_loop_us=964 d_raster_us=142427 d_observe_us=69077 max_observe_us=20280 d_paints=50 d_skips=0 d_ticks=2 window_ms=1172
[nav-walk] here=WorldTile { x: 3275, z: 3433, level: 0 } aim=WorldTile { x: 3265, z: 3430, level: 0 } radius=2 ticks_waited=7 sent_tile=Some(WorldTile { x: 3277, z: 3439, level: 0 })
[nav-follow] here=WorldTile { x: 3275, z: 3433, level: 0 } walk=true transport=false leg=0 hops=4 outcome=None
[host] hitch liveajlk9g_0: observe_us=20227 paints=6409 skips=1 ticks=256
[panel] rss=663175168 traffic_sum=11474
[panel] present pixmap=0 tex=6394 bind_noop=6392 bind_rereg=2
[nav-walk] here=WorldTile { x: 3274, z: 3432, level: 0 } aim=WorldTile { x: 3265, z: 3430, level: 0 } radius=2 ticks_waited=8 sent_tile=Some(WorldTile { x: 3277, z: 3439, level: 0 })
[nav-follow] here=WorldTile { x: 3274, z: 3432, level: 0 } walk=true transport=false leg=0 hops=4 outcome=None
[host] hitch liveajlk9g_0: observe_us=21020 paints=6435 skips=1 ticks=257
[host] slot liveajlk9g_0: d_loop_us=953 d_raster_us=144908 d_observe_us=70835 max_observe_us=21020 d_paints=50 d_skips=0 d_ticks=2 window_ms=1164
[nav-walk] here=WorldTile { x: 3274, z: 3431, level: 0 } aim=WorldTile { x: 3265, z: 3430, level: 0 } radius=2 ticks_waited=9 sent_tile=Some(WorldTile { x: 3277, z: 3439, level: 0 })
[nav-follow] here=WorldTile { x: 3274, z: 3431, level: 0 } walk=true transport=false leg=0 hops=4 outcome=None
[host] hitch liveajlk9g_0: observe_us=20522 paints=6461 skips=1 ticks=258
[panel] rss=663175168 traffic_sum=11519
[panel] present pixmap=0 tex=6436 bind_noop=6434 bind_rereg=2
[nav-walk] here=WorldTile { x: 3273, z: 3431, level: 0 } aim=WorldTile { x: 3265, z: 3430, level: 0 } radius=2 ticks_waited=10 sent_tile=Some(WorldTile { x: 3277, z: 3439, level: 0 })
[nav-follow] here=WorldTile { x: 3273, z: 3431, level: 0 } walk=true transport=false leg=0 hops=4 outcome=None
[host] hitch liveajlk9g_0: observe_us=20225 paints=6486 skips=1 ticks=259
[host] slot liveajlk9g_0: d_loop_us=1011 d_raster_us=152806 d_observe_us=71019 max_observe_us=20522 d_paints=50 d_skips=0 d_ticks=2 window_ms=1173
[nav-walk] here=WorldTile { x: 3272, z: 3431, level: 0 } aim=WorldTile { x: 3265, z: 3430, level: 0 } radius=2 ticks_waited=11 sent_tile=Some(WorldTile { x: 3277, z: 3439, level: 0 })
[nav-follow] here=WorldTile { x: 3272, z: 3431, level: 0 } walk=true transport=false leg=0 hops=4 outcome=None
[host] hitch liveajlk9g_0: observe_us=20845 paints=6512 skips=1 ticks=260
[panel] rss=663175168 traffic_sum=11546
[panel] present pixmap=0 tex=6477 bind_noop=6475 bind_rereg=2
[nav-walk] here=WorldTile { x: 3271, z: 3431, level: 0 } aim=WorldTile { x: 3265, z: 3430, level: 0 } radius=2 ticks_waited=12 sent_tile=Some(WorldTile { x: 3277, z: 3439, level: 0 })
[nav-follow] here=WorldTile { x: 3271, z: 3431, level: 0 } walk=true transport=false leg=0 hops=4 outcome=None
[host] hitch liveajlk9g_0: observe_us=16903 paints=6537 skips=1 ticks=261
[host] slot liveajlk9g_0: d_loop_us=961 d_raster_us=152221 d_observe_us=66943 max_observe_us=20845 d_paints=50 d_skips=0 d_ticks=2 window_ms=1167
[panel] rss=663175168 traffic_sum=11593
[panel] present pixmap=0 tex=6519 bind_noop=6517 bind_rereg=2
[nav-walk] here=WorldTile { x: 3270, z: 3431, level: 0 } aim=WorldTile { x: 3265, z: 3430, level: 0 } radius=2 ticks_waited=13 sent_tile=Some(WorldTile { x: 3277, z: 3439, level: 0 })
[nav-follow] here=WorldTile { x: 3270, z: 3431, level: 0 } walk=true transport=false leg=0 hops=4 outcome=None
[host] hitch liveajlk9g_0: observe_us=18421 paints=6563 skips=1 ticks=262
[nav-walk] here=WorldTile { x: 3269, z: 3431, level: 0 } aim=WorldTile { x: 3265, z: 3430, level: 0 } radius=2 ticks_waited=14 sent_tile=Some(WorldTile { x: 3277, z: 3439, level: 0 })
[nav-follow] here=WorldTile { x: 3269, z: 3431, level: 0 } walk=true transport=false leg=0 hops=4 outcome=None
[host] hitch liveajlk9g_0: observe_us=20496 paints=6589 skips=1 ticks=263
[host] slot liveajlk9g_0: d_loop_us=1022 d_raster_us=158506 d_observe_us=68538 max_observe_us=20496 d_paints=50 d_skips=0 d_ticks=2 window_ms=1169
[panel] rss=663175168 traffic_sum=11642
[panel] present pixmap=0 tex=6563 bind_noop=6561 bind_rereg=2
[nav-walk] here=WorldTile { x: 3268, z: 3430, level: 0 } aim=WorldTile { x: 3265, z: 3430, level: 0 } radius=2 ticks_waited=15 sent_tile=Some(WorldTile { x: 3277, z: 3439, level: 0 })
[nav-follow] here=WorldTile { x: 3268, z: 3430, level: 0 } walk=true transport=false leg=0 hops=4 outcome=None
[host] hitch liveajlk9g_0: observe_us=21545 paints=6614 skips=1 ticks=264
[nav-walk] here=WorldTile { x: 3267, z: 3430, level: 0 } aim=WorldTile { x: 3265, z: 3430, level: 0 } radius=2 ticks_waited=16 sent_tile=Some(WorldTile { x: 3277, z: 3439, level: 0 })
[nav-follow] here=WorldTile { x: 3267, z: 3430, level: 0 } walk=true transport=false leg=0 hops=5 outcome=None
[host] hitch liveajlk9g_0: observe_us=21383 paints=6640 skips=1 ticks=265
[panel] rss=663175168 traffic_sum=11708
[panel] present pixmap=0 tex=6604 bind_noop=6602 bind_rereg=2
[host] slot liveajlk9g_0: d_loop_us=1151 d_raster_us=160078 d_observe_us=71520 max_observe_us=21545 d_paints=50 d_skips=0 d_ticks=2 window_ms=1174
[nav-walk] here=WorldTile { x: 3266, z: 3430, level: 0 } aim=WorldTile { x: 3250, z: 3423, level: 0 } radius=0 ticks_waited=0 sent_tile=Some(WorldTile { x: 3267, z: 3430, level: 0 })
[nav-follow] here=WorldTile { x: 3266, z: 3430, level: 0 } walk=true transport=false leg=0 hops=5 outcome=None
[host] hitch liveajlk9g_0: observe_us=20139 paints=6666 skips=1 ticks=266
[panel] rss=663175168 traffic_sum=11722
[panel] present pixmap=0 tex=6646 bind_noop=6644 bind_rereg=2
[nav-walk] here=WorldTile { x: 3265, z: 3430, level: 0 } aim=WorldTile { x: 3250, z: 3423, level: 0 } radius=0 ticks_waited=1 sent_tile=Some(WorldTile { x: 3267, z: 3430, level: 0 })
[nav-follow] here=WorldTile { x: 3265, z: 3430, level: 0 } walk=true transport=false leg=0 hops=5 outcome=None
[host] hitch liveajlk9g_0: observe_us=19534 paints=6691 skips=1 ticks=267
[host] slot liveajlk9g_0: d_loop_us=1128 d_raster_us=157328 d_observe_us=69038 max_observe_us=20139 d_paints=50 d_skips=0 d_ticks=2 window_ms=1163
[nav-walk] here=WorldTile { x: 3264, z: 3430, level: 0 } aim=WorldTile { x: 3250, z: 3423, level: 0 } radius=0 ticks_waited=2 sent_tile=Some(WorldTile { x: 3267, z: 3430, level: 0 })
[nav-follow] here=WorldTile { x: 3264, z: 3430, level: 0 } walk=true transport=false leg=0 hops=5 outcome=None
[host] hitch liveajlk9g_0: observe_us=18791 paints=6717 skips=1 ticks=268
[panel] rss=663175168 traffic_sum=11749
[panel] present pixmap=0 tex=6688 bind_noop=6686 bind_rereg=2
[nav-walk] here=WorldTile { x: 3263, z: 3430, level: 0 } aim=WorldTile { x: 3250, z: 3423, level: 0 } radius=0 ticks_waited=3 sent_tile=Some(WorldTile { x: 3267, z: 3430, level: 0 })
[nav-follow] here=WorldTile { x: 3263, z: 3430, level: 0 } walk=true transport=false leg=0 hops=5 outcome=None
[host] hitch liveajlk9g_0: observe_us=21170 paints=6742 skips=1 ticks=269
[host] slot liveajlk9g_0: d_loop_us=1150 d_raster_us=159486 d_observe_us=70021 max_observe_us=21170 d_paints=50 d_skips=0 d_ticks=2 window_ms=1179
[nav-walk] here=WorldTile { x: 3262, z: 3430, level: 0 } aim=WorldTile { x: 3250, z: 3423, level: 0 } radius=0 ticks_waited=4 sent_tile=Some(WorldTile { x: 3267, z: 3430, level: 0 })
[nav-follow] here=WorldTile { x: 3262, z: 3430, level: 0 } walk=true transport=false leg=0 hops=5 outcome=None
[host] hitch liveajlk9g_0: observe_us=17335 paints=6768 skips=1 ticks=270
[panel] rss=663175168 traffic_sum=11813
[panel] present pixmap=0 tex=6729 bind_noop=6727 bind_rereg=2
[nav-walk] here=WorldTile { x: 3261, z: 3430, level: 0 } aim=WorldTile { x: 3250, z: 3423, level: 0 } radius=0 ticks_waited=5 sent_tile=Some(WorldTile { x: 3267, z: 3430, level: 0 })
[nav-follow] here=WorldTile { x: 3261, z: 3430, level: 0 } walk=true transport=false leg=0 hops=5 outcome=None
[host] hitch liveajlk9g_0: observe_us=20838 paints=6794 skips=1 ticks=271
[host] slot liveajlk9g_0: d_loop_us=1107 d_raster_us=156689 d_observe_us=67337 max_observe_us=20838 d_paints=50 d_skips=0 d_ticks=2 window_ms=1168
[panel] rss=663175168 traffic_sum=11827
[panel] present pixmap=0 tex=6771 bind_noop=6769 bind_rereg=2
[nav-walk] here=WorldTile { x: 3260, z: 3430, level: 0 } aim=WorldTile { x: 3250, z: 3423, level: 0 } radius=0 ticks_waited=6 sent_tile=Some(WorldTile { x: 3267, z: 3430, level: 0 })
[nav-follow] here=WorldTile { x: 3260, z: 3430, level: 0 } walk=true transport=false leg=0 hops=5 outcome=None
[host] hitch liveajlk9g_0: observe_us=21068 paints=6819 skips=1 ticks=272
[nav-walk] here=WorldTile { x: 3259, z: 3430, level: 0 } aim=WorldTile { x: 3250, z: 3423, level: 0 } radius=0 ticks_waited=7 sent_tile=Some(WorldTile { x: 3267, z: 3430, level: 0 })
[nav-follow] here=WorldTile { x: 3259, z: 3430, level: 0 } walk=true transport=false leg=0 hops=5 outcome=None
[host] hitch liveajlk9g_0: observe_us=19318 paints=6845 skips=1 ticks=273
[host] slot liveajlk9g_0: d_loop_us=1047 d_raster_us=162434 d_observe_us=67890 max_observe_us=21068 d_paints=50 d_skips=0 d_ticks=2 window_ms=1176
[panel] rss=663175168 traffic_sum=11854
[panel] present pixmap=0 tex=6811 bind_noop=6809 bind_rereg=2
[nav-walk] here=WorldTile { x: 3258, z: 3430, level: 0 } aim=WorldTile { x: 3250, z: 3423, level: 0 } radius=0 ticks_waited=8 sent_tile=Some(WorldTile { x: 3267, z: 3430, level: 0 })
[nav-follow] here=WorldTile { x: 3258, z: 3430, level: 0 } walk=true transport=false leg=0 hops=5 outcome=None
[host] hitch liveajlk9g_0: observe_us=20992 paints=6870 skips=1 ticks=274
[nav-walk] here=WorldTile { x: 3257, z: 3430, level: 0 } aim=WorldTile { x: 3250, z: 3423, level: 0 } radius=0 ticks_waited=9 sent_tile=Some(WorldTile { x: 3267, z: 3430, level: 0 })
[nav-follow] here=WorldTile { x: 3257, z: 3430, level: 0 } walk=true transport=false leg=0 hops=5 outcome=None
[host] hitch liveajlk9g_0: observe_us=19423 paints=6896 skips=1 ticks=275
[host] slot liveajlk9g_0: d_loop_us=976 d_raster_us=154176 d_observe_us=67856 max_observe_us=20992 d_paints=50 d_skips=0 d_ticks=2 window_ms=1162
[panel] rss=663175168 traffic_sum=11882
[panel] present pixmap=0 tex=6853 bind_noop=6851 bind_rereg=2
[nav-walk] here=WorldTile { x: 3256, z: 3430, level: 0 } aim=WorldTile { x: 3250, z: 3423, level: 0 } radius=0 ticks_waited=10 sent_tile=Some(WorldTile { x: 3267, z: 3430, level: 0 })
[nav-follow] here=WorldTile { x: 3256, z: 3430, level: 0 } walk=true transport=false leg=0 hops=5 outcome=None
[host] hitch liveajlk9g_0: observe_us=19314 paints=6922 skips=1 ticks=276
[panel] rss=663175168 traffic_sum=11896
[panel] present pixmap=0 tex=6895 bind_noop=6893 bind_rereg=2
[nav-walk] here=WorldTile { x: 3255, z: 3429, level: 0 } aim=WorldTile { x: 3250, z: 3423, level: 0 } radius=0 ticks_waited=11 sent_tile=Some(WorldTile { x: 3267, z: 3430, level: 0 })
[nav-follow] here=WorldTile { x: 3255, z: 3429, level: 0 } walk=true transport=false leg=0 hops=5 outcome=None
[host] hitch liveajlk9g_0: observe_us=19473 paints=6948 skips=1 ticks=277
[host] slot liveajlk9g_0: d_loop_us=978 d_raster_us=158639 d_observe_us=66636 max_observe_us=19473 d_paints=50 d_skips=0 d_ticks=2 window_ms=1189
[nav-walk] here=WorldTile { x: 3254, z: 3428, level: 0 } aim=WorldTile { x: 3250, z: 3423, level: 0 } radius=0 ticks_waited=12 sent_tile=Some(WorldTile { x: 3267, z: 3430, level: 0 })
[nav-follow] here=WorldTile { x: 3254, z: 3428, level: 0 } walk=true transport=false leg=0 hops=5 outcome=None
[host] hitch liveajlk9g_0: observe_us=19104 paints=6973 skips=1 ticks=278
[panel] rss=663175168 traffic_sum=11943
[panel] present pixmap=0 tex=6937 bind_noop=6935 bind_rereg=2
[host] slot liveajlk9g_0: d_loop_us=952 d_raster_us=162900 d_observe_us=50212 max_observe_us=19104 d_paints=50 d_skips=0 d_ticks=2 window_ms=1147
[nav-walk] here=WorldTile { x: 3254, z: 3427, level: 0 } aim=WorldTile { x: 3250, z: 3423, level: 0 } radius=0 ticks_waited=13 sent_tile=Some(WorldTile { x: 3267, z: 3430, level: 0 })
[nav-follow] here=WorldTile { x: 3254, z: 3427, level: 0 } walk=true transport=false leg=0 hops=5 outcome=None
[host] hitch liveajlk9g_0: observe_us=20533 paints=6999 skips=1 ticks=279
[nav-walk] here=WorldTile { x: 3254, z: 3426, level: 0 } aim=WorldTile { x: 3250, z: 3423, level: 0 } radius=0 ticks_waited=14 sent_tile=Some(WorldTile { x: 3267, z: 3430, level: 0 })
[nav-follow] here=WorldTile { x: 3254, z: 3426, level: 0 } walk=true transport=false leg=0 hops=5 outcome=None
[host] hitch liveajlk9g_0: observe_us=17917 paints=7025 skips=1 ticks=280
[panel] rss=663175168 traffic_sum=11969
[panel] present pixmap=0 tex=6978 bind_noop=6976 bind_rereg=2
[host] slot liveajlk9g_0: d_loop_us=924 d_raster_us=172314 d_observe_us=67243 max_observe_us=20533 d_paints=50 d_skips=0 d_ticks=1 window_ms=1160
[nav-walk] here=WorldTile { x: 3254, z: 3425, level: 0 } aim=WorldTile { x: 3250, z: 3423, level: 0 } radius=0 ticks_waited=15 sent_tile=Some(WorldTile { x: 3267, z: 3430, level: 0 })
[nav-follow] here=WorldTile { x: 3254, z: 3425, level: 0 } walk=true transport=false leg=0 hops=5 outcome=None
[host] hitch liveajlk9g_0: observe_us=17282 paints=7051 skips=1 ticks=281
[nav-walk] here=WorldTile { x: 3254, z: 3424, level: 0 } aim=WorldTile { x: 3250, z: 3423, level: 0 } radius=0 ticks_waited=16 sent_tile=Some(WorldTile { x: 3267, z: 3430, level: 0 })
[nav-follow] here=WorldTile { x: 3254, z: 3424, level: 0 } walk=true transport=false leg=0 hops=5 outcome=None
[host] hitch liveajlk9g_0: observe_us=17406 paints=7077 skips=1 ticks=282
[panel] rss=663175168 traffic_sum=11995
[panel] present pixmap=0 tex=7020 bind_noop=7018 bind_rereg=2
[host] slot liveajlk9g_0: d_loop_us=966 d_raster_us=173435 d_observe_us=63227 max_observe_us=17406 d_paints=50 d_skips=0 d_ticks=2 window_ms=1157
[nav-walk] here=WorldTile { x: 3254, z: 3423, level: 0 } aim=WorldTile { x: 3250, z: 3423, level: 0 } radius=0 ticks_waited=17 sent_tile=Some(WorldTile { x: 3267, z: 3430, level: 0 })
[nav-follow] here=WorldTile { x: 3254, z: 3423, level: 0 } walk=true transport=false leg=0 hops=5 outcome=None
[host] hitch liveajlk9g_0: observe_us=21002 paints=7103 skips=1 ticks=283
[script liveajlk9g_0] interact WalkNear { x: 3253, z: 3420, level: 0, radius: 1, allow_teleports: false }
[panel] rss=663175168 traffic_sum=12066
[panel] present pixmap=0 tex=7063 bind_noop=7061 bind_rereg=2
[nav-follow] here=WorldTile { x: 3253, z: 3422, level: 0 } walk=true transport=false leg=0 hops=1 outcome=None
[host] hitch liveajlk9g_0: observe_us=18142 paints=7128 skips=1 ticks=284
[host] slot liveajlk9g_0: d_loop_us=1026 d_raster_us=170793 d_observe_us=71490 max_observe_us=21002 d_paints=50 d_skips=0 d_ticks=2 window_ms=1165
[nav-walk] here=WorldTile { x: 3252, z: 3421, level: 0 } aim=WorldTile { x: 3252, z: 3421, level: 0 } radius=0 ticks_waited=0 sent_tile=Some(WorldTile { x: 3253, z: 3422, level: 0 })
[nav-follow] here=WorldTile { x: 3252, z: 3421, level: 0 } walk=false transport=false leg=1 hops=1 outcome=Some(Arrived { at: WorldTile { x: 3252, z: 3421, level: 0 } })
[host] hitch liveajlk9g_0: observe_us=18882 paints=7154 skips=1 ticks=285
[script liveajlk9g_0] interact OpenBooth { x: 3252, z: 3419, level: 0, id: 2213, name: Some("Bank booth"), action: Some("Use-quickly") }
[panel] rss=663175168 traffic_sum=12148
[panel] present pixmap=0 tex=7105 bind_noop=7103 bind_rereg=2
[host] hitch liveajlk9g_0: observe_us=19211 paints=7180 skips=1 ticks=286
[host] slot liveajlk9g_0: d_loop_us=955 d_raster_us=179819 d_observe_us=65584 max_observe_us=19211 d_paints=50 d_skips=0 d_ticks=2 window_ms=1170
[panel] rss=663175168 traffic_sum=12174
[panel] present pixmap=0 tex=7147 bind_noop=7145 bind_rereg=2
