[panel] adapter name=Apple M4 Max backend=Metal device_type=IntegratedGpu vendor=0x0 device=0x0
[host-play] slot livebud3vi_0: thread up
274bot: snapshot load skipped: read /Users/acfrazier/.274bot/unpack-289/37214163f1e6ceca/models.bin: No such file or directory (os error 2)
[panel] scenario capture armed: Some("vial_filler")
[panel] livebud3vi_0: livebud3vi_0: slot up
[host-play] slot livebud3vi_0: handshake begin reconnect=false
[host-play] slot livebud3vi_0: handshake ok
[host] hitch livebud3vi_0: frame_us=80995 paints=1 skips=0 ticks=0
[panel] livebud3vi_0: livebud3vi_0: scene 1
[host] hitch livebud3vi_0: frame_us=57917 paints=43 skips=0 ticks=1
[panel] livebud3vi_0: livebud3vi_0: mainland hop queued
[panel] livebud3vi_0: livebud3vi_0: ingame
[panel] livebud3vi_0: livebud3vi_0: scene 2
live script_vial_filler: running step 1/18
[host] slot livebud3vi_0: d_loop_us=9427 d_raster_us=235477 d_observe_us=58180 max_observe_us=3125 d_paints=50 d_skips=0 d_ticks=1 window_ms=0
[panel] livebud3vi_0: livebud3vi_0: scene 1
[panel] livebud3vi_0: livebud3vi_0: ingame
[panel] livebud3vi_0: livebud3vi_0: scene 2
[host] slot livebud3vi_0: d_loop_us=12438 d_raster_us=226548 d_observe_us=78596 max_observe_us=6070 d_paints=50 d_skips=0 d_ticks=3 window_ms=1132
[host] slot livebud3vi_0: d_loop_us=1178 d_raster_us=222236 d_observe_us=32074 max_observe_us=1430 d_paints=50 d_skips=0 d_ticks=2 window_ms=1151
live script_vial_filler: running step 2/18
[host-play] slot livebud3vi_0: handshake begin reconnect=true
[panel] livebud3vi_0: livebud3vi_0: scene 0
[host-play] slot livebud3vi_0: handshake ok
[panel] livebud3vi_0: livebud3vi_0: scene 1
[panel] livebud3vi_0: livebud3vi_0: ingame
[panel] livebud3vi_0: livebud3vi_0: scene 2
[host] slot livebud3vi_0: d_loop_us=17053 d_raster_us=186999 d_observe_us=82640 max_observe_us=4982 d_paints=50 d_skips=0 d_ticks=1 window_ms=0
[host] slot livebud3vi_0: d_loop_us=1482 d_raster_us=176404 d_observe_us=42758 max_observe_us=5219 d_paints=50 d_skips=0 d_ticks=3 window_ms=1155
live script_vial_filler: running step 3/18
[panel] rss=472301568 traffic_sum=1960
[panel] present pixmap=0 tex=321 bind_noop=319 bind_rereg=2
[host] slot livebud3vi_0: d_loop_us=1228 d_raster_us=171352 d_observe_us=31783 max_observe_us=1175 d_paints=50 d_skips=0 d_ticks=2 window_ms=1152
[panel] livebud3vi_0: livebud3vi_0: scene 1
[panel] livebud3vi_0: livebud3vi_0: ingame
[panel] livebud3vi_0: livebud3vi_0: scene 2
[panel] rss=482967552 traffic_sum=2279
[panel] present pixmap=0 tex=365 bind_noop=363 bind_rereg=2
[host] slot livebud3vi_0: d_loop_us=8948 d_raster_us=191363 d_observe_us=62356 max_observe_us=6247 d_paints=50 d_skips=0 d_ticks=2 window_ms=1149
[panel] rss=483770368 traffic_sum=2304
[panel] present pixmap=0 tex=409 bind_noop=407 bind_rereg=2
[host] slot livebud3vi_0: d_loop_us=1169 d_raster_us=211904 d_observe_us=34910 max_observe_us=1493 d_paints=50 d_skips=0 d_ticks=2 window_ms=1145
live script_vial_filler: running step 4/18
live script_vial_filler: running step 5/18
live script_vial_filler: running step 6/18
live script_vial_filler: running step 7/18
live script_vial_filler: running step 8/18
[panel] rss=490766336 traffic_sum=2366
[panel] present pixmap=0 tex=452 bind_noop=450 bind_rereg=2
live script_vial_filler: running step 9/18
[script livebud3vi_0] start load
live script_vial_filler: running step 10/18
[host] hitch livebud3vi_0: observe_us=82543 paints=289 skips=0 ticks=12
[host] slot livebud3vi_0: d_loop_us=1213 d_raster_us=230972 d_observe_us=128457 max_observe_us=82543 d_paints=50 d_skips=0 d_ticks=2 window_ms=1186
[host] hitch livebud3vi_0: observe_us=18668 paints=311 skips=0 ticks=13
[panel] rss=516833280 traffic_sum=2399
[panel] present pixmap=0 tex=492 bind_noop=490 bind_rereg=2
[script livebud3vi_0] VialFiller — Falador West bank -> Falador fountain
[script livebud3vi_0] interact OpenBooth { x: 2945, z: 3367, level: 0, id: 2213, name: Some("Bank booth"), action: Some("Use-quickly") }
[panel] livebud3vi_0: script: VialFiller — Falador West bank -> Falador fountain
[host] slot livebud3vi_0: d_loop_us=1194 d_raster_us=201813 d_observe_us=64186 max_observe_us=18668 d_paints=50 d_skips=0 d_ticks=2 window_ms=1137
[panel] rss=519471104 traffic_sum=2439
[panel] present pixmap=0 tex=537 bind_noop=535 bind_rereg=2
[host] slot livebud3vi_0: d_loop_us=1132 d_raster_us=196906 d_observe_us=60040 max_observe_us=12620 d_paints=50 d_skips=0 d_ticks=2 window_ms=1145
[panel] rss=523780096 traffic_sum=2489
[panel] present pixmap=0 tex=581 bind_noop=579 bind_rereg=2
[host] slot livebud3vi_0: d_loop_us=1127 d_raster_us=248048 d_observe_us=56016 max_observe_us=9043 d_paints=50 d_skips=0 d_ticks=2 window_ms=1130
[panel] rss=523829248 traffic_sum=2513
[panel] present pixmap=0 tex=625 bind_noop=623 bind_rereg=2
[panel] rss=524173312 traffic_sum=2548
[panel] present pixmap=0 tex=669 bind_noop=667 bind_rereg=2
[host] slot livebud3vi_0: d_loop_us=1121 d_raster_us=232916 d_observe_us=54973 max_observe_us=8370 d_paints=50 d_skips=0 d_ticks=2 window_ms=1128
[script livebud3vi_0] interact Close
[shim-close] sent
[panel] rss=524877824 traffic_sum=2808
[panel] present pixmap=0 tex=713 bind_noop=711 bind_rereg=2
[host] slot livebud3vi_0: d_loop_us=1216 d_raster_us=213515 d_observe_us=65738 max_observe_us=13150 d_paints=50 d_skips=0 d_ticks=2 window_ms=1151
[script livebud3vi_0] interact WalkNear { x: 2949, z: 3381, level: 0, radius: 3, allow_teleports: false }
[nav-follow] here=WorldTile { x: 2945, z: 3368, level: 0 } walk=true transport=false leg=0 hops=1 outcome=None
[panel] rss=524877824 traffic_sum=2855
[panel] present pixmap=0 tex=756 bind_noop=754 bind_rereg=2
[host] slot livebud3vi_0: d_loop_us=1210 d_raster_us=189098 d_observe_us=46172 max_observe_us=8804 d_paints=50 d_skips=0 d_ticks=1 window_ms=1133
[nav-walk] here=WorldTile { x: 2945, z: 3370, level: 0 } aim=WorldTile { x: 2948, z: 3379, level: 0 } radius=0 ticks_waited=0 sent_tile=Some(WorldTile { x: 2945, z: 3368, level: 0 })
[nav-follow] here=WorldTile { x: 2945, z: 3370, level: 0 } walk=true transport=false leg=0 hops=1 outcome=None
[nav-walk] here=WorldTile { x: 2945, z: 3372, level: 0 } aim=WorldTile { x: 2948, z: 3379, level: 0 } radius=0 ticks_waited=1 sent_tile=Some(WorldTile { x: 2945, z: 3368, level: 0 })
[nav-follow] here=WorldTile { x: 2945, z: 3372, level: 0 } walk=true transport=false leg=0 hops=1 outcome=None
[host] hitch livebud3vi_0: observe_us=17223 paints=627 skips=0 ticks=25
[panel] rss=526925824 traffic_sum=2896
[panel] present pixmap=0 tex=799 bind_noop=797 bind_rereg=2
[host] slot livebud3vi_0: d_loop_us=1161 d_raster_us=190237 d_observe_us=67926 max_observe_us=17223 d_paints=50 d_skips=0 d_ticks=2 window_ms=1141
[nav-walk] here=WorldTile { x: 2945, z: 3374, level: 0 } aim=WorldTile { x: 2948, z: 3379, level: 0 } radius=0 ticks_waited=2 sent_tile=Some(WorldTile { x: 2945, z: 3368, level: 0 })
[nav-follow] here=WorldTile { x: 2945, z: 3374, level: 0 } walk=true transport=false leg=0 hops=1 outcome=None
[host] hitch livebud3vi_0: observe_us=18757 paints=654 skips=0 ticks=26
[panel] rss=527515648 traffic_sum=2911
[panel] present pixmap=0 tex=843 bind_noop=841 bind_rereg=2
[nav-walk] here=WorldTile { x: 2947, z: 3374, level: 0 } aim=WorldTile { x: 2948, z: 3379, level: 0 } radius=0 ticks_waited=3 sent_tile=Some(WorldTile { x: 2945, z: 3368, level: 0 })
[nav-follow] here=WorldTile { x: 2947, z: 3374, level: 0 } walk=true transport=false leg=0 hops=1 outcome=None
[host] hitch livebud3vi_0: observe_us=16890 paints=680 skips=0 ticks=27
[host] slot livebud3vi_0: d_loop_us=1213 d_raster_us=189093 d_observe_us=73146 max_observe_us=18757 d_paints=50 d_skips=0 d_ticks=2 window_ms=1136
[nav-walk] here=WorldTile { x: 2949, z: 3376, level: 0 } aim=WorldTile { x: 2948, z: 3379, level: 0 } radius=0 ticks_waited=4 sent_tile=Some(WorldTile { x: 2945, z: 3368, level: 0 })
[nav-follow] here=WorldTile { x: 2949, z: 3376, level: 0 } walk=true transport=false leg=0 hops=1 outcome=None
[host] hitch livebud3vi_0: observe_us=20409 paints=707 skips=0 ticks=28
[panel] rss=528809984 traffic_sum=2998
[panel] present pixmap=0 tex=886 bind_noop=884 bind_rereg=2
[nav-walk] here=live script_vial_filler: running step 11/18
WorldTile { x: 2949, z: 3378, level: 0 } aim=WorldTile { x: 2948, z: 3379, level: 0 } radius=0 ticks_waited=5 sent_tile=Some(WorldTile { x: 2945, z: 3368, level: 0 })
[nav-follow] here=WorldTile { x: 2949, z: 3378, level: 0 } walk=true transport=false leg=0 hops=1 outcome=None
[host] hitch livebud3vi_0: observe_us=16507 paints=733 skips=0 ticks=29
[script livebud3vi_0] interact UseOn { name: "Vial", kind: "loc", target_name: Some("Fountain"), x: 2949, z: 3381, level: 0, index: None, source_item_id: Some(229), source_item_slot: Some(0), target_item_id: None, target_item_slot: None }
[host] slot livebud3vi_0: d_loop_us=1280 d_raster_us=189455 d_observe_us=71519 max_observe_us=20409 d_paints=50 d_skips=0 d_ticks=2 window_ms=1152
[nav-walk] here=WorldTile { x: 2949, z: 3380, level: 0 } aim=WorldTile { x: 2948, z: 3379, level: 0 } radius=0 ticks_waited=6 sent_tile=Some(WorldTile { x: 2945, z: 3368, level: 0 })
[nav-follow] here=WorldTile { x: 2949, z: 3380, level: 0 } walk=true transport=false leg=0 hops=1 outcome=None
[host] hitch livebud3vi_0: observe_us=16020 paints=759 skips=0 ticks=30
[panel] rss=531365888 traffic_sum=3050
[panel] present pixmap=0 tex=927 bind_noop=925 bind_rereg=2
[nav-walk] here=WorldTile { x: 2949, z: 3380, level: 0 } aim=WorldTile { x: 2948, z: 3379, level: 0 } radius=0 ticks_waited=7 sent_tile=Some(WorldTile { x: 2945, z: 3368, level: 0 })
[nav-follow] here=WorldTile { x: 2949, z: 3380, level: 0 } walk=true transport=false leg=0 hops=1 outcome=None
live script_vial_filler: running step 12/18
[host] slot livebud3vi_0: d_loop_us=1330 d_raster_us=202287 d_observe_us=67340 max_observe_us=16020 d_paints=50 d_skips=0 d_ticks=2 window_ms=1130
[panel] rss=531660800 traffic_sum=3126
[panel] present pixmap=0 tex=971 bind_noop=969 bind_rereg=2
[nav-walk] here=WorldTile { x: 2949, z: 3380, level: 0 } aim=WorldTile { x: 2948, z: 3379, level: 0 } radius=0 ticks_waited=8 sent_tile=Some(WorldTile { x: 2945, z: 3368, level: 0 })
[nav-follow] here=WorldTile { x: 2949, z: 3380, level: 0 } walk=true transport=false leg=0 hops=1 outcome=None
[script livebud3vi_0] interact UseOn { name: "Vial", kind: "loc", target_name: Some("Fountain"), x: 2949, z: 3381, level: 0, index: None, source_item_id: Some(229), source_item_slot: Some(1), target_item_id: None, target_item_slot: None }
[nav-walk] here=WorldTile { x: 2949, z: 3380, level: 0 } aim=WorldTile { x: 2948, z: 3379, level: 0 } radius=0 ticks_waited=9 sent_tile=Some(WorldTile { x: 2945, z: 3368, level: 0 })
[nav-follow] here=WorldTile { x: 2949, z: 3380, level: 0 } walk=true transport=false leg=0 hops=1 outcome=None
[host] slot livebud3vi_0: d_loop_us=1395 d_raster_us=203553 d_observe_us=57469 max_observe_us=12466 d_paints=50 d_skips=0 d_ticks=2 window_ms=1139
[panel] rss=532414464 traffic_sum=3232
[panel] present pixmap=0 tex=1015 bind_noop=1013 bind_rereg=2
[nav-walk] here=WorldTile { x: 2949, z: 3380, level: 0 } aim=WorldTile { x: 2948, z: 3379, level: 0 } radius=0 ticks_waited=10 sent_tile=Some(WorldTile { x: 2945, z: 3368, level: 0 })
[nav-follow] here=WorldTile { x: 2949, z: 3380, level: 0 } walk=true transport=false leg=0 hops=1 outcome=None
[script livebud3vi_0] interact UseOn { name: "Vial", kind: "loc", target_name: Some("Fountain"), x: 2949, z: 3381, level: 0, index: None, source_item_id: Some(229), source_item_slot: Some(2), target_item_id: None, target_item_slot: None }
[nav-walk] here=WorldTile { x: 2949, z: 3380, level: 0 } aim=WorldTile { x: 2948, z: 3379, level: 0 } radius=0 ticks_waited=11 sent_tile=Some(WorldTile { x: 2945, z: 3368, level: 0 })
[nav-follow] here=WorldTile { x: 2949, z: 3380, level: 0 } walk=true transport=false leg=0 hops=1 outcome=None
[panel] rss=533643264 traffic_sum=3337
[panel] present pixmap=0 tex=1058 bind_noop=1056 bind_rereg=2
[host] slot livebud3vi_0: d_loop_us=1277 d_raster_us=208633 d_observe_us=59250 max_observe_us=12056 d_paints=50 d_skips=0 d_ticks=2 window_ms=1140
[nav-walk] here=WorldTile { x: 2949, z: 3380, level: 0 } aim=WorldTile { x: 2948, z: 3379, level: 0 } radius=0 ticks_waited=12 sent_tile=Some(WorldTile { x: 2945, z: 3368, level: 0 })
[nav-follow] here=WorldTile { x: 2949, z: 3380, level: 0 } walk=true transport=false leg=0 hops=1 outcome=None
[script livebud3vi_0] interact UseOn { name: "Vial", kind: "loc", target_name: Some("Fountain"), x: 2949, z: 3381, level: 0, index: None, source_item_id: Some(229), source_item_slot: Some(3), target_item_id: None, target_item_slot: None }
[panel] rss=533643264 traffic_sum=3370
[panel] present pixmap=0 tex=1103 bind_noop=1101 bind_rereg=2
[nav-walk] here=WorldTile { x: 2949, z: 3380, level: 0 } aim=WorldTile { x: 2948, z: 3379, level: 0 } radius=0 ticks_waited=13 sent_tile=Some(WorldTile { x: 2945, z: 3368, level: 0 })
[nav-follow] here=WorldTile { x: 2949, z: 3380, level: 0 } walk=true transport=false leg=0 hops=1 outcome=None
[host] slot livebud3vi_0: d_loop_us=1366 d_raster_us=212365 d_observe_us=62601 max_observe_us=12649 d_paints=50 d_skips=0 d_ticks=2 window_ms=1135
[nav-walk] here=WorldTile { x: 2949, z: 3380, level: 0 } aim=WorldTile { x: 2948, z: 3379, level: 0 } radius=0 ticks_waited=14 sent_tile=Some(WorldTile { x: 2945, z: 3368, level: 0 })
[nav-follow] here=WorldTile { x: 2949, z: 3380, level: 0 } walk=true transport=false leg=0 hops=1 outcome=None
[script livebud3vi_0] interact UseOn { name: "Vial", kind: "loc", target_name: Some("Fountain"), x: 2949, z: 3381, level: 0, index: None, source_item_id: Some(229), source_item_slot: Some(4), target_item_id: None, target_item_slot: None }
[panel] rss=533823488 traffic_sum=3478
[panel] present pixmap=0 tex=1146 bind_noop=1144 bind_rereg=2
[nav-walk] here=WorldTile { x: 2949, z: 3380, level: 0 } aim=WorldTile { x: 2948, z: 3379, level: 0 } radius=0 ticks_waited=15 sent_tile=Some(WorldTile { x: 2945, z: 3368, level: 0 })
[nav-follow] here=WorldTile { x: 2949, z: 3380, level: 0 } walk=true transport=false leg=0 hops=1 outcome=None
[host] slot livebud3vi_0: d_loop_us=1321 d_raster_us=212218 d_observe_us=61343 max_observe_us=12350 d_paints=50 d_skips=0 d_ticks=2 window_ms=1120
[nav-walk] here=WorldTile { x: 2949, z: 3380, level: 0 } aim=WorldTile { x: 2948, z: 3379, level: 0 } radius=0 ticks_waited=16 sent_tile=Some(WorldTile { x: 2945, z: 3368, level: 0 })
[nav-follow] here=WorldTile { x: 2949, z: 3380, level: 0 } walk=true transport=false leg=0 hops=1 outcome=None
[script livebud3vi_0] interact UseOn { name: "Vial", kind: "loc", target_name: Some("Fountain"), x: 2949, z: 3381, level: 0, index: None, source_item_id: Some(229), source_item_slot: Some(5), target_item_id: None, target_item_slot: None }
[panel] rss=534970368 traffic_sum=3595
[panel] present pixmap=0 tex=1189 bind_noop=1187 bind_rereg=2
[nav-walk] here=WorldTile { x: 2949, z: 3380, level: 0 } aim=WorldTile { x: 2948, z: 3379, level: 0 } radius=0 ticks_waited=17 sent_tile=Some(WorldTile { x: 2945, z: 3368, level: 0 })
[nav-follow] here=WorldTile { x: 2949, z: 3380, level: 0 } walk=true transport=false leg=0 hops=1 outcome=None
[host] slot livebud3vi_0: d_loop_us=1277 d_raster_us=212346 d_observe_us=56413 max_observe_us=11565 d_paints=50 d_skips=0 d_ticks=2 window_ms=1162
[panel] rss=535937024 traffic_sum=3667
[panel] present pixmap=0 tex=1233 bind_noop=1231 bind_rereg=2
[nav-walk] here=WorldTile { x: 2949, z: 3380, level: 0 } aim=WorldTile { x: 2948, z: 3379, level: 0 } radius=0 ticks_waited=18 sent_tile=Some(WorldTile { x: 2945, z: 3368, level: 0 })
[nav-follow] here=WorldTile { x: 2949, z: 3380, level: 0 } walk=true transport=false leg=0 hops=1 outcome=None
[script livebud3vi_0] interact UseOn { name: "Vial", kind: "loc", target_name: Some("Fountain"), x: 2949, z: 3381, level: 0, index: None, source_item_id: Some(229), source_item_slot: Some(6), target_item_id: None, target_item_slot: None }
[host] slot livebud3vi_0: d_loop_us=1271 d_raster_us=207081 d_observe_us=47093 max_observe_us=9703 d_paints=50 d_skips=0 d_ticks=1 window_ms=1116
[nav-walk] here=WorldTile { x: 2949, z: 3380, level: 0 } aim=WorldTile { x: 2948, z: 3379, level: 0 } radius=0 ticks_waited=19 sent_tile=Some(WorldTile { x: 2945, z: 3368, level: 0 })
[nav-follow] here=WorldTile { x: 2949, z: 3380, level: 0 } walk=true transport=false leg=0 hops=1 outcome=None
[panel] rss=536903680 traffic_sum=3775
[panel] present pixmap=0 tex=1275 bind_noop=1273 bind_rereg=2
[nav-walk] here=WorldTile { x: 2949, z: 3380, level: 0 } aim=WorldTile { x: 2948, z: 3379, level: 0 } radius=0 ticks_waited=20 sent_tile=Some(WorldTile { x: 2945, z: 3368, level: 0 })
[nav-follow] here=WorldTile { x: 2949, z: 3380, level: 0 } walk=true transport=false leg=0 hops=1 outcome=None
[script livebud3vi_0] interact UseOn { name: "Vial", kind: "loc", target_name: Some("Fountain"), x: 2949, z: 3381, level: 0, index: None, source_item_id: Some(229), source_item_slot: Some(7), target_item_id: None, target_item_slot: None }
[host] slot livebud3vi_0: d_loop_us=1391 d_raster_us=204760 d_observe_us=57143 max_observe_us=12001 d_paints=50 d_skips=0 d_ticks=2 window_ms=1130
[nav-walk] here=WorldTile { x: 2949, z: 3380, level: 0 } aim=WorldTile { x: 2948, z: 3379, level: 0 } radius=0 ticks_waited=21 sent_tile=Some(WorldTile { x: 2945, z: 3368, level: 0 })
[nav-follow] here=WorldTile { x: 2949, z: 3380, level: 0 } walk=true transport=false leg=0 hops=1 outcome=None
[panel] rss=538738688 traffic_sum=3885
[panel] present pixmap=0 tex=1319 bind_noop=1317 bind_rereg=2
[nav-walk] here=WorldTile { x: 2949, z: 3380, level: 0 } aim=WorldTile { x: 2948, z: 3379, level: 0 } radius=0 ticks_waited=22 sent_tile=Some(WorldTile { x: 2945, z: 3368, level: 0 })
[nav-follow] here=WorldTile { x: 2949, z: 3380, level: 0 } walk=true transport=false leg=0 hops=1 outcome=None
[script livebud3vi_0] interact UseOn { name: "Vial", kind: "loc", target_name: Some("Fountain"), x: 2949, z: 3381, level: 0, index: None, source_item_id: Some(229), source_item_slot: Some(8), target_item_id: None, target_item_slot: None }
[host] slot livebud3vi_0: d_loop_us=1309 d_raster_us=204566 d_observe_us=56854 max_observe_us=12749 d_paints=50 d_skips=0 d_ticks=2 window_ms=1133
[nav-walk] here=WorldTile { x: 2949, z: 3380, level: 0 } aim=WorldTile { x: 2948, z: 3379, level: 0 } radius=0 ticks_waited=23 sent_tile=Some(WorldTile { x: 2945, z: 3368, level: 0 })
[nav-follow] here=WorldTile { x: 2949, z: 3380, level: 0 } walk=true transport=false leg=0 hops=1 outcome=None
[panel] rss=542130176 traffic_sum=3996
[panel] present pixmap=0 tex=1363 bind_noop=1361 bind_rereg=2
[nav-walk] here=WorldTile { x: 2949, z: 3380, level: 0 } aim=WorldTile { x: 2948, z: 3379, level: 0 } radius=0 ticks_waited=24 sent_tile=Some(WorldTile { x: 2945, z: 3368, level: 0 })
[nav-follow] here=WorldTile { x: 2949, z: 3380, level: 0 } walk=true transport=false leg=0 hops=1 outcome=None
[script livebud3vi_0] interact UseOn { name: "Vial", kind: "loc", target_name: Some("Fountain"), x: 2949, z: 3381, level: 0, index: None, source_item_id: Some(229), source_item_slot: Some(9), target_item_id: None, target_item_slot: None }
[host] slot livebud3vi_0: d_loop_us=1336 d_raster_us=211414 d_observe_us=58381 max_observe_us=12149 d_paints=50 d_skips=0 d_ticks=2 window_ms=1149
[panel] rss=542130176 traffic_sum=4047
[panel] present pixmap=0 tex=1407 bind_noop=1405 bind_rereg=2
[nav-walk] here=WorldTile { x: 2949, z: 3380, level: 0 } aim=WorldTile { x: 2948, z: 3379, level: 0 } radius=0 ticks_waited=25 sent_tile=Some(WorldTile { x: 2945, z: 3368, level: 0 })
[nav-follow] here=WorldTile { x: 2949, z: 3380, level: 0 } walk=true transport=false leg=0 hops=1 outcome=None
[nav-walk] here=WorldTile { x: 2949, z: 3380, level: 0 } aim=WorldTile { x: 2948, z: 3379, level: 0 } radius=0 ticks_waited=26 sent_tile=Some(WorldTile { x: 2945, z: 3368, level: 0 })
[nav-follow] here=WorldTile { x: 2949, z: 3380, level: 0 } walk=true transport=false leg=0 hops=1 outcome=None
[script livebud3vi_0] interact UseOn { name: "Vial", kind: "loc", target_name: Some("Fountain"), x: 2949, z: 3381, level: 0, index: None, source_item_id: Some(229), source_item_slot: Some(10), target_item_id: None, target_item_slot: None }
[panel] rss=546242560 traffic_sum=4166
[panel] present pixmap=0 tex=1451 bind_noop=1449 bind_rereg=2
[host] slot livebud3vi_0: d_loop_us=1252 d_raster_us=219168 d_observe_us=55930 max_observe_us=10314 d_paints=50 d_skips=0 d_ticks=2 window_ms=1152
[nav-walk] here=WorldTile { x: 2949, z: 3380, level: 0 } aim=WorldTile { x: 2948, z: 3379, level: 0 } radius=0 ticks_waited=27 sent_tile=Some(WorldTile { x: 2945, z: 3368, level: 0 })
[nav-follow] here=WorldTile { x: 2949, z: 3380, level: 0 } walk=true transport=false leg=0 hops=1 outcome=None
[nav-walk] here=WorldTile { x: 2949, z: 3380, level: 0 } aim=WorldTile { x: 2948, z: 3379, level: 0 } radius=0 ticks_waited=28 sent_tile=Some(WorldTile { x: 2945, z: 3368, level: 0 })
[nav-follow] here=WorldTile { x: 2949, z: 3380, level: 0 } walk=true transport=false leg=0 hops=1 outcome=None
[script livebud3vi_0] interact UseOn { name: "Vial", kind: "loc", target_name: Some("Fountain"), x: 2949, z: 3381, level: 0, index: None, source_item_id: Some(229), source_item_slot: Some(11), target_item_id: None, target_item_slot: None }
[panel] rss=546242560 traffic_sum=4279
[panel] present pixmap=0 tex=1493 bind_noop=1491 bind_rereg=2
[host] slot livebud3vi_0: d_loop_us=1303 d_raster_us=217463 d_observe_us=58379 max_observe_us=11719 d_paints=50 d_skips=0 d_ticks=2 window_ms=1138
[nav-walk] here=WorldTile { x: 2949, z: 3380, level: 0 } aim=WorldTile { x: 2948, z: 3379, level: 0 } radius=0 ticks_waited=29 sent_tile=Some(WorldTile { x: 2945, z: 3368, level: 0 })
[nav-follow] here=WorldTile { x: 2949, z: 3380, level: 0 } walk=true transport=false leg=0 hops=1 outcome=None
[panel] rss=546242560 traffic_sum=4354
[panel] present pixmap=0 tex=1537 bind_noop=1535 bind_rereg=2
[nav-walk] here=WorldTile { x: 2949, z: 3380, level: 0 } aim=WorldTile { x: 2948, z: 3379, level: 0 } radius=0 ticks_waited=30 sent_tile=Some(WorldTile { x: 2945, z: 3368, level: 0 })
[nav-follow] here=WorldTile { x: 2949, z: 3380, level: 0 } walk=true transport=false leg=0 hops=1 outcome=None
[script livebud3vi_0] interact UseOn { name: "Vial", kind: "loc", target_name: Some("Fountain"), x: 2949, z: 3381, level: 0, index: None, source_item_id: Some(229), source_item_slot: Some(12), target_item_id: None, target_item_slot: None }
[host] slot livebud3vi_0: d_loop_us=1290 d_raster_us=210264 d_observe_us=61411 max_observe_us=12385 d_paints=50 d_skips=0 d_ticks=2 window_ms=1130
[nav-walk] here=WorldTile { x: 2949, z: 3380, level: 0 } aim=WorldTile { x: 2948, z: 3379, level: 0 } radius=0 ticks_waited=31 sent_tile=Some(WorldTile { x: 2945, z: 3368, level: 0 })
[nav-follow] here=WorldTile { x: 2949, z: 3380, level: 0 } walk=true transport=false leg=0 hops=1 outcome=None
[panel] rss=547012608 traffic_sum=4464
[panel] present pixmap=0 tex=1582 bind_noop=1580 bind_rereg=2
[nav-walk] here=WorldTile { x: 2949, z: 3380, level: 0 } aim=WorldTile { x: 2948, z: 3379, level: 0 } radius=0 ticks_waited=32 sent_tile=Some(WorldTile { x: 2945, z: 3368, level: 0 })
[nav-follow] here=WorldTile { x: 2949, z: 3380, level: 0 } walk=true transport=false leg=0 hops=1 outcome=None
[script livebud3vi_0] interact UseOn { name: "Vial", kind: "loc", target_name: Some("Fountain"), x: 2949, z: 3381, level: 0, index: None, source_item_id: Some(229), source_item_slot: Some(13), target_item_id: None, target_item_slot: None }
[host] slot livebud3vi_0: d_loop_us=1294 d_raster_us=205866 d_observe_us=57412 max_observe_us=12893 d_paints=50 d_skips=0 d_ticks=2 window_ms=1141
[nav-walk] here=WorldTile { x: 2949, z: 3380, level: 0 } aim=WorldTile { x: 2948, z: 3379, level: 0 } radius=0 ticks_waited=33 sent_tile=Some(WorldTile { x: 2945, z: 3368, level: 0 })
[nav-follow] here=WorldTile { x: 2949, z: 3380, level: 0 } walk=true transport=false leg=0 hops=1 outcome=None
[panel] rss=547209216 traffic_sum=4586
[panel] present pixmap=0 tex=1626 bind_noop=1624 bind_rereg=2
[nav-walk] here=WorldTile { x: 2949, z: 3380, level: 0 } aim=WorldTile { x: 2948, z: 3379, level: 0 } radius=0 ticks_waited=34 sent_tile=Some(WorldTile { x: 2945, z: 3368, level: 0 })
[nav-follow] here=WorldTile { x: 2949, z: 3380, level: 0 } walk=true transport=false leg=0 hops=1 outcome=None
[script livebud3vi_0] interact UseOn { name: "Vial", kind: "loc", target_name: Some("Fountain"), x: 2949, z: 3381, level: 0, index: None, source_item_id: Some(229), source_item_slot: Some(14), target_item_id: None, target_item_slot: None }
[host] slot livebud3vi_0: d_loop_us=1401 d_raster_us=211243 d_observe_us=57782 max_observe_us=12283 d_paints=50 d_skips=0 d_ticks=2 window_ms=1142
[panel] rss=548274176 traffic_sum=4621
[panel] present pixmap=0 tex=1669 bind_noop=1667 bind_rereg=2
[nav-walk] here=WorldTile { x: 2949, z: 3380, level: 0 } aim=WorldTile { x: 2948, z: 3379, level: 0 } radius=0 ticks_waited=35 sent_tile=Some(WorldTile { x: 2945, z: 3368, level: 0 })
[nav-follow] here=WorldTile { x: 2949, z: 3380, level: 0 } walk=true transport=false leg=0 hops=1 outcome=None
[host] slot livebud3vi_0: d_loop_us=1372 d_raster_us=219729 d_observe_us=50532 max_observe_us=12286 d_paints=50 d_skips=0 d_ticks=2 window_ms=1138
[nav-walk] here=WorldTile { x: 2949, z: 3380, level: 0 } aim=WorldTile { x: 2948, z: 3379, level: 0 } radius=0 ticks_waited=36 sent_tile=Some(WorldTile { x: 2945, z: 3368, level: 0 })
[nav-follow] here=WorldTile { x: 2949, z: 3380, level: 0 } walk=true transport=false leg=0 hops=1 outcome=None
[script livebud3vi_0] interact UseOn { name: "Vial", kind: "loc", target_name: Some("Fountain"), x: 2949, z: 3381, level: 0, index: None, source_item_id: Some(229), source_item_slot: Some(15), target_item_id: None, target_item_slot: None }
[panel] rss=548503552 traffic_sum=4730
[panel] present pixmap=0 tex=1711 bind_noop=1709 bind_rereg=2
[nav-walk] here=WorldTile { x: 2949, z: 3380, level: 0 } aim=WorldTile { x: 2948, z: 3379, level: 0 } radius=0 ticks_waited=37 sent_tile=Some(WorldTile { x: 2945, z: 3368, level: 0 })
[nav-follow] here=WorldTile { x: 2949, z: 3380, level: 0 } walk=true transport=false leg=0 hops=1 outcome=None
[host] slot livebud3vi_0: d_loop_us=1300 d_raster_us=205037 d_observe_us=56925 max_observe_us=9952 d_paints=50 d_skips=0 d_ticks=1 window_ms=1124
[nav-walk] here=WorldTile { x: 2949, z: 3380, level: 0 } aim=WorldTile { x: 2948, z: 3379, level: 0 } radius=0 ticks_waited=38 sent_tile=Some(WorldTile { x: 2945, z: 3368, level: 0 })
[nav-follow] here=WorldTile { x: 2949, z: 3380, level: 0 } walk=true transport=false leg=0 hops=1 outcome=None
[script livebud3vi_0] interact UseOn { name: "Vial", kind: "loc", target_name: Some("Fountain"), x: 2949, z: 3381, level: 0, index: None, source_item_id: Some(229), source_item_slot: Some(16), target_item_id: None, target_item_slot: None }
[panel] rss=548618240 traffic_sum=4838
[panel] present pixmap=0 tex=1754 bind_noop=1752 bind_rereg=2
[nav-walk] here=WorldTile { x: 2949, z: 3380, level: 0 } aim=WorldTile { x: 2948, z: 3379, level: 0 } radius=0 ticks_waited=39 sent_tile=Some(WorldTile { x: 2945, z: 3368, level: 0 })
[nav-follow] here=WorldTile { x: 2949, z: 3380, level: 0 } walk=true transport=false leg=0 hops=1 outcome=None
[host] slot livebud3vi_0: d_loop_us=1272 d_raster_us=211825 d_observe_us=56762 max_observe_us=11046 d_paints=50 d_skips=0 d_ticks=2 window_ms=1148
[panel] rss=548814848 traffic_sum=4913
[panel] present pixmap=0 tex=1798 bind_noop=1796 bind_rereg=2
[nav-walk] here=WorldTile { x: 2949, z: 3380, level: 0 } aim=WorldTile { x: 2948, z: 3379, level: 0 } radius=0 ticks_waited=40 sent_tile=Some(WorldTile { x: 2945, z: 3368, level: 0 })
[nav-follow] here=WorldTile { x: 2949, z: 3380, level: 0 } walk=true transport=false leg=0 hops=1 outcome=None
[script livebud3vi_0] interact UseOn { name: "Vial", kind: "loc", target_name: Some("Fountain"), x: 2949, z: 3381, level: 0, index: None, source_item_id: Some(229), source_item_slot: Some(17), target_item_id: None, target_item_slot: None }
[nav-walk] here=WorldTile { x: 2949, z: 3380, level: 0 } aim=WorldTile { x: 2948, z: 3379, level: 0 } radius=0 ticks_waited=41 sent_tile=Some(WorldTile { x: 2945, z: 3368, level: 0 })
[nav-follow] here=WorldTile { x: 2949, z: 3380, level: 0 } walk=true transport=false leg=0 hops=1 outcome=None
[panel] rss=549830656 traffic_sum=5020
[panel] present pixmap=0 tex=1841 bind_noop=1839 bind_rereg=2
[host] slot livebud3vi_0: d_loop_us=1249 d_raster_us=211855 d_observe_us=57584 max_observe_us=11638 d_paints=50 d_skips=0 d_ticks=2 window_ms=1142
[nav-walk] here=WorldTile { x: 2949, z: 3380, level: 0 } aim=WorldTile { x: 2948, z: 3379, level: 0 } radius=0 ticks_waited=42 sent_tile=Some(WorldTile { x: 2945, z: 3368, level: 0 })
[nav-follow] here=WorldTile { x: 2949, z: 3380, level: 0 } walk=true transport=false leg=0 hops=1 outcome=None
[script livebud3vi_0] interact UseOn { name: "Vial", kind: "loc", target_name: Some("Fountain"), x: 2949, z: 3381, level: 0, index: None, source_item_id: Some(229), source_item_slot: Some(18), target_item_id: None, target_item_slot: None }
[nav-walk] here=WorldTile { x: 2949, z: 3380, level: 0 } aim=WorldTile { x: 2948, z: 3379, level: 0 } radius=0 ticks_waited=43 sent_tile=Some(WorldTile { x: 2945, z: 3368, level: 0 })
[nav-follow] here=WorldTile { x: 2949, z: 3380, level: 0 } walk=true transport=false leg=0 hops=1 outcome=None
[panel] rss=550191104 traffic_sum=5128
[panel] present pixmap=0 tex=1886 bind_noop=1884 bind_rereg=2
[host] slot livebud3vi_0: d_loop_us=1220 d_raster_us=203524 d_observe_us=50272 max_observe_us=11083 d_paints=50 d_skips=0 d_ticks=2 window_ms=1140
[nav-walk] here=WorldTile { x: 2949, z: 3380, level: 0 } aim=WorldTile { x: 2948, z: 3379, level: 0 } radius=0 ticks_waited=44 sent_tile=Some(WorldTile { x: 2945, z: 3368, level: 0 })
[nav-follow] here=WorldTile { x: 2949, z: 3380, level: 0 } walk=true transport=false leg=0 hops=1 outcome=None
[script livebud3vi_0] interact UseOn { name: "Vial", kind: "loc", target_name: Some("Fountain"), x: 2949, z: 3381, level: 0, index: None, source_item_id: Some(229), source_item_slot: Some(19), target_item_id: None, target_item_slot: None }
[panel] rss=552484864 traffic_sum=5166
[panel] present pixmap=0 tex=1930 bind_noop=1928 bind_rereg=2
[nav-walk] here=WorldTile { x: 2949, z: 3380, level: 0 } aim=WorldTile { x: 2948, z: 3379, level: 0 } radius=0 ticks_waited=45 sent_tile=Some(WorldTile { x: 2945, z: 3368, level: 0 })
[nav-follow] here=WorldTile { x: 2949, z: 3380, level: 0 } walk=true transport=false leg=0 hops=1 outcome=None
[host] slot livebud3vi_0: d_loop_us=1272 d_raster_us=218372 d_observe_us=58626 max_observe_us=12948 d_paints=50 d_skips=0 d_ticks=2 window_ms=1135
[nav-walk] here=WorldTile { x: 2949, z: 3380, level: 0 } aim=WorldTile { x: 2948, z: 3379, level: 0 } radius=0 ticks_waited=46 sent_tile=Some(WorldTile { x: 2945, z: 3368, level: 0 })
[nav-follow] here=WorldTile { x: 2949, z: 3380, level: 0 } walk=true transport=false leg=0 hops=1 outcome=None
[script livebud3vi_0] interact UseOn { name: "Vial", kind: "loc", target_name: Some("Fountain"), x: 2949, z: 3381, level: 0, index: None, source_item_id: Some(229), source_item_slot: Some(20), target_item_id: None, target_item_slot: None }
[panel] rss=552878080 traffic_sum=5273
[panel] present pixmap=0 tex=1974 bind_noop=1972 bind_rereg=2
[nav-walk] here=WorldTile { x: 2949, z: 3380, level: 0 } aim=WorldTile { x: 2948, z: 3379, level: 0 } radius=0 ticks_waited=47 sent_tile=Some(WorldTile { x: 2945, z: 3368, level: 0 })
[nav-follow] here=WorldTile { x: 2949, z: 3380, level: 0 } walk=true transport=false leg=0 hops=1 outcome=None
[host] slot livebud3vi_0: d_loop_us=1268 d_raster_us=209007 d_observe_us=57349 max_observe_us=11559 d_paints=50 d_skips=0 d_ticks=2 window_ms=1143
[nav-walk] here=WorldTile { x: 2949, z: 3380, level: 0 } aim=WorldTile { x: 2948, z: 3379, level: 0 } radius=0 ticks_waited=48 sent_tile=Some(WorldTile { x: 2945, z: 3368, level: 0 })
[nav-follow] here=WorldTile { x: 2949, z: 3380, level: 0 } walk=true transport=false leg=0 hops=1 outcome=None
[script livebud3vi_0] interact UseOn { name: "Vial", kind: "loc", target_name: Some("Fountain"), x: 2949, z: 3381, level: 0, index: None, source_item_id: Some(229), source_item_slot: Some(21), target_item_id: None, target_item_slot: None }
[panel] rss=553697280 traffic_sum=5382
[panel] present pixmap=0 tex=2017 bind_noop=2015 bind_rereg=2
[nav-walk] here=WorldTile { x: 2949, z: 3380, level: 0 } aim=WorldTile { x: 2948, z: 3379, level: 0 } radius=0 ticks_waited=49 sent_tile=Some(WorldTile { x: 2945, z: 3368, level: 0 })
[nav-follow] here=WorldTile { x: 2949, z: 3380, level: 0 } walk=true transport=false leg=0 hops=1 outcome=None
[host] slot livebud3vi_0: d_loop_us=1292 d_raster_us=210992 d_observe_us=61733 max_observe_us=13179 d_paints=50 d_skips=0 d_ticks=2 window_ms=1141
[nav-walk] here=WorldTile { x: 2949, z: 3380, level: 0 } aim=WorldTile { x: 2948, z: 3379, level: 0 } radius=0 ticks_waited=50 sent_tile=Some(WorldTile { x: 2945, z: 3368, level: 0 })
[nav-follow] here=WorldTile { x: 2949, z: 3380, level: 0 } walk=true transport=false leg=0 hops=1 outcome=None
[script livebud3vi_0] interact UseOn { name: "Vial", kind: "loc", target_name: Some("Fountain"), x: 2949, z: 3381, level: 0, index: None, source_item_id: Some(229), source_item_slot: Some(22), target_item_id: None, target_item_slot: None }
[panel] rss=554221568 traffic_sum=5468
[panel] present pixmap=0 tex=2062 bind_noop=2060 bind_rereg=2
[nav-walk] here=WorldTile { x: 2949, z: 3380, level: 0 } aim=WorldTile { x: 2948, z: 3379, level: 0 } radius=0 ticks_waited=51 sent_tile=Some(WorldTile { x: 2945, z: 3368, level: 0 })
[nav-follow] here=WorldTile { x: 2949, z: 3380, level: 0 } walk=true transport=false leg=0 hops=1 outcome=None
[host] slot livebud3vi_0: d_loop_us=1284 d_raster_us=214435 d_observe_us=55915 max_observe_us=9710 d_paints=50 d_skips=0 d_ticks=2 window_ms=1155
[panel] rss=554631168 traffic_sum=5564
[panel] present pixmap=0 tex=2106 bind_noop=2104 bind_rereg=2
[nav-walk] here=WorldTile { x: 2949, z: 3380, level: 0 } aim=WorldTile { x: 2948, z: 3379, level: 0 } radius=0 ticks_waited=52 sent_tile=Some(WorldTile { x: 2945, z: 3368, level: 0 })
[nav-follow] here=WorldTile { x: 2949, z: 3380, level: 0 } walk=true transport=false leg=0 hops=1 outcome=None
[script livebud3vi_0] interact UseOn { name: "Vial", kind: "loc", target_name: Some("Fountain"), x: 2949, z: 3381, level: 0, index: None, source_item_id: Some(229), source_item_slot: Some(23), target_item_id: None, target_item_slot: None }
[nav-walk] here=WorldTile { x: 2949, z: 3380, level: 0 } aim=WorldTile { x: 2948, z: 3379, level: 0 } radius=0 ticks_waited=53 sent_tile=Some(WorldTile { x: 2945, z: 3368, level: 0 })
[nav-follow] here=WorldTile { x: 2949, z: 3380, level: 0 } walk=true transport=false leg=0 hops=1 outcome=None
[host] slot livebud3vi_0: d_loop_us=1202 d_raster_us=195534 d_observe_us=52394 max_observe_us=9918 d_paints=50 d_skips=0 d_ticks=2 window_ms=1142
[panel] rss=554647552 traffic_sum=5672
[panel] present pixmap=0 tex=2149 bind_noop=2147 bind_rereg=2
[nav-walk] here=WorldTile { x: 2949, z: 3380, level: 0 } aim=WorldTile { x: 2948, z: 3379, level: 0 } radius=0 ticks_waited=54 sent_tile=Some(WorldTile { x: 2945, z: 3368, level: 0 })
[nav-follow] here=WorldTile { x: 2949, z: 3380, level: 0 } walk=true transport=false leg=0 hops=1 outcome=None
[script livebud3vi_0] interact UseOn { name: "Vial", kind: "loc", target_name: Some("Fountain"), x: 2949, z: 3381, level: 0, index: None, source_item_id: Some(229), source_item_slot: Some(24), target_item_id: None, target_item_slot: None }
[nav-walk] here=WorldTile { x: 2949, z: 3380, level: 0 } aim=WorldTile { x: 2948, z: 3379, level: 0 } radius=0 ticks_waited=55 sent_tile=Some(WorldTile { x: 2945, z: 3368, level: 0 })
[nav-follow] here=WorldTile { x: 2949, z: 3380, level: 0 } walk=true transport=false leg=0 hops=1 outcome=None
[host] slot livebud3vi_0: d_loop_us=1271 d_raster_us=195973 d_observe_us=55687 max_observe_us=12594 d_paints=50 d_skips=0 d_ticks=2 window_ms=1156
[panel] rss=556351488 traffic_sum=5782
[panel] present pixmap=0 tex=2193 bind_noop=2191 bind_rereg=2
[nav-walk] here=WorldTile { x: 2949, z: 3380, level: 0 } aim=WorldTile { x: 2948, z: 3379, level: 0 } radius=0 ticks_waited=56 sent_tile=Some(WorldTile { x: 2945, z: 3368, level: 0 })
[nav-follow] here=WorldTile { x: 2949, z: 3380, level: 0 } walk=true transport=false leg=0 hops=1 outcome=None
[script livebud3vi_0] interact UseOn { name: "Vial", kind: "loc", target_name: Some("Fountain"), x: 2949, z: 3381, level: 0, index: None, source_item_id: Some(229), source_item_slot: Some(25), target_item_id: None, target_item_slot: None }
[panel] rss=559792128 traffic_sum=5820
[panel] present pixmap=0 tex=2236 bind_noop=2234 bind_rereg=2
[host] slot livebud3vi_0: d_loop_us=1243 d_raster_us=209412 d_observe_us=46474 max_observe_us=9790 d_paints=50 d_skips=0 d_ticks=1 window_ms=1129
[nav-walk] here=WorldTile { x: 2949, z: 3380, level: 0 } aim=WorldTile { x: 2948, z: 3379, level: 0 } radius=0 ticks_waited=57 sent_tile=Some(WorldTile { x: 2945, z: 3368, level: 0 })
[nav-follow] here=WorldTile { x: 2949, z: 3380, level: 0 } walk=true transport=false leg=0 hops=1 outcome=None
[nav-walk] here=WorldTile { x: 2949, z: 3380, level: 0 } aim=WorldTile { x: 2948, z: 3379, level: 0 } radius=0 ticks_waited=58 sent_tile=Some(WorldTile { x: 2945, z: 3368, level: 0 })
[nav-follow] here=WorldTile { x: 2949, z: 3380, level: 0 } walk=true transport=false leg=0 hops=1 outcome=None
[script livebud3vi_0] interact UseOn { name: "Vial", kind: "loc", target_name: Some("Fountain"), x: 2949, z: 3381, level: 0, index: None, source_item_id: Some(229), source_item_slot: Some(26), target_item_id: None, target_item_slot: None }
[panel] rss=560070656 traffic_sum=5929
[panel] present pixmap=0 tex=2280 bind_noop=2278 bind_rereg=2
[host] slot livebud3vi_0: d_loop_us=1252 d_raster_us=221830 d_observe_us=60530 max_observe_us=12494 d_paints=50 d_skips=0 d_ticks=2 window_ms=1146
[nav-walk] here=WorldTile { x: 2949, z: 3380, level: 0 } aim=WorldTile { x: 2948, z: 3379, level: 0 } radius=0 ticks_waited=59 sent_tile=Some(WorldTile { x: 2945, z: 3368, level: 0 })
[nav-follow] here=WorldTile { x: 2949, z: 3380, level: 0 } walk=true transport=false leg=0 hops=1 outcome=None
[nav-walk] here=WorldTile { x: 2949, z: 3380, level: 0 } aim=WorldTile { x: 2948, z: 3379, level: 0 } radius=0 ticks_waited=60 sent_tile=Some(WorldTile { x: 2945, z: 3368, level: 0 })
[nav-follow] here=WorldTile { x: 2949, z: 3380, level: 0 } walk=false transport=false leg=0 hops=1 outcome=Some(Stalled { at: WorldTile { x: 2949, z: 3380, level: 0 }, aiming: WorldTile { x: 2948, z: 3379, level: 0 }, why: Expired, tries: 1 })
[script livebud3vi_0] interact UseOn { name: "Vial", kind: "loc", target_name: Some("Fountain"), x: 2949, z: 3381, level: 0, index: None, source_item_id: Some(229), source_item_slot: Some(27), target_item_id: None, target_item_slot: None }
[panel] rss=560070656 traffic_sum=6037
[panel] present pixmap=0 tex=2323 bind_noop=2321 bind_rereg=2
[host] slot livebud3vi_0: d_loop_us=1246 d_raster_us=217008 d_observe_us=58907 max_observe_us=12829 d_paints=50 d_skips=0 d_ticks=2 window_ms=1142
live script_vial_filler: running step 13/18
[panel] rss=560283648 traffic_sum=6110
[panel] present pixmap=0 tex=2366 bind_noop=2364 bind_rereg=2
[script livebud3vi_0] filled 28 Vial of water
[panel] livebud3vi_0: script: filled 28 Vial of water
[host] slot livebud3vi_0: d_loop_us=1289 d_raster_us=206587 d_observe_us=58007 max_observe_us=11657 d_paints=50 d_skips=0 d_ticks=2 window_ms=1151
[script livebud3vi_0] interact WalkNear { x: 2946, z: 3369, level: 0, radius: 3, allow_teleports: false }
[panel] rss=560283648 traffic_sum=6138
[panel] present pixmap=0 tex=2410 bind_noop=2408 bind_rereg=2
[nav-follow] here=WorldTile { x: 2949, z: 3380, level: 0 } walk=true transport=false leg=0 hops=1 outcome=None
[host] slot livebud3vi_0: d_loop_us=1209 d_raster_us=198344 d_observe_us=51176 max_observe_us=9321 d_paints=50 d_skips=0 d_ticks=2 window_ms=1140
[nav-walk] here=WorldTile { x: 2949, z: 3378, level: 0 } aim=WorldTile { x: 2943, z: 3372, level: 0 } radius=0 ticks_waited=0 sent_tile=Some(WorldTile { x: 2949, z: 3380, level: 0 })
[nav-follow] here=WorldTile { x: 2949, z: 3378, level: 0 } walk=true transport=false leg=0 hops=1 outcome=None
[host] hitch livebud3vi_0: observe_us=16316 paints=2311 skips=0 ticks=89
[panel] rss=560283648 traffic_sum=6185
[panel] present pixmap=0 tex=2453 bind_noop=2451 bind_rereg=2
[nav-walk] here=WorldTile { x: 2949, z: 3376, level: 0 } aim=WorldTile { x: 2943, z: 3372, level: 0 } radius=0 ticks_waited=1 sent_tile=Some(WorldTile { x: 2949, z: 3380, level: 0 })
[nav-follow] here=WorldTile { x: 2949, z: 3376, level: 0 } walk=true transport=false leg=0 hops=1 outcome=None
[host] hitch livebud3vi_0: observe_us=16824 paints=2337 skips=0 ticks=90
[host] slot livebud3vi_0: d_loop_us=1220 d_raster_us=199744 d_observe_us=70487 max_observe_us=16824 d_paints=50 d_skips=0 d_ticks=2 window_ms=1150
[panel] rss=560283648 traffic_sum=6204
[panel] present pixmap=0 tex=2497 bind_noop=2495 bind_rereg=2
[nav-walk] here=WorldTile { x: 2947, z: 3376, level: 0 } aim=WorldTile { x: 2943, z: 3372, level: 0 } radius=0 ticks_waited=2 sent_tile=Some(WorldTile { x: 2949, z: 3380, level: 0 })
[nav-follow] here=WorldTile { x: 2947, z: 3376, level: 0 } walk=true transport=false leg=0 hops=1 outcome=None
[nav-walk] here=WorldTile { x: 2945, z: 3376, level: 0 } aim=WorldTile { x: 2943, z: 3372, level: 0 } radius=0 ticks_waited=3 sent_tile=Some(WorldTile { x: 2949, z: 3380, level: 0 })
[nav-follow] here=WorldTile { x: 2945, z: 3376, level: 0 } walk=true transport=false leg=0 hops=1 outcome=None
[host] slot livebud3vi_0: d_loop_us=1222 d_raster_us=196962 d_observe_us=63372 max_observe_us=15735 d_paints=50 d_skips=0 d_ticks=2 window_ms=1135
[panel] rss=560283648 traffic_sum=6251
[panel] present pixmap=0 tex=2541 bind_noop=2539 bind_rereg=2
[nav-walk] here=WorldTile { x: 2944, z: 3374, level: 0 } aim=WorldTile { x: 2943, z: 3372, level: 0 } radius=0 ticks_waited=4 sent_tile=Some(WorldTile { x: 2949, z: 3380, level: 0 })
[nav-follow] here=WorldTile { x: 2944, z: 3374, level: 0 } walk=true transport=false leg=0 hops=1 outcome=None
[host] hitch livebud3vi_0: observe_us=17349 paints=2416 skips=0 ticks=93
[nav-walk] here=WorldTile { x: 2943, z: 3372, level: 0 } aim=WorldTile { x: 2943, z: 3372, level: 0 } radius=0 ticks_waited=5 sent_tile=Some(WorldTile { x: 2949, z: 3380, level: 0 })
[nav-follow] here=WorldTile { x: 2943, z: 3372, level: 0 } walk=false transport=false leg=1 hops=1 outcome=Some(Arrived { at: WorldTile { x: 2943, z: 3372, level: 0 } })
[host] hitch livebud3vi_0: observe_us=16143 paints=2442 skips=0 ticks=94
[script livebud3vi_0] interact OpenBooth { x: 2945, z: 3367, level: 0, id: 2213, name: Some("Bank booth"), action: Some("Use-quickly") }
[host] slot livebud3vi_0: d_loop_us=1331 d_raster_us=179336 d_observe_us=72272 max_observe_us=17349 d_paints=50 d_skips=0 d_ticks=2 window_ms=1152
[panel] rss=561299456 traffic_sum=6350
[panel] present pixmap=0 tex=2585 bind_noop=2583 bind_rereg=2
[host] hitch livebud3vi_0: observe_us=18747 paints=2468 skips=0 ticks=95
[panel] rss=561315840 traffic_sum=6386
[panel] present pixmap=0 tex=2628 bind_noop=2626 bind_rereg=2
[host] hitch livebud3vi_0: observe_us=20294 paints=2494 skips=0 ticks=96
[host] slot livebud3vi_0: d_loop_us=1422 d_raster_us=167313 d_observe_us=77773 max_observe_us=20294 d_paints=50 d_skips=0 d_ticks=2 window_ms=1151
[panel] rss=561381376 traffic_sum=6457
[panel] present pixmap=0 tex=2672 bind_noop=2670 bind_rereg=2
[host] slot livebud3vi_0: d_loop_us=1261 d_raster_us=183494 d_observe_us=55841 max_observe_us=9082 d_paints=50 d_skips=0 d_ticks=2 window_ms=1136
[panel] rss=561381376 traffic_sum=6484
[panel] present pixmap=0 tex=2716 bind_noop=2714 bind_rereg=2
[host] slot livebud3vi_0: d_loop_us=1225 d_raster_us=187558 d_observe_us=52852 max_observe_us=9475 d_paints=50 d_skips=0 d_ticks=2 window_ms=1158
[panel] rss=561381376 traffic_sum=6523
[panel] present pixmap=0 tex=2758 bind_noop=2756 bind_rereg=2
[host] slot livebud3vi_0: d_loop_us=1187 d_raster_us=191679 d_observe_us=48541 max_observe_us=10290 d_paints=50 d_skips=0 d_ticks=1 window_ms=1132
[panel] rss=561381376 traffic_sum=6538
[panel] present pixmap=0 tex=2802 bind_noop=2800 bind_rereg=2
[script livebud3vi_0] could not open the bank — retrying
[panel] livebud3vi_0: script: could not open the bank — retrying
[host] slot livebud3vi_0: d_loop_us=1095 d_raster_us=191651 d_observe_us=57321 max_observe_us=9666 d_paints=50 d_skips=0 d_ticks=2 window_ms=1147
[script livebud3vi_0] interact OpenBooth { x: 2945, z: 3367, level: 0, id: 2213, name: Some("Bank booth"), action: Some("Use-quickly") }
[panel] rss=561381376 traffic_sum=6599
[panel] present pixmap=0 tex=2846 bind_noop=2844 bind_rereg=2
[host] slot livebud3vi_0: d_loop_us=1188 d_raster_us=188380 d_observe_us=60541 max_observe_us=15091 d_paints=50 d_skips=0 d_ticks=2 window_ms=1141
[host] hitch livebud3vi_0: observe_us=16665 paints=2757 skips=0 ticks=106
[panel] rss=561381376 traffic_sum=6645
[panel] present pixmap=0 tex=2889 bind_noop=2887 bind_rereg=2
[host] slot livebud3vi_0: d_loop_us=1174 d_raster_us=170477 d_observe_us=64125 max_observe_us=16665 d_paints=50 d_skips=0 d_ticks=2 window_ms=1148
[panel] rss=561889280 traffic_sum=6683
[panel] present pixmap=0 tex=2931 bind_noop=2929 bind_rereg=2
[panel] rss=563167232 traffic_sum=6716
[panel] present pixmap=0 tex=2974 bind_noop=2972 bind_rereg=2
[host] slot livebud3vi_0: d_loop_us=1140 d_raster_us=164735 d_observe_us=57934 max_observe_us=13706 d_paints=50 d_skips=0 d_ticks=2 window_ms=1153
[host] hitch livebud3vi_0: observe_us=16363 paints=2886 skips=0 ticks=111
[panel] rss=563740672 traffic_sum=6757
[panel] present pixmap=0 tex=3016 bind_noop=3014 bind_rereg=2
[host] slot livebud3vi_0: d_loop_us=1155 d_raster_us=183807 d_observe_us=62681 max_observe_us=16363 d_paints=50 d_skips=0 d_ticks=2 window_ms=1161
[panel] rss=563789824 traffic_sum=6775
[panel] present pixmap=0 tex=3059 bind_noop=3057 bind_rereg=2
[script livebud3vi_0] could not open the bank — retrying
[panel] livebud3vi_0: script: could not open the bank — retrying
[host] slot livebud3vi_0: d_loop_us=1165 d_raster_us=187415 d_observe_us=61369 max_observe_us=15225 d_paints=50 d_skips=0 d_ticks=2 window_ms=1165
[panel] rss=565575680 traffic_sum=6923
[panel] present pixmap=0 tex=3102 bind_noop=3100 bind_rereg=2
[host] slot livebud3vi_0: d_loop_us=1137 d_raster_us=240177 d_observe_us=49940 max_observe_us=8383 d_paints=50 d_skips=0 d_ticks=2 window_ms=1157
live script_vial_filler: running step 14/18
live script_vial_filler: running step 15/18
[panel] rss=565673984 traffic_sum=7202
[panel] present pixmap=0 tex=3145 bind_noop=3143 bind_rereg=2
[host] slot livebud3vi_0: d_loop_us=1116 d_raster_us=238005 d_observe_us=54140 max_observe_us=11166 d_paints=50 d_skips=0 d_ticks=2 window_ms=1149
[panel] rss=565673984 traffic_sum=7217
[panel] present pixmap=0 tex=3188 bind_noop=3186 bind_rereg=2
[host] slot livebud3vi_0: d_loop_us=1176 d_raster_us=247356 d_observe_us=54323 max_observe_us=11510 d_paints=50 d_skips=0 d_ticks=2 window_ms=1157
[panel] rss=565805056 traffic_sum=7271
[panel] present pixmap=0 tex=3231 bind_noop=3229 bind_rereg=2
live script_vial_filler: running step 16/18
[script livebud3vi_0] interact Close
[shim-close] sent
live script_vial_filler: running step 17/18
[script livebud3vi_0] interact WalkNear { x: 2949, z: 3381, level: 0, radius: 3, allow_teleports: false }
[host] slot livebud3vi_0: d_loop_us=1214 d_raster_us=206878 d_observe_us=60375 max_observe_us=11908 d_paints=50 d_skips=0 d_ticks=2 window_ms=1141
[panel] rss=565805056 traffic_sum=7551
[panel] present pixmap=0 tex=3275 bind_noop=3273 bind_rereg=2
[nav-follow] here=WorldTile { x: 2945, z: 3368, level: 0 } walk=true transport=false leg=0 hops=1 outcome=None
[panel] rss=565805056 traffic_sum=7581
[panel] present pixmap=0 tex=3318 bind_noop=3316 bind_rereg=2
[nav-walk] here=WorldTile { x: 2945, z: 3370, level: 0 } aim=WorldTile { x: 2948, z: 3379, level: 0 } radius=0 ticks_waited=0 sent_tile=Some(WorldTile { x: 2945, z: 3368, level: 0 })
[nav-follow] here=WorldTile { x: 2945, z: 3370, level: 0 } walk=true transport=false leg=0 hops=1 outcome=None
[host] slot livebud3vi_0: d_loop_us=1186 d_raster_us=187860 d_observe_us=57771 max_observe_us=14001 d_paints=50 d_skips=0 d_ticks=2 window_ms=1167
[nav-walk] here=WorldTile { x: 2945, z: 3372, level: 0 } aim=WorldTile { x: 2948, z: 3379, level: 0 } radius=0 ticks_waited=1 sent_tile=Some(WorldTile { x: 2945, z: 3368, level: 0 })
[nav-follow] here=WorldTile { x: 2945, z: 3372, level: 0 } walk=true transport=false leg=0 hops=1 outcome=None
[host] hitch livebud3vi_0: observe_us=16730 paints=3223 skips=0 ticks=124
[panel] rss=565805056 traffic_sum=7638
[panel] present pixmap=0 tex=3361 bind_noop=3359 bind_rereg=2
[nav-walk] here=WorldTile { x: 2945, z: 3374, level: 0 } aim=WorldTile { x: 2948, z: 3379, level: 0 } radius=0 ticks_waited=2 sent_tile=Some(WorldTile { x: 2945, z: 3368, level: 0 })
[nav-follow] here=WorldTile { x: 2945, z: 3374, level: 0 } walk=true transport=false leg=0 hops=1 outcome=None
[host] hitch livebud3vi_0: observe_us=16074 paints=3249 skips=0 ticks=125
[host] slot livebud3vi_0: d_loop_us=1214 d_raster_us=188983 d_observe_us=65979 max_observe_us=16730 d_paints=50 d_skips=0 d_ticks=2 window_ms=1174
[nav-walk] here=WorldTile { x: 2947, z: 3374, level: 0 } aim=WorldTile { x: 2948, z: 3379, level: 0 } radius=0 ticks_waited=3 sent_tile=Some(WorldTile { x: 2945, z: 3368, level: 0 })
[nav-follow] here=WorldTile { x: 2947, z: 3374, level: 0 } walk=true transport=false leg=0 hops=1 outcome=None
[host] hitch livebud3vi_0: observe_us=16542 paints=3275 skips=0 ticks=126
[panel] rss=565805056 traffic_sum=7670
[panel] present pixmap=0 tex=3403 bind_noop=3401 bind_rereg=2
[host] slot livebud3vi_0: d_loop_us=1142 d_raster_us=183160 d_observe_us=48877 max_observe_us=16542 d_paints=50 d_skips=0 d_ticks=1 window_ms=1144
[nav-walk] here=WorldTile { x: 2949, z: 3376, level: 0 } aim=WorldTile { x: 2948, z: 3379, level: 0 } radius=0 ticks_waited=4 sent_tile=Some(WorldTile { x: 2945, z: 3368, level: 0 })
[nav-follow] here=WorldTile { x: 2949, z: 3376, level: 0 } walk=true transport=false leg=0 hops=1 outcome=None
[host] hitch livebud3vi_0: observe_us=17905 paints=3301 skips=0 ticks=127
[panel] rss=565805056 traffic_sum=7730
[panel] present pixmap=0 tex=3446 bind_noop=3444 bind_rereg=2
[nav-walk] here=WorldTile { x: 2949, z: 3378, level: 0 } aim=WorldTile { x: 2948, z: 3379, level: 0 } radius=0 ticks_waited=5 sent_tile=Some(WorldTile { x: 2945, z: 3368, level: 0 })
[nav-follow] here=WorldTile { x: 2949, z: 3378, level: 0 } walk=true transport=false leg=0 hops=1 outcome=None
live script_vial_filler: running step 18/18
[script livebud3vi_0] interact UseOn { name: "Vial", kind: "loc", target_name: Some("Fountain"), x: 2949, z: 3381, level: 0, index: None, source_item_id: Some(229), source_item_slot: Some(0), target_item_id: None, target_item_slot: None }
[host] slot livebud3vi_0: d_loop_us=1275 d_raster_us=188714 d_observe_us=67777 max_observe_us=17905 d_paints=50 d_skips=0 d_ticks=2 window_ms=1171
[nav-walk] here=WorldTile { x: 2949, z: 3380, level: 0 } aim=WorldTile { x: 2948, z: 3379, level: 0 } radius=0 ticks_waited=6 sent_tile=Some(WorldTile { x: 2945, z: 3368, level: 0 })
[nav-follow] here=WorldTile { x: 2949, z: 3380, level: 0 } walk=true transport=false leg=0 hops=1 outcome=None
[panel] rss=565805056 traffic_sum=7783
[panel] present pixmap=0 tex=3490 bind_noop=3488 bind_rereg=2
[panel] scenario capture requested: vial_filler
[nav-walk] here=WorldTile { x: 2949, z: 3380, level: 0 } aim=WorldTile { x: 2948, z: 3379, level: 0 } radius=0 ticks_waited=7 sent_tile=Some(WorldTile { x: 2945, z: 3368, level: 0 })
[nav-follow] here=WorldTile { x: 2949, z: 3380, level: 0 } walk=true transport=false leg=0 hops=1 outcome=None
[host] hitch livebud3vi_0: observe_us=74940 paints=3378 skips=0 ticks=130
[panel] capture readback requested: 1
[host] slot livebud3vi_0: d_loop_us=1146 d_raster_us=192018 d_observe_us=119565 max_observe_us=74940 d_paints=50 d_skips=0 d_ticks=2 window_ms=1219
[nav-walk] here=WorldTile { x: 2949, z: 3380, level: 0 } aim=WorldTile { x: 2948, z: 3379, level: 0 } radius=0 ticks_waited=8 sent_tile=Some(WorldTile { x: 2945, z: 3368, level: 0 })
[nav-follow] here=WorldTile { x: 2949, z: 3380, level: 0 } walk=true transport=false leg=0 hops=1 outcome=None
[script livebud3vi_0] interact UseOn { name: "Vial", kind: "loc", target_name: Some("Fountain"), x: 2949, z: 3381, level: 0, index: None, source_item_id: Some(229), source_item_slot: Some(1), target_item_id: None, target_item_slot: None }
[panel] shot vial_filler -> /Users/acfrazier/experiments/274bot/.worktrees/rs2b0t-multirevision/docs/compat/evidence/catalog-headed/r289-vial-filler-8e7d965b-2f1bd9cf-gpu/shots/2026-09-11T07-03-24_89306/2026-09-11T07-04-48_vial_filler.png
PASS: live script_vial_filler {"scenario":"vial_filler","outcome":"PASS","predicate":"has_item_id(227)>=1","ticks":152,"elapsed_ms":84307,"tile":[2949,3380,0],"inv":[{"id":227,"name":"Vial of water","count":1},{"id":229,"name":"Vial","count":1},{"id":229,"name":"Vial","count":1},{"id":229,"name":"Vial","count":1},{"id":229,"name":"Vial","count":1},{"id":229,"name":"Vial","count":1},{"id":229,"name":"Vial","count":1},{"id":229,"name":"Vial","count":1},{"id":229,"name":"Vial","count":1},{"id":229,"name":"Vial","count":1},{"id":229,"name":"Vial","count":1},{"id":229,"name":"Vial","count":1},{"id":229,"name":"Vial","count":1},{"id":229,"name":"Vial","count":1},{"id":229,"name":"Vial","count":1},{"id":229,"name":"Vial","count":1},{"id":229,"name":"Vial","count":1},{"id":229,"name":"Vial","count":1},{"id":229,"name":"Vial","count":1},{"id":229,"name":"Vial","count":1},{"id":229,"name":"Vial","count":1},{"id":229,"name":"Vial","count":1},{"id":229,"name":"Vial","count":1},{"id":229,"name":"Vial","count":1},{"id":229,"name":"Vial","count":1},{"id":229,"name":"Vial","count":1},{"id":229,"name":"Vial","count":1},{"id":229,"name":"Vial","count":1}],"stat":{"runenergy":84},"chat":[{"text":"You fill the vial from the fountain."},{"text":"You fill the vial from the fountain."},{"text":"You fill the vial from the fountain."},{"text":"You fill the vial from the fountain."},{"text":"You fill the vial from the fountain."},{"text":"You fill the vial from the fountain."},{"text":"You fill the vial from the fountain."},{"text":"You fill the vial from the fountain."},{"text":"You fill the vial from the fountain."},{"text":"You fill the vial from the fountain."},{"text":"You fill the vial from the fountain."},{"text":"You fill the vial from the fountain."},{"text":"You fill the vial from the fountain."},{"text":"You fill the vial from the fountain."},{"text":"You fill the vial from the fountain."},{"text":"You fill the vial from the fountain."},{"text":"You fill the vial from the fountain."},{"text":"You fill the vial from the fountain."},{"text":"You fill the vial from the fountain."},{"text":"You fill the vial from the fountain."},{"text":"You fill the vial from the fountain."},{"text":"You fill the vial from the fountain."},{"text":"You fill the vial from the fountain."},{"text":"You fill the vial from the fountain."},{"text":"You fill the vial from the fountain."},{"text":"You fill the vial from the fountain."},{"text":"You fill the vial from the fountain."},{"text":"You fill the vial from the fountain."},{"text":"You fill the vial from the fountain."},{"text":"Inventory wiped."},{"text":"Welcome to RuneScape."}],"scene":2}
[panel] rss=608829440 traffic_sum=7889
[panel] present pixmap=0 tex=3500 bind_noop=3498 bind_rereg=2
[nav-walk] here=WorldTile { x: 2949, z: 3380, level: 0 } aim=WorldTile { x: 2948, z: 3379, level: 0 } radius=0 ticks_waited=9 sent_tile=Some(WorldTile { x: 2945, z: 3368, level: 0 })
[nav-follow] here=WorldTile { x: 2949, z: 3380, level: 0 } walk=true transport=false leg=0 hops=1 outcome=None
[host] slot livebud3vi_0: d_loop_us=1241 d_raster_us=172753 d_observe_us=43374 max_observe_us=9243 d_paints=50 d_skips=0 d_ticks=2 window_ms=1168
[nav-walk] here=WorldTile { x: 2949, z: 3380, level: 0 } aim=WorldTile { x: 2948, z: 3379, level: 0 } radius=0 ticks_waited=10 sent_tile=Some(WorldTile { x: 2945, z: 3368, level: 0 })
[nav-follow] here=WorldTile { x: 2949, z: 3380, level: 0 } walk=true transport=false leg=0 hops=1 outcome=None
[script livebud3vi_0] interact UseOn { name: "Vial", kind: "loc", target_name: Some("Fountain"), x: 2949, z: 3381, level: 0, index: None, source_item_id: Some(229), source_item_slot: Some(2), target_item_id: None, target_item_slot: None }
[panel] rss=608829440 traffic_sum=7997
[panel] present pixmap=0 tex=3541 bind_noop=3539 bind_rereg=2
[nav-walk] here=WorldTile { x: 2949, z: 3380, level: 0 } aim=WorldTile { x: 2948, z: 3379, level: 0 } radius=0 ticks_waited=11 sent_tile=Some(WorldTile { x: 2945, z: 3368, level: 0 })
[nav-follow] here=WorldTile { x: 2949, z: 3380, level: 0 } walk=true transport=false leg=0 hops=1 outcome=None
[host] slot livebud3vi_0: d_loop_us=1275 d_raster_us=197372 d_observe_us=48249 max_observe_us=11196 d_paints=50 d_skips=0 d_ticks=2 window_ms=1145
[nav-walk] here=WorldTile { x: 2949, z: 3380, level: 0 } aim=WorldTile { x: 2948, z: 3379, level: 0 } radius=0 ticks_waited=12 sent_tile=Some(WorldTile { x: 2945, z: 3368, level: 0 })
[nav-follow] here=WorldTile { x: 2949, z: 3380, level: 0 } walk=true transport=false leg=0 hops=1 outcome=None
[script livebud3vi_0] interact UseOn { name: "Vial", kind: "loc", target_name: Some("Fountain"), x: 2949, z: 3381, level: 0, index: None, source_item_id: Some(229), source_item_slot: Some(3), target_item_id: None, target_item_slot: None }
[panel] rss=608829440 traffic_sum=8110
[panel] present pixmap=0 tex=3584 bind_noop=3582 bind_rereg=2
[nav-walk] here=WorldTile { x: 2949, z: 3380, level: 0 } aim=WorldTile { x: 2948, z: 3379, level: 0 } radius=0 ticks_waited=13 sent_tile=Some(WorldTile { x: 2945, z: 3368, level: 0 })
[nav-follow] here=WorldTile { x: 2949, z: 3380, level: 0 } walk=true transport=false leg=0 hops=1 outcome=None
[host] slot livebud3vi_0: d_loop_us=1180 d_raster_us=194921 d_observe_us=46069 max_observe_us=8802 d_paints=50 d_skips=0 d_ticks=2 window_ms=1172
[panel] rss=608829440 traffic_sum=8184
[panel] present pixmap=0 tex=3627 bind_noop=3625 bind_rereg=2
[nav-walk] here=WorldTile { x: 2949, z: 3380, level: 0 } aim=WorldTile { x: 2948, z: 3379, level: 0 } radius=0 ticks_waited=14 sent_tile=Some(WorldTile { x: 2945, z: 3368, level: 0 })
[nav-follow] here=WorldTile { x: 2949, z: 3380, level: 0 } walk=true transport=false leg=0 hops=1 outcome=None
[script livebud3vi_0] interact UseOn { name: "Vial", kind: "loc", target_name: Some("Fountain"), x: 2949, z: 3381, level: 0, index: None, source_item_id: Some(229), source_item_slot: Some(4), target_item_id: None, target_item_slot: None }
[nav-walk] here=WorldTile { x: 2949, z: 3380, level: 0 } aim=WorldTile { x: 2948, z: 3379, level: 0 } radius=0 ticks_waited=15 sent_tile=Some(WorldTile { x: 2945, z: 3368, level: 0 })
[nav-follow] here=WorldTile { x: 2949, z: 3380, level: 0 } walk=true transport=false leg=0 hops=1 outcome=None
[panel] rss=608829440 traffic_sum=8316
[panel] present pixmap=0 tex=3669 bind_noop=3667 bind_rereg=2
[host] slot livebud3vi_0: d_loop_us=1257 d_raster_us=213049 d_observe_us=47912 max_observe_us=10132 d_paints=50 d_skips=0 d_ticks=2 window_ms=1159
[nav-walk] here=WorldTile { x: 2949, z: 3380, level: 0 } aim=WorldTile { x: 2948, z: 3379, level: 0 } radius=0 ticks_waited=16 sent_tile=Some(WorldTile { x: 2945, z: 3368, level: 0 })
[nav-follow] here=WorldTile { x: 2949, z: 3380, level: 0 } walk=true transport=false leg=0 hops=1 outcome=None
[script livebud3vi_0] interact UseOn { name: "Vial", kind: "loc", target_name: Some("Fountain"), x: 2949, z: 3381, level: 0, index: None, source_item_id: Some(229), source_item_slot: Some(5), target_item_id: None, target_item_slot: None }
[nav-walk] here=WorldTile { x: 2949, z: 3380, level: 0 } aim=WorldTile { x: 2948, z: 3379, level: 0 } radius=0 ticks_waited=17 sent_tile=Some(WorldTile { x: 2945, z: 3368, level: 0 })
[nav-follow] here=WorldTile { x: 2949, z: 3380, level: 0 } walk=true transport=false leg=0 hops=1 outcome=None
[panel] rss=608829440 traffic_sum=8424
[panel] present pixmap=0 tex=3713 bind_noop=3711 bind_rereg=2
[host] slot livebud3vi_0: d_loop_us=1251 d_raster_us=207447 d_observe_us=49051 max_observe_us=10510 d_paints=50 d_skips=0 d_ticks=2 window_ms=1148
[nav-walk] here=WorldTile { x: 2949, z: 3380, level: 0 } aim=WorldTile { x: 2948, z: 3379, level: 0 } radius=0 ticks_waited=18 sent_tile=Some(WorldTile { x: 2945, z: 3368, level: 0 })
[nav-follow] here=WorldTile { x: 2949, z: 3380, level: 0 } walk=true transport=false leg=0 hops=1 outcome=None
[script livebud3vi_0] interact UseOn { name: "Vial", kind: "loc", target_name: Some("Fountain"), x: 2949, z: 3381, level: 0, index: None, source_item_id: Some(229), source_item_slot: Some(6), target_item_id: None, target_item_slot: None }
[nav-walk] here=WorldTile { x: 2949, z: 3380, level: 0 } aim=WorldTile { x: 2948, z: 3379, level: 0 } radius=0 ticks_waited=19 sent_tile=Some(WorldTile { x: 2945, z: 3368, level: 0 })
[nav-follow] here=WorldTile { x: 2949, z: 3380, level: 0 } walk=true transport=false leg=0 hops=1 outcome=None
[panel] rss=608829440 traffic_sum=8535
[panel] present pixmap=0 tex=3758 bind_noop=3756 bind_rereg=2
[host] slot livebud3vi_0: d_loop_us=1219 d_raster_us=205526 d_observe_us=48050 max_observe_us=9969 d_paints=50 d_skips=0 d_ticks=2 window_ms=1154
[nav-walk] here=WorldTile { x: 2949, z: 3380, level: 0 } aim=WorldTile { x: 2948, z: 3379, level: 0 } radius=0 ticks_waited=20 sent_tile=Some(WorldTile { x: 2945, z: 3368, level: 0 })
[nav-follow] here=WorldTile { x: 2949, z: 3380, level: 0 } walk=true transport=false leg=0 hops=1 outcome=None
[script livebud3vi_0] interact UseOn { name: "Vial", kind: "loc", target_name: Some("Fountain"), x: 2949, z: 3381, level: 0, index: None, source_item_id: Some(229), source_item_slot: Some(7), target_item_id: None, target_item_slot: None }
[panel] rss=608829440 traffic_sum=8570
[panel] present pixmap=0 tex=3801 bind_noop=3799 bind_rereg=2
[nav-walk] here=WorldTile { x: 2949, z: 3380, level: 0 } aim=WorldTile { x: 2948, z: 3379, level: 0 } radius=0 ticks_waited=21 sent_tile=Some(WorldTile { x: 2945, z: 3368, level: 0 })
[nav-follow] here=WorldTile { x: 2949, z: 3380, level: 0 } walk=true transport=false leg=0 hops=1 outcome=None
[host] slot livebud3vi_0: d_loop_us=1255 d_raster_us=213297 d_observe_us=49654 max_observe_us=10650 d_paints=50 d_skips=0 d_ticks=2 window_ms=1165
[nav-walk] here=WorldTile { x: 2949, z: 3380, level: 0 } aim=WorldTile { x: 2948, z: 3379, level: 0 } radius=0 ticks_waited=22 sent_tile=Some(WorldTile { x: 2945, z: 3368, level: 0 })
[nav-follow] here=WorldTile { x: 2949, z: 3380, level: 0 } walk=true transport=false leg=0 hops=1 outcome=None
[script livebud3vi_0] interact UseOn { name: "Vial", kind: "loc", target_name: Some("Fountain"), x: 2949, z: 3381, level: 0, index: None, source_item_id: Some(229), source_item_slot: Some(8), target_item_id: None, target_item_slot: None }
[panel] rss=608829440 traffic_sum=8676
[panel] present pixmap=0 tex=3844 bind_noop=3842 bind_rereg=2
[nav-walk] here=WorldTile { x: 2949, z: 3380, level: 0 } aim=WorldTile { x: 2948, z: 3379, level: 0 } radius=0 ticks_waited=23 sent_tile=Some(WorldTile { x: 2945, z: 3368, level: 0 })
[nav-follow] here=WorldTile { x: 2949, z: 3380, level: 0 } walk=true transport=false leg=0 hops=1 outcome=None
[host] slot livebud3vi_0: d_loop_us=1253 d_raster_us=202119 d_observe_us=49268 max_observe_us=11188 d_paints=50 d_skips=0 d_ticks=2 window_ms=1153
[nav-walk] here=WorldTile { x: 2949, z: 3380, level: 0 } aim=WorldTile { x: 2948, z: 3379, level: 0 } radius=0 ticks_waited=24 sent_tile=Some(WorldTile { x: 2945, z: 3368, level: 0 })
[nav-follow] here=WorldTile { x: 2949, z: 3380, level: 0 } walk=true transport=false leg=0 hops=1 outcome=None
[script livebud3vi_0] interact UseOn { name: "Vial", kind: "loc", target_name: Some("Fountain"), x: 2949, z: 3381, level: 0, index: None, source_item_id: Some(229), source_item_slot: Some(9), target_item_id: None, target_item_slot: None }
[panel] rss=608829440 traffic_sum=8782
[panel] present pixmap=0 tex=3888 bind_noop=3886 bind_rereg=2
[nav-walk] here=WorldTile { x: 2949, z: 3380, level: 0 } aim=WorldTile { x: 2948, z: 3379, level: 0 } radius=0 ticks_waited=25 sent_tile=Some(WorldTile { x: 2945, z: 3368, level: 0 })
[nav-follow] here=WorldTile { x: 2949, z: 3380, level: 0 } walk=true transport=false leg=0 hops=1 outcome=None
[host] slot livebud3vi_0: d_loop_us=1167 d_raster_us=207081 d_observe_us=46937 max_observe_us=10012 d_paints=50 d_skips=0 d_ticks=2 window_ms=1161
[panel] rss=608829440 traffic_sum=8854
[panel] present pixmap=0 tex=3931 bind_noop=3929 bind_rereg=2
[nav-walk] here=WorldTile { x: 2949, z: 3380, level: 0 } aim=WorldTile { x: 2948, z: 3379, level: 0 } radius=0 ticks_waited=26 sent_tile=Some(WorldTile { x: 2945, z: 3368, level: 0 })
[nav-follow] here=WorldTile { x: 2949, z: 3380, level: 0 } walk=true transport=false leg=0 hops=1 outcome=None
[script livebud3vi_0] interact UseOn { name: "Vial", kind: "loc", target_name: Some("Fountain"), x: 2949, z: 3381, level: 0, index: None, source_item_id: Some(229), source_item_slot: Some(10), target_item_id: None, target_item_slot: None }
[nav-walk] here=WorldTile { x: 2949, z: 3380, level: 0 } aim=WorldTile { x: 2948, z: 3379, level: 0 } radius=0 ticks_waited=27 sent_tile=Some(WorldTile { x: 2945, z: 3368, level: 0 })
[nav-follow] here=WorldTile { x: 2949, z: 3380, level: 0 } walk=true transport=false leg=0 hops=1 outcome=None
[host] slot livebud3vi_0: d_loop_us=1205 d_raster_us=186376 d_observe_us=44706 max_observe_us=9263 d_paints=50 d_skips=0 d_ticks=2 window_ms=1151
[panel] rss=608829440 traffic_sum=8972
[panel] present pixmap=0 tex=3976 bind_noop=3974 bind_rereg=2
[nav-walk] here=WorldTile { x: 2949, z: 3380, level: 0 } aim=WorldTile { x: 2948, z: 3379, level: 0 } radius=0 ticks_waited=28 sent_tile=Some(WorldTile { x: 2945, z: 3368, level: 0 })
[nav-follow] here=WorldTile { x: 2949, z: 3380, level: 0 } walk=true transport=false leg=0 hops=1 outcome=None
[script livebud3vi_0] interact UseOn { name: "Vial", kind: "loc", target_name: Some("Fountain"), x: 2949, z: 3381, level: 0, index: None, source_item_id: Some(229), source_item_slot: Some(11), target_item_id: None, target_item_slot: None }
[nav-walk] here=WorldTile { x: 2949, z: 3380, level: 0 } aim=WorldTile { x: 2948, z: 3379, level: 0 } radius=0 ticks_waited=29 sent_tile=Some(WorldTile { x: 2945, z: 3368, level: 0 })
[nav-follow] here=WorldTile { x: 2949, z: 3380, level: 0 } walk=true transport=false leg=0 hops=1 outcome=None
[host] slot livebud3vi_0: d_loop_us=1235 d_raster_us=193902 d_observe_us=46036 max_observe_us=9863 d_paints=50 d_skips=0 d_ticks=2 window_ms=1157
[panel] rss=608829440 traffic_sum=9086
[panel] present pixmap=0 tex=4019 bind_noop=4017 bind_rereg=2
[nav-walk] here=WorldTile { x: 2949, z: 3380, level: 0 } aim=WorldTile { x: 2948, z: 3379, level: 0 } radius=0 ticks_waited=30 sent_tile=Some(WorldTile { x: 2945, z: 3368, level: 0 })
[nav-follow] here=WorldTile { x: 2949, z: 3380, level: 0 } walk=true transport=false leg=0 hops=1 outcome=None
[script livebud3vi_0] interact UseOn { name: "Vial", kind: "loc", target_name: Some("Fountain"), x: 2949, z: 3381, level: 0, index: None, source_item_id: Some(229), source_item_slot: Some(12), target_item_id: None, target_item_slot: None }
[panel] rss=608829440 traffic_sum=9122
[panel] present pixmap=0 tex=4062 bind_noop=4060 bind_rereg=2
[nav-walk] here=WorldTile { x: 2949, z: 3380, level: 0 } aim=WorldTile { x: 2948, z: 3379, level: 0 } radius=0 ticks_waited=31 sent_tile=Some(WorldTile { x: 2945, z: 3368, level: 0 })
[nav-follow] here=WorldTile { x: 2949, z: 3380, level: 0 } walk=true transport=false leg=0 hops=1 outcome=None
[host] slot livebud3vi_0: d_loop_us=1253 d_raster_us=200371 d_observe_us=46984 max_observe_us=10415 d_paints=50 d_skips=0 d_ticks=2 window_ms=1152
[nav-walk] here=WorldTile { x: 2949, z: 3380, level: 0 } aim=WorldTile { x: 2948, z: 3379, level: 0 } radius=0 ticks_waited=32 sent_tile=Some(WorldTile { x: 2945, z: 3368, level: 0 })
[nav-follow] here=WorldTile { x: 2949, z: 3380, level: 0 } walk=true transport=false leg=0 hops=1 outcome=None
[script livebud3vi_0] interact UseOn { name: "Vial", kind: "loc", target_name: Some("Fountain"), x: 2949, z: 3381, level: 0, index: None, source_item_id: Some(229), source_item_slot: Some(13), target_item_id: None, target_item_slot: None }
[panel] rss=608829440 traffic_sum=9231
[panel] present pixmap=0 tex=4105 bind_noop=4103 bind_rereg=2
[nav-walk] here=WorldTile { x: 2949, z: 3380, level: 0 } aim=WorldTile { x: 2948, z: 3379, level: 0 } radius=0 ticks_waited=33 sent_tile=Some(WorldTile { x: 2945, z: 3368, level: 0 })
[nav-follow] here=WorldTile { x: 2949, z: 3380, level: 0 } walk=true transport=false leg=0 hops=1 outcome=None
[host] slot livebud3vi_0: d_loop_us=1178 d_raster_us=206975 d_observe_us=47455 max_observe_us=10454 d_paints=50 d_skips=0 d_ticks=2 window_ms=1181
[nav-walk] here=WorldTile { x: 2949, z: 3380, level: 0 } aim=WorldTile { x: 2948, z: 3379, level: 0 } radius=0 ticks_waited=34 sent_tile=Some(WorldTile { x: 2945, z: 3368, level: 0 })
[nav-follow] here=WorldTile { x: 2949, z: 3380, level: 0 } walk=true transport=false leg=0 hops=1 outcome=None
[script livebud3vi_0] interact UseOn { name: "Vial", kind: "loc", target_name: Some("Fountain"), x: 2949, z: 3381, level: 0, index: None, source_item_id: Some(229), source_item_slot: Some(14), target_item_id: None, target_item_slot: None }
[panel] rss=608829440 traffic_sum=9340
[panel] present pixmap=0 tex=4147 bind_noop=4145 bind_rereg=2
[host] slot livebud3vi_0: d_loop_us=2151 d_raster_us=215939 d_observe_us=40390 max_observe_us=8666 d_paints=50 d_skips=0 d_ticks=1 window_ms=1136
[nav-walk] here=WorldTile { x: 2949, z: 3380, level: 0 } aim=WorldTile { x: 2948, z: 3379, level: 0 } radius=0 ticks_waited=35 sent_tile=Some(WorldTile { x: 2945, z: 3368, level: 0 })
[nav-follow] here=WorldTile { x: 2949, z: 3380, level: 0 } walk=true transport=false leg=0 hops=1 outcome=None
[panel] rss=608829440 traffic_sum=9414
[panel] present pixmap=0 tex=4189 bind_noop=4187 bind_rereg=2
[nav-walk] here=WorldTile { x: 2949, z: 3380, level: 0 } aim=WorldTile { x: 2948, z: 3379, level: 0 } radius=0 ticks_waited=36 sent_tile=Some(WorldTile { x: 2945, z: 3368, level: 0 })
[nav-follow] here=WorldTile { x: 2949, z: 3380, level: 0 } walk=true transport=false leg=0 hops=1 outcome=None
[script livebud3vi_0] interact UseOn { name: "Vial", kind: "loc", target_name: Some("Fountain"), x: 2949, z: 3381, level: 0, index: None, source_item_id: Some(229), source_item_slot: Some(15), target_item_id: None, target_item_slot: None }
[host] slot livebud3vi_0: d_loop_us=1231 d_raster_us=204586 d_observe_us=49335 max_observe_us=10465 d_paints=50 d_skips=0 d_ticks=2 window_ms=1155
[nav-walk] here=WorldTile { x: 2949, z: 3380, level: 0 } aim=WorldTile { x: 2948, z: 3379, level: 0 } radius=0 ticks_waited=37 sent_tile=Some(WorldTile { x: 2945, z: 3368, level: 0 })
[nav-follow] here=WorldTile { x: 2949, z: 3380, level: 0 } walk=true transport=false leg=0 hops=1 outcome=None
[panel] rss=608829440 traffic_sum=9522
[panel] present pixmap=0 tex=4234 bind_noop=4232 bind_rereg=2
[nav-walk] here=WorldTile { x: 2949, z: 3380, level: 0 } aim=WorldTile { x: 2948, z: 3379, level: 0 } radius=0 ticks_waited=38 sent_tile=Some(WorldTile { x: 2945, z: 3368, level: 0 })
[nav-follow] here=WorldTile { x: 2949, z: 3380, level: 0 } walk=true transport=false leg=0 hops=1 outcome=None
[script livebud3vi_0] interact UseOn { name: "Vial", kind: "loc", target_name: Some("Fountain"), x: 2949, z: 3381, level: 0, index: None, source_item_id: Some(229), source_item_slot: Some(16), target_item_id: None, target_item_slot: None }
[host] slot livebud3vi_0: d_loop_us=1189 d_raster_us=202394 d_observe_us=46871 max_observe_us=10341 d_paints=50 d_skips=0 d_ticks=2 window_ms=1154
[nav-walk] here=WorldTile { x: 2949, z: 3380, level: 0 } aim=WorldTile { x: 2948, z: 3379, level: 0 } radius=0 ticks_waited=39 sent_tile=Some(WorldTile { x: 2945, z: 3368, level: 0 })
[nav-follow] here=WorldTile { x: 2949, z: 3380, level: 0 } walk=true transport=false leg=0 hops=1 outcome=None
[panel] rss=608829440 traffic_sum=9629
[panel] present pixmap=0 tex=4277 bind_noop=4275 bind_rereg=2
[nav-walk] here=WorldTile { x: 2949, z: 3380, level: 0 } aim=WorldTile { x: 2948, z: 3379, level: 0 } radius=0 ticks_waited=40 sent_tile=Some(WorldTile { x: 2945, z: 3368, level: 0 })
[nav-follow] here=WorldTile { x: 2949, z: 3380, level: 0 } walk=true transport=false leg=0 hops=1 outcome=None
[script livebud3vi_0] interact UseOn { name: "Vial", kind: "loc", target_name: Some("Fountain"), x: 2949, z: 3381, level: 0, index: None, source_item_id: Some(229), source_item_slot: Some(17), target_item_id: None, target_item_slot: None }
[host] slot livebud3vi_0: d_loop_us=1213 d_raster_us=201503 d_observe_us=48584 max_observe_us=10841 d_paints=50 d_skips=0 d_ticks=2 window_ms=1160
[nav-walk] here=WorldTile { x: 2949, z: 3380, level: 0 } aim=WorldTile { x: 2948, z: 3379, level: 0 } radius=0 ticks_waited=41 sent_tile=Some(WorldTile { x: 2945, z: 3368, level: 0 })
[nav-follow] here=WorldTile { x: 2949, z: 3380, level: 0 } walk=true transport=false leg=0 hops=1 outcome=None
[panel] rss=608829440 traffic_sum=9737
[panel] present pixmap=0 tex=4320 bind_noop=4318 bind_rereg=2
[nav-walk] here=WorldTile { x: 2949, z: 3380, level: 0 } aim=WorldTile { x: 2948, z: 3379, level: 0 } radius=0 ticks_waited=42 sent_tile=Some(WorldTile { x: 2945, z: 3368, level: 0 })
[nav-follow] here=WorldTile { x: 2949, z: 3380, level: 0 } walk=true transport=false leg=0 hops=1 outcome=None
[script livebud3vi_0] interact UseOn { name: "Vial", kind: "loc", target_name: Some("Fountain"), x: 2949, z: 3381, level: 0, index: None, source_item_id: Some(229), source_item_slot: Some(18), target_item_id: None, target_item_slot: None }
[host] slot livebud3vi_0: d_loop_us=1219 d_raster_us=203322 d_observe_us=48076 max_observe_us=11165 d_paints=50 d_skips=0 d_ticks=2 window_ms=1155
[panel] rss=608829440 traffic_sum=9775
[panel] present pixmap=0 tex=4363 bind_noop=4361 bind_rereg=2
[nav-walk] here=WorldTile { x: 2949, z: 3380, level: 0 } aim=WorldTile { x: 2948, z: 3379, level: 0 } radius=0 ticks_waited=43 sent_tile=Some(WorldTile { x: 2945, z: 3368, level: 0 })
[nav-follow] here=WorldTile { x: 2949, z: 3380, level: 0 } walk=true transport=false leg=0 hops=1 outcome=None
[nav-walk] here=WorldTile { x: 2949, z: 3380, level: 0 } aim=WorldTile { x: 2948, z: 3379, level: 0 } radius=0 ticks_waited=44 sent_tile=Some(WorldTile { x: 2945, z: 3368, level: 0 })
[nav-follow] here=WorldTile { x: 2949, z: 3380, level: 0 } walk=true transport=false leg=0 hops=1 outcome=None
[script livebud3vi_0] interact UseOn { name: "Vial", kind: "loc", target_name: Some("Fountain"), x: 2949, z: 3381, level: 0, index: None, source_item_id: Some(229), source_item_slot: Some(19), target_item_id: None, target_item_slot: None }
[panel] rss=608829440 traffic_sum=9881
[panel] present pixmap=0 tex=4406 bind_noop=4404 bind_rereg=2
[host] slot livebud3vi_0: d_loop_us=1247 d_raster_us=204046 d_observe_us=47066 max_observe_us=10384 d_paints=50 d_skips=0 d_ticks=2 window_ms=1161
[nav-walk] here=WorldTile { x: 2949, z: 3380, level: 0 } aim=WorldTile { x: 2948, z: 3379, level: 0 } radius=0 ticks_waited=45 sent_tile=Some(WorldTile { x: 2945, z: 3368, level: 0 })
[nav-follow] here=WorldTile { x: 2949, z: 3380, level: 0 } walk=true transport=false leg=0 hops=1 outcome=None
[nav-walk] here=WorldTile { x: 2949, z: 3380, level: 0 } aim=WorldTile { x: 2948, z: 3379, level: 0 } radius=0 ticks_waited=46 sent_tile=Some(WorldTile { x: 2945, z: 3368, level: 0 })
[nav-follow] here=WorldTile { x: 2949, z: 3380, level: 0 } walk=true transport=false leg=0 hops=1 outcome=None
[panel] rss=608829440 traffic_sum=9969
[panel] present pixmap=0 tex=4449 bind_noop=4447 bind_rereg=2
[script livebud3vi_0] interact UseOn { name: "Vial", kind: "loc", target_name: Some("Fountain"), x: 2949, z: 3381, level: 0, index: None, source_item_id: Some(229), source_item_slot: Some(20), target_item_id: None, target_item_slot: None }
[host] slot livebud3vi_0: d_loop_us=1160 d_raster_us=199452 d_observe_us=48903 max_observe_us=11123 d_paints=50 d_skips=0 d_ticks=2 window_ms=1155
[nav-walk] here=WorldTile { x: 2949, z: 3380, level: 0 } aim=WorldTile { x: 2948, z: 3379, level: 0 } radius=0 ticks_waited=47 sent_tile=Some(WorldTile { x: 2945, z: 3368, level: 0 })
[nav-follow] here=WorldTile { x: 2949, z: 3380, level: 0 } walk=true transport=false leg=0 hops=1 outcome=None
[panel] rss=608829440 traffic_sum=10063
[panel] present pixmap=0 tex=4492 bind_noop=4490 bind_rereg=2
[nav-walk] here=WorldTile { x: 2949, z: 3380, level: 0 } aim=WorldTile { x: 2948, z: 3379, level: 0 } radius=0 ticks_waited=48 sent_tile=Some(WorldTile { x: 2945, z: 3368, level: 0 })
[nav-follow] here=WorldTile { x: 2949, z: 3380, level: 0 } walk=true transport=false leg=0 hops=1 outcome=None
[script livebud3vi_0] interact UseOn { name: "Vial", kind: "loc", target_name: Some("Fountain"), x: 2949, z: 3381, level: 0, index: None, source_item_id: Some(229), source_item_slot: Some(21), target_item_id: None, target_item_slot: None }
[host] slot livebud3vi_0: d_loop_us=1215 d_raster_us=208489 d_observe_us=48945 max_observe_us=10999 d_paints=50 d_skips=0 d_ticks=2 window_ms=1159
[nav-walk] here=WorldTile { x: 2949, z: 3380, level: 0 } aim=WorldTile { x: 2948, z: 3379, level: 0 } radius=0 ticks_waited=49 sent_tile=Some(WorldTile { x: 2945, z: 3368, level: 0 })
[nav-follow] here=WorldTile { x: 2949, z: 3380, level: 0 } walk=true transport=false leg=0 hops=1 outcome=None
[panel] rss=608829440 traffic_sum=10171
[panel] present pixmap=0 tex=4534 bind_noop=4532 bind_rereg=2
[nav-walk] here=WorldTile { x: 2949, z: 3380, level: 0 } aim=WorldTile { x: 2948, z: 3379, level: 0 } radius=0 ticks_waited=50 sent_tile=Some(WorldTile { x: 2945, z: 3368, level: 0 })
[nav-follow] here=WorldTile { x: 2949, z: 3380, level: 0 } walk=true transport=false leg=0 hops=1 outcome=None
[script livebud3vi_0] interact UseOn { name: "Vial", kind: "loc", target_name: Some("Fountain"), x: 2949, z: 3381, level: 0, index: None, source_item_id: Some(229), source_item_slot: Some(22), target_item_id: None, target_item_slot: None }
[host] slot livebud3vi_0: d_loop_us=1237 d_raster_us=204256 d_observe_us=49367 max_observe_us=10767 d_paints=50 d_skips=0 d_ticks=2 window_ms=1147
[nav-walk] here=WorldTile { x: 2949, z: 3380, level: 0 } aim=WorldTile { x: 2948, z: 3379, level: 0 } radius=0 ticks_waited=51 sent_tile=Some(WorldTile { x: 2945, z: 3368, level: 0 })
[nav-follow] here=WorldTile { x: 2949, z: 3380, level: 0 } walk=true transport=false leg=0 hops=1 outcome=None
[panel] rss=608829440 traffic_sum=10279
[panel] present pixmap=0 tex=4577 bind_noop=4575 bind_rereg=2
[nav-walk] here=WorldTile { x: 2949, z: 3380, level: 0 } aim=WorldTile { x: 2948, z: 3379, level: 0 } radius=0 ticks_waited=52 sent_tile=Some(WorldTile { x: 2945, z: 3368, level: 0 })
[nav-follow] here=WorldTile { x: 2949, z: 3380, level: 0 } walk=true transport=false leg=0 hops=1 outcome=None
[script livebud3vi_0] interact UseOn { name: "Vial", kind: "loc", target_name: Some("Fountain"), x: 2949, z: 3381, level: 0, index: None, source_item_id: Some(229), source_item_slot: Some(23), target_item_id: None, target_item_slot: None }
[host] slot livebud3vi_0: d_loop_us=1252 d_raster_us=205311 d_observe_us=50509 max_observe_us=13039 d_paints=50 d_skips=0 d_ticks=2 window_ms=1156
[panel] rss=608829440 traffic_sum=10317
[panel] present pixmap=0 tex=4620 bind_noop=4618 bind_rereg=2
[nav-walk] here=WorldTile { x: 2949, z: 3380, level: 0 } aim=WorldTile { x: 2948, z: 3379, level: 0 } radius=0 ticks_waited=53 sent_tile=Some(WorldTile { x: 2945, z: 3368, level: 0 })
[nav-follow] here=WorldTile { x: 2949, z: 3380, level: 0 } walk=true transport=false leg=0 hops=1 outcome=None
[nav-walk] here=WorldTile { x: 2949, z: 3380, level: 0 } aim=WorldTile { x: 2948, z: 3379, level: 0 } radius=0 ticks_waited=54 sent_tile=Some(WorldTile { x: 2945, z: 3368, level: 0 })
[nav-follow] here=WorldTile { x: 2949, z: 3380, level: 0 } walk=true transport=false leg=0 hops=1 outcome=None
[script livebud3vi_0] interact UseOn { name: "Vial", kind: "loc", target_name: Some("Fountain"), x: 2949, z: 3381, level: 0, index: None, source_item_id: Some(229), source_item_slot: Some(24), target_item_id: None, target_item_slot: None }
[host] slot livebud3vi_0: d_loop_us=1187 d_raster_us=204204 d_observe_us=49776 max_observe_us=9595 d_paints=50 d_skips=0 d_ticks=2 window_ms=1158
[panel] rss=608829440 traffic_sum=10427
[panel] present pixmap=0 tex=4662 bind_noop=4660 bind_rereg=2
[nav-walk] here=WorldTile { x: 2949, z: 3380, level: 0 } aim=WorldTile { x: 2948, z: 3379, level: 0 } radius=0 ticks_waited=55 sent_tile=Some(WorldTile { x: 2945, z: 3368, level: 0 })
[nav-follow] here=WorldTile { x: 2949, z: 3380, level: 0 } walk=true transport=false leg=0 hops=1 outcome=None
[nav-walk] here=WorldTile { x: 2949, z: 3380, level: 0 } aim=WorldTile { x: 2948, z: 3379, level: 0 } radius=0 ticks_waited=56 sent_tile=Some(WorldTile { x: 2945, z: 3368, level: 0 })
[nav-follow] here=WorldTile { x: 2949, z: 3380, level: 0 } walk=true transport=false leg=0 hops=1 outcome=None
[script livebud3vi_0] interact UseOn { name: "Vial", kind: "loc", target_name: Some("Fountain"), x: 2949, z: 3381, level: 0, index: None, source_item_id: Some(229), source_item_slot: Some(25), target_item_id: None, target_item_slot: None }
[host] slot livebud3vi_0: d_loop_us=2559 d_raster_us=194137 d_observe_us=46727 max_observe_us=9511 d_paints=50 d_skips=0 d_ticks=2 window_ms=1164
[panel] rss=608829440 traffic_sum=10549
[panel] present pixmap=0 tex=4704 bind_noop=4702 bind_rereg=2
[nav-walk] here=WorldTile { x: 2949, z: 3380, level: 0 } aim=WorldTile { x: 2948, z: 3379, level: 0 } radius=0 ticks_waited=57 sent_tile=Some(WorldTile { x: 2945, z: 3368, level: 0 })
[nav-follow] here=WorldTile { x: 2949, z: 3380, level: 0 } walk=true transport=false leg=0 hops=1 outcome=None
[panel] rss=608829440 traffic_sum=10623
[panel] present pixmap=0 tex=4747 bind_noop=4745 bind_rereg=2
[nav-walk] here=WorldTile { x: 2949, z: 3380, level: 0 } aim=WorldTile { x: 2948, z: 3379, level: 0 } radius=0 ticks_waited=58 sent_tile=Some(WorldTile { x: 2945, z: 3368, level: 0 })
[nav-follow] here=WorldTile { x: 2949, z: 3380, level: 0 } walk=true transport=false leg=0 hops=1 outcome=None
[script livebud3vi_0] interact UseOn { name: "Vial", kind: "loc", target_name: Some("Fountain"), x: 2949, z: 3381, level: 0, index: None, source_item_id: Some(229), source_item_slot: Some(26), target_item_id: None, target_item_slot: None }
[host] slot livebud3vi_0: d_loop_us=1548 d_raster_us=201579 d_observe_us=45379 max_observe_us=8848 d_paints=50 d_skips=0 d_ticks=2 window_ms=1163
[nav-walk] here=WorldTile { x: 2949, z: 3380, level: 0 } aim=WorldTile { x: 2948, z: 3379, level: 0 } radius=0 ticks_waited=59 sent_tile=Some(WorldTile { x: 2945, z: 3368, level: 0 })
[nav-follow] here=WorldTile { x: 2949, z: 3380, level: 0 } walk=true transport=false leg=0 hops=1 outcome=None
[panel] rss=608829440 traffic_sum=10733
[panel] present pixmap=0 tex=4791 bind_noop=4789 bind_rereg=2
[nav-walk] here=WorldTile { x: 2949, z: 3380, level: 0 } aim=WorldTile { x: 2948, z: 3379, level: 0 } radius=0 ticks_waited=60 sent_tile=Some(WorldTile { x: 2945, z: 3368, level: 0 })
[nav-follow] here=WorldTile { x: 2949, z: 3380, level: 0 } walk=false transport=false leg=0 hops=1 outcome=Some(Stalled { at: WorldTile { x: 2949, z: 3380, level: 0 }, aiming: WorldTile { x: 2948, z: 3379, level: 0 }, why: Expired, tries: 1 })
[script livebud3vi_0] interact UseOn { name: "Vial", kind: "loc", target_name: Some("Fountain"), x: 2949, z: 3381, level: 0, index: None, source_item_id: Some(229), source_item_slot: Some(27), target_item_id: None, target_item_slot: None }
[host] slot livebud3vi_0: d_loop_us=1273 d_raster_us=210140 d_observe_us=48183 max_observe_us=9782 d_paints=50 d_skips=0 d_ticks=2 window_ms=1176
[panel] rss=608829440 traffic_sum=10866
[panel] present pixmap=0 tex=4832 bind_noop=4830 bind_rereg=2
[host] slot livebud3vi_0: d_loop_us=1229 d_raster_us=207802 d_observe_us=48449 max_observe_us=10283 d_paints=50 d_skips=0 d_ticks=2 window_ms=1181
[script livebud3vi_0] filled 28 Vial of water
[panel] livebud3vi_0: script: filled 28 Vial of water
[panel] rss=608829440 traffic_sum=10883
[panel] present pixmap=0 tex=4874 bind_noop=4872 bind_rereg=2
[script livebud3vi_0] interact WalkNear { x: 2946, z: 3369, level: 0, radius: 3, allow_teleports: false }
[host] slot livebud3vi_0: d_loop_us=1226 d_raster_us=209229 d_observe_us=38873 max_observe_us=8611 d_paints=50 d_skips=0 d_ticks=1 window_ms=1151
[nav-follow] here=WorldTile { x: 2949, z: 3380, level: 0 } walk=true transport=false leg=0 hops=1 outcome=None
[panel] rss=608829440 traffic_sum=10932
[panel] present pixmap=0 tex=4917 bind_noop=4915 bind_rereg=2
[nav-walk] here=WorldTile { x: 2949, z: 3378, level: 0 } aim=WorldTile { x: 2943, z: 3372, level: 0 } radius=0 ticks_waited=0 sent_tile=Some(WorldTile { x: 2949, z: 3380, level: 0 })
[nav-follow] here=WorldTile { x: 2949, z: 3378, level: 0 } walk=true transport=false leg=0 hops=1 outcome=None
[host] hitch livebud3vi_0: observe_us=16004 paints=4877 skips=0 ticks=188
[host] slot livebud3vi_0: d_loop_us=1281 d_raster_us=202809 d_observe_us=53040 max_observe_us=16004 d_paints=50 d_skips=0 d_ticks=2 window_ms=1158
[nav-walk] here=WorldTile { x: 2949, z: 3376, level: 0 } aim=WorldTile { x: 2943, z: 3372, level: 0 } radius=0 ticks_waited=1 sent_tile=Some(WorldTile { x: 2949, z: 3380, level: 0 })
[nav-follow] here=WorldTile { x: 2949, z: 3376, level: 0 } walk=true transport=false leg=0 hops=1 outcome=None
[host] hitch livebud3vi_0: observe_us=16178 paints=4903 skips=0 ticks=189
[panel] rss=608829440 traffic_sum=10966
[panel] present pixmap=0 tex=4959 bind_noop=4957 bind_rereg=2
[nav-walk] here=WorldTile { x: 2947, z: 3376, level: 0 } aim=WorldTile { x: 2943, z: 3372, level: 0 } radius=0 ticks_waited=2 sent_tile=Some(WorldTile { x: 2949, z: 3380, level: 0 })
[nav-follow] here=WorldTile { x: 2947, z: 3376, level: 0 } walk=true transport=false leg=0 hops=1 outcome=None
[host] hitch livebud3vi_0: observe_us=17053 paints=4929 skips=0 ticks=190
[host] slot livebud3vi_0: d_loop_us=1260 d_raster_us=199706 d_observe_us=62759 max_observe_us=17053 d_paints=50 d_skips=0 d_ticks=2 window_ms=1163
[panel] rss=608829440 traffic_sum=10985
[panel] present pixmap=0 tex=5001 bind_noop=4999 bind_rereg=2
[nav-walk] here=WorldTile { x: 2945, z: 3376, level: 0 } aim=WorldTile { x: 2943, z: 3372, level: 0 } radius=0 ticks_waited=3 sent_tile=Some(WorldTile { x: 2949, z: 3380, level: 0 })
[nav-follow] here=WorldTile { x: 2945, z: 3376, level: 0 } walk=true transport=false leg=0 hops=1 outcome=None
[host] hitch livebud3vi_0: observe_us=16263 paints=4954 skips=0 ticks=191
[nav-walk] here=WorldTile { x: 2944, z: 3374, level: 0 } aim=WorldTile { x: 2943, z: 3372, level: 0 } radius=0 ticks_waited=4 sent_tile=Some(WorldTile { x: 2949, z: 3380, level: 0 })
[nav-follow] here=WorldTile { x: 2944, z: 3374, level: 0 } walk=true transport=false leg=0 hops=1 outcome=None
[host] hitch livebud3vi_0: observe_us=17676 paints=4980 skips=0 ticks=192
[panel] rss=608829440 traffic_sum=11039
[panel] present pixmap=0 tex=5043 bind_noop=5041 bind_rereg=2
[host] slot livebud3vi_0: d_loop_us=1243 d_raster_us=192363 d_observe_us=63754 max_observe_us=17676 d_paints=50 d_skips=0 d_ticks=2 window_ms=1157
[nav-walk] here=WorldTile { x: 2943, z: 3372, level: 0 } aim=WorldTile { x: 2943, z: 3372, level: 0 } radius=0 ticks_waited=5 sent_tile=Some(WorldTile { x: 2949, z: 3380, level: 0 })
[nav-follow] here=WorldTile { x: 2943, z: 3372, level: 0 } walk=false transport=false leg=1 hops=1 outcome=Some(Arrived { at: WorldTile { x: 2943, z: 3372, level: 0 } })
[script livebud3vi_0] interact OpenBooth { x: 2945, z: 3367, level: 0, id: 2213, name: Some("Bank booth"), action: Some("Use-quickly") }
[host] hitch livebud3vi_0: observe_us=18096 paints=5032 skips=0 ticks=194
[panel] rss=608829440 traffic_sum=11121
[panel] present pixmap=0 tex=5085 bind_noop=5083 bind_rereg=2
[host] slot livebud3vi_0: d_loop_us=1208 d_raster_us=173809 d_observe_us=66921 max_observe_us=18096 d_paints=50 d_skips=0 d_ticks=2 window_ms=1148
[host] hitch livebud3vi_0: observe_us=17684 paints=5058 skips=0 ticks=195
[panel] rss=608829440 traffic_sum=11161
[panel] present pixmap=0 tex=5127 bind_noop=5125 bind_rereg=2
[host] slot livebud3vi_0: d_loop_us=1142 d_raster_us=171689 d_observe_us=61873 max_observe_us=17684 d_paints=50 d_skips=0 d_ticks=2 window_ms=1153
[panel] rss=608829440 traffic_sum=11202
[panel] present pixmap=0 tex=5169 bind_noop=5167 bind_rereg=2
[host] slot livebud3vi_0: d_loop_us=1100 d_raster_us=182285 d_observe_us=46371 max_observe_us=8702 d_paints=50 d_skips=0 d_ticks=2 window_ms=1171
[panel] rss=608829440 traffic_sum=11231
[panel] present pixmap=0 tex=5211 bind_noop=5209 bind_rereg=2
[host] slot livebud3vi_0: d_loop_us=1095 d_raster_us=181417 d_observe_us=44630 max_observe_us=8725 d_paints=50 d_skips=0 d_ticks=2 window_ms=1171
[panel] rss=608829440 traffic_sum=11270
[panel] present pixmap=0 tex=5253 bind_noop=5251 bind_rereg=2
[script livebud3vi_0] could not open the bank — retrying
[panel] livebud3vi_0: script: could not open the bank — retrying
[host] slot livebud3vi_0: d_loop_us=1127 d_raster_us=183409 d_observe_us=46988 max_observe_us=8641 d_paints=50 d_skips=0 d_ticks=2 window_ms=1147
[panel] rss=608829440 traffic_sum=11287
[panel] present pixmap=0 tex=5297 bind_noop=5295 bind_rereg=2
[script livebud3vi_0] interact OpenBooth { x: 2945, z: 3367, level: 0, id: 2213, name: Some("Bank booth"), action: Some("Use-quickly") }
[host] hitch livebud3vi_0: observe_us=16809 paints=5291 skips=0 ticks=204
[host] slot livebud3vi_0: d_loop_us=1106 d_raster_us=184337 d_observe_us=55559 max_observe_us=16809 d_paints=50 d_skips=0 d_ticks=2 window_ms=1148
[panel] rss=608829440 traffic_sum=11350
[panel] present pixmap=0 tex=5340 bind_noop=5338 bind_rereg=2
[host] hitch livebud3vi_0: observe_us=16666 paints=5317 skips=0 ticks=205
[host] hitch livebud3vi_0: observe_us=16618 paints=5343 skips=0 ticks=206
[panel] rss=608829440 traffic_sum=11413
[panel] present pixmap=0 tex=5382 bind_noop=5380 bind_rereg=2
[host] slot livebud3vi_0: d_loop_us=1143 d_raster_us=182670 d_observe_us=62993 max_observe_us=16666 d_paints=50 d_skips=0 d_ticks=2 window_ms=1153
[host] hitch livebud3vi_0: observe_us=16933 paints=5369 skips=0 ticks=207
[panel] rss=608829440 traffic_sum=11430
[panel] present pixmap=0 tex=5423 bind_noop=5421 bind_rereg=2
[host] slot livebud3vi_0: d_loop_us=1199 d_raster_us=180285 d_observe_us=61973 max_observe_us=16933 d_paints=50 d_skips=0 d_ticks=2 window_ms=1162
[host] hitch livebud3vi_0: observe_us=17009 paints=5420 skips=0 ticks=209
[panel] rss=608829440 traffic_sum=11465
[panel] present pixmap=0 tex=5464 bind_noop=5462 bind_rereg=2
[host] hitch livebud3vi_0: observe_us=16484 paints=5446 skips=0 ticks=210
[host] slot livebud3vi_0: d_loop_us=1180 d_raster_us=173192 d_observe_us=62782 max_observe_us=17009 d_paints=50 d_skips=0 d_ticks=2 window_ms=1168
[host] hitch livebud3vi_0: observe_us=16515 paints=5472 skips=0 ticks=211
[panel] rss=608829440 traffic_sum=11493
[panel] present pixmap=0 tex=5506 bind_noop=5504 bind_rereg=2
[script livebud3vi_0] could not open the bank — retrying
[host] slot livebud3vi_0: d_loop_us=1134 d_raster_us=187262 d_observe_us=60258 max_observe_us=16515 d_paints=50 d_skips=0 d_ticks=2 window_ms=1163
[panel] livebud3vi_0: script: could not open the bank — retrying
[panel] rss=608829440 traffic_sum=11628
[panel] present pixmap=0 tex=5548 bind_noop=5546 bind_rereg=2
[host] slot livebud3vi_0: d_loop_us=1051 d_raster_us=236343 d_observe_us=39697 max_observe_us=7692 d_paints=50 d_skips=0 d_ticks=2 window_ms=1159
[panel] rss=608829440 traffic_sum=11663
[panel] present pixmap=0 tex=5591 bind_noop=5589 bind_rereg=2
[host] slot livebud3vi_0: d_loop_us=1098 d_raster_us=242630 d_observe_us=50204 max_observe_us=10762 d_paints=50 d_skips=0 d_ticks=1 window_ms=1157
[panel] rss=608829440 traffic_sum=11936
[panel] present pixmap=0 tex=5636 bind_noop=5634 bind_rereg=2
[script livebud3vi_0] script requested stop on tick 224; isolate stopping
[panel] livebud3vi_0: script: script requested stop on tick 224; isolate stopping
[host] slot livebud3vi_0: d_loop_us=1154 d_raster_us=254075 d_observe_us=45412 max_observe_us=8849 d_paints=50 d_skips=0 d_ticks=2 window_ms=1147
[panel] rss=608829440 traffic_sum=11952
[panel] present pixmap=0 tex=5679 bind_noop=5677 bind_rereg=2
[panel] rss=608829440 traffic_sum=11980
[panel] present pixmap=0 tex=5722 bind_noop=5720 bind_rereg=2
[host] slot livebud3vi_0: d_loop_us=1107 d_raster_us=284087 d_observe_us=25748 max_observe_us=636 d_paints=50 d_skips=0 d_ticks=2 window_ms=1159
[panel] rss=608829440 traffic_sum=12007
[panel] present pixmap=0 tex=5765 bind_noop=5763 bind_rereg=2
[host] slot livebud3vi_0: d_loop_us=1128 d_raster_us=267338 d_observe_us=26540 max_observe_us=748 d_paints=50 d_skips=0 d_ticks=2 window_ms=1159
[panel] rss=608829440 traffic_sum=12021
[panel] present pixmap=0 tex=5809 bind_noop=5807 bind_rereg=2
[host] slot livebud3vi_0: d_loop_us=1110 d_raster_us=255755 d_observe_us=26063 max_observe_us=756 d_paints=50 d_skips=0 d_ticks=2 window_ms=1161
[panel] rss=608829440 traffic_sum=12063
[panel] present pixmap=0 tex=5852 bind_noop=5850 bind_rereg=2
[host] slot livebud3vi_0: d_loop_us=1126 d_raster_us=274391 d_observe_us=26414 max_observe_us=690 d_paints=50 d_skips=0 d_ticks=2 window_ms=1168
[panel] rss=608829440 traffic_sum=12103
[panel] present pixmap=0 tex=5895 bind_noop=5893 bind_rereg=2
[host] slot livebud3vi_0: d_loop_us=1148 d_raster_us=247904 d_observe_us=26423 max_observe_us=847 d_paints=50 d_skips=0 d_ticks=2 window_ms=1149
[panel] rss=608829440 traffic_sum=12132
[panel] present pixmap=0 tex=5939 bind_noop=5937 bind_rereg=2
[host] slot livebud3vi_0: d_loop_us=1176 d_raster_us=247385 d_observe_us=27155 max_observe_us=723 d_paints=50 d_skips=0 d_ticks=2 window_ms=1166
[panel] rss=608829440 traffic_sum=12159
[panel] present pixmap=0 tex=5982 bind_noop=5980 bind_rereg=2
[panel] rss=608829440 traffic_sum=12189
[panel] present pixmap=0 tex=6025 bind_noop=6023 bind_rereg=2
[host] slot livebud3vi_0: d_loop_us=1181 d_raster_us=260158 d_observe_us=26702 max_observe_us=729 d_paints=50 d_skips=0 d_ticks=2 window_ms=1151
[panel] rss=608829440 traffic_sum=12216
[panel] present pixmap=0 tex=6069 bind_noop=6067 bind_rereg=2
[host] slot livebud3vi_0: d_loop_us=1169 d_raster_us=258326 d_observe_us=26794 max_observe_us=753 d_paints=50 d_skips=0 d_ticks=2 window_ms=1159
[panel] rss=608829440 traffic_sum=12232
[panel] present pixmap=0 tex=6112 bind_noop=6110 bind_rereg=2
[host] slot livebud3vi_0: d_loop_us=1179 d_raster_us=250174 d_observe_us=27589 max_observe_us=1114 d_paints=50 d_skips=0 d_ticks=2 window_ms=1159
[panel] rss=608829440 traffic_sum=12262
[panel] present pixmap=0 tex=6156 bind_noop=6154 bind_rereg=2
[host] slot livebud3vi_0: d_loop_us=1180 d_raster_us=249470 d_observe_us=27028 max_observe_us=929 d_paints=50 d_skips=0 d_ticks=2 window_ms=1165
[panel] rss=608829440 traffic_sum=12291
[panel] present pixmap=0 tex=6199 bind_noop=6197 bind_rereg=2
[host] slot livebud3vi_0: d_loop_us=1160 d_raster_us=248569 d_observe_us=27586 max_observe_us=1154 d_paints=50 d_skips=0 d_ticks=2 window_ms=1161
[panel] rss=608829440 traffic_sum=12307
[panel] present pixmap=0 tex=6243 bind_noop=6241 bind_rereg=2
[host] slot livebud3vi_0: d_loop_us=1152 d_raster_us=252730 d_observe_us=27198 max_observe_us=791 d_paints=50 d_skips=0 d_ticks=2 window_ms=1158
[panel] rss=608829440 traffic_sum=12335
[panel] present pixmap=0 tex=6287 bind_noop=6285 bind_rereg=2
[host] slot livebud3vi_0: d_loop_us=1135 d_raster_us=250581 d_observe_us=29097 max_observe_us=2451 d_paints=50 d_skips=0 d_ticks=2 window_ms=1159
[panel] rss=608829440 traffic_sum=12378
[panel] present pixmap=0 tex=6330 bind_noop=6328 bind_rereg=2
[panel] rss=608829440 traffic_sum=12392
[panel] present pixmap=0 tex=6373 bind_noop=6371 bind_rereg=2
[host] slot livebud3vi_0: d_loop_us=1061 d_raster_us=242866 d_observe_us=27009 max_observe_us=839 d_paints=50 d_skips=0 d_ticks=1 window_ms=1158
[panel] rss=608829440 traffic_sum=12422
[panel] present pixmap=0 tex=6417 bind_noop=6415 bind_rereg=2
[host] slot livebud3vi_0: d_loop_us=1086 d_raster_us=245738 d_observe_us=27187 max_observe_us=1240 d_paints=50 d_skips=0 d_ticks=2 window_ms=1161
[panel] rss=608829440 traffic_sum=12449
[panel] present pixmap=0 tex=6461 bind_noop=6459 bind_rereg=2
[host] slot livebud3vi_0: d_loop_us=1113 d_raster_us=249330 d_observe_us=26959 max_observe_us=646 d_paints=50 d_skips=0 d_ticks=2 window_ms=1164
[panel] rss=608829440 traffic_sum=12463
[panel] present pixmap=0 tex=6505 bind_noop=6503 bind_rereg=2
[host] slot livebud3vi_0: d_loop_us=1072 d_raster_us=236252 d_observe_us=25983 max_observe_us=1099 d_paints=50 d_skips=0 d_ticks=2 window_ms=1162
[panel] rss=608829440 traffic_sum=12493
[panel] present pixmap=0 tex=6548 bind_noop=6546 bind_rereg=2
[host] slot livebud3vi_0: d_loop_us=1080 d_raster_us=231179 d_observe_us=25625 max_observe_us=1087 d_paints=50 d_skips=0 d_ticks=2 window_ms=1166
[panel] rss=608829440 traffic_sum=12521
[panel] present pixmap=0 tex=6592 bind_noop=6590 bind_rereg=2
[host] slot livebud3vi_0: d_loop_us=1103 d_raster_us=246292 d_observe_us=27456 max_observe_us=884 d_paints=50 d_skips=0 d_ticks=2 window_ms=1150
[panel] rss=608829440 traffic_sum=12537
[panel] present pixmap=0 tex=6635 bind_noop=6633 bind_rereg=2
[host] slot livebud3vi_0: d_loop_us=1100 d_raster_us=245402 d_observe_us=26762 max_observe_us=780 d_paints=50 d_skips=0 d_ticks=2 window_ms=1163
[panel] rss=608829440 traffic_sum=12577
[panel] present pixmap=0 tex=6678 bind_noop=6676 bind_rereg=2
[panel] rss=608829440 traffic_sum=12606
[panel] present pixmap=0 tex=6722 bind_noop=6720 bind_rereg=2
[host] slot livebud3vi_0: d_loop_us=1130 d_raster_us=249067 d_observe_us=27569 max_observe_us=1048 d_paints=50 d_skips=0 d_ticks=2 window_ms=1160
[panel] rss=608829440 traffic_sum=12620
[panel] present pixmap=0 tex=6766 bind_noop=6764 bind_rereg=2
[host] slot livebud3vi_0: d_loop_us=1116 d_raster_us=251102 d_observe_us=26667 max_observe_us=671 d_paints=50 d_skips=0 d_ticks=2 window_ms=1158
[panel] rss=608829440 traffic_sum=12649
[panel] present pixmap=0 tex=6810 bind_noop=6808 bind_rereg=2
[host] slot livebud3vi_0: d_loop_us=1106 d_raster_us=254908 d_observe_us=26683 max_observe_us=886 d_paints=50 d_skips=0 d_ticks=2 window_ms=1159
[panel] rss=608829440 traffic_sum=12677
[panel] present pixmap=0 tex=6854 bind_noop=6852 bind_rereg=2
[host] slot livebud3vi_0: d_loop_us=1147 d_raster_us=248713 d_observe_us=26315 max_observe_us=641 d_paints=50 d_skips=0 d_ticks=2 window_ms=1152
[panel] rss=608829440 traffic_sum=12705
[panel] present pixmap=0 tex=6898 bind_noop=6896 bind_rereg=2
[host] slot livebud3vi_0: d_loop_us=1148 d_raster_us=248489 d_observe_us=26309 max_observe_us=615 d_paints=50 d_skips=0 d_ticks=2 window_ms=1154
[panel] rss=608829440 traffic_sum=12719
[panel] present pixmap=0 tex=6942 bind_noop=6940 bind_rereg=2
[host] slot livebud3vi_0: d_loop_us=1135 d_raster_us=251685 d_observe_us=27285 max_observe_us=994 d_paints=50 d_skips=0 d_ticks=2 window_ms=1155
[panel] rss=608829440 traffic_sum=12749
[panel] present pixmap=0 tex=6985 bind_noop=6983 bind_rereg=2
[host] slot livebud3vi_0: d_loop_us=1075 d_raster_us=228384 d_observe_us=24617 max_observe_us=673 d_paints=50 d_skips=0 d_ticks=2 window_ms=1163
[panel] rss=608829440 traffic_sum=12778
[panel] present pixmap=0 tex=7028 bind_noop=7026 bind_rereg=2
[panel] rss=608829440 traffic_sum=12792
[panel] present pixmap=0 tex=7072 bind_noop=7070 bind_rereg=2
[host] slot livebud3vi_0: d_loop_us=1143 d_raster_us=256985 d_observe_us=27747 max_observe_us=1090 d_paints=50 d_skips=0 d_ticks=1 window_ms=1151
[panel] rss=608829440 traffic_sum=12822
[panel] present pixmap=0 tex=7115 bind_noop=7113 bind_rereg=2
[host] slot livebud3vi_0: d_loop_us=1136 d_raster_us=234421 d_observe_us=29668 max_observe_us=4113 d_paints=50 d_skips=0 d_ticks=2 window_ms=1165
[panel] rss=608829440 traffic_sum=12863
[panel] present pixmap=0 tex=7159 bind_noop=7157 bind_rereg=2
[host] slot livebud3vi_0: d_loop_us=1163 d_raster_us=248329 d_observe_us=27453 max_observe_us=718 d_paints=50 d_skips=0 d_ticks=2 window_ms=1157
[panel] rss=608829440 traffic_sum=12878
[panel] present pixmap=0 tex=7203 bind_noop=7201 bind_rereg=2
[host] slot livebud3vi_0: d_loop_us=1117 d_raster_us=243497 d_observe_us=26519 max_observe_us=806 d_paints=50 d_skips=0 d_ticks=2 window_ms=1165
[panel] rss=608829440 traffic_sum=12906
[panel] present pixmap=0 tex=7247 bind_noop=7245 bind_rereg=2
[host] slot livebud3vi_0: d_loop_us=1154 d_raster_us=249984 d_observe_us=28416 max_observe_us=1323 d_paints=50 d_skips=0 d_ticks=2 window_ms=1167
[panel] rss=608829440 traffic_sum=12936
[panel] present pixmap=0 tex=7290 bind_noop=7288 bind_rereg=2
[host] slot livebud3vi_0: d_loop_us=1136 d_raster_us=235691 d_observe_us=26414 max_observe_us=918 d_paints=50 d_skips=0 d_ticks=2 window_ms=1159
[panel] rss=608829440 traffic_sum=12952
[panel] present pixmap=0 tex=7334 bind_noop=7332 bind_rereg=2
[host] slot livebud3vi_0: d_loop_us=1177 d_raster_us=250022 d_observe_us=27618 max_observe_us=998 d_paints=50 d_skips=0 d_ticks=2 window_ms=1161
[panel] rss=608829440 traffic_sum=12996
[panel] present pixmap=0 tex=7377 bind_noop=7375 bind_rereg=2
[panel] rss=608829440 traffic_sum=13024
[panel] present pixmap=0 tex=7420 bind_noop=7418 bind_rereg=2
[host] slot livebud3vi_0: d_loop_us=1181 d_raster_us=254226 d_observe_us=27290 max_observe_us=859 d_paints=50 d_skips=0 d_ticks=2 window_ms=1161
[panel] rss=608829440 traffic_sum=13051
[panel] present pixmap=0 tex=7463 bind_noop=7461 bind_rereg=2
[host] slot livebud3vi_0: d_loop_us=1177 d_raster_us=248135 d_observe_us=27739 max_observe_us=932 d_paints=50 d_skips=0 d_ticks=2 window_ms=1154
[panel] rss=608829440 traffic_sum=13065
[panel] present pixmap=0 tex=7507 bind_noop=7505 bind_rereg=2
[host] slot livebud3vi_0: d_loop_us=1153 d_raster_us=241996 d_observe_us=26527 max_observe_us=774 d_paints=50 d_skips=0 d_ticks=2 window_ms=1164
