[panel] adapter name=Apple M4 Max backend=Metal device_type=IntegratedGpu vendor=0x0 device=0x0
[host-play] slot liveheuv0v_0: thread up
274bot: snapshot load skipped: read /Users/acfrazier/.274bot/unpack-289/37214163f1e6ceca/models.bin: No such file or directory (os error 2)
[panel] scenario capture armed: Some("mule_crafter")
[panel] liveheuv0v_0: liveheuv0v_0: slot up
[host-play] slot liveheuv0v_0: handshake begin reconnect=false
[host-play] slot liveheuv0v_0: handshake ok
[host] hitch liveheuv0v_0: frame_us=71688 paints=1 skips=0 ticks=0
[panel] liveheuv0v_0: liveheuv0v_0: scene 1
[host] hitch liveheuv0v_0: frame_us=56482 paints=43 skips=0 ticks=1
[panel] liveheuv0v_0: liveheuv0v_0: mainland hop queued
[panel] liveheuv0v_0: liveheuv0v_0: ingame
[panel] liveheuv0v_0: liveheuv0v_0: scene 2
live script_mule_crafter: running step 1/28
[host] slot liveheuv0v_0: d_loop_us=9577 d_raster_us=230871 d_observe_us=59389 max_observe_us=3079 d_paints=50 d_skips=0 d_ticks=1 window_ms=0
[panel] liveheuv0v_0: liveheuv0v_0: scene 1
[panel] liveheuv0v_0: liveheuv0v_0: ingame
[panel] liveheuv0v_0: liveheuv0v_0: scene 2
[host] slot liveheuv0v_0: d_loop_us=11642 d_raster_us=227187 d_observe_us=75590 max_observe_us=5470 d_paints=50 d_skips=0 d_ticks=3 window_ms=1131
[host] slot liveheuv0v_0: d_loop_us=1378 d_raster_us=232126 d_observe_us=32863 max_observe_us=1054 d_paints=50 d_skips=0 d_ticks=2 window_ms=1148
live script_mule_crafter: running step 2/28
[host-play] slot liveheuv0v_0: handshake begin reconnect=true
[panel] liveheuv0v_0: liveheuv0v_0: scene 0
[host-play] slot liveheuv0v_0: handshake ok
[panel] liveheuv0v_0: liveheuv0v_0: scene 1
[panel] liveheuv0v_0: liveheuv0v_0: ingame
[panel] liveheuv0v_0: liveheuv0v_0: scene 2
[host] slot liveheuv0v_0: d_loop_us=17277 d_raster_us=171973 d_observe_us=79857 max_observe_us=3628 d_paints=50 d_skips=0 d_ticks=1 window_ms=0
[host] slot liveheuv0v_0: d_loop_us=1482 d_raster_us=180446 d_observe_us=44667 max_observe_us=5892 d_paints=50 d_skips=0 d_ticks=3 window_ms=1152
live script_mule_crafter: running step 3/28
[host] slot liveheuv0v_0: d_loop_us=1268 d_raster_us=182535 d_observe_us=32865 max_observe_us=1220 d_paints=50 d_skips=0 d_ticks=2 window_ms=1150
[panel] liveheuv0v_0: liveheuv0v_0: scene 1
[panel] liveheuv0v_0: liveheuv0v_0: ingame
[panel] liveheuv0v_0: liveheuv0v_0: scene 2
[host] slot liveheuv0v_0: d_loop_us=11756 d_raster_us=185062 d_observe_us=73635 max_observe_us=7522 d_paints=50 d_skips=0 d_ticks=2 window_ms=1153
live script_mule_crafter: running step 4/28
live script_mule_crafter: running step 5/28
[host] slot liveheuv0v_0: d_loop_us=953 d_raster_us=157588 d_observe_us=28905 max_observe_us=1471 d_paints=50 d_skips=0 d_ticks=2 window_ms=1152
live script_mule_crafter: running step 6/28
live script_mule_crafter: running step 7/28
live script_mule_crafter: running step 8/28
live script_mule_crafter: running step 9/28
live script_mule_crafter: running step 10/28
live script_mule_crafter: running step 11/28
live script_mule_crafter: running step 12/28
live script_mule_crafter: running step 13/28
live script_mule_crafter: running step 14/28
live script_mule_crafter: running step 15/28
[host] slot liveheuv0v_0: d_loop_us=1070 d_raster_us=167717 d_observe_us=33500 max_observe_us=3579 d_paints=50 d_skips=0 d_ticks=2 window_ms=1158
live script_mule_crafter: running step 16/28
[script liveheuv0v_0] start load
live script_mule_crafter: running step 17/28
[host] hitch liveheuv0v_0: observe_us=73553 paints=313 skips=0 ticks=13
[host] hitch liveheuv0v_0: observe_us=24401 paints=336 skips=0 ticks=14
[host] slot liveheuv0v_0: d_loop_us=989 d_raster_us=164070 d_observe_us=133691 max_observe_us=73553 d_paints=50 d_skips=0 d_ticks=2 window_ms=1216
[script liveheuv0v_0] MuleCrafter: No partners configured. Running in Solo Crafter mode.
[script liveheuv0v_0] Crafter inventory contains unauthorized items or missing talisman. Opening bank to clean inventory...
[script liveheuv0v_0] interact OpenBooth { x: 3011, z: 3354, level: 0, id: 2213, name: Some("Bank booth"), action: Some("Use-quickly") }
[panel] liveheuv0v_0: script: MuleCrafter: No partners configured. Running in Solo Crafter mode.
[panel] liveheuv0v_0: script: Crafter inventory contains unauthorized items or missing talisman. Opening bank to clean inventory...
[host] hitch liveheuv0v_0: observe_us=21761 paints=388 skips=0 ticks=16
[host] slot liveheuv0v_0: d_loop_us=1085 d_raster_us=173805 d_observe_us=71398 max_observe_us=21761 d_paints=50 d_skips=0 d_ticks=2 window_ms=1160
[host] slot liveheuv0v_0: d_loop_us=1052 d_raster_us=209016 d_observe_us=62816 max_observe_us=12313 d_paints=50 d_skips=0 d_ticks=2 window_ms=1154
[host] slot liveheuv0v_0: d_loop_us=1037 d_raster_us=232047 d_observe_us=60439 max_observe_us=10853 d_paints=50 d_skips=0 d_ticks=2 window_ms=1140
[host] slot liveheuv0v_0: d_loop_us=1016 d_raster_us=229894 d_observe_us=59810 max_observe_us=10555 d_paints=50 d_skips=0 d_ticks=2 window_ms=1131
[script liveheuv0v_0] withdrew Air talisman from bank
[panel] liveheuv0v_0: script: withdrew Air talisman from bank
[host] slot liveheuv0v_0: d_loop_us=1100 d_raster_us=236065 d_observe_us=65099 max_observe_us=13975 d_paints=50 d_skips=0 d_ticks=2 window_ms=1141
[host] slot liveheuv0v_0: d_loop_us=1047 d_raster_us=228993 d_observe_us=51063 max_observe_us=11654 d_paints=50 d_skips=0 d_ticks=2 window_ms=1139
[host] slot liveheuv0v_0: d_loop_us=1041 d_raster_us=235559 d_observe_us=62858 max_observe_us=11148 d_paints=50 d_skips=0 d_ticks=1 window_ms=1133
live script_mule_crafter: running step 18/28
[script liveheuv0v_0] withdrew 27 essence from the bank
[panel] liveheuv0v_0: script: withdrew 27 essence from the bank
[host] slot liveheuv0v_0: d_loop_us=991 d_raster_us=221662 d_observe_us=59692 max_observe_us=12276 d_paints=50 d_skips=0 d_ticks=2 window_ms=1138
[script liveheuv0v_0] interact WalkNear { x: 2983, z: 3288, level: 0, radius: 2, allow_teleports: false }
[nav-follow] here=WorldTile { x: 3011, z: 3355, level: 0 } walk=true transport=false leg=0 hops=1 outcome=None
[host] slot liveheuv0v_0: d_loop_us=1001 d_raster_us=224801 d_observe_us=60964 max_observe_us=11073 d_paints=50 d_skips=0 d_ticks=2 window_ms=1146
[nav-walk] here=WorldTile { x: 3012, z: 3357, level: 0 } aim=WorldTile { x: 3010, z: 3350, level: 0 } radius=2 ticks_waited=0 sent_tile=Some(WorldTile { x: 3011, z: 3355, level: 0 })
[nav-follow] here=WorldTile { x: 3012, z: 3357, level: 0 } walk=true transport=false leg=0 hops=1 outcome=None
[host] hitch liveheuv0v_0: observe_us=20747 paints=808 skips=0 ticks=32
[nav-walk] here=WorldTile { x: 3012, z: 3359, level: 0 } aim=WorldTile { x: 3010, z: 3350, level: 0 } radius=2 ticks_waited=1 sent_tile=Some(WorldTile { x: 3011, z: 3355, level: 0 })
[nav-follow] here=WorldTile { x: 3012, z: 3359, level: 0 } walk=true transport=false leg=0 hops=1 outcome=None
[host] hitch liveheuv0v_0: observe_us=17920 paints=834 skips=0 ticks=33
[host] slot liveheuv0v_0: d_loop_us=1005 d_raster_us=169412 d_observe_us=76485 max_observe_us=20747 d_paints=50 d_skips=0 d_ticks=2 window_ms=1152
[nav-walk] here=WorldTile { x: 3010, z: 3359, level: 0 } aim=WorldTile { x: 3010, z: 3350, level: 0 } radius=2 ticks_waited=2 sent_tile=Some(WorldTile { x: 3011, z: 3355, level: 0 })
[nav-follow] here=WorldTile { x: 3010, z: 3359, level: 0 } walk=true transport=false leg=0 hops=1 outcome=None
[host] hitch liveheuv0v_0: observe_us=22270 paints=860 skips=0 ticks=34
[nav-walk] here=WorldTile { x: 3008, z: 3357, level: 0 } aim=WorldTile { x: 3010, z: 3350, level: 0 } radius=2 ticks_waited=3 sent_tile=Some(WorldTile { x: 3011, z: 3355, level: 0 })
[nav-follow] here=WorldTile { x: 3008, z: 3357, level: 0 } walk=true transport=false leg=0 hops=1 outcome=None
[host] hitch liveheuv0v_0: observe_us=22757 paints=886 skips=0 ticks=35
[host] slot liveheuv0v_0: d_loop_us=1015 d_raster_us=176449 d_observe_us=81302 max_observe_us=22757 d_paints=50 d_skips=0 d_ticks=2 window_ms=1157
[nav-walk] here=WorldTile { x: 3008, z: 3355, level: 0 } aim=WorldTile { x: 3010, z: 3350, level: 0 } radius=2 ticks_waited=4 sent_tile=Some(WorldTile { x: 3011, z: 3355, level: 0 })
[nav-follow] here=WorldTile { x: 3008, z: 3355, level: 0 } walk=true transport=false leg=0 hops=1 outcome=None
[host] hitch liveheuv0v_0: observe_us=22249 paints=912 skips=0 ticks=36
[nav-walk] here=WorldTile { x: 3008, z: 3353, level: 0 } aim=WorldTile { x: 3010, z: 3350, level: 0 } radius=2 ticks_waited=5 sent_tile=Some(WorldTile { x: 3011, z: 3355, level: 0 })
[nav-follow] here=WorldTile { x: 3008, z: 3353, level: 0 } walk=true transport=false leg=0 hops=1 outcome=None
[host] hitch liveheuv0v_0: observe_us=23992 paints=937 skips=0 ticks=37
[host] slot liveheuv0v_0: d_loop_us=1094 d_raster_us=176234 d_observe_us=83406 max_observe_us=23992 d_paints=50 d_skips=0 d_ticks=2 window_ms=1179
[nav-walk] here=WorldTile { x: 3009, z: 3351, level: 0 } aim=WorldTile { x: 3010, z: 3350, level: 0 } radius=2 ticks_waited=6 sent_tile=Some(WorldTile { x: 3011, z: 3355, level: 0 })
[nav-follow] here=WorldTile { x: 3009, z: 3351, level: 0 } walk=true transport=false leg=0 hops=2 outcome=None
[host] hitch liveheuv0v_0: observe_us=26280 paints=962 skips=0 ticks=38
[nav-walk] here=WorldTile { x: 3009, z: 3349, level: 0 } aim=WorldTile { x: 3008, z: 3334, level: 0 } radius=2 ticks_waited=0 sent_tile=Some(WorldTile { x: 3009, z: 3351, level: 0 })
[nav-follow] here=WorldTile { x: 3009, z: 3349, level: 0 } walk=true transport=false leg=0 hops=2 outcome=None
[host] hitch liveheuv0v_0: observe_us=17034 paints=988 skips=0 ticks=39
[host] slot liveheuv0v_0: d_loop_us=1123 d_raster_us=145256 d_observe_us=77609 max_observe_us=26280 d_paints=50 d_skips=0 d_ticks=2 window_ms=1173
[nav-walk] here=WorldTile { x: 3009, z: 3347, level: 0 } aim=WorldTile { x: 3008, z: 3334, level: 0 } radius=2 ticks_waited=1 sent_tile=Some(WorldTile { x: 3009, z: 3351, level: 0 })
[nav-follow] here=WorldTile { x: 3009, z: 3347, level: 0 } walk=true transport=false leg=0 hops=2 outcome=None
[host] hitch liveheuv0v_0: observe_us=22439 paints=1014 skips=0 ticks=40
[nav-walk] here=WorldTile { x: 3009, z: 3345, level: 0 } aim=WorldTile { x: 3008, z: 3334, level: 0 } radius=2 ticks_waited=2 sent_tile=Some(WorldTile { x: 3009, z: 3351, level: 0 })
[nav-follow] here=WorldTile { x: 3009, z: 3345, level: 0 } walk=true transport=false leg=0 hops=2 outcome=None
[host] hitch liveheuv0v_0: observe_us=19732 paints=1040 skips=0 ticks=41
[host] slot liveheuv0v_0: d_loop_us=1109 d_raster_us=151964 d_observe_us=77245 max_observe_us=22439 d_paints=50 d_skips=0 d_ticks=2 window_ms=1159
[nav-walk] here=WorldTile { x: 3008, z: 3343, level: 0 } aim=WorldTile { x: 3008, z: 3334, level: 0 } radius=2 ticks_waited=3 sent_tile=Some(WorldTile { x: 3009, z: 3351, level: 0 })
[nav-follow] here=WorldTile { x: 3008, z: 3343, level: 0 } walk=true transport=false leg=0 hops=2 outcome=None
[host] hitch liveheuv0v_0: observe_us=24460 paints=1066 skips=0 ticks=42
[nav-walk] here=WorldTile { x: 3008, z: 3341, level: 0 } aim=WorldTile { x: 3008, z: 3334, level: 0 } radius=2 ticks_waited=4 sent_tile=Some(WorldTile { x: 3009, z: 3351, level: 0 })
[nav-follow] here=WorldTile { x: 3008, z: 3341, level: 0 } walk=true transport=false leg=0 hops=2 outcome=None
[host] hitch liveheuv0v_0: observe_us=19917 paints=1092 skips=0 ticks=43
[host] slot liveheuv0v_0: d_loop_us=1223 d_raster_us=167516 d_observe_us=84255 max_observe_us=24460 d_paints=50 d_skips=0 d_ticks=2 window_ms=1157
[nav-walk] here=WorldTile { x: 3008, z: 3339, level: 0 } aim=WorldTile { x: 3008, z: 3334, level: 0 } radius=2 ticks_waited=5 sent_tile=Some(WorldTile { x: 3009, z: 3351, level: 0 })
[nav-follow] here=WorldTile { x: 3008, z: 3339, level: 0 } walk=true transport=false leg=0 hops=2 outcome=None
[host] hitch liveheuv0v_0: observe_us=21396 paints=1117 skips=0 ticks=44
[nav-walk] here=WorldTile { x: 3008, z: 3337, level: 0 } aim=WorldTile { x: 3008, z: 3334, level: 0 } radius=2 ticks_waited=6 sent_tile=Some(WorldTile { x: 3009, z: 3351, level: 0 })
[nav-follow] here=WorldTile { x: 3008, z: 3337, level: 0 } walk=true transport=false leg=0 hops=2 outcome=None
[host] hitch liveheuv0v_0: observe_us=21829 paints=1144 skips=0 ticks=45
[host] slot liveheuv0v_0: d_loop_us=1172 d_raster_us=156457 d_observe_us=79310 max_observe_us=21829 d_paints=50 d_skips=0 d_ticks=2 window_ms=1148
[nav-walk] here=WorldTile { x: 3008, z: 3335, level: 0 } aim=WorldTile { x: 3008, z: 3334, level: 0 } radius=2 ticks_waited=7 sent_tile=Some(WorldTile { x: 3009, z: 3351, level: 0 })
[nav-follow] here=WorldTile { x: 3008, z: 3335, level: 0 } walk=true transport=false leg=0 hops=3 outcome=None
[host] hitch liveheuv0v_0: observe_us=24768 paints=1169 skips=0 ticks=46
[nav-walk] here=WorldTile { x: 3008, z: 3333, level: 0 } aim=WorldTile { x: 3001, z: 3320, level: 0 } radius=2 ticks_waited=0 sent_tile=Some(WorldTile { x: 3008, z: 3335, level: 0 })
[nav-follow] here=WorldTile { x: 3008, z: 3333, level: 0 } walk=true transport=false leg=0 hops=3 outcome=None
[host] hitch liveheuv0v_0: observe_us=23377 paints=1195 skips=0 ticks=47
[host] slot liveheuv0v_0: d_loop_us=1226 d_raster_us=159270 d_observe_us=87194 max_observe_us=24768 d_paints=50 d_skips=0 d_ticks=2 window_ms=1167
[nav-walk] here=WorldTile { x: 3008, z: 3331, level: 0 } aim=WorldTile { x: 3001, z: 3320, level: 0 } radius=2 ticks_waited=1 sent_tile=Some(WorldTile { x: 3008, z: 3335, level: 0 })
[nav-follow] here=WorldTile { x: 3008, z: 3331, level: 0 } walk=true transport=false leg=0 hops=3 outcome=None
[host] hitch liveheuv0v_0: observe_us=21557 paints=1221 skips=0 ticks=48
[nav-walk] here=WorldTile { x: 3008, z: 3329, level: 0 } aim=WorldTile { x: 3001, z: 3320, level: 0 } radius=2 ticks_waited=2 sent_tile=Some(WorldTile { x: 3008, z: 3335, level: 0 })
[nav-follow] here=WorldTile { x: 3008, z: 3329, level: 0 } walk=true transport=false leg=0 hops=3 outcome=None
[host] hitch liveheuv0v_0: observe_us=21624 paints=1246 skips=0 ticks=49
[host] slot liveheuv0v_0: d_loop_us=1213 d_raster_us=166928 d_observe_us=80030 max_observe_us=21624 d_paints=50 d_skips=0 d_ticks=2 window_ms=1175
[nav-walk] here=WorldTile { x: 3008, z: 3327, level: 0 } aim=WorldTile { x: 3001, z: 3320, level: 0 } radius=2 ticks_waited=3 sent_tile=Some(WorldTile { x: 3008, z: 3335, level: 0 })
[nav-follow] here=WorldTile { x: 3008, z: 3327, level: 0 } walk=true transport=false leg=0 hops=3 outcome=None
[host] hitch liveheuv0v_0: observe_us=22799 paints=1272 skips=0 ticks=50
[nav-walk] here=WorldTile { x: 3008, z: 3325, level: 0 } aim=WorldTile { x: 3001, z: 3320, level: 0 } radius=2 ticks_waited=4 sent_tile=Some(WorldTile { x: 3008, z: 3335, level: 0 })
[nav-follow] here=WorldTile { x: 3008, z: 3325, level: 0 } walk=true transport=false leg=0 hops=3 outcome=None
[host] hitch liveheuv0v_0: observe_us=24487 paints=1298 skips=0 ticks=51
[host] slot liveheuv0v_0: d_loop_us=1178 d_raster_us=174287 d_observe_us=84208 max_observe_us=24487 d_paints=50 d_skips=0 d_ticks=2 window_ms=1166
[nav-walk] here=WorldTile { x: 3006, z: 3323, level: 0 } aim=WorldTile { x: 3001, z: 3320, level: 0 } radius=2 ticks_waited=5 sent_tile=Some(WorldTile { x: 3008, z: 3335, level: 0 })
[nav-follow] here=WorldTile { x: 3006, z: 3323, level: 0 } walk=true transport=false leg=0 hops=3 outcome=None
[host] hitch liveheuv0v_0: observe_us=25347 paints=1324 skips=0 ticks=52
[nav-walk] here=WorldTile { x: 3004, z: 3322, level: 0 } aim=WorldTile { x: 3001, z: 3320, level: 0 } radius=2 ticks_waited=6 sent_tile=Some(WorldTile { x: 3008, z: 3335, level: 0 })
[nav-follow] here=WorldTile { x: 3004, z: 3322, level: 0 } walk=true transport=false leg=0 hops=3 outcome=None
[host] hitch liveheuv0v_0: observe_us=22901 paints=1349 skips=0 ticks=53
[host] slot liveheuv0v_0: d_loop_us=1140 d_raster_us=180800 d_observe_us=88523 max_observe_us=25347 d_paints=50 d_skips=0 d_ticks=2 window_ms=1185
[nav-walk] here=WorldTile { x: 3002, z: 3321, level: 0 } aim=WorldTile { x: 3001, z: 3320, level: 0 } radius=2 ticks_waited=7 sent_tile=Some(WorldTile { x: 3008, z: 3335, level: 0 })
[nav-follow] here=WorldTile { x: 3002, z: 3321, level: 0 } walk=true transport=false leg=0 hops=4 outcome=None
[host] hitch liveheuv0v_0: observe_us=22015 paints=1376 skips=0 ticks=54
[host] slot liveheuv0v_0: d_loop_us=1054 d_raster_us=163531 d_observe_us=59385 max_observe_us=22015 d_paints=50 d_skips=0 d_ticks=1 window_ms=1140
[panel] liveheuv0v_0: liveheuv0v_0: scene 1
[panel] liveheuv0v_0: liveheuv0v_0: ingame
[panel] liveheuv0v_0: liveheuv0v_0: scene 2
[nav-walk] here=WorldTile { x: 2998, z: 3317, level: 0 } aim=WorldTile { x: 2985, z: 3305, level: 0 } radius=2 ticks_waited=0 sent_tile=Some(WorldTile { x: 3002, z: 3321, level: 0 })
[nav-follow] here=WorldTile { x: 2998, z: 3317, level: 0 } walk=true transport=false leg=0 hops=4 outcome=None
[host] hitch liveheuv0v_0: observe_us=23280 paints=1427 skips=0 ticks=56
[host] slot liveheuv0v_0: d_loop_us=10856 d_raster_us=146959 d_observe_us=103495 max_observe_us=23280 d_paints=50 d_skips=0 d_ticks=2 window_ms=1147
[nav-walk] here=WorldTile { x: 2996, z: 3315, level: 0 } aim=WorldTile { x: 2985, z: 3305, level: 0 } radius=2 ticks_waited=1 sent_tile=Some(WorldTile { x: 3002, z: 3321, level: 0 })
[nav-follow] here=WorldTile { x: 2996, z: 3315, level: 0 } walk=true transport=false leg=0 hops=4 outcome=None
[host] hitch liveheuv0v_0: observe_us=19801 paints=1453 skips=0 ticks=57
[nav-walk] here=WorldTile { x: 2994, z: 3314, level: 0 } aim=WorldTile { x: 2985, z: 3305, level: 0 } radius=2 ticks_waited=2 sent_tile=Some(WorldTile { x: 3002, z: 3321, level: 0 })
[nav-follow] here=WorldTile { x: 2994, z: 3314, level: 0 } walk=true transport=false leg=0 hops=4 outcome=None
[host] hitch liveheuv0v_0: observe_us=22887 paints=1479 skips=0 ticks=58
[host] slot liveheuv0v_0: d_loop_us=1028 d_raster_us=145607 d_observe_us=82947 max_observe_us=22887 d_paints=50 d_skips=0 d_ticks=2 window_ms=1168
[nav-walk] here=WorldTile { x: 2992, z: 3312, level: 0 } aim=WorldTile { x: 2985, z: 3305, level: 0 } radius=2 ticks_waited=3 sent_tile=Some(WorldTile { x: 3002, z: 3321, level: 0 })
[nav-follow] here=WorldTile { x: 2992, z: 3312, level: 0 } walk=true transport=false leg=0 hops=4 outcome=None
[host] hitch liveheuv0v_0: observe_us=19877 paints=1505 skips=0 ticks=59
[nav-walk] here=WorldTile { x: 2990, z: 3310, level: 0 } aim=WorldTile { x: 2985, z: 3305, level: 0 } radius=2 ticks_waited=4 sent_tile=Some(WorldTile { x: 3002, z: 3321, level: 0 })
[nav-follow] here=WorldTile { x: 2990, z: 3310, level: 0 } walk=true transport=false leg=0 hops=4 outcome=None
[host] hitch liveheuv0v_0: observe_us=17703 paints=1530 skips=0 ticks=60
[host] slot liveheuv0v_0: d_loop_us=1040 d_raster_us=132705 d_observe_us=75524 max_observe_us=19877 d_paints=50 d_skips=0 d_ticks=2 window_ms=1154
[nav-walk] here=WorldTile { x: 2988, z: 3308, level: 0 } aim=WorldTile { x: 2985, z: 3305, level: 0 } radius=2 ticks_waited=5 sent_tile=Some(WorldTile { x: 3002, z: 3321, level: 0 })
[nav-follow] here=WorldTile { x: 2988, z: 3308, level: 0 } walk=true transport=false leg=0 hops=4 outcome=None
[nav-walk] here=WorldTile { x: 2986, z: 3306, level: 0 } aim=WorldTile { x: 2985, z: 3305, level: 0 } radius=2 ticks_waited=6 sent_tile=Some(WorldTile { x: 3002, z: 3321, level: 0 })
[nav-follow] here=WorldTile { x: 2986, z: 3306, level: 0 } walk=true transport=false leg=0 hops=5 outcome=None
[host] slot liveheuv0v_0: d_loop_us=884 d_raster_us=111035 d_observe_us=59476 max_observe_us=15233 d_paints=50 d_skips=0 d_ticks=2 window_ms=1161
[nav-walk] here=WorldTile { x: 2984, z: 3304, level: 0 } aim=WorldTile { x: 2981, z: 3290, level: 0 } radius=0 ticks_waited=0 sent_tile=Some(WorldTile { x: 2986, z: 3306, level: 0 })
[nav-follow] here=WorldTile { x: 2984, z: 3304, level: 0 } walk=true transport=false leg=0 hops=5 outcome=None
[host] hitch liveheuv0v_0: observe_us=17329 paints=1608 skips=0 ticks=63
[nav-walk] here=WorldTile { x: 2982, z: 3303, level: 0 } aim=WorldTile { x: 2981, z: 3290, level: 0 } radius=0 ticks_waited=1 sent_tile=Some(WorldTile { x: 2986, z: 3306, level: 0 })
[nav-follow] here=WorldTile { x: 2982, z: 3303, level: 0 } walk=true transport=false leg=0 hops=5 outcome=None
[host] hitch liveheuv0v_0: observe_us=17394 paints=1634 skips=0 ticks=64
[host] slot liveheuv0v_0: d_loop_us=857 d_raster_us=116606 d_observe_us=70589 max_observe_us=17394 d_paints=50 d_skips=0 d_ticks=2 window_ms=1149
[nav-walk] here=WorldTile { x: 2980, z: 3302, level: 0 } aim=WorldTile { x: 2981, z: 3290, level: 0 } radius=0 ticks_waited=2 sent_tile=Some(WorldTile { x: 2986, z: 3306, level: 0 })
[nav-follow] here=WorldTile { x: 2980, z: 3302, level: 0 } walk=true transport=false leg=0 hops=5 outcome=None
[nav-walk] here=WorldTile { x: 2980, z: 3300, level: 0 } aim=WorldTile { x: 2981, z: 3290, level: 0 } radius=0 ticks_waited=3 sent_tile=Some(WorldTile { x: 2986, z: 3306, level: 0 })
[nav-follow] here=WorldTile { x: 2980, z: 3300, level: 0 } walk=true transport=false leg=0 hops=5 outcome=None
[host] slot liveheuv0v_0: d_loop_us=867 d_raster_us=116414 d_observe_us=60844 max_observe_us=15250 d_paints=50 d_skips=0 d_ticks=2 window_ms=1153
[nav-walk] here=WorldTile { x: 2978, z: 3299, level: 0 } aim=WorldTile { x: 2981, z: 3290, level: 0 } radius=0 ticks_waited=4 sent_tile=Some(WorldTile { x: 2986, z: 3306, level: 0 })
[nav-follow] here=WorldTile { x: 2978, z: 3299, level: 0 } walk=true transport=false leg=0 hops=5 outcome=None
[host] hitch liveheuv0v_0: observe_us=19690 paints=1712 skips=0 ticks=67
[nav-walk] here=WorldTile { x: 2978, z: 3297, level: 0 } aim=WorldTile { x: 2981, z: 3290, level: 0 } radius=0 ticks_waited=5 sent_tile=Some(WorldTile { x: 2986, z: 3306, level: 0 })
[nav-follow] here=WorldTile { x: 2978, z: 3297, level: 0 } walk=true transport=false leg=0 hops=5 outcome=None
[host] hitch liveheuv0v_0: observe_us=21519 paints=1738 skips=0 ticks=68
[host] slot liveheuv0v_0: d_loop_us=887 d_raster_us=136974 d_observe_us=76766 max_observe_us=21519 d_paints=50 d_skips=0 d_ticks=2 window_ms=1165
[nav-walk] here=WorldTile { x: 2978, z: 3295, level: 0 } aim=WorldTile { x: 2981, z: 3290, level: 0 } radius=0 ticks_waited=6 sent_tile=Some(WorldTile { x: 2986, z: 3306, level: 0 })
[nav-follow] here=WorldTile { x: 2978, z: 3295, level: 0 } walk=true transport=false leg=0 hops=5 outcome=None
[host] hitch liveheuv0v_0: observe_us=19994 paints=1763 skips=0 ticks=69
[nav-walk] here=WorldTile { x: 2979, z: 3293, level: 0 } aim=WorldTile { x: 2981, z: 3290, level: 0 } radius=0 ticks_waited=7 sent_tile=Some(WorldTile { x: 2986, z: 3306, level: 0 })
[nav-follow] here=WorldTile { x: 2979, z: 3293, level: 0 } walk=true transport=false leg=0 hops=5 outcome=None
[host] hitch liveheuv0v_0: observe_us=20538 paints=1789 skips=0 ticks=70
[host] slot liveheuv0v_0: d_loop_us=832 d_raster_us=130067 d_observe_us=77730 max_observe_us=20538 d_paints=50 d_skips=0 d_ticks=2 window_ms=1168
[nav-walk] here=WorldTile { x: live script_mule_crafter: running step 19/28
2980, z: 3291, level: 0 } aim=WorldTile { x: 2981, z: 3290, level: 0 } radius=0 ticks_waited=8 sent_tile=Some(WorldTile { x: 2986, z: 3306, level: 0 })
[nav-follow] here=WorldTile { x: 2980, z: 3291, level: 0 } walk=true transport=false leg=0 hops=5 outcome=None
[host] hitch liveheuv0v_0: observe_us=20698 paints=1815 skips=0 ticks=71
[nav-walk] here=WorldTile { x: 2981, z: 3290, level: 0 } aim=WorldTile { x: 2981, z: 3290, level: 0 } radius=0 ticks_waited=9 sent_tile=Some(WorldTile { x: 2986, z: 3306, level: 0 })
[nav-follow] here=WorldTile { x: 2981, z: 3290, level: 0 } walk=false transport=false leg=1 hops=5 outcome=Some(Arrived { at: WorldTile { x: 2981, z: 3290, level: 0 } })
[host] hitch liveheuv0v_0: observe_us=20620 paints=1841 skips=0 ticks=72
[host] slot liveheuv0v_0: d_loop_us=859 d_raster_us=139831 d_observe_us=79817 max_observe_us=20698 d_paints=50 d_skips=0 d_ticks=2 window_ms=1165
[script liveheuv0v_0] interact WalkNear { x: 2983, z: 3288, level: 0, radius: 1, allow_teleports: false }
[nav-follow] here=WorldTile { x: 2981, z: 3290, level: 0 } walk=true transport=false leg=0 hops=1 outcome=None
[host] slot liveheuv0v_0: d_loop_us=843 d_raster_us=151214 d_observe_us=61352 max_observe_us=11282 d_paints=50 d_skips=0 d_ticks=2 window_ms=1149
[nav-walk] here=WorldTile { x: 2982, z: 3289, level: 0 } aim=WorldTile { x: 2982, z: 3289, level: 0 } radius=0 ticks_waited=0 sent_tile=Some(WorldTile { x: 2981, z: 3290, level: 0 })
[nav-follow] here=WorldTile { x: 2982, z: 3289, level: 0 } walk=false transport=false leg=1 hops=1 outcome=Some(Arrived { at: WorldTile { x: 2982, z: 3289, level: 0 } })
[script liveheuv0v_0] using the Air talisman on the mysterious ruins
[script liveheuv0v_0] interact UseOn { name: "Air talisman", kind: "loc", target_name: Some("Mysterious ruins"), x: 2984, z: 3291, level: 0, index: None, source_item_id: Some(1438), source_item_slot: Some(0), target_item_id: None, target_item_slot: None }
[panel] liveheuv0v_0: script: using the Air talisman on the mysterious ruins
[host] hitch liveheuv0v_0: observe_us=20829 paints=1945 skips=0 ticks=76
[host] slot liveheuv0v_0: d_loop_us=778 d_raster_us=142037 d_observe_us=72308 max_observe_us=20829 d_paints=50 d_skips=0 d_ticks=2 window_ms=1162
[host] hitch liveheuv0v_0: observe_us=22084 paints=1970 skips=0 ticks=77
[host] slot liveheuv0v_0: d_loop_us=817 d_raster_us=155206 d_observe_us=73140 max_observe_us=22084 d_paints=50 d_skips=0 d_ticks=2 window_ms=1160
[panel] liveheuv0v_0: liveheuv0v_0: scene 1
[host] slot liveheuv0v_0: d_loop_us=985 d_raster_us=145392 d_observe_us=64325 max_observe_us=12427 d_paints=50 d_skips=0 d_ticks=2 window_ms=1159
[panel] liveheuv0v_0: liveheuv0v_0: ingame
[panel] liveheuv0v_0: liveheuv0v_0: scene 2
[host] hitch liveheuv0v_0: observe_us=16494 paints=2074 skips=0 ticks=81
[script liveheuv0v_0] entered the altar
[panel] liveheuv0v_0: script: entered the altar
[host] slot liveheuv0v_0: d_loop_us=6548 d_raster_us=146782 d_observe_us=71057 max_observe_us=16494 d_paints=50 d_skips=0 d_ticks=2 window_ms=1147
[script liveheuv0v_0] crafting 27 essence at the altar
[script liveheuv0v_0] interact Loc { x: 2843, z: 4833, level: 0, action: "Craft-rune", id: Some(2478) }
[panel] liveheuv0v_0: script: crafting 27 essence at the altar
[host] slot liveheuv0v_0: d_loop_us=808 d_raster_us=162953 d_observe_us=59640 max_observe_us=13795 d_paints=50 d_skips=0 d_ticks=1 window_ms=1162
[script liveheuv0v_0] crafted 27 Air runes - exiting temple
[panel] liveheuv0v_0: script: crafted 27 Air runes - exiting temple
live script_mule_crafter: running step 20/28
live script_mule_crafter: running step 21/28
live script_mule_crafter: running step 22/28
[host] slot liveheuv0v_0: d_loop_us=900 d_raster_us=156718 d_observe_us=61999 max_observe_us=14283 d_paints=50 d_skips=0 d_ticks=2 window_ms=1161
[script liveheuv0v_0] taking the portal back to the ruins
[script liveheuv0v_0] interact Loc { x: 2841, z: 4828, level: 0, action: "Use", id: Some(2465) }
[panel] liveheuv0v_0: script: taking the portal back to the ruins
[script liveheuv0v_0] interact Loc { x: 2841, z: 4828, level: 0, action: "Use", id: Some(2465) }
[host] slot liveheuv0v_0: d_loop_us=937 d_raster_us=165716 d_observe_us=52733 max_observe_us=8026 d_paints=50 d_skips=0 d_ticks=2 window_ms=1146
[script liveheuv0v_0] interact Loc { x: 2841, z: 4828, level: 0, action: "Use", id: Some(2465) }
[script liveheuv0v_0] interact Loc { x: 2841, z: 4828, level: 0, action: "Use", id: Some(2465) }
[host] slot liveheuv0v_0: d_loop_us=849 d_raster_us=176421 d_observe_us=56093 max_observe_us=10445 d_paints=50 d_skips=0 d_ticks=2 window_ms=1149
[script liveheuv0v_0] interact ContinueDialog
[script liveheuv0v_0] interact Loc { x: 2841, z: 4828, level: 0, action: "Use", id: Some(2465) }
[host] slot liveheuv0v_0: d_loop_us=861 d_raster_us=169925 d_observe_us=66435 max_observe_us=13478 d_paints=50 d_skips=0 d_ticks=2 window_ms=1144
[panel] liveheuv0v_0: liveheuv0v_0: scene 1
[panel] liveheuv0v_0: liveheuv0v_0: ingame
[panel] liveheuv0v_0: liveheuv0v_0: scene 2
[host] hitch liveheuv0v_0: observe_us=18359 paints=2387 skips=0 ticks=93
[script liveheuv0v_0] back at the mysterious ruins
[panel] liveheuv0v_0: script: back at the mysterious ruins
[host] slot liveheuv0v_0: d_loop_us=12630 d_raster_us=158684 d_observe_us=89940 max_observe_us=18359 d_paints=50 d_skips=0 d_ticks=2 window_ms=1155
[script liveheuv0v_0] interact WalkNear { x: 3013, z: 3355, level: 0, radius: 3, allow_teleports: false }
[nav-follow] here=WorldTile { x: 2983, z: 3288, level: 0 } walk=true transport=false leg=0 hops=1 outcome=None
[host] slot liveheuv0v_0: d_loop_us=783 d_raster_us=133295 d_observe_us=49125 max_observe_us=8632 d_paints=50 d_skips=0 d_ticks=2 window_ms=1170
live script_mule_crafter: running step 23/28
[nav-walk] here=WorldTile { x: 2983, z: 3290, level: 0 } aim=WorldTile { x: 2988, z: 3301, level: 0 } radius=2 ticks_waited=0 sent_tile=Some(WorldTile { x: 2983, z: 3288, level: 0 })
[nav-follow] here=WorldTile { x: 2983, z: 3290, level: 0 } walk=true transport=false leg=0 hops=1 outcome=None
[host] hitch liveheuv0v_0: observe_us=19111 paints=2464 skips=0 ticks=96
[nav-walk] here=WorldTile { x: 2983, z: 3292, level: 0 } aim=WorldTile { x: 2988, z: 3301, level: 0 } radius=2 ticks_waited=1 sent_tile=Some(WorldTile { x: 2983, z: 3288, level: 0 })
[nav-follow] here=WorldTile { x: 2983, z: 3292, level: 0 } walk=true transport=false leg=0 hops=1 outcome=None
[host] hitch liveheuv0v_0: observe_us=18405 paints=2490 skips=0 ticks=97
[host] slot liveheuv0v_0: d_loop_us=815 d_raster_us=153699 d_observe_us=77374 max_observe_us=19111 d_paints=50 d_skips=0 d_ticks=2 window_ms=1158
[nav-walk] here=WorldTile { x: 2983, z: 3294, level: 0 } aim=WorldTile { x: 2988, z: 3301, level: 0 } radius=2 ticks_waited=2 sent_tile=Some(WorldTile { x: 2983, z: 3288, level: 0 })
[nav-follow] here=WorldTile { x: 2983, z: 3294, level: 0 } walk=true transport=false leg=0 hops=1 outcome=None
[host] hitch liveheuv0v_0: observe_us=17986 paints=2516 skips=0 ticks=98
[nav-walk] here=WorldTile { x: 2985, z: 3294, level: 0 } aim=WorldTile { x: 2988, z: 3301, level: 0 } radius=2 ticks_waited=3 sent_tile=Some(WorldTile { x: 2983, z: 3288, level: 0 })
[nav-follow] here=WorldTile { x: 2985, z: 3294, level: 0 } walk=true transport=false leg=0 hops=1 outcome=None
[host] hitch liveheuv0v_0: observe_us=21240 paints=2542 skips=0 ticks=99
[host] slot liveheuv0v_0: d_loop_us=809 d_raster_us=144771 d_observe_us=78357 max_observe_us=21240 d_paints=50 d_skips=0 d_ticks=2 window_ms=1161
[nav-walk] here=WorldTile { x: 2985, z: 3296, level: 0 } aim=WorldTile { x: 2988, z: 3301, level: 0 } radius=2 ticks_waited=4 sent_tile=Some(WorldTile { x: 2983, z: 3288, level: 0 })
[nav-follow] here=WorldTile { x: 2985, z: 3296, level: 0 } walk=true transport=false leg=0 hops=1 outcome=None
[host] hitch liveheuv0v_0: observe_us=22832 paints=2567 skips=0 ticks=100
[nav-walk] here=WorldTile { x: 2986, z: 3298, level: 0 } aim=WorldTile { x: 2988, z: 3301, level: 0 } radius=2 ticks_waited=5 sent_tile=Some(WorldTile { x: 2983, z: 3288, level: 0 })
[nav-follow] here=WorldTile { x: 2986, z: 3298, level: 0 } walk=true transport=false leg=0 hops=1 outcome=None
[host] hitch liveheuv0v_0: observe_us=20591 paints=2593 skips=0 ticks=101
[host] slot liveheuv0v_0: d_loop_us=845 d_raster_us=148625 d_observe_us=83613 max_observe_us=22832 d_paints=50 d_skips=0 d_ticks=2 window_ms=1151
[nav-walk] here=WorldTile { x: 2987, z: 3300, level: 0 } aim=WorldTile { x: 2988, z: 3301, level: 0 } radius=2 ticks_waited=6 sent_tile=Some(WorldTile { x: 2983, z: 3288, level: 0 })
[nav-follow] here=WorldTile { x: 2987, z: 3300, level: 0 } walk=true transport=false leg=0 hops=2 outcome=None
[host] hitch liveheuv0v_0: observe_us=18215 paints=2620 skips=0 ticks=102
[nav-walk] here=WorldTile { x: 2987, z: 3302, level: 0 } aim=WorldTile { x: 2998, z: 3317, level: 0 } radius=2 ticks_waited=0 sent_tile=Some(WorldTile { x: 2987, z: 3300, level: 0 })
[nav-follow] here=WorldTile { x: 2987, z: 3302, level: 0 } walk=true transport=false leg=0 hops=2 outcome=None
[host] hitch liveheuv0v_0: observe_us=18924 paints=2646 skips=0 ticks=103
[host] slot liveheuv0v_0: d_loop_us=900 d_raster_us=143827 d_observe_us=74057 max_observe_us=18924 d_paints=50 d_skips=0 d_ticks=2 window_ms=1140
[nav-walk] here=WorldTile { x: 2987, z: 3304, level: 0 } aim=WorldTile { x: 2998, z: 3317, level: 0 } radius=2 ticks_waited=1 sent_tile=Some(WorldTile { x: 2987, z: 3300, level: 0 })
[nav-follow] here=WorldTile { x: 2987, z: 3304, level: 0 } walk=true transport=false leg=0 hops=2 outcome=None
[host] hitch liveheuv0v_0: observe_us=22178 paints=2672 skips=0 ticks=104
[nav-walk] here=WorldTile { x: 2987, z: 3306, level: 0 } aim=WorldTile { x: 2998, z: 3317, level: 0 } radius=2 ticks_waited=2 sent_tile=Some(WorldTile { x: 2987, z: 3300, level: 0 })
[nav-follow] here=WorldTile { x: 2987, z: 3306, level: 0 } walk=true transport=false leg=0 hops=2 outcome=None
[host] slot liveheuv0v_0: d_loop_us=1021 d_raster_us=144700 d_observe_us=75366 max_observe_us=22178 d_paints=50 d_skips=0 d_ticks=2 window_ms=1156
[nav-walk] here=WorldTile { x: 2989, z: 3308, level: 0 } aim=WorldTile { x: 2998, z: 3317, level: 0 } radius=2 ticks_waited=3 sent_tile=Some(WorldTile { x: 2987, z: 3300, level: 0 })
[nav-follow] here=WorldTile { x: 2989, z: 3308, level: 0 } walk=true transport=false leg=0 hops=2 outcome=None
[nav-walk] here=WorldTile { x: 2991, z: 3310, level: 0 } aim=WorldTile { x: 2998, z: 3317, level: 0 } radius=2 ticks_waited=4 sent_tile=Some(WorldTile { x: 2987, z: 3300, level: 0 })
[nav-follow] here=WorldTile { x: 2991, z: 3310, level: 0 } walk=true transport=false leg=0 hops=2 outcome=None
[host] slot liveheuv0v_0: d_loop_us=824 d_raster_us=105891 d_observe_us=57968 max_observe_us=14554 d_paints=50 d_skips=0 d_ticks=2 window_ms=1170
[nav-walk] here=WorldTile { x: 2993, z: 3312, level: 0 } aim=WorldTile { x: 2998, z: 3317, level: 0 } radius=2 ticks_waited=5 sent_tile=Some(WorldTile { x: 2987, z: 3300, level: 0 })
[nav-follow] here=WorldTile { x: 2993, z: 3312, level: 0 } walk=true transport=false leg=0 hops=2 outcome=None
[host] hitch liveheuv0v_0: observe_us=18322 paints=2775 skips=0 ticks=108
[host] slot liveheuv0v_0: d_loop_us=952 d_raster_us=111107 d_observe_us=56248 max_observe_us=18322 d_paints=50 d_skips=0 d_ticks=1 window_ms=1152
[nav-walk] here=WorldTile { x: 2995, z: 3314, level: 0 } aim=WorldTile { x: 2998, z: 3317, level: 0 } radius=2 ticks_waited=6 sent_tile=Some(WorldTile { x: 2987, z: 3300, level: 0 })
[nav-follow] here=WorldTile { x: 2995, z: 3314, level: 0 } walk=true transport=false leg=0 hops=2 outcome=None
[nav-walk] here=WorldTile { x: 2997, z: 3316, level: 0 } aim=WorldTile { x: 2998, z: 3317, level: 0 } radius=2 ticks_waited=7 sent_tile=Some(WorldTile { x: 2987, z: 3300, level: 0 })
[nav-follow] here=WorldTile { x: 2997, z: 3316, level: 0 } walk=true transport=false leg=0 hops=3 outcome=None
[host] slot liveheuv0v_0: d_loop_us=915 d_raster_us=113461 d_observe_us=58194 max_observe_us=14688 d_paints=50 d_skips=0 d_ticks=2 window_ms=1164
[nav-walk] here=WorldTile { x: 2999, z: 3316, level: 0 } aim=WorldTile { x: 3011, z: 3331, level: 0 } radius=2 ticks_waited=0 sent_tile=Some(WorldTile { x: 2997, z: 3316, level: 0 })
[nav-follow] here=WorldTile { x: 2999, z: 3316, level: 0 } walk=true transport=false leg=0 hops=3 outcome=None
[nav-walk] here=WorldTile { x: 3001, z: 3318, level: 0 } aim=WorldTile { x: 3011, z: 3331, level: 0 } radius=2 ticks_waited=1 sent_tile=Some(WorldTile { x: 2997, z: 3316, level: 0 })
[nav-follow] here=WorldTile { x: 3001, z: 3318, level: 0 } walk=true transport=false leg=0 hops=3 outcome=None
[host] hitch liveheuv0v_0: observe_us=16518 paints=2878 skips=0 ticks=112
[host] slot liveheuv0v_0: d_loop_us=1239 d_raster_us=173811 d_observe_us=85753 max_observe_us=16518 d_paints=50 d_skips=0 d_ticks=2 window_ms=1161
[nav-walk] here=WorldTile { x: 3003, z: 3320, level: 0 } aim=WorldTile { x: 3011, z: 3331, level: 0 } radius=2 ticks_waited=2 sent_tile=Some(WorldTile { x: 2997, z: 3316, level: 0 })
[nav-follow] here=WorldTile { x: 3003, z: 3320, level: 0 } walk=true transport=false leg=0 hops=3 outcome=None
[nav-walk] here=WorldTile { x: 3005, z: 3322, level: 0 } aim=WorldTile { x: 3011, z: 3331, level: 0 } radius=2 ticks_waited=3 sent_tile=Some(WorldTile { x: 2997, z: 3316, level: 0 })
[nav-follow] here=WorldTile { x: 3005, z: 3322, level: 0 } walk=true transport=false leg=0 hops=3 outcome=None
[host] hitch liveheuv0v_0: observe_us=18036 paints=2929 skips=0 ticks=114
[host] slot liveheuv0v_0: d_loop_us=1304 d_raster_us=216936 d_observe_us=97262 max_observe_us=18036 d_paints=50 d_skips=0 d_ticks=2 window_ms=1182
[nav-walk] here=WorldTile { x: 3007, z: 3324, level: 0 } aim=WorldTile { x: 3011, z: 3331, level: 0 } radius=2 ticks_waited=4 sent_tile=Some(WorldTile { x: 2997, z: 3316, level: 0 })
[nav-follow] here=WorldTile { x: 3007, z: 3324, level: 0 } walk=true transport=false leg=0 hops=3 outcome=None
[host] hitch liveheuv0v_0: observe_us=17260 paints=2955 skips=0 ticks=115
[nav-walk] here=WorldTile { x: 3009, z: 3326, level: 0 } aim=WorldTile { x: 3011, z: 3331, level: 0 } radius=2 ticks_waited=5 sent_tile=Some(WorldTile { x: 2997, z: 3316, level: 0 })
[nav-follow] here=WorldTile { x: 3009, z: 3326, level: 0 } walk=true transport=false leg=0 hops=3 outcome=None
[host] hitch liveheuv0v_0: observe_us=20143 paints=2980 skips=0 ticks=116
[host] slot liveheuv0v_0: d_loop_us=1991 d_raster_us=224528 d_observe_us=99187 max_observe_us=20143 d_paints=50 d_skips=0 d_ticks=2 window_ms=1173
[panel] liveheuv0v_0: liveheuv0v_0: scene 1
[panel] liveheuv0v_0: liveheuv0v_0: ingame
[panel] liveheuv0v_0: liveheuv0v_0: scene 2
[nav-walk] here=WorldTile { x: 3011, z: 3330, level: 0 } aim=WorldTile { x: 3011, z: 3331, level: 0 } radius=2 ticks_waited=6 sent_tile=Some(WorldTile { x: 2997, z: 3316, level: 0 })
[nav-follow] here=WorldTile { x: 3011, z: 3330, level: 0 } walk=true transport=false leg=0 hops=4 outcome=None
[host] hitch liveheuv0v_0: observe_us=16741 paints=3032 skips=0 ticks=118
[host] slot liveheuv0v_0: d_loop_us=9156 d_raster_us=170412 d_observe_us=79278 max_observe_us=16741 d_paints=50 d_skips=0 d_ticks=2 window_ms=1174
[nav-walk] here=WorldTile { x: 3010, z: 3332, level: 0 } aim=WorldTile { x: 3011, z: 3347, level: 0 } radius=2 ticks_waited=0 sent_tile=Some(WorldTile { x: 3011, z: 3330, level: 0 })
[nav-follow] here=WorldTile { x: 3010, z: 3332, level: 0 } walk=true transport=false leg=0 hops=4 outcome=None
[host] hitch liveheuv0v_0: observe_us=18115 paints=3057 skips=0 ticks=119
[nav-walk] here=WorldTile { x: 3008, z: 3334, level: 0 } aim=WorldTile { x: 3011, z: 3347, level: 0 } radius=2 ticks_waited=1 sent_tile=Some(WorldTile { x: 3011, z: 3330, level: 0 })
[nav-follow] here=WorldTile { x: 3008, z: 3334, level: 0 } walk=true transport=false leg=0 hops=4 outcome=None
[host] hitch liveheuv0v_0: observe_us=16218 paints=3083 skips=0 ticks=120
[host] slot liveheuv0v_0: d_loop_us=1176 d_raster_us=170859 d_observe_us=63999 max_observe_us=18115 d_paints=50 d_skips=0 d_ticks=2 window_ms=1168
[nav-walk] here=WorldTile { x: 3008, z: 3336, level: 0 } aim=WorldTile { x: 3011, z: 3347, level: 0 } radius=2 ticks_waited=2 sent_tile=Some(WorldTile { x: 3011, z: 3330, level: 0 })
[nav-follow] here=WorldTile { x: 3008, z: 3336, level: 0 } walk=true transport=false leg=0 hops=4 outcome=None
[host] hitch liveheuv0v_0: observe_us=19255 paints=3108 skips=0 ticks=121
[nav-walk] here=WorldTile { x: 3008, z: 3338, level: 0 } aim=WorldTile { x: 3011, z: 3347, level: 0 } radius=2 ticks_waited=3 sent_tile=Some(WorldTile { x: 3011, z: 3330, level: 0 })
[nav-follow] here=WorldTile { x: 3008, z: 3338, level: 0 } walk=true transport=false leg=0 hops=4 outcome=None
[host] hitch liveheuv0v_0: observe_us=21672 paints=3134 skips=0 ticks=122
[host] slot liveheuv0v_0: d_loop_us=1110 d_raster_us=151690 d_observe_us=72693 max_observe_us=21672 d_paints=50 d_skips=0 d_ticks=2 window_ms=1174
[nav-walk] here=WorldTile { x: 3008, z: 3340, level: 0 } aim=WorldTile { x: 3011, z: 3347, level: 0 } radius=2 ticks_waited=4 sent_tile=Some(WorldTile { x: 3011, z: 3330, level: 0 })
[nav-follow] here=WorldTile { x: 3008, z: 3340, level: 0 } walk=true transport=false leg=0 hops=4 outcome=None
[host] hitch liveheuv0v_0: observe_us=18212 paints=3160 skips=0 ticks=123
[nav-walk] here=WorldTile { x: 3008, z: 3342, level: 0 } aim=WorldTile { x: 3011, z: 3347, level: 0 } radius=2 ticks_waited=5 sent_tile=Some(WorldTile { x: 3011, z: 3330, level: 0 })
[nav-follow] here=WorldTile { x: 3008, z: 3342, level: 0 } walk=true transport=false leg=0 hops=4 outcome=None
[host] hitch liveheuv0v_0: observe_us=19680 paints=3187 skips=0 ticks=124
[host] slot liveheuv0v_0: d_loop_us=1266 d_raster_us=153134 d_observe_us=70586 max_observe_us=19680 d_paints=50 d_skips=0 d_ticks=2 window_ms=1131
[nav-walk] here=WorldTile { x: 3008, z: 3344, level: 0 } aim=WorldTile { x: 3011, z: 3347, level: 0 } radius=2 ticks_waited=6 sent_tile=Some(WorldTile { x: 3011, z: 3330, level: 0 })
[nav-follow] here=WorldTile { x: 3008, z: 3344, level: 0 } walk=true transport=false leg=0 hops=4 outcome=None
[host] hitch liveheuv0v_0: observe_us=19062 paints=3212 skips=0 ticks=125
[nav-walk] here=WorldTile { x: 3010, z: 3346, level: 0 } aim=WorldTile { x: 3011, z: 3347, level: 0 } radius=2 ticks_waited=7 sent_tile=Some(WorldTile { x: 3011, z: 3330, level: 0 })
[nav-follow] here=WorldTile { x: 3010, z: 3346, level: 0 } walk=true transport=false leg=0 hops=5 outcome=None
[host] hitch liveheuv0v_0: observe_us=22978 paints=3238 skips=0 ticks=126
[host] slot liveheuv0v_0: d_loop_us=1119 d_raster_us=152269 d_observe_us=78600 max_observe_us=22978 d_paints=50 d_skips=0 d_ticks=2 window_ms=1172
[nav-walk] here=WorldTile { x: 3010, z: 3348, level: 0 } aim=WorldTile { x: 3010, z: 3352, level: 0 } radius=0 ticks_waited=0 sent_tile=Some(WorldTile { x: 3010, z: 3346, level: 0 })
[nav-follow] here=WorldTile { x: 3010, z: 3348, level: 0 } walk=true transport=false leg=0 hops=5 outcome=None
[host] hitch liveheuv0v_0: observe_us=22396 paints=3264 skips=0 ticks=127
[nav-walk] here=WorldTile { x: 3010, z: 3350, level: 0 } aim=WorldTile { x: 3010, z: 3352, level: 0 } radius=0 ticks_waited=1 sent_tile=Some(WorldTile { x: 3010, z: 3346, level: 0 })
[nav-follow] here=WorldTile { x: 3010, z: 3350, level: 0 } walk=true transport=false leg=0 hops=5 outcome=None
[host] hitch liveheuv0v_0: observe_us=20779 paints=3289 skips=0 ticks=128
[host] slot liveheuv0v_0: d_loop_us=1046 d_raster_us=156421 d_observe_us=79226 max_observe_us=22396 d_paints=50 d_skips=0 d_ticks=2 window_ms=1166
[nav-walk] here=WorldTile { x: 3010, z: 3352, level: 0 } aim=WorldTile { x: 3010, z: 3352, level: 0 } radius=0 ticks_waited=2 sent_tile=Some(WorldTile { x: 3010, z: 3346, level: 0 })
[nav-follow] here=WorldTile { x: 3010, z: 3352, level: 0 } walk=false transport=false leg=1 hops=5 outcome=Some(Arrived { at: WorldTile { x: 3010, z: 3352, level: 0 } })
[host] hitch liveheuv0v_0: observe_us=23447 paints=3315 skips=0 ticks=129
[script liveheuv0v_0] interact WalkNear { x: 3013, z: 3355, level: 0, radius: 1, allow_teleports: false }
[nav-follow] here=WorldTile { x: 3010, z: 3352, level: 0 } walk=true transport=false leg=0 hops=1 outcome=None
[host] slot liveheuv0v_0: d_loop_us=1077 d_raster_us=157335 d_observe_us=69263 max_observe_us=23447 d_paints=50 d_skips=0 d_ticks=2 window_ms=1174
[nav-walk] here=WorldTile { x: 3008, z: 3352, level: 0 } aim=WorldTile { x: 3013, z: 3355, level: 0 } radius=0 ticks_waited=0 sent_tile=Some(WorldTile { x: 3010, z: 3352, level: 0 })
[nav-follow] here=WorldTile { x: 3008, z: 3352, level: 0 } walk=true transport=false leg=0 hops=1 outcome=None
[host] hitch liveheuv0v_0: observe_us=16513 paints=3366 skips=0 ticks=131
[nav-walk] here=WorldTile { x: 3008, z: 3354, level: 0 } aim=WorldTile { x: 3013, z: 3355, level: 0 } radius=0 ticks_waited=1 sent_tile=Some(WorldTile { x: 3010, z: 3352, level: 0 })
[nav-follow] here=WorldTile { x: 3008, z: 3354, level: 0 } walk=true transport=false leg=0 hops=1 outcome=None
[host] hitch liveheuv0v_0: observe_us=17695 paints=3392 skips=0 ticks=132
[host] slot liveheuv0v_0: d_loop_us=992 d_raster_us=137335 d_observe_us=66551 max_observe_us=17695 d_paints=50 d_skips=0 d_ticks=2 window_ms=1158
[nav-walk] here=WorldTile { x: 3008, z: 3356, level: 0 } aim=WorldTile { x: 3013, z: 3355, level: 0 } radius=0 ticks_waited=2 sent_tile=Some(WorldTile { x: 3010, z: 3352, level: 0 })
[nav-follow] here=WorldTile { x: 3008, z: 3356, level: 0 } walk=true transport=false leg=0 hops=1 outcome=None
[host] hitch liveheuv0v_0: observe_us=19967 paints=3418 skips=0 ticks=133
[nav-walk] here=WorldTile { x: 3009, z: 3358, level: 0 } aim=WorldTile { x: 3013, z: 3355, level: 0 } radius=0 ticks_waited=3 sent_tile=Some(WorldTile { x: 3010, z: 3352, level: 0 })
[nav-follow] here=WorldTile { x: 3009, z: 3358, level: 0 } walk=true transport=false leg=0 hops=1 outcome=None
[host] hitch liveheuv0v_0: observe_us=20712 paints=3444 skips=0 ticks=134
[host] slot liveheuv0v_0: d_loop_us=993 d_raster_us=149038 d_observe_us=74198 max_observe_us=20712 d_paints=50 d_skips=0 d_ticks=2 window_ms=1159
[nav-walk] here=WorldTile { x: 3011, z: 3359, level: 0 } aim=WorldTile { x: 3013, z: 3355, level: 0 } radius=0 ticks_waited=4 sent_tile=Some(WorldTile { x: 3010, z: 3352, level: 0 })
[nav-follow] here=WorldTile { x: 3011, z: 3359, level: 0 } walk=true transport=false leg=0 hops=1 outcome=None
[host] hitch liveheuv0v_0: observe_us=22356 paints=3470 skips=0 ticks=135
[nav-walk] here=WorldTile { x: 3012, z: 3358, level: 0 } aim=WorldTile { x: 3013, z: 3355, level: 0 } radius=0 ticks_waited=5 sent_tile=Some(WorldTile { x: 3010, z: 3352, level: 0 })
[nav-follow] here=WorldTile { x: 3012, z: 3358, level: 0 } walk=true transport=false leg=0 hops=1 outcome=None
[host] hitch liveheuv0v_0: observe_us=19260 paints=3496 skips=0 ticks=136
[host] slot liveheuv0v_0: d_loop_us=963 d_raster_us=163838 d_observe_us=77185 max_observe_us=22356 d_paints=50 d_skips=0 d_ticks=2 window_ms=1157
[nav-walk] here=WorldTile { x: 3012, z: 3356, level: 0 } aim=WorldTile { x: 3013, z: 3355, level: 0 } radius=0 ticks_waited=6 sent_tile=Some(WorldTile { x: 3010, z: 3352, level: 0 })
[nav-follow] here=WorldTile { x: 3012, z: 3356, level: 0 } walk=true transport=false leg=0 hops=1 outcome=None
[host] hitch liveheuv0v_0: observe_us=21906 paints=3522 skips=0 ticks=137
[script liveheuv0v_0] interact OpenBooth { x: 3011, z: 3354, level: 0, id: 2213, name: Some("Bank booth"), action: Some("Use-quickly") }
[nav-walk] here=WorldTile { x: 3012, z: 3355, level: 0 } aim=WorldTile { x: 3013, z: 3355, level: 0 } radius=0 ticks_waited=7 sent_tile=Some(WorldTile { x: 3010, z: 3352, level: 0 })
[nav-follow] here=WorldTile { x: 3012, z: 3355, level: 0 } walk=true transport=false leg=0 hops=1 outcome=None
[host] hitch liveheuv0v_0: observe_us=21142 paints=3547 skips=0 ticks=138
[host] slot liveheuv0v_0: d_loop_us=1028 d_raster_us=175705 d_observe_us=79762 max_observe_us=21906 d_paints=50 d_skips=0 d_ticks=2 window_ms=1167
[nav-walk] here=WorldTile { x: 3012, z: 3355, level: 0 } aim=WorldTile { x: 3013, z: 3355, level: 0 } radius=0 ticks_waited=8 sent_tile=Some(WorldTile { x: 3010, z: 3352, level: 0 })
[nav-follow] here=WorldTile { x: 3012, z: 3355, level: 0 } walk=true transport=false leg=0 hops=1 outcome=None
[nav-walk] here=WorldTile { x: 3012, z: 3355, level: 0 } aim=WorldTile { x: 3013, z: 3355, level: 0 } radius=0 ticks_waited=9 sent_tile=Some(WorldTile { x: 3010, z: 3352, level: 0 })
[nav-follow] here=WorldTile { x: 3012, z: 3355, level: 0 } walk=true transport=false leg=0 hops=1 outcome=None
[host] slot liveheuv0v_0: d_loop_us=979 d_raster_us=172903 d_observe_us=54418 max_observe_us=11129 d_paints=50 d_skips=0 d_ticks=2 window_ms=1163
[nav-walk] here=WorldTile { x: 3012, z: 3355, level: 0 } aim=WorldTile { x: 3013, z: 3355, level: 0 } radius=0 ticks_waited=10 sent_tile=Some(WorldTile { x: 3010, z: 3352, level: 0 })
[nav-follow] here=WorldTile { x: 3012, z: 3355, level: 0 } walk=true transport=false leg=0 hops=1 outcome=None
[host] slot liveheuv0v_0: d_loop_us=934 d_raster_us=165408 d_observe_us=47633 max_observe_us=10881 d_paints=50 d_skips=0 d_ticks=1 window_ms=1155
[nav-walk] here=WorldTile { x: 3012, z: 3355, level: 0 } aim=WorldTile { x: 3013, z: 3355, level: 0 } radius=0 ticks_waited=11 sent_tile=Some(WorldTile { x: 3010, z: 3352, level: 0 })
[nav-follow] here=WorldTile { x: 3012, z: 3355, level: 0 } walk=true transport=false leg=0 hops=1 outcome=None
[nav-walk] here=WorldTile { x: 3012, z: 3355, level: 0 } aim=WorldTile { x: 3013, z: 3355, level: 0 } radius=0 ticks_waited=12 sent_tile=Some(WorldTile { x: 3010, z: 3352, level: 0 })
[nav-follow] here=WorldTile { x: 3012, z: 3355, level: 0 } walk=true transport=false leg=0 hops=1 outcome=None
[host] slot liveheuv0v_0: d_loop_us=1006 d_raster_us=168852 d_observe_us=59526 max_observe_us=11752 d_paints=50 d_skips=0 d_ticks=2 window_ms=1159
[nav-walk] here=WorldTile { x: 3012, z: 3355, level: 0 } aim=WorldTile { x: 3013, z: 3355, level: 0 } radius=0 ticks_waited=13 sent_tile=Some(WorldTile { x: 3010, z: 3352, level: 0 })
[nav-follow] here=WorldTile { x: 3012, z: 3355, level: 0 } walk=true transport=false leg=0 hops=1 outcome=None
[nav-walk] here=WorldTile { x: 3012, z: 3355, level: 0 } aim=WorldTile { x: 3013, z: 3355, level: 0 } radius=0 ticks_waited=14 sent_tile=Some(WorldTile { x: 3010, z: 3352, level: 0 })
[nav-follow] here=WorldTile { x: 3012, z: 3355, level: 0 } walk=true transport=false leg=0 hops=1 outcome=None
[host] slot liveheuv0v_0: d_loop_us=995 d_raster_us=177343 d_observe_us=61667 max_observe_us=11993 d_paints=50 d_skips=0 d_ticks=2 window_ms=1133
[nav-walk] here=WorldTile { x: 3012, z: 3355, level: 0 } aim=WorldTile { x: 3013, z: 3355, level: 0 } radius=0 ticks_waited=15 sent_tile=Some(WorldTile { x: 3010, z: 3352, level: 0 })
[nav-follow] here=WorldTile { x: 3012, z: 3355, level: 0 } walk=true transport=false leg=0 hops=1 outcome=None
[script liveheuv0v_0] interact OpenBooth { x: 3011, z: 3354, level: 0, id: 2213, name: Some("Bank booth"), action: Some("Use-quickly") }
[nav-walk] here=WorldTile { x: 3011, z: 3355, level: 0 } aim=WorldTile { x: 3013, z: 3355, level: 0 } radius=0 ticks_waited=16 sent_tile=Some(WorldTile { x: 3010, z: 3352, level: 0 })
[nav-follow] here=WorldTile { x: 3011, z: 3355, level: 0 } walk=true transport=false leg=0 hops=1 outcome=None
[host] hitch liveheuv0v_0: observe_us=21367 paints=3782 skips=0 ticks=147
[host] slot liveheuv0v_0: d_loop_us=1011 d_raster_us=174076 d_observe_us=69521 max_observe_us=21367 d_paints=50 d_skips=0 d_ticks=2 window_ms=1153
[nav-walk] here=WorldTile { x: 3011, z: 3355, level: 0 } aim=WorldTile { x: 3013, z: 3355, level: 0 } radius=0 ticks_waited=17 sent_tile=Some(WorldTile { x: 3010, z: 3352, level: 0 })
[nav-follow] here=WorldTile { x: 3011, z: 3355, level: 0 } walk=true transport=false leg=0 hops=1 outcome=None
[nav-walk] here=WorldTile { x: 3011, z: 3355, level: 0 } aim=WorldTile { x: 3013, z: 3355, level: 0 } radius=0 ticks_waited=18 sent_tile=Some(WorldTile { x: 3010, z: 3352, level: 0 })
[nav-follow] here=WorldTile { x: 3011, z: 3355, level: 0 } walk=true transport=false leg=0 hops=1 outcome=None
[host] slot liveheuv0v_0: d_loop_us=1082 d_raster_us=217900 d_observe_us=65041 max_observe_us=14751 d_paints=50 d_skips=0 d_ticks=2 window_ms=1146
[nav-walk] here=WorldTile { x: 3011, z: 3355, level: 0 } aim=WorldTile { x: 3013, z: 3355, level: 0 } radius=0 ticks_waited=19 sent_tile=Some(WorldTile { x: 3010, z: 3352, level: 0 })
[nav-follow] here=WorldTile { x: 3011, z: 3355, level: 0 } walk=true transport=false leg=0 hops=1 outcome=None
live script_mule_crafter: running step 24/28
live script_mule_crafter: running step 25/28
[nav-walk] here=WorldTile { x: 3011, z: 3355, level: 0 } aim=WorldTile { x: 3013, z: 3355, level: 0 } radius=0 ticks_waited=20 sent_tile=Some(WorldTile { x: 3010, z: 3352, level: 0 })
[nav-follow] here=WorldTile { x: 3011, z: 3355, level: 0 } walk=true transport=false leg=0 hops=1 outcome=None
[script liveheuv0v_0] deposited 27 Air runes
[panel] liveheuv0v_0: script: deposited 27 Air runes
[host] slot liveheuv0v_0: d_loop_us=963 d_raster_us=226413 d_observe_us=60052 max_observe_us=10844 d_paints=50 d_skips=0 d_ticks=2 window_ms=1152
[nav-walk] here=WorldTile { x: 3011, z: 3355, level: 0 } aim=WorldTile { x: 3013, z: 3355, level: 0 } radius=0 ticks_waited=21 sent_tile=Some(WorldTile { x: 3010, z: 3352, level: 0 })
[nav-follow] here=WorldTile { x: 3011, z: 3355, level: 0 } walk=true transport=false leg=0 hops=1 outcome=None
[nav-walk] here=WorldTile { x: 3011, z: 3355, level: 0 } aim=WorldTile { x: 3013, z: 3355, level: 0 } radius=0 ticks_waited=22 sent_tile=Some(WorldTile { x: 3010, z: 3352, level: 0 })
[nav-follow] here=WorldTile { x: 3011, z: 3355, level: 0 } walk=true transport=false leg=0 hops=1 outcome=None
[host] slot liveheuv0v_0: d_loop_us=1061 d_raster_us=229669 d_observe_us=62808 max_observe_us=13778 d_paints=50 d_skips=0 d_ticks=2 window_ms=1135
[nav-walk] here=WorldTile { x: 3011, z: 3355, level: 0 } aim=WorldTile { x: 3013, z: 3355, level: 0 } radius=0 ticks_waited=23 sent_tile=Some(WorldTile { x: 3010, z: 3352, level: 0 })
[nav-follow] here=WorldTile { x: 3011, z: 3355, level: 0 } walk=true transport=false leg=0 hops=1 outcome=None
[script liveheuv0v_0] cleared 1 slot(s)
[panel] liveheuv0v_0: script: cleared 1 slot(s)
[nav-walk] here=WorldTile { x: 3011, z: 3355, level: 0 } aim=WorldTile { x: 3013, z: 3355, level: 0 } radius=0 ticks_waited=24 sent_tile=Some(WorldTile { x: 3010, z: 3352, level: 0 })
[nav-follow] here=WorldTile { x: 3011, z: 3355, level: 0 } walk=true transport=false leg=0 hops=1 outcome=None
[host] slot liveheuv0v_0: d_loop_us=1057 d_raster_us=234804 d_observe_us=63440 max_observe_us=13919 d_paints=50 d_skips=0 d_ticks=2 window_ms=1135
[nav-walk] here=WorldTile { x: 3011, z: 3355, level: 0 } aim=WorldTile { x: 3013, z: 3355, level: 0 } radius=0 ticks_waited=25 sent_tile=Some(WorldTile { x: 3010, z: 3352, level: 0 })
[nav-follow] here=WorldTile { x: 3011, z: 3355, level: 0 } walk=true transport=false leg=0 hops=1 outcome=None
[nav-walk] here=WorldTile { x: 3011, z: 3355, level: 0 } aim=WorldTile { x: 3013, z: 3355, level: 0 } radius=0 ticks_waited=26 sent_tile=Some(WorldTile { x: 3010, z: 3352, level: 0 })
[nav-follow] here=WorldTile { x: 3011, z: 3355, level: 0 } walk=true transport=false leg=0 hops=1 outcome=None
[host] slot liveheuv0v_0: d_loop_us=978 d_raster_us=228135 d_observe_us=57952 max_observe_us=10700 d_paints=50 d_skips=0 d_ticks=2 window_ms=1139
[nav-walk] here=WorldTile { x: 3011, z: 3355, level: 0 } aim=WorldTile { x: 3013, z: 3355, level: 0 } radius=0 ticks_waited=27 sent_tile=Some(WorldTile { x: 3010, z: 3352, level: 0 })
[nav-follow] here=WorldTile { x: 3011, z: 3355, level: 0 } walk=true transport=false leg=0 hops=1 outcome=None
[nav-walk] here=WorldTile { x: 3011, z: live script_mule_crafter: running step 26/28
3355, level: 0 } aim=WorldTile { x: 3013, z: 3355, level: 0 } radius=0 ticks_waited=28 sent_tile=Some(WorldTile { x: 3010, z: 3352, level: 0 })
[nav-follow] here=WorldTile { x: 3011, z: 3355, level: 0 } walk=true transport=false leg=0 hops=1 outcome=None
[host] slot liveheuv0v_0: d_loop_us=1072 d_raster_us=234815 d_observe_us=65417 max_observe_us=13193 d_paints=50 d_skips=0 d_ticks=2 window_ms=1134
[nav-walk] here=WorldTile { x: 3011, z: 3355, level: 0 } aim=WorldTile { x: 3013, z: 3355, level: 0 } radius=0 ticks_waited=29 sent_tile=Some(WorldTile { x: 3010, z: 3352, level: 0 })
[nav-follow] here=WorldTile { x: 3011, z: 3355, level: 0 } walk=true transport=false leg=0 hops=1 outcome=None
[script liveheuv0v_0] withdrew 27 essence from the bank
[panel] liveheuv0v_0: script: withdrew 27 essence from the bank
[nav-walk] here=WorldTile { x: 3011, z: 3355, level: 0 } aim=WorldTile { x: 3013, z: 3355, level: 0 } radius=0 ticks_waited=30 sent_tile=Some(WorldTile { x: 3010, z: 3352, level: 0 })
[nav-follow] here=WorldTile { x: 3011, z: 3355, level: 0 } walk=true transport=false leg=0 hops=1 outcome=None
[host] slot liveheuv0v_0: d_loop_us=1020 d_raster_us=234736 d_observe_us=63366 max_observe_us=10946 d_paints=50 d_skips=0 d_ticks=2 window_ms=1156
[script liveheuv0v_0] interact WalkNear { x: 2983, z: 3288, level: 0, radius: 2, allow_teleports: false }
[nav-follow] here=WorldTile { x: 3011, z: 3355, level: 0 } walk=true transport=false leg=0 hops=1 outcome=None
[host] slot liveheuv0v_0: d_loop_us=962 d_raster_us=223373 d_observe_us=48249 max_observe_us=10644 d_paints=50 d_skips=0 d_ticks=1 window_ms=1134
[nav-walk] here=WorldTile { x: 3012, z: 3357, level: 0 } aim=WorldTile { x: 3010, z: 3350, level: 0 } radius=2 ticks_waited=0 sent_tile=Some(WorldTile { x: 3011, z: 3355, level: 0 })
[nav-follow] here=WorldTile { x: 3012, z: 3357, level: 0 } walk=true transport=false leg=0 hops=1 outcome=None
[host] hitch liveheuv0v_0: observe_us=21708 paints=4201 skips=0 ticks=163
live script_mule_crafter: running step 27/28
[nav-walk] here=WorldTile { x: 3012, z: 3359, level: 0 } aim=WorldTile { x: 3010, z: 3350, level: 0 } radius=2 ticks_waited=1 sent_tile=Some(WorldTile { x: 3011, z: 3355, level: 0 })
[nav-follow] here=WorldTile { x: 3012, z: 3359, level: 0 } walk=true transport=false leg=0 hops=1 outcome=None
[host] hitch liveheuv0v_0: observe_us=21419 paints=4227 skips=0 ticks=164
[host] slot liveheuv0v_0: d_loop_us=1000 d_raster_us=175491 d_observe_us=81619 max_observe_us=21708 d_paints=50 d_skips=0 d_ticks=2 window_ms=1172
[nav-walk] here=WorldTile { x: 3010, z: 3359, level: 0 } aim=WorldTile { x: 3010, z: 3350, level: 0 } radius=2 ticks_waited=2 sent_tile=Some(WorldTile { x: 3011, z: 3355, level: 0 })
[nav-follow] here=WorldTile { x: 3010, z: 3359, level: 0 } walk=true transport=false leg=0 hops=1 outcome=None
[host] hitch liveheuv0v_0: observe_us=21884 paints=4253 skips=0 ticks=165
[nav-walk] here=WorldTile { x: 3008, z: 3357, level: 0 } aim=WorldTile { x: 3010, z: 3350, level: 0 } radius=2 ticks_waited=3 sent_tile=Some(WorldTile { x: 3011, z: 3355, level: 0 })
[nav-follow] here=WorldTile { x: 3008, z: 3357, level: 0 } walk=true transport=false leg=0 hops=1 outcome=None
[host] hitch liveheuv0v_0: observe_us=21245 paints=4279 skips=0 ticks=166
[host] slot liveheuv0v_0: d_loop_us=1033 d_raster_us=177582 d_observe_us=80278 max_observe_us=21884 d_paints=50 d_skips=0 d_ticks=2 window_ms=1147
[nav-walk] here=WorldTile { x: 3008, z: 3355, level: 0 } aim=WorldTile { x: 3010, z: 3350, level: 0 } radius=2 ticks_waited=4 sent_tile=Some(WorldTile { x: 3011, z: 3355, level: 0 })
[nav-follow] here=WorldTile { x: 3008, z: 3355, level: 0 } walk=true transport=false leg=0 hops=1 outcome=None
[host] hitch liveheuv0v_0: observe_us=21251 paints=4305 skips=0 ticks=167
[nav-walk] here=WorldTile { x: 3008, z: 3353, level: 0 } aim=WorldTile { x: 3010, z: 3350, level: 0 } radius=2 ticks_waited=5 sent_tile=Some(WorldTile { x: 3011, z: 3355, level: 0 })
[nav-follow] here=WorldTile { x: 3008, z: 3353, level: 0 } walk=true transport=false leg=0 hops=1 outcome=None
[host] hitch liveheuv0v_0: observe_us=20224 paints=4331 skips=0 ticks=168
[host] slot liveheuv0v_0: d_loop_us=1104 d_raster_us=162355 d_observe_us=78716 max_observe_us=21251 d_paints=50 d_skips=0 d_ticks=2 window_ms=1149
[nav-walk] here=WorldTile { x: 3009, z: 3351, level: 0 } aim=WorldTile { x: 3010, z: 3350, level: 0 } radius=2 ticks_waited=6 sent_tile=Some(WorldTile { x: 3011, z: 3355, level: 0 })
[nav-follow] here=WorldTile { x: 3009, z: 3351, level: 0 } walk=true transport=false leg=0 hops=2 outcome=None
[host] hitch liveheuv0v_0: observe_us=25831 paints=4357 skips=0 ticks=169
[nav-walk] here=WorldTile { x: 3009, z: 3349, level: 0 } aim=WorldTile { x: 3008, z: 3334, level: 0 } radius=2 ticks_waited=0 sent_tile=Some(WorldTile { x: 3009, z: 3351, level: 0 })
[nav-follow] here=WorldTile { x: 3009, z: 3349, level: 0 } walk=true transport=false leg=0 hops=2 outcome=None
[host] hitch liveheuv0v_0: observe_us=21508 paints=4383 skips=0 ticks=170
[host] slot liveheuv0v_0: d_loop_us=1105 d_raster_us=162776 d_observe_us=86771 max_observe_us=25831 d_paints=50 d_skips=0 d_ticks=2 window_ms=1164
[nav-walk] here=WorldTile { x: 3009, z: 3347, level: 0 } aim=WorldTile { x: 3008, z: 3334, level: 0 } radius=2 ticks_waited=1 sent_tile=Some(WorldTile { x: 3009, z: 3351, level: 0 })
[nav-follow] here=WorldTile { x: 3009, z: 3347, level: 0 } walk=true transport=false leg=0 hops=2 outcome=None
[host] hitch liveheuv0v_0: observe_us=22183 paints=4409 skips=0 ticks=171
[nav-walk] here=WorldTile { x: 3009, z: 3345, level: 0 } aim=WorldTile { x: 3008, z: 3334, level: 0 } radius=2 ticks_waited=2 sent_tile=Some(WorldTile { x: 3009, z: 3351, level: 0 })
[nav-follow] here=WorldTile { x: 3009, z: 3345, level: 0 } walk=true transport=false leg=0 hops=2 outcome=None
[host] hitch liveheuv0v_0: observe_us=20874 paints=4434 skips=0 ticks=172
[host] slot liveheuv0v_0: d_loop_us=1204 d_raster_us=159420 d_observe_us=78845 max_observe_us=22183 d_paints=50 d_skips=0 d_ticks=2 window_ms=1167
[nav-walk] here=WorldTile { x: 3008, z: 3343, level: 0 } aim=WorldTile { x: 3008, z: 3334, level: 0 } radius=2 ticks_waited=3 sent_tile=Some(WorldTile { x: 3009, z: 3351, level: 0 })
[nav-follow] here=WorldTile { x: 3008, z: 3343, level: 0 } walk=true transport=false leg=0 hops=2 outcome=None
[host] hitch liveheuv0v_0: observe_us=19839 paints=4460 skips=0 ticks=173
[nav-walk] here=WorldTile { x: 3008, z: 3341, level: 0 } aim=WorldTile { x: 3008, z: 3334, level: 0 } radius=2 ticks_waited=4 sent_tile=Some(WorldTile { x: 3009, z: 3351, level: 0 })
[nav-follow] here=WorldTile { x: 3008, z: 3341, level: 0 } walk=true transport=false leg=0 hops=2 outcome=None
[host] hitch liveheuv0v_0: observe_us=20070 paints=4486 skips=0 ticks=174
[host] slot liveheuv0v_0: d_loop_us=1186 d_raster_us=155230 d_observe_us=76427 max_observe_us=20070 d_paints=50 d_skips=0 d_ticks=2 window_ms=1172
[nav-walk] here=WorldTile { x: 3008, z: 3339, level: 0 } aim=WorldTile { x: 3008, z: 3334, level: 0 } radius=2 ticks_waited=5 sent_tile=Some(WorldTile { x: 3009, z: 3351, level: 0 })
[nav-follow] here=WorldTile { x: 3008, z: 3339, level: 0 } walk=true transport=false leg=0 hops=2 outcome=None
[host] hitch liveheuv0v_0: observe_us=21238 paints=4511 skips=0 ticks=175
[nav-walk] here=WorldTile { x: 3008, z: 3337, level: 0 } aim=WorldTile { x: 3008, z: 3334, level: 0 } radius=2 ticks_waited=6 sent_tile=Some(WorldTile { x: 3009, z: 3351, level: 0 })
[nav-follow] here=WorldTile { x: 3008, z: 3337, level: 0 } walk=true transport=false leg=0 hops=2 outcome=None
[host] hitch liveheuv0v_0: observe_us=23954 paints=4537 skips=0 ticks=176
[host] slot liveheuv0v_0: d_loop_us=1263 d_raster_us=166457 d_observe_us=84456 max_observe_us=23954 d_paints=50 d_skips=0 d_ticks=2 window_ms=1157
[nav-walk] here=WorldTile { x: 3008, z: 3335, level: 0 } aim=WorldTile { x: 3008, z: 3334, level: 0 } radius=2 ticks_waited=7 sent_tile=Some(WorldTile { x: 3009, z: 3351, level: 0 })
[nav-follow] here=WorldTile { x: 3008, z: 3335, level: 0 } walk=true transport=false leg=0 hops=3 outcome=None
[host] hitch liveheuv0v_0: observe_us=27089 paints=4563 skips=0 ticks=177
[nav-walk] here=WorldTile { x: 3008, z: 3333, level: 0 } aim=WorldTile { x: 3001, z: 3320, level: 0 } radius=2 ticks_waited=0 sent_tile=Some(WorldTile { x: 3008, z: 3335, level: 0 })
[nav-follow] here=WorldTile { x: 3008, z: 3333, level: 0 } walk=true transport=false leg=0 hops=3 outcome=None
[host] hitch liveheuv0v_0: observe_us=19732 paints=4588 skips=0 ticks=178
[host] slot liveheuv0v_0: d_loop_us=1193 d_raster_us=157329 d_observe_us=85024 max_observe_us=27089 d_paints=50 d_skips=0 d_ticks=2 window_ms=1176
[nav-walk] here=WorldTile { x: 3008, z: 3331, level: 0 } aim=WorldTile { x: 3001, z: 3320, level: 0 } radius=2 ticks_waited=1 sent_tile=Some(WorldTile { x: 3008, z: 3335, level: 0 })
[nav-follow] here=WorldTile { x: 3008, z: 3331, level: 0 } walk=true transport=false leg=0 hops=3 outcome=None
[host] hitch liveheuv0v_0: observe_us=22154 paints=4614 skips=0 ticks=179
[nav-walk] here=WorldTile { x: 3008, z: 3329, level: 0 } aim=WorldTile { x: 3001, z: 3320, level: 0 } radius=2 ticks_waited=2 sent_tile=Some(WorldTile { x: 3008, z: 3335, level: 0 })
[nav-follow] here=WorldTile { x: 3008, z: 3329, level: 0 } walk=true transport=false leg=0 hops=3 outcome=None
[host] hitch liveheuv0v_0: observe_us=22633 paints=4640 skips=0 ticks=180
[host] slot liveheuv0v_0: d_loop_us=1197 d_raster_us=174538 d_observe_us=81708 max_observe_us=22633 d_paints=50 d_skips=0 d_ticks=2 window_ms=1154
[nav-walk] here=WorldTile { x: 3008, z: 3327, level: 0 } aim=WorldTile { x: 3001, z: 3320, level: 0 } radius=2 ticks_waited=3 sent_tile=Some(WorldTile { x: 3008, z: 3335, level: 0 })
[nav-follow] here=WorldTile { x: 3008, z: 3327, level: 0 } walk=true transport=false leg=0 hops=3 outcome=None
[host] hitch liveheuv0v_0: observe_us=23365 paints=4666 skips=0 ticks=181
[nav-walk] here=WorldTile { x: 3008, z: 3325, level: 0 } aim=WorldTile { x: 3001, z: 3320, level: 0 } radius=2 ticks_waited=4 sent_tile=Some(WorldTile { x: 3008, z: 3335, level: 0 })
[nav-follow] here=WorldTile { x: 3008, z: 3325, level: 0 } walk=true transport=false leg=0 hops=3 outcome=None
[host] hitch liveheuv0v_0: observe_us=19110 paints=4692 skips=0 ticks=182
[host] slot liveheuv0v_0: d_loop_us=1144 d_raster_us=169923 d_observe_us=80825 max_observe_us=23365 d_paints=50 d_skips=0 d_ticks=2 window_ms=1152
[nav-walk] here=WorldTile { x: 3006, z: 3323, level: 0 } aim=WorldTile { x: 3001, z: 3320, level: 0 } radius=2 ticks_waited=5 sent_tile=Some(WorldTile { x: 3008, z: 3335, level: 0 })
[nav-follow] here=WorldTile { x: 3006, z: 3323, level: 0 } walk=true transport=false leg=0 hops=3 outcome=None
[host] hitch liveheuv0v_0: observe_us=23775 paints=4718 skips=0 ticks=183
[nav-walk] here=WorldTile { x: 3004, z: 3322, level: 0 } aim=WorldTile { x: 3001, z: 3320, level: 0 } radius=2 ticks_waited=6 sent_tile=Some(WorldTile { x: 3008, z: 3335, level: 0 })
[nav-follow] here=WorldTile { x: 3004, z: 3322, level: 0 } walk=true transport=false leg=0 hops=3 outcome=None
[host] hitch liveheuv0v_0: observe_us=23790 paints=4744 skips=0 ticks=184
[host] slot liveheuv0v_0: d_loop_us=1234 d_raster_us=183191 d_observe_us=88155 max_observe_us=23790 d_paints=50 d_skips=0 d_ticks=2 window_ms=1158
[nav-walk] here=WorldTile { x: 3002, z: 3321, level: 0 } aim=WorldTile { x: 3001, z: 3320, level: 0 } radius=2 ticks_waited=7 sent_tile=Some(WorldTile { x: 3008, z: 3335, level: 0 })
[nav-follow] here=WorldTile { x: 3002, z: 3321, level: 0 } walk=true transport=false leg=0 hops=4 outcome=None
[host] hitch liveheuv0v_0: observe_us=20390 paints=4770 skips=0 ticks=185
[nav-walk] here=WorldTile { x: 3000, z: 3319, level: 0 } aim=WorldTile { x: 2985, z: 3305, level: 0 } radius=2 ticks_waited=0 sent_tile=Some(WorldTile { x: 3002, z: 3321, level: 0 })
[nav-follow] here=WorldTile { x: 3000, z: 3319, level: 0 } walk=true transport=false leg=0 hops=4 outcome=None
[host] hitch liveheuv0v_0: observe_us=24131 paints=4796 skips=0 ticks=186
[host] slot liveheuv0v_0: d_loop_us=1138 d_raster_us=162941 d_observe_us=89685 max_observe_us=24131 d_paints=50 d_skips=0 d_ticks=2 window_ms=1168
[nav-walk] here=WorldTile { x: 2998, z: 3317, level: 0 } aim=WorldTile { x: 2985, z: 3305, level: 0 } radius=2 ticks_waited=1 sent_tile=Some(WorldTile { x: 3002, z: 3321, level: 0 })
[nav-follow] here=WorldTile { x: 2998, z: 3317, level: 0 } walk=true transport=false leg=0 hops=4 outcome=None
[host] hitch liveheuv0v_0: observe_us=24933 paints=4821 skips=0 ticks=187
[nav-walk] here=WorldTile { x: 2996, z: 3315, level: 0 } aim=WorldTile { x: 2985, z: 3305, level: 0 } radius=2 ticks_waited=2 sent_tile=Some(WorldTile { x: 3002, z: 3321, level: 0 })
[nav-follow] here=WorldTile { x: 2996, z: 3315, level: 0 } walk=true transport=false leg=0 hops=4 outcome=None
[host] hitch liveheuv0v_0: observe_us=21596 paints=4847 skips=0 ticks=188
[host] slot liveheuv0v_0: d_loop_us=1046 d_raster_us=156004 d_observe_us=86517 max_observe_us=24933 d_paints=50 d_skips=0 d_ticks=2 window_ms=1171
[nav-walk] here=WorldTile { x: 2994, z: 3314, level: 0 } aim=WorldTile { x: 2985, z: 3305, level: 0 } radius=2 ticks_waited=3 sent_tile=Some(WorldTile { x: 3002, z: 3321, level: 0 })
[nav-follow] here=WorldTile { x: 2994, z: 3314, level: 0 } walk=true transport=false leg=0 hops=4 outcome=None
[host] hitch liveheuv0v_0: observe_us=22070 paints=4872 skips=0 ticks=189
[nav-walk] here=WorldTile { x: 2992, z: 3312, level: 0 } aim=WorldTile { x: 2985, z: 3305, level: 0 } radius=2 ticks_waited=4 sent_tile=Some(WorldTile { x: 3002, z: 3321, level: 0 })
[nav-follow] here=WorldTile { x: 2992, z: 3312, level: 0 } walk=true transport=false leg=0 hops=4 outcome=None
[host] hitch liveheuv0v_0: observe_us=22004 paints=4898 skips=0 ticks=190
[host] slot liveheuv0v_0: d_loop_us=972 d_raster_us=145436 d_observe_us=81444 max_observe_us=22070 d_paints=50 d_skips=0 d_ticks=2 window_ms=1164
[nav-walk] here=WorldTile { x: 2990, z: 3310, level: 0 } aim=WorldTile { x: 2985, z: 3305, level: 0 } radius=2 ticks_waited=5 sent_tile=Some(WorldTile { x: 3002, z: 3321, level: 0 })
[nav-follow] here=WorldTile { x: 2990, z: 3310, level: 0 } walk=true transport=false leg=0 hops=4 outcome=None
[host] hitch liveheuv0v_0: observe_us=24343 paints=4924 skips=0 ticks=191
[nav-walk] here=WorldTile { x: 2988, z: 3308, level: 0 } aim=WorldTile { x: 2985, z: 3305, level: 0 } radius=2 ticks_waited=6 sent_tile=Some(WorldTile { x: 3002, z: 3321, level: 0 })
[nav-follow] here=WorldTile { x: 2988, z: 3308, level: 0 } walk=true transport=false leg=0 hops=4 outcome=None
[host] hitch liveheuv0v_0: observe_us=21066 paints=4949 skips=0 ticks=192
[host] slot liveheuv0v_0: d_loop_us=1117 d_raster_us=142520 d_observe_us=86407 max_observe_us=24343 d_paints=50 d_skips=0 d_ticks=2 window_ms=1192
[nav-walk] here=WorldTile { x: 2986, z: 3306, level: 0 } aim=WorldTile { x: 2985, z: 3305, level: 0 } radius=2 ticks_waited=7 sent_tile=Some(WorldTile { x: 3002, z: 3321, level: 0 })
[nav-follow] here=WorldTile { x: 2986, z: 3306, level: 0 } walk=true transport=false leg=0 hops=5 outcome=None
[host] hitch liveheuv0v_0: observe_us=23041 paints=4975 skips=0 ticks=193
[host] slot liveheuv0v_0: d_loop_us=933 d_raster_us=134000 d_observe_us=61762 max_observe_us=23041 d_paints=50 d_skips=0 d_ticks=1 window_ms=1152
[nav-walk] here=WorldTile { x: 2984, z: 3304, level: 0 } aim=WorldTile { x: 2981, z: 3290, level: 0 } radius=0 ticks_waited=0 sent_tile=Some(WorldTile { x: 2986, z: 3306, level: 0 })
[nav-follow] here=WorldTile { x: 2984, z: 3304, level: 0 } walk=true transport=false leg=0 hops=5 outcome=None
[host] hitch liveheuv0v_0: observe_us=20896 paints=5001 skips=0 ticks=194
[nav-walk] here=WorldTile { x: 2982, z: 3303, level: 0 } aim=WorldTile { x: 2981, z: 3290, level: 0 } radius=0 ticks_waited=1 sent_tile=Some(WorldTile { x: 2986, z: 3306, level: 0 })
[nav-follow] here=WorldTile { x: 2982, z: 3303, level: 0 } walk=true transport=false leg=0 hops=5 outcome=None
[host] hitch liveheuv0v_0: observe_us=22346 paints=5026 skips=0 ticks=195
[host] slot liveheuv0v_0: d_loop_us=921 d_raster_us=145347 d_observe_us=81287 max_observe_us=22346 d_paints=50 d_skips=0 d_ticks=2 window_ms=1174
[nav-walk] here=WorldTile { x: 2980, z: 3302, level: 0 } aim=WorldTile { x: 2981, z: 3290, level: 0 } radius=0 ticks_waited=2 sent_tile=Some(WorldTile { x: 2986, z: 3306, level: 0 })
[nav-follow] here=WorldTile { x: 2980, z: 3302, level: 0 } walk=true transport=false leg=0 hops=5 outcome=None
[host] hitch liveheuv0v_0: observe_us=24630 paints=5052 skips=0 ticks=196
[nav-walk] here=WorldTile { x: 2980, z: 3300, level: 0 } aim=WorldTile { x: 2981, z: 3290, level: 0 } radius=0 ticks_waited=3 sent_tile=Some(WorldTile { x: 2986, z: 3306, level: 0 })
[nav-follow] here=WorldTile { x: 2980, z: 3300, level: 0 } walk=true transport=false leg=0 hops=5 outcome=None
[host] hitch liveheuv0v_0: observe_us=21121 paints=5078 skips=0 ticks=197
[host] slot liveheuv0v_0: d_loop_us=864 d_raster_us=141817 d_observe_us=82550 max_observe_us=24630 d_paints=50 d_skips=0 d_ticks=2 window_ms=1152
[nav-walk] here=WorldTile { x: 2978, z: 3299, level: 0 } aim=WorldTile { x: 2981, z: 3290, level: 0 } radius=0 ticks_waited=4 sent_tile=Some(WorldTile { x: 2986, z: 3306, level: 0 })
[nav-follow] here=WorldTile { x: 2978, z: 3299, level: 0 } walk=true transport=false leg=0 hops=5 outcome=None
[host] hitch liveheuv0v_0: observe_us=21903 paints=5104 skips=0 ticks=198
[nav-walk] here=WorldTile { x: 2978, z: 3297, level: 0 } aim=WorldTile { x: 2981, z: 3290, level: 0 } radius=0 ticks_waited=5 sent_tile=Some(WorldTile { x: 2986, z: 3306, level: 0 })
[nav-follow] here=WorldTile { x: 2978, z: 3297, level: 0 } walk=true transport=false leg=0 hops=5 outcome=None
[host] hitch liveheuv0v_0: observe_us=23147 paints=5130 skips=0 ticks=199
[host] slot liveheuv0v_0: d_loop_us=907 d_raster_us=138952 d_observe_us=82416 max_observe_us=23147 d_paints=50 d_skips=0 d_ticks=2 window_ms=1160
[panel] liveheuv0v_0: liveheuv0v_0: scene 1
[panel] liveheuv0v_0: liveheuv0v_0: ingame
[panel] liveheuv0v_0: liveheuv0v_0: scene 2
[nav-walk] here=WorldTile { x: 2979, z: 3293, level: 0 } aim=WorldTile { x: 2981, z: 3290, level: 0 } radius=0 ticks_waited=6 sent_tile=Some(WorldTile { x: 2986, z: 3306, level: 0 })
[nav-follow] here=WorldTile { x: 2979, z: 3293, level: 0 } walk=true transport=false leg=0 hops=5 outcome=None
[host] hitch liveheuv0v_0: observe_us=20443 paints=5182 skips=0 ticks=201
[host] slot liveheuv0v_0: d_loop_us=12700 d_raster_us=141571 d_observe_us=94745 max_observe_us=20443 d_paints=50 d_skips=0 d_ticks=2 window_ms=1158
[nav-walk] here=WorldTile { x: 2980, z: 3291, level: 0 } aim=WorldTile { x: 2981, z: 3290, level: 0 } radius=0 ticks_waited=7 sent_tile=Some(WorldTile { x: 2986, z: 3306, level: 0 })
[nav-follow] here=WorldTile { x: 2980, z: 3291, level: 0 } walk=true transport=false leg=0 hops=5 outcome=None
[host] hitch liveheuv0v_0: observe_us=19589 paints=5207 skips=0 ticks=202
[nav-walk] here=WorldTile { x: 2981, z: 3290, level: 0 } aim=WorldTile { x: 2981, z: 3290, level: 0 } radius=0 ticks_waited=8 sent_tile=Some(WorldTile { x: 2986, z: 3306, level: 0 })
[nav-follow] here=WorldTile { x: 2981, z: 3290, level: 0 } walk=false transport=false leg=1 hops=5 outcome=Some(Arrived { at: WorldTile { x: 2981, z: 3290, level: 0 } })
[host] hitch liveheuv0v_0: observe_us=19125 paints=5233 skips=0 ticks=203
live script_mule_crafter: running step 28/28
[host] slot liveheuv0v_0: d_loop_us=786 d_raster_us=137677 d_observe_us=74606 max_observe_us=19589 d_paints=50 d_skips=0 d_ticks=2 window_ms=1160
[script liveheuv0v_0] interact WalkNear { x: 2983, z: 3288, level: 0, radius: 1, allow_teleports: false }
[nav-follow] here=WorldTile { x: 2981, z: 3290, level: 0 } walk=true transport=false leg=0 hops=1 outcome=None
[host] slot liveheuv0v_0: d_loop_us=785 d_raster_us=150592 d_observe_us=60586 max_observe_us=11702 d_paints=50 d_skips=0 d_ticks=2 window_ms=1161
[nav-walk] here=WorldTile { x: 2982, z: 3289, level: 0 } aim=WorldTile { x: 2982, z: 3289, level: 0 } radius=0 ticks_waited=0 sent_tile=Some(WorldTile { x: 2981, z: 3290, level: 0 })
[nav-follow] here=WorldTile { x: 2982, z: 3289, level: 0 } walk=false transport=false leg=1 hops=1 outcome=Some(Arrived { at: WorldTile { x: 2982, z: 3289, level: 0 } })
[host] hitch liveheuv0v_0: observe_us=18950 paints=5311 skips=0 ticks=206
[script liveheuv0v_0] using the Air talisman on the mysterious ruins
[script liveheuv0v_0] interact UseOn { name: "Air talisman", kind: "loc", target_name: Some("Mysterious ruins"), x: 2984, z: 3291, level: 0, index: None, source_item_id: Some(1438), source_item_slot: Some(0), target_item_id: None, target_item_slot: None }
[panel] liveheuv0v_0: script: using the Air talisman on the mysterious ruins
[host] hitch liveheuv0v_0: observe_us=18810 paints=5336 skips=0 ticks=207
[host] slot liveheuv0v_0: d_loop_us=950 d_raster_us=146963 d_observe_us=72781 max_observe_us=18950 d_paints=50 d_skips=0 d_ticks=2 window_ms=1167
[host] hitch liveheuv0v_0: observe_us=20914 paints=5362 skips=0 ticks=208
[host] slot liveheuv0v_0: d_loop_us=1000 d_raster_us=159044 d_observe_us=72322 max_observe_us=20914 d_paints=50 d_skips=0 d_ticks=2 window_ms=1155
[panel] liveheuv0v_0: liveheuv0v_0: scene 1
[panel] liveheuv0v_0: liveheuv0v_0: ingame
[panel] liveheuv0v_0: liveheuv0v_0: scene 2
[host] slot liveheuv0v_0: d_loop_us=7858 d_raster_us=134245 d_observe_us=64299 max_observe_us=8621 d_paints=50 d_skips=0 d_ticks=2 window_ms=1161
[script liveheuv0v_0] entered the altar
[panel] liveheuv0v_0: script: entered the altar
[script liveheuv0v_0] crafting 27 essence at the altar
[script liveheuv0v_0] interact Loc { x: 2843, z: 4833, level: 0, action: "Craft-rune", id: Some(2478) }
[panel] liveheuv0v_0: script: crafting 27 essence at the altar
[host] slot liveheuv0v_0: d_loop_us=695 d_raster_us=118019 d_observe_us=45684 max_observe_us=12025 d_paints=50 d_skips=0 d_ticks=2 window_ms=1154
[host] slot liveheuv0v_0: d_loop_us=804 d_raster_us=116579 d_observe_us=47502 max_observe_us=10531 d_paints=50 d_skips=0 d_ticks=2 window_ms=1176
[panel] scenario capture requested: mule_crafter
[host] hitch liveheuv0v_0: observe_us=57084 paints=5568 skips=0 ticks=216
[panel] capture readback requested: 1
[script liveheuv0v_0] crafted 27 Air runes - exiting temple
[script liveheuv0v_0] taking the portal back to the ruins
[script liveheuv0v_0] interact Loc { x: 2841, z: 4828, level: 0, action: "Use", id: Some(2465) }
[host] slot liveheuv0v_0: d_loop_us=794 d_raster_us=123280 d_observe_us=87107 max_observe_us=57084 d_paints=50 d_skips=0 d_ticks=2 window_ms=1214
[panel] shot mule_crafter -> /Users/acfrazier/experiments/274bot/.worktrees/rs2b0t-multirevision/docs/compat/evidence/catalog-headed/r289-mule-crafter-8e7d965b-9cc6adb1-gpu/shots/2026-09-11T10-25-50_45874/2026-09-11T10-28-06_mule_crafter.png
[panel] liveheuv0v_0: script: crafted 27 Air runes - exiting temple
[panel] liveheuv0v_0: script: taking the portal back to the ruins
PASS: live script_mule_crafter {"scenario":"mule_crafter","outcome":"PASS","predicate":"has_item_id(556)>=1","ticks":257,"elapsed_ms":135678,"tile":[2843,4832,0],"inv":[{"id":1438,"name":"Air talisman","count":1},{"id":556,"name":"Air rune","count":27}],"stat":{"runenergy":18},"chat":[{"text":"You bind the temple's power into Air Runes."},{"text":"You feel a powerful force take hold of you..."},{"text":"You hold the Air Talisman towards the mysterious ruins."},{"text":"You step through the portal..."},{"text":"Congratulations, you just advanced a runecraft level."},{"text":"You bind the temple's power into Air Runes."},{"text":"You feel a powerful force take hold of you..."},{"text":"You hold the Air Talisman towards the mysterious ruins."},{"text":"Inventory wiped."},{"text":"Welcome to RuneScape."}],"scene":2}
[script liveheuv0v_0] interact Loc { x: 2841, z: 4828, level: 0, action: "Use", id: Some(2465) }
[script liveheuv0v_0] interact Loc { x: 2841, z: 4828, level: 0, action: "Use", id: Some(2465) }
[host] slot liveheuv0v_0: d_loop_us=807 d_raster_us=127735 d_observe_us=34549 max_observe_us=5119 d_paints=50 d_skips=0 d_ticks=2 window_ms=1170
[script liveheuv0v_0] interact ContinueDialog
[script liveheuv0v_0] interact Loc { x: 2841, z: 4828, level: 0, action: "Use", id: Some(2465) }
[host] slot liveheuv0v_0: d_loop_us=927 d_raster_us=156770 d_observe_us=44949 max_observe_us=7797 d_paints=50 d_skips=0 d_ticks=2 window_ms=1142
[script liveheuv0v_0] interact Loc { x: 2841, z: 4828, level: 0, action: "Use", id: Some(2465) }
[host] slot liveheuv0v_0: d_loop_us=832 d_raster_us=147692 d_observe_us=54777 max_observe_us=12490 d_paints=50 d_skips=0 d_ticks=2 window_ms=1155
[script liveheuv0v_0] interact Loc { x: 2841, z: 4828, level: 0, action: "Use", id: Some(2465) }
[panel] liveheuv0v_0: liveheuv0v_0: scene 1
[panel] liveheuv0v_0: liveheuv0v_0: ingame
[panel] liveheuv0v_0: liveheuv0v_0: scene 2
[host] slot liveheuv0v_0: d_loop_us=13221 d_raster_us=158801 d_observe_us=53962 max_observe_us=4950 d_paints=50 d_skips=0 d_ticks=2 window_ms=1154
[host] hitch liveheuv0v_0: observe_us=18548 paints=5800 skips=0 ticks=225
[script liveheuv0v_0] back at the mysterious ruins
[panel] liveheuv0v_0: script: back at the mysterious ruins
[script liveheuv0v_0] interact WalkNear { x: 3013, z: 3355, level: 0, radius: 3, allow_teleports: false }
[host] slot liveheuv0v_0: d_loop_us=730 d_raster_us=143659 d_observe_us=59476 max_observe_us=18548 d_paints=50 d_skips=0 d_ticks=1 window_ms=1161
[nav-follow] here=WorldTile { x: 2983, z: 3288, level: 0 } walk=true transport=false leg=0 hops=1 outcome=None
[nav-walk] here=WorldTile { x: 2983, z: 3290, level: 0 } aim=WorldTile { x: 2988, z: 3301, level: 0 } radius=2 ticks_waited=0 sent_tile=Some(WorldTile { x: 2983, z: 3288, level: 0 })
[nav-follow] here=WorldTile { x: 2983, z: 3290, level: 0 } walk=true transport=false leg=0 hops=1 outcome=None
[host] hitch liveheuv0v_0: observe_us=18270 paints=5877 skips=0 ticks=228
[host] slot liveheuv0v_0: d_loop_us=757 d_raster_us=145878 d_observe_us=61765 max_observe_us=18270 d_paints=50 d_skips=0 d_ticks=2 window_ms=1159
[nav-walk] here=WorldTile { x: 2983, z: 3292, level: 0 } aim=WorldTile { x: 2988, z: 3301, level: 0 } radius=2 ticks_waited=1 sent_tile=Some(WorldTile { x: 2983, z: 3288, level: 0 })
[nav-follow] here=WorldTile { x: 2983, z: 3292, level: 0 } walk=true transport=false leg=0 hops=1 outcome=None
[host] hitch liveheuv0v_0: observe_us=19298 paints=5903 skips=0 ticks=229
[nav-walk] here=WorldTile { x: 2983, z: 3294, level: 0 } aim=WorldTile { x: 2988, z: 3301, level: 0 } radius=2 ticks_waited=2 sent_tile=Some(WorldTile { x: 2983, z: 3288, level: 0 })
[nav-follow] here=WorldTile { x: 2983, z: 3294, level: 0 } walk=true transport=false leg=0 hops=1 outcome=None
[host] hitch liveheuv0v_0: observe_us=19507 paints=5929 skips=0 ticks=230
[host] slot liveheuv0v_0: d_loop_us=780 d_raster_us=151491 d_observe_us=71997 max_observe_us=19507 d_paints=50 d_skips=0 d_ticks=2 window_ms=1164
[nav-walk] here=WorldTile { x: 2985, z: 3294, level: 0 } aim=WorldTile { x: 2988, z: 3301, level: 0 } radius=2 ticks_waited=3 sent_tile=Some(WorldTile { x: 2983, z: 3288, level: 0 })
[nav-follow] here=WorldTile { x: 2985, z: 3294, level: 0 } walk=true transport=false leg=0 hops=1 outcome=None
[host] hitch liveheuv0v_0: observe_us=20772 paints=5955 skips=0 ticks=231
[nav-walk] here=WorldTile { x: 2985, z: 3296, level: 0 } aim=WorldTile { x: 2988, z: 3301, level: 0 } radius=2 ticks_waited=4 sent_tile=Some(WorldTile { x: 2983, z: 3288, level: 0 })
[nav-follow] here=WorldTile { x: 2985, z: 3296, level: 0 } walk=true transport=false leg=0 hops=1 outcome=None
[host] hitch liveheuv0v_0: observe_us=19994 paints=5981 skips=0 ticks=232
[host] slot liveheuv0v_0: d_loop_us=991 d_raster_us=151072 d_observe_us=76614 max_observe_us=20772 d_paints=50 d_skips=0 d_ticks=2 window_ms=1163
[nav-walk] here=WorldTile { x: 2986, z: 3298, level: 0 } aim=WorldTile { x: 2988, z: 3301, level: 0 } radius=2 ticks_waited=5 sent_tile=Some(WorldTile { x: 2983, z: 3288, level: 0 })
[nav-follow] here=WorldTile { x: 2986, z: 3298, level: 0 } walk=true transport=false leg=0 hops=1 outcome=None
[host] hitch liveheuv0v_0: observe_us=18439 paints=6006 skips=0 ticks=233
[nav-walk] here=WorldTile { x: 2987, z: 3300, level: 0 } aim=WorldTile { x: 2988, z: 3301, level: 0 } radius=2 ticks_waited=6 sent_tile=Some(WorldTile { x: 2983, z: 3288, level: 0 })
[nav-follow] here=WorldTile { x: 2987, z: 3300, level: 0 } walk=true transport=false leg=0 hops=2 outcome=None
[host] hitch liveheuv0v_0: observe_us=22858 paints=6032 skips=0 ticks=234
[host] slot liveheuv0v_0: d_loop_us=858 d_raster_us=139656 d_observe_us=70934 max_observe_us=22858 d_paints=50 d_skips=0 d_ticks=2 window_ms=1173
[nav-walk] here=WorldTile { x: 2987, z: 3302, level: 0 } aim=WorldTile { x: 2998, z: 3317, level: 0 } radius=2 ticks_waited=0 sent_tile=Some(WorldTile { x: 2987, z: 3300, level: 0 })
[nav-follow] here=WorldTile { x: 2987, z: 3302, level: 0 } walk=true transport=false leg=0 hops=2 outcome=None
[host] hitch liveheuv0v_0: observe_us=18372 paints=6057 skips=0 ticks=235
[nav-walk] here=WorldTile { x: 2987, z: 3304, level: 0 } aim=WorldTile { x: 2998, z: 3317, level: 0 } radius=2 ticks_waited=1 sent_tile=Some(WorldTile { x: 2987, z: 3300, level: 0 })
[nav-follow] here=WorldTile { x: 2987, z: 3304, level: 0 } walk=true transport=false leg=0 hops=2 outcome=None
[host] hitch liveheuv0v_0: observe_us=19862 paints=6084 skips=0 ticks=236
[host] slot liveheuv0v_0: d_loop_us=942 d_raster_us=143108 d_observe_us=73123 max_observe_us=19862 d_paints=50 d_skips=0 d_ticks=2 window_ms=1152
[nav-walk] here=WorldTile { x: 2987, z: 3306, level: 0 } aim=WorldTile { x: 2998, z: 3317, level: 0 } radius=2 ticks_waited=2 sent_tile=Some(WorldTile { x: 2987, z: 3300, level: 0 })
[nav-follow] here=WorldTile { x: 2987, z: 3306, level: 0 } walk=true transport=false leg=0 hops=2 outcome=None
[host] hitch liveheuv0v_0: observe_us=18752 paints=6110 skips=0 ticks=237
[nav-walk] here=WorldTile { x: 2989, z: 3308, level: 0 } aim=WorldTile { x: 2998, z: 3317, level: 0 } radius=2 ticks_waited=3 sent_tile=Some(WorldTile { x: 2987, z: 3300, level: 0 })
[nav-follow] here=WorldTile { x: 2989, z: 3308, level: 0 } walk=true transport=false leg=0 hops=2 outcome=None
[host] hitch liveheuv0v_0: observe_us=20811 paints=6136 skips=0 ticks=238
[host] slot liveheuv0v_0: d_loop_us=865 d_raster_us=135044 d_observe_us=73113 max_observe_us=20811 d_paints=50 d_skips=0 d_ticks=2 window_ms=1149
[nav-walk] here=WorldTile { x: 2991, z: 3310, level: 0 } aim=WorldTile { x: 2998, z: 3317, level: 0 } radius=2 ticks_waited=4 sent_tile=Some(WorldTile { x: 2987, z: 3300, level: 0 })
[nav-follow] here=WorldTile { x: 2991, z: 3310, level: 0 } walk=true transport=false leg=0 hops=2 outcome=None
[host] hitch liveheuv0v_0: observe_us=20485 paints=6162 skips=0 ticks=239
[nav-walk] here=WorldTile { x: 2993, z: 3312, level: 0 } aim=WorldTile { x: 2998, z: 3317, level: 0 } radius=2 ticks_waited=5 sent_tile=Some(WorldTile { x: 2987, z: 3300, level: 0 })
[nav-follow] here=WorldTile { x: 2993, z: 3312, level: 0 } walk=true transport=false leg=0 hops=2 outcome=None
[host] hitch liveheuv0v_0: observe_us=18604 paints=6187 skips=0 ticks=240
[host] slot liveheuv0v_0: d_loop_us=1035 d_raster_us=132489 d_observe_us=76167 max_observe_us=20485 d_paints=50 d_skips=0 d_ticks=2 window_ms=1170
[nav-walk] here=WorldTile { x: 2995, z: 3314, level: 0 } aim=WorldTile { x: 2998, z: 3317, level: 0 } radius=2 ticks_waited=6 sent_tile=Some(WorldTile { x: 2987, z: 3300, level: 0 })
[nav-follow] here=WorldTile { x: 2995, z: 3314, level: 0 } walk=true transport=false leg=0 hops=2 outcome=None
[nav-walk] here=WorldTile { x: 2997, z: 3316, level: 0 } aim=WorldTile { x: 2998, z: 3317, level: 0 } radius=2 ticks_waited=7 sent_tile=Some(WorldTile { x: 2987, z: 3300, level: 0 })
[nav-follow] here=WorldTile { x: 2997, z: 3316, level: 0 } walk=true transport=false leg=0 hops=3 outcome=None
[host] hitch liveheuv0v_0: observe_us=18583 paints=6239 skips=0 ticks=242
[host] slot liveheuv0v_0: d_loop_us=1107 d_raster_us=133983 d_observe_us=62858 max_observe_us=18583 d_paints=50 d_skips=0 d_ticks=2 window_ms=1162
[nav-walk] here=WorldTile { x: 2999, z: 3316, level: 0 } aim=WorldTile { x: 3011, z: 3331, level: 0 } radius=2 ticks_waited=0 sent_tile=Some(WorldTile { x: 2997, z: 3316, level: 0 })
[nav-follow] here=WorldTile { x: 2999, z: 3316, level: 0 } walk=true transport=false leg=0 hops=3 outcome=None
[host] hitch liveheuv0v_0: observe_us=16142 paints=6264 skips=0 ticks=243
[nav-walk] here=WorldTile { x: 3001, z: 3318, level: 0 } aim=WorldTile { x: 3011, z: 3331, level: 0 } radius=2 ticks_waited=1 sent_tile=Some(WorldTile { x: 2997, z: 3316, level: 0 })
[nav-follow] here=WorldTile { x: 3001, z: 3318, level: 0 } walk=true transport=false leg=0 hops=3 outcome=None
[host] hitch liveheuv0v_0: observe_us=20263 paints=6291 skips=0 ticks=244
[host] slot liveheuv0v_0: d_loop_us=1057 d_raster_us=139541 d_observe_us=72508 max_observe_us=20263 d_paints=50 d_skips=0 d_ticks=2 window_ms=1153
[nav-walk] here=WorldTile { x: 3003, z: 3320, level: 0 } aim=WorldTile { x: 3011, z: 3331, level: 0 } radius=2 ticks_waited=2 sent_tile=Some(WorldTile { x: 2997, z: 3316, level: 0 })
[nav-follow] here=WorldTile { x: 3003, z: 3320, level: 0 } walk=true transport=false leg=0 hops=3 outcome=None
[host] hitch liveheuv0v_0: observe_us=18026 paints=6317 skips=0 ticks=245
[nav-walk] here=WorldTile { x: 3005, z: 3322, level: 0 } aim=WorldTile { x: 3011, z: 3331, level: 0 } radius=2 ticks_waited=3 sent_tile=Some(WorldTile { x: 2997, z: 3316, level: 0 })
[nav-follow] here=WorldTile { x: 3005, z: 3322, level: 0 } walk=true transport=false leg=0 hops=3 outcome=None
[host] hitch liveheuv0v_0: observe_us=18475 paints=6343 skips=0 ticks=246
[host] slot liveheuv0v_0: d_loop_us=1064 d_raster_us=137336 d_observe_us=68542 max_observe_us=18475 d_paints=50 d_skips=0 d_ticks=2 window_ms=1146
[nav-walk] here=WorldTile { x: 3007, z: 3324, level: 0 } aim=WorldTile { x: 3011, z: 3331, level: 0 } radius=2 ticks_waited=4 sent_tile=Some(WorldTile { x: 2997, z: 3316, level: 0 })
[nav-follow] here=WorldTile { x: 3007, z: 3324, level: 0 } walk=true transport=false leg=0 hops=3 outcome=None
[host] hitch liveheuv0v_0: observe_us=16631 paints=6369 skips=0 ticks=247
[nav-walk] here=WorldTile { x: 3009, z: 3326, level: 0 } aim=WorldTile { x: 3011, z: 3331, level: 0 } radius=2 ticks_waited=5 sent_tile=Some(WorldTile { x: 2997, z: 3316, level: 0 })
[nav-follow] here=WorldTile { x: 3009, z: 3326, level: 0 } walk=true transport=false leg=0 hops=3 outcome=None
[host] hitch liveheuv0v_0: observe_us=17394 paints=6395 skips=0 ticks=248
[host] slot liveheuv0v_0: d_loop_us=1072 d_raster_us=155470 d_observe_us=65538 max_observe_us=17394 d_paints=50 d_skips=0 d_ticks=2 window_ms=1148
[panel] liveheuv0v_0: liveheuv0v_0: scene 1
[panel] liveheuv0v_0: liveheuv0v_0: ingame
[panel] liveheuv0v_0: liveheuv0v_0: scene 2
[nav-walk] here=WorldTile { x: 3011, z: 3330, level: 0 } aim=WorldTile { x: 3011, z: 3331, level: 0 } radius=2 ticks_waited=6 sent_tile=Some(WorldTile { x: 2997, z: 3316, level: 0 })
[nav-follow] here=WorldTile { x: 3011, z: 3330, level: 0 } walk=true transport=false leg=0 hops=4 outcome=None
[host] hitch liveheuv0v_0: observe_us=20546 paints=6447 skips=0 ticks=250
[host] slot liveheuv0v_0: d_loop_us=10364 d_raster_us=182816 d_observe_us=79141 max_observe_us=20546 d_paints=50 d_skips=0 d_ticks=2 window_ms=1161
[nav-walk] here=WorldTile { x: 3010, z: 3332, level: 0 } aim=WorldTile { x: 3011, z: 3347, level: 0 } radius=2 ticks_waited=0 sent_tile=Some(WorldTile { x: 3011, z: 3330, level: 0 })
[nav-follow] here=WorldTile { x: 3010, z: 3332, level: 0 } walk=true transport=false leg=0 hops=4 outcome=None
[host] hitch liveheuv0v_0: observe_us=19954 paints=6472 skips=0 ticks=251
[nav-walk] here=WorldTile { x: 3008, z: 3334, level: 0 } aim=WorldTile { x: 3011, z: 3347, level: 0 } radius=2 ticks_waited=1 sent_tile=Some(WorldTile { x: 3011, z: 3330, level: 0 })
[nav-follow] here=WorldTile { x: 3008, z: 3334, level: 0 } walk=true transport=false leg=0 hops=4 outcome=None
[host] hitch liveheuv0v_0: observe_us=16503 paints=6498 skips=0 ticks=252
[host] slot liveheuv0v_0: d_loop_us=1107 d_raster_us=180666 d_observe_us=67602 max_observe_us=19954 d_paints=50 d_skips=0 d_ticks=2 window_ms=1157
[nav-walk] here=WorldTile { x: 3008, z: 3336, level: 0 } aim=WorldTile { x: 3011, z: 3347, level: 0 } radius=2 ticks_waited=2 sent_tile=Some(WorldTile { x: 3011, z: 3330, level: 0 })
[nav-follow] here=WorldTile { x: 3008, z: 3336, level: 0 } walk=true transport=false leg=0 hops=4 outcome=None
[host] hitch liveheuv0v_0: observe_us=19604 paints=6524 skips=0 ticks=253
[host] slot liveheuv0v_0: d_loop_us=1089 d_raster_us=169186 d_observe_us=52244 max_observe_us=19604 d_paints=50 d_skips=0 d_ticks=2 window_ms=1167
[nav-walk] here=WorldTile { x: 3008, z: 3338, level: 0 } aim=WorldTile { x: 3011, z: 3347, level: 0 } radius=2 ticks_waited=3 sent_tile=Some(WorldTile { x: 3011, z: 3330, level: 0 })
[nav-follow] here=WorldTile { x: 3008, z: 3338, level: 0 } walk=true transport=false leg=0 hops=4 outcome=None
[host] hitch liveheuv0v_0: observe_us=20444 paints=6550 skips=0 ticks=254
[nav-walk] here=WorldTile { x: 3008, z: 3339, level: 0 } aim=WorldTile { x: 3011, z: 3347, level: 0 } radius=2 ticks_waited=4 sent_tile=Some(WorldTile { x: 3011, z: 3330, level: 0 })
[nav-follow] here=WorldTile { x: 3008, z: 3339, level: 0 } walk=true transport=false leg=0 hops=4 outcome=None
[host] hitch liveheuv0v_0: observe_us=20982 paints=6576 skips=0 ticks=255
[host] slot liveheuv0v_0: d_loop_us=1193 d_raster_us=164771 d_observe_us=73177 max_observe_us=20982 d_paints=50 d_skips=0 d_ticks=1 window_ms=1164
[nav-walk] here=WorldTile { x: 3008, z: 3340, level: 0 } aim=WorldTile { x: 3011, z: 3347, level: 0 } radius=2 ticks_waited=5 sent_tile=Some(WorldTile { x: 3011, z: 3330, level: 0 })
[nav-follow] here=WorldTile { x: 3008, z: 3340, level: 0 } walk=true transport=false leg=0 hops=4 outcome=None
[host] hitch liveheuv0v_0: observe_us=20634 paints=6602 skips=0 ticks=256
[nav-walk] here=WorldTile { x: 3008, z: 3341, level: 0 } aim=WorldTile { x: 3011, z: 3347, level: 0 } radius=2 ticks_waited=6 sent_tile=Some(WorldTile { x: 3011, z: 3330, level: 0 })
[nav-follow] here=WorldTile { x: 3008, z: 3341, level: 0 } walk=true transport=false leg=0 hops=4 outcome=None
[host] hitch liveheuv0v_0: observe_us=20601 paints=6627 skips=0 ticks=257
[host] slot liveheuv0v_0: d_loop_us=1056 d_raster_us=159842 d_observe_us=72894 max_observe_us=20634 d_paints=50 d_skips=0 d_ticks=2 window_ms=1157
[nav-walk] here=WorldTile { x: 3008, z: 3342, level: 0 } aim=WorldTile { x: 3011, z: 3347, level: 0 } radius=2 ticks_waited=7 sent_tile=Some(WorldTile { x: 3011, z: 3330, level: 0 })
[nav-follow] here=WorldTile { x: 3008, z: 3342, level: 0 } walk=true transport=false leg=0 hops=4 outcome=None
[host] hitch liveheuv0v_0: observe_us=16345 paints=6653 skips=0 ticks=258
[nav-walk] here=WorldTile { x: 3008, z: 3343, level: 0 } aim=WorldTile { x: 3011, z: 3347, level: 0 } radius=2 ticks_waited=8 sent_tile=Some(WorldTile { x: 3011, z: 3330, level: 0 })
[nav-follow] here=WorldTile { x: 3008, z: 3343, level: 0 } walk=true transport=false leg=0 hops=4 outcome=None
[host] hitch liveheuv0v_0: observe_us=20772 paints=6680 skips=0 ticks=259
[host] slot liveheuv0v_0: d_loop_us=1172 d_raster_us=150278 d_observe_us=65852 max_observe_us=20772 d_paints=50 d_skips=0 d_ticks=2 window_ms=1155
[nav-walk] here=WorldTile { x: 3008, z: 3344, level: 0 } aim=WorldTile { x: 3011, z: 3347, level: 0 } radius=2 ticks_waited=9 sent_tile=Some(WorldTile { x: 3011, z: 3330, level: 0 })
[nav-follow] here=WorldTile { x: 3008, z: 3344, level: 0 } walk=true transport=false leg=0 hops=4 outcome=None
[host] hitch liveheuv0v_0: observe_us=19708 paints=6705 skips=0 ticks=260
[nav-walk] here=WorldTile { x: 3009, z: 3345, level: 0 } aim=WorldTile { x: 3011, z: 3347, level: 0 } radius=2 ticks_waited=10 sent_tile=Some(WorldTile { x: 3011, z: 3330, level: 0 })
[nav-follow] here=WorldTile { x: 3009, z: 3345, level: 0 } walk=true transport=false leg=0 hops=5 outcome=None
[host] hitch liveheuv0v_0: observe_us=19645 paints=6731 skips=0 ticks=261
[host] slot liveheuv0v_0: d_loop_us=1157 d_raster_us=162442 d_observe_us=72551 max_observe_us=19708 d_paints=50 d_skips=0 d_ticks=2 window_ms=1159
[nav-walk] here=WorldTile { x: 3009, z: 3346, level: 0 } aim=WorldTile { x: 3010, z: 3352, level: 0 } radius=0 ticks_waited=0 sent_tile=Some(WorldTile { x: 3009, z: 3345, level: 0 })
[nav-follow] here=WorldTile { x: 3009, z: 3346, level: 0 } walk=true transport=false leg=0 hops=5 outcome=None
[host] hitch liveheuv0v_0: observe_us=20266 paints=6757 skips=0 ticks=262
[nav-walk] here=WorldTile { x: 3009, z: 3347, level: 0 } aim=WorldTile { x: 3010, z: 3352, level: 0 } radius=0 ticks_waited=1 sent_tile=Some(WorldTile { x: 3009, z: 3345, level: 0 })
[nav-follow] here=WorldTile { x: 3009, z: 3347, level: 0 } walk=true transport=false leg=0 hops=5 outcome=None
[host] hitch liveheuv0v_0: observe_us=21231 paints=6783 skips=0 ticks=263
[host] slot liveheuv0v_0: d_loop_us=1041 d_raster_us=154924 d_observe_us=73815 max_observe_us=21231 d_paints=50 d_skips=0 d_ticks=2 window_ms=1165
[nav-walk] here=WorldTile { x: 3009, z: 3348, level: 0 } aim=WorldTile { x: 3010, z: 3352, level: 0 } radius=0 ticks_waited=2 sent_tile=Some(WorldTile { x: 3009, z: 3345, level: 0 })
[nav-follow] here=WorldTile { x: 3009, z: 3348, level: 0 } walk=true transport=false leg=0 hops=5 outcome=None
[host] hitch liveheuv0v_0: observe_us=20794 paints=6809 skips=0 ticks=264
[nav-walk] here=WorldTile { x: 3009, z: 3349, level: 0 } aim=WorldTile { x: 3010, z: 3352, level: 0 } radius=0 ticks_waited=3 sent_tile=Some(WorldTile { x: 3009, z: 3345, level: 0 })
[nav-follow] here=WorldTile { x: 3009, z: 3349, level: 0 } walk=true transport=false leg=0 hops=5 outcome=None
[host] hitch liveheuv0v_0: observe_us=20425 paints=6835 skips=0 ticks=265
[host] slot liveheuv0v_0: d_loop_us=1090 d_raster_us=157541 d_observe_us=72176 max_observe_us=20794 d_paints=50 d_skips=0 d_ticks=2 window_ms=1159
[nav-walk] here=WorldTile { x: 3009, z: 3350, level: 0 } aim=WorldTile { x: 3010, z: 3352, level: 0 } radius=0 ticks_waited=4 sent_tile=Some(WorldTile { x: 3009, z: 3345, level: 0 })
[nav-follow] here=WorldTile { x: 3009, z: 3350, level: 0 } walk=true transport=false leg=0 hops=5 outcome=None
[host] hitch liveheuv0v_0: observe_us=17851 paints=6860 skips=0 ticks=266
[nav-walk] here=WorldTile { x: 3009, z: 3351, level: 0 } aim=WorldTile { x: 3010, z: 3352, level: 0 } radius=0 ticks_waited=5 sent_tile=Some(WorldTile { x: 3009, z: 3345, level: 0 })
[nav-follow] here=WorldTile { x: 3009, z: 3351, level: 0 } walk=true transport=false leg=0 hops=5 outcome=None
[host] hitch liveheuv0v_0: observe_us=21043 paints=6886 skips=0 ticks=267
[host] slot liveheuv0v_0: d_loop_us=1089 d_raster_us=155150 d_observe_us=70391 max_observe_us=21043 d_paints=50 d_skips=0 d_ticks=2 window_ms=1161
[nav-walk] here=WorldTile { x: 3010, z: 3352, level: 0 } aim=WorldTile { x: 3010, z: 3352, level: 0 } radius=0 ticks_waited=6 sent_tile=Some(WorldTile { x: 3009, z: 3345, level: 0 })
[nav-follow] here=WorldTile { x: 3010, z: 3352, level: 0 } walk=false transport=false leg=1 hops=5 outcome=Some(Arrived { at: WorldTile { x: 3010, z: 3352, level: 0 } })
[host] hitch liveheuv0v_0: observe_us=22419 paints=6912 skips=0 ticks=268
[script liveheuv0v_0] interact WalkNear { x: 3013, z: 3355, level: 0, radius: 1, allow_teleports: false }
[nav-follow] here=WorldTile { x: 3010, z: 3352, level: 0 } walk=true transport=false leg=0 hops=1 outcome=None
[host] slot liveheuv0v_0: d_loop_us=1154 d_raster_us=150982 d_observe_us=67310 max_observe_us=22419 d_paints=50 d_skips=0 d_ticks=2 window_ms=1161
[nav-walk] here=WorldTile { x: 3009, z: 3352, level: 0 } aim=WorldTile { x: 3013, z: 3355, level: 0 } radius=0 ticks_waited=0 sent_tile=Some(WorldTile { x: 3010, z: 3352, level: 0 })
[nav-follow] here=WorldTile { x: 3009, z: 3352, level: 0 } walk=true transport=false leg=0 hops=1 outcome=None
[host] hitch liveheuv0v_0: observe_us=20068 paints=6964 skips=0 ticks=270
[nav-walk] here=WorldTile { x: 3008, z: 3352, level: 0 } aim=WorldTile { x: 3013, z: 3355, level: 0 } radius=0 ticks_waited=1 sent_tile=Some(WorldTile { x: 3010, z: 3352, level: 0 })
[nav-follow] here=WorldTile { x: 3008, z: 3352, level: 0 } walk=true transport=false leg=0 hops=1 outcome=None
[host] hitch liveheuv0v_0: observe_us=20106 paints=6990 skips=0 ticks=271
[host] slot liveheuv0v_0: d_loop_us=1038 d_raster_us=157905 d_observe_us=71693 max_observe_us=20106 d_paints=50 d_skips=0 d_ticks=2 window_ms=1155
[nav-walk] here=WorldTile { x: 3008, z: 3353, level: 0 } aim=WorldTile { x: 3013, z: 3355, level: 0 } radius=0 ticks_waited=2 sent_tile=Some(WorldTile { x: 3010, z: 3352, level: 0 })
[nav-follow] here=WorldTile { x: 3008, z: 3353, level: 0 } walk=true transport=false leg=0 hops=1 outcome=None
[host] hitch liveheuv0v_0: observe_us=21445 paints=7016 skips=0 ticks=272
[nav-walk] here=WorldTile { x: 3008, z: 3354, level: 0 } aim=WorldTile { x: 3013, z: 3355, level: 0 } radius=0 ticks_waited=3 sent_tile=Some(WorldTile { x: 3010, z: 3352, level: 0 })
[nav-follow] here=WorldTile { x: 3008, z: 3354, level: 0 } walk=true transport=false leg=0 hops=1 outcome=None
[host] hitch liveheuv0v_0: observe_us=20695 paints=7041 skips=0 ticks=273
[host] slot liveheuv0v_0: d_loop_us=1052 d_raster_us=156747 d_observe_us=72877 max_observe_us=21445 d_paints=50 d_skips=0 d_ticks=2 window_ms=1166
[nav-walk] here=WorldTile { x: 3008, z: 3355, level: 0 } aim=WorldTile { x: 3013, z: 3355, level: 0 } radius=0 ticks_waited=4 sent_tile=Some(WorldTile { x: 3010, z: 3352, level: 0 })
[nav-follow] here=WorldTile { x: 3008, z: 3355, level: 0 } walk=true transport=false leg=0 hops=1 outcome=None
[host] hitch liveheuv0v_0: observe_us=20457 paints=7067 skips=0 ticks=274
[nav-walk] here=WorldTile { x: 3008, z: 3356, level: 0 } aim=WorldTile { x: 3013, z: 3355, level: 0 } radius=0 ticks_waited=5 sent_tile=Some(WorldTile { x: 3010, z: 3352, level: 0 })
[nav-follow] here=WorldTile { x: 3008, z: 3356, level: 0 } walk=true transport=false leg=0 hops=1 outcome=None
[host] hitch liveheuv0v_0: observe_us=22361 paints=7093 skips=0 ticks=275
[host] slot liveheuv0v_0: d_loop_us=934 d_raster_us=157376 d_observe_us=77598 max_observe_us=22361 d_paints=50 d_skips=0 d_ticks=2 window_ms=1150
[nav-walk] here=WorldTile { x: 3008, z: 3357, level: 0 } aim=WorldTile { x: 3013, z: 3355, level: 0 } radius=0 ticks_waited=6 sent_tile=Some(WorldTile { x: 3010, z: 3352, level: 0 })
[nav-follow] here=WorldTile { x: 3008, z: 3357, level: 0 } walk=true transport=false leg=0 hops=1 outcome=None
[host] hitch liveheuv0v_0: observe_us=20929 paints=7119 skips=0 ticks=276
[nav-walk] here=WorldTile { x: 3009, z: 3358, level: 0 } aim=WorldTile { x: 3013, z: 3355, level: 0 } radius=0 ticks_waited=7 sent_tile=Some(WorldTile { x: 3010, z: 3352, level: 0 })
[nav-follow] here=WorldTile { x: 3009, z: 3358, level: 0 } walk=true transport=false leg=0 hops=1 outcome=None
[host] hitch liveheuv0v_0: observe_us=17072 paints=7145 skips=0 ticks=277
[host] slot liveheuv0v_0: d_loop_us=881 d_raster_us=148678 d_observe_us=68714 max_observe_us=20929 d_paints=50 d_skips=0 d_ticks=2 window_ms=1161
[nav-walk] here=WorldTile { x: 3010, z: 3359, level: 0 } aim=WorldTile { x: 3013, z: 3355, level: 0 } radius=0 ticks_waited=8 sent_tile=Some(WorldTile { x: 3010, z: 3352, level: 0 })
[nav-follow] here=WorldTile { x: 3010, z: 3359, level: 0 } walk=true transport=false leg=0 hops=1 outcome=None
[host] hitch liveheuv0v_0: observe_us=20014 paints=7170 skips=0 ticks=278
[nav-walk] here=WorldTile { x: 3011, z: 3359, level: 0 } aim=WorldTile { x: 3013, z: 3355, level: 0 } radius=0 ticks_waited=9 sent_tile=Some(WorldTile { x: 3010, z: 3352, level: 0 })
[nav-follow] here=WorldTile { x: 3011, z: 3359, level: 0 } walk=true transport=false leg=0 hops=1 outcome=None
[host] hitch liveheuv0v_0: observe_us=17868 paints=7196 skips=0 ticks=279
[host] slot liveheuv0v_0: d_loop_us=1043 d_raster_us=148316 d_observe_us=67229 max_observe_us=20014 d_paints=50 d_skips=0 d_ticks=2 window_ms=1162
[nav-walk] here=WorldTile { x: 3012, z: 3359, level: 0 } aim=WorldTile { x: 3013, z: 3355, level: 0 } radius=0 ticks_waited=10 sent_tile=Some(WorldTile { x: 3010, z: 3352, level: 0 })
[nav-follow] here=WorldTile { x: 3012, z: 3359, level: 0 } walk=true transport=false leg=0 hops=1 outcome=None
[host] hitch liveheuv0v_0: observe_us=17224 paints=7222 skips=0 ticks=280
[nav-walk] here=WorldTile { x: 3012, z: 3358, level: 0 } aim=WorldTile { x: 3013, z: 3355, level: 0 } radius=0 ticks_waited=11 sent_tile=Some(WorldTile { x: 3010, z: 3352, level: 0 })
[nav-follow] here=WorldTile { x: 3012, z: 3358, level: 0 } walk=true transport=false leg=0 hops=1 outcome=None
[host] hitch liveheuv0v_0: observe_us=20224 paints=7248 skips=0 ticks=281
[host] slot liveheuv0v_0: d_loop_us=904 d_raster_us=153102 d_observe_us=66430 max_observe_us=20224 d_paints=50 d_skips=0 d_ticks=2 window_ms=1162
[nav-walk] here=WorldTile { x: 3012, z: 3357, level: 0 } aim=WorldTile { x: 3013, z: 3355, level: 0 } radius=0 ticks_waited=12 sent_tile=Some(WorldTile { x: 3010, z: 3352, level: 0 })
[nav-follow] here=WorldTile { x: 3012, z: 3357, level: 0 } walk=true transport=false leg=0 hops=1 outcome=None
[host] hitch liveheuv0v_0: observe_us=21259 paints=7274 skips=0 ticks=282
[host] slot liveheuv0v_0: d_loop_us=923 d_raster_us=166541 d_observe_us=54556 max_observe_us=21259 d_paints=50 d_skips=0 d_ticks=2 window_ms=1169
[nav-walk] here=WorldTile { x: 3012, z: 3356, level: 0 } aim=WorldTile { x: 3013, z: 3355, level: 0 } radius=0 ticks_waited=13 sent_tile=Some(WorldTile { x: 3010, z: 3352, level: 0 })
[nav-follow] here=WorldTile { x: 3012, z: 3356, level: 0 } walk=true transport=false leg=0 hops=1 outcome=None
[host] hitch liveheuv0v_0: observe_us=21129 paints=7300 skips=0 ticks=283
[script liveheuv0v_0] interact OpenBooth { x: 3011, z: 3354, level: 0, id: 2213, name: Some("Bank booth"), action: Some("Use-quickly") }
[nav-walk] here=WorldTile { x: 3012, z: 3355, level: 0 } aim=WorldTile { x: 3013, z: 3355, level: 0 } radius=0 ticks_waited=14 sent_tile=Some(WorldTile { x: 3010, z: 3352, level: 0 })
[nav-follow] here=WorldTile { x: 3012, z: 3355, level: 0 } walk=true transport=false leg=0 hops=1 outcome=None
[host] hitch liveheuv0v_0: observe_us=21528 paints=7326 skips=0 ticks=284
[host] slot liveheuv0v_0: d_loop_us=1082 d_raster_us=171923 d_observe_us=75149 max_observe_us=21528 d_paints=50 d_skips=0 d_ticks=1 window_ms=1145
[nav-walk] here=WorldTile { x: 3012, z: 3355, level: 0 } aim=WorldTile { x: 3013, z: 3355, level: 0 } radius=0 ticks_waited=15 sent_tile=Some(WorldTile { x: 3010, z: 3352, level: 0 })
[nav-follow] here=WorldTile { x: 3012, z: 3355, level: 0 } walk=true transport=false leg=0 hops=1 outcome=None
[nav-walk] here=WorldTile { x: 3012, z: 3355, level: 0 } aim=WorldTile { x: 3013, z: 3355, level: 0 } radius=0 ticks_waited=16 sent_tile=Some(WorldTile { x: 3010, z: 3352, level: 0 })
[nav-follow] here=WorldTile { x: 3012, z: 3355, level: 0 } walk=true transport=false leg=0 hops=1 outcome=None
[host] slot liveheuv0v_0: d_loop_us=1015 d_raster_us=175394 d_observe_us=52253 max_observe_us=10329 d_paints=50 d_skips=0 d_ticks=2 window_ms=1160
[nav-walk] here=WorldTile { x: 3012, z: 3355, level: 0 } aim=WorldTile { x: 3013, z: 3355, level: 0 } radius=0 ticks_waited=17 sent_tile=Some(WorldTile { x: 3010, z: 3352, level: 0 })
[nav-follow] here=WorldTile { x: 3012, z: 3355, level: 0 } walk=true transport=false leg=0 hops=1 outcome=None
[nav-walk] here=WorldTile { x: 3012, z: 3355, level: 0 } aim=WorldTile { x: 3013, z: 3355, level: 0 } radius=0 ticks_waited=18 sent_tile=Some(WorldTile { x: 3010, z: 3352, level: 0 })
[nav-follow] here=WorldTile { x: 3012, z: 3355, level: 0 } walk=true transport=false leg=0 hops=1 outcome=None
[host] slot liveheuv0v_0: d_loop_us=948 d_raster_us=159713 d_observe_us=49113 max_observe_us=11723 d_paints=50 d_skips=0 d_ticks=2 window_ms=1130
[nav-walk] here=WorldTile { x: 3012, z: 3355, level: 0 } aim=WorldTile { x: 3013, z: 3355, level: 0 } radius=0 ticks_waited=19 sent_tile=Some(WorldTile { x: 3010, z: 3352, level: 0 })
[nav-follow] here=WorldTile { x: 3012, z: 3355, level: 0 } walk=true transport=false leg=0 hops=1 outcome=None
[nav-walk] here=WorldTile { x: 3012, z: 3355, level: 0 } aim=WorldTile { x: 3013, z: 3355, level: 0 } radius=0 ticks_waited=20 sent_tile=Some(WorldTile { x: 3010, z: 3352, level: 0 })
[nav-follow] here=WorldTile { x: 3012, z: 3355, level: 0 } walk=true transport=false leg=0 hops=1 outcome=None
